scenario,t,pv_pu,wind_pu,pv_MW,wind_MW,pv_curt_MW,wind_curt_MW,grid_import_MW,grid_export_MW,p_el_MW,p_p2a_MW,p_match_MW,h2_prod_kgph,h2_storage_kg,nh3_kgph
1,1,0.000000,0.223000,0.00000000,106.72863180,0.00000000,12.30952022,0.00000000,0.00000000,94.69756566,106.72863180,101.68074366,1745.79450000,26534.11911147,7912.94957600
1,2,0.000000,0.201000,0.00000000,107.29447783,0.00000000,0.00000000,0.00000000,0.00000000,94.69756566,107.29447783,101.68074366,1745.79450000,26553.20778213,9783.03586028
1,3,0.000000,0.196000,0.00000000,104.62546097,0.00000000,0.00000000,2.10317083,0.00000000,94.69756566,106.72863180,101.68074366,1745.79450000,26902.36668197,7912.94957600
1,4,0.000000,0.202000,0.00000000,107.32720193,0.00000000,0.50107928,0.00000000,0.00000000,94.69756566,107.32720193,101.68074366,1745.79450000,26902.36668176,9891.18697000
1,5,0.000000,0.209000,0.00000000,107.32720193,0.00000000,4.23770289,0.00000000,0.00000000,94.69756566,107.32720193,101.68074366,1745.79450000,26902.36668156,9891.18697000
1,6,0.000000,0.207000,0.00000000,107.32720193,0.00000000,3.17009614,0.00000000,0.00000000,94.69756566,107.32720193,101.68074366,1745.79450000,26902.36668135,9891.18697000
1,7,0.134000,0.166000,18.71584212,88.61135980,21.02623181,0.00000000,0.00000000,0.00000000,94.69756566,107.32720193,101.68074366,1745.79450000,26902.36668115,9891.18697000
1,8,0.332000,0.289000,98.46543690,8.26319490,0.00000000,146.00597970,0.00000000,0.00000000,94.69756566,106.72863180,101.68074366,1745.79450000,27251.52558099,7912.94957600
1,9,0.489000,0.304000,106.72863180,0.00000000,38.30027978,162.27622518,0.00000000,0.00000000,94.69756566,106.72863180,101.68074366,1745.79450000,27600.68448082,7912.94957600
1,10,0.593000,0.259000,106.72863180,0.00000000,69.14487447,138.25507343,0.00000000,0.00000000,94.69756566,106.72863180,101.68074366,1745.79450000,27949.84338066,7912.94957600
1,11,0.657000,0.213000,106.72863180,0.00000000,88.12616351,113.70011830,0.00000000,0.00000000,94.69756566,106.72863180,101.68074366,1745.79450000,28299.00228049,7912.94957600
1,12,0.673000,0.182000,107.32720193,0.00000000,92.27291565,97.15221376,0.00000000,0.00000000,94.69756566,107.32720193,101.68074366,1745.79450000,28299.00228029,9891.18697000
1,13,0.637000,0.177000,107.32720193,0.00000000,81.59594056,94.48319690,0.00000000,0.00000000,94.69756566,107.32720193,101.68074366,1745.79450000,28299.00228008,9891.18697000
1,14,0.550000,0.199000,107.32720193,0.00000000,55.79325077,106.22687109,0.00000000,0.00000000,94.69756566,107.32720193,101.68074366,1745.79450000,28299.00227988,9891.18697000
1,15,0.409000,0.242000,107.32720193,0.00000000,13.97509835,129.18041610,0.00000000,0.00000000,94.69756566,107.32720193,101.68074366,1745.79450000,28299.00227967,9891.18697000
1,16,0.247000,0.310000,73.25591239,33.47271941,0.00000000,132.00632601,0.00000000,0.00000000,94.69756566,106.72863180,101.68074366,1745.79450000,28648.16117951,7912.94957600
1,17,0.091000,0.353000,26.98902036,80.33818157,0.00000000,108.09440885,0.00000000,0.00000000,94.69756566,107.32720193,101.68074366,1745.79450000,28648.16117930,9891.18697000
1,18,0.000000,0.399000,0.00000000,106.72863180,0.00000000,106.25891375,0.00000000,0.00000000,94.69756566,106.72863180,101.68074366,1745.79450000,28997.32007914,7912.94957600
1,19,0.000000,0.414000,0.00000000,106.72863180,0.00000000,114.26596433,0.00000000,0.00000000,94.69756566,106.72863180,101.68074366,1745.79450000,29346.47897898,7912.94957600
1,20,0.000000,0.445000,0.00000000,107.32720193,0.00000000,130.21529875,0.00000000,0.00000000,94.69756566,107.32720193,101.68074366,1745.79450000,29346.47897877,9891.18697000
1,21,0.000000,0.429000,0.00000000,106.72863180,0.00000000,122.27301492,0.00000000,0.00000000,94.69756566,106.72863180,101.68074366,1745.79450000,29695.63787861,7912.94957600
1,22,0.000000,0.413000,0.00000000,106.72863180,0.00000000,113.73216096,0.00000000,0.00000000,94.69756566,106.72863180,101.68074366,1745.79450000,30044.79677844,7912.94957600
1,23,0.000000,0.383000,0.00000000,106.72863180,0.00000000,97.71805979,0.00000000,0.00000000,94.69756566,106.72863180,101.68074366,1745.79450000,30393.95567828,7912.94957600
1,24,0.000000,0.352000,0.00000000,107.32720193,0.00000000,80.57158513,0.00000000,0.00000000,94.69756566,107.32720193,101.68074366,1745.79450000,30393.95567807,9891.18697000
1,25,0.000000,0.320000,0.00000000,107.32720193,0.00000000,63.48987721,0.00000000,0.00000000,94.69756566,107.32720193,101.68074366,1745.79450000,30393.95567787,9891.18697000
1,26,0.000000,0.296000,0.00000000,107.32720193,0.00000000,50.67859628,0.00000000,0.00000000,94.69756566,107.32720193,101.68074366,1745.79450000,30393.95567766,9891.18697000
1,27,0.000000,0.287000,0.00000000,106.72863180,0.00000000,46.47293605,0.00000000,0.00000000,94.69756566,106.72863180,101.68074366,1745.79450000,30743.11457750,7912.94957600
1,28,0.000000,0.275000,0.00000000,106.72863180,0.00000000,40.06729558,0.00000000,0.00000000,94.69756566,106.72863180,101.68074366,1745.79450000,31092.27347734,7912.94957600
1,29,0.000000,0.269000,0.00000000,106.72863180,0.00000000,36.86447535,0.00000000,0.00000000,94.69756566,106.72863180,101.68074366,1745.79450000,31441.43237717,7912.94957600
1,30,0.000000,0.260000,0.00000000,107.32720193,0.00000000,31.46167487,0.00000000,0.00000000,94.69756566,107.32720193,101.68074366,1745.79450000,31441.43237697,9891.18697000
1,31,0.072000,0.215000,21.35395017,85.37468163,0.00000000,29.39304342,0.00000000,0.00000000,94.69756566,106.72863180,101.68074366,1745.79450000,31790.59127680,7912.94957600
1,32,0.195000,0.325000,57.83361505,49.49358688,0.00000000,123.99250912,0.00000000,0.00000000,94.69756566,107.32720193,101.68074366,1745.79450000,31790.59127660,9891.18697000
1,33,0.297000,0.451000,88.08504446,19.24215747,0.00000000,221.50316344,0.00000000,0.00000000,94.69756566,107.32720193,101.68074366,1745.79450000,31790.59127639,9891.18697000
1,34,0.374000,0.473000,107.32720193,0.00000000,3.59470591,252.48899510,0.00000000,0.00000000,94.69756566,107.32720193,101.68074366,1745.79450000,31790.59127619,9891.18697000
1,35,0.431000,0.409000,106.72863180,0.00000000,21.09848658,218.32557927,0.00000000,0.00000000,94.69756566,106.72863180,101.68074366,1745.79450000,32139.75017602,7912.94957600
1,36,0.447000,0.309000,106.72863180,0.00000000,25.84380884,164.94524204,0.00000000,0.00000000,94.69756566,106.72863180,101.68074366,1745.79450000,32488.90907586,7912.94957600
1,37,0.406000,0.245000,107.32720193,0.00000000,13.08535043,130.78182621,0.00000000,0.00000000,94.69756566,107.32720193,101.68074366,1745.79450000,32488.90907566,9891.18697000
1,38,0.337000,0.231000,99.94835011,7.37885182,0.00000000,115.92972718,0.00000000,0.00000000,94.69756566,107.32720193,101.68074366,1745.79450000,32488.90907545,9891.18697000
1,39,0.249000,0.229000,73.84907768,32.87955413,0.00000000,89.36141813,0.00000000,0.00000000,94.69756566,106.72863180,101.68074366,1745.79450000,32838.06797529,7912.94957600
1,40,0.141000,0.217000,41.81815242,65.50904951,0.00000000,50.32628228,0.00000000,0.00000000,94.69756566,107.32720193,101.68074366,1745.79450000,32838.06797508,9891.18697000
1,41,0.049000,0.192000,14.53254942,92.79465250,0.00000000,9.69559498,0.00000000,0.00000000,94.69756566,107.32720193,101.68074366,1745.79450000,32838.06797488,9891.18697000
1,42,0.000000,0.202000,0.00000000,106.72863180,0.00000000,1.09964940,0.00000000,0.00000000,94.69756566,106.72863180,101.68074366,1745.79450000,33187.22687471,7912.94957600
1,43,0.000000,0.226000,0.00000000,106.72863180,0.00000000,13.91093034,0.00000000,0.00000000,94.69756566,106.72863180,101.68074366,1745.79450000,33536.38577455,7912.94957600
1,44,0.000000,0.238000,0.00000000,106.72863180,0.00000000,20.31657081,0.00000000,0.00000000,94.69756566,106.72863180,101.68074366,1745.79450000,33885.54467438,7912.94957600
1,45,0.000000,0.249000,0.00000000,106.72863180,0.00000000,26.18840790,0.00000000,0.00000000,94.69756566,106.72863180,101.68074366,1745.79450000,34234.70357422,7912.94957600
1,46,0.000000,0.259000,0.00000000,106.72863180,0.00000000,31.52644163,0.00000000,0.00000000,94.69756566,106.72863180,101.68074366,1745.79450000,34583.86247406,7912.94957600
1,47,0.000000,0.249000,0.00000000,107.32720193,0.00000000,25.58983778,0.00000000,0.00000000,94.69756566,107.32720193,101.68074366,1745.79450000,34583.86247385,9891.18697000
1,48,0.000000,0.225000,0.00000000,106.72863180,0.00000000,13.37712697,0.00000000,0.00000000,94.69756566,106.72863180,101.68074366,1745.79450000,34933.02137369,7912.94957600
1,49,0.000000,0.205000,0.00000000,106.72863180,0.00000000,2.70105952,0.00000000,0.00000000,94.69756566,106.72863180,101.68074366,1745.79450000,35282.18027352,7912.94957600
1,50,0.000000,0.195000,0.00000000,104.09165760,0.00000000,0.00000000,2.63697420,0.00000000,94.69756566,106.72863180,101.68074366,1745.79450000,35631.33917336,7912.94957600
1,51,0.000000,0.195000,0.00000000,104.09165760,0.00000000,0.00000000,2.63697420,0.00000000,94.69756566,106.72863180,101.68074366,1745.79450000,35980.49807320,7912.94957600
1,52,0.000000,0.199000,0.00000000,106.22687109,0.00000000,0.00000000,0.50176071,0.00000000,94.69756566,106.72863180,101.68074366,1745.79450000,36329.65697303,7912.94957600
1,53,0.000000,0.201000,0.00000000,107.29447783,0.00000000,0.00000000,0.00000000,0.00000000,94.69756566,107.29447783,101.68074366,1745.79450000,36348.74564369,9783.03586028
1,54,0.000000,0.203000,0.00000000,106.72863180,0.00000000,1.63345278,0.00000000,0.00000000,94.69756566,106.72863180,101.68074366,1745.79450000,36697.90454353,7912.94957600
1,55,0.133000,0.171000,39.44549129,67.28314051,0.00000000,23.99723615,0.00000000,0.00000000,94.69756566,106.72863180,101.68074366,1745.79450000,37047.06344336,7912.94957600
1,56,0.323000,0.302000,95.79619313,10.93243867,0.00000000,150.27617976,0.00000000,0.00000000,94.69756566,106.72863180,101.68074366,1745.79450000,37396.22234320,7912.94957600
1,57,0.475000,0.352000,107.32720193,0.00000000,33.54955268,187.89878705,0.00000000,0.00000000,94.69756566,107.32720193,101.68074366,1745.79450000,37396.22234299,9891.18697000
1,58,0.579000,0.309000,107.32720193,0.00000000,64.39414737,164.94524204,0.00000000,0.00000000,94.69756566,107.32720193,101.68074366,1745.79450000,37396.22234279,9891.18697000
1,59,0.641000,0.260000,106.72863180,0.00000000,83.38084125,138.78887680,0.00000000,0.00000000,94.69756566,106.72863180,101.68074366,1745.79450000,37745.38124263,7912.94957600
1,60,0.653000,0.227000,106.72863180,0.00000000,86.93983295,121.17336551,0.00000000,0.00000000,94.69756566,106.72863180,101.68074366,1745.79450000,38094.54014246,7912.94957600
1,61,0.617000,0.227000,106.72863180,0.00000000,76.26285786,121.17336551,0.00000000,0.00000000,94.69756566,106.72863180,101.68074366,1745.79450000,38443.69904230,7912.94957600
1,62,0.530000,0.251000,107.32720193,0.00000000,49.86159794,133.98464645,0.00000000,0.00000000,94.69756566,107.32720193,101.68074366,1745.79450000,38443.69904209,9891.18697000
1,63,0.393000,0.289000,106.72863180,0.00000000,9.82834622,154.26917460,0.00000000,0.00000000,94.69756566,106.72863180,101.68074366,1745.79450000,38792.85794193,7912.94957600
1,64,0.241000,0.328000,71.47641654,35.25221526,0.00000000,139.83529086,0.00000000,0.00000000,94.69756566,106.72863180,101.68074366,1745.79450000,39142.01684176,7912.94957600
1,65,0.100000,0.354000,29.65826413,77.07036767,0.00000000,111.89602612,0.00000000,0.00000000,94.69756566,106.72863180,101.68074366,1745.79450000,39491.17574160,7912.94957600
1,66,0.000000,0.370000,0.00000000,107.32720193,0.00000000,90.18004583,0.00000000,0.00000000,94.69756566,107.32720193,101.68074366,1745.79450000,39491.17574140,9891.18697000
1,67,0.000000,0.407000,0.00000000,106.72863180,0.00000000,110.52934073,0.00000000,0.00000000,94.69756566,106.72863180,101.68074366,1745.79450000,39840.33464123,7912.94957600
1,68,0.000000,0.438000,0.00000000,107.32720193,0.00000000,126.47867514,0.00000000,0.00000000,94.69756566,107.32720193,101.68074366,1745.79450000,39840.33464103,9891.18697000
1,69,0.000000,0.456000,0.00000000,107.32720193,0.00000000,136.08713585,0.00000000,0.00000000,94.69756566,107.32720193,101.68074366,1745.79450000,39840.33464082,9891.18697000
1,70,0.000000,0.444000,0.00000000,106.72863180,0.00000000,130.28006550,0.00000000,0.00000000,94.69756566,106.72863180,101.68074366,1745.79450000,40189.49354066,7912.94957600
1,71,0.000000,0.413000,0.00000000,106.72863180,0.00000000,113.73216096,0.00000000,0.00000000,94.69756566,106.72863180,101.68074366,1745.79450000,40538.65244049,7912.94957600
1,72,0.000000,0.376000,0.00000000,106.72863180,0.00000000,93.98143619,0.00000000,0.00000000,94.69756566,106.72863180,101.68074366,1745.79450000,40887.81134033,7912.94957600
1,73,0.000000,0.333000,0.00000000,106.72863180,0.00000000,71.02789118,0.00000000,0.00000000,94.69756566,106.72863180,101.68074366,1745.79450000,41236.97024017,7912.94957600
1,74,0.000000,0.300000,0.00000000,106.72863180,0.00000000,53.41237989,0.00000000,0.00000000,94.69756566,106.72863180,101.68074366,1745.79450000,41586.12914000,7912.94957600
1,75,0.000000,0.283000,0.00000000,106.72863180,0.00000000,44.33772256,0.00000000,0.00000000,94.69756566,106.72863180,101.68074366,1745.79450000,41935.28803984,7912.94957600
1,76,0.000000,0.280000,0.00000000,106.72863180,0.00000000,42.73631244,0.00000000,0.00000000,94.69756566,106.72863180,101.68074366,1745.79450000,42284.44693967,7912.94957600
1,77,0.000000,0.290000,0.00000000,106.72863180,0.00000000,48.07434617,0.00000000,0.00000000,94.69756566,106.72863180,101.68074366,1745.79450000,42633.60583951,7912.94957600
1,78,0.000000,0.300000,0.00000000,107.32720193,0.00000000,52.81380977,0.00000000,0.00000000,94.69756566,107.32720193,101.68074366,1745.79450000,42633.60583930,9891.18697000
1,79,0.156000,0.315000,46.26689204,61.06030989,0.00000000,107.08775239,0.00000000,0.00000000,94.69756566,107.32720193,101.68074366,1745.79450000,42633.60583910,9891.18697000
1,80,0.361000,0.510000,106.72863180,0.00000000,0.33770170,272.23971988,0.00000000,0.00000000,94.69756566,106.72863180,101.68074366,1745.79450000,42982.76473894,7912.94957600
1,81,0.532000,0.491000,107.32720193,0.00000000,50.45476323,262.09745580,0.00000000,0.00000000,94.69756566,107.32720193,101.68074366,1745.79450000,42982.76473873,9891.18697000
1,82,0.644000,0.416000,107.32720193,0.00000000,83.67201905,222.06220288,0.00000000,0.00000000,94.69756566,107.32720193,101.68074366,1745.79450000,42982.76473853,9891.18697000
1,83,0.710000,0.352000,106.72863180,0.00000000,103.84504350,187.89878705,0.00000000,0.00000000,94.69756566,106.72863180,101.68074366,1745.79450000,43331.92363836,7912.94957600
1,84,0.715000,0.312000,107.32720193,0.00000000,104.72938658,166.54665216,0.00000000,0.00000000,94.69756566,107.32720193,101.68074366,1745.79450000,43331.92363816,9891.18697000
1,85,0.669000,0.300000,107.32720193,0.00000000,91.08658508,160.14101169,0.00000000,0.00000000,94.69756566,107.32720193,101.68074366,1745.79450000,43331.92363795,9891.18697000
1,86,0.609000,0.313000,106.72863180,0.00000000,73.89019673,167.08045553,0.00000000,0.00000000,94.69756566,106.72863180,101.68074366,1745.79450000,43681.08253779,7912.94957600
1,87,0.493000,0.343000,107.32720193,0.00000000,38.88804022,183.09455670,0.00000000,0.00000000,94.69756566,107.32720193,101.68074366,1745.79450000,43681.08253758,9891.18697000
1,88,0.328000,0.383000,97.27910633,9.44952547,0.00000000,194.99716613,0.00000000,0.00000000,94.69756566,106.72863180,101.68074366,1745.79450000,44030.24143742,7912.94957600
1,89,0.123000,0.420000,36.47966488,70.24896693,0.00000000,153.94844944,0.00000000,0.00000000,94.69756566,106.72863180,101.68074366,1745.79450000,44379.40033725,7912.94957600
1,90,0.000000,0.458000,0.00000000,106.72863180,0.00000000,137.75331272,0.00000000,0.00000000,94.69756566,106.72863180,101.68074366,1745.79450000,44728.55923709,7912.94957600
1,91,0.000000,0.479000,0.00000000,107.32720193,0.00000000,148.36461341,0.00000000,0.00000000,94.69756566,107.32720193,101.68074366,1745.79450000,44728.55923689,9891.18697000
1,92,0.000000,0.448000,0.00000000,106.72863180,0.00000000,132.41527899,0.00000000,0.00000000,94.69756566,106.72863180,101.68074366,1745.79450000,45077.71813672,7912.94957600
1,93,0.000000,0.414000,0.00000000,106.72863180,0.00000000,114.26596433,0.00000000,0.00000000,94.69756566,106.72863180,101.68074366,1745.79450000,45426.87703656,7912.94957600
1,94,0.000000,0.380000,0.00000000,107.32720193,0.00000000,95.51807955,0.00000000,0.00000000,94.69756566,107.32720193,101.68074366,1745.79450000,45426.87703635,9891.18697000
1,95,0.000000,0.324000,0.00000000,106.72863180,0.00000000,66.22366083,0.00000000,0.00000000,94.69756566,106.72863180,101.68074366,1745.79450000,45776.03593619,7912.94957600
1,96,0.000000,0.258000,0.00000000,107.32720193,0.00000000,30.39406813,0.00000000,0.00000000,94.69756566,107.32720193,101.68074366,1745.79450000,45776.03593598,9891.18697000
1,97,0.000000,0.237000,0.00000000,106.72863180,0.00000000,19.78276744,0.00000000,0.00000000,94.69756566,106.72863180,101.68074366,1745.79450000,46125.19483582,7912.94957600
1,98,0.000000,0.270000,0.00000000,107.32720193,0.00000000,36.79970860,0.00000000,0.00000000,94.69756566,107.32720193,101.68074366,1745.79450000,46125.19483561,9891.18697000
1,99,0.000000,0.319000,0.00000000,107.32720193,0.00000000,62.95607384,0.00000000,0.00000000,94.69756566,107.32720193,101.68074366,1745.79450000,46125.19483541,9891.18697000
1,100,0.000000,0.326000,0.00000000,106.72863180,0.00000000,67.29126757,0.00000000,0.00000000,94.69756566,106.72863180,101.68074366,1745.79450000,46474.35373525,7912.94957600
1,101,0.000000,0.305000,0.00000000,106.72863180,0.00000000,56.08139675,0.00000000,0.00000000,94.69756566,106.72863180,101.68074366,1745.79450000,46823.51263508,7912.94957600
1,102,0.000000,0.300000,0.00000000,107.32720193,0.00000000,52.81380977,0.00000000,0.00000000,94.69756566,107.32720193,101.68074366,1745.79450000,46823.51263488,9891.18697000
1,103,0.152000,0.245000,45.08056147,62.24664045,0.00000000,68.53518576,0.00000000,0.00000000,94.69756566,107.32720193,101.68074366,1745.79450000,46823.51263467,9891.18697000
1,104,0.361000,0.332000,107.06633350,0.26086843,0.00000000,176.96185118,0.00000000,0.00000000,94.69756566,107.32720193,101.68074366,1745.79450000,46823.51263447,9891.18697000
1,105,0.531000,0.294000,106.72863180,0.00000000,50.75675071,156.93819146,0.00000000,0.00000000,94.69756566,106.72863180,101.68074366,1745.79450000,47172.67153430,7912.94957600
1,106,0.651000,0.225000,106.72863180,0.00000000,86.34666766,120.10575877,0.00000000,0.00000000,94.69756566,106.72863180,101.68074366,1745.79450000,47521.83043414,7912.94957600
1,107,0.716000,0.171000,107.32720193,0.00000000,105.02596922,91.28037666,0.00000000,0.00000000,94.69756566,107.32720193,101.68074366,1745.79450000,47521.83043393,9891.18697000
1,108,0.735000,0.149000,106.72863180,0.00000000,111.25960953,79.53670247,0.00000000,0.00000000,94.69756566,106.72863180,101.68074366,1745.79450000,47870.98933377,7912.94957600
1,109,0.709000,0.147000,107.32720193,0.00000000,102.94989073,78.46909573,0.00000000,0.00000000,94.69756566,107.32720193,101.68074366,1745.79450000,47870.98933356,9891.18697000
1,110,0.637000,0.159000,106.72863180,0.00000000,82.19451069,84.87473620,0.00000000,0.00000000,94.69756566,106.72863180,101.68074366,1745.79450000,48220.14823340,7912.94957600
1,111,0.517000,0.182000,106.72863180,0.00000000,46.60459373,97.15221376,0.00000000,0.00000000,94.69756566,106.72863180,101.68074366,1745.79450000,48569.30713324,7912.94957600
1,112,0.345000,0.213000,102.32101124,5.00619069,0.00000000,108.69392761,0.00000000,0.00000000,94.69756566,107.32720193,101.68074366,1745.79450000,48569.30713303,9891.18697000
1,113,0.133000,0.252000,39.44549129,67.66387303,0.00000000,66.85457679,0.00000000,0.00000000,94.69756566,107.10936432,101.68074366,1745.79450000,48696.37652104,9171.24709341
1,114,0.000000,0.315000,0.00000000,107.32720193,0.00000000,60.82086035,0.00000000,0.00000000,94.69756566,107.32720193,101.68074366,1745.79450000,48696.37652084,9891.18697000
1,115,0.000000,0.372000,0.00000000,107.32720193,0.00000000,91.24765257,0.00000000,0.00000000,94.69756566,107.32720193,101.68074366,1745.79450000,48696.37652063,9891.18697000
1,116,0.000000,0.386000,0.00000000,106.72863180,0.00000000,99.31946991,0.00000000,0.00000000,94.69756566,106.72863180,101.68074366,1745.79450000,49045.53542047,7912.94957600
1,117,0.000000,0.383000,0.00000000,106.72863180,0.00000000,97.71805979,0.00000000,0.00000000,94.69756566,106.72863180,101.68074366,1745.79450000,49394.69432031,7912.94957600
1,118,0.000000,0.376000,0.00000000,107.32720193,0.00000000,93.38286606,0.00000000,0.00000000,94.69756566,107.32720193,101.68074366,1745.79450000,49394.69432010,9891.18697000
1,119,0.000000,0.362000,0.00000000,107.32720193,0.00000000,85.90961885,0.00000000,0.00000000,94.69756566,107.32720193,101.68074366,1745.79450000,49394.69431990,9891.18697000
1,120,0.000000,0.325000,0.00000000,106.72863180,0.00000000,66.75746420,0.00000000,0.00000000,94.69756566,106.72863180,101.68074366,1745.79450000,49743.85321973,7912.94957600
1,121,0.000000,0.255000,0.00000000,106.72863180,0.00000000,29.39122814,0.00000000,0.00000000,94.69756566,106.72863180,101.68074366,1745.79450000,50093.01211957,7912.94957600
1,122,0.000000,0.191000,0.00000000,101.95644411,0.00000000,0.00000000,4.77218769,0.00000000,94.69756566,106.72863180,101.68074366,1745.79450000,50442.17101940,7912.94957600
1,123,0.000000,0.154000,0.00000000,82.20571934,0.00000000,0.00000000,4.60559017,0.00000000,76.38648335,86.81130951,82.20571934,1454.80899602,50500.34441526,7912.94957600
1,124,0.000000,0.148000,0.00000000,79.00289910,0.00000000,0.00000000,4.53010530,0.00000000,73.38230752,83.53300440,79.00289910,1405.14789643,50508.85671153,7912.94957600
1,125,0.000000,0.161000,0.00000000,85.94234294,0.00000000,0.00000000,4.69237582,0.00000000,79.89472368,90.63471876,85.94234294,1511.90481580,50624.12592717,7912.94957600
1,126,0.000000,0.196000,0.00000000,104.62546097,0.00000000,0.00000000,2.10317083,0.00000000,94.69756566,106.72863180,101.68074366,1745.79450000,50973.28482701,7912.94957600
1,127,0.149000,0.161000,44.19081355,63.13638838,0.00000000,22.80595456,0.00000000,0.00000000,94.69756566,107.32720193,101.68074366,1745.79450000,50973.28482680,9891.18697000
1,128,0.353000,0.228000,104.69367237,2.63352956,0.00000000,119.07363933,0.00000000,0.00000000,94.69756566,107.32720193,101.68074366,1745.79450000,50973.28482660,9891.18697000
1,129,0.532000,0.205000,107.32720193,0.00000000,50.45476323,109.42969132,0.00000000,0.00000000,94.69756566,107.32720193,101.68074366,1745.79450000,50973.28482639,9891.18697000
1,130,0.644000,0.143000,107.32720193,0.00000000,83.67201905,76.33388224,0.00000000,0.00000000,94.69756566,107.32720193,101.68074366,1745.79450000,50973.28482619,9891.18697000
1,131,0.711000,0.101000,107.32720193,0.00000000,103.54305601,53.91414060,0.00000000,0.00000000,94.69756566,107.32720193,101.68074366,1745.79450000,50973.28482598,9891.18697000
1,132,0.730000,0.079000,107.32720193,0.00000000,109.17812620,42.17046641,0.00000000,0.00000000,94.69756566,107.32720193,101.68074366,1745.79450000,50973.28482578,9891.18697000
1,133,0.703000,0.079000,107.32720193,0.00000000,101.17039488,42.17046641,0.00000000,0.00000000,94.69756566,107.32720193,101.68074366,1745.79450000,50973.28482557,9891.18697000
1,134,0.632000,0.100000,107.32720193,0.00000000,80.11302735,53.38033723,0.00000000,0.00000000,94.69756566,107.32720193,101.68074366,1745.79450000,50973.28482537,9891.18697000
1,135,0.511000,0.136000,107.32720193,0.00000000,44.22652776,72.59725863,0.00000000,0.00000000,94.69756566,107.32720193,101.68074366,1745.79450000,50973.28482516,9891.18697000
1,136,0.339000,0.182000,100.54151539,6.78568654,0.00000000,90.36652722,0.00000000,0.00000000,94.69756566,107.32720193,101.68074366,1745.79450000,50973.28482496,9891.18697000
1,137,0.130000,0.245000,38.55574336,68.77145856,0.00000000,62.01036765,0.00000000,0.00000000,94.69756566,107.32720193,101.68074366,1745.79450000,50973.28482475,9891.18697000
1,138,0.000000,0.326000,0.00000000,106.72863180,0.00000000,67.29126757,0.00000000,0.00000000,94.69756566,106.72863180,101.68074366,1745.79450000,51322.44372459,7912.94957600
1,139,0.000000,0.363000,0.00000000,107.32720193,0.00000000,86.44342222,0.00000000,0.00000000,94.69756566,107.32720193,101.68074366,1745.79450000,51322.44372438,9891.18697000
1,140,0.000000,0.341000,0.00000000,106.72863180,0.00000000,75.29831816,0.00000000,0.00000000,94.69756566,106.72863180,101.68074366,1745.79450000,51671.60262422,7912.94957600
1,141,0.000000,0.328000,0.00000000,107.32720193,0.00000000,67.76030419,0.00000000,0.00000000,94.69756566,107.32720193,101.68074366,1745.79450000,51671.60262401,9891.18697000
1,142,0.000000,0.352000,0.00000000,107.32720193,0.00000000,80.57158513,0.00000000,0.00000000,94.69756566,107.32720193,101.68074366,1745.79450000,51671.60262381,9891.18697000
1,143,0.000000,0.376000,0.00000000,107.32720193,0.00000000,93.38286606,0.00000000,0.00000000,94.69756566,107.32720193,101.68074366,1745.79450000,51671.60262360,9891.18697000
1,144,0.000000,0.363000,0.00000000,106.72863180,0.00000000,87.04199235,0.00000000,0.00000000,94.69756566,106.72863180,101.68074366,1745.79450000,52020.76152344,7912.94957600
1,145,0.000000,0.272000,0.00000000,106.72863180,0.00000000,38.46588547,0.00000000,0.00000000,94.69756566,106.72863180,101.68074366,1745.79450000,52369.92042328,7912.94957600
1,146,0.000000,0.118000,0.00000000,62.98879793,0.00000000,0.00000000,4.14653691,0.00000000,58.37759686,67.13533484,62.98879793,1152.80026874,52126.08509185,7912.94957600
1,147,0.000000,0.054000,0.00000000,28.82538210,0.00000000,0.00000000,3.25948923,0.00000000,26.54851703,32.08487133,28.82538210,569.21626908,51298.66576076,7912.94957600
1,148,0.000000,0.061000,0.00000000,32.56200571,0.00000000,0.00000000,3.36110632,0.00000000,30.01772724,35.92311203,32.56200571,636.06961774,50538.09977834,7912.94957600
1,149,0.000000,0.094000,0.00000000,50.17751700,0.00000000,0.00000000,3.82641275,0.00000000,46.40874791,54.00392975,50.17751700,942.19227193,50083.65645010,7912.94957600
1,150,0.000000,0.134000,0.00000000,71.52965189,0.00000000,0.00000000,4.35397394,0.00000000,66.37256390,75.88362583,71.52965189,1289.27199738,49976.29284732,7912.94957600
1,151,0.150000,0.106000,44.48739619,56.58315746,0.00000000,0.00000000,5.03410465,0.00000000,94.12364799,106.10465831,101.07055365,1736.72641548,50316.38366264,7912.94957600
1,152,0.351000,0.123000,104.10050708,3.22669484,0.00000000,62.43111995,0.00000000,0.00000000,94.69756566,107.32720193,101.68074366,1745.79450000,50316.38366244,9891.18697000
1,153,0.515000,0.105000,107.32720193,0.00000000,45.41285833,56.04935409,0.00000000,0.00000000,94.69756566,107.32720193,101.68074366,1745.79450000,50316.38366223,9891.18697000
1,154,0.630000,0.061000,107.32720193,0.00000000,79.51986207,32.56200571,0.00000000,0.00000000,94.69756566,107.32720193,101.68074366,1745.79450000,50316.38366203,9891.18697000
1,155,0.694000,0.028000,106.72863180,0.00000000,99.09972124,14.94649442,0.00000000,0.00000000,94.69756566,106.72863180,101.68074366,1745.79450000,50665.54256186,7912.94957600
1,156,0.704000,0.014000,107.32720193,0.00000000,101.46697752,7.47324721,0.00000000,0.00000000,94.69756566,107.32720193,101.68074366,1745.79450000,50665.54256166,9891.18697000
1,157,0.662000,0.014000,107.32720193,0.00000000,89.01050659,7.47324721,0.00000000,0.00000000,94.69756566,107.32720193,101.68074366,1745.79450000,50665.54256145,9891.18697000
1,158,0.578000,0.021000,106.72863180,0.00000000,64.69613485,11.20987082,0.00000000,0.00000000,94.69756566,106.72863180,101.68074366,1745.79450000,51014.70146129,7912.94957600
1,159,0.436000,0.031000,107.28855581,0.00000000,22.02147578,16.54790454,0.00000000,0.00000000,94.69756566,107.28855581,101.68074366,1745.79450000,51037.24457570,9763.46394104
1,160,0.247000,0.049000,73.25591239,26.15636524,0.00000000,0.00000000,4.99664611,0.00000000,92.56394709,104.40892374,99.41227764,1712.08263743,51352.69161296,7912.94957600
1,161,0.088000,0.081000,26.09927243,43.23807316,0.00000000,0.00000000,4.30230511,0.00000000,64.31622819,73.63965070,69.33734559,1255.27934916,51211.33536195,7912.94957600
1,162,0.000000,0.136000,0.00000000,72.59725863,0.00000000,0.00000000,4.37913556,0.00000000,67.37395584,76.97639419,72.59725863,1305.82569725,51120.52545903,7912.94957600
1,163,0.000000,0.185000,0.00000000,98.75362388,0.00000000,0.00000000,4.98176788,0.00000000,91.94444656,103.73539176,98.75362388,1702.29432904,51426.18418791,7912.94957600
1,164,0.000000,0.201000,0.00000000,107.29447783,0.00000000,0.00000000,0.00000000,0.00000000,94.69756566,107.29447783,101.68074366,1745.79450000,51445.27285857,9783.03586028
1,165,0.000000,0.201000,0.00000000,106.72863180,0.00000000,0.56584603,0.00000000,0.00000000,94.69756566,106.72863180,101.68074366,1745.79450000,51794.43175841,7912.94957600
1,166,0.000000,0.192000,0.00000000,102.49024748,0.00000000,0.00000000,4.23838432,0.00000000,94.69756566,106.72863180,101.68074366,1745.79450000,52143.59065825,7912.94957600
1,167,0.000000,0.175000,0.00000000,93.41559015,0.00000000,0.00000000,4.86118786,0.00000000,86.92372869,98.27677801,93.41559015,1622.96536519,52369.92042328,7912.94957600
1,168,0.000000,0.145000,0.00000000,77.40148898,0.00000000,0.00000000,4.49236287,0.00000000,71.88021960,81.89385185,77.40148898,1380.31734664,52353.60216975,7912.94957600
1,169,0.000000,0.109000,0.00000000,58.18456758,0.00000000,0.00000000,4.02810238,0.00000000,53.88503631,62.21266996,58.18456758,1074.88281777,52031.84938735,7912.94957600
1,170,0.000000,0.100000,0.00000000,53.38033723,0.00000000,0.00000000,3.90922227,0.00000000,49.39364837,57.28955950,53.38033723,996.67221614,51631.88600333,7912.94957600
1,171,0.000000,0.106000,0.00000000,56.58315746,0.00000000,0.00000000,3.98862421,0.00000000,52.38751613,60.57178167,56.58315746,1048.91033411,51284.16073728,7912.94957600
1,172,0.000000,0.107000,0.00000000,57.11696084,0.00000000,0.00000000,4.00178360,0.00000000,52.88668952,61.11874444,57.11696084,1057.56782867,50945.09296578,7912.94957600
1,173,0.000000,0.104000,0.00000000,55.51555072,0.00000000,0.00000000,3.96230542,0.00000000,51.38916934,59.47785614,55.51555072,1031.59534501,50580.05271063,7912.94957600
1,174,0.000000,0.096000,0.00000000,51.24512374,0.00000000,0.00000000,3.85401593,0.00000000,47.40371473,55.09913967,51.24512374,960.35225333,50143.76936380,7912.94957600
1,175,0.097000,0.058000,28.76851620,30.96059559,0.00000000,0.00000000,4.06617869,0.00000000,55.32937971,63.79529049,59.72911180,1099.93302131,49847.06678494,7912.94957600
1,176,0.274000,0.054000,81.26364371,25.46498809,0.00000000,3.36039401,0.00000000,0.00000000,94.69756566,106.72863180,101.68074366,1745.79450000,50196.22568478,7912.94957600
1,177,0.429000,0.036000,106.72863180,0.00000000,20.50532130,19.21692140,0.00000000,0.00000000,94.69756566,106.72863180,101.68074366,1745.79450000,50545.38458462,7912.94957600
1,178,0.506000,0.014000,106.72863180,0.00000000,43.34218468,7.47324721,0.00000000,0.00000000,94.69756566,106.72863180,101.68074366,1745.79450000,50894.54348445,7912.94957600
1,179,0.529000,0.003000,106.72863180,0.00000000,50.16358543,1.60141012,0.00000000,0.00000000,94.69756566,106.72863180,101.68074366,1745.79450000,51243.70238429,7912.94957600
1,180,0.552000,0.001000,106.72863180,0.00000000,56.98498618,0.53380337,0.00000000,0.00000000,94.69756566,106.72863180,101.68074366,1745.79450000,51592.86128412,7912.94957600
1,181,0.524000,0.000000,106.95765623,0.00000000,48.45164779,0.00000000,0.00000000,0.00000000,94.69756566,106.95765623,101.68074366,1745.79450000,51808.42527855,8669.86122137
1,182,0.422000,0.002000,106.72863180,0.00000000,18.42924281,1.06760674,0.00000000,0.00000000,94.69756566,106.72863180,101.68074366,1745.79450000,52157.58417839,7912.94957600
1,183,0.292000,0.011000,86.60213125,5.87183710,0.00000000,0.00000000,4.83991770,0.00000000,86.03808096,97.31388605,92.47396834,1608.97184505,52369.92042328,7912.94957600
1,184,0.166000,0.025000,49.23271845,13.34508431,0.00000000,0.00000000,4.13640500,0.00000000,57.99326460,66.71420776,62.57780276,1146.13453999,52119.41936310,7912.94957600
1,185,0.050000,0.055000,14.82913206,29.35918548,0.00000000,0.00000000,3.67156088,0.00000000,40.82705337,47.85987842,44.18831754,840.31604146,51563.09980440,7912.94957600
1,186,0.000000,0.089000,0.00000000,47.50850014,0.00000000,0.00000000,3.75740482,0.00000000,43.92133086,51.26590496,47.50850014,896.79231842,51063.25652266,7912.94957600
1,187,0.000000,0.109000,0.00000000,58.18456758,0.00000000,0.00000000,4.02810238,0.00000000,53.88503631,62.21266996,58.18456758,1074.88281777,50741.50374026,7912.94957600
1,188,0.000000,0.107000,0.00000000,57.11696084,0.00000000,0.00000000,4.00178360,0.00000000,52.88668952,61.11874444,57.11696084,1057.56782867,50402.43596876,7912.94957600
1,189,0.000000,0.093000,0.00000000,49.64371362,0.00000000,0.00000000,3.81261117,0.00000000,45.91126450,53.45632479,49.64371362,933.11228123,49938.91264983,7912.94957600
1,190,0.000000,0.076000,0.00000000,40.56905630,0.00000000,0.00000000,3.57798421,0.00000000,37.45404654,44.14704050,40.56905630,778.75243929,49321.02948895,7912.94957600
1,191,0.000000,0.061000,0.00000000,32.56200571,0.00000000,0.00000000,3.36110632,0.00000000,30.01772724,35.92311203,32.56200571,636.06961774,48560.46350653,7912.94957600
1,192,0.000000,0.050000,0.00000000,26.69016862,0.00000000,0.00000000,3.20071153,0.00000000,24.56798171,29.89088014,26.69016862,530.54672731,47694.37463368,7912.94957600
1,193,0.000000,0.040000,0.00000000,21.35213489,0.00000000,0.00000000,3.04746492,0.00000000,19.63322851,24.39959982,21.35213489,429.72659488,46727.46562840,7912.94957600
1,194,0.000000,0.027000,0.00000000,2.39428050,0.00000000,12.01841055,0.00000000,0.00000000,0.00000000,2.39428050,0.00000000,0.00000000,45330.83002823,7912.94957600
1,195,0.000000,0.016000,0.00000000,2.39428050,0.00000000,6.14657346,0.00000000,0.00000000,0.00000000,2.39428050,0.00000000,0.00000000,43934.19442807,7912.94957600
1,196,0.000000,0.009000,0.00000000,2.39428050,0.00000000,2.40994985,0.00000000,0.00000000,0.00000000,2.39428050,0.00000000,0.00000000,42537.55882790,7912.94957600
1,197,0.000000,0.004000,0.00000000,2.13521349,0.00000000,0.00000000,0.25906701,0.00000000,0.00000000,2.39428050,0.00000000,0.00000000,41140.92322774,7912.94957600
1,198,0.000000,0.001000,0.00000000,0.53380337,0.00000000,0.00000000,1.86047713,0.00000000,0.00000000,2.39428050,0.00000000,0.00000000,39744.28762758,7912.94957600
1,199,0.055000,0.000000,16.31204527,0.00000000,0.00000000,0.00000000,2.90277183,0.00000000,14.97391018,19.21481710,16.31204527,334.53377117,38682.18579858,7912.94957600
1,200,0.177000,0.000000,52.49512750,0.00000000,0.00000000,0.00000000,3.88633501,0.00000000,48.56866828,56.38146251,52.49512750,981.61480642,38267.16500483,7912.94957600
1,201,0.300000,0.001000,88.97479238,0.53380337,0.00000000,0.00000000,4.77293336,0.00000000,83.24898297,94.28152911,89.50859575,1564.90319591,38435.43260058,7912.94957600
1,202,0.393000,0.000000,106.72863180,0.00000000,9.82834622,0.00000000,0.00000000,0.00000000,94.69756566,106.72863180,101.68074366,1745.79450000,38784.59150042,7912.94957600
1,203,0.470000,0.000000,106.72863180,0.00000000,32.66520959,0.00000000,0.00000000,0.00000000,94.69756566,106.72863180,101.68074366,1745.79450000,39133.75040026,7912.94957600
1,204,0.525000,0.000000,106.72863180,0.00000000,48.97725486,0.00000000,0.00000000,0.00000000,94.69756566,106.72863180,101.68074366,1745.79450000,39482.90930009,7912.94957600
1,205,0.509000,0.000000,106.72863180,0.00000000,44.23193260,0.00000000,0.00000000,0.00000000,94.69756566,106.72863180,101.68074366,1745.79450000,39832.06819993,7912.94957600
1,206,0.456000,0.000000,106.72863180,0.00000000,28.51305262,0.00000000,0.00000000,0.00000000,94.69756566,106.72863180,101.68074366,1745.79450000,40181.22709976,7912.94957600
1,207,0.355000,0.000000,105.28683765,0.00000000,0.00000000,0.00000000,1.44179415,0.00000000,94.69756566,106.72863180,101.68074366,1745.79450000,40530.38599960,7912.94957600
1,208,0.200000,0.001000,59.31652825,0.53380337,0.00000000,0.00000000,4.06916702,0.00000000,55.44273552,63.91949865,59.85033163,1101.89902614,40235.64942558,7912.94957600
1,209,0.057000,0.008000,16.90521055,4.27042698,0.00000000,0.00000000,3.04239796,0.00000000,19.47006526,24.21803549,21.17563753,426.39306642,39265.40689183,7912.94957600
1,210,0.000000,0.034000,0.00000000,18.14931466,0.00000000,0.00000000,2.95551696,0.00000000,16.67237660,21.10483162,18.14931466,369.23451543,38238.00580709,7912.94957600
1,211,0.000000,0.068000,0.00000000,36.29862932,0.00000000,0.00000000,3.46272341,0.00000000,33.48693745,39.76135273,36.29862932,702.92296641,37544.29317334,7912.94957600
1,212,0.000000,0.101000,0.00000000,53.91414060,0.00000000,0.00000000,3.75587408,0.00000000,49.73928100,57.67001469,53.75120360,1002.98064984,37150.63822301,7912.94957600
1,213,0.000000,0.127000,0.00000000,67.79302828,0.00000000,0.00000000,4.26497143,0.00000000,62.87015740,72.05799972,67.79302828,1230.71771970,36984.72034255,7912.94957600
1,214,0.000000,0.148000,0.00000000,79.00289910,0.00000000,0.00000000,4.53010530,0.00000000,73.38230752,83.53300440,79.00289910,1405.14789643,36993.23263882,7912.94957600
1,215,0.000000,0.141000,0.00000000,75.26627550,0.00000000,0.00000000,4.44203962,0.00000000,69.87743571,79.70831511,75.26627550,1347.20994691,36943.80698556,7912.94957600
1,216,0.000000,0.145000,0.00000000,77.40148898,0.00000000,0.00000000,4.49236287,0.00000000,71.88021960,81.89385185,77.40148898,1380.31734664,36927.48873203,7912.94957600
1,217,0.000000,0.176000,0.00000000,93.94939353,0.00000000,0.00000000,4.87324586,0.00000000,87.42580048,98.82263938,93.94939353,1630.89826158,37161.75139345,7912.94957600
1,218,0.000000,0.191000,0.00000000,101.95644411,0.00000000,0.00000000,4.77218769,0.00000000,94.69756566,106.72863180,101.68074366,1745.79450000,37510.91029328,7912.94957600
1,219,0.000000,0.201000,0.00000000,106.72863180,0.00000000,0.56584603,0.00000000,0.00000000,94.69756566,106.72863180,101.68074366,1745.79450000,37860.06919312,7912.94957600
1,220,0.000000,0.181000,0.00000000,96.61841039,0.00000000,0.00000000,4.93353587,0.00000000,89.93615941,101.55194626,96.61841039,1670.56274350,38133.99633646,7912.94957600
1,221,0.000000,0.177000,0.00000000,94.48319690,0.00000000,0.00000000,4.88530386,0.00000000,87.92787227,99.36850076,94.48319690,1638.83115796,38376.19189426,7912.94957600
1,222,0.000000,0.164000,0.00000000,87.54375306,0.00000000,0.00000000,4.72854983,0.00000000,81.40093904,92.27230289,87.54375306,1535.70350496,38515.25979905,7912.94957600
1,223,0.034000,0.122000,10.08380980,65.12401142,0.00000000,0.00000000,4.44066195,0.00000000,69.82260687,79.64848318,75.20782122,1346.30358840,38464.92778729,7912.94957600
1,224,0.118000,0.085000,34.99675167,45.37328665,0.00000000,0.00000000,4.56232638,0.00000000,74.66465441,84.93236470,80.37003832,1426.34597553,38494.63816266,7912.94957600
1,225,0.204000,0.063000,60.50285882,33.62961246,0.00000000,0.00000000,4.87738137,0.00000000,87.59799529,99.00985265,94.13247127,1633.61899524,38731.62155773,7912.94957600
1,226,0.270000,0.037000,80.07731314,19.75072478,0.00000000,0.00000000,5.00603765,0.00000000,92.95499277,104.83407557,99.82803792,1718.26128560,39053.24724317,7912.94957600
1,227,0.312000,0.016000,92.53378407,8.54085396,0.00000000,0.00000000,5.03419691,0.00000000,94.12748958,106.10883494,101.07463803,1736.78711376,39393.39875677,7912.94957600
1,228,0.325000,0.006000,96.38935841,3.20282023,0.00000000,0.00000000,5.00070987,0.00000000,92.73315400,104.59288851,99.59217864,1714.75616132,39711.51931792,7912.94957600
1,229,0.314000,0.004000,93.12694936,2.13521349,0.00000000,0.00000000,4.90289980,0.00000000,88.66053310,100.16506265,95.26216285,1650.40743582,39965.29115357,7912.94957600
1,230,0.242000,0.010000,71.77299919,5.33803372,0.00000000,0.00000000,4.48551733,0.00000000,71.60777811,81.59655023,77.11103291,1375.81370078,39944.46925419,7912.94957600
1,231,0.144000,0.034000,42.70790034,18.14931466,0.00000000,0.00000000,4.09398884,0.00000000,56.38429831,64.95120384,60.85721500,1118.22917276,39666.06282678,7912.94957600
1,232,0.062000,0.079000,18.38812376,42.17046641,0.00000000,0.00000000,4.08662710,0.00000000,56.10504648,64.64521727,60.55859017,1113.38592340,39382.81315002,7912.94957600
1,233,0.012000,0.127000,3.55899170,67.79302828,0.00000000,0.00000000,4.34978746,0.00000000,66.20594902,75.70180744,71.35201998,1286.51773852,39272.69528838,7912.94957600
1,234,0.000000,0.163000,0.00000000,87.00994969,0.00000000,0.00000000,4.71649183,0.00000000,80.89886725,91.72644151,87.00994969,1527.77060857,39403.83029679,7912.94957600
1,235,0.000000,0.178000,0.00000000,95.01700027,0.00000000,0.00000000,4.89736186,0.00000000,88.42994405,99.91436213,95.01700027,1646.76405435,39653.95875097,7912.94957600
1,236,0.000000,0.184000,0.00000000,98.21982050,0.00000000,0.00000000,4.96970988,0.00000000,91.44237477,103.18953038,98.21982050,1694.36143266,39951.68458347,7912.94957600
1,237,0.000000,0.185000,0.00000000,98.75362388,0.00000000,0.00000000,4.98176788,0.00000000,91.94444656,103.73539176,98.75362388,1702.29432904,40257.34331235,7912.94957600
1,238,0.000000,0.157000,0.00000000,83.80712945,0.00000000,0.00000000,4.64333261,0.00000000,77.88857127,88.45046206,83.80712945,1479.63954582,40340.34725800,7912.94957600
1,239,0.000000,0.084000,0.00000000,44.83948327,0.00000000,0.00000000,3.68839689,0.00000000,41.43391381,48.52788017,44.83948327,851.39236491,39795.10402275,7912.94957600
1,240,0.000000,0.052000,0.00000000,27.75777536,0.00000000,0.00000000,3.23045578,0.00000000,25.55731411,30.98823113,27.75777536,550.11531231,38948.58373490,7912.94957600
1,241,0.000000,0.029000,0.00000000,15.48029780,0.00000000,0.00000000,2.87889366,0.00000000,14.20500000,18.35919146,15.48029780,318.82444922,37870.77258395,7912.94957600
1,242,0.000000,0.012000,0.00000000,2.39428050,0.00000000,4.01135997,0.00000000,0.00000000,0.00000000,2.39428050,0.00000000,0.00000000,36474.13698378,7912.94957600
1,243,0.000000,0.004000,0.00000000,2.13521349,0.00000000,0.00000000,0.25906701,0.00000000,0.00000000,2.39428050,0.00000000,0.00000000,35077.50138362,7912.94957600
1,244,0.000000,0.001000,0.00000000,0.53380337,0.00000000,0.00000000,1.86047713,0.00000000,0.00000000,2.39428050,0.00000000,0.00000000,33680.86578345,7912.94957600
1,245,0.000000,0.002000,0.00000000,1.06760674,0.00000000,0.00000000,1.32667376,0.00000000,0.00000000,2.39428050,0.00000000,0.00000000,32284.23018329,7912.94957600
1,246,0.000000,0.012000,0.00000000,2.39428050,0.00000000,4.01135997,0.00000000,0.00000000,0.00000000,2.39428050,0.00000000,0.00000000,30887.59458313,7912.94957600
1,247,0.022000,0.035000,6.52481811,18.68311803,0.00000000,0.00000000,3.15815895,0.00000000,23.19772969,28.36609509,25.20793614,502.55161107,29993.51059403,7912.94957600
1,248,0.083000,0.074000,24.61635923,39.50144955,0.00000000,0.00000000,4.17436943,0.00000000,59.43336421,68.29217821,64.11780878,1171.11114074,29767.98613461,7912.94957600
1,249,0.165000,0.118000,48.93613581,57.79249599,0.00000000,5.19630194,0.00000000,0.00000000,94.69756566,106.72863180,101.68074366,1745.79450000,30117.14503444,7912.94957600
1,250,0.260000,0.139000,77.11148673,29.61714507,0.00000000,44.58152368,0.00000000,0.00000000,94.69756566,106.72863180,101.68074366,1745.79450000,30466.30393428,7912.94957600
1,251,0.332000,0.121000,98.46543690,8.26319490,0.00000000,56.32701315,0.00000000,0.00000000,94.69756566,106.72863180,101.68074366,1745.79450000,30815.46283411,7912.94957600
1,252,0.353000,0.089000,104.69367237,2.03495943,0.00000000,45.47354070,0.00000000,0.00000000,94.69756566,106.72863180,101.68074366,1745.79450000,31164.62173395,7912.94957600
1,253,0.320000,0.040000,94.90644520,11.82218660,0.00000000,9.52994830,0.00000000,0.00000000,94.69756566,106.72863180,101.68074366,1745.79450000,31513.78063379,7912.94957600
1,254,0.253000,0.008000,75.03540824,4.27042698,0.00000000,0.00000000,4.53724498,0.00000000,73.66645502,83.84308020,79.30583522,1409.84505069,31526.99008431,7912.94957600
1,255,0.179000,0.001000,53.08829279,0.53380337,0.00000000,0.00000000,3.91547299,0.00000000,49.61895803,57.53756915,53.62209616,1000.78453340,31131.13901754,7912.94957600
1,256,0.095000,0.001000,28.17535092,0.53380337,0.00000000,0.00000000,3.25632843,0.00000000,26.44060712,31.96548272,28.70915429,567.13679325,30301.64021063,7912.94957600
1,257,0.027000,0.001000,2.39428050,0.00000000,5.61345081,0.53380337,0.00000000,0.00000000,0.00000000,2.39428050,0.00000000,0.00000000,28905.00461047,7912.94957600
1,258,0.000000,0.001000,0.00000000,0.53380337,0.00000000,0.00000000,1.86047713,0.00000000,0.00000000,2.39428050,0.00000000,0.00000000,27508.36901031,7912.94957600
1,259,0.000000,0.001000,0.00000000,0.53380337,0.00000000,0.00000000,1.86047713,0.00000000,0.00000000,2.39428050,0.00000000,0.00000000,26111.73341014,7912.94957600
1,260,0.000000,0.001000,0.00000000,0.53380337,0.00000000,0.00000000,1.86047713,0.00000000,0.00000000,2.39428050,0.00000000,0.00000000,24715.09780998,7912.94957600
1,261,0.000000,0.001000,0.00000000,0.53380337,0.00000000,0.00000000,1.86047713,0.00000000,0.00000000,2.39428050,0.00000000,0.00000000,23318.46220981,7912.94957600
1,262,0.000000,0.000000,0.00000000,0.00000000,0.00000000,0.00000000,2.39428050,0.00000000,0.00000000,2.39428050,0.00000000,0.00000000,21921.82660965,7912.94957600
1,263,0.000000,0.000000,0.00000000,0.00000000,0.00000000,0.00000000,2.39428050,0.00000000,0.00000000,2.39428050,0.00000000,0.00000000,20525.19100949,7912.94957600
1,264,0.000000,0.000000,0.00000000,0.00000000,0.00000000,0.00000000,2.39428050,0.00000000,0.00000000,2.39428050,0.00000000,0.00000000,19128.55540932,7912.94957600
1,265,0.000000,0.000000,0.00000000,0.00000000,0.00000000,0.00000000,2.39428050,0.00000000,0.00000000,2.39428050,0.00000000,0.00000000,17731.91980916,7912.94957600
1,266,0.000000,0.000000,0.00000000,0.00000000,0.00000000,0.00000000,2.39428050,0.00000000,0.00000000,2.39428050,0.00000000,0.00000000,16335.28420899,7912.94957600
1,267,0.000000,0.000000,0.00000000,0.00000000,0.00000000,0.00000000,2.39428050,0.00000000,0.00000000,2.39428050,0.00000000,0.00000000,14938.64860883,7912.94957600
1,268,0.000000,0.002000,0.00000000,1.06760674,0.00000000,0.00000000,1.32667376,0.00000000,0.00000000,2.39428050,0.00000000,0.00000000,13542.01300867,7912.94957600
1,269,0.000000,0.005000,0.00000000,2.39428050,0.00000000,0.27473636,0.00000000,0.00000000,0.00000000,2.39428050,0.00000000,0.00000000,12145.37740850,7912.94957600
1,270,0.000000,0.007000,0.00000000,2.39428050,0.00000000,1.34234311,0.00000000,0.00000000,0.00000000,2.39428050,0.00000000,0.00000000,10748.74180834,7912.94957600
1,271,0.059000,0.004000,17.49837583,2.13521349,0.00000000,0.00000000,2.99812817,0.00000000,18.04451651,22.63171749,19.63358932,397.26820275,9749.37441093,7912.94957600
1,272,0.167000,0.002000,49.52930109,1.06760674,0.00000000,0.00000000,3.83725618,0.00000000,46.79960341,54.43416402,50.59690784,949.32610644,9302.06491720,7912.94957600
1,273,0.278000,0.002000,82.44997427,1.06760674,0.00000000,0.00000000,4.63650846,0.00000000,77.61698112,88.15408948,83.51758102,1475.14997330,9380.57929034,7912.94957600
1,274,0.386000,0.003000,106.72863180,0.00000000,7.75226773,1.60141012,0.00000000,0.00000000,94.69756566,106.72863180,101.68074366,1745.79450000,9729.73819018,7912.94957600
1,275,0.500000,0.005000,106.72863180,0.00000000,41.56268883,2.66901686,0.00000000,0.00000000,94.69756566,106.72863180,101.68074366,1745.79450000,10078.89709001,7912.94957600
1,276,0.566000,0.010000,106.72863180,0.00000000,61.13714316,5.33803372,0.00000000,0.00000000,94.69756566,106.72863180,101.68074366,1745.79450000,10428.05598985,7912.94957600
1,277,0.575000,0.017000,106.72863180,0.00000000,63.80638693,9.07465733,0.00000000,0.00000000,94.69756566,106.72863180,101.68074366,1745.79450000,10777.21488969,7912.94957600
1,278,0.523000,0.027000,106.72863180,0.00000000,48.38408958,14.41269105,0.00000000,0.00000000,94.69756566,106.72863180,101.68074366,1745.79450000,11126.37378952,7912.94957600
1,279,0.420000,0.028000,106.72863180,0.00000000,17.83607753,14.94649442,0.00000000,0.00000000,94.69756566,106.72863180,101.68074366,1745.79450000,11475.53268936,7912.94957600
1,280,0.245000,0.016000,72.66274711,8.54085396,0.00000000,0.00000000,4.58197200,0.00000000,75.44651817,85.78557307,81.20360107,1439.27072304,11518.16781223,7912.94957600
1,281,0.093000,0.023000,27.58218564,12.27747756,0.00000000,0.00000000,3.55956536,0.00000000,36.79312411,43.41922856,39.85966320,766.63477283,10888.16698490,7912.94957600
1,282,0.000000,0.067000,0.00000000,35.76482594,0.00000000,0.00000000,3.44820668,0.00000000,32.99133599,39.21303263,35.76482594,693.37248803,10184.90387276,7912.94957600
1,283,0.000000,0.142000,0.00000000,75.80007887,0.00000000,0.00000000,4.45462043,0.00000000,70.37813168,80.25469930,75.80007887,1355.48679684,10143.75506944,7912.94957600
1,284,0.000000,0.187000,0.00000000,99.82123062,0.00000000,0.00000000,5.00588389,0.00000000,92.94859013,104.82711451,99.82123062,1718.16012181,10465.27959109,7912.94957600
1,285,0.000000,0.194000,0.00000000,103.55785423,0.00000000,0.00000000,3.17077757,0.00000000,94.69756566,106.72863180,101.68074366,1745.79450000,10814.43849092,7912.94957600
1,286,0.000000,0.184000,0.00000000,98.21982050,0.00000000,0.00000000,4.96970988,0.00000000,91.44237477,103.18953038,98.21982050,1694.36143266,11112.16432342,7912.94957600
1,287,0.000000,0.164000,0.00000000,87.54375306,0.00000000,0.00000000,4.72854983,0.00000000,81.40093904,92.27230289,87.54375306,1535.70350496,11251.23222821,7912.94957600
1,288,0.000000,0.125000,0.00000000,66.72542154,0.00000000,0.00000000,4.23865265,0.00000000,61.87181062,70.96407419,66.72542154,1213.40273060,11067.99935865,7912.94957600
1,289,0.000000,0.089000,0.00000000,47.50850014,0.00000000,0.00000000,3.75740482,0.00000000,43.92133086,51.26590496,47.50850014,896.79231842,10568.15607690,7912.94957600
1,290,0.000000,0.067000,0.00000000,35.76482594,0.00000000,0.00000000,3.44820668,0.00000000,32.99133599,39.21303263,35.76482594,693.37248803,9864.89296477,7912.94957600
1,291,0.000000,0.049000,0.00000000,26.15636524,0.00000000,0.00000000,3.18538687,0.00000000,24.07450639,29.34175211,26.15636524,520.46471407,8988.72207867,7912.94957600
1,292,0.000000,0.037000,0.00000000,19.75072478,0.00000000,0.00000000,3.00149094,0.00000000,18.15280255,22.75221572,19.75072478,399.48055516,7991.56703366,7912.94957600
1,293,0.000000,0.036000,0.00000000,19.21692140,0.00000000,0.00000000,2.98616628,0.00000000,17.65932724,22.20308769,19.21692140,389.39854191,6984.32997541,7912.94957600
1,294,0.000000,0.050000,0.00000000,26.69016862,0.00000000,0.00000000,3.20071153,0.00000000,24.56798171,29.89088014,26.69016862,530.54672731,6118.24110256,7912.94957600
1,295,0.086000,0.054000,25.50610715,28.82538210,0.00000000,0.00000000,3.33852543,0.00000000,49.73928100,57.67001469,53.75120360,1002.98064984,5724.58615223,7912.94957600
1,296,0.221000,0.078000,65.54476372,41.18386808,0.00000000,0.45279496,0.00000000,0.00000000,94.69756566,106.72863180,101.68074366,1745.79450000,6073.74505206,7912.94957600
1,297,0.336000,0.100000,99.65176747,7.07686434,0.00000000,46.30347289,0.00000000,0.00000000,94.69756566,106.72863180,101.68074366,1745.79450000,6422.90395190,7912.94957600
1,298,0.463000,0.114000,106.72863180,0.00000000,30.58913111,60.85358444,0.00000000,0.00000000,94.69756566,106.72863180,101.68074366,1745.79450000,6772.06285174,7912.94957600
1,299,0.517000,0.105000,106.72863180,0.00000000,46.60459373,56.04935409,0.00000000,0.00000000,94.69756566,106.72863180,101.68074366,1745.79450000,7121.22175157,7912.94957600
1,300,0.540000,0.091000,106.72863180,0.00000000,53.42599448,48.57610688,0.00000000,0.00000000,94.69756566,106.72863180,101.68074366,1745.79450000,7470.38065141,7912.94957600
1,301,0.510000,0.070000,106.72863180,0.00000000,44.52851524,37.36623606,0.00000000,0.00000000,94.69756566,106.72863180,101.68074366,1745.79450000,7819.53955124,7912.94957600
1,302,0.423000,0.054000,106.72863180,0.00000000,18.72582545,28.82538210,0.00000000,0.00000000,94.69756566,106.72863180,101.68074366,1745.79450000,8168.69845108,7912.94957600
1,303,0.348000,0.051000,103.21075916,3.51787264,0.00000000,23.70609935,0.00000000,0.00000000,94.69756566,106.72863180,101.68074366,1745.79450000,8517.85735092,7912.94957600
1,304,0.219000,0.062000,64.95159844,33.09580908,0.00000000,0.00000000,4.96581527,0.00000000,91.28021076,103.01322279,98.04740752,1691.79918894,8813.02093969,7912.94957600
1,305,0.083000,0.088000,24.61635923,46.97469676,0.00000000,0.00000000,4.35542112,0.00000000,66.43015961,75.94647711,71.59105599,1290.22409424,8706.60943376,7912.94957600
1,306,0.000000,0.131000,0.00000000,69.92824177,0.00000000,0.00000000,4.31623150,0.00000000,64.87047598,74.24447327,69.92824177,1264.44144759,8574.41528119,7912.94957600
1,307,0.000000,0.182000,0.00000000,97.15221376,0.00000000,0.00000000,4.94559387,0.00000000,90.43823120,102.09780763,97.15221376,1678.49563989,8856.27532091,7912.94957600
1,308,0.000000,0.197000,0.00000000,105.15926434,0.00000000,0.00000000,1.56936746,0.00000000,94.69756566,106.72863180,101.68074366,1745.79450000,9205.43422075,7912.94957600
1,309,0.000000,0.187000,0.00000000,99.82123062,0.00000000,0.00000000,5.00588389,0.00000000,92.94859013,104.82711451,99.82123062,1718.16012181,9526.95874240,7912.94957600
1,310,0.000000,0.178000,0.00000000,95.01700027,0.00000000,0.00000000,4.89736186,0.00000000,88.42994405,99.91436213,95.01700027,1646.76405435,9777.08719659,7912.94957600
1,311,0.000000,0.168000,0.00000000,89.67896655,0.00000000,0.00000000,4.77678184,0.00000000,83.40922619,94.45574839,89.67896655,1567.43509050,9947.88668692,7912.94957600
1,312,0.000000,0.153000,0.00000000,81.67191596,0.00000000,0.00000000,4.59300936,0.00000000,75.88578738,86.26492533,81.67191596,1446.53214609,9997.78323285,7912.94957600
1,313,0.000000,0.129000,0.00000000,68.86063503,0.00000000,0.00000000,4.29106988,0.00000000,63.86908404,73.15170490,68.86063503,1247.88774772,9849.03538041,7912.94957600
1,314,0.000000,0.093000,0.00000000,49.64371362,0.00000000,0.00000000,3.81261117,0.00000000,45.91126450,53.45632479,49.64371362,933.11228123,9385.51206147,7912.94957600
1,315,0.000000,0.049000,0.00000000,26.15636524,0.00000000,0.00000000,3.18538687,0.00000000,24.07450639,29.34175211,26.15636524,520.46471407,8509.34117537,7912.94957600
1,316,0.000000,0.018000,0.00000000,2.39428050,0.00000000,7.21418020,0.00000000,0.00000000,0.00000000,2.39428050,0.00000000,0.00000000,7112.70557521,7912.94957600
1,317,0.000000,0.005000,0.00000000,2.39428050,0.00000000,0.27473636,0.00000000,0.00000000,0.00000000,2.39428050,0.00000000,0.00000000,5716.06997504,7912.94957600
1,318,0.000000,0.002000,0.00000000,1.06760674,0.00000000,0.00000000,1.32667376,0.00000000,0.00000000,2.39428050,0.00000000,0.00000000,4319.43437488,7912.94957600
1,319,0.122000,0.002000,36.18308223,1.06760674,0.00000000,0.00000000,3.48861457,0.00000000,34.37086247,40.73930355,37.25068898,719.95662654,3642.75540126,7912.94957600
1,320,0.324000,0.008000,96.09277577,4.27042698,0.00000000,0.00000000,5.01812641,0.00000000,93.45834509,105.38132916,100.36320275,1726.21441475,3972.33421584,7912.94957600
1,321,0.489000,0.029000,106.72863180,0.00000000,38.30027978,15.48029780,0.00000000,0.00000000,94.69756566,106.72863180,101.68074366,1745.79450000,4321.49311568,7912.94957600
1,322,0.610000,0.029000,106.72863180,0.00000000,74.18677937,15.48029780,0.00000000,0.00000000,94.69756566,106.72863180,101.68074366,1745.79450000,4670.65201551,7912.94957600
1,323,0.676000,0.013000,106.72863180,0.00000000,93.76123369,6.93944384,0.00000000,0.00000000,94.69756566,106.72863180,101.68074366,1745.79450000,5019.81091535,7912.94957600
1,324,0.702000,0.007000,106.72863180,0.00000000,101.47238237,3.73662361,0.00000000,0.00000000,94.69756566,106.72863180,101.68074366,1745.79450000,5368.96981518,7912.94957600
1,325,0.672000,0.006000,106.72863180,0.00000000,92.57490313,3.20282023,0.00000000,0.00000000,94.69756566,106.72863180,101.68074366,1745.79450000,5718.12871502,7912.94957600
1,326,0.593000,0.008000,106.72863180,0.00000000,69.14487447,4.27042698,0.00000000,0.00000000,94.69756566,106.72863180,101.68074366,1745.79450000,6067.28761486,7912.94957600
1,327,0.465000,0.011000,106.72863180,0.00000000,31.18229639,5.87183710,0.00000000,0.00000000,94.69756566,106.72863180,101.68074366,1745.79450000,6416.44651469,7912.94957600
1,328,0.294000,0.017000,87.19529653,9.07465733,0.00000000,0.00000000,4.92566464,0.00000000,89.60841665,101.19561850,96.26995386,1665.38430204,6685.19521657,7912.94957600
1,329,0.093000,0.031000,27.58218564,16.54790454,0.00000000,0.00000000,3.67005540,0.00000000,40.77278780,47.80014558,44.13009018,839.32559456,6127.88521097,7912.94957600
1,330,0.000000,0.063000,0.00000000,33.62961246,0.00000000,0.00000000,3.39013977,0.00000000,31.00893016,37.01975223,33.62961246,655.17057451,5386.42018531,7912.94957600
1,331,0.000000,0.115000,0.00000000,61.38738782,0.00000000,0.00000000,4.10705873,0.00000000,56.88007667,65.49444655,61.38738782,1126.82778508,5116.61237023,7912.94957600
1,332,0.000000,0.167000,0.00000000,89.14516318,0.00000000,0.00000000,4.76472384,0.00000000,82.90715440,93.90988701,89.14516318,1559.50219411,5279.47896418,7912.94957600
1,333,0.000000,0.205000,0.00000000,106.72863180,0.00000000,2.70105952,0.00000000,0.00000000,94.69756566,106.72863180,101.68074366,1745.79450000,5628.63786401,7912.94957600
1,334,0.000000,0.220000,0.00000000,106.72863180,0.00000000,10.70811011,0.00000000,0.00000000,94.69756566,106.72863180,101.68074366,1745.79450000,5977.79676385,7912.94957600
1,335,0.000000,0.198000,0.00000000,105.69306772,0.00000000,0.00000000,1.03556408,0.00000000,94.69756566,106.72863180,101.68074366,1745.79450000,6326.95566368,7912.94957600
1,336,0.000000,0.142000,0.00000000,75.80007887,0.00000000,0.00000000,4.45462043,0.00000000,70.37813168,80.25469930,75.80007887,1355.48679684,6285.80686036,7912.94957600
1,337,0.000000,0.104000,0.00000000,55.51555072,0.00000000,0.00000000,3.96230542,0.00000000,51.38916934,59.47785614,55.51555072,1031.59534501,5920.76660521,7912.94957600
1,338,0.000000,0.096000,0.00000000,51.24512374,0.00000000,0.00000000,3.85401593,0.00000000,47.40371473,55.09913967,51.24512374,960.35225333,5484.48325837,7912.94957600
1,339,0.000000,0.090000,0.00000000,48.04230351,0.00000000,0.00000000,3.77120641,0.00000000,44.41881427,51.81350992,48.04230351,905.87230912,4993.71996733,7912.94957600
1,340,0.000000,0.074000,0.00000000,39.50144955,0.00000000,0.00000000,3.54982377,0.00000000,36.46054620,43.05127332,39.50144955,760.22583670,4357.31020386,7912.94957600
1,341,0.000000,0.064000,0.00000000,34.16341583,0.00000000,0.00000000,3.40465650,0.00000000,31.50453162,37.56807233,34.16341583,664.72105289,3625.39565658,7912.94957600
1,342,0.000000,0.070000,0.00000000,37.36623606,0.00000000,0.00000000,3.49175686,0.00000000,34.47814037,40.85799292,37.36623606,722.02392317,2950.78397959,7912.94957600
1,343,0.113000,0.045000,33.51383846,24.02115175,0.00000000,0.00000000,4.01208892,0.00000000,53.27759965,61.54707913,57.53499022,1064.34764174,2618.49602116,7912.94957600
1,344,0.265000,0.036000,78.59439994,19.21692140,0.00000000,0.00000000,4.96048235,0.00000000,91.05815857,102.77180369,97.81132134,1688.29069252,2910.15111352,7912.94957600
1,345,0.379000,0.041000,107.32720193,0.00000000,5.07761911,21.88593826,0.00000000,0.00000000,94.69756566,107.32720193,101.68074366,1745.79450000,2910.15111332,9891.18697000
1,346,0.427000,0.041000,107.32720193,0.00000000,19.31358589,21.88593826,0.00000000,0.00000000,94.69756566,107.32720193,101.68074366,1745.79450000,2910.15111311,9891.18697000
1,347,0.465000,0.038000,107.32720193,0.00000000,30.58372626,20.28452815,0.00000000,0.00000000,94.69756566,107.32720193,101.68074366,1745.79450000,2910.15111291,9891.18697000
1,348,0.451000,0.030000,107.32720193,0.00000000,26.43156928,16.01410117,0.00000000,0.00000000,94.69756566,107.32720193,101.68074366,1745.79450000,2910.15111270,9891.18697000
1,349,0.440000,0.035000,107.32720193,0.00000000,23.16916023,18.68311803,0.00000000,0.00000000,94.69756566,107.32720193,101.68074366,1745.79450000,2910.15111250,9891.18697000
1,350,0.341000,0.051000,101.13468067,6.19252125,0.00000000,21.03145073,0.00000000,0.00000000,94.69756566,107.32720193,101.68074366,1745.79450000,2910.15111229,9891.18697000
1,351,0.235000,0.069000,69.69692070,36.83243269,0.00000000,0.00000000,0.19927841,0.00000000,94.69756566,106.72863180,101.68074366,1745.79450000,3259.31001213,7912.94957600
1,352,0.123000,0.088000,36.47966488,46.97469676,0.00000000,0.00000000,4.63501849,0.00000000,77.55768272,88.08938013,83.45436164,1474.16972977,3336.84414173,7912.94957600
1,353,0.035000,0.105000,10.38039244,56.04935409,0.00000000,0.00000000,4.23136363,0.00000000,61.59531724,70.66111017,66.42974654,1208.60732306,3148.81586463,7912.94957600
1,354,0.000000,0.127000,0.00000000,67.79302828,0.00000000,0.00000000,4.26497143,0.00000000,62.87015740,72.05799972,67.79302828,1230.71771970,2982.89798416,7912.94957600
1,355,0.000000,0.160000,0.00000000,85.40853957,0.00000000,0.00000000,4.68031782,0.00000000,79.39265189,90.08885739,85.40853957,1503.97191942,3090.23430342,7912.94957600
1,356,0.000000,0.194000,0.00000000,103.55785423,0.00000000,0.00000000,3.17077757,0.00000000,94.69756566,106.72863180,101.68074366,1745.79450000,3439.39320325,7912.94957600
1,357,0.000000,0.226000,0.00000000,107.32720193,0.00000000,13.31236022,0.00000000,0.00000000,94.69756566,107.32720193,101.68074366,1745.79450000,3439.39320305,9891.18697000
1,358,0.000000,0.243000,0.00000000,107.32720193,0.00000000,22.38701754,0.00000000,0.00000000,94.69756566,107.32720193,101.68074366,1745.79450000,3439.39320284,9891.18697000
1,359,0.000000,0.233000,0.00000000,106.72863180,0.00000000,17.64755395,0.00000000,0.00000000,94.69756566,106.72863180,101.68074366,1745.79450000,3788.55210268,7912.94957600
1,360,0.000000,0.217000,0.00000000,107.32720193,0.00000000,8.50812986,0.00000000,0.00000000,94.69756566,107.32720193,101.68074366,1745.79450000,3788.55210248,9891.18697000
1,361,0.000000,0.214000,0.00000000,107.32720193,0.00000000,6.90671975,0.00000000,0.00000000,94.69756566,107.32720193,101.68074366,1745.79450000,3788.55210227,9891.18697000
1,362,0.000000,0.249000,0.00000000,107.32720193,0.00000000,25.58983778,0.00000000,0.00000000,94.69756566,107.32720193,101.68074366,1745.79450000,3788.55210207,9891.18697000
1,363,0.000000,0.266000,0.00000000,107.32720193,0.00000000,34.66449511,0.00000000,0.00000000,94.69756566,107.32720193,101.68074366,1745.79450000,3788.55210186,9891.18697000
1,364,0.000000,0.274000,0.00000000,107.32720193,0.00000000,38.93492209,0.00000000,0.00000000,94.69756566,107.32720193,101.68074366,1745.79450000,3788.55210166,9891.18697000
1,365,0.000000,0.259000,0.00000000,106.72863180,0.00000000,31.52644163,0.00000000,0.00000000,94.69756566,106.72863180,101.68074366,1745.79450000,4137.71100149,7912.94957600
1,366,0.000000,0.264000,0.00000000,106.72863180,0.00000000,34.19545849,0.00000000,0.00000000,94.69756566,106.72863180,101.68074366,1745.79450000,4486.86990133,7912.94957600
1,367,0.053000,0.216000,15.71887999,91.00975181,0.00000000,24.29177660,0.00000000,0.00000000,94.69756566,106.72863180,101.68074366,1745.79450000,4836.02880116,7912.94957600
1,368,0.153000,0.228000,45.37714411,61.95005781,0.00000000,59.75711107,0.00000000,0.00000000,94.69756566,107.32720193,101.68074366,1745.79450000,4836.02880096,9891.18697000
1,369,0.279000,0.294000,82.74655691,24.58064501,0.00000000,132.35754644,0.00000000,0.00000000,94.69756566,107.32720193,101.68074366,1745.79450000,4836.02880075,9891.18697000
1,370,0.399000,0.281000,107.32720193,0.00000000,11.00927194,149.99874762,0.00000000,0.00000000,94.69756566,107.32720193,101.68074366,1745.79450000,4836.02880055,9891.18697000
1,371,0.477000,0.220000,107.32720193,0.00000000,34.14271796,117.43674191,0.00000000,0.00000000,94.69756566,107.32720193,101.68074366,1745.79450000,4836.02880034,9891.18697000
1,372,0.512000,0.151000,107.32720193,0.00000000,44.52311040,80.60430922,0.00000000,0.00000000,94.69756566,107.32720193,101.68074366,1745.79450000,4836.02880014,9891.18697000
1,373,0.490000,0.117000,107.32720193,0.00000000,37.99829229,62.45499456,0.00000000,0.00000000,94.69756566,107.32720193,101.68074366,1745.79450000,4836.02879993,9891.18697000
1,374,0.422000,0.112000,107.32720193,0.00000000,17.83067269,59.78597770,0.00000000,0.00000000,94.69756566,107.32720193,101.68074366,1745.79450000,4836.02879973,9891.18697000
1,375,0.291000,0.121000,86.30554861,20.42308319,0.00000000,44.16712486,0.00000000,0.00000000,94.69756566,106.72863180,101.68074366,1745.79450000,5185.18769956,7912.94957600
1,376,0.148000,0.151000,43.89423091,62.83440089,0.00000000,17.76990832,0.00000000,0.00000000,94.69756566,106.72863180,101.68074366,1745.79450000,5534.34659940,7912.94957600
1,377,0.036000,0.192000,10.67697509,96.65022684,0.00000000,5.84002064,0.00000000,0.00000000,94.69756566,107.32720193,101.68074366,1745.79450000,5534.34659920,9891.18697000
1,378,0.000000,0.253000,0.00000000,107.32720193,0.00000000,27.72505127,0.00000000,0.00000000,94.69756566,107.32720193,101.68074366,1745.79450000,5534.34659899,9891.18697000
1,379,0.000000,0.312000,0.00000000,107.32720193,0.00000000,59.21945023,0.00000000,0.00000000,94.69756566,107.32720193,101.68074366,1745.79450000,5534.34659879,9891.18697000
1,380,0.000000,0.343000,0.00000000,106.72863180,0.00000000,76.36592490,0.00000000,0.00000000,94.69756566,106.72863180,101.68074366,1745.79450000,5883.50549862,7912.94957600
1,381,0.000000,0.412000,0.00000000,107.32720193,0.00000000,112.59978746,0.00000000,0.00000000,94.69756566,107.32720193,101.68074366,1745.79450000,5883.50549842,9891.18697000
1,382,0.000000,0.476000,0.00000000,107.32720193,0.00000000,146.76320329,0.00000000,0.00000000,94.69756566,107.32720193,101.68074366,1745.79450000,5883.50549821,9891.18697000
1,383,0.000000,0.513000,0.00000000,107.32720193,0.00000000,166.51392807,0.00000000,0.00000000,94.69756566,107.32720193,101.68074366,1745.79450000,5883.50549801,9891.18697000
1,384,0.000000,0.525000,0.00000000,107.32720193,0.00000000,172.91956853,0.00000000,0.00000000,94.69756566,107.32720193,101.68074366,1745.79450000,5883.50549780,9891.18697000
1,385,0.000000,0.519000,0.00000000,107.32720193,0.00000000,169.71674830,0.00000000,0.00000000,94.69756566,107.32720193,101.68074366,1745.79450000,5883.50549760,9891.18697000
1,386,0.000000,0.599000,0.00000000,107.32720193,0.00000000,212.42101809,0.00000000,0.00000000,94.69756566,107.32720193,101.68074366,1745.79450000,5883.50549739,9891.18697000
1,387,0.000000,0.615000,0.00000000,107.32720193,0.00000000,220.96187204,0.00000000,0.00000000,94.69756566,107.32720193,101.68074366,1745.79450000,5883.50549719,9891.18697000
1,388,0.000000,0.586000,0.00000000,107.32720193,0.00000000,205.48157425,0.00000000,0.00000000,94.69756566,107.32720193,101.68074366,1745.79450000,5883.50549698,9891.18697000
1,389,0.000000,0.548000,0.00000000,107.32720193,0.00000000,185.19704610,0.00000000,0.00000000,94.69756566,107.32720193,101.68074366,1745.79450000,5883.50549678,9891.18697000
1,390,0.000000,0.532000,0.00000000,106.72863180,0.00000000,177.25476227,0.00000000,0.00000000,94.69756566,106.72863180,101.68074366,1745.79450000,6232.66439661,7912.94957600
1,391,0.039000,0.501000,11.56672301,95.16190879,0.00000000,172.27358073,0.00000000,0.00000000,94.69756566,106.72863180,101.68074366,1745.79450000,6581.82329645,7912.94957600
1,392,0.153000,0.552000,45.37714411,61.35148769,0.00000000,233.30797383,0.00000000,0.00000000,94.69756566,106.72863180,101.68074366,1745.79450000,6930.98219628,7912.94957600
1,393,0.328000,0.706000,97.27910633,10.04809559,0.00000000,366.81708526,0.00000000,0.00000000,94.69756566,107.32720193,101.68074366,1745.79450000,6930.98219608,9891.18697000
1,394,0.444000,0.744000,107.32720193,0.00000000,24.35549080,397.14970900,0.00000000,0.00000000,94.69756566,107.32720193,101.68074366,1745.79450000,6930.98219587,9891.18697000
1,395,0.493000,0.738000,107.32720193,0.00000000,38.88804022,393.94688876,0.00000000,0.00000000,94.69756566,107.32720193,101.68074366,1745.79450000,6930.98219567,9891.18697000
1,396,0.501000,0.719000,107.32720193,0.00000000,41.26070135,383.80462469,0.00000000,0.00000000,94.69756566,107.32720193,101.68074366,1745.79450000,6930.98219546,9891.18697000
1,397,0.454000,0.685000,107.32720193,0.00000000,27.32131721,365.65531003,0.00000000,0.00000000,94.69756566,107.32720193,101.68074366,1745.79450000,6930.98219526,9891.18697000
1,398,0.380000,0.618000,107.32720193,0.00000000,5.37420175,329.89048408,0.00000000,0.00000000,94.69756566,107.32720193,101.68074366,1745.79450000,6930.98219505,9891.18697000
1,399,0.278000,0.501000,82.44997427,24.87722765,0.00000000,242.55826187,0.00000000,0.00000000,94.69756566,107.32720193,101.68074366,1745.79450000,6930.98219485,9891.18697000
1,400,0.162000,0.388000,48.04638788,59.28081404,0.00000000,147.83489441,0.00000000,0.00000000,94.69756566,107.32720193,101.68074366,1745.79450000,6930.98219464,9891.18697000
1,401,0.053000,0.345000,15.71887999,91.60832194,0.00000000,92.55384151,0.00000000,0.00000000,94.69756566,107.32720193,101.68074366,1745.79450000,6930.98219444,9891.18697000
1,402,0.000000,0.410000,0.00000000,106.72863180,0.00000000,112.13075084,0.00000000,0.00000000,94.69756566,106.72863180,101.68074366,1745.79450000,7280.14109428,7912.94957600
1,403,0.000000,0.484000,0.00000000,107.32720193,0.00000000,151.03363027,0.00000000,0.00000000,94.69756566,107.32720193,101.68074366,1745.79450000,7280.14109407,9891.18697000
1,404,0.000000,0.519000,0.00000000,106.72863180,0.00000000,170.31531843,0.00000000,0.00000000,94.69756566,106.72863180,101.68074366,1745.79450000,7629.29999391,7912.94957600
1,405,0.000000,0.501000,0.00000000,107.32720193,0.00000000,160.10828760,0.00000000,0.00000000,94.69756566,107.32720193,101.68074366,1745.79450000,7629.29999370,9891.18697000
1,406,0.000000,0.471000,0.00000000,107.32720193,0.00000000,144.09418643,0.00000000,0.00000000,94.69756566,107.32720193,101.68074366,1745.79450000,7629.29999350,9891.18697000
1,407,0.000000,0.450000,0.00000000,106.72863180,0.00000000,133.48288574,0.00000000,0.00000000,94.69756566,106.72863180,101.68074366,1745.79450000,7978.45889333,7912.94957600
1,408,0.000000,0.444000,0.00000000,107.32720193,0.00000000,129.68149538,0.00000000,0.00000000,94.69756566,107.32720193,101.68074366,1745.79450000,7978.45889313,9891.18697000
1,409,0.000000,0.446000,0.00000000,107.32720193,0.00000000,130.74910212,0.00000000,0.00000000,94.69756566,107.32720193,101.68074366,1745.79450000,7978.45889292,9891.18697000
1,410,0.000000,0.454000,0.00000000,107.32720193,0.00000000,135.01952910,0.00000000,0.00000000,94.69756566,107.32720193,101.68074366,1745.79450000,7978.45889272,9891.18697000
1,411,0.000000,0.454000,0.00000000,107.32720193,0.00000000,135.01952910,0.00000000,0.00000000,94.69756566,107.32720193,101.68074366,1745.79450000,7978.45889251,9891.18697000
1,412,0.000000,0.445000,0.00000000,107.32720193,0.00000000,130.21529875,0.00000000,0.00000000,94.69756566,107.32720193,101.68074366,1745.79450000,7978.45889231,9891.18697000
1,413,0.000000,0.437000,0.00000000,107.32720193,0.00000000,125.94487177,0.00000000,0.00000000,94.69756566,107.32720193,101.68074366,1745.79450000,7978.45889210,9891.18697000
1,414,0.000000,0.431000,0.00000000,106.72863180,0.00000000,123.34062166,0.00000000,0.00000000,94.69756566,106.72863180,101.68074366,1745.79450000,8327.61779194,7912.94957600
1,415,0.141000,0.379000,41.81815242,64.91047938,0.00000000,137.40099872,0.00000000,0.00000000,94.69756566,106.72863180,101.68074366,1745.79450000,8676.77669177,7912.94957600
1,416,0.342000,0.590000,101.43126331,5.89593861,0.00000000,309.04805105,0.00000000,0.00000000,94.69756566,107.32720193,101.68074366,1745.79450000,8676.77669157,9891.18697000
1,417,0.510000,0.615000,106.72863180,0.00000000,44.52851524,328.28907397,0.00000000,0.00000000,94.69756566,106.72863180,101.68074366,1745.79450000,9025.93559141,7912.94957600
1,418,0.625000,0.532000,107.32720193,0.00000000,78.03694886,283.98339407,0.00000000,0.00000000,94.69756566,107.32720193,101.68074366,1745.79450000,9025.93559120,9891.18697000
1,419,0.689000,0.416000,107.32720193,0.00000000,97.01823791,222.06220288,0.00000000,0.00000000,94.69756566,107.32720193,101.68074366,1745.79450000,9025.93559100,9891.18697000
1,420,0.706000,0.310000,106.72863180,0.00000000,102.65871293,165.47904541,0.00000000,0.00000000,94.69756566,106.72863180,101.68074366,1745.79450000,9375.09449083,7912.94957600
1,421,0.675000,0.233000,107.32720193,0.00000000,92.86608093,124.37618575,0.00000000,0.00000000,94.69756566,107.32720193,101.68074366,1745.79450000,9375.09449063,9891.18697000
1,422,0.596000,0.194000,106.72863180,0.00000000,70.03462239,103.55785423,0.00000000,0.00000000,94.69756566,106.72863180,101.68074366,1745.79450000,9724.25339046,7912.94957600
1,423,0.478000,0.188000,107.32720193,0.00000000,34.43930060,100.35503399,0.00000000,0.00000000,94.69756566,107.32720193,101.68074366,1745.79450000,9724.25339026,9891.18697000
1,424,0.308000,0.201000,91.34745351,15.97974842,0.00000000,91.31472942,0.00000000,0.00000000,94.69756566,107.32720193,101.68074366,1745.79450000,9724.25339005,9891.18697000
1,425,0.114000,0.231000,33.81042110,72.91821070,0.00000000,50.39036831,0.00000000,0.00000000,94.69756566,106.72863180,101.68074366,1745.79450000,10073.41228989,7912.94957600
1,426,0.000000,0.320000,0.00000000,107.32720193,0.00000000,63.48987721,0.00000000,0.00000000,94.69756566,107.32720193,101.68074366,1745.79450000,10073.41228968,9891.18697000
1,427,0.000000,0.447000,0.00000000,107.32720193,0.00000000,131.28290549,0.00000000,0.00000000,94.69756566,107.32720193,101.68074366,1745.79450000,10073.41228948,9891.18697000
1,428,0.000000,0.519000,0.00000000,107.32720193,0.00000000,169.71674830,0.00000000,0.00000000,94.69756566,107.32720193,101.68074366,1745.79450000,10073.41228927,9891.18697000
1,429,0.000000,0.548000,0.00000000,107.32720193,0.00000000,185.19704610,0.00000000,0.00000000,94.69756566,107.32720193,101.68074366,1745.79450000,10073.41228907,9891.18697000
1,430,0.000000,0.545000,0.00000000,107.32720193,0.00000000,183.59563598,0.00000000,0.00000000,94.69756566,107.32720193,101.68074366,1745.79450000,10073.41228886,9891.18697000
1,431,0.000000,0.519000,0.00000000,107.32720193,0.00000000,169.71674830,0.00000000,0.00000000,94.69756566,107.32720193,101.68074366,1745.79450000,10073.41228866,9891.18697000
1,432,0.000000,0.471000,0.00000000,107.32720193,0.00000000,144.09418643,0.00000000,0.00000000,94.69756566,107.32720193,101.68074366,1745.79450000,10073.41228845,9891.18697000
1,433,0.000000,0.442000,0.00000000,107.32720193,0.00000000,128.61388863,0.00000000,0.00000000,94.69756566,107.32720193,101.68074366,1745.79450000,10073.41228825,9891.18697000
1,434,0.000000,0.432000,0.00000000,107.32720193,0.00000000,123.27585491,0.00000000,0.00000000,94.69756566,107.32720193,101.68074366,1745.79450000,10073.41228804,9891.18697000
1,435,0.000000,0.432000,0.00000000,106.72863180,0.00000000,123.87442504,0.00000000,0.00000000,94.69756566,106.72863180,101.68074366,1745.79450000,10422.57118788,7912.94957600
1,436,0.000000,0.429000,0.00000000,107.32720193,0.00000000,121.67444479,0.00000000,0.00000000,94.69756566,107.32720193,101.68074366,1745.79450000,10422.57118767,9891.18697000
1,437,0.000000,0.415000,0.00000000,107.32720193,0.00000000,114.20119758,0.00000000,0.00000000,94.69756566,107.32720193,101.68074366,1745.79450000,10422.57118747,9891.18697000
1,438,0.000000,0.395000,0.00000000,107.32720193,0.00000000,103.52513013,0.00000000,0.00000000,94.69756566,107.32720193,101.68074366,1745.79450000,10422.57118726,9891.18697000
1,439,0.146000,0.305000,43.30106562,64.02613630,0.00000000,98.78389225,0.00000000,0.00000000,94.69756566,107.32720193,101.68074366,1745.79450000,10422.57118706,9891.18697000
1,440,0.351000,0.464000,104.10050708,2.62812472,0.00000000,245.05664003,0.00000000,0.00000000,94.69756566,106.72863180,101.68074366,1745.79450000,10771.73008690,7912.94957600
1,441,0.518000,0.484000,107.32720193,0.00000000,46.30260625,258.36083220,0.00000000,0.00000000,94.69756566,107.32720193,101.68074366,1745.79450000,10771.73008669,9891.18697000
1,442,0.631000,0.437000,107.32720193,0.00000000,79.81644471,233.27207370,0.00000000,0.00000000,94.69756566,107.32720193,101.68074366,1745.79450000,10771.73008649,9891.18697000
1,443,0.695000,0.382000,107.32720193,0.00000000,98.79773375,203.91288822,0.00000000,0.00000000,94.69756566,107.32720193,101.68074366,1745.79450000,10771.73008628,9891.18697000
1,444,0.712000,0.331000,107.32720193,0.00000000,103.83963865,176.68891623,0.00000000,0.00000000,94.69756566,107.32720193,101.68074366,1745.79450000,10771.73008608,9891.18697000
1,445,0.686000,0.302000,106.72863180,0.00000000,96.72706011,161.20861844,0.00000000,0.00000000,94.69756566,106.72863180,101.68074366,1745.79450000,11120.88898591,7912.94957600
1,446,0.606000,0.282000,107.32720193,0.00000000,72.40187868,150.53255099,0.00000000,0.00000000,94.69756566,107.32720193,101.68074366,1745.79450000,11120.88898571,9891.18697000
1,447,0.468000,0.272000,107.32720193,0.00000000,31.47347419,145.19451727,0.00000000,0.00000000,94.69756566,107.32720193,101.68074366,1745.79450000,11120.88898550,9891.18697000
1,448,0.308000,0.265000,91.34745351,15.97974842,0.00000000,125.47814524,0.00000000,0.00000000,94.69756566,107.32720193,101.68074366,1745.79450000,11120.88898530,9891.18697000
1,449,0.112000,0.264000,33.21725582,74.10994610,0.00000000,66.81414418,0.00000000,0.00000000,94.69756566,107.32720193,101.68074366,1745.79450000,11120.88898509,9891.18697000
1,450,0.000000,0.323000,0.00000000,107.32720193,0.00000000,65.09128733,0.00000000,0.00000000,94.69756566,107.32720193,101.68074366,1745.79450000,11120.88898489,9891.18697000
1,451,0.000000,0.407000,0.00000000,107.32720193,0.00000000,109.93077060,0.00000000,0.00000000,94.69756566,107.32720193,101.68074366,1745.79450000,11120.88898468,9891.18697000
1,452,0.000000,0.446000,0.00000000,107.32720193,0.00000000,130.74910212,0.00000000,0.00000000,94.69756566,107.32720193,101.68074366,1745.79450000,11120.88898448,9891.18697000
1,453,0.000000,0.430000,0.00000000,107.32720193,0.00000000,122.20824817,0.00000000,0.00000000,94.69756566,107.32720193,101.68074366,1745.79450000,11120.88898427,9891.18697000
1,454,0.000000,0.407000,0.00000000,107.32720193,0.00000000,109.93077060,0.00000000,0.00000000,94.69756566,107.32720193,101.68074366,1745.79450000,11120.88898407,9891.18697000
1,455,0.000000,0.372000,0.00000000,106.72863180,0.00000000,91.84622270,0.00000000,0.00000000,94.69756566,106.72863180,101.68074366,1745.79450000,11470.04788390,7912.94957600
1,456,0.000000,0.334000,0.00000000,107.32720193,0.00000000,70.96312442,0.00000000,0.00000000,94.69756566,107.32720193,101.68074366,1745.79450000,11470.04788370,9891.18697000
1,457,0.000000,0.320000,0.00000000,107.32720193,0.00000000,63.48987721,0.00000000,0.00000000,94.69756566,107.32720193,101.68074366,1745.79450000,11470.04788349,9891.18697000
1,458,0.000000,0.316000,0.00000000,107.32720193,0.00000000,61.35466372,0.00000000,0.00000000,94.69756566,107.32720193,101.68074366,1745.79450000,11470.04788329,9891.18697000
1,459,0.000000,0.314000,0.00000000,107.32720193,0.00000000,60.28705698,0.00000000,0.00000000,94.69756566,107.32720193,101.68074366,1745.79450000,11470.04788308,9891.18697000
1,460,0.000000,0.315000,0.00000000,107.32720193,0.00000000,60.82086035,0.00000000,0.00000000,94.69756566,107.32720193,101.68074366,1745.79450000,11470.04788288,9891.18697000
1,461,0.000000,0.316000,0.00000000,107.32720193,0.00000000,61.35466372,0.00000000,0.00000000,94.69756566,107.32720193,101.68074366,1745.79450000,11470.04788267,9891.18697000
1,462,0.000000,0.313000,0.00000000,106.72863180,0.00000000,60.35182373,0.00000000,0.00000000,94.69756566,106.72863180,101.68074366,1745.79450000,11819.20678251,7912.94957600
1,463,0.137000,0.248000,40.63182185,66.69538007,0.00000000,65.68785626,0.00000000,0.00000000,94.69756566,107.32720193,101.68074366,1745.79450000,11819.20678230,9891.18697000
1,464,0.333000,0.387000,98.76201954,8.56518238,0.00000000,198.01672270,0.00000000,0.00000000,94.69756566,107.32720193,101.68074366,1745.79450000,11819.20678210,9891.18697000
1,465,0.495000,0.391000,107.32720193,0.00000000,39.48120550,208.71711857,0.00000000,0.00000000,94.69756566,107.32720193,101.68074366,1745.79450000,11819.20678189,9891.18697000
1,466,0.607000,0.322000,106.72863180,0.00000000,73.29703145,171.88468588,0.00000000,0.00000000,94.69756566,106.72863180,101.68074366,1745.79450000,12168.36568173,7912.94957600
1,467,0.669000,0.242000,107.32720193,0.00000000,91.08658508,129.18041610,0.00000000,0.00000000,94.69756566,107.32720193,101.68074366,1745.79450000,12168.36568152,9891.18697000
1,468,0.685000,0.174000,107.32720193,0.00000000,95.83190734,92.88178678,0.00000000,0.00000000,94.69756566,107.32720193,101.68074366,1745.79450000,12168.36568132,9891.18697000
1,469,0.648000,0.138000,106.72863180,0.00000000,85.45691974,73.66486538,0.00000000,0.00000000,94.69756566,106.72863180,101.68074366,1745.79450000,12517.52458116,7912.94957600
1,470,0.576000,0.122000,107.32720193,0.00000000,63.50439944,65.12401142,0.00000000,0.00000000,94.69756566,107.32720193,101.68074366,1745.79450000,12517.52458095,9891.18697000
1,471,0.461000,0.119000,107.32720193,0.00000000,29.39739570,63.52260130,0.00000000,0.00000000,94.69756566,107.32720193,101.68074366,1745.79450000,12517.52458075,9891.18697000
1,472,0.285000,0.123000,84.52605276,22.80114917,0.00000000,42.85666563,0.00000000,0.00000000,94.69756566,107.32720193,101.68074366,1745.79450000,12517.52458054,9891.18697000
1,473,0.095000,0.152000,28.17535092,79.15185101,0.00000000,1.98626158,0.00000000,0.00000000,94.69756566,107.32720193,101.68074366,1745.79450000,12517.52458034,9891.18697000
1,474,0.000000,0.225000,0.00000000,106.72863180,0.00000000,13.37712697,0.00000000,0.00000000,94.69756566,106.72863180,101.68074366,1745.79450000,12866.68348017,7912.94957600
1,475,0.000000,0.337000,0.00000000,107.32720193,0.00000000,72.56453454,0.00000000,0.00000000,94.69756566,107.32720193,101.68074366,1745.79450000,12866.68347997,9891.18697000
1,476,0.000000,0.426000,0.00000000,106.72863180,0.00000000,120.67160480,0.00000000,0.00000000,94.69756566,106.72863180,101.68074366,1745.79450000,13215.84237980,7912.94957600
1,477,0.000000,0.498000,0.00000000,107.32720193,0.00000000,158.50687748,0.00000000,0.00000000,94.69756566,107.32720193,101.68074366,1745.79450000,13215.84237960,9891.18697000
1,478,0.000000,0.494000,0.00000000,107.32720193,0.00000000,156.37166399,0.00000000,0.00000000,94.69756566,107.32720193,101.68074366,1745.79450000,13215.84237939,9891.18697000
1,479,0.000000,0.426000,0.00000000,107.32720193,0.00000000,120.07303468,0.00000000,0.00000000,94.69756566,107.32720193,101.68074366,1745.79450000,13215.84237919,9891.18697000
1,480,0.000000,0.398000,0.00000000,107.32720193,0.00000000,105.12654025,0.00000000,0.00000000,94.69756566,107.32720193,101.68074366,1745.79450000,13215.84237898,9891.18697000
1,481,0.000000,0.391000,0.00000000,106.72863180,0.00000000,101.98848677,0.00000000,0.00000000,94.69756566,106.72863180,101.68074366,1745.79450000,13565.00127882,7912.94957600
1,482,0.000000,0.415000,0.00000000,107.32720193,0.00000000,114.20119758,0.00000000,0.00000000,94.69756566,107.32720193,101.68074366,1745.79450000,13565.00127861,9891.18697000
1,483,0.000000,0.400000,0.00000000,107.32720193,0.00000000,106.19414700,0.00000000,0.00000000,94.69756566,107.32720193,101.68074366,1745.79450000,13565.00127841,9891.18697000
1,484,0.000000,0.410000,0.00000000,107.32720193,0.00000000,111.53218072,0.00000000,0.00000000,94.69756566,107.32720193,101.68074366,1745.79450000,13565.00127820,9891.18697000
1,485,0.000000,0.398000,0.00000000,107.32720193,0.00000000,105.12654025,0.00000000,0.00000000,94.69756566,107.32720193,101.68074366,1745.79450000,13565.00127800,9891.18697000
1,486,0.000000,0.358000,0.00000000,107.32720193,0.00000000,83.77440536,0.00000000,0.00000000,94.69756566,107.32720193,101.68074366,1745.79450000,13565.00127779,9891.18697000
1,487,0.095000,0.249000,28.17535092,79.15185101,0.00000000,53.76518870,0.00000000,0.00000000,94.69756566,107.32720193,101.68074366,1745.79450000,13565.00127759,9891.18697000
1,488,0.298000,0.328000,88.38162710,18.94557483,0.00000000,156.14193129,0.00000000,0.00000000,94.69756566,107.32720193,101.68074366,1745.79450000,13565.00127738,9891.18697000
1,489,0.480000,0.386000,107.32720193,0.00000000,35.03246588,206.04810171,0.00000000,0.00000000,94.69756566,107.32720193,101.68074366,1745.79450000,13565.00127718,9891.18697000
1,490,0.601000,0.311000,107.32720193,0.00000000,70.91896547,166.01284879,0.00000000,0.00000000,94.69756566,107.32720193,101.68074366,1745.79450000,13565.00127697,9891.18697000
1,491,0.671000,0.224000,107.32720193,0.00000000,91.67975036,119.57195540,0.00000000,0.00000000,94.69756566,107.32720193,101.68074366,1745.79450000,13565.00127677,9891.18697000
1,492,0.696000,0.153000,107.32720193,0.00000000,99.09431639,81.67191596,0.00000000,0.00000000,94.69756566,107.32720193,101.68074366,1745.79450000,13565.00127656,9891.18697000
1,493,0.673000,0.111000,107.32720193,0.00000000,92.27291565,59.25217433,0.00000000,0.00000000,94.69756566,107.32720193,101.68074366,1745.79450000,13565.00127636,9891.18697000
1,494,0.588000,0.095000,106.72863180,0.00000000,67.66196126,50.71132037,0.00000000,0.00000000,94.69756566,106.72863180,101.68074366,1745.79450000,13914.16017619,7912.94957600
1,495,0.469000,0.100000,107.32720193,0.00000000,31.77005683,53.38033723,0.00000000,0.00000000,94.69756566,107.32720193,101.68074366,1745.79450000,13914.16017599,9891.18697000
1,496,0.282000,0.124000,83.63630484,23.69089709,0.00000000,42.50072108,0.00000000,0.00000000,94.69756566,107.32720193,101.68074366,1745.79450000,13914.16017578,9891.18697000
1,497,0.102000,0.182000,30.25142941,77.07577252,0.00000000,20.07644124,0.00000000,0.00000000,94.69756566,107.32720193,101.68074366,1745.79450000,13914.16017558,9891.18697000
1,498,0.000000,0.285000,0.00000000,107.32720193,0.00000000,44.80675918,0.00000000,0.00000000,94.69756566,107.32720193,101.68074366,1745.79450000,13914.16017537,9891.18697000
1,499,0.000000,0.402000,0.00000000,107.32720193,0.00000000,107.26175374,0.00000000,0.00000000,94.69756566,107.32720193,101.68074366,1745.79450000,13914.16017517,9891.18697000
1,500,0.000000,0.475000,0.00000000,107.32720193,0.00000000,146.22939992,0.00000000,0.00000000,94.69756566,107.32720193,101.68074366,1745.79450000,13914.16017496,9891.18697000
1,501,0.000000,0.517000,0.00000000,107.32720193,0.00000000,168.64914156,0.00000000,0.00000000,94.69756566,107.32720193,101.68074366,1745.79450000,13914.16017476,9891.18697000
1,502,0.000000,0.544000,0.00000000,107.32720193,0.00000000,183.06183261,0.00000000,0.00000000,94.69756566,107.32720193,101.68074366,1745.79450000,13914.16017455,9891.18697000
1,503,0.000000,0.501000,0.00000000,107.32720193,0.00000000,160.10828760,0.00000000,0.00000000,94.69756566,107.32720193,101.68074366,1745.79450000,13914.16017435,9891.18697000
1,504,0.000000,0.429000,0.00000000,107.32720193,0.00000000,121.67444479,0.00000000,0.00000000,94.69756566,107.32720193,101.68074366,1745.79450000,13914.16017414,9891.18697000
1,505,0.000000,0.378000,0.00000000,107.32720193,0.00000000,94.45047281,0.00000000,0.00000000,94.69756566,107.32720193,101.68074366,1745.79450000,13914.16017394,9891.18697000
1,506,0.000000,0.327000,0.00000000,107.32720193,0.00000000,67.22650082,0.00000000,0.00000000,94.69756566,107.32720193,101.68074366,1745.79450000,13914.16017373,9891.18697000
1,507,0.000000,0.322000,0.00000000,107.32720193,0.00000000,64.55748396,0.00000000,0.00000000,94.69756566,107.32720193,101.68074366,1745.79450000,13914.16017353,9891.18697000
1,508,0.000000,0.342000,0.00000000,107.32720193,0.00000000,75.23355140,0.00000000,0.00000000,94.69756566,107.32720193,101.68074366,1745.79450000,13914.16017332,9891.18697000
1,509,0.000000,0.362000,0.00000000,107.32720193,0.00000000,85.90961885,0.00000000,0.00000000,94.69756566,107.32720193,101.68074366,1745.79450000,13914.16017312,9891.18697000
1,510,0.000000,0.368000,0.00000000,107.32720193,0.00000000,89.11243908,0.00000000,0.00000000,94.69756566,107.32720193,101.68074366,1745.79450000,13914.16017291,9891.18697000
1,511,0.119000,0.283000,35.29333431,72.03386762,0.00000000,79.03248675,0.00000000,0.00000000,94.69756566,107.32720193,101.68074366,1745.79450000,13914.16017271,9891.18697000
1,512,0.316000,0.392000,93.72011464,13.60708729,0.00000000,195.64383466,0.00000000,0.00000000,94.69756566,107.32720193,101.68074366,1745.79450000,13914.16017250,9891.18697000
1,513,0.485000,0.449000,107.32720193,0.00000000,36.51537909,239.67771417,0.00000000,0.00000000,94.69756566,107.32720193,101.68074366,1745.79450000,13914.16017230,9891.18697000
1,514,0.608000,0.401000,107.32720193,0.00000000,72.99504396,214.05515229,0.00000000,0.00000000,94.69756566,107.32720193,101.68074366,1745.79450000,13914.16017209,9891.18697000
1,515,0.671000,0.337000,107.32720193,0.00000000,91.67975036,179.89173647,0.00000000,0.00000000,94.69756566,107.32720193,101.68074366,1745.79450000,13914.16017189,9891.18697000
1,516,0.674000,0.273000,107.32720193,0.00000000,92.56949829,145.72832064,0.00000000,0.00000000,94.69756566,107.32720193,101.68074366,1745.79450000,13914.16017168,9891.18697000
1,517,0.621000,0.234000,107.32720193,0.00000000,76.85061830,124.90998912,0.00000000,0.00000000,94.69756566,107.32720193,101.68074366,1745.79450000,13914.16017148,9891.18697000
1,518,0.532000,0.228000,107.32720193,0.00000000,50.45476323,121.70716889,0.00000000,0.00000000,94.69756566,107.32720193,101.68074366,1745.79450000,13914.16017127,9891.18697000
1,519,0.383000,0.252000,107.32720193,0.00000000,6.26394968,134.51844982,0.00000000,0.00000000,94.69756566,107.32720193,101.68074366,1745.79450000,13914.16017107,9891.18697000
1,520,0.219000,0.283000,64.95159844,42.37560349,0.00000000,108.69075087,0.00000000,0.00000000,94.69756566,107.32720193,101.68074366,1745.79450000,13914.16017086,9891.18697000
1,521,0.076000,0.292000,22.54028074,84.18835106,0.00000000,71.68223365,0.00000000,0.00000000,94.69756566,106.72863180,101.68074366,1745.79450000,14263.31907070,7912.94957600
1,522,0.000000,0.354000,0.00000000,107.32720193,0.00000000,81.63919187,0.00000000,0.00000000,94.69756566,107.32720193,101.68074366,1745.79450000,14263.31907050,9891.18697000
1,523,0.000000,0.432000,0.00000000,106.85426337,0.00000000,123.74879347,0.00000000,0.00000000,94.69756566,106.85426337,101.68074366,1745.79450000,14539.19436032,8328.15416532
1,524,0.000000,0.464000,0.00000000,107.32720193,0.00000000,140.35756282,0.00000000,0.00000000,94.69756566,107.32720193,101.68074366,1745.79450000,14539.19436011,9891.18697000
1,525,0.000000,0.455000,0.00000000,107.32720193,0.00000000,135.55333247,0.00000000,0.00000000,94.69756566,107.32720193,101.68074366,1745.79450000,14539.19435991,9891.18697000
1,526,0.000000,0.425000,0.00000000,106.72863180,0.00000000,120.13780143,0.00000000,0.00000000,94.69756566,106.72863180,101.68074366,1745.79450000,14888.35325974,7912.94957600
1,527,0.000000,0.389000,0.00000000,107.32720193,0.00000000,100.32230990,0.00000000,0.00000000,94.69756566,107.32720193,101.68074366,1745.79450000,14888.35325954,9891.18697000
1,528,0.000000,0.368000,0.00000000,107.32720193,0.00000000,89.11243908,0.00000000,0.00000000,94.69756566,107.32720193,101.68074366,1745.79450000,14888.35325933,9891.18697000
1,529,0.000000,0.361000,0.00000000,107.32720193,0.00000000,85.37581548,0.00000000,0.00000000,94.69756566,107.32720193,101.68074366,1745.79450000,14888.35325913,9891.18697000
1,530,0.000000,0.375000,0.00000000,106.72863180,0.00000000,93.44763281,0.00000000,0.00000000,94.69756566,106.72863180,101.68074366,1745.79450000,15237.51215896,7912.94957600
1,531,0.000000,0.401000,0.00000000,107.32720193,0.00000000,106.72795037,0.00000000,0.00000000,94.69756566,107.32720193,101.68074366,1745.79450000,15237.51215876,9891.18697000
1,532,0.000000,0.398000,0.00000000,107.32720193,0.00000000,105.12654025,0.00000000,0.00000000,94.69756566,107.32720193,101.68074366,1745.79450000,15237.51215855,9891.18697000
1,533,0.000000,0.376000,0.00000000,107.32720193,0.00000000,93.38286606,0.00000000,0.00000000,94.69756566,107.32720193,101.68074366,1745.79450000,15237.51215835,9891.18697000
1,534,0.000000,0.352000,0.00000000,107.32720193,0.00000000,80.57158513,0.00000000,0.00000000,94.69756566,107.32720193,101.68074366,1745.79450000,15237.51215814,9891.18697000
1,535,0.118000,0.239000,34.99675167,71.73188013,0.00000000,55.84712585,0.00000000,0.00000000,94.69756566,106.72863180,101.68074366,1745.79450000,15586.67105798,7912.94957600
1,536,0.322000,0.309000,95.49961049,11.82759144,0.00000000,153.11765060,0.00000000,0.00000000,94.69756566,107.32720193,101.68074366,1745.79450000,15586.67105777,9891.18697000
1,537,0.488000,0.442000,107.32720193,0.00000000,37.40512701,235.94109056,0.00000000,0.00000000,94.69756566,107.32720193,101.68074366,1745.79450000,15586.67105757,9891.18697000
1,538,0.589000,0.453000,107.32720193,0.00000000,67.35997378,241.81292765,0.00000000,0.00000000,94.69756566,107.32720193,101.68074366,1745.79450000,15586.67105736,9891.18697000
1,539,0.635000,0.411000,107.32720193,0.00000000,81.00277528,219.39318602,0.00000000,0.00000000,94.69756566,107.32720193,101.68074366,1745.79450000,15586.67105716,9891.18697000
1,540,0.647000,0.379000,106.72863180,0.00000000,85.16033710,202.31147810,0.00000000,0.00000000,94.69756566,106.72863180,101.68074366,1745.79450000,15935.82995700,7912.94957600
1,541,0.634000,0.393000,107.32720193,0.00000000,80.70619264,209.78472532,0.00000000,0.00000000,94.69756566,107.32720193,101.68074366,1745.79450000,15935.82995679,9891.18697000
1,542,0.574000,0.434000,106.72863180,0.00000000,63.50980429,231.67066358,0.00000000,0.00000000,94.69756566,106.72863180,101.68074366,1745.79450000,16284.98885663,7912.94957600
1,543,0.466000,0.484000,107.32720193,0.00000000,30.88030890,258.36083220,0.00000000,0.00000000,94.69756566,107.32720193,101.68074366,1745.79450000,16284.98885642,9891.18697000
1,544,0.287000,0.518000,85.11921804,22.20798388,0.00000000,254.30216297,0.00000000,0.00000000,94.69756566,107.32720193,101.68074366,1745.79450000,16284.98885622,9891.18697000
1,545,0.112000,0.535000,33.21725582,74.10994610,0.00000000,211.47485808,0.00000000,0.00000000,94.69756566,107.32720193,101.68074366,1745.79450000,16284.98885601,9891.18697000
1,546,0.000000,0.575000,0.00000000,107.32720193,0.00000000,199.60973715,0.00000000,0.00000000,94.69756566,107.32720193,101.68074366,1745.79450000,16284.98885581,9891.18697000
1,547,0.000000,0.606000,0.00000000,107.32720193,0.00000000,216.15764169,0.00000000,0.00000000,94.69756566,107.32720193,101.68074366,1745.79450000,16284.98885560,9891.18697000
1,548,0.000000,0.574000,0.00000000,107.32720193,0.00000000,199.07593378,0.00000000,0.00000000,94.69756566,107.32720193,101.68074366,1745.79450000,16284.98885540,9891.18697000
1,549,0.000000,0.524000,0.00000000,107.32720193,0.00000000,172.38576516,0.00000000,0.00000000,94.69756566,107.32720193,101.68074366,1745.79450000,16284.98885519,9891.18697000
1,550,0.000000,0.479000,0.00000000,106.72863180,0.00000000,148.96318353,0.00000000,0.00000000,94.69756566,106.72863180,101.68074366,1745.79450000,16634.14775503,7912.94957600
1,551,0.000000,0.446000,0.00000000,106.72863180,0.00000000,131.34767225,0.00000000,0.00000000,94.69756566,106.72863180,101.68074366,1745.79450000,16983.30665486,7912.94957600
1,552,0.000000,0.410000,0.00000000,107.32720193,0.00000000,111.53218072,0.00000000,0.00000000,94.69756566,107.32720193,101.68074366,1745.79450000,16983.30665466,9891.18697000
1,553,0.000000,0.379000,0.00000000,107.32720193,0.00000000,94.98427618,0.00000000,0.00000000,94.69756566,107.32720193,101.68074366,1745.79450000,16983.30665445,9891.18697000
1,554,0.000000,0.361000,0.00000000,107.32720193,0.00000000,85.37581548,0.00000000,0.00000000,94.69756566,107.32720193,101.68074366,1745.79450000,16983.30665425,9891.18697000
1,555,0.000000,0.355000,0.00000000,106.72863180,0.00000000,82.77156537,0.00000000,0.00000000,94.69756566,106.72863180,101.68074366,1745.79450000,17332.46555408,7912.94957600
1,556,0.000000,0.341000,0.00000000,107.32720193,0.00000000,74.69974803,0.00000000,0.00000000,94.69756566,107.32720193,101.68074366,1745.79450000,17332.46555388,9891.18697000
1,557,0.000000,0.312000,0.00000000,106.72863180,0.00000000,59.81802036,0.00000000,0.00000000,94.69756566,106.72863180,101.68074366,1745.79450000,17681.62445372,7912.94957600
1,558,0.000000,0.282000,0.00000000,107.32720193,0.00000000,43.20534906,0.00000000,0.00000000,94.69756566,107.32720193,101.68074366,1745.79450000,17681.62445351,9891.18697000
1,559,0.052000,0.208000,15.42229735,91.90490458,0.00000000,19.12619686,0.00000000,0.00000000,94.69756566,107.32720193,101.68074366,1745.79450000,17681.62445331,9891.18697000
1,560,0.149000,0.156000,44.19081355,62.53781825,0.00000000,20.73550783,0.00000000,0.00000000,94.69756566,106.72863180,101.68074366,1745.79450000,18030.78335314,7912.94957600
1,561,0.282000,0.239000,83.63630484,23.09232696,0.00000000,104.48667902,0.00000000,0.00000000,94.69756566,106.72863180,101.68074366,1745.79450000,18379.94225298,7912.94957600
1,562,0.450000,0.374000,107.32720193,0.00000000,26.13498664,199.64246124,0.00000000,0.00000000,94.69756566,107.32720193,101.68074366,1745.79450000,18379.94225277,9891.18697000
1,563,0.589000,0.406000,107.32720193,0.00000000,67.35997378,216.72416916,0.00000000,0.00000000,94.69756566,107.32720193,101.68074366,1745.79450000,18379.94225257,9891.18697000
1,564,0.661000,0.358000,107.32720193,0.00000000,88.71392395,191.10160729,0.00000000,0.00000000,94.69756566,107.32720193,101.68074366,1745.79450000,18379.94225236,9891.18697000
1,565,0.664000,0.312000,107.32720193,0.00000000,89.60367187,166.54665216,0.00000000,0.00000000,94.69756566,107.32720193,101.68074366,1745.79450000,18379.94225216,9891.18697000
1,566,0.602000,0.276000,107.32720193,0.00000000,71.21554812,147.32973076,0.00000000,0.00000000,94.69756566,107.32720193,101.68074366,1745.79450000,18379.94225195,9891.18697000
1,567,0.488000,0.265000,107.32720193,0.00000000,37.40512701,141.45789366,0.00000000,0.00000000,94.69756566,107.32720193,101.68074366,1745.79450000,18379.94225175,9891.18697000
1,568,0.316000,0.280000,93.72011464,13.60708729,0.00000000,135.85785696,0.00000000,0.00000000,94.69756566,107.32720193,101.68074366,1745.79450000,18379.94225154,9891.18697000
1,569,0.113000,0.289000,33.51383846,73.81336346,0.00000000,80.45581113,0.00000000,0.00000000,94.69756566,107.32720193,101.68074366,1745.79450000,18379.94225134,9891.18697000
1,570,0.000000,0.355000,0.00000000,106.72863180,0.00000000,82.77156537,0.00000000,0.00000000,94.69756566,106.72863180,101.68074366,1745.79450000,18729.10115117,7912.94957600
1,571,0.000000,0.420000,0.00000000,107.32720193,0.00000000,116.87021444,0.00000000,0.00000000,94.69756566,107.32720193,101.68074366,1745.79450000,18729.10115097,9891.18697000
1,572,0.000000,0.442000,0.00000000,107.32720193,0.00000000,128.61388863,0.00000000,0.00000000,94.69756566,107.32720193,101.68074366,1745.79450000,18729.10115076,9891.18697000
1,573,0.000000,0.435000,0.00000000,107.32720193,0.00000000,124.87726503,0.00000000,0.00000000,94.69756566,107.32720193,101.68074366,1745.79450000,18729.10115056,9891.18697000
1,574,0.000000,0.412000,0.00000000,107.32720193,0.00000000,112.59978746,0.00000000,0.00000000,94.69756566,107.32720193,101.68074366,1745.79450000,18729.10115035,9891.18697000
1,575,0.000000,0.377000,0.00000000,107.32720193,0.00000000,93.91666943,0.00000000,0.00000000,94.69756566,107.32720193,101.68074366,1745.79450000,18729.10115015,9891.18697000
1,576,0.000000,0.338000,0.00000000,107.32720193,0.00000000,73.09833791,0.00000000,0.00000000,94.69756566,107.32720193,101.68074366,1745.79450000,18729.10114994,9891.18697000
1,577,0.000000,0.314000,0.00000000,107.32720193,0.00000000,60.28705698,0.00000000,0.00000000,94.69756566,107.32720193,101.68074366,1745.79450000,18729.10114974,9891.18697000
1,578,0.000000,0.308000,0.00000000,107.32720193,0.00000000,57.08423674,0.00000000,0.00000000,94.69756566,107.32720193,101.68074366,1745.79450000,18729.10114953,9891.18697000
1,579,0.000000,0.289000,0.00000000,107.32720193,0.00000000,46.94197267,0.00000000,0.00000000,94.69756566,107.32720193,101.68074366,1745.79450000,18729.10114933,9891.18697000
1,580,0.000000,0.262000,0.00000000,107.32720193,0.00000000,32.52928162,0.00000000,0.00000000,94.69756566,107.32720193,101.68074366,1745.79450000,18729.10114912,9891.18697000
1,581,0.000000,0.236000,0.00000000,106.72863180,0.00000000,19.24896406,0.00000000,0.00000000,94.69756566,106.72863180,101.68074366,1745.79450000,19078.26004896,7912.94957600
1,582,0.000000,0.210000,0.00000000,107.32720193,0.00000000,4.77150626,0.00000000,0.00000000,94.69756566,107.32720193,101.68074366,1745.79450000,19078.26004875,9891.18697000
1,583,0.095000,0.147000,28.17535092,78.46909573,0.00000000,0.00000000,0.08418515,0.00000000,94.69756566,106.72863180,101.68074366,1745.79450000,19427.41894859,7912.94957600
1,584,0.283000,0.248000,83.93288748,23.39431445,0.00000000,108.98892188,0.00000000,0.00000000,94.69756566,107.32720193,101.68074366,1745.79450000,19427.41894839,9891.18697000
1,585,0.454000,0.413000,106.72863180,0.00000000,27.91988733,220.46079276,0.00000000,0.00000000,94.69756566,106.72863180,101.68074366,1745.79450000,19776.57784822,7912.94957600
1,586,0.565000,0.421000,106.72863180,0.00000000,60.84056051,224.73121974,0.00000000,0.00000000,94.69756566,106.72863180,101.68074366,1745.79450000,20125.73674806,7912.94957600
1,587,0.590000,0.379000,106.72863180,0.00000000,68.25512655,202.31147810,0.00000000,0.00000000,94.69756566,106.72863180,101.68074366,1745.79450000,20474.89564789,7912.94957600
1,588,0.565000,0.320000,107.32720193,0.00000000,60.24199039,170.81707914,0.00000000,0.00000000,94.69756566,107.32720193,101.68074366,1745.79450000,20474.89564769,9891.18697000
1,589,0.523000,0.261000,107.32720193,0.00000000,47.78551946,139.32268017,0.00000000,0.00000000,94.69756566,107.32720193,101.68074366,1745.79450000,20474.89564748,9891.18697000
1,590,0.468000,0.217000,107.32720193,0.00000000,31.47347419,115.83533179,0.00000000,0.00000000,94.69756566,107.32720193,101.68074366,1745.79450000,20474.89564728,9891.18697000
1,591,0.376000,0.184000,106.72863180,0.00000000,4.78644131,98.21982050,0.00000000,0.00000000,94.69756566,106.72863180,101.68074366,1745.79450000,20824.05454711,7912.94957600
1,592,0.232000,0.162000,68.80717277,38.52002915,0.00000000,47.95611716,0.00000000,0.00000000,94.69756566,107.32720193,101.68074366,1745.79450000,20824.05454691,9891.18697000
1,593,0.074000,0.170000,21.94711545,85.38008647,0.00000000,5.36648682,0.00000000,0.00000000,94.69756566,107.32720193,101.68074366,1745.79450000,20824.05454670,9891.18697000
1,594,0.000000,0.264000,0.00000000,107.32720193,0.00000000,33.59688836,0.00000000,0.00000000,94.69756566,107.32720193,101.68074366,1745.79450000,20824.05454650,9891.18697000
1,595,0.000000,0.382000,0.00000000,106.72863180,0.00000000,97.18425642,0.00000000,0.00000000,94.69756566,106.72863180,101.68074366,1745.79450000,21173.21344634,7912.94957600
1,596,0.000000,0.436000,0.00000000,107.32720193,0.00000000,125.41106840,0.00000000,0.00000000,94.69756566,107.32720193,101.68074366,1745.79450000,21173.21344613,9891.18697000
1,597,0.000000,0.410000,0.00000000,107.32720193,0.00000000,111.53218072,0.00000000,0.00000000,94.69756566,107.32720193,101.68074366,1745.79450000,21173.21344593,9891.18697000
1,598,0.000000,0.367000,0.00000000,107.32720193,0.00000000,88.57863571,0.00000000,0.00000000,94.69756566,107.32720193,101.68074366,1745.79450000,21173.21344572,9891.18697000
1,599,0.000000,0.305000,0.00000000,106.72863180,0.00000000,56.08139675,0.00000000,0.00000000,94.69756566,106.72863180,101.68074366,1745.79450000,21522.37234556,7912.94957600
1,600,0.000000,0.250000,0.00000000,107.32720193,0.00000000,26.12364115,0.00000000,0.00000000,94.69756566,107.32720193,101.68074366,1745.79450000,21522.37234535,9891.18697000
1,601,0.000000,0.225000,0.00000000,106.72863180,0.00000000,13.37712697,0.00000000,0.00000000,94.69756566,106.72863180,101.68074366,1745.79450000,21871.53124519,7912.94957600
1,602,0.000000,0.249000,0.00000000,106.72863180,0.00000000,26.18840790,0.00000000,0.00000000,94.69756566,106.72863180,101.68074366,1745.79450000,22220.69014502,7912.94957600
1,603,0.000000,0.280000,0.00000000,107.32720193,0.00000000,42.13774232,0.00000000,0.00000000,94.69756566,107.32720193,101.68074366,1745.79450000,22220.69014482,9891.18697000
1,604,0.000000,0.273000,0.00000000,106.72863180,0.00000000,38.99968884,0.00000000,0.00000000,94.69756566,106.72863180,101.68074366,1745.79450000,22569.84904465,7912.94957600
1,605,0.000000,0.249000,0.00000000,106.72863180,0.00000000,26.18840790,0.00000000,0.00000000,94.69756566,106.72863180,101.68074366,1745.79450000,22919.00794449,7912.94957600
1,606,0.000000,0.249000,0.00000000,106.72863180,0.00000000,26.18840790,0.00000000,0.00000000,94.69756566,106.72863180,101.68074366,1745.79450000,23268.16684433,7912.94957600
1,607,0.077000,0.186000,22.83686338,83.89176842,0.00000000,15.39565883,0.00000000,0.00000000,94.69756566,106.72863180,101.68074366,1745.79450000,23617.32574416,7912.94957600
1,608,0.230000,0.295000,68.21400749,39.11319443,0.00000000,118.35880040,0.00000000,0.00000000,94.69756566,107.32720193,101.68074366,1745.79450000,23617.32574396,9891.18697000
1,609,0.395000,0.374000,107.32720193,0.00000000,9.82294137,199.64246124,0.00000000,0.00000000,94.69756566,107.32720193,101.68074366,1745.79450000,23617.32574375,9891.18697000
1,610,0.520000,0.310000,107.32720193,0.00000000,46.89577153,165.47904541,0.00000000,0.00000000,94.69756566,107.32720193,101.68074366,1745.79450000,23617.32574355,9891.18697000
1,611,0.593000,0.220000,107.32720193,0.00000000,68.54630434,117.43674191,0.00000000,0.00000000,94.69756566,107.32720193,101.68074366,1745.79450000,23617.32574334,9891.18697000
1,612,0.598000,0.161000,107.32720193,0.00000000,70.02921755,85.94234294,0.00000000,0.00000000,94.69756566,107.32720193,101.68074366,1745.79450000,23617.32574314,9891.18697000
1,613,0.555000,0.138000,107.32720193,0.00000000,57.27616398,73.66486538,0.00000000,0.00000000,94.69756566,107.32720193,101.68074366,1745.79450000,23617.32574293,9891.18697000
1,614,0.465000,0.132000,106.72863180,0.00000000,31.18229639,70.46204514,0.00000000,0.00000000,94.69756566,106.72863180,101.68074366,1745.79450000,23966.48464277,7912.94957600
1,615,0.325000,0.137000,96.38935841,10.93784351,0.00000000,62.19321849,0.00000000,0.00000000,94.69756566,107.32720193,101.68074366,1745.79450000,23966.48464256,9891.18697000
1,616,0.175000,0.162000,51.90196222,55.42523970,0.00000000,31.05090661,0.00000000,0.00000000,94.69756566,107.32720193,101.68074366,1745.79450000,23966.48464236,9891.18697000
1,617,0.050000,0.201000,14.82913206,92.49806986,0.00000000,14.79640797,0.00000000,0.00000000,94.69756566,107.32720193,101.68074366,1745.79450000,23966.48464215,9891.18697000
1,618,0.000000,0.277000,0.00000000,107.32720193,0.00000000,40.53633220,0.00000000,0.00000000,94.69756566,107.32720193,101.68074366,1745.79450000,23966.48464195,9891.18697000
1,619,0.000000,0.344000,0.00000000,106.72863180,0.00000000,76.89972827,0.00000000,0.00000000,94.69756566,106.72863180,101.68074366,1745.79450000,24315.64354178,7912.94957600
1,620,0.000000,0.378000,0.00000000,106.72863180,0.00000000,95.04904293,0.00000000,0.00000000,94.69756566,106.72863180,101.68074366,1745.79450000,24664.80244162,7912.94957600
1,621,0.000000,0.400000,0.00000000,107.32720193,0.00000000,106.19414700,0.00000000,0.00000000,94.69756566,107.32720193,101.68074366,1745.79450000,24664.80244142,9891.18697000
1,622,0.000000,0.391000,0.00000000,107.32720193,0.00000000,101.38991665,0.00000000,0.00000000,94.69756566,107.32720193,101.68074366,1745.79450000,24664.80244121,9891.18697000
1,623,0.000000,0.383000,0.00000000,107.32720193,0.00000000,97.11948967,0.00000000,0.00000000,94.69756566,107.32720193,101.68074366,1745.79450000,24664.80244101,9891.18697000
1,624,0.000000,0.354000,0.00000000,107.32720193,0.00000000,81.63919187,0.00000000,0.00000000,94.69756566,107.32720193,101.68074366,1745.79450000,24664.80244080,9891.18697000
1,625,0.000000,0.334000,0.00000000,106.72863180,0.00000000,71.56169455,0.00000000,0.00000000,94.69756566,106.72863180,101.68074366,1745.79450000,25013.96134064,7912.94957600
1,626,0.000000,0.323000,0.00000000,106.72863180,0.00000000,65.68985745,0.00000000,0.00000000,94.69756566,106.72863180,101.68074366,1745.79450000,25363.12024047,7912.94957600
1,627,0.000000,0.317000,0.00000000,107.32720193,0.00000000,61.88846710,0.00000000,0.00000000,94.69756566,107.32720193,101.68074366,1745.79450000,25363.12024027,9891.18697000
1,628,0.000000,0.313000,0.00000000,107.32720193,0.00000000,59.75325361,0.00000000,0.00000000,94.69756566,107.32720193,101.68074366,1745.79450000,25363.12024006,9891.18697000
1,629,0.000000,0.302000,0.00000000,107.32720193,0.00000000,53.88141651,0.00000000,0.00000000,94.69756566,107.32720193,101.68074366,1745.79450000,25363.12023986,9891.18697000
1,630,0.000000,0.288000,0.00000000,107.32720193,0.00000000,46.40816930,0.00000000,0.00000000,94.69756566,107.32720193,101.68074366,1745.79450000,25363.12023965,9891.18697000
1,631,0.061000,0.227000,18.09154112,88.63709068,0.00000000,32.53627483,0.00000000,0.00000000,94.69756566,106.72863180,101.68074366,1745.79450000,25712.27913949,7912.94957600
1,632,0.223000,0.313000,66.13792900,41.18927292,0.00000000,125.89118261,0.00000000,0.00000000,94.69756566,107.32720193,101.68074366,1745.79450000,25712.27913928,9891.18697000
1,633,0.406000,0.472000,107.32720193,0.00000000,13.08535043,251.95519173,0.00000000,0.00000000,94.69756566,107.32720193,101.68074366,1745.79450000,25712.27913908,9891.18697000
1,634,0.523000,0.491000,107.32720193,0.00000000,47.78551946,262.09745580,0.00000000,0.00000000,94.69756566,107.32720193,101.68074366,1745.79450000,25712.27913887,9891.18697000
1,635,0.590000,0.451000,107.32720193,0.00000000,67.65655642,240.74532091,0.00000000,0.00000000,94.69756566,107.32720193,101.68074366,1745.79450000,25712.27913867,9891.18697000
1,636,0.594000,0.404000,107.32720193,0.00000000,68.84288699,215.65656241,0.00000000,0.00000000,94.69756566,107.32720193,101.68074366,1745.79450000,25712.27913846,9891.18697000
1,637,0.552000,0.382000,106.72863180,0.00000000,56.98498618,203.91288822,0.00000000,0.00000000,94.69756566,106.72863180,101.68074366,1745.79450000,26061.43803830,7912.94957600
1,638,0.462000,0.383000,107.32720193,0.00000000,29.69397834,204.44669159,0.00000000,0.00000000,94.69756566,107.32720193,101.68074366,1745.79450000,26061.43803809,9891.18697000
1,639,0.338000,0.398000,100.24493275,7.08226918,0.00000000,205.37147300,0.00000000,0.00000000,94.69756566,107.32720193,101.68074366,1745.79450000,26061.43803789,9891.18697000
1,640,0.182000,0.399000,53.97804071,52.75059109,0.00000000,160.23695446,0.00000000,0.00000000,94.69756566,106.72863180,101.68074366,1745.79450000,26410.59693773,7912.94957600
1,641,0.057000,0.367000,16.90521055,90.42199137,0.00000000,105.48384626,0.00000000,0.00000000,94.69756566,107.32720193,101.68074366,1745.79450000,26410.59693752,9891.18697000
1,642,0.000000,0.395000,0.00000000,107.32720193,0.00000000,103.52513013,0.00000000,0.00000000,94.69756566,107.32720193,101.68074366,1745.79450000,26410.59693732,9891.18697000
1,643,0.000000,0.434000,0.00000000,106.72863180,0.00000000,124.94203178,0.00000000,0.00000000,94.69756566,106.72863180,101.68074366,1745.79450000,26759.75583715,7912.94957600
1,644,0.000000,0.432000,0.00000000,107.32720193,0.00000000,123.27585491,0.00000000,0.00000000,94.69756566,107.32720193,101.68074366,1745.79450000,26759.75583695,9891.18697000
1,645,0.000000,0.406000,0.00000000,106.72863180,0.00000000,109.99553736,0.00000000,0.00000000,94.69756566,106.72863180,101.68074366,1745.79450000,27108.91473678,7912.94957600
1,646,0.000000,0.383000,0.00000000,106.72863180,0.00000000,97.71805979,0.00000000,0.00000000,94.69756566,106.72863180,101.68074366,1745.79450000,27458.07363662,7912.94957600
1,647,0.000000,0.353000,0.00000000,107.32720193,0.00000000,81.10538850,0.00000000,0.00000000,94.69756566,107.32720193,101.68074366,1745.79450000,27458.07363641,9891.18697000
1,648,0.000000,0.335000,0.00000000,107.32720193,0.00000000,71.49692780,0.00000000,0.00000000,94.69756566,107.32720193,101.68074366,1745.79450000,27458.07363621,9891.18697000
1,649,0.000000,0.328000,0.00000000,107.32720193,0.00000000,67.76030419,0.00000000,0.00000000,94.69756566,107.32720193,101.68074366,1745.79450000,27458.07363600,9891.18697000
1,650,0.000000,0.334000,0.00000000,106.72863180,0.00000000,71.56169455,0.00000000,0.00000000,94.69756566,106.72863180,101.68074366,1745.79450000,27807.23253584,7912.94957600
1,651,0.000000,0.347000,0.00000000,107.32720193,0.00000000,77.90256826,0.00000000,0.00000000,94.69756566,107.32720193,101.68074366,1745.79450000,27807.23253563,9891.18697000
1,652,0.000000,0.360000,0.00000000,107.32720193,0.00000000,84.84201210,0.00000000,0.00000000,94.69756566,107.32720193,101.68074366,1745.79450000,27807.23253543,9891.18697000
1,653,0.000000,0.369000,0.00000000,107.32720193,0.00000000,89.64624245,0.00000000,0.00000000,94.69756566,107.32720193,101.68074366,1745.79450000,27807.23253522,9891.18697000
1,654,0.000000,0.362000,0.00000000,107.32720193,0.00000000,85.90961885,0.00000000,0.00000000,94.69756566,107.32720193,101.68074366,1745.79450000,27807.23253502,9891.18697000
1,655,0.053000,0.278000,15.71887999,91.60832194,0.00000000,56.78901556,0.00000000,0.00000000,94.69756566,107.32720193,101.68074366,1745.79450000,27807.23253481,9891.18697000
1,656,0.169000,0.394000,50.12246637,57.20473555,0.00000000,153.11379314,0.00000000,0.00000000,94.69756566,107.32720193,101.68074366,1745.79450000,27807.23253461,9891.18697000
1,657,0.299000,0.517000,88.67820974,18.05042206,0.00000000,257.92592142,0.00000000,0.00000000,94.69756566,106.72863180,101.68074366,1745.79450000,28156.39143445,7912.94957600
1,658,0.400000,0.510000,107.32720193,0.00000000,11.30585458,272.23971988,0.00000000,0.00000000,94.69756566,107.32720193,101.68074366,1745.79450000,28156.39143424,9891.18697000
1,659,0.462000,0.468000,107.32720193,0.00000000,29.69397834,249.81997824,0.00000000,0.00000000,94.69756566,107.32720193,101.68074366,1745.79450000,28156.39143404,9891.18697000
1,660,0.479000,0.419000,107.32720193,0.00000000,34.73588324,223.66361300,0.00000000,0.00000000,94.69756566,107.32720193,101.68074366,1745.79450000,28156.39143383,9891.18697000
1,661,0.457000,0.375000,107.32720193,0.00000000,28.21106513,200.17626461,0.00000000,0.00000000,94.69756566,107.32720193,101.68074366,1745.79450000,28156.39143363,9891.18697000
1,662,0.379000,0.347000,107.32720193,0.00000000,5.07761911,185.22977019,0.00000000,0.00000000,94.69756566,107.32720193,101.68074366,1745.79450000,28156.39143342,9891.18697000
1,663,0.269000,0.341000,79.78073050,27.54647143,0.00000000,154.48047853,0.00000000,0.00000000,94.69756566,107.32720193,101.68074366,1745.79450000,28156.39143322,9891.18697000
1,664,0.147000,0.321000,43.59764827,63.72955366,0.00000000,107.62132885,0.00000000,0.00000000,94.69756566,107.32720193,101.68074366,1745.79450000,28156.39143301,9891.18697000
1,665,0.040000,0.291000,11.86330565,95.46389628,0.00000000,59.87288507,0.00000000,0.00000000,94.69756566,107.32720193,101.68074366,1745.79450000,28156.39143281,9891.18697000
1,666,0.000000,0.338000,0.00000000,107.32720193,0.00000000,73.09833791,0.00000000,0.00000000,94.69756566,107.32720193,101.68074366,1745.79450000,28156.39143260,9891.18697000
1,667,0.000000,0.410000,0.00000000,107.32720193,0.00000000,111.53218072,0.00000000,0.00000000,94.69756566,107.32720193,101.68074366,1745.79450000,28156.39143240,9891.18697000
1,668,0.000000,0.457000,0.00000000,107.32720193,0.00000000,136.62093922,0.00000000,0.00000000,94.69756566,107.32720193,101.68074366,1745.79450000,28156.39143219,9891.18697000
1,669,0.000000,0.471000,0.00000000,107.32720193,0.00000000,144.09418643,0.00000000,0.00000000,94.69756566,107.32720193,101.68074366,1745.79450000,28156.39143199,9891.18697000
1,670,0.000000,0.451000,0.00000000,106.72863180,0.00000000,134.01668911,0.00000000,0.00000000,94.69756566,106.72863180,101.68074366,1745.79450000,28505.55033182,7912.94957600
1,671,0.000000,0.413000,0.00000000,107.32720193,0.00000000,113.13359084,0.00000000,0.00000000,94.69756566,107.32720193,101.68074366,1745.79450000,28505.55033162,9891.18697000
1,672,0.000000,0.389000,0.00000000,107.32720193,0.00000000,100.32230990,0.00000000,0.00000000,94.69756566,107.32720193,101.68074366,1745.79450000,28505.55033141,9891.18697000
1,673,0.000000,0.364000,0.00000000,107.32720193,0.00000000,86.97722559,0.00000000,0.00000000,94.69756566,107.32720193,101.68074366,1745.79450000,28505.55033121,9891.18697000
1,674,0.000000,0.362000,0.00000000,106.72863180,0.00000000,86.50818897,0.00000000,0.00000000,94.69756566,106.72863180,101.68074366,1745.79450000,28854.70923104,7912.94957600
1,675,0.000000,0.372000,0.00000000,106.72863180,0.00000000,91.84622270,0.00000000,0.00000000,94.69756566,106.72863180,101.68074366,1745.79450000,29203.86813088,7912.94957600
1,676,0.000000,0.360000,0.00000000,107.32720193,0.00000000,84.84201210,0.00000000,0.00000000,94.69756566,107.32720193,101.68074366,1745.79450000,29203.86813067,9891.18697000
1,677,0.000000,0.337000,0.00000000,107.32720193,0.00000000,72.56453454,0.00000000,0.00000000,94.69756566,107.32720193,101.68074366,1745.79450000,29203.86813047,9891.18697000
1,678,0.000000,0.320000,0.00000000,107.32720193,0.00000000,63.48987721,0.00000000,0.00000000,94.69756566,107.32720193,101.68074366,1745.79450000,29203.86813026,9891.18697000
1,679,0.052000,0.247000,15.42229735,91.90490458,0.00000000,39.94452838,0.00000000,0.00000000,94.69756566,107.32720193,101.68074366,1745.79450000,29203.86813006,9891.18697000
1,680,0.177000,0.310000,52.49512750,54.83207442,0.00000000,110.64697099,0.00000000,0.00000000,94.69756566,107.32720193,101.68074366,1745.79450000,29203.86812985,9891.18697000
1,681,0.362000,0.479000,106.72863180,0.00000000,0.63428434,255.69181533,0.00000000,0.00000000,94.69756566,106.72863180,101.68074366,1745.79450000,29553.02702969,7912.94957600
1,682,0.484000,0.528000,107.32720193,0.00000000,36.21879645,281.84818058,0.00000000,0.00000000,94.69756566,107.32720193,101.68074366,1745.79450000,29553.02702948,9891.18697000
1,683,0.547000,0.535000,107.32720193,0.00000000,54.90350285,285.58480418,0.00000000,0.00000000,94.69756566,107.32720193,101.68074366,1745.79450000,29553.02702928,9891.18697000
1,684,0.549000,0.521000,107.32720193,0.00000000,55.49666813,278.11155697,0.00000000,0.00000000,94.69756566,107.32720193,101.68074366,1745.79450000,29553.02702907,9891.18697000
1,685,0.504000,0.481000,107.32720193,0.00000000,42.15044927,256.75942208,0.00000000,0.00000000,94.69756566,107.32720193,101.68074366,1745.79450000,29553.02702887,9891.18697000
1,686,0.428000,0.430000,107.32720193,0.00000000,19.61016854,229.53545009,0.00000000,0.00000000,94.69756566,107.32720193,101.68074366,1745.79450000,29553.02702866,9891.18697000
1,687,0.320000,0.391000,94.90644520,12.42075672,0.00000000,196.29636185,0.00000000,0.00000000,94.69756566,107.32720193,101.68074366,1745.79450000,29553.02702846,9891.18697000
1,688,0.184000,0.369000,54.57120599,52.75599593,0.00000000,144.21744845,0.00000000,0.00000000,94.69756566,107.32720193,101.68074366,1745.79450000,29553.02702825,9891.18697000
1,689,0.056000,0.329000,16.60862791,90.71857401,0.00000000,84.90273547,0.00000000,0.00000000,94.69756566,107.32720193,101.68074366,1745.79450000,29553.02702805,9891.18697000
1,690,0.000000,0.328000,0.00000000,107.32720193,0.00000000,67.76030419,0.00000000,0.00000000,94.69756566,107.32720193,101.68074366,1745.79450000,29553.02702784,9891.18697000
1,691,0.000000,0.356000,0.00000000,106.72863180,0.00000000,83.30536874,0.00000000,0.00000000,94.69756566,106.72863180,101.68074366,1745.79450000,29902.18592768,7912.94957600
1,692,0.000000,0.361000,0.00000000,106.72863180,0.00000000,85.97438560,0.00000000,0.00000000,94.69756566,106.72863180,101.68074366,1745.79450000,30251.34482752,7912.94957600
1,693,0.000000,0.341000,0.00000000,107.32720193,0.00000000,74.69974803,0.00000000,0.00000000,94.69756566,107.32720193,101.68074366,1745.79450000,30251.34482731,9891.18697000
1,694,0.000000,0.313000,0.00000000,107.32720193,0.00000000,59.75325361,0.00000000,0.00000000,94.69756566,107.32720193,101.68074366,1745.79450000,30251.34482711,9891.18697000
1,695,0.000000,0.368000,0.00000000,107.32720193,0.00000000,89.11243908,0.00000000,0.00000000,94.69756566,107.32720193,101.68074366,1745.79450000,30251.34482690,9891.18697000
1,696,0.000000,0.345000,0.00000000,107.32720193,0.00000000,76.83496152,0.00000000,0.00000000,94.69756566,107.32720193,101.68074366,1745.79450000,30251.34482670,9891.18697000
1,697,0.000000,0.280000,0.00000000,106.72863180,0.00000000,42.73631244,0.00000000,0.00000000,94.69756566,106.72863180,101.68074366,1745.79450000,30600.50372653,7912.94957600
1,698,0.000000,0.241000,0.00000000,107.32720193,0.00000000,21.31941080,0.00000000,0.00000000,94.69756566,107.32720193,101.68074366,1745.79450000,30600.50372633,9891.18697000
1,699,0.000000,0.222000,0.00000000,107.32720193,0.00000000,11.17714673,0.00000000,0.00000000,94.69756566,107.32720193,101.68074366,1745.79450000,30600.50372612,9891.18697000
1,700,0.000000,0.243000,0.00000000,107.32720193,0.00000000,22.38701754,0.00000000,0.00000000,94.69756566,107.32720193,101.68074366,1745.79450000,30600.50372592,9891.18697000
1,701,0.000000,0.275000,0.00000000,107.32720193,0.00000000,39.46872546,0.00000000,0.00000000,94.69756566,107.32720193,101.68074366,1745.79450000,30600.50372571,9891.18697000
1,702,0.000000,0.310000,0.00000000,107.32720193,0.00000000,58.15184349,0.00000000,0.00000000,94.69756566,107.32720193,101.68074366,1745.79450000,30600.50372551,9891.18697000
1,703,0.051000,0.341000,15.12571470,92.20148722,0.00000000,89.82546273,0.00000000,0.00000000,94.69756566,107.32720193,101.68074366,1745.79450000,30600.50372530,9891.18697000
1,704,0.143000,0.328000,42.41131770,64.91588422,0.00000000,110.17162189,0.00000000,0.00000000,94.69756566,107.32720193,101.68074366,1745.79450000,30600.50372510,9891.18697000
1,705,0.235000,0.347000,69.69692070,37.63028123,0.00000000,147.59948896,0.00000000,0.00000000,94.69756566,107.32720193,101.68074366,1745.79450000,30600.50372489,9891.18697000
1,706,0.320000,0.370000,94.90644520,12.42075672,0.00000000,185.08649103,0.00000000,0.00000000,94.69756566,107.32720193,101.68074366,1745.79450000,30600.50372469,9891.18697000
1,707,0.358000,0.352000,106.17658557,1.15061635,0.00000000,186.74817070,0.00000000,0.00000000,94.69756566,107.32720193,101.68074366,1745.79450000,30600.50372448,9891.18697000
1,708,0.362000,0.311000,107.32720193,0.00000000,0.03571421,166.01284879,0.00000000,0.00000000,94.69756566,107.32720193,101.68074366,1745.79450000,30600.50372428,9891.18697000
1,709,0.359000,0.289000,106.47316821,0.85403371,0.00000000,153.41514088,0.00000000,0.00000000,94.69756566,107.32720193,101.68074366,1745.79450000,30600.50372407,9891.18697000
1,710,0.311000,0.272000,92.23720143,14.49143037,0.00000000,130.70308690,0.00000000,0.00000000,94.69756566,106.72863180,101.68074366,1745.79450000,30949.66262391,7912.94957600
1,711,0.214000,0.249000,63.46868523,43.25994657,0.00000000,89.65709313,0.00000000,0.00000000,94.69756566,106.72863180,101.68074366,1745.79450000,31298.82152374,7912.94957600
1,712,0.130000,0.187000,38.55574336,68.77145856,0.00000000,31.04977206,0.00000000,0.00000000,94.69756566,107.32720193,101.68074366,1745.79450000,31298.82152354,9891.18697000
1,713,0.043000,0.114000,12.75305357,60.85358444,0.00000000,0.00000000,4.40292487,0.00000000,68.32073179,78.00956288,73.60663802,1321.47655694,31223.66248032,7912.94957600
1,714,0.000000,0.061000,0.00000000,32.56200571,0.00000000,0.00000000,3.36110632,0.00000000,30.01772724,35.92311203,32.56200571,636.06961774,30463.09649789,7912.94957600
1,715,0.000000,0.021000,0.00000000,2.99285063,0.00000000,8.21702019,0.00000000,0.00000000,0.00000000,2.99285063,0.00000000,0.00000000,28717.30199769,9891.18697000
1,716,0.000000,0.021000,0.00000000,2.99285063,0.00000000,8.21702019,0.00000000,0.00000000,0.00000000,2.99285063,0.00000000,0.00000000,26971.50749748,9891.18697000
1,717,0.000000,0.058000,0.00000000,30.96059559,0.00000000,0.00000000,3.31755614,0.00000000,28.53092286,34.27815173,30.96059559,607.41818260,26182.29007992,7912.94957600
1,718,0.000000,0.113000,0.00000000,60.31978107,0.00000000,0.00000000,4.08073995,0.00000000,55.88172989,64.40052102,60.31978107,1109.51279598,25895.16727573,7912.94957600
1,719,0.000000,0.183000,0.00000000,97.68601713,0.00000000,0.00000000,4.95765188,0.00000000,90.94030299,102.64366901,97.68601713,1686.42853627,26184.96021184,7912.94957600
1,720,0.000000,0.242000,0.00000000,107.32720193,0.00000000,21.85321417,0.00000000,0.00000000,94.69756566,107.32720193,101.68074366,1745.79450000,26184.96021164,9891.18697000
2,1,0.000000,0.713000,0.00000000,2.39428050,0.00000000,378.20752395,0.00000000,0.00000000,0.00000000,2.39428050,0.00000000,0.00000000,24788.32461147,7912.94957600
2,2,0.000000,0.623000,0.00000000,2.39428050,0.00000000,330.16522045,0.00000000,0.00000000,0.00000000,2.39428050,0.00000000,0.00000000,23391.68901131,7912.94957600
2,3,0.000000,0.550000,0.00000000,2.99285063,0.00000000,290.59900414,0.00000000,0.00000000,0.00000000,2.99285063,0.00000000,0.00000000,21645.89451110,9891.18697000
2,4,0.000000,0.470000,0.00000000,2.99285063,0.00000000,247.89473436,0.00000000,0.00000000,0.00000000,2.99285063,0.00000000,0.00000000,19900.10001090,9891.18697000
2,5,0.000000,0.403000,0.00000000,2.39428050,0.00000000,212.72847854,0.00000000,0.00000000,0.00000000,2.39428050,0.00000000,0.00000000,18503.46441074,7912.94957600
2,6,0.000000,0.362000,0.00000000,2.39428050,0.00000000,190.84254027,0.00000000,0.00000000,0.00000000,2.39428050,0.00000000,0.00000000,17106.82881057,7912.94957600
2,7,0.154000,0.562000,2.39428050,0.00000000,43.27944625,299.99749524,0.00000000,0.00000000,0.00000000,2.39428050,0.00000000,0.00000000,15710.19321041,7912.94957600
2,8,0.360000,0.664000,2.99285063,0.00000000,103.77690023,354.44543921,0.00000000,0.00000000,0.00000000,2.99285063,0.00000000,0.00000000,13964.39871020,9891.18697000
2,9,0.526000,0.586000,106.72863180,0.00000000,49.27383750,312.80877617,0.00000000,0.00000000,94.69756566,106.72863180,101.68074366,1745.79450000,14313.55761004,7912.94957600
2,10,0.639000,0.468000,2.99285063,0.00000000,186.52345714,249.81997824,0.00000000,0.00000000,0.00000000,2.99285063,0.00000000,0.00000000,12567.76310983,9891.18697000
2,11,0.702000,0.364000,2.39428050,0.00000000,205.80673367,194.30442752,0.00000000,0.00000000,0.00000000,2.39428050,0.00000000,0.00000000,11171.12750967,7912.94957600
2,12,0.718000,0.296000,2.39428050,0.00000000,210.55205593,158.00579820,0.00000000,0.00000000,0.00000000,2.39428050,0.00000000,0.00000000,9774.49190951,7912.94957600
2,13,0.691000,0.278000,2.39428050,0.00000000,202.54432461,148.39733750,0.00000000,0.00000000,0.00000000,2.39428050,0.00000000,0.00000000,8377.85630934,7912.94957600
2,14,0.619000,0.302000,2.39428050,0.00000000,181.19037444,161.20861844,0.00000000,0.00000000,0.00000000,2.39428050,0.00000000,0.00000000,6981.22070918,7912.94957600
2,15,0.500000,0.367000,106.72863180,0.00000000,41.56268883,195.90583764,0.00000000,0.00000000,94.69756566,106.72863180,101.68074366,1745.79450000,7330.37960901,7912.94957600
2,16,0.332000,0.484000,98.46543690,8.86176503,0.00000000,249.49906717,0.00000000,0.00000000,94.69756566,107.32720193,101.68074366,1745.79450000,7330.37960881,9891.18697000
2,17,0.120000,0.644000,35.58991695,71.13871485,0.00000000,272.63065692,0.00000000,0.00000000,94.69756566,106.72863180,101.68074366,1745.79450000,7679.53850864,7912.94957600
2,18,0.000000,0.766000,0.00000000,106.72863180,0.00000000,302.16475139,0.00000000,0.00000000,94.69756566,106.72863180,101.68074366,1745.79450000,8028.69740848,7912.94957600
2,19,0.000000,0.844000,0.00000000,106.72863180,0.00000000,343.80141443,0.00000000,0.00000000,94.69756566,106.72863180,101.68074366,1745.79450000,8377.85630832,7912.94957600
2,20,0.000000,0.879000,0.00000000,106.72863180,0.00000000,362.48453246,0.00000000,0.00000000,94.69756566,106.72863180,101.68074366,1745.79450000,8727.01520815,7912.94957600
2,21,0.000000,0.851000,0.00000000,106.72863180,0.00000000,347.53803803,0.00000000,0.00000000,94.69756566,106.72863180,101.68074366,1745.79450000,9076.17410799,7912.94957600
2,22,0.000000,0.816000,0.00000000,106.72863180,0.00000000,328.85492000,0.00000000,0.00000000,94.69756566,106.72863180,101.68074366,1745.79450000,9425.33300782,7912.94957600
2,23,0.000000,0.765000,0.00000000,106.72863180,0.00000000,301.63094801,0.00000000,0.00000000,94.69756566,106.72863180,101.68074366,1745.79450000,9774.49190766,7912.94957600
2,24,0.000000,0.700000,0.00000000,106.72863180,0.00000000,266.93372881,0.00000000,0.00000000,94.69756566,106.72863180,101.68074366,1745.79450000,10123.65080750,7912.94957600
2,25,0.000000,0.637000,0.00000000,106.72863180,0.00000000,233.30411636,0.00000000,0.00000000,94.69756566,106.72863180,101.68074366,1745.79450000,10472.80970733,7912.94957600
2,26,0.000000,0.584000,0.00000000,106.72863180,0.00000000,205.01253763,0.00000000,0.00000000,94.69756566,106.72863180,101.68074366,1745.79450000,10821.96860717,7912.94957600
2,27,0.000000,0.571000,0.00000000,106.72863180,0.00000000,198.07309379,0.00000000,0.00000000,94.69756566,106.72863180,101.68074366,1745.79450000,11171.12750700,7912.94957600
2,28,0.000000,0.573000,0.00000000,107.32720193,0.00000000,198.54213041,0.00000000,0.00000000,94.69756566,107.32720193,101.68074366,1745.79450000,11171.12750680,9891.18697000
2,29,0.000000,0.565000,0.00000000,106.72863180,0.00000000,194.87027355,0.00000000,0.00000000,94.69756566,106.72863180,101.68074366,1745.79450000,11520.28640664,7912.94957600
2,30,0.000000,0.549000,0.00000000,106.72863180,0.00000000,186.32941960,0.00000000,0.00000000,94.69756566,106.72863180,101.68074366,1745.79450000,11869.44530647,7912.94957600
2,31,0.150000,0.718000,44.48739619,62.24123561,0.00000000,321.02958570,0.00000000,0.00000000,94.69756566,106.72863180,101.68074366,1745.79450000,12218.60420631,7912.94957600
2,32,0.351000,0.850000,104.10050708,2.62812472,0.00000000,451.10474174,0.00000000,0.00000000,94.69756566,106.72863180,101.68074366,1745.79450000,12567.76310614,7912.94957600
2,33,0.514000,0.847000,106.72863180,0.00000000,45.71484581,452.13145634,0.00000000,0.00000000,94.69756566,106.72863180,101.68074366,1745.79450000,12916.92200598,7912.94957600
2,34,0.625000,0.804000,106.72863180,0.00000000,78.63551899,429.17791133,0.00000000,0.00000000,94.69756566,106.72863180,101.68074366,1745.79450000,13266.08090582,7912.94957600
2,35,0.686000,0.756000,106.72863180,0.00000000,96.72706011,403.55534946,0.00000000,0.00000000,94.69756566,106.72863180,101.68074366,1745.79450000,13615.23980565,7912.94957600
2,36,0.702000,0.710000,106.72863180,0.00000000,101.47238237,379.00039434,0.00000000,0.00000000,94.69756566,106.72863180,101.68074366,1745.79450000,13964.39870549,7912.94957600
2,37,0.672000,0.680000,106.72863180,0.00000000,92.57490313,362.98629317,0.00000000,0.00000000,94.69756566,106.72863180,101.68074366,1745.79450000,14313.55760532,7912.94957600
2,38,0.602000,0.674000,107.32720193,0.00000000,71.21554812,359.78347293,0.00000000,0.00000000,94.69756566,107.32720193,101.68074366,1745.79450000,14313.55760512,9891.18697000
2,39,0.484000,0.690000,106.72863180,0.00000000,36.81736657,368.32432689,0.00000000,0.00000000,94.69756566,106.72863180,101.68074366,1745.79450000,14662.71650495,7912.94957600
2,40,0.317000,0.729000,94.01669728,13.31050464,0.00000000,375.83215377,0.00000000,0.00000000,94.69756566,107.32720193,101.68074366,1745.79450000,14662.71650475,9891.18697000
2,41,0.116000,0.781000,34.40358639,72.92361554,0.00000000,343.97681823,0.00000000,0.00000000,94.69756566,107.32720193,101.68074366,1745.79450000,14662.71650454,9891.18697000
2,42,0.000000,0.806000,0.00000000,107.32720193,0.00000000,322.91831615,0.00000000,0.00000000,94.69756566,107.32720193,101.68074366,1745.79450000,14662.71650434,9891.18697000
2,43,0.000000,0.835000,0.00000000,107.32720193,0.00000000,338.39861395,0.00000000,0.00000000,94.69756566,107.32720193,101.68074366,1745.79450000,14662.71650413,9891.18697000
2,44,0.000000,0.857000,0.00000000,106.72863180,0.00000000,350.74085827,0.00000000,0.00000000,94.69756566,106.72863180,101.68074366,1745.79450000,15011.87540397,7912.94957600
2,45,0.000000,0.854000,0.00000000,106.72863180,0.00000000,349.13944815,0.00000000,0.00000000,94.69756566,106.72863180,101.68074366,1745.79450000,15361.03430381,7912.94957600
2,46,0.000000,0.804000,0.00000000,107.32720193,0.00000000,321.85070941,0.00000000,0.00000000,94.69756566,107.32720193,101.68074366,1745.79450000,15361.03430360,9891.18697000
2,47,0.000000,0.727000,0.00000000,106.72863180,0.00000000,281.34641987,0.00000000,0.00000000,94.69756566,106.72863180,101.68074366,1745.79450000,15710.19320344,7912.94957600
2,48,0.000000,0.655000,0.00000000,2.66423121,0.00000000,346.97697765,0.00000000,0.00000000,0.00000000,2.66423121,0.00000000,0.00000000,14156.08951587,8805.12004285
2,49,0.000000,0.599000,0.00000000,2.99285063,0.00000000,316.75536939,0.00000000,0.00000000,0.00000000,2.99285063,0.00000000,0.00000000,12410.29501567,9891.18697000
2,50,0.000000,0.527000,0.00000000,106.72863180,0.00000000,174.58574540,0.00000000,0.00000000,94.69756566,106.72863180,101.68074366,1745.79450000,12759.45391551,7912.94957600
2,51,0.000000,0.481000,0.00000000,106.72863180,0.00000000,150.03079028,0.00000000,0.00000000,94.69756566,106.72863180,101.68074366,1745.79450000,13108.61281534,7912.94957600
2,52,0.000000,0.444000,0.00000000,106.72863180,0.00000000,130.28006550,0.00000000,0.00000000,94.69756566,106.72863180,101.68074366,1745.79450000,13457.77171518,7912.94957600
2,53,0.000000,0.416000,0.00000000,107.32720193,0.00000000,114.73500095,0.00000000,0.00000000,94.69756566,107.32720193,101.68074366,1745.79450000,13457.77171497,9891.18697000
2,54,0.000000,0.403000,0.00000000,106.72863180,0.00000000,108.39412724,0.00000000,0.00000000,94.69756566,106.72863180,101.68074366,1745.79450000,13806.93061481,7912.94957600
2,55,0.148000,0.618000,43.89423091,62.83440089,0.00000000,267.05608319,0.00000000,0.00000000,94.69756566,106.72863180,101.68074366,1745.79450000,14156.08951464,7912.94957600
2,56,0.353000,0.750000,104.69367237,2.63352956,0.00000000,397.71899967,0.00000000,0.00000000,94.69756566,107.32720193,101.68074366,1745.79450000,14156.08951444,9891.18697000
2,57,0.518000,0.723000,106.72863180,0.00000000,46.90117637,385.93983818,0.00000000,0.00000000,94.69756566,106.72863180,101.68074366,1745.79450000,14505.24841428,7912.94957600
2,58,0.634000,0.658000,107.32720193,0.00000000,80.70619264,351.24261898,0.00000000,0.00000000,94.69756566,107.32720193,101.68074366,1745.79450000,14505.24841407,9891.18697000
2,59,0.699000,0.584000,107.32720193,0.00000000,99.98406432,311.74116943,0.00000000,0.00000000,94.69756566,107.32720193,101.68074366,1745.79450000,14505.24841387,9891.18697000
2,60,0.717000,0.500000,106.72863180,0.00000000,105.92112199,266.90168615,0.00000000,0.00000000,94.69756566,106.72863180,101.68074366,1745.79450000,14854.40731370,7912.94957600
2,61,0.691000,0.439000,89.89674172,0.00000000,115.04186340,234.33968044,0.00000000,0.00000000,78.66539600,89.89674172,84.63531998,1492.48099468,14601.09380817,9891.18697000
2,62,0.620000,0.417000,107.32720193,0.00000000,76.55403566,222.59600625,0.00000000,0.00000000,94.69756566,107.32720193,101.68074366,1745.79450000,14601.09380797,9891.18697000
2,63,0.503000,0.436000,106.72863180,0.00000000,42.45243676,232.73827033,0.00000000,0.00000000,94.69756566,106.72863180,101.68074366,1745.79450000,14950.25270780,7912.94957600
2,64,0.335000,0.492000,99.35518482,7.97201710,0.00000000,254.65924207,0.00000000,0.00000000,94.69756566,107.32720193,101.68074366,1745.79450000,14950.25270760,9891.18697000
2,65,0.126000,0.593000,37.36941280,69.35921900,0.00000000,247.18618078,0.00000000,0.00000000,94.69756566,106.72863180,101.68074366,1745.79450000,15299.41160743,7912.94957600
2,66,0.000000,0.713000,0.00000000,107.32720193,0.00000000,273.27460253,0.00000000,0.00000000,94.69756566,107.32720193,101.68074366,1745.79450000,15299.41160723,9891.18697000
2,67,0.000000,0.796000,0.00000000,106.72863180,0.00000000,318.17885255,0.00000000,0.00000000,94.69756566,106.72863180,101.68074366,1745.79450000,15648.57050707,7912.94957600
2,68,0.000000,0.834000,0.00000000,106.72863180,0.00000000,338.46338070,0.00000000,0.00000000,94.69756566,106.72863180,101.68074366,1745.79450000,15997.72940690,7912.94957600
2,69,0.000000,0.917000,0.00000000,107.32720193,0.00000000,382.17049048,0.00000000,0.00000000,94.69756566,107.32720193,101.68074366,1745.79450000,15997.72940670,9891.18697000
2,70,0.000000,0.912000,0.00000000,107.32720193,0.00000000,379.50147362,0.00000000,0.00000000,94.69756566,107.32720193,101.68074366,1745.79450000,15997.72940649,9891.18697000
2,71,0.000000,0.889000,0.00000000,107.32720193,0.00000000,367.22399605,0.00000000,0.00000000,94.69756566,107.32720193,101.68074366,1745.79450000,15997.72940629,9891.18697000
2,72,0.000000,0.857000,0.00000000,106.72863180,0.00000000,350.74085827,0.00000000,0.00000000,94.69756566,106.72863180,101.68074366,1745.79450000,16346.88830612,7912.94957600
2,73,0.000000,0.812000,0.00000000,106.72863180,0.00000000,326.71970651,0.00000000,0.00000000,94.69756566,106.72863180,101.68074366,1745.79450000,16696.04720596,7912.94957600
2,74,0.000000,0.751000,0.00000000,106.72863180,0.00000000,294.15770080,0.00000000,0.00000000,94.69756566,106.72863180,101.68074366,1745.79450000,17045.20610579,7912.94957600
2,75,0.000000,0.686000,0.00000000,106.72863180,0.00000000,259.46048160,0.00000000,0.00000000,94.69756566,106.72863180,101.68074366,1745.79450000,17394.36500563,7912.94957600
2,76,0.000000,0.606000,0.00000000,2.39428050,0.00000000,321.09056312,0.00000000,0.00000000,0.00000000,2.39428050,0.00000000,0.00000000,15997.72940547,7912.94957600
2,77,0.000000,0.527000,0.00000000,106.72863180,0.00000000,174.58574540,0.00000000,0.00000000,94.69756566,106.72863180,101.68074366,1745.79450000,16346.88830530,7912.94957600
2,78,0.000000,0.498000,0.00000000,106.72863180,0.00000000,159.10544761,0.00000000,0.00000000,94.69756566,106.72863180,101.68074366,1745.79450000,16696.04720514,7912.94957600
2,79,0.156000,0.645000,46.26689204,61.06030989,0.00000000,283.24286525,0.00000000,0.00000000,94.69756566,107.32720193,101.68074366,1745.79450000,16696.04720493,9891.18697000
2,80,0.365000,0.771000,107.32720193,0.00000000,0.92546214,411.56240005,0.00000000,0.00000000,94.69756566,107.32720193,101.68074366,1745.79450000,16696.04720473,9891.18697000
2,81,0.531000,0.715000,106.72863180,0.00000000,50.75675071,381.66941120,0.00000000,0.00000000,94.69756566,106.72863180,101.68074366,1745.79450000,17045.20610456,7912.94957600
2,82,0.643000,0.588000,106.72863180,0.00000000,83.97400653,313.87638292,0.00000000,0.00000000,94.69756566,106.72863180,101.68074366,1745.79450000,17394.36500440,7912.94957600
2,83,0.705000,0.433000,106.72863180,0.00000000,102.36213029,231.13686021,0.00000000,0.00000000,94.69756566,106.72863180,101.68074366,1745.79450000,17743.52390424,7912.94957600
2,84,0.721000,0.309000,107.32720193,0.00000000,106.50888243,164.94524204,0.00000000,0.00000000,94.69756566,107.32720193,101.68074366,1745.79450000,17743.52390403,9891.18697000
2,85,0.694000,0.257000,0.00000000,44.07720969,205.82835304,93.11025700,0.00000000,0.00000000,36.84682300,44.07720969,39.91750131,767.66957627,16765.39898010,9891.18697000
2,86,0.622000,0.277000,106.72863180,0.00000000,77.74577107,147.86353413,0.00000000,0.00000000,94.69756566,106.72863180,101.68074366,1745.79450000,17114.55787993,7912.94957600
2,87,0.502000,0.361000,107.32720193,0.00000000,41.55728399,192.70301740,0.00000000,0.00000000,94.69756566,107.32720193,101.68074366,1745.79450000,17114.55787973,9891.18697000
2,88,0.334000,0.507000,99.05860218,8.26859974,0.00000000,262.36971002,0.00000000,0.00000000,94.69756566,107.32720193,101.68074366,1745.79450000,17114.55787952,9891.18697000
2,89,0.133000,0.697000,39.44549129,67.88171064,0.00000000,304.17923986,0.00000000,0.00000000,94.69756566,107.32720193,101.68074366,1745.79450000,17114.55787932,9891.18697000
2,90,0.000000,0.812000,0.00000000,106.72863180,0.00000000,326.71970651,0.00000000,0.00000000,94.69756566,106.72863180,101.68074366,1745.79450000,17463.71677915,7912.94957600
2,91,0.000000,0.834000,0.00000000,106.72863180,0.00000000,338.46338070,0.00000000,0.00000000,94.69756566,106.72863180,101.68074366,1745.79450000,17812.87567899,7912.94957600
2,92,0.000000,0.851000,0.00000000,107.32720193,0.00000000,346.93946791,0.00000000,0.00000000,94.69756566,107.32720193,101.68074366,1745.79450000,17812.87567878,9891.18697000
2,93,0.000000,0.891000,0.00000000,107.32720193,0.00000000,368.29160280,0.00000000,0.00000000,94.69756566,107.32720193,101.68074366,1745.79450000,17812.87567858,9891.18697000
2,94,0.000000,0.853000,0.00000000,106.72863180,0.00000000,348.60564478,0.00000000,0.00000000,94.69756566,106.72863180,101.68074366,1745.79450000,18162.03457841,7912.94957600
2,95,0.000000,0.785000,0.00000000,106.72863180,0.00000000,312.30701546,0.00000000,0.00000000,94.69756566,106.72863180,101.68074366,1745.79450000,18511.19347825,7912.94957600
2,96,0.000000,0.707000,0.00000000,107.32720193,0.00000000,270.07178229,0.00000000,0.00000000,94.69756566,107.32720193,101.68074366,1745.79450000,18511.19347805,9891.18697000
2,97,0.000000,0.618000,0.00000000,106.72863180,0.00000000,223.16185228,0.00000000,0.00000000,94.69756566,106.72863180,101.68074366,1745.79450000,18860.35237788,7912.94957600
2,98,0.000000,0.503000,0.00000000,107.32720193,0.00000000,161.17589434,0.00000000,0.00000000,94.69756566,107.32720193,101.68074366,1745.79450000,18860.35237768,9891.18697000
2,99,0.000000,0.442000,0.00000000,106.72863180,0.00000000,129.21245876,0.00000000,0.00000000,94.69756566,106.72863180,101.68074366,1745.79450000,19209.51127751,7912.94957600
2,100,0.000000,0.392000,0.00000000,107.32720193,0.00000000,101.92372002,0.00000000,0.00000000,94.69756566,107.32720193,101.68074366,1745.79450000,19209.51127731,9891.18697000
2,101,0.000000,0.323000,0.00000000,106.72863180,0.00000000,65.68985745,0.00000000,0.00000000,94.69756566,106.72863180,101.68074366,1745.79450000,19558.67017714,7912.94957600
2,102,0.000000,0.316000,0.00000000,106.72863180,0.00000000,61.95323385,0.00000000,0.00000000,94.69756566,106.72863180,101.68074366,1745.79450000,19907.82907698,7912.94957600
2,103,0.118000,0.479000,34.99675167,71.73188013,0.00000000,183.95993520,0.00000000,0.00000000,94.69756566,106.72863180,101.68074366,1745.79450000,20256.98797682,7912.94957600
2,104,0.335000,0.559000,99.35518482,7.37344698,0.00000000,291.02263814,0.00000000,0.00000000,94.69756566,106.72863180,101.68074366,1745.79450000,20606.14687665,7912.94957600
2,105,0.508000,0.519000,107.32720193,0.00000000,43.33677984,277.04395023,0.00000000,0.00000000,94.69756566,107.32720193,101.68074366,1745.79450000,20606.14687645,9891.18697000
2,106,0.625000,0.467000,107.32720193,0.00000000,78.03694886,249.28617487,0.00000000,0.00000000,94.69756566,107.32720193,101.68074366,1745.79450000,20606.14687624,9891.18697000
2,107,0.695000,0.414000,106.72863180,0.00000000,99.39630388,220.99459613,0.00000000,0.00000000,94.69756566,106.72863180,101.68074366,1745.79450000,20955.30577608,7912.94957600
2,108,0.712000,0.374000,107.32720193,0.00000000,103.83963865,199.64246124,0.00000000,0.00000000,94.69756566,107.32720193,101.68074366,1745.79450000,20955.30577587,9891.18697000
2,109,0.687000,0.352000,107.32720193,0.00000000,96.42507262,187.89878705,0.00000000,0.00000000,94.69756566,107.32720193,101.68074366,1745.79450000,20955.30577567,9891.18697000
2,110,0.618000,0.358000,107.32720193,0.00000000,75.96087038,191.10160729,0.00000000,0.00000000,94.69756566,107.32720193,101.68074366,1745.79450000,20955.30577546,9891.18697000
2,111,0.498000,0.400000,106.72863180,0.00000000,40.96952355,213.52134892,0.00000000,0.00000000,94.69756566,106.72863180,101.68074366,1745.79450000,21304.46467530,7912.94957600
2,112,0.332000,0.479000,98.46543690,8.26319490,0.00000000,247.42862043,0.00000000,0.00000000,94.69756566,106.72863180,101.68074366,1745.79450000,21653.62357513,7912.94957600
2,113,0.130000,0.598000,38.55574336,68.77145856,0.00000000,250.44295808,0.00000000,0.00000000,94.69756566,107.32720193,101.68074366,1745.79450000,21653.62357493,9891.18697000
2,114,0.000000,0.711000,0.00000000,107.32720193,0.00000000,272.20699578,0.00000000,0.00000000,94.69756566,107.32720193,101.68074366,1745.79450000,21653.62357472,9891.18697000
2,115,0.000000,0.747000,0.00000000,106.72863180,0.00000000,292.02248731,0.00000000,0.00000000,94.69756566,106.72863180,101.68074366,1745.79450000,22002.78247456,7912.94957600
2,116,0.000000,0.795000,0.00000000,106.72863180,0.00000000,317.64504918,0.00000000,0.00000000,94.69756566,106.72863180,101.68074366,1745.79450000,22351.94137440,7912.94957600
2,117,0.000000,0.827000,0.00000000,106.72863180,0.00000000,334.72675710,0.00000000,0.00000000,94.69756566,106.72863180,101.68074366,1745.79450000,22701.10027423,7912.94957600
2,118,0.000000,0.851000,0.00000000,106.72863180,0.00000000,347.53803803,0.00000000,0.00000000,94.69756566,106.72863180,101.68074366,1745.79450000,23050.25917407,7912.94957600
2,119,0.000000,0.791000,0.00000000,107.32720193,0.00000000,314.91126557,0.00000000,0.00000000,94.69756566,107.32720193,101.68074366,1745.79450000,23050.25917386,9891.18697000
2,120,0.000000,0.697000,0.00000000,107.32720193,0.00000000,264.73374857,0.00000000,0.00000000,94.69756566,107.32720193,101.68074366,1745.79450000,23050.25917366,9891.18697000
2,121,0.000000,0.585000,0.00000000,107.32720193,0.00000000,204.94777087,0.00000000,0.00000000,94.69756566,107.32720193,101.68074366,1745.79450000,23050.25917345,9891.18697000
2,122,0.000000,0.457000,0.00000000,106.72863180,0.00000000,137.21950934,0.00000000,0.00000000,94.69756566,106.72863180,101.68074366,1745.79450000,23399.41807329,7912.94957600
2,123,0.000000,0.370000,0.00000000,107.32720193,0.00000000,90.18004583,0.00000000,0.00000000,94.69756566,107.32720193,101.68074366,1745.79450000,23399.41807308,9891.18697000
2,124,0.000000,0.326000,0.00000000,107.32720193,0.00000000,66.69269745,0.00000000,0.00000000,94.69756566,107.32720193,101.68074366,1745.79450000,23399.41807288,9891.18697000
2,125,0.000000,0.282000,0.00000000,106.72863180,0.00000000,43.80391919,0.00000000,0.00000000,94.69756566,106.72863180,101.68074366,1745.79450000,23748.57697272,7912.94957600
2,126,0.000000,0.255000,0.00000000,106.72863180,0.00000000,29.39122814,0.00000000,0.00000000,94.69756566,106.72863180,101.68074366,1745.79450000,24097.73587255,7912.94957600
2,127,0.148000,0.485000,43.89423091,62.83440089,0.00000000,196.06023467,0.00000000,0.00000000,94.69756566,106.72863180,101.68074366,1745.79450000,24446.89477239,7912.94957600
2,128,0.351000,0.680000,104.10050708,2.62812472,0.00000000,360.35816845,0.00000000,0.00000000,94.69756566,106.72863180,101.68074366,1745.79450000,24796.05367222,7912.94957600
2,129,0.520000,0.668000,106.72863180,0.00000000,47.49434166,356.58065270,0.00000000,0.00000000,94.69756566,106.72863180,101.68074366,1745.79450000,25145.21257206,7912.94957600
2,130,0.634000,0.613000,107.32720193,0.00000000,80.70619264,327.22146722,0.00000000,0.00000000,94.69756566,107.32720193,101.68074366,1745.79450000,25145.21257185,9891.18697000
2,131,0.697000,0.555000,106.72863180,0.00000000,99.98946916,296.26087163,0.00000000,0.00000000,94.69756566,106.72863180,101.68074366,1745.79450000,25494.37147169,7912.94957600
2,132,0.714000,0.522000,107.32720193,0.00000000,104.43280394,278.64536034,0.00000000,0.00000000,94.69756566,107.32720193,101.68074366,1745.79450000,25494.37147149,9891.18697000
2,133,0.685000,0.523000,107.32720193,0.00000000,95.83190734,279.17916372,0.00000000,0.00000000,94.69756566,107.32720193,101.68074366,1745.79450000,25494.37147128,9891.18697000
2,134,0.611000,0.552000,107.32720193,0.00000000,73.88479189,294.65946151,0.00000000,0.00000000,94.69756566,107.32720193,101.68074366,1745.79450000,25494.37147108,9891.18697000
2,135,0.488000,0.604000,107.32720193,0.00000000,37.40512701,322.41723687,0.00000000,0.00000000,94.69756566,107.32720193,101.68074366,1745.79450000,25494.37147087,9891.18697000
2,136,0.318000,0.662000,94.31327992,13.01392200,0.00000000,340.36391046,0.00000000,0.00000000,94.69756566,107.32720193,101.68074366,1745.79450000,25494.37147067,9891.18697000
2,137,0.114000,0.722000,33.81042110,72.91821070,0.00000000,312.48782411,0.00000000,0.00000000,94.69756566,106.72863180,101.68074366,1745.79450000,25843.53037050,7912.94957600
2,138,0.000000,0.763000,0.00000000,106.72863180,0.00000000,300.56334127,0.00000000,0.00000000,94.69756566,106.72863180,101.68074366,1745.79450000,26192.68927034,7912.94957600
2,139,0.000000,0.813000,0.00000000,107.32720193,0.00000000,326.65493976,0.00000000,0.00000000,94.69756566,107.32720193,101.68074366,1745.79450000,26192.68927013,9891.18697000
2,140,0.000000,0.859000,0.00000000,106.72863180,0.00000000,351.80846501,0.00000000,0.00000000,94.69756566,106.72863180,101.68074366,1745.79450000,26541.84816997,7912.94957600
2,141,0.000000,0.856000,0.00000000,107.32720193,0.00000000,349.60848477,0.00000000,0.00000000,94.69756566,107.32720193,101.68074366,1745.79450000,26541.84816976,9891.18697000
2,142,0.000000,0.820000,0.00000000,106.72863180,0.00000000,330.99013349,0.00000000,0.00000000,94.69756566,106.72863180,101.68074366,1745.79450000,26891.00706960,7912.94957600
2,143,0.000000,0.803000,0.00000000,106.72863180,0.00000000,321.91547616,0.00000000,0.00000000,94.69756566,106.72863180,101.68074366,1745.79450000,27240.16596944,7912.94957600
2,144,0.000000,0.759000,0.00000000,106.72863180,0.00000000,298.42812778,0.00000000,0.00000000,94.69756566,106.72863180,101.68074366,1745.79450000,27589.32486927,7912.94957600
2,145,0.000000,0.705000,0.00000000,2.99285063,0.00000000,373.33852685,0.00000000,0.00000000,0.00000000,2.99285063,0.00000000,0.00000000,25843.53036907,9891.18697000
2,146,0.000000,0.644000,0.00000000,106.72863180,0.00000000,237.04073996,0.00000000,0.00000000,94.69756566,106.72863180,101.68074366,1745.79450000,26192.68926890,7912.94957600
2,147,0.000000,0.557000,0.00000000,106.72863180,0.00000000,190.59984657,0.00000000,0.00000000,94.69756566,106.72863180,101.68074366,1745.79450000,26541.84816874,7912.94957600
2,148,0.000000,0.472000,0.00000000,106.72863180,0.00000000,145.22655993,0.00000000,0.00000000,94.69756566,106.72863180,101.68074366,1745.79450000,26891.00706857,7912.94957600
2,149,0.000000,0.372000,0.00000000,107.32720193,0.00000000,91.24765257,0.00000000,0.00000000,94.69756566,107.32720193,101.68074366,1745.79450000,26891.00706837,9891.18697000
2,150,0.000000,0.323000,0.00000000,107.32720193,0.00000000,65.09128733,0.00000000,0.00000000,94.69756566,107.32720193,101.68074366,1745.79450000,26891.00706816,9891.18697000
2,151,0.148000,0.525000,43.89423091,63.43297102,0.00000000,216.81379944,0.00000000,0.00000000,94.69756566,107.32720193,101.68074366,1745.79450000,26891.00706796,9891.18697000
2,152,0.350000,0.739000,103.80392444,3.52327748,0.00000000,390.95741465,0.00000000,0.00000000,94.69756566,107.32720193,101.68074366,1745.79450000,26891.00706775,9891.18697000
2,153,0.514000,0.739000,106.72863180,0.00000000,45.71484581,394.48069213,0.00000000,0.00000000,94.69756566,106.72863180,101.68074366,1745.79450000,27240.16596759,7912.94957600
2,154,0.629000,0.692000,107.32720193,0.00000000,79.22327943,369.39193364,0.00000000,0.00000000,94.69756566,107.32720193,101.68074366,1745.79450000,27240.16596739,9891.18697000
2,155,0.695000,0.627000,106.72863180,0.00000000,99.39630388,334.69471444,0.00000000,0.00000000,94.69756566,106.72863180,101.68074366,1745.79450000,27589.32486722,7912.94957600
2,156,0.717000,0.551000,106.72863180,0.00000000,105.92112199,294.12565814,0.00000000,0.00000000,94.69756566,106.72863180,101.68074366,1745.79450000,27938.48376706,7912.94957600
2,157,0.685000,0.491000,107.32720193,0.00000000,95.83190734,262.09745580,0.00000000,0.00000000,94.69756566,107.32720193,101.68074366,1745.79450000,27938.48376685,9891.18697000
2,158,0.609000,0.457000,2.99285063,0.00000000,177.62597791,243.94814114,0.00000000,0.00000000,0.00000000,2.99285063,0.00000000,0.00000000,26192.68926665,9891.18697000
2,159,0.477000,0.462000,107.32720193,0.00000000,34.14271796,246.61715801,0.00000000,0.00000000,94.69756566,107.32720193,101.68074366,1745.79450000,26192.68926644,9891.18697000
2,160,0.265000,0.503000,78.59439994,28.13423187,0.00000000,240.36886440,0.00000000,0.00000000,94.69756566,106.72863180,101.68074366,1745.79450000,26541.84816628,7912.94957600
2,161,0.092000,0.586000,27.28560300,79.44302880,0.00000000,233.36574737,0.00000000,0.00000000,94.69756566,106.72863180,101.68074366,1745.79450000,26891.00706611,7912.94957600
2,162,0.000000,0.669000,0.00000000,107.32720193,0.00000000,249.78725415,0.00000000,0.00000000,94.69756566,107.32720193,101.68074366,1745.79450000,26891.00706591,9891.18697000
2,163,0.000000,0.779000,0.00000000,106.72863180,0.00000000,309.10419523,0.00000000,0.00000000,94.69756566,106.72863180,101.68074366,1745.79450000,27240.16596575,7912.94957600
2,164,0.000000,0.887000,0.00000000,107.32720193,0.00000000,366.15638931,0.00000000,0.00000000,94.69756566,107.32720193,101.68074366,1745.79450000,27240.16596554,9891.18697000
2,165,0.000000,0.920000,0.00000000,107.32720193,0.00000000,383.77190060,0.00000000,0.00000000,94.69756566,107.32720193,101.68074366,1745.79450000,27240.16596534,9891.18697000
2,166,0.000000,0.924000,0.00000000,107.32720193,0.00000000,385.90711408,0.00000000,0.00000000,94.69756566,107.32720193,101.68074366,1745.79450000,27240.16596513,9891.18697000
2,167,0.000000,0.886000,0.00000000,107.32720193,0.00000000,365.62258594,0.00000000,0.00000000,94.69756566,107.32720193,101.68074366,1745.79450000,27240.16596493,9891.18697000
2,168,0.000000,0.834000,0.00000000,107.32720193,0.00000000,337.86481058,0.00000000,0.00000000,94.69756566,107.32720193,101.68074366,1745.79450000,27240.16596472,9891.18697000
2,169,0.000000,0.784000,0.00000000,107.32720193,0.00000000,311.17464196,0.00000000,0.00000000,94.69756566,107.32720193,101.68074366,1745.79450000,27240.16596452,9891.18697000
2,170,0.000000,0.710000,0.00000000,106.72863180,0.00000000,272.27176254,0.00000000,0.00000000,94.69756566,106.72863180,101.68074366,1745.79450000,27589.32486435,7912.94957600
2,171,0.000000,0.616000,0.00000000,107.32720193,0.00000000,221.49567541,0.00000000,0.00000000,94.69756566,107.32720193,101.68074366,1745.79450000,27589.32486415,9891.18697000
2,172,0.000000,0.513000,0.00000000,106.72863180,0.00000000,167.11249819,0.00000000,0.00000000,94.69756566,106.72863180,101.68074366,1745.79450000,27938.48376398,7912.94957600
2,173,0.000000,0.439000,0.00000000,107.32720193,0.00000000,127.01247852,0.00000000,0.00000000,94.69756566,107.32720193,101.68074366,1745.79450000,27938.48376378,9891.18697000
2,174,0.000000,0.401000,0.00000000,107.32720193,0.00000000,106.72795037,0.00000000,0.00000000,94.69756566,107.32720193,101.68074366,1745.79450000,27938.48376357,9891.18697000
2,175,0.165000,0.613000,48.93613581,57.79249599,0.00000000,269.42897123,0.00000000,0.00000000,94.69756566,106.72863180,101.68074366,1745.79450000,28287.64266341,7912.94957600
2,176,0.378000,0.785000,106.72863180,0.00000000,5.37960660,419.03564726,0.00000000,0.00000000,94.69756566,106.72863180,101.68074366,1745.79450000,28636.80156324,7912.94957600
2,177,0.547000,0.767000,107.32720193,0.00000000,54.90350285,409.42718656,0.00000000,0.00000000,94.69756566,107.32720193,101.68074366,1745.79450000,28636.80156304,9891.18697000
2,178,0.658000,0.692000,106.72863180,0.00000000,88.42274615,369.39193364,0.00000000,0.00000000,94.69756566,106.72863180,101.68074366,1745.79450000,28985.96046288,7912.94957600
2,179,0.721000,0.583000,106.72863180,0.00000000,107.10745255,311.20736605,0.00000000,0.00000000,94.69756566,106.72863180,101.68074366,1745.79450000,29335.11936271,7912.94957600
2,180,0.737000,0.447000,107.32720193,0.00000000,111.25420469,238.61010742,0.00000000,0.00000000,94.69756566,107.32720193,101.68074366,1745.79450000,29335.11936251,9891.18697000
2,181,0.709000,0.335000,106.72863180,0.00000000,103.54846086,178.82412972,0.00000000,0.00000000,94.69756566,106.72863180,101.68074366,1745.79450000,29684.27826234,7912.94957600
2,182,0.636000,0.277000,107.32720193,0.00000000,81.29935792,147.86353413,0.00000000,0.00000000,94.69756566,107.32720193,101.68074366,1745.79450000,29684.27826214,9891.18697000
2,183,0.516000,0.264000,106.72863180,0.00000000,46.30801109,140.92409029,0.00000000,0.00000000,94.69756566,106.72863180,101.68074366,1745.79450000,30033.43716197,7912.94957600
2,184,0.347000,0.294000,102.91417652,3.81445528,0.00000000,153.12373618,0.00000000,0.00000000,94.69756566,106.72863180,101.68074366,1745.79450000,30382.59606181,7912.94957600
2,185,0.142000,0.382000,42.11473506,64.61389674,0.00000000,139.29899148,0.00000000,0.00000000,94.69756566,106.72863180,101.68074366,1745.79450000,30731.75496165,7912.94957600
2,186,0.000000,0.571000,0.00000000,106.72863180,0.00000000,198.07309379,0.00000000,0.00000000,94.69756566,106.72863180,101.68074366,1745.79450000,31080.91386148,7912.94957600
2,187,0.000000,0.756000,0.00000000,107.32720193,0.00000000,296.22814754,0.00000000,0.00000000,94.69756566,107.32720193,101.68074366,1745.79450000,31080.91386128,9891.18697000
2,188,0.000000,0.863000,0.00000000,106.72863180,0.00000000,353.94367850,0.00000000,0.00000000,94.69756566,106.72863180,101.68074366,1745.79450000,31430.07276111,7912.94957600
2,189,0.000000,0.907000,0.00000000,107.32720193,0.00000000,376.83245676,0.00000000,0.00000000,94.69756566,107.32720193,101.68074366,1745.79450000,31430.07276091,9891.18697000
2,190,0.000000,0.898000,0.00000000,107.32720193,0.00000000,372.02822640,0.00000000,0.00000000,94.69756566,107.32720193,101.68074366,1745.79450000,31430.07276070,9891.18697000
2,191,0.000000,0.873000,0.00000000,106.72863180,0.00000000,359.28171222,0.00000000,0.00000000,94.69756566,106.72863180,101.68074366,1745.79450000,31779.23166054,7912.94957600
2,192,0.000000,0.842000,0.00000000,107.32720193,0.00000000,342.13523756,0.00000000,0.00000000,94.69756566,107.32720193,101.68074366,1745.79450000,31779.23166033,9891.18697000
2,193,0.000000,0.782000,0.00000000,106.72863180,0.00000000,310.70560534,0.00000000,0.00000000,94.69756566,106.72863180,101.68074366,1745.79450000,32128.39056017,7912.94957600
2,194,0.000000,0.695000,0.00000000,107.32720193,0.00000000,263.66614183,0.00000000,0.00000000,94.69756566,107.32720193,101.68074366,1745.79450000,32128.39055996,9891.18697000
2,195,0.000000,0.605000,0.00000000,106.72863180,0.00000000,216.22240844,0.00000000,0.00000000,94.69756566,106.72863180,101.68074366,1745.79450000,32477.54945980,7912.94957600
2,196,0.000000,0.508000,0.00000000,106.72863180,0.00000000,164.44348133,0.00000000,0.00000000,94.69756566,106.72863180,101.68074366,1745.79450000,32826.70835964,7912.94957600
2,197,0.000000,0.440000,0.00000000,106.72863180,0.00000000,128.14485201,0.00000000,0.00000000,94.69756566,106.72863180,101.68074366,1745.79450000,33175.86725947,7912.94957600
2,198,0.000000,0.379000,0.00000000,106.72863180,0.00000000,95.58284630,0.00000000,0.00000000,94.69756566,106.72863180,101.68074366,1745.79450000,33525.02615931,7912.94957600
2,199,0.161000,0.578000,47.74980524,58.97882656,0.00000000,249.55952264,0.00000000,0.00000000,94.69756566,106.72863180,101.68074366,1745.79450000,33874.18505914,7912.94957600
2,200,0.370000,0.748000,106.72863180,0.00000000,3.00694547,399.28492248,0.00000000,0.00000000,94.69756566,106.72863180,101.68074366,1745.79450000,34223.34395898,7912.94957600
2,201,0.536000,0.702000,106.72863180,0.00000000,52.23966392,374.72996736,0.00000000,0.00000000,94.69756566,106.72863180,101.68074366,1745.79450000,34572.50285882,7912.94957600
2,202,0.651000,0.596000,107.32720193,0.00000000,85.74809754,318.14680989,0.00000000,0.00000000,94.69756566,107.32720193,101.68074366,1745.79450000,34572.50285861,9891.18697000
2,203,0.714000,0.484000,106.72863180,0.00000000,105.03137406,258.36083220,0.00000000,0.00000000,94.69756566,106.72863180,101.68074366,1745.79450000,34921.66175845,7912.94957600
2,204,0.730000,0.387000,106.72863180,0.00000000,109.77669632,206.58190508,0.00000000,0.00000000,94.69756566,106.72863180,101.68074366,1745.79450000,35270.82065828,7912.94957600
2,205,0.702000,0.333000,106.72863180,0.00000000,101.47238237,177.75652298,0.00000000,0.00000000,94.69756566,106.72863180,101.68074366,1745.79450000,35619.97955812,7912.94957600
2,206,0.630000,0.334000,106.72863180,0.00000000,80.11843220,178.29032635,0.00000000,0.00000000,94.69756566,106.72863180,101.68074366,1745.79450000,35969.13845796,7912.94957600
2,207,0.510000,0.388000,107.32720193,0.00000000,43.92994512,207.11570845,0.00000000,0.00000000,94.69756566,107.32720193,101.68074366,1745.79450000,35969.13845775,9891.18697000
2,208,0.342000,0.489000,101.43126331,5.89593861,0.00000000,255.13391044,0.00000000,0.00000000,94.69756566,107.32720193,101.68074366,1745.79450000,35969.13845755,9891.18697000
2,209,0.138000,0.635000,40.92840449,65.80022731,0.00000000,273.16491411,0.00000000,0.00000000,94.69756566,106.72863180,101.68074366,1745.79450000,36318.29735738,7912.94957600
2,210,0.000000,0.770000,0.00000000,106.72863180,0.00000000,304.29996487,0.00000000,0.00000000,94.69756566,106.72863180,101.68074366,1745.79450000,36667.45625722,7912.94957600
2,211,0.000000,0.816000,0.00000000,106.72863180,0.00000000,328.85492000,0.00000000,0.00000000,94.69756566,106.72863180,101.68074366,1745.79450000,37016.61515705,7912.94957600
2,212,0.000000,0.845000,0.00000000,106.72863180,0.00000000,344.33521780,0.00000000,0.00000000,94.69756566,106.72863180,101.68074366,1745.79450000,37365.77405689,7912.94957600
2,213,0.000000,0.908000,0.00000000,107.32720193,0.00000000,377.36626013,0.00000000,0.00000000,94.69756566,107.32720193,101.68074366,1745.79450000,37365.77405668,9891.18697000
2,214,0.000000,0.896000,0.00000000,107.32720193,0.00000000,370.96061966,0.00000000,0.00000000,94.69756566,107.32720193,101.68074366,1745.79450000,37365.77405648,9891.18697000
2,215,0.000000,0.859000,0.00000000,106.72863180,0.00000000,351.80846501,0.00000000,0.00000000,94.69756566,106.72863180,101.68074366,1745.79450000,37714.93295632,7912.94957600
2,216,0.000000,0.795000,0.00000000,107.32720193,0.00000000,317.04647906,0.00000000,0.00000000,94.69756566,107.32720193,101.68074366,1745.79450000,37714.93295611,9891.18697000
2,217,0.000000,0.708000,0.00000000,107.32720193,0.00000000,270.60558567,0.00000000,0.00000000,94.69756566,107.32720193,101.68074366,1745.79450000,37714.93295591,9891.18697000
2,218,0.000000,0.560000,0.00000000,107.32720193,0.00000000,191.60268657,0.00000000,0.00000000,94.69756566,107.32720193,101.68074366,1745.79450000,37714.93295570,9891.18697000
2,219,0.000000,0.430000,0.00000000,106.72863180,0.00000000,122.80681829,0.00000000,0.00000000,94.69756566,106.72863180,101.68074366,1745.79450000,38064.09185554,7912.94957600
2,220,0.000000,0.325000,0.00000000,106.72863180,0.00000000,66.75746420,0.00000000,0.00000000,94.69756566,106.72863180,101.68074366,1745.79450000,38413.25075537,7912.94957600
2,221,0.000000,0.265000,0.00000000,106.72863180,0.00000000,34.72926186,0.00000000,0.00000000,94.69756566,106.72863180,101.68074366,1745.79450000,38762.40965521,7912.94957600
2,222,0.000000,0.241000,0.00000000,107.32720193,0.00000000,21.31941080,0.00000000,0.00000000,94.69756566,107.32720193,101.68074366,1745.79450000,38762.40965500,9891.18697000
2,223,0.158000,0.478000,46.86005732,59.86857448,0.00000000,195.28943748,0.00000000,0.00000000,94.69756566,106.72863180,101.68074366,1745.79450000,39111.56855484,7912.94957600
2,224,0.361000,0.720000,106.72863180,0.00000000,0.33770170,384.33842806,0.00000000,0.00000000,94.69756566,106.72863180,101.68074366,1745.79450000,39460.72745468,7912.94957600
2,225,0.523000,0.737000,107.32720193,0.00000000,47.78551946,393.41308539,0.00000000,0.00000000,94.69756566,107.32720193,101.68074366,1745.79450000,39460.72745447,9891.18697000
2,226,0.635000,0.686000,106.72863180,0.00000000,81.60134540,366.18911340,0.00000000,0.00000000,94.69756566,106.72863180,101.68074366,1745.79450000,39809.88635431,7912.94957600
2,227,0.700000,0.613000,107.32720193,0.00000000,100.28064696,327.22146722,0.00000000,0.00000000,94.69756566,107.32720193,101.68074366,1745.79450000,39809.88635410,9891.18697000
2,228,0.718000,0.556000,106.72863180,0.00000000,106.21770463,296.79467500,0.00000000,0.00000000,94.69756566,106.72863180,101.68074366,1745.79450000,40159.04525394,7912.94957600
2,229,0.691000,0.535000,106.72863180,0.00000000,98.20997331,285.58480418,0.00000000,0.00000000,94.69756566,106.72863180,101.68074366,1745.79450000,40508.20415377,7912.94957600
2,230,0.613000,0.568000,106.72863180,0.00000000,75.07652729,303.20031547,0.00000000,0.00000000,94.69756566,106.72863180,101.68074366,1745.79450000,40857.36305361,7912.94957600
2,231,0.486000,0.644000,106.72863180,0.00000000,37.41053185,343.76937176,0.00000000,0.00000000,94.69756566,106.72863180,101.68074366,1745.79450000,41206.52195345,7912.94957600
2,232,0.297000,0.750000,88.08504446,19.24215747,0.00000000,381.11037176,0.00000000,0.00000000,94.69756566,107.32720193,101.68074366,1745.79450000,41206.52195324,9891.18697000
2,233,0.110000,0.855000,32.62409054,74.10454126,0.00000000,382.29734206,0.00000000,0.00000000,94.69756566,106.72863180,101.68074366,1745.79450000,41555.68085308,7912.94957600
2,234,0.000000,0.909000,0.00000000,107.32720193,0.00000000,377.90006350,0.00000000,0.00000000,94.69756566,107.32720193,101.68074366,1745.79450000,41555.68085287,9891.18697000
2,235,0.000000,0.937000,0.00000000,107.32720193,0.00000000,392.84655792,0.00000000,0.00000000,94.69756566,107.32720193,101.68074366,1745.79450000,41555.68085267,9891.18697000
2,236,0.000000,0.945000,0.00000000,107.32720193,0.00000000,397.11698490,0.00000000,0.00000000,94.69756566,107.32720193,101.68074366,1745.79450000,41555.68085246,9891.18697000
2,237,0.000000,0.924000,0.00000000,107.32720193,0.00000000,385.90711408,0.00000000,0.00000000,94.69756566,107.32720193,101.68074366,1745.79450000,41555.68085226,9891.18697000
2,238,0.000000,0.881000,0.00000000,106.72863180,0.00000000,363.55213920,0.00000000,0.00000000,94.69756566,106.72863180,101.68074366,1745.79450000,41904.83975209,7912.94957600
2,239,0.000000,0.831000,0.00000000,107.32720193,0.00000000,336.26340046,0.00000000,0.00000000,94.69756566,107.32720193,101.68074366,1745.79450000,41904.83975189,9891.18697000
2,240,0.000000,0.777000,0.00000000,107.32720193,0.00000000,307.43801836,0.00000000,0.00000000,94.69756566,107.32720193,101.68074366,1745.79450000,41904.83975168,9891.18697000
2,241,0.000000,0.702000,0.00000000,106.72863180,0.00000000,268.00133556,0.00000000,0.00000000,94.69756566,106.72863180,101.68074366,1745.79450000,42253.99865152,7912.94957600
2,242,0.000000,0.640000,0.00000000,106.72863180,0.00000000,234.90552647,0.00000000,0.00000000,94.69756566,106.72863180,101.68074366,1745.79450000,42603.15755135,7912.94957600
2,243,0.000000,0.592000,0.00000000,106.72863180,0.00000000,209.28296460,0.00000000,0.00000000,94.69756566,106.72863180,101.68074366,1745.79450000,42952.31645119,7912.94957600
2,244,0.000000,0.571000,0.00000000,106.72863180,0.00000000,198.07309379,0.00000000,0.00000000,94.69756566,106.72863180,101.68074366,1745.79450000,43301.47535103,7912.94957600
2,245,0.000000,0.550000,0.00000000,106.72863180,0.00000000,186.86322297,0.00000000,0.00000000,94.69756566,106.72863180,101.68074366,1745.79450000,43650.63425086,7912.94957600
2,246,0.000000,0.525000,0.00000000,106.72863180,0.00000000,173.51813866,0.00000000,0.00000000,94.69756566,106.72863180,101.68074366,1745.79450000,43999.79315070,7912.94957600
2,247,0.144000,0.711000,42.70790034,64.61930158,0.00000000,314.91489613,0.00000000,0.00000000,94.69756566,107.32720193,101.68074366,1745.79450000,43999.79315049,9891.18697000
2,248,0.342000,0.829000,101.43126331,5.29736849,0.00000000,437.22562715,0.00000000,0.00000000,94.69756566,106.72863180,101.68074366,1745.79450000,44348.95205033,7912.94957600
2,249,0.505000,0.832000,107.32720193,0.00000000,42.44703191,444.12440576,0.00000000,0.00000000,94.69756566,107.32720193,101.68074366,1745.79450000,44348.95205012,9891.18697000
2,250,0.620000,0.805000,106.72863180,0.00000000,77.15260578,429.71171471,0.00000000,0.00000000,94.69756566,106.72863180,101.68074366,1745.79450000,44698.11094996,7912.94957600
2,251,0.685000,0.784000,106.72863180,0.00000000,96.43047747,418.50184389,0.00000000,0.00000000,94.69756566,106.72863180,101.68074366,1745.79450000,45047.26984980,7912.94957600
2,252,0.688000,0.771000,107.32720193,0.00000000,96.72165526,411.56240005,0.00000000,0.00000000,94.69756566,107.32720193,101.68074366,1745.79450000,45047.26984959,9891.18697000
2,253,0.644000,0.766000,106.72863180,0.00000000,84.27058917,408.89338319,0.00000000,0.00000000,94.69756566,106.72863180,101.68074366,1745.79450000,45396.42874943,7912.94957600
2,254,0.546000,0.780000,107.32720193,0.00000000,54.60692020,416.36663040,0.00000000,0.00000000,94.69756566,107.32720193,101.68074366,1745.79450000,45396.42874922,9891.18697000
2,255,0.390000,0.807000,106.72863180,0.00000000,8.93859829,430.77932145,0.00000000,0.00000000,94.69756566,106.72863180,101.68074366,1745.79450000,45745.58764906,7912.94957600
2,256,0.226000,0.833000,67.02767693,39.70095487,0.00000000,404.95725426,0.00000000,0.00000000,94.69756566,106.72863180,101.68074366,1745.79450000,46094.74654889,7912.94957600
2,257,0.078000,0.862000,23.13344602,84.19375591,0.00000000,375.94475102,0.00000000,0.00000000,94.69756566,107.32720193,101.68074366,1745.79450000,46094.74654869,9891.18697000
2,258,0.000000,0.871000,0.00000000,107.32720193,0.00000000,357.61553535,0.00000000,0.00000000,94.69756566,107.32720193,101.68074366,1745.79450000,46094.74654848,9891.18697000
2,259,0.000000,0.900000,0.00000000,107.32720193,0.00000000,373.09583315,0.00000000,0.00000000,94.69756566,107.32720193,101.68074366,1745.79450000,46094.74654828,9891.18697000
2,260,0.000000,0.920000,0.00000000,107.32720193,0.00000000,383.77190060,0.00000000,0.00000000,94.69756566,107.32720193,101.68074366,1745.79450000,46094.74654807,9891.18697000
2,261,0.000000,0.924000,0.00000000,107.32720193,0.00000000,385.90711408,0.00000000,0.00000000,94.69756566,107.32720193,101.68074366,1745.79450000,46094.74654787,9891.18697000
2,262,0.000000,0.909000,0.00000000,107.32720193,0.00000000,377.90006350,0.00000000,0.00000000,94.69756566,107.32720193,101.68074366,1745.79450000,46094.74654766,9891.18697000
2,263,0.000000,0.889000,0.00000000,107.32720193,0.00000000,367.22399605,0.00000000,0.00000000,94.69756566,107.32720193,101.68074366,1745.79450000,46094.74654746,9891.18697000
2,264,0.000000,0.869000,0.00000000,107.32720193,0.00000000,356.54792861,0.00000000,0.00000000,94.69756566,107.32720193,101.68074366,1745.79450000,46094.74654725,9891.18697000
2,265,0.000000,0.829000,0.00000000,106.72863180,0.00000000,335.79436384,0.00000000,0.00000000,94.69756566,106.72863180,101.68074366,1745.79450000,46443.90544709,7912.94957600
2,266,0.000000,0.788000,0.00000000,107.32720193,0.00000000,313.30985545,0.00000000,0.00000000,94.69756566,107.32720193,101.68074366,1745.79450000,46443.90544689,9891.18697000
2,267,0.000000,0.746000,0.00000000,107.32720193,0.00000000,290.89011381,0.00000000,0.00000000,94.69756566,107.32720193,101.68074366,1745.79450000,46443.90544668,9891.18697000
2,268,0.000000,0.705000,0.00000000,106.72863180,0.00000000,269.60274567,0.00000000,0.00000000,94.69756566,106.72863180,101.68074366,1745.79450000,46793.06434652,7912.94957600
2,269,0.000000,0.658000,0.00000000,107.32720193,0.00000000,243.91541705,0.00000000,0.00000000,94.69756566,107.32720193,101.68074366,1745.79450000,46793.06434631,9891.18697000
2,270,0.000000,0.565000,0.00000000,107.32720193,0.00000000,194.27170343,0.00000000,0.00000000,94.69756566,107.32720193,101.68074366,1745.79450000,46793.06434611,9891.18697000
2,271,0.164000,0.733000,48.63955317,58.68764876,0.00000000,332.59022314,0.00000000,0.00000000,94.69756566,107.32720193,101.68074366,1745.79450000,46793.06434590,9891.18697000
2,272,0.375000,0.842000,107.32720193,0.00000000,3.89128855,449.46243948,0.00000000,0.00000000,94.69756566,107.32720193,101.68074366,1745.79450000,46793.06434570,9891.18697000
2,273,0.543000,0.819000,107.32720193,0.00000000,53.71717228,437.18496192,0.00000000,0.00000000,94.69756566,107.32720193,101.68074366,1745.79450000,46793.06434549,9891.18697000
2,274,0.657000,0.760000,106.72863180,0.00000000,88.12616351,405.69056295,0.00000000,0.00000000,94.69756566,106.72863180,101.68074366,1745.79450000,47142.22324533,7912.94957600
2,275,0.720000,0.697000,106.72863180,0.00000000,106.81086991,372.06095050,0.00000000,0.00000000,94.69756566,106.72863180,101.68074366,1745.79450000,47491.38214516,7912.94957600
2,276,0.737000,0.648000,107.32720193,0.00000000,111.25420469,345.90458525,0.00000000,0.00000000,94.69756566,107.32720193,101.68074366,1745.79450000,47491.38214496,9891.18697000
2,277,0.710000,0.625000,107.32720193,0.00000000,103.24647337,333.62710769,0.00000000,0.00000000,94.69756566,107.32720193,101.68074366,1745.79450000,47491.38214475,9891.18697000
2,278,0.638000,0.644000,107.32720193,0.00000000,81.89252320,343.76937176,0.00000000,0.00000000,94.69756566,107.32720193,101.68074366,1745.79450000,47491.38214455,9891.18697000
2,279,0.519000,0.694000,106.72863180,0.00000000,47.19775902,370.45954038,0.00000000,0.00000000,94.69756566,106.72863180,101.68074366,1745.79450000,47840.54104438,7912.94957600
2,280,0.351000,0.760000,104.10050708,2.62812472,0.00000000,403.06243824,0.00000000,0.00000000,94.69756566,106.72863180,101.68074366,1745.79450000,48189.69994422,7912.94957600
2,281,0.146000,0.826000,43.30106562,64.02613630,0.00000000,376.89544922,0.00000000,0.00000000,94.69756566,107.32720193,101.68074366,1745.79450000,48189.69994402,9891.18697000
2,282,0.000000,0.851000,0.00000000,107.32720193,0.00000000,346.93946791,0.00000000,0.00000000,94.69756566,107.32720193,101.68074366,1745.79450000,48189.69994381,9891.18697000
2,283,0.000000,0.868000,0.00000000,107.32720193,0.00000000,356.01412524,0.00000000,0.00000000,94.69756566,107.32720193,101.68074366,1745.79450000,48189.69994361,9891.18697000
2,284,0.000000,0.883000,0.00000000,107.32720193,0.00000000,364.02117582,0.00000000,0.00000000,94.69756566,107.32720193,101.68074366,1745.79450000,48189.69994340,9891.18697000
2,285,0.000000,0.891000,0.00000000,107.32720193,0.00000000,368.29160280,0.00000000,0.00000000,94.69756566,107.32720193,101.68074366,1745.79450000,48189.69994320,9891.18697000
2,286,0.000000,0.874000,0.00000000,106.72863180,0.00000000,359.81551559,0.00000000,0.00000000,94.69756566,106.72863180,101.68074366,1745.79450000,48538.85884303,7912.94957600
2,287,0.000000,0.856000,0.00000000,106.72863180,0.00000000,350.20705489,0.00000000,0.00000000,94.69756566,106.72863180,101.68074366,1745.79450000,48888.01774287,7912.94957600
2,288,0.000000,0.836000,0.00000000,107.32720193,0.00000000,338.93241732,0.00000000,0.00000000,94.69756566,107.32720193,101.68074366,1745.79450000,48888.01774266,9891.18697000
2,289,0.000000,0.807000,0.00000000,106.72863180,0.00000000,324.05068965,0.00000000,0.00000000,94.69756566,106.72863180,101.68074366,1745.79450000,49237.17664250,7912.94957600
2,290,0.000000,0.770000,0.00000000,107.32720193,0.00000000,303.70139475,0.00000000,0.00000000,94.69756566,107.32720193,101.68074366,1745.79450000,49237.17664229,9891.18697000
2,291,0.000000,0.730000,0.00000000,106.72863180,0.00000000,282.94782998,0.00000000,0.00000000,94.69756566,106.72863180,101.68074366,1745.79450000,49586.33554213,7912.94957600
2,292,0.000000,0.674000,0.00000000,106.72863180,0.00000000,253.05484113,0.00000000,0.00000000,94.69756566,106.72863180,101.68074366,1745.79450000,49935.49444197,7912.94957600
2,293,0.000000,0.562000,0.00000000,107.32720193,0.00000000,192.67029331,0.00000000,0.00000000,94.69756566,107.32720193,101.68074366,1745.79450000,49935.49444176,9891.18697000
2,294,0.000000,0.501000,0.00000000,107.32720193,0.00000000,160.10828760,0.00000000,0.00000000,94.69756566,107.32720193,101.68074366,1745.79450000,49935.49444156,9891.18697000
2,295,0.165000,0.676000,48.93613581,57.79249599,0.00000000,303.05858369,0.00000000,0.00000000,94.69756566,106.72863180,101.68074366,1745.79450000,50284.65334139,7912.94957600
2,296,0.375000,0.833000,106.72863180,0.00000000,4.48985867,444.65820913,0.00000000,0.00000000,94.69756566,106.72863180,101.68074366,1745.79450000,50633.81224123,7912.94957600
2,297,0.542000,0.803000,107.32720193,0.00000000,53.42058964,428.64410796,0.00000000,0.00000000,94.69756566,107.32720193,101.68074366,1745.79450000,50633.81224102,9891.18697000
2,298,0.655000,0.729000,107.32720193,0.00000000,86.93442810,389.14265841,0.00000000,0.00000000,94.69756566,107.32720193,101.68074366,1745.79450000,50633.81224082,9891.18697000
2,299,0.717000,0.649000,107.32720193,0.00000000,105.32255186,346.43838863,0.00000000,0.00000000,94.69756566,107.32720193,101.68074366,1745.79450000,50633.81224061,9891.18697000
2,300,0.733000,0.579000,106.72863180,0.00000000,110.66644425,309.07215256,0.00000000,0.00000000,94.69756566,106.72863180,101.68074366,1745.79450000,50982.97114045,7912.94957600
2,301,0.706000,0.543000,107.32720193,0.00000000,102.06014281,289.85523116,0.00000000,0.00000000,94.69756566,107.32720193,101.68074366,1745.79450000,50982.97114024,9891.18697000
2,302,0.634000,0.554000,107.32720193,0.00000000,80.70619264,295.72706826,0.00000000,0.00000000,94.69756566,107.32720193,101.68074366,1745.79450000,50982.97114004,9891.18697000
2,303,0.513000,0.612000,106.72863180,0.00000000,45.41826317,326.68766385,0.00000000,0.00000000,94.69756566,106.72863180,101.68074366,1745.79450000,51332.13003987,7912.94957600
2,304,0.344000,0.700000,102.02442860,5.30277333,0.00000000,368.35958728,0.00000000,0.00000000,94.69756566,107.32720193,101.68074366,1745.79450000,51332.13003967,9891.18697000
2,305,0.139000,0.794000,41.22498714,65.43570099,0.00000000,358.40417662,0.00000000,0.00000000,94.08452031,106.66068812,101.02895306,1736.10818553,51322.44372500,9891.18697000
2,306,0.000000,0.845000,0.00000000,106.72863180,0.00000000,344.33521780,0.00000000,0.00000000,94.69756566,106.72863180,101.68074366,1745.79450000,51671.60262483,7912.94957600
2,307,0.000000,0.887000,0.00000000,107.32720193,0.00000000,366.15638931,0.00000000,0.00000000,94.69756566,107.32720193,101.68074366,1745.79450000,51671.60262463,9891.18697000
2,308,0.000000,0.911000,0.00000000,107.32720193,0.00000000,378.96767024,0.00000000,0.00000000,94.69756566,107.32720193,101.68074366,1745.79450000,51671.60262442,9891.18697000
2,309,0.000000,0.922000,0.00000000,107.32720193,0.00000000,384.83950734,0.00000000,0.00000000,94.69756566,107.32720193,101.68074366,1745.79450000,51671.60262422,9891.18697000
2,310,0.000000,0.903000,0.00000000,107.32720193,0.00000000,374.69724327,0.00000000,0.00000000,94.69756566,107.32720193,101.68074366,1745.79450000,51671.60262401,9891.18697000
2,311,0.000000,0.882000,0.00000000,107.32720193,0.00000000,363.48737245,0.00000000,0.00000000,94.69756566,107.32720193,101.68074366,1745.79450000,51671.60262381,9891.18697000
2,312,0.000000,0.849000,0.00000000,106.72863180,0.00000000,346.47043129,0.00000000,0.00000000,94.69756566,106.72863180,101.68074366,1745.79450000,52020.76152364,7912.94957600
2,313,0.000000,0.807000,0.00000000,107.32720193,0.00000000,323.45211952,0.00000000,0.00000000,94.69756566,107.32720193,101.68074366,1745.79450000,52020.76152344,9891.18697000
2,314,0.000000,0.756000,0.00000000,106.72863180,0.00000000,296.82671766,0.00000000,0.00000000,94.69756566,106.72863180,101.68074366,1745.79450000,52369.92042328,7912.94957600
2,315,0.000000,0.697000,0.00000000,89.89674172,0.00000000,282.16420878,0.00000000,0.00000000,78.66539600,89.89674172,84.63531998,1492.48099468,52116.60691775,9891.18697000
2,316,0.000000,0.656000,0.00000000,2.39428050,0.00000000,347.78073173,0.00000000,0.00000000,0.00000000,2.39428050,0.00000000,0.00000000,50719.97131758,7912.94957600
2,317,0.000000,0.592000,0.00000000,106.72863180,0.00000000,209.28296460,0.00000000,0.00000000,94.69756566,106.72863180,101.68074366,1745.79450000,51069.13021742,7912.94957600
2,318,0.000000,0.524000,0.00000000,106.72863180,0.00000000,172.98433529,0.00000000,0.00000000,94.69756566,106.72863180,101.68074366,1745.79450000,51418.28911725,7912.94957600
2,319,0.157000,0.726000,46.56347468,60.32946681,0.00000000,327.21178149,0.00000000,0.00000000,94.69756566,106.89294149,101.68074366,1745.79450000,51671.60262381,8455.98296570
2,320,0.363000,0.833000,107.32720193,0.00000000,0.33229685,444.65820913,0.00000000,0.00000000,94.69756566,107.32720193,101.68074366,1745.79450000,51671.60262360,9891.18697000
2,321,0.534000,0.809000,106.72863180,0.00000000,51.64649863,431.84692820,0.00000000,0.00000000,94.69756566,106.72863180,101.68074366,1745.79450000,52020.76152344,7912.94957600
2,322,0.651000,0.750000,106.72863180,0.00000000,86.34666766,400.35252923,0.00000000,0.00000000,94.69756566,106.72863180,101.68074366,1745.79450000,52369.92042328,7912.94957600
2,323,0.714000,0.684000,107.32720193,0.00000000,104.43280394,365.12150666,0.00000000,0.00000000,94.69756566,107.32720193,101.68074366,1745.79450000,52369.92042328,9891.18696884
2,324,0.730000,0.631000,2.99285063,0.00000000,213.51247750,336.82992792,0.00000000,0.00000000,0.00000000,2.99285063,0.00000000,0.00000000,50624.12592307,9891.18697000
2,325,0.703000,0.610000,2.39428050,0.00000000,206.10331631,325.62005711,0.00000000,0.00000000,0.00000000,2.39428050,0.00000000,0.00000000,49227.49032291,7912.94957600
2,326,0.630000,0.625000,2.99285063,0.00000000,183.85421337,333.62710769,0.00000000,0.00000000,0.00000000,2.99285063,0.00000000,0.00000000,47481.69582270,9891.18697000
2,327,0.509000,0.672000,2.99285063,0.00000000,147.96771378,358.71586619,0.00000000,0.00000000,0.00000000,2.99285063,0.00000000,0.00000000,45735.90132250,9891.18697000
2,328,0.342000,0.739000,2.39428050,0.00000000,99.03698281,394.48069213,0.00000000,0.00000000,0.00000000,2.39428050,0.00000000,0.00000000,44339.26572233,7912.94957600
2,329,0.139000,0.809000,2.39428050,0.00000000,38.83070664,431.84692820,0.00000000,0.00000000,0.00000000,2.39428050,0.00000000,0.00000000,42942.63012217,7912.94957600
2,330,0.000000,0.849000,0.00000000,2.39428050,0.00000000,450.80478259,0.00000000,0.00000000,0.00000000,2.39428050,0.00000000,0.00000000,41545.99452200,7912.94957600
2,331,0.000000,0.886000,0.00000000,2.99285063,0.00000000,469.95693724,0.00000000,0.00000000,0.00000000,2.99285063,0.00000000,0.00000000,39800.20002180,9891.18697000
2,332,0.000000,0.908000,0.00000000,2.39428050,0.00000000,482.29918155,0.00000000,0.00000000,0.00000000,2.39428050,0.00000000,0.00000000,38403.56442164,7912.94957600
2,333,0.000000,0.909000,0.00000000,107.32720193,0.00000000,377.90006350,0.00000000,0.00000000,94.69756566,107.32720193,101.68074366,1745.79450000,38403.56442143,9891.18697000
2,334,0.000000,0.876000,0.00000000,106.72863180,0.00000000,360.88312234,0.00000000,0.00000000,94.69756566,106.72863180,101.68074366,1745.79450000,38752.72332127,7912.94957600
2,335,0.000000,0.829000,0.00000000,106.72863180,0.00000000,335.79436384,0.00000000,0.00000000,94.69756566,106.72863180,101.68074366,1745.79450000,39101.88222110,7912.94957600
2,336,0.000000,0.768000,0.00000000,106.72863180,0.00000000,303.23235813,0.00000000,0.00000000,94.69756566,106.72863180,101.68074366,1745.79450000,39451.04112094,7912.94957600
2,337,0.000000,0.672000,0.00000000,106.72863180,0.00000000,251.98723439,0.00000000,0.00000000,94.69756566,106.72863180,101.68074366,1745.79450000,39800.20002077,7912.94957600
2,338,0.000000,0.568000,0.00000000,106.72863180,0.00000000,196.47168367,0.00000000,0.00000000,94.69756566,106.72863180,101.68074366,1745.79450000,40149.35892061,7912.94957600
2,339,0.000000,0.443000,0.00000000,106.72863180,0.00000000,129.74626213,0.00000000,0.00000000,94.69756566,106.72863180,101.68074366,1745.79450000,40498.51782045,7912.94957600
2,340,0.000000,0.374000,0.00000000,106.72863180,0.00000000,92.91382944,0.00000000,0.00000000,94.69756566,106.72863180,101.68074366,1745.79450000,40847.67672028,7912.94957600
2,341,0.000000,0.341000,0.00000000,107.32720193,0.00000000,74.69974803,0.00000000,0.00000000,94.69756566,107.32720193,101.68074366,1745.79450000,40847.67672008,9891.18697000
2,342,0.000000,0.317000,0.00000000,106.72863180,0.00000000,62.48703722,0.00000000,0.00000000,94.69756566,106.72863180,101.68074366,1745.79450000,41196.83561991,7912.94957600
2,343,0.157000,0.491000,46.56347468,60.16515712,0.00000000,201.93229868,0.00000000,0.00000000,94.69756566,106.72863180,101.68074366,1745.79450000,41545.99451975,7912.94957600
2,344,0.365000,0.726000,107.32720193,0.00000000,0.92546214,387.54124829,0.00000000,0.00000000,94.69756566,107.32720193,101.68074366,1745.79450000,41545.99451954,9891.18697000
2,345,0.534000,0.753000,106.72863180,0.00000000,51.64649863,401.95393935,0.00000000,0.00000000,94.69756566,106.72863180,101.68074366,1745.79450000,41895.15341938,7912.94957600
2,346,0.653000,0.725000,106.72863180,0.00000000,86.93983295,387.00744492,0.00000000,0.00000000,94.69756566,106.72863180,101.68074366,1745.79450000,42244.31231922,7912.94957600
2,347,0.718000,0.682000,106.72863180,0.00000000,106.21770463,364.05389991,0.00000000,0.00000000,94.69756566,106.72863180,101.68074366,1745.79450000,42593.47121905,7912.94957600
2,348,0.735000,0.633000,106.72863180,0.00000000,111.25960953,337.89753467,0.00000000,0.00000000,94.69756566,106.72863180,101.68074366,1745.79450000,42942.63011889,7912.94957600
2,349,0.707000,0.624000,106.72863180,0.00000000,102.95529557,333.09330432,0.00000000,0.00000000,94.69756566,106.72863180,101.68074366,1745.79450000,43291.78901872,7912.94957600
2,350,0.635000,0.668000,107.32720193,0.00000000,81.00277528,356.58065270,0.00000000,0.00000000,94.69756566,107.32720193,101.68074366,1745.79450000,43291.78901852,9891.18697000
2,351,0.515000,0.729000,107.32720193,0.00000000,45.41285833,389.14265841,0.00000000,0.00000000,94.69756566,107.32720193,101.68074366,1745.79450000,43291.78901831,9891.18697000
2,352,0.345000,0.781000,102.32101124,5.00619069,0.00000000,411.89424308,0.00000000,0.00000000,94.69756566,107.32720193,101.68074366,1745.79450000,43291.78901811,9891.18697000
2,353,0.140000,0.819000,2.99285063,0.00000000,38.52871915,437.18496192,0.00000000,0.00000000,0.00000000,2.99285063,0.00000000,0.00000000,41545.99451790,9891.18697000
2,354,0.000000,0.816000,0.00000000,2.39428050,0.00000000,433.18927130,0.00000000,0.00000000,0.00000000,2.39428050,0.00000000,0.00000000,40149.35891774,7912.94957600
2,355,0.000000,0.808000,0.00000000,2.39428050,0.00000000,428.91884432,0.00000000,0.00000000,0.00000000,2.39428050,0.00000000,0.00000000,38752.72331758,7912.94957600
2,356,0.000000,0.818000,0.00000000,2.39428050,0.00000000,434.25687805,0.00000000,0.00000000,0.00000000,2.39428050,0.00000000,0.00000000,37356.08771741,7912.94957600
2,357,0.000000,0.837000,0.00000000,107.32720193,0.00000000,339.46622069,0.00000000,0.00000000,94.69756566,107.32720193,101.68074366,1745.79450000,37356.08771721,9891.18697000
2,358,0.000000,0.816000,0.00000000,2.39428050,0.00000000,433.18927130,0.00000000,0.00000000,0.00000000,2.39428050,0.00000000,0.00000000,35959.45211704,7912.94957600
2,359,0.000000,0.777000,0.00000000,106.72863180,0.00000000,308.03658848,0.00000000,0.00000000,94.69756566,106.72863180,101.68074366,1745.79450000,36308.61101688,7912.94957600
2,360,0.000000,0.737000,0.00000000,2.99285063,0.00000000,390.42023476,0.00000000,0.00000000,0.00000000,2.99285063,0.00000000,0.00000000,34562.81651667,9891.18697000
2,361,0.000000,0.695000,0.00000000,106.72863180,0.00000000,264.26471195,0.00000000,0.00000000,94.69756566,106.72863180,101.68074366,1745.79450000,34911.97541651,7912.94957600
2,362,0.000000,0.615000,0.00000000,2.39428050,0.00000000,325.89479347,0.00000000,0.00000000,0.00000000,2.39428050,0.00000000,0.00000000,33515.33981635,7912.94957600
2,363,0.000000,0.554000,0.00000000,106.72863180,0.00000000,188.99843646,0.00000000,0.00000000,94.69756566,106.72863180,101.68074366,1745.79450000,33864.49871618,7912.94957600
2,364,0.000000,0.516000,0.00000000,107.32720193,0.00000000,168.11533818,0.00000000,0.00000000,94.69756566,107.32720193,101.68074366,1745.79450000,33864.49871598,9891.18697000
2,365,0.000000,0.467000,0.00000000,106.72863180,0.00000000,142.55754307,0.00000000,0.00000000,94.69756566,106.72863180,101.68074366,1745.79450000,34213.65761581,7912.94957600
2,366,0.000000,0.453000,0.00000000,106.72863180,0.00000000,135.08429585,0.00000000,0.00000000,94.69756566,106.72863180,101.68074366,1745.79450000,34562.81651565,7912.94957600
2,367,0.134000,0.653000,39.74207393,66.98655787,0.00000000,281.58704424,0.00000000,0.00000000,94.69756566,106.72863180,101.68074366,1745.79450000,34911.97541549,7912.94957600
2,368,0.326000,0.802000,96.68594105,10.04269075,0.00000000,418.06761384,0.00000000,0.00000000,94.69756566,106.72863180,101.68074366,1745.79450000,35261.13431532,7912.94957600
2,369,0.510000,0.810000,106.72863180,0.00000000,44.52851524,432.38073157,0.00000000,0.00000000,94.69756566,106.72863180,101.68074366,1745.79450000,35610.29321516,7912.94957600
2,370,0.627000,0.797000,106.72863180,0.00000000,79.22868427,425.44128773,0.00000000,0.00000000,94.69756566,106.72863180,101.68074366,1745.79450000,35959.45211499,7912.94957600
2,371,0.691000,0.781000,107.32720189,0.00000000,97.61140323,416.90043377,0.00000000,0.00000000,94.69756566,107.32720189,101.68074366,1745.79450000,35959.45213631,9891.18684805
2,372,0.711000,0.769000,106.72863180,0.00000000,104.14162614,410.49479330,0.00000000,0.00000000,94.69756566,106.72863180,101.68074366,1745.79450000,36308.61103615,7912.94957600
2,373,0.687000,0.777000,107.32720193,0.00000000,96.42507262,414.76522028,0.00000000,0.00000000,94.69756566,107.32720193,101.68074366,1745.79450000,36308.61103594,9891.18697000
2,374,0.617000,0.802000,106.72863180,0.00000000,76.26285786,428.11030459,0.00000000,0.00000000,94.69756566,106.72863180,101.68074366,1745.79450000,36657.76993578,7912.94957600
2,375,0.503000,0.835000,106.72863180,0.00000000,42.45243676,445.72581588,0.00000000,0.00000000,94.69756566,106.72863180,101.68074366,1745.79450000,37006.92883562,7912.94957600
2,376,0.340000,0.862000,100.83809803,6.48910390,0.00000000,453.64940303,0.00000000,0.00000000,94.69756566,107.32720193,101.68074366,1745.79450000,37006.92883541,9891.18697000
2,377,0.141000,0.873000,41.81815242,64.91047938,0.00000000,401.09986464,0.00000000,0.00000000,94.69756566,106.72863180,101.68074366,1745.79450000,37356.08773525,7912.94957600
2,378,0.000000,0.851000,0.00000000,106.72863180,0.00000000,347.53803803,0.00000000,0.00000000,94.69756566,106.72863180,101.68074366,1745.79450000,37705.24663508,7912.94957600
2,379,0.000000,0.810000,0.00000000,106.72863180,0.00000000,325.65209977,0.00000000,0.00000000,94.69756566,106.72863180,101.68074366,1745.79450000,38054.40553492,7912.94957600
2,380,0.000000,0.781000,0.00000000,106.72863180,0.00000000,310.17180197,0.00000000,0.00000000,94.69756566,106.72863180,101.68074366,1745.79450000,38403.56443476,7912.94957600
2,381,0.000000,0.746000,0.00000000,106.72863180,0.00000000,291.48868394,0.00000000,0.00000000,94.69756566,106.72863180,101.68074366,1745.79450000,38752.72333459,7912.94957600
2,382,0.000000,0.674000,0.00000000,106.72863180,0.00000000,253.05484113,0.00000000,0.00000000,94.69756566,106.72863180,101.68074366,1745.79450000,39101.88223443,7912.94957600
2,383,0.000000,0.574000,0.00000000,106.72863180,0.00000000,199.67450390,0.00000000,0.00000000,94.69756566,106.72863180,101.68074366,1745.79450000,39451.04113426,7912.94957600
2,384,0.000000,0.486000,0.00000000,107.32720193,0.00000000,152.10123701,0.00000000,0.00000000,94.69756566,107.32720193,101.68074366,1745.79450000,39451.04113406,9891.18697000
2,385,0.000000,0.417000,0.00000000,106.72863180,0.00000000,115.86737445,0.00000000,0.00000000,94.69756566,106.72863180,101.68074366,1745.79450000,39800.20003389,7912.94957600
2,386,0.000000,0.380000,0.00000000,106.72863180,0.00000000,96.11664968,0.00000000,0.00000000,94.69756566,106.72863180,101.68074366,1745.79450000,40149.35893373,7912.94957600
2,387,0.000000,0.379000,0.00000000,106.72863180,0.00000000,95.58284630,0.00000000,0.00000000,94.69756566,106.72863180,101.68074366,1745.79450000,40498.51783357,7912.94957600
2,388,0.000000,0.422000,0.00000000,106.72863180,0.00000000,118.53639131,0.00000000,0.00000000,94.69756566,106.72863180,101.68074366,1745.79450000,40847.67673340,7912.94957600
2,389,0.000000,0.439000,0.00000000,106.72863180,0.00000000,127.61104864,0.00000000,0.00000000,94.69756566,106.72863180,101.68074366,1745.79450000,41196.83563324,7912.94957600
2,390,0.000000,0.484000,0.00000000,106.72863180,0.00000000,151.63220040,0.00000000,0.00000000,94.69756566,106.72863180,101.68074366,1745.79450000,41545.99453307,7912.94957600
2,391,0.150000,0.674000,44.48739619,62.83980574,0.00000000,296.94366720,0.00000000,0.00000000,94.69756566,107.32720193,101.68074366,1745.79450000,41545.99453287,9891.18697000
2,392,0.358000,0.792000,106.17658557,1.15061635,0.00000000,421.62165451,0.00000000,0.00000000,94.69756566,107.32720193,101.68074366,1745.79450000,41545.99453266,9891.18697000
2,393,0.523000,0.786000,106.72863180,0.00000000,48.38408958,419.56945063,0.00000000,0.00000000,94.69756566,106.72863180,101.68074366,1745.79450000,41895.15343250,7912.94957600
2,394,0.636000,0.754000,106.72863180,0.00000000,81.89792804,402.48774272,0.00000000,0.00000000,94.69756566,106.72863180,101.68074366,1745.79450000,42244.31233234,7912.94957600
2,395,0.704000,0.722000,106.72863180,0.00000000,102.06554765,385.40603480,0.00000000,0.00000000,94.69756566,106.72863180,101.68074366,1745.79450000,42593.47123217,7912.94957600
2,396,0.721000,0.707000,107.32720193,0.00000000,106.50888243,377.39898422,0.00000000,0.00000000,94.69756566,107.32720193,101.68074366,1745.79450000,42593.47123197,9891.18697000
2,397,0.691000,0.716000,107.32720193,0.00000000,97.61140319,382.20321457,0.00000000,0.00000000,94.69756566,107.32720193,101.68074366,1745.79450000,42593.47123176,9891.18697000
2,398,0.617000,0.751000,107.32720193,0.00000000,75.66428773,400.88633260,0.00000000,0.00000000,94.69756566,107.32720193,101.68074366,1745.79450000,42593.47123156,9891.18697000
2,399,0.496000,0.806000,107.32720193,0.00000000,39.77778814,430.24551808,0.00000000,0.00000000,94.69756566,107.32720193,101.68074366,1745.79450000,42593.47123135,9891.18697000
2,400,0.335000,0.859000,99.35518482,7.37344698,0.00000000,451.16364983,0.00000000,0.00000000,94.69756566,106.72863180,101.68074366,1745.79450000,42942.63013119,7912.94957600
2,401,0.134000,0.896000,39.74207393,67.58512800,0.00000000,410.70269359,0.00000000,0.00000000,94.69756566,107.32720193,101.68074366,1745.79450000,42942.63013098,9891.18697000
2,402,0.000000,0.906000,0.00000000,107.32720193,0.00000000,376.29865338,0.00000000,0.00000000,94.69756566,107.32720193,101.68074366,1745.79450000,42942.63013078,9891.18697000
2,403,0.000000,0.900000,0.00000000,107.32720193,0.00000000,373.09583315,0.00000000,0.00000000,94.69756566,107.32720193,101.68074366,1745.79450000,42942.63013057,9891.18697000
2,404,0.000000,0.895000,0.00000000,107.32720193,0.00000000,370.42681629,0.00000000,0.00000000,94.69756566,107.32720193,101.68074366,1745.79450000,42942.63013037,9891.18697000
2,405,0.000000,0.875000,0.00000000,106.72863180,0.00000000,360.34931897,0.00000000,0.00000000,94.69756566,106.72863180,101.68074366,1745.79450000,43291.78903020,7912.94957600
2,406,0.000000,0.828000,0.00000000,106.72863180,0.00000000,335.26056047,0.00000000,0.00000000,94.69756566,106.72863180,101.68074366,1745.79450000,43640.94793004,7912.94957600
2,407,0.000000,0.756000,0.00000000,106.72863180,0.00000000,296.82671766,0.00000000,0.00000000,94.69756566,106.72863180,101.68074366,1745.79450000,43990.10682988,7912.94957600
2,408,0.000000,0.690000,0.00000000,106.72863180,0.00000000,261.59569509,0.00000000,0.00000000,94.69756566,106.72863180,101.68074366,1745.79450000,44339.26572971,7912.94957600
2,409,0.000000,0.624000,0.00000000,106.72863180,0.00000000,226.36467252,0.00000000,0.00000000,94.69756566,106.72863180,101.68074366,1745.79450000,44688.42462955,7912.94957600
2,410,0.000000,0.578000,0.00000000,106.72863180,0.00000000,201.80971739,0.00000000,0.00000000,94.69756566,106.72863180,101.68074366,1745.79450000,45037.58352938,7912.94957600
2,411,0.000000,0.559000,0.00000000,107.32720193,0.00000000,191.06888319,0.00000000,0.00000000,94.69756566,107.32720193,101.68074366,1745.79450000,45037.58352918,9891.18697000
2,412,0.000000,0.501000,0.00000000,106.72863180,0.00000000,160.70685772,0.00000000,0.00000000,94.69756566,106.72863180,101.68074366,1745.79450000,45386.74242902,7912.94957600
2,413,0.000000,0.508000,0.00000000,106.72863180,0.00000000,164.44348133,0.00000000,0.00000000,94.69756566,106.72863180,101.68074366,1745.79450000,45735.90132885,7912.94957600
2,414,0.000000,0.547000,0.00000000,106.72863180,0.00000000,185.26181285,0.00000000,0.00000000,94.69756566,106.72863180,101.68074366,1745.79450000,46085.06022869,7912.94957600
2,415,0.149000,0.724000,44.19081355,63.13638838,0.00000000,323.33725317,0.00000000,0.00000000,94.69756566,107.32720193,101.68074366,1745.79450000,46085.06022848,9891.18697000
2,416,0.350000,0.863000,103.80392444,3.52327748,0.00000000,457.14903282,0.00000000,0.00000000,94.69756566,107.32720193,101.68074366,1745.79450000,46085.06022828,9891.18697000
2,417,0.516000,0.881000,106.72863180,0.00000000,46.30801109,470.28077100,0.00000000,0.00000000,94.69756566,106.72863180,101.68074366,1745.79450000,46434.21912811,7912.94957600
2,418,0.639000,0.864000,106.72863180,0.00000000,82.78767597,461.20611367,0.00000000,0.00000000,94.69756566,106.72863180,101.68074366,1745.79450000,46783.37802795,7912.94957600
2,419,0.705000,0.834000,106.72863180,0.00000000,102.36213029,445.19201250,0.00000000,0.00000000,94.69756566,106.72863180,101.68074366,1745.79450000,47132.53692779,7912.94957600
2,420,0.723000,0.812000,106.72863180,0.00000000,107.70061783,433.44833831,0.00000000,0.00000000,94.69756566,106.72863180,101.68074366,1745.79450000,47481.69582762,7912.94957600
2,421,0.699000,0.829000,107.32720193,0.00000000,99.98406432,442.52299564,0.00000000,0.00000000,94.69756566,107.32720193,101.68074366,1745.79450000,47481.69582742,9891.18697000
2,422,0.628000,0.855000,106.72863180,0.00000000,79.52526691,456.40188332,0.00000000,0.00000000,94.69756566,106.72863180,101.68074366,1745.79450000,47830.85472725,7912.94957600
2,423,0.509000,0.882000,106.72863180,0.00000000,44.23193260,470.81457437,0.00000000,0.00000000,94.69756566,106.72863180,101.68074366,1745.79450000,48180.01362709,7912.94957600
2,424,0.342000,0.902000,101.43126331,5.29736849,0.00000000,476.19327333,0.00000000,0.00000000,94.69756566,106.72863180,101.68074366,1745.79450000,48529.17252692,7912.94957600
2,425,0.140000,0.920000,41.52156978,65.20706202,0.00000000,425.89204050,0.00000000,0.00000000,94.69756566,106.72863180,101.68074366,1745.79450000,48878.33142676,7912.94957600
2,426,0.000000,0.920000,0.00000000,107.32720193,0.00000000,383.77190060,0.00000000,0.00000000,94.69756566,107.32720193,101.68074366,1745.79450000,48878.33142656,9891.18697000
2,427,0.000000,0.906000,0.00000000,107.32720193,0.00000000,376.29865338,0.00000000,0.00000000,94.69756566,107.32720193,101.68074366,1745.79450000,48878.33142635,9891.18697000
2,428,0.000000,0.890000,0.00000000,107.32720193,0.00000000,367.75779943,0.00000000,0.00000000,94.69756566,107.32720193,101.68074366,1745.79450000,48878.33142615,9891.18697000
2,429,0.000000,0.858000,0.00000000,107.32720193,0.00000000,350.67609151,0.00000000,0.00000000,94.69756566,107.32720193,101.68074366,1745.79450000,48878.33142594,9891.18697000
2,430,0.000000,0.797000,0.00000000,106.72863180,0.00000000,318.71265593,0.00000000,0.00000000,94.69756566,106.72863180,101.68074366,1745.79450000,49227.49032578,7912.94957600
2,431,0.000000,0.706000,0.00000000,106.72863180,0.00000000,270.13654905,0.00000000,0.00000000,94.69756566,106.72863180,101.68074366,1745.79450000,49576.64922561,7912.94957600
2,432,0.000000,0.604000,0.00000000,106.72863180,0.00000000,215.68860507,0.00000000,0.00000000,94.69756566,106.72863180,101.68074366,1745.79450000,49925.80812545,7912.94957600
2,433,0.000000,0.519000,0.00000000,107.32720193,0.00000000,169.71674830,0.00000000,0.00000000,94.69756566,107.32720193,101.68074366,1745.79450000,49925.80812524,9891.18697000
2,434,0.000000,0.459000,0.00000000,106.72863180,0.00000000,138.28711609,0.00000000,0.00000000,94.69756566,106.72863180,101.68074366,1745.79450000,50274.96702508,7912.94957600
2,435,0.000000,0.441000,0.00000000,106.72863180,0.00000000,128.67865539,0.00000000,0.00000000,94.69756566,106.72863180,101.68074366,1745.79450000,50624.12592492,7912.94957600
2,436,0.000000,0.457000,0.00000000,106.72863180,0.00000000,137.21950934,0.00000000,0.00000000,94.69756566,106.72863180,101.68074366,1745.79450000,50973.28482475,7912.94957600
2,437,0.000000,0.442000,0.00000000,106.72863180,0.00000000,129.21245876,0.00000000,0.00000000,94.69756566,106.72863180,101.68074366,1745.79450000,51322.44372459,7912.94957600
2,438,0.001000,0.386000,0.29658264,106.43204916,0.00000000,99.61605255,0.00000000,0.00000000,94.69756566,106.72863180,101.68074366,1745.79450000,51671.60262442,7912.94957600
2,439,0.164000,0.633000,48.63955317,58.08907863,0.00000000,279.80845604,0.00000000,0.00000000,94.69756566,106.72863180,101.68074366,1745.79450000,52020.76152426,7912.94957600
2,440,0.369000,0.817000,107.32720193,0.00000000,2.11179270,436.11735517,0.00000000,0.00000000,94.69756566,107.32720193,101.68074366,1745.79450000,52020.76152405,9891.18697000
2,441,0.533000,0.831000,107.32720193,0.00000000,50.75134587,443.59060239,0.00000000,0.00000000,94.69756566,107.32720193,101.68074366,1745.79450000,52020.76152385,9891.18697000
2,442,0.652000,0.803000,107.32720193,0.00000000,86.04468018,428.64410796,0.00000000,0.00000000,94.69756566,107.32720193,101.68074366,1745.79450000,52020.76152364,9891.18697000
2,443,0.713000,0.770000,106.72863180,0.00000000,104.73479142,411.02859668,0.00000000,0.00000000,94.69756566,106.72863180,101.68074366,1745.79450000,52369.92042348,7912.94957600
2,444,0.730000,0.748000,107.32720193,0.00000000,109.17812620,399.28492248,0.00000000,0.00000000,94.69756566,107.32720193,101.68074366,1745.79450000,52369.92042328,9891.18697000
2,445,0.707000,0.744000,89.46248162,0.00000000,120.22144576,397.14970900,0.00000000,0.00000000,78.66539600,89.46248162,84.63532017,1492.48104146,52369.92042348,8455.98323655
2,446,0.634000,0.750000,107.32720193,0.00000000,80.70619264,400.35252923,0.00000000,0.00000000,94.69756566,107.32720193,101.68074366,1745.79450000,52369.92042328,9891.18697000
2,447,0.514000,0.766000,100.73209193,0.00000000,51.71138568,408.89338319,0.00000000,0.00000000,88.63152250,100.73209193,95.23131874,1649.94905891,52274.07498198,9891.18697000
2,448,0.347000,0.799000,89.29817185,0.00000000,13.61600467,426.50889447,0.00000000,0.00000000,78.66539600,89.29817185,84.63532017,1492.48104146,52369.92042328,7912.94957600
2,449,0.142000,0.833000,42.11473506,65.21246687,0.00000000,379.44574226,0.00000000,0.00000000,94.69756566,107.32720193,101.68074366,1745.79450000,52369.92042307,9891.18697000
2,450,0.000000,0.841000,0.00000000,2.99285063,0.00000000,445.93578548,0.00000000,0.00000000,0.00000000,2.99285063,0.00000000,0.00000000,50624.12592287,9891.18697000
2,451,0.000000,0.850000,0.00000000,2.39428050,0.00000000,451.33858596,0.00000000,0.00000000,0.00000000,2.39428050,0.00000000,0.00000000,49227.49032270,7912.94957600
2,452,0.000000,0.867000,0.00000000,89.89674172,0.00000000,372.91078207,0.00000000,0.00000000,78.66539600,89.89674172,84.63531998,1492.48099468,48974.17681717,9891.18697000
2,453,0.000000,0.856000,0.00000000,2.39428050,0.00000000,454.54140619,0.00000000,0.00000000,0.00000000,2.39428050,0.00000000,0.00000000,47577.54121701,7912.94957600
2,454,0.000000,0.824000,0.00000000,2.99285063,0.00000000,436.86112815,0.00000000,0.00000000,0.00000000,2.99285063,0.00000000,0.00000000,45831.74671680,9891.18697000
2,455,0.000000,0.763000,0.00000000,2.99285063,0.00000000,404.29912244,0.00000000,0.00000000,0.00000000,2.99285063,0.00000000,0.00000000,44085.95221660,9891.18697000
2,456,0.000000,0.690000,0.00000000,106.72863180,0.00000000,261.59569509,0.00000000,0.00000000,94.69756566,106.72863180,101.68074366,1745.79450000,44435.11111643,7912.94957600
2,457,0.000000,0.642000,0.00000000,106.72863180,0.00000000,235.97313322,0.00000000,0.00000000,94.69756566,106.72863180,101.68074366,1745.79450000,44784.27001627,7912.94957600
2,458,0.000000,0.613000,0.00000000,106.72863180,0.00000000,220.49283542,0.00000000,0.00000000,94.69756566,106.72863180,101.68074366,1745.79450000,45133.42891611,7912.94957600
2,459,0.000000,0.604000,0.00000000,106.72863180,0.00000000,215.68860507,0.00000000,0.00000000,94.69756566,106.72863180,101.68074366,1745.79450000,45482.58781594,7912.94957600
2,460,0.000000,0.645000,0.00000000,107.32720193,0.00000000,236.97597321,0.00000000,0.00000000,94.69756566,107.32720193,101.68074366,1745.79450000,45482.58781574,9891.18697000
2,461,0.000000,0.561000,0.00000000,107.32720193,0.00000000,192.13648994,0.00000000,0.00000000,94.69756566,107.32720193,101.68074366,1745.79450000,45482.58781553,9891.18697000
2,462,0.001000,0.464000,0.29658264,107.03061928,0.00000000,140.65414547,0.00000000,0.00000000,94.69756566,107.32720193,101.68074366,1745.79450000,45482.58781533,9891.18697000
2,463,0.167000,0.705000,49.52930109,57.79790083,0.00000000,318.53347664,0.00000000,0.00000000,94.69756566,107.32720193,101.68074366,1745.79450000,45482.58781512,9891.18697000
2,464,0.373000,0.827000,107.32720193,0.00000000,3.29812327,441.45538890,0.00000000,0.00000000,94.69756566,107.32720193,101.68074366,1745.79450000,45482.58781492,9891.18697000
2,465,0.536000,0.804000,107.32720193,0.00000000,51.64109379,429.17791133,0.00000000,0.00000000,94.69756566,107.32720193,101.68074366,1745.79450000,45482.58781471,9891.18697000
2,466,0.649000,0.751000,106.72863180,0.00000000,85.75350238,400.88633260,0.00000000,0.00000000,94.69756566,106.72863180,101.68074366,1745.79450000,45831.74671455,7912.94957600
2,467,0.711000,0.692000,107.32720193,0.00000000,103.54305601,369.39193364,0.00000000,0.00000000,94.69756566,107.32720193,101.68074366,1745.79450000,45831.74671434,9891.18697000
2,468,0.726000,0.645000,106.72863180,0.00000000,108.59036576,344.30317514,0.00000000,0.00000000,94.69756566,106.72863180,101.68074366,1745.79450000,46180.90561418,7912.94957600
2,469,0.698000,0.645000,106.72863180,0.00000000,100.28605180,344.30317514,0.00000000,0.00000000,94.69756566,106.72863180,101.68074366,1745.79450000,46530.06451402,7912.94957600
2,470,0.625000,0.686000,89.29817185,0.00000000,96.06597894,366.18911340,0.00000000,0.00000000,78.66539600,89.29817185,84.63532017,1492.48104146,46625.90995531,7912.94957600
2,471,0.505000,0.741000,106.72863180,0.00000000,43.04560204,395.54829888,0.00000000,0.00000000,94.69756566,106.72863180,101.68074366,1745.79450000,46975.06885514,7912.94957600
2,472,0.336000,0.798000,99.65176747,7.07686434,0.00000000,418.89822676,0.00000000,0.00000000,94.69756566,106.72863180,101.68074366,1745.79450000,47324.22775498,7912.94957600
2,473,0.136000,0.846000,40.33523921,66.99196271,0.00000000,384.60569026,0.00000000,0.00000000,94.69756566,107.32720193,101.68074366,1745.79450000,47324.22775477,9891.18697000
2,474,0.000000,0.863000,0.00000000,2.39428050,0.00000000,458.27802980,0.00000000,0.00000000,0.00000000,2.39428050,0.00000000,0.00000000,45927.59215461,7912.94957600
2,475,0.000000,0.878000,0.00000000,107.32720193,0.00000000,361.35215896,0.00000000,0.00000000,94.69756566,107.32720193,101.68074366,1745.79450000,45927.59215441,9891.18697000
2,476,0.000000,0.888000,0.00000000,2.39428050,0.00000000,471.62311411,0.00000000,0.00000000,0.00000000,2.39428050,0.00000000,0.00000000,44530.95655424,7912.94957600
2,477,0.000000,0.912000,0.00000000,107.32720193,0.00000000,379.50147362,0.00000000,0.00000000,94.69756566,107.32720193,101.68074366,1745.79450000,44530.95655404,9891.18697000
2,478,0.000000,0.877000,0.00000000,107.32720193,0.00000000,360.81835559,0.00000000,0.00000000,94.69756566,107.32720193,101.68074366,1745.79450000,44530.95655383,9891.18697000
2,479,0.000000,0.814000,0.00000000,107.32720193,0.00000000,327.18874313,0.00000000,0.00000000,94.69756566,107.32720193,101.68074366,1745.79450000,44530.95655363,9891.18697000
2,480,0.000000,0.740000,0.00000000,107.32720193,0.00000000,287.68729358,0.00000000,0.00000000,94.69756566,107.32720193,101.68074366,1745.79450000,44530.95655342,9891.18697000
2,481,0.000000,0.661000,0.00000000,107.32720193,0.00000000,245.51682717,0.00000000,0.00000000,94.69756566,107.32720193,101.68074366,1745.79450000,44530.95655322,9891.18697000
2,482,0.000000,0.571000,0.00000000,107.32720193,0.00000000,197.47452366,0.00000000,0.00000000,94.69756566,107.32720193,101.68074366,1745.79450000,44530.95655301,9891.18697000
2,483,0.000000,0.537000,0.00000000,106.72863180,0.00000000,179.92377913,0.00000000,0.00000000,94.69756566,106.72863180,101.68074366,1745.79450000,44880.11545285,7912.94957600
2,484,0.000000,0.507000,0.00000000,107.32720193,0.00000000,163.31110783,0.00000000,0.00000000,94.69756566,107.32720193,101.68074366,1745.79450000,44880.11545264,9891.18697000
2,485,0.000000,0.488000,0.00000000,107.32720193,0.00000000,153.16884376,0.00000000,0.00000000,94.69756566,107.32720193,101.68074366,1745.79450000,44880.11545244,9891.18697000
2,486,0.000000,0.441000,0.00000000,106.72863180,0.00000000,128.67865539,0.00000000,0.00000000,94.69756566,106.72863180,101.68074366,1745.79450000,45229.27435227,7912.94957600
2,487,0.152000,0.655000,45.08056147,62.24664045,0.00000000,287.39456841,0.00000000,0.00000000,94.69756566,107.32720193,101.68074366,1745.79450000,45229.27435207,9891.18697000
2,488,0.358000,0.826000,106.17658557,0.55204623,0.00000000,440.36953930,0.00000000,0.00000000,94.69756566,106.72863180,101.68074366,1745.79450000,45578.43325190,7912.94957600
2,489,0.525000,0.836000,106.72863180,0.00000000,48.97725486,446.25961925,0.00000000,0.00000000,94.69756566,106.72863180,101.68074366,1745.79450000,45927.59215174,7912.94957600
2,490,0.643000,0.812000,107.32720193,0.00000000,83.37543641,433.44833831,0.00000000,0.00000000,94.69756566,107.32720193,101.68074366,1745.79450000,45927.59215154,9891.18697000
2,491,0.714000,0.774000,107.32720193,0.00000000,104.43280394,413.16381016,0.00000000,0.00000000,94.69756566,107.32720193,101.68074366,1745.79450000,45927.59215133,9891.18697000
2,492,0.734000,0.724000,2.39428050,0.00000000,215.29737819,386.47364155,0.00000000,0.00000000,0.00000000,2.39428050,0.00000000,0.00000000,44530.95655117,7912.94957600
2,493,0.708000,0.678000,2.99285063,0.00000000,206.98765939,361.91868642,0.00000000,0.00000000,0.00000000,2.99285063,0.00000000,0.00000000,42785.16205096,9891.18697000
2,494,0.637000,0.660000,2.99285063,0.00000000,185.93029186,352.31022572,0.00000000,0.00000000,0.00000000,2.99285063,0.00000000,0.00000000,41039.36755076,9891.18697000
2,495,0.518000,0.681000,2.99285063,0.00000000,150.63695755,363.52009654,0.00000000,0.00000000,0.00000000,2.99285063,0.00000000,0.00000000,39293.57305055,9891.18697000
2,496,0.345000,0.725000,2.39428050,0.00000000,99.92673074,387.00744492,0.00000000,0.00000000,0.00000000,2.39428050,0.00000000,0.00000000,37896.93745039,7912.94957600
2,497,0.136000,0.781000,2.99285063,0.00000000,37.34238859,416.90043377,0.00000000,0.00000000,0.00000000,2.99285063,0.00000000,0.00000000,36151.14295018,9891.18697000
2,498,0.000000,0.799000,0.00000000,2.39428050,0.00000000,424.11461397,0.00000000,0.00000000,0.00000000,2.39428050,0.00000000,0.00000000,34754.50735002,7912.94957600
2,499,0.000000,0.823000,0.00000000,2.99285063,0.00000000,436.32732478,0.00000000,0.00000000,0.00000000,2.99285063,0.00000000,0.00000000,33008.71284981,9891.18697000
2,500,0.000000,0.845000,0.00000000,2.99285063,0.00000000,448.07099897,0.00000000,0.00000000,0.00000000,2.99285063,0.00000000,0.00000000,31262.91834961,9891.18697000
2,501,0.000000,0.844000,0.00000000,2.39428050,0.00000000,448.13576573,0.00000000,0.00000000,0.00000000,2.39428050,0.00000000,0.00000000,29866.28274944,7912.94957600
2,502,0.000000,0.808000,0.00000000,2.39428050,0.00000000,428.91884432,0.00000000,0.00000000,0.00000000,2.39428050,0.00000000,0.00000000,28469.64714928,7912.94957600
2,503,0.000000,0.776000,0.00000000,2.99285063,0.00000000,411.23856628,0.00000000,0.00000000,0.00000000,2.99285063,0.00000000,0.00000000,26723.85264908,9891.18697000
2,504,0.000000,0.718000,0.00000000,2.99285063,0.00000000,380.27797069,0.00000000,0.00000000,0.00000000,2.99285063,0.00000000,0.00000000,24978.05814887,9891.18697000
2,505,0.000000,0.655000,0.00000000,2.99285063,0.00000000,346.64835823,0.00000000,0.00000000,0.00000000,2.99285063,0.00000000,0.00000000,23232.26364867,9891.18697000
2,506,0.000000,0.599000,0.00000000,2.99285063,0.00000000,316.75536939,0.00000000,0.00000000,0.00000000,2.99285063,0.00000000,0.00000000,21486.46914846,9891.18697000
2,507,0.000000,0.535000,0.00000000,2.39428050,0.00000000,283.19052368,0.00000000,0.00000000,0.00000000,2.39428050,0.00000000,0.00000000,20089.83354830,7912.94957600
2,508,0.000000,0.469000,0.00000000,107.32720193,0.00000000,143.02657969,0.00000000,0.00000000,94.69756566,107.32720193,101.68074366,1745.79450000,20089.83354809,9891.18697000
2,509,0.000000,0.398000,0.00000000,106.72863180,0.00000000,105.72511038,0.00000000,0.00000000,94.69756566,106.72863180,101.68074366,1745.79450000,20438.99244793,7912.94957600
2,510,0.001000,0.347000,0.29658264,107.03061928,0.00000000,78.19915091,0.00000000,0.00000000,94.69756566,107.32720193,101.68074366,1745.79450000,20438.99244772,9891.18697000
2,511,0.166000,0.550000,49.23271845,58.09448348,0.00000000,235.49737129,0.00000000,0.00000000,94.69756566,107.32720193,101.68074366,1745.79450000,20438.99244752,9891.18697000
2,512,0.375000,0.675000,106.72863180,0.00000000,4.48985867,360.31727631,0.00000000,0.00000000,94.69756566,106.72863180,101.68074366,1745.79450000,20788.15134735,7912.94957600
2,513,0.545000,0.618000,107.32720193,0.00000000,54.31033756,329.89048408,0.00000000,0.00000000,94.69756566,107.32720193,101.68074366,1745.79450000,20788.15134715,9891.18697000
2,514,0.660000,0.524000,107.32720193,0.00000000,88.41734131,279.71296709,0.00000000,0.00000000,94.69756566,107.32720193,101.68074366,1745.79450000,20788.15134694,9891.18697000
2,515,0.723000,0.425000,107.32720193,0.00000000,107.10204771,226.86643323,0.00000000,0.00000000,94.69756566,107.32720193,101.68074366,1745.79450000,20788.15134674,9891.18697000
2,516,0.739000,0.343000,106.72863180,0.00000000,112.44594009,183.09455670,0.00000000,0.00000000,94.69756566,106.72863180,101.68074366,1745.79450000,21137.31024657,7912.94957600
2,517,0.710000,0.306000,107.32720193,0.00000000,103.24647337,163.34383193,0.00000000,0.00000000,94.69756566,107.32720193,101.68074366,1745.79450000,21137.31024637,9891.18697000
2,518,0.636000,0.322000,107.32720193,0.00000000,81.29935792,171.88468588,0.00000000,0.00000000,94.69756566,107.32720193,101.68074366,1745.79450000,21137.31024616,9891.18697000
2,519,0.515000,0.375000,107.32720193,0.00000000,45.41285833,200.17626461,0.00000000,0.00000000,94.69756566,107.32720193,101.68074366,1745.79450000,21137.31024596,9891.18697000
2,520,0.345000,0.465000,102.32101124,4.40762056,0.00000000,243.81094756,0.00000000,0.00000000,94.69756566,106.72863180,101.68074366,1745.79450000,21486.46914580,7912.94957600
2,521,0.139000,0.601000,2.39428050,0.00000000,38.83070664,320.81582676,0.00000000,0.00000000,0.00000000,2.39428050,0.00000000,0.00000000,20089.83354563,7912.94957600
2,522,0.000000,0.739000,0.00000000,2.39428050,0.00000000,392.08641163,0.00000000,0.00000000,0.00000000,2.39428050,0.00000000,0.00000000,18693.19794547,7912.94957600
2,523,0.000000,0.775000,0.00000000,107.32720193,0.00000000,306.37041161,0.00000000,0.00000000,94.69756566,107.32720193,101.68074366,1745.79450000,18693.19794526,9891.18697000
2,524,0.000000,0.797000,0.00000000,107.32720193,0.00000000,318.11408580,0.00000000,0.00000000,94.69756566,107.32720193,101.68074366,1745.79450000,18693.19794506,9891.18697000
2,525,0.000000,0.826000,0.00000000,107.32720193,0.00000000,333.59438360,0.00000000,0.00000000,94.69756566,107.32720193,101.68074366,1745.79450000,18693.19794485,9891.18697000
2,526,0.000000,0.821000,0.00000000,106.72863180,0.00000000,331.52393686,0.00000000,0.00000000,94.69756566,106.72863180,101.68074366,1745.79450000,19042.35684469,7912.94957600
2,527,0.000000,0.759000,0.00000000,107.32720193,0.00000000,297.82955765,0.00000000,0.00000000,94.69756566,107.32720193,101.68074366,1745.79450000,19042.35684448,9891.18697000
2,528,0.000000,0.675000,0.00000000,106.72863180,0.00000000,253.58864451,0.00000000,0.00000000,94.69756566,106.72863180,101.68074366,1745.79450000,19391.51574432,7912.94957600
2,529,0.000000,0.594000,0.00000000,107.32720193,0.00000000,209.75200122,0.00000000,0.00000000,94.69756566,107.32720193,101.68074366,1745.79450000,19391.51574411,9891.18697000
2,530,0.000000,0.509000,0.00000000,107.32720193,0.00000000,164.37871458,0.00000000,0.00000000,94.69756566,107.32720193,101.68074366,1745.79450000,19391.51574391,9891.18697000
2,531,0.000000,0.413000,0.00000000,107.32720193,0.00000000,113.13359084,0.00000000,0.00000000,94.69756566,107.32720193,101.68074366,1745.79450000,19391.51574370,9891.18697000
2,532,0.000000,0.349000,0.00000000,107.32720193,0.00000000,78.97017501,0.00000000,0.00000000,94.69756566,107.32720193,101.68074366,1745.79450000,19391.51574350,9891.18697000
2,533,0.000000,0.317000,0.00000000,106.72863180,0.00000000,62.48703722,0.00000000,0.00000000,94.69756566,106.72863180,101.68074366,1745.79450000,19740.67464334,7912.94957600
2,534,0.001000,0.305000,0.29658264,107.03061928,0.00000000,55.77940927,0.00000000,0.00000000,94.69756566,107.32720193,101.68074366,1745.79450000,19740.67464313,9891.18697000
2,535,0.152000,0.492000,45.08056147,62.24664045,0.00000000,200.38461872,0.00000000,0.00000000,94.69756566,107.32720193,101.68074366,1745.79450000,19740.67464293,9891.18697000
2,536,0.375000,0.558000,0.00000000,107.32720193,111.21849047,190.53507982,0.00000000,0.00000000,94.69756566,107.32720193,101.68074366,1745.79450000,19740.67464272,9891.18697000
2,537,0.547000,0.470000,106.72863180,0.00000000,55.50207297,250.88758498,0.00000000,0.00000000,94.69756566,106.72863180,101.68074366,1745.79450000,20089.83354256,7912.94957600
2,538,0.665000,0.373000,106.72863180,0.00000000,90.49882464,199.10865787,0.00000000,0.00000000,94.69756566,106.72863180,101.68074366,1745.79450000,20438.99244239,7912.94957600
2,539,0.728000,0.286000,106.72863180,0.00000000,109.18353104,152.66776448,0.00000000,0.00000000,94.69756566,106.72863180,101.68074366,1745.79450000,20788.15134223,7912.94957600
2,540,0.745000,0.228000,107.32720193,0.00000000,113.62686582,121.70716889,0.00000000,0.00000000,94.69756566,107.32720193,101.68074366,1745.79450000,20788.15134202,9891.18697000
2,541,0.717000,0.209000,106.72863180,0.00000000,105.92112199,111.56490481,0.00000000,0.00000000,94.69756566,106.72863180,101.68074366,1745.79450000,21137.31024186,7912.94957600
2,542,0.645000,0.237000,107.32720193,0.00000000,83.96860169,126.51139924,0.00000000,0.00000000,94.69756566,107.32720193,101.68074366,1745.79450000,21137.31024165,9891.18697000
2,543,0.526000,0.309000,106.72863180,0.00000000,49.27383750,164.94524204,0.00000000,0.00000000,94.69756566,106.72863180,101.68074366,1745.79450000,21486.46914149,7912.94957600
2,544,0.355000,0.420000,105.28683765,1.44179415,0.00000000,222.75562222,0.00000000,0.00000000,94.69756566,106.72863180,101.68074366,1745.79450000,21835.62804133,7912.94957600
2,545,0.146000,0.579000,43.30106562,64.02613630,0.00000000,245.04601626,0.00000000,0.00000000,94.69756566,107.32720193,101.68074366,1745.79450000,21835.62804112,9891.18697000
2,546,0.000000,0.728000,0.00000000,106.72863180,0.00000000,281.88022324,0.00000000,0.00000000,94.69756566,106.72863180,101.68074366,1745.79450000,22184.78694096,7912.94957600
2,547,0.000000,0.780000,0.00000000,106.72863180,0.00000000,309.63799860,0.00000000,0.00000000,94.69756566,106.72863180,101.68074366,1745.79450000,22533.94584079,7912.94957600
2,548,0.000000,0.826000,0.00000000,107.32720193,0.00000000,333.59438360,0.00000000,0.00000000,94.69756566,107.32720193,101.68074366,1745.79450000,22533.94584059,9891.18697000
2,549,0.000000,0.829000,0.00000000,106.72863180,0.00000000,335.79436384,0.00000000,0.00000000,94.69756566,106.72863180,101.68074366,1745.79450000,22883.10474042,7912.94957600
2,550,0.000000,0.829000,0.00000000,107.32720193,0.00000000,335.19579372,0.00000000,0.00000000,94.69756566,107.32720193,101.68074366,1745.79450000,22883.10474022,9891.18697000
2,551,0.000000,0.783000,0.00000000,107.32720193,0.00000000,310.64083859,0.00000000,0.00000000,94.69756566,107.32720193,101.68074366,1745.79450000,22883.10474001,9891.18697000
2,552,0.000000,0.719000,0.00000000,106.72863180,0.00000000,277.07599289,0.00000000,0.00000000,94.69756566,106.72863180,101.68074366,1745.79450000,23232.26363985,7912.94957600
2,553,0.000000,0.652000,0.00000000,107.32720193,0.00000000,240.71259682,0.00000000,0.00000000,94.69756566,107.32720193,101.68074366,1745.79450000,23232.26363965,9891.18697000
2,554,0.000000,0.594000,0.00000000,106.72863180,0.00000000,210.35057135,0.00000000,0.00000000,94.69756566,106.72863180,101.68074366,1745.79450000,23581.42253948,7912.94957600
2,555,0.000000,0.561000,0.00000000,106.72863180,0.00000000,192.73506006,0.00000000,0.00000000,94.69756566,106.72863180,101.68074366,1745.79450000,23930.58143932,7912.94957600
2,556,0.000000,0.499000,0.00000000,107.32720193,0.00000000,159.04068085,0.00000000,0.00000000,94.69756566,107.32720193,101.68074366,1745.79450000,23930.58143911,9891.18697000
2,557,0.000000,0.464000,0.00000000,106.72863180,0.00000000,140.95613295,0.00000000,0.00000000,94.69756566,106.72863180,101.68074366,1745.79450000,24279.74033895,7912.94957600
2,558,0.002000,0.435000,0.59316528,106.73403664,0.00000000,125.47043031,0.00000000,0.00000000,94.69756566,107.32720193,101.68074366,1745.79450000,24279.74033874,9891.18697000
2,559,0.172000,0.647000,51.01221430,56.31498763,0.00000000,289.05579425,0.00000000,0.00000000,94.69756566,107.32720193,101.68074366,1745.79450000,24279.74033854,9891.18697000
2,560,0.378000,0.732000,107.32720193,0.00000000,4.78103647,390.74406853,0.00000000,0.00000000,94.69756566,107.32720193,101.68074366,1745.79450000,24279.74033833,9891.18697000
2,561,0.548000,0.679000,107.32720193,0.00000000,55.20008549,362.45248980,0.00000000,0.00000000,94.69756566,107.32720193,101.68074366,1745.79450000,24279.74033813,9891.18697000
2,562,0.660000,0.586000,107.32720193,0.00000000,88.41734131,312.80877617,0.00000000,0.00000000,94.69756566,107.32720193,101.68074366,1745.79450000,24279.74033792,9891.18697000
2,563,0.723000,0.479000,107.32720193,0.00000000,107.10204771,255.69181533,0.00000000,0.00000000,94.69756566,107.32720193,101.68074366,1745.79450000,24279.74033772,9891.18697000
2,564,0.739000,0.395000,107.32720193,0.00000000,111.84736997,210.85233206,0.00000000,0.00000000,94.69756566,107.32720193,101.68074366,1745.79450000,24279.74033751,9891.18697000
2,565,0.706000,0.368000,107.32720193,0.00000000,102.06014281,196.43964101,0.00000000,0.00000000,94.69756566,107.32720193,101.68074366,1745.79450000,24279.74033731,9891.18697000
2,566,0.636000,0.386000,107.32720193,0.00000000,81.29935792,206.04810171,0.00000000,0.00000000,94.69756566,107.32720193,101.68074366,1745.79450000,24279.74033710,9891.18697000
2,567,0.511000,0.447000,107.32720193,0.00000000,44.22652776,238.61010742,0.00000000,0.00000000,94.69756566,107.32720193,101.68074366,1745.79450000,24279.74033690,9891.18697000
2,568,0.333000,0.554000,98.76201954,7.96661226,0.00000000,287.76045600,0.00000000,0.00000000,94.69756566,106.72863180,101.68074366,1745.79450000,24628.89923673,7912.94957600
2,569,0.131000,0.695000,38.85232601,67.87630580,0.00000000,303.11703796,0.00000000,0.00000000,94.69756566,106.72863180,101.68074366,1745.79450000,24978.05813657,7912.94957600
2,570,0.000000,0.792000,0.00000000,107.32720193,0.00000000,315.44506894,0.00000000,0.00000000,94.69756566,107.32720193,101.68074366,1745.79450000,24978.05813637,9891.18697000
2,571,0.000000,0.837000,0.00000000,106.72863180,0.00000000,340.06479082,0.00000000,0.00000000,94.69756566,106.72863180,101.68074366,1745.79450000,25327.21703620,7912.94957600
2,572,0.000000,0.870000,0.00000000,106.72863180,0.00000000,357.68030211,0.00000000,0.00000000,94.69756566,106.72863180,101.68074366,1745.79450000,25676.37593604,7912.94957600
2,573,0.000000,0.927000,0.00000000,107.32720193,0.00000000,387.50852420,0.00000000,0.00000000,94.69756566,107.32720193,101.68074366,1745.79450000,25676.37593583,9891.18697000
2,574,0.000000,0.900000,0.00000000,107.32720193,0.00000000,373.09583315,0.00000000,0.00000000,94.69756566,107.32720193,101.68074366,1745.79450000,25676.37593563,9891.18697000
2,575,0.000000,0.863000,0.00000000,107.32720193,0.00000000,353.34510837,0.00000000,0.00000000,94.69756566,107.32720193,101.68074366,1745.79450000,25676.37593542,9891.18697000
2,576,0.000000,0.816000,0.00000000,106.72863180,0.00000000,328.85492000,0.00000000,0.00000000,94.69756566,106.72863180,101.68074366,1745.79450000,26025.53483526,7912.94957600
2,577,0.000000,0.763000,0.00000000,107.32720193,0.00000000,299.96477114,0.00000000,0.00000000,94.69756566,107.32720193,101.68074366,1745.79450000,26025.53483505,9891.18697000
2,578,0.000000,0.710000,0.00000000,106.72863180,0.00000000,272.27176254,0.00000000,0.00000000,94.69756566,106.72863180,101.68074366,1745.79450000,26374.69373489,7912.94957600
2,579,0.000000,0.635000,0.00000000,106.72863180,0.00000000,232.23650961,0.00000000,0.00000000,94.69756566,106.72863180,101.68074366,1745.79450000,26723.85263473,7912.94957600
2,580,0.000000,0.547000,0.00000000,107.32720193,0.00000000,184.66324273,0.00000000,0.00000000,94.69756566,107.32720193,101.68074366,1745.79450000,26723.85263452,9891.18697000
2,581,0.000000,0.467000,0.00000000,106.72863180,0.00000000,142.55754307,0.00000000,0.00000000,94.69756566,106.72863180,101.68074366,1745.79450000,27073.01153436,7912.94957600
2,582,0.002000,0.396000,0.59316528,106.73403664,0.00000000,104.65209879,0.00000000,0.00000000,94.69756566,107.32720193,101.68074366,1745.79450000,27073.01153415,9891.18697000
2,583,0.168000,0.599000,49.82588373,57.50131819,0.00000000,262.24690182,0.00000000,0.00000000,94.69756566,107.32720193,101.68074366,1745.79450000,27073.01153395,9891.18697000
2,584,0.376000,0.682000,106.72863180,0.00000000,4.78644131,364.05389991,0.00000000,0.00000000,94.69756566,106.72863180,101.68074366,1745.79450000,27422.17043378,7912.94957600
2,585,0.543000,0.623000,107.32720193,0.00000000,53.71717228,332.55950095,0.00000000,0.00000000,94.69756566,107.32720193,101.68074366,1745.79450000,27422.17043358,9891.18697000
2,586,0.656000,0.527000,107.32720193,0.00000000,87.23101074,281.31437721,0.00000000,0.00000000,94.69756566,107.32720193,101.68074366,1745.79450000,27422.17043337,9891.18697000
2,587,0.720000,0.431000,107.32720193,0.00000000,106.21229979,230.06925346,0.00000000,0.00000000,94.69756566,107.32720193,101.68074366,1745.79450000,27422.17043317,9891.18697000
2,588,0.741000,0.374000,106.72863180,0.00000000,113.03910538,199.64246124,0.00000000,0.00000000,94.69756566,106.72863180,101.68074366,1745.79450000,27771.32933300,7912.94957600
2,589,0.711000,0.370000,107.32720193,0.00000000,103.54305601,197.50724775,0.00000000,0.00000000,94.69756566,107.32720193,101.68074366,1745.79450000,27771.32933280,9891.18697000
2,590,0.640000,0.414000,107.32720193,0.00000000,82.48568848,220.99459613,0.00000000,0.00000000,94.69756566,107.32720193,101.68074366,1745.79450000,27771.32933259,9891.18697000
2,591,0.511000,0.484000,107.32720193,0.00000000,44.22652776,258.36083220,0.00000000,0.00000000,94.69756566,107.32720193,101.68074366,1745.79450000,27771.32933239,9891.18697000
2,592,0.333000,0.575000,98.76201954,8.56518238,0.00000000,298.37175669,0.00000000,0.00000000,94.69756566,107.32720193,101.68074366,1745.79450000,27771.32933218,9891.18697000
2,593,0.118000,0.689000,34.99675167,71.73188013,0.00000000,296.05864339,0.00000000,0.00000000,94.69756566,106.72863180,101.68074366,1745.79450000,28120.48823202,7912.94957600
2,594,0.000000,0.766000,0.00000000,106.72863180,0.00000000,302.16475139,0.00000000,0.00000000,94.69756566,106.72863180,101.68074366,1745.79450000,28469.64713186,7912.94957600
2,595,0.000000,0.802000,0.00000000,107.32720193,0.00000000,320.78310266,0.00000000,0.00000000,94.69756566,107.32720193,101.68074366,1745.79450000,28469.64713165,9891.18697000
2,596,0.000000,0.820000,0.00000000,107.32720193,0.00000000,330.39156336,0.00000000,0.00000000,94.69756566,107.32720193,101.68074366,1745.79450000,28469.64713145,9891.18697000
2,597,0.000000,0.881000,0.00000000,107.32720193,0.00000000,362.95356908,0.00000000,0.00000000,94.69756566,107.32720193,101.68074366,1745.79450000,28469.64713124,9891.18697000
2,598,0.000000,0.872000,0.00000000,107.32720193,0.00000000,358.14933872,0.00000000,0.00000000,94.69756566,107.32720193,101.68074366,1745.79450000,28469.64713104,9891.18697000
2,599,0.000000,0.833000,0.00000000,107.32720193,0.00000000,337.33100720,0.00000000,0.00000000,94.69756566,107.32720193,101.68074366,1745.79450000,28469.64713083,9891.18697000
2,600,0.000000,0.786000,0.00000000,106.72863180,0.00000000,312.84081883,0.00000000,0.00000000,94.69756566,106.72863180,101.68074366,1745.79450000,28818.80603067,7912.94957600
2,601,0.000000,0.748000,0.00000000,107.32720193,0.00000000,291.95772056,0.00000000,0.00000000,94.69756566,107.32720193,101.68074366,1745.79450000,28818.80603046,9891.18697000
2,602,0.000000,0.720000,0.00000000,107.32720193,0.00000000,277.01122613,0.00000000,0.00000000,94.69756566,107.32720193,101.68074366,1745.79450000,28818.80603026,9891.18697000
2,603,0.000000,0.686000,0.00000000,89.29817185,0.00000000,276.89094155,0.00000000,0.00000000,78.66539600,89.29817185,84.63532017,1492.48104146,28914.65147155,7912.94957600
2,604,0.000000,0.661000,0.00000000,106.72863180,0.00000000,246.11539729,0.00000000,0.00000000,94.69756566,106.72863180,101.68074366,1745.79450000,29263.81037138,7912.94957600
2,605,0.000000,0.599000,0.00000000,107.32720193,0.00000000,212.42101809,0.00000000,0.00000000,94.69756566,107.32720193,101.68074366,1745.79450000,29263.81037118,9891.18697000
2,606,0.002000,0.545000,0.59316528,106.13546652,0.00000000,184.78737139,0.00000000,0.00000000,94.69756566,106.72863180,101.68074366,1745.79450000,29612.96927102,7912.94957600
2,607,0.171000,0.717000,50.71563166,56.61157027,0.00000000,326.12544767,0.00000000,0.00000000,94.69756566,107.32720193,101.68074366,1745.79450000,29612.96927081,9891.18697000
2,608,0.386000,0.816000,89.89674197,0.00000000,24.58415755,435.58355180,0.00000000,0.00000000,78.66539600,89.89674197,84.63532017,1492.48104146,29359.65581206,9891.18697000
2,609,0.553000,0.781000,107.32720193,0.00000000,56.68299869,416.90043377,0.00000000,0.00000000,94.69756566,107.32720193,101.68074366,1745.79450000,29359.65581186,9891.18697000
2,610,0.667000,0.707000,107.32720193,0.00000000,90.49341980,377.39898422,0.00000000,0.00000000,94.69756566,107.32720193,101.68074366,1745.79450000,29359.65581165,9891.18697000
2,611,0.729000,0.619000,106.72863180,0.00000000,109.48011368,330.42428746,0.00000000,0.00000000,94.69756566,106.72863180,101.68074366,1745.79450000,29708.81471149,7912.94957600
2,612,0.746000,0.538000,106.72863180,0.00000000,114.52201858,287.18621430,0.00000000,0.00000000,94.69756566,106.72863180,101.68074366,1745.79450000,30057.97361132,7912.94957600
2,613,0.720000,0.510000,107.32720193,0.00000000,106.21229979,272.23971988,0.00000000,0.00000000,94.69756566,107.32720193,101.68074366,1745.79450000,30057.97361112,9891.18697000
2,614,0.649000,0.542000,107.32720193,0.00000000,85.15493226,289.32142779,0.00000000,0.00000000,94.69756566,107.32720193,101.68074366,1745.79450000,30057.97361091,9891.18697000
2,615,0.530000,0.619000,107.32720193,0.00000000,49.86159794,330.42428746,0.00000000,0.00000000,94.69756566,107.32720193,101.68074366,1745.79450000,30057.97361071,9891.18697000
2,616,0.361000,0.724000,107.06633350,0.26086843,0.00000000,386.21277312,0.00000000,0.00000000,94.69756566,107.32720193,101.68074366,1745.79450000,30057.97361050,9891.18697000
2,617,0.154000,0.830000,45.67372675,61.65347517,0.00000000,381.40332384,0.00000000,0.00000000,94.69756566,107.32720193,101.68074366,1745.79450000,30057.97361030,9891.18697000
2,618,0.000000,0.888000,0.00000000,107.32720193,0.00000000,366.69019268,0.00000000,0.00000000,94.69756566,107.32720193,101.68074366,1745.79450000,30057.97361009,9891.18697000
2,619,0.000000,0.918000,0.00000000,107.32720193,0.00000000,382.70429385,0.00000000,0.00000000,94.69756566,107.32720193,101.68074366,1745.79450000,30057.97360989,9891.18697000
2,620,0.000000,0.928000,0.00000000,107.32720193,0.00000000,388.04232757,0.00000000,0.00000000,94.69756566,107.32720193,101.68074366,1745.79450000,30057.97360968,9891.18697000
2,621,0.000000,0.926000,0.00000000,107.32720193,0.00000000,386.97472083,0.00000000,0.00000000,94.69756566,107.32720193,101.68074366,1745.79450000,30057.97360948,9891.18697000
2,622,0.000000,0.919000,0.00000000,107.32720193,0.00000000,383.23809722,0.00000000,0.00000000,94.69756566,107.32720193,101.68074366,1745.79450000,30057.97360927,9891.18697000
2,623,0.000000,0.907000,0.00000000,107.32720193,0.00000000,376.83245676,0.00000000,0.00000000,94.69756566,107.32720193,101.68074366,1745.79450000,30057.97360907,9891.18697000
2,624,0.000000,0.888000,0.00000000,107.32720193,0.00000000,366.69019268,0.00000000,0.00000000,94.69756566,107.32720193,101.68074366,1745.79450000,30057.97360886,9891.18697000
2,625,0.000000,0.849000,0.00000000,106.72863180,0.00000000,346.47043129,0.00000000,0.00000000,94.69756566,106.72863180,101.68074366,1745.79450000,30407.13250870,7912.94957600
2,626,0.000000,0.791000,0.00000000,107.32720193,0.00000000,314.91126557,0.00000000,0.00000000,94.69756566,107.32720193,101.68074366,1745.79450000,30407.13250849,9891.18697000
2,627,0.000000,0.735000,0.00000000,107.32720193,0.00000000,285.01827672,0.00000000,0.00000000,94.69756566,107.32720193,101.68074366,1745.79450000,30407.13250829,9891.18697000
2,628,0.000000,0.649000,0.00000000,89.29817185,0.00000000,257.14021678,0.00000000,0.00000000,78.66539600,89.29817185,84.63532017,1492.48104146,30502.97794958,7912.94957600
2,629,0.000000,0.532000,0.00000000,107.32720193,0.00000000,176.65619214,0.00000000,0.00000000,94.69756566,107.32720193,101.68074366,1745.79450000,30502.97794938,9891.18697000
2,630,0.002000,0.426000,0.59316528,106.73403664,0.00000000,120.66619996,0.00000000,0.00000000,94.69756566,107.32720193,101.68074366,1745.79450000,30502.97794917,9891.18697000
2,631,0.161000,0.641000,47.74980524,52.04890370,0.00000000,290.11905795,0.00000000,0.00000000,88.32356868,99.79870894,94.90390184,1645.08328917,30751.42563817,7912.94957600
2,632,0.368000,0.822000,107.32720193,0.00000000,1.81521006,438.78637204,0.00000000,0.00000000,94.69756566,107.32720193,101.68074366,1745.79450000,30751.42563797,9891.18697000
2,633,0.536000,0.829000,106.72863180,0.00000000,52.23966392,442.52299564,0.00000000,0.00000000,94.69756566,106.72863180,101.68074366,1745.79450000,31100.58453781,7912.94957600
2,634,0.647000,0.791000,107.32720193,0.00000000,84.56176697,422.23846749,0.00000000,0.00000000,94.69756566,107.32720193,101.68074366,1745.79450000,31100.58453760,9891.18697000
2,635,0.715000,0.747000,107.32720193,0.00000000,104.72938658,398.75111911,0.00000000,0.00000000,94.69756566,107.32720193,101.68074366,1745.79450000,31100.58453740,9891.18697000
2,636,0.735000,0.710000,107.32720193,0.00000000,110.66103940,379.00039434,0.00000000,0.00000000,94.69756566,107.32720193,101.68074366,1745.79450000,31100.58453719,9891.18697000
2,637,0.704000,0.697000,107.32720193,0.00000000,101.46697752,372.06095050,0.00000000,0.00000000,94.69756566,107.32720193,101.68074366,1745.79450000,31100.58453699,9891.18697000
2,638,0.632000,0.707000,106.72863180,0.00000000,80.71159748,377.39898422,0.00000000,0.00000000,94.69756566,106.72863180,101.68074366,1745.79450000,31449.74343682,7912.94957600
2,639,0.496000,0.731000,107.32720193,0.00000000,39.77778814,390.21026516,0.00000000,0.00000000,94.69756566,107.32720193,101.68074366,1745.79450000,31449.74343662,9891.18697000
2,640,0.326000,0.757000,96.68594105,10.64126087,0.00000000,393.44789196,0.00000000,0.00000000,94.69756566,107.32720193,101.68074366,1745.79450000,31449.74343641,9891.18697000
2,641,0.124000,0.794000,36.77624752,69.95238428,0.00000000,353.88749333,0.00000000,0.00000000,94.69756566,106.72863180,101.68074366,1745.79450000,31798.90233625,7912.94957600
2,642,0.000000,0.810000,0.00000000,106.72863180,0.00000000,325.65209977,0.00000000,0.00000000,94.69756566,106.72863180,101.68074366,1745.79450000,32148.06123608,7912.94957600
2,643,0.000000,0.834000,0.00000000,89.29817185,0.00000000,355.89384065,0.00000000,0.00000000,78.66539600,89.29817185,84.63532017,1492.48104146,32243.90667738,7912.94957600
2,644,0.000000,0.871000,0.00000000,107.32720193,0.00000000,357.61553535,0.00000000,0.00000000,94.69756566,107.32720193,101.68074366,1745.79450000,32243.90667717,9891.18697000
2,645,0.000000,0.878000,0.00000000,107.32720193,0.00000000,361.35215896,0.00000000,0.00000000,94.69756566,107.32720193,101.68074366,1745.79450000,32243.90667697,9891.18697000
2,646,0.000000,0.854000,0.00000000,106.72863180,0.00000000,349.13944815,0.00000000,0.00000000,94.69756566,106.72863180,101.68074366,1745.79450000,32593.06557680,7912.94957600
2,647,0.000000,0.804000,0.00000000,107.32720193,0.00000000,321.85070941,0.00000000,0.00000000,94.69756566,107.32720193,101.68074366,1745.79450000,32593.06557660,9891.18697000
2,648,0.000000,0.739000,0.00000000,107.32720193,0.00000000,287.15349021,0.00000000,0.00000000,94.69756566,107.32720193,101.68074366,1745.79450000,32593.06557639,9891.18697000
2,649,0.000000,0.684000,0.00000000,107.32720193,0.00000000,257.79430473,0.00000000,0.00000000,94.69756566,107.32720193,101.68074366,1745.79450000,32593.06557619,9891.18697000
2,650,0.000000,0.636000,0.00000000,107.32720193,0.00000000,232.17174286,0.00000000,0.00000000,94.69756566,107.32720193,101.68074366,1745.79450000,32593.06557598,9891.18697000
2,651,0.000000,0.580000,0.00000000,106.72863180,0.00000000,202.87732414,0.00000000,0.00000000,94.69756566,106.72863180,101.68074366,1745.79450000,32942.22447582,7912.94957600
2,652,0.000000,0.528000,0.00000000,106.72863180,0.00000000,175.11954878,0.00000000,0.00000000,94.69756566,106.72863180,101.68074366,1745.79450000,33291.38337565,7912.94957600
2,653,0.000000,0.487000,0.00000000,107.32720193,0.00000000,152.63504039,0.00000000,0.00000000,94.69756566,107.32720193,101.68074366,1745.79450000,33291.38337545,9891.18697000
2,654,0.002000,0.440000,0.59316528,106.13546652,0.00000000,128.73801730,0.00000000,0.00000000,94.69756566,106.72863180,101.68074366,1745.79450000,33640.54227528,7912.94957600
2,655,0.173000,0.677000,51.30879694,56.01840499,0.00000000,305.36647806,0.00000000,0.00000000,94.69756566,107.32720193,101.68074366,1745.79450000,33640.54227508,9891.18697000
2,656,0.382000,0.783000,107.32720193,0.00000000,5.96736704,417.96804052,0.00000000,0.00000000,94.69756566,107.32720193,101.68074366,1745.79450000,33640.54227487,9891.18697000
2,657,0.550000,0.748000,106.72863180,0.00000000,56.39182090,399.28492248,0.00000000,0.00000000,94.69756566,106.72863180,101.68074366,1745.79450000,33989.70117471,7912.94957600
2,658,0.672000,0.694000,106.72863180,0.00000000,92.57490313,370.45954038,0.00000000,0.00000000,94.69756566,106.72863180,101.68074366,1745.79450000,34338.86007455,7912.94957600
2,659,0.735000,0.639000,107.32720193,0.00000000,110.66103940,341.10035490,0.00000000,0.00000000,94.69756566,107.32720193,101.68074366,1745.79450000,34338.86007434,9891.18697000
2,660,0.751000,0.597000,107.32720193,0.00000000,115.40636166,318.68061327,0.00000000,0.00000000,94.69756566,107.32720193,101.68074366,1745.79450000,34338.86007414,9891.18697000
2,661,0.724000,0.579000,106.72863180,0.00000000,107.99720048,309.07215256,0.00000000,0.00000000,94.69756566,106.72863180,101.68074366,1745.79450000,34688.01897397,7912.94957600
2,662,0.653000,0.583000,107.32720193,0.00000000,86.34126282,311.20736605,0.00000000,0.00000000,94.69756566,107.32720193,101.68074366,1745.79450000,34688.01897377,9891.18697000
2,663,0.533000,0.594000,107.32720193,0.00000000,50.75134587,317.07920315,0.00000000,0.00000000,94.69756566,107.32720193,101.68074366,1745.79450000,34688.01897356,9891.18697000
2,664,0.364000,0.610000,106.72863180,0.00000000,1.22744962,325.62005711,0.00000000,0.00000000,94.69756566,106.72863180,101.68074366,1745.79450000,35037.17787340,7912.94957600
2,665,0.155000,0.645000,45.97030940,61.35689253,0.00000000,282.94628261,0.00000000,0.00000000,94.69756566,107.32720193,101.68074366,1745.79450000,35037.17787319,9891.18697000
2,666,0.000000,0.677000,0.00000000,106.72863180,0.00000000,254.65625125,0.00000000,0.00000000,94.69756566,106.72863180,101.68074366,1745.79450000,35386.33677303,7912.94957600
2,667,0.000000,0.687000,0.00000000,107.32720193,0.00000000,259.39571485,0.00000000,0.00000000,94.69756566,107.32720193,101.68074366,1745.79450000,35386.33677282,9891.18697000
2,668,0.000000,0.666000,0.00000000,89.89674197,0.00000000,265.61630398,0.00000000,0.00000000,78.66539600,89.89674197,84.63532017,1492.48104146,35133.02331408,9891.18697000
2,669,0.000000,0.698000,0.00000000,107.32720193,0.00000000,265.26755194,0.00000000,0.00000000,94.69756566,107.32720193,101.68074366,1745.79450000,35133.02331387,9891.18697000
2,670,0.000000,0.674000,0.00000000,106.72863180,0.00000000,253.05484113,0.00000000,0.00000000,94.69756566,106.72863180,101.68074366,1745.79450000,35482.18221371,7912.94957600
2,671,0.000000,0.624000,0.00000000,106.72863180,0.00000000,226.36467252,0.00000000,0.00000000,94.69756566,106.72863180,101.68074366,1745.79450000,35831.34111354,7912.94957600
2,672,0.000000,0.566000,0.00000000,106.72863180,0.00000000,195.40407692,0.00000000,0.00000000,94.69756566,106.72863180,101.68074366,1745.79450000,36180.50001338,7912.94957600
2,673,0.000000,0.513000,0.00000000,89.89674197,0.00000000,183.94438802,0.00000000,0.00000000,78.66539600,89.89674197,84.63532017,1492.48104146,35927.18655463,9891.18697000
2,674,0.000000,0.461000,0.00000000,107.32720193,0.00000000,138.75615271,0.00000000,0.00000000,94.69756566,107.32720193,101.68074366,1745.79450000,35927.18655442,9891.18697000
2,675,0.000000,0.420000,0.00000000,106.72863180,0.00000000,117.46878457,0.00000000,0.00000000,94.69756566,106.72863180,101.68074366,1745.79450000,36276.34545426,7912.94957600
2,676,0.000000,0.377000,0.00000000,107.32720193,0.00000000,93.91666943,0.00000000,0.00000000,94.69756566,107.32720193,101.68074366,1745.79450000,36276.34545406,9891.18697000
2,677,0.000000,0.341000,0.00000000,107.32720193,0.00000000,74.69974803,0.00000000,0.00000000,94.69756566,107.32720193,101.68074366,1745.79450000,36276.34545385,9891.18697000
2,678,0.003000,0.294000,0.88974792,105.83888388,0.00000000,51.09930758,0.00000000,0.00000000,94.69756566,106.72863180,101.68074366,1745.79450000,36625.50435369,7912.94957600
2,679,0.177000,0.485000,52.49512750,36.80304435,0.00000000,222.09159122,0.00000000,0.00000000,78.66539600,89.29817185,84.63532017,1492.48104146,36721.34979498,7912.94957600
2,680,0.387000,0.601000,107.32720193,0.00000000,7.45028024,320.81582676,0.00000000,0.00000000,94.69756566,107.32720193,101.68074366,1745.79450000,36721.34979477,9891.18697000
2,681,0.554000,0.552000,106.72863180,0.00000000,57.57815146,294.65946151,0.00000000,0.00000000,94.69756566,106.72863180,101.68074366,1745.79450000,37070.50869461,7912.94957600
2,682,0.661000,0.444000,89.29817185,0.00000000,106.74295403,237.00869730,0.00000000,0.00000000,78.66539600,89.29817185,84.63532017,1492.48104146,37166.35413590,7912.94957600
2,683,0.722000,0.339000,107.32720193,0.00000000,106.80546507,180.95934321,0.00000000,0.00000000,94.69756566,107.32720193,101.68074366,1745.79450000,37166.35413570,9891.18697000
2,684,0.737000,0.267000,107.32720193,0.00000000,111.25420469,142.52550041,0.00000000,0.00000000,94.69756566,107.32720193,101.68074366,1745.79450000,37166.35413549,9891.18697000
2,685,0.710000,0.242000,107.32720193,0.00000000,103.24647337,129.18041610,0.00000000,0.00000000,94.69756566,107.32720193,101.68074366,1745.79450000,37166.35413529,9891.18697000
2,686,0.636000,0.261000,107.32720193,0.00000000,81.29935792,139.32268017,0.00000000,0.00000000,94.69756566,107.32720193,101.68074366,1745.79450000,37166.35413508,9891.18697000
2,687,0.515000,0.311000,106.72863180,0.00000000,46.01142845,166.01284879,0.00000000,0.00000000,94.69756566,106.72863180,101.68074366,1745.79450000,37515.51303492,7912.94957600
2,688,0.337000,0.390000,99.94835011,7.37885182,0.00000000,200.80446338,0.00000000,0.00000000,94.69756566,107.32720193,101.68074366,1745.79450000,37515.51303471,9891.18697000
2,689,0.133000,0.537000,39.44549129,67.28314051,0.00000000,219.36927042,0.00000000,0.00000000,94.69756566,106.72863180,101.68074366,1745.79450000,37864.67193455,7912.94957600
2,690,0.000000,0.690000,0.00000000,107.32720193,0.00000000,260.99712496,0.00000000,0.00000000,94.69756566,107.32720193,101.68074366,1745.79450000,37864.67193434,9891.18697000
2,691,0.000000,0.748000,0.00000000,107.32720193,0.00000000,291.95772056,0.00000000,0.00000000,94.69756566,107.32720193,101.68074366,1745.79450000,37864.67193414,9891.18697000
2,692,0.000000,0.836000,0.00000000,106.72863180,0.00000000,339.53098745,0.00000000,0.00000000,94.69756566,106.72863180,101.68074366,1745.79450000,38213.83083397,7912.94957600
2,693,0.000000,0.879000,0.00000000,89.29817185,0.00000000,379.91499241,0.00000000,0.00000000,78.66539600,89.29817185,84.63532017,1492.48104146,38309.67627527,7912.94957600
2,694,0.000000,0.913000,0.00000000,107.32720193,0.00000000,380.03527699,0.00000000,0.00000000,94.69756566,107.32720193,101.68074366,1745.79450000,38309.67627506,9891.18697000
2,695,0.000000,0.897000,0.00000000,107.32720193,0.00000000,371.49442303,0.00000000,0.00000000,94.69756566,107.32720193,101.68074366,1745.79450000,38309.67627486,9891.18697000
2,696,0.000000,0.868000,0.00000000,106.72863180,0.00000000,356.61269536,0.00000000,0.00000000,94.69756566,106.72863180,101.68074366,1745.79450000,38658.83517469,7912.94957600
2,697,0.000000,0.833000,0.00000000,107.32720193,0.00000000,337.33100720,0.00000000,0.00000000,94.69756566,107.32720193,101.68074366,1745.79450000,38658.83517449,9891.18697000
2,698,0.000000,0.798000,0.00000000,106.72863180,0.00000000,319.24645930,0.00000000,0.00000000,94.69756566,106.72863180,101.68074366,1745.79450000,39007.99407432,7912.94957600
2,699,0.000000,0.741000,0.00000000,106.72863180,0.00000000,288.81966708,0.00000000,0.00000000,94.69756566,106.72863180,101.68074366,1745.79450000,39357.15297416,7912.94957600
2,700,0.000000,0.675000,0.00000000,107.32720193,0.00000000,252.99007438,0.00000000,0.00000000,94.69756566,107.32720193,101.68074366,1745.79450000,39357.15297395,9891.18697000
2,701,0.000000,0.599000,0.00000000,107.32720193,0.00000000,212.42101809,0.00000000,0.00000000,94.69756566,107.32720193,101.68074366,1745.79450000,39357.15297375,9891.18697000
2,702,0.001000,0.555000,0.29658264,106.43204916,0.00000000,189.82882247,0.00000000,0.00000000,94.69756566,106.72863180,101.68074366,1745.79450000,39706.31187359,7912.94957600
2,703,0.157000,0.692000,46.56347468,42.73469717,0.00000000,326.65723646,0.00000000,0.00000000,78.66539600,89.29817185,84.63532017,1492.48104146,39802.15731488,7912.94957600
2,704,0.375000,0.729000,107.32720193,0.00000000,3.89128855,389.14265841,0.00000000,0.00000000,94.69756566,107.32720193,101.68074366,1745.79450000,39802.15731467,9891.18697000
2,705,0.551000,0.679000,107.32720193,0.00000000,56.08983341,362.45248980,0.00000000,0.00000000,94.69756566,107.32720193,101.68074366,1745.79450000,39802.15731447,9891.18697000
2,706,0.668000,0.605000,107.32720193,0.00000000,90.79000244,322.95104024,0.00000000,0.00000000,94.69756566,107.32720193,101.68074366,1745.79450000,39802.15731426,9891.18697000
2,707,0.730000,0.528000,107.32720193,0.00000000,109.17812620,281.84818058,0.00000000,0.00000000,94.69756566,107.32720193,101.68074366,1745.79450000,39802.15731406,9891.18697000
2,708,0.747000,0.472000,106.72863180,0.00000000,114.81860122,251.95519173,0.00000000,0.00000000,94.69756566,106.72863180,101.68074366,1745.79450000,40151.31621389,7912.94957600
2,709,0.718000,0.457000,107.32720193,0.00000000,105.61913450,243.94814114,0.00000000,0.00000000,94.69756566,107.32720193,101.68074366,1745.79450000,40151.31621369,9891.18697000
2,710,0.646000,0.481000,106.72863180,0.00000000,84.86375446,256.75942208,0.00000000,0.00000000,94.69756566,106.72863180,101.68074366,1745.79450000,40500.47511352,7912.94957600
2,711,0.526000,0.544000,107.32720193,0.00000000,48.67526738,290.38903453,0.00000000,0.00000000,94.69756566,107.32720193,101.68074366,1745.79450000,40500.47511332,9891.18697000
2,712,0.353000,0.638000,2.99285063,0.00000000,101.70082174,340.56655153,0.00000000,0.00000000,0.00000000,2.99285063,0.00000000,0.00000000,38754.68061311,9891.18697000
2,713,0.138000,0.768000,2.99285063,0.00000000,37.93555387,409.96098993,0.00000000,0.00000000,0.00000000,2.99285063,0.00000000,0.00000000,37008.88611291,9891.18697000
2,714,0.000000,0.863000,0.00000000,2.39428050,0.00000000,458.27802980,0.00000000,0.00000000,0.00000000,2.39428050,0.00000000,0.00000000,35612.25051274,7912.94957600
2,715,0.000000,0.906000,0.00000000,2.39428050,0.00000000,481.23157481,0.00000000,0.00000000,0.00000000,2.39428050,0.00000000,0.00000000,34215.61491258,7912.94957600
2,716,0.000000,0.935000,0.00000000,2.39428050,0.00000000,496.71187261,0.00000000,0.00000000,0.00000000,2.39428050,0.00000000,0.00000000,32818.97931242,7912.94957600
2,717,0.000000,0.953000,0.00000000,2.39428050,0.00000000,506.32033331,0.00000000,0.00000000,0.00000000,2.39428050,0.00000000,0.00000000,31422.34371225,7912.94957600
2,718,0.000000,0.934000,0.00000000,2.99285063,0.00000000,495.57949911,0.00000000,0.00000000,0.00000000,2.99285063,0.00000000,0.00000000,29676.54921205,9891.18697000
2,719,0.000000,0.900000,0.00000000,2.99285063,0.00000000,477.43018445,0.00000000,0.00000000,0.00000000,2.99285063,0.00000000,0.00000000,27930.75471184,9891.18697000
2,720,0.000000,0.861000,0.00000000,2.99285063,0.00000000,456.61185293,0.00000000,0.00000000,0.00000000,2.99285063,0.00000000,0.00000000,26184.96021164,9891.18697000
3,1,0.000000,0.342000,0.00000000,2.39428050,0.00000000,180.16647283,0.00000000,0.00000000,0.00000000,2.39428050,0.00000000,0.00000000,24788.32461147,7912.94957600
3,2,0.000000,0.310000,0.00000000,106.72863180,0.00000000,58.75041361,0.00000000,0.00000000,94.69756566,106.72863180,101.68074366,1745.79450000,25137.48351131,7912.94957600
3,3,0.000000,0.280000,0.00000000,2.39428050,0.00000000,147.07066375,0.00000000,0.00000000,0.00000000,2.39428050,0.00000000,0.00000000,23740.84791115,7912.94957600
3,4,0.000000,0.277000,0.00000000,106.72863180,0.00000000,41.13490233,0.00000000,0.00000000,94.69756566,106.72863180,101.68074366,1745.79450000,24090.00681098,7912.94957600
3,5,0.000000,0.291000,0.00000000,30.37356422,0.00000000,124.96321712,0.00000000,0.00000000,25.00174700,30.37356422,27.15938231,539.40882693,23232.78003774,7912.94957600
3,6,0.000000,0.305000,0.00000000,2.39428050,0.00000000,160.41574805,0.00000000,0.00000000,0.00000000,2.39428050,0.00000000,0.00000000,21836.14443758,7912.94957600
3,7,0.103000,0.329000,30.54801205,76.18061975,0.00000000,99.44068974,0.00000000,0.00000000,94.69756566,106.72863180,101.68074366,1745.79450000,22185.30333742,7912.94957600
3,8,0.282000,0.625000,83.63630484,23.09232696,0.00000000,310.53478073,0.00000000,0.00000000,94.69756566,106.72863180,101.68074366,1745.79450000,22534.46223725,7912.94957600
3,9,0.436000,0.730000,106.72863180,0.00000000,22.58139979,389.67646178,0.00000000,0.00000000,94.69756566,106.72863180,101.68074366,1745.79450000,22883.62113709,7912.94957600
3,10,0.546000,0.735000,106.72863180,0.00000000,55.20549033,392.34547864,0.00000000,0.00000000,94.69756566,106.72863180,101.68074366,1745.79450000,23232.78003692,7912.94957600
3,11,0.606000,0.724000,106.72863180,0.00000000,73.00044881,386.47364155,0.00000000,0.00000000,94.69756566,106.72863180,101.68074366,1745.79450000,23581.93893676,7912.94957600
3,12,0.620000,0.711000,2.39428050,0.00000000,181.48695708,379.53419771,0.00000000,0.00000000,0.00000000,2.39428050,0.00000000,0.00000000,22185.30333660,7912.94957600
3,13,0.604000,0.697000,2.39428050,0.00000000,176.74163482,372.06095050,0.00000000,0.00000000,0.00000000,2.39428050,0.00000000,0.00000000,20788.66773643,7912.94957600
3,14,0.535000,0.682000,2.39428050,0.00000000,156.27743258,364.05389991,0.00000000,0.00000000,0.00000000,2.39428050,0.00000000,0.00000000,19392.03213627,7912.94957600
3,15,0.422000,0.674000,2.39428050,0.00000000,122.76359411,359.78347293,0.00000000,0.00000000,0.00000000,2.39428050,0.00000000,0.00000000,17995.39653610,7912.94957600
3,16,0.265000,0.682000,2.39428050,0.00000000,76.20011943,364.05389991,0.00000000,0.00000000,0.00000000,2.39428050,0.00000000,0.00000000,16598.76093594,7912.94957600
3,17,0.091000,0.700000,2.39428050,0.00000000,24.59473985,373.66236061,0.00000000,0.00000000,0.00000000,2.39428050,0.00000000,0.00000000,15202.12533578,7912.94957600
3,18,0.000000,0.679000,0.00000000,2.39428050,0.00000000,360.05820930,0.00000000,0.00000000,0.00000000,2.39428050,0.00000000,0.00000000,13805.48973561,7912.94957600
3,19,0.000000,0.626000,0.00000000,2.39428050,0.00000000,331.76663056,0.00000000,0.00000000,0.00000000,2.39428050,0.00000000,0.00000000,12408.85413545,7912.94957600
3,20,0.000000,0.633000,0.00000000,89.29817159,0.00000000,248.59936308,0.00000000,0.00000000,78.66539600,89.29817159,84.63531998,1492.48099468,12504.69952996,7912.94957600
3,21,0.000000,0.594000,0.00000000,106.72863180,0.00000000,210.35057135,0.00000000,0.00000000,94.69756566,106.72863180,101.68074366,1745.79450000,12853.85842979,7912.94957600
3,22,0.000000,0.538000,0.00000000,106.72863180,0.00000000,180.45758250,0.00000000,0.00000000,94.69756566,106.72863180,101.68074366,1745.79450000,13203.01732963,7912.94957600
3,23,0.000000,0.455000,0.00000000,106.72863180,0.00000000,136.15190260,0.00000000,0.00000000,94.69756566,106.72863180,101.68074366,1745.79450000,13552.17622947,7912.94957600
3,24,0.000000,0.359000,0.00000000,106.72863180,0.00000000,84.90677886,0.00000000,0.00000000,94.69756566,106.72863180,101.68074366,1745.79450000,13901.33512930,7912.94957600
3,25,0.000000,0.310000,0.00000000,106.72863180,0.00000000,58.75041361,0.00000000,0.00000000,94.69756566,106.72863180,101.68074366,1745.79450000,14250.49402914,7912.94957600
3,26,0.000000,0.283000,0.00000000,106.72863180,0.00000000,44.33772256,0.00000000,0.00000000,94.69756566,106.72863180,101.68074366,1745.79450000,14599.65292897,7912.94957600
3,27,0.000000,0.278000,0.00000000,106.72863180,0.00000000,41.66870570,0.00000000,0.00000000,94.69756566,106.72863180,101.68074366,1745.79450000,14948.81182881,7912.94957600
3,28,0.000000,0.289000,0.00000000,106.72863180,0.00000000,47.54054280,0.00000000,0.00000000,94.69756566,106.72863180,101.68074366,1745.79450000,15297.97072865,7912.94957600
3,29,0.000000,0.289000,0.00000000,106.72863180,0.00000000,47.54054280,0.00000000,0.00000000,94.69756566,106.72863180,101.68074366,1745.79450000,15647.12962848,7912.94957600
3,30,0.000000,0.268000,0.00000000,106.72863180,0.00000000,36.33067198,0.00000000,0.00000000,94.69756566,106.72863180,101.68074366,1745.79450000,15996.28852832,7912.94957600
3,31,0.106000,0.231000,31.43775997,75.29087183,0.00000000,48.01770718,0.00000000,0.00000000,94.69756566,106.72863180,101.68074366,1745.79450000,16345.44742815,7912.94957600
3,32,0.289000,0.437000,85.71238333,21.01624848,0.00000000,212.25582522,0.00000000,0.00000000,94.69756566,106.72863180,101.68074366,1745.79450000,16694.60632799,7912.94957600
3,33,0.443000,0.388000,106.72863180,0.00000000,24.65747828,207.11570845,0.00000000,0.00000000,94.69756566,106.72863180,101.68074366,1745.79450000,17043.76522783,7912.94957600
3,34,0.551000,0.308000,106.72863180,0.00000000,56.68840354,164.41143867,0.00000000,0.00000000,94.69756566,106.72863180,101.68074366,1745.79450000,17392.92412766,7912.94957600
3,35,0.613000,0.263000,106.72863180,0.00000000,75.07652729,140.39028692,0.00000000,0.00000000,94.69756566,106.72863180,101.68074366,1745.79450000,17742.08302750,7912.94957600
3,36,0.630000,0.253000,106.72863180,0.00000000,80.11843220,135.05225319,0.00000000,0.00000000,94.69756566,106.72863180,101.68074366,1745.79450000,18091.24192733,7912.94957600
3,37,0.602000,0.271000,106.72863180,0.00000000,71.81411824,144.66071389,0.00000000,0.00000000,94.69756566,106.72863180,101.68074366,1745.79450000,18440.40082717,7912.94957600
3,38,0.529000,0.300000,106.72863180,0.00000000,50.16358543,160.14101169,0.00000000,0.00000000,94.69756566,106.72863180,101.68074366,1745.79450000,18789.55972701,7912.94957600
3,39,0.415000,0.336000,106.72863180,0.00000000,16.35316432,179.35793309,0.00000000,0.00000000,94.69756566,106.72863180,101.68074366,1745.79450000,19138.71862684,7912.94957600
3,40,0.260000,0.381000,77.11148673,29.61714507,0.00000000,173.76193978,0.00000000,0.00000000,94.69756566,106.72863180,101.68074366,1745.79450000,19487.87752668,7912.94957600
3,41,0.078000,0.444000,23.13344602,83.59518578,0.00000000,153.41351152,0.00000000,0.00000000,94.69756566,106.72863180,101.68074366,1745.79450000,19837.03642651,7912.94957600
3,42,0.000000,0.462000,0.00000000,106.72863180,0.00000000,139.88852620,0.00000000,0.00000000,94.69756566,106.72863180,101.68074366,1745.79450000,20186.19532635,7912.94957600
3,43,0.000000,0.433000,0.00000000,106.72863180,0.00000000,124.40822841,0.00000000,0.00000000,94.69756566,106.72863180,101.68074366,1745.79450000,20535.35422619,7912.94957600
3,44,0.000000,0.391000,0.00000000,106.72863180,0.00000000,101.98848677,0.00000000,0.00000000,94.69756566,106.72863180,101.68074366,1745.79450000,20884.51312602,7912.94957600
3,45,0.000000,0.370000,0.00000000,106.72863180,0.00000000,90.77861595,0.00000000,0.00000000,94.69756566,106.72863180,101.68074366,1745.79450000,21233.67202586,7912.94957600
3,46,0.000000,0.331000,0.00000000,106.72863180,0.00000000,69.96028443,0.00000000,0.00000000,94.69756566,106.72863180,101.68074366,1745.79450000,21582.83092569,7912.94957600
3,47,0.000000,0.328000,0.00000000,106.72863180,0.00000000,68.35887432,0.00000000,0.00000000,94.69756566,106.72863180,101.68074366,1745.79450000,21931.98982553,7912.94957600
3,48,0.000000,0.302000,0.00000000,106.72863180,0.00000000,54.47998664,0.00000000,0.00000000,94.69756566,106.72863180,101.68074366,1745.79450000,22281.14872537,7912.94957600
3,49,0.000000,0.302000,0.00000000,106.72863180,0.00000000,54.47998664,0.00000000,0.00000000,94.69756566,106.72863180,101.68074366,1745.79450000,22630.30762520,7912.94957600
3,50,0.000000,0.296000,0.00000000,106.72863180,0.00000000,51.27716640,0.00000000,0.00000000,94.69756566,106.72863180,101.68074366,1745.79450000,22979.46652504,7912.94957600
3,51,0.000000,0.272000,0.00000000,106.72863180,0.00000000,38.46588547,0.00000000,0.00000000,94.69756566,106.72863180,101.68074366,1745.79450000,23328.62542487,7912.94957600
3,52,0.000000,0.256000,0.00000000,106.72863180,0.00000000,29.92503151,0.00000000,0.00000000,94.69756566,106.72863180,101.68074366,1745.79450000,23677.78432471,7912.94957600
3,53,0.000000,0.257000,0.00000000,106.72863180,0.00000000,30.45883488,0.00000000,0.00000000,94.69756566,106.72863180,101.68074366,1745.79450000,24026.94322455,7912.94957600
3,54,0.000000,0.254000,0.00000000,106.72863180,0.00000000,28.85742476,0.00000000,0.00000000,94.69756566,106.72863180,101.68074366,1745.79450000,24376.10212438,7912.94957600
3,55,0.094000,0.255000,27.87876828,78.84986352,0.00000000,57.26999642,0.00000000,0.00000000,94.69756566,106.72863180,101.68074366,1745.79450000,24725.26102422,7912.94957600
3,56,0.268000,0.425000,79.48414786,27.24448394,0.00000000,199.62194929,0.00000000,0.00000000,94.69756566,106.72863180,101.68074366,1745.79450000,25074.41992405,7912.94957600
3,57,0.418000,0.450000,106.72863180,0.00000000,17.24291225,240.21151754,0.00000000,0.00000000,94.69756566,106.72863180,101.68074366,1745.79450000,25423.57882389,7912.94957600
3,58,0.522000,0.443000,106.72863180,0.00000000,48.08750694,236.47489393,0.00000000,0.00000000,94.69756566,106.72863180,101.68074366,1745.79450000,25772.73772373,7912.94957600
3,59,0.582000,0.448000,106.72863180,0.00000000,65.88246542,239.14391079,0.00000000,0.00000000,94.69756566,106.72863180,101.68074366,1745.79450000,26121.89662356,7912.94957600
3,60,0.596000,0.468000,106.72863180,0.00000000,70.03462239,249.81997824,0.00000000,0.00000000,94.69756566,106.72863180,101.68074366,1745.79450000,26471.05552340,7912.94957600
3,61,0.567000,0.493000,106.72863180,0.00000000,61.43372580,263.16506255,0.00000000,0.00000000,94.69756566,106.72863180,101.68074366,1745.79450000,26820.21442323,7912.94957600
3,62,0.503000,0.517000,106.72863180,0.00000000,42.45243676,275.97634348,0.00000000,0.00000000,94.69756566,106.72863180,101.68074366,1745.79450000,27169.37332307,7912.94957600
3,63,0.394000,0.546000,106.72863180,0.00000000,10.12492886,291.45664128,0.00000000,0.00000000,94.69756566,106.72863180,101.68074366,1745.79450000,27518.53222291,7912.94957600
3,64,0.240000,0.583000,71.17983390,35.54879790,0.00000000,275.65856816,0.00000000,0.00000000,94.69756566,106.72863180,101.68074366,1745.79450000,27867.69112274,7912.94957600
3,65,0.075000,0.606000,22.24369809,84.48493371,0.00000000,238.99990991,0.00000000,0.00000000,94.69756566,106.72863180,101.68074366,1745.79450000,28216.85002258,7912.94957600
3,66,0.000000,0.582000,0.00000000,106.72863180,0.00000000,203.94493088,0.00000000,0.00000000,94.69756566,106.72863180,101.68074366,1745.79450000,28566.00892241,7912.94957600
3,67,0.000000,0.532000,0.00000000,106.72863180,0.00000000,177.25476227,0.00000000,0.00000000,94.69756566,106.72863180,101.68074366,1745.79450000,28915.16782225,7912.94957600
3,68,0.000000,0.487000,0.00000000,106.72863180,0.00000000,153.23361051,0.00000000,0.00000000,94.69756566,106.72863180,101.68074366,1745.79450000,29264.32672209,7912.94957600
3,69,0.000000,0.428000,0.00000000,106.72863180,0.00000000,121.73921155,0.00000000,0.00000000,94.69756566,106.72863180,101.68074366,1745.79450000,29613.48562192,7912.94957600
3,70,0.000000,0.369000,0.00000000,106.72863180,0.00000000,90.24481258,0.00000000,0.00000000,94.69756566,106.72863180,101.68074366,1745.79450000,29962.64452176,7912.94957600
3,71,0.000000,0.327000,0.00000000,106.72863180,0.00000000,67.82507094,0.00000000,0.00000000,94.69756566,106.72863180,101.68074366,1745.79450000,30311.80342159,7912.94957600
3,72,0.000000,0.289000,0.00000000,106.72863180,0.00000000,47.54054280,0.00000000,0.00000000,94.69756566,106.72863180,101.68074366,1745.79450000,30660.96232143,7912.94957600
3,73,0.000000,0.285000,0.00000000,106.72863180,0.00000000,45.40532931,0.00000000,0.00000000,94.69756566,106.72863180,101.68074366,1745.79450000,31010.12122127,7912.94957600
3,74,0.000000,0.304000,0.00000000,106.72863180,0.00000000,55.54759338,0.00000000,0.00000000,94.69756566,106.72863180,101.68074366,1745.79450000,31359.28012110,7912.94957600
3,75,0.000000,0.308000,0.00000000,106.72863180,0.00000000,57.68280687,0.00000000,0.00000000,94.69756566,106.72863180,101.68074366,1745.79450000,31708.43902094,7912.94957600
3,76,0.000000,0.324000,0.00000000,106.72863180,0.00000000,66.22366083,0.00000000,0.00000000,94.69756566,106.72863180,101.68074366,1745.79450000,32057.59792077,7912.94957600
3,77,0.000000,0.331000,0.00000000,106.72863180,0.00000000,69.96028443,0.00000000,0.00000000,94.69756566,106.72863180,101.68074366,1745.79450000,32406.75682061,7912.94957600
3,78,0.000000,0.328000,0.00000000,106.72863180,0.00000000,68.35887432,0.00000000,0.00000000,94.69756566,106.72863180,101.68074366,1745.79450000,32755.91572045,7912.94957600
3,79,0.098000,0.344000,29.06509884,77.66353296,0.00000000,105.96482712,0.00000000,0.00000000,94.69756566,106.72863180,101.68074366,1745.79450000,33105.07462028,7912.94957600
3,80,0.286000,0.470000,84.82263540,21.90599640,0.00000000,228.98158858,0.00000000,0.00000000,94.69756566,106.72863180,101.68074366,1745.79450000,33454.23352012,7912.94957600
3,81,0.444000,0.505000,106.72863180,0.00000000,24.95406092,269.57070301,0.00000000,0.00000000,94.69756566,106.72863180,101.68074366,1745.79450000,33803.39241995,7912.94957600
3,82,0.554000,0.504000,106.72863180,0.00000000,57.57815146,269.03689964,0.00000000,0.00000000,94.69756566,106.72863180,101.68074366,1745.79450000,34152.55131979,7912.94957600
3,83,0.618000,0.498000,106.72863180,0.00000000,76.55944050,265.83407941,0.00000000,0.00000000,94.69756566,106.72863180,101.68074366,1745.79450000,34501.71021963,7912.94957600
3,84,0.635000,0.501000,106.72863180,0.00000000,81.60134540,267.43548953,0.00000000,0.00000000,94.69756566,106.72863180,101.68074366,1745.79450000,34850.86911946,7912.94957600
3,85,0.607000,0.502000,106.72863180,0.00000000,73.29703145,267.96929290,0.00000000,0.00000000,94.69756566,106.72863180,101.68074366,1745.79450000,35200.02801930,7912.94957600
3,86,0.539000,0.516000,106.72863180,0.00000000,53.12941184,275.44254011,0.00000000,0.00000000,94.69756566,106.72863180,101.68074366,1745.79450000,35549.18691913,7912.94957600
3,87,0.425000,0.552000,57.67001469,0.00000000,68.37760785,294.65946151,0.00000000,0.00000000,49.73928100,57.67001469,53.75120360,1002.98064984,35155.53196881,7912.94957600
3,88,0.265000,0.590000,78.59439994,28.13423187,0.00000000,286.80975779,0.00000000,0.00000000,94.69756566,106.72863180,101.68074366,1745.79450000,35504.69086864,7912.94957600
3,89,0.084000,0.607000,24.91294187,81.81568993,0.00000000,242.20295705,0.00000000,0.00000000,94.69756566,106.72863180,101.68074366,1745.79450000,35853.84976848,7912.94957600
3,90,0.000000,0.570000,0.00000000,106.72863180,0.00000000,197.53929041,0.00000000,0.00000000,94.69756566,106.72863180,101.68074366,1745.79450000,36203.00866831,7912.94957600
3,91,0.000000,0.517000,0.00000000,106.72863180,0.00000000,169.24771168,0.00000000,0.00000000,94.69756566,106.72863180,101.68074366,1745.79450000,36552.16756815,7912.94957600
3,92,0.000000,0.544000,0.00000000,106.72863180,0.00000000,183.66040273,0.00000000,0.00000000,94.69756566,106.72863180,101.68074366,1745.79450000,36901.32646799,7912.94957600
3,93,0.000000,0.532000,0.00000000,106.72863180,0.00000000,177.25476227,0.00000000,0.00000000,94.69756566,106.72863180,101.68074366,1745.79450000,37250.48536782,7912.94957600
3,94,0.000000,0.466000,0.00000000,106.72863180,0.00000000,142.02373969,0.00000000,0.00000000,94.69756566,106.72863180,101.68074366,1745.79450000,37599.64426766,7912.94957600
3,95,0.000000,0.394000,0.00000000,106.72863180,0.00000000,103.58989689,0.00000000,0.00000000,94.69756566,106.72863180,101.68074366,1745.79450000,37948.80316749,7912.94957600
3,96,0.000000,0.320000,0.00000000,106.72863180,0.00000000,64.08844734,0.00000000,0.00000000,94.69756566,106.72863180,101.68074366,1745.79450000,38297.96206733,7912.94957600
3,97,0.000000,0.280000,0.00000000,106.72863180,0.00000000,42.73631244,0.00000000,0.00000000,94.69756566,106.72863180,101.68074366,1745.79450000,38647.12096717,7912.94957600
3,98,0.000000,0.259000,0.00000000,106.72863180,0.00000000,31.52644163,0.00000000,0.00000000,94.69756566,106.72863180,101.68074366,1745.79450000,38996.27986700,7912.94957600
3,99,0.000000,0.249000,0.00000000,106.72863180,0.00000000,26.18840790,0.00000000,0.00000000,94.69756566,106.72863180,101.68074366,1745.79450000,39345.43876684,7912.94957600
3,100,0.000000,0.251000,0.00000000,106.72863180,0.00000000,27.25601465,0.00000000,0.00000000,94.69756566,106.72863180,101.68074366,1745.79450000,39694.59766667,7912.94957600
3,101,0.000000,0.261000,0.00000000,106.72863180,0.00000000,32.59404837,0.00000000,0.00000000,94.69756566,106.72863180,101.68074366,1745.79450000,40043.75656651,7912.94957600
3,102,0.000000,0.270000,0.00000000,106.72863180,0.00000000,37.39827872,0.00000000,0.00000000,94.69756566,106.72863180,101.68074366,1745.79450000,40392.91546635,7912.94957600
3,103,0.105000,0.339000,31.14117733,75.58745447,0.00000000,105.37188874,0.00000000,0.00000000,94.69756566,106.72863180,101.68074366,1745.79450000,40742.07436618,7912.94957600
3,104,0.287000,0.576000,85.11921804,22.20798388,0.00000000,285.26275857,0.00000000,0.00000000,94.69756566,107.32720193,101.68074366,1745.79450000,40742.07436598,9891.18697000
3,105,0.442000,0.594000,107.32720193,0.00000000,23.76232551,317.07920315,0.00000000,0.00000000,94.69756566,107.32720193,101.68074366,1745.79450000,40742.07436577,9891.18697000
3,106,0.548000,0.548000,107.32720193,0.00000000,55.20008549,292.52424802,0.00000000,0.00000000,94.69756566,107.32720193,101.68074366,1745.79450000,40742.07436557,9891.18697000
3,107,0.609000,0.486000,106.72863180,0.00000000,73.89019673,259.42843894,0.00000000,0.00000000,94.69756566,106.72863180,101.68074366,1745.79450000,41091.23326540,7912.94957600
3,108,0.627000,0.442000,106.72863180,0.00000000,79.22868427,235.94109056,0.00000000,0.00000000,94.69756566,106.72863180,101.68074366,1745.79450000,41440.39216524,7912.94957600
3,109,0.601000,0.428000,107.31047536,0.00000000,70.93569204,228.46784335,0.00000000,0.00000000,94.69756566,107.31047536,101.68074366,1745.79450000,41450.14913487,9835.90668762
3,110,0.537000,0.442000,0.00000000,89.29817159,159.26487836,146.64291897,0.00000000,0.00000000,78.66539600,89.29817159,84.63531998,1492.48099468,41545.99452938,7912.94957600
3,111,0.419000,0.488000,106.72863180,0.00000000,17.53949489,260.49604569,0.00000000,0.00000000,94.69756566,106.72863180,101.68074366,1745.79450000,41895.15342922,7912.94957600
3,112,0.267000,0.550000,79.18756522,27.54106658,0.00000000,266.05078819,0.00000000,0.00000000,94.69756566,106.72863180,101.68074366,1745.79450000,42244.31232906,7912.94957600
3,113,0.090000,0.618000,26.69243771,80.03619409,0.00000000,249.85429000,0.00000000,0.00000000,94.69756566,106.72863180,101.68074366,1745.79450000,42593.47122889,7912.94957600
3,114,0.000000,0.655000,0.00000000,106.72863180,0.00000000,242.91257706,0.00000000,0.00000000,94.69756566,106.72863180,101.68074366,1745.79450000,42942.63012873,7912.94957600
3,115,0.000000,0.669000,0.00000000,106.72863180,0.00000000,250.38582427,0.00000000,0.00000000,94.69756566,106.72863180,101.68074366,1745.79450000,43291.78902856,7912.94957600
3,116,0.000000,0.655000,0.00000000,106.72863180,0.00000000,242.91257706,0.00000000,0.00000000,94.69756566,106.72863180,101.68074366,1745.79450000,43640.94792840,7912.94957600
3,117,0.000000,0.621000,0.00000000,106.72863180,0.00000000,224.76326240,0.00000000,0.00000000,94.69756566,106.72863180,101.68074366,1745.79450000,43990.10682824,7912.94957600
3,118,0.000000,0.583000,0.00000000,106.72863180,0.00000000,204.47873425,0.00000000,0.00000000,94.69756566,106.72863180,101.68074366,1745.79450000,44339.26572807,7912.94957600
3,119,0.000000,0.539000,0.00000000,106.72863180,0.00000000,180.99138587,0.00000000,0.00000000,94.69756566,106.72863180,101.68074366,1745.79450000,44688.42462791,7912.94957600
3,120,0.000000,0.477000,0.00000000,106.72863180,0.00000000,147.89557679,0.00000000,0.00000000,94.69756566,106.72863180,101.68074366,1745.79450000,45037.58352774,7912.94957600
3,121,0.000000,0.422000,0.00000000,106.72863180,0.00000000,118.53639131,0.00000000,0.00000000,94.69756566,106.72863180,101.68074366,1745.79450000,45386.74242758,7912.94957600
3,122,0.000000,0.361000,0.00000000,106.72863180,0.00000000,85.97438560,0.00000000,0.00000000,94.69756566,106.72863180,101.68074366,1745.79450000,45735.90132742,7912.94957600
3,123,0.000000,0.305000,0.00000000,106.72863180,0.00000000,56.08139675,0.00000000,0.00000000,94.69756566,106.72863180,101.68074366,1745.79450000,46085.06022725,7912.94957600
3,124,0.000000,0.259000,0.00000000,106.72863180,0.00000000,31.52644163,0.00000000,0.00000000,94.69756566,106.72863180,101.68074366,1745.79450000,46434.21912709,7912.94957600
3,125,0.000000,0.234000,0.00000000,106.72863180,0.00000000,18.18135732,0.00000000,0.00000000,94.69756566,106.72863180,101.68074366,1745.79450000,46783.37802692,7912.94957600
3,126,0.000000,0.221000,0.00000000,106.72863180,0.00000000,11.24191348,0.00000000,0.00000000,94.69756566,106.72863180,101.68074366,1745.79450000,47132.53692676,7912.94957600
3,127,0.104000,0.277000,30.84459469,76.48260723,0.00000000,71.38092689,0.00000000,0.00000000,94.69756566,107.32720193,101.68074366,1745.79450000,47132.53692656,9891.18697000
3,128,0.287000,0.467000,85.11921804,21.60941376,0.00000000,227.67676111,0.00000000,0.00000000,94.69756566,106.72863180,101.68074366,1745.79450000,47481.69582639,7912.94957600
3,129,0.442000,0.418000,106.72863180,0.00000000,24.36089564,223.12980962,0.00000000,0.00000000,94.69756566,106.72863180,101.68074366,1745.79450000,47830.85472623,7912.94957600
3,130,0.553000,0.337000,107.32720193,0.00000000,56.68299869,179.89173647,0.00000000,0.00000000,94.69756566,107.32720193,101.68074366,1745.79450000,47830.85472602,9891.18697000
3,131,0.617000,0.265000,106.72863180,0.00000000,76.26285786,141.45789366,0.00000000,0.00000000,94.69756566,106.72863180,101.68074366,1745.79450000,48180.01362586,7912.94957600
3,132,0.635000,0.210000,106.72863180,0.00000000,81.60134540,112.09870818,0.00000000,0.00000000,94.69756566,106.72863180,101.68074366,1745.79450000,48529.17252569,7912.94957600
3,133,0.603000,0.171000,106.72863180,0.00000000,72.11070088,91.28037666,0.00000000,0.00000000,94.69756566,106.72863180,101.68074366,1745.79450000,48878.33142553,7912.94957600
3,134,0.531000,0.161000,106.72863180,0.00000000,50.75675071,85.94234294,0.00000000,0.00000000,94.69756566,106.72863180,101.68074366,1745.79450000,49227.49032537,7912.94957600
3,135,0.422000,0.185000,107.32720193,0.00000000,17.83067269,98.75362388,0.00000000,0.00000000,94.69756566,107.32720193,101.68074366,1745.79450000,49227.49032516,9891.18697000
3,136,0.270000,0.254000,80.07731314,26.65131866,0.00000000,108.93473791,0.00000000,0.00000000,94.69756566,106.72863180,101.68074366,1745.79450000,49576.64922500,7912.94957600
3,137,0.088000,0.416000,26.09927243,80.62935937,0.00000000,141.43284351,0.00000000,0.00000000,94.69756566,106.72863180,101.68074366,1745.79450000,49925.80812483,7912.94957600
3,138,0.000000,0.608000,0.00000000,106.72863180,0.00000000,217.82381856,0.00000000,0.00000000,94.69756566,106.72863180,101.68074366,1745.79450000,50274.96702467,7912.94957600
3,139,0.000000,0.654000,0.00000000,106.72863180,0.00000000,242.37877369,0.00000000,0.00000000,94.69756566,106.72863180,101.68074366,1745.79450000,50624.12592451,7912.94957600
3,140,0.000000,0.661000,0.00000000,106.72863180,0.00000000,246.11539729,0.00000000,0.00000000,94.69756566,106.72863180,101.68074366,1745.79450000,50973.28482434,7912.94957600
3,141,0.000000,0.615000,0.00000000,106.72863180,0.00000000,221.56044217,0.00000000,0.00000000,94.69756566,106.72863180,101.68074366,1745.79450000,51322.44372418,7912.94957600
3,142,0.000000,0.556000,0.00000000,106.72863180,0.00000000,190.06604320,0.00000000,0.00000000,94.69756566,106.72863180,101.68074366,1745.79450000,51671.60262401,7912.94957600
3,143,0.000000,0.488000,0.00000000,107.32720193,0.00000000,153.16884376,0.00000000,0.00000000,94.69756566,107.32720193,101.68074366,1745.79450000,51671.60262381,9891.18697000
3,144,0.000000,0.402000,0.00000000,106.72863180,0.00000000,107.86032387,0.00000000,0.00000000,94.69756566,106.72863180,101.68074366,1745.79450000,52020.76152364,7912.94957600
3,145,0.000000,0.283000,0.00000000,107.32720193,0.00000000,43.73915244,0.00000000,0.00000000,94.69756566,107.32720193,101.68074366,1745.79450000,52020.76152344,9891.18697000
3,146,0.000000,0.200000,0.00000000,106.72863180,0.00000000,0.03204266,0.00000000,0.00000000,94.69756566,106.72863180,101.68074366,1745.79450000,52369.92042328,7912.94957600
3,147,0.000000,0.150000,0.00000000,57.67001469,0.00000000,22.40049116,0.00000000,0.00000000,49.73928100,57.67001469,53.75120360,1002.98064984,51976.26547295,7912.94957600
3,148,0.000000,0.159000,0.00000000,2.39428050,0.00000000,82.48045570,0.00000000,0.00000000,0.00000000,2.39428050,0.00000000,0.00000000,50579.62987278,7912.94957600
3,149,0.000000,0.177000,0.00000000,94.48319690,0.00000000,0.00000000,0.00000000,0.00000000,83.43447275,94.48319690,89.70580873,1567.83399436,50750.82826698,7912.94957600
3,150,0.000000,0.167000,0.00000000,89.14516318,0.00000000,0.00000000,0.15300842,0.00000000,78.66539600,89.29817159,84.63531998,1492.48099468,50846.67366149,7912.94957600
3,151,0.103000,0.171000,30.54801205,58.75015954,0.00000000,32.53021712,0.00000000,0.00000000,78.66539600,89.29817159,84.63531998,1492.48099468,50942.51905600,7912.94957600
3,152,0.287000,0.259000,85.11921804,4.57216780,0.00000000,133.68290563,0.00000000,0.00000000,78.66539600,89.69138584,84.63531998,1492.48099468,50808.99407321,9212.49845592
3,153,0.443000,0.256000,89.29817159,0.00000000,42.08793849,136.65366331,0.00000000,0.00000000,78.66539600,89.29817159,84.63531998,1492.48099468,50904.83946772,7912.94957600
3,154,0.555000,0.237000,89.29817159,0.00000000,75.30519431,126.51139924,0.00000000,0.00000000,78.66539600,89.29817159,84.63531998,1492.48099468,51000.68486223,7912.94957600
3,155,0.618000,0.221000,89.29817159,0.00000000,93.98990071,117.97054528,0.00000000,0.00000000,78.66539600,89.29817159,84.63531998,1492.48099468,51096.53025674,7912.94957600
3,156,0.636000,0.208000,89.89674172,0.00000000,98.72981813,111.03110144,0.00000000,0.00000000,78.66539600,89.89674172,84.63531998,1492.48099468,50843.21675121,9891.18697000
3,157,0.611000,0.206000,89.29817159,0.00000000,91.91382222,109.96349469,0.00000000,0.00000000,78.66539600,89.29817159,84.63531998,1492.48099468,50939.06214572,7912.94957600
3,158,0.543000,0.224000,89.29817159,0.00000000,71.74620262,119.57195540,0.00000000,0.00000000,78.66539600,89.29817159,84.63531998,1492.48099468,51034.90754023,7912.94957600
3,159,0.429000,0.264000,89.29817159,0.00000000,37.93578151,140.92409029,0.00000000,0.00000000,78.66539600,89.29817159,84.63531998,1492.48099468,51130.75293474,7912.94957600
3,160,0.264000,0.338000,78.29781729,11.00035430,0.00000000,169.42518554,0.00000000,0.00000000,78.66539600,89.29817159,84.63531998,1492.48099468,51226.59832926,7912.94957600
3,161,0.075000,0.484000,0.00000000,89.29817159,22.24369809,169.06266060,0.00000000,0.00000000,78.66539600,89.29817159,84.63531998,1492.48099468,51322.44372377,7912.94957600
3,162,0.000000,0.633000,0.00000000,106.72863180,0.00000000,231.16890287,0.00000000,0.00000000,94.69756566,106.72863180,101.68074366,1745.79450000,51671.60262360,7912.94957600
3,163,0.000000,0.686000,0.00000000,106.72863180,0.00000000,259.46048160,0.00000000,0.00000000,94.69756566,106.72863180,101.68074366,1745.79450000,52020.76152344,7912.94957600
3,164,0.000000,0.679000,0.00000000,106.72863180,0.00000000,255.72385799,0.00000000,0.00000000,94.69756566,106.72863180,101.68074366,1745.79450000,52369.92042328,7912.94957600
3,165,0.000000,0.622000,0.00000000,89.89674172,0.00000000,242.12895586,0.00000000,0.00000000,78.66539600,89.89674172,84.63531998,1492.48099468,52116.60691775,9891.18697000
3,166,0.000000,0.543000,0.00000000,73.54194353,0.00000000,216.31328763,0.00000000,0.00000000,63.67817400,73.54194353,68.65710075,1244.73168631,51615.54410385,9891.18697000
3,167,0.000000,0.459000,0.00000000,89.29817159,0.00000000,155.71757630,0.00000000,0.00000000,78.66539600,89.29817159,84.63531998,1492.48099468,51711.38949836,7912.94957600
3,168,0.000000,0.354000,0.00000000,89.29817159,0.00000000,99.66822221,0.00000000,0.00000000,78.66539600,89.29817159,84.63531998,1492.48099468,51807.23489288,7912.94957600
3,169,0.000000,0.264000,0.00000000,89.29817159,0.00000000,51.62591870,0.00000000,0.00000000,78.66539600,89.29817159,84.63531998,1492.48099468,51903.08028739,7912.94957600
3,170,0.000000,0.210000,0.00000000,89.89674172,0.00000000,22.20196647,0.00000000,0.00000000,78.66539600,89.89674172,84.63531998,1492.48099468,51649.76678186,9891.18697000
3,171,0.000000,0.172000,0.00000000,89.89674172,0.00000000,1.91743832,0.00000000,0.00000000,78.66539600,89.89674172,84.63531998,1492.48099468,51396.45327633,9891.18697000
3,172,0.000000,0.176000,0.00000000,89.29817159,0.00000000,4.65122193,0.00000000,0.00000000,78.66539600,89.29817159,84.63531998,1492.48099468,51492.29867084,7912.94957600
3,173,0.000000,0.208000,0.00000000,72.94337341,0.00000000,38.08772803,0.00000000,0.00000000,63.67817400,72.94337341,68.65710075,1244.73168631,51340.39475699,7912.94957600
3,174,0.000000,0.240000,0.00000000,89.82187447,0.00000000,38.29093488,0.00000000,0.00000000,78.66539600,89.82187447,84.63531998,1492.48099468,51130.75293556,9643.75533200
3,175,0.107000,0.383000,0.00000000,89.89674172,31.73434262,114.54994988,0.00000000,0.00000000,78.66539600,89.89674172,84.63531998,1492.48099468,50877.43943004,9891.18697000
3,176,0.293000,0.527000,86.89871389,20.42848804,0.00000000,260.88588917,0.00000000,0.00000000,94.69756566,107.32720193,101.68074366,1745.79450000,50877.43942983,9891.18697000
3,177,0.449000,0.512000,106.72863180,0.00000000,26.43697413,273.30732662,0.00000000,0.00000000,94.69756566,106.72863180,101.68074366,1745.79450000,51226.59832967,7912.94957600
3,178,0.559000,0.459000,106.72863180,0.00000000,59.06106467,245.01574789,0.00000000,0.00000000,94.69756566,106.72863180,101.68074366,1745.79450000,51575.75722950,7912.94957600
3,179,0.621000,0.413000,106.72863180,0.00000000,77.44918842,220.46079276,0.00000000,0.00000000,94.69756566,106.72863180,101.68074366,1745.79450000,51924.91612934,7912.94957600
3,180,0.640000,0.386000,107.32720193,0.00000000,82.48568848,206.04810171,0.00000000,0.00000000,94.69756566,107.32720193,101.68074366,1745.79450000,51924.91612913,9891.18697000
3,181,0.609000,0.380000,106.72863180,0.00000000,73.89019673,202.84528148,0.00000000,0.00000000,94.69756566,106.72863180,101.68074366,1745.79450000,52274.07502897,7912.94957600
3,182,0.520000,0.394000,107.32720193,0.00000000,46.89577153,210.31852869,0.00000000,0.00000000,94.69756566,107.32720193,101.68074366,1745.79450000,52274.07502876,9891.18697000
3,183,0.383000,0.436000,89.29817159,0.00000000,24.29298001,232.73827033,0.00000000,0.00000000,78.66539600,89.29817159,84.63531998,1492.48099468,52369.92042328,7912.94957600
3,184,0.190000,0.538000,56.35070184,17.19124169,0.00000000,269.99497261,0.00000000,0.00000000,63.67817400,73.54194353,68.65710075,1244.73168631,51868.85760938,9891.18697000
3,185,0.051000,0.675000,0.00000000,73.54194353,15.12571470,286.77533277,0.00000000,0.00000000,63.67817400,73.54194353,68.65710075,1244.73168631,51367.79479549,9891.18697000
3,186,0.000000,0.762000,0.00000000,106.72863180,0.00000000,300.02953790,0.00000000,0.00000000,94.69756566,106.72863180,101.68074366,1745.79450000,51716.95369532,7912.94957600
3,187,0.000000,0.805000,0.00000000,89.89674172,0.00000000,339.81497299,0.00000000,0.00000000,78.66539600,89.89674172,84.63531998,1492.48099468,51463.64018980,9891.18697000
3,188,0.000000,0.821000,0.00000000,106.72863180,0.00000000,331.52393686,0.00000000,0.00000000,94.69756566,106.72863180,101.68074366,1745.79450000,51812.79908963,7912.94957600
3,189,0.000000,0.795000,0.00000000,106.72863180,0.00000000,317.64504918,0.00000000,0.00000000,94.69756566,106.72863180,101.68074366,1745.79450000,52161.95798947,7912.94957600
3,190,0.000000,0.768000,0.00000000,107.13499743,0.00000000,302.82599250,0.00000000,0.00000000,94.69756566,107.13499743,101.68074366,1745.79450000,52274.07502917,9255.96294784
3,191,0.000000,0.722000,0.00000000,107.32720193,0.00000000,278.07883288,0.00000000,0.00000000,94.69756566,107.32720193,101.68074366,1745.79450000,52274.07502897,9891.18697000
3,192,0.000000,0.672000,0.00000000,107.32720193,0.00000000,251.38866426,0.00000000,0.00000000,94.69756566,107.32720193,101.68074366,1745.79450000,52274.07502876,9891.18697000
3,193,0.000000,0.605000,0.00000000,89.29817159,0.00000000,233.65286865,0.00000000,0.00000000,78.66539600,89.29817159,84.63531998,1492.48099468,52369.92042328,7912.94957600
3,194,0.000000,0.540000,0.00000000,107.32720193,0.00000000,180.92661912,0.00000000,0.00000000,94.69756566,107.32720193,101.68074366,1745.79450000,52369.92042307,9891.18697000
3,195,0.000000,0.469000,0.00000000,89.89674172,0.00000000,160.45703990,0.00000000,0.00000000,78.66539600,89.89674172,84.63531998,1492.48099468,52116.60691754,9891.18697000
3,196,0.000000,0.387000,0.00000000,89.89674172,0.00000000,116.68516337,0.00000000,0.00000000,78.66539600,89.89674172,84.63531998,1492.48099468,51863.29341201,9891.18697000
3,197,0.000000,0.334000,0.00000000,89.29817159,0.00000000,88.99215476,0.00000000,0.00000000,78.66539600,89.29817159,84.63531998,1492.48099468,51959.13880652,7912.94957600
3,198,0.000000,0.282000,0.00000000,89.29817159,0.00000000,61.23437940,0.00000000,0.00000000,78.66539600,89.29817159,84.63531998,1492.48099468,52054.98420104,7912.94957600
3,199,0.105000,0.362000,0.00000000,89.89674172,31.14117733,103.34007906,0.00000000,0.00000000,78.66539600,89.89674172,84.63531998,1492.48099468,51801.67069551,9891.18697000
3,200,0.293000,0.544000,86.89871389,20.05289622,0.00000000,270.33613831,0.00000000,0.00000000,94.69756566,106.95161011,101.68074366,1745.79450000,52020.76152364,8649.87916068
3,201,0.452000,0.535000,107.32720193,0.00000000,26.72815193,285.58480418,0.00000000,0.00000000,94.69756566,107.32720193,101.68074366,1745.79450000,52020.76152344,9891.18697000
3,202,0.562000,0.491000,106.72863180,0.00000000,59.95081259,262.09745580,0.00000000,0.00000000,94.69756566,106.72863180,101.68074366,1745.79450000,52369.92042328,7912.94957600
3,203,0.624000,0.457000,73.54194353,0.00000000,111.52562462,243.94814114,0.00000000,0.00000000,63.67817400,73.54194353,68.65710075,1244.73168631,51868.85760938,9891.18697000
3,204,0.642000,0.441000,107.32720193,0.00000000,83.07885377,235.40728719,0.00000000,0.00000000,94.69756566,107.32720193,101.68074366,1745.79450000,51868.85760918,9891.18697000
3,205,0.617000,0.449000,106.72863180,0.00000000,76.26285786,239.67771417,0.00000000,0.00000000,94.69756566,106.72863180,101.68074366,1745.79450000,52218.01650901,7912.94957600
3,206,0.548000,0.482000,107.06678999,0.00000000,55.46049742,257.29322545,0.00000000,0.00000000,94.69756566,107.06678999,101.68074366,1745.79450000,52369.92042328,9030.54156225
3,207,0.434000,0.540000,107.32720193,0.00000000,21.38966438,288.25382104,0.00000000,0.00000000,94.69756566,107.32720193,101.68074366,1745.79450000,52369.92042328,9891.18696884
3,208,0.278000,0.617000,0.00000000,72.94337341,82.44997427,256.41330730,0.00000000,0.00000000,63.67817400,72.94337341,68.65710075,1244.73168631,52218.01650942,7912.94957600
3,209,0.097000,0.690000,28.76851620,60.52965539,0.00000000,307.79467150,0.00000000,0.00000000,78.66539600,89.29817159,84.63531998,1492.48099468,52313.86190393,7912.94957600
3,210,0.000000,0.692000,0.00000000,107.23109968,0.00000000,262.16083396,0.00000000,0.00000000,94.69756566,107.23109968,101.68074366,1745.79450000,52369.92042328,9573.57496124
3,211,0.000000,0.636000,0.00000000,43.47863956,0.00000000,296.02030522,0.00000000,0.00000000,36.84682300,43.47863956,39.91750131,767.66957627,51740.95439938,7912.94957600
3,212,0.000000,0.566000,0.00000000,72.94337341,0.00000000,229.18933532,0.00000000,0.00000000,63.67817400,72.94337341,68.65710075,1244.73168631,51589.05048553,7912.94957600
3,213,0.000000,0.512000,0.00000000,57.67001469,0.00000000,215.63731193,0.00000000,0.00000000,49.73928100,57.67001469,53.75120360,1002.98064984,51195.39553520,7912.94957600
3,214,0.000000,0.447000,0.00000000,89.29817159,0.00000000,149.31193583,0.00000000,0.00000000,78.66539600,89.29817159,84.63531998,1492.48099468,51291.24092971,7912.94957600
3,215,0.000000,0.395000,0.00000000,89.29817159,0.00000000,121.55416047,0.00000000,0.00000000,78.66539600,89.29817159,84.63531998,1492.48099468,51387.08632422,7912.94957600
3,216,0.000000,0.334000,0.00000000,89.29817159,0.00000000,88.99215476,0.00000000,0.00000000,78.66539600,89.29817159,84.63531998,1492.48099468,51482.93171873,7912.94957600
3,217,0.000000,0.285000,0.00000000,106.72863180,0.00000000,45.40532931,0.00000000,0.00000000,94.69756566,106.72863180,101.68074366,1745.79450000,51832.09061857,7912.94957600
3,218,0.000000,0.249000,0.00000000,89.50339407,0.00000000,43.41364563,0.00000000,0.00000000,78.66539600,89.50339407,84.63531998,1492.48099468,51808.22529997,8591.19724236
3,219,0.000000,0.217000,0.00000000,89.29817159,0.00000000,26.53716020,0.00000000,0.00000000,78.66539600,89.29817159,84.63531998,1492.48099468,51904.07069448,7912.94957600
3,220,0.000000,0.189000,0.00000000,89.29817159,0.00000000,11.59066577,0.00000000,0.00000000,78.66539600,89.29817159,84.63531998,1492.48099468,51999.91608899,7912.94957600
3,221,0.000000,0.160000,0.00000000,85.40853957,0.00000000,0.00000000,0.85013042,0.00000000,75.88005511,86.25866999,81.66580466,1446.43738774,52049.71787657,7912.94957600
3,222,0.000000,0.140000,0.00000000,74.73247212,0.00000000,0.00000000,0.00000000,0.00000000,65.31766876,74.73247212,70.40500417,1271.83385272,51924.91612913,7912.94957600
3,223,0.079000,0.199000,23.43002866,83.29860314,0.00000000,22.92826795,0.00000000,0.00000000,94.69756566,106.72863180,101.68074366,1745.79450000,52274.07502897,7912.94957600
3,224,0.245000,0.410000,72.66274711,17.23399461,0.00000000,201.62538804,0.00000000,0.00000000,78.66539600,89.89674172,84.63531998,1492.48099468,52020.76152344,9891.18697000
3,225,0.419000,0.476000,106.72863180,0.00000000,17.53949489,254.09040522,0.00000000,0.00000000,94.69756566,106.72863180,101.68074366,1745.79450000,52369.92042328,7912.94957600
3,226,0.545000,0.410000,107.32720193,0.00000000,54.31033756,218.85938265,0.00000000,0.00000000,94.69756566,107.32720193,101.68074366,1745.79450000,52369.92042307,9891.18697000
3,227,0.609000,0.335000,0.00000000,89.89674172,180.61882853,88.92738801,0.00000000,0.00000000,78.66539600,89.89674172,84.63531998,1492.48099468,52116.60691754,9891.18697000
3,228,0.576000,0.308000,89.29817159,0.00000000,81.53342978,164.41143867,0.00000000,0.00000000,78.66539600,89.29817159,84.63531998,1492.48099468,52212.45231205,7912.94957600
3,229,0.476000,0.337000,89.89674172,0.00000000,51.27659553,179.89173647,0.00000000,0.00000000,78.66539600,89.89674172,84.63531998,1492.48099468,51959.13880652,9891.18697000
3,230,0.355000,0.429000,89.35684021,0.00000000,15.92999744,229.00164672,0.00000000,0.00000000,78.66539600,89.35684021,84.63531998,1492.48099468,52020.76152426,8106.84576169
3,231,0.240000,0.567000,71.17983390,36.14736802,0.00000000,266.51914408,0.00000000,0.00000000,94.69756566,107.32720193,101.68074366,1745.79450000,52020.76152405,9891.18697000
3,232,0.123000,0.674000,36.47966488,70.84753705,0.00000000,288.93593588,0.00000000,0.00000000,94.69756566,107.32720193,101.68074366,1745.79450000,52020.76152385,9891.18697000
3,233,0.033000,0.712000,9.78722716,96.94140464,0.00000000,283.12659644,0.00000000,0.00000000,94.69756566,106.72863180,101.68074366,1745.79450000,52369.92042369,7912.94957600
3,234,0.000000,0.691000,0.00000000,107.32720193,0.00000000,261.53092834,0.00000000,0.00000000,94.69756566,107.32720193,101.68074366,1745.79450000,52369.92042348,9891.18697000
3,235,0.000000,0.668000,0.00000000,107.32720193,0.00000000,249.25345077,0.00000000,0.00000000,94.69756566,107.32720193,101.68074366,1745.79450000,52369.92042328,9891.18697000
3,236,0.000000,0.642000,0.00000000,89.89674172,0.00000000,252.80502330,0.00000000,0.00000000,78.66539600,89.89674172,84.63531998,1492.48099468,52116.60691775,9891.18697000
3,237,0.000000,0.590000,0.00000000,73.54194353,0.00000000,241.40204613,0.00000000,0.00000000,63.67817400,73.54194353,68.65710075,1244.73168631,51615.54410385,9891.18697000
3,238,0.000000,0.516000,0.00000000,89.29817159,0.00000000,186.14436852,0.00000000,0.00000000,78.66539600,89.29817159,84.63531998,1492.48099468,51711.38949836,7912.94957600
3,239,0.000000,0.422000,0.00000000,89.29817159,0.00000000,135.96685152,0.00000000,0.00000000,78.66539600,89.29817159,84.63531998,1492.48099468,51807.23489288,7912.94957600
3,240,0.000000,0.326000,0.00000000,89.89674172,0.00000000,84.12315766,0.00000000,0.00000000,78.66539600,89.89674172,84.63531998,1492.48099468,51553.92138735,9891.18697000
3,241,0.000000,0.262000,0.00000000,89.29817159,0.00000000,50.55831195,0.00000000,0.00000000,78.66539600,89.29817159,84.63531998,1492.48099468,51649.76678186,7912.94957600
3,242,0.000000,0.237000,0.00000000,89.29817159,0.00000000,37.21322765,0.00000000,0.00000000,78.66539600,89.29817159,84.63531998,1492.48099468,51745.61217637,7912.94957600
3,243,0.000000,0.234000,0.00000000,73.54194353,0.00000000,51.36804559,0.00000000,0.00000000,63.67817400,73.54194353,68.65710075,1244.73168631,51244.54936248,9891.18697000
3,244,0.000000,0.243000,0.00000000,30.97213435,0.00000000,98.74208512,0.00000000,0.00000000,25.00174700,30.97213435,27.15938231,539.40882693,50038.16368920,9891.18697000
3,245,0.000000,0.251000,0.00000000,106.72863180,0.00000000,27.25601465,0.00000000,0.00000000,94.69756566,106.72863180,101.68074366,1745.79450000,50387.32258903,7912.94957600
3,246,0.000000,0.256000,0.00000000,106.72863180,0.00000000,29.92503151,0.00000000,0.00000000,94.69756566,106.72863180,101.68074366,1745.79450000,50736.48148887,7912.94957600
3,247,0.093000,0.391000,27.58218564,79.14644616,0.00000000,129.57067241,0.00000000,0.00000000,94.69756566,106.72863180,101.68074366,1745.79450000,51085.64038870,7912.94957600
3,248,0.269000,0.631000,79.78073050,9.51744109,0.00000000,327.31248683,0.00000000,0.00000000,78.66539600,89.29817159,84.63531998,1492.48099468,51181.48578322,7912.94957600
3,249,0.426000,0.675000,106.72863180,0.00000000,19.61557338,360.31727631,0.00000000,0.00000000,94.69756566,106.72863180,101.68074366,1745.79450000,51530.64468305,7912.94957600
3,250,0.538000,0.656000,106.72863180,0.00000000,52.83282920,350.17501223,0.00000000,0.00000000,94.69756566,106.72863180,101.68074366,1745.79450000,51879.80358289,7912.94957600
3,251,0.601000,0.635000,107.08555489,0.00000000,71.16061251,338.96514141,0.00000000,0.00000000,94.69756566,107.08555489,101.68074366,1745.79450000,52020.76152405,9092.55840698
3,252,0.616000,0.627000,107.32720193,0.00000000,75.36770509,334.69471444,0.00000000,0.00000000,94.69756566,107.32720193,101.68074366,1745.79450000,52020.76152385,9891.18697000
3,253,0.585000,0.631000,107.32720193,0.00000000,66.17364321,336.82992792,0.00000000,0.00000000,94.69756566,107.32720193,101.68074366,1745.79450000,52020.76152364,9891.18697000
3,254,0.472000,0.644000,107.32720193,0.00000000,32.65980475,343.76937176,0.00000000,0.00000000,94.69756566,107.32720193,101.68074366,1745.79450000,52020.76152344,9891.18697000
3,255,0.358000,0.666000,106.17658557,0.55204623,0.00000000,354.96099973,0.00000000,0.00000000,94.69756566,106.72863180,101.68074366,1745.79450000,52369.92042328,7912.94957600
3,256,0.232000,0.690000,0.00000000,89.89674172,68.80717277,278.42758517,0.00000000,0.00000000,78.66539600,89.89674172,84.63531998,1492.48099468,52116.60691775,9891.18697000
3,257,0.081000,0.707000,24.02319394,83.03405723,0.00000000,294.36492699,0.00000000,0.00000000,94.69756566,107.05725118,101.68074366,1745.79450000,52274.07502876,8999.01636817
3,258,0.000000,0.682000,0.00000000,89.29817159,0.00000000,274.75572832,0.00000000,0.00000000,78.66539600,89.29817159,84.63531998,1492.48099468,52369.92042328,7912.94957600
3,259,0.000000,0.650000,0.00000000,89.79110065,0.00000000,257.18109134,0.00000000,0.00000000,78.66539600,89.79110065,84.63531998,1492.48099468,52178.22963425,9542.04976600
3,260,0.000000,0.641000,0.00000000,89.29817159,0.00000000,252.86979006,0.00000000,0.00000000,78.66539600,89.29817159,84.63531998,1492.48099468,52274.07502876,7912.94957600
3,261,0.000000,0.615000,0.00000000,89.29817159,0.00000000,238.99090238,0.00000000,0.00000000,78.66539600,89.29817159,84.63531998,1492.48099468,52369.92042328,7912.94957600
3,262,0.000000,0.555000,0.00000000,72.94337341,0.00000000,223.31749822,0.00000000,0.00000000,63.67817400,72.94337341,68.65710075,1244.73168631,52218.01650942,7912.94957600
3,263,0.000000,0.492000,0.00000000,72.94337341,0.00000000,189.68788577,0.00000000,0.00000000,63.67817400,72.94337341,68.65710075,1244.73168631,52066.11259557,7912.94957600
3,264,0.000000,0.431000,0.00000000,89.29817159,0.00000000,140.77108187,0.00000000,0.00000000,78.66539600,89.29817159,84.63531998,1492.48099468,52161.95799008,7912.94957600
3,265,0.000000,0.376000,0.00000000,57.67001469,0.00000000,143.04005330,0.00000000,0.00000000,49.73928100,57.67001469,53.75120360,1002.98064984,51768.30303975,7912.94957600
3,266,0.000000,0.316000,0.00000000,89.29817159,0.00000000,79.38369406,0.00000000,0.00000000,78.66539600,89.29817159,84.63531998,1492.48099468,51864.14843427,7912.94957600
3,267,0.000000,0.305000,0.00000000,72.94337341,0.00000000,89.86665514,0.00000000,0.00000000,63.67817400,72.94337341,68.65710075,1244.73168631,51712.24452041,7912.94957600
3,268,0.000000,0.308000,0.00000000,106.72863180,0.00000000,57.68280687,0.00000000,0.00000000,94.69756566,106.72863180,101.68074366,1745.79450000,52061.40342025,7912.94957600
3,269,0.000000,0.309000,0.00000000,89.29817159,0.00000000,75.64707045,0.00000000,0.00000000,78.66539600,89.29817159,84.63531998,1492.48099468,52157.24881476,7912.94957600
3,270,0.000000,0.303000,0.00000000,73.54194353,0.00000000,88.20047827,0.00000000,0.00000000,63.67817400,73.54194353,68.65710075,1244.73168631,51656.18600087,9891.18697000
3,271,0.094000,0.341000,27.87876828,61.78026228,0.00000000,120.24668767,0.00000000,0.00000000,78.66539600,89.65903056,84.63531998,1492.48099468,51541.53455273,9105.56624824
3,272,0.289000,0.613000,85.71238333,21.01624848,0.00000000,306.20521875,0.00000000,0.00000000,94.69756566,106.72863180,101.68074366,1745.79450000,51890.69345256,7912.94957600
3,273,0.449000,0.630000,107.32720193,0.00000000,25.83840400,336.29612455,0.00000000,0.00000000,94.69756566,107.32720193,101.68074366,1745.79450000,51890.69345236,9891.18697000
3,274,0.556000,0.583000,107.32720193,0.00000000,57.57274662,311.20736605,0.00000000,0.00000000,94.69756566,107.32720193,101.68074366,1745.79450000,51890.69345215,9891.18697000
3,275,0.615000,0.538000,107.32720193,0.00000000,75.07112245,287.18621430,0.00000000,0.00000000,94.69756566,107.32720193,101.68074366,1745.79450000,51890.69345195,9891.18697000
3,276,0.631000,0.513000,106.72863180,0.00000000,80.41501484,273.84112999,0.00000000,0.00000000,94.69756566,106.72863180,101.68074366,1745.79450000,52239.85235178,7912.94957600
3,277,0.605000,0.503000,89.89674172,0.00000000,89.53575625,268.50309627,0.00000000,0.00000000,78.66539600,89.89674172,84.63531998,1492.48099468,51986.53884625,9891.18697000
3,278,0.537000,0.497000,106.72863180,0.00000000,52.53624656,265.30027604,0.00000000,0.00000000,94.69756566,106.72863180,101.68074366,1745.79450000,52335.69774609,7912.94957600
3,279,0.418000,0.514000,89.89674172,0.00000000,34.07480233,274.37493337,0.00000000,0.00000000,78.66539600,89.89674172,84.63531998,1492.48099468,52082.38424056,9891.18697000
3,280,0.261000,0.557000,0.00000000,89.89674172,77.40806937,207.43173666,0.00000000,0.00000000,78.66539600,89.89674172,84.63531998,1492.48099468,51829.07073503,9891.18697000
3,281,0.080000,0.618000,23.72661130,66.17013041,0.00000000,263.72035367,0.00000000,0.00000000,78.66539600,89.89674172,84.63531998,1492.48099468,51575.75722950,9891.18697000
3,282,0.000000,0.639000,0.00000000,107.32720193,0.00000000,233.77315298,0.00000000,0.00000000,94.69756566,107.32720193,101.68074366,1745.79450000,51575.75722930,9891.18697000
3,283,0.000000,0.654000,0.00000000,106.72863180,0.00000000,242.37877369,0.00000000,0.00000000,94.69756566,106.72863180,101.68074366,1745.79450000,51924.91612913,7912.94957600
3,284,0.000000,0.732000,0.00000000,106.72863180,0.00000000,284.01543673,0.00000000,0.00000000,94.69756566,106.72863180,101.68074366,1745.79450000,52274.07502897,7912.94957600
3,285,0.000000,0.716000,0.00000000,107.32720193,0.00000000,274.87601264,0.00000000,0.00000000,94.69756566,107.32720193,101.68074366,1745.79450000,52274.07502876,9891.18697000
3,286,0.000000,0.615000,0.00000000,89.29817159,0.00000000,238.99090238,0.00000000,0.00000000,78.66539600,89.29817159,84.63531998,1492.48099468,52369.92042328,7912.94957600
3,287,0.000000,0.498000,0.00000000,89.46248128,0.00000000,176.37159813,0.00000000,0.00000000,78.66539600,89.46248128,84.63531998,1492.48099468,52369.92042328,8455.98297267
3,288,0.000000,0.381000,0.00000000,72.94337341,0.00000000,130.43571144,0.00000000,0.00000000,63.67817400,72.94337341,68.65710075,1244.73168631,52218.01650942,7912.94957600
3,289,0.000000,0.302000,0.00000000,107.06678999,0.00000000,54.14182845,0.00000000,0.00000000,94.69756566,107.06678999,101.68074366,1745.79450000,52369.92042328,9030.54156457
3,290,0.000000,0.253000,0.00000000,73.54194353,0.00000000,61.51030966,0.00000000,0.00000000,63.67817400,73.54194353,68.65710075,1244.73168631,51868.85760938,9891.18697000
3,291,0.000000,0.241000,0.00000000,89.29817159,0.00000000,39.34844113,0.00000000,0.00000000,78.66539600,89.29817159,84.63531998,1492.48099468,51964.70300389,7912.94957600
3,292,0.000000,0.250000,0.00000000,89.29817159,0.00000000,44.15267149,0.00000000,0.00000000,78.66539600,89.29817159,84.63531998,1492.48099468,52060.54839841,7912.94957600
3,293,0.000000,0.266000,0.00000000,72.94337341,0.00000000,69.04832362,0.00000000,0.00000000,63.67817400,72.94337341,68.65710075,1244.73168631,51908.64448455,7912.94957600
3,294,0.000000,0.274000,0.00000000,89.29817159,0.00000000,56.96395242,0.00000000,0.00000000,78.66539600,89.29817159,84.63531998,1492.48099468,52004.48987906,7912.94957600
3,295,0.099000,0.286000,0.00000000,89.29817159,29.36168149,63.36959289,0.00000000,0.00000000,78.66539600,89.29817159,84.63531998,1492.48099468,52100.33527358,7912.94957600
3,296,0.275000,0.434000,81.56022635,8.33651537,0.00000000,223.33414821,0.00000000,0.00000000,78.66539600,89.89674172,84.63531998,1492.48099468,51847.02176805,9891.18697000
3,297,0.431000,0.494000,89.29817159,0.00000000,38.52894679,263.69886592,0.00000000,0.00000000,78.66539600,89.29817159,84.63531998,1492.48099468,51942.86716256,7912.94957600
3,298,0.547000,0.484000,107.32720193,0.00000000,54.90350285,258.36083220,0.00000000,0.00000000,94.69756566,107.32720193,101.68074366,1745.79450000,51942.86716235,9891.18697000
3,299,0.611000,0.457000,107.19366605,0.00000000,74.01832776,243.94814114,0.00000000,0.00000000,94.69756566,107.19366605,101.68074366,1745.79450000,52020.76152385,9449.85914166
3,300,0.631000,0.432000,107.32720193,0.00000000,79.81644471,230.60305684,0.00000000,0.00000000,94.69756566,107.32720193,101.68074366,1745.79450000,52020.76152364,9891.18697000
3,301,0.607000,0.421000,107.32720193,0.00000000,72.69846132,224.73121974,0.00000000,0.00000000,94.69756566,107.32720193,101.68074366,1745.79450000,52020.76152344,9891.18697000
3,302,0.541000,0.425000,106.72863180,0.00000000,53.72257712,226.86643323,0.00000000,0.00000000,94.69756566,106.72863180,101.68074366,1745.79450000,52369.92042328,7912.94957600
3,303,0.431000,0.450000,73.54194353,0.00000000,54.28517485,240.21151754,0.00000000,0.00000000,63.67817400,73.54194353,68.65710075,1244.73168631,51868.85760938,9891.18697000
3,304,0.276000,0.495000,81.85680899,7.44136260,0.00000000,256.79130669,0.00000000,0.00000000,78.66539600,89.29817159,84.63531998,1492.48099468,51964.70300389,7912.94957600
3,305,0.092000,0.554000,0.00000000,89.29817159,27.28560300,206.42889667,0.00000000,0.00000000,78.66539600,89.29817159,84.63531998,1492.48099468,52060.54839841,7912.94957600
3,306,0.000000,0.575000,0.00000000,89.29817159,0.00000000,217.63876748,0.00000000,0.00000000,78.66539600,89.29817159,84.63531998,1492.48099468,52156.39379292,7912.94957600
3,307,0.000000,0.527000,0.00000000,89.29817159,0.00000000,192.01620561,0.00000000,0.00000000,78.66539600,89.29817159,84.63531998,1492.48099468,52252.23918743,7912.94957600
3,308,0.000000,0.494000,0.00000000,89.29817159,0.00000000,174.40069433,0.00000000,0.00000000,78.66539600,89.29817159,84.63531998,1492.48099468,52348.08458194,7912.94957600
3,309,0.000000,0.462000,0.00000000,73.54194353,0.00000000,173.07521447,0.00000000,0.00000000,63.67817400,73.54194353,68.65710075,1244.73168631,51847.02176805,9891.18697000
3,310,0.000000,0.398000,0.00000000,89.29817159,0.00000000,123.15557059,0.00000000,0.00000000,78.66539600,89.29817159,84.63531998,1492.48099468,51942.86716256,7912.94957600
3,311,0.000000,0.337000,0.00000000,89.29817159,0.00000000,90.59356488,0.00000000,0.00000000,78.66539600,89.29817159,84.63531998,1492.48099468,52038.71255707,7912.94957600
3,312,0.000000,0.311000,0.00000000,72.94337341,0.00000000,93.06947538,0.00000000,0.00000000,63.67817400,72.94337341,68.65710075,1244.73168631,51886.80864322,7912.94957600
3,313,0.000000,0.285000,0.00000000,89.29817159,0.00000000,62.83578952,0.00000000,0.00000000,78.66539600,89.29817159,84.63531998,1492.48099468,51982.65403773,7912.94957600
3,314,0.000000,0.273000,0.00000000,106.72863180,0.00000000,38.99968884,0.00000000,0.00000000,94.69756566,106.72863180,101.68074366,1745.79450000,52331.81293756,7912.94957600
3,315,0.000000,0.227000,0.00000000,73.18257640,0.00000000,47.99078912,0.00000000,0.00000000,63.67817400,73.18257640,68.65710075,1244.73168631,52040.37674753,8703.50071582
3,316,0.000000,0.193000,0.00000000,103.02405085,0.00000000,0.00000000,0.00000000,0.00000000,91.29017019,103.02405085,98.05799640,1691.95655112,52335.69769849,7912.94957600
3,317,0.000000,0.170000,0.00000000,89.89674172,0.00000000,0.84983158,0.00000000,0.00000000,78.66539600,89.89674172,84.63531998,1492.48099468,52082.38419296,9891.18697000
3,318,0.000000,0.167000,0.00000000,89.14516318,0.00000000,0.00000000,0.15300867,0.00000000,78.66539600,89.29817185,84.63532017,1492.48104146,52178.22963425,7912.94957600
3,319,0.100000,0.195000,29.65826413,59.63990746,0.00000000,44.45175014,0.00000000,0.00000000,78.66539600,89.29817159,84.63531998,1492.48099468,52274.07502876,7912.94957600
3,320,0.288000,0.261000,85.41580068,3.88237091,0.00000000,135.44030927,0.00000000,0.00000000,78.66539600,89.29817159,84.63531998,1492.48099468,52369.92042328,7912.94957600
3,321,0.448000,0.247000,0.00000000,89.89674172,132.86902329,41.95269124,0.00000000,0.00000000,78.66539600,89.89674172,84.63531998,1492.48099468,52116.60691775,9891.18697000
3,322,0.552000,0.224000,107.32720193,0.00000000,56.38641605,119.57195540,0.00000000,0.00000000,94.69756566,107.32720193,101.68074366,1745.79450000,52116.60691754,9891.18697000
3,323,0.602000,0.199000,89.35684022,0.00000000,89.18590983,106.22687109,0.00000000,0.00000000,78.66539600,89.35684022,84.63531998,1492.48099468,52178.22963466,8106.84576518
3,324,0.615000,0.182000,89.29817159,0.00000000,93.10015279,97.15221376,0.00000000,0.00000000,78.66539600,89.29817159,84.63531998,1492.48099468,52274.07502917,7912.94957600
3,325,0.577000,0.184000,0.00000000,89.89674172,171.12818401,8.32307879,0.00000000,0.00000000,78.66539600,89.89674172,84.63531998,1492.48099468,52020.76152364,9891.18697000
3,326,0.532000,0.220000,107.32720193,0.00000000,50.45476323,117.43674191,0.00000000,0.00000000,94.69756566,107.32720193,101.68074366,1745.79450000,52020.76152344,9891.18697000
3,327,0.387000,0.298000,106.72863180,0.00000000,8.04885037,159.07340495,0.00000000,0.00000000,94.69756566,106.72863180,101.68074366,1745.79450000,52369.92042328,7912.94957600
3,328,0.261000,0.400000,77.40806937,12.05441191,0.00000000,201.46693701,0.00000000,0.00000000,78.66539600,89.46248128,84.63531998,1492.48099468,52369.92042328,8455.98297267
3,329,0.076000,0.491000,0.00000000,73.54194353,22.54028074,188.55551227,0.00000000,0.00000000,63.67817400,73.54194353,68.65710075,1244.73168631,51868.85760938,9891.18697000
3,330,0.000000,0.528000,0.00000000,106.79683924,0.00000000,175.05134134,0.00000000,0.00000000,94.69756566,106.79683924,101.68074366,1745.79450000,52178.22963425,8138.37096391
3,331,0.000000,0.514000,0.00000000,89.29817159,0.00000000,185.07676177,0.00000000,0.00000000,78.66539600,89.29817159,84.63531998,1492.48099468,52274.07502876,7912.94957600
3,332,0.000000,0.508000,0.00000000,89.29817159,0.00000000,181.87394154,0.00000000,0.00000000,78.66539600,89.29817159,84.63531998,1492.48099468,52369.92042328,7912.94957600
3,333,0.000000,0.504000,0.00000000,89.89674172,0.00000000,179.14015793,0.00000000,0.00000000,78.66539600,89.89674172,84.63531998,1492.48099468,52116.60691775,9891.18697000
3,334,0.000000,0.464000,0.00000000,89.35684022,0.00000000,158.32792453,0.00000000,0.00000000,78.66539600,89.35684022,84.63531998,1492.48099468,52178.22963425,8106.84576866
3,335,0.000000,0.388000,0.00000000,89.29817159,0.00000000,117.81753686,0.00000000,0.00000000,78.66539600,89.29817159,84.63531998,1492.48099468,52274.07502876,7912.94957600
3,336,0.000000,0.329000,0.00000000,89.29817159,0.00000000,86.32313790,0.00000000,0.00000000,78.66539600,89.29817159,84.63531998,1492.48099468,52369.92042328,7912.94957600
3,337,0.000000,0.305000,0.00000000,72.94337341,0.00000000,89.86665514,0.00000000,0.00000000,63.67817400,72.94337341,68.65710075,1244.73168631,52218.01650942,7912.94957600
3,338,0.000000,0.305000,0.00000000,89.89674172,0.00000000,72.91328684,0.00000000,0.00000000,78.66539600,89.89674172,84.63531998,1492.48099468,51964.70300389,9891.18697000
3,339,0.000000,0.282000,0.00000000,72.94337341,0.00000000,77.58917758,0.00000000,0.00000000,63.67817400,72.94337341,68.65710075,1244.73168631,51812.79909004,7912.94957600
3,340,0.000000,0.260000,0.00000000,89.29817159,0.00000000,49.49070521,0.00000000,0.00000000,78.66539600,89.29817159,84.63531998,1492.48099468,51908.64448455,7912.94957600
3,341,0.000000,0.239000,0.00000000,72.94337341,0.00000000,54.63563257,0.00000000,0.00000000,63.67817400,72.94337341,68.65710075,1244.73168631,51756.74057070,7912.94957600
3,342,0.000000,0.228000,0.00000000,89.29817159,0.00000000,32.40899729,0.00000000,0.00000000,78.66539600,89.29817159,84.63531998,1492.48099468,51852.58596521,7912.94957600
3,343,0.104000,0.309000,0.00000000,89.89674172,30.84459469,75.04850033,0.00000000,0.00000000,78.66539600,89.89674172,84.63531998,1492.48099468,51599.27245968,9891.18697000
3,344,0.284000,0.505000,84.22947012,23.09773181,0.00000000,246.47297121,0.00000000,0.00000000,94.69756566,107.32720193,101.68074366,1745.79450000,51599.27245948,9891.18697000
3,345,0.434000,0.535000,107.32720193,0.00000000,21.38966438,285.58480418,0.00000000,0.00000000,94.69756566,107.32720193,101.68074366,1745.79450000,51599.27245927,9891.18697000
3,346,0.535000,0.505000,107.32720193,0.00000000,51.34451115,269.57070301,0.00000000,0.00000000,94.69756566,107.32720193,101.68074366,1745.79450000,51599.27245907,9891.18697000
3,347,0.592000,0.474000,106.72863180,0.00000000,68.84829183,253.02279847,0.00000000,0.00000000,94.69756566,106.72863180,101.68074366,1745.79450000,51948.43135890,7912.94957600
3,348,0.588000,0.447000,107.32720193,0.00000000,67.06339114,238.61010742,0.00000000,0.00000000,94.69756566,107.32720193,101.68074366,1745.79450000,51948.43135870,9891.18697000
3,349,0.512000,0.425000,89.89674172,0.00000000,61.95357061,226.86643323,0.00000000,0.00000000,78.66539600,89.89674172,84.63531998,1492.48099468,51695.11785317,9891.18697000
3,350,0.451000,0.432000,72.94337341,0.00000000,60.81539780,230.60305684,0.00000000,0.00000000,63.67817400,72.94337341,68.65710075,1244.73168631,51543.21393932,7912.94957600
3,351,0.345000,0.460000,89.89674172,0.00000000,12.42426952,245.54955126,0.00000000,0.00000000,78.66539600,89.89674172,84.63531998,1492.48099468,51289.90043379,9891.18697000
3,352,0.207000,0.506000,61.39260674,27.90556485,0.00000000,242.19894154,0.00000000,0.00000000,78.66539600,89.29817159,84.63531998,1492.48099468,51385.74582830,7912.94957600
3,353,0.072000,0.587000,0.00000000,89.29817159,21.35395017,224.04440795,0.00000000,0.00000000,78.66539600,89.29817159,84.63531998,1492.48099468,51481.59122281,7912.94957600
3,354,0.000000,0.655000,0.00000000,107.32720193,0.00000000,242.31400693,0.00000000,0.00000000,94.69756566,107.32720193,101.68074366,1745.79450000,51481.59122260,9891.18697000
3,355,0.000000,0.748000,0.00000000,89.89674172,0.00000000,309.38818077,0.00000000,0.00000000,78.66539600,89.89674172,84.63531998,1492.48099468,51228.27771708,9891.18697000
3,356,0.000000,0.821000,0.00000000,106.72863180,0.00000000,331.52393686,0.00000000,0.00000000,94.69756566,106.72863180,101.68074366,1745.79450000,51577.43661691,7912.94957600
3,357,0.000000,0.800000,0.00000000,106.72863180,0.00000000,320.31406604,0.00000000,0.00000000,94.69756566,106.72863180,101.68074366,1745.79450000,51926.59551675,7912.94957600
3,358,0.000000,0.759000,0.00000000,106.72863180,0.00000000,298.42812778,0.00000000,0.00000000,94.69756566,106.72863180,101.68074366,1745.79450000,52275.75441658,7912.94957600
3,359,0.000000,0.700000,0.00000000,107.16577125,0.00000000,266.49658937,0.00000000,0.00000000,94.69756566,107.16577125,101.68074366,1745.79450000,52369.92042328,9357.66851732
3,360,0.000000,0.627000,0.00000000,89.89674172,0.00000000,244.79797272,0.00000000,0.00000000,78.66539600,89.89674172,84.63531998,1492.48099468,52116.60691775,9891.18697000
3,361,0.000000,0.566000,0.00000000,72.94337341,0.00000000,229.18933532,0.00000000,0.00000000,63.67817400,72.94337341,68.65710075,1244.73168631,51964.70300389,7912.94957600
3,362,0.000000,0.455000,0.00000000,106.72863180,0.00000000,136.15190260,0.00000000,0.00000000,94.69756566,106.72863180,101.68074366,1745.79450000,52313.86190373,7912.94957600
3,363,0.000000,0.375000,0.00000000,107.32720193,0.00000000,92.84906269,0.00000000,0.00000000,94.69756566,107.32720193,101.68074366,1745.79450000,52313.86190352,9891.18697000
3,364,0.000000,0.311000,0.00000000,72.94337341,0.00000000,93.06947538,0.00000000,0.00000000,63.67817400,72.94337341,68.65710075,1244.73168631,52161.95798967,7912.94957600
3,365,0.000000,0.278000,0.00000000,89.43458647,0.00000000,58.96275103,0.00000000,0.00000000,78.66539600,89.43458647,84.63531998,1492.48099468,52178.22963425,8363.79235181
3,366,0.000000,0.261000,0.00000000,89.29817159,0.00000000,50.02450858,0.00000000,0.00000000,78.66539600,89.29817159,84.63531998,1492.48099468,52274.07502876,7912.94957600
3,367,0.111000,0.289000,32.92067318,56.37749841,0.00000000,97.89167619,0.00000000,0.00000000,78.66539600,89.29817159,84.63531998,1492.48099468,52369.92042328,7912.94957600
3,368,0.299000,0.547000,0.00000000,72.94337341,88.67820974,219.04707124,0.00000000,0.00000000,63.67817400,72.94337341,68.65710075,1244.73168631,52218.01650942,7912.94957600
3,369,0.457000,0.488000,89.89674172,0.00000000,45.64152534,260.49604569,0.00000000,0.00000000,78.66539600,89.89674172,84.63531998,1492.48099468,51964.70300389,9891.18697000
3,370,0.566000,0.368000,89.89674172,0.00000000,77.96903324,196.43964101,0.00000000,0.00000000,78.66539600,89.89674172,84.63531998,1492.48099468,51711.38949836,9891.18697000
3,371,0.628000,0.269000,72.94337341,0.00000000,113.31052531,143.59310715,0.00000000,0.00000000,63.67817400,72.94337341,68.65710075,1244.73168631,51559.48558451,7912.94957600
3,372,0.644000,0.193000,89.29817159,0.00000000,101.70104938,103.02405085,0.00000000,0.00000000,78.66539600,89.29817159,84.63531998,1492.48099468,51655.33097902,7912.94957600
3,373,0.618000,0.153000,89.43746548,0.00000000,93.85060682,81.67191596,0.00000000,0.00000000,78.66539600,89.43746548,84.63531998,1492.48099468,51669.92323497,8373.30730161
3,374,0.545000,0.148000,72.94337341,0.00000000,88.69416608,79.00289910,0.00000000,0.00000000,63.67817400,72.94337341,68.65710075,1244.73168631,51518.01932111,7912.94957600
3,375,0.419000,0.178000,89.89674172,0.00000000,34.37138497,95.01700027,0.00000000,0.00000000,78.66539600,89.89674172,84.63531998,1492.48099468,51264.70581558,9891.18697000
3,376,0.240000,0.259000,71.17983390,2.36210963,0.00000000,135.89296380,0.00000000,0.00000000,63.67817400,73.54194353,68.65710075,1244.73168631,50763.64300169,9891.18697000
3,377,0.074000,0.407000,21.94711545,67.35105614,0.00000000,149.90691639,0.00000000,0.00000000,78.66539600,89.29817159,84.63531998,1492.48099468,50859.48839620,7912.94957600
3,378,0.000000,0.557000,0.00000000,89.29817159,0.00000000,208.03030678,0.00000000,0.00000000,78.66539600,89.29817159,84.63531998,1492.48099468,50955.33379071,7912.94957600
3,379,0.000000,0.639000,0.00000000,106.72863180,0.00000000,234.37172310,0.00000000,0.00000000,94.69756566,106.72863180,101.68074366,1745.79450000,51304.49269055,7912.94957600
3,380,0.000000,0.697000,0.00000000,106.72863180,0.00000000,265.33231870,0.00000000,0.00000000,94.69756566,106.72863180,101.68074366,1745.79450000,51653.65159038,7912.94957600
3,381,0.000000,0.688000,0.00000000,107.32720193,0.00000000,259.92951822,0.00000000,0.00000000,94.69756566,107.32720193,101.68074366,1745.79450000,51653.65159018,9891.18697000
3,382,0.000000,0.630000,0.00000000,89.29817159,0.00000000,246.99795296,0.00000000,0.00000000,78.66539600,89.29817159,84.63531998,1492.48099468,51749.49698469,7912.94957600
3,383,0.000000,0.550000,0.00000000,106.72863180,0.00000000,186.86322297,0.00000000,0.00000000,94.69756566,106.72863180,101.68074366,1745.79450000,52098.65588453,7912.94957600
3,384,0.000000,0.468000,0.00000000,89.89674172,0.00000000,159.92323652,0.00000000,0.00000000,78.66539600,89.89674172,84.63531998,1492.48099468,51845.34237900,9891.18697000
3,385,0.000000,0.361000,0.00000000,72.94337341,0.00000000,119.75964399,0.00000000,0.00000000,63.67817400,72.94337341,68.65710075,1244.73168631,51693.43846514,7912.94957600
3,386,0.000000,0.287000,0.00000000,89.29817159,0.00000000,63.90339626,0.00000000,0.00000000,78.66539600,89.29817159,84.63531998,1492.48099468,51789.28385966,7912.94957600
3,387,0.000000,0.251000,0.00000000,89.89674172,0.00000000,44.08790473,0.00000000,0.00000000,78.66539600,89.89674172,84.63531998,1492.48099468,51535.97035413,9891.18697000
3,388,0.000000,0.241000,0.00000000,72.94337341,0.00000000,55.70323932,0.00000000,0.00000000,63.67817400,72.94337341,68.65710075,1244.73168631,51384.06644027,7912.94957600
3,389,0.000000,0.233000,0.00000000,89.29817159,0.00000000,35.07801416,0.00000000,0.00000000,78.66539600,89.29817159,84.63531998,1492.48099468,51479.91183479,7912.94957600
3,390,0.000000,0.225000,0.00000000,89.29817159,0.00000000,30.80758718,0.00000000,0.00000000,78.66539600,89.29817159,84.63531998,1492.48099468,51575.75722930,7912.94957600
3,391,0.108000,0.302000,32.03092526,57.26724633,0.00000000,103.94137210,0.00000000,0.00000000,78.66539600,89.29817159,84.63531998,1492.48099468,51671.60262381,7912.94957600
3,392,0.288000,0.558000,85.41580068,21.91140124,0.00000000,275.95088051,0.00000000,0.00000000,94.69756566,107.32720193,101.68074366,1745.79450000,51671.60262360,9891.18697000
3,393,0.437000,0.526000,106.72863180,0.00000000,22.87798243,280.78057383,0.00000000,0.00000000,94.69756566,106.72863180,101.68074366,1745.79450000,52020.76152344,7912.94957600
3,394,0.544000,0.414000,106.72863180,0.00000000,54.61232505,220.99459613,0.00000000,0.00000000,94.69756566,106.72863180,101.68074366,1745.79450000,52369.92042328,7912.94957600
3,395,0.609000,0.310000,0.00000000,89.89674172,180.61882853,75.58230370,0.00000000,0.00000000,78.66539600,89.89674172,84.63531998,1492.48099468,52116.60691775,9891.18697000
3,396,0.632000,0.225000,107.32720193,0.00000000,80.11302735,120.10575877,0.00000000,0.00000000,94.69756566,107.32720193,101.68074366,1745.79450000,52116.60691754,9891.18697000
3,397,0.608000,0.178000,57.67001469,0.00000000,122.65223120,95.01700027,0.00000000,0.00000000,49.73928100,57.67001469,53.75120360,1002.98064984,51722.95196721,7912.94957600
3,398,0.532000,0.170000,89.29817159,0.00000000,68.48379356,90.74657329,0.00000000,0.00000000,78.66539600,89.29817159,84.63531998,1492.48099468,51818.79736172,7912.94957600
3,399,0.416000,0.199000,106.72863180,0.00000000,16.64974697,106.22687109,0.00000000,0.00000000,94.69756566,106.72863180,101.68074366,1745.79450000,52167.95626156,7912.94957600
3,400,0.230000,0.278000,68.21400749,5.32793604,0.00000000,143.06940146,0.00000000,0.00000000,63.67817400,73.54194353,68.65710075,1244.73168631,51666.89344767,9891.18697000
3,401,0.070000,0.412000,20.76078489,69.13595683,0.00000000,150.79103256,0.00000000,0.00000000,78.66539600,89.89674172,84.63531998,1492.48099468,51413.57994214,9891.18697000
3,402,0.000000,0.537000,0.00000000,89.29817159,0.00000000,197.35423934,0.00000000,0.00000000,78.66539600,89.29817159,84.63531998,1492.48099468,51509.42533665,7912.94957600
3,403,0.000000,0.628000,0.00000000,106.72863180,0.00000000,228.49988601,0.00000000,0.00000000,94.69756566,106.72863180,101.68074366,1745.79450000,51858.58423649,7912.94957600
3,404,0.000000,0.718000,0.00000000,106.72863180,0.00000000,276.54218951,0.00000000,0.00000000,94.69756566,106.72863180,101.68074366,1745.79450000,52207.74313632,7912.94957600
3,405,0.000000,0.685000,0.00000000,107.32720193,0.00000000,258.32810810,0.00000000,0.00000000,94.69756566,107.32720193,101.68074366,1745.79450000,52207.74313612,9891.18697000
3,406,0.000000,0.684000,0.00000000,107.32720193,0.00000000,257.79430473,0.00000000,0.00000000,94.69756566,107.32720193,101.68074366,1745.79450000,52207.74313591,9891.18697000
3,407,0.000000,0.669000,0.00000000,107.32720193,0.00000000,249.78725415,0.00000000,0.00000000,94.69756566,107.32720193,101.68074366,1745.79450000,52207.74313571,9891.18697000
3,408,0.000000,0.629000,0.00000000,89.89674172,0.00000000,245.86557946,0.00000000,0.00000000,78.66539600,89.89674172,84.63531998,1492.48099468,51954.42963018,9891.18697000
3,409,0.000000,0.583000,0.00000000,89.57174549,0.00000000,221.63562056,0.00000000,0.00000000,78.66539600,89.57174549,84.63531998,1492.48099468,51890.69345174,8817.09446520
3,410,0.000000,0.556000,0.00000000,89.89674172,0.00000000,206.89793329,0.00000000,0.00000000,78.66539600,89.89674172,84.63531998,1492.48099468,51637.37994621,9891.18697000
3,411,0.000000,0.530000,0.00000000,89.29817159,0.00000000,193.61761573,0.00000000,0.00000000,78.66539600,89.29817159,84.63531998,1492.48099468,51733.22534073,7912.94957600
3,412,0.000000,0.517000,0.00000000,89.29817159,0.00000000,186.67817189,0.00000000,0.00000000,78.66539600,89.29817159,84.63531998,1492.48099468,51829.07073524,7912.94957600
3,413,0.000000,0.495000,0.00000000,89.29817159,0.00000000,174.93449770,0.00000000,0.00000000,78.66539600,89.29817159,84.63531998,1492.48099468,51924.91612975,7912.94957600
3,414,0.000000,0.458000,0.00000000,89.89674172,0.00000000,154.58520280,0.00000000,0.00000000,78.66539600,89.89674172,84.63531998,1492.48099468,51671.60262422,9891.18697000
3,415,0.109000,0.580000,32.32750790,74.99969403,0.00000000,234.60626191,0.00000000,0.00000000,94.69756566,107.32720193,101.68074366,1745.79450000,51671.60262401,9891.18697000
3,416,0.298000,0.731000,88.38162710,18.34700470,0.00000000,371.86326045,0.00000000,0.00000000,94.69756566,106.72863180,101.68074366,1745.79450000,52020.76152385,7912.94957600
3,417,0.458000,0.718000,106.72863180,0.00000000,29.10621790,383.27082132,0.00000000,0.00000000,94.69756566,106.72863180,101.68074366,1745.79450000,52369.92042369,7912.94957600
3,418,0.570000,0.636000,107.32720193,0.00000000,61.72490360,339.49894479,0.00000000,0.00000000,94.69756566,107.32720193,101.68074366,1745.79450000,52369.92042348,9891.18697000
3,419,0.633000,0.553000,107.32720193,0.00000000,80.40960999,295.19326488,0.00000000,0.00000000,94.69756566,107.32720193,101.68074366,1745.79450000,52369.92042328,9891.18697000
3,420,0.651000,0.489000,107.32720193,0.00000000,85.74809754,261.02984906,0.00000000,0.00000000,94.69756566,107.32720193,101.68074366,1745.79450000,52369.92042307,9891.18697000
3,421,0.625000,0.464000,107.32720193,0.00000000,78.03694886,247.68476475,0.00000000,0.00000000,94.69756566,107.32720193,101.68074366,1745.79450000,52369.92042287,9891.18697000
3,422,0.555000,0.484000,107.32720193,0.00000000,57.27616398,258.36083220,0.00000000,0.00000000,94.69756566,107.32720193,101.68074366,1745.79450000,52369.92042266,9891.18697000
3,423,0.440000,0.544000,107.32720193,0.00000000,23.16916023,290.38903453,0.00000000,0.00000000,94.69756566,107.32720193,101.68074366,1745.79450000,52369.92042246,9891.18697000
3,424,0.279000,0.630000,82.74655691,24.58064501,0.00000000,311.71547954,0.00000000,0.00000000,94.69756566,107.32720193,101.68074366,1745.79450000,52369.92042225,9891.18697000
3,425,0.094000,0.718000,27.87876828,79.44843365,0.00000000,303.82238767,0.00000000,0.00000000,94.69756566,107.32720193,101.68074366,1745.79450000,52369.92042205,9891.18697000
3,426,0.000000,0.759000,0.00000000,107.32720193,0.00000000,297.82955765,0.00000000,0.00000000,94.69756566,107.32720193,101.68074366,1745.79450000,52369.92042184,9891.18697000
3,427,0.000000,0.791000,0.00000000,107.32720193,0.00000000,314.91126557,0.00000000,0.00000000,94.69756566,107.32720193,101.68074366,1745.79450000,52369.92042164,9891.18697000
3,428,0.000000,0.801000,0.00000000,107.32720193,0.00000000,320.24929929,0.00000000,0.00000000,94.69756566,107.32720193,101.68074366,1745.79450000,52369.92042143,9891.18697000
3,429,0.000000,0.808000,0.00000000,107.32720193,0.00000000,323.98592290,0.00000000,0.00000000,94.69756566,107.32720193,101.68074366,1745.79450000,52369.92042123,9891.18697000
3,430,0.000000,0.780000,0.00000000,107.32720193,0.00000000,309.03942847,0.00000000,0.00000000,94.69756566,107.32720193,101.68074366,1745.79450000,52369.92042102,9891.18697000
3,431,0.000000,0.759000,0.00000000,107.32720193,0.00000000,297.82955765,0.00000000,0.00000000,94.69756566,107.32720193,101.68074366,1745.79450000,52369.92042082,9891.18697000
3,432,0.000000,0.725000,0.00000000,107.32720192,0.00000000,279.68024300,0.00000000,0.00000000,94.69756566,107.32720192,101.68074366,1745.79450000,52369.92042328,9891.18695490
3,433,0.000000,0.682000,0.00000000,2.39428050,0.00000000,361.65961941,0.00000000,0.00000000,0.00000000,2.39428050,0.00000000,0.00000000,50973.28482311,7912.94957600
3,434,0.000000,0.644000,0.00000000,89.89674172,0.00000000,253.87263005,0.00000000,0.00000000,78.66539600,89.89674172,84.63531998,1492.48099468,50719.97131758,9891.18697000
3,435,0.000000,0.587000,0.00000000,89.29817159,0.00000000,224.04440795,0.00000000,0.00000000,78.66539600,89.29817159,84.63531998,1492.48099468,50815.81671209,7912.94957600
3,436,0.000000,0.547000,0.00000000,89.29817159,0.00000000,202.69227306,0.00000000,0.00000000,78.66539600,89.29817159,84.63531998,1492.48099468,50911.66210661,7912.94957600
3,437,0.000000,0.512000,0.00000000,72.94337341,0.00000000,200.36395321,0.00000000,0.00000000,63.67817400,72.94337341,68.65710075,1244.73168631,50759.75819275,7912.94957600
3,438,0.000000,0.479000,0.00000000,89.29817159,0.00000000,166.39364374,0.00000000,0.00000000,78.66539600,89.29817159,84.63531998,1492.48099468,50855.60358726,7912.94957600
3,439,0.113000,0.476000,33.51383846,73.21479334,0.00000000,180.87561188,0.00000000,0.00000000,94.69756566,106.72863180,101.68074366,1745.79450000,51204.76248710,7912.94957600
3,440,0.305000,0.806000,90.45770559,16.86949634,0.00000000,413.37602174,0.00000000,0.00000000,94.69756566,107.32720193,101.68074366,1745.79450000,51204.76248690,9891.18697000
3,441,0.463000,0.835000,106.72863180,0.00000000,30.58913111,445.72581588,0.00000000,0.00000000,94.69756566,106.72863180,101.68074366,1745.79450000,51553.92138673,7912.94957600
3,442,0.573000,0.801000,107.32720193,0.00000000,62.61465152,427.57650122,0.00000000,0.00000000,94.69756566,107.32720193,101.68074366,1745.79450000,51553.92138653,9891.18697000
3,443,0.635000,0.757000,106.72863180,0.00000000,81.60134540,404.08915284,0.00000000,0.00000000,94.69756566,106.72863180,101.68074366,1745.79450000,51903.08028636,7912.94957600
3,444,0.650000,0.729000,107.32720193,0.00000000,85.45151490,389.14265841,0.00000000,0.00000000,94.69756566,107.32720193,101.68074366,1745.79450000,51903.08028616,9891.18697000
3,445,0.615000,0.724000,107.32720193,0.00000000,75.07112245,386.47364155,0.00000000,0.00000000,94.69756566,107.32720193,101.68074366,1745.79450000,51903.08028595,9891.18697000
3,446,0.530000,0.733000,107.32720193,0.00000000,49.86159794,391.27787190,0.00000000,0.00000000,94.69756566,107.32720193,101.68074366,1745.79450000,51903.08028575,9891.18697000
3,447,0.402000,0.760000,107.32720193,0.00000000,11.89901986,405.69056295,0.00000000,0.00000000,94.69756566,107.32720193,101.68074366,1745.79450000,51903.08028554,9891.18697000
3,448,0.261000,0.806000,77.40806937,29.91913256,0.00000000,400.32638552,0.00000000,0.00000000,94.69756566,107.32720193,101.68074366,1745.79450000,51903.08028534,9891.18697000
3,449,0.085000,0.842000,25.20952451,81.51910729,0.00000000,367.94333219,0.00000000,0.00000000,94.69756566,106.72863180,101.68074366,1745.79450000,52252.23918517,7912.94957600
3,450,0.000000,0.837000,0.00000000,107.12545861,0.00000000,339.66796401,0.00000000,0.00000000,94.69756566,107.12545861,101.68074366,1745.79450000,52369.92042328,9224.43774446
3,451,0.000000,0.820000,0.00000000,107.32720193,0.00000000,330.39156336,0.00000000,0.00000000,94.69756566,107.32720193,101.68074366,1745.79450000,52369.92042307,9891.18697000
3,452,0.000000,0.812000,0.00000000,107.32720193,0.00000000,326.12113639,0.00000000,0.00000000,94.69756566,107.32720193,101.68074366,1745.79450000,52369.92042328,9891.18696768
3,453,0.000000,0.783000,0.00000000,107.32720193,0.00000000,310.64083859,0.00000000,0.00000000,94.69756566,107.32720193,101.68074366,1745.79450000,52369.92042307,9891.18697000
3,454,0.000000,0.731000,0.00000000,30.97213435,0.00000000,359.23813081,0.00000000,0.00000000,25.00174700,30.97213435,27.15938231,539.40882693,51163.53474979,9891.18697000
3,455,0.000000,0.639000,0.00000000,73.54194353,0.00000000,267.55841137,0.00000000,0.00000000,63.67817400,73.54194353,68.65710075,1244.73168631,50662.47193590,9891.18697000
3,456,0.000000,0.538000,0.00000000,89.29817159,0.00000000,197.88804271,0.00000000,0.00000000,78.66539600,89.29817159,84.63531998,1492.48099468,50758.31733041,7912.94957600
3,457,0.000000,0.484000,0.00000000,89.89674172,0.00000000,168.46409048,0.00000000,0.00000000,78.66539600,89.89674172,84.63531998,1492.48099468,50505.00382488,9891.18697000
3,458,0.000000,0.494000,0.00000000,73.54194353,0.00000000,190.15692239,0.00000000,0.00000000,63.67817400,73.54194353,68.65710075,1244.73168631,50003.94101099,9891.18697000
3,459,0.000000,0.554000,0.00000000,106.72863180,0.00000000,188.99843646,0.00000000,0.00000000,94.69756566,106.72863180,101.68074366,1745.79450000,50353.09991082,7912.94957600
3,460,0.000000,0.600000,0.00000000,106.72863180,0.00000000,213.55339158,0.00000000,0.00000000,94.69756566,106.72863180,101.68074366,1745.79450000,50702.25881066,7912.94957600
3,461,0.000000,0.572000,0.00000000,106.72863180,0.00000000,198.60689716,0.00000000,0.00000000,94.69756566,106.72863180,101.68074366,1745.79450000,51051.41771049,7912.94957600
3,462,0.000000,0.550000,0.00000000,107.32720193,0.00000000,186.26465284,0.00000000,0.00000000,94.69756566,107.32720193,101.68074366,1745.79450000,51051.41771029,9891.18697000
3,463,0.111000,0.519000,32.92067318,74.40652875,0.00000000,202.63742148,0.00000000,0.00000000,94.69756566,107.32720193,101.68074366,1745.79450000,51051.41771008,9891.18697000
3,464,0.297000,0.726000,88.08504446,18.64358734,0.00000000,368.89766095,0.00000000,0.00000000,94.69756566,106.72863180,101.68074366,1745.79450000,51400.57660992,7912.94957600
3,465,0.458000,0.758000,106.86257658,0.00000000,28.97227312,404.62295621,0.00000000,0.00000000,94.69756566,106.86257658,101.68074366,1745.79450000,51671.60262422,8355.62881417
3,466,0.569000,0.736000,107.32720193,0.00000000,61.42832095,392.87928202,0.00000000,0.00000000,94.69756566,107.32720193,101.68074366,1745.79450000,51671.60262401,9891.18697000
3,467,0.631000,0.707000,107.32720193,0.00000000,79.81644471,377.39898422,0.00000000,0.00000000,94.69756566,107.32720193,101.68074366,1745.79450000,51671.60262381,9891.18697000
3,468,0.647000,0.674000,107.32720193,0.00000000,84.56176697,359.78347293,0.00000000,0.00000000,94.69756566,107.32720193,101.68074366,1745.79450000,51671.60262360,9891.18697000
3,469,0.607000,0.661000,106.72863180,0.00000000,73.29703145,352.84402909,0.00000000,0.00000000,94.69756566,106.72863180,101.68074366,1745.79450000,52020.76152344,7912.94957600
3,470,0.515000,0.683000,106.72863180,0.00000000,46.01142845,364.58770328,0.00000000,0.00000000,94.69756566,106.72863180,101.68074366,1745.79450000,52369.92042328,7912.94957600
3,471,0.374000,0.744000,107.32720193,0.00000000,3.59470591,397.14970900,0.00000000,0.00000000,94.69756566,107.32720193,101.68074366,1745.79450000,52369.92042307,9891.18697000
3,472,0.232000,0.794000,68.80717277,38.52002915,0.00000000,385.31984846,0.00000000,0.00000000,94.69756566,107.32720193,101.68074366,1745.79450000,52369.92042287,9891.18697000
3,473,0.077000,0.803000,2.39428050,0.00000000,20.44258288,428.64410796,0.00000000,0.00000000,0.00000000,2.39428050,0.00000000,0.00000000,50973.28482270,7912.94957600
3,474,0.000000,0.759000,0.00000000,107.32720193,0.00000000,297.82955765,0.00000000,0.00000000,94.69756566,107.32720193,101.68074366,1745.79450000,50973.28482250,9891.18697000
3,475,0.000000,0.692000,0.00000000,106.72863180,0.00000000,262.66330183,0.00000000,0.00000000,94.69756566,106.72863180,101.68074366,1745.79450000,51322.44372233,7912.94957600
3,476,0.000000,0.598000,0.00000000,72.94337341,0.00000000,246.27104323,0.00000000,0.00000000,63.67817400,72.94337341,68.65710075,1244.73168631,51170.53980848,7912.94957600
3,477,0.000000,0.468000,0.00000000,72.94337341,0.00000000,176.87660483,0.00000000,0.00000000,63.67817400,72.94337341,68.65710075,1244.73168631,51018.63589463,7912.94957600
3,478,0.000000,0.362000,0.00000000,89.29817159,0.00000000,103.93864918,0.00000000,0.00000000,78.66539600,89.29817159,84.63531998,1492.48099468,51114.48128914,7912.94957600
3,479,0.000000,0.285000,0.00000000,89.89674172,0.00000000,62.23721939,0.00000000,0.00000000,78.66539600,89.89674172,84.63531998,1492.48099468,50861.16778361,9891.18697000
3,480,0.000000,0.237000,0.00000000,106.72863180,0.00000000,19.78276744,0.00000000,0.00000000,94.69756566,106.72863180,101.68074366,1745.79450000,51210.32668345,7912.94957600
3,481,0.000000,0.218000,0.00000000,89.29817159,0.00000000,27.07096357,0.00000000,0.00000000,78.66539600,89.29817159,84.63531998,1492.48099468,51306.17207796,7912.94957600
3,482,0.000000,0.217000,0.00000000,89.89674172,0.00000000,25.93859007,0.00000000,0.00000000,78.66539600,89.89674172,84.63531998,1492.48099468,51052.85857243,9891.18697000
3,483,0.000000,0.238000,0.00000000,89.89674172,0.00000000,37.14846089,0.00000000,0.00000000,78.66539600,89.89674172,84.63531998,1492.48099468,50799.54506690,9891.18697000
3,484,0.000000,0.229000,0.00000000,89.29817159,0.00000000,32.94280067,0.00000000,0.00000000,78.66539600,89.29817159,84.63531998,1492.48099468,50895.39046141,7912.94957600
3,485,0.000000,0.235000,0.00000000,72.94337341,0.00000000,52.50041908,0.00000000,0.00000000,63.67817400,72.94337341,68.65710075,1244.73168631,50743.48654756,7912.94957600
3,486,0.000000,0.243000,0.00000000,89.89674172,0.00000000,39.81747775,0.00000000,0.00000000,78.66539600,89.89674172,84.63531998,1492.48099468,50490.17304203,9891.18697000
3,487,0.105000,0.260000,31.14117733,76.12069616,0.00000000,62.66818064,0.00000000,0.00000000,94.69756566,107.26187349,101.68074366,1745.79450000,50528.28052979,9675.28052260
3,488,0.295000,0.501000,87.49187917,1.80629242,0.00000000,265.62919711,0.00000000,0.00000000,78.66539600,89.29817159,84.63531998,1492.48099468,50624.12592430,7912.94957600
3,489,0.449000,0.602000,106.72863180,0.00000000,26.43697413,321.34963013,0.00000000,0.00000000,94.69756566,106.72863180,101.68074366,1745.79450000,50973.28482414,7912.94957600
3,490,0.562000,0.615000,106.72863180,0.00000000,59.95081259,328.28907397,0.00000000,0.00000000,94.69756566,106.72863180,101.68074366,1745.79450000,51322.44372397,7912.94957600
3,491,0.632000,0.622000,107.32720193,0.00000000,80.11302735,332.02569757,0.00000000,0.00000000,94.69756566,107.32720193,101.68074366,1745.79450000,51322.44372377,9891.18697000
3,492,0.652000,0.625000,106.72863180,0.00000000,86.64325030,333.62710769,0.00000000,0.00000000,94.69756566,106.72863180,101.68074366,1745.79450000,51671.60262360,7912.94957600
3,493,0.627000,0.638000,106.72863180,0.00000000,79.22868427,340.56655153,0.00000000,0.00000000,94.69756566,106.72863180,101.68074366,1745.79450000,52020.76152344,7912.94957600
3,494,0.558000,0.664000,106.72863180,0.00000000,58.76448203,354.44543921,0.00000000,0.00000000,94.69756566,106.72863180,101.68074366,1745.79450000,52369.92042328,7912.94957600
3,495,0.441000,0.701000,107.32720193,0.00000000,23.46574287,374.19616399,0.00000000,0.00000000,94.69756566,107.32720193,101.68074366,1745.79450000,52369.92042307,9891.18697000
3,496,0.279000,0.738000,82.74655691,24.58064501,0.00000000,369.36624375,0.00000000,0.00000000,94.69756566,107.32720193,101.68074366,1745.79450000,52369.92042287,9891.18697000
3,497,0.092000,0.755000,27.28560300,80.04159893,0.00000000,322.97994716,0.00000000,0.00000000,94.69756566,107.32720192,101.68074366,1745.79450000,52369.92042328,9891.18696652
3,498,0.000000,0.712000,0.00000000,30.37356422,0.00000000,349.69443686,0.00000000,0.00000000,25.00174700,30.37356422,27.15938231,539.40882693,51512.69365004,7912.94957600
3,499,0.000000,0.639000,0.00000000,72.94337341,0.00000000,268.15698149,0.00000000,0.00000000,63.67817400,72.94337341,68.65710075,1244.73168631,51360.78973618,7912.94957600
3,500,0.000000,0.601000,0.00000000,89.29817159,0.00000000,231.51765516,0.00000000,0.00000000,78.66539600,89.29817159,84.63531998,1492.48099468,51456.63513070,7912.94957600
3,501,0.000000,0.574000,0.00000000,89.29817159,0.00000000,217.10496411,0.00000000,0.00000000,78.66539600,89.29817159,84.63531998,1492.48099468,51552.48052521,7912.94957600
3,502,0.000000,0.532000,0.00000000,73.46460619,0.00000000,210.51878788,0.00000000,0.00000000,63.67817400,73.46460619,68.65710075,1244.73168631,51096.53025817,9635.59180365
3,503,0.000000,0.512000,0.00000000,89.29817159,0.00000000,184.00915503,0.00000000,0.00000000,78.66539600,89.29817159,84.63531998,1492.48099468,51192.37565269,7912.94957600
3,504,0.000000,0.516000,0.00000000,89.29817159,0.00000000,186.14436852,0.00000000,0.00000000,78.66539600,89.29817159,84.63531998,1492.48099468,51288.22104720,7912.94957600
3,505,0.000000,0.541000,0.00000000,89.29817159,0.00000000,199.48945283,0.00000000,0.00000000,78.66539600,89.29817159,84.63531998,1492.48099468,51384.06644171,7912.94957600
3,506,0.000000,0.539000,0.00000000,106.72863180,0.00000000,180.99138587,0.00000000,0.00000000,94.69756566,106.72863180,101.68074366,1745.79450000,51733.22534155,7912.94957600
3,507,0.000000,0.498000,0.00000000,107.32720193,0.00000000,158.50687748,0.00000000,0.00000000,94.69756566,107.32720193,101.68074366,1745.79450000,51733.22534134,9891.18697000
3,508,0.000000,0.479000,0.00000000,107.32720193,0.00000000,148.36461341,0.00000000,0.00000000,94.69756566,107.32720193,101.68074366,1745.79450000,51733.22534114,9891.18697000
3,509,0.000000,0.496000,0.00000000,89.89674172,0.00000000,174.86973095,0.00000000,0.00000000,78.66539600,89.89674172,84.63531998,1492.48099468,51479.91183561,9891.18697000
3,510,0.000000,0.447000,0.00000000,89.29817159,0.00000000,149.31193583,0.00000000,0.00000000,78.66539600,89.29817159,84.63531998,1492.48099468,51575.75723012,7912.94957600
3,511,0.067000,0.473000,19.87103696,70.02570475,0.00000000,182.46329035,0.00000000,0.00000000,78.66539600,89.89674172,84.63531998,1492.48099468,51322.44372459,9891.18697000
3,512,0.211000,0.734000,62.57893731,44.14969449,0.00000000,347.66198078,0.00000000,0.00000000,94.69756566,106.72863180,101.68074366,1745.79450000,51671.60262442,7912.94957600
3,513,0.379000,0.819000,107.32720193,0.00000000,5.07761911,437.18496192,0.00000000,0.00000000,94.69756566,107.32720193,101.68074366,1745.79450000,51671.60262422,9891.18697000
3,514,0.516000,0.793000,106.72863180,0.00000000,46.30801109,423.30607424,0.00000000,0.00000000,94.69756566,106.72863180,101.68074366,1745.79450000,52020.76152405,7912.94957600
3,515,0.605000,0.746000,107.32720193,0.00000000,72.10529604,398.21731574,0.00000000,0.00000000,94.69756566,107.32720193,101.68074366,1745.79450000,52020.76152385,9891.18697000
3,516,0.630000,0.702000,107.32720193,0.00000000,79.51986207,374.72996736,0.00000000,0.00000000,94.69756566,107.32720193,101.68074366,1745.79450000,52020.76152364,9891.18697000
3,517,0.594000,0.679000,106.72863180,0.00000000,69.44145711,362.45248980,0.00000000,0.00000000,94.69756566,106.72863180,101.68074366,1745.79450000,52369.92042348,7912.94957600
3,518,0.519000,0.681000,107.32720193,0.00000000,46.59918889,363.52009654,0.00000000,0.00000000,94.69756566,107.32720193,101.68074366,1745.79450000,52369.92042328,9891.18697000
3,519,0.342000,0.705000,0.00000000,30.37356422,101.43126331,345.95781325,0.00000000,0.00000000,25.00174700,30.37356422,27.15938231,539.40882693,51512.69365004,7912.94957600
3,520,0.200000,0.748000,59.31652825,48.01067367,0.00000000,351.27424881,0.00000000,0.00000000,94.69756566,107.32720193,101.68074366,1745.79450000,51512.69364983,9891.18697000
3,521,0.057000,0.761000,16.90521055,90.14957052,0.00000000,316.07479580,0.00000000,0.00000000,94.69756566,107.05478108,101.68074366,1745.79450000,51671.60262360,8990.85283982
3,522,0.000000,0.684000,0.00000000,106.72863180,0.00000000,258.39287486,0.00000000,0.00000000,94.69756566,106.72863180,101.68074366,1745.79450000,52020.76152344,7912.94957600
3,523,0.000000,0.669000,0.00000000,106.72863180,0.00000000,250.38582427,0.00000000,0.00000000,94.69756566,106.72863180,101.68074366,1745.79450000,52369.92042328,7912.94957600
3,524,0.000000,0.706000,0.00000000,107.32720193,0.00000000,269.53797892,0.00000000,0.00000000,94.69756566,107.32720193,101.68074366,1745.79450000,52369.92042307,9891.18697000
3,525,0.000000,0.644000,0.00000000,89.89674172,0.00000000,253.87263005,0.00000000,0.00000000,78.66539600,89.89674172,84.63531998,1492.48099468,52116.60691754,9891.18697000
3,526,0.000000,0.509000,0.00000000,89.29817159,0.00000000,182.40774491,0.00000000,0.00000000,78.66539600,89.29817159,84.63531998,1492.48099468,52212.45231205,7912.94957600
3,527,0.000000,0.394000,0.00000000,89.35684022,0.00000000,120.96168847,0.00000000,0.00000000,78.66539600,89.35684022,84.63531998,1492.48099468,52274.07502876,8106.84576750
3,528,0.000000,0.296000,0.00000000,89.29817159,0.00000000,68.70762661,0.00000000,0.00000000,78.66539600,89.29817159,84.63531998,1492.48099468,52369.92042328,7912.94957600
3,529,0.000000,0.286000,0.00000000,89.89674172,0.00000000,62.77102276,0.00000000,0.00000000,78.66539600,89.89674172,84.63531998,1492.48099468,52116.60691775,9891.18697000
3,530,0.000000,0.315000,0.00000000,89.89674172,0.00000000,78.25132056,0.00000000,0.00000000,78.66539600,89.89674172,84.63531998,1492.48099468,51863.29341222,9891.18697000
3,531,0.000000,0.358000,0.00000000,89.29817159,0.00000000,101.80343569,0.00000000,0.00000000,78.66539600,89.29817159,84.63531998,1492.48099468,51959.13880673,7912.94957600
3,532,0.000000,0.400000,0.00000000,89.89674172,0.00000000,123.62460721,0.00000000,0.00000000,78.66539600,89.89674172,84.63531998,1492.48099468,51705.82530120,9891.18697000
3,533,0.000000,0.420000,0.00000000,89.89674172,0.00000000,134.30067465,0.00000000,0.00000000,78.66539600,89.89674172,84.63531998,1492.48099468,51452.51179567,9891.18697000
3,534,0.000000,0.420000,0.00000000,89.29817159,0.00000000,134.89924478,0.00000000,0.00000000,78.66539600,89.29817159,84.63531998,1492.48099468,51548.35719018,7912.94957600
3,535,0.086000,0.388000,25.50610715,64.39063457,0.00000000,142.72507389,0.00000000,0.00000000,78.66539600,89.89674172,84.63531998,1492.48099468,51295.04368465,9891.18697000
3,536,0.261000,0.506000,77.40806937,29.32056243,0.00000000,240.78394396,0.00000000,0.00000000,94.69756566,106.72863180,101.68074366,1745.79450000,51644.20258449,7912.94957600
3,537,0.418000,0.622000,72.94337341,0.00000000,51.02817064,332.02569757,0.00000000,0.00000000,63.67817400,72.94337341,68.65710075,1244.73168631,51492.29867063,7912.94957600
3,538,0.512000,0.660000,106.72863180,0.00000000,45.12168053,352.31022572,0.00000000,0.00000000,94.69756566,106.72863180,101.68074366,1745.79450000,51841.45757047,7912.94957600
3,539,0.580000,0.653000,107.32720193,0.00000000,64.69073001,348.57360212,0.00000000,0.00000000,94.69756566,107.32720193,101.68074366,1745.79450000,51841.45757027,9891.18697000
3,540,0.581000,0.626000,106.72863180,0.00000000,65.58588277,334.16091106,0.00000000,0.00000000,94.69756566,106.72863180,101.68074366,1745.79450000,52190.61647010,7912.94957600
3,541,0.584000,0.591000,89.29817159,0.00000000,83.90609091,315.47779303,0.00000000,0.00000000,78.66539600,89.29817159,84.63531998,1492.48099468,52286.46186461,7912.94957600
3,542,0.474000,0.565000,89.31940659,0.00000000,51.26076537,301.59890535,0.00000000,0.00000000,78.66539600,89.31940659,84.63531998,1492.48099468,52369.92042328,7983.12994908
3,543,0.395000,0.561000,0.00000000,89.89674172,117.15014330,209.56695015,0.00000000,0.00000000,78.66539600,89.89674172,84.63531998,1492.48099468,52116.60691775,9891.18697000
3,544,0.237000,0.574000,70.29008598,36.60285551,0.00000000,269.80028020,0.00000000,0.00000000,94.69756566,106.89294149,101.68074366,1745.79450000,52369.92042328,8455.98297150
3,545,0.084000,0.582000,24.91294187,48.62900167,0.00000000,262.04456101,0.00000000,0.00000000,63.67817400,73.54194353,68.65710075,1244.73168631,51868.85760938,9891.18697000
3,546,0.000000,0.541000,0.00000000,89.29817159,0.00000000,199.48945283,0.00000000,0.00000000,78.66539600,89.29817159,84.63531998,1492.48099468,51964.70300389,7912.94957600
3,547,0.000000,0.506000,0.00000000,89.89674172,0.00000000,180.20776467,0.00000000,0.00000000,78.66539600,89.89674172,84.63531998,1492.48099468,51711.38949836,9891.18697000
3,548,0.000000,0.505000,0.00000000,89.89674172,0.00000000,179.67396130,0.00000000,0.00000000,78.66539600,89.89674172,84.63531998,1492.48099468,51458.07599283,9891.18697000
3,549,0.000000,0.459000,0.00000000,89.89674172,0.00000000,155.11900617,0.00000000,0.00000000,78.66539600,89.89674172,84.63531998,1492.48099468,51204.76248731,9891.18697000
3,550,0.000000,0.405000,0.00000000,73.54194353,0.00000000,142.64842225,0.00000000,0.00000000,63.67817400,73.54194353,68.65710075,1244.73168631,50703.69967341,9891.18697000
3,551,0.000000,0.356000,0.00000000,89.29817159,0.00000000,100.73582895,0.00000000,0.00000000,78.66539600,89.29817159,84.63531998,1492.48099468,50799.54506792,7912.94957600
3,552,0.000000,0.323000,0.00000000,73.54194353,0.00000000,98.87654572,0.00000000,0.00000000,63.67817400,73.54194353,68.65710075,1244.73168631,50298.48225403,9891.18697000
3,553,0.000000,0.295000,0.00000000,89.89674172,0.00000000,67.57525311,0.00000000,0.00000000,78.66539600,89.89674172,84.63531998,1492.48099468,50045.16874850,9891.18697000
3,554,0.000000,0.278000,0.00000000,73.54194353,0.00000000,74.85539397,0.00000000,0.00000000,63.67817400,73.54194353,68.65710075,1244.73168631,49544.10593461,9891.18697000
3,555,0.000000,0.258000,0.00000000,89.89674172,0.00000000,47.82452834,0.00000000,0.00000000,78.66539600,89.89674172,84.63531998,1492.48099468,49290.79242908,9891.18697000
3,556,0.000000,0.244000,0.00000000,89.89674172,0.00000000,40.35128113,0.00000000,0.00000000,78.66539600,89.89674172,84.63531998,1492.48099468,49037.47892355,9891.18697000
3,557,0.000000,0.240000,0.00000000,89.89674172,0.00000000,38.21606764,0.00000000,0.00000000,78.66539600,89.89674172,84.63531998,1492.48099468,48784.16541802,9891.18697000
3,558,0.000000,0.235000,0.00000000,73.54194353,0.00000000,51.90184896,0.00000000,0.00000000,63.67817400,73.54194353,68.65710075,1244.73168631,48283.10260412,9891.18697000
3,559,0.116000,0.212000,34.40358639,55.49315533,0.00000000,57.67315960,0.00000000,0.00000000,78.66539600,89.89674172,84.63531998,1492.48099468,48029.78909860,9891.18697000
3,560,0.308000,0.369000,89.29817159,0.00000000,2.04928192,196.97344438,0.00000000,0.00000000,78.66539600,89.29817159,84.63531998,1492.48099468,48125.63449311,7912.94957600
3,561,0.468000,0.376000,73.54194353,0.00000000,65.25873258,200.71006799,0.00000000,0.00000000,63.67817400,73.54194353,68.65710075,1244.73168631,47624.57167921,9891.18697000
3,562,0.579000,0.318000,89.89674172,0.00000000,81.82460758,169.74947239,0.00000000,0.00000000,78.66539600,89.89674172,84.63531998,1492.48099468,47371.25817368,9891.18697000
3,563,0.642000,0.248000,43.47863956,0.00000000,146.92741613,132.38323633,0.00000000,0.00000000,36.84682300,43.47863956,39.91750131,767.66957627,46742.29214979,7912.94957600
3,564,0.660000,0.183000,89.29817159,0.00000000,106.44637164,97.68601713,0.00000000,0.00000000,78.66539600,89.29817159,84.63531998,1492.48099468,46838.13754430,7912.94957600
3,565,0.630000,0.146000,89.89674172,0.00000000,96.95032228,77.93529236,0.00000000,0.00000000,78.66539600,89.89674172,84.63531998,1492.48099468,46584.82403877,9891.18697000
3,566,0.560000,0.132000,18.94270590,70.46204514,147.14357321,0.00000000,0.00000000,0.00000000,78.66539600,89.40475104,84.63531998,1492.48099468,46618.49933464,8265.18809521
3,567,0.444000,0.140000,107.32720193,0.00000000,24.35549080,74.73247212,0.00000000,0.00000000,94.69756566,107.32720193,101.68074366,1745.79450000,46618.49933444,9891.18697000
3,568,0.273000,0.173000,80.96706107,8.33111053,0.00000000,84.01687288,0.00000000,0.00000000,78.66539600,89.29817159,84.63531998,1492.48099468,46714.34472895,7912.94957600
3,569,0.080000,0.255000,23.72661130,65.57156029,0.00000000,70.54829965,0.00000000,0.00000000,78.66539600,89.29817159,84.63531998,1492.48099468,46810.19012346,7912.94957600
3,570,0.000000,0.367000,0.00000000,89.89674172,0.00000000,106.00909592,0.00000000,0.00000000,78.66539600,89.89674172,84.63531998,1492.48099468,46556.87661793,9891.18697000
3,571,0.000000,0.458000,0.00000000,89.89674172,0.00000000,154.58520280,0.00000000,0.00000000,78.66539600,89.89674172,84.63531998,1492.48099468,46303.56311240,9891.18697000
3,572,0.000000,0.504000,0.00000000,89.89674172,0.00000000,179.14015793,0.00000000,0.00000000,78.66539600,89.89674172,84.63531998,1492.48099468,46050.24960687,9891.18697000
3,573,0.000000,0.519000,0.00000000,89.89674172,0.00000000,187.14720851,0.00000000,0.00000000,78.66539600,89.89674172,84.63531998,1492.48099468,45796.93610134,9891.18697000
3,574,0.000000,0.479000,0.00000000,89.29817159,0.00000000,166.39364374,0.00000000,0.00000000,78.66539600,89.29817159,84.63531998,1492.48099468,45892.78149585,7912.94957600
3,575,0.000000,0.443000,0.00000000,73.54194353,0.00000000,162.93295040,0.00000000,0.00000000,63.67817400,73.54194353,68.65710075,1244.73168631,45391.71868196,9891.18697000
3,576,0.000000,0.459000,0.00000000,73.54194353,0.00000000,171.47380435,0.00000000,0.00000000,63.67817400,73.54194353,68.65710075,1244.73168631,44890.65586807,9891.18697000
3,577,0.000000,0.487000,0.00000000,89.89674172,0.00000000,170.06550060,0.00000000,0.00000000,78.66539600,89.89674172,84.63531998,1492.48099468,44637.34236254,9891.18697000
3,578,0.000000,0.501000,0.00000000,89.89674172,0.00000000,177.53874781,0.00000000,0.00000000,78.66539600,89.89674172,84.63531998,1492.48099468,44384.02885701,9891.18697000
3,579,0.000000,0.508000,0.00000000,73.54194353,0.00000000,197.63016960,0.00000000,0.00000000,63.67817400,73.54194353,68.65710075,1244.73168631,43882.96604311,9891.18697000
3,580,0.000000,0.494000,0.00000000,89.89674172,0.00000000,173.80212420,0.00000000,0.00000000,78.66539600,89.89674172,84.63531998,1492.48099468,43629.65253758,9891.18697000
3,581,0.000000,0.466000,0.00000000,73.54194353,0.00000000,175.21042796,0.00000000,0.00000000,63.67817400,73.54194353,68.65710075,1244.73168631,43128.58972369,9891.18697000
3,582,0.000000,0.442000,0.00000000,89.89674172,0.00000000,146.04434884,0.00000000,0.00000000,78.66539600,89.89674172,84.63531998,1492.48099468,42875.27621816,9891.18697000
3,583,0.097000,0.565000,28.76851620,78.55868572,0.00000000,223.04021963,0.00000000,0.00000000,94.69756566,107.32720193,101.68074366,1745.79450000,42875.27621796,9891.18697000
3,584,0.279000,0.756000,82.74655691,23.98207489,0.00000000,379.57327458,0.00000000,0.00000000,94.69756566,106.72863180,101.68074366,1745.79450000,43224.43511779,7912.94957600
3,585,0.438000,0.773000,107.32720193,0.00000000,22.57599495,412.63000679,0.00000000,0.00000000,94.69756566,107.32720193,101.68074366,1745.79450000,43224.43511759,9891.18697000
3,586,0.546000,0.746000,107.32720193,0.00000000,54.60692020,398.21731574,0.00000000,0.00000000,94.69756566,107.32720193,101.68074366,1745.79450000,43224.43511738,9891.18697000
3,587,0.607000,0.720000,107.32720193,0.00000000,72.69846132,384.33842806,0.00000000,0.00000000,94.69756566,107.32720193,101.68074366,1745.79450000,43224.43511718,9891.18697000
3,588,0.625000,0.695000,107.32720193,0.00000000,78.03694886,370.99334375,0.00000000,0.00000000,94.69756566,107.32720193,101.68074366,1745.79450000,43224.43511697,9891.18697000
3,589,0.599000,0.682000,107.32720193,0.00000000,70.32580019,364.05389991,0.00000000,0.00000000,94.69756566,107.32720193,101.68074366,1745.79450000,43224.43511677,9891.18697000
3,590,0.525000,0.683000,107.32720193,0.00000000,48.37868474,364.58770328,0.00000000,0.00000000,94.69756566,107.32720193,101.68074366,1745.79450000,43224.43511656,9891.18697000
3,591,0.414000,0.703000,107.32720193,0.00000000,15.45801156,375.26377073,0.00000000,0.00000000,94.69756566,107.32720193,101.68074366,1745.79450000,43224.43511636,9891.18697000
3,592,0.251000,0.727000,74.44224296,32.88495897,0.00000000,355.19009270,0.00000000,0.00000000,94.69756566,107.32720193,101.68074366,1745.79450000,43224.43511615,9891.18697000
3,593,0.089000,0.746000,26.39585507,80.93134685,0.00000000,317.28596889,0.00000000,0.00000000,94.69756566,107.32720193,101.68074366,1745.79450000,43224.43511595,9891.18697000
3,594,0.000000,0.742000,0.00000000,107.32720193,0.00000000,288.75490032,0.00000000,0.00000000,94.69756566,107.32720193,101.68074366,1745.79450000,43224.43511574,9891.18697000
3,595,0.000000,0.737000,0.00000000,107.32720193,0.00000000,286.08588346,0.00000000,0.00000000,94.69756566,107.32720193,101.68074366,1745.79450000,43224.43511554,9891.18697000
3,596,0.000000,0.799000,0.00000000,107.32720193,0.00000000,319.18169255,0.00000000,0.00000000,94.69756566,107.32720193,101.68074366,1745.79450000,43224.43511533,9891.18697000
3,597,0.000000,0.806000,0.00000000,107.32720193,0.00000000,322.91831615,0.00000000,0.00000000,94.69756566,107.32720193,101.68074366,1745.79450000,43224.43511513,9891.18697000
3,598,0.000000,0.777000,0.00000000,107.32720193,0.00000000,307.43801836,0.00000000,0.00000000,94.69756566,107.32720193,101.68074366,1745.79450000,43224.43511492,9891.18697000
3,599,0.000000,0.742000,0.00000000,107.32720193,0.00000000,288.75490032,0.00000000,0.00000000,94.69756566,107.32720193,101.68074366,1745.79450000,43224.43511472,9891.18697000
3,600,0.000000,0.705000,0.00000000,2.99285063,0.00000000,373.33852685,0.00000000,0.00000000,0.00000000,2.99285063,0.00000000,0.00000000,41478.64061451,9891.18697000
3,601,0.000000,0.678000,0.00000000,2.99285063,0.00000000,358.92583580,0.00000000,0.00000000,0.00000000,2.99285063,0.00000000,0.00000000,39732.84611431,9891.18697000
3,602,0.000000,0.617000,0.00000000,89.89674172,0.00000000,239.45993900,0.00000000,0.00000000,78.66539600,89.89674172,84.63531998,1492.48099468,39479.53260878,9891.18697000
3,603,0.000000,0.629000,0.00000000,107.32720193,0.00000000,228.43511925,0.00000000,0.00000000,94.69756566,107.32720193,101.68074366,1745.79450000,39479.53260857,9891.18697000
3,604,0.000000,0.574000,0.00000000,89.89674172,0.00000000,216.50639399,0.00000000,0.00000000,78.66539600,89.89674172,84.63531998,1492.48099468,39226.21910304,9891.18697000
3,605,0.000000,0.514000,0.00000000,89.89674172,0.00000000,184.47819165,0.00000000,0.00000000,78.66539600,89.89674172,84.63531998,1492.48099468,38972.90559751,9891.18697000
3,606,0.000000,0.538000,0.00000000,89.89674172,0.00000000,197.28947258,0.00000000,0.00000000,78.66539600,89.89674172,84.63531998,1492.48099468,38719.59209198,9891.18697000
3,607,0.116000,0.604000,34.40358639,55.49315533,0.00000000,266.92408154,0.00000000,0.00000000,78.66539600,89.89674172,84.63531998,1492.48099468,38466.27858645,9891.18697000
3,608,0.304000,0.825000,90.16112294,17.16607898,0.00000000,423.22170317,0.00000000,0.00000000,94.69756566,107.32720193,101.68074366,1745.79450000,38466.27858625,9891.18697000
3,609,0.461000,0.845000,0.00000000,107.32720193,136.72459762,343.73664767,0.00000000,0.00000000,94.69756566,107.32720193,101.68074366,1745.79450000,38466.27858604,9891.18697000
3,610,0.568000,0.811000,107.32720193,0.00000000,61.13173831,432.91453494,0.00000000,0.00000000,94.69756566,107.32720193,101.68074366,1745.79450000,38466.27858584,9891.18697000
3,611,0.628000,0.766000,107.32720193,0.00000000,78.92669679,408.89338319,0.00000000,0.00000000,94.69756566,107.32720193,101.68074366,1745.79450000,38466.27858563,9891.18697000
3,612,0.642000,0.731000,107.32720193,0.00000000,83.07885377,390.21026516,0.00000000,0.00000000,94.69756566,107.32720193,101.68074366,1745.79450000,38466.27858543,9891.18697000
3,613,0.592000,0.710000,107.32720193,0.00000000,68.24972170,379.00039434,0.00000000,0.00000000,94.69756566,107.32720193,101.68074366,1745.79450000,38466.27858522,9891.18697000
3,614,0.507000,0.692000,73.54194353,0.00000000,76.82545559,369.39193364,0.00000000,0.00000000,63.67817400,73.54194353,68.65710075,1244.73168631,37965.21577133,9891.18697000
3,615,0.385000,0.685000,107.32720193,0.00000000,6.85711496,365.65531003,0.00000000,0.00000000,94.69756566,107.32720193,101.68074366,1745.79450000,37965.21577113,9891.18697000
3,616,0.239000,0.703000,70.88325126,36.44395066,0.00000000,338.81982007,0.00000000,0.00000000,94.69756566,107.32720193,101.68074366,1745.79450000,37965.21577092,9891.18697000
3,617,0.080000,0.739000,23.72661130,83.60059062,0.00000000,310.88010151,0.00000000,0.00000000,94.69756566,107.32720193,101.68074366,1745.79450000,37965.21577072,9891.18697000
3,618,0.000000,0.746000,0.00000000,107.32720193,0.00000000,290.89011381,0.00000000,0.00000000,94.69756566,107.32720193,101.68074366,1745.79450000,37965.21577051,9891.18697000
3,619,0.000000,0.739000,0.00000000,107.32720193,0.00000000,287.15349021,0.00000000,0.00000000,94.69756566,107.32720193,101.68074366,1745.79450000,37965.21577031,9891.18697000
3,620,0.000000,0.769000,0.00000000,107.32720193,0.00000000,303.16759138,0.00000000,0.00000000,94.69756566,107.32720193,101.68074366,1745.79450000,37965.21577010,9891.18697000
3,621,0.000000,0.749000,0.00000000,107.32720193,0.00000000,292.49152393,0.00000000,0.00000000,94.69756566,107.32720193,101.68074366,1745.79450000,37965.21576990,9891.18697000
3,622,0.000000,0.700000,0.00000000,107.32720193,0.00000000,266.33515869,0.00000000,0.00000000,94.69756566,107.32720193,101.68074366,1745.79450000,37965.21576969,9891.18697000
3,623,0.000000,0.661000,0.00000000,107.32720193,0.00000000,245.51682717,0.00000000,0.00000000,94.69756566,107.32720193,101.68074366,1745.79450000,37965.21576949,9891.18697000
3,624,0.000000,0.622000,0.00000000,73.54194353,0.00000000,258.48375404,0.00000000,0.00000000,63.67817400,73.54194353,68.65710075,1244.73168631,37464.15295559,9891.18697000
3,625,0.000000,0.597000,0.00000000,89.89674172,0.00000000,228.78387155,0.00000000,0.00000000,78.66539600,89.89674172,84.63531998,1492.48099468,37210.83945006,9891.18697000
3,626,0.000000,0.526000,0.00000000,89.89674172,0.00000000,190.88383212,0.00000000,0.00000000,78.66539600,89.89674172,84.63531998,1492.48099468,36957.52594453,9891.18697000
3,627,0.000000,0.416000,0.00000000,89.89674172,0.00000000,132.16546116,0.00000000,0.00000000,78.66539600,89.89674172,84.63531998,1492.48099468,36704.21243900,9891.18697000
3,628,0.000000,0.376000,0.00000000,89.89674172,0.00000000,110.81332627,0.00000000,0.00000000,78.66539600,89.89674172,84.63531998,1492.48099468,36450.89893347,9891.18697000
3,629,0.000000,0.379000,0.00000000,89.89674172,0.00000000,112.41473639,0.00000000,0.00000000,78.66539600,89.89674172,84.63531998,1492.48099468,36197.58542795,9891.18697000
3,630,0.000000,0.393000,0.00000000,89.89674172,0.00000000,119.88798360,0.00000000,0.00000000,78.66539600,89.89674172,84.63531998,1492.48099468,35944.27192242,9891.18697000
3,631,0.112000,0.468000,33.21725582,74.10994610,0.00000000,175.71003213,0.00000000,0.00000000,94.69756566,107.32720193,101.68074366,1745.79450000,35944.27192221,9891.18697000
3,632,0.294000,0.729000,87.19529653,20.13190539,0.00000000,369.01075302,0.00000000,0.00000000,94.69756566,107.32720193,101.68074366,1745.79450000,35944.27192201,9891.18697000
3,633,0.445000,0.753000,107.32720193,0.00000000,24.65207344,401.95393935,0.00000000,0.00000000,94.69756566,107.32720193,101.68074366,1745.79450000,35944.27192180,9891.18697000
3,634,0.564000,0.699000,107.32720193,0.00000000,59.94540775,373.12855724,0.00000000,0.00000000,94.69756566,107.32720193,101.68074366,1745.79450000,35944.27192160,9891.18697000
3,635,0.622000,0.632000,107.32720193,0.00000000,77.14720094,337.36373130,0.00000000,0.00000000,94.69756566,107.32720193,101.68074366,1745.79450000,35944.27192139,9891.18697000
3,636,0.634000,0.574000,107.32720193,0.00000000,80.70619264,306.40313570,0.00000000,0.00000000,94.69756566,107.32720193,101.68074366,1745.79450000,35944.27192119,9891.18697000
3,637,0.600000,0.535000,73.54194353,0.00000000,104.40764123,285.58480418,0.00000000,0.00000000,63.67817400,73.54194353,68.65710075,1244.73168631,35443.20910729,9891.18697000
3,638,0.504000,0.527000,89.89674172,0.00000000,59.58090948,281.31437721,0.00000000,0.00000000,78.66539600,89.89674172,84.63531998,1492.48099468,35189.89560176,9891.18697000
3,639,0.398000,0.559000,89.89674172,0.00000000,28.14314951,298.39608512,0.00000000,0.00000000,78.66539600,89.89674172,84.63531998,1492.48099468,34936.58209623,9891.18697000
3,640,0.239000,0.609000,70.88325126,19.01349045,0.00000000,306.07276328,0.00000000,0.00000000,78.66539600,89.89674172,84.63531998,1492.48099468,34683.26859070,9891.18697000
3,641,0.082000,0.657000,24.31977658,65.57696513,0.00000000,285.13185047,0.00000000,0.00000000,78.66539600,89.89674172,84.63531998,1492.48099468,34429.95508517,9891.18697000
3,642,0.000000,0.645000,0.00000000,89.89674172,0.00000000,254.40643342,0.00000000,0.00000000,78.66539600,89.89674172,84.63531998,1492.48099468,34176.64157964,9891.18697000
3,643,0.000000,0.611000,0.00000000,89.89674172,0.00000000,236.25711876,0.00000000,0.00000000,78.66539600,89.89674172,84.63531998,1492.48099468,33923.32807412,9891.18697000
3,644,0.000000,0.627000,0.00000000,107.32720193,0.00000000,227.36751251,0.00000000,0.00000000,94.69756566,107.32720193,101.68074366,1745.79450000,33923.32807391,9891.18697000
3,645,0.000000,0.618000,0.00000000,89.89674172,0.00000000,239.99374237,0.00000000,0.00000000,78.66539600,89.89674172,84.63531998,1492.48099468,33670.01456838,9891.18697000
3,646,0.000000,0.525000,0.00000000,89.89674172,0.00000000,190.35002874,0.00000000,0.00000000,78.66539600,89.89674172,84.63531998,1492.48099468,33416.70106285,9891.18697000
3,647,0.000000,0.413000,0.00000000,73.54194353,0.00000000,146.91884923,0.00000000,0.00000000,63.67817400,73.54194353,68.65710075,1244.73168631,32915.63824896,9891.18697000
3,648,0.000000,0.337000,0.00000000,89.89674172,0.00000000,89.99499475,0.00000000,0.00000000,78.66539600,89.89674172,84.63531998,1492.48099468,32662.32474343,9891.18697000
3,649,0.000000,0.286000,0.00000000,89.89674172,0.00000000,62.77102276,0.00000000,0.00000000,78.66539600,89.89674172,84.63531998,1492.48099468,32409.01123790,9891.18697000
3,650,0.000000,0.264000,0.00000000,89.89674172,0.00000000,51.02734857,0.00000000,0.00000000,78.66539600,89.89674172,84.63531998,1492.48099468,32155.69773237,9891.18697000
3,651,0.000000,0.312000,0.00000000,89.89674172,0.00000000,76.64991044,0.00000000,0.00000000,78.66539600,89.89674172,84.63531998,1492.48099468,31902.38422684,9891.18697000
3,652,0.000000,0.365000,0.00000000,89.89674172,0.00000000,104.94148918,0.00000000,0.00000000,78.66539600,89.89674172,84.63531998,1492.48099468,31649.07072131,9891.18697000
3,653,0.000000,0.453000,0.00000000,89.89674172,0.00000000,151.91618594,0.00000000,0.00000000,78.66539600,89.89674172,84.63531998,1492.48099468,31395.75721578,9891.18697000
3,654,0.000000,0.498000,0.00000000,89.89674172,0.00000000,175.93733769,0.00000000,0.00000000,78.66539600,89.89674172,84.63531998,1492.48099468,31142.44371025,9891.18697000
3,655,0.088000,0.506000,26.09927243,47.44267110,0.00000000,222.66183528,0.00000000,0.00000000,63.67817400,73.54194353,68.65710075,1244.73168631,30641.38089636,9891.18697000
3,656,0.243000,0.680000,72.06958183,35.25762010,0.00000000,327.72867307,0.00000000,0.00000000,94.69756566,107.32720193,101.68074366,1745.79450000,30641.38089615,9891.18697000
3,657,0.415000,0.728000,107.32720193,0.00000000,15.75459420,388.60885504,0.00000000,0.00000000,94.69756566,107.32720193,101.68074366,1745.79450000,30641.38089595,9891.18697000
3,658,0.540000,0.698000,107.32720193,0.00000000,52.82742436,372.59475387,0.00000000,0.00000000,94.69756566,107.32720193,101.68074366,1745.79450000,30641.38089574,9891.18697000
3,659,0.624000,0.650000,107.32720193,0.00000000,77.74036622,346.97219200,0.00000000,0.00000000,94.69756566,107.32720193,101.68074366,1745.79450000,30641.38089554,9891.18697000
3,660,0.633000,0.606000,107.32720193,0.00000000,80.40960999,323.48484362,0.00000000,0.00000000,94.69756566,107.32720193,101.68074366,1745.79450000,30641.38089533,9891.18697000
3,661,0.615000,0.574000,107.32720193,0.00000000,75.07112245,306.40313570,0.00000000,0.00000000,94.69756566,107.32720193,101.68074366,1745.79450000,30641.38089513,9891.18697000
3,662,0.532000,0.560000,73.54194353,0.00000000,84.24002162,298.92988849,0.00000000,0.00000000,63.67817400,73.54194353,68.65710075,1244.73168631,30140.31808123,9891.18697000
3,663,0.391000,0.567000,107.32720193,0.00000000,8.63661081,302.66651210,0.00000000,0.00000000,94.69756566,107.32720193,101.68074366,1745.79450000,30140.31808103,9891.18697000
3,664,0.238000,0.616000,70.58666862,36.74053330,0.00000000,292.08234404,0.00000000,0.00000000,94.69756566,107.32720193,101.68074366,1745.79450000,30140.31808082,9891.18697000
3,665,0.088000,0.687000,26.09927243,81.22792949,0.00000000,285.49498728,0.00000000,0.00000000,94.69756566,107.32720193,101.68074366,1745.79450000,30140.31808062,9891.18697000
3,666,0.000000,0.722000,0.00000000,107.32720193,0.00000000,278.07883288,0.00000000,0.00000000,94.69756566,107.32720193,101.68074366,1745.79450000,30140.31808041,9891.18697000
3,667,0.000000,0.767000,0.00000000,107.32720193,0.00000000,302.09998463,0.00000000,0.00000000,94.69756566,107.32720193,101.68074366,1745.79450000,30140.31808021,9891.18697000
3,668,0.000000,0.792000,0.00000000,107.32720193,0.00000000,315.44506894,0.00000000,0.00000000,94.69756566,107.32720193,101.68074366,1745.79450000,30140.31808000,9891.18697000
3,669,0.000000,0.798000,0.00000000,107.32720193,0.00000000,318.64788917,0.00000000,0.00000000,94.69756566,107.32720193,101.68074366,1745.79450000,30140.31807980,9891.18697000
3,670,0.000000,0.772000,0.00000000,107.32720193,0.00000000,304.76900149,0.00000000,0.00000000,94.69756566,107.32720193,101.68074366,1745.79450000,30140.31807959,9891.18697000
3,671,0.000000,0.756000,0.00000000,107.32720193,0.00000000,296.22814754,0.00000000,0.00000000,94.69756566,107.32720193,101.68074366,1745.79450000,30140.31807939,9891.18697000
3,672,0.000000,0.729000,0.00000000,107.32720193,0.00000000,281.81545648,0.00000000,0.00000000,94.69756566,107.32720193,101.68074366,1745.79450000,30140.31807918,9891.18697000
3,673,0.000000,0.700000,0.00000000,2.99285063,0.00000000,370.66950999,0.00000000,0.00000000,0.00000000,2.99285063,0.00000000,0.00000000,28394.52357898,9891.18697000
3,674,0.000000,0.677000,0.00000000,44.07720969,0.00000000,317.30767336,0.00000000,0.00000000,36.84682300,44.07720969,39.91750131,767.66957627,27416.39865504,9891.18697000
3,675,0.000000,0.607000,0.00000000,44.07720969,0.00000000,279.94143730,0.00000000,0.00000000,36.84682300,44.07720969,39.91750131,767.66957627,26438.27373111,9891.18697000
3,676,0.000000,0.562000,0.00000000,107.32720193,0.00000000,192.67029331,0.00000000,0.00000000,94.69756566,107.32720193,101.68074366,1745.79450000,26438.27373090,9891.18697000
3,677,0.000000,0.525000,0.00000000,107.32720193,0.00000000,172.91956853,0.00000000,0.00000000,94.69756566,107.32720193,101.68074366,1745.79450000,26438.27373070,9891.18697000
3,678,0.000000,0.471000,0.00000000,107.32720193,0.00000000,144.09418643,0.00000000,0.00000000,94.69756566,107.32720193,101.68074366,1745.79450000,26438.27373049,9891.18697000
3,679,0.120000,0.529000,35.58991695,71.73728497,0.00000000,210.64469898,0.00000000,0.00000000,94.69756566,107.32720193,101.68074366,1745.79450000,26438.27373029,9891.18697000
3,680,0.314000,0.777000,93.12694936,14.20025257,0.00000000,400.56496771,0.00000000,0.00000000,94.69756566,107.32720193,101.68074366,1745.79450000,26438.27373008,9891.18697000
3,681,0.475000,0.793000,107.32720193,0.00000000,33.54955268,423.30607424,0.00000000,0.00000000,94.69756566,107.32720193,101.68074366,1745.79450000,26438.27372988,9891.18697000
3,682,0.584000,0.721000,107.32720193,0.00000000,65.87706057,384.87223143,0.00000000,0.00000000,94.69756566,107.32720193,101.68074366,1745.79450000,26438.27372967,9891.18697000
3,683,0.641000,0.626000,107.32720193,0.00000000,82.78227113,334.16091106,0.00000000,0.00000000,94.69756566,107.32720193,101.68074366,1745.79450000,26438.27372947,9891.18697000
3,684,0.651000,0.541000,107.32720193,0.00000000,85.74809754,288.78762442,0.00000000,0.00000000,94.69756566,107.32720193,101.68074366,1745.79450000,26438.27372926,9891.18697000
3,685,0.618000,0.464000,107.32720193,0.00000000,75.96087038,247.68476475,0.00000000,0.00000000,94.69756566,107.32720193,101.68074366,1745.79450000,26438.27372906,9891.18697000
3,686,0.548000,0.403000,89.89674172,0.00000000,72.63054570,215.12275904,0.00000000,0.00000000,78.66539600,89.89674172,84.63531998,1492.48099468,26184.96022353,9891.18697000
3,687,0.439000,0.376000,107.32720193,0.00000000,22.87257759,200.71006799,0.00000000,0.00000000,94.69756566,107.32720193,101.68074366,1745.79450000,26184.96022332,9891.18697000
3,688,0.287000,0.396000,85.11921804,22.20798388,0.00000000,189.17815155,0.00000000,0.00000000,94.69756566,107.32720193,101.68074366,1745.79450000,26184.96022312,9891.18697000
3,689,0.101000,0.470000,29.95484677,77.37235516,0.00000000,173.51522983,0.00000000,0.00000000,94.69756566,107.32720193,101.68074366,1745.79450000,26184.96022291,9891.18697000
3,690,0.000000,0.618000,0.00000000,107.32720193,0.00000000,222.56328216,0.00000000,0.00000000,94.69756566,107.32720193,101.68074366,1745.79450000,26184.96022271,9891.18697000
3,691,0.000000,0.746000,0.00000000,107.32720193,0.00000000,290.89011381,0.00000000,0.00000000,94.69756566,107.32720193,101.68074366,1745.79450000,26184.96022250,9891.18697000
3,692,0.000000,0.799000,0.00000000,107.32720193,0.00000000,319.18169255,0.00000000,0.00000000,94.69756566,107.32720193,101.68074366,1745.79450000,26184.96022230,9891.18697000
3,693,0.000000,0.812000,0.00000000,107.32720193,0.00000000,326.12113639,0.00000000,0.00000000,94.69756566,107.32720193,101.68074366,1745.79450000,26184.96022209,9891.18697000
3,694,0.000000,0.797000,0.00000000,107.32720193,0.00000000,318.11408580,0.00000000,0.00000000,94.69756566,107.32720193,101.68074366,1745.79450000,26184.96022189,9891.18697000
3,695,0.000000,0.766000,0.00000000,107.32720193,0.00000000,301.56618126,0.00000000,0.00000000,94.69756566,107.32720193,101.68074366,1745.79450000,26184.96022168,9891.18697000
3,696,0.000000,0.704000,0.00000000,107.32720193,0.00000000,268.47037218,0.00000000,0.00000000,94.69756566,107.32720193,101.68074366,1745.79450000,26184.96022148,9891.18697000
3,697,0.000000,0.631000,0.00000000,107.32720193,0.00000000,229.50272600,0.00000000,0.00000000,94.69756566,107.32720193,101.68074366,1745.79450000,26184.96022127,9891.18697000
3,698,0.000000,0.544000,0.00000000,107.32720193,0.00000000,183.06183261,0.00000000,0.00000000,94.69756566,107.32720193,101.68074366,1745.79450000,26184.96022107,9891.18697000
3,699,0.000000,0.481000,0.00000000,107.32720193,0.00000000,149.43222015,0.00000000,0.00000000,94.69756566,107.32720193,101.68074366,1745.79450000,26184.96022086,9891.18697000
3,700,0.000000,0.406000,0.00000000,107.32720193,0.00000000,109.39696723,0.00000000,0.00000000,94.69756566,107.32720193,101.68074366,1745.79450000,26184.96022066,9891.18697000
3,701,0.000000,0.378000,0.00000000,107.32720193,0.00000000,94.45047281,0.00000000,0.00000000,94.69756566,107.32720193,101.68074366,1745.79450000,26184.96022045,9891.18697000
3,702,0.000000,0.369000,0.00000000,107.32720193,0.00000000,89.64624245,0.00000000,0.00000000,94.69756566,107.32720193,101.68074366,1745.79450000,26184.96022025,9891.18697000
3,703,0.124000,0.367000,36.77624752,70.55095441,0.00000000,125.35488323,0.00000000,0.00000000,94.69756566,107.32720193,101.68074366,1745.79450000,26184.96022004,9891.18697000
3,704,0.320000,0.722000,94.90644520,12.42075672,0.00000000,372.98527808,0.00000000,0.00000000,94.69756566,107.32720193,101.68074366,1745.79450000,26184.96021984,9891.18697000
3,705,0.481000,0.710000,107.32720193,0.00000000,35.32904852,379.00039434,0.00000000,0.00000000,94.69756566,107.32720193,101.68074366,1745.79450000,26184.96021963,9891.18697000
3,706,0.591000,0.615000,107.32720193,0.00000000,67.95313906,328.28907397,0.00000000,0.00000000,94.69756566,107.32720193,101.68074366,1745.79450000,26184.96021943,9891.18697000
3,707,0.648000,0.525000,107.32720193,0.00000000,84.85834961,280.24677046,0.00000000,0.00000000,94.69756566,107.32720193,101.68074366,1745.79450000,26184.96021922,9891.18697000
3,708,0.653000,0.460000,107.32720193,0.00000000,86.34126282,245.54955126,0.00000000,0.00000000,94.69756566,107.32720193,101.68074366,1745.79450000,26184.96021902,9891.18697000
3,709,0.622000,0.414000,107.32720193,0.00000000,77.14720094,220.99459613,0.00000000,0.00000000,94.69756566,107.32720193,101.68074366,1745.79450000,26184.96021881,9891.18697000
3,710,0.563000,0.396000,107.32720193,0.00000000,59.64882511,211.38613543,0.00000000,0.00000000,94.69756566,107.32720193,101.68074366,1745.79450000,26184.96021861,9891.18697000
3,711,0.456000,0.420000,107.32720193,0.00000000,27.91448249,224.19741637,0.00000000,0.00000000,94.69756566,107.32720193,101.68074366,1745.79450000,26184.96021840,9891.18697000
3,712,0.292000,0.475000,86.60213125,20.72507068,0.00000000,232.83153117,0.00000000,0.00000000,94.69756566,107.32720193,101.68074366,1745.79450000,26184.96021820,9891.18697000
3,713,0.101000,0.563000,29.95484677,77.37235516,0.00000000,223.15894345,0.00000000,0.00000000,94.69756566,107.32720193,101.68074366,1745.79450000,26184.96021799,9891.18697000
3,714,0.000000,0.661000,0.00000000,107.32720193,0.00000000,245.51682717,0.00000000,0.00000000,94.69756566,107.32720193,101.68074366,1745.79450000,26184.96021779,9891.18697000
3,715,0.000000,0.715000,0.00000000,107.32720193,0.00000000,274.34220927,0.00000000,0.00000000,94.69756566,107.32720193,101.68074366,1745.79450000,26184.96021758,9891.18697000
3,716,0.000000,0.715000,0.00000000,107.32720193,0.00000000,274.34220927,0.00000000,0.00000000,94.69756566,107.32720193,101.68074366,1745.79450000,26184.96021738,9891.18697000
3,717,0.000000,0.684000,0.00000000,107.32720193,0.00000000,257.79430473,0.00000000,0.00000000,94.69756566,107.32720193,101.68074366,1745.79450000,26184.96021717,9891.18697000
3,718,0.000000,0.610000,0.00000000,107.32720193,0.00000000,218.29285518,0.00000000,0.00000000,94.69756566,107.32720193,101.68074366,1745.79450000,26184.96021697,9891.18697000
3,719,0.000000,0.495000,0.00000000,107.32720193,0.00000000,156.90546737,0.00000000,0.00000000,94.69756566,107.32720193,101.68074366,1745.79450000,26184.96021676,9891.18697000
3,720,0.000000,0.418000,0.00000000,107.32720193,0.00000000,115.80260770,0.00000000,0.00000000,94.69756566,107.32720193,101.68074366,1745.79450000,26184.96021656,9891.18697000
3,721,0.000000,0.369000,0.00000000,107.32720193,0.00000000,89.64624245,0.00000000,0.00000000,94.69756566,107.32720193,101.68074366,1745.79450000,26184.96021635,9891.18697000
3,722,0.000000,0.327000,0.00000000,107.32720193,0.00000000,67.22650082,0.00000000,0.00000000,94.69756566,107.32720193,101.68074366,1745.79450000,26184.96021615,9891.18697000
3,723,0.000000,0.346000,0.00000000,107.32720193,0.00000000,77.36876489,0.00000000,0.00000000,94.69756566,107.32720193,101.68074366,1745.79450000,26184.96021594,9891.18697000
3,724,0.000000,0.364000,0.00000000,107.32720193,0.00000000,86.97722559,0.00000000,0.00000000,94.69756566,107.32720193,101.68074366,1745.79450000,26184.96021574,9891.18697000
3,725,0.000000,0.370000,0.00000000,107.32720193,0.00000000,90.18004583,0.00000000,0.00000000,94.69756566,107.32720193,101.68074366,1745.79450000,26184.96021553,9891.18697000
3,726,0.000000,0.374000,0.00000000,107.32720193,0.00000000,92.31525932,0.00000000,0.00000000,94.69756566,107.32720193,101.68074366,1745.79450000,26184.96021533,9891.18697000
3,727,0.100000,0.406000,29.65826413,77.66893780,0.00000000,139.05523136,0.00000000,0.00000000,94.69756566,107.32720193,101.68074366,1745.79450000,26184.96021512,9891.18697000
3,728,0.293000,0.576000,86.89871389,20.42848804,0.00000000,287.04225441,0.00000000,0.00000000,94.69756566,107.32720193,101.68074366,1745.79450000,26184.96021492,9891.18697000
3,729,0.452000,0.603000,107.32720193,0.00000000,26.72815193,321.88343350,0.00000000,0.00000000,94.69756566,107.32720193,101.68074366,1745.79450000,26184.96021471,9891.18697000
3,730,0.564000,0.580000,107.32720193,0.00000000,59.94540775,309.60595594,0.00000000,0.00000000,94.69756566,107.32720193,101.68074366,1745.79450000,26184.96021451,9891.18697000
3,731,0.624000,0.552000,107.32720193,0.00000000,77.74036622,294.65946151,0.00000000,0.00000000,94.69756566,107.32720193,101.68074366,1745.79450000,26184.96021430,9891.18697000
3,732,0.649000,0.513000,107.32720193,0.00000000,85.15493226,273.84112999,0.00000000,0.00000000,94.69756566,107.32720193,101.68074366,1745.79450000,26184.96021410,9891.18697000
3,733,0.624000,0.477000,107.32720193,0.00000000,77.74036622,254.62420859,0.00000000,0.00000000,94.69756566,107.32720193,101.68074366,1745.79450000,26184.96021389,9891.18697000
3,734,0.557000,0.465000,107.32720193,0.00000000,57.86932926,248.21856812,0.00000000,0.00000000,94.69756566,107.32720193,101.68074366,1745.79450000,26184.96021369,9891.18697000
3,735,0.442000,0.481000,107.32720193,0.00000000,23.76232551,256.75942208,0.00000000,0.00000000,94.69756566,107.32720193,101.68074366,1745.79450000,26184.96021348,9891.18697000
3,736,0.270000,0.535000,80.07731314,27.24988878,0.00000000,258.33491540,0.00000000,0.00000000,94.69756566,107.32720193,101.68074366,1745.79450000,26184.96021328,9891.18697000
3,737,0.104000,0.635000,30.84459469,76.48260723,0.00000000,262.48253418,0.00000000,0.00000000,94.69756566,107.32720193,101.68074366,1745.79450000,26184.96021307,9891.18697000
3,738,0.000000,0.720000,0.00000000,107.32720193,0.00000000,277.01122613,0.00000000,0.00000000,94.69756566,107.32720193,101.68074366,1745.79450000,26184.96021287,9891.18697000
3,739,0.000000,0.798000,0.00000000,107.32720193,0.00000000,318.64788917,0.00000000,0.00000000,94.69756566,107.32720193,101.68074366,1745.79450000,26184.96021266,9891.18697000
3,740,0.000000,0.814000,0.00000000,107.32720193,0.00000000,327.18874313,0.00000000,0.00000000,94.69756566,107.32720193,101.68074366,1745.79450000,26184.96021246,9891.18697000
3,741,0.000000,0.753000,0.00000000,107.32720193,0.00000000,294.62673742,0.00000000,0.00000000,94.69756566,107.32720193,101.68074366,1745.79450000,26184.96021225,9891.18697000
3,742,0.000000,0.668000,0.00000000,107.32720193,0.00000000,249.25345077,0.00000000,0.00000000,94.69756566,107.32720193,101.68074366,1745.79450000,26184.96021205,9891.18697000
3,743,0.000000,0.586000,0.00000000,107.32720193,0.00000000,205.48157425,0.00000000,0.00000000,94.69756566,107.32720193,101.68074366,1745.79450000,26184.96021184,9891.18697000
3,744,0.000000,0.506000,0.00000000,107.32720193,0.00000000,162.77730446,0.00000000,0.00000000,94.69756566,107.32720193,101.68074366,1745.79450000,26184.96021164,9891.18697000
4,1,0.000000,0.231000,0.00000000,2.39428050,0.00000000,120.91429850,0.00000000,0.00000000,0.00000000,2.39428050,0.00000000,0.00000000,24788.32461147,7912.94957600
4,2,0.000000,0.223000,0.00000000,2.39428050,0.00000000,116.64387152,0.00000000,0.00000000,0.00000000,2.39428050,0.00000000,0.00000000,23391.68901131,7912.94957600
4,3,0.000000,0.211000,0.00000000,2.39428050,0.00000000,110.23823106,0.00000000,0.00000000,0.00000000,2.39428050,0.00000000,0.00000000,21995.05341115,7912.94957600
4,4,0.000000,0.196000,0.00000000,2.39428050,0.00000000,102.23118047,0.00000000,0.00000000,0.00000000,2.39428050,0.00000000,0.00000000,20598.41781098,7912.94957600
4,5,0.000000,0.195000,0.00000000,2.39428050,0.00000000,101.69737710,0.00000000,0.00000000,0.00000000,2.39428050,0.00000000,0.00000000,19201.78221082,7912.94957600
4,6,0.000000,0.164000,0.00000000,2.39428050,0.00000000,85.14947256,0.00000000,0.00000000,0.00000000,2.39428050,0.00000000,0.00000000,17805.14661065,7912.94957600
4,7,0.089000,0.161000,0.00000000,30.37356422,26.39585507,55.56877872,0.00000000,0.00000000,25.00174700,30.37356422,27.15938231,539.40882693,16947.91983742,7912.94957600
4,8,0.234000,0.188000,2.39428050,0.00000000,67.00605756,100.35503399,0.00000000,0.00000000,0.00000000,2.39428050,0.00000000,0.00000000,15551.28423725,7912.94957600
4,9,0.373000,0.170000,2.39428050,0.00000000,108.23104469,90.74657329,0.00000000,0.00000000,0.00000000,2.39428050,0.00000000,0.00000000,14154.64863709,7912.94957600
4,10,0.459000,0.161000,2.39428050,0.00000000,133.73715184,85.94234294,0.00000000,0.00000000,0.00000000,2.39428050,0.00000000,0.00000000,12758.01303692,7912.94957600
4,11,0.498000,0.162000,2.39428050,0.00000000,145.30387485,86.47614631,0.00000000,0.00000000,0.00000000,2.39428050,0.00000000,0.00000000,11361.37743676,7912.94957600
4,12,0.431000,0.163000,2.39428050,0.00000000,125.43283788,87.00994969,0.00000000,0.00000000,0.00000000,2.39428050,0.00000000,0.00000000,9964.74183660,7912.94957600
4,13,0.365000,0.168000,57.67001469,0.00000000,50.58264937,89.67896655,0.00000000,0.00000000,49.73928100,57.67001469,53.75120360,1002.98064984,9571.08688627,7912.94957600
4,14,0.311000,0.171000,2.39428050,0.00000000,89.84292093,91.28037666,0.00000000,0.00000000,0.00000000,2.39428050,0.00000000,0.00000000,8174.45128610,7912.94957600
4,15,0.252000,0.182000,74.73882560,31.98980620,0.00000000,65.16240756,0.00000000,0.00000000,94.69756566,106.72863180,101.68074366,1745.79450000,8523.61018594,7912.94957600
4,16,0.166000,0.202000,49.23271845,57.49591335,0.00000000,50.33236785,0.00000000,0.00000000,94.69756566,106.72863180,101.68074366,1745.79450000,8872.76908577,7912.94957600
4,17,0.065000,0.241000,19.27787168,87.45076012,0.00000000,41.19585261,0.00000000,0.00000000,94.69756566,106.72863180,101.68074366,1745.79450000,9221.92798561,7912.94957600
4,18,0.000000,0.268000,0.00000000,106.72863180,0.00000000,36.33067198,0.00000000,0.00000000,94.69756566,106.72863180,101.68074366,1745.79450000,9571.08688545,7912.94957600
4,19,0.000000,0.274000,0.00000000,106.72863180,0.00000000,39.53349221,0.00000000,0.00000000,94.69756566,106.72863180,101.68074366,1745.79450000,9920.24578528,7912.94957600
4,20,0.000000,0.255000,0.00000000,106.72863180,0.00000000,29.39122814,0.00000000,0.00000000,94.69756566,106.72863180,101.68074366,1745.79450000,10269.40468512,7912.94957600
4,21,0.000000,0.245000,0.00000000,72.94337341,0.00000000,57.83845281,0.00000000,0.00000000,63.67817400,72.94337341,68.65710075,1244.73168631,10117.50077127,7912.94957600
4,22,0.000000,0.240000,0.00000000,57.67001469,0.00000000,70.44279467,0.00000000,0.00000000,49.73928100,57.67001469,53.75120360,1002.98064984,9723.84582094,7912.94957600
4,23,0.000000,0.239000,0.00000000,89.29817159,0.00000000,38.28083439,0.00000000,0.00000000,78.66539600,89.29817159,84.63531998,1492.48099468,9819.69121545,7912.94957600
4,24,0.000000,0.219000,0.00000000,2.39428050,0.00000000,114.50865803,0.00000000,0.00000000,0.00000000,2.39428050,0.00000000,0.00000000,8423.05561529,7912.94957600
4,25,0.000000,0.195000,0.00000000,104.09165760,0.00000000,0.00000000,0.00000000,0.00000000,92.27213237,104.09165760,99.10201986,1707.47187072,8733.89188584,7912.94957600
4,26,0.000000,0.204000,0.00000000,106.72863180,0.00000000,2.16725615,0.00000000,0.00000000,94.69756566,106.72863180,101.68074366,1745.79450000,9083.05078567,7912.94957600
4,27,0.000000,0.208000,0.00000000,43.47863956,0.00000000,67.55246188,0.00000000,0.00000000,36.84682300,43.47863956,39.91750131,767.66957627,8454.08476178,7912.94957600
4,28,0.000000,0.219000,0.00000000,30.37356422,0.00000000,86.52937431,0.00000000,0.00000000,25.00174700,30.37356422,27.15938231,539.40882693,7596.85798854,7912.94957600
4,29,0.000000,0.241000,0.00000000,72.94337341,0.00000000,55.70323932,0.00000000,0.00000000,63.67817400,72.94337341,68.65710075,1244.73168631,7444.95407469,7912.94957600
4,30,0.008000,0.260000,2.37266113,104.35597067,0.00000000,34.43290613,0.00000000,0.00000000,94.69756566,106.72863180,101.68074366,1745.79450000,7794.11297452,7912.94957600
4,31,0.155000,0.379000,45.97030940,60.75832240,0.00000000,141.55315570,0.00000000,0.00000000,94.69756566,106.72863180,101.68074366,1745.79450000,8143.27187436,7912.94957600
4,32,0.322000,0.447000,95.49961049,11.22902131,0.00000000,227.38108611,0.00000000,0.00000000,94.69756566,106.72863180,101.68074366,1745.79450000,8492.43077419,7912.94957600
4,33,0.462000,0.416000,106.72863180,0.00000000,30.29254846,222.06220288,0.00000000,0.00000000,94.69756566,106.72863180,101.68074366,1745.79450000,8841.58967403,7912.94957600
4,34,0.568000,0.368000,106.72863180,0.00000000,61.73030844,196.43964101,0.00000000,0.00000000,94.69756566,106.72863180,101.68074366,1745.79450000,9190.74857387,7912.94957600
4,35,0.606000,0.327000,106.72863180,0.00000000,73.00044881,174.55370274,0.00000000,0.00000000,94.69756566,106.72863180,101.68074366,1745.79450000,9539.90747370,7912.94957600
4,36,0.551000,0.308000,106.72863180,0.00000000,56.68840354,164.41143867,0.00000000,0.00000000,94.69756566,106.72863180,101.68074366,1745.79450000,9889.06637354,7912.94957600
4,37,0.491000,0.314000,106.72863180,0.00000000,38.89344506,167.61425890,0.00000000,0.00000000,94.69756566,106.72863180,101.68074366,1745.79450000,10238.22527337,7912.94957600
4,38,0.373000,0.338000,106.72863180,0.00000000,3.89669339,180.42553984,0.00000000,0.00000000,94.69756566,106.72863180,101.68074366,1745.79450000,10587.38417321,7912.94957600
4,39,0.287000,0.375000,85.11921804,21.60941376,0.00000000,178.56685086,0.00000000,0.00000000,94.69756566,106.72863180,101.68074366,1745.79450000,10936.54307305,7912.94957600
4,40,0.215000,0.422000,63.76526787,42.96336393,0.00000000,182.30165918,0.00000000,0.00000000,94.69756566,106.72863180,101.68074366,1745.79450000,11285.70197288,7912.94957600
4,41,0.102000,0.479000,30.25142941,76.47720239,0.00000000,179.21461294,0.00000000,0.00000000,94.69756566,106.72863180,101.68074366,1745.79450000,11634.86087272,7912.94957600
4,42,0.001000,0.508000,0.29658264,106.43204916,0.00000000,164.74006397,0.00000000,0.00000000,94.69756566,106.72863180,101.68074366,1745.79450000,11984.01977255,7912.94957600
4,43,0.000000,0.498000,0.00000000,106.72863180,0.00000000,159.10544761,0.00000000,0.00000000,94.69756566,106.72863180,101.68074366,1745.79450000,12333.17867239,7912.94957600
4,44,0.000000,0.461000,0.00000000,106.72863180,0.00000000,139.35472283,0.00000000,0.00000000,94.69756566,106.72863180,101.68074366,1745.79450000,12682.33757223,7912.94957600
4,45,0.000000,0.440000,0.00000000,106.72863180,0.00000000,128.14485201,0.00000000,0.00000000,94.69756566,106.72863180,101.68074366,1745.79450000,13031.49647206,7912.94957600
4,46,0.000000,0.381000,0.00000000,106.72863180,0.00000000,96.65045305,0.00000000,0.00000000,94.69756566,106.72863180,101.68074366,1745.79450000,13380.65537190,7912.94957600
4,47,0.000000,0.315000,0.00000000,89.29817159,0.00000000,78.84989069,0.00000000,0.00000000,78.66539600,89.29817159,84.63531998,1492.48099468,13476.50076641,7912.94957600
4,48,0.000000,0.261000,0.00000000,106.72863180,0.00000000,32.59404837,0.00000000,0.00000000,94.69756566,106.72863180,101.68074366,1745.79450000,13825.65966625,7912.94957600
4,49,0.000000,0.230000,0.00000000,43.47863956,0.00000000,79.29613607,0.00000000,0.00000000,36.84682300,43.47863956,39.91750131,767.66957627,13196.69364235,7912.94957600
4,50,0.000000,0.228000,0.00000000,106.72863180,0.00000000,14.97853708,0.00000000,0.00000000,94.69756566,106.72863180,101.68074366,1745.79450000,13545.85254219,7912.94957600
4,51,0.000000,0.261000,0.00000000,106.72863180,0.00000000,32.59404837,0.00000000,0.00000000,94.69756566,106.72863180,101.68074366,1745.79450000,13895.01144202,7912.94957600
4,52,0.000000,0.308000,0.00000000,106.72863180,0.00000000,57.68280687,0.00000000,0.00000000,94.69756566,106.72863180,101.68074366,1745.79450000,14244.17034186,7912.94957600
4,53,0.000000,0.339000,0.00000000,106.72863180,0.00000000,74.23071141,0.00000000,0.00000000,94.69756566,106.72863180,101.68074366,1745.79450000,14593.32924169,7912.94957600
4,54,0.010000,0.310000,2.96582641,103.76280539,0.00000000,61.71624003,0.00000000,0.00000000,94.69756566,106.72863180,101.68074366,1745.79450000,14942.48814153,7912.94957600
4,55,0.168000,0.386000,49.82588373,56.90274807,0.00000000,149.14535364,0.00000000,0.00000000,94.69756566,106.72863180,101.68074366,1745.79450000,15291.64704137,7912.94957600
4,56,0.368000,0.425000,106.72863180,0.00000000,2.41378018,226.86643323,0.00000000,0.00000000,94.69756566,106.72863180,101.68074366,1745.79450000,15640.80594120,7912.94957600
4,57,0.536000,0.362000,106.72863180,0.00000000,52.23966392,193.23682077,0.00000000,0.00000000,94.69756566,106.72863180,101.68074366,1745.79450000,15989.96484104,7912.94957600
4,58,0.655000,0.310000,106.72863180,0.00000000,87.53299823,165.47904541,0.00000000,0.00000000,94.69756566,106.72863180,101.68074366,1745.79450000,16339.12374087,7912.94957600
4,59,0.719000,0.281000,106.72863180,0.00000000,106.51428727,149.99874762,0.00000000,0.00000000,94.69756566,106.72863180,101.68074366,1745.79450000,16688.28264071,7912.94957600
4,60,0.739000,0.262000,106.72863180,0.00000000,112.44594009,139.85648354,0.00000000,0.00000000,94.69756566,106.72863180,101.68074366,1745.79450000,17037.44154055,7912.94957600
4,61,0.716000,0.244000,106.72863180,0.00000000,105.62453935,130.24802284,0.00000000,0.00000000,94.69756566,106.72863180,101.68074366,1745.79450000,17386.60044038,7912.94957600
4,62,0.641000,0.245000,106.72863180,0.00000000,83.38084125,130.78182621,0.00000000,0.00000000,94.69756566,106.72863180,101.68074366,1745.79450000,17735.75934022,7912.94957600
4,63,0.519000,0.275000,106.72863180,0.00000000,47.19775902,146.79592738,0.00000000,0.00000000,94.69756566,106.72863180,101.68074366,1745.79450000,18084.91824005,7912.94957600
4,64,0.348000,0.347000,103.21075916,3.51787264,0.00000000,181.71189755,0.00000000,0.00000000,94.69756566,106.72863180,101.68074366,1745.79450000,18434.07713989,7912.94957600
4,65,0.158000,0.444000,46.86005732,59.86857448,0.00000000,177.14012282,0.00000000,0.00000000,94.69756566,106.72863180,101.68074366,1745.79450000,18783.23603973,7912.94957600
4,66,0.006000,0.526000,1.77949585,104.94913595,0.00000000,175.83143788,0.00000000,0.00000000,94.69756566,106.72863180,101.68074366,1745.79450000,19132.39493956,7912.94957600
4,67,0.000000,0.557000,0.00000000,2.39428050,0.00000000,294.93419787,0.00000000,0.00000000,0.00000000,2.39428050,0.00000000,0.00000000,17735.75933940,7912.94957600
4,68,0.000000,0.526000,0.00000000,106.72863180,0.00000000,174.05194203,0.00000000,0.00000000,94.69756566,106.72863180,101.68074366,1745.79450000,18084.91823923,7912.94957600
4,69,0.000000,0.473000,0.00000000,57.67001469,0.00000000,194.81898041,0.00000000,0.00000000,49.73928100,57.67001469,53.75120360,1002.98064984,17691.26328891,7912.94957600
4,70,0.000000,0.434000,0.00000000,106.72863180,0.00000000,124.94203178,0.00000000,0.00000000,94.69756566,106.72863180,101.68074366,1745.79450000,18040.42218874,7912.94957600
4,71,0.000000,0.428000,0.00000000,106.72863180,0.00000000,121.73921155,0.00000000,0.00000000,94.69756566,106.72863180,101.68074366,1745.79450000,18389.58108858,7912.94957600
4,72,0.000000,0.376000,0.00000000,89.29817159,0.00000000,111.41189640,0.00000000,0.00000000,78.66539600,89.29817159,84.63531998,1492.48099468,18485.42648309,7912.94957600
4,73,0.000000,0.313000,0.00000000,106.72863180,0.00000000,60.35182373,0.00000000,0.00000000,94.69756566,106.72863180,101.68074366,1745.79450000,18834.58538293,7912.94957600
4,74,0.000000,0.277000,0.00000000,2.39428050,0.00000000,145.46925363,0.00000000,0.00000000,0.00000000,2.39428050,0.00000000,0.00000000,17437.94978276,7912.94957600
4,75,0.000000,0.277000,0.00000000,72.94337341,0.00000000,74.92016072,0.00000000,0.00000000,63.67817400,72.94337341,68.65710075,1244.73168631,17286.04586891,7912.94957600
4,76,0.000000,0.256000,0.00000000,72.94337341,0.00000000,63.71028990,0.00000000,0.00000000,63.67817400,72.94337341,68.65710075,1244.73168631,17134.14195506,7912.94957600
4,77,0.000000,0.229000,0.00000000,106.72863180,0.00000000,15.51234046,0.00000000,0.00000000,94.69756566,106.72863180,101.68074366,1745.79450000,17483.30085489,7912.94957600
4,78,0.004000,0.213000,1.18633057,105.54230124,0.00000000,8.15781707,0.00000000,0.00000000,94.69756566,106.72863180,101.68074366,1745.79450000,17832.45975473,7912.94957600
4,79,0.139000,0.276000,41.22498714,65.50364466,0.00000000,81.82608609,0.00000000,0.00000000,94.69756566,106.72863180,101.68074366,1745.79450000,18181.61865456,7912.94957600
4,80,0.343000,0.288000,101.72784595,5.00078585,0.00000000,148.73458538,0.00000000,0.00000000,94.69756566,106.72863180,101.68074366,1745.79450000,18530.77755440,7912.94957600
4,81,0.527000,0.266000,106.72863180,0.00000000,49.57042015,141.99169703,0.00000000,0.00000000,94.69756566,106.72863180,101.68074366,1745.79450000,18879.93645424,7912.94957600
4,82,0.651000,0.248000,106.72863180,0.00000000,86.34666766,132.38323633,0.00000000,0.00000000,94.69756566,106.72863180,101.68074366,1745.79450000,19229.09535407,7912.94957600
4,83,0.714000,0.228000,106.72863180,0.00000000,105.03137406,121.70716889,0.00000000,0.00000000,94.69756566,106.72863180,101.68074366,1745.79450000,19578.25425391,7912.94957600
4,84,0.714000,0.214000,106.72863180,0.00000000,105.03137406,114.23392167,0.00000000,0.00000000,94.69756566,106.72863180,101.68074366,1745.79450000,19927.41315374,7912.94957600
4,85,0.664000,0.210000,106.72863180,0.00000000,90.20224200,112.09870818,0.00000000,0.00000000,94.69756566,106.72863180,101.68074366,1745.79450000,20276.57205358,7912.94957600
4,86,0.544000,0.211000,106.72863180,0.00000000,54.61232505,112.63251156,0.00000000,0.00000000,94.69756566,106.72863180,101.68074366,1745.79450000,20625.73095342,7912.94957600
4,87,0.394000,0.221000,106.72863180,0.00000000,10.12492886,117.97054528,0.00000000,0.00000000,94.69756566,106.72863180,101.68074366,1745.79450000,20974.88985325,7912.94957600
4,88,0.269000,0.246000,79.78073050,26.94790130,0.00000000,104.36772829,0.00000000,0.00000000,94.69756566,106.72863180,101.68074366,1745.79450000,21324.04875309,7912.94957600
4,89,0.117000,0.311000,34.70016903,72.02846277,0.00000000,93.98438601,0.00000000,0.00000000,94.69756566,106.72863180,101.68074366,1745.79450000,21673.20765292,7912.94957600
4,90,0.001000,0.403000,0.29658264,106.43204916,0.00000000,108.69070988,0.00000000,0.00000000,94.69756566,106.72863180,101.68074366,1745.79450000,22022.36655276,7912.94957600
4,91,0.000000,0.444000,0.00000000,106.72863180,0.00000000,130.28006550,0.00000000,0.00000000,94.69756566,106.72863180,101.68074366,1745.79450000,22371.52545260,7912.94957600
4,92,0.000000,0.434000,0.00000000,106.72863180,0.00000000,124.94203178,0.00000000,0.00000000,94.69756566,106.72863180,101.68074366,1745.79450000,22720.68435243,7912.94957600
4,93,0.000000,0.409000,0.00000000,106.72863180,0.00000000,111.59694747,0.00000000,0.00000000,94.69756566,106.72863180,101.68074366,1745.79450000,23069.84325227,7912.94957600
4,94,0.000000,0.369000,0.00000000,106.72863180,0.00000000,90.24481258,0.00000000,0.00000000,94.69756566,106.72863180,101.68074366,1745.79450000,23419.00215210,7912.94957600
4,95,0.000000,0.325000,0.00000000,106.72863180,0.00000000,66.75746420,0.00000000,0.00000000,94.69756566,106.72863180,101.68074366,1745.79450000,23768.16105194,7912.94957600
4,96,0.000000,0.283000,0.00000000,57.67001469,0.00000000,93.39633968,0.00000000,0.00000000,49.73928100,57.67001469,53.75120360,1002.98064984,23374.50610161,7912.94957600
4,97,0.000000,0.255000,0.00000000,106.72863180,0.00000000,29.39122814,0.00000000,0.00000000,94.69756566,106.72863180,101.68074366,1745.79450000,23723.66500145,7912.94957600
4,98,0.000000,0.246000,0.00000000,72.94337341,0.00000000,58.37225618,0.00000000,0.00000000,63.67817400,72.94337341,68.65710075,1244.73168631,23571.76108760,7912.94957600
4,99,0.000000,0.247000,0.00000000,30.37356422,0.00000000,101.47586873,0.00000000,0.00000000,25.00174700,30.37356422,27.15938231,539.40882693,22714.53431436,7912.94957600
4,100,0.000000,0.233000,0.00000000,106.72863180,0.00000000,17.64755395,0.00000000,0.00000000,94.69756566,106.72863180,101.68074366,1745.79450000,23063.69321419,7912.94957600
4,101,0.000000,0.206000,0.00000000,30.37356422,0.00000000,79.58993047,0.00000000,0.00000000,25.00174700,30.37356422,27.15938231,539.40882693,22206.46644095,7912.94957600
4,102,0.004000,0.168000,1.18633057,89.67896655,0.00000000,0.00000000,0.00000000,0.00000000,80.10680478,90.86529711,86.16782785,1515.25576579,22325.08660658,7912.94957600
4,103,0.117000,0.206000,0.00000000,89.29817159,34.70016903,20.66532310,0.00000000,0.00000000,78.66539600,89.29817159,84.63531998,1492.48099468,22420.93200109,7912.94957600
4,104,0.297000,0.186000,88.08504446,18.64358734,0.00000000,80.64383990,0.00000000,0.00000000,94.69756566,106.72863180,101.68074366,1745.79450000,22770.09090093,7912.94957600
4,105,0.468000,0.137000,106.72863180,0.00000000,32.07204431,73.13106201,0.00000000,0.00000000,94.69756566,106.72863180,101.68074366,1745.79450000,23119.24980076,7912.94957600
4,106,0.586000,0.098000,57.67001469,0.00000000,116.12741309,52.31273049,0.00000000,0.00000000,49.73928100,57.67001469,53.75120360,1002.98064984,22725.59485043,7912.94957600
4,107,0.663000,0.082000,106.72863180,0.00000000,89.90565936,43.77187653,0.00000000,0.00000000,94.69756566,106.72863180,101.68074366,1745.79450000,23074.75375027,7912.94957600
4,108,0.699000,0.093000,106.72863180,0.00000000,100.58263444,49.64371362,0.00000000,0.00000000,94.69756566,106.72863180,101.68074366,1745.79450000,23423.91265011,7912.94957600
4,109,0.681000,0.127000,106.72863180,0.00000000,95.24414690,67.79302828,0.00000000,0.00000000,94.69756566,106.72863180,101.68074366,1745.79450000,23773.07154994,7912.94957600
4,110,0.612000,0.177000,106.72863180,0.00000000,74.77994465,94.48319690,0.00000000,0.00000000,94.69756566,106.72863180,101.68074366,1745.79450000,24122.23044978,7912.94957600
4,111,0.499000,0.227000,106.72863180,0.00000000,41.26610619,121.17336551,0.00000000,0.00000000,94.69756566,106.72863180,101.68074366,1745.79450000,24471.38934961,7912.94957600
4,112,0.310000,0.281000,91.94061879,14.78801301,0.00000000,135.21073461,0.00000000,0.00000000,94.69756566,106.72863180,101.68074366,1745.79450000,24820.54824945,7912.94957600
4,113,0.114000,0.398000,33.81042110,55.48775049,0.00000000,156.96599169,0.00000000,0.00000000,78.66539600,89.29817159,84.63531998,1492.48099468,24916.39364396,7912.94957600
4,114,0.001000,0.541000,0.29658264,106.43204916,0.00000000,182.35557526,0.00000000,0.00000000,94.69756566,106.72863180,101.68074366,1745.79450000,25265.55254380,7912.94957600
4,115,0.000000,0.593000,0.00000000,106.72863180,0.00000000,209.81676798,0.00000000,0.00000000,94.69756566,106.72863180,101.68074366,1745.79450000,25614.71144363,7912.94957600
4,116,0.000000,0.604000,0.00000000,43.47863956,0.00000000,278.93859731,0.00000000,0.00000000,36.84682300,43.47863956,39.91750131,767.66957627,24985.74541974,7912.94957600
4,117,0.000000,0.570000,0.00000000,106.72863180,0.00000000,197.53929041,0.00000000,0.00000000,94.69756566,106.72863180,101.68074366,1745.79450000,25334.90431958,7912.94957600
4,118,0.000000,0.512000,0.00000000,106.72863180,0.00000000,166.57869482,0.00000000,0.00000000,94.69756566,106.72863180,101.68074366,1745.79450000,25684.06321941,7912.94957600
4,119,0.000000,0.435000,0.00000000,72.94337341,0.00000000,159.26109354,0.00000000,0.00000000,63.67817400,72.94337341,68.65710075,1244.73168631,25532.15930556,7912.94957600
4,120,0.000000,0.366000,0.00000000,30.37356422,0.00000000,164.99847004,0.00000000,0.00000000,25.00174700,30.37356422,27.15938231,539.40882693,24674.93253232,7912.94957600
4,121,0.000000,0.291000,0.00000000,106.72863180,0.00000000,48.60814954,0.00000000,0.00000000,94.69756566,106.72863180,101.68074366,1745.79450000,25024.09143216,7912.94957600
4,122,0.000000,0.223000,0.00000000,106.72863180,0.00000000,12.30952022,0.00000000,0.00000000,94.69756566,106.72863180,101.68074366,1745.79450000,25373.25033199,7912.94957600
4,123,0.000000,0.176000,0.00000000,93.94939353,0.00000000,0.00000000,0.00000000,0.00000000,82.94349166,93.94939353,89.18379700,1560.07633456,25536.69106639,7912.94957600
4,124,0.000000,0.150000,0.00000000,30.37356422,0.00000000,49.69694162,0.00000000,0.00000000,25.00174700,30.37356422,27.15938231,539.40882693,24679.46429315,7912.94957600
4,125,0.000000,0.147000,0.00000000,72.94337341,0.00000000,5.52572232,0.00000000,0.00000000,63.67817400,72.94337341,68.65710075,1244.73168631,24527.56037930,7912.94957600
4,126,0.007000,0.156000,2.07607849,83.27332608,0.00000000,0.00000000,0.00000000,0.00000000,75.04682174,85.34940457,80.77747560,1432.66346517,24563.58824430,7912.94957600
4,127,0.191000,0.264000,0.00000000,89.29817159,56.64728448,51.62591870,0.00000000,0.00000000,78.66539600,89.29817159,84.63531998,1492.48099468,24659.43363881,7912.94957600
4,128,0.402000,0.276000,106.72863180,0.00000000,12.49758999,147.32973076,0.00000000,0.00000000,94.69756566,106.72863180,101.68074366,1745.79450000,25008.59253865,7912.94957600
4,129,0.568000,0.213000,106.72863180,0.00000000,61.73030844,113.70011830,0.00000000,0.00000000,94.69756566,106.72863180,101.68074366,1745.79450000,25357.75143848,7912.94957600
4,130,0.675000,0.155000,106.72863180,0.00000000,93.46465105,82.73952271,0.00000000,0.00000000,94.69756566,106.72863180,101.68074366,1745.79450000,25706.91033832,7912.94957600
4,131,0.736000,0.129000,106.72863180,0.00000000,111.55619217,68.86063503,0.00000000,0.00000000,94.69756566,106.72863180,101.68074366,1745.79450000,26056.06923816,7912.94957600
4,132,0.753000,0.134000,106.72863180,0.00000000,116.59809707,71.52965189,0.00000000,0.00000000,94.69756566,106.72863180,101.68074366,1745.79450000,26405.22813799,7912.94957600
4,133,0.725000,0.163000,106.72863180,0.00000000,108.29378312,87.00994969,0.00000000,0.00000000,94.69756566,106.72863180,101.68074366,1745.79450000,26754.38703783,7912.94957600
4,134,0.643000,0.212000,106.72863180,0.00000000,83.97400653,113.16631493,0.00000000,0.00000000,94.69756566,106.72863180,101.68074366,1745.79450000,27103.54593766,7912.94957600
4,135,0.518000,0.281000,72.94337341,0.00000000,80.68643477,149.99874762,0.00000000,0.00000000,63.67817400,72.94337341,68.65710075,1244.73168631,26951.64202381,7912.94957600
4,136,0.328000,0.376000,97.27910633,9.44952547,0.00000000,191.26054252,0.00000000,0.00000000,94.69756566,106.72863180,101.68074366,1745.79450000,27300.80092365,7912.94957600
4,137,0.140000,0.505000,41.52156978,65.20706202,0.00000000,204.36364099,0.00000000,0.00000000,94.69756566,106.72863180,101.68074366,1745.79450000,27649.95982348,7912.94957600
4,138,0.004000,0.605000,1.18633057,105.54230124,0.00000000,217.40873901,0.00000000,0.00000000,94.69756566,106.72863180,101.68074366,1745.79450000,27999.11872332,7912.94957600
4,139,0.000000,0.620000,0.00000000,106.72863180,0.00000000,224.22945903,0.00000000,0.00000000,94.69756566,106.72863180,101.68074366,1745.79450000,28348.27762315,7912.94957600
4,140,0.000000,0.574000,0.00000000,57.67001469,0.00000000,248.73312102,0.00000000,0.00000000,49.73928100,57.67001469,53.75120360,1002.98064984,27954.62267283,7912.94957600
4,141,0.000000,0.494000,0.00000000,106.72863180,0.00000000,156.97023412,0.00000000,0.00000000,94.69756566,106.72863180,101.68074366,1745.79450000,28303.78157266,7912.94957600
4,142,0.000000,0.432000,0.00000000,106.72863180,0.00000000,123.87442504,0.00000000,0.00000000,94.69756566,106.72863180,101.68074366,1745.79450000,28652.94047250,7912.94957600
4,143,0.000000,0.364000,0.00000000,106.72863180,0.00000000,87.57579572,0.00000000,0.00000000,94.69756566,106.72863180,101.68074366,1745.79450000,29002.09937233,7912.94957600
4,144,0.000000,0.313000,0.00000000,106.72863180,0.00000000,60.35182373,0.00000000,0.00000000,94.69756566,106.72863180,101.68074366,1745.79450000,29351.25827217,7912.94957600
4,145,0.000000,0.263000,0.00000000,106.72863180,0.00000000,33.66165512,0.00000000,0.00000000,94.69756566,106.72863180,101.68074366,1745.79450000,29700.41717201,7912.94957600
4,146,0.000000,0.213000,0.00000000,106.72863180,0.00000000,6.97148650,0.00000000,0.00000000,94.69756566,106.72863180,101.68074366,1745.79450000,30049.57607184,7912.94957600
4,147,0.000000,0.179000,0.00000000,95.55080364,0.00000000,0.00000000,0.00000000,0.00000000,84.41643493,95.55080364,90.74983219,1583.34931395,30236.28978563,7912.94957600
4,148,0.000000,0.168000,0.00000000,89.67896655,0.00000000,0.00000000,0.00000000,0.00000000,79.01564294,89.67896655,85.00770316,1498.01505618,30337.66924165,7912.94957600
4,149,0.000000,0.179000,0.00000000,95.55080364,0.00000000,0.00000000,0.00000000,0.00000000,84.41643493,95.55080364,90.74983219,1583.34931395,30524.38295543,7912.94957600
4,150,0.007000,0.194000,2.07607849,103.55785423,0.00000000,0.00000000,0.00000000,0.00000000,93.69068452,105.63393272,100.61022633,1729.88545274,30857.63280801,7912.94957600
4,151,0.165000,0.234000,48.93613581,57.79249599,0.00000000,67.11749313,0.00000000,0.00000000,94.69756566,106.72863180,101.68074366,1745.79450000,31206.79170784,7912.94957600
4,152,0.372000,0.206000,106.72863180,0.00000000,3.60011075,109.96349469,0.00000000,0.00000000,94.69756566,106.72863180,101.68074366,1745.79450000,31555.95060768,7912.94957600
4,153,0.546000,0.159000,106.72863180,0.00000000,55.20549033,84.87473620,0.00000000,0.00000000,94.69756566,106.72863180,101.68074366,1745.79450000,31905.10950751,7912.94957600
4,154,0.650000,0.121000,106.72863180,0.00000000,86.05008502,64.59020805,0.00000000,0.00000000,94.69756566,106.72863180,101.68074366,1745.79450000,32254.26840735,7912.94957600
4,155,0.701000,0.103000,106.72863180,0.00000000,101.17579973,54.98174735,0.00000000,0.00000000,94.69756566,106.72863180,101.68074366,1745.79450000,32603.42730719,7912.94957600
4,156,0.708000,0.097000,106.72863180,0.00000000,103.25187821,51.77892711,0.00000000,0.00000000,94.69756566,106.72863180,101.68074366,1745.79450000,32952.58620702,7912.94957600
4,157,0.695000,0.108000,106.72863180,0.00000000,99.39630388,57.65076421,0.00000000,0.00000000,94.69756566,106.72863180,101.68074366,1745.79450000,33301.74510686,7912.94957600
4,158,0.618000,0.148000,106.72863180,0.00000000,76.55944050,79.00289910,0.00000000,0.00000000,94.69756566,106.72863180,101.68074366,1745.79450000,33650.90400669,7912.94957600
4,159,0.495000,0.197000,106.72863180,0.00000000,40.07977563,105.15926434,0.00000000,0.00000000,94.69756566,106.72863180,101.68074366,1745.79450000,34000.06290653,7912.94957600
4,160,0.299000,0.270000,88.67820974,18.05042206,0.00000000,126.07648846,0.00000000,0.00000000,94.69756566,106.72863180,101.68074366,1745.79450000,34349.22180637,7912.94957600
4,161,0.114000,0.386000,33.81042110,72.91821070,0.00000000,133.12989101,0.00000000,0.00000000,94.69756566,106.72863180,101.68074366,1745.79450000,34698.38070620,7912.94957600
4,162,0.001000,0.484000,0.29658264,106.43204916,0.00000000,151.92878304,0.00000000,0.00000000,94.69756566,106.72863180,101.68074366,1745.79450000,35047.53960604,7912.94957600
4,163,0.000000,0.496000,0.00000000,106.72863180,0.00000000,158.03784086,0.00000000,0.00000000,94.69756566,106.72863180,101.68074366,1745.79450000,35396.69850587,7912.94957600
4,164,0.000000,0.471000,0.00000000,106.72863180,0.00000000,144.69275656,0.00000000,0.00000000,94.69756566,106.72863180,101.68074366,1745.79450000,35745.85740571,7912.94957600
4,165,0.000000,0.440000,0.00000000,106.72863180,0.00000000,128.14485201,0.00000000,0.00000000,94.69756566,106.72863180,101.68074366,1745.79450000,36095.01630555,7912.94957600
4,166,0.000000,0.407000,0.00000000,106.72863180,0.00000000,110.52934073,0.00000000,0.00000000,94.69756566,106.72863180,101.68074366,1745.79450000,36444.17520538,7912.94957600
4,167,0.000000,0.361000,0.00000000,106.72863180,0.00000000,85.97438560,0.00000000,0.00000000,94.69756566,106.72863180,101.68074366,1745.79450000,36793.33410522,7912.94957600
4,168,0.000000,0.303000,0.00000000,106.72863180,0.00000000,55.01379001,0.00000000,0.00000000,94.69756566,106.72863180,101.68074366,1745.79450000,37142.49300505,7912.94957600
4,169,0.000000,0.241000,0.00000000,106.72863180,0.00000000,21.91798092,0.00000000,0.00000000,94.69756566,106.72863180,101.68074366,1745.79450000,37491.65190489,7912.94957600
4,170,0.000000,0.194000,0.00000000,103.55785423,0.00000000,0.00000000,0.00000000,0.00000000,91.78115128,103.55785423,98.58000813,1699.71421092,37794.73051564,7912.94957600
4,171,0.000000,0.158000,0.00000000,72.94337341,0.00000000,11.39755942,0.00000000,0.00000000,63.67817400,72.94337341,68.65710075,1244.73168631,37642.82660179,7912.94957600
4,172,0.000000,0.133000,0.00000000,2.39428050,0.00000000,68.60156802,0.00000000,0.00000000,0.00000000,2.39428050,0.00000000,0.00000000,36246.19100163,7912.94957600
4,173,0.000000,0.109000,0.00000000,58.18456758,0.00000000,0.00000000,0.00000000,0.00000000,50.20887831,58.18456758,54.25337742,1011.12477658,35860.68017804,7912.94957600
4,174,0.002000,0.089000,0.59316528,42.88547428,0.00000000,4.62302586,0.00000000,0.00000000,36.84682300,43.47863956,39.91750131,767.66957627,35231.71415415,7912.94957600
4,175,0.098000,0.107000,15.82641257,57.11696084,13.23868627,0.00000000,0.00000000,0.00000000,63.67817400,72.94337341,68.65710075,1244.73168631,35079.81024030,7912.94957600
4,176,0.237000,0.115000,70.29008598,36.43854582,0.00000000,24.94884199,0.00000000,0.00000000,94.69756566,106.72863180,101.68074366,1745.79450000,35428.96914013,7912.94957600
4,177,0.370000,0.105000,106.72863180,0.00000000,3.00694547,56.04935409,0.00000000,0.00000000,94.69756566,106.72863180,101.68074366,1745.79450000,35778.12803997,7912.94957600
4,178,0.459000,0.098000,106.72863180,0.00000000,29.40280054,52.31273049,0.00000000,0.00000000,94.69756566,106.72863180,101.68074366,1745.79450000,36127.28693980,7912.94957600
4,179,0.480000,0.099000,106.72863180,0.00000000,35.63103601,52.84653386,0.00000000,0.00000000,94.69756566,106.72863180,101.68074366,1745.79450000,36476.44583964,7912.94957600
4,180,0.499000,0.107000,106.72863180,0.00000000,41.26610619,57.11696084,0.00000000,0.00000000,94.69756566,106.72863180,101.68074366,1745.79450000,36825.60473948,7912.94957600
4,181,0.466000,0.132000,106.72863180,0.00000000,31.47887903,70.46204514,0.00000000,0.00000000,94.69756566,106.72863180,101.68074366,1745.79450000,37174.76363931,7912.94957600
4,182,0.357000,0.170000,105.88000293,0.84862887,0.00000000,89.89794442,0.00000000,0.00000000,94.69756566,106.72863180,101.68074366,1745.79450000,37523.92253915,7912.94957600
4,183,0.267000,0.206000,79.18756522,27.54106658,0.00000000,82.42242811,0.00000000,0.00000000,94.69756566,106.72863180,101.68074366,1745.79450000,37873.08143898,7912.94957600
4,184,0.164000,0.234000,48.63955317,58.08907863,0.00000000,66.82091049,0.00000000,0.00000000,94.69756566,106.72863180,101.68074366,1745.79450000,38222.24033882,7912.94957600
4,185,0.067000,0.255000,19.87103696,86.85759484,0.00000000,49.26226510,0.00000000,0.00000000,94.69756566,106.72863180,101.68074366,1745.79450000,38571.39923866,7912.94957600
4,186,0.000000,0.252000,0.00000000,106.72863180,0.00000000,27.78981802,0.00000000,0.00000000,94.69756566,106.72863180,101.68074366,1745.79450000,38920.55813849,7912.94957600
4,187,0.000000,0.239000,0.00000000,106.72863180,0.00000000,20.85037418,0.00000000,0.00000000,94.69756566,106.72863180,101.68074366,1745.79450000,39269.71703833,7912.94957600
4,188,0.000000,0.217000,0.00000000,106.72863180,0.00000000,9.10669999,0.00000000,0.00000000,94.69756566,106.72863180,101.68074366,1745.79450000,39618.87593816,7912.94957600
4,189,0.000000,0.186000,0.00000000,99.28742725,0.00000000,0.00000000,0.00000000,0.00000000,87.85330256,99.28742725,94.40391429,1637.65293254,39859.89327054,7912.94957600
4,190,0.000000,0.161000,0.00000000,85.94234294,0.00000000,0.00000000,0.00000000,0.00000000,75.59017908,85.94234294,81.35676122,1441.64553689,39904.90320726,7912.94957600
4,191,0.000000,0.147000,0.00000000,2.39428050,0.00000000,76.07481523,0.00000000,0.00000000,0.00000000,2.39428050,0.00000000,0.00000000,38508.26760710,7912.94957600
4,192,0.000000,0.121000,0.00000000,64.59020805,0.00000000,0.00000000,0.00000000,0.00000000,56.05484353,64.59020805,60.50490441,1112.51522050,38224.14722743,7912.94957600
4,193,0.000000,0.099000,0.00000000,2.39428050,0.00000000,50.45225336,0.00000000,0.00000000,0.00000000,2.39428050,0.00000000,0.00000000,36827.51162726,7912.94957600
4,194,0.000000,0.105000,0.00000000,56.04935409,0.00000000,0.00000000,0.00000000,0.00000000,48.26695730,56.04935409,52.17138940,976.10802402,36406.98405112,7912.94957600
4,195,0.000000,0.107000,0.00000000,57.11696084,0.00000000,0.00000000,0.00000000,0.00000000,49.23684743,57.11696084,53.21208867,993.81030952,36004.15876048,7912.94957600
4,196,0.000000,0.091000,0.00000000,2.39428050,0.00000000,46.18182638,0.00000000,0.00000000,0.00000000,2.39428050,0.00000000,0.00000000,34607.52316031,7912.94957600
4,197,0.000000,0.071000,0.00000000,37.90003943,0.00000000,0.00000000,0.00000000,0.00000000,31.80458150,37.90003943,34.48659413,670.50315839,33881.39071854,7912.94957600
4,198,0.000000,0.048000,0.00000000,2.39428050,0.00000000,23.22828137,0.00000000,0.00000000,0.00000000,2.39428050,0.00000000,0.00000000,32484.75511837,7912.94957600
4,199,0.024000,0.022000,7.11798339,11.74367419,0.00000000,0.00000000,0.00000000,0.00000000,14.65654247,18.86165758,15.96874146,328.04974785,31416.16926606,7912.94957600
4,200,0.079000,0.014000,23.43002866,7.47324721,0.00000000,0.00000000,0.00000000,0.00000000,25.48052693,30.90327587,27.67506928,548.63558651,30568.16925240,7912.94957600
4,201,0.151000,0.010000,38.14060584,5.33803372,6.64337299,0.00000000,0.00000000,0.00000000,36.84682300,43.47863956,39.91750131,767.66957627,29939.20322851,7912.94957600
4,202,0.263000,0.006000,27.17074399,3.20282023,50.83049066,0.00000000,0.00000000,0.00000000,25.00174700,30.37356422,27.15938231,539.40882693,29081.97645527,7912.94957600
4,203,0.343000,0.005000,101.72784595,2.66901686,0.00000000,0.00000000,0.00000000,0.00000000,92.55285370,104.39686282,99.40048313,1711.90735831,29397.24821341,7912.94957600
4,204,0.377000,0.005000,106.72863180,0.00000000,5.08302396,2.66901686,0.00000000,0.00000000,94.69756566,106.72863180,101.68074366,1745.79450000,29746.40711325,7912.94957600
4,205,0.343000,0.007000,101.72784595,3.73662361,0.00000000,0.00000000,0.00000000,0.00000000,93.53481588,105.46446956,100.44450659,1727.42267790,30077.19419098,7912.94957600
4,206,0.229000,0.011000,67.91742485,5.87183710,0.00000000,0.00000000,0.00000000,0.00000000,64.45332906,73.78926195,69.48351195,1257.54572118,29938.10431200,7912.94957600
4,207,0.143000,0.019000,42.41131770,10.14226407,0.00000000,0.00000000,0.00000000,0.00000000,45.09114834,52.55358177,48.76372293,918.14364721,29459.61235905,7912.94957600
4,208,0.070000,0.033000,20.76078489,17.61551129,0.00000000,0.00000000,0.00000000,0.00000000,32.23504818,38.37629617,34.95024202,678.79845836,28741.77521725,7912.94957600
4,209,0.018000,0.050000,3.68339561,26.69016862,1.65509193,0.00000000,0.00000000,0.00000000,25.00174700,30.37356422,27.15938231,539.40882693,27884.54844401,7912.94957600
4,210,0.000000,0.068000,0.00000000,36.29862932,0.00000000,0.00000000,0.00000000,0.00000000,30.35714014,36.29862932,32.92758121,642.61026751,27130.52311135,7912.94957600
4,211,0.000000,0.079000,0.00000000,42.17046641,0.00000000,0.00000000,1.30817267,0.00000000,36.84682300,43.47863908,39.91750095,767.66948863,26501.55699982,7912.94957600
4,212,0.000000,0.085000,0.00000000,45.37328665,0.00000000,0.00000000,0.00000000,0.00000000,38.56805601,45.37328665,41.76439669,799.08516895,25904.00656861,7912.94957600
4,213,0.000000,0.090000,0.00000000,48.04230351,0.00000000,0.00000000,0.00000000,0.00000000,40.99278133,48.04230351,44.36614487,843.34088272,25350.71185116,7912.94957600
4,214,0.000000,0.093000,0.00000000,2.39428050,0.00000000,47.24943312,0.00000000,0.00000000,0.00000000,2.39428050,0.00000000,0.00000000,23954.07625100,7912.94957600
4,215,0.000000,0.100000,0.00000000,53.38033723,0.00000000,0.00000000,0.00000000,0.00000000,45.84223198,53.38033723,49.56964122,931.85231025,23489.29296108,7912.94957600
4,216,0.000000,0.104000,0.00000000,55.51555072,0.00000000,0.00000000,0.00000000,0.00000000,47.78201223,55.51555072,51.65103976,967.25688126,23059.91424218,7912.94957600
4,217,0.000000,0.108000,0.00000000,57.65076421,0.00000000,0.00000000,0.01924821,0.00000000,49.73928100,57.67001242,53.75120196,1002.98023956,22666.25888158,7912.94957600
4,218,0.000000,0.125000,0.00000000,57.67001469,0.00000000,9.05540685,0.00000000,0.00000000,49.73928100,57.67001469,53.75120360,1002.98064984,22272.60393125,7912.94957600
4,219,0.000000,0.140000,0.00000000,74.73247212,0.00000000,0.00000000,0.00000000,0.00000000,65.31766876,74.73247212,70.40500417,1271.83385272,22147.80218381,7912.94957600
4,220,0.000000,0.168000,0.00000000,89.67896655,0.00000000,0.00000000,0.00000000,0.00000000,79.01564294,89.67896655,85.00770316,1498.01505618,22249.18163982,7912.94957600
4,221,0.000000,0.204000,0.00000000,106.72863180,0.00000000,2.16725615,0.00000000,0.00000000,94.69756566,106.72863180,101.68074366,1745.79450000,22598.34053966,7912.94957600
4,222,0.000000,0.231000,0.00000000,57.67001469,0.00000000,65.63856432,0.00000000,0.00000000,49.73928100,57.67001469,53.75120360,1002.98064984,22204.68558933,7912.94957600
4,223,0.061000,0.280000,18.09154112,88.63709068,0.00000000,60.82785356,0.00000000,0.00000000,94.69756566,106.72863180,101.68074366,1745.79450000,22553.84448917,7912.94957600
4,224,0.224000,0.423000,66.43451164,40.29412016,0.00000000,185.50470633,0.00000000,0.00000000,94.69756566,106.72863180,101.68074366,1745.79450000,22903.00338900,7912.94957600
4,225,0.416000,0.432000,106.72863180,0.00000000,16.64974697,230.60305684,0.00000000,0.00000000,94.69756566,106.72863180,101.68074366,1745.79450000,23252.16228884,7912.94957600
4,226,0.576000,0.394000,106.72863180,0.00000000,64.10296957,210.31852869,0.00000000,0.00000000,94.69756566,106.72863180,101.68074366,1745.79450000,23601.32118867,7912.94957600
4,227,0.659000,0.318000,57.67001469,0.00000000,137.77794591,169.74947239,0.00000000,0.00000000,49.73928100,57.67001469,53.75120360,1002.98064984,23207.66623834,7912.94957600
4,228,0.675000,0.249000,106.72863180,0.00000000,93.46465105,132.91703970,0.00000000,0.00000000,94.69756566,106.72863180,101.68074366,1745.79450000,23556.82513818,7912.94957600
4,229,0.670000,0.217000,106.72863180,0.00000000,91.98173785,115.83533179,0.00000000,0.00000000,94.69756566,106.72863180,101.68074366,1745.79450000,23905.98403802,7912.94957600
4,230,0.605000,0.217000,106.72863180,0.00000000,72.70386616,115.83533179,0.00000000,0.00000000,94.69756566,106.72863180,101.68074366,1745.79450000,24255.14293785,7912.94957600
4,231,0.478000,0.255000,0.00000000,43.47863956,141.76650252,92.64122038,0.00000000,0.00000000,36.84682300,43.47863956,39.91750131,767.66957627,23626.17691396,7912.94957600
4,232,0.301000,0.321000,89.27137502,17.45725678,0.00000000,153.89362573,0.00000000,0.00000000,94.69756566,106.72863180,101.68074366,1745.79450000,23975.33581379,7912.94957600
4,233,0.136000,0.369000,40.33523921,66.39339259,0.00000000,130.58005179,0.00000000,0.00000000,94.69756566,106.72863180,101.68074366,1745.79450000,24324.49471363,7912.94957600
4,234,0.003000,0.383000,0.88974792,105.83888388,0.00000000,98.60780772,0.00000000,0.00000000,94.69756566,106.72863180,101.68074366,1745.79450000,24673.65361347,7912.94957600
4,235,0.000000,0.415000,0.00000000,30.37356422,0.00000000,191.15483528,0.00000000,0.00000000,25.00174700,30.37356422,27.15938231,539.40882693,23816.42684023,7912.94957600
4,236,0.000000,0.448000,0.00000000,106.72863180,0.00000000,132.41527899,0.00000000,0.00000000,94.69756566,106.72863180,101.68074366,1745.79450000,24165.58574006,7912.94957600
4,237,0.000000,0.479000,0.00000000,106.72863180,0.00000000,148.96318353,0.00000000,0.00000000,94.69756566,106.72863180,101.68074366,1745.79450000,24514.74463990,7912.94957600
4,238,0.000000,0.510000,0.00000000,106.72863180,0.00000000,165.51108808,0.00000000,0.00000000,94.69756566,106.72863180,101.68074366,1745.79450000,24863.90353973,7912.94957600
4,239,0.000000,0.517000,0.00000000,89.29817159,0.00000000,186.67817189,0.00000000,0.00000000,78.66539600,89.29817159,84.63531998,1492.48099468,24959.74893425,7912.94957600
4,240,0.000000,0.505000,0.00000000,30.37356422,0.00000000,239.19713879,0.00000000,0.00000000,25.00174700,30.37356422,27.15938231,539.40882693,24102.52216101,7912.94957600
4,241,0.000000,0.469000,0.00000000,43.47863956,0.00000000,206.87514205,0.00000000,0.00000000,36.84682300,43.47863956,39.91750131,767.66957627,23473.55613711,7912.94957600
4,242,0.000000,0.449000,0.00000000,106.72863180,0.00000000,132.94908236,0.00000000,0.00000000,94.69756566,106.72863180,101.68074366,1745.79450000,23822.71503695,7912.94957600
4,243,0.000000,0.367000,0.00000000,106.72863180,0.00000000,89.17720584,0.00000000,0.00000000,94.69756566,106.72863180,101.68074366,1745.79450000,24171.87393678,7912.94957600
4,244,0.000000,0.308000,0.00000000,57.67001469,0.00000000,106.74142398,0.00000000,0.00000000,49.73928100,57.67001469,53.75120360,1002.98064984,23778.21898646,7912.94957600
4,245,0.000000,0.264000,0.00000000,106.72863180,0.00000000,34.19545849,0.00000000,0.00000000,94.69756566,106.72863180,101.68074366,1745.79450000,24127.37788629,7912.94957600
4,246,0.010000,0.252000,2.96582641,40.51281315,0.00000000,94.00563667,0.00000000,0.00000000,36.84682300,43.47863956,39.91750131,767.66957627,23498.41186240,7912.94957600
4,247,0.180000,0.380000,53.38487543,53.34375637,0.00000000,149.50152510,0.00000000,0.00000000,94.69756566,106.72863180,101.68074366,1745.79450000,23847.57076223,7912.94957600
4,248,0.383000,0.525000,106.72863180,0.00000000,6.86251980,280.24677046,0.00000000,0.00000000,94.69756566,106.72863180,101.68074366,1745.79450000,24196.72966207,7912.94957600
4,249,0.534000,0.531000,106.72863180,0.00000000,51.64649863,283.44959069,0.00000000,0.00000000,94.69756566,106.72863180,101.68074366,1745.79450000,24545.88856191,7912.94957600
4,250,0.634000,0.494000,106.72863180,0.00000000,81.30476276,263.69886592,0.00000000,0.00000000,94.69756566,106.72863180,101.68074366,1745.79450000,24895.04746174,7912.94957600
4,251,0.698000,0.448000,106.72863180,0.00000000,100.28605180,239.14391079,0.00000000,0.00000000,94.69756566,106.72863180,101.68074366,1745.79450000,25244.20636158,7912.94957600
4,252,0.711000,0.414000,106.72863180,0.00000000,104.14162614,220.99459613,0.00000000,0.00000000,94.69756566,106.72863180,101.68074366,1745.79450000,25593.36526141,7912.94957600
4,253,0.679000,0.407000,106.72863180,0.00000000,94.65098162,217.25797253,0.00000000,0.00000000,94.69756566,106.72863180,101.68074366,1745.79450000,25942.52416125,7912.94957600
4,254,0.611000,0.420000,106.72863180,0.00000000,74.48336201,224.19741637,0.00000000,0.00000000,94.69756566,106.72863180,101.68074366,1745.79450000,26291.68306109,7912.94957600
4,255,0.509000,0.454000,106.72863180,0.00000000,44.23193260,242.34673103,0.00000000,0.00000000,94.69756566,106.72863180,101.68074366,1745.79450000,26640.84196092,7912.94957600
4,256,0.369000,0.501000,106.72863180,0.00000000,2.71036283,267.43548953,0.00000000,0.00000000,94.69756566,106.72863180,101.68074366,1745.79450000,26990.00086076,7912.94957600
4,257,0.175000,0.557000,51.90196222,54.82666958,0.00000000,242.50180879,0.00000000,0.00000000,94.69756566,106.72863180,101.68074366,1745.79450000,27339.15976059,7912.94957600
4,258,0.005000,0.612000,1.48291321,105.24571859,0.00000000,221.44194526,0.00000000,0.00000000,94.69756566,106.72863180,101.68074366,1745.79450000,27688.31866043,7912.94957600
4,259,0.000000,0.639000,0.00000000,72.94337341,0.00000000,268.15698149,0.00000000,0.00000000,63.67817400,72.94337341,68.65710075,1244.73168631,27536.41474658,7912.94957600
4,260,0.000000,0.635000,0.00000000,106.72863180,0.00000000,232.23650961,0.00000000,0.00000000,94.69756566,106.72863180,101.68074366,1745.79450000,27885.57364641,7912.94957600
4,261,0.000000,0.590000,0.00000000,106.72863180,0.00000000,208.21535786,0.00000000,0.00000000,94.69756566,106.72863180,101.68074366,1745.79450000,28234.73254625,7912.94957600
4,262,0.000000,0.577000,0.00000000,89.29817159,0.00000000,218.70637423,0.00000000,0.00000000,78.66539600,89.29817159,84.63531998,1492.48099468,28330.57794076,7912.94957600
4,263,0.000000,0.514000,0.00000000,106.72863180,0.00000000,167.64630156,0.00000000,0.00000000,94.69756566,106.72863180,101.68074366,1745.79450000,28679.73684060,7912.94957600
4,264,0.000000,0.450000,0.00000000,106.72863180,0.00000000,133.48288574,0.00000000,0.00000000,94.69756566,106.72863180,101.68074366,1745.79450000,29028.89574043,7912.94957600
4,265,0.000000,0.379000,0.00000000,106.72863180,0.00000000,95.58284630,0.00000000,0.00000000,94.69756566,106.72863180,101.68074366,1745.79450000,29378.05464027,7912.94957600
4,266,0.000000,0.293000,0.00000000,106.72863180,0.00000000,49.67575628,0.00000000,0.00000000,94.69756566,106.72863180,101.68074366,1745.79450000,29727.21354010,7912.94957600
4,267,0.000000,0.241000,0.00000000,106.72863180,0.00000000,21.91798092,0.00000000,0.00000000,94.69756566,106.72863180,101.68074366,1745.79450000,30076.37243994,7912.94957600
4,268,0.000000,0.232000,0.00000000,106.72863180,0.00000000,17.11375057,0.00000000,0.00000000,94.69756566,106.72863180,101.68074366,1745.79450000,30425.53133978,7912.94957600
4,269,0.000000,0.244000,0.00000000,106.72863180,0.00000000,23.51939104,0.00000000,0.00000000,94.69756566,106.72863180,101.68074366,1745.79450000,30774.69023961,7912.94957600
4,270,0.007000,0.227000,2.07607849,104.65255331,0.00000000,16.52081220,0.00000000,0.00000000,94.69756566,106.72863180,101.68074366,1745.79450000,31123.84913945,7912.94957600
4,271,0.158000,0.281000,46.86005732,59.86857448,0.00000000,90.13017314,0.00000000,0.00000000,94.69756566,106.72863180,101.68074366,1745.79450000,31473.00803928,7912.94957600
4,272,0.366000,0.277000,106.72863180,0.00000000,1.82061490,147.86353413,0.00000000,0.00000000,94.69756566,106.72863180,101.68074366,1745.79450000,31822.16693912,7912.94957600
4,273,0.553000,0.223000,106.72863180,0.00000000,57.28156882,119.03815202,0.00000000,0.00000000,94.69756566,106.72863180,101.68074366,1745.79450000,32171.32583896,7912.94957600
4,274,0.669000,0.184000,107.32720193,0.00000000,91.08658508,98.21982050,0.00000000,0.00000000,94.69756566,107.32720193,101.68074366,1745.79450000,32171.32583875,9891.18697000
4,275,0.728000,0.160000,106.72863180,0.00000000,109.18353104,85.40853957,0.00000000,0.00000000,94.69756566,106.72863180,101.68074366,1745.79450000,32520.48473859,7912.94957600
4,276,0.742000,0.163000,106.72863180,0.00000000,113.33568802,87.00994969,0.00000000,0.00000000,94.69756566,106.72863180,101.68074366,1745.79450000,32869.64363842,7912.94957600
4,277,0.706000,0.180000,106.72863180,0.00000000,102.65871293,96.08460701,0.00000000,0.00000000,94.69756566,106.72863180,101.68074366,1745.79450000,33218.80253826,7912.94957600
4,278,0.640000,0.208000,106.72863180,0.00000000,83.08425861,111.03110144,0.00000000,0.00000000,94.69756566,106.72863180,101.68074366,1745.79450000,33567.96143810,7912.94957600
4,279,0.532000,0.241000,107.32720193,0.00000000,50.45476323,128.64661273,0.00000000,0.00000000,94.69756566,107.32720193,101.68074366,1745.79450000,33567.96143789,9891.18697000
4,280,0.382000,0.274000,106.72863180,0.00000000,6.56593716,146.26212401,0.00000000,0.00000000,94.69756566,106.72863180,101.68074366,1745.79450000,33917.12033773,7912.94957600
4,281,0.183000,0.325000,54.27462335,52.45400845,0.00000000,121.03208755,0.00000000,0.00000000,94.69756566,106.72863180,101.68074366,1745.79450000,34266.27923756,7912.94957600
4,282,0.007000,0.374000,2.07607849,105.25112344,0.00000000,94.39133781,0.00000000,0.00000000,94.69756566,107.32720193,101.68074366,1745.79450000,34266.27923736,9891.18697000
4,283,0.000000,0.408000,0.00000000,89.29817159,0.00000000,128.49360431,0.00000000,0.00000000,78.66539600,89.29817159,84.63531998,1492.48099468,34362.12463187,7912.94957600
4,284,0.000000,0.410000,0.00000000,106.72863180,0.00000000,112.13075084,0.00000000,0.00000000,94.69756566,106.72863180,101.68074366,1745.79450000,34711.28353170,7912.94957600
4,285,0.000000,0.403000,0.00000000,106.72863180,0.00000000,108.39412724,0.00000000,0.00000000,94.69756566,106.72863180,101.68074366,1745.79450000,35060.44243154,7912.94957600
4,286,0.000000,0.358000,0.00000000,106.72863180,0.00000000,84.37297548,0.00000000,0.00000000,94.69756566,106.72863180,101.68074366,1745.79450000,35409.60133138,7912.94957600
4,287,0.000000,0.321000,0.00000000,106.72863180,0.00000000,64.62225071,0.00000000,0.00000000,94.69756566,106.72863180,101.68074366,1745.79450000,35758.76023121,7912.94957600
4,288,0.000000,0.280000,0.00000000,106.72863180,0.00000000,42.73631244,0.00000000,0.00000000,94.69756566,106.72863180,101.68074366,1745.79450000,36107.91913105,7912.94957600
4,289,0.000000,0.250000,0.00000000,106.72863180,0.00000000,26.72221128,0.00000000,0.00000000,94.69756566,106.72863180,101.68074366,1745.79450000,36457.07803088,7912.94957600
4,290,0.000000,0.238000,0.00000000,106.72863180,0.00000000,20.31657081,0.00000000,0.00000000,94.69756566,106.72863180,101.68074366,1745.79450000,36806.23693072,7912.94957600
4,291,0.000000,0.236000,0.00000000,106.72863180,0.00000000,19.24896406,0.00000000,0.00000000,94.69756566,106.72863180,101.68074366,1745.79450000,37155.39583056,7912.94957600
4,292,0.000000,0.228000,0.00000000,106.72863180,0.00000000,14.97853708,0.00000000,0.00000000,94.69756566,106.72863180,101.68074366,1745.79450000,37504.55473039,7912.94957600
4,293,0.000000,0.220000,0.00000000,106.72863180,0.00000000,10.70811011,0.00000000,0.00000000,94.69756566,106.72863180,101.68074366,1745.79450000,37853.71363023,7912.94957600
4,294,0.007000,0.220000,2.07607849,104.65255331,0.00000000,12.78418860,0.00000000,0.00000000,94.69756566,106.72863180,101.68074366,1745.79450000,38202.87253006,7912.94957600
4,295,0.156000,0.391000,46.26689204,60.46173976,0.00000000,148.25537881,0.00000000,0.00000000,94.69756566,106.72863180,101.68074366,1745.79450000,38552.03142990,7912.94957600
4,296,0.342000,0.426000,101.43126331,5.29736849,0.00000000,222.10286811,0.00000000,0.00000000,94.69756566,106.72863180,101.68074366,1745.79450000,38901.19032974,7912.94957600
4,297,0.504000,0.355000,106.72863180,0.00000000,42.74901940,189.50019717,0.00000000,0.00000000,94.69756566,106.72863180,101.68074366,1745.79450000,39250.34922957,7912.94957600
4,298,0.620000,0.282000,107.32720193,0.00000000,76.55403566,150.53255099,0.00000000,0.00000000,94.69756566,107.32720193,101.68074366,1745.79450000,39250.34922937,9891.18697000
4,299,0.690000,0.231000,106.72863180,0.00000000,97.91339067,123.30857900,0.00000000,0.00000000,94.69756566,106.72863180,101.68074366,1745.79450000,39599.50812920,7912.94957600
4,300,0.699000,0.210000,106.72863180,0.00000000,100.58263444,112.09870818,0.00000000,0.00000000,94.69756566,106.72863180,101.68074366,1745.79450000,39948.66702904,7912.94957600
4,301,0.673000,0.220000,106.72863180,0.00000000,92.87148577,117.43674191,0.00000000,0.00000000,94.69756566,106.72863180,101.68074366,1745.79450000,40297.82592888,7912.94957600
4,302,0.602000,0.251000,106.72863180,0.00000000,71.81411824,133.98464645,0.00000000,0.00000000,94.69756566,106.72863180,101.68074366,1745.79450000,40646.98482871,7912.94957600
4,303,0.490000,0.287000,107.32720193,0.00000000,37.99829229,153.20156785,0.00000000,0.00000000,94.69756566,107.32720193,101.68074366,1745.79450000,40646.98482851,9891.18697000
4,304,0.340000,0.326000,100.83809803,5.89053377,0.00000000,168.12936560,0.00000000,0.00000000,94.69756566,106.72863180,101.68074366,1745.79450000,40996.14372834,7912.94957600
4,305,0.149000,0.376000,44.19081355,63.13638838,0.00000000,137.57367961,0.00000000,0.00000000,94.69756566,107.32720193,101.68074366,1745.79450000,40996.14372814,9891.18697000
4,306,0.005000,0.420000,1.48291321,105.24571859,0.00000000,118.95169777,0.00000000,0.00000000,94.69756566,106.72863180,101.68074366,1745.79450000,41345.30262797,7912.94957600
4,307,0.000000,0.473000,0.00000000,107.32720193,0.00000000,145.16179317,0.00000000,0.00000000,94.69756566,107.32720193,101.68074366,1745.79450000,41345.30262777,9891.18697000
4,308,0.000000,0.484000,0.00000000,106.72863180,0.00000000,151.63220040,0.00000000,0.00000000,94.69756566,106.72863180,101.68074366,1745.79450000,41694.46152760,7912.94957600
4,309,0.000000,0.447000,0.00000000,106.72863180,0.00000000,131.88147562,0.00000000,0.00000000,94.69756566,106.72863180,101.68074366,1745.79450000,42043.62042744,7912.94957600
4,310,0.000000,0.407000,0.00000000,106.72863180,0.00000000,110.52934073,0.00000000,0.00000000,94.69756566,106.72863180,101.68074366,1745.79450000,42392.77932728,7912.94957600
4,311,0.000000,0.386000,0.00000000,106.72863180,0.00000000,99.31946991,0.00000000,0.00000000,94.69756566,106.72863180,101.68074366,1745.79450000,42741.93822711,7912.94957600
4,312,0.000000,0.368000,0.00000000,106.72863180,0.00000000,89.71100921,0.00000000,0.00000000,94.69756566,106.72863180,101.68074366,1745.79450000,43091.09712695,7912.94957600
4,313,0.000000,0.352000,0.00000000,106.72863180,0.00000000,81.17015525,0.00000000,0.00000000,94.69756566,106.72863180,101.68074366,1745.79450000,43440.25602678,7912.94957600
4,314,0.000000,0.313000,0.00000000,106.72863180,0.00000000,60.35182373,0.00000000,0.00000000,94.69756566,106.72863180,101.68074366,1745.79450000,43789.41492662,7912.94957600
4,315,0.000000,0.319000,0.00000000,106.72863180,0.00000000,63.55464396,0.00000000,0.00000000,94.69756566,106.72863180,101.68074366,1745.79450000,44138.57382646,7912.94957600
4,316,0.000000,0.282000,0.00000000,106.72863180,0.00000000,43.80391919,0.00000000,0.00000000,94.69756566,106.72863180,101.68074366,1745.79450000,44487.73272629,7912.94957600
4,317,0.000000,0.256000,0.00000000,106.72863180,0.00000000,29.92503151,0.00000000,0.00000000,94.69756566,106.72863180,101.68074366,1745.79450000,44836.89162613,7912.94957600
4,318,0.009000,0.248000,2.66924377,104.65795815,0.00000000,27.72527818,0.00000000,0.00000000,94.69756566,107.32720193,101.68074366,1745.79450000,44836.89162592,9891.18697000
4,319,0.179000,0.333000,53.08829279,53.64033901,0.00000000,124.11618396,0.00000000,0.00000000,94.69756566,106.72863180,101.68074366,1745.79450000,45186.05052576,7912.94957600
4,320,0.365000,0.358000,106.72863180,0.00000000,1.52403226,191.10160729,0.00000000,0.00000000,94.69756566,106.72863180,101.68074366,1745.79450000,45535.20942560,7912.94957600
4,321,0.519000,0.267000,107.32720193,0.00000000,46.59918889,142.52550041,0.00000000,0.00000000,94.69756566,107.32720193,101.68074366,1745.79450000,45535.20942539,9891.18697000
4,322,0.620000,0.180000,106.72863180,0.00000000,77.15260578,96.08460701,0.00000000,0.00000000,94.69756566,106.72863180,101.68074366,1745.79450000,45884.36832523,7912.94957600
4,323,0.688000,0.122000,107.32720193,0.00000000,96.72165526,65.12401142,0.00000000,0.00000000,94.69756566,107.32720193,101.68074366,1745.79450000,45884.36832502,9891.18697000
4,324,0.698000,0.090000,106.72863180,0.00000000,100.28605180,48.04230351,0.00000000,0.00000000,94.69756566,106.72863180,101.68074366,1745.79450000,46233.52722486,7912.94957600
4,325,0.670000,0.082000,106.72863180,0.00000000,91.98173785,43.77187653,0.00000000,0.00000000,94.69756566,106.72863180,101.68074366,1745.79450000,46582.68612469,7912.94957600
4,326,0.590000,0.101000,106.72863180,0.00000000,68.25512655,53.91414060,0.00000000,0.00000000,94.69756566,106.72863180,101.68074366,1745.79450000,46931.84502453,7912.94957600
4,327,0.475000,0.153000,106.72863180,0.00000000,34.14812280,81.67191596,0.00000000,0.00000000,94.69756566,106.72863180,101.68074366,1745.79450000,47281.00392437,7912.94957600
4,328,0.304000,0.251000,90.16112294,17.16607898,0.00000000,116.81856747,0.00000000,0.00000000,94.69756566,107.32720193,101.68074366,1745.79450000,47281.00392416,9891.18697000
4,329,0.124000,0.410000,36.77624752,69.95238428,0.00000000,148.90699836,0.00000000,0.00000000,94.69756566,106.72863180,101.68074366,1745.79450000,47630.16282400,7912.94957600
4,330,0.002000,0.547000,0.59316528,106.13546652,0.00000000,185.85497813,0.00000000,0.00000000,94.69756566,106.72863180,101.68074366,1745.79450000,47979.32172383,7912.94957600
4,331,0.000000,0.562000,0.00000000,106.72863180,0.00000000,193.26886343,0.00000000,0.00000000,94.69756566,106.72863180,101.68074366,1745.79450000,48328.48062367,7912.94957600
4,332,0.000000,0.567000,0.00000000,106.72863180,0.00000000,195.93788030,0.00000000,0.00000000,94.69756566,106.72863180,101.68074366,1745.79450000,48677.63952350,7912.94957600
4,333,0.000000,0.547000,0.00000000,106.72863180,0.00000000,185.26181285,0.00000000,0.00000000,94.69756566,106.72863180,101.68074366,1745.79450000,49026.79842334,7912.94957600
4,334,0.000000,0.504000,0.00000000,106.72863180,0.00000000,162.30826784,0.00000000,0.00000000,94.69756566,106.72863180,101.68074366,1745.79450000,49375.95732318,7912.94957600
4,335,0.000000,0.444000,0.00000000,107.32720193,0.00000000,129.68149538,0.00000000,0.00000000,94.69756566,107.32720193,101.68074366,1745.79450000,49375.95732297,9891.18697000
4,336,0.000000,0.376000,0.00000000,106.72863180,0.00000000,93.98143619,0.00000000,0.00000000,94.69756566,106.72863180,101.68074366,1745.79450000,49725.11622281,7912.94957600
4,337,0.000000,0.317000,0.00000000,106.72863180,0.00000000,62.48703722,0.00000000,0.00000000,94.69756566,106.72863180,101.68074366,1745.79450000,50074.27512264,7912.94957600
4,338,0.000000,0.273000,0.00000000,106.72863180,0.00000000,38.99968884,0.00000000,0.00000000,94.69756566,106.72863180,101.68074366,1745.79450000,50423.43402248,7912.94957600
4,339,0.000000,0.248000,0.00000000,107.32720193,0.00000000,25.05603441,0.00000000,0.00000000,94.69756566,107.32720193,101.68074366,1745.79450000,50423.43402227,9891.18697000
4,340,0.000000,0.242000,0.00000000,106.72863180,0.00000000,22.45178430,0.00000000,0.00000000,94.69756566,106.72863180,101.68074366,1745.79450000,50772.59292211,7912.94957600
4,341,0.000000,0.237000,0.00000000,89.29817159,0.00000000,37.21322765,0.00000000,0.00000000,78.66539600,89.29817159,84.63531998,1492.48099468,50868.43831662,7912.94957600
4,342,0.008000,0.240000,2.37266113,104.35597067,0.00000000,23.75683868,0.00000000,0.00000000,94.69756566,106.72863180,101.68074366,1745.79450000,51217.59721646,7912.94957600
4,343,0.168000,0.371000,49.82588373,57.50131819,0.00000000,140.53973293,0.00000000,0.00000000,94.69756566,107.32720193,101.68074366,1745.79450000,51217.59721625,9891.18697000
4,344,0.376000,0.454000,106.72863180,0.00000000,4.78644131,242.34673103,0.00000000,0.00000000,94.69756566,106.72863180,101.68074366,1745.79450000,51566.75611609,7912.94957600
4,345,0.537000,0.374000,107.31177113,0.00000000,51.95310723,199.64246124,0.00000000,0.00000000,94.69756566,107.31177113,101.68074366,1745.79450000,51575.75723155,9840.18914752
4,346,0.644000,0.285000,106.72863180,0.00000000,84.27058917,152.13396111,0.00000000,0.00000000,94.69756566,106.72863180,101.68074366,1745.79450000,51924.91613139,7912.94957600
4,347,0.707000,0.223000,107.32720193,0.00000000,102.35672545,119.03815202,0.00000000,0.00000000,94.69756566,107.32720193,101.68074366,1745.79450000,51924.91613118,9891.18697000
4,348,0.716000,0.198000,107.32720193,0.00000000,105.02596922,105.69306772,0.00000000,0.00000000,94.69756566,107.32720193,101.68074366,1745.79450000,51924.91613098,9891.18697000
4,349,0.677000,0.205000,107.32720193,0.00000000,93.45924621,109.42969132,0.00000000,0.00000000,94.69756566,107.32720193,101.68074366,1745.79450000,51924.91613077,9891.18697000
4,350,0.603000,0.237000,107.32720193,0.00000000,71.51213076,126.51139924,0.00000000,0.00000000,94.69756566,107.32720193,101.68074366,1745.79450000,51924.91613057,9891.18697000
4,351,0.485000,0.285000,107.32720193,0.00000000,36.51537909,152.13396111,0.00000000,0.00000000,94.69756566,107.32720193,101.68074366,1745.79450000,51924.91613036,9891.18697000
4,352,0.320000,0.351000,89.89674172,0.00000000,5.00970349,187.36498368,0.00000000,0.00000000,78.66539600,89.89674172,84.63531998,1492.48099468,51671.60262483,9891.18697000
4,353,0.130000,0.448000,38.55574336,68.77145856,0.00000000,170.37245223,0.00000000,0.00000000,94.69756566,107.32720193,101.68074366,1745.79450000,51671.60262463,9891.18697000
4,354,0.003000,0.555000,0.88974792,106.43745400,0.00000000,189.82341763,0.00000000,0.00000000,94.69756566,107.32720193,101.68074366,1745.79450000,51671.60262442,9891.18697000
4,355,0.000000,0.598000,0.00000000,107.32720193,0.00000000,211.88721471,0.00000000,0.00000000,94.69756566,107.32720193,101.68074366,1745.79450000,51671.60262422,9891.18697000
4,356,0.000000,0.607000,0.00000000,107.32720193,0.00000000,216.69144506,0.00000000,0.00000000,94.69756566,107.32720193,101.68074366,1745.79450000,51671.60262401,9891.18697000
4,357,0.000000,0.587000,0.00000000,107.32720193,0.00000000,206.01537762,0.00000000,0.00000000,94.69756566,107.32720193,101.68074366,1745.79450000,51671.60262381,9891.18697000
4,358,0.000000,0.621000,0.00000000,107.32720193,0.00000000,224.16469228,0.00000000,0.00000000,94.69756566,107.32720193,101.68074366,1745.79450000,51671.60262360,9891.18697000
4,359,0.000000,0.575000,0.00000000,106.72863180,0.00000000,200.20830727,0.00000000,0.00000000,94.69756566,106.72863180,101.68074366,1745.79450000,52020.76152344,7912.94957600
4,360,0.000000,0.497000,0.00000000,106.72863180,0.00000000,158.57164424,0.00000000,0.00000000,94.69756566,106.72863180,101.68074366,1745.79450000,52369.92042328,7912.94957600
4,361,0.000000,0.410000,0.00000000,107.32720193,0.00000000,111.53218072,0.00000000,0.00000000,94.69756566,107.32720193,101.68074366,1745.79450000,52369.92042307,9891.18697000
4,362,0.000000,0.328000,0.00000000,107.32720193,0.00000000,67.76030419,0.00000000,0.00000000,94.69756566,107.32720193,101.68074366,1745.79450000,52369.92042287,9891.18697000
4,363,0.000000,0.278000,0.00000000,107.32720193,0.00000000,41.07013558,0.00000000,0.00000000,94.69756566,107.32720193,101.68074366,1745.79450000,52369.92042266,9891.18697000
4,364,0.000000,0.234000,0.00000000,107.32720193,0.00000000,17.58278719,0.00000000,0.00000000,94.69756566,107.32720193,101.68074366,1745.79450000,52369.92042246,9891.18697000
4,365,0.000000,0.205000,0.00000000,89.46248128,0.00000000,19.96721005,0.00000000,0.00000000,78.66539600,89.46248128,84.63531998,1492.48099468,52369.92042328,8455.98296802
4,366,0.008000,0.166000,2.37266113,88.61135980,0.00000000,0.00000000,0.00000000,0.00000000,79.66545227,90.98402093,85.69858128,1508.28225348,52132.40817655,9891.18697000
4,367,0.174000,0.300000,51.60537958,55.72182235,0.00000000,104.41918935,0.00000000,0.00000000,94.69756566,107.32720193,101.68074366,1745.79450000,52132.40817635,9891.18697000
4,368,0.376000,0.352000,107.32720193,0.00000000,4.18787119,187.89878705,0.00000000,0.00000000,94.69756566,107.32720193,101.68074366,1745.79450000,52132.40817614,9891.18697000
4,369,0.550000,0.309000,107.32720193,0.00000000,55.79325077,164.94524204,0.00000000,0.00000000,94.69756566,107.32720193,101.68074366,1745.79450000,52132.40817594,9891.18697000
4,370,0.664000,0.259000,106.92002990,0.00000000,90.01084390,138.25507343,0.00000000,0.00000000,94.69756566,106.92002990,101.68074366,1745.79450000,52369.92042328,8545.50851366
4,371,0.726000,0.212000,107.32720193,0.00000000,107.99179563,113.16631493,0.00000000,0.00000000,94.69756566,107.32720193,101.68074366,1745.79450000,52369.92042307,9891.18697000
4,372,0.741000,0.167000,107.32720193,0.00000000,112.44053525,89.14516318,0.00000000,0.00000000,94.69756566,107.32720193,101.68074366,1745.79450000,52369.92042287,9891.18697000
4,373,0.696000,0.141000,107.32720193,0.00000000,99.09431639,75.26627550,0.00000000,0.00000000,94.69756566,107.32720193,101.68074366,1745.79450000,52369.92042266,9891.18697000
4,374,0.626000,0.139000,107.32720192,0.00000000,78.33353151,74.19866875,0.00000000,0.00000000,94.69756566,107.32720192,101.68074366,1745.79450000,52369.92042348,9891.18696419
4,375,0.516000,0.160000,107.32720193,0.00000000,45.70944097,85.40853957,0.00000000,0.00000000,94.69756566,107.32720193,101.68074366,1745.79450000,52369.92042328,9891.18697000
4,376,0.347000,0.218000,102.91417652,4.41302541,0.00000000,111.95610976,0.00000000,0.00000000,94.69756566,107.32720193,101.68074366,1745.79450000,52369.92042307,9891.18697000
4,377,0.123000,0.344000,0.00000000,89.89674172,36.47966488,93.73161836,0.00000000,0.00000000,78.66539600,89.89674172,84.63531998,1492.48099468,52116.60691754,9891.18697000
4,378,0.002000,0.506000,0.59316528,30.37896907,0.00000000,239.72553732,0.00000000,0.00000000,25.00174700,30.97213435,27.15938231,539.40882693,50910.22124426,9891.18697000
4,379,0.000000,0.539000,0.00000000,107.32720193,0.00000000,180.39281575,0.00000000,0.00000000,94.69756566,107.32720193,101.68074366,1745.79450000,50910.22124406,9891.18697000
4,380,0.000000,0.489000,0.00000000,107.32720193,0.00000000,153.70264713,0.00000000,0.00000000,94.69756566,107.32720193,101.68074366,1745.79450000,50910.22124385,9891.18697000
4,381,0.000000,0.451000,0.00000000,107.32720193,0.00000000,133.41811898,0.00000000,0.00000000,94.69756566,107.32720193,101.68074366,1745.79450000,50910.22124365,9891.18697000
4,382,0.000000,0.473000,0.00000000,107.32720193,0.00000000,145.16179317,0.00000000,0.00000000,94.69756566,107.32720193,101.68074366,1745.79450000,50910.22124344,9891.18697000
4,383,0.000000,0.488000,0.00000000,107.32720193,0.00000000,153.16884376,0.00000000,0.00000000,94.69756566,107.32720193,101.68074366,1745.79450000,50910.22124324,9891.18697000
4,384,0.000000,0.584000,0.00000000,106.72863180,0.00000000,205.01253763,0.00000000,0.00000000,94.69756566,106.72863180,101.68074366,1745.79450000,51259.38014307,7912.94957600
4,385,0.000000,0.591000,0.00000000,107.32720193,0.00000000,208.15059111,0.00000000,0.00000000,94.69756566,107.32720193,101.68074366,1745.79450000,51259.38014287,9891.18697000
4,386,0.000000,0.535000,0.00000000,106.72863180,0.00000000,178.85617238,0.00000000,0.00000000,94.69756566,106.72863180,101.68074366,1745.79450000,51608.53904270,7912.94957600
4,387,0.000000,0.388000,0.00000000,107.32720193,0.00000000,99.78850653,0.00000000,0.00000000,94.69756566,107.32720193,101.68074366,1745.79450000,51608.53904250,9891.18697000
4,388,0.000000,0.224000,0.00000000,107.32720193,0.00000000,12.24475347,0.00000000,0.00000000,94.69756566,107.32720193,101.68074366,1745.79450000,51608.53904229,9891.18697000
4,389,0.000000,0.134000,0.00000000,30.97213435,0.00000000,40.55751754,0.00000000,0.00000000,25.00174700,30.97213435,27.15938231,539.40882693,50402.15336901,9891.18697000
4,390,0.005000,0.105000,1.48291321,42.59429648,0.00000000,13.45505761,0.00000000,0.00000000,36.84682300,44.07720969,39.91750131,767.66957627,49424.02844508,9891.18697000
4,391,0.134000,0.240000,39.74207393,67.58512800,0.00000000,60.52768136,0.00000000,0.00000000,94.69756566,107.32720193,101.68074366,1745.79450000,49424.02844487,9891.18697000
4,392,0.283000,0.321000,83.93288748,23.39431445,0.00000000,147.95656806,0.00000000,0.00000000,94.69756566,107.32720193,101.68074366,1745.79450000,49424.02844467,9891.18697000
4,393,0.396000,0.300000,107.32720193,0.00000000,10.11952402,160.14101169,0.00000000,0.00000000,94.69756566,107.32720193,101.68074366,1745.79450000,49424.02844446,9891.18697000
4,394,0.477000,0.264000,107.32720193,0.00000000,34.14271796,140.92409029,0.00000000,0.00000000,94.69756566,107.32720193,101.68074366,1745.79450000,49424.02844426,9891.18697000
4,395,0.512000,0.246000,107.32720193,0.00000000,44.52311040,131.31562959,0.00000000,0.00000000,94.69756566,107.32720193,101.68074366,1745.79450000,49424.02844405,9891.18697000
4,396,0.502000,0.245000,107.32720193,0.00000000,41.55728399,130.78182621,0.00000000,0.00000000,94.69756566,107.32720193,101.68074366,1745.79450000,49424.02844385,9891.18697000
4,397,0.433000,0.249000,107.32720193,0.00000000,21.09308174,132.91703970,0.00000000,0.00000000,94.69756566,107.32720193,101.68074366,1745.79450000,49424.02844364,9891.18697000
4,398,0.325000,0.264000,96.38935841,10.93784351,0.00000000,129.98624677,0.00000000,0.00000000,94.69756566,107.32720193,101.68074366,1745.79450000,49424.02844344,9891.18697000
4,399,0.208000,0.310000,61.68918938,45.63801254,0.00000000,119.84103287,0.00000000,0.00000000,94.69756566,107.32720193,101.68074366,1745.79450000,49424.02844323,9891.18697000
4,400,0.125000,0.379000,37.07283016,70.25437177,0.00000000,132.05710634,0.00000000,0.00000000,94.69756566,107.32720193,101.68074366,1745.79450000,49424.02844303,9891.18697000
4,401,0.045000,0.447000,13.34621886,93.98098307,0.00000000,144.62912435,0.00000000,0.00000000,94.69756566,107.32720193,101.68074366,1745.79450000,49424.02844282,9891.18697000
4,402,0.000000,0.448000,0.00000000,107.32720193,0.00000000,131.81670887,0.00000000,0.00000000,94.69756566,107.32720193,101.68074366,1745.79450000,49424.02844262,9891.18697000
4,403,0.000000,0.450000,0.00000000,107.32720193,0.00000000,132.88431561,0.00000000,0.00000000,94.69756566,107.32720193,101.68074366,1745.79450000,49424.02844241,9891.18697000
4,404,0.000000,0.472000,0.00000000,107.32720193,0.00000000,144.62798980,0.00000000,0.00000000,94.69756566,107.32720193,101.68074366,1745.79450000,49424.02844221,9891.18697000
4,405,0.000000,0.500000,0.00000000,107.32720193,0.00000000,159.57448423,0.00000000,0.00000000,94.69756566,107.32720193,101.68074366,1745.79450000,49424.02844200,9891.18697000
4,406,0.000000,0.499000,0.00000000,107.32720193,0.00000000,159.04068085,0.00000000,0.00000000,94.69756566,107.32720193,101.68074366,1745.79450000,49424.02844180,9891.18697000
4,407,0.000000,0.510000,0.00000000,107.32720193,0.00000000,164.91251795,0.00000000,0.00000000,94.69756566,107.32720193,101.68074366,1745.79450000,49424.02844159,9891.18697000
4,408,0.000000,0.488000,0.00000000,106.72863180,0.00000000,153.76741388,0.00000000,0.00000000,94.69756566,106.72863180,101.68074366,1745.79450000,49773.18734143,7912.94957600
4,409,0.000000,0.464000,0.00000000,107.32720193,0.00000000,140.35756282,0.00000000,0.00000000,94.69756566,107.32720193,101.68074366,1745.79450000,49773.18734122,9891.18697000
4,410,0.000000,0.433000,0.00000000,107.32720193,0.00000000,123.80965828,0.00000000,0.00000000,94.69756566,107.32720193,101.68074366,1745.79450000,49773.18734102,9891.18697000
4,411,0.000000,0.396000,0.00000000,107.32720193,0.00000000,104.05893351,0.00000000,0.00000000,94.69756566,107.32720193,101.68074366,1745.79450000,49773.18734081,9891.18697000
4,412,0.000000,0.355000,0.00000000,106.72863180,0.00000000,82.77156537,0.00000000,0.00000000,94.69756566,106.72863180,101.68074366,1745.79450000,50122.34624065,7912.94957600
4,413,0.000000,0.311000,0.00000000,106.72863180,0.00000000,59.28421699,0.00000000,0.00000000,94.69756566,106.72863180,101.68074366,1745.79450000,50471.50514049,7912.94957600
4,414,0.000000,0.280000,0.00000000,107.32720193,0.00000000,42.13774232,0.00000000,0.00000000,94.69756566,107.32720193,101.68074366,1745.79450000,50471.50514028,9891.18697000
4,415,0.092000,0.428000,27.28560300,79.44302880,0.00000000,149.02481454,0.00000000,0.00000000,94.69756566,106.72863180,101.68074366,1745.79450000,50820.66404012,7912.94957600
4,416,0.225000,0.587000,66.73109428,39.99753752,0.00000000,273.34504203,0.00000000,0.00000000,94.69756566,106.72863180,101.68074366,1745.79450000,51169.82293995,7912.94957600
4,417,0.349000,0.591000,103.50734180,3.81986012,0.00000000,311.65793291,0.00000000,0.00000000,94.69756566,107.32720193,101.68074366,1745.79450000,51169.82293975,9891.18697000
4,418,0.442000,0.550000,107.32720193,0.00000000,23.76232551,293.59185477,0.00000000,0.00000000,94.69756566,107.32720193,101.68074366,1745.79450000,51169.82293954,9891.18697000
4,419,0.533000,0.521000,107.32720193,0.00000000,50.75134587,278.11155697,0.00000000,0.00000000,94.69756566,107.32720193,101.68074366,1745.79450000,51169.82293934,9891.18697000
4,420,0.551000,0.518000,106.72863180,0.00000000,56.68840354,276.51014685,0.00000000,0.00000000,94.69756566,106.72863180,101.68074366,1745.79450000,51518.98183917,7912.94957600
4,421,0.505000,0.491000,107.32720193,0.00000000,42.44703191,262.09745580,0.00000000,0.00000000,94.69756566,107.32720193,101.68074366,1745.79450000,51518.98183897,9891.18697000
4,422,0.418000,0.433000,107.32720193,0.00000000,16.64434212,231.13686021,0.00000000,0.00000000,94.69756566,107.32720193,101.68074366,1745.79450000,51518.98183876,9891.18697000
4,423,0.291000,0.394000,86.30554861,21.02165332,0.00000000,189.29687537,0.00000000,0.00000000,94.69756566,107.32720193,101.68074366,1745.79450000,51518.98183856,9891.18697000
4,424,0.176000,0.403000,52.19854486,55.12865706,0.00000000,159.99410198,0.00000000,0.00000000,94.69756566,107.32720193,101.68074366,1745.79450000,51518.98183835,9891.18697000
4,425,0.061000,0.435000,18.09154112,88.63709068,0.00000000,143.56737627,0.00000000,0.00000000,94.69756566,106.72863180,101.68074366,1745.79450000,51868.14073819,7912.94957600
4,426,0.000000,0.444000,0.00000000,107.32720193,0.00000000,129.68149538,0.00000000,0.00000000,94.69756566,107.32720193,101.68074366,1745.79450000,51868.14073798,9891.18697000
4,427,0.000000,0.456000,0.00000000,107.32720193,0.00000000,136.08713585,0.00000000,0.00000000,94.69756566,107.32720193,101.68074366,1745.79450000,51868.14073778,9891.18697000
4,428,0.000000,0.468000,0.00000000,107.32720193,0.00000000,142.49277631,0.00000000,0.00000000,94.69756566,107.32720193,101.68074366,1745.79450000,51868.14073757,9891.18697000
4,429,0.000000,0.497000,0.00000000,107.32720193,0.00000000,157.97307411,0.00000000,0.00000000,94.69756566,107.32720193,101.68074366,1745.79450000,51868.14073737,9891.18697000
4,430,0.000000,0.529000,0.00000000,107.32720193,0.00000000,175.05478202,0.00000000,0.00000000,94.69756566,107.32720193,101.68074366,1745.79450000,51868.14073716,9891.18697000
4,431,0.000000,0.558000,0.00000000,107.32720193,0.00000000,190.53507982,0.00000000,0.00000000,94.69756566,107.32720193,101.68074366,1745.79450000,51868.14073696,9891.18697000
4,432,0.000000,0.552000,0.00000000,107.32720193,0.00000000,187.33225959,0.00000000,0.00000000,94.69756566,107.32720193,101.68074366,1745.79450000,51868.14073675,9891.18697000
4,433,0.000000,0.532000,0.00000000,107.32720193,0.00000000,176.65619214,0.00000000,0.00000000,94.69756566,107.32720193,101.68074366,1745.79450000,51868.14073655,9891.18697000
4,434,0.000000,0.532000,0.00000000,107.32720193,0.00000000,176.65619214,0.00000000,0.00000000,94.69756566,107.32720193,101.68074366,1745.79450000,51868.14073634,9891.18697000
4,435,0.000000,0.441000,0.00000000,106.72863180,0.00000000,128.67865539,0.00000000,0.00000000,94.69756566,106.72863180,101.68074366,1745.79450000,52217.29963618,7912.94957600
4,436,0.000000,0.341000,0.00000000,107.32720193,0.00000000,74.69974803,0.00000000,0.00000000,94.69756566,107.32720193,101.68074366,1745.79450000,52217.29963598,9891.18697000
4,437,0.000000,0.337000,0.00000000,107.32720193,0.00000000,72.56453454,0.00000000,0.00000000,94.69756566,107.32720193,101.68074366,1745.79450000,52217.29963577,9891.18697000
4,438,0.006000,0.285000,1.77949585,105.28606519,0.00000000,46.84789592,0.00000000,0.00000000,94.69756566,107.06556104,101.68074366,1745.79450000,52369.92042369,9026.47995516
4,439,0.157000,0.362000,46.56347468,60.76372725,0.00000000,132.47309353,0.00000000,0.00000000,94.69756566,107.32720193,101.68074366,1745.79450000,52369.92042348,9891.18697000
4,440,0.350000,0.484000,103.80392444,3.52327748,0.00000000,254.83755471,0.00000000,0.00000000,94.69756566,107.32720193,101.68074366,1745.79450000,52369.92042328,9891.18697000
4,441,0.521000,0.449000,107.32720193,0.00000000,47.19235417,239.67771417,0.00000000,0.00000000,94.69756566,107.32720193,101.68074366,1745.79450000,52369.92042307,9891.18697000
4,442,0.651000,0.370000,107.32720193,0.00000000,85.74809754,197.50724775,0.00000000,0.00000000,94.69756566,107.32720193,101.68074366,1745.79450000,52369.92042287,9891.18697000
4,443,0.713000,0.313000,107.32720193,0.00000000,104.13622130,167.08045553,0.00000000,0.00000000,94.69756566,107.32720193,101.68074366,1745.79450000,52369.92042266,9891.18697000
4,444,0.724000,0.302000,107.32720193,0.00000000,107.39863035,161.20861844,0.00000000,0.00000000,94.69756566,107.32720193,101.68074366,1745.79450000,52369.92042246,9891.18697000
4,445,0.691000,0.296000,107.32720193,0.00000000,97.61140319,158.00579820,0.00000000,0.00000000,94.69756566,107.32720193,101.68074366,1745.79450000,52369.92042225,9891.18697000
4,446,0.605000,0.290000,107.32720193,0.00000000,72.10529604,154.80297797,0.00000000,0.00000000,94.69756566,107.32720193,101.68074366,1745.79450000,52369.92042205,9891.18697000
4,447,0.482000,0.308000,107.32720193,0.00000000,35.62563116,164.41143867,0.00000000,0.00000000,94.69756566,107.32720193,101.68074366,1745.79450000,52369.92042184,9891.18697000
4,448,0.316000,0.343000,93.72011464,13.60708728,0.00000000,169.48746942,0.00000000,0.00000000,94.69756566,107.32720192,101.68074366,1745.79450000,52369.92042369,9891.18695839
4,449,0.130000,0.398000,38.55574336,68.77145856,0.00000000,143.68228362,0.00000000,0.00000000,94.69756566,107.32720193,101.68074366,1745.79450000,52369.92042348,9891.18697000
4,450,0.002000,0.467000,0.59316528,106.73403664,0.00000000,142.55213822,0.00000000,0.00000000,94.69756566,107.32720193,101.68074366,1745.79450000,52369.92042328,9891.18697000
4,451,0.000000,0.506000,0.00000000,107.32720193,0.00000000,162.77730446,0.00000000,0.00000000,94.69756566,107.32720193,101.68074366,1745.79450000,52369.92042307,9891.18697000
4,452,0.000000,0.531000,0.00000000,30.97213435,0.00000000,252.47745634,0.00000000,0.00000000,25.00174700,30.97213435,27.15938231,539.40882693,51163.53474979,9891.18697000
4,453,0.000000,0.547000,0.00000000,107.32720193,0.00000000,184.66324273,0.00000000,0.00000000,94.69756566,107.32720193,101.68074366,1745.79450000,51163.53474959,9891.18697000
4,454,0.000000,0.488000,0.00000000,107.32720193,0.00000000,153.16884376,0.00000000,0.00000000,94.69756566,107.32720193,101.68074366,1745.79450000,51163.53474938,9891.18697000
4,455,0.000000,0.467000,0.00000000,107.32720193,0.00000000,141.95897294,0.00000000,0.00000000,94.69756566,107.32720193,101.68074366,1745.79450000,51163.53474918,9891.18697000
4,456,0.000000,0.404000,0.00000000,107.32720193,0.00000000,108.32936049,0.00000000,0.00000000,94.69756566,107.32720193,101.68074366,1745.79450000,51163.53474897,9891.18697000
4,457,0.000000,0.346000,0.00000000,107.32720193,0.00000000,77.36876489,0.00000000,0.00000000,94.69756566,107.32720193,101.68074366,1745.79450000,51163.53474877,9891.18697000
4,458,0.000000,0.331000,0.00000000,107.32720193,0.00000000,69.36171431,0.00000000,0.00000000,94.69756566,107.32720193,101.68074366,1745.79450000,51163.53474856,9891.18697000
4,459,0.000000,0.274000,0.00000000,107.32720193,0.00000000,38.93492209,0.00000000,0.00000000,94.69756566,107.32720193,101.68074366,1745.79450000,51163.53474836,9891.18697000
4,460,0.000000,0.231000,0.00000000,89.29817159,0.00000000,34.01040741,0.00000000,0.00000000,78.66539600,89.29817159,84.63531998,1492.48099468,51259.38014287,7912.94957600
4,461,0.000000,0.185000,0.00000000,98.75362388,0.00000000,0.00000000,0.00000000,0.00000000,86.81176929,98.75362388,93.29655477,1621.19637042,51134.78201308,9891.18697000
4,462,0.006000,0.163000,1.77949585,87.00994969,0.00000000,0.00000000,0.50872632,0.00000000,78.66539600,89.29817185,84.63532017,1492.48104146,51230.62745437,7912.94957600
4,463,0.179000,0.241000,53.08829279,54.23890914,0.00000000,74.40770359,0.00000000,0.00000000,94.69756566,107.32720193,101.68074366,1745.79450000,51230.62745417,9891.18697000
4,464,0.377000,0.292000,107.32720193,0.00000000,4.48445383,155.87058471,0.00000000,0.00000000,94.69756566,107.32720193,101.68074366,1745.79450000,51230.62745396,9891.18697000
4,465,0.531000,0.278000,107.32720193,0.00000000,50.15818059,148.39733750,0.00000000,0.00000000,94.69756566,107.32720193,101.68074366,1745.79450000,51230.62745376,9891.18697000
4,466,0.646000,0.244000,107.32720193,0.00000000,84.26518433,130.24802284,0.00000000,0.00000000,94.69756566,107.32720193,101.68074366,1745.79450000,51230.62745355,9891.18697000
4,467,0.719000,0.183000,107.32720193,0.00000000,105.91571714,97.68601713,0.00000000,0.00000000,94.69756566,107.32720193,101.68074366,1745.79450000,51230.62745335,9891.18697000
4,468,0.740000,0.139000,107.32720193,0.00000000,112.14395261,74.19866875,0.00000000,0.00000000,94.69756566,107.32720193,101.68074366,1745.79450000,51230.62745314,9891.18697000
4,469,0.714000,0.134000,107.32720193,0.00000000,104.43280394,71.52965189,0.00000000,0.00000000,94.69756566,107.32720193,101.68074366,1745.79450000,51230.62745294,9891.18697000
4,470,0.643000,0.151000,107.16979944,0.00000000,83.53283889,80.60430922,0.00000000,0.00000000,94.69756566,107.16979944,101.68074366,1745.79450000,51322.44372418,9370.98146605
4,471,0.515000,0.169000,106.72863180,0.00000000,46.01142845,90.21276992,0.00000000,0.00000000,94.69756566,106.72863180,101.68074366,1745.79450000,51671.60262401,7912.94957600
4,472,0.339000,0.195000,100.54151539,6.78568654,0.00000000,97.30597106,0.00000000,0.00000000,94.69756566,107.32720193,101.68074366,1745.79450000,51671.60262381,9891.18697000
4,473,0.135000,0.225000,40.03865657,67.28854536,0.00000000,52.81721341,0.00000000,0.00000000,94.69756566,107.32720193,101.68074366,1745.79450000,51671.60262360,9891.18697000
4,474,0.001000,0.259000,0.29658264,106.43204916,0.00000000,31.82302427,0.00000000,0.00000000,94.69756566,106.72863180,101.68074366,1745.79450000,52020.76152344,7912.94957600
4,475,0.000000,0.263000,0.00000000,106.72863180,0.00000000,33.66165512,0.00000000,0.00000000,94.69756566,106.72863180,101.68074366,1745.79450000,52369.92042328,7912.94957600
4,476,0.000000,0.272000,0.00000000,107.32720193,0.00000000,37.86731534,0.00000000,0.00000000,94.69756566,107.32720193,101.68074366,1745.79450000,52369.92042307,9891.18697000
4,477,0.000000,0.275000,0.00000000,107.32720193,0.00000000,39.46872546,0.00000000,0.00000000,94.69756566,107.32720193,101.68074366,1745.79450000,52369.92042287,9891.18697000
4,478,0.000000,0.266000,0.00000000,107.32720193,0.00000000,34.66449511,0.00000000,0.00000000,94.69756566,107.32720193,101.68074366,1745.79450000,52369.92042266,9891.18697000
4,479,0.000000,0.278000,0.00000000,107.32720193,0.00000000,41.07013558,0.00000000,0.00000000,94.69756566,107.32720193,101.68074366,1745.79450000,52369.92042246,9891.18697000
4,480,0.000000,0.300000,0.00000000,107.32720193,0.00000000,52.81380977,0.00000000,0.00000000,94.69756566,107.32720193,101.68074366,1745.79450000,52369.92042225,9891.18697000
4,481,0.000000,0.284000,0.00000000,107.32720193,0.00000000,44.27295581,0.00000000,0.00000000,94.69756566,107.32720193,101.68074366,1745.79450000,52369.92042205,9891.18697000
4,482,0.000000,0.264000,0.00000000,107.32720192,0.00000000,33.59688837,0.00000000,0.00000000,94.69756566,107.32720192,101.68074366,1745.79450000,52369.92042328,9891.18696187
4,483,0.000000,0.221000,0.00000000,107.32720193,0.00000000,10.64334335,0.00000000,0.00000000,94.69756566,107.32720193,101.68074366,1745.79450000,52369.92042307,9891.18697000
4,484,0.000000,0.173000,0.00000000,92.34798341,0.00000000,0.00000000,0.00000000,0.00000000,81.25490501,92.34798341,87.38848950,1533.39612023,52369.92042328,8687.79671400
4,485,0.000000,0.139000,0.00000000,2.39428050,0.00000000,71.80438825,0.00000000,0.00000000,0.00000000,2.39428050,0.00000000,0.00000000,50973.28482311,7912.94957600
4,486,0.001000,0.106000,0.29658264,56.58315746,0.00000000,0.00000000,0.79027232,0.00000000,49.73928100,57.67001242,53.75120196,1002.98023956,50579.62946250,7912.94957600
4,487,0.101000,0.099000,29.95484677,0.41871746,0.00000000,52.42781640,0.00000000,0.00000000,25.00174700,30.37356422,27.15938231,539.40882693,49722.40268927,7912.94957600
4,488,0.234000,0.084000,69.40033806,37.92686387,0.00000000,6.91261940,0.00000000,0.00000000,94.69756566,107.32720193,101.68074366,1745.79450000,49722.40268906,9891.18697000
4,489,0.339000,0.068000,100.54151539,6.78568654,0.00000000,29.51294278,0.00000000,0.00000000,94.69756566,107.32720193,101.68074366,1745.79450000,49722.40268886,9891.18697000
4,490,0.434000,0.054000,106.72863180,0.00000000,21.98823451,28.82538210,0.00000000,0.00000000,94.69756566,106.72863180,101.68074366,1745.79450000,50071.56158869,7912.94957600
4,491,0.534000,0.049000,106.72863180,0.00000000,51.64649863,26.15636524,0.00000000,0.00000000,94.69756566,106.72863180,101.68074366,1745.79450000,50420.72048853,7912.94957600
4,492,0.610000,0.067000,106.72863180,0.00000000,74.18677937,35.76482594,0.00000000,0.00000000,94.69756566,106.72863180,101.68074366,1745.79450000,50769.87938836,7912.94957600
4,493,0.622000,0.095000,107.32720193,0.00000000,77.14720094,50.71132037,0.00000000,0.00000000,94.69756566,107.32720193,101.68074366,1745.79450000,50769.87938816,9891.18697000
4,494,0.580000,0.133000,107.32720193,0.00000000,64.69073001,70.99584852,0.00000000,0.00000000,94.69756566,107.32720193,101.68074366,1745.79450000,50769.87938795,9891.18697000
4,495,0.480000,0.179000,106.72863180,0.00000000,35.63103601,95.55080364,0.00000000,0.00000000,94.69756566,106.72863180,101.68074366,1745.79450000,51119.03828779,7912.94957600
4,496,0.334000,0.241000,99.05860218,7.67002962,0.00000000,120.97658311,0.00000000,0.00000000,94.69756566,106.72863180,101.68074366,1745.79450000,51468.19718763,7912.94957600
4,497,0.154000,0.322000,45.67372675,61.46908283,0.00000000,110.41560306,0.00000000,0.00000000,94.69756566,107.14280958,101.68074366,1745.79450000,51575.75723032,9281.78162778
4,498,0.005000,0.389000,1.48291321,105.84428872,0.00000000,101.80522311,0.00000000,0.00000000,94.69756566,107.32720193,101.68074366,1745.79450000,51575.75723012,9891.18697000
4,499,0.000000,0.377000,0.00000000,107.32720193,0.00000000,93.91666943,0.00000000,0.00000000,94.69756566,107.32720193,101.68074366,1745.79450000,51575.75722991,9891.18697000
4,500,0.000000,0.320000,0.00000000,106.72863180,0.00000000,64.08844734,0.00000000,0.00000000,94.69756566,106.72863180,101.68074366,1745.79450000,51924.91612975,7912.94957600
4,501,0.000000,0.284000,0.00000000,106.72863180,0.00000000,44.87152593,0.00000000,0.00000000,94.69756566,106.72863180,101.68074366,1745.79450000,52274.07502958,7912.94957600
4,502,0.000000,0.253000,0.00000000,89.29817159,0.00000000,45.75408160,0.00000000,0.00000000,78.66539600,89.29817159,84.63531998,1492.48099468,52369.92042410,7912.94957600
4,503,0.000000,0.234000,0.00000000,107.32720193,0.00000000,17.58278719,0.00000000,0.00000000,94.69756566,107.32720193,101.68074366,1745.79450000,52369.92042389,9891.18697000
4,504,0.000000,0.210000,0.00000000,107.32720193,0.00000000,4.77150626,0.00000000,0.00000000,94.69756566,107.32720193,101.68074366,1745.79450000,52369.92042369,9891.18697000
4,505,0.000000,0.223000,0.00000000,107.32720193,0.00000000,11.71095010,0.00000000,0.00000000,94.69756566,107.32720193,101.68074366,1745.79450000,52369.92042348,9891.18697000
4,506,0.000000,0.208000,0.00000000,107.32720193,0.00000000,3.70389951,0.00000000,0.00000000,94.69756566,107.32720193,101.68074366,1745.79450000,52369.92042328,9891.18697000
4,507,0.000000,0.152000,0.00000000,73.54194353,0.00000000,7.59616906,0.00000000,0.00000000,63.67817400,73.54194353,68.65710075,1244.73168631,51868.85760938,9891.18697000
4,508,0.000000,0.100000,0.00000000,30.97213435,0.00000000,22.40820288,0.00000000,0.00000000,25.00174700,30.97213435,27.15938231,539.40882693,50662.47193610,9891.18697000
4,509,0.000000,0.083000,0.00000000,30.97213435,0.00000000,13.33354555,0.00000000,0.00000000,25.00174700,30.97213435,27.15938231,539.40882693,49456.08626282,9891.18697000
4,510,0.004000,0.084000,1.18633057,42.89087912,0.00000000,1.94860415,0.00000000,0.00000000,36.84682300,44.07720969,39.91750131,767.66957627,48477.96133889,9891.18697000
4,511,0.143000,0.115000,42.41131770,61.38738782,0.00000000,0.00000000,0.00000000,0.00000000,92.00268122,103.79870552,98.81553904,1703.21445550,48784.54019422,7912.94957600
4,512,0.336000,0.167000,99.65176747,7.67543446,0.00000000,81.46972871,0.00000000,0.00000000,94.69756566,107.32720193,101.68074366,1745.79450000,48784.54019401,9891.18697000
4,513,0.495000,0.213000,106.72863180,0.00000000,40.07977563,113.70011830,0.00000000,0.00000000,94.69756566,106.72863180,101.68074366,1745.79450000,49133.69909385,7912.94957600
4,514,0.620000,0.256000,106.72863180,0.00000000,77.15260578,136.65366331,0.00000000,0.00000000,94.69756566,106.72863180,101.68074366,1745.79450000,49482.85799369,7912.94957600
4,515,0.696000,0.294000,106.72863180,0.00000000,99.69288652,156.93819146,0.00000000,0.00000000,94.69756566,106.72863180,101.68074366,1745.79450000,49832.01689352,7912.94957600
4,516,0.730000,0.332000,107.32720193,0.00000000,109.17812620,177.22271961,0.00000000,0.00000000,94.69756566,107.32720193,101.68074366,1745.79450000,49832.01689332,9891.18697000
4,517,0.716000,0.357000,107.32720193,0.00000000,105.02596922,190.56780391,0.00000000,0.00000000,94.69756566,107.32720193,101.68074366,1745.79450000,49832.01689311,9891.18697000
4,518,0.652000,0.379000,107.32720193,0.00000000,86.04468018,202.31147810,0.00000000,0.00000000,94.69756566,107.32720193,101.68074366,1745.79450000,49832.01689291,9891.18697000
4,519,0.536000,0.408000,107.32720193,0.00000000,51.64109379,217.79177590,0.00000000,0.00000000,94.69756566,107.32720193,101.68074366,1745.79450000,49832.01689270,9891.18697000
4,520,0.374000,0.444000,107.32720193,0.00000000,3.59470591,237.00869730,0.00000000,0.00000000,94.69756566,107.32720193,101.68074366,1745.79450000,49832.01689250,9891.18697000
4,521,0.170000,0.466000,50.41904902,56.90815291,0.00000000,191.84421858,0.00000000,0.00000000,94.69756566,107.32720193,101.68074366,1745.79450000,49832.01689229,9891.18697000
4,522,0.005000,0.432000,1.48291321,105.24571859,0.00000000,125.35733824,0.00000000,0.00000000,94.69756566,106.72863180,101.68074366,1745.79450000,50181.17579213,7912.94957600
4,523,0.000000,0.355000,0.00000000,107.32720193,0.00000000,82.17299524,0.00000000,0.00000000,94.69756566,107.32720193,101.68074366,1745.79450000,50181.17579192,9891.18697000
4,524,0.000000,0.305000,0.00000000,107.32720193,0.00000000,55.48282663,0.00000000,0.00000000,94.69756566,107.32720193,101.68074366,1745.79450000,50181.17579172,9891.18697000
4,525,0.000000,0.265000,0.00000000,107.32720193,0.00000000,34.13069174,0.00000000,0.00000000,94.69756566,107.32720193,101.68074366,1745.79450000,50181.17579151,9891.18697000
4,526,0.000000,0.233000,0.00000000,58.26858481,0.00000000,66.10760093,0.00000000,0.00000000,49.73928100,58.26858481,53.75120360,1002.98064984,49438.36194114,9891.18697000
4,527,0.000000,0.202000,0.00000000,107.32720193,0.00000000,0.50107928,0.00000000,0.00000000,94.69756566,107.32720193,101.68074366,1745.79450000,49438.36194094,9891.18697000
4,528,0.000000,0.174000,0.00000000,92.88178678,0.00000000,0.00000000,0.00000000,0.00000000,81.41097729,92.88178678,87.55442574,1535.86211264,49228.42955338,9891.18697000
4,529,0.000000,0.146000,0.00000000,73.54194353,0.00000000,4.39334882,0.00000000,0.00000000,63.67817400,73.54194353,68.65710075,1244.73168631,48727.36673948,9891.18697000
4,530,0.000000,0.139000,0.00000000,74.19866875,0.00000000,0.00000000,0.00000000,0.00000000,64.27998343,74.19866875,69.29870422,1254.68019825,48236.25243753,9891.18697000
4,531,0.000000,0.147000,0.00000000,78.46909573,0.00000000,0.00000000,0.00000000,0.00000000,68.19332070,78.46909573,73.47080215,1319.37036365,47809.82830097,9891.18697000
4,532,0.000000,0.172000,0.00000000,30.97213435,0.00000000,60.84204569,0.00000000,0.00000000,25.00174700,30.97213435,27.15938231,539.40882693,46603.44262769,9891.18697000
4,533,0.000000,0.199000,0.00000000,73.54194353,0.00000000,32.68492755,0.00000000,0.00000000,63.67817400,73.54194353,68.65710075,1244.73168631,46102.37981380,9891.18697000
4,534,0.005000,0.208000,1.48291321,105.84428872,0.00000000,5.18681272,0.00000000,0.00000000,94.69756566,107.32720193,101.68074366,1745.79450000,46102.37981359,9891.18697000
4,535,0.140000,0.355000,41.52156978,65.80563215,0.00000000,123.69456502,0.00000000,0.00000000,94.69756566,107.32720193,101.68074366,1745.79450000,46102.37981339,9891.18697000
4,536,0.315000,0.447000,93.42353200,13.90366993,0.00000000,224.70643749,0.00000000,0.00000000,94.69756566,107.32720193,101.68074366,1745.79450000,46102.37981318,9891.18697000
4,537,0.471000,0.472000,107.32720193,0.00000000,32.36322211,251.95519173,0.00000000,0.00000000,94.69756566,107.32720193,101.68074366,1745.79450000,46102.37981298,9891.18697000
4,538,0.597000,0.494000,107.32720193,0.00000000,69.73263491,263.69886592,0.00000000,0.00000000,94.69756566,107.32720193,101.68074366,1745.79450000,46102.37981277,9891.18697000
4,539,0.641000,0.519000,107.32720193,0.00000000,82.78227113,277.04395023,0.00000000,0.00000000,94.69756566,107.32720193,101.68074366,1745.79450000,46102.37981257,9891.18697000
4,540,0.638000,0.538000,106.75733922,0.00000000,82.46238591,287.18621430,0.00000000,0.00000000,94.69756566,106.75733922,101.68074366,1745.79450000,46434.79305579,8007.82581741
4,541,0.601000,0.542000,107.32720193,0.00000000,70.91896547,289.32142779,0.00000000,0.00000000,94.69756566,107.32720193,101.68074366,1745.79450000,46434.79305559,9891.18697000
4,542,0.543000,0.547000,107.32720193,0.00000000,53.71717228,291.99044465,0.00000000,0.00000000,94.69756566,107.32720193,101.68074366,1745.79450000,46434.79305538,9891.18697000
4,543,0.443000,0.558000,107.32720193,0.00000000,24.05890815,297.86228175,0.00000000,0.00000000,94.69756566,107.32720193,101.68074366,1745.79450000,46434.79305518,9891.18697000
4,544,0.288000,0.562000,85.41580068,21.91140124,0.00000000,278.08609399,0.00000000,0.00000000,94.69756566,107.32720193,101.68074366,1745.79450000,46434.79305497,9891.18697000
4,545,0.112000,0.566000,33.21725582,74.10994610,0.00000000,228.02276262,0.00000000,0.00000000,94.69756566,107.32720193,101.68074366,1745.79450000,46434.79305477,9891.18697000
4,546,0.000000,0.538000,0.00000000,107.32720193,0.00000000,179.85901237,0.00000000,0.00000000,94.69756566,107.32720193,101.68074366,1745.79450000,46434.79305456,9891.18697000
4,547,0.000000,0.513000,0.00000000,89.89674172,0.00000000,183.94438828,0.00000000,0.00000000,78.66539600,89.89674172,84.63531998,1492.48099468,46181.47954903,9891.18697000
4,548,0.000000,0.529000,0.00000000,107.32720193,0.00000000,175.05478202,0.00000000,0.00000000,94.69756566,107.32720193,101.68074366,1745.79450000,46181.47954883,9891.18697000
4,549,0.000000,0.522000,0.00000000,107.32720193,0.00000000,171.31815842,0.00000000,0.00000000,94.69756566,107.32720193,101.68074366,1745.79450000,46181.47954862,9891.18697000
4,550,0.000000,0.476000,0.00000000,107.32720193,0.00000000,146.76320329,0.00000000,0.00000000,94.69756566,107.32720193,101.68074366,1745.79450000,46181.47954842,9891.18697000
4,551,0.000000,0.387000,0.00000000,107.32720193,0.00000000,99.25470316,0.00000000,0.00000000,94.69756566,107.32720193,101.68074366,1745.79450000,46181.47954821,9891.18697000
4,552,0.000000,0.322000,0.00000000,107.32720193,0.00000000,64.55748396,0.00000000,0.00000000,94.69756566,107.32720193,101.68074366,1745.79450000,46181.47954801,9891.18697000
4,553,0.000000,0.251000,0.00000000,107.32720193,0.00000000,26.65744452,0.00000000,0.00000000,94.69756566,107.32720193,101.68074366,1745.79450000,46181.47954780,9891.18697000
4,554,0.000000,0.195000,0.00000000,104.09165760,0.00000000,0.00000000,0.00000000,0.00000000,91.72158019,104.09165760,98.51667206,1698.77296839,46134.45801599,9891.18697000
4,555,0.000000,0.172000,0.00000000,91.81418004,0.00000000,0.00000000,0.00000000,0.00000000,80.97956730,91.81418004,87.09575008,1529.04569537,46266.86811120,7912.94957600
4,556,0.000000,0.164000,0.00000000,87.54375306,0.00000000,0.00000000,1.75441879,0.00000000,78.66539600,89.29817185,84.63532017,1492.48104146,46362.71355249,7912.94957600
4,557,0.000000,0.171000,0.00000000,91.28037666,0.00000000,0.00000000,0.00000000,0.00000000,79.93803402,91.28037666,85.98839056,1512.58913325,46129.50818553,9891.18697000
4,558,0.006000,0.178000,1.77949585,95.01700027,0.00000000,0.00000000,0.00000000,0.00000000,85.01164443,96.79649612,91.38265969,1592.75381625,45976.46750157,9891.18697000
4,559,0.163000,0.325000,48.34297053,58.98423140,0.00000000,114.50186460,0.00000000,0.00000000,94.69756566,107.32720193,101.68074366,1745.79450000,45976.46750137,9891.18697000
4,560,0.360000,0.403000,106.76975086,0.55745107,0.00000000,214.56530797,0.00000000,0.00000000,94.69756566,107.32720193,101.68074366,1745.79450000,45976.46750116,9891.18697000
4,561,0.520000,0.395000,107.32720193,0.00000000,46.89577153,210.85233206,0.00000000,0.00000000,94.69756566,107.32720193,101.68074366,1745.79450000,45976.46750096,9891.18697000
4,562,0.623000,0.395000,107.32720193,0.00000000,77.44378358,210.85233206,0.00000000,0.00000000,94.69756566,107.32720193,101.68074366,1745.79450000,45976.46750075,9891.18697000
4,563,0.682000,0.422000,107.32720193,0.00000000,94.94215942,225.26502311,0.00000000,0.00000000,94.69756566,107.32720193,101.68074366,1745.79450000,45976.46750055,9891.18697000
4,564,0.708000,0.454000,107.32720193,0.00000000,102.65330809,242.34673103,0.00000000,0.00000000,94.69756566,107.32720193,101.68074366,1745.79450000,45976.46750034,9891.18697000
4,565,0.688000,0.484000,106.72863180,0.00000000,97.32022539,258.36083220,0.00000000,0.00000000,94.69756566,106.72863180,101.68074366,1745.79450000,46325.62640018,7912.94957600
4,566,0.613000,0.514000,107.32720193,0.00000000,74.47795717,274.37493337,0.00000000,0.00000000,94.69756566,107.32720193,101.68074366,1745.79450000,46325.62639998,9891.18697000
4,567,0.485000,0.538000,107.32720193,0.00000000,36.51537909,287.18621430,0.00000000,0.00000000,94.69756566,107.32720193,101.68074366,1745.79450000,46325.62639977,9891.18697000
4,568,0.316000,0.559000,93.72011464,13.60708729,0.00000000,284.78899783,0.00000000,0.00000000,94.69756566,107.32720193,101.68074366,1745.79450000,46325.62639957,9891.18697000
4,569,0.129000,0.571000,38.25916072,69.06804120,0.00000000,235.73368438,0.00000000,0.00000000,94.69756566,107.32720193,101.68074366,1745.79450000,46325.62639936,9891.18697000
4,570,0.002000,0.523000,0.59316528,106.73403664,0.00000000,172.44512707,0.00000000,0.00000000,94.69756566,107.32720193,101.68074366,1745.79450000,46325.62639916,9891.18697000
4,571,0.000000,0.398000,0.00000000,107.32720193,0.00000000,105.12654025,0.00000000,0.00000000,94.69756566,107.32720193,101.68074366,1745.79450000,46325.62639895,9891.18697000
4,572,0.000000,0.364000,0.00000000,107.32720193,0.00000000,86.97722559,0.00000000,0.00000000,94.69756566,107.32720193,101.68074366,1745.79450000,46325.62639875,9891.18697000
4,573,0.000000,0.391000,0.00000000,107.32720193,0.00000000,101.38991665,0.00000000,0.00000000,94.69756566,107.32720193,101.68074366,1745.79450000,46325.62639854,9891.18697000
4,574,0.000000,0.348000,0.00000000,107.32720193,0.00000000,78.43637164,0.00000000,0.00000000,94.69756566,107.32720193,101.68074366,1745.79450000,46325.62639834,9891.18697000
4,575,0.000000,0.352000,0.00000000,107.32720193,0.00000000,80.57158513,0.00000000,0.00000000,94.69756566,107.32720193,101.68074366,1745.79450000,46325.62639813,9891.18697000
4,576,0.000000,0.315000,0.00000000,107.32720193,0.00000000,60.82086035,0.00000000,0.00000000,94.69756566,107.32720193,101.68074366,1745.79450000,46325.62639793,9891.18697000
4,577,0.000000,0.279000,0.00000000,107.32720193,0.00000000,41.60393895,0.00000000,0.00000000,94.69756566,107.32720193,101.68074366,1745.79450000,46325.62639772,9891.18697000
4,578,0.000000,0.263000,0.00000000,107.32720193,0.00000000,33.06308499,0.00000000,0.00000000,94.69756566,107.32720193,101.68074366,1745.79450000,46325.62639752,9891.18697000
4,579,0.000000,0.270000,0.00000000,107.32720193,0.00000000,36.79970860,0.00000000,0.00000000,94.69756566,107.32720193,101.68074366,1745.79450000,46325.62639731,9891.18697000
4,580,0.000000,0.281000,0.00000000,107.32720193,0.00000000,42.67154569,0.00000000,0.00000000,94.69756566,107.32720193,101.68074366,1745.79450000,46325.62639711,9891.18697000
4,581,0.000000,0.296000,0.00000000,107.32720193,0.00000000,50.67859628,0.00000000,0.00000000,94.69756566,107.32720193,101.68074366,1745.79450000,46325.62639690,9891.18697000
4,582,0.008000,0.312000,2.37266113,104.95454080,0.00000000,61.59211136,0.00000000,0.00000000,94.69756566,107.32720193,101.68074366,1745.79450000,46325.62639670,9891.18697000
4,583,0.195000,0.531000,57.83361505,49.49358688,0.00000000,233.95600382,0.00000000,0.00000000,94.69756566,107.32720193,101.68074366,1745.79450000,46325.62639649,9891.18697000
4,584,0.395000,0.562000,107.32720193,0.00000000,9.82294137,299.99749524,0.00000000,0.00000000,94.69756566,107.32720193,101.68074366,1745.79450000,46325.62639629,9891.18697000
4,585,0.555000,0.496000,107.32720193,0.00000000,57.27616398,264.76647266,0.00000000,0.00000000,94.69756566,107.32720193,101.68074366,1745.79450000,46325.62639608,9891.18697000
4,586,0.663000,0.444000,107.32720193,0.00000000,89.30708923,237.00869730,0.00000000,0.00000000,94.69756566,107.32720193,101.68074366,1745.79450000,46325.62639588,9891.18697000
4,587,0.720000,0.429000,107.32720193,0.00000000,106.21229979,229.00164672,0.00000000,0.00000000,94.69756566,107.32720193,101.68074366,1745.79450000,46325.62639567,9891.18697000
4,588,0.736000,0.431000,73.54194353,0.00000000,144.74288044,230.06925346,0.00000000,0.00000000,63.67817400,73.54194353,68.65710075,1244.73168631,45824.56358178,9891.18697000
4,589,0.703000,0.457000,107.32720193,0.00000000,101.17039488,243.94814114,0.00000000,0.00000000,94.69756566,107.32720193,101.68074366,1745.79450000,45824.56358157,9891.18697000
4,590,0.631000,0.506000,107.32720193,0.00000000,79.81644471,270.10450639,0.00000000,0.00000000,94.69756566,107.32720193,101.68074366,1745.79450000,45824.56358137,9891.18697000
4,591,0.504000,0.561000,107.32720193,0.00000000,42.15044927,299.46369186,0.00000000,0.00000000,94.69756566,107.32720193,101.68074366,1745.79450000,45824.56358116,9891.18697000
4,592,0.329000,0.615000,97.57568898,9.75151295,0.00000000,318.53756102,0.00000000,0.00000000,94.69756566,107.32720193,101.68074366,1745.79450000,45824.56358096,9891.18697000
4,593,0.131000,0.661000,38.85232601,68.47487592,0.00000000,284.36915317,0.00000000,0.00000000,94.69756566,107.32720193,101.68074366,1745.79450000,45824.56358075,9891.18697000
4,594,0.002000,0.668000,0.59316528,106.73403664,0.00000000,249.84661606,0.00000000,0.00000000,94.69756566,107.32720193,101.68074366,1745.79450000,45824.56358055,9891.18697000
4,595,0.000000,0.627000,0.00000000,107.32720193,0.00000000,227.36751251,0.00000000,0.00000000,94.69756566,107.32720193,101.68074366,1745.79450000,45824.56358034,9891.18697000
4,596,0.000000,0.613000,0.00000000,107.32720193,0.00000000,219.89426530,0.00000000,0.00000000,94.69756566,107.32720193,101.68074366,1745.79450000,45824.56358014,9891.18697000
4,597,0.000000,0.615000,0.00000000,107.32720193,0.00000000,220.96187204,0.00000000,0.00000000,94.69756566,107.32720193,101.68074366,1745.79450000,45824.56357993,9891.18697000
4,598,0.000000,0.576000,0.00000000,2.99285063,0.00000000,304.47789182,0.00000000,0.00000000,0.00000000,2.99285063,0.00000000,0.00000000,44078.76907973,9891.18697000
4,599,0.000000,0.495000,0.00000000,107.32720193,0.00000000,156.90546737,0.00000000,0.00000000,94.69756566,107.32720193,101.68074366,1745.79450000,44078.76907952,9891.18697000
4,600,0.000000,0.407000,0.00000000,107.32720193,0.00000000,109.93077060,0.00000000,0.00000000,94.69756566,107.32720193,101.68074366,1745.79450000,44078.76907932,9891.18697000
4,601,0.000000,0.317000,0.00000000,107.32720193,0.00000000,61.88846710,0.00000000,0.00000000,94.69756566,107.32720193,101.68074366,1745.79450000,44078.76907911,9891.18697000
4,602,0.000000,0.244000,0.00000000,107.32720193,0.00000000,22.92082092,0.00000000,0.00000000,94.69756566,107.32720193,101.68074366,1745.79450000,44078.76907891,9891.18697000
4,603,0.000000,0.201000,0.00000000,58.26858481,0.00000000,49.02589302,0.00000000,0.00000000,49.73928100,58.26858481,53.75120360,1002.98064984,43335.95522854,9891.18697000
4,604,0.000000,0.201000,0.00000000,73.54194353,0.00000000,33.75253430,0.00000000,0.00000000,63.67817400,73.54194353,68.65710075,1244.73168631,42834.89241464,9891.18697000
4,605,0.000000,0.233000,0.00000000,44.07720969,0.00000000,80.29897606,0.00000000,0.00000000,36.84682300,44.07720969,39.91750131,767.66957627,41856.76749071,9891.18697000
4,606,0.004000,0.279000,1.18633057,106.14087136,0.00000000,42.79026951,0.00000000,0.00000000,94.69756566,107.32720193,101.68074366,1745.79450000,41856.76749050,9891.18697000
4,607,0.145000,0.498000,43.00448298,64.32271894,0.00000000,201.51136047,0.00000000,0.00000000,94.69756566,107.32720193,101.68074366,1745.79450000,41856.76749030,9891.18697000
4,608,0.346000,0.569000,102.61759388,4.70960805,0.00000000,299.02451079,0.00000000,0.00000000,94.69756566,107.32720193,101.68074366,1745.79450000,41856.76749009,9891.18697000
4,609,0.507000,0.553000,107.32720193,0.00000000,43.04019720,295.19326488,0.00000000,0.00000000,94.69756566,107.32720193,101.68074366,1745.79450000,41856.76748989,9891.18697000
4,610,0.615000,0.532000,107.32720193,0.00000000,75.07112245,283.98339407,0.00000000,0.00000000,94.69756566,107.32720193,101.68074366,1745.79450000,41856.76748968,9891.18697000
4,611,0.681000,0.526000,107.32720193,0.00000000,94.64557678,280.78057383,0.00000000,0.00000000,94.69756566,107.32720193,101.68074366,1745.79450000,41856.76748948,9891.18697000
4,612,0.679000,0.538000,107.32720193,0.00000000,94.05241149,287.18621430,0.00000000,0.00000000,94.69756566,107.32720193,101.68074366,1745.79450000,41856.76748927,9891.18697000
4,613,0.642000,0.568000,107.32720193,0.00000000,83.07885377,303.20031547,0.00000000,0.00000000,94.69756566,107.32720193,101.68074366,1745.79450000,41856.76748907,9891.18697000
4,614,0.566000,0.594000,107.32720193,0.00000000,60.53857303,317.07920315,0.00000000,0.00000000,94.69756566,107.32720193,101.68074366,1745.79450000,41856.76748886,9891.18697000
4,615,0.440000,0.600000,107.32720193,0.00000000,23.16916023,320.28202338,0.00000000,0.00000000,94.69756566,107.32720193,101.68074366,1745.79450000,41856.76748866,9891.18697000
4,616,0.285000,0.593000,30.97213435,0.00000000,53.55391841,316.54539978,0.00000000,0.00000000,25.00174700,30.97213435,27.15938231,539.40882693,40650.38181538,9891.18697000
4,617,0.118000,0.565000,34.99675167,72.33045026,0.00000000,229.26845510,0.00000000,0.00000000,94.69756566,107.32720193,101.68074366,1745.79450000,40650.38181517,9891.18697000
4,618,0.001000,0.494000,0.29658264,107.03061928,0.00000000,156.66824663,0.00000000,0.00000000,94.69756566,107.32720193,101.68074366,1745.79450000,40650.38181497,9891.18697000
4,619,0.000000,0.369000,0.00000000,73.54194353,0.00000000,123.43150085,0.00000000,0.00000000,63.67817400,73.54194353,68.65710075,1244.73168631,40149.31900107,9891.18697000
4,620,0.000000,0.311000,0.00000000,107.32720193,0.00000000,58.68564686,0.00000000,0.00000000,94.69756566,107.32720193,101.68074366,1745.79450000,40149.31900087,9891.18697000
4,621,0.000000,0.280000,0.00000000,44.07720969,0.00000000,105.38773456,0.00000000,0.00000000,36.84682300,44.07720969,39.91750131,767.66957627,39171.19407693,9891.18697000
4,622,0.000000,0.264000,0.00000000,89.89674172,0.00000000,51.02734857,0.00000000,0.00000000,78.66539600,89.89674172,84.63531998,1492.48099468,38917.88057140,9891.18697000
4,623,0.000000,0.261000,0.00000000,107.32720193,0.00000000,31.99547825,0.00000000,0.00000000,94.69756566,107.32720193,101.68074366,1745.79450000,38917.88057120,9891.18697000
4,624,0.000000,0.252000,0.00000000,107.32720193,0.00000000,27.19124790,0.00000000,0.00000000,94.69756566,107.32720193,101.68074366,1745.79450000,38917.88057099,9891.18697000
4,625,0.000000,0.250000,0.00000000,107.32720193,0.00000000,26.12364115,0.00000000,0.00000000,94.69756566,107.32720193,101.68074366,1745.79450000,38917.88057079,9891.18697000
4,626,0.000000,0.259000,0.00000000,107.32720193,0.00000000,30.92787150,0.00000000,0.00000000,94.69756566,107.32720193,101.68074366,1745.79450000,38917.88057058,9891.18697000
4,627,0.000000,0.282000,0.00000000,107.32720193,0.00000000,43.20534906,0.00000000,0.00000000,94.69756566,107.32720193,101.68074366,1745.79450000,38917.88057038,9891.18697000
4,628,0.000000,0.316000,0.00000000,107.32720193,0.00000000,61.35466372,0.00000000,0.00000000,94.69756566,107.32720193,101.68074366,1745.79450000,38917.88057017,9891.18697000
4,629,0.000000,0.320000,0.00000000,107.32720193,0.00000000,63.48987721,0.00000000,0.00000000,94.69756566,107.32720193,101.68074366,1745.79450000,38917.88056997,9891.18697000
4,630,0.007000,0.297000,2.07607849,105.25112344,0.00000000,53.28847814,0.00000000,0.00000000,94.69756566,107.32720193,101.68074366,1745.79450000,38917.88056976,9891.18697000
4,631,0.167000,0.480000,49.52930109,57.79790083,0.00000000,198.42771787,0.00000000,0.00000000,94.69756566,107.32720193,101.68074366,1745.79450000,38917.88056956,9891.18697000
4,632,0.353000,0.516000,104.69367237,2.63352956,0.00000000,272.80901055,0.00000000,0.00000000,94.69756566,107.32720193,101.68074366,1745.79450000,38917.88056935,9891.18697000
4,633,0.485000,0.444000,107.32720193,0.00000000,36.51537909,237.00869730,0.00000000,0.00000000,94.69756566,107.32720193,101.68074366,1745.79450000,38917.88056915,9891.18697000
4,634,0.586000,0.393000,107.32720193,0.00000000,66.47022586,209.78472532,0.00000000,0.00000000,94.69756566,107.32720193,101.68074366,1745.79450000,38917.88056894,9891.18697000
4,635,0.596000,0.385000,107.32720193,0.00000000,69.43605227,205.51429834,0.00000000,0.00000000,94.69756566,107.32720193,101.68074366,1745.79450000,38917.88056874,9891.18697000
4,636,0.562000,0.386000,107.32720193,0.00000000,59.35224247,206.04810171,0.00000000,0.00000000,94.69756566,107.32720193,101.68074366,1745.79450000,38917.88056853,9891.18697000
4,637,0.491000,0.388000,107.32720193,0.00000000,38.29487494,207.11570845,0.00000000,0.00000000,94.69756566,107.32720193,101.68074366,1745.79450000,38917.88056833,9891.18697000
4,638,0.407000,0.395000,107.32720193,0.00000000,13.38193307,210.85233206,0.00000000,0.00000000,94.69756566,107.32720193,101.68074366,1745.79450000,38917.88056812,9891.18697000
4,639,0.307000,0.402000,91.05087087,16.27633106,0.00000000,198.31262461,0.00000000,0.00000000,94.69756566,107.32720193,101.68074366,1745.79450000,38917.88056792,9891.18697000
4,640,0.191000,0.415000,56.64728448,50.67991744,0.00000000,170.84848206,0.00000000,0.00000000,94.69756566,107.32720193,101.68074366,1745.79450000,38917.88056771,9891.18697000
4,641,0.078000,0.427000,23.13344602,84.19375591,0.00000000,143.74028407,0.00000000,0.00000000,94.69756566,107.32720193,101.68074366,1745.79450000,38917.88056751,9891.18697000
4,642,0.000000,0.426000,0.00000000,107.32720193,0.00000000,120.07303468,0.00000000,0.00000000,94.69756566,107.32720193,101.68074366,1745.79450000,38917.88056730,9891.18697000
4,643,0.000000,0.410000,0.00000000,107.32720193,0.00000000,111.53218072,0.00000000,0.00000000,94.69756566,107.32720193,101.68074366,1745.79450000,38917.88056710,9891.18697000
4,644,0.000000,0.407000,0.00000000,107.32720193,0.00000000,109.93077060,0.00000000,0.00000000,94.69756566,107.32720193,101.68074366,1745.79450000,38917.88056689,9891.18697000
4,645,0.000000,0.378000,0.00000000,107.32720193,0.00000000,94.45047281,0.00000000,0.00000000,94.69756566,107.32720193,101.68074366,1745.79450000,38917.88056669,9891.18697000
4,646,0.000000,0.337000,0.00000000,107.32720193,0.00000000,72.56453454,0.00000000,0.00000000,94.69756566,107.32720193,101.68074366,1745.79450000,38917.88056648,9891.18697000
4,647,0.000000,0.297000,0.00000000,89.89674172,0.00000000,68.64285986,0.00000000,0.00000000,78.66539600,89.89674172,84.63531998,1492.48099468,38664.56706095,9891.18697000
4,648,0.000000,0.245000,0.00000000,107.32720193,0.00000000,23.45462429,0.00000000,0.00000000,94.69756566,107.32720193,101.68074366,1745.79450000,38664.56706075,9891.18697000
4,649,0.000000,0.177000,0.00000000,94.48319690,0.00000000,0.00000000,0.00000000,0.00000000,82.88392056,94.48319690,89.12046093,1559.13509203,38477.90765258,9891.18697000
4,650,0.000000,0.133000,0.00000000,44.07720969,0.00000000,26.91863883,0.00000000,0.00000000,36.84682300,44.07720969,39.91750131,767.66957627,37499.78272864,9891.18697000
4,651,0.000000,0.131000,0.00000000,30.97213435,0.00000000,38.95610742,0.00000000,0.00000000,25.00174700,30.97213435,27.15938231,539.40882693,36293.39705536,9891.18697000
4,652,0.000000,0.134000,0.00000000,2.99285063,0.00000000,68.53680126,0.00000000,0.00000000,0.00000000,2.99285063,0.00000000,0.00000000,34547.60255516,9891.18697000
4,653,0.000000,0.179000,0.00000000,73.54194353,0.00000000,22.00886011,0.00000000,0.00000000,63.67817400,73.54194353,68.65710075,1244.73168631,34046.53974126,9891.18697000
4,654,0.000000,0.257000,0.00000000,89.89674172,0.00000000,47.29072497,0.00000000,0.00000000,78.66539600,89.89674172,84.63531998,1492.48099468,33793.22623574,9891.18697000
4,655,0.085000,0.361000,25.20952451,82.11767742,0.00000000,110.58533998,0.00000000,0.00000000,94.69756566,107.32720193,101.68074366,1745.79450000,33793.22623553,9891.18697000
4,656,0.201000,0.425000,59.61311089,47.71409103,0.00000000,179.15234220,0.00000000,0.00000000,94.69756566,107.32720193,101.68074366,1745.79450000,33793.22623533,9891.18697000
4,657,0.327000,0.420000,96.98252369,10.34467823,0.00000000,213.85273814,0.00000000,0.00000000,94.69756566,107.32720193,101.68074366,1745.79450000,33793.22623512,9891.18697000
4,658,0.437000,0.399000,107.32720193,0.00000000,22.27941231,212.98754555,0.00000000,0.00000000,94.69756566,107.32720193,101.68074366,1745.79450000,33793.22623492,9891.18697000
4,659,0.519000,0.391000,107.32720193,0.00000000,46.59918889,208.71711857,0.00000000,0.00000000,94.69756566,107.32720193,101.68074366,1745.79450000,33793.22623471,9891.18697000
4,660,0.554000,0.388000,107.32720193,0.00000000,56.97958134,207.11570845,0.00000000,0.00000000,94.69756566,107.32720193,101.68074366,1745.79450000,33793.22623451,9891.18697000
4,661,0.486000,0.388000,107.32720193,0.00000000,36.81196173,207.11570845,0.00000000,0.00000000,94.69756566,107.32720193,101.68074366,1745.79450000,33793.22623430,9891.18697000
4,662,0.424000,0.400000,107.32720193,0.00000000,18.42383797,213.52134892,0.00000000,0.00000000,94.69756566,107.32720193,101.68074366,1745.79450000,33793.22623410,9891.18697000
4,663,0.324000,0.416000,96.09277577,11.23442616,0.00000000,210.82777672,0.00000000,0.00000000,94.69756566,107.32720193,101.68074366,1745.79450000,33793.22623389,9891.18697000
4,664,0.209000,0.432000,61.98577202,45.34142990,0.00000000,185.26162693,0.00000000,0.00000000,94.69756566,107.32720193,101.68074366,1745.79450000,33793.22623369,9891.18697000
4,665,0.094000,0.432000,27.87876828,79.44843365,0.00000000,151.15462319,0.00000000,0.00000000,94.69756566,107.32720193,101.68074366,1745.79450000,33793.22623348,9891.18697000
4,666,0.000000,0.391000,0.00000000,107.32720193,0.00000000,101.38991665,0.00000000,0.00000000,94.69756566,107.32720193,101.68074366,1745.79450000,33793.22623328,9891.18697000
4,667,0.000000,0.315000,0.00000000,107.32720193,0.00000000,60.82086035,0.00000000,0.00000000,94.69756566,107.32720193,101.68074366,1745.79450000,33793.22623307,9891.18697000
4,668,0.000000,0.270000,0.00000000,107.32720193,0.00000000,36.79970860,0.00000000,0.00000000,94.69756566,107.32720193,101.68074366,1745.79450000,33793.22623287,9891.18697000
4,669,0.000000,0.236000,0.00000000,107.32720193,0.00000000,18.65039394,0.00000000,0.00000000,94.69756566,107.32720193,101.68074366,1745.79450000,33793.22623266,9891.18697000
4,670,0.000000,0.211000,0.00000000,107.32720193,0.00000000,5.30530963,0.00000000,0.00000000,94.69756566,107.32720193,101.68074366,1745.79450000,33793.22623246,9891.18697000
4,671,0.000000,0.188000,0.00000000,100.35503399,0.00000000,0.00000000,0.00000000,0.00000000,88.28471256,100.35503399,94.86258996,1644.46934981,33691.90108206,9891.18697000
4,672,0.000000,0.167000,0.00000000,89.14516318,0.00000000,0.00000000,0.15300867,0.00000000,78.66539600,89.29817185,84.63532017,1492.48104146,33787.74652335,7912.94957600
4,673,0.000000,0.155000,0.00000000,82.73952271,0.00000000,0.00000000,0.00000000,0.00000000,72.10665796,82.73952271,77.64290008,1384.06052904,33426.01255219,9891.18697000
4,674,0.000000,0.163000,0.00000000,2.99285063,0.00000000,84.01709906,0.00000000,0.00000000,0.00000000,2.99285063,0.00000000,0.00000000,31680.21805198,9891.18697000
4,675,0.000000,0.178000,0.00000000,95.01700027,0.00000000,0.00000000,0.00000000,0.00000000,83.37490165,95.01700027,89.64247266,1566.89275183,31501.31630361,9891.18697000
4,676,0.000000,0.217000,0.00000000,107.32720193,0.00000000,8.50812986,0.00000000,0.00000000,94.69756566,107.32720193,101.68074366,1745.79450000,31501.31630341,9891.18697000
4,677,0.000000,0.252000,0.00000000,107.32720193,0.00000000,27.19124790,0.00000000,0.00000000,94.69756566,107.32720193,101.68074366,1745.79450000,31501.31630320,9891.18697000
4,678,0.005000,0.244000,1.48291321,105.84428872,0.00000000,24.40373412,0.00000000,0.00000000,94.69756566,107.32720193,101.68074366,1745.79450000,31501.31630300,9891.18697000
4,679,0.169000,0.303000,50.12246637,57.20473555,0.00000000,104.53768626,0.00000000,0.00000000,94.69756566,107.32720193,101.68074366,1745.79450000,31501.31630279,9891.18697000
4,680,0.360000,0.300000,106.76975086,0.55745107,0.00000000,159.58356062,0.00000000,0.00000000,94.69756566,107.32720193,101.68074366,1745.79450000,31501.31630259,9891.18697000
4,681,0.521000,0.248000,107.32720193,0.00000000,47.19235417,132.38323633,0.00000000,0.00000000,94.69756566,107.32720193,101.68074366,1745.79450000,31501.31630238,9891.18697000
4,682,0.638000,0.197000,107.32720193,0.00000000,81.89252320,105.15926434,0.00000000,0.00000000,94.69756566,107.32720193,101.68074366,1745.79450000,31501.31630218,9891.18697000
4,683,0.702000,0.157000,107.32720193,0.00000000,100.87381224,83.80712945,0.00000000,0.00000000,94.69756566,107.32720193,101.68074366,1745.79450000,31501.31630197,9891.18697000
4,684,0.707000,0.131000,107.32720193,0.00000000,102.35672545,69.92824177,0.00000000,0.00000000,94.69756566,107.32720193,101.68074366,1745.79450000,31501.31630177,9891.18697000
4,685,0.676000,0.118000,107.32720193,0.00000000,93.16266357,62.98879793,0.00000000,0.00000000,94.69756566,107.32720193,101.68074366,1745.79450000,31501.31630156,9891.18697000
4,686,0.598000,0.126000,107.32720193,0.00000000,70.02921755,67.25922491,0.00000000,0.00000000,94.69756566,107.32720193,101.68074366,1745.79450000,31501.31630136,9891.18697000
4,687,0.405000,0.163000,107.32720193,0.00000000,12.78876779,87.00994969,0.00000000,0.00000000,94.69756566,107.32720193,101.68074366,1745.79450000,31501.31630115,9891.18697000
4,688,0.253000,0.226000,75.03540824,32.29179369,0.00000000,88.34776846,0.00000000,0.00000000,94.69756566,107.32720193,101.68074366,1745.79450000,31501.31630095,9891.18697000
4,689,0.106000,0.323000,31.43775997,75.88944195,0.00000000,96.52904730,0.00000000,0.00000000,94.69756566,107.32720193,101.68074366,1745.79450000,31501.31630074,9891.18697000
4,690,0.000000,0.435000,0.00000000,107.32720193,0.00000000,124.87726503,0.00000000,0.00000000,94.69756566,107.32720193,101.68074366,1745.79450000,31501.31630054,9891.18697000
4,691,0.000000,0.495000,0.00000000,107.32720193,0.00000000,156.90546737,0.00000000,0.00000000,94.69756566,107.32720193,101.68074366,1745.79450000,31501.31630033,9891.18697000
4,692,0.000000,0.538000,0.00000000,107.32720193,0.00000000,179.85901237,0.00000000,0.00000000,94.69756566,107.32720193,101.68074366,1745.79450000,31501.31630013,9891.18697000
4,693,0.000000,0.559000,0.00000000,107.32720193,0.00000000,191.06888319,0.00000000,0.00000000,94.69756566,107.32720193,101.68074366,1745.79450000,31501.31629992,9891.18697000
4,694,0.000000,0.574000,0.00000000,107.32720193,0.00000000,199.07593378,0.00000000,0.00000000,94.69756566,107.32720193,101.68074366,1745.79450000,31501.31629972,9891.18697000
4,695,0.000000,0.610000,0.00000000,107.32720193,0.00000000,218.29285518,0.00000000,0.00000000,94.69756566,107.32720193,101.68074366,1745.79450000,31501.31629951,9891.18697000
4,696,0.000000,0.618000,0.00000000,44.07720969,0.00000000,285.81327440,0.00000000,0.00000000,36.84682300,44.07720969,39.91750131,767.66957627,30523.19137558,9891.18697000
4,697,0.000000,0.613000,0.00000000,107.32720193,0.00000000,219.89426530,0.00000000,0.00000000,94.69756566,107.32720193,101.68074366,1745.79450000,30523.19137537,9891.18697000
4,698,0.000000,0.593000,0.00000000,107.32720193,0.00000000,209.21819785,0.00000000,0.00000000,94.69756566,107.32720193,101.68074366,1745.79450000,30523.19137517,9891.18697000
4,699,0.000000,0.578000,0.00000000,107.32720193,0.00000000,201.21114727,0.00000000,0.00000000,94.69756566,107.32720193,101.68074366,1745.79450000,30523.19137496,9891.18697000
4,700,0.000000,0.538000,0.00000000,107.32720193,0.00000000,179.85901237,0.00000000,0.00000000,94.69756566,107.32720193,101.68074366,1745.79450000,30523.19137476,9891.18697000
4,701,0.000000,0.364000,0.00000000,107.32720193,0.00000000,86.97722559,0.00000000,0.00000000,94.69756566,107.32720193,101.68074366,1745.79450000,30523.19137455,9891.18697000
4,702,0.005000,0.264000,1.48291321,105.84428872,0.00000000,35.07980157,0.00000000,0.00000000,94.69756566,107.32720193,101.68074366,1745.79450000,30523.19137435,9891.18697000
4,703,0.142000,0.453000,42.11473506,65.21246687,0.00000000,176.60046079,0.00000000,0.00000000,94.69756566,107.32720193,101.68074366,1745.79450000,30523.19137414,9891.18697000
4,704,0.314000,0.505000,93.12694936,14.20025257,0.00000000,255.37045045,0.00000000,0.00000000,94.69756566,107.32720193,101.68074366,1745.79450000,30523.19137394,9891.18697000
4,705,0.477000,0.421000,107.32720193,0.00000000,34.14271796,224.73121974,0.00000000,0.00000000,94.69756566,107.32720193,101.68074366,1745.79450000,30523.19137373,9891.18697000
4,706,0.607000,0.316000,107.32720193,0.00000000,72.69846132,168.68186565,0.00000000,0.00000000,94.69756566,107.32720193,101.68074366,1745.79450000,30523.19137353,9891.18697000
4,707,0.688000,0.207000,107.32720193,0.00000000,96.72165526,110.49729807,0.00000000,0.00000000,94.69756566,107.32720193,101.68074366,1745.79450000,30523.19137332,9891.18697000
4,708,0.721000,0.139000,107.32720193,0.00000000,106.50888243,74.19866875,0.00000000,0.00000000,94.69756566,107.32720193,101.68074366,1745.79450000,30523.19137312,9891.18697000
4,709,0.699000,0.131000,107.32720193,0.00000000,99.98406432,69.92824177,0.00000000,0.00000000,94.69756566,107.32720193,101.68074366,1745.79450000,30523.19137291,9891.18697000
4,710,0.624000,0.157000,107.32720193,0.00000000,77.74036622,83.80712945,0.00000000,0.00000000,94.69756566,107.32720193,101.68074366,1745.79450000,30523.19137271,9891.18697000
4,711,0.460000,0.221000,107.32720193,0.00000000,29.10081306,117.97054528,0.00000000,0.00000000,94.69756566,107.32720193,101.68074366,1745.79450000,30523.19137250,9891.18697000
4,712,0.265000,0.338000,78.59439994,28.73280199,0.00000000,151.69273785,0.00000000,0.00000000,94.69756566,107.32720193,101.68074366,1745.79450000,30523.19137230,9891.18697000
4,713,0.096000,0.484000,28.47193356,78.85526836,0.00000000,179.50556383,0.00000000,0.00000000,94.69756566,107.32720193,101.68074366,1745.79450000,30523.19137209,9891.18697000
4,714,0.000000,0.596000,0.00000000,107.32720193,0.00000000,210.81960797,0.00000000,0.00000000,94.69756566,107.32720193,101.68074366,1745.79450000,30523.19137189,9891.18697000
4,715,0.000000,0.615000,0.00000000,107.32720193,0.00000000,220.96187204,0.00000000,0.00000000,94.69756566,107.32720193,101.68074366,1745.79450000,30523.19137168,9891.18697000
4,716,0.000000,0.670000,0.00000000,107.32720193,0.00000000,250.32105752,0.00000000,0.00000000,94.69756566,107.32720193,101.68074366,1745.79450000,30523.19137148,9891.18697000
4,717,0.000000,0.696000,0.00000000,107.32720193,0.00000000,264.19994520,0.00000000,0.00000000,94.69756566,107.32720193,101.68074366,1745.79450000,30523.19137127,9891.18697000
4,718,0.000000,0.697000,0.00000000,107.32720193,0.00000000,264.73374857,0.00000000,0.00000000,94.69756566,107.32720193,101.68074366,1745.79450000,30523.19137107,9891.18697000
4,719,0.000000,0.697000,0.00000000,107.32720193,0.00000000,264.73374857,0.00000000,0.00000000,94.69756566,107.32720193,101.68074366,1745.79450000,30523.19137086,9891.18697000
4,720,0.000000,0.678000,0.00000000,107.32720193,0.00000000,254.59148450,0.00000000,0.00000000,94.69756566,107.32720193,101.68074366,1745.79450000,30523.19137066,9891.18697000
4,721,0.000000,0.642000,0.00000000,107.32720193,0.00000000,235.37456309,0.00000000,0.00000000,94.69756566,107.32720193,101.68074366,1745.79450000,30523.19137045,9891.18697000
4,722,0.000000,0.607000,0.00000000,107.32720193,0.00000000,216.69144506,0.00000000,0.00000000,94.69756566,107.32720193,101.68074366,1745.79450000,30523.19137025,9891.18697000
4,723,0.000000,0.552000,0.00000000,107.32720193,0.00000000,187.33225959,0.00000000,0.00000000,94.69756566,107.32720193,101.68074366,1745.79450000,30523.19137004,9891.18697000
4,724,0.000000,0.365000,0.00000000,107.32720193,0.00000000,87.51102897,0.00000000,0.00000000,94.69756566,107.32720193,101.68074366,1745.79450000,30523.19136984,9891.18697000
4,725,0.000000,0.218000,0.00000000,107.32720193,0.00000000,9.04193324,0.00000000,0.00000000,94.69756566,107.32720193,101.68074366,1745.79450000,30523.19136963,9891.18697000
4,726,0.000000,0.191000,0.00000000,101.95644411,0.00000000,0.00000000,0.00000000,0.00000000,89.75765583,101.95644411,96.42862514,1667.74232920,30445.13919863,9891.18697000
4,727,0.083000,0.277000,24.61635923,82.71084270,0.00000000,65.15269143,0.00000000,0.00000000,94.69756566,107.32720193,101.68074366,1745.79450000,30445.13919842,9891.18697000
4,728,0.198000,0.305000,58.72336297,48.60383896,0.00000000,114.20618960,0.00000000,0.00000000,94.69756566,107.32720193,101.68074366,1745.79450000,30445.13919822,9891.18697000
4,729,0.298000,0.251000,88.38162710,18.94557483,0.00000000,115.03907162,0.00000000,0.00000000,94.69756566,107.32720193,101.68074366,1745.79450000,30445.13919801,9891.18697000
4,730,0.365000,0.192000,107.32720193,0.00000000,0.92546214,102.49024748,0.00000000,0.00000000,94.69756566,107.32720193,101.68074366,1745.79450000,30445.13919781,9891.18697000
4,731,0.397000,0.172000,107.32720193,0.00000000,10.41610666,91.81418004,0.00000000,0.00000000,94.69756566,107.32720193,101.68074366,1745.79450000,30445.13919760,9891.18697000
4,732,0.384000,0.183000,107.32720193,0.00000000,6.56053232,97.68601713,0.00000000,0.00000000,94.69756566,107.32720193,101.68074366,1745.79450000,30445.13919740,9891.18697000
4,733,0.338000,0.206000,100.24493275,7.08226918,0.00000000,102.88122552,0.00000000,0.00000000,94.69756566,107.32720193,101.68074366,1745.79450000,30445.13919719,9891.18697000
4,734,0.279000,0.233000,82.74655691,24.58064501,0.00000000,99.79554073,0.00000000,0.00000000,94.69756566,107.32720193,101.68074366,1745.79450000,30445.13919699,9891.18697000
4,735,0.198000,0.243000,58.72336297,48.60383896,0.00000000,81.11038051,0.00000000,0.00000000,94.69756566,107.32720193,101.68074366,1745.79450000,30445.13919678,9891.18697000
4,736,0.124000,0.246000,36.77624752,65.99749158,0.00000000,65.31813801,0.00000000,0.00000000,90.50938653,102.77373909,97.22786620,1679.61991704,30378.96461361,9891.18697000
4,737,0.042000,0.259000,12.45647093,94.87073099,0.00000000,43.38434243,0.00000000,0.00000000,94.69756566,107.32720193,101.68074366,1745.79450000,30378.96461341,9891.18697000
4,738,0.000000,0.256000,0.00000000,107.32720193,0.00000000,29.32646138,0.00000000,0.00000000,94.69756566,107.32720193,101.68074366,1745.79450000,30378.96461320,9891.18697000
4,739,0.000000,0.222000,0.00000000,107.32720193,0.00000000,11.17714673,0.00000000,0.00000000,94.69756566,107.32720193,101.68074366,1745.79450000,30378.96461300,9891.18697000
4,740,0.000000,0.179000,0.00000000,95.55080364,0.00000000,0.00000000,0.00000000,0.00000000,83.86588275,95.55080364,90.16448439,1574.65041163,30207.82052442,9891.18697000
4,741,0.000000,0.141000,0.00000000,75.26627550,0.00000000,0.00000000,0.00000000,0.00000000,65.25831775,75.26627550,70.34172871,1270.85273960,29732.87876382,9891.18697000
4,742,0.000000,0.104000,0.00000000,44.07720969,0.00000000,11.43834103,0.00000000,0.00000000,36.84682300,44.07720969,39.91750131,767.66957627,28754.75383988,9891.18697000
4,743,0.000000,0.071000,0.00000000,30.97213435,0.00000000,6.92790508,0.00000000,0.00000000,25.00174700,30.97213435,27.15938231,539.40882693,27548.36816660,9891.18697000
4,744,0.000000,0.042000,0.00000000,22.41974164,0.00000000,0.00000000,0.00000000,0.00000000,17.31611728,22.41974164,18.84566346,382.38654524,26184.96021164,9891.18697000
5,1,0.000000,0.601000,0.00000000,2.39428050,0.00000000,318.42154626,0.00000000,0.00000000,0.00000000,2.39428050,0.00000000,0.00000000,24788.32461147,7912.94957600
5,2,0.000000,0.491000,0.00000000,2.39428050,0.00000000,259.70317530,0.00000000,0.00000000,0.00000000,2.39428050,0.00000000,0.00000000,23391.68901131,7912.94957600
5,3,0.000000,0.432000,0.00000000,2.39428050,0.00000000,228.20877634,0.00000000,0.00000000,0.00000000,2.39428050,0.00000000,0.00000000,21995.05341115,7912.94957600
5,4,0.000000,0.366000,0.00000000,2.39428050,0.00000000,192.97775376,0.00000000,0.00000000,0.00000000,2.39428050,0.00000000,0.00000000,20598.41781098,7912.94957600
5,5,0.000000,0.326000,0.00000000,2.39428050,0.00000000,171.62561887,0.00000000,0.00000000,0.00000000,2.39428050,0.00000000,0.00000000,19201.78221082,7912.94957600
5,6,0.013000,0.355000,2.39428050,0.00000000,1.46129384,189.50019717,0.00000000,0.00000000,0.00000000,2.39428050,0.00000000,0.00000000,17805.14661065,7912.94957600
5,7,0.190000,0.635000,2.39428050,0.00000000,53.95642134,338.96514141,0.00000000,0.00000000,0.00000000,2.39428050,0.00000000,0.00000000,16408.51101049,7912.94957600
5,8,0.382000,0.710000,2.39428050,0.00000000,110.90028846,379.00039434,0.00000000,0.00000000,0.00000000,2.39428050,0.00000000,0.00000000,15011.87541033,7912.94957600
5,9,0.540000,0.666000,2.39428050,0.00000000,157.76034578,355.51304596,0.00000000,0.00000000,0.00000000,2.39428050,0.00000000,0.00000000,13615.23981016,7912.94957600
5,10,0.650000,0.579000,2.39428050,0.00000000,190.38443632,309.07215256,0.00000000,0.00000000,0.00000000,2.39428050,0.00000000,0.00000000,12218.60421000,7912.94957600
5,11,0.717000,0.481000,2.39428050,0.00000000,210.25547329,256.75942208,0.00000000,0.00000000,0.00000000,2.39428050,0.00000000,0.00000000,10821.96860983,7912.94957600
5,12,0.736000,0.400000,2.39428050,0.00000000,215.89054347,213.52134892,0.00000000,0.00000000,0.00000000,2.39428050,0.00000000,0.00000000,9425.33300967,7912.94957600
5,13,0.698000,0.360000,2.39428050,0.00000000,204.62040310,192.16921403,0.00000000,0.00000000,0.00000000,2.39428050,0.00000000,0.00000000,8028.69740951,7912.94957600
5,14,0.618000,0.378000,106.72863180,0.00000000,76.55944050,201.77767473,0.00000000,0.00000000,94.69756566,106.72863180,101.68074366,1745.79450000,8377.85630934,7912.94957600
5,15,0.489000,0.444000,106.72863180,0.00000000,38.30027978,237.00869730,0.00000000,0.00000000,94.69756566,106.72863180,101.68074366,1745.79450000,8727.01520918,7912.94957600
5,16,0.301000,0.543000,89.27137502,17.45725678,0.00000000,272.39797438,0.00000000,0.00000000,94.69756566,106.72863180,101.68074366,1745.79450000,9076.17410901,7912.94957600
5,17,0.109000,0.661000,32.32750790,74.40112390,0.00000000,278.44290519,0.00000000,0.00000000,94.69756566,106.72863180,101.68074366,1745.79450000,9425.33300885,7912.94957600
5,18,0.002000,0.755000,0.59316528,106.13546652,0.00000000,296.88607957,0.00000000,0.00000000,94.69756566,106.72863180,101.68074366,1745.79450000,9774.49190869,7912.94957600
5,19,0.000000,0.806000,0.00000000,106.72863180,0.00000000,323.51688628,0.00000000,0.00000000,94.69756566,106.72863180,101.68074366,1745.79450000,10123.65080852,7912.94957600
5,20,0.000000,0.840000,0.00000000,106.72863180,0.00000000,341.66620094,0.00000000,0.00000000,94.69756566,106.72863180,101.68074366,1745.79450000,10472.80970836,7912.94957600
5,21,0.000000,0.860000,0.00000000,106.72863180,0.00000000,352.34226838,0.00000000,0.00000000,94.69756566,106.72863180,101.68074366,1745.79450000,10821.96860819,7912.94957600
5,22,0.000000,0.853000,0.00000000,106.72863180,0.00000000,348.60564478,0.00000000,0.00000000,94.69756566,106.72863180,101.68074366,1745.79450000,11171.12750803,7912.94957600
5,23,0.000000,0.812000,0.00000000,106.72863180,0.00000000,326.71970651,0.00000000,0.00000000,94.69756566,106.72863180,101.68074366,1745.79450000,11520.28640787,7912.94957600
5,24,0.000000,0.744000,0.00000000,106.72863180,0.00000000,290.42107719,0.00000000,0.00000000,94.69756566,106.72863180,101.68074366,1745.79450000,11869.44530770,7912.94957600
5,25,0.000000,0.653000,0.00000000,2.39428050,0.00000000,346.17932162,0.00000000,0.00000000,0.00000000,2.39428050,0.00000000,0.00000000,10472.80970754,7912.94957600
5,26,0.000000,0.558000,0.00000000,106.72863180,0.00000000,191.13364995,0.00000000,0.00000000,94.69756566,106.72863180,101.68074366,1745.79450000,10821.96860737,7912.94957600
5,27,0.000000,0.451000,0.00000000,106.72863180,0.00000000,134.01668911,0.00000000,0.00000000,94.69756566,106.72863180,101.68074366,1745.79450000,11171.12750721,7912.94957600
5,28,0.000000,0.355000,0.00000000,106.72863180,0.00000000,82.77156537,0.00000000,0.00000000,94.69756566,106.72863180,101.68074366,1745.79450000,11520.28640705,7912.94957600
5,29,0.000000,0.291000,0.00000000,106.72863180,0.00000000,48.60814954,0.00000000,0.00000000,94.69756566,106.72863180,101.68074366,1745.79450000,11869.44530688,7912.94957600
5,30,0.013000,0.302000,3.85557434,102.87305746,0.00000000,58.33556097,0.00000000,0.00000000,94.69756566,106.72863180,101.68074366,1745.79450000,12218.60420672,7912.94957600
5,31,0.191000,0.532000,56.64728448,50.08134732,0.00000000,233.90204675,0.00000000,0.00000000,94.69756566,106.72863180,101.68074366,1745.79450000,12567.76310655,7912.94957600
5,32,0.397000,0.622000,106.72863180,0.00000000,11.01467678,332.02569757,0.00000000,0.00000000,94.69756566,106.72863180,101.68074366,1745.79450000,12916.92200639,7912.94957600
5,33,0.555000,0.571000,106.72863180,0.00000000,57.87473410,304.80172559,0.00000000,0.00000000,94.69756566,106.72863180,101.68074366,1745.79450000,13266.08090623,7912.94957600
5,34,0.663000,0.498000,106.72863180,0.00000000,89.90565936,265.83407941,0.00000000,0.00000000,94.69756566,106.72863180,101.68074366,1745.79450000,13615.23980606,7912.94957600
5,35,0.719000,0.441000,106.72863180,0.00000000,106.51428727,235.40728719,0.00000000,0.00000000,94.69756566,106.72863180,101.68074366,1745.79450000,13964.39870590,7912.94957600
5,36,0.731000,0.420000,106.72863180,0.00000000,110.07327896,224.19741637,0.00000000,0.00000000,94.69756566,106.72863180,101.68074366,1745.79450000,14313.55760573,7912.94957600
5,37,0.701000,0.429000,106.72863180,0.00000000,101.17579973,229.00164672,0.00000000,0.00000000,94.69756566,106.72863180,101.68074366,1745.79450000,14662.71650557,7912.94957600
5,38,0.625000,0.464000,106.72863180,0.00000000,78.63551899,247.68476475,0.00000000,0.00000000,94.69756566,106.72863180,101.68074366,1745.79450000,15011.87540541,7912.94957600
5,39,0.492000,0.510000,106.72863180,0.00000000,39.19002770,272.23971988,0.00000000,0.00000000,94.69756566,106.72863180,101.68074366,1745.79450000,15361.03430524,7912.94957600
5,40,0.318000,0.552000,94.31327992,12.41535188,0.00000000,282.24410963,0.00000000,0.00000000,94.69756566,106.72863180,101.68074366,1745.79450000,15710.19320508,7912.94957600
5,41,0.125000,0.589000,37.07283016,69.65580164,0.00000000,244.75438465,0.00000000,0.00000000,94.69756566,106.72863180,101.68074366,1745.79450000,16059.35210491,7912.94957600
5,42,0.002000,0.616000,0.59316528,106.13546652,0.00000000,222.68741082,0.00000000,0.00000000,94.69756566,106.72863180,101.68074366,1745.79450000,16408.51100475,7912.94957600
5,43,0.000000,0.618000,0.00000000,106.72863180,0.00000000,223.16185228,0.00000000,0.00000000,94.69756566,106.72863180,101.68074366,1745.79450000,16757.66990459,7912.94957600
5,44,0.000000,0.649000,0.00000000,106.72863180,0.00000000,239.70975683,0.00000000,0.00000000,94.69756566,106.72863180,101.68074366,1745.79450000,17106.82880442,7912.94957600
5,45,0.000000,0.647000,0.00000000,106.72863180,0.00000000,238.64215008,0.00000000,0.00000000,94.69756566,106.72863180,101.68074366,1745.79450000,17455.98770426,7912.94957600
5,46,0.000000,0.610000,0.00000000,106.72863180,0.00000000,218.89142531,0.00000000,0.00000000,94.69756566,106.72863180,101.68074366,1745.79450000,17805.14660409,7912.94957600
5,47,0.000000,0.620000,0.00000000,106.72863180,0.00000000,224.22945903,0.00000000,0.00000000,94.69756566,106.72863180,101.68074366,1745.79450000,18154.30550393,7912.94957600
5,48,0.000000,0.570000,0.00000000,106.72863180,0.00000000,197.53929041,0.00000000,0.00000000,94.69756566,106.72863180,101.68074366,1745.79450000,18503.46440377,7912.94957600
5,49,0.000000,0.503000,0.00000000,106.72863180,0.00000000,161.77446447,0.00000000,0.00000000,94.69756566,106.72863180,101.68074366,1745.79450000,18852.62330360,7912.94957600
5,50,0.000000,0.461000,0.00000000,30.37356422,0.00000000,215.70979041,0.00000000,0.00000000,25.00174700,30.37356422,27.15938231,539.40882693,17995.39653036,7912.94957600
5,51,0.000000,0.413000,0.00000000,106.72863180,0.00000000,113.73216096,0.00000000,0.00000000,94.69756566,106.72863180,101.68074366,1745.79450000,18344.55543020,7912.94957600
5,52,0.000000,0.343000,0.00000000,106.72863180,0.00000000,76.36592490,0.00000000,0.00000000,94.69756566,106.72863180,101.68074366,1745.79450000,18693.71433004,7912.94957600
5,53,0.000000,0.346000,0.00000000,72.94337341,0.00000000,111.75259341,0.00000000,0.00000000,63.67817400,72.94337341,68.65710075,1244.73168631,18541.81041618,7912.94957600
5,54,0.007000,0.388000,2.07607849,104.65255331,0.00000000,102.46315514,0.00000000,0.00000000,94.69756566,106.72863180,101.68074366,1745.79450000,18890.96931602,7912.94957600
5,55,0.143000,0.498000,42.41131770,64.31731410,0.00000000,201.51676531,0.00000000,0.00000000,94.69756566,106.72863180,101.68074366,1745.79450000,19240.12821585,7912.94957600
5,56,0.344000,0.571000,102.02442860,4.70420321,0.00000000,300.09752238,0.00000000,0.00000000,94.69756566,106.72863180,101.68074366,1745.79450000,19589.28711569,7912.94957600
5,57,0.525000,0.575000,106.72863180,0.00000000,48.97725486,306.93693908,0.00000000,0.00000000,94.69756566,106.72863180,101.68074366,1745.79450000,19938.44601553,7912.94957600
5,58,0.648000,0.538000,106.72863180,0.00000000,85.45691974,287.18621430,0.00000000,0.00000000,94.69756566,106.72863180,101.68074366,1745.79450000,20287.60491536,7912.94957600
5,59,0.710000,0.501000,106.72863180,0.00000000,103.84504350,267.43548953,0.00000000,0.00000000,94.69756566,106.72863180,101.68074366,1745.79450000,20636.76381520,7912.94957600
5,60,0.719000,0.521000,106.72863180,0.00000000,106.51428727,278.11155697,0.00000000,0.00000000,94.69756566,106.72863180,101.68074366,1745.79450000,20985.92271503,7912.94957600
5,61,0.686000,0.538000,106.72863180,0.00000000,96.72706011,287.18621430,0.00000000,0.00000000,94.69756566,106.72863180,101.68074366,1745.79450000,21335.08161487,7912.94957600
5,62,0.611000,0.509000,106.72863180,0.00000000,74.48336201,271.70591650,0.00000000,0.00000000,94.69756566,106.72863180,101.68074366,1745.79450000,21684.24051471,7912.94957600
5,63,0.491000,0.494000,89.29817159,0.00000000,56.32390527,263.69886592,0.00000000,0.00000000,78.66539600,89.29817159,84.63531998,1492.48099468,21780.08590922,7912.94957600
5,64,0.293000,0.506000,86.89871389,19.82991791,0.00000000,250.27458848,0.00000000,0.00000000,94.69756566,106.72863180,101.68074366,1745.79450000,22129.24480905,7912.94957600
5,65,0.119000,0.541000,35.29333431,71.43529749,0.00000000,217.35232693,0.00000000,0.00000000,94.69756566,106.72863180,101.68074366,1745.79450000,22478.40370889,7912.94957600
5,66,0.001000,0.581000,0.29658264,106.43204916,0.00000000,203.70771015,0.00000000,0.00000000,94.69756566,106.72863180,101.68074366,1745.79450000,22827.56260873,7912.94957600
5,67,0.000000,0.569000,0.00000000,106.72863180,0.00000000,197.00548704,0.00000000,0.00000000,94.69756566,106.72863180,101.68074366,1745.79450000,23176.72150856,7912.94957600
5,68,0.000000,0.554000,0.00000000,106.72863180,0.00000000,188.99843646,0.00000000,0.00000000,94.69756566,106.72863180,101.68074366,1745.79450000,23525.88040840,7912.94957600
5,69,0.000000,0.550000,0.00000000,106.72863180,0.00000000,186.86322297,0.00000000,0.00000000,94.69756566,106.72863180,101.68074366,1745.79450000,23875.03930823,7912.94957600
5,70,0.000000,0.557000,0.00000000,106.72863180,0.00000000,190.59984657,0.00000000,0.00000000,94.69756566,106.72863180,101.68074366,1745.79450000,24224.19820807,7912.94957600
5,71,0.000000,0.535000,0.00000000,106.72863180,0.00000000,178.85617238,0.00000000,0.00000000,94.69756566,106.72863180,101.68074366,1745.79450000,24573.35710791,7912.94957600
5,72,0.000000,0.526000,0.00000000,106.72863180,0.00000000,174.05194203,0.00000000,0.00000000,94.69756566,106.72863180,101.68074366,1745.79450000,24922.51600774,7912.94957600
5,73,0.000000,0.460000,0.00000000,106.72863180,0.00000000,138.82091946,0.00000000,0.00000000,94.69756566,106.72863180,101.68074366,1745.79450000,25271.67490758,7912.94957600
5,74,0.000000,0.369000,0.00000000,30.37356422,0.00000000,166.59988016,0.00000000,0.00000000,25.00174700,30.37356422,27.15938231,539.40882693,24414.44813434,7912.94957600
5,75,0.000000,0.304000,0.00000000,106.72863180,0.00000000,55.54759338,0.00000000,0.00000000,94.69756566,106.72863180,101.68074366,1745.79450000,24763.60703418,7912.94957600
5,76,0.000000,0.266000,0.00000000,106.72863180,0.00000000,35.26306523,0.00000000,0.00000000,94.69756566,106.72863180,101.68074366,1745.79450000,25112.76593401,7912.94957600
5,77,0.000000,0.249000,0.00000000,106.72863180,0.00000000,26.18840790,0.00000000,0.00000000,94.69756566,106.72863180,101.68074366,1745.79450000,25461.92483385,7912.94957600
5,78,0.012000,0.248000,3.55899170,103.16964011,0.00000000,29.21359623,0.00000000,0.00000000,94.69756566,106.72863180,101.68074366,1745.79450000,25811.08373368,7912.94957600
5,79,0.193000,0.516000,57.24044976,49.48818204,0.00000000,225.95435807,0.00000000,0.00000000,94.69756566,106.72863180,101.68074366,1745.79450000,26160.24263352,7912.94957600
5,80,0.394000,0.687000,106.72863180,0.00000000,10.12492886,366.72291677,0.00000000,0.00000000,94.69756566,106.72863180,101.68074366,1745.79450000,26509.40153336,7912.94957600
5,81,0.556000,0.708000,106.72863180,0.00000000,58.17131674,377.93278759,0.00000000,0.00000000,94.69756566,106.72863180,101.68074366,1745.79450000,26858.56043319,7912.94957600
5,82,0.662000,0.704000,106.72863180,0.00000000,89.60907672,375.79757410,0.00000000,0.00000000,94.69756566,106.72863180,101.68074366,1745.79450000,27207.71933303,7912.94957600
5,83,0.724000,0.701000,106.72863180,0.00000000,107.99720048,374.19616399,0.00000000,0.00000000,94.69756566,106.72863180,101.68074366,1745.79450000,27556.87823286,7912.94957600
5,84,0.744000,0.701000,106.72863180,0.00000000,113.92885330,374.19616399,0.00000000,0.00000000,94.69756566,106.72863180,101.68074366,1745.79450000,27906.03713270,7912.94957600
5,85,0.721000,0.703000,106.72863180,0.00000000,107.10745255,375.26377073,0.00000000,0.00000000,94.69756566,106.72863180,101.68074366,1745.79450000,28255.19603254,7912.94957600
5,86,0.655000,0.701000,106.72863180,0.00000000,87.53299823,374.19616399,0.00000000,0.00000000,94.69756566,106.72863180,101.68074366,1745.79450000,28604.35493237,7912.94957600
5,87,0.543000,0.706000,106.72863180,0.00000000,54.31574241,376.86518085,0.00000000,0.00000000,94.69756566,106.72863180,101.68074366,1745.79450000,28953.51383221,7912.94957600
5,88,0.384000,0.722000,106.72863180,0.00000000,7.15910245,385.40603480,0.00000000,0.00000000,94.69756566,106.72863180,101.68074366,1745.79450000,29302.67273204,7912.94957600
5,89,0.184000,0.740000,54.57120599,52.15742581,0.00000000,342.85706970,0.00000000,0.00000000,94.69756566,106.72863180,101.68074366,1745.79450000,29651.83163188,7912.94957600
5,90,0.005000,0.732000,1.48291321,0.91136729,0.00000000,389.83270123,0.00000000,0.00000000,0.00000000,2.39428050,0.00000000,0.00000000,28255.19603172,7912.94957600
5,91,0.000000,0.710000,0.00000000,106.72863180,0.00000000,272.27176254,0.00000000,0.00000000,94.69756566,106.72863180,101.68074366,1745.79450000,28604.35493155,7912.94957600
5,92,0.000000,0.729000,0.00000000,106.72863180,0.00000000,282.41402661,0.00000000,0.00000000,94.69756566,106.72863180,101.68074366,1745.79450000,28953.51383139,7912.94957600
5,93,0.000000,0.755000,0.00000000,106.72863180,0.00000000,296.29291429,0.00000000,0.00000000,94.69756566,106.72863180,101.68074366,1745.79450000,29302.67273122,7912.94957600
5,94,0.000000,0.776000,0.00000000,106.72863180,0.00000000,307.50278511,0.00000000,0.00000000,94.69756566,106.72863180,101.68074366,1745.79450000,29651.83163106,7912.94957600
5,95,0.000000,0.734000,0.00000000,106.72863180,0.00000000,285.08304347,0.00000000,0.00000000,94.69756566,106.72863180,101.68074366,1745.79450000,30000.99053090,7912.94957600
5,96,0.000000,0.666000,0.00000000,2.39428050,0.00000000,353.11876546,0.00000000,0.00000000,0.00000000,2.39428050,0.00000000,0.00000000,28604.35493073,7912.94957600
5,97,0.000000,0.553000,0.00000000,106.72863180,0.00000000,188.46463308,0.00000000,0.00000000,94.69756566,106.72863180,101.68074366,1745.79450000,28953.51383057,7912.94957600
5,98,0.000000,0.449000,0.00000000,106.72863180,0.00000000,132.94908236,0.00000000,0.00000000,94.69756566,106.72863180,101.68074366,1745.79450000,29302.67273040,7912.94957600
5,99,0.000000,0.375000,0.00000000,106.72863180,0.00000000,93.44763281,0.00000000,0.00000000,94.69756566,106.72863180,101.68074366,1745.79450000,29651.83163024,7912.94957600
5,100,0.000000,0.329000,0.00000000,106.72863180,0.00000000,68.89267769,0.00000000,0.00000000,94.69756566,106.72863180,101.68074366,1745.79450000,30000.99053008,7912.94957600
5,101,0.000000,0.296000,0.00000000,106.72863180,0.00000000,51.27716640,0.00000000,0.00000000,94.69756566,106.72863180,101.68074366,1745.79450000,30350.14942991,7912.94957600
5,102,0.014000,0.264000,0.00000000,106.72863180,4.15215698,34.19545849,0.00000000,0.00000000,94.69756566,106.72863180,101.68074366,1745.79450000,30699.30832975,7912.94957600
5,103,0.203000,0.538000,60.20627618,46.52235562,0.00000000,240.66385868,0.00000000,0.00000000,94.69756566,106.72863180,101.68074366,1745.79450000,31048.46722958,7912.94957600
5,104,0.407000,0.675000,106.72863180,0.00000000,13.98050319,360.31727631,0.00000000,0.00000000,94.69756566,106.72863180,101.68074366,1745.79450000,31397.62612942,7912.94957600
5,105,0.565000,0.661000,106.72863180,0.00000000,60.84056051,352.84402909,0.00000000,0.00000000,94.69756566,106.72863180,101.68074366,1745.79450000,31746.78502926,7912.94957600
5,106,0.671000,0.612000,106.72863180,0.00000000,92.27832049,326.68766385,0.00000000,0.00000000,94.69756566,106.72863180,101.68074366,1745.79450000,32095.94392909,7912.94957600
5,107,0.729000,0.552000,106.72863180,0.00000000,109.48011368,294.65946151,0.00000000,0.00000000,94.69756566,106.72863180,101.68074366,1745.79450000,32445.10282893,7912.94957600
5,108,0.744000,0.505000,106.72863180,0.00000000,113.92885330,269.57070301,0.00000000,0.00000000,94.69756566,106.72863180,101.68074366,1745.79450000,32794.26172876,7912.94957600
5,109,0.719000,0.468000,106.72863180,0.00000000,106.51428727,249.81997824,0.00000000,0.00000000,94.69756566,106.72863180,101.68074366,1745.79450000,33143.42062860,7912.94957600
5,110,0.654000,0.454000,2.39428050,0.00000000,191.57076689,242.34673103,0.00000000,0.00000000,0.00000000,2.39428050,0.00000000,0.00000000,31746.78502844,7912.94957600
5,111,0.538000,0.466000,106.72863180,0.00000000,52.83282920,248.75237149,0.00000000,0.00000000,94.69756566,106.72863180,101.68074366,1745.79450000,32095.94392827,7912.94957600
5,112,0.376000,0.510000,106.72863180,0.00000000,4.78644131,272.23971988,0.00000000,0.00000000,94.69756566,106.72863180,101.68074366,1745.79450000,32445.10282811,7912.94957600
5,113,0.170000,0.584000,50.41904902,56.30958279,0.00000000,255.43158664,0.00000000,0.00000000,94.69756566,106.72863180,101.68074366,1745.79450000,32794.26172794,7912.94957600
5,114,0.004000,0.679000,1.18633057,105.54230124,0.00000000,256.91018856,0.00000000,0.00000000,94.69756566,106.72863180,101.68074366,1745.79450000,33143.42062778,7912.94957600
5,115,0.000000,0.727000,0.00000000,106.72863180,0.00000000,281.34641987,0.00000000,0.00000000,94.69756566,106.72863180,101.68074366,1745.79450000,33492.57952762,7912.94957600
5,116,0.000000,0.772000,0.00000000,106.72863180,0.00000000,305.36757162,0.00000000,0.00000000,94.69756566,106.72863180,101.68074366,1745.79450000,33841.73842745,7912.94957600
5,117,0.000000,0.823000,0.00000000,106.72863180,0.00000000,332.59154361,0.00000000,0.00000000,94.69756566,106.72863180,101.68074366,1745.79450000,34190.89732729,7912.94957600
5,118,0.000000,0.865000,0.00000000,106.72863180,0.00000000,355.01128524,0.00000000,0.00000000,94.69756566,106.72863180,101.68074366,1745.79450000,34540.05622712,7912.94957600
5,119,0.000000,0.827000,0.00000000,106.72863180,0.00000000,334.72675710,0.00000000,0.00000000,94.69756566,106.72863180,101.68074366,1745.79450000,34889.21512696,7912.94957600
5,120,0.000000,0.763000,0.00000000,106.72863180,0.00000000,300.56334127,0.00000000,0.00000000,94.69756566,106.72863180,101.68074366,1745.79450000,35238.37402680,7912.94957600
5,121,0.000000,0.667000,0.00000000,2.39428050,0.00000000,353.65256883,0.00000000,0.00000000,0.00000000,2.39428050,0.00000000,0.00000000,33841.73842663,7912.94957600
5,122,0.000000,0.570000,0.00000000,106.72863180,0.00000000,197.53929041,0.00000000,0.00000000,94.69756566,106.72863180,101.68074366,1745.79450000,34190.89732647,7912.94957600
5,123,0.000000,0.479000,0.00000000,106.72863180,0.00000000,148.96318353,0.00000000,0.00000000,94.69756566,106.72863180,101.68074366,1745.79450000,34540.05622630,7912.94957600
5,124,0.000000,0.405000,0.00000000,106.72863180,0.00000000,109.46173398,0.00000000,0.00000000,94.69756566,106.72863180,101.68074366,1745.79450000,34889.21512614,7912.94957600
5,125,0.000000,0.362000,0.00000000,57.67001469,0.00000000,135.56680609,0.00000000,0.00000000,49.73928100,57.67001469,53.75120360,1002.98064984,34495.56017581,7912.94957600
5,126,0.008000,0.352000,2.37266113,104.35597067,0.00000000,83.54281638,0.00000000,0.00000000,94.69756566,106.72863180,101.68074366,1745.79450000,34844.71907565,7912.94957600
5,127,0.146000,0.570000,43.30106562,63.42756618,0.00000000,240.84035604,0.00000000,0.00000000,94.69756566,106.72863180,101.68074366,1745.79450000,35193.87797548,7912.94957600
5,128,0.312000,0.658000,89.29817159,0.00000000,3.23561248,351.24261898,0.00000000,0.00000000,78.66539600,89.29817159,84.63531998,1492.48099468,35289.72336999,7912.94957600
5,129,0.469000,0.599000,106.72863180,0.00000000,32.36862695,319.74822001,0.00000000,0.00000000,94.69756566,106.72863180,101.68074366,1745.79450000,35638.88226983,7912.94957600
5,130,0.600000,0.512000,106.72863180,0.00000000,71.22095296,273.30732662,0.00000000,0.00000000,94.69756566,106.72863180,101.68074366,1745.79450000,35988.04116967,7912.94957600
5,131,0.693000,0.434000,106.72863180,0.00000000,98.80313860,231.67066358,0.00000000,0.00000000,94.69756566,106.72863180,101.68074366,1745.79450000,36337.20006950,7912.94957600
5,132,0.740000,0.394000,106.72863180,0.00000000,112.74252274,210.31852869,0.00000000,0.00000000,94.69756566,106.72863180,101.68074366,1745.79450000,36686.35896934,7912.94957600
5,133,0.718000,0.398000,106.72863180,0.00000000,106.21770463,212.45374218,0.00000000,0.00000000,94.69756566,106.72863180,101.68074366,1745.79450000,37035.51786917,7912.94957600
5,134,0.643000,0.432000,106.72863180,0.00000000,83.97400653,230.60305684,0.00000000,0.00000000,94.69756566,106.72863180,101.68074366,1745.79450000,37384.67676901,7912.94957600
5,135,0.509000,0.487000,106.72863180,0.00000000,44.23193260,259.96224231,0.00000000,0.00000000,94.69756566,106.72863180,101.68074366,1745.79450000,37733.83566885,7912.94957600
5,136,0.312000,0.552000,92.53378407,14.19484773,0.00000000,280.46461379,0.00000000,0.00000000,94.69756566,106.72863180,101.68074366,1745.79450000,38082.99456868,7912.94957600
5,137,0.114000,0.619000,33.81042110,72.91821070,0.00000000,257.50607676,0.00000000,0.00000000,94.69756566,106.72863180,101.68074366,1745.79450000,38432.15346852,7912.94957600
5,138,0.002000,0.672000,0.59316528,106.13546652,0.00000000,252.58039967,0.00000000,0.00000000,94.69756566,106.72863180,101.68074366,1745.79450000,38781.31236835,7912.94957600
5,139,0.000000,0.663000,0.00000000,106.72863180,0.00000000,247.18300404,0.00000000,0.00000000,94.69756566,106.72863180,101.68074366,1745.79450000,39130.47126819,7912.94957600
5,140,0.000000,0.687000,0.00000000,106.72863180,0.00000000,259.99428497,0.00000000,0.00000000,94.69756566,106.72863180,101.68074366,1745.79450000,39479.63016803,7912.94957600
5,141,0.000000,0.737000,0.00000000,106.72863180,0.00000000,286.68445359,0.00000000,0.00000000,94.69756566,106.72863180,101.68074366,1745.79450000,39828.78906786,7912.94957600
5,142,0.000000,0.748000,0.00000000,106.72863180,0.00000000,292.55629068,0.00000000,0.00000000,94.69756566,106.72863180,101.68074366,1745.79450000,40177.94796770,7912.94957600
5,143,0.000000,0.714000,0.00000000,106.72863180,0.00000000,274.40697603,0.00000000,0.00000000,94.69756566,106.72863180,101.68074366,1745.79450000,40527.10686753,7912.94957600
5,144,0.000000,0.633000,0.00000000,106.72863180,0.00000000,231.16890287,0.00000000,0.00000000,94.69756566,106.72863180,101.68074366,1745.79450000,40876.26576737,7912.94957600
5,145,0.000000,0.533000,0.00000000,106.72863180,0.00000000,177.78856564,0.00000000,0.00000000,94.69756566,106.72863180,101.68074366,1745.79450000,41225.42466721,7912.94957600
5,146,0.000000,0.407000,0.00000000,57.67001469,0.00000000,159.58795784,0.00000000,0.00000000,49.73928100,57.67001469,53.75120360,1002.98064984,40831.76971688,7912.94957600
5,147,0.000000,0.289000,0.00000000,89.29817159,0.00000000,64.97100301,0.00000000,0.00000000,78.66539600,89.29817159,84.63531998,1492.48099468,40927.61511139,7912.94957600
5,148,0.000000,0.225000,0.00000000,30.37356422,0.00000000,89.73219454,0.00000000,0.00000000,25.00174700,30.37356422,27.15938231,539.40882693,40070.38833815,7912.94957600
5,149,0.000000,0.212000,0.00000000,106.72863180,0.00000000,6.43768313,0.00000000,0.00000000,94.69756566,106.72863180,101.68074366,1745.79450000,40419.54723799,7912.94957600
5,150,0.009000,0.223000,2.66924377,104.05938803,0.00000000,14.97876399,0.00000000,0.00000000,94.69756566,106.72863180,101.68074366,1745.79450000,40768.70613782,7912.94957600
5,151,0.159000,0.479000,47.15663996,59.57199184,0.00000000,196.11982349,0.00000000,0.00000000,94.69756566,106.72863180,101.68074366,1745.79450000,41117.86503766,7912.94957600
5,152,0.316000,0.624000,93.72011464,13.00851716,0.00000000,320.08478716,0.00000000,0.00000000,94.69756566,106.72863180,101.68074366,1745.79450000,41467.02393749,7912.94957600
5,153,0.451000,0.618000,106.72863180,0.00000000,27.03013941,329.89048408,0.00000000,0.00000000,94.69756566,106.72863180,101.68074366,1745.79450000,41816.18283733,7912.94957600
5,154,0.549000,0.587000,106.72863180,0.00000000,56.09523825,313.34257954,0.00000000,0.00000000,94.69756566,106.72863180,101.68074366,1745.79450000,42165.34173717,7912.94957600
5,155,0.596000,0.562000,106.72863180,0.00000000,70.03462239,299.99749524,0.00000000,0.00000000,94.69756566,106.72863180,101.68074366,1745.79450000,42514.50063700,7912.94957600
5,156,0.603000,0.568000,106.72863180,0.00000000,72.11070088,303.20031547,0.00000000,0.00000000,94.69756566,106.72863180,101.68074366,1745.79450000,42863.65953684,7912.94957600
5,157,0.570000,0.591000,106.72863180,0.00000000,62.32347372,315.47779303,0.00000000,0.00000000,94.69756566,106.72863180,101.68074366,1745.79450000,43212.81843667,7912.94957600
5,158,0.528000,0.636000,106.72863180,0.00000000,49.86700279,339.49894479,0.00000000,0.00000000,94.69756566,106.72863180,101.68074366,1745.79450000,43561.97733651,7912.94957600
5,159,0.471000,0.703000,106.72863180,0.00000000,32.96179224,375.26377073,0.00000000,0.00000000,94.69756566,106.72863180,101.68074366,1745.79450000,43911.13623635,7912.94957600
5,160,0.359000,0.767000,106.47316821,0.25546359,0.00000000,409.17172297,0.00000000,0.00000000,94.69756566,106.72863180,101.68074366,1745.79450000,44260.29513618,7912.94957600
5,161,0.169000,0.811000,50.12246637,56.60616543,0.00000000,376.30836951,0.00000000,0.00000000,94.69756566,106.72863180,101.68074366,1745.79450000,44609.45403602,7912.94957600
5,162,0.005000,0.824000,1.48291321,105.24571859,0.00000000,334.60826019,0.00000000,0.00000000,94.69756566,106.72863180,101.68074366,1745.79450000,44958.61293585,7912.94957600
5,163,0.000000,0.833000,0.00000000,106.72863180,0.00000000,337.92957733,0.00000000,0.00000000,94.69756566,106.72863180,101.68074366,1745.79450000,45307.77183569,7912.94957600
5,164,0.000000,0.849000,0.00000000,106.72863180,0.00000000,346.47043129,0.00000000,0.00000000,94.69756566,106.72863180,101.68074366,1745.79450000,45656.93073553,7912.94957600
5,165,0.000000,0.850000,0.00000000,106.72863180,0.00000000,347.00423466,0.00000000,0.00000000,94.69756566,106.72863180,101.68074366,1745.79450000,46006.08963536,7912.94957600
5,166,0.000000,0.818000,0.00000000,106.72863180,0.00000000,329.92252675,0.00000000,0.00000000,94.69756566,106.72863180,101.68074366,1745.79450000,46355.24853520,7912.94957600
5,167,0.000000,0.773000,0.00000000,106.72863180,0.00000000,305.90137499,0.00000000,0.00000000,94.69756566,106.72863180,101.68074366,1745.79450000,46704.40743503,7912.94957600
5,168,0.000000,0.726000,0.00000000,106.72863180,0.00000000,280.81261649,0.00000000,0.00000000,94.69756566,106.72863180,101.68074366,1745.79450000,47053.56633487,7912.94957600
5,169,0.000000,0.657000,0.00000000,106.72863180,0.00000000,243.98018380,0.00000000,0.00000000,94.69756566,106.72863180,101.68074366,1745.79450000,47402.72523471,7912.94957600
5,170,0.000000,0.550000,0.00000000,2.39428050,0.00000000,291.19757427,0.00000000,0.00000000,0.00000000,2.39428050,0.00000000,0.00000000,46006.08963454,7912.94957600
5,171,0.000000,0.454000,0.00000000,106.72863180,0.00000000,135.61809923,0.00000000,0.00000000,94.69756566,106.72863180,101.68074366,1745.79450000,46355.24853438,7912.94957600
5,172,0.000000,0.395000,0.00000000,89.29817159,0.00000000,121.55416047,0.00000000,0.00000000,78.66539600,89.29817159,84.63531998,1492.48099468,46451.09392889,7912.94957600
5,173,0.000000,0.332000,0.00000000,106.72863180,0.00000000,70.49408780,0.00000000,0.00000000,94.69756566,106.72863180,101.68074366,1745.79450000,46800.25282873,7912.94957600
5,174,0.009000,0.272000,2.66924377,104.05938803,0.00000000,41.13512924,0.00000000,0.00000000,94.69756566,106.72863180,101.68074366,1745.79450000,47149.41172856,7912.94957600
5,175,0.165000,0.478000,48.93613581,57.79249599,0.00000000,197.36551597,0.00000000,0.00000000,94.69756566,106.72863180,101.68074366,1745.79450000,47498.57062840,7912.94957600
5,176,0.379000,0.713000,106.72863180,0.00000000,5.67618924,380.60180445,0.00000000,0.00000000,94.69756566,106.72863180,101.68074366,1745.79450000,47847.72952823,7912.94957600
5,177,0.562000,0.728000,106.72863180,0.00000000,59.95081259,388.60885504,0.00000000,0.00000000,94.69756566,106.72863180,101.68074366,1745.79450000,48196.88842807,7912.94957600
5,178,0.674000,0.690000,106.72863180,0.00000000,93.16806841,368.32432689,0.00000000,0.00000000,94.69756566,106.72863180,101.68074366,1745.79450000,48546.04732791,7912.94957600
5,179,0.734000,0.633000,106.72863180,0.00000000,110.96302689,337.89753467,0.00000000,0.00000000,94.69756566,106.72863180,101.68074366,1745.79450000,48895.20622774,7912.94957600
5,180,0.749000,0.574000,106.72863180,0.00000000,115.41176651,306.40313570,0.00000000,0.00000000,94.69756566,106.72863180,101.68074366,1745.79450000,49244.36512758,7912.94957600
5,181,0.723000,0.532000,106.72863180,0.00000000,107.70061783,283.98339407,0.00000000,0.00000000,94.69756566,106.72863180,101.68074366,1745.79450000,49593.52402741,7912.94957600
5,182,0.651000,0.552000,2.39428050,0.00000000,190.68101896,294.65946151,0.00000000,0.00000000,0.00000000,2.39428050,0.00000000,0.00000000,48196.88842725,7912.94957600
5,183,0.520000,0.608000,106.72863180,0.00000000,47.49434166,324.55245036,0.00000000,0.00000000,94.69756566,106.72863180,101.68074366,1745.79450000,48546.04732709,7912.94957600
5,184,0.352000,0.666000,104.39708973,2.33154208,0.00000000,353.18150388,0.00000000,0.00000000,94.69756566,106.72863180,101.68074366,1745.79450000,48895.20622692,7912.94957600
5,185,0.150000,0.720000,44.48739619,62.24123561,0.00000000,322.09719245,0.00000000,0.00000000,94.69756566,106.72863180,101.68074366,1745.79450000,49244.36512676,7912.94957600
5,186,0.004000,0.744000,1.18633057,105.54230124,0.00000000,291.60740776,0.00000000,0.00000000,94.69756566,106.72863180,101.68074366,1745.79450000,49593.52402659,7912.94957600
5,187,0.000000,0.750000,0.00000000,106.72863180,0.00000000,293.62389743,0.00000000,0.00000000,94.69756566,106.72863180,101.68074366,1745.79450000,49942.68292643,7912.94957600
5,188,0.000000,0.739000,0.00000000,106.72863180,0.00000000,287.75206033,0.00000000,0.00000000,94.69756566,106.72863180,101.68074366,1745.79450000,50291.84182627,7912.94957600
5,189,0.000000,0.796000,0.00000000,106.72863180,0.00000000,318.17885255,0.00000000,0.00000000,94.69756566,106.72863180,101.68074366,1745.79450000,50641.00072610,7912.94957600
5,190,0.000000,0.757000,0.00000000,106.72863180,0.00000000,297.36052103,0.00000000,0.00000000,94.69756566,106.72863180,101.68074366,1745.79450000,50990.15962594,7912.94957600
5,191,0.000000,0.677000,0.00000000,43.47863956,0.00000000,317.90624349,0.00000000,0.00000000,36.84682300,43.47863956,39.91750131,767.66957627,50361.19360204,7912.94957600
5,192,0.000000,0.547000,0.00000000,106.72863180,0.00000000,185.26181285,0.00000000,0.00000000,94.69756566,106.72863180,101.68074366,1745.79450000,50710.35250188,7912.94957600
5,193,0.000000,0.420000,0.00000000,107.32720193,0.00000000,116.87021444,0.00000000,0.00000000,94.69756566,107.32720193,101.68074366,1745.79450000,50710.35250167,9891.18697000
5,194,0.000000,0.310000,0.00000000,2.96056673,0.00000000,162.51847869,0.00000000,0.00000000,0.00000000,2.96056673,0.00000000,0.00000000,48983.38989807,9784.49067196
5,195,0.000000,0.235000,0.00000000,106.72863180,0.00000000,18.71516069,0.00000000,0.00000000,94.69756566,106.72863180,101.68074366,1745.79450000,49332.54879791,7912.94957600
5,196,0.000000,0.187000,0.00000000,57.67001469,0.00000000,42.15121593,0.00000000,0.00000000,49.73928100,57.67001469,53.75120360,1002.98064984,48938.89384758,7912.94957600
5,197,0.000000,0.161000,0.00000000,2.39428050,0.00000000,83.54806244,0.00000000,0.00000000,0.00000000,2.39428050,0.00000000,0.00000000,47542.25824742,7912.94957600
5,198,0.010000,0.145000,2.39428050,0.00000000,0.57154591,77.40148898,0.00000000,0.00000000,0.00000000,2.39428050,0.00000000,0.00000000,46145.62264725,7912.94957600
5,199,0.185000,0.289000,54.86778863,52.45941329,0.00000000,101.80976130,0.00000000,0.00000000,94.69756566,107.32720193,101.68074366,1745.79450000,46145.62264705,9891.18697000
5,200,0.385000,0.376000,106.72863180,0.00000000,7.45568509,200.71006799,0.00000000,0.00000000,94.69756566,106.72863180,101.68074366,1745.79450000,46494.78154688,7912.94957600
5,201,0.542000,0.353000,106.72863180,0.00000000,54.01915976,188.43259042,0.00000000,0.00000000,94.69756566,106.72863180,101.68074366,1745.79450000,46843.94044672,7912.94957600
5,202,0.652000,0.325000,106.72863180,0.00000000,86.64325030,173.48609600,0.00000000,0.00000000,94.69756566,106.72863180,101.68074366,1745.79450000,47193.09934656,7912.94957600
5,203,0.721000,0.310000,107.32720193,0.00000000,106.50888243,165.47904541,0.00000000,0.00000000,94.69756566,107.32720193,101.68074366,1745.79450000,47193.09934635,9891.18697000
5,204,0.748000,0.315000,106.72863180,0.00000000,115.11518387,168.14806228,0.00000000,0.00000000,94.69756566,106.72863180,101.68074366,1745.79450000,47542.25824619,7912.94957600
5,205,0.727000,0.337000,106.72863180,0.00000000,108.88694840,179.89173647,0.00000000,0.00000000,94.69756566,106.72863180,101.68074366,1745.79450000,47891.41714602,7912.94957600
5,206,0.662000,0.367000,106.72863180,0.00000000,89.60907672,195.90583764,0.00000000,0.00000000,94.69756566,106.72863180,101.68074366,1745.79450000,48240.57604586,7912.94957600
5,207,0.543000,0.404000,106.72863180,0.00000000,54.31574241,215.65656241,0.00000000,0.00000000,94.69756566,106.72863180,101.68074366,1745.79450000,48589.73494569,7912.94957600
5,208,0.382000,0.435000,106.72863180,0.00000000,6.56593716,232.20446695,0.00000000,0.00000000,94.69756566,106.72863180,101.68074366,1745.79450000,48938.89384553,7912.94957600
5,209,0.182000,0.466000,53.97804071,52.75059109,0.00000000,196.00178040,0.00000000,0.00000000,94.69756566,106.72863180,101.68074366,1745.79450000,49288.05274537,7912.94957600
5,210,0.005000,0.519000,1.48291321,105.24571859,0.00000000,171.79823163,0.00000000,0.00000000,94.69756566,106.72863180,101.68074366,1745.79450000,49637.21164520,7912.94957600
5,211,0.000000,0.574000,0.00000000,89.29817159,0.00000000,217.10496411,0.00000000,0.00000000,78.66539600,89.29817159,84.63531998,1492.48099468,49733.05703971,7912.94957600
5,212,0.000000,0.622000,0.00000000,106.72863180,0.00000000,225.29706577,0.00000000,0.00000000,94.69756566,106.72863180,101.68074366,1745.79450000,50082.21593955,7912.94957600
5,213,0.000000,0.666000,0.00000000,2.39428050,0.00000000,353.11876546,0.00000000,0.00000000,0.00000000,2.39428050,0.00000000,0.00000000,48685.58033939,7912.94957600
5,214,0.000000,0.668000,0.00000000,106.72863180,0.00000000,249.85202090,0.00000000,0.00000000,94.69756566,106.72863180,101.68074366,1745.79450000,49034.73923922,7912.94957600
5,215,0.000000,0.657000,0.00000000,106.72863180,0.00000000,243.98018380,0.00000000,0.00000000,94.69756566,106.72863180,101.68074366,1745.79450000,49383.89813906,7912.94957600
5,216,0.000000,0.627000,0.00000000,106.72863180,0.00000000,227.96608263,0.00000000,0.00000000,94.69756566,106.72863180,101.68074366,1745.79450000,49733.05703889,7912.94957600
5,217,0.000000,0.519000,0.00000000,106.72863180,0.00000000,170.31531843,0.00000000,0.00000000,94.69756566,106.72863180,101.68074366,1745.79450000,50082.21593873,7912.94957600
5,218,0.000000,0.375000,0.00000000,106.72863180,0.00000000,93.44763281,0.00000000,0.00000000,94.69756566,106.72863180,101.68074366,1745.79450000,50431.37483857,7912.94957600
5,219,0.000000,0.266000,0.00000000,106.72863180,0.00000000,35.26306523,0.00000000,0.00000000,94.69756566,106.72863180,101.68074366,1745.79450000,50780.53373840,7912.94957600
5,220,0.000000,0.205000,0.00000000,43.47863956,0.00000000,65.95105176,0.00000000,0.00000000,36.84682300,43.47863956,39.91750131,767.66957627,50151.56771451,7912.94957600
5,221,0.000000,0.187000,0.00000000,99.82123062,0.00000000,0.00000000,0.00000000,0.00000000,88.34428365,99.82123062,94.92592602,1645.41059233,50400.34270668,7912.94957600
5,222,0.014000,0.176000,4.15215698,93.94939353,0.00000000,0.00000000,0.00000000,0.00000000,86.76255813,98.10155050,93.24423340,1620.41881820,50624.12592471,7912.94957600
5,223,0.195000,0.277000,57.83361505,48.89501675,0.00000000,98.96851737,0.00000000,0.00000000,94.69756566,106.72863180,101.68074366,1745.79450000,50973.28482455,7912.94957600
5,224,0.397000,0.310000,107.32720193,0.00000000,10.41610666,165.47904541,0.00000000,0.00000000,94.69756566,107.32720193,101.68074366,1745.79450000,50973.28482434,9891.18697000
5,225,0.557000,0.265000,106.72863180,0.00000000,58.46789938,141.45789366,0.00000000,0.00000000,94.69756566,106.72863180,101.68074366,1745.79450000,51322.44372418,7912.94957600
5,226,0.657000,0.225000,106.72863180,0.00000000,88.12616351,120.10575877,0.00000000,0.00000000,94.69756566,106.72863180,101.68074366,1745.79450000,51671.60262401,7912.94957600
5,227,0.709000,0.216000,107.32720193,0.00000000,102.94989073,115.30152842,0.00000000,0.00000000,94.69756566,107.32720193,101.68074366,1745.79450000,51671.60262381,9891.18697000
5,228,0.713000,0.237000,106.72863180,0.00000000,104.73479142,126.51139924,0.00000000,0.00000000,94.69756566,106.72863180,101.68074366,1745.79450000,52020.76152364,7912.94957600
5,229,0.691000,0.266000,107.32720193,0.00000000,97.61140319,141.99169703,0.00000000,0.00000000,94.69756566,107.32720193,101.68074366,1745.79450000,52020.76152344,9891.18697000
5,230,0.626000,0.300000,106.72863180,0.00000000,78.93210163,160.14101169,0.00000000,0.00000000,94.69756566,106.72863180,101.68074366,1745.79450000,52369.92042328,7912.94957600
5,231,0.519000,0.339000,107.32720193,0.00000000,46.59918889,180.95934321,0.00000000,0.00000000,94.69756566,107.32720193,101.68074366,1745.79450000,52369.92042307,9891.18697000
5,232,0.362000,0.398000,107.32720193,0.00000000,0.03571421,212.45374218,0.00000000,0.00000000,94.69756566,107.32720193,101.68074366,1745.79450000,52369.92042287,9891.18697000
5,233,0.158000,0.480000,44.07720969,0.00000000,2.78284763,256.22561871,0.00000000,0.00000000,36.84682300,44.07720969,39.91750131,767.66957627,51391.79549893,9891.18697000
5,234,0.004000,0.565000,1.18633057,106.14087136,0.00000000,195.45803399,0.00000000,0.00000000,94.69756566,107.32720193,101.68074366,1745.79450000,51391.79549873,9891.18697000
5,235,0.000000,0.605000,0.00000000,89.89674172,0.00000000,233.05429853,0.00000000,0.00000000,78.66539600,89.89674172,84.63531998,1492.48099468,51138.48199320,9891.18697000
5,236,0.000000,0.635000,0.00000000,107.32720193,0.00000000,231.63793949,0.00000000,0.00000000,94.69756566,107.32720193,101.68074366,1745.79450000,51138.48199299,9891.18697000
5,237,0.000000,0.702000,0.00000000,106.72863180,0.00000000,268.00133556,0.00000000,0.00000000,94.69756566,106.72863180,101.68074366,1745.79450000,51487.64089283,7912.94957600
5,238,0.000000,0.694000,0.00000000,107.32720193,0.00000000,263.13233845,0.00000000,0.00000000,94.69756566,107.32720193,101.68074366,1745.79450000,51487.64089262,9891.18697000
5,239,0.000000,0.670000,0.00000000,106.72863180,0.00000000,250.91962764,0.00000000,0.00000000,94.69756566,106.72863180,101.68074366,1745.79450000,51836.79979246,7912.94957600
5,240,0.000000,0.607000,0.00000000,106.72863180,0.00000000,217.29001519,0.00000000,0.00000000,94.69756566,106.72863180,101.68074366,1745.79450000,52185.95869229,7912.94957600
5,241,0.000000,0.532000,0.00000000,107.32720193,0.00000000,176.65619214,0.00000000,0.00000000,94.69756566,107.32720193,101.68074366,1745.79450000,52185.95869209,9891.18697000
5,242,0.000000,0.457000,0.00000000,107.01183263,0.00000000,136.93630851,0.00000000,0.00000000,94.69756566,107.01183263,101.68074366,1745.79450000,52369.92042369,8848.91086914
5,243,0.000000,0.388000,0.00000000,107.32720193,0.00000000,99.78850653,0.00000000,0.00000000,94.69756566,107.32720193,101.68074366,1745.79450000,52369.92042348,9891.18697000
5,244,0.000000,0.328000,0.00000000,107.32720193,0.00000000,67.76030419,0.00000000,0.00000000,94.69756566,107.32720193,101.68074366,1745.79450000,52369.92042328,9891.18697000
5,245,0.000000,0.278000,0.00000000,107.32720193,0.00000000,41.07013558,0.00000000,0.00000000,94.69756566,107.32720193,101.68074366,1745.79450000,52369.92042307,9891.18697000
5,246,0.008000,0.254000,2.37266113,104.95454080,0.00000000,30.63151577,0.00000000,0.00000000,94.69756566,107.32720193,101.68074366,1745.79450000,52369.92042287,9891.18697000
5,247,0.159000,0.459000,47.15663996,60.17056196,0.00000000,184.84518592,0.00000000,0.00000000,94.69756566,107.32720193,101.68074366,1745.79450000,52369.92042266,9891.18697000
5,248,0.358000,0.549000,106.17658557,1.15061635,0.00000000,291.90743504,0.00000000,0.00000000,94.69756566,107.32720193,101.68074366,1745.79450000,52369.92042246,9891.18697000
5,249,0.535000,0.496000,107.32720193,0.00000000,51.34451115,264.76647266,0.00000000,0.00000000,94.69756566,107.32720193,101.68074366,1745.79450000,52369.92042225,9891.18697000
5,250,0.647000,0.425000,107.32720193,0.00000000,84.56176697,226.86643323,0.00000000,0.00000000,94.69756566,107.32720193,101.68074366,1745.79450000,52369.92042205,9891.18697000
5,251,0.714000,0.367000,107.32720193,0.00000000,104.43280394,195.90583764,0.00000000,0.00000000,94.69756566,107.32720193,101.68074366,1745.79450000,52369.92042184,9891.18697000
5,252,0.736000,0.338000,107.32720193,0.00000000,110.95762205,180.42553984,0.00000000,0.00000000,94.69756566,107.32720193,101.68074366,1745.79450000,52369.92042164,9891.18697000
5,253,0.712000,0.343000,107.32720193,0.00000000,103.83963865,183.09455670,0.00000000,0.00000000,94.69756566,107.32720193,101.68074366,1745.79450000,52369.92042143,9891.18697000
5,254,0.642000,0.382000,107.32720193,0.00000000,83.07885377,203.91288822,0.00000000,0.00000000,94.69756566,107.32720193,101.68074366,1745.79450000,52369.92042123,9891.18697000
5,255,0.526000,0.467000,107.32720193,0.00000000,48.67526738,249.28617487,0.00000000,0.00000000,94.69756566,107.32720193,101.68074366,1745.79450000,52369.92042102,9891.18697000
5,256,0.363000,0.592000,107.32720193,0.00000000,0.33229685,316.01159640,0.00000000,0.00000000,94.69756566,107.32720193,101.68074366,1745.79450000,52369.92042082,9891.18697000
5,257,0.166000,0.725000,49.23271845,58.09448348,0.00000000,328.91296145,0.00000000,0.00000000,94.69756566,107.32720193,101.68074366,1745.79450000,52369.92042061,9891.18697000
5,258,0.005000,0.809000,1.48291321,95.02858421,0.00000000,336.81834399,0.00000000,0.00000000,84.74950863,96.51149741,91.10395657,1588.61198594,52212.73790635,9891.18697000
5,259,0.000000,0.844000,0.00000000,107.05774077,0.00000000,343.47230545,0.00000000,0.00000000,94.69756566,107.05774077,101.68074366,1745.79450000,52369.92042348,9000.63446383
5,260,0.000000,0.857000,0.00000000,107.32720193,0.00000000,350.14228814,0.00000000,0.00000000,94.69756566,107.32720193,101.68074366,1745.79450000,52369.92042328,9891.18697000
5,261,0.000000,0.899000,0.00000000,107.32720193,0.00000000,372.56202978,0.00000000,0.00000000,94.69756566,107.32720193,101.68074366,1745.79450000,52369.92042307,9891.18697000
5,262,0.000000,0.898000,0.00000000,107.32720193,0.00000000,372.02822640,0.00000000,0.00000000,94.69756566,107.32720193,101.68074366,1745.79450000,52369.92042287,9891.18697000
5,263,0.000000,0.874000,0.00000000,107.32720193,0.00000000,359.21694547,0.00000000,0.00000000,94.69756566,107.32720193,101.68074366,1745.79450000,52369.92042266,9891.18697000
5,264,0.000000,0.831000,0.00000000,107.32720193,0.00000000,336.26340046,0.00000000,0.00000000,94.69756566,107.32720193,101.68074366,1745.79450000,52369.92042246,9891.18697000
5,265,0.000000,0.763000,0.00000000,2.99285063,0.00000000,404.29912244,0.00000000,0.00000000,0.00000000,2.99285063,0.00000000,0.00000000,50624.12592225,9891.18697000
5,266,0.000000,0.658000,0.00000000,2.39428050,0.00000000,348.84833848,0.00000000,0.00000000,0.00000000,2.39428050,0.00000000,0.00000000,49227.49032209,7912.94957600
5,267,0.000000,0.516000,0.00000000,30.37356422,0.00000000,245.06897588,0.00000000,0.00000000,25.00174700,30.37356422,27.15938231,539.40882693,48370.26354885,7912.94957600
5,268,0.000000,0.426000,0.00000000,106.72863180,0.00000000,120.67160480,0.00000000,0.00000000,94.69756566,106.72863180,101.68074366,1745.79450000,48719.42244868,7912.94957600
5,269,0.000000,0.376000,0.00000000,106.72863180,0.00000000,93.98143619,0.00000000,0.00000000,94.69756566,106.72863180,101.68074366,1745.79450000,49068.58134852,7912.94957600
5,270,0.014000,0.326000,4.15215698,103.17504495,0.00000000,70.84485442,0.00000000,0.00000000,94.69756566,107.32720193,101.68074366,1745.79450000,49068.58134832,9891.18697000
5,271,0.190000,0.559000,56.35070184,50.97650009,0.00000000,247.41958503,0.00000000,0.00000000,94.69756566,107.32720193,101.68074366,1745.79450000,49068.58134811,9891.18697000
5,272,0.402000,0.655000,106.72863180,0.00000000,12.49758999,349.64120886,0.00000000,0.00000000,94.69756566,106.72863180,101.68074366,1745.79450000,49417.74024795,7912.94957600
5,273,0.563000,0.586000,107.32720193,0.00000000,59.64882511,312.80877617,0.00000000,0.00000000,94.69756566,107.32720193,101.68074366,1745.79450000,49417.74024774,9891.18697000
5,274,0.670000,0.510000,106.72863180,0.00000000,91.98173785,272.23971988,0.00000000,0.00000000,94.69756566,106.72863180,101.68074366,1745.79450000,49766.89914758,7912.94957600
5,275,0.720000,0.467000,107.32720193,0.00000000,106.21229979,249.28617487,0.00000000,0.00000000,94.69756566,107.32720193,101.68074366,1745.79450000,49766.89914737,9891.18697000
5,276,0.741000,0.464000,106.72863180,0.00000000,113.03910538,247.68476475,0.00000000,0.00000000,94.69756566,106.72863180,101.68074366,1745.79450000,50116.05804721,7912.94957600
5,277,0.707000,0.491000,106.72863180,0.00000000,102.95529557,262.09745580,0.00000000,0.00000000,94.69756566,106.72863180,101.68074366,1745.79450000,50465.21694704,7912.94957600
5,278,0.647000,0.546000,107.32720193,0.00000000,84.56176697,291.45664128,0.00000000,0.00000000,94.69756566,107.32720193,101.68074366,1745.79450000,50465.21694684,9891.18697000
5,279,0.535000,0.620000,107.32720193,0.00000000,51.34451115,330.95809083,0.00000000,0.00000000,94.69756566,107.32720193,101.68074366,1745.79450000,50465.21694663,9891.18697000
5,280,0.380000,0.691000,106.72863180,0.00000000,5.97277188,368.85813026,0.00000000,0.00000000,94.69756566,106.72863180,101.68074366,1745.79450000,50814.37584647,7912.94957600
5,281,0.184000,0.750000,54.57120599,52.75599593,0.00000000,347.59653330,0.00000000,0.00000000,94.69756566,107.32720193,101.68074366,1745.79450000,50814.37584627,9891.18697000
5,282,0.006000,0.777000,1.77949585,104.94913595,0.00000000,309.81608433,0.00000000,0.00000000,94.69756566,106.72863180,101.68074366,1745.79450000,51163.53474610,7912.94957600
5,283,0.000000,0.766000,0.00000000,107.32720193,0.00000000,301.56618126,0.00000000,0.00000000,94.69756566,107.32720193,101.68074366,1745.79450000,51163.53474590,9891.18697000
5,284,0.000000,0.764000,0.00000000,58.26858481,0.00000000,349.55719163,0.00000000,0.00000000,49.73928100,58.26858481,53.75120360,1002.98064984,50420.72089553,9891.18697000
5,285,0.000000,0.771000,0.00000000,106.89167697,0.00000000,304.67072307,0.00000000,0.00000000,94.69756566,106.89167697,101.68074366,1745.79450000,50674.77201963,8451.80382942
5,286,0.000000,0.791000,0.00000000,107.32720193,0.00000000,314.91126557,0.00000000,0.00000000,94.69756566,107.32720193,101.68074366,1745.79450000,50674.77201943,9891.18697000
5,287,0.000000,0.739000,0.00000000,30.37356422,0.00000000,364.10712791,0.00000000,0.00000000,25.00174700,30.37356422,27.15938231,539.40882693,49817.54524619,7912.94957600
5,288,0.000000,0.644000,0.00000000,58.26858481,0.00000000,285.50078695,0.00000000,0.00000000,49.73928100,58.26858481,53.75120360,1002.98064984,49074.73139582,9891.18697000
5,289,0.000000,0.554000,0.00000000,107.32720193,0.00000000,188.39986633,0.00000000,0.00000000,94.69756566,107.32720193,101.68074366,1745.79450000,49074.73139562,9891.18697000
5,290,0.000000,0.424000,0.00000000,107.32720193,0.00000000,119.00542793,0.00000000,0.00000000,94.69756566,107.32720193,101.68074366,1745.79450000,49074.73139541,9891.18697000
5,291,0.000000,0.337000,0.00000000,57.67001469,0.00000000,122.22172178,0.00000000,0.00000000,49.73928100,57.67001469,53.75120360,1002.98064984,48681.07644508,7912.94957600
5,292,0.000000,0.278000,0.00000000,106.72863180,0.00000000,41.66870570,0.00000000,0.00000000,94.69756566,106.72863180,101.68074366,1745.79450000,49030.23534492,7912.94957600
5,293,0.000000,0.267000,0.00000000,73.54194353,0.00000000,68.98355687,0.00000000,0.00000000,63.67817400,73.54194353,68.65710075,1244.73168631,48529.17253102,9891.18697000
5,294,0.009000,0.271000,2.66924377,104.65795815,0.00000000,40.00275574,0.00000000,0.00000000,94.69756566,107.32720193,101.68074366,1745.79450000,48529.17253082,9891.18697000
5,295,0.152000,0.521000,45.08056147,61.64807033,0.00000000,216.46348664,0.00000000,0.00000000,94.69756566,106.72863180,101.68074366,1745.79450000,48878.33143066,7912.94957600
5,296,0.322000,0.618000,95.49961049,11.82759144,0.00000000,318.06289265,0.00000000,0.00000000,94.69756566,107.32720193,101.68074366,1745.79450000,48878.33143045,9891.18697000
5,297,0.472000,0.556000,106.72863180,0.00000000,33.25837488,296.79467500,0.00000000,0.00000000,94.69756566,106.72863180,101.68074366,1745.79450000,49227.49033029,7912.94957600
5,298,0.599000,0.467000,107.32720193,0.00000000,70.32580019,249.28617487,0.00000000,0.00000000,94.69756566,107.32720193,101.68074366,1745.79450000,49227.49033008,9891.18697000
5,299,0.688000,0.392000,107.32720193,0.00000000,96.72165526,209.25092194,0.00000000,0.00000000,94.69756566,107.32720193,101.68074366,1745.79450000,49227.49032988,9891.18697000
5,300,0.727000,0.355000,107.32720193,0.00000000,108.28837827,189.50019717,0.00000000,0.00000000,94.69756566,107.32720193,101.68074366,1745.79450000,49227.49032967,9891.18697000
5,301,0.713000,0.374000,106.72863180,0.00000000,104.73479142,199.64246124,0.00000000,0.00000000,94.69756566,106.72863180,101.68074366,1745.79450000,49576.64922951,7912.94957600
5,302,0.619000,0.430000,107.32720193,0.00000000,76.25745302,229.53545009,0.00000000,0.00000000,94.69756566,107.32720193,101.68074366,1745.79450000,49576.64922930,9891.18697000
5,303,0.463000,0.500000,107.32720193,0.00000000,29.99056098,266.90168615,0.00000000,0.00000000,94.69756566,107.32720193,101.68074366,1745.79450000,49576.64922910,9891.18697000
5,304,0.307000,0.584000,91.05087087,15.67776093,0.00000000,296.06340849,0.00000000,0.00000000,94.69756566,106.72863180,101.68074366,1745.79450000,49925.80812893,7912.94957600
5,305,0.142000,0.679000,42.11473506,64.61389674,0.00000000,297.83859305,0.00000000,0.00000000,94.69756566,106.72863180,101.68074366,1745.79450000,50274.96702877,7912.94957600
5,306,0.004000,0.745000,1.18633057,105.54230124,0.00000000,292.14121113,0.00000000,0.00000000,94.69756566,106.72863180,101.68074366,1745.79450000,50624.12592861,7912.94957600
5,307,0.000000,0.772000,0.00000000,107.32720193,0.00000000,304.76900149,0.00000000,0.00000000,94.69756566,107.32720193,101.68074366,1745.79450000,50624.12592840,9891.18697000
5,308,0.000000,0.819000,0.00000000,106.72863180,0.00000000,330.45633012,0.00000000,0.00000000,94.69756566,106.72863180,101.68074366,1745.79450000,50973.28482824,7912.94957600
5,309,0.000000,0.857000,0.00000000,106.72863180,0.00000000,350.74085827,0.00000000,0.00000000,94.69756566,106.72863180,101.68074366,1745.79450000,51322.44372807,7912.94957600
5,310,0.000000,0.837000,0.00000000,107.32720193,0.00000000,339.46622069,0.00000000,0.00000000,94.69756566,107.32720193,101.68074366,1745.79450000,51322.44372787,9891.18697000
5,311,0.000000,0.809000,0.00000000,106.72863180,0.00000000,325.11829639,0.00000000,0.00000000,94.69756566,106.72863180,101.68074366,1745.79450000,51671.60262770,7912.94957600
5,312,0.000000,0.777000,0.00000000,107.32720193,0.00000000,307.43801836,0.00000000,0.00000000,94.69756566,107.32720193,101.68074366,1745.79450000,51671.60262750,9891.18697000
5,313,0.000000,0.710000,0.00000000,2.39428050,0.00000000,376.60611384,0.00000000,0.00000000,0.00000000,2.39428050,0.00000000,0.00000000,50274.96702733,7912.94957600
5,314,0.000000,0.621000,0.00000000,107.32720193,0.00000000,224.16469228,0.00000000,0.00000000,94.69756566,107.32720193,101.68074366,1745.79450000,50274.96702713,9891.18697000
5,315,0.000000,0.526000,0.00000000,106.72863180,0.00000000,174.05194203,0.00000000,0.00000000,94.69756566,106.72863180,101.68074366,1745.79450000,50624.12592697,7912.94957600
5,316,0.000000,0.415000,0.00000000,107.32720193,0.00000000,114.20119758,0.00000000,0.00000000,94.69756566,107.32720193,101.68074366,1745.79450000,50624.12592676,9891.18697000
5,317,0.000000,0.315000,0.00000000,107.32720193,0.00000000,60.82086035,0.00000000,0.00000000,94.69756566,107.32720193,101.68074366,1745.79450000,50624.12592656,9891.18697000
5,318,0.014000,0.299000,4.15215698,103.17504495,0.00000000,56.43216337,0.00000000,0.00000000,94.69756566,107.32720193,101.68074366,1745.79450000,50624.12592635,9891.18697000
5,319,0.194000,0.508000,57.53703241,49.19159940,0.00000000,221.98051374,0.00000000,0.00000000,94.69756566,106.72863180,101.68074366,1745.79450000,50973.28482619,7912.94957600
5,320,0.395000,0.574000,107.32720193,0.00000000,9.82294137,306.40313570,0.00000000,0.00000000,94.69756566,107.32720193,101.68074366,1745.79450000,50973.28482598,9891.18697000
5,321,0.551000,0.509000,107.32720193,0.00000000,56.08983341,271.70591650,0.00000000,0.00000000,94.69756566,107.32720193,101.68074366,1745.79450000,50973.28482578,9891.18697000
5,322,0.647000,0.414000,107.32720193,0.00000000,84.56176697,220.99459613,0.00000000,0.00000000,94.69756566,107.32720193,101.68074366,1745.79450000,50973.28482557,9891.18697000
5,323,0.705000,0.325000,107.32720193,0.00000000,101.76356017,173.48609600,0.00000000,0.00000000,94.69756566,107.32720193,101.68074366,1745.79450000,50973.28482537,9891.18697000
5,324,0.719000,0.255000,106.72863180,0.00000000,106.51428727,136.11985994,0.00000000,0.00000000,94.69756566,106.72863180,101.68074366,1745.79450000,51322.44372520,7912.94957600
5,325,0.697000,0.219000,107.32720193,0.00000000,99.39089904,116.90293853,0.00000000,0.00000000,94.69756566,107.32720193,101.68074366,1745.79450000,51322.44372500,9891.18697000
5,326,0.623000,0.211000,107.32720193,0.00000000,77.44378358,112.63251156,0.00000000,0.00000000,94.69756566,107.32720193,101.68074366,1745.79450000,51322.44372479,9891.18697000
5,327,0.507000,0.241000,107.32720193,0.00000000,43.04019720,128.64661273,0.00000000,0.00000000,94.69756566,107.32720193,101.68074366,1745.79450000,51322.44372459,9891.18697000
5,328,0.297000,0.311000,88.08504446,19.24215747,0.00000000,146.77069132,0.00000000,0.00000000,94.69756566,107.32720193,101.68074366,1745.79450000,51322.44372438,9891.18697000
5,329,0.133000,0.420000,39.44549129,67.28314051,0.00000000,156.91427586,0.00000000,0.00000000,94.69756566,106.72863180,101.68074366,1745.79450000,51671.60262422,7912.94957600
5,330,0.004000,0.584000,1.18633057,106.14087136,0.00000000,205.60029807,0.00000000,0.00000000,94.69756566,107.32720193,101.68074366,1745.79450000,51671.60262401,9891.18697000
5,331,0.000000,0.675000,0.00000000,106.72863180,0.00000000,253.58864451,0.00000000,0.00000000,94.69756566,106.72863180,101.68074366,1745.79450000,52020.76152385,7912.94957600
5,332,0.000000,0.737000,0.00000000,107.32720193,0.00000000,286.08588346,0.00000000,0.00000000,94.69756566,107.32720193,101.68074366,1745.79450000,52020.76152364,9891.18697000
5,333,0.000000,0.783000,0.00000000,106.72863180,0.00000000,311.23940871,0.00000000,0.00000000,94.69756566,106.72863180,101.68074366,1745.79450000,52369.92042348,7912.94957600
5,334,0.000000,0.785000,0.00000000,107.32720193,0.00000000,311.70844533,0.00000000,0.00000000,94.69756566,107.32720193,101.68074366,1745.79450000,52369.92042328,9891.18697000
5,335,0.000000,0.765000,0.00000000,107.32720193,0.00000000,301.03237789,0.00000000,0.00000000,94.69756566,107.32720193,101.68074366,1745.79450000,52369.92042328,9891.18696884
5,336,0.000000,0.701000,0.00000000,2.99285063,0.00000000,371.20331336,0.00000000,0.00000000,0.00000000,2.99285063,0.00000000,0.00000000,50624.12592307,9891.18697000
5,337,0.000000,0.605000,0.00000000,106.72863180,0.00000000,216.22240844,0.00000000,0.00000000,94.69756566,106.72863180,101.68074366,1745.79450000,50973.28482291,7912.94957600
5,338,0.000000,0.522000,0.00000000,89.29817159,0.00000000,189.34718875,0.00000000,0.00000000,78.66539600,89.29817159,84.63531998,1492.48099468,51069.13021742,7912.94957600
5,339,0.000000,0.432000,0.00000000,2.99285063,0.00000000,227.61020621,0.00000000,0.00000000,0.00000000,2.99285063,0.00000000,0.00000000,49323.33571721,9891.18697000
5,340,0.000000,0.348000,0.00000000,106.81666101,0.00000000,78.94691255,0.00000000,0.00000000,94.69756566,106.81666101,101.68074366,1745.79450000,49621.14527652,8203.88068384
5,341,0.000000,0.300000,0.00000000,106.72863180,0.00000000,53.41237989,0.00000000,0.00000000,94.69756566,106.72863180,101.68074366,1745.79450000,49970.30417635,7912.94957600
5,342,0.008000,0.281000,2.37266113,104.95454080,0.00000000,45.04420682,0.00000000,0.00000000,94.69756566,107.32720193,101.68074366,1745.79450000,49970.30417615,9891.18697000
5,343,0.151000,0.437000,44.78397883,13.48460598,0.00000000,219.78746772,0.00000000,0.00000000,49.73928100,58.26858481,53.75120360,1002.98064984,49227.49032578,9891.18697000
5,344,0.318000,0.485000,94.31327992,12.41535188,0.00000000,246.47928369,0.00000000,0.00000000,94.69756566,106.72863180,101.68074366,1745.79450000,49576.64922561,7912.94957600
5,345,0.461000,0.400000,106.72863180,0.00000000,29.99596582,213.52134892,0.00000000,0.00000000,94.69756566,106.72863180,101.68074366,1745.79450000,49925.80812545,7912.94957600
5,346,0.560000,0.294000,106.72863180,0.00000000,59.35764731,156.93819146,0.00000000,0.00000000,94.69756566,106.72863180,101.68074366,1745.79450000,50274.96702528,7912.94957600
5,347,0.618000,0.214000,107.32720193,0.00000000,75.96087038,114.23392167,0.00000000,0.00000000,94.69756566,107.32720193,101.68074366,1745.79450000,50274.96702508,9891.18697000
5,348,0.621000,0.171000,107.32720193,0.00000000,76.85061830,91.28037666,0.00000000,0.00000000,94.69756566,107.32720193,101.68074366,1745.79450000,50274.96702487,9891.18697000
5,349,0.589000,0.160000,107.32720193,0.00000000,67.35997378,85.40853957,0.00000000,0.00000000,94.69756566,107.32720193,101.68074366,1745.79450000,50274.96702467,9891.18697000
5,350,0.557000,0.177000,107.32720193,0.00000000,57.86932926,94.48319690,0.00000000,0.00000000,94.69756566,107.32720193,101.68074366,1745.79450000,50274.96702446,9891.18697000
5,351,0.474000,0.220000,106.72863180,0.00000000,33.85154016,117.43674191,0.00000000,0.00000000,94.69756566,106.72863180,101.68074366,1745.79450000,50624.12592430,7912.94957600
5,352,0.327000,0.304000,96.98252369,9.74610811,0.00000000,152.53011707,0.00000000,0.00000000,94.69756566,106.72863180,101.68074366,1745.79450000,50973.28482414,7912.94957600
5,353,0.138000,0.466000,40.92840449,66.39879743,0.00000000,182.35357406,0.00000000,0.00000000,94.69756566,107.32720193,101.68074366,1745.79450000,50973.28482393,9891.18697000
5,354,0.003000,0.684000,0.88974792,105.83888388,0.00000000,259.28262278,0.00000000,0.00000000,94.69756566,106.72863180,101.68074366,1745.79450000,51322.44372377,7912.94957600
5,355,0.000000,0.777000,0.00000000,106.72863180,0.00000000,308.03658848,0.00000000,0.00000000,94.69756566,106.72863180,101.68074366,1745.79450000,51671.60262360,7912.94957600
5,356,0.000000,0.818000,0.00000000,106.72863180,0.00000000,329.92252675,0.00000000,0.00000000,94.69756566,106.72863180,101.68074366,1745.79450000,52020.76152344,7912.94957600
5,357,0.000000,0.827000,0.00000000,106.72863180,0.00000000,334.72675710,0.00000000,0.00000000,94.69756566,106.72863180,101.68074366,1745.79450000,52369.92042328,7912.94957600
5,358,0.000000,0.821000,0.00000000,107.32720193,0.00000000,330.92536674,0.00000000,0.00000000,94.69756566,107.32720193,101.68074366,1745.79450000,52369.92042307,9891.18697000
5,359,0.000000,0.779000,0.00000000,107.32720193,0.00000000,308.50562510,0.00000000,0.00000000,94.69756566,107.32720193,101.68074366,1745.79450000,52369.92042287,9891.18697000
5,360,0.000000,0.713000,0.00000000,73.54194353,0.00000000,307.05986092,0.00000000,0.00000000,63.67817400,73.54194353,68.65710075,1244.73168631,51868.85760897,9891.18697000
5,361,0.000000,0.630000,0.00000000,106.72863180,0.00000000,229.56749275,0.00000000,0.00000000,94.69756566,106.72863180,101.68074366,1745.79450000,52218.01650881,7912.94957600
5,362,0.000000,0.527000,0.00000000,73.54194353,0.00000000,207.77243367,0.00000000,0.00000000,63.67817400,73.54194353,68.65710075,1244.73168631,51716.95369491,9891.18697000
5,363,0.000000,0.407000,0.00000000,106.80637805,0.00000000,110.45159448,0.00000000,0.00000000,94.69756566,106.80637805,101.68074366,1745.79450000,52020.76152426,8169.89615102
5,364,0.000000,0.324000,0.00000000,107.32720193,0.00000000,65.62509070,0.00000000,0.00000000,94.69756566,107.32720193,101.68074366,1745.79450000,52020.76152405,9891.18697000
5,365,0.000000,0.272000,0.00000000,107.32720193,0.00000000,37.86731534,0.00000000,0.00000000,94.69756566,107.32720193,101.68074366,1745.79450000,52020.76152385,9891.18697000
5,366,0.007000,0.255000,2.07607849,104.65255331,0.00000000,31.46730663,0.00000000,0.00000000,94.69756566,106.72863180,101.68074366,1745.79450000,52369.92042369,7912.94957600
5,367,0.143000,0.328000,42.41131770,64.91588422,0.00000000,110.17162189,0.00000000,0.00000000,94.69756566,107.32720193,101.68074366,1745.79450000,52369.92042348,9891.18697000
5,368,0.340000,0.335000,100.83809803,6.48910390,0.00000000,172.33502583,0.00000000,0.00000000,94.69756566,107.32720193,101.68074366,1745.79450000,52369.92042328,9891.18697000
5,369,0.506000,0.327000,107.32720193,0.00000000,42.74361455,174.55370274,0.00000000,0.00000000,94.69756566,107.32720193,101.68074366,1745.79450000,52369.92042307,9891.18697000
5,370,0.627000,0.323000,107.32720193,0.00000000,78.63011415,172.41848925,0.00000000,0.00000000,94.69756566,107.32720193,101.68074366,1745.79450000,52369.92042287,9891.18697000
5,371,0.703000,0.305000,107.32720193,0.00000000,101.17039488,162.81002855,0.00000000,0.00000000,94.69756566,107.32720193,101.68074366,1745.79450000,52369.92042266,9891.18697000
5,372,0.729000,0.278000,107.32720193,0.00000000,108.88154356,148.39733750,0.00000000,0.00000000,94.69756566,107.32720193,101.68074366,1745.79450000,52369.92042246,9891.18697000
5,373,0.714000,0.262000,107.32720193,0.00000000,104.43280394,139.85648354,0.00000000,0.00000000,94.69756566,107.32720193,101.68074366,1745.79450000,52369.92042225,9891.18697000
5,374,0.635000,0.274000,107.32720193,0.00000000,81.00277528,146.26212401,0.00000000,0.00000000,94.69756566,107.32720193,101.68074366,1745.79450000,52369.92042205,9891.18697000
5,375,0.536000,0.305000,107.32720193,0.00000000,51.64109379,162.81002855,0.00000000,0.00000000,94.69756566,107.32720193,101.68074366,1745.79450000,52369.92042184,9891.18697000
5,376,0.362000,0.368000,107.32720193,0.00000000,0.03571421,196.43964101,0.00000000,0.00000000,94.69756566,107.32720193,101.68074366,1745.79450000,52369.92042164,9891.18697000
5,377,0.167000,0.481000,49.52930109,57.79790083,0.00000000,198.96152124,0.00000000,0.00000000,94.69756566,107.32720193,101.68074366,1745.79450000,52369.92042143,9891.18697000
5,378,0.005000,0.638000,1.48291321,105.84428872,0.00000000,234.72226281,0.00000000,0.00000000,94.69756566,107.32720193,101.68074366,1745.79450000,52369.92042123,9891.18697000
5,379,0.000000,0.736000,0.00000000,107.32720193,0.00000000,285.55208009,0.00000000,0.00000000,94.69756566,107.32720193,101.68074366,1745.79450000,52369.92042102,9891.18697000
5,380,0.000000,0.792000,0.00000000,107.32720192,0.00000000,315.44506894,0.00000000,0.00000000,94.69756566,107.32720192,101.68074366,1745.79450000,52369.92042328,9891.18695606
5,381,0.000000,0.794000,0.00000000,107.32720193,0.00000000,316.51267568,0.00000000,0.00000000,94.69756566,107.32720193,101.68074366,1745.79450000,52369.92042307,9891.18697000
5,382,0.000000,0.760000,0.00000000,107.32720193,0.00000000,298.36336103,0.00000000,0.00000000,94.69756566,107.32720193,101.68074366,1745.79450000,52369.92042328,9891.18696768
5,383,0.000000,0.682000,0.00000000,2.68004054,0.00000000,361.37385937,0.00000000,0.00000000,0.00000000,2.68004054,0.00000000,0.00000000,50806.59481051,8857.36891085
5,384,0.000000,0.578000,0.00000000,106.72863180,0.00000000,201.80971739,0.00000000,0.00000000,94.69756566,106.72863180,101.68074366,1745.79450000,51155.75371035,7912.94957600
5,385,0.000000,0.447000,0.00000000,107.32720193,0.00000000,131.28290549,0.00000000,0.00000000,94.69756566,107.32720193,101.68074366,1745.79450000,51155.75371014,9891.18697000
5,386,0.000000,0.341000,0.00000000,107.32720193,0.00000000,74.69974803,0.00000000,0.00000000,94.69756566,107.32720193,101.68074366,1745.79450000,51155.75370994,9891.18697000
5,387,0.000000,0.259000,0.00000000,107.32720193,0.00000000,30.92787150,0.00000000,0.00000000,94.69756566,107.32720193,101.68074366,1745.79450000,51155.75370973,9891.18697000
5,388,0.000000,0.228000,0.00000000,106.72863180,0.00000000,14.97853708,0.00000000,0.00000000,94.69756566,106.72863180,101.68074366,1745.79450000,51504.91260957,7912.94957600
5,389,0.000000,0.196000,0.00000000,104.62546097,0.00000000,0.00000000,0.00000000,0.00000000,92.76311346,104.62546097,99.62403159,1715.22953051,51823.50653992,7912.94957600
5,390,0.011000,0.195000,3.26240905,103.46622275,0.00000000,0.62543485,0.00000000,0.00000000,94.69756566,106.72863180,101.68074366,1745.79450000,52172.66543975,7912.94957600
5,391,0.189000,0.367000,2.99285063,0.00000000,53.06126857,195.90583764,0.00000000,0.00000000,0.00000000,2.99285063,0.00000000,0.00000000,50426.87093955,9891.18697000
5,392,0.382000,0.456000,106.72863180,0.00000000,6.56593716,243.41433777,0.00000000,0.00000000,94.69756566,106.72863180,101.68074366,1745.79450000,50776.02983938,7912.94957600
5,393,0.539000,0.439000,106.72863180,0.00000000,53.12941184,234.33968044,0.00000000,0.00000000,94.69756566,106.72863180,101.68074366,1745.79450000,51125.18873922,7912.94957600
5,394,0.650000,0.394000,106.72863180,0.00000000,86.05008502,210.31852869,0.00000000,0.00000000,94.69756566,106.72863180,101.68074366,1745.79450000,51474.34763906,7912.94957600
5,395,0.713000,0.345000,106.72863180,0.00000000,104.73479142,184.16216345,0.00000000,0.00000000,94.69756566,106.72863180,101.68074366,1745.79450000,51823.50653889,7912.94957600
5,396,0.721000,0.326000,106.72863180,0.00000000,107.10745255,174.01989937,0.00000000,0.00000000,94.69756566,106.72863180,101.68074366,1745.79450000,52172.66543873,7912.94957600
5,397,0.684000,0.334000,107.32720193,0.00000000,95.53532470,178.29032635,0.00000000,0.00000000,94.69756566,107.32720193,101.68074366,1745.79450000,52172.66543852,9891.18697000
5,398,0.604000,0.374000,107.32720193,0.00000000,71.80871340,199.64246124,0.00000000,0.00000000,94.69756566,107.32720193,101.68074366,1745.79450000,52172.66543832,9891.18697000
5,399,0.486000,0.442000,0.00000000,73.54194353,144.13916365,162.39914703,0.00000000,0.00000000,63.67817400,73.54194353,68.65710075,1244.73168631,51671.60262442,9891.18697000
5,400,0.293000,0.536000,86.89871389,20.42848804,0.00000000,265.69011952,0.00000000,0.00000000,94.69756566,107.32720193,101.68074366,1745.79450000,51671.60262422,9891.18697000
5,401,0.132000,0.634000,39.14890865,67.57972315,0.00000000,270.85161489,0.00000000,0.00000000,94.69756566,106.72863180,101.68074366,1745.79450000,52020.76152405,7912.94957600
5,402,0.003000,0.706000,0.88974792,105.83888388,0.00000000,271.02629697,0.00000000,0.00000000,94.69756566,106.72863180,101.68074366,1745.79450000,52369.92042389,7912.94957600
5,403,0.000000,0.744000,0.00000000,107.32720193,0.00000000,289.82250707,0.00000000,0.00000000,94.69756566,107.32720193,101.68074366,1745.79450000,52369.92042369,9891.18697000
5,404,0.000000,0.770000,0.00000000,107.32720193,0.00000000,303.70139475,0.00000000,0.00000000,94.69756566,107.32720193,101.68074366,1745.79450000,52369.92042348,9891.18697000
5,405,0.000000,0.766000,0.00000000,107.32720193,0.00000000,301.56618126,0.00000000,0.00000000,94.69756566,107.32720193,101.68074366,1745.79450000,52369.92042328,9891.18697000
5,406,0.000000,0.748000,0.00000000,107.32720193,0.00000000,291.95772056,0.00000000,0.00000000,94.69756566,107.32720193,101.68074366,1745.79450000,52369.92042328,9891.18696884
5,407,0.000000,0.682000,0.00000000,2.99285063,0.00000000,361.06104929,0.00000000,0.00000000,0.00000000,2.99285063,0.00000000,0.00000000,50624.12592307,9891.18697000
5,408,0.000000,0.560000,0.00000000,106.89294148,0.00000000,192.03694701,0.00000000,0.00000000,94.69756566,106.89294148,101.68074366,1745.79450000,50877.43943065,8455.98295989
5,409,0.000000,0.447000,0.00000000,107.32720193,0.00000000,131.28290549,0.00000000,0.00000000,94.69756566,107.32720193,101.68074366,1745.79450000,50877.43943045,9891.18697000
5,410,0.000000,0.361000,0.00000000,106.72863180,0.00000000,85.97438560,0.00000000,0.00000000,94.69756566,106.72863180,101.68074366,1745.79450000,51226.59833028,7912.94957600
5,411,0.000000,0.302000,0.00000000,107.32720193,0.00000000,53.88141651,0.00000000,0.00000000,94.69756566,107.32720193,101.68074366,1745.79450000,51226.59833008,9891.18697000
5,412,0.000000,0.278000,0.00000000,106.72863180,0.00000000,41.66870570,0.00000000,0.00000000,94.69756566,106.72863180,101.68074366,1745.79450000,51575.75722991,7912.94957600
5,413,0.000000,0.245000,0.00000000,107.32720193,0.00000000,23.45462429,0.00000000,0.00000000,94.69756566,107.32720193,101.68074366,1745.79450000,51575.75722971,9891.18697000
5,414,0.013000,0.243000,3.85557434,102.87305746,0.00000000,26.84116201,0.00000000,0.00000000,94.69756566,106.72863180,101.68074366,1745.79450000,51924.91612954,7912.94957600
5,415,0.192000,0.436000,56.94386712,49.78476468,0.00000000,182.95350565,0.00000000,0.00000000,94.69756566,106.72863180,101.68074366,1745.79450000,52274.07502938,7912.94957600
5,416,0.384000,0.500000,89.89674172,0.00000000,23.99099253,266.90168615,0.00000000,0.00000000,78.66539600,89.89674172,84.63531998,1492.48099468,52020.76152385,9891.18697000
5,417,0.540000,0.488000,106.72863180,0.00000000,53.42599448,260.49604569,0.00000000,0.00000000,94.69756566,106.72863180,101.68074366,1745.79450000,52369.92042369,7912.94957600
5,418,0.652000,0.478000,107.32720193,0.00000000,86.04468018,255.15801196,0.00000000,0.00000000,94.69756566,107.32720193,101.68074366,1745.79450000,52369.92042348,9891.18697000
5,419,0.719000,0.481000,107.32720193,0.00000000,105.91571714,256.75942208,0.00000000,0.00000000,94.69756566,107.32720193,101.68074366,1745.79450000,52369.92042328,9891.18697000
5,420,0.736000,0.505000,107.32720193,0.00000000,110.95762205,269.57070301,0.00000000,0.00000000,94.69756566,107.32720193,101.68074366,1745.79450000,52369.92042307,9891.18697000
5,421,0.705000,0.523000,0.00000000,44.07720969,209.09076209,235.10195403,0.00000000,0.00000000,36.84682300,44.07720969,39.91750131,767.66957627,51391.79549914,9891.18697000
5,422,0.625000,0.532000,107.32720193,0.00000000,78.03694886,283.98339407,0.00000000,0.00000000,94.69756566,107.32720193,101.68074366,1745.79450000,51391.79549893,9891.18697000
5,423,0.475000,0.562000,107.32720193,0.00000000,33.54955268,299.99749524,0.00000000,0.00000000,94.69756566,107.32720193,101.68074366,1745.79450000,51391.79549873,9891.18697000
5,424,0.314000,0.599000,93.12694936,14.20025257,0.00000000,305.54796744,0.00000000,0.00000000,94.69756566,107.32720193,101.68074366,1745.79450000,51391.79549852,9891.18697000
5,425,0.145000,0.630000,43.00448298,64.32271894,0.00000000,271.97340561,0.00000000,0.00000000,94.69756566,107.32720193,101.68074366,1745.79450000,51391.79549832,9891.18697000
5,426,0.005000,0.644000,1.48291321,105.84428872,0.00000000,237.92508305,0.00000000,0.00000000,94.69756566,107.32720193,101.68074366,1745.79450000,51391.79549811,9891.18697000
5,427,0.000000,0.632000,0.00000000,107.32720193,0.00000000,230.03652937,0.00000000,0.00000000,94.69756566,107.32720193,101.68074366,1745.79450000,51391.79549791,9891.18697000
5,428,0.000000,0.653000,0.00000000,107.32720193,0.00000000,241.24640019,0.00000000,0.00000000,94.69756566,107.32720193,101.68074366,1745.79450000,51391.79549770,9891.18697000
5,429,0.000000,0.677000,0.00000000,106.72863180,0.00000000,254.65625125,0.00000000,0.00000000,94.69756566,106.72863180,101.68074366,1745.79450000,51740.95439754,7912.94957600
5,430,0.000000,0.648000,0.00000000,107.32720193,0.00000000,238.57738333,0.00000000,0.00000000,94.69756566,107.32720193,101.68074366,1745.79450000,51740.95439733,9891.18697000
5,431,0.000000,0.629000,0.00000000,107.32720193,0.00000000,228.43511925,0.00000000,0.00000000,94.69756566,107.32720193,101.68074366,1745.79450000,51740.95439713,9891.18697000
5,432,0.000000,0.525000,0.00000000,107.32720193,0.00000000,172.91956853,0.00000000,0.00000000,94.69756566,107.32720193,101.68074366,1745.79450000,51740.95439692,9891.18697000
5,433,0.000000,0.437000,0.00000000,107.32720193,0.00000000,125.94487177,0.00000000,0.00000000,94.69756566,107.32720193,101.68074366,1745.79450000,51740.95439672,9891.18697000
5,434,0.000000,0.367000,0.00000000,106.72863180,0.00000000,89.17720584,0.00000000,0.00000000,94.69756566,106.72863180,101.68074366,1745.79450000,52090.11329655,7912.94957600
5,435,0.000000,0.305000,0.00000000,107.32720193,0.00000000,55.48282663,0.00000000,0.00000000,94.69756566,107.32720193,101.68074366,1745.79450000,52090.11329635,9891.18697000
5,436,0.000000,0.264000,0.00000000,106.84752294,0.00000000,34.07656735,0.00000000,0.00000000,94.69756566,106.84752294,101.68074366,1745.79450000,52369.92042389,8305.87746434
5,437,0.000000,0.246000,0.00000000,107.32720193,0.00000000,23.98842766,0.00000000,0.00000000,94.69756566,107.32720193,101.68074366,1745.79450000,52369.92042369,9891.18697000
5,438,0.015000,0.243000,4.44873962,102.87846231,0.00000000,26.83575716,0.00000000,0.00000000,94.69756566,107.32720193,101.68074366,1745.79450000,52369.92042348,9891.18697000
5,439,0.208000,0.481000,61.68918938,45.63801254,0.00000000,211.12140954,0.00000000,0.00000000,94.69756566,107.32720193,101.68074366,1745.79450000,52369.92042328,9891.18697000
5,440,0.412000,0.593000,107.32720193,0.00000000,14.86484628,316.54539978,0.00000000,0.00000000,94.69756566,107.32720193,101.68074366,1745.79450000,52369.92042307,9891.18697000
5,441,0.570000,0.575000,107.32720193,0.00000000,61.72490360,306.93693908,0.00000000,0.00000000,94.69756566,107.32720193,101.68074366,1745.79450000,52369.92042287,9891.18697000
5,442,0.679000,0.552000,107.32720193,0.00000000,94.05241149,294.65946151,0.00000000,0.00000000,94.69756566,107.32720193,101.68074366,1745.79450000,52369.92042266,9891.18697000
5,443,0.738000,0.541000,107.32720193,0.00000000,111.55078733,288.78762442,0.00000000,0.00000000,94.69756566,107.32720193,101.68074366,1745.79450000,52369.92042246,9891.18697000
5,444,0.753000,0.549000,107.32720192,0.00000000,115.99952695,293.05805140,0.00000000,0.00000000,94.69756566,107.32720192,101.68074366,1745.79450000,52369.92042328,9891.18696419
5,445,0.729000,0.556000,107.32720193,0.00000000,108.88154356,296.79467500,0.00000000,0.00000000,94.69756566,107.32720193,101.68074366,1745.79450000,52369.92042328,9891.18696884
5,446,0.661000,0.568000,2.99285063,0.00000000,193.04827525,303.20031547,0.00000000,0.00000000,0.00000000,2.99285063,0.00000000,0.00000000,50624.12592307,9891.18697000
5,447,0.546000,0.597000,107.32720193,0.00000000,54.60692020,318.68061327,0.00000000,0.00000000,94.69756566,107.32720193,101.68074366,1745.79450000,50624.12592287,9891.18697000
5,448,0.377000,0.647000,106.72863180,0.00000000,5.08302396,345.37078188,0.00000000,0.00000000,94.69756566,106.72863180,101.68074366,1745.79450000,50973.28482270,7912.94957600
5,449,0.157000,0.710000,46.56347468,60.16515712,0.00000000,318.83523721,0.00000000,0.00000000,94.69756566,106.72863180,101.68074366,1745.79450000,51322.44372254,7912.94957600
5,450,0.007000,0.768000,2.07607849,104.65255331,0.00000000,305.30843662,0.00000000,0.00000000,94.69756566,106.72863180,101.68074366,1745.79450000,51671.60262237,7912.94957600
5,451,0.000000,0.792000,0.00000000,106.72863180,0.00000000,316.04363907,0.00000000,0.00000000,94.69756566,106.72863180,101.68074366,1745.79450000,52020.76152221,7912.94957600
5,452,0.000000,0.803000,0.00000000,106.72863180,0.00000000,321.91547616,0.00000000,0.00000000,94.69756566,106.72863180,101.68074366,1745.79450000,52369.92042205,7912.94957600
5,453,0.000000,0.820000,0.00000000,107.32720193,0.00000000,330.39156336,0.00000000,0.00000000,94.69756566,107.32720193,101.68074366,1745.79450000,52369.92042184,9891.18697000
5,454,0.000000,0.796000,0.00000000,107.32720192,0.00000000,317.58028243,0.00000000,0.00000000,94.69756566,107.32720192,101.68074366,1745.79450000,52369.92042328,9891.18696071
5,455,0.000000,0.722000,0.00000000,2.39428050,0.00000000,383.01175430,0.00000000,0.00000000,0.00000000,2.39428050,0.00000000,0.00000000,50973.28482311,7912.94957600
5,456,0.000000,0.637000,0.00000000,30.97213435,0.00000000,309.06061381,0.00000000,0.00000000,25.00174700,30.97213435,27.15938231,539.40882693,49766.89914983,9891.18697000
5,457,0.000000,0.544000,0.00000000,89.29817159,0.00000000,201.09086294,0.00000000,0.00000000,78.66539600,89.29817159,84.63531998,1492.48099468,49862.74454434,7912.94957600
5,458,0.000000,0.445000,0.00000000,107.32720193,0.00000000,130.21529875,0.00000000,0.00000000,94.69756566,107.32720193,101.68074366,1745.79450000,49862.74454414,9891.18697000
5,459,0.000000,0.368000,0.00000000,106.79561030,0.00000000,89.64403070,0.00000000,0.00000000,94.69756566,106.79561030,101.68074366,1745.79450000,50172.83343467,8134.30940211
5,460,0.000000,0.317000,0.00000000,30.37356422,0.00000000,138.84210480,0.00000000,0.00000000,25.00174700,30.37356422,27.15938231,539.40882693,49315.60666143,7912.94957600
5,461,0.000000,0.305000,0.00000000,89.89674172,0.00000000,72.91328684,0.00000000,0.00000000,78.66539600,89.89674172,84.63531998,1492.48099468,49062.29315590,9891.18697000
5,462,0.015000,0.309000,4.44873962,102.27989218,0.00000000,62.66534986,0.00000000,0.00000000,94.69756566,106.72863180,101.68074366,1745.79450000,49411.45205573,7912.94957600
5,463,0.203000,0.577000,60.20627618,46.52235562,0.00000000,261.48219020,0.00000000,0.00000000,94.69756566,106.72863180,101.68074366,1745.79450000,49760.61095557,7912.94957600
5,464,0.403000,0.654000,106.72863180,0.00000000,12.79417263,349.10740549,0.00000000,0.00000000,94.69756566,106.72863180,101.68074366,1745.79450000,50109.76985541,7912.94957600
5,465,0.568000,0.618000,43.47863956,0.00000000,124.98030068,329.89048408,0.00000000,0.00000000,36.84682300,43.47863956,39.91750131,767.66957627,49480.80383151,7912.94957600
5,466,0.680000,0.580000,106.72863180,0.00000000,94.94756426,309.60595594,0.00000000,0.00000000,94.69756566,106.72863180,101.68074366,1745.79450000,49829.96273135,7912.94957600
5,467,0.740000,0.559000,106.72863180,0.00000000,112.74252274,298.39608512,0.00000000,0.00000000,94.69756566,106.72863180,101.68074366,1745.79450000,50179.12163118,7912.94957600
5,468,0.755000,0.561000,107.32720193,0.00000000,116.59269223,299.46369186,0.00000000,0.00000000,94.69756566,107.32720193,101.68074366,1745.79450000,50179.12163098,9891.18697000
5,469,0.728000,0.575000,106.72863180,0.00000000,109.18353104,306.93693908,0.00000000,0.00000000,94.69756566,106.72863180,101.68074366,1745.79450000,50528.28053081,7912.94957600
5,470,0.659000,0.599000,107.32720193,0.00000000,88.12075867,319.74822001,0.00000000,0.00000000,94.69756566,107.32720193,101.68074366,1745.79450000,50528.28053061,9891.18697000
5,471,0.528000,0.646000,106.72863180,0.00000000,49.86700279,344.83697851,0.00000000,0.00000000,94.69756566,106.72863180,101.68074366,1745.79450000,50877.43943045,7912.94957600
5,472,0.342000,0.737000,101.43126331,5.29736849,0.00000000,388.11571690,0.00000000,0.00000000,94.69756566,106.72863180,101.68074366,1745.79450000,51226.59833028,7912.94957600
5,473,0.153000,0.817000,45.37714411,61.35148769,0.00000000,374.76586749,0.00000000,0.00000000,94.69756566,106.72863180,101.68074366,1745.79450000,51575.75723012,7912.94957600
5,474,0.005000,0.853000,1.48291321,105.84428872,0.00000000,349.48998786,0.00000000,0.00000000,94.69756566,107.32720193,101.68074366,1745.79450000,51575.75722991,9891.18697000
5,475,0.000000,0.869000,0.00000000,107.32720193,0.00000000,356.54792861,0.00000000,0.00000000,94.69756566,107.32720193,101.68074366,1745.79450000,51575.75722971,9891.18697000
5,476,0.000000,0.873000,0.00000000,106.72863180,0.00000000,359.28171222,0.00000000,0.00000000,94.69756566,106.72863180,101.68074366,1745.79450000,51924.91612954,7912.94957600
5,477,0.000000,0.852000,0.00000000,107.32720193,0.00000000,347.47327128,0.00000000,0.00000000,94.69756566,107.32720193,101.68074366,1745.79450000,51924.91612934,9891.18697000
5,478,0.000000,0.792000,0.00000000,89.89674172,0.00000000,332.87552915,0.00000000,0.00000000,78.66539600,89.89674172,84.63531998,1492.48099468,51671.60262381,9891.18697000
5,479,0.000000,0.685000,0.00000000,106.72863180,0.00000000,258.92667823,0.00000000,0.00000000,94.69756566,106.72863180,101.68074366,1745.79450000,52020.76152364,7912.94957600
5,480,0.000000,0.580000,0.00000000,107.32720193,0.00000000,202.27875401,0.00000000,0.00000000,94.69756566,107.32720193,101.68074366,1745.79450000,52020.76152344,9891.18697000
5,481,0.000000,0.497000,0.00000000,106.72863180,0.00000000,158.57164424,0.00000000,0.00000000,94.69756566,106.72863180,101.68074366,1745.79450000,52369.92042328,7912.94957600
5,482,0.000000,0.433000,0.00000000,107.32720193,0.00000000,123.80965828,0.00000000,0.00000000,94.69756566,107.32720193,101.68074366,1745.79450000,52369.92042307,9891.18697000
5,483,0.000000,0.391000,0.00000000,107.32720193,0.00000000,101.38991665,0.00000000,0.00000000,94.69756566,107.32720193,101.68074366,1745.79450000,52369.92042287,9891.18697000
5,484,0.000000,0.339000,0.00000000,107.32720192,0.00000000,73.63214129,0.00000000,0.00000000,94.69756566,107.32720192,101.68074366,1745.79450000,52369.92042369,9891.18696419
5,485,0.000000,0.286000,0.00000000,107.32720193,0.00000000,45.34056255,0.00000000,0.00000000,94.69756566,107.32720193,101.68074366,1745.79450000,52369.92042348,9891.18697000
5,486,0.014000,0.265000,4.15215698,103.17504495,0.00000000,38.28284871,0.00000000,0.00000000,94.69756566,107.32720193,101.68074366,1745.79450000,52369.92042328,9891.18697000
5,487,0.210000,0.506000,62.28235467,45.04484726,0.00000000,225.05965913,0.00000000,0.00000000,94.69756566,107.32720193,101.68074366,1745.79450000,52369.92042307,9891.18697000
5,488,0.411000,0.613000,0.00000000,43.47863956,121.89546556,283.74282766,0.00000000,0.00000000,36.84682300,43.47863956,39.91750131,767.66957627,51740.95439918,7912.94957600
5,489,0.570000,0.605000,107.32720193,0.00000000,61.72490360,322.95104024,0.00000000,0.00000000,94.69756566,107.32720193,101.68074366,1745.79450000,51740.95439897,9891.18697000
5,490,0.679000,0.576000,106.72863180,0.00000000,94.65098162,307.47074245,0.00000000,0.00000000,94.69756566,106.72863180,101.68074366,1745.79450000,52090.11329881,7912.94957600
5,491,0.740000,0.541000,106.84752294,0.00000000,112.62363159,288.78762442,0.00000000,0.00000000,94.69756566,106.84752294,101.68074366,1745.79450000,52369.92042328,8305.87748176
5,492,0.756000,0.523000,107.32720193,0.00000000,116.88927487,279.17916372,0.00000000,0.00000000,94.69756566,107.32720193,101.68074366,1745.79450000,52369.92042307,9891.18697000
5,493,0.730000,0.516000,107.32720193,0.00000000,109.17812620,275.44254011,0.00000000,0.00000000,94.69756566,107.32720193,101.68074366,1745.79450000,52369.92042287,9891.18697000
5,494,0.661000,0.524000,107.32720193,0.00000000,88.71392395,279.71296709,0.00000000,0.00000000,94.69756566,107.32720193,101.68074366,1745.79450000,52369.92042266,9891.18697000
5,495,0.539000,0.549000,89.89674172,0.00000000,69.96130193,293.05805140,0.00000000,0.00000000,78.66539600,89.89674172,84.63531998,1492.48099468,52116.60691713,9891.18697000
5,496,0.367000,0.593000,106.89294149,0.00000000,1.95288786,316.54539978,0.00000000,0.00000000,94.69756566,106.89294149,101.68074366,1745.79450000,52369.92042328,8455.98296802
5,497,0.159000,0.685000,47.15663996,60.17056196,0.00000000,305.48474807,0.00000000,0.00000000,94.69756566,107.32720192,101.68074366,1745.79450000,52369.92042410,9891.18696419
5,498,0.004000,0.778000,1.18633057,106.14087136,0.00000000,309.15815229,0.00000000,0.00000000,94.69756566,107.32720193,101.68074366,1745.79450000,52369.92042389,9891.18697000
5,499,0.000000,0.821000,0.00000000,107.32720193,0.00000000,330.92536674,0.00000000,0.00000000,94.69756566,107.32720193,101.68074366,1745.79450000,52369.92042369,9891.18697000
5,500,0.000000,0.831000,0.00000000,107.32720193,0.00000000,336.26340046,0.00000000,0.00000000,94.69756566,107.32720193,101.68074366,1745.79450000,52369.92042348,9891.18697000
5,501,0.000000,0.827000,0.00000000,107.32720193,0.00000000,334.12818697,0.00000000,0.00000000,94.69756566,107.32720193,101.68074366,1745.79450000,52369.92042328,9891.18697000
5,502,0.000000,0.800000,0.00000000,30.37356422,0.00000000,396.66913362,0.00000000,0.00000000,25.00174700,30.37356422,27.15938231,539.40882693,51512.69365004,7912.94957600
5,503,0.000000,0.737000,0.00000000,106.72863180,0.00000000,286.68445359,0.00000000,0.00000000,94.69756566,106.72863180,101.68074366,1745.79450000,51861.85254987,7912.94957600
5,504,0.000000,0.663000,0.00000000,106.72863180,0.00000000,247.18300404,0.00000000,0.00000000,94.69756566,106.72863180,101.68074366,1745.79450000,52211.01144971,7912.94957600
5,505,0.000000,0.562000,0.00000000,2.39428050,0.00000000,297.60321474,0.00000000,0.00000000,0.00000000,2.39428050,0.00000000,0.00000000,50814.37584955,7912.94957600
5,506,0.000000,0.455000,0.00000000,106.72863180,0.00000000,136.15190260,0.00000000,0.00000000,94.69756566,106.72863180,101.68074366,1745.79450000,51163.53474938,7912.94957600
5,507,0.000000,0.358000,0.00000000,106.72863180,0.00000000,84.37297548,0.00000000,0.00000000,94.69756566,106.72863180,101.68074366,1745.79450000,51512.69364922,7912.94957600
5,508,0.000000,0.285000,0.00000000,106.72863180,0.00000000,45.40532931,0.00000000,0.00000000,94.69756566,106.72863180,101.68074366,1745.79450000,51861.85254905,7912.94957600
5,509,0.000000,0.231000,0.00000000,30.37356422,0.00000000,92.93501478,0.00000000,0.00000000,25.00174700,30.37356422,27.15938231,539.40882693,51004.62577581,7912.94957600
5,510,0.014000,0.192000,4.15215698,102.49024748,0.00000000,0.00000000,0.00000000,0.00000000,94.61825557,106.64240446,101.59642107,1744.54137496,51352.53155061,7912.94957600
5,511,0.202000,0.401000,59.90969354,46.81893827,0.00000000,167.23621403,0.00000000,0.00000000,94.69756566,106.72863180,101.68074366,1745.79450000,51701.69045045,7912.94957600
5,512,0.401000,0.516000,106.72863180,0.00000000,12.20100735,275.44254011,0.00000000,0.00000000,94.69756566,106.72863180,101.68074366,1745.79450000,52050.84935028,7912.94957600
5,513,0.560000,0.485000,107.32720193,0.00000000,58.75907718,258.89463557,0.00000000,0.00000000,94.69756566,107.32720193,101.68074366,1745.79450000,52050.84935008,9891.18697000
5,514,0.670000,0.433000,107.32720193,0.00000000,91.38316772,231.13686021,0.00000000,0.00000000,94.69756566,107.32720193,101.68074366,1745.79450000,52050.84934987,9891.18697000
5,515,0.731000,0.392000,72.94337341,0.00000000,143.85853736,209.25092194,0.00000000,0.00000000,63.67817400,72.94337341,68.65710075,1244.73168631,51898.94543602,7912.94957600
5,516,0.748000,0.376000,107.32720193,0.00000000,114.51661374,200.71006799,0.00000000,0.00000000,94.69756566,107.32720193,101.68074366,1745.79450000,51898.94543582,9891.18697000
5,517,0.704000,0.379000,107.32720193,0.00000000,101.46697752,202.31147810,0.00000000,0.00000000,94.69756566,107.32720193,101.68074366,1745.79450000,51898.94543561,9891.18697000
5,518,0.572000,0.406000,107.32720193,0.00000000,62.31806888,216.72416916,0.00000000,0.00000000,94.69756566,107.32720193,101.68074366,1745.79450000,51898.94543541,9891.18697000
5,519,0.438000,0.466000,107.32720193,0.00000000,22.57599495,248.75237149,0.00000000,0.00000000,94.69756566,107.32720193,101.68074366,1745.79450000,51898.94543520,9891.18697000
5,520,0.297000,0.539000,88.08504446,18.64358734,0.00000000,269.07643033,0.00000000,0.00000000,94.69756566,106.72863180,101.68074366,1745.79450000,52248.10433504,7912.94957600
5,521,0.136000,0.618000,40.33523921,66.99196271,0.00000000,262.89852137,0.00000000,0.00000000,94.69756566,107.32720193,101.68074366,1745.79450000,52248.10433483,9891.18697000
5,522,0.004000,0.684000,1.18633057,106.14087136,0.00000000,258.98063530,0.00000000,0.00000000,94.69756566,107.32720193,101.68074366,1745.79450000,52248.10433463,9891.18697000
5,523,0.000000,0.714000,0.00000000,107.32720193,0.00000000,273.80840590,0.00000000,0.00000000,94.69756566,107.32720193,101.68074366,1745.79450000,52248.10433442,9891.18697000
5,524,0.000000,0.762000,0.00000000,107.32720193,0.00000000,299.43096777,0.00000000,0.00000000,94.69756566,107.32720193,101.68074366,1745.79450000,52248.10433422,9891.18697000
5,525,0.000000,0.777000,0.00000000,107.32720193,0.00000000,307.43801836,0.00000000,0.00000000,94.69756566,107.32720193,101.68074366,1745.79450000,52248.10433401,9891.18697000
5,526,0.000000,0.779000,0.00000000,107.11837015,0.00000000,308.71445687,0.00000000,0.00000000,94.69756566,107.11837015,101.68074366,1745.79450000,52369.92042328,9201.01082570
5,527,0.000000,0.722000,0.00000000,73.28153160,0.00000000,312.12450321,0.00000000,0.00000000,63.67817400,73.28153160,68.65710075,1244.73168631,52020.76152426,9030.54155993
5,528,0.000000,0.628000,0.00000000,107.32720193,0.00000000,227.90131588,0.00000000,0.00000000,94.69756566,107.32720193,101.68074366,1745.79450000,52020.76152405,9891.18697000
5,529,0.000000,0.529000,0.00000000,107.32720193,0.00000000,175.05478202,0.00000000,0.00000000,94.69756566,107.32720193,101.68074366,1745.79450000,52020.76152385,9891.18697000
5,530,0.000000,0.407000,0.00000000,107.32720193,0.00000000,109.93077060,0.00000000,0.00000000,94.69756566,107.32720193,101.68074366,1745.79450000,52020.76152364,9891.18697000
5,531,0.000000,0.323000,0.00000000,107.32720193,0.00000000,65.09128733,0.00000000,0.00000000,94.69756566,107.32720193,101.68074366,1745.79450000,52020.76152344,9891.18697000
5,532,0.000000,0.265000,0.00000000,106.72863180,0.00000000,34.72926186,0.00000000,0.00000000,94.69756566,106.72863180,101.68074366,1745.79450000,52369.92042328,7912.94957600
5,533,0.000000,0.221000,0.00000000,107.32720193,0.00000000,10.64334335,0.00000000,0.00000000,94.69756566,107.32720193,101.68074366,1745.79450000,52369.92042307,9891.18697000
5,534,0.011000,0.212000,3.26240905,104.06479287,0.00000000,9.10152206,0.00000000,0.00000000,94.69756566,107.32720193,101.68074366,1745.79450000,52369.92042287,9891.18697000
5,535,0.187000,0.425000,55.46095392,51.86624801,0.00000000,175.00018522,0.00000000,0.00000000,94.69756566,107.32720193,101.68074366,1745.79450000,52369.92042266,9891.18697000
5,536,0.395000,0.479000,107.32720193,0.00000000,9.82294137,255.69181533,0.00000000,0.00000000,94.69756566,107.32720193,101.68074366,1745.79450000,52369.92042246,9891.18697000
5,537,0.560000,0.430000,107.32720192,0.00000000,58.75907718,229.53545009,0.00000000,0.00000000,94.69756566,107.32720192,101.68074366,1745.79450000,52369.92042328,9891.18696419
5,538,0.667000,0.386000,107.32720193,0.00000000,90.49341980,206.04810171,0.00000000,0.00000000,94.69756566,107.32720193,101.68074366,1745.79450000,52369.92042307,9891.18697000
5,539,0.727000,0.355000,107.32720193,0.00000000,108.28837827,189.50019717,0.00000000,0.00000000,94.69756566,107.32720193,101.68074366,1745.79450000,52369.92042287,9891.18697000
5,540,0.747000,0.343000,107.32720193,0.00000000,114.22003110,183.09455670,0.00000000,0.00000000,94.69756566,107.32720193,101.68074366,1745.79450000,52369.92042266,9891.18697000
5,541,0.706000,0.337000,107.32720193,0.00000000,102.06014281,179.89173647,0.00000000,0.00000000,94.69756566,107.32720193,101.68074366,1745.79450000,52369.92042246,9891.18697000
5,542,0.600000,0.341000,107.32720192,0.00000000,70.62238283,182.02694996,0.00000000,0.00000000,94.69756566,107.32720192,101.68074366,1745.79450000,52369.92042328,9891.18696419
5,543,0.434000,0.354000,107.32720193,0.00000000,21.38966438,188.96639380,0.00000000,0.00000000,94.69756566,107.32720193,101.68074366,1745.79450000,52369.92042307,9891.18697000
5,544,0.304000,0.385000,90.16112294,17.16607898,0.00000000,188.34821936,0.00000000,0.00000000,94.69756566,107.32720193,101.68074366,1745.79450000,52369.92042287,9891.18697000
5,545,0.140000,0.447000,41.52156978,65.80563215,0.00000000,172.80447527,0.00000000,0.00000000,94.69756566,107.32720193,101.68074366,1745.79450000,52369.92042266,9891.18697000
5,546,0.001000,0.550000,0.29658264,107.03061928,0.00000000,186.56123548,0.00000000,0.00000000,94.69756566,107.32720192,101.68074366,1745.79450000,52369.92042328,9891.18696535
5,547,0.000000,0.639000,0.00000000,89.46248128,0.00000000,251.63787363,0.00000000,0.00000000,78.66539600,89.46248128,84.63531998,1492.48099468,52369.92042389,8455.98296918
5,548,0.000000,0.740000,0.00000000,107.32720193,0.00000000,287.68729358,0.00000000,0.00000000,94.69756566,107.32720193,101.68074366,1745.79450000,52369.92042369,9891.18697000
5,549,0.000000,0.808000,0.00000000,107.32720193,0.00000000,323.98592290,0.00000000,0.00000000,94.69756566,107.32720193,101.68074366,1745.79450000,52369.92042348,9891.18697000
5,550,0.000000,0.799000,0.00000000,107.32720193,0.00000000,319.18169255,0.00000000,0.00000000,94.69756566,107.32720193,101.68074366,1745.79450000,52369.92042328,9891.18697000
5,551,0.000000,0.748000,0.00000000,107.32720193,0.00000000,291.95772056,0.00000000,0.00000000,94.69756566,107.32720193,101.68074366,1745.79450000,52369.92042307,9891.18697000
5,552,0.000000,0.669000,0.00000000,2.99285063,0.00000000,354.12160545,0.00000000,0.00000000,0.00000000,2.99285063,0.00000000,0.00000000,50624.12592287,9891.18697000
5,553,0.000000,0.574000,0.00000000,107.32720193,0.00000000,199.07593378,0.00000000,0.00000000,94.69756566,107.32720193,101.68074366,1745.79450000,50624.12592266,9891.18697000
5,554,0.000000,0.489000,0.00000000,107.32720193,0.00000000,153.70264713,0.00000000,0.00000000,94.69756566,107.32720193,101.68074366,1745.79450000,50624.12592246,9891.18697000
5,555,0.000000,0.407000,0.00000000,107.32720193,0.00000000,109.93077060,0.00000000,0.00000000,94.69756566,107.32720193,101.68074366,1745.79450000,50624.12592225,9891.18697000
5,556,0.000000,0.335000,0.00000000,106.72863180,0.00000000,72.09549792,0.00000000,0.00000000,94.69756566,106.72863180,101.68074366,1745.79450000,50973.28482209,7912.94957600
5,557,0.000000,0.300000,0.00000000,58.26858481,0.00000000,101.87242688,0.00000000,0.00000000,49.73928100,58.26858481,53.75120360,1002.98064984,50230.47097172,9891.18697000
5,558,0.011000,0.332000,3.26240905,104.06479287,0.00000000,73.15792673,0.00000000,0.00000000,94.69756566,107.32720193,101.68074366,1745.79450000,50230.47097151,9891.18697000
5,559,0.176000,0.596000,52.19854486,54.53008694,0.00000000,263.61672296,0.00000000,0.00000000,94.69756566,106.72863180,101.68074366,1745.79450000,50579.62987135,7912.94957600
5,560,0.313000,0.673000,89.89674172,0.00000000,2.93362500,359.24966956,0.00000000,0.00000000,78.66539600,89.89674172,84.63531998,1492.48099468,50326.31636582,9891.18697000
5,561,0.396000,0.635000,106.72863180,0.00000000,10.71809414,338.96514141,0.00000000,0.00000000,94.69756566,106.72863180,101.68074366,1745.79450000,50675.47526566,7912.94957600
5,562,0.522000,0.593000,30.97213435,0.00000000,123.84400439,316.54539978,0.00000000,0.00000000,25.00174700,30.97213435,27.15938231,539.40882693,49469.08959238,9891.18697000
5,563,0.578000,0.556000,107.32720193,0.00000000,64.09756473,296.79467500,0.00000000,0.00000000,94.69756566,107.32720193,101.68074366,1745.79450000,49469.08959217,9891.18697000
5,564,0.588000,0.511000,107.32720193,0.00000000,67.06339114,272.77352325,0.00000000,0.00000000,94.69756566,107.32720193,101.68074366,1745.79450000,49469.08959197,9891.18697000
5,565,0.521000,0.466000,107.32720193,0.00000000,47.19235417,248.75237149,0.00000000,0.00000000,94.69756566,107.32720193,101.68074366,1745.79450000,49469.08959176,9891.18697000
5,566,0.375000,0.429000,106.72863180,0.00000000,4.48985867,229.00164672,0.00000000,0.00000000,94.69756566,106.72863180,101.68074366,1745.79450000,49818.24849160,7912.94957600
5,567,0.229000,0.395000,67.91742485,39.40977708,0.00000000,171.44255498,0.00000000,0.00000000,94.69756566,107.32720193,101.68074366,1745.79450000,49818.24849139,9891.18697000
5,568,0.129000,0.359000,38.25916072,34.68421269,0.00000000,156.95119797,0.00000000,0.00000000,63.67817400,72.94337341,68.65710075,1244.73168631,49666.34457754,7912.94957600
5,569,0.050000,0.352000,14.82913206,92.17215742,0.00000000,95.72662963,0.00000000,0.00000000,94.69756566,107.00128949,101.68074366,1745.79450000,49856.45635193,8814.06643406
5,570,0.000000,0.370000,0.00000000,44.07720969,0.00000000,153.43003807,0.00000000,0.00000000,36.84682300,44.07720969,39.91750131,767.66957627,48878.33142799,9891.18697000
5,571,0.000000,0.380000,0.00000000,107.32720193,0.00000000,95.51807955,0.00000000,0.00000000,94.69756566,107.32720193,101.68074366,1745.79450000,48878.33142779,9891.18697000
5,572,0.000000,0.401000,0.00000000,106.72863180,0.00000000,107.32652049,0.00000000,0.00000000,94.69756566,106.72863180,101.68074366,1745.79450000,49227.49032762,7912.94957600
5,573,0.000000,0.422000,0.00000000,106.72863180,0.00000000,118.53639131,0.00000000,0.00000000,94.69756566,106.72863180,101.68074366,1745.79450000,49576.64922746,7912.94957600
5,574,0.000000,0.443000,0.00000000,106.72863180,0.00000000,129.74626213,0.00000000,0.00000000,94.69756566,106.72863180,101.68074366,1745.79450000,49925.80812729,7912.94957600
5,575,0.000000,0.467000,0.00000000,106.72863180,0.00000000,142.55754307,0.00000000,0.00000000,94.69756566,106.72863180,101.68074366,1745.79450000,50274.96702713,7912.94957600
5,576,0.000000,0.462000,0.00000000,106.72863180,0.00000000,139.88852620,0.00000000,0.00000000,94.69756566,106.72863180,101.68074366,1745.79450000,50624.12592697,7912.94957600
5,577,0.000000,0.422000,0.00000000,106.72863180,0.00000000,118.53639131,0.00000000,0.00000000,94.69756566,106.72863180,101.68074366,1745.79450000,50973.28482680,7912.94957600
5,578,0.000000,0.367000,0.00000000,107.32720193,0.00000000,88.57863571,0.00000000,0.00000000,94.69756566,107.32720193,101.68074366,1745.79450000,50973.28482660,9891.18697000
5,579,0.000000,0.317000,0.00000000,106.72863180,0.00000000,62.48703722,0.00000000,0.00000000,94.69756566,106.72863180,101.68074366,1745.79450000,51322.44372643,7912.94957600
5,580,0.000000,0.298000,0.00000000,106.72863180,0.00000000,52.34477315,0.00000000,0.00000000,94.69756566,106.72863180,101.68074366,1745.79450000,51671.60262627,7912.94957600
5,581,0.000000,0.291000,0.00000000,107.32720193,0.00000000,48.00957942,0.00000000,0.00000000,94.69756566,107.32720193,101.68074366,1745.79450000,51671.60262606,9891.18697000
5,582,0.000000,0.270000,0.00000000,106.72863180,0.00000000,37.39827872,0.00000000,0.00000000,94.69756566,106.72863180,101.68074366,1745.79450000,52020.76152590,7912.94957600
5,583,0.065000,0.382000,19.27787168,88.04933024,0.00000000,115.86355798,0.00000000,0.00000000,94.69756566,107.32720193,101.68074366,1745.79450000,52020.76152569,9891.18697000
5,584,0.188000,0.590000,2.99285063,0.00000000,52.76468593,314.94398966,0.00000000,0.00000000,0.00000000,2.99285063,0.00000000,0.00000000,50274.96702549,9891.18697000
5,585,0.318000,0.659000,94.31327992,13.01392200,0.00000000,338.76250035,0.00000000,0.00000000,94.69756566,107.32720193,101.68074366,1745.79450000,50274.96702528,9891.18697000
5,586,0.439000,0.666000,106.72863180,0.00000000,23.47114771,355.51304596,0.00000000,0.00000000,94.69756566,106.72863180,101.68074366,1745.79450000,50624.12592512,7912.94957600
5,587,0.553000,0.664000,106.72863180,0.00000000,57.28156882,354.44543921,0.00000000,0.00000000,94.69756566,106.72863180,101.68074366,1745.79450000,50973.28482496,7912.94957600
5,588,0.634000,0.668000,107.32720193,0.00000000,80.70619264,356.58065270,0.00000000,0.00000000,94.69756566,107.32720193,101.68074366,1745.79450000,50973.28482475,9891.18697000
5,589,0.655000,0.658000,107.32720193,0.00000000,86.93442810,351.24261898,0.00000000,0.00000000,94.69756566,107.32720193,101.68074366,1745.79450000,50973.28482455,9891.18697000
5,590,0.588000,0.656000,106.72863180,0.00000000,67.66196126,350.17501223,0.00000000,0.00000000,94.69756566,106.72863180,101.68074366,1745.79450000,51322.44372438,7912.94957600
5,591,0.466000,0.665000,106.72863180,0.00000000,31.47887903,354.97924258,0.00000000,0.00000000,94.69756566,106.72863180,101.68074366,1745.79450000,51671.60262422,7912.94957600
5,592,0.306000,0.684000,90.75428823,15.97434357,0.00000000,349.14716308,0.00000000,0.00000000,94.69756566,106.72863180,101.68074366,1745.79450000,52020.76152405,7912.94957600
5,593,0.132000,0.719000,39.14890865,68.17829328,0.00000000,315.62633141,0.00000000,0.00000000,94.69756566,107.32720193,101.68074366,1745.79450000,52020.76152385,9891.18697000
5,594,0.003000,0.732000,0.88974792,106.43745400,0.00000000,284.30661453,0.00000000,0.00000000,94.69756566,107.32720193,101.68074366,1745.79450000,52020.76152364,9891.18697000
5,595,0.000000,0.725000,0.00000000,107.32720193,0.00000000,279.68024300,0.00000000,0.00000000,94.69756566,107.32720193,101.68074366,1745.79450000,52020.76152344,9891.18697000
5,596,0.000000,0.762000,0.00000000,106.72863180,0.00000000,300.02953790,0.00000000,0.00000000,94.69756566,106.72863180,101.68074366,1745.79450000,52369.92042328,7912.94957600
5,597,0.000000,0.780000,0.00000000,107.32720193,0.00000000,309.03942847,0.00000000,0.00000000,94.69756566,107.32720193,101.68074366,1745.79450000,52369.92042307,9891.18697000
5,598,0.000000,0.718000,0.00000000,107.32720193,0.00000000,275.94361939,0.00000000,0.00000000,94.69756566,107.32720193,101.68074366,1745.79450000,52369.92042328,9891.18696768
5,599,0.000000,0.629000,0.00000000,2.99285063,0.00000000,332.76947055,0.00000000,0.00000000,0.00000000,2.99285063,0.00000000,0.00000000,50624.12592307,9891.18697000
5,600,0.000000,0.533000,0.00000000,107.32720193,0.00000000,177.18999551,0.00000000,0.00000000,94.69756566,107.32720193,101.68074366,1745.79450000,50624.12592287,9891.18697000
5,601,0.000000,0.432000,0.00000000,107.32720193,0.00000000,123.27585491,0.00000000,0.00000000,94.69756566,107.32720193,101.68074366,1745.79450000,50624.12592266,9891.18697000
5,602,0.000000,0.359000,0.00000000,107.32720193,0.00000000,84.30820873,0.00000000,0.00000000,94.69756566,107.32720193,101.68074366,1745.79450000,50624.12592246,9891.18697000
5,603,0.000000,0.291000,0.00000000,106.72863180,0.00000000,48.60814954,0.00000000,0.00000000,94.69756566,106.72863180,101.68074366,1745.79450000,50973.28482229,7912.94957600
5,604,0.000000,0.282000,0.00000000,106.72863180,0.00000000,43.80391919,0.00000000,0.00000000,94.69756566,106.72863180,101.68074366,1745.79450000,51322.44372213,7912.94957600
5,605,0.000000,0.311000,0.00000000,107.32720193,0.00000000,58.68564686,0.00000000,0.00000000,94.69756566,107.32720193,101.68074366,1745.79450000,51322.44372192,9891.18697000
5,606,0.010000,0.335000,2.96582641,104.36137551,0.00000000,74.46275421,0.00000000,0.00000000,94.69756566,107.32720193,101.68074366,1745.79450000,51322.44372172,9891.18697000
5,607,0.169000,0.561000,2.99285063,0.00000000,47.12961575,299.46369186,0.00000000,0.00000000,0.00000000,2.99285063,0.00000000,0.00000000,49576.64922151,9891.18697000
5,608,0.347000,0.706000,89.89674172,0.00000000,13.01743480,376.86518085,0.00000000,0.00000000,78.66539600,89.89674172,84.63531998,1492.48099468,49323.33571598,9891.18697000
5,609,0.491000,0.700000,106.72863180,0.00000000,38.89344506,373.66236061,0.00000000,0.00000000,94.69756566,106.72863180,101.68074366,1745.79450000,49672.49461582,7912.94957600
5,610,0.597000,0.658000,106.72863180,0.00000000,70.33120503,351.24261898,0.00000000,0.00000000,94.69756566,106.72863180,101.68074366,1745.79450000,50021.65351566,7912.94957600
5,611,0.676000,0.618000,107.32720193,0.00000000,93.16266357,329.89048408,0.00000000,0.00000000,94.69756566,107.32720193,101.68074366,1745.79450000,50021.65351545,9891.18697000
5,612,0.717000,0.601000,106.72863180,0.00000000,105.92112199,320.81582676,0.00000000,0.00000000,94.69756566,106.72863180,101.68074366,1745.79450000,50370.81241529,7912.94957600
5,613,0.708000,0.604000,106.72863180,0.00000000,103.25187821,322.41723687,0.00000000,0.00000000,94.69756566,106.72863180,101.68074366,1745.79450000,50719.97131512,7912.94957600
5,614,0.640000,0.627000,106.72863180,0.00000000,83.08425861,334.69471444,0.00000000,0.00000000,94.69756566,106.72863180,101.68074366,1745.79450000,51069.13021496,7912.94957600
5,615,0.511000,0.679000,106.72863180,0.00000000,44.82509789,362.45248980,0.00000000,0.00000000,94.69756566,106.72863180,101.68074366,1745.79450000,51418.28911479,7912.94957600
5,616,0.319000,0.737000,2.39428050,0.00000000,92.21558206,393.41308539,0.00000000,0.00000000,0.00000000,2.39428050,0.00000000,0.00000000,50021.65351463,7912.94957600
5,617,0.134000,0.778000,30.97213435,0.00000000,8.76993958,415.29902365,0.00000000,0.00000000,25.00174700,30.97213435,27.15938231,539.40882693,48815.26784135,9891.18697000
5,618,0.002000,0.795000,0.59316528,106.73403664,0.00000000,317.63964434,0.00000000,0.00000000,94.69756566,107.32720193,101.68074366,1745.79450000,48815.26784115,9891.18697000
5,619,0.000000,0.800000,0.00000000,106.72863180,0.00000000,320.31406604,0.00000000,0.00000000,94.69756566,106.72863180,101.68074366,1745.79450000,49164.42674098,7912.94957600
5,620,0.000000,0.841000,0.00000000,106.72863180,0.00000000,342.20000431,0.00000000,0.00000000,94.69756566,106.72863180,101.68074366,1745.79450000,49513.58564082,7912.94957600
5,621,0.000000,0.858000,0.00000000,107.32720193,0.00000000,350.67609151,0.00000000,0.00000000,94.69756566,107.32720193,101.68074366,1745.79450000,49513.58564061,9891.18697000
5,622,0.000000,0.838000,0.00000000,107.32720193,0.00000000,340.00002407,0.00000000,0.00000000,94.69756566,107.32720193,101.68074366,1745.79450000,49513.58564041,9891.18697000
5,623,0.000000,0.786000,0.00000000,106.72863180,0.00000000,312.84081883,0.00000000,0.00000000,94.69756566,106.72863180,101.68074366,1745.79450000,49862.74454024,7912.94957600
5,624,0.000000,0.715000,0.00000000,57.67001469,0.00000000,323.99939651,0.00000000,0.00000000,49.73928100,57.67001469,53.75120360,1002.98064984,49469.08958992,7912.94957600
5,625,0.000000,0.625000,0.00000000,107.32720193,0.00000000,226.29990577,0.00000000,0.00000000,94.69756566,107.32720193,101.68074366,1745.79450000,49469.08958971,9891.18697000
5,626,0.000000,0.532000,0.00000000,107.32720193,0.00000000,176.65619214,0.00000000,0.00000000,94.69756566,107.32720193,101.68074366,1745.79450000,49469.08958951,9891.18697000
5,627,0.000000,0.447000,0.00000000,89.29817159,0.00000000,149.31193583,0.00000000,0.00000000,78.66539600,89.29817159,84.63531998,1492.48099468,49564.93498402,7912.94957600
5,628,0.000000,0.401000,0.00000000,73.54194353,0.00000000,140.51320876,0.00000000,0.00000000,63.67817400,73.54194353,68.65710075,1244.73168631,49063.87217012,9891.18697000
5,629,0.000000,0.358000,0.00000000,106.72863180,0.00000000,84.37297548,0.00000000,0.00000000,94.69756566,106.72863180,101.68074366,1745.79450000,49413.03106996,7912.94957600
5,630,0.010000,0.330000,2.96582641,103.76280539,0.00000000,72.39230747,0.00000000,0.00000000,94.69756566,106.72863180,101.68074366,1745.79450000,49762.18996980,7912.94957600
5,631,0.181000,0.596000,53.68145807,53.64574386,0.00000000,264.50106604,0.00000000,0.00000000,94.69756566,107.32720193,101.68074366,1745.79450000,49762.18996959,9891.18697000
5,632,0.370000,0.757000,106.72863180,0.00000000,3.00694547,404.08915284,0.00000000,0.00000000,94.69756566,106.72863180,101.68074366,1745.79450000,50111.34886943,7912.94957600
5,633,0.523000,0.773000,107.32720193,0.00000000,47.78551946,412.63000679,0.00000000,0.00000000,94.69756566,107.32720193,101.68074366,1745.79450000,50111.34886922,9891.18697000
5,634,0.638000,0.759000,107.32720193,0.00000000,81.89252320,405.15675958,0.00000000,0.00000000,94.69756566,107.32720193,101.68074366,1745.79450000,50111.34886902,9891.18697000
5,635,0.710000,0.746000,107.32720193,0.00000000,103.24647337,398.21731574,0.00000000,0.00000000,94.69756566,107.32720193,101.68074366,1745.79450000,50111.34886881,9891.18697000
5,636,0.732000,0.739000,107.32720193,0.00000000,109.77129148,394.48069213,0.00000000,0.00000000,94.69756566,107.32720193,101.68074366,1745.79450000,50111.34886861,9891.18697000
5,637,0.711000,0.728000,107.32720193,0.00000000,103.54305601,388.60885504,0.00000000,0.00000000,94.69756566,107.32720193,101.68074366,1745.79450000,50111.34886840,9891.18697000
5,638,0.651000,0.725000,107.32720193,0.00000000,85.74809754,387.00744492,0.00000000,0.00000000,94.69756566,107.32720193,101.68074366,1745.79450000,50111.34886820,9891.18697000
5,639,0.542000,0.742000,107.32720193,0.00000000,53.42058964,396.08210225,0.00000000,0.00000000,94.69756566,107.32720193,101.68074366,1745.79450000,50111.34886799,9891.18697000
5,640,0.386000,0.770000,107.32720193,0.00000000,7.15369760,411.02859668,0.00000000,0.00000000,94.69756566,107.32720193,101.68074366,1745.79450000,50111.34886779,9891.18697000
5,641,0.187000,0.809000,55.46095392,51.86624801,0.00000000,379.98068019,0.00000000,0.00000000,94.69756566,107.32720193,101.68074366,1745.79450000,50111.34886758,9891.18697000
5,642,0.007000,0.839000,2.07607849,105.25112344,0.00000000,342.60990593,0.00000000,0.00000000,94.69756566,107.32720193,101.68074366,1745.79450000,50111.34886738,9891.18697000
5,643,0.000000,0.863000,0.00000000,107.32720193,0.00000000,353.34510837,0.00000000,0.00000000,94.69756566,107.32720193,101.68074366,1745.79450000,50111.34886717,9891.18697000
5,644,0.000000,0.886000,0.00000000,107.32720193,0.00000000,365.62258594,0.00000000,0.00000000,94.69756566,107.32720193,101.68074366,1745.79450000,50111.34886697,9891.18697000
5,645,0.000000,0.871000,0.00000000,107.32720193,0.00000000,357.61553535,0.00000000,0.00000000,94.69756566,107.32720193,101.68074366,1745.79450000,50111.34886676,9891.18697000
5,646,0.000000,0.840000,0.00000000,89.89674197,0.00000000,358.49809076,0.00000000,0.00000000,78.66539600,89.89674197,84.63532017,1492.48104146,49858.03540801,9891.18697000
5,647,0.000000,0.799000,0.00000000,2.99285063,0.00000000,423.51604385,0.00000000,0.00000000,0.00000000,2.99285063,0.00000000,0.00000000,48112.24090781,9891.18697000
5,648,0.000000,0.728000,0.00000000,2.99285063,0.00000000,385.61600441,0.00000000,0.00000000,0.00000000,2.99285063,0.00000000,0.00000000,46366.44640760,9891.18697000
5,649,0.000000,0.653000,0.00000000,2.99285063,0.00000000,345.58075149,0.00000000,0.00000000,0.00000000,2.99285063,0.00000000,0.00000000,44620.65190740,9891.18697000
5,650,0.000000,0.552000,0.00000000,89.89674197,0.00000000,204.76271954,0.00000000,0.00000000,78.66539600,89.89674197,84.63532017,1492.48104146,44367.33844865,9891.18697000
5,651,0.000000,0.490000,0.00000000,89.89674197,0.00000000,171.66691046,0.00000000,0.00000000,78.66539600,89.89674197,84.63532017,1492.48104146,44114.02498990,9891.18697000
5,652,0.000000,0.459000,0.00000000,89.89674197,0.00000000,155.11900591,0.00000000,0.00000000,78.66539600,89.89674197,84.63532017,1492.48104146,43860.71153115,9891.18697000
5,653,0.000000,0.433000,0.00000000,89.89674197,0.00000000,141.24011823,0.00000000,0.00000000,78.66539600,89.89674197,84.63532017,1492.48104146,43607.39807240,9891.18697000
5,654,0.013000,0.414000,3.85557434,103.47162759,0.00000000,117.52296855,0.00000000,0.00000000,94.69756566,107.32720193,101.68074366,1745.79450000,43607.39807220,9891.18697000
5,655,0.207000,0.674000,61.39260674,45.93459518,0.00000000,313.84887775,0.00000000,0.00000000,94.69756566,107.32720193,101.68074366,1745.79450000,43607.39807199,9891.18697000
5,656,0.408000,0.829000,107.32720193,0.00000000,13.67851571,442.52299564,0.00000000,0.00000000,94.69756566,107.32720193,101.68074366,1745.79450000,43607.39807179,9891.18697000
5,657,0.562000,0.827000,107.32720193,0.00000000,59.35224247,441.45538890,0.00000000,0.00000000,94.69756566,107.32720193,101.68074366,1745.79450000,43607.39807158,9891.18697000
5,658,0.667000,0.792000,0.00000000,89.89674197,197.82062172,332.87552889,0.00000000,0.00000000,78.66539600,89.89674197,84.63532017,1492.48104146,43354.08461283,9891.18697000
5,659,0.730000,0.748000,107.32720193,0.00000000,109.17812620,399.28492248,0.00000000,0.00000000,94.69756566,107.32720193,101.68074366,1745.79450000,43354.08461263,9891.18697000
5,660,0.745000,0.707000,107.32720193,0.00000000,113.62686582,377.39898422,0.00000000,0.00000000,94.69756566,107.32720193,101.68074366,1745.79450000,43354.08461242,9891.18697000
5,661,0.714000,0.676000,107.32720193,0.00000000,104.43280394,360.85107968,0.00000000,0.00000000,94.69756566,107.32720193,101.68074366,1745.79450000,43354.08461222,9891.18697000
5,662,0.636000,0.661000,89.89674197,0.00000000,98.72981787,352.84402909,0.00000000,0.00000000,78.66539600,89.89674197,84.63532017,1492.48104146,43100.77115347,9891.18697000
5,663,0.511000,0.669000,2.99285063,0.00000000,148.56087906,357.11445607,0.00000000,0.00000000,0.00000000,2.99285063,0.00000000,0.00000000,41354.97665326,9891.18697000
5,664,0.351000,0.698000,104.10050708,3.22669484,0.00000000,369.36805903,0.00000000,0.00000000,94.69756566,107.32720193,101.68074366,1745.79450000,41354.97665306,9891.18697000
5,665,0.160000,0.762000,47.45322260,59.87397932,0.00000000,346.88419037,0.00000000,0.00000000,94.69756566,107.32720193,101.68074366,1745.79450000,41354.97665285,9891.18697000
5,666,0.005000,0.803000,1.48291321,105.84428872,0.00000000,322.79981924,0.00000000,0.00000000,94.69756566,107.32720193,101.68074366,1745.79450000,41354.97665265,9891.18697000
5,667,0.000000,0.844000,0.00000000,107.32720193,0.00000000,343.20284430,0.00000000,0.00000000,94.69756566,107.32720193,101.68074366,1745.79450000,41354.97665244,9891.18697000
5,668,0.000000,0.893000,0.00000000,107.32720193,0.00000000,369.35920954,0.00000000,0.00000000,94.69756566,107.32720193,101.68074366,1745.79450000,41354.97665224,9891.18697000
5,669,0.000000,0.906000,0.00000000,107.32720193,0.00000000,376.29865338,0.00000000,0.00000000,94.69756566,107.32720193,101.68074366,1745.79450000,41354.97665203,9891.18697000
5,670,0.000000,0.896000,0.00000000,107.32720193,0.00000000,370.96061966,0.00000000,0.00000000,94.69756566,107.32720193,101.68074366,1745.79450000,41354.97665183,9891.18697000
5,671,0.000000,0.875000,0.00000000,89.89674197,0.00000000,377.18120879,0.00000000,0.00000000,78.66539600,89.89674197,84.63532017,1492.48104146,41101.66319308,9891.18697000
5,672,0.000000,0.850000,0.00000000,89.89674197,0.00000000,363.83612449,0.00000000,0.00000000,78.66539600,89.89674197,84.63532017,1492.48104146,40848.34973433,9891.18697000
5,673,0.000000,0.812000,0.00000000,2.99285063,0.00000000,430.45548769,0.00000000,0.00000000,0.00000000,2.99285063,0.00000000,0.00000000,39102.55523412,9891.18697000
5,674,0.000000,0.751000,0.00000000,2.99285063,0.00000000,397.89348198,0.00000000,0.00000000,0.00000000,2.99285063,0.00000000,0.00000000,37356.76073392,9891.18697000
5,675,0.000000,0.683000,0.00000000,89.89674197,0.00000000,274.69096131,0.00000000,0.00000000,78.66539600,89.89674197,84.63532017,1492.48104146,37103.44727517,9891.18697000
5,676,0.000000,0.592000,0.00000000,107.32720193,0.00000000,208.68439448,0.00000000,0.00000000,94.69756566,107.32720193,101.68074366,1745.79450000,37103.44727497,9891.18697000
5,677,0.000000,0.501000,0.00000000,107.32720193,0.00000000,160.10828760,0.00000000,0.00000000,94.69756566,107.32720193,101.68074366,1745.79450000,37103.44727476,9891.18697000
5,678,0.012000,0.414000,3.55899170,103.76821023,0.00000000,117.22638590,0.00000000,0.00000000,94.69756566,107.32720193,101.68074366,1745.79450000,37103.44727456,9891.18697000
5,679,0.190000,0.619000,56.35070184,50.97650009,0.00000000,279.44778737,0.00000000,0.00000000,94.69756566,107.32720193,101.68074366,1745.79450000,37103.44727435,9891.18697000
5,680,0.387000,0.710000,107.32720193,0.00000000,7.45028024,379.00039434,0.00000000,0.00000000,94.69756566,107.32720193,101.68074366,1745.79450000,37103.44727415,9891.18697000
5,681,0.544000,0.636000,89.89674197,0.00000000,71.44421487,339.49894479,0.00000000,0.00000000,78.66539600,89.89674197,84.63532017,1492.48104146,36850.13381540,9891.18697000
5,682,0.653000,0.517000,89.89674197,0.00000000,103.77172277,275.97634348,0.00000000,0.00000000,78.66539600,89.89674197,84.63532017,1492.48104146,36596.82035665,9891.18697000
5,683,0.720000,0.416000,107.32720193,0.00000000,106.21229979,222.06220288,0.00000000,0.00000000,94.69756566,107.32720193,101.68074366,1745.79450000,36596.82035644,9891.18697000
5,684,0.744000,0.351000,89.89674197,0.00000000,130.76074313,187.36498368,0.00000000,0.00000000,78.66539600,89.89674197,84.63532017,1492.48104146,36343.50689769,9891.18697000
5,685,0.724000,0.324000,89.89674197,0.00000000,124.82909030,172.95229263,0.00000000,0.00000000,78.66539600,89.89674197,84.63532017,1492.48104146,36090.19343894,9891.18697000
5,686,0.658000,0.336000,89.89674197,0.00000000,105.25463598,179.35793309,0.00000000,0.00000000,78.66539600,89.89674197,84.63532017,1492.48104146,35836.87998020,9891.18697000
5,687,0.539000,0.379000,89.89674197,0.00000000,69.96130167,202.31147810,0.00000000,0.00000000,78.66539600,89.89674197,84.63532017,1492.48104146,35583.56652145,9891.18697000
5,688,0.367000,0.449000,89.89674197,0.00000000,18.94908737,239.67771417,0.00000000,0.00000000,78.66539600,89.89674197,84.63532017,1492.48104146,35330.25306270,9891.18697000
5,689,0.153000,0.559000,45.37714411,44.51959786,0.00000000,253.87648726,0.00000000,0.00000000,78.66539600,89.89674197,84.63532017,1492.48104146,35076.93960395,9891.18697000
5,690,0.005000,0.676000,1.48291321,88.41382877,0.00000000,272.43725091,0.00000000,0.00000000,78.66539600,89.89674197,84.63532017,1492.48104146,34823.62614520,9891.18697000
5,691,0.000000,0.701000,0.00000000,107.32720193,0.00000000,266.86896206,0.00000000,0.00000000,94.69756566,107.32720193,101.68074366,1745.79450000,34823.62614499,9891.18697000
5,692,0.000000,0.701000,0.00000000,89.89674197,0.00000000,284.29942201,0.00000000,0.00000000,78.66539600,89.89674197,84.63532017,1492.48104146,34570.31268625,9891.18697000
5,693,0.000000,0.704000,0.00000000,107.32720193,0.00000000,268.47037218,0.00000000,0.00000000,94.69756566,107.32720193,101.68074366,1745.79450000,34570.31268604,9891.18697000
5,694,0.000000,0.724000,0.00000000,89.89674197,0.00000000,296.57689957,0.00000000,0.00000000,78.66539600,89.89674197,84.63532017,1492.48104146,34316.99922729,9891.18697000
5,695,0.000000,0.737000,0.00000000,107.32720193,0.00000000,286.08588346,0.00000000,0.00000000,94.69756566,107.32720193,101.68074366,1745.79450000,34316.99922709,9891.18697000
5,696,0.000000,0.678000,0.00000000,107.32720193,0.00000000,254.59148450,0.00000000,0.00000000,94.69756566,107.32720193,101.68074366,1745.79450000,34316.99922688,9891.18697000
5,697,0.000000,0.626000,0.00000000,107.32720193,0.00000000,226.83370914,0.00000000,0.00000000,94.69756566,107.32720193,101.68074366,1745.79450000,34316.99922668,9891.18697000
5,698,0.000000,0.550000,0.00000000,89.89674197,0.00000000,203.69511279,0.00000000,0.00000000,78.66539600,89.89674197,84.63532017,1492.48104146,34063.68576793,9891.18697000
5,699,0.000000,0.480000,0.00000000,89.89674197,0.00000000,166.32887673,0.00000000,0.00000000,78.66539600,89.89674197,84.63532017,1492.48104146,33810.37230918,9891.18697000
5,700,0.000000,0.404000,0.00000000,89.29817185,0.00000000,126.35839056,0.00000000,0.00000000,78.66539600,89.29817185,84.63532017,1492.48104146,33906.21775047,7912.94957600
5,701,0.000000,0.352000,0.00000000,89.89674197,0.00000000,98.00204508,0.00000000,0.00000000,78.66539600,89.89674197,84.63532017,1492.48104146,33652.90429172,9891.18697000
5,702,0.011000,0.336000,3.26240905,104.06479287,0.00000000,75.29314022,0.00000000,0.00000000,94.69756566,107.32720193,101.68074366,1745.79450000,33652.90429152,9891.18697000
5,703,0.190000,0.550000,56.35070184,33.54604013,0.00000000,260.04581463,0.00000000,0.00000000,78.66539600,89.89674197,84.63532017,1492.48104146,33399.59083277,9891.18697000
5,704,0.386000,0.586000,89.89674197,0.00000000,24.58415755,312.80877617,0.00000000,0.00000000,78.66539600,89.89674197,84.63532017,1492.48104146,33146.27737402,9891.18697000
5,705,0.537000,0.479000,89.89674197,0.00000000,69.36813639,255.69181533,0.00000000,0.00000000,78.66539600,89.89674197,84.63532017,1492.48104146,32892.96391527,9891.18697000
5,706,0.646000,0.359000,89.89674197,0.00000000,101.69564428,191.63541066,0.00000000,0.00000000,78.66539600,89.89674197,84.63532017,1492.48104146,32639.65045652,9891.18697000
5,707,0.709000,0.271000,89.89674197,0.00000000,120.38035068,144.66071389,0.00000000,0.00000000,78.66539600,89.89674197,84.63532017,1492.48104146,32386.33699777,9891.18697000
5,708,0.723000,0.228000,107.32720193,0.00000000,107.10204771,121.70716889,0.00000000,0.00000000,94.69756566,107.32720193,101.68074366,1745.79450000,32386.33699757,9891.18697000
5,709,0.690000,0.223000,89.89674197,0.00000000,114.74528050,119.03815202,0.00000000,0.00000000,78.66539600,89.89674197,84.63532017,1492.48104146,32133.02353882,9891.18697000
5,710,0.597000,0.249000,89.89674197,0.00000000,87.16309486,132.91703970,0.00000000,0.00000000,78.66539600,89.89674197,84.63532017,1492.48104146,31879.71008007,9891.18697000
5,711,0.463000,0.314000,89.89674197,0.00000000,47.42102093,167.61425890,0.00000000,0.00000000,78.66539600,89.89674197,84.63532017,1492.48104146,31626.39662132,9891.18697000
5,712,0.261000,0.417000,77.40806937,12.48867260,0.00000000,210.10733365,0.00000000,0.00000000,78.66539600,89.89674197,84.63532017,1492.48104146,31373.08316257,9891.18697000
5,713,0.113000,0.510000,33.51383846,56.38290351,0.00000000,215.85681636,0.00000000,0.00000000,78.66539600,89.89674197,84.63532017,1492.48104146,31119.76970382,9891.18697000
5,714,0.002000,0.578000,0.59316528,89.30357669,0.00000000,219.23477250,0.00000000,0.00000000,78.66539600,89.89674197,84.63532017,1492.48104146,30866.45624507,9891.18697000
5,715,0.000000,0.590000,0.00000000,107.32720193,0.00000000,207.61678773,0.00000000,0.00000000,94.69756566,107.32720193,101.68074366,1745.79450000,30866.45624487,9891.18697000
5,716,0.000000,0.626000,0.00000000,89.89674197,0.00000000,244.26416909,0.00000000,0.00000000,78.66539600,89.89674197,84.63532017,1492.48104146,30613.14278612,9891.18697000
5,717,0.000000,0.693000,0.00000000,89.89674197,0.00000000,280.02899503,0.00000000,0.00000000,78.66539600,89.89674197,84.63532017,1492.48104146,30359.82932737,9891.18697000
5,718,0.000000,0.753000,0.00000000,107.32720193,0.00000000,294.62673742,0.00000000,0.00000000,94.69756566,107.32720193,101.68074366,1745.79450000,30359.82932716,9891.18697000
5,719,0.000000,0.773000,0.00000000,107.32720193,0.00000000,305.30280487,0.00000000,0.00000000,94.69756566,107.32720193,101.68074366,1745.79450000,30359.82932696,9891.18697000
5,720,0.000000,0.746000,0.00000000,89.89674197,0.00000000,308.32057377,0.00000000,0.00000000,78.66539600,89.89674197,84.63532017,1492.48104146,30106.51586821,9891.18697000
5,721,0.000000,0.694000,0.00000000,89.89674197,0.00000000,280.56279841,0.00000000,0.00000000,78.66539600,89.89674197,84.63532017,1492.48104146,29853.20240946,9891.18697000
5,722,0.000000,0.605000,0.00000000,89.89674197,0.00000000,233.05429827,0.00000000,0.00000000,78.66539600,89.89674197,84.63532017,1492.48104146,29599.88895071,9891.18697000
5,723,0.000000,0.513000,0.00000000,98.94246260,0.00000000,174.89866740,0.00000000,0.00000000,86.98545916,98.94246260,93.48122207,1623.94072651,29478.03517702,9891.18697000
5,724,0.000000,0.413000,0.00000000,107.32720193,0.00000000,113.13359084,0.00000000,0.00000000,94.69756566,107.32720193,101.68074366,1745.79450000,29478.03517681,9891.18697000
5,725,0.000000,0.311000,0.00000000,89.89674197,0.00000000,76.11610681,0.00000000,0.00000000,78.66539600,89.89674197,84.63532017,1492.48104146,29224.72171806,9891.18697000
5,726,0.012000,0.269000,3.55899170,86.33775028,0.00000000,57.25535687,0.00000000,0.00000000,78.66539600,89.89674197,84.63532017,1492.48104146,28971.40825931,9891.18697000
5,727,0.197000,0.484000,58.42678033,48.90042160,0.00000000,209.46041060,0.00000000,0.00000000,94.69756566,107.32720193,101.68074366,1745.79450000,28971.40825911,9891.18697000
5,728,0.398000,0.569000,107.32720193,0.00000000,10.71268930,303.73411884,0.00000000,0.00000000,94.69756566,107.32720193,101.68074366,1745.79450000,28971.40825890,9891.18697000
5,729,0.552000,0.529000,89.89674197,0.00000000,73.81687600,282.38198395,0.00000000,0.00000000,78.66539600,89.89674197,84.63532017,1492.48104146,28718.09480015,9891.18697000
5,730,0.660000,0.459000,107.32720193,0.00000000,88.41734131,245.01574789,0.00000000,0.00000000,94.69756566,107.32720193,101.68074366,1745.79450000,28718.09479995,9891.18697000
5,731,0.724000,0.391000,89.89674197,0.00000000,124.82909030,208.71711857,0.00000000,0.00000000,78.66539600,89.89674197,84.63532017,1492.48104146,28464.78134120,9891.18697000
5,732,0.743000,0.341000,107.32720193,0.00000000,113.03370053,182.02694996,0.00000000,0.00000000,94.69756566,107.32720193,101.68074366,1745.79450000,28464.78134099,9891.18697000
5,733,0.717000,0.311000,89.89674197,0.00000000,122.75301181,166.01284879,0.00000000,0.00000000,78.66539600,89.89674197,84.63532017,1492.48104146,28211.46788225,9891.18697000
5,734,0.647000,0.305000,89.89674197,0.00000000,101.99222692,162.81002855,0.00000000,0.00000000,78.66539600,89.89674197,84.63532017,1492.48104146,27958.15442350,9891.18697000
5,735,0.528000,0.332000,107.32720193,0.00000000,49.26843266,177.22271961,0.00000000,0.00000000,94.69756566,107.32720193,101.68074366,1745.79450000,27958.15442329,9891.18697000
5,736,0.361000,0.398000,89.89674197,0.00000000,17.16959152,212.45374218,0.00000000,0.00000000,78.66539600,89.89674197,84.63532017,1492.48104146,27704.84096454,9891.18697000
5,737,0.153000,0.517000,45.37714411,44.51959786,0.00000000,231.45674562,0.00000000,0.00000000,78.66539600,89.89674197,84.63532017,1492.48104146,27451.52750579,9891.18697000
5,738,0.004000,0.675000,1.18633057,88.71041141,0.00000000,271.60686490,0.00000000,0.00000000,78.66539600,89.89674197,84.63532017,1492.48104146,27198.21404704,9891.18697000
5,739,0.000000,0.762000,0.00000000,107.32720193,0.00000000,299.43096777,0.00000000,0.00000000,94.69756566,107.32720193,101.68074366,1745.79450000,27198.21404684,9891.18697000
5,740,0.000000,0.845000,0.00000000,89.89674197,0.00000000,361.16710762,0.00000000,0.00000000,78.66539600,89.89674197,84.63532017,1492.48104146,26944.90058809,9891.18697000
5,741,0.000000,0.874000,0.00000000,89.89674197,0.00000000,376.64740542,0.00000000,0.00000000,78.66539600,89.89674197,84.63532017,1492.48104146,26691.58712934,9891.18697000
5,742,0.000000,0.878000,0.00000000,89.89674197,0.00000000,378.78261891,0.00000000,0.00000000,78.66539600,89.89674197,84.63532017,1492.48104146,26438.27367059,9891.18697000
5,743,0.000000,0.848000,0.00000000,89.89674197,0.00000000,362.76851774,0.00000000,0.00000000,78.66539600,89.89674197,84.63532017,1492.48104146,26184.96021184,9891.18697000
5,744,0.000000,0.800000,0.00000000,107.32720193,0.00000000,319.71549592,0.00000000,0.00000000,94.69756566,107.32720193,101.68074366,1745.79450000,26184.96021164,9891.18697000
