scenario,t,pv_pu,wind_pu,pv_MW,wind_MW,pv_curt_MW,wind_curt_MW,grid_import_MW,grid_export_MW,p_el_MW,p_p2a_MW,p_match_MW,h2_prod_kgph,h2_storage_kg,nh3_kgph
1,1,0.000000,0.566000,0.00000000,106.72863180,0.00000000,321.33789950,0.00000000,0.00000000,94.69756566,106.72863180,101.68074366,1745.79450000,15468.27702042,7912.94957600
1,2,0.000000,0.513000,0.00000000,106.72863180,0.00000000,281.25393102,0.00000000,0.00000000,94.69756566,106.72863180,101.68074366,1745.79450000,15817.43592026,7912.94957600
1,3,0.000000,0.467000,0.00000000,106.72863180,0.00000000,246.46407159,0.00000000,0.00000000,94.69756566,106.72863180,101.68074366,1745.79450000,16166.59482009,7912.94957600
1,4,0.000000,0.412000,0.00000000,106.72863180,0.00000000,204.86750052,0.00000000,0.00000000,94.69756566,106.72863180,101.68074366,1745.79450000,16515.75371993,7912.94957600
1,5,0.000000,0.360000,0.00000000,106.72863180,0.00000000,165.53983334,0.00000000,0.00000000,94.69756566,106.72863180,101.68074366,1745.79450000,16864.91261976,7912.94957600
1,6,0.003000,0.313000,0.00000000,2.39428050,0.54636345,234.32802391,0.00000000,0.00000000,0.00000000,2.39428050,0.00000000,0.00000000,15468.27701960,7912.94957600
1,7,0.120000,0.493000,21.85453807,84.87409373,0.00000000,287.98244324,0.00000000,0.00000000,94.69756566,106.72863180,101.68074366,1745.79450000,15817.43591944,7912.94957600
1,8,0.287000,0.581000,2.39428050,0.00000000,49.87448971,439.41105068,0.00000000,0.00000000,0.00000000,2.39428050,0.00000000,0.00000000,14420.80031927,7912.94957600
1,9,0.453000,0.531000,57.67001469,0.00000000,24.83086651,401.59598608,0.00000000,0.00000000,49.73928100,57.67001469,53.75120360,1002.98064984,14027.14536894,7912.94957600
1,10,0.592000,0.457000,106.72863180,0.00000000,1.08708933,345.62969047,0.00000000,0.00000000,94.69756566,106.72863180,101.68074366,1745.79450000,14376.30426878,7912.94957600
1,11,0.677000,0.407000,106.72863180,0.00000000,16.56738712,307.81462586,0.00000000,0.00000000,94.69756566,106.72863180,101.68074366,1745.79450000,14725.46316862,7912.94957600
1,12,0.717000,0.391000,106.72863180,0.00000000,23.85223314,295.71380519,0.00000000,0.00000000,94.69756566,106.72863180,101.68074366,1745.79450000,15074.62206845,7912.94957600
1,13,0.702000,0.413000,106.72863180,0.00000000,21.12041589,312.35243362,0.00000000,0.00000000,94.69756566,106.72863180,101.68074366,1745.79450000,15423.78096829,7912.94957600
1,14,0.632000,0.470000,2.39428050,0.00000000,112.70628665,355.46160726,0.00000000,0.00000000,0.00000000,2.39428050,0.00000000,0.00000000,14027.14536812,7912.94957600
1,15,0.508000,0.545000,89.29817159,0.00000000,3.21937289,412.18420417,0.00000000,0.00000000,78.66539600,89.29817159,84.63531998,1492.48099468,14122.99076263,7912.94957600
1,16,0.333000,0.620000,57.67001469,0.00000000,2.97632845,468.90680107,0.00000000,0.00000000,49.73928100,57.67001469,53.75120360,1002.98064984,13729.33581231,7912.94957600
1,17,0.124000,0.700000,22.58302267,50.36035074,0.00000000,479.05055369,0.00000000,0.00000000,63.67817400,72.94337341,68.65710075,1244.73168631,13577.43189845,7912.94957600
1,18,0.001000,0.738000,0.18212115,106.54651065,0.00000000,451.60384288,0.00000000,0.00000000,94.69756566,106.72863180,101.68074366,1745.79450000,13926.59079829,7912.94957600
1,19,0.000000,0.731000,0.00000000,2.39428050,0.00000000,550.46196399,0.00000000,0.00000000,0.00000000,2.39428050,0.00000000,0.00000000,12529.95519813,7912.94957600
1,20,0.000000,0.746000,0.00000000,106.72863180,0.00000000,457.47213207,0.00000000,0.00000000,94.69756566,106.72863180,101.68074366,1745.79450000,12879.11409796,7912.94957600
1,21,0.000000,0.763000,0.00000000,106.72863180,0.00000000,470.32925403,0.00000000,0.00000000,94.69756566,106.72863180,101.68074366,1745.79450000,13228.27299780,7912.94957600
1,22,0.000000,0.780000,0.00000000,106.72863180,0.00000000,483.18637600,0.00000000,0.00000000,94.69756566,106.72863180,101.68074366,1745.79450000,13577.43189763,7912.94957600
1,23,0.000000,0.710000,0.00000000,106.72863180,0.00000000,430.24528555,0.00000000,0.00000000,94.69756566,106.72863180,101.68074366,1745.79450000,13926.59079747,7912.94957600
1,24,0.000000,0.642000,0.00000000,106.72863180,0.00000000,378.81679769,0.00000000,0.00000000,94.69756566,106.72863180,101.68074366,1745.79450000,14275.74969731,7912.94957600
1,25,0.000000,0.599000,0.00000000,106.72863180,0.00000000,346.29584214,0.00000000,0.00000000,94.69756566,106.72863180,101.68074366,1745.79450000,14624.90859714,7912.94957600
1,26,0.000000,0.571000,0.00000000,106.72863180,0.00000000,325.11940596,0.00000000,0.00000000,94.69756566,106.72863180,101.68074366,1745.79450000,14974.06749698,7912.94957600
1,27,0.000000,0.566000,0.00000000,106.72863180,0.00000000,321.33789950,0.00000000,0.00000000,94.69756566,106.72863180,101.68074366,1745.79450000,15323.22639681,7912.94957600
1,28,0.000000,0.582000,0.00000000,2.39428050,0.00000000,437.77307147,0.00000000,0.00000000,0.00000000,2.39428050,0.00000000,0.00000000,13926.59079665,7912.94957600
1,29,0.000000,0.580000,0.00000000,2.39428050,0.00000000,436.26046889,0.00000000,0.00000000,0.00000000,2.39428050,0.00000000,0.00000000,12529.95519649,7912.94957600
1,30,0.004000,0.535000,0.72848460,106.00014720,0.00000000,298.62104405,0.00000000,0.00000000,94.69756566,106.72863180,101.68074366,1745.79450000,12879.11409632,7912.94957600
1,31,0.170000,0.644000,30.96059559,75.76803621,0.00000000,411.28999587,0.00000000,0.00000000,94.69756566,106.72863180,101.68074366,1745.79450000,13228.27299616,7912.94957600
1,32,0.374000,0.627000,68.11331031,38.61532149,0.00000000,435.58558862,0.00000000,0.00000000,94.69756566,106.72863180,101.68074366,1745.79450000,13577.43189599,7912.94957600
1,33,0.540000,0.532000,98.34542130,8.38321050,0.00000000,393.96907687,0.00000000,0.00000000,94.69756566,106.72863180,101.68074366,1745.79450000,13926.59079583,7912.94957600
1,34,0.645000,0.463000,106.72863180,0.00000000,10.73951030,350.16749822,0.00000000,0.00000000,94.69756566,106.72863180,101.68074366,1745.79450000,14275.74969567,7912.94957600
1,35,0.705000,0.430000,57.67001469,0.00000000,70.72539645,325.20955558,0.00000000,0.00000000,49.73928100,57.67001469,53.75120360,1002.98064984,13882.09474534,7912.94957600
1,36,0.714000,0.420000,57.67001469,0.00000000,72.36448681,317.64654266,0.00000000,0.00000000,49.73928100,57.67001469,53.75120360,1002.98064984,13488.43979501,7912.94957600
1,37,0.673000,0.447000,57.67001469,0.00000000,64.89751963,338.06667755,0.00000000,0.00000000,49.73928100,57.67001469,53.75120360,1002.98064984,13094.78484468,7912.94957600
1,38,0.584000,0.495000,57.67001469,0.00000000,48.68873723,374.36913956,0.00000000,0.00000000,49.73928100,57.67001469,53.75120360,1002.98064984,12701.12989435,7912.94957600
1,39,0.447000,0.552000,81.40815430,25.32047750,0.00000000,392.15783571,0.00000000,0.00000000,94.69756566,106.72863180,101.68074366,1745.79450000,13050.28879419,7912.94957600
1,40,0.282000,0.622000,51.35816446,55.37046735,0.00000000,415.04893631,0.00000000,0.00000000,94.69756566,106.72863180,101.68074366,1745.79450000,13399.44769402,7912.94957600
1,41,0.100000,0.685000,18.21211506,88.51651675,0.00000000,429.54986831,0.00000000,0.00000000,94.69756566,106.72863180,101.68074366,1745.79450000,13748.60659386,7912.94957600
1,42,0.000000,0.702000,0.00000000,106.72863180,0.00000000,424.19487522,0.00000000,0.00000000,94.69756566,106.72863180,101.68074366,1745.79450000,14097.76549370,7912.94957600
1,43,0.000000,0.677000,0.00000000,57.67001469,0.00000000,454.34596003,0.00000000,0.00000000,49.73928100,57.67001469,53.75120360,1002.98064984,13704.11054337,7912.94957600
1,44,0.000000,0.652000,0.00000000,106.72863180,0.00000000,386.37981061,0.00000000,0.00000000,94.69756566,106.72863180,101.68074366,1745.79450000,14053.26944320,7912.94957600
1,45,0.000000,0.651000,0.00000000,106.72863180,0.00000000,385.62350932,0.00000000,0.00000000,94.69756566,106.72863180,101.68074366,1745.79450000,14402.42834304,7912.94957600
1,46,0.000000,0.644000,0.00000000,106.72863180,0.00000000,380.32940028,0.00000000,0.00000000,94.69756566,106.72863180,101.68074366,1745.79450000,14751.58724288,7912.94957600
1,47,0.000000,0.601000,0.00000000,106.72863180,0.00000000,347.80844472,0.00000000,0.00000000,94.69756566,106.72863180,101.68074366,1745.79450000,15100.74614271,7912.94957600
1,48,0.000000,0.515000,0.00000000,106.72863180,0.00000000,282.76653360,0.00000000,0.00000000,94.69756566,106.72863180,101.68074366,1745.79450000,15449.90504255,7912.94957600
1,49,0.000000,0.441000,0.00000000,106.72863180,0.00000000,226.80023799,0.00000000,0.00000000,94.69756566,106.72863180,101.68074366,1745.79450000,15799.06394238,7912.94957600
1,50,0.000000,0.349000,0.00000000,106.72863180,0.00000000,157.22051912,0.00000000,0.00000000,94.69756566,106.72863180,101.68074366,1745.79450000,16148.22284222,7912.94957600
1,51,0.000000,0.264000,0.00000000,106.72863180,0.00000000,92.93490930,0.00000000,0.00000000,94.69756566,106.72863180,101.68074366,1745.79450000,16497.38174206,7912.94957600
1,52,0.000000,0.223000,0.00000000,106.72863180,0.00000000,61.92655633,0.00000000,0.00000000,94.69756566,106.72863180,101.68074366,1745.79450000,16846.54064189,7912.94957600
1,53,0.000000,0.188000,0.00000000,106.72863180,0.00000000,35.45601110,0.00000000,0.00000000,94.69756566,106.72863180,101.68074366,1745.79450000,17195.69954173,7912.94957600
1,54,0.001000,0.178000,0.18212115,106.54651065,0.00000000,28.07511933,0.00000000,0.00000000,94.69756566,106.72863180,101.68074366,1745.79450000,17544.85844156,7912.94957600
1,55,0.130000,0.398000,23.67574957,83.05288223,0.00000000,217.95503201,0.00000000,0.00000000,94.69756566,106.72863180,101.68074366,1745.79450000,17894.01734140,7912.94957600
1,56,0.318000,0.525000,57.91452588,48.81410593,0.00000000,348.24407240,0.00000000,0.00000000,94.69756566,106.72863180,101.68074366,1745.79450000,18243.17624124,7912.94957600
1,57,0.441000,0.491000,80.31542739,26.41320441,0.00000000,344.93072999,0.00000000,0.00000000,94.69756566,106.72863180,101.68074366,1745.79450000,18592.33514107,7912.94957600
1,58,0.555000,0.411000,101.07723856,5.65139324,0.00000000,305.18843779,0.00000000,0.00000000,94.69756566,106.72863180,101.68074366,1745.79450000,18941.49404091,7912.94957600
1,59,0.653000,0.343000,106.72863180,0.00000000,12.19647951,259.41134317,0.00000000,0.00000000,94.69756566,106.72863180,101.68074366,1745.79450000,19290.65294074,7912.94957600
1,60,0.684000,0.305000,106.72863180,0.00000000,17.84223518,230.67189407,0.00000000,0.00000000,94.69756566,106.72863180,101.68074366,1745.79450000,19639.81184058,7912.94957600
1,61,0.654000,0.286000,106.72863180,0.00000000,12.37860066,216.30216953,0.00000000,0.00000000,94.69756566,106.72863180,101.68074366,1745.79450000,19988.97074042,7912.94957600
1,62,0.564000,0.286000,102.71632891,4.01230289,0.00000000,212.28986664,0.00000000,0.00000000,94.69756566,106.72863180,101.68074366,1745.79450000,20338.12964025,7912.94957600
1,63,0.415000,0.294000,75.58027748,31.14835432,0.00000000,191.20422554,0.00000000,0.00000000,94.69756566,106.72863180,101.68074366,1745.79450000,20687.28854009,7912.94957600
1,64,0.249000,0.305000,45.34816649,61.38046531,0.00000000,169.29142876,0.00000000,0.00000000,94.69756566,106.72863180,101.68074366,1745.79450000,21036.44743992,7912.94957600
1,65,0.089000,0.312000,16.20878240,41.46123229,0.00000000,194.50477083,0.00000000,0.00000000,49.73928100,57.67001469,53.75120360,1002.98064984,20642.79248959,7912.94957600
1,66,0.000000,0.320000,0.00000000,106.72863180,0.00000000,135.28778165,0.00000000,0.00000000,94.69756566,106.72863180,101.68074366,1745.79450000,20991.95138943,7912.94957600
1,67,0.000000,0.325000,0.00000000,106.72863180,0.00000000,139.06928811,0.00000000,0.00000000,94.69756566,106.72863180,101.68074366,1745.79450000,21341.11028927,7912.94957600
1,68,0.000000,0.309000,0.00000000,106.72863180,0.00000000,126.96846744,0.00000000,0.00000000,94.69756566,106.72863180,101.68074366,1745.79450000,21690.26918910,7912.94957600
1,69,0.000000,0.274000,0.00000000,106.72863180,0.00000000,100.49792222,0.00000000,0.00000000,94.69756566,106.72863180,101.68074366,1745.79450000,22039.42808894,7912.94957600
1,70,0.000000,0.249000,0.00000000,106.72863180,0.00000000,81.59038992,0.00000000,0.00000000,94.69756566,106.72863180,101.68074366,1745.79450000,22388.58698877,7912.94957600
1,71,0.000000,0.216000,0.00000000,106.72863180,0.00000000,56.63244728,0.00000000,0.00000000,94.69756566,106.72863180,101.68074366,1745.79450000,22737.74588861,7912.94957600
1,72,0.000000,0.179000,0.00000000,106.72863180,0.00000000,28.64929948,0.00000000,0.00000000,94.69756566,106.72863180,101.68074366,1745.79450000,23086.90478845,7912.94957600
1,73,0.000000,0.158000,0.00000000,106.72863180,0.00000000,12.76697234,0.00000000,0.00000000,94.69756566,106.72863180,101.68074366,1745.79450000,23436.06368828,7912.94957600
1,74,0.000000,0.153000,0.00000000,106.72863180,0.00000000,8.98546588,0.00000000,0.00000000,94.69756566,106.72863180,101.68074366,1745.79450000,23785.22258812,7912.94957600
1,75,0.000000,0.153000,0.00000000,106.72863180,0.00000000,8.98546588,0.00000000,0.00000000,94.69756566,106.72863180,101.68074366,1745.79450000,24134.38148795,7912.94957600
1,76,0.000000,0.164000,0.00000000,106.72863180,0.00000000,17.30478010,0.00000000,0.00000000,94.69756566,106.72863180,101.68074366,1745.79450000,24483.54038779,7912.94957600
1,77,0.000000,0.183000,0.00000000,106.72863180,0.00000000,31.67450464,0.00000000,0.00000000,94.69756566,106.72863180,101.68074366,1745.79450000,24832.69928763,7912.94957600
1,78,0.002000,0.197000,0.36424230,88.93392929,0.00000000,60.05742524,0.00000000,0.00000000,78.66539600,89.29817159,84.63531998,1492.48099468,24928.54468214,7912.94957600
1,79,0.095000,0.280000,17.30150930,71.99666229,0.00000000,139.76769948,0.00000000,0.00000000,78.66539600,89.29817159,84.63531998,1492.48099468,25024.39007665,7912.94957600
1,80,0.217000,0.370000,39.52028967,49.77788192,0.00000000,230.05359614,0.00000000,0.00000000,78.66539600,89.29817159,84.63531998,1492.48099468,25120.23547116,7912.94957600
1,81,0.349000,0.341000,63.56028154,43.16835026,0.00000000,214.73039033,0.00000000,0.00000000,94.69756566,106.72863180,101.68074366,1745.79450000,25469.39437100,7912.94957600
1,82,0.425000,0.291000,77.40148898,29.32714282,0.00000000,190.75653317,0.00000000,0.00000000,94.69756566,106.72863180,101.68074366,1745.79450000,25818.55327083,7912.94957600
1,83,0.487000,0.233000,88.69300032,18.03563148,0.00000000,158.18256956,0.00000000,0.00000000,94.69756566,106.72863180,101.68074366,1745.79450000,26167.71217067,7912.94957600
1,84,0.508000,0.184000,92.51754448,14.21108732,0.00000000,124.94835042,0.00000000,0.00000000,94.69756566,106.72863180,101.68074366,1745.79450000,26516.87107051,7912.94957600
1,85,0.478000,0.170000,87.05390996,19.67472184,0.00000000,108.89649781,0.00000000,0.00000000,94.69756566,106.72863180,101.68074366,1745.79450000,26866.02997034,7912.94957600
1,86,0.421000,0.179000,76.67300438,30.05562742,0.00000000,105.32230386,0.00000000,0.00000000,94.69756566,106.72863180,101.68074366,1745.79450000,27215.18887018,7912.94957600
1,87,0.298000,0.193000,54.27210286,52.45652894,0.00000000,93.50962043,0.00000000,0.00000000,94.69756566,106.72863180,101.68074366,1745.79450000,27564.34777001,7912.94957600
1,88,0.172000,0.205000,31.32483789,75.40379391,0.00000000,79.63797096,0.00000000,0.00000000,94.69756566,106.72863180,101.68074366,1745.79450000,27913.50666985,7912.94957600
1,89,0.047000,0.216000,8.55969408,49.11032061,0.00000000,114.25075847,0.00000000,0.00000000,49.73928100,57.67001469,53.75120360,1002.98064984,27519.85171952,7912.94957600
1,90,0.000000,0.226000,0.00000000,106.72863180,0.00000000,64.19546020,0.00000000,0.00000000,94.69756566,106.72863180,101.68074366,1745.79450000,27869.01061936,7912.94957600
1,91,0.000000,0.227000,0.00000000,106.72863180,0.00000000,64.95176149,0.00000000,0.00000000,94.69756566,106.72863180,101.68074366,1745.79450000,28218.16951919,7912.94957600
1,92,0.000000,0.225000,0.00000000,106.85701154,0.00000000,63.31077917,0.00000000,0.00000000,94.69756566,106.85701154,101.68074366,1745.79450000,28492.44174281,8337.23669340
1,93,0.000000,0.220000,0.00000000,107.32720193,0.00000000,59.05908232,0.00000000,0.00000000,94.69756566,107.32720193,101.68074366,1745.79450000,28492.44174260,9891.18697000
1,94,0.000000,0.241000,0.00000000,106.72863180,0.00000000,75.53997958,0.00000000,0.00000000,94.69756566,106.72863180,101.68074366,1745.79450000,28841.60064244,7912.94957600
1,95,0.000000,0.237000,0.00000000,106.72863180,0.00000000,72.51477441,0.00000000,0.00000000,94.69756566,106.72863180,101.68074366,1745.79450000,29190.75954227,7912.94957600
1,96,0.000000,0.189000,0.00000000,107.32720193,0.00000000,35.61374227,0.00000000,0.00000000,94.69756566,107.32720193,101.68074366,1745.79450000,29190.75954207,9891.18697000
1,97,0.000000,0.172000,0.00000000,107.32720193,0.00000000,22.75662031,0.00000000,0.00000000,94.69756566,107.32720193,101.68074366,1745.79450000,29190.75954186,9891.18697000
1,98,0.000000,0.162000,0.00000000,106.72863180,0.00000000,15.79217751,0.00000000,0.00000000,94.69756566,106.72863180,101.68074366,1745.79450000,29539.91844170,7912.94957600
1,99,0.000000,0.175000,0.00000000,106.72863180,0.00000000,25.62409431,0.00000000,0.00000000,94.69756566,106.72863180,101.68074366,1745.79450000,29889.07734154,7912.94957600
1,100,0.000000,0.188000,0.00000000,106.72863180,0.00000000,35.45601110,0.00000000,0.00000000,94.69756566,106.72863180,101.68074366,1745.79450000,30238.23624137,7912.94957600
1,101,0.000000,0.182000,0.00000000,107.32720193,0.00000000,30.31963323,0.00000000,0.00000000,94.69756566,107.32720193,101.68074366,1745.79450000,30238.23624117,9891.18697000
1,102,0.001000,0.153000,0.18212115,89.28036013,0.00000000,26.43373756,0.00000000,0.00000000,78.66539600,89.46248128,84.63531998,1492.48099468,30238.23624117,8455.98297267
1,103,0.110000,0.203000,20.03332656,38.23525825,0.00000000,115.29390403,0.00000000,0.00000000,49.73928100,58.26858481,53.75120360,1002.98064984,29495.42239080,9891.18697000
1,104,0.257000,0.274000,46.80513569,60.52206623,0.00000000,146.70448779,0.00000000,0.00000000,94.69756566,107.32720193,101.68074366,1745.79450000,29495.42239059,9891.18697000
1,105,0.378000,0.273000,68.84179491,37.88683689,0.00000000,168.58341584,0.00000000,0.00000000,94.69756566,106.72863180,101.68074366,1745.79450000,29844.58129043,7912.94957600
1,106,0.462000,0.270000,84.13997155,23.18723037,0.00000000,181.01411848,0.00000000,0.00000000,94.69756566,107.32720193,101.68074366,1745.79450000,29844.58129022,9891.18697000
1,107,0.503000,0.275000,91.60693873,15.72026320,0.00000000,192.26259211,0.00000000,0.00000000,94.69756566,107.32720193,101.68074366,1745.79450000,29844.58129002,9891.18697000
1,108,0.525000,0.285000,95.61360404,11.71359789,0.00000000,203.83227035,0.00000000,0.00000000,94.69756566,107.32720193,101.68074366,1745.79450000,29844.58128981,9891.18697000
1,109,0.536000,0.293000,97.61693670,9.71026523,0.00000000,211.88601334,0.00000000,0.00000000,94.69756566,107.32720193,101.68074366,1745.79450000,29844.58128961,9891.18697000
1,110,0.509000,0.306000,92.69966563,14.02896617,0.00000000,217.39922920,0.00000000,0.00000000,94.69756566,106.72863180,101.68074366,1745.79450000,30193.74018944,7912.94957600
1,111,0.411000,0.332000,74.85179288,32.47540905,0.00000000,218.61661991,0.00000000,0.00000000,94.69756566,107.32720193,101.68074366,1745.79450000,30193.74018924,9891.18697000
1,112,0.269000,0.351000,48.99058950,58.33661243,0.00000000,207.12514108,0.00000000,0.00000000,94.69756566,107.32720193,101.68074366,1745.79450000,30193.74018903,9891.18697000
1,113,0.106000,0.375000,19.30484196,88.02235997,0.00000000,195.59062455,0.00000000,0.00000000,94.69756566,107.32720193,101.68074366,1745.79450000,30193.74018883,9891.18697000
1,114,0.000000,0.422000,0.00000000,107.32720193,0.00000000,211.83194332,0.00000000,0.00000000,94.69756566,107.32720193,101.68074366,1745.79450000,30193.74018862,9891.18697000
1,115,0.000000,0.442000,0.00000000,107.32720193,0.00000000,226.95796916,0.00000000,0.00000000,94.69756566,107.32720193,101.68074366,1745.79450000,30193.74018842,9891.18697000
1,116,0.000000,0.453000,0.00000000,107.32720193,0.00000000,235.27728337,0.00000000,0.00000000,94.69756566,107.32720193,101.68074366,1745.79450000,30193.74018821,9891.18697000
1,117,0.000000,0.464000,0.00000000,107.32720193,0.00000000,243.59659758,0.00000000,0.00000000,94.69756566,107.32720193,101.68074366,1745.79450000,30193.74018801,9891.18697000
1,118,0.000000,0.460000,0.00000000,107.32720193,0.00000000,240.57139242,0.00000000,0.00000000,94.69756566,107.32720193,101.68074366,1745.79450000,30193.74018780,9891.18697000
1,119,0.000000,0.432000,0.00000000,107.25092145,0.00000000,219.47123672,0.00000000,0.00000000,94.69756566,107.25092145,101.68074366,1745.79450000,30238.23624137,9639.08468234
1,120,0.000000,0.371000,0.00000000,107.32720193,0.00000000,173.26057742,0.00000000,0.00000000,94.69756566,107.32720193,101.68074366,1745.79450000,30238.23624117,9891.18697000
1,121,0.000000,0.307000,0.00000000,107.32720193,0.00000000,124.85729473,0.00000000,0.00000000,94.69756566,107.32720193,101.68074366,1745.79450000,30238.23624096,9891.18697000
1,122,0.000000,0.266000,0.00000000,107.32720193,0.00000000,93.84894176,0.00000000,0.00000000,94.69756566,107.32720193,101.68074366,1745.79450000,30238.23624076,9891.18697000
1,123,0.000000,0.253000,0.00000000,107.32720193,0.00000000,84.01702496,0.00000000,0.00000000,94.69756566,107.32720193,101.68074366,1745.79450000,30238.23624055,9891.18697000
1,124,0.000000,0.261000,0.00000000,107.32720193,0.00000000,90.06743530,0.00000000,0.00000000,94.69756566,107.32720193,101.68074366,1745.79450000,30238.23624035,9891.18697000
1,125,0.000000,0.275000,0.00000000,107.32720193,0.00000000,100.65565339,0.00000000,0.00000000,94.69756566,107.32720193,101.68074366,1745.79450000,30238.23624014,9891.18697000
1,126,0.006000,0.275000,1.09272690,106.23447502,0.00000000,101.74838029,0.00000000,0.00000000,94.69756566,107.32720193,101.68074366,1745.79450000,30238.23623994,9891.18697000
1,127,0.185000,0.427000,0.00000000,89.89674172,33.69241285,233.04390999,0.00000000,0.00000000,78.66539600,89.89674172,84.63531998,1492.48099468,29984.92273441,9891.18697000
1,128,0.401000,0.523000,73.03058137,34.29662055,0.00000000,361.24895519,0.00000000,0.00000000,94.69756566,107.32720193,101.68074366,1745.79450000,29984.92273420,9891.18697000
1,129,0.576000,0.515000,104.90178272,2.42541921,0.00000000,387.06974620,0.00000000,0.00000000,94.69756566,107.32720193,101.68074366,1745.79450000,29984.92273400,9891.18697000
1,130,0.688000,0.508000,106.89294149,0.00000000,18.40641009,384.20105636,0.00000000,0.00000000,94.69756566,106.89294149,101.68074366,1745.79450000,30238.23624117,8455.98296221
1,131,0.750000,0.510000,107.32720193,0.00000000,29.26366099,385.71365894,0.00000000,0.00000000,94.69756566,107.32720193,101.68074366,1745.79450000,30238.23624096,9891.18697000
1,132,0.767000,0.516000,107.32720193,0.00000000,32.35972055,390.25146670,0.00000000,0.00000000,94.69756566,107.32720193,101.68074366,1745.79450000,30238.23624076,9891.18697000
1,133,0.741000,0.535000,107.32720193,0.00000000,27.62457063,404.62119125,0.00000000,0.00000000,94.69756566,107.32720193,101.68074366,1745.79450000,30238.23624055,9891.18697000
1,134,0.671000,0.572000,107.32720192,0.00000000,14.87609010,432.60433905,0.00000000,0.00000000,94.69756566,107.32720192,101.68074366,1745.79450000,30238.23624137,9891.18696419
1,135,0.554000,0.614000,100.89511741,6.43208452,0.00000000,457.93690880,0.00000000,0.00000000,94.69756566,107.32720193,101.68074366,1745.79450000,30238.23624117,9891.18697000
1,136,0.391000,0.658000,71.20936987,36.11783206,0.00000000,461.52841811,0.00000000,0.00000000,94.69756566,107.32720193,101.68074366,1745.79450000,30238.23624096,9891.18697000
1,137,0.183000,0.697000,33.32817055,73.99903137,0.00000000,453.14296918,0.00000000,0.00000000,94.69756566,107.32720193,101.68074366,1745.79450000,30238.23624076,9891.18697000
1,138,0.005000,0.692000,0.91060575,106.41659617,0.00000000,416.94389792,0.00000000,0.00000000,94.69756566,107.32720193,101.68074366,1745.79450000,30238.23624055,9891.18697000
1,139,0.000000,0.635000,0.00000000,107.32720193,0.00000000,372.92411852,0.00000000,0.00000000,94.69756566,107.32720193,101.68074366,1745.79450000,30238.23624035,9891.18697000
1,140,0.000000,0.599000,0.00000000,107.32720193,0.00000000,345.69727201,0.00000000,0.00000000,94.69756566,107.32720193,101.68074366,1745.79450000,30238.23624014,9891.18697000
1,141,0.000000,0.535000,0.00000000,107.32720193,0.00000000,297.29398932,0.00000000,0.00000000,94.69756566,107.32720193,101.68074366,1745.79450000,30238.23623994,9891.18697000
1,142,0.000000,0.481000,0.00000000,107.32720193,0.00000000,256.45371955,0.00000000,0.00000000,94.69756566,107.32720193,101.68074366,1745.79450000,30238.23623973,9891.18697000
1,143,0.000000,0.445000,0.00000000,107.32720193,0.00000000,229.22687304,0.00000000,0.00000000,94.69756566,107.32720193,101.68074366,1745.79450000,30238.23623953,9891.18697000
1,144,0.000000,0.364000,0.00000000,107.32720193,0.00000000,167.96646838,0.00000000,0.00000000,94.69756566,107.32720193,101.68074366,1745.79450000,30238.23623932,9891.18697000
1,145,0.000000,0.334000,0.00000000,107.32720193,0.00000000,145.27742962,0.00000000,0.00000000,94.69756566,107.32720193,101.68074366,1745.79450000,30238.23623912,9891.18697000
1,146,0.000000,0.306000,0.00000000,107.32720193,0.00000000,124.10099344,0.00000000,0.00000000,94.69756566,107.32720193,101.68074366,1745.79450000,30238.23623891,9891.18697000
1,147,0.000000,0.254000,0.00000000,107.32720193,0.00000000,84.77332625,0.00000000,0.00000000,94.69756566,107.32720193,101.68074366,1745.79450000,30238.23623871,9891.18697000
1,148,0.000000,0.220000,0.00000000,107.32720193,0.00000000,59.05908232,0.00000000,0.00000000,94.69756566,107.32720193,101.68074366,1745.79450000,30238.23623850,9891.18697000
1,149,0.000000,0.213000,0.00000000,107.32720193,0.00000000,53.76497328,0.00000000,0.00000000,94.69756566,107.32720193,101.68074366,1745.79450000,30238.23623830,9891.18697000
1,150,0.005000,0.219000,0.91060575,106.41659617,0.00000000,59.21338679,0.00000000,0.00000000,94.69756566,107.32720193,101.68074366,1745.79450000,30238.23623809,9891.18697000
1,151,0.185000,0.457000,33.69241285,73.63478907,0.00000000,271.99490140,0.00000000,0.00000000,94.69756566,107.32720192,101.68074366,1745.79450000,30238.23624117,9891.18695142
1,152,0.391000,0.593000,58.19230434,0.00000000,13.01706553,448.48666618,0.00000000,0.00000000,49.73928100,58.19230434,53.75120360,1002.98064984,29539.91844170,9639.08469860
1,153,0.552000,0.578000,100.53087510,6.79632682,0.00000000,430.34581998,0.00000000,0.00000000,94.69756566,107.32720193,101.68074366,1745.79450000,29539.91844149,9891.18697000
1,154,0.662000,0.571000,106.72863180,0.00000000,13.83556986,431.84803776,0.00000000,0.00000000,94.69756566,106.72863180,101.68074366,1745.79450000,29889.07734133,7912.94957600
1,155,0.727000,0.589000,106.72863180,0.00000000,25.67344465,445.46146102,0.00000000,0.00000000,94.69756566,106.72863180,101.68074366,1745.79450000,30238.23624117,7912.94957600
1,156,0.747000,0.618000,107.32720193,0.00000000,28.71729754,467.39419849,0.00000000,0.00000000,94.69756566,107.32720193,101.68074366,1745.79450000,30238.23624096,9891.18697000
1,157,0.723000,0.636000,107.32720193,0.00000000,24.34638992,481.00762174,0.00000000,0.00000000,94.69756566,107.32720193,101.68074366,1745.79450000,30238.23624076,9891.18697000
1,158,0.653000,0.648000,107.32720193,0.00000000,11.59790938,490.08323725,0.00000000,0.00000000,94.69756566,107.32720193,101.68074366,1745.79450000,30238.23624055,9891.18697000
1,159,0.532000,0.657000,96.88845209,10.43874983,0.00000000,486.45119904,0.00000000,0.00000000,94.69756566,107.32720193,101.68074366,1745.79450000,30238.23624035,9891.18697000
1,160,0.357000,0.664000,65.01725075,42.30995118,0.00000000,459.87410674,0.00000000,0.00000000,94.69756566,107.32720193,101.68074366,1745.79450000,30238.23624014,9891.18697000
1,161,0.153000,0.672000,27.86453603,29.80547865,0.00000000,478.42898960,0.00000000,0.00000000,49.73928100,57.67001469,53.75120360,1002.98064984,29844.58128981,7912.94957600
1,162,0.003000,0.656000,0.00000000,44.07720969,0.54636345,452.05643790,0.00000000,0.00000000,36.84682300,44.07720969,39.91750131,767.66957627,28866.45636588,9891.18697000
1,163,0.000000,0.613000,0.00000000,106.72863180,0.00000000,356.88406022,0.00000000,0.00000000,94.69756566,106.72863180,101.68074366,1745.79450000,29215.61526571,7912.94957600
1,164,0.000000,0.594000,0.00000000,107.32720193,0.00000000,341.91576555,0.00000000,0.00000000,94.69756566,107.32720193,101.68074366,1745.79450000,29215.61526551,9891.18697000
1,165,0.000000,0.562000,0.00000000,107.32720193,0.00000000,317.71412420,0.00000000,0.00000000,94.69756566,107.32720193,101.68074366,1745.79450000,29215.61526530,9891.18697000
1,166,0.000000,0.571000,0.00000000,106.77124247,0.00000000,325.07679529,0.00000000,0.00000000,94.69756566,106.77124247,101.68074366,1745.79450000,29539.91844190,8053.77520339
1,167,0.000000,0.536000,0.00000000,107.32720193,0.00000000,298.05029061,0.00000000,0.00000000,94.69756566,107.32720193,101.68074366,1745.79450000,29539.91844170,9891.18697000
1,168,0.000000,0.424000,0.00000000,106.72863180,0.00000000,213.94311603,0.00000000,0.00000000,94.69756566,106.72863180,101.68074366,1745.79450000,29889.07734154,7912.94957600
1,169,0.000000,0.341000,0.00000000,106.72863180,0.00000000,151.17010879,0.00000000,0.00000000,94.69756566,106.72863180,101.68074366,1745.79450000,30238.23624137,7912.94957600
1,170,0.000000,0.295000,0.00000000,107.32720193,0.00000000,115.78167923,0.00000000,0.00000000,94.69756566,107.32720193,101.68074366,1745.79450000,30238.23624117,9891.18697000
1,171,0.000000,0.287000,0.00000000,107.32720193,0.00000000,109.73126889,0.00000000,0.00000000,94.69756566,107.32720193,101.68074366,1745.79450000,30238.23624096,9891.18697000
1,172,0.000000,0.307000,0.00000000,107.32720193,0.00000000,124.85729473,0.00000000,0.00000000,94.69756566,107.32720193,101.68074366,1745.79450000,30238.23624076,9891.18697000
1,173,0.000000,0.334000,0.00000000,107.32720192,0.00000000,145.27742962,0.00000000,0.00000000,94.69756566,107.32720192,101.68074366,1745.79450000,30238.23624117,9891.18696652
1,174,0.006000,0.351000,1.09272690,56.57728778,0.00000000,208.88446572,0.00000000,0.00000000,49.73928100,57.67001469,53.75120360,1002.98064984,29844.58129084,7912.94957600
1,175,0.190000,0.615000,34.60301860,72.72418332,0.00000000,392.40111129,0.00000000,0.00000000,94.69756566,107.32720193,101.68074366,1745.79450000,29844.58129063,9891.18697000
1,176,0.395000,0.726000,71.93785447,34.79077733,0.00000000,514.28396069,0.00000000,0.00000000,94.69756566,106.72863180,101.68074366,1745.79450000,30193.74019047,7912.94957600
1,177,0.558000,0.712000,101.62360201,5.62731944,0.00000000,532.85920050,0.00000000,0.00000000,94.69756566,107.25092145,101.68074366,1745.79450000,30238.23624178,9639.08469511
1,178,0.670000,0.688000,107.32720193,0.00000000,14.69396894,520.33528893,0.00000000,0.00000000,94.69756566,107.32720193,101.68074366,1745.79450000,30238.23624158,9891.18697000
1,179,0.733000,0.668000,107.32720193,0.00000000,26.16760143,505.20926309,0.00000000,0.00000000,94.69756566,107.32720193,101.68074366,1745.79450000,30238.23624137,9891.18697000
1,180,0.749000,0.660000,107.32720193,0.00000000,29.08153984,499.15885275,0.00000000,0.00000000,94.69756566,107.32720193,101.68074366,1745.79450000,30238.23624117,9891.18697000
1,181,0.723000,0.671000,107.32720193,0.00000000,24.34638992,507.47816696,0.00000000,0.00000000,94.69756566,107.32720193,101.68074366,1745.79450000,30238.23624096,9891.18697000
1,182,0.655000,0.692000,107.32720193,0.00000000,11.96215169,523.36049410,0.00000000,0.00000000,94.69756566,107.32720193,101.68074366,1745.79450000,30238.23624076,9891.18697000
1,183,0.540000,0.714000,98.34542130,8.98178063,0.00000000,531.01734189,0.00000000,0.00000000,94.69756566,107.32720193,101.68074366,1745.79450000,30238.23624055,9891.18697000
1,184,0.375000,0.740000,68.29543146,39.03177047,0.00000000,520.63118565,0.00000000,0.00000000,94.69756566,107.32720193,101.68074366,1745.79450000,30238.23624035,9891.18697000
1,185,0.166000,0.772000,30.23211099,77.09509093,0.00000000,506.76950653,0.00000000,0.00000000,94.69756566,107.32720193,101.68074366,1745.79450000,30238.23624014,9891.18697000
1,186,0.003000,0.774000,0.54636345,106.78083847,0.00000000,478.59636157,0.00000000,0.00000000,94.69756566,107.32720193,101.68074366,1745.79450000,30238.23623994,9891.18697000
1,187,0.000000,0.769000,0.00000000,107.32720193,0.00000000,474.26849166,0.00000000,0.00000000,94.69756566,107.32720193,101.68074366,1745.79450000,30238.23623973,9891.18697000
1,188,0.000000,0.799000,0.00000000,107.32720193,0.00000000,496.95753042,0.00000000,0.00000000,94.69756566,107.32720193,101.68074366,1745.79450000,30238.23623953,9891.18697000
1,189,0.000000,0.808000,0.00000000,107.32720193,0.00000000,503.76424205,0.00000000,0.00000000,94.69756566,107.32720193,101.68074366,1745.79450000,30238.23623932,9891.18697000
1,190,0.000000,0.791000,0.00000000,107.32720193,0.00000000,490.90712008,0.00000000,0.00000000,94.69756566,107.32720193,101.68074366,1745.79450000,30238.23623912,9891.18697000
1,191,0.000000,0.763000,0.00000000,107.32720193,0.00000000,469.73068391,0.00000000,0.00000000,94.69756566,107.32720193,101.68074366,1745.79450000,30238.23623891,9891.18697000
1,192,0.000000,0.720000,0.00000000,107.32720193,0.00000000,437.20972835,0.00000000,0.00000000,94.69756566,107.32720193,101.68074366,1745.79450000,30238.23623871,9891.18697000
1,193,0.000000,0.674000,0.00000000,107.32720193,0.00000000,402.41986891,0.00000000,0.00000000,94.69756566,107.32720193,101.68074366,1745.79450000,30238.23623850,9891.18697000
1,194,0.000000,0.628000,0.00000000,107.32720193,0.00000000,367.63000948,0.00000000,0.00000000,94.69756566,107.32720193,101.68074366,1745.79450000,30238.23623830,9891.18697000
1,195,0.000000,0.566000,0.00000000,107.32720193,0.00000000,320.73932937,0.00000000,0.00000000,94.69756566,107.32720193,101.68074366,1745.79450000,30238.23623809,9891.18697000
1,196,0.000000,0.505000,0.00000000,107.32720193,0.00000000,274.60495056,0.00000000,0.00000000,94.69756566,107.32720193,101.68074366,1745.79450000,30238.23623789,9891.18697000
1,197,0.000000,0.488000,0.00000000,107.32720193,0.00000000,261.74782859,0.00000000,0.00000000,94.69756566,107.32720193,101.68074366,1745.79450000,30238.23623768,9891.18697000
1,198,0.007000,0.464000,1.27484805,106.05235387,0.00000000,244.87144564,0.00000000,0.00000000,94.69756566,107.32720193,101.68074366,1745.79450000,30238.23623748,9891.18697000
1,199,0.208000,0.706000,37.88119931,69.44600261,0.00000000,464.50270957,0.00000000,0.00000000,94.69756566,107.32720193,101.68074366,1745.79450000,30238.23623727,9891.18697000
1,200,0.417000,0.817000,75.94451978,31.38268215,0.00000000,586.51547346,0.00000000,0.00000000,94.69756566,107.32720193,101.68074366,1745.79450000,30238.23623707,9891.18697000
1,201,0.580000,0.786000,105.63026732,1.69693461,0.00000000,592.75588094,0.00000000,0.00000000,94.69756566,107.32720193,101.68074366,1745.79450000,30238.23623686,9891.18697000
1,202,0.686000,0.729000,107.32720193,0.00000000,17.60790735,551.34364190,0.00000000,0.00000000,94.69756566,107.32720193,101.68074366,1745.79450000,30238.23623666,9891.18697000
1,203,0.745000,0.679000,58.26858481,0.00000000,77.41167235,513.52857730,0.00000000,0.00000000,49.73928100,58.26858481,53.75120360,1002.98064984,29495.42238629,9891.18697000
1,204,0.760000,0.643000,107.32720193,0.00000000,31.08487249,486.30173079,0.00000000,0.00000000,94.69756566,107.32720193,101.68074366,1745.79450000,29495.42238608,9891.18697000
1,205,0.732000,0.630000,106.72863180,0.00000000,26.58405040,476.46981399,0.00000000,0.00000000,94.69756566,106.72863180,101.68074366,1745.79450000,29844.58128592,7912.94957600
1,206,0.661000,0.645000,106.81666100,0.00000000,13.56541951,487.81433337,0.00000000,0.00000000,94.69756566,106.81666100,101.68074366,1745.79450000,30142.39084727,8203.88067223
1,207,0.537000,0.684000,97.79905785,9.52814408,0.00000000,507.78193968,0.00000000,0.00000000,94.69756566,107.32720193,101.68074366,1745.79450000,30142.39084707,9891.18697000
1,208,0.346000,0.739000,63.01391809,44.31328384,0.00000000,514.59337099,0.00000000,0.00000000,94.69756566,107.32720193,101.68074366,1745.79450000,30142.39084686,9891.18697000
1,209,0.135000,0.784000,24.58635532,65.31038639,0.00000000,527.62982657,0.00000000,0.00000000,78.66539600,89.89674172,84.63531998,1492.48099468,29889.07734133,9891.18697000
1,210,0.000000,0.793000,0.00000000,106.72863180,0.00000000,493.01829279,0.00000000,0.00000000,94.69756566,106.72863180,101.68074366,1745.79450000,30238.23624117,7912.94957600
1,211,0.000000,0.801000,0.00000000,107.32720193,0.00000000,498.47013301,0.00000000,0.00000000,94.69756566,107.32720193,101.68074366,1745.79450000,30238.23624137,9891.18696768
1,212,0.000000,0.847000,0.00000000,107.32720193,0.00000000,533.25999244,0.00000000,0.00000000,94.69756566,107.32720193,101.68074366,1745.79450000,30238.23624117,9891.18697000
1,213,0.000000,0.850000,0.00000000,107.32720193,0.00000000,535.52889631,0.00000000,0.00000000,94.69756566,107.32720193,101.68074366,1745.79450000,30238.23624096,9891.18697000
1,214,0.000000,0.815000,0.00000000,107.32720193,0.00000000,509.05835109,0.00000000,0.00000000,94.69756566,107.32720193,101.68074366,1745.79450000,30238.23624076,9891.18697000
1,215,0.000000,0.778000,0.00000000,58.26858481,0.00000000,530.13382040,0.00000000,0.00000000,49.73928100,58.26858481,53.75120360,1002.98064984,29495.42239039,9891.18697000
1,216,0.000000,0.716000,0.00000000,107.32720193,0.00000000,434.18452318,0.00000000,0.00000000,94.69756566,107.32720193,101.68074366,1745.79450000,29495.42239018,9891.18697000
1,217,0.000000,0.666000,0.00000000,107.25092145,0.00000000,396.44573905,0.00000000,0.00000000,94.69756566,107.25092145,101.68074366,1745.79450000,29539.91844170,9639.08469395
1,218,0.000000,0.615000,0.00000000,106.72863180,0.00000000,358.39666281,0.00000000,0.00000000,94.69756566,106.72863180,101.68074366,1745.79450000,29889.07734154,7912.94957600
1,219,0.000000,0.553000,0.00000000,107.32720193,0.00000000,310.90741258,0.00000000,0.00000000,94.69756566,107.32720193,101.68074366,1745.79450000,29889.07734133,9891.18697000
1,220,0.000000,0.492000,0.00000000,106.72863180,0.00000000,265.37160389,0.00000000,0.00000000,94.69756566,106.72863180,101.68074366,1745.79450000,30238.23624117,7912.94957600
1,221,0.000000,0.444000,0.00000000,107.32720193,0.00000000,228.47057174,0.00000000,0.00000000,94.69756566,107.32720193,101.68074366,1745.79450000,30238.23624096,9891.18697000
1,222,0.005000,0.393000,0.00000000,73.54194353,0.91060575,223.68446424,0.00000000,0.00000000,63.67817400,73.54194353,68.65710075,1244.73168631,29737.17342707,9891.18697000
1,223,0.191000,0.601000,34.78513976,72.28165023,0.00000000,382.25542629,0.00000000,0.00000000,94.69756566,107.06678999,101.68074366,1745.79450000,29889.07734154,9030.54156109
1,224,0.401000,0.735000,73.03058137,33.69805043,0.00000000,522.18339923,0.00000000,0.00000000,94.69756566,106.72863180,101.68074366,1745.79450000,30238.23624137,7912.94957600
1,225,0.563000,0.698000,102.53420776,4.79299417,0.00000000,523.10530768,0.00000000,0.00000000,94.69756566,107.32720193,101.68074366,1745.79450000,30238.23624117,9891.18697000
1,226,0.671000,0.628000,107.32720193,0.00000000,14.87609009,474.95721141,0.00000000,0.00000000,94.69756566,107.32720193,101.68074366,1745.79450000,30238.23624096,9891.18697000
1,227,0.734000,0.565000,57.67001469,0.00000000,76.00690982,427.31023001,0.00000000,0.00000000,49.73928100,57.67001469,53.75120360,1002.98064984,29844.58129063,7912.94957600
1,228,0.751000,0.530000,107.32720193,0.00000000,29.44578214,400.83968479,0.00000000,0.00000000,94.69756566,107.32720193,101.68074366,1745.79450000,29844.58129043,9891.18697000
1,229,0.718000,0.535000,107.32720193,0.00000000,23.43578417,404.62119125,0.00000000,0.00000000,94.69756566,107.32720193,101.68074366,1745.79450000,29844.58129022,9891.18697000
1,230,0.636000,0.568000,106.72863180,0.00000000,9.10041995,429.57913388,0.00000000,0.00000000,94.69756566,106.72863180,101.68074366,1745.79450000,30193.74019006,7912.94957600
1,231,0.513000,0.615000,93.42815023,13.89905169,0.00000000,451.22624292,0.00000000,0.00000000,94.69756566,107.32720193,101.68074366,1745.79450000,30193.74018985,9891.18697000
1,232,0.292000,0.695000,53.17937596,54.14782596,0.00000000,471.48157201,0.00000000,0.00000000,94.69756566,107.32720193,101.68074366,1745.79450000,30193.74018965,9891.18697000
1,233,0.123000,0.756000,22.40090152,84.92630041,0.00000000,486.83747638,0.00000000,0.00000000,94.69756566,107.32720193,101.68074366,1745.79450000,30193.74018944,9891.18697000
1,234,0.000000,0.770000,0.00000000,107.32720193,0.00000000,475.02479295,0.00000000,0.00000000,94.69756566,107.32720193,101.68074366,1745.79450000,30193.74018924,9891.18697000
1,235,0.000000,0.770000,0.00000000,107.25092145,0.00000000,475.10107343,0.00000000,0.00000000,94.69756566,107.25092145,101.68074366,1745.79450000,30238.23624158,9639.08468931
1,236,0.000000,0.800000,0.00000000,107.32720193,0.00000000,497.71383171,0.00000000,0.00000000,94.69756566,107.32720193,101.68074366,1745.79450000,30238.23624137,9891.18697000
1,237,0.000000,0.805000,0.00000000,107.32720193,0.00000000,501.49533817,0.00000000,0.00000000,94.69756566,107.32720193,101.68074366,1745.79450000,30238.23624117,9891.18697000
1,238,0.000000,0.820000,0.00000000,107.32720193,0.00000000,512.83985755,0.00000000,0.00000000,94.69756566,107.32720193,101.68074366,1745.79450000,30238.23624096,9891.18697000
1,239,0.000000,0.764000,0.00000000,107.32720193,0.00000000,470.48698520,0.00000000,0.00000000,94.69756566,107.32720193,101.68074366,1745.79450000,30238.23624076,9891.18697000
1,240,0.000000,0.706000,0.00000000,107.32720193,0.00000000,426.62151026,0.00000000,0.00000000,94.69756566,107.32720193,101.68074366,1745.79450000,30238.23624055,9891.18697000
1,241,0.000000,0.647000,0.00000000,107.32720193,0.00000000,381.99973403,0.00000000,0.00000000,94.69756566,107.32720193,101.68074366,1745.79450000,30238.23624035,9891.18697000
1,242,0.000000,0.592000,0.00000000,107.32720193,0.00000000,340.40316297,0.00000000,0.00000000,94.69756566,107.32720193,101.68074366,1745.79450000,30238.23624014,9891.18697000
1,243,0.000000,0.533000,0.00000000,107.32720193,0.00000000,295.78138674,0.00000000,0.00000000,94.69756566,107.32720193,101.68074366,1745.79450000,30238.23623994,9891.18697000
1,244,0.000000,0.457000,0.00000000,107.32720193,0.00000000,238.30248854,0.00000000,0.00000000,94.69756566,107.32720193,101.68074366,1745.79450000,30238.23623973,9891.18697000
1,245,0.000000,0.388000,0.00000000,107.32720193,0.00000000,186.11769939,0.00000000,0.00000000,94.69756566,107.32720193,101.68074366,1745.79450000,30238.23623953,9891.18697000
1,246,0.005000,0.388000,0.00000000,89.89674172,0.91060575,203.54815960,0.00000000,0.00000000,78.66539600,89.89674172,84.63531998,1492.48099468,29984.92273400,9891.18697000
1,247,0.189000,0.583000,34.42089745,72.90630447,0.00000000,368.01734879,0.00000000,0.00000000,94.69756566,107.32720193,101.68074366,1745.79450000,29984.92273379,9891.18697000
1,248,0.401000,0.692000,73.03058137,34.29662055,0.00000000,489.06387354,0.00000000,0.00000000,94.69756566,107.32720193,101.68074366,1745.79450000,29984.92273359,9891.18697000
1,249,0.570000,0.655000,103.80905581,3.51814611,0.00000000,491.85920018,0.00000000,0.00000000,94.69756566,107.32720193,101.68074366,1745.79450000,29984.92273338,9891.18697000
1,250,0.683000,0.619000,107.32720193,0.00000000,17.06154390,468.15049978,0.00000000,0.00000000,94.69756566,107.32720193,101.68074366,1745.79450000,29984.92273318,9891.18697000
1,251,0.746000,0.599000,107.32720193,0.00000000,28.53517639,453.02447394,0.00000000,0.00000000,94.69756566,107.32720193,101.68074366,1745.79450000,29984.92273297,9891.18697000
1,252,0.762000,0.583000,107.32720193,0.00000000,31.44911479,440.92365326,0.00000000,0.00000000,94.69756566,107.32720193,101.68074366,1745.79450000,29984.92273277,9891.18697000
1,253,0.734000,0.590000,107.32720193,0.00000000,26.34972258,446.21776231,0.00000000,0.00000000,94.69756566,107.32720193,101.68074366,1745.79450000,29984.92273256,9891.18697000
1,254,0.663000,0.618000,107.32720193,0.00000000,13.41912089,467.39419849,0.00000000,0.00000000,94.69756566,107.32720193,101.68074366,1745.79450000,29984.92273236,9891.18697000
1,255,0.544000,0.661000,99.07390590,8.25329603,0.00000000,491.66185802,0.00000000,0.00000000,94.69756566,107.32720193,101.68074366,1745.79450000,29984.92273215,9891.18697000
1,256,0.374000,0.704000,68.11331031,38.77963118,0.00000000,493.65647843,0.00000000,0.00000000,94.69756566,106.89294148,101.68074366,1745.79450000,30238.23624117,8455.98295176
1,257,0.164000,0.750000,29.86786869,43.15325097,0.00000000,524.07271806,0.00000000,0.00000000,63.67817400,73.02111966,68.65710075,1244.73168631,30040.98125518,8169.89616031
1,258,0.003000,0.770000,0.54636345,72.39700996,0.00000000,509.95498492,0.00000000,0.00000000,63.67817400,72.94337341,68.65710075,1244.73168631,29889.07734133,7912.94957600
1,259,0.000000,0.785000,0.00000000,106.72863180,0.00000000,486.96788246,0.00000000,0.00000000,94.69756566,106.72863180,101.68074366,1745.79450000,30238.23624117,7912.94957600
1,260,0.000000,0.793000,0.00000000,107.32720193,0.00000000,492.41972267,0.00000000,0.00000000,94.69756566,107.32720193,101.68074366,1745.79450000,30238.23624137,9891.18696768
1,261,0.000000,0.821000,0.00000000,107.32720193,0.00000000,513.59615885,0.00000000,0.00000000,94.69756566,107.32720193,101.68074366,1745.79450000,30238.23624117,9891.18697000
1,262,0.000000,0.839000,0.00000000,107.32720193,0.00000000,527.20958210,0.00000000,0.00000000,94.69756566,107.32720193,101.68074366,1745.79450000,30238.23624096,9891.18697000
1,263,0.000000,0.812000,0.00000000,72.94337341,0.00000000,541.17327573,0.00000000,0.00000000,63.67817400,72.94337341,68.65710075,1244.73168631,30086.33232711,7912.94957600
1,264,0.000000,0.777000,0.00000000,107.23109968,0.00000000,480.41500424,0.00000000,0.00000000,94.69756566,107.23109968,101.68074366,1745.79450000,30142.39084768,9573.57495427
1,265,0.000000,0.733000,0.00000000,107.32720193,0.00000000,447.04164515,0.00000000,0.00000000,94.69756566,107.32720193,101.68074366,1745.79450000,30142.39084748,9891.18697000
1,266,0.000000,0.657000,0.00000000,107.32720193,0.00000000,389.56274695,0.00000000,0.00000000,94.69756566,107.32720193,101.68074366,1745.79450000,30142.39084727,9891.18697000
1,267,0.000000,0.580000,0.00000000,107.32720193,0.00000000,331.32754746,0.00000000,0.00000000,94.69756566,107.32720193,101.68074366,1745.79450000,30142.39084707,9891.18697000
1,268,0.000000,0.529000,0.00000000,107.32720193,0.00000000,292.75618157,0.00000000,0.00000000,94.69756566,107.32720193,101.68074366,1745.79450000,30142.39084686,9891.18697000
1,269,0.000000,0.480000,0.00000000,107.32720193,0.00000000,255.69741826,0.00000000,0.00000000,94.69756566,107.32720193,101.68074366,1745.79450000,30142.39084666,9891.18697000
1,270,0.003000,0.398000,0.00000000,89.29817159,0.54636345,211.70974264,0.00000000,0.00000000,78.66539600,89.29817159,84.63531998,1492.48099468,30238.23624117,7912.94957600
1,271,0.142000,0.591000,25.86120338,81.46599855,0.00000000,365.50806505,0.00000000,0.00000000,94.69756566,107.32720193,101.68074366,1745.79450000,30238.23624096,9891.18697000
1,272,0.307000,0.723000,55.91119322,2.20483064,0.00000000,544.60100351,0.00000000,0.00000000,49.73928100,58.11602386,53.75120360,1002.98064984,29584.41449363,9386.98242023
1,273,0.434000,0.666000,79.04057934,28.28662259,0.00000000,475.41003792,0.00000000,0.00000000,94.69756566,107.32720193,101.68074366,1745.79450000,29584.41449342,9891.18697000
1,274,0.548000,0.574000,0.00000000,58.26858481,99.80239050,375.84835682,0.00000000,0.00000000,49.73928100,58.26858481,53.75120360,1002.98064984,28841.60064305,9891.18697000
1,275,0.658000,0.514000,107.32720193,0.00000000,12.50851514,388.73886411,0.00000000,0.00000000,94.69756566,107.32720193,101.68074366,1745.79450000,28841.60064285,9891.18697000
1,276,0.740000,0.503000,107.32720193,0.00000000,27.44244948,380.41954990,0.00000000,0.00000000,94.69756566,107.32720193,101.68074366,1745.79450000,28841.60064264,9891.18697000
1,277,0.729000,0.532000,106.72863180,0.00000000,26.03768695,402.35228737,0.00000000,0.00000000,94.69756566,106.72863180,101.68074366,1745.79450000,29190.75954248,7912.94957600
1,278,0.659000,0.580000,107.32720193,0.00000000,12.69063629,438.65474939,0.00000000,0.00000000,94.69756566,107.32720193,101.68074366,1745.79450000,29190.75954227,9891.18697000
1,279,0.533000,0.643000,97.07057324,9.65805856,0.00000000,476.64367223,0.00000000,0.00000000,94.69756566,106.72863180,101.68074366,1745.79450000,29539.91844211,7912.94957600
1,280,0.350000,0.720000,63.74240269,43.58479923,0.00000000,500.95213104,0.00000000,0.00000000,94.69756566,107.32720193,101.68074366,1745.79450000,29539.91844190,9891.18697000
1,281,0.139000,0.796000,25.31483993,81.41379187,0.00000000,520.60203660,0.00000000,0.00000000,94.69756566,106.72863180,101.68074366,1745.79450000,29889.07734174,7912.94957600
1,282,0.000000,0.833000,0.00000000,106.72863180,0.00000000,523.27034447,0.00000000,0.00000000,94.69756566,106.72863180,101.68074366,1745.79450000,30238.23624158,7912.94957600
1,283,0.000000,0.836000,0.00000000,107.32720193,0.00000000,524.94067823,0.00000000,0.00000000,94.69756566,107.32720193,101.68074366,1745.79450000,30238.23624137,9891.18697000
1,284,0.000000,0.856000,0.00000000,107.32720193,0.00000000,540.06670407,0.00000000,0.00000000,94.69756566,107.32720193,101.68074366,1745.79450000,30238.23624117,9891.18697000
1,285,0.000000,0.868000,0.00000000,107.32720193,0.00000000,549.14231957,0.00000000,0.00000000,94.69756566,107.32720193,101.68074366,1745.79450000,30238.23624096,9891.18697000
1,286,0.000000,0.832000,0.00000000,107.32720193,0.00000000,521.91547306,0.00000000,0.00000000,94.69756566,107.32720193,101.68074366,1745.79450000,30238.23624076,9891.18697000
1,287,0.000000,0.764000,0.00000000,107.32720193,0.00000000,470.48698520,0.00000000,0.00000000,94.69756566,107.32720193,101.68074366,1745.79450000,30238.23624055,9891.18697000
1,288,0.000000,0.668000,0.00000000,107.32720193,0.00000000,397.88206116,0.00000000,0.00000000,94.69756566,107.32720193,101.68074366,1745.79450000,30238.23624035,9891.18697000
1,289,0.000000,0.575000,0.00000000,107.32720193,0.00000000,327.54604100,0.00000000,0.00000000,94.69756566,107.32720193,101.68074366,1745.79450000,30238.23624014,9891.18697000
1,290,0.000000,0.490000,0.00000000,107.32720193,0.00000000,263.26043118,0.00000000,0.00000000,94.69756566,107.32720193,101.68074366,1745.79450000,30238.23623994,9891.18697000
1,291,0.000000,0.398000,0.00000000,107.32720193,0.00000000,193.68071231,0.00000000,0.00000000,94.69756566,107.32720193,101.68074366,1745.79450000,30238.23623973,9891.18697000
1,292,0.000000,0.358000,0.00000000,107.32720193,0.00000000,163.42866063,0.00000000,0.00000000,94.69756566,107.32720193,101.68074366,1745.79450000,30238.23623953,9891.18697000
1,293,0.000000,0.356000,0.00000000,107.32720193,0.00000000,161.91605804,0.00000000,0.00000000,94.69756566,107.32720193,101.68074366,1745.79450000,30238.23623932,9891.18697000
1,294,0.005000,0.333000,0.00000000,73.28153160,0.91060575,178.56679866,0.00000000,0.00000000,63.67817400,73.28153160,68.65710075,1244.73168631,29889.07734133,9030.54155412
1,295,0.194000,0.609000,35.33150321,71.39712859,0.00000000,389.19035826,0.00000000,0.00000000,94.69756566,106.72863180,101.68074366,1745.79450000,30238.23624117,7912.94957600
1,296,0.404000,0.729000,57.67001469,0.00000000,15.90693014,551.34364190,0.00000000,0.00000000,49.73928100,57.67001469,53.75120360,1002.98064984,29844.58129084,7912.94957600
1,297,0.569000,0.707000,103.62693466,3.70026726,0.00000000,531.00474622,0.00000000,0.00000000,94.69756566,107.32720193,101.68074366,1745.79450000,29844.58129063,9891.18697000
1,298,0.679000,0.663000,106.72863180,0.00000000,16.93162942,501.42775663,0.00000000,0.00000000,94.69756566,106.72863180,101.68074366,1745.79450000,30193.74019047,7912.94957600
1,299,0.740000,0.615000,107.32720193,0.00000000,27.44244948,465.12529461,0.00000000,0.00000000,94.69756566,107.32720193,101.68074366,1745.79450000,30193.74019026,9891.18697000
1,300,0.756000,0.584000,107.32720193,0.00000000,30.35638789,441.67995456,0.00000000,0.00000000,94.69756566,107.32720193,101.68074366,1745.79450000,30193.74019006,9891.18697000
1,301,0.730000,0.592000,58.18423130,0.00000000,74.76420860,447.73036489,0.00000000,0.00000000,49.73928100,58.18423130,53.75120360,1002.98064984,29500.13156817,9612.40380581
1,302,0.651000,0.630000,106.72863180,0.00000000,11.83223721,476.46981399,0.00000000,0.00000000,94.69756566,106.72863180,101.68074366,1745.79450000,29849.29046801,7912.94957600
1,303,0.503000,0.692000,73.54194353,0.00000000,18.06499519,523.36049410,0.00000000,0.00000000,63.67817400,73.54194353,68.65710075,1244.73168631,29348.22765411,9891.18697000
1,304,0.313000,0.756000,57.00392012,49.72471168,0.00000000,522.03906511,0.00000000,0.00000000,94.69756566,106.72863180,101.68074366,1745.79450000,29697.38655395,7912.94957600
1,305,0.121000,0.812000,22.03665922,67.86008250,0.00000000,546.25656664,0.00000000,0.00000000,78.66539600,89.89674172,84.63531998,1492.48099468,29444.07304842,9891.18697000
1,306,0.000000,0.834000,0.00000000,106.72863180,0.00000000,524.02664577,0.00000000,0.00000000,94.69756566,106.72863180,101.68074366,1745.79450000,29793.23194825,7912.94957600
1,307,0.000000,0.836000,0.00000000,107.32720193,0.00000000,524.94067823,0.00000000,0.00000000,94.69756566,107.32720193,101.68074366,1745.79450000,29793.23194805,9891.18697000
1,308,0.000000,0.844000,0.00000000,107.32720193,0.00000000,530.99108856,0.00000000,0.00000000,94.69756566,107.32720193,101.68074366,1745.79450000,29793.23194784,9891.18697000
1,309,0.000000,0.855000,0.00000000,106.72863180,0.00000000,539.90897290,0.00000000,0.00000000,94.69756566,106.72863180,101.68074366,1745.79450000,30142.39084768,7912.94957600
1,310,0.000000,0.832000,0.00000000,107.32720193,0.00000000,521.91547306,0.00000000,0.00000000,94.69756566,107.32720193,101.68074366,1745.79450000,30142.39084748,9891.18697000
1,311,0.000000,0.780000,0.00000000,107.32720193,0.00000000,482.58780587,0.00000000,0.00000000,94.69756566,107.32720193,101.68074366,1745.79450000,30142.39084727,9891.18697000
1,312,0.000000,0.700000,0.00000000,107.32720193,0.00000000,422.08370251,0.00000000,0.00000000,94.69756566,107.32720193,101.68074366,1745.79450000,30142.39084707,9891.18697000
1,313,0.000000,0.617000,0.00000000,107.32720193,0.00000000,359.31069527,0.00000000,0.00000000,94.69756566,107.32720193,101.68074366,1745.79450000,30142.39084686,9891.18697000
1,314,0.000000,0.535000,0.00000000,89.89674172,0.00000000,314.72444953,0.00000000,0.00000000,78.66539600,89.89674172,84.63531998,1492.48099468,29889.07734133,9891.18697000
1,315,0.000000,0.444000,0.00000000,106.72863180,0.00000000,229.06914187,0.00000000,0.00000000,94.69756566,106.72863180,101.68074366,1745.79450000,30238.23624117,7912.94957600
1,316,0.000000,0.371000,0.00000000,30.37356422,0.00000000,250.21421512,0.00000000,0.00000000,25.00174700,30.37356422,27.15938231,539.40882693,29381.00946793,7912.94957600
1,317,0.000000,0.315000,0.00000000,106.72863180,0.00000000,131.50627519,0.00000000,0.00000000,94.69756566,106.72863180,101.68074366,1745.79450000,29730.16836776,7912.94957600
1,318,0.004000,0.298000,0.72848460,106.59871732,0.00000000,118.77906771,0.00000000,0.00000000,94.69756566,107.32720193,101.68074366,1745.79450000,29730.16836756,9891.18697000
1,319,0.162000,0.540000,29.50362639,0.86993784,0.00000000,407.53275987,0.00000000,0.00000000,25.00174700,30.37356422,27.15938231,539.40882693,28872.94159432,7912.94957600
1,320,0.365000,0.665000,66.47421995,40.25441185,0.00000000,462.68594736,0.00000000,0.00000000,94.69756566,106.72863180,101.68074366,1745.79450000,29222.10049416,7912.94957600
1,321,0.522000,0.610000,95.06724059,11.66139121,0.00000000,449.68239694,0.00000000,0.00000000,94.69756566,106.72863180,101.68074366,1745.79450000,29571.25939399,7912.94957600
1,322,0.602000,0.523000,106.72863180,0.00000000,2.90830083,395.54557574,0.00000000,0.00000000,94.69756566,106.72863180,101.68074366,1745.79450000,29920.41829383,7912.94957600
1,323,0.638000,0.460000,106.78236023,0.00000000,9.41093383,347.89859434,0.00000000,0.00000000,94.69756566,106.78236023,101.68074366,1745.79450000,30238.23624117,8090.51871196
1,324,0.673000,0.460000,44.07720969,0.00000000,78.49032463,347.89859434,0.00000000,0.00000000,36.84682300,44.07720969,39.91750131,767.66957627,29260.11131723,9891.18697000
1,325,0.682000,0.483000,58.26858481,0.00000000,65.93803986,365.29352406,0.00000000,0.00000000,49.73928100,58.26858481,53.75120360,1002.98064984,28517.29746686,9891.18697000
1,326,0.636000,0.511000,106.72863180,0.00000000,9.10041995,386.46996024,0.00000000,0.00000000,94.69756566,106.72863180,101.68074366,1745.79450000,28866.45636670,7912.94957600
1,327,0.532000,0.568000,30.37356422,0.00000000,66.51488787,429.57913388,0.00000000,0.00000000,25.00174700,30.37356422,27.15938231,539.40882693,28009.22959346,7912.94957600
1,328,0.369000,0.661000,57.67001469,0.00000000,9.53268987,499.91515404,0.00000000,0.00000000,49.73928100,57.67001469,53.75120360,1002.98064984,27615.57464313,7912.94957600
1,329,0.157000,0.729000,28.59302064,14.88561892,0.00000000,536.45802298,0.00000000,0.00000000,36.84682300,43.47863956,39.91750131,767.66957627,26986.60861924,7912.94957600
1,330,0.001000,0.732000,0.18212115,106.54651065,0.00000000,447.06603513,0.00000000,0.00000000,94.69756566,106.72863180,101.68074366,1745.79450000,27335.76751907,7912.94957600
1,331,0.000000,0.697000,0.00000000,30.37356422,0.00000000,496.76843633,0.00000000,0.00000000,25.00174700,30.37356422,27.15938231,539.40882693,26478.54074583,7912.94957600
1,332,0.000000,0.695000,0.00000000,107.32720193,0.00000000,418.30219605,0.00000000,0.00000000,94.69756566,107.32720193,101.68074366,1745.79450000,26478.54074563,9891.18697000
1,333,0.000000,0.650000,0.00000000,89.29817159,0.00000000,402.29766824,0.00000000,0.00000000,78.66539600,89.29817159,84.63531998,1492.48099468,26574.38614014,7912.94957600
1,334,0.000000,0.584000,0.00000000,73.54194353,0.00000000,368.13801102,0.00000000,0.00000000,63.67817400,73.54194353,68.65710075,1244.73168631,26073.32332625,9891.18697000
1,335,0.000000,0.499000,0.00000000,106.72863180,0.00000000,270.66571293,0.00000000,0.00000000,94.69756566,106.72863180,101.68074366,1745.79450000,26422.48222608,7912.94957600
1,336,0.000000,0.409000,0.00000000,107.32720193,0.00000000,202.00002652,0.00000000,0.00000000,94.69756566,107.32720193,101.68074366,1745.79450000,26422.48222588,9891.18697000
1,337,0.000000,0.356000,0.00000000,106.72863180,0.00000000,162.51462817,0.00000000,0.00000000,94.69756566,106.72863180,101.68074366,1745.79450000,26771.64112571,7912.94957600
1,338,0.000000,0.286000,0.00000000,106.72863180,0.00000000,109.57353772,0.00000000,0.00000000,94.69756566,106.72863180,101.68074366,1745.79450000,27120.80002555,7912.94957600
1,339,0.000000,0.236000,0.00000000,106.72863180,0.00000000,71.75847312,0.00000000,0.00000000,94.69756566,106.72863180,101.68074366,1745.79450000,27469.95892538,7912.94957600
1,340,0.000000,0.192000,0.00000000,73.54194353,0.00000000,71.66790454,0.00000000,0.00000000,63.67817400,73.54194353,68.65710075,1244.73168631,26968.89611149,9891.18697000
1,341,0.000000,0.159000,0.00000000,106.72863180,0.00000000,13.52327363,0.00000000,0.00000000,94.69756566,106.72863180,101.68074366,1745.79450000,27318.05501133,7912.94957600
1,342,0.002000,0.184000,0.36424230,106.36438950,0.00000000,32.79504824,0.00000000,0.00000000,94.69756566,106.72863180,101.68074366,1745.79450000,27667.21391116,7912.94957600
1,343,0.136000,0.340000,24.76847647,48.77346706,0.00000000,208.36897224,0.00000000,0.00000000,63.67817400,73.54194353,68.65710075,1244.73168631,27166.15109727,9891.18697000
1,344,0.283000,0.441000,51.54028561,55.78691632,0.00000000,277.74195347,0.00000000,0.00000000,94.69756566,107.32720193,101.68074366,1745.79450000,27166.15109706,9891.18697000
1,345,0.410000,0.444000,2.39428050,0.00000000,72.27539123,335.79777367,0.00000000,0.00000000,0.00000000,2.39428050,0.00000000,0.00000000,25769.51549690,7912.94957600
1,346,0.527000,0.421000,95.97784634,11.34935559,0.00000000,307.05348837,0.00000000,0.00000000,94.69756566,107.32720193,101.68074366,1745.79450000,25769.51549670,9891.18697000
1,347,0.610000,0.379000,57.67001469,0.00000000,53.42388715,286.63818969,0.00000000,0.00000000,49.73928100,57.67001469,53.75120360,1002.98064984,25375.86054637,7912.94957600
1,348,0.650000,0.374000,106.72863180,0.00000000,11.65011606,282.85668323,0.00000000,0.00000000,94.69756566,106.72863180,101.68074366,1745.79450000,25725.01944620,7912.94957600
1,349,0.601000,0.440000,89.29817159,0.00000000,20.15663989,332.77256850,0.00000000,0.00000000,78.66539600,89.29817159,84.63531998,1492.48099468,25820.86484071,7912.94957600
1,350,0.502000,0.500000,91.42481758,15.90238435,0.00000000,362.24826167,0.00000000,0.00000000,94.69756566,107.32720193,101.68074366,1745.79450000,25820.86484051,9891.18697000
1,351,0.407000,0.480000,74.12330827,15.17486332,0.00000000,347.84975687,0.00000000,0.00000000,78.66539600,89.29817159,84.63531998,1492.48099468,25916.71023502,7912.94957600
1,352,0.274000,0.431000,44.07720969,0.00000000,5.82398556,325.96585687,0.00000000,0.00000000,36.84682300,44.07720969,39.91750131,767.66957627,24938.58531109,9891.18697000
1,353,0.092000,0.459000,16.75514585,89.97348595,0.00000000,257.16880710,0.00000000,0.00000000,94.69756566,106.72863180,101.68074366,1745.79450000,25287.74421092,7912.94957600
1,354,0.000000,0.527000,0.00000000,89.29817159,0.00000000,309.27260932,0.00000000,0.00000000,78.66539600,89.29817159,84.63531998,1492.48099468,25383.58960543,7912.94957600
1,355,0.000000,0.528000,0.00000000,43.47863956,0.00000000,355.84844264,0.00000000,0.00000000,36.84682300,43.47863956,39.91750131,767.66957627,24754.62358154,7912.94957600
1,356,0.000000,0.483000,0.00000000,89.89674172,0.00000000,275.39678234,0.00000000,0.00000000,78.66539600,89.89674172,84.63531998,1492.48099468,24501.31007601,9891.18697000
1,357,0.000000,0.484000,0.00000000,106.72863180,0.00000000,259.32119355,0.00000000,0.00000000,94.69756566,106.72863180,101.68074366,1745.79450000,24850.46897584,7912.94957600
1,358,0.000000,0.498000,0.00000000,106.72863180,0.00000000,269.90941164,0.00000000,0.00000000,94.69756566,106.72863180,101.68074366,1745.79450000,25199.62787568,7912.94957600
1,359,0.000000,0.459000,0.00000000,89.29817159,0.00000000,257.84412146,0.00000000,0.00000000,78.66539600,89.29817159,84.63531998,1492.48099468,25295.47327019,7912.94957600
1,360,0.000000,0.421000,0.00000000,106.72863180,0.00000000,211.67421215,0.00000000,0.00000000,94.69756566,106.72863180,101.68074366,1745.79450000,25644.63217003,7912.94957600
1,361,0.000000,0.382000,0.00000000,106.72863180,0.00000000,182.17846176,0.00000000,0.00000000,94.69756566,106.72863180,101.68074366,1745.79450000,25993.79106986,7912.94957600
1,362,0.000000,0.352000,0.00000000,106.72863180,0.00000000,159.48942300,0.00000000,0.00000000,94.69756566,106.72863180,101.68074366,1745.79450000,26342.94996970,7912.94957600
1,363,0.000000,0.355000,0.00000000,106.72863180,0.00000000,161.75832688,0.00000000,0.00000000,94.69756566,106.72863180,101.68074366,1745.79450000,26692.10886954,7912.94957600
1,364,0.000000,0.328000,0.00000000,106.72863180,0.00000000,141.33819199,0.00000000,0.00000000,94.69756566,106.72863180,101.68074366,1745.79450000,27041.26776937,7912.94957600
1,365,0.000000,0.281000,0.00000000,107.32720193,0.00000000,105.19346114,0.00000000,0.00000000,94.69756566,107.32720193,101.68074366,1745.79450000,27041.26776917,9891.18697000
1,366,0.002000,0.235000,0.36424230,106.96295962,0.00000000,70.76784401,0.00000000,0.00000000,94.69756566,107.32720193,101.68074366,1745.79450000,27041.26776896,9891.18697000
1,367,0.136000,0.399000,24.76847647,64.52969512,0.00000000,237.23452041,0.00000000,0.00000000,78.66539600,89.29817159,84.63531998,1492.48099468,27137.11316347,7912.94957600
1,368,0.316000,0.495000,0.00000000,72.94337341,57.55028357,301.42576615,0.00000000,0.00000000,63.67817400,72.94337341,68.65710075,1244.73168631,26985.20924962,7912.94957600
1,369,0.459000,0.504000,83.59360810,23.20730293,0.00000000,357.96854826,0.00000000,0.00000000,94.69756566,106.80091103,101.68074366,1745.79450000,27292.20610904,8151.82799197
1,370,0.574000,0.505000,104.53754042,2.19109138,0.00000000,379.74106110,0.00000000,0.00000000,94.69756566,106.72863180,101.68074366,1745.79450000,27641.36500887,7912.94957600
1,371,0.638000,0.520000,72.94337341,0.00000000,43.24992064,393.27667186,0.00000000,0.00000000,63.67817400,72.94337341,68.65710075,1244.73168631,27489.46109502,7912.94957600
1,372,0.645000,0.555000,106.72863180,0.00000000,10.73951030,419.74721709,0.00000000,0.00000000,94.69756566,106.72863180,101.68074366,1745.79450000,27838.61999486,7912.94957600
1,373,0.621000,0.601000,106.72863180,0.00000000,6.36860269,454.53707652,0.00000000,0.00000000,94.69756566,106.72863180,101.68074366,1745.79450000,28187.77889469,7912.94957600
1,374,0.496000,0.663000,90.33209067,16.39654113,0.00000000,485.03121550,0.00000000,0.00000000,94.69756566,106.72863180,101.68074366,1745.79450000,28536.93779453,7912.94957600
1,375,0.357000,0.711000,65.01725075,41.71138105,0.00000000,496.01883759,0.00000000,0.00000000,94.69756566,106.72863180,101.68074366,1745.79450000,28886.09669437,7912.94957600
1,376,0.230000,0.722000,41.88786463,64.84076717,0.00000000,481.20876568,0.00000000,0.00000000,94.69756566,106.72863180,101.68074366,1745.79450000,29235.25559420,7912.94957600
1,377,0.091000,0.715000,16.57302470,90.75417723,0.00000000,450.00124659,0.00000000,0.00000000,94.69756566,107.32720193,101.68074366,1745.79450000,29235.25559400,9891.18697000
1,378,0.000000,0.678000,0.00000000,106.72863180,0.00000000,406.04364421,0.00000000,0.00000000,94.69756566,106.72863180,101.68074366,1745.79450000,29584.41449383,7912.94957600
1,379,0.000000,0.622000,0.00000000,107.32720193,0.00000000,363.09220173,0.00000000,0.00000000,94.69756566,107.32720193,101.68074366,1745.79450000,29584.41449363,9891.18697000
1,380,0.000000,0.620000,0.00000000,106.72863180,0.00000000,362.17816927,0.00000000,0.00000000,94.69756566,106.72863180,101.68074366,1745.79450000,29933.57339346,7912.94957600
1,381,0.000000,0.626000,0.00000000,58.26858481,0.00000000,415.17602401,0.00000000,0.00000000,49.73928100,58.26858481,53.75120360,1002.98064984,29190.75954309,9891.18697000
1,382,0.000000,0.588000,0.00000000,107.32720193,0.00000000,337.37795780,0.00000000,0.00000000,94.69756566,107.32720193,101.68074366,1745.79450000,29190.75954289,9891.18697000
1,383,0.000000,0.525000,0.00000000,107.32720193,0.00000000,289.73097640,0.00000000,0.00000000,94.69756566,107.32720193,101.68074366,1745.79450000,29190.75954268,9891.18697000
1,384,0.000000,0.494000,0.00000000,107.32720193,0.00000000,266.28563635,0.00000000,0.00000000,94.69756566,107.32720193,101.68074366,1745.79450000,29190.75954248,9891.18697000
1,385,0.000000,0.454000,0.00000000,107.32720193,0.00000000,236.03358466,0.00000000,0.00000000,94.69756566,107.32720193,101.68074366,1745.79450000,29190.75954227,9891.18697000
1,386,0.000000,0.398000,0.00000000,106.72863180,0.00000000,194.27928243,0.00000000,0.00000000,94.69756566,106.72863180,101.68074366,1745.79450000,29539.91844211,7912.94957600
1,387,0.000000,0.378000,0.00000000,106.72863180,0.00000000,179.15325659,0.00000000,0.00000000,94.69756566,106.72863180,101.68074366,1745.79450000,29889.07734195,7912.94957600
1,388,0.000000,0.353000,0.00000000,107.32720193,0.00000000,159.64715417,0.00000000,0.00000000,94.69756566,107.32720193,101.68074366,1745.79450000,29889.07734174,9891.18697000
1,389,0.000000,0.305000,0.00000000,107.32720193,0.00000000,123.34469215,0.00000000,0.00000000,94.69756566,107.32720193,101.68074366,1745.79450000,29889.07734154,9891.18697000
1,390,0.003000,0.255000,0.54636345,106.18226835,0.00000000,86.67456112,0.00000000,0.00000000,94.69756566,106.72863180,101.68074366,1745.79450000,30238.23624137,7912.94957600
1,391,0.161000,0.505000,29.32150524,78.00569669,0.00000000,303.92645580,0.00000000,0.00000000,94.69756566,107.32720193,101.68074366,1745.79450000,30238.23624117,9891.18697000
1,392,0.354000,0.618000,64.47088730,42.85631463,0.00000000,424.53788385,0.00000000,0.00000000,94.69756566,107.32720193,101.68074366,1745.79450000,30238.23624096,9891.18697000
1,393,0.515000,0.580000,93.79239253,13.53480939,0.00000000,425.11994000,0.00000000,0.00000000,94.69756566,107.32720193,101.68074366,1745.79450000,30238.23624076,9891.18697000
1,394,0.635000,0.511000,107.32720193,0.00000000,8.31972867,386.46996024,0.00000000,0.00000000,94.69756566,107.32720193,101.68074366,1745.79450000,30238.23624055,9891.18697000
1,395,0.702000,0.457000,107.32720193,0.00000000,20.52184576,345.62969047,0.00000000,0.00000000,94.69756566,107.32720193,101.68074366,1745.79450000,30238.23624035,9891.18697000
1,396,0.723000,0.436000,107.32720193,0.00000000,24.34638992,329.74736333,0.00000000,0.00000000,94.69756566,107.32720193,101.68074366,1745.79450000,30238.23624014,9891.18697000
1,397,0.691000,0.452000,107.32720193,0.00000000,18.51851311,341.84818401,0.00000000,0.00000000,94.69756566,107.32720193,101.68074366,1745.79450000,30238.23623994,9891.18697000
1,398,0.620000,0.501000,107.32720193,0.00000000,5.58791142,378.90694732,0.00000000,0.00000000,94.69756566,107.32720193,101.68074366,1745.79450000,30238.23623973,9891.18697000
1,399,0.505000,0.575000,91.97118103,15.35602090,0.00000000,419.51722203,0.00000000,0.00000000,94.69756566,107.32720193,101.68074366,1745.79450000,30238.23623953,9891.18697000
1,400,0.314000,0.654000,57.18604127,50.14116065,0.00000000,444.47988435,0.00000000,0.00000000,94.69756566,107.32720193,101.68074366,1745.79450000,30238.23623932,9891.18697000
1,401,0.127000,0.708000,23.12938612,84.19781581,0.00000000,451.26349896,0.00000000,0.00000000,94.69756566,107.32720193,101.68074366,1745.79450000,30238.23623912,9891.18697000
1,402,0.001000,0.722000,0.18212115,107.14508078,0.00000000,438.90445208,0.00000000,0.00000000,94.69756566,107.32720193,101.68074366,1745.79450000,30238.23623891,9891.18697000
1,403,0.000000,0.708000,0.00000000,107.32720193,0.00000000,428.13411284,0.00000000,0.00000000,94.69756566,107.32720193,101.68074366,1745.79450000,30238.23623871,9891.18697000
1,404,0.000000,0.718000,0.00000000,107.32720193,0.00000000,435.69712576,0.00000000,0.00000000,94.69756566,107.32720193,101.68074366,1745.79450000,30238.23623850,9891.18697000
1,405,0.000000,0.732000,0.00000000,107.32720193,0.00000000,446.28534385,0.00000000,0.00000000,94.69756566,107.32720193,101.68074366,1745.79450000,30238.23623830,9891.18697000
1,406,0.000000,0.714000,0.00000000,107.32720193,0.00000000,432.67192060,0.00000000,0.00000000,94.69756566,107.32720193,101.68074366,1745.79450000,30238.23623809,9891.18697000
1,407,0.000000,0.662000,0.00000000,107.32720193,0.00000000,393.34425341,0.00000000,0.00000000,94.69756566,107.32720193,101.68074366,1745.79450000,30238.23623789,9891.18697000
1,408,0.000000,0.586000,0.00000000,107.32720193,0.00000000,335.86535521,0.00000000,0.00000000,94.69756566,107.32720193,101.68074366,1745.79450000,30238.23623768,9891.18697000
1,409,0.000000,0.482000,0.00000000,107.32720193,0.00000000,257.21002084,0.00000000,0.00000000,94.69756566,107.32720193,101.68074366,1745.79450000,30238.23623748,9891.18697000
1,410,0.000000,0.382000,0.00000000,107.32720193,0.00000000,181.57989164,0.00000000,0.00000000,94.69756566,107.32720193,101.68074366,1745.79450000,30238.23623727,9891.18697000
1,411,0.000000,0.305000,0.00000000,107.32720193,0.00000000,123.34469215,0.00000000,0.00000000,94.69756566,107.32720193,101.68074366,1745.79450000,30238.23623707,9891.18697000
1,412,0.000000,0.245000,0.00000000,107.32720193,0.00000000,77.96661463,0.00000000,0.00000000,94.69756566,107.32720193,101.68074366,1745.79450000,30238.23623686,9891.18697000
1,413,0.000000,0.154000,0.00000000,89.89674172,0.00000000,26.57365726,0.00000000,0.00000000,78.66539600,89.89674172,84.63531998,1492.48099468,29984.92273133,9891.18697000
1,414,0.004000,0.123000,0.72848460,93.02505892,0.00000000,0.00000000,0.00000000,0.00000000,82.21280077,93.75354352,88.40692550,1548.53118254,29787.65941367,9891.18697000
1,415,0.177000,0.283000,32.23544365,75.09175828,0.00000000,138.94150737,0.00000000,0.00000000,94.69756566,107.32720193,101.68074366,1745.79450000,29787.65941347,9891.18697000
1,416,0.384000,0.372000,69.93452181,36.79410999,0.00000000,244.54997065,0.00000000,0.00000000,94.69756566,106.72863180,101.68074366,1745.79450000,30136.81831330,7912.94957600
1,417,0.551000,0.388000,100.34875395,6.97844797,0.00000000,286.46645334,0.00000000,0.00000000,94.69756566,107.32720193,101.68074366,1745.79450000,30136.81831310,9891.18697000
1,418,0.660000,0.393000,107.32720193,0.00000000,12.87275744,297.22640777,0.00000000,0.00000000,94.69756566,107.32720193,101.68074366,1745.79450000,30136.81831289,9891.18697000
1,419,0.704000,0.410000,107.32720193,0.00000000,20.88608806,310.08352974,0.00000000,0.00000000,94.69756566,107.32720193,101.68074366,1745.79450000,30136.81831269,9891.18697000
1,420,0.687000,0.452000,107.32720193,0.00000000,17.79002850,341.84818401,0.00000000,0.00000000,94.69756566,107.32720193,101.68074366,1745.79450000,30136.81831248,9891.18697000
1,421,0.649000,0.504000,107.15333913,0.00000000,11.04328758,381.17585119,0.00000000,0.00000000,94.69756566,107.15333913,101.68074366,1745.79450000,30238.23624117,9316.58114059
1,422,0.556000,0.544000,101.25935971,6.06784222,0.00000000,405.36006065,0.00000000,0.00000000,94.69756566,107.32720193,101.68074366,1745.79450000,30238.23624096,9891.18697000
1,423,0.399000,0.590000,72.66633907,34.66086286,0.00000000,411.55689945,0.00000000,0.00000000,94.69756566,107.32720193,101.68074366,1745.79450000,30238.23624076,9891.18697000
1,424,0.228000,0.636000,41.52362233,65.80357960,0.00000000,415.20404214,0.00000000,0.00000000,94.69756566,107.32720193,101.68074366,1745.79450000,30238.23624055,9891.18697000
1,425,0.086000,0.662000,15.66241895,91.66478298,0.00000000,409.00667236,0.00000000,0.00000000,94.69756566,107.32720193,101.68074366,1745.79450000,30238.23624035,9891.18697000
1,426,0.000000,0.637000,0.00000000,107.32720192,0.00000000,374.43672111,0.00000000,0.00000000,94.69756566,107.32720192,101.68074366,1745.79450000,30238.23624158,9891.18696187
1,427,0.000000,0.571000,0.00000000,107.32720193,0.00000000,324.52083583,0.00000000,0.00000000,94.69756566,107.32720193,101.68074366,1745.79450000,30238.23624137,9891.18697000
1,428,0.000000,0.587000,0.00000000,107.32720193,0.00000000,336.62165651,0.00000000,0.00000000,94.69756566,107.32720193,101.68074366,1745.79450000,30238.23624117,9891.18697000
1,429,0.000000,0.619000,0.00000000,107.32720193,0.00000000,360.82329785,0.00000000,0.00000000,94.69756566,107.32720193,101.68074366,1745.79450000,30238.23624096,9891.18697000
1,430,0.000000,0.599000,0.00000000,107.32720193,0.00000000,345.69727201,0.00000000,0.00000000,94.69756566,107.32720193,101.68074366,1745.79450000,30238.23624076,9891.18697000
1,431,0.000000,0.527000,0.00000000,107.32720193,0.00000000,291.24357898,0.00000000,0.00000000,94.69756566,107.32720193,101.68074366,1745.79450000,30238.23624055,9891.18697000
1,432,0.000000,0.454000,0.00000000,107.32720193,0.00000000,236.03358466,0.00000000,0.00000000,94.69756566,107.32720193,101.68074366,1745.79450000,30238.23624035,9891.18697000
1,433,0.000000,0.379000,0.00000000,107.32720193,0.00000000,179.31098776,0.00000000,0.00000000,94.69756566,107.32720193,101.68074366,1745.79450000,30238.23624014,9891.18697000
1,434,0.000000,0.299000,0.00000000,107.32720193,0.00000000,118.80688440,0.00000000,0.00000000,94.69756566,107.32720193,101.68074366,1745.79450000,30238.23623994,9891.18697000
1,435,0.000000,0.249000,0.00000000,107.32720193,0.00000000,80.99181979,0.00000000,0.00000000,94.69756566,107.32720193,101.68074366,1745.79450000,30238.23623973,9891.18697000
1,436,0.000000,0.222000,0.00000000,107.32720193,0.00000000,60.57168491,0.00000000,0.00000000,94.69756566,107.32720193,101.68074366,1745.79450000,30238.23623953,9891.18697000
1,437,0.000000,0.192000,0.00000000,107.32720193,0.00000000,37.88264615,0.00000000,0.00000000,94.69756566,107.32720193,101.68074366,1745.79450000,30238.23623932,9891.18697000
1,438,0.004000,0.172000,0.72848460,106.59871732,0.00000000,23.48510491,0.00000000,0.00000000,94.69756566,107.32720193,101.68074366,1745.79450000,30238.23623912,9891.18697000
1,439,0.168000,0.340000,30.59635329,76.73084863,0.00000000,180.41159066,0.00000000,0.00000000,94.69756566,107.32720193,101.68074366,1745.79450000,30238.23623891,9891.18697000
1,440,0.346000,0.466000,63.01391809,44.31328384,0.00000000,308.12311826,0.00000000,0.00000000,94.69756566,107.32720193,101.68074366,1745.79450000,30238.23623871,9891.18697000
1,441,0.457000,0.425000,83.22936580,24.09783612,0.00000000,297.33021300,0.00000000,0.00000000,94.69756566,107.32720193,101.68074366,1745.79450000,30238.23623850,9891.18697000
1,442,0.569000,0.371000,103.62693466,3.70026726,0.00000000,276.88751209,0.00000000,0.00000000,94.69756566,107.32720193,101.68074366,1745.79450000,30238.23623830,9891.18697000
1,443,0.646000,0.341000,107.32720193,0.00000000,10.32306133,257.89874059,0.00000000,0.00000000,94.69756566,107.32720193,101.68074366,1745.79450000,30238.23623809,9891.18697000
1,444,0.672000,0.315000,107.32720193,0.00000000,15.05821124,238.23490699,0.00000000,0.00000000,94.69756566,107.32720193,101.68074366,1745.79450000,30238.23623789,9891.18697000
1,445,0.642000,0.290000,107.32720193,0.00000000,9.59457673,219.32737469,0.00000000,0.00000000,94.69756566,107.32720193,101.68074366,1745.79450000,30238.23623768,9891.18697000
1,446,0.562000,0.295000,102.35208661,4.97511532,0.00000000,218.13376584,0.00000000,0.00000000,94.69756566,107.32720193,101.68074366,1745.79450000,30238.23623748,9891.18697000
1,447,0.382000,0.323000,69.57027951,37.75692242,0.00000000,206.52839492,0.00000000,0.00000000,94.69756566,107.32720193,101.68074366,1745.79450000,30238.23623727,9891.18697000
1,448,0.148000,0.374000,26.95393028,80.37327164,0.00000000,202.48341158,0.00000000,0.00000000,94.69756566,107.32720193,101.68074366,1745.79450000,30238.23623707,9891.18697000
1,449,0.029000,0.462000,5.28151337,102.04568856,0.00000000,247.36550837,0.00000000,0.00000000,94.69756566,107.32720193,101.68074366,1745.79450000,30238.23623686,9891.18697000
1,450,0.000000,0.498000,0.00000000,107.32720193,0.00000000,269.31084151,0.00000000,0.00000000,94.69756566,107.32720193,101.68074366,1745.79450000,30238.23623666,9891.18697000
1,451,0.000000,0.501000,0.00000000,107.32720193,0.00000000,271.57974539,0.00000000,0.00000000,94.69756566,107.32720193,101.68074366,1745.79450000,30238.23623645,9891.18697000
1,452,0.000000,0.488000,0.00000000,107.32720193,0.00000000,261.74782859,0.00000000,0.00000000,94.69756566,107.32720193,101.68074366,1745.79450000,30238.23623625,9891.18697000
1,453,0.000000,0.425000,0.00000000,107.32720193,0.00000000,214.10084719,0.00000000,0.00000000,94.69756566,107.32720193,101.68074366,1745.79450000,30238.23623604,9891.18697000
1,454,0.000000,0.364000,0.00000000,107.32720193,0.00000000,167.96646838,0.00000000,0.00000000,94.69756566,107.32720193,101.68074366,1745.79450000,30238.23623584,9891.18697000
1,455,0.000000,0.320000,0.00000000,107.32720193,0.00000000,134.68921153,0.00000000,0.00000000,94.69756566,107.32720193,101.68074366,1745.79450000,30238.23623563,9891.18697000
1,456,0.000000,0.280000,0.00000000,107.32720193,0.00000000,104.43715985,0.00000000,0.00000000,94.69756566,107.32720193,101.68074366,1745.79450000,30238.23623543,9891.18697000
1,457,0.000000,0.212000,0.00000000,107.32720192,0.00000000,53.00867200,0.00000000,0.00000000,94.69756566,107.32720192,101.68074366,1745.79450000,30238.23624117,9891.18693632
1,458,0.000000,0.156000,0.00000000,107.32720193,0.00000000,10.65579963,0.00000000,0.00000000,94.69756566,107.32720193,101.68074366,1745.79450000,30238.23624117,9891.18696884
1,459,0.000000,0.124000,0.00000000,93.78136021,0.00000000,0.00000000,0.00000000,0.00000000,82.23838598,93.78136021,88.43412772,1548.93543705,30041.37717801,9891.18697000
1,460,0.000000,0.104000,0.00000000,78.65533437,0.00000000,0.00000000,0.00000000,0.00000000,68.36398621,78.65533437,73.65275254,1322.19158240,29617.77426021,9891.18697000
1,461,0.000000,0.096000,0.00000000,72.60492404,0.00000000,0.00000000,0.00000000,0.00000000,63.36929571,72.60492404,68.32679414,1239.37460574,29460.51326578,7912.94957600
1,462,0.000000,0.093000,0.00000000,70.33602016,0.00000000,0.00000000,0.00000000,0.00000000,61.29863108,70.33602016,66.11247788,1203.46169861,29267.33936423,7912.94957600
1,463,0.110000,0.113000,20.03332656,85.46204600,0.00000000,0.00000000,0.00000000,0.00000000,93.56323981,105.49537256,100.47472695,1727.87178517,29598.57554924,7912.94957600
1,464,0.252000,0.108000,45.89452994,61.43267199,0.00000000,20.24786755,0.00000000,0.00000000,94.69756566,107.32720193,101.68074366,1745.79450000,29598.57554904,9891.18697000
1,465,0.357000,0.087000,65.01725075,41.71138105,0.00000000,24.08683135,0.00000000,0.00000000,94.69756566,106.72863180,101.68074366,1745.79450000,29947.73444887,7912.94957600
1,466,0.429000,0.073000,34.68674740,55.20999432,43.44322619,0.00000000,0.00000000,0.00000000,78.66539600,89.89674172,84.63531998,1492.48099468,29694.42094334,9891.18697000
1,467,0.464000,0.065000,84.50421386,22.82298807,0.00000000,26.33659591,0.00000000,0.00000000,94.69756566,107.32720193,101.68074366,1745.79450000,29694.42094314,9891.18697000
1,468,0.457000,0.065000,72.94337341,0.00000000,10.28599239,49.15958398,0.00000000,0.00000000,63.67817400,72.94337341,68.65710075,1244.73168631,29542.51702928,7912.94957600
1,469,0.416000,0.072000,75.76239863,31.56480330,0.00000000,22.88888973,0.00000000,0.00000000,94.69756566,107.32720193,101.68074366,1745.79450000,29542.51702908,9891.18697000
1,470,0.266000,0.098000,48.44422605,58.28440575,0.00000000,15.83312087,0.00000000,0.00000000,94.69756566,106.72863180,101.68074366,1745.79450000,29891.67592892,7912.94957600
1,471,0.162000,0.157000,29.50362639,77.82357554,0.00000000,40.91572731,0.00000000,0.00000000,94.69756566,107.32720193,101.68074366,1745.79450000,29891.67592871,9891.18697000
1,472,0.090000,0.202000,16.39090355,90.93629838,0.00000000,61.83656262,0.00000000,0.00000000,94.69756566,107.32720193,101.68074366,1745.79450000,29891.67592851,9891.18697000
1,473,0.043000,0.195000,7.83120947,99.30977730,0.00000000,48.16897465,0.00000000,0.00000000,94.69756566,107.14098677,101.68074366,1745.79450000,30000.29925396,9275.75736284
1,474,0.000000,0.186000,0.00000000,107.32720193,0.00000000,33.34483840,0.00000000,0.00000000,94.69756566,107.32720193,101.68074366,1745.79450000,30000.29925376,9891.18697000
1,475,0.000000,0.199000,0.00000000,107.32720193,0.00000000,43.17675519,0.00000000,0.00000000,94.69756566,107.32720193,101.68074366,1745.79450000,30000.29925355,9891.18697000
1,476,0.000000,0.200000,0.00000000,107.32720193,0.00000000,43.93305648,0.00000000,0.00000000,94.69756566,107.32720193,101.68074366,1745.79450000,30000.29925335,9891.18697000
1,477,0.000000,0.203000,0.00000000,107.32720193,0.00000000,46.20196036,0.00000000,0.00000000,94.69756566,107.32720193,101.68074366,1745.79450000,30000.29925314,9891.18697000
1,478,0.000000,0.201000,0.00000000,107.32720193,0.00000000,44.68935778,0.00000000,0.00000000,94.69756566,107.32720193,101.68074366,1745.79450000,30000.29925294,9891.18697000
1,479,0.000000,0.175000,0.00000000,107.32720193,0.00000000,25.02552418,0.00000000,0.00000000,94.69756566,107.32720193,101.68074366,1745.79450000,30000.29925273,9891.18697000
1,480,0.000000,0.131000,0.00000000,99.07546926,0.00000000,0.00000000,0.00000000,0.00000000,87.65834807,99.07546926,94.19663842,1634.57258860,30238.23624117,7912.94957600
1,481,0.000000,0.096000,0.00000000,2.39428050,0.00000000,70.21064354,0.00000000,0.00000000,0.00000000,2.39428050,0.00000000,0.00000000,28841.60064100,7912.94957600
1,482,0.000000,0.062000,0.00000000,46.89068011,0.00000000,0.00000000,0.00000000,0.00000000,39.94656448,46.89068011,43.24354646,824.24549358,28269.21053442,7912.94957600
1,483,0.000000,0.039000,0.00000000,29.49575039,0.00000000,0.00000000,0.00000000,0.00000000,24.21289734,29.49575039,26.30606585,523.29212884,27395.86706309,7912.94957600
1,484,0.000000,0.025000,0.00000000,2.39428050,0.00000000,16.51325180,0.00000000,0.00000000,0.00000000,2.39428050,0.00000000,0.00000000,25999.23146293,7912.94957600
1,485,0.000000,0.016000,0.00000000,2.39428050,0.00000000,9.70654017,0.00000000,0.00000000,0.00000000,2.39428050,0.00000000,0.00000000,24602.59586276,7912.94957600
1,486,0.000000,0.009000,0.00000000,2.39428050,0.00000000,4.41243113,0.00000000,0.00000000,0.00000000,2.39428050,0.00000000,0.00000000,23205.96026260,7912.94957600
1,487,0.106000,0.008000,19.30484196,6.05041034,0.00000000,0.00000000,0.00000000,0.00000000,20.49202807,25.35525229,22.28111773,447.27241365,22256.59707609,7912.94957600
1,488,0.261000,0.023000,47.53362029,17.39492972,0.00000000,0.00000000,0.00000000,0.00000000,56.36362379,64.92855001,60.83510620,1117.87060094,21977.83207687,7912.94957600
1,489,0.393000,0.047000,71.57361217,35.15501963,0.00000000,0.39114109,0.00000000,0.00000000,94.69756566,106.72863180,101.68074366,1745.79450000,22326.99097671,7912.94957600
1,490,0.490000,0.059000,89.23936377,17.48926803,0.00000000,27.13250820,0.00000000,0.00000000,94.69756566,106.72863180,101.68074366,1745.79450000,22676.14987654,7912.94957600
1,491,0.548000,0.066000,99.80239050,6.92624130,0.00000000,42.98964398,0.00000000,0.00000000,94.69756566,106.72863180,101.68074366,1745.79450000,23025.30877638,7912.94957600
1,492,0.577000,0.078000,105.08390387,1.64472793,0.00000000,57.34677285,0.00000000,0.00000000,94.69756566,106.72863180,101.68074366,1745.79450000,23374.46767622,7912.94957600
1,493,0.542000,0.079000,98.70966360,8.01896820,0.00000000,51.72883387,0.00000000,0.00000000,94.69756566,106.72863180,101.68074366,1745.79450000,23723.62657605,7912.94957600
1,494,0.468000,0.066000,85.23269846,21.49593334,0.00000000,28.41995193,0.00000000,0.00000000,94.69756566,106.72863180,101.68074366,1745.79450000,24072.78547589,7912.94957600
1,495,0.297000,0.049000,54.08998171,37.05876331,0.00000000,0.00000000,0.00000000,0.00000000,80.36751420,91.14874502,86.44501443,1519.37505874,24195.52493446,7912.94957600
1,496,0.157000,0.031000,28.59302064,14.88561892,0.00000000,8.55972113,0.00000000,0.00000000,36.84682300,43.47863956,39.91750131,767.66957627,23566.55891057,7912.94957600
1,497,0.048000,0.013000,8.74181523,9.83191680,0.00000000,0.00000000,0.00000000,0.00000000,14.39779743,18.57373202,15.68885112,322.76342277,22492.68673318,7912.94957600
1,498,0.000000,0.005000,0.00000000,2.39428050,0.00000000,1.38722596,0.00000000,0.00000000,0.00000000,2.39428050,0.00000000,0.00000000,21096.05113301,7912.94957600
1,499,0.000000,0.004000,0.00000000,2.39428050,0.00000000,0.63092467,0.00000000,0.00000000,0.00000000,2.39428050,0.00000000,0.00000000,19699.41553285,7912.94957600
1,500,0.000000,0.002000,0.00000000,1.51260258,0.00000000,0.00000000,0.88167792,0.00000000,0.00000000,2.39428050,0.00000000,0.00000000,18302.77993268,7912.94957600
1,501,0.000000,0.002000,0.00000000,1.51260258,0.00000000,0.00000000,0.88167792,0.00000000,0.00000000,2.39428050,0.00000000,0.00000000,16906.14433252,7912.94957600
1,502,0.000000,0.002000,0.00000000,1.51260258,0.00000000,0.00000000,0.88167792,0.00000000,0.00000000,2.39428050,0.00000000,0.00000000,15509.50873236,7912.94957600
1,503,0.000000,0.003000,0.00000000,2.26890388,0.00000000,0.00000000,0.12537662,0.00000000,0.00000000,2.39428050,0.00000000,0.00000000,14112.87313219,7912.94957600
1,504,0.000000,0.003000,0.00000000,2.26890388,0.00000000,0.00000000,0.12537662,0.00000000,0.00000000,2.39428050,0.00000000,0.00000000,12716.23753203,7912.94957600
1,505,0.000000,0.003000,0.00000000,2.26890388,0.00000000,0.00000000,0.12537662,0.00000000,0.00000000,2.39428050,0.00000000,0.00000000,11319.60193186,7912.94957600
1,506,0.000000,0.004000,0.00000000,2.39428050,0.00000000,0.63092467,0.00000000,0.00000000,0.00000000,2.39428050,0.00000000,0.00000000,9922.96633170,7912.94957600
1,507,0.000000,0.004000,0.00000000,2.39428050,0.00000000,0.63092467,0.00000000,0.00000000,0.00000000,2.39428050,0.00000000,0.00000000,8526.33073154,7912.94957600
1,508,0.000000,0.004000,0.00000000,2.39428050,0.00000000,0.63092467,0.00000000,0.00000000,0.00000000,2.39428050,0.00000000,0.00000000,7129.69513137,7912.94957600
1,509,0.000000,0.006000,0.00000000,2.39428050,0.00000000,2.14352725,0.00000000,0.00000000,0.00000000,2.39428050,0.00000000,0.00000000,5733.05953121,7912.94957600
1,510,0.000000,0.012000,0.00000000,2.39428050,0.00000000,6.68133500,0.00000000,0.00000000,0.00000000,2.39428050,0.00000000,0.00000000,4336.42393104,7912.94957600
1,511,0.121000,0.024000,2.39428050,0.00000000,19.64237872,18.15123101,0.00000000,0.00000000,0.00000000,2.39428050,0.00000000,0.00000000,2939.78833088,7912.94957600
1,512,0.309000,0.064000,56.27543552,48.40328269,0.00000000,0.00000000,0.00000000,0.00000000,92.81209835,104.67871821,99.67611238,1716.00350754,3259.15623825,7912.94957600
1,513,0.455000,0.094000,82.86512350,23.86350830,0.00000000,47.22881315,0.00000000,0.00000000,94.69756566,106.72863180,101.68074366,1745.79450000,3608.31513809,7912.94957600
1,514,0.538000,0.099000,97.98117900,8.74745280,0.00000000,66.12637511,0.00000000,0.00000000,94.69756566,106.72863180,101.68074366,1745.79450000,3957.47403792,7912.94957600
1,515,0.551000,0.089000,100.34875395,6.37987785,0.00000000,60.93093715,0.00000000,0.00000000,94.69756566,106.72863180,101.68074366,1745.79450000,4306.63293776,7912.94957600
1,516,0.557000,0.079000,101.44148086,5.28715094,0.00000000,54.46065113,0.00000000,0.00000000,94.69756566,106.72863180,101.68074366,1745.79450000,4655.79183760,7912.94957600
1,517,0.543000,0.077000,98.89178475,7.83684705,0.00000000,50.39835244,0.00000000,0.00000000,94.69756566,106.72863180,101.68074366,1745.79450000,5004.95073743,7912.94957600
1,518,0.495000,0.084000,90.14996952,16.57866228,0.00000000,46.95064625,0.00000000,0.00000000,94.69756566,106.72863180,101.68074366,1745.79450000,5354.10963727,7912.94957600
1,519,0.347000,0.095000,63.19603924,43.53259256,0.00000000,28.31603019,0.00000000,0.00000000,94.69756566,106.72863180,101.68074366,1745.79450000,5703.26853710,7912.94957600
1,520,0.207000,0.104000,37.69907816,69.02955364,0.00000000,9.62578074,0.00000000,0.00000000,94.69756566,106.72863180,101.68074366,1745.79450000,6052.42743694,7912.94957600
1,521,0.073000,0.119000,13.29484399,89.99985375,0.00000000,0.00000000,0.00000000,0.00000000,91.53910550,103.29469774,98.32266473,1695.88980932,6351.68164609,7912.94957600
1,522,0.000000,0.144000,0.00000000,106.72863180,0.00000000,2.17875425,0.00000000,0.00000000,94.69756566,106.72863180,101.68074366,1745.79450000,6700.84054593,7912.94957600
1,523,0.000000,0.181000,0.00000000,106.72863180,0.00000000,30.16190206,0.00000000,0.00000000,94.69756566,106.72863180,101.68074366,1745.79450000,7049.99944577,7912.94957600
1,524,0.000000,0.195000,0.00000000,106.72863180,0.00000000,40.75012015,0.00000000,0.00000000,94.69756566,106.72863180,101.68074366,1745.79450000,7399.15834560,7912.94957600
1,525,0.000000,0.196000,0.00000000,106.72863180,0.00000000,41.50642144,0.00000000,0.00000000,94.69756566,106.72863180,101.68074366,1745.79450000,7748.31724544,7912.94957600
1,526,0.000000,0.206000,0.00000000,106.72863180,0.00000000,49.06943436,0.00000000,0.00000000,94.69756566,106.72863180,101.68074366,1745.79450000,8097.47614527,7912.94957600
1,527,0.000000,0.235000,0.00000000,106.72863180,0.00000000,71.00217183,0.00000000,0.00000000,94.69756566,106.72863180,101.68074366,1745.79450000,8446.63504511,7912.94957600
1,528,0.000000,0.238000,0.00000000,106.72863180,0.00000000,73.27107571,0.00000000,0.00000000,94.69756566,106.72863180,101.68074366,1745.79450000,8795.79394495,7912.94957600
1,529,0.000000,0.264000,0.00000000,106.72863180,0.00000000,92.93490930,0.00000000,0.00000000,94.69756566,106.72863180,101.68074366,1745.79450000,9144.95284478,7912.94957600
1,530,0.000000,0.291000,0.00000000,106.72863180,0.00000000,113.35504419,0.00000000,0.00000000,94.69756566,106.72863180,101.68074366,1745.79450000,9494.11174462,7912.94957600
1,531,0.000000,0.321000,0.00000000,106.72863180,0.00000000,136.04408295,0.00000000,0.00000000,94.69756566,106.72863180,101.68074366,1745.79450000,9843.27064445,7912.94957600
1,532,0.000000,0.328000,0.00000000,106.72863180,0.00000000,141.33819199,0.00000000,0.00000000,94.69756566,106.72863180,101.68074366,1745.79450000,10192.42954429,7912.94957600
1,533,0.000000,0.335000,0.00000000,106.72863180,0.00000000,146.63230104,0.00000000,0.00000000,94.69756566,106.72863180,101.68074366,1745.79450000,10541.58844413,7912.94957600
1,534,0.000000,0.308000,0.00000000,106.72863180,0.00000000,126.21216615,0.00000000,0.00000000,94.69756566,106.72863180,101.68074366,1745.79450000,10890.74734396,7912.94957600
1,535,0.083000,0.298000,15.11605550,91.61257630,0.00000000,133.76520873,0.00000000,0.00000000,94.69756566,106.72863180,101.68074366,1745.79450000,11239.90624380,7912.94957600
1,536,0.242000,0.394000,44.07331843,62.65531337,0.00000000,235.32739570,0.00000000,0.00000000,94.69756566,106.72863180,101.68074366,1745.79450000,11589.06514363,7912.94957600
1,537,0.395000,0.391000,71.93785447,34.79077733,0.00000000,260.92302786,0.00000000,0.00000000,94.69756566,106.72863180,101.68074366,1745.79450000,11938.22404347,7912.94957600
1,538,0.498000,0.372000,0.00000000,57.67001469,90.69633297,223.67406595,0.00000000,0.00000000,49.73928100,57.67001469,53.75120360,1002.98064984,11544.56909314,7912.94957600
1,539,0.547000,0.348000,0.00000000,89.29817159,99.62026935,173.89467804,0.00000000,0.00000000,78.66539600,89.29817159,84.63531998,1492.48099468,11640.41448765,7912.94957600
1,540,0.542000,0.341000,72.94337341,0.00000000,25.76629019,257.89874059,0.00000000,0.00000000,63.67817400,72.94337341,68.65710075,1244.73168631,11488.51057380,7912.94957600
1,541,0.529000,0.341000,96.34208864,10.38654316,0.00000000,247.51219743,0.00000000,0.00000000,94.69756566,106.72863180,101.68074366,1745.79450000,11837.66947364,7912.94957600
1,542,0.496000,0.347000,90.33209067,16.39654113,0.00000000,246.04000721,0.00000000,0.00000000,94.69756566,106.72863180,101.68074366,1745.79450000,12186.82837347,7912.94957600
1,543,0.423000,0.367000,77.03724668,12.26092491,0.00000000,265.30164927,0.00000000,0.00000000,78.66539600,89.29817159,84.63531998,1492.48099468,12282.67376798,7912.94957600
1,544,0.298000,0.395000,54.27210286,52.45652894,0.00000000,246.28248142,0.00000000,0.00000000,94.69756566,106.72863180,101.68074366,1745.79450000,12631.83266782,7912.94957600
1,545,0.117000,0.413000,21.30817461,85.42045719,0.00000000,226.93197643,0.00000000,0.00000000,94.69756566,106.72863180,101.68074366,1745.79450000,12980.99156766,7912.94957600
1,546,0.000000,0.401000,0.00000000,106.72863180,0.00000000,196.54818631,0.00000000,0.00000000,94.69756566,106.72863180,101.68074366,1745.79450000,13330.15046749,7912.94957600
1,547,0.000000,0.401000,0.00000000,106.72863180,0.00000000,196.54818631,0.00000000,0.00000000,94.69756566,106.72863180,101.68074366,1745.79450000,13679.30936733,7912.94957600
1,548,0.000000,0.358000,0.00000000,106.72863180,0.00000000,164.02723075,0.00000000,0.00000000,94.69756566,106.72863180,101.68074366,1745.79450000,14028.46826716,7912.94957600
1,549,0.000000,0.325000,0.00000000,106.72863180,0.00000000,139.06928811,0.00000000,0.00000000,94.69756566,106.72863180,101.68074366,1745.79450000,14377.62716700,7912.94957600
1,550,0.000000,0.311000,0.00000000,106.72863180,0.00000000,128.48107003,0.00000000,0.00000000,94.69756566,106.72863180,101.68074366,1745.79450000,14726.78606684,7912.94957600
1,551,0.000000,0.295000,0.00000000,106.72863180,0.00000000,116.38024935,0.00000000,0.00000000,94.69756566,106.72863180,101.68074366,1745.79450000,15075.94496667,7912.94957600
1,552,0.000000,0.278000,0.00000000,106.72863180,0.00000000,103.52312739,0.00000000,0.00000000,94.69756566,106.72863180,101.68074366,1745.79450000,15425.10386651,7912.94957600
1,553,0.000000,0.274000,0.00000000,106.72863180,0.00000000,100.49792222,0.00000000,0.00000000,94.69756566,106.72863180,101.68074366,1745.79450000,15774.26276634,7912.94957600
1,554,0.000000,0.278000,0.00000000,106.72863180,0.00000000,103.52312739,0.00000000,0.00000000,94.69756566,106.72863180,101.68074366,1745.79450000,16123.42166618,7912.94957600
1,555,0.000000,0.273000,0.00000000,106.72863180,0.00000000,99.74162093,0.00000000,0.00000000,94.69756566,106.72863180,101.68074366,1745.79450000,16472.58056602,7912.94957600
1,556,0.000000,0.261000,0.00000000,106.72863180,0.00000000,90.66600542,0.00000000,0.00000000,94.69756566,106.72863180,101.68074366,1745.79450000,16821.73946585,7912.94957600
1,557,0.000000,0.231000,0.00000000,106.72863180,0.00000000,67.97696666,0.00000000,0.00000000,94.69756566,106.72863180,101.68074366,1745.79450000,17170.89836569,7912.94957600
1,558,0.002000,0.203000,0.36424230,106.36438950,0.00000000,47.16477279,0.00000000,0.00000000,94.69756566,106.72863180,101.68074366,1745.79450000,17520.05726552,7912.94957600
1,559,0.145000,0.273000,26.40756683,80.32106497,0.00000000,126.14918776,0.00000000,0.00000000,94.69756566,106.72863180,101.68074366,1745.79450000,17869.21616536,7912.94957600
1,560,0.344000,0.379000,62.64967579,44.07895601,0.00000000,242.55923367,0.00000000,0.00000000,94.69756566,106.72863180,101.68074366,1745.79450000,18218.37506520,7912.94957600
1,561,0.514000,0.382000,93.61027138,13.11836042,0.00000000,275.78873314,0.00000000,0.00000000,94.69756566,106.72863180,101.68074366,1745.79450000,18567.53396503,7912.94957600
1,562,0.629000,0.361000,106.72863180,0.00000000,7.82557190,273.02476643,0.00000000,0.00000000,94.69756566,106.72863180,101.68074366,1745.79450000,18916.69286487,7912.94957600
1,563,0.696000,0.329000,106.72863180,0.00000000,20.02768898,248.82312508,0.00000000,0.00000000,94.69756566,106.72863180,101.68074366,1745.79450000,19265.85176470,7912.94957600
1,564,0.724000,0.288000,106.72863180,0.00000000,25.12708120,217.81477211,0.00000000,0.00000000,94.69756566,106.72863180,101.68074366,1745.79450000,19615.01066454,7912.94957600
1,565,0.705000,0.261000,106.72863180,0.00000000,21.66677934,197.39463722,0.00000000,0.00000000,94.69756566,106.72863180,101.68074366,1745.79450000,19964.16956438,7912.94957600
1,566,0.636000,0.319000,106.72863180,0.00000000,9.10041995,241.26011216,0.00000000,0.00000000,94.69756566,106.72863180,101.68074366,1745.79450000,20313.32846421,7912.94957600
1,567,0.513000,0.448000,93.42815023,13.30048157,0.00000000,325.52249727,0.00000000,0.00000000,94.69756566,106.72863180,101.68074366,1745.79450000,20662.48736405,7912.94957600
1,568,0.340000,0.523000,61.92119119,44.80744061,0.00000000,350.73813513,0.00000000,0.00000000,94.69756566,106.72863180,101.68074366,1745.79450000,21011.64626388,7912.94957600
1,569,0.129000,0.531000,23.49362842,83.23500338,0.00000000,318.36098270,0.00000000,0.00000000,94.69756566,106.72863180,101.68074366,1745.79450000,21360.80516372,7912.94957600
1,570,0.000000,0.474000,0.00000000,106.72863180,0.00000000,251.75818063,0.00000000,0.00000000,94.69756566,106.72863180,101.68074366,1745.79450000,21709.96406356,7912.94957600
1,571,0.000000,0.422000,0.00000000,106.72863180,0.00000000,212.43051344,0.00000000,0.00000000,94.69756566,106.72863180,101.68074366,1745.79450000,22059.12296339,7912.94957600
1,572,0.000000,0.379000,0.00000000,106.72863180,0.00000000,179.90955789,0.00000000,0.00000000,94.69756566,106.72863180,101.68074366,1745.79450000,22408.28186323,7912.94957600
1,573,0.000000,0.317000,0.00000000,106.72863180,0.00000000,133.01887778,0.00000000,0.00000000,94.69756566,106.72863180,101.68074366,1745.79450000,22757.44076306,7912.94957600
1,574,0.000000,0.261000,0.00000000,106.72863180,0.00000000,90.66600542,0.00000000,0.00000000,94.69756566,106.72863180,101.68074366,1745.79450000,23106.59966290,7912.94957600
1,575,0.000000,0.205000,0.00000000,106.72863180,0.00000000,48.31313307,0.00000000,0.00000000,94.69756566,106.72863180,101.68074366,1745.79450000,23455.75856274,7912.94957600
1,576,0.000000,0.147000,0.00000000,106.72863180,0.00000000,4.44765813,0.00000000,0.00000000,94.69756566,106.72863180,101.68074366,1745.79450000,23804.91746257,7912.94957600
1,577,0.000000,0.102000,0.00000000,2.39428050,0.00000000,74.74845129,0.00000000,0.00000000,0.00000000,2.39428050,0.00000000,0.00000000,22408.28186241,7912.94957600
1,578,0.000000,0.068000,0.00000000,51.42848786,0.00000000,0.00000000,0.00000000,0.00000000,44.06903277,51.42848786,47.66698537,899.48815087,21911.13441311,7912.94957600
1,579,0.000000,0.051000,0.00000000,30.37356422,0.00000000,8.19780167,0.00000000,0.00000000,25.00174700,30.37356422,27.15938231,539.40882693,21053.90763988,7912.94957600
1,580,0.000000,0.027000,0.00000000,2.39428050,0.00000000,18.02585438,0.00000000,0.00000000,0.00000000,2.39428050,0.00000000,0.00000000,19657.27203971,7912.94957600
1,581,0.000000,0.008000,0.00000000,2.39428050,0.00000000,3.65612984,0.00000000,0.00000000,0.00000000,2.39428050,0.00000000,0.00000000,18260.63643955,7912.94957600
1,582,0.000000,0.030000,0.00000000,2.39428050,0.00000000,20.29475826,0.00000000,0.00000000,0.00000000,2.39428050,0.00000000,0.00000000,16864.00083938,7912.94957600
1,583,0.031000,0.056000,5.64575567,42.35287235,0.00000000,0.00000000,0.00000000,0.00000000,40.95310341,47.99862802,44.32357016,842.61668729,16309.98192651,7912.94957600
1,584,0.096000,0.121000,17.48363045,89.24500135,0.00000000,2.26745499,0.00000000,0.00000000,94.69756566,106.72863180,101.68074366,1745.79450000,16659.14082635,7912.94957600
1,585,0.191000,0.195000,34.78513976,71.94349205,0.00000000,75.53525990,0.00000000,0.00000000,94.69756566,106.72863180,101.68074366,1745.79450000,17008.29972619,7912.94957600
1,586,0.227000,0.264000,41.34150118,65.38713063,0.00000000,134.27641047,0.00000000,0.00000000,94.69756566,106.72863180,101.68074366,1745.79450000,17357.45862602,7912.94957600
1,587,0.250000,0.343000,45.53028764,61.19834416,0.00000000,198.21299901,0.00000000,0.00000000,94.69756566,106.72863180,101.68074366,1745.79450000,17706.61752586,7912.94957600
1,588,0.249000,0.446000,45.34816649,61.38046531,0.00000000,275.92991094,0.00000000,0.00000000,94.69756566,106.72863180,101.68074366,1745.79450000,18055.77642569,7912.94957600
1,589,0.272000,0.492000,43.47863956,0.00000000,6.05831339,372.10023569,0.00000000,0.00000000,36.84682300,43.47863956,39.91750131,767.66957627,17426.81040180,7912.94957600
1,590,0.313000,0.498000,57.00392012,49.72471168,0.00000000,326.91333176,0.00000000,0.00000000,94.69756566,106.72863180,101.68074366,1745.79450000,17775.96930163,7912.94957600
1,591,0.307000,0.486000,55.91119322,50.81743858,0.00000000,316.74498935,0.00000000,0.00000000,94.69756566,106.72863180,101.68074366,1745.79450000,18125.12820147,7912.94957600
1,592,0.231000,0.484000,0.00000000,89.29817159,42.06998578,276.75165376,0.00000000,0.00000000,78.66539600,89.29817159,84.63531998,1492.48099468,18220.97359598,7912.94957600
1,593,0.103000,0.447000,18.75847851,87.97015329,0.00000000,250.09652425,0.00000000,0.00000000,94.69756566,106.72863180,101.68074366,1745.79450000,18570.13249582,7912.94957600
1,594,0.000000,0.444000,0.00000000,106.72863180,0.00000000,229.06914187,0.00000000,0.00000000,94.69756566,106.72863180,101.68074366,1745.79450000,18919.29139565,7912.94957600
1,595,0.000000,0.511000,0.00000000,106.72863180,0.00000000,279.74132844,0.00000000,0.00000000,94.69756566,106.72863180,101.68074366,1745.79450000,19268.45029549,7912.94957600
1,596,0.000000,0.547000,0.00000000,106.72863180,0.00000000,306.96817495,0.00000000,0.00000000,94.69756566,106.72863180,101.68074366,1745.79450000,19617.60919533,7912.94957600
1,597,0.000000,0.547000,0.00000000,106.72863180,0.00000000,306.96817495,0.00000000,0.00000000,94.69756566,106.72863180,101.68074366,1745.79450000,19966.76809516,7912.94957600
1,598,0.000000,0.525000,0.00000000,106.72863180,0.00000000,290.32954652,0.00000000,0.00000000,94.69756566,106.72863180,101.68074366,1745.79450000,20315.92699500,7912.94957600
1,599,0.000000,0.491000,0.00000000,106.72863180,0.00000000,264.61530259,0.00000000,0.00000000,94.69756566,106.72863180,101.68074366,1745.79450000,20665.08589483,7912.94957600
1,600,0.000000,0.459000,0.00000000,106.72863180,0.00000000,240.41366125,0.00000000,0.00000000,94.69756566,106.72863180,101.68074366,1745.79450000,21014.24479467,7912.94957600
1,601,0.000000,0.444000,0.00000000,106.72863180,0.00000000,229.06914187,0.00000000,0.00000000,94.69756566,106.72863180,101.68074366,1745.79450000,21363.40369451,7912.94957600
1,602,0.000000,0.442000,0.00000000,106.72863180,0.00000000,227.55653928,0.00000000,0.00000000,94.69756566,106.72863180,101.68074366,1745.79450000,21712.56259434,7912.94957600
1,603,0.000000,0.441000,0.00000000,106.72863180,0.00000000,226.80023799,0.00000000,0.00000000,94.69756566,106.72863180,101.68074366,1745.79450000,22061.72149418,7912.94957600
1,604,0.000000,0.432000,0.00000000,106.72863180,0.00000000,219.99352636,0.00000000,0.00000000,94.69756566,106.72863180,101.68074366,1745.79450000,22410.88039401,7912.94957600
1,605,0.000000,0.413000,0.00000000,106.72863180,0.00000000,205.62380181,0.00000000,0.00000000,94.69756566,106.72863180,101.68074366,1745.79450000,22760.03929385,7912.94957600
1,606,0.004000,0.374000,0.72848460,106.00014720,0.00000000,176.85653603,0.00000000,0.00000000,94.69756566,106.72863180,101.68074366,1745.79450000,23109.19819369,7912.94957600
1,607,0.198000,0.425000,36.05998781,70.66864399,0.00000000,250.75940513,0.00000000,0.00000000,94.69756566,106.72863180,101.68074366,1745.79450000,23458.35709352,7912.94957600
1,608,0.411000,0.604000,74.85179288,31.87683892,0.00000000,424.92914147,0.00000000,0.00000000,94.69756566,106.72863180,101.68074366,1745.79450000,23807.51599336,7912.94957600
1,609,0.577000,0.557000,105.08390387,1.64472793,0.00000000,419.61509174,0.00000000,0.00000000,94.69756566,106.72863180,101.68074366,1745.79450000,24156.67489319,7912.94957600
1,610,0.688000,0.457000,106.72863180,0.00000000,18.57071978,345.62969047,0.00000000,0.00000000,94.69756566,106.72863180,101.68074366,1745.79450000,24505.83379303,7912.94957600
1,611,0.750000,0.386000,57.67001469,0.00000000,78.92084823,291.93229873,0.00000000,0.00000000,49.73928100,57.67001469,53.75120360,1002.98064984,24112.17884270,7912.94957600
1,612,0.766000,0.343000,106.72863180,0.00000000,32.77616952,259.41134317,0.00000000,0.00000000,94.69756566,106.72863180,101.68074366,1745.79450000,24461.33774254,7912.94957600
1,613,0.738000,0.329000,106.72863180,0.00000000,27.67677731,248.82312508,0.00000000,0.00000000,94.69756566,106.72863180,101.68074366,1745.79450000,24810.49664237,7912.94957600
1,614,0.668000,0.341000,106.72863180,0.00000000,14.92829677,257.89874059,0.00000000,0.00000000,94.69756566,106.72863180,101.68074366,1745.79450000,25159.65554221,7912.94957600
1,615,0.545000,0.362000,99.25602705,8.07117488,0.00000000,265.70989285,0.00000000,0.00000000,94.69756566,107.32720193,101.68074366,1745.79450000,25159.65554200,9891.18697000
1,616,0.370000,0.379000,67.38482570,39.38485434,0.00000000,247.25333534,0.00000000,0.00000000,94.69756566,106.76968005,101.68074366,1745.79450000,25484.87011167,8048.61150330
1,617,0.161000,0.403000,29.32150524,78.00569669,0.00000000,226.78372401,0.00000000,0.00000000,94.69756566,107.32720193,101.68074366,1745.79450000,25484.87011147,9891.18697000
1,618,0.000000,0.437000,0.00000000,106.72863180,0.00000000,223.77503282,0.00000000,0.00000000,94.69756566,106.72863180,101.68074366,1745.79450000,25834.02901130,7912.94957600
1,619,0.000000,0.459000,0.00000000,107.32720193,0.00000000,239.81509112,0.00000000,0.00000000,94.69756566,107.32720193,101.68074366,1745.79450000,25834.02901110,9891.18697000
1,620,0.000000,0.430000,0.00000000,106.72863180,0.00000000,218.48092378,0.00000000,0.00000000,94.69756566,106.72863180,101.68074366,1745.79450000,26183.18791093,7912.94957600
1,621,0.000000,0.358000,0.00000000,106.72863180,0.00000000,164.02723075,0.00000000,0.00000000,94.69756566,106.72863180,101.68074366,1745.79450000,26532.34681077,7912.94957600
1,622,0.000000,0.312000,0.00000000,107.32720193,0.00000000,128.63880119,0.00000000,0.00000000,94.69756566,107.32720193,101.68074366,1745.79450000,26532.34681056,9891.18697000
1,623,0.000000,0.289000,0.00000000,106.72863180,0.00000000,111.84244160,0.00000000,0.00000000,94.69756566,106.72863180,101.68074366,1745.79450000,26881.50571040,7912.94957600
1,624,0.000000,0.252000,0.00000000,106.72863180,0.00000000,83.85929380,0.00000000,0.00000000,94.69756566,106.72863180,101.68074366,1745.79450000,27230.66461024,7912.94957600
1,625,0.000000,0.224000,0.00000000,107.32720193,0.00000000,62.08428749,0.00000000,0.00000000,94.69756566,107.32720193,101.68074366,1745.79450000,27230.66461003,9891.18697000
1,626,0.000000,0.210000,0.00000000,107.32720193,0.00000000,51.49606940,0.00000000,0.00000000,94.69756566,107.32720193,101.68074366,1745.79450000,27230.66460983,9891.18697000
1,627,0.000000,0.215000,0.00000000,107.32720193,0.00000000,55.27757586,0.00000000,0.00000000,94.69756566,107.32720193,101.68074366,1745.79450000,27230.66460962,9891.18697000
1,628,0.000000,0.230000,0.00000000,107.32720193,0.00000000,66.62209525,0.00000000,0.00000000,94.69756566,107.32720193,101.68074366,1745.79450000,27230.66460942,9891.18697000
1,629,0.000000,0.241000,0.00000000,107.32720193,0.00000000,74.94140946,0.00000000,0.00000000,94.69756566,107.32720193,101.68074366,1745.79450000,27230.66460921,9891.18697000
1,630,0.004000,0.238000,0.72848460,106.59871732,0.00000000,73.40099018,0.00000000,0.00000000,94.69756566,107.32720193,101.68074366,1745.79450000,27230.66460901,9891.18697000
1,631,0.186000,0.381000,33.87453400,73.45266792,0.00000000,214.69812435,0.00000000,0.00000000,94.69756566,107.32720193,101.68074366,1745.79450000,27230.66460880,9891.18697000
1,632,0.395000,0.479000,71.93785447,35.38934746,0.00000000,326.87897143,0.00000000,0.00000000,94.69756566,107.32720193,101.68074366,1745.79450000,27230.66460860,9891.18697000
1,633,0.561000,0.402000,102.16996546,5.15723647,0.00000000,298.87588294,0.00000000,0.00000000,94.69756566,107.32720193,101.68074366,1745.79450000,27230.66460839,9891.18697000
1,634,0.675000,0.318000,107.32720193,0.00000000,15.60457470,240.50381087,0.00000000,0.00000000,94.69756566,107.32720193,101.68074366,1745.79450000,27230.66460819,9891.18697000
1,635,0.740000,0.261000,102.15194037,0.00000000,32.61771104,197.39463722,0.00000000,0.00000000,89.93746916,102.15194037,96.61980291,1670.58343797,27155.45354595,9891.18697000
1,636,0.756000,0.225000,107.32720193,0.00000000,30.35638789,170.16779071,0.00000000,0.00000000,94.69756566,107.32720193,101.68074366,1745.79450000,27155.45354575,9891.18697000
1,637,0.731000,0.209000,107.32720193,0.00000000,25.80335913,158.06697004,0.00000000,0.00000000,94.69756566,107.32720193,101.68074366,1745.79450000,27155.45354554,9891.18697000
1,638,0.651000,0.221000,89.89674197,0.00000000,28.66412703,167.14258554,0.00000000,0.00000000,78.66539600,89.89674197,84.63532017,1492.48104146,26902.14008679,9891.18697000
1,639,0.518000,0.262000,89.89674197,0.00000000,4.44201401,198.15093852,0.00000000,0.00000000,78.66539600,89.89674197,84.63532017,1492.48104146,26648.82662804,9891.18697000
1,640,0.325000,0.313000,59.18937393,30.70736805,0.00000000,206.01493637,0.00000000,0.00000000,78.66539600,89.89674197,84.63532017,1492.48104146,26395.51316929,9891.18697000
1,641,0.131000,0.399000,23.85787072,66.03887125,0.00000000,235.72534427,0.00000000,0.00000000,78.66539600,89.89674197,84.63532017,1492.48104146,26142.19971055,9891.18697000
1,642,0.000000,0.501000,0.00000000,89.89674197,0.00000000,289.01020534,0.00000000,0.00000000,78.66539600,89.89674197,84.63532017,1492.48104146,25888.88625180,9891.18697000
1,643,0.000000,0.523000,0.00000000,89.89674197,0.00000000,305.64883377,0.00000000,0.00000000,78.66539600,89.89674197,84.63532017,1492.48104146,25635.57279305,9891.18697000
1,644,0.000000,0.448000,0.00000000,89.89674197,0.00000000,248.92623686,0.00000000,0.00000000,78.66539600,89.89674197,84.63532017,1492.48104146,25382.25933430,9891.18697000
1,645,0.000000,0.382000,0.00000000,89.89674197,0.00000000,199.01035159,0.00000000,0.00000000,78.66539600,89.89674197,84.63532017,1492.48104146,25128.94587555,9891.18697000
1,646,0.000000,0.316000,0.00000000,89.89674197,0.00000000,149.09446631,0.00000000,0.00000000,78.66539600,89.89674197,84.63532017,1492.48104146,24875.63241680,9891.18697000
1,647,0.000000,0.252000,0.00000000,89.89674197,0.00000000,100.69118362,0.00000000,0.00000000,78.66539600,89.89674197,84.63532017,1492.48104146,24622.31895805,9891.18697000
1,648,0.000000,0.193000,0.00000000,89.89674197,0.00000000,56.06940739,0.00000000,0.00000000,78.66539600,89.89674197,84.63532017,1492.48104146,24369.00549930,9891.18697000
1,649,0.000000,0.147000,0.00000000,89.89674197,0.00000000,21.27954796,0.00000000,0.00000000,78.66539600,89.89674197,84.63532017,1492.48104146,24115.69204055,9891.18697000
1,650,0.000000,0.125000,0.00000000,89.89674197,0.00000000,4.64091953,0.00000000,0.00000000,78.66539600,89.89674197,84.63532017,1492.48104146,23862.37858180,9891.18697000
1,651,0.000000,0.142000,0.00000000,89.89674197,0.00000000,17.49804150,0.00000000,0.00000000,78.66539600,89.89674197,84.63532017,1492.48104146,23609.06512305,9891.18697000
1,652,0.000000,0.157000,0.00000000,89.89674197,0.00000000,28.84256088,0.00000000,0.00000000,78.66539600,89.89674197,84.63532017,1492.48104146,23355.75166431,9891.18697000
1,653,0.000000,0.143000,0.00000000,89.89674197,0.00000000,18.25434279,0.00000000,0.00000000,78.66539600,89.89674197,84.63532017,1492.48104146,23102.43820556,9891.18697000
1,654,0.002000,0.127000,0.36424230,89.53249967,0.00000000,6.51776442,0.00000000,0.00000000,78.66539600,89.89674197,84.63532017,1492.48104146,22849.12474681,9891.18697000
1,655,0.144000,0.185000,26.22544568,63.67129629,0.00000000,76.24444273,0.00000000,0.00000000,78.66539600,89.89674197,84.63532017,1492.48104146,22595.81128806,9891.18697000
1,656,0.333000,0.236000,60.64634313,29.25039884,0.00000000,149.23670608,0.00000000,0.00000000,78.66539600,89.89674197,84.63532017,1492.48104146,22342.49782931,9891.18697000
1,657,0.462000,0.217000,84.13997155,5.75677042,0.00000000,158.36060995,0.00000000,0.00000000,78.66539600,89.89674197,84.63532017,1492.48104146,22089.18437056,9891.18697000
1,658,0.537000,0.199000,89.89674197,0.00000000,7.90231587,150.50395712,0.00000000,0.00000000,78.66539600,89.89674197,84.63532017,1492.48104146,21835.87091181,9891.18697000
1,659,0.573000,0.201000,89.89674197,0.00000000,14.45867729,152.01655970,0.00000000,0.00000000,78.66539600,89.89674197,84.63532017,1492.48104146,21582.55745306,9891.18697000
1,660,0.581000,0.216000,89.89674197,0.00000000,15.91564650,163.36107908,0.00000000,0.00000000,78.66539600,89.89674197,84.63532017,1492.48104146,21329.24399431,9891.18697000
1,661,0.541000,0.259000,89.89674197,0.00000000,8.63080047,195.88203464,0.00000000,0.00000000,78.66539600,89.89674197,84.63532017,1492.48104146,21075.93053556,9891.18697000
1,662,0.437000,0.337000,79.58694279,10.30979918,0.00000000,244.56373624,0.00000000,0.00000000,78.66539600,89.89674197,84.63532017,1492.48104146,20822.61707681,9891.18697000
1,663,0.295000,0.459000,53.72573941,36.17100256,0.00000000,310.97129049,0.00000000,0.00000000,78.66539600,89.89674197,84.63532017,1492.48104146,20569.30361807,9891.18697000
1,664,0.189000,0.566000,34.42089745,55.47584452,0.00000000,372.59068678,0.00000000,0.00000000,78.66539600,89.89674197,84.63532017,1492.48104146,20315.99015932,9891.18697000
1,665,0.075000,0.599000,13.65908629,76.23765568,0.00000000,376.78681825,0.00000000,0.00000000,78.66539600,89.89674197,84.63532017,1492.48104146,20062.67670057,9891.18697000
1,666,0.000000,0.532000,0.00000000,89.89674197,0.00000000,312.45554540,0.00000000,0.00000000,78.66539600,89.89674197,84.63532017,1492.48104146,19809.36324182,9891.18697000
1,667,0.000000,0.399000,0.00000000,89.89674197,0.00000000,211.86747355,0.00000000,0.00000000,78.66539600,89.89674197,84.63532017,1492.48104146,19556.04978307,9891.18697000
1,668,0.000000,0.265000,0.00000000,89.89674197,0.00000000,110.52310042,0.00000000,0.00000000,78.66539600,89.89674197,84.63532017,1492.48104146,19302.73632432,9891.18697000
1,669,0.000000,0.162000,0.00000000,89.89674197,0.00000000,32.62406734,0.00000000,0.00000000,78.66539600,89.89674197,84.63532017,1492.48104146,19049.42286557,9891.18697000
1,670,0.000000,0.107000,0.00000000,2.99285063,0.00000000,77.93138762,0.00000000,0.00000000,0.00000000,2.99285063,0.00000000,0.00000000,17303.62836537,9891.18697000
1,671,0.000000,0.086000,0.00000000,30.97213678,0.00000000,34.06977434,0.00000000,0.00000000,25.00174700,30.97213678,27.15938407,539.40926699,16097.24313215,9891.18697000
1,672,0.000000,0.090000,0.00000000,44.07720920,0.00000000,23.98990708,0.00000000,0.00000000,36.84682300,44.07720920,39.91750095,767.66948863,15119.11812058,9891.18697000
2,1,0.000000,0.181000,0.00000000,106.72863180,0.00000000,30.16190206,0.00000000,0.00000000,94.69756566,106.72863180,101.68074366,1745.79450000,15468.27702042,7912.94957600
2,2,0.000000,0.142000,0.00000000,106.72863180,0.00000000,0.66615167,0.00000000,0.00000000,94.69756566,106.72863180,101.68074366,1745.79450000,15817.43592026,7912.94957600
2,3,0.000000,0.116000,0.00000000,87.73094988,0.00000000,0.00000000,4.73277839,0.00000000,81.57700807,92.46372827,87.73094988,1538.48545249,15959.28577258,7912.94957600
2,4,0.000000,0.112000,0.00000000,84.70574471,0.00000000,0.00000000,4.66444249,0.00000000,78.73163420,89.37018720,84.70574471,1493.52762646,16056.17779888,7912.94957600
2,5,0.000000,0.117000,0.00000000,88.48725117,0.00000000,0.00000000,4.74986236,0.00000000,82.28835153,93.23711353,88.48725117,1549.72490899,16209.26710771,7912.94957600
2,6,0.000000,0.121000,0.00000000,91.51245634,0.00000000,0.00000000,4.81819826,0.00000000,85.13372540,96.33065460,91.51245634,1594.68273502,16407.31424256,7912.94957600
2,7,0.072000,0.099000,13.11272284,74.87382791,0.00000000,0.00000000,4.73855212,0.00000000,81.81741492,92.72510287,87.98655075,1542.28395838,16552.96260078,7912.94957600
2,8,0.203000,0.148000,36.97059356,69.75803824,0.00000000,42.17455298,0.00000000,0.00000000,94.69756566,106.72863180,101.68074366,1745.79450000,16902.12150061,7912.94957600
2,9,0.363000,0.188000,66.10997765,40.61865415,0.00000000,101.56598875,0.00000000,0.00000000,94.69756566,106.72863180,101.68074366,1745.79450000,17251.28040045,7912.94957600
2,10,0.502000,0.198000,91.42481758,15.30381422,0.00000000,134.44384160,0.00000000,0.00000000,94.69756566,106.72863180,101.68074366,1745.79450000,17600.43930028,7912.94957600
2,11,0.590000,0.199000,106.72863180,0.00000000,0.72284702,150.50395712,0.00000000,0.00000000,94.69756566,106.72863180,101.68074366,1745.79450000,17949.59820012,7912.94957600
2,12,0.621000,0.197000,106.72863180,0.00000000,6.36860269,148.99135453,0.00000000,0.00000000,94.69756566,106.72863180,101.68074366,1745.79450000,18298.75709996,7912.94957600
2,13,0.606000,0.200000,106.72863180,0.00000000,3.63678543,151.26025841,0.00000000,0.00000000,94.69756566,106.72863180,101.68074366,1745.79450000,18647.91599979,7912.94957600
2,14,0.539000,0.208000,98.16330015,8.56533165,0.00000000,148.74533709,0.00000000,0.00000000,94.69756566,106.72863180,101.68074366,1745.79450000,18997.07489963,7912.94957600
2,15,0.409000,0.217000,74.48755058,32.24108123,0.00000000,131.87629915,0.00000000,0.00000000,94.69756566,106.72863180,101.68074366,1745.79450000,19346.23379946,7912.94957600
2,16,0.267000,0.223000,48.62634720,58.10228460,0.00000000,110.55290352,0.00000000,0.00000000,94.69756566,106.72863180,101.68074366,1745.79450000,19695.39269930,7912.94957600
2,17,0.107000,0.219000,19.48696311,87.24166869,0.00000000,78.38831427,0.00000000,0.00000000,94.69756566,106.72863180,101.68074366,1745.79450000,20044.55159914,7912.94957600
2,18,0.000000,0.220000,0.00000000,106.72863180,0.00000000,59.65765245,0.00000000,0.00000000,94.69756566,106.72863180,101.68074366,1745.79450000,20393.71049897,7912.94957600
2,19,0.000000,0.248000,0.00000000,106.72863180,0.00000000,80.83408863,0.00000000,0.00000000,94.69756566,106.72863180,101.68074366,1745.79450000,20742.86939881,7912.94957600
2,20,0.000000,0.251000,0.00000000,106.72863180,0.00000000,83.10299250,0.00000000,0.00000000,94.69756566,106.72863180,101.68074366,1745.79450000,21092.02829864,7912.94957600
2,21,0.000000,0.234000,0.00000000,106.72863180,0.00000000,70.24587054,0.00000000,0.00000000,94.69756566,106.72863180,101.68074366,1745.79450000,21441.18719848,7912.94957600
2,22,0.000000,0.185000,0.00000000,106.72863180,0.00000000,33.18710723,0.00000000,0.00000000,94.69756566,106.72863180,101.68074366,1745.79450000,21790.34609832,7912.94957600
2,23,0.000000,0.140000,0.00000000,105.88218089,0.00000000,0.00000000,0.84645091,0.00000000,94.69756566,106.72863180,101.68074366,1745.79450000,22139.50499815,7912.94957600
2,24,0.000000,0.101000,0.00000000,76.38643050,0.00000000,0.00000000,4.46843971,0.00000000,70.92811678,80.85487021,76.38643050,1364.57843001,22107.44782799,7912.94957600
2,25,0.000000,0.069000,0.00000000,52.18478915,0.00000000,0.00000000,3.87831115,0.00000000,48.27944534,56.06310030,52.18478915,976.33595375,21687.14818158,7912.94957600
2,26,0.000000,0.054000,0.00000000,40.84026977,0.00000000,0.00000000,3.58499648,0.00000000,37.70680666,44.42526625,40.84026977,783.36577814,21073.87835956,7912.94957600
2,27,0.000000,0.050000,0.00000000,37.81506460,0.00000000,0.00000000,3.50396271,0.00000000,34.89484826,41.31902731,37.81506460,730.05408465,20407.29684404,7912.94957600
2,28,0.000000,0.055000,0.00000000,41.59657106,0.00000000,0.00000000,3.60455079,0.00000000,38.41164924,45.20112186,41.59657106,796.23045651,19806.89170039,7912.94957600
2,29,0.000000,0.043000,0.00000000,32.52095556,0.00000000,0.00000000,3.35998996,0.00000000,29.97961486,35.88094552,32.52095556,635.33517391,19045.59127414,7912.94957600
2,30,0.000000,0.015000,0.00000000,2.39428050,0.00000000,8.95023888,0.00000000,0.00000000,0.00000000,2.39428050,0.00000000,0.00000000,17648.95567397,7912.94957600
2,31,0.058000,0.010000,10.56302673,7.56301292,0.00000000,0.00000000,2.95484877,0.00000000,16.65085998,21.08088843,18.12603965,368.79491738,16621.11499119,7912.94957600
2,32,0.118000,0.033000,21.49029577,24.95794264,0.00000000,0.00000000,3.72999156,0.00000000,42.93320930,50.17822996,46.44823840,878.75727560,16103.23666664,7912.94957600
2,33,0.182000,0.074000,33.14604940,55.96629561,0.00000000,0.00000000,4.76398251,0.00000000,82.87628709,93.87632752,89.11234501,1559.01448066,16265.61554713,7912.94957600
2,34,0.287000,0.083000,52.26877021,54.45986159,0.00000000,8.31314565,0.00000000,0.00000000,94.69756566,106.72863180,101.68074366,1745.79450000,16614.77444696,7912.94957600
2,35,0.387000,0.065000,70.48088526,36.24774654,0.00000000,12.91183745,0.00000000,0.00000000,94.69756566,106.72863180,101.68074366,1745.79450000,16963.93334680,7912.94957600
2,36,0.430000,0.063000,78.31209474,28.41653706,0.00000000,19.23044434,0.00000000,0.00000000,94.69756566,106.72863180,101.68074366,1745.79450000,17313.09224664,7912.94957600
2,37,0.392000,0.080000,71.39149102,35.33714078,0.00000000,25.16696258,0.00000000,0.00000000,94.69756566,106.72863180,101.68074366,1745.79450000,17662.25114647,7912.94957600
2,38,0.297000,0.088000,54.08998171,52.63865009,0.00000000,13.91586361,0.00000000,0.00000000,94.69756566,106.72863180,101.68074366,1745.79450000,18011.41004631,7912.94957600
2,39,0.186000,0.084000,33.87453400,63.52930853,0.00000000,0.00000000,4.95127788,0.00000000,90.67490207,102.35512041,97.40384253,1682.23511608,18297.00956222,7912.94957600
2,40,0.098000,0.078000,17.84787275,58.99150078,0.00000000,0.00000000,4.47911479,0.00000000,71.35296751,81.31848832,76.83937353,1371.60150580,18271.97546786,7912.94957600
2,41,0.032000,0.077000,5.82787682,58.23519949,0.00000000,0.00000000,4.17302016,0.00000000,59.38218246,68.23609647,64.06307631,1170.22346170,18045.56332940,7912.94957600
2,42,0.000000,0.093000,0.00000000,70.33602016,0.00000000,0.00000000,4.32584212,0.00000000,65.25296326,74.66186228,70.33602016,1270.76422616,17919.69195540,7912.94957600
2,43,0.000000,0.107000,0.00000000,80.92423825,0.00000000,0.00000000,4.57538791,0.00000000,75.18448192,85.49962616,80.92423825,1434.93908289,17957.99543812,7912.94957600
2,44,0.000000,0.118000,0.00000000,89.24355246,0.00000000,0.00000000,4.76694634,0.00000000,82.99969500,94.01049880,89.24355246,1560.96436550,18122.32420346,7912.94957600
2,45,0.000000,0.125000,0.00000000,94.53766151,0.00000000,0.00000000,4.88653415,0.00000000,87.97909926,99.42419566,94.53766151,1639.64056104,18365.32916433,7912.94957600
2,46,0.000000,0.142000,0.00000000,106.72863180,0.00000000,0.66615167,0.00000000,0.00000000,94.69756566,106.72863180,101.68074366,1745.79450000,18714.48806417,7912.94957600
2,47,0.000000,0.154000,0.00000000,106.72863180,0.00000000,9.74176717,0.00000000,0.00000000,94.69756566,106.72863180,101.68074366,1745.79450000,19063.64696401,7912.94957600
2,48,0.000000,0.144000,0.00000000,106.72863180,0.00000000,2.17875425,0.00000000,0.00000000,94.69756566,106.72863180,101.68074366,1745.79450000,19412.80586384,7912.94957600
2,49,0.000000,0.112000,0.00000000,84.70574471,0.00000000,0.00000000,4.66444249,0.00000000,78.73163420,89.37018720,84.70574471,1493.52762646,19509.69789014,7912.94957600
2,50,0.000000,0.084000,0.00000000,63.52930853,0.00000000,0.00000000,4.15986165,0.00000000,58.88304235,67.68917018,63.52930853,1161.56654452,19274.62883449,7912.94957600
2,51,0.000000,0.073000,0.00000000,55.20999432,0.00000000,0.00000000,3.95477281,0.00000000,51.10343562,59.16476713,55.20999432,1026.63967592,18904.63291025,7912.94957600
2,52,0.000000,0.077000,0.00000000,58.23519949,0.00000000,0.00000000,4.02935057,0.00000000,53.93238352,62.26455006,58.23519949,1075.70399178,18583.70130186,7912.94957600
2,53,0.000000,0.083000,0.00000000,62.77300724,0.00000000,0.00000000,4.14121721,0.00000000,58.17580538,66.91422445,62.77300724,1149.30046555,18336.36616725,7912.94957600
2,54,0.000000,0.086000,0.00000000,65.04191112,0.00000000,0.00000000,4.19715053,0.00000000,60.29751631,69.23906164,65.04191112,1186.09870244,18125.82926953,7912.94957600
2,55,0.062000,0.060000,11.29151133,45.37807752,0.00000000,0.00000000,3.99075493,0.00000000,52.46834037,60.66034378,56.66958886,1050.31212239,17779.50579176,7912.94957600
2,56,0.197000,0.060000,35.87786666,45.37807752,0.00000000,0.00000000,4.58320564,0.00000000,75.49561488,85.83914982,81.25594418,1440.08232545,17822.95251705,7912.94957600
2,57,0.380000,0.076000,69.20603721,37.52259459,0.00000000,19.95630360,0.00000000,0.00000000,94.69756566,106.72863180,101.68074366,1745.79450000,18172.11141688,7912.94957600
2,58,0.497000,0.096000,90.51421182,16.21441998,0.00000000,56.39050406,0.00000000,0.00000000,94.69756566,106.72863180,101.68074366,1745.79450000,18521.27031672,7912.94957600
2,59,0.576000,0.128000,104.90178272,1.82684908,0.00000000,94.97971630,0.00000000,0.00000000,94.69756566,106.72863180,101.68074366,1745.79450000,18870.42921655,7912.94957600
2,60,0.567000,0.177000,103.26269236,3.46593944,0.00000000,130.39938925,0.00000000,0.00000000,94.69756566,106.72863180,101.68074366,1745.79450000,19219.58811639,7912.94957600
2,61,0.486000,0.233000,88.51087917,18.21775263,0.00000000,158.00044841,0.00000000,0.00000000,94.69756566,106.72863180,101.68074366,1745.79450000,19568.74701623,7912.94957600
2,62,0.407000,0.265000,74.12330827,32.60532353,0.00000000,167.81451887,0.00000000,0.00000000,94.69756566,106.72863180,101.68074366,1745.79450000,19917.90591606,7912.94957600
2,63,0.335000,0.267000,61.01058543,45.71804637,0.00000000,156.21439861,0.00000000,0.00000000,94.69756566,106.72863180,101.68074366,1745.79450000,20267.06481590,7912.94957600
2,64,0.221000,0.269000,40.24877427,66.47985753,0.00000000,136.96519003,0.00000000,0.00000000,94.69756566,106.72863180,101.68074366,1745.79450000,20616.22371573,7912.94957600
2,65,0.069000,0.279000,12.56635939,94.16227241,0.00000000,116.84578807,0.00000000,0.00000000,94.69756566,106.72863180,101.68074366,1745.79450000,20965.38261557,7912.94957600
2,66,0.000000,0.285000,0.00000000,106.72863180,0.00000000,108.81723643,0.00000000,0.00000000,94.69756566,106.72863180,101.68074366,1745.79450000,21314.54151541,7912.94957600
2,67,0.000000,0.284000,0.00000000,106.72863180,0.00000000,108.06093514,0.00000000,0.00000000,94.69756566,106.72863180,101.68074366,1745.79450000,21663.70041524,7912.94957600
2,68,0.000000,0.270000,0.00000000,106.72863180,0.00000000,97.47271705,0.00000000,0.00000000,94.69756566,106.72863180,101.68074366,1745.79450000,22012.85931508,7912.94957600
2,69,0.000000,0.259000,0.00000000,106.72863180,0.00000000,89.15340284,0.00000000,0.00000000,94.69756566,106.72863180,101.68074366,1745.79450000,22362.01821491,7912.94957600
2,70,0.000000,0.252000,0.00000000,106.72863180,0.00000000,83.85929380,0.00000000,0.00000000,94.69756566,106.72863180,101.68074366,1745.79450000,22711.17711475,7912.94957600
2,71,0.000000,0.238000,0.00000000,106.72863180,0.00000000,73.27107571,0.00000000,0.00000000,94.69756566,106.72863180,101.68074366,1745.79450000,23060.33601459,7912.94957600
2,72,0.000000,0.216000,0.00000000,106.72863180,0.00000000,56.63244728,0.00000000,0.00000000,94.69756566,106.72863180,101.68074366,1745.79450000,23409.49491442,7912.94957600
2,73,0.000000,0.190000,0.00000000,106.72863180,0.00000000,36.96861369,0.00000000,0.00000000,94.69756566,106.72863180,101.68074366,1745.79450000,23758.65381426,7912.94957600
2,74,0.000000,0.167000,0.00000000,106.72863180,0.00000000,19.57368397,0.00000000,0.00000000,94.69756566,106.72863180,101.68074366,1745.79450000,24107.81271409,7912.94957600
2,75,0.000000,0.153000,0.00000000,106.72863180,0.00000000,8.98546588,0.00000000,0.00000000,94.69756566,106.72863180,101.68074366,1745.79450000,24456.97161393,7912.94957600
2,76,0.000000,0.154000,0.00000000,106.72863180,0.00000000,9.74176717,0.00000000,0.00000000,94.69756566,106.72863180,101.68074366,1745.79450000,24806.13051377,7912.94957600
2,77,0.000000,0.162000,0.00000000,106.72863180,0.00000000,15.79217751,0.00000000,0.00000000,94.69756566,106.72863180,101.68074366,1745.79450000,25155.28941360,7912.94957600
2,78,0.000000,0.180000,0.00000000,106.72863180,0.00000000,29.40560077,0.00000000,0.00000000,94.69756566,106.72863180,101.68074366,1745.79450000,25504.44831344,7912.94957600
2,79,0.046000,0.167000,8.37757293,98.35105888,0.00000000,27.95125690,0.00000000,0.00000000,94.69756566,106.72863180,101.68074366,1745.79450000,25853.60721327,7912.94957600
2,80,0.145000,0.233000,26.40756683,80.32106497,0.00000000,95.89713608,0.00000000,0.00000000,94.69756566,106.72863180,101.68074366,1745.79450000,26202.76611311,7912.94957600
2,81,0.271000,0.283000,49.35483180,57.37380000,0.00000000,156.65946565,0.00000000,0.00000000,94.69756566,106.72863180,101.68074366,1745.79450000,26551.92501295,7912.94957600
2,82,0.380000,0.286000,69.20603721,37.52259459,0.00000000,178.77957493,0.00000000,0.00000000,94.69756566,106.72863180,101.68074366,1745.79450000,26901.08391278,7912.94957600
2,83,0.442000,0.265000,80.49754854,26.82965338,0.00000000,173.59018901,0.00000000,0.00000000,94.69756566,107.32720193,101.68074366,1745.79450000,26901.08391258,9891.18697000
2,84,0.461000,0.243000,83.95785040,22.77078140,0.00000000,161.01043257,0.00000000,0.00000000,94.69756566,106.72863180,101.68074366,1745.79450000,27250.24281241,7912.94957600
2,85,0.444000,0.226000,80.86179084,26.13159483,0.00000000,144.79249717,0.00000000,0.00000000,94.69756566,106.99338567,101.68074366,1745.79450000,27444.96505252,8787.94481523
2,86,0.410000,0.221000,74.66967173,32.05896007,0.00000000,135.08362547,0.00000000,0.00000000,94.69756566,106.72863180,101.68074366,1745.79450000,27794.12395236,7912.94957600
2,87,0.342000,0.218000,62.28543349,44.44319831,0.00000000,120.43048335,0.00000000,0.00000000,94.69756566,106.72863180,101.68074366,1745.79450000,28143.28285220,7912.94957600
2,88,0.239000,0.206000,43.52695498,63.20167682,0.00000000,92.59638934,0.00000000,0.00000000,94.69756566,106.72863180,101.68074366,1745.79450000,28492.44175203,7912.94957600
2,89,0.106000,0.184000,19.30484196,88.02235997,0.00000000,51.13707777,0.00000000,0.00000000,94.69756566,107.32720193,101.68074366,1745.79450000,28492.44175183,9891.18697000
2,90,0.000000,0.158000,0.00000000,106.72863180,0.00000000,12.76697234,0.00000000,0.00000000,94.69756566,106.72863180,101.68074366,1745.79450000,28841.60065166,7912.94957600
2,91,0.000000,0.164000,0.00000000,106.72863180,0.00000000,17.30478010,0.00000000,0.00000000,94.69756566,106.72863180,101.68074366,1745.79450000,29190.75955150,7912.94957600
2,92,0.000000,0.179000,0.00000000,107.32720193,0.00000000,28.05072935,0.00000000,0.00000000,94.69756566,107.32720193,101.68074366,1745.79450000,29190.75955129,9891.18697000
2,93,0.000000,0.197000,0.00000000,107.32720193,0.00000000,41.66415261,0.00000000,0.00000000,94.69756566,107.32720193,101.68074366,1745.79450000,29190.75955109,9891.18697000
2,94,0.000000,0.217000,0.00000000,107.32720193,0.00000000,56.79017845,0.00000000,0.00000000,94.69756566,107.32720193,101.68074366,1745.79450000,29190.75955088,9891.18697000
2,95,0.000000,0.220000,0.00000000,107.32720193,0.00000000,59.05908232,0.00000000,0.00000000,94.69756566,107.32720193,101.68074366,1745.79450000,29190.75955068,9891.18697000
2,96,0.000000,0.203000,0.00000000,107.32720193,0.00000000,46.20196036,0.00000000,0.00000000,94.69756566,107.32720193,101.68074366,1745.79450000,29190.75955047,9891.18697000
2,97,0.000000,0.182000,0.00000000,107.32720193,0.00000000,30.31963323,0.00000000,0.00000000,94.69756566,107.32720193,101.68074366,1745.79450000,29190.75955027,9891.18697000
2,98,0.000000,0.193000,0.00000000,107.32720193,0.00000000,38.63894744,0.00000000,0.00000000,94.69756566,107.32720193,101.68074366,1745.79450000,29190.75955006,9891.18697000
2,99,0.000000,0.231000,0.00000000,107.32720193,0.00000000,67.37839654,0.00000000,0.00000000,94.69756566,107.32720193,101.68074366,1745.79450000,29190.75954986,9891.18697000
2,100,0.000000,0.225000,0.00000000,107.32720193,0.00000000,62.84058878,0.00000000,0.00000000,94.69756566,107.32720193,101.68074366,1745.79450000,29190.75954965,9891.18697000
2,101,0.000000,0.231000,0.00000000,106.72863180,0.00000000,67.97696666,0.00000000,0.00000000,94.69756566,106.72863180,101.68074366,1745.79450000,29539.91844949,7912.94957600
2,102,0.001000,0.237000,0.18212115,107.14508078,0.00000000,72.09832544,0.00000000,0.00000000,94.69756566,107.32720193,101.68074366,1745.79450000,29539.91844928,9891.18697000
2,103,0.114000,0.194000,20.76181116,86.56539076,0.00000000,60.15705989,0.00000000,0.00000000,94.69756566,107.32720193,101.68074366,1745.79450000,29539.91844908,9891.18697000
2,104,0.263000,0.332000,47.89786259,59.42933933,0.00000000,191.66268963,0.00000000,0.00000000,94.69756566,107.32720193,101.68074366,1745.79450000,29539.91844887,9891.18697000
2,105,0.390000,0.428000,71.02724872,36.29995321,0.00000000,287.39699979,0.00000000,0.00000000,94.69756566,107.32720193,101.68074366,1745.79450000,29539.91844867,9891.18697000
2,106,0.462000,0.449000,84.13997155,23.18723037,0.00000000,316.39204976,0.00000000,0.00000000,94.69756566,107.32720193,101.68074366,1745.79450000,29539.91844846,9891.18697000
2,107,0.474000,0.469000,86.32542536,21.00177656,0.00000000,333.70352941,0.00000000,0.00000000,94.69756566,107.32720193,101.68074366,1745.79450000,29539.91844826,9891.18697000
2,108,0.421000,0.466000,76.67300438,30.65419754,0.00000000,321.78220455,0.00000000,0.00000000,94.69756566,107.32720193,101.68074366,1745.79450000,29539.91844805,9891.18697000
2,109,0.349000,0.446000,63.56028154,43.76692038,0.00000000,293.54345587,0.00000000,0.00000000,94.69756566,107.32720193,101.68074366,1745.79450000,29539.91844785,9891.18697000
2,110,0.288000,0.432000,52.45089136,54.87631057,0.00000000,271.84584760,0.00000000,0.00000000,94.69756566,107.32720193,101.68074366,1745.79450000,29539.91844764,9891.18697000
2,111,0.236000,0.466000,42.98059153,64.34661040,0.00000000,288.08979170,0.00000000,0.00000000,94.69756566,107.32720193,101.68074366,1745.79450000,29539.91844744,9891.18697000
2,112,0.163000,0.525000,29.68574754,77.64145439,0.00000000,319.41672394,0.00000000,0.00000000,94.69756566,107.32720193,101.68074366,1745.79450000,29539.91844723,9891.18697000
2,113,0.065000,0.590000,11.83787479,95.48932714,0.00000000,350.72843517,0.00000000,0.00000000,94.69756566,107.32720193,101.68074366,1745.79450000,29539.91844703,9891.18697000
2,114,0.000000,0.672000,0.00000000,107.32720193,0.00000000,400.90726633,0.00000000,0.00000000,94.69756566,107.32720193,101.68074366,1745.79450000,29539.91844682,9891.18697000
2,115,0.000000,0.663000,0.00000000,107.32720193,0.00000000,394.10055470,0.00000000,0.00000000,94.69756566,107.32720193,101.68074366,1745.79450000,29539.91844662,9891.18697000
2,116,0.000000,0.553000,0.00000000,107.32720193,0.00000000,310.90741258,0.00000000,0.00000000,94.69756566,107.32720193,101.68074366,1745.79450000,29539.91844641,9891.18697000
2,117,0.000000,0.479000,0.00000000,107.32720193,0.00000000,254.94111696,0.00000000,0.00000000,94.69756566,107.32720193,101.68074366,1745.79450000,29539.91844621,9891.18697000
2,118,0.000000,0.431000,0.00000000,107.32720193,0.00000000,218.63865495,0.00000000,0.00000000,94.69756566,107.32720193,101.68074366,1745.79450000,29539.91844600,9891.18697000
2,119,0.000000,0.368000,0.00000000,107.32720193,0.00000000,170.99167355,0.00000000,0.00000000,94.69756566,107.32720193,101.68074366,1745.79450000,29539.91844580,9891.18697000
2,120,0.000000,0.295000,0.00000000,107.32720193,0.00000000,115.78167923,0.00000000,0.00000000,94.69756566,107.32720193,101.68074366,1745.79450000,29539.91844559,9891.18697000
2,121,0.000000,0.245000,0.00000000,107.32720193,0.00000000,77.96661463,0.00000000,0.00000000,94.69756566,107.32720193,101.68074366,1745.79450000,29539.91844539,9891.18697000
2,122,0.000000,0.241000,0.00000000,107.32720193,0.00000000,74.94140946,0.00000000,0.00000000,94.69756566,107.32720193,101.68074366,1745.79450000,29539.91844518,9891.18697000
2,123,0.000000,0.260000,0.00000000,107.32720193,0.00000000,89.31113401,0.00000000,0.00000000,94.69756566,107.32720193,101.68074366,1745.79450000,29539.91844498,9891.18697000
2,124,0.000000,0.272000,0.00000000,107.32720193,0.00000000,98.38674951,0.00000000,0.00000000,94.69756566,107.32720193,101.68074366,1745.79450000,29539.91844477,9891.18697000
2,125,0.000000,0.251000,0.00000000,107.32720193,0.00000000,82.50442238,0.00000000,0.00000000,94.69756566,107.32720193,101.68074366,1745.79450000,29539.91844457,9891.18697000
2,126,0.000000,0.194000,0.00000000,107.32720193,0.00000000,39.39524873,0.00000000,0.00000000,94.69756566,107.32720193,101.68074366,1745.79450000,29539.91844436,9891.18697000
2,127,0.132000,0.124000,24.03999187,83.28721005,0.00000000,10.49415016,0.00000000,0.00000000,94.69756566,107.32720193,101.68074366,1745.79450000,29539.91844416,9891.18697000
2,128,0.322000,0.270000,58.64301048,48.68419145,0.00000000,155.51715740,0.00000000,0.00000000,94.69756566,107.32720193,101.68074366,1745.79450000,29539.91844395,9891.18697000
2,129,0.487000,0.355000,88.69300032,18.63420161,0.00000000,249.85275707,0.00000000,0.00000000,94.69756566,107.32720193,101.68074366,1745.79450000,29539.91844375,9891.18697000
2,130,0.584000,0.308000,106.35875192,0.96845000,0.00000000,231.97234795,0.00000000,0.00000000,94.69756566,107.32720193,101.68074366,1745.79450000,29539.91844354,9891.18697000
2,131,0.616000,0.236000,107.32720193,0.00000000,4.85942681,178.48710492,0.00000000,0.00000000,94.69756566,107.32720193,101.68074366,1745.79450000,29539.91844334,9891.18697000
2,132,0.604000,0.181000,107.32720193,0.00000000,2.67397301,136.89053386,0.00000000,0.00000000,94.69756566,107.32720193,101.68074366,1745.79450000,29539.91844313,9891.18697000
2,133,0.528000,0.175000,96.15996749,11.16723443,0.00000000,121.18549167,0.00000000,0.00000000,94.69756566,107.32720193,101.68074366,1745.79450000,29539.91844293,9891.18697000
2,134,0.409000,0.192000,74.48755058,32.83965135,0.00000000,112.37019672,0.00000000,0.00000000,94.69756566,107.32720193,101.68074366,1745.79450000,29539.91844272,9891.18697000
2,135,0.223000,0.247000,40.61301657,66.71418535,0.00000000,120.09223378,0.00000000,0.00000000,94.69756566,107.32720193,101.68074366,1745.79450000,29539.91844252,9891.18697000
2,136,0.087000,0.355000,15.84454010,91.48266183,0.00000000,177.00429685,0.00000000,0.00000000,94.69756566,107.32720193,101.68074366,1745.79450000,29539.91844231,9891.18697000
2,137,0.019000,0.334000,3.46030186,103.86690007,0.00000000,148.73773148,0.00000000,0.00000000,94.69756566,107.32720193,101.68074366,1745.79450000,29539.91844211,9891.18697000
2,138,0.000000,0.218000,0.00000000,107.32720193,0.00000000,57.54647974,0.00000000,0.00000000,94.69756566,107.32720193,101.68074366,1745.79450000,29539.91844190,9891.18697000
2,139,0.000000,0.157000,0.00000000,107.32720193,0.00000000,11.41210093,0.00000000,0.00000000,94.69756566,107.32720193,101.68074366,1745.79450000,29539.91844170,9891.18697000
2,140,0.000000,0.142000,0.00000000,107.32720193,0.00000000,0.06758154,0.00000000,0.00000000,94.69756566,107.32720193,101.68074366,1745.79450000,29539.91844149,9891.18697000
2,141,0.000000,0.138000,0.00000000,104.36957830,0.00000000,0.00000000,2.35905350,0.00000000,94.69756566,106.72863180,101.68074366,1745.79450000,29889.07734133,7912.94957600
2,142,0.000000,0.137000,0.00000000,103.61327701,0.00000000,0.00000000,3.11535479,0.00000000,94.69756566,106.72863180,101.68074366,1745.79450000,30238.23624117,7912.94957600
2,143,0.000000,0.102000,0.00000000,77.14273179,0.00000000,0.00000000,4.48626441,0.00000000,71.63751097,81.62899620,77.14273179,1376.30520549,30217.90584649,7912.94957600
2,144,0.000000,0.055000,0.00000000,41.59657106,0.00000000,0.00000000,3.60455079,0.00000000,38.41164924,45.20112186,41.59657106,796.23045651,29617.50070284,7912.94957600
2,145,0.000000,0.022000,0.00000000,16.63862843,0.00000000,0.00000000,2.91214752,0.00000000,15.27582047,19.55077595,16.63862843,340.70198941,28561.56709208,7912.94957600
2,146,0.000000,0.008000,0.00000000,2.39428050,0.00000000,3.65612984,0.00000000,0.00000000,0.00000000,2.39428050,0.00000000,0.00000000,27164.93149192,7912.94957600
2,147,0.000000,0.004000,0.00000000,2.39428050,0.00000000,0.63092467,0.00000000,0.00000000,0.00000000,2.39428050,0.00000000,0.00000000,25768.29589175,7912.94957600
2,148,0.000000,0.004000,0.00000000,2.39428050,0.00000000,0.63092467,0.00000000,0.00000000,0.00000000,2.39428050,0.00000000,0.00000000,24371.66029159,7912.94957600
2,149,0.000000,0.008000,0.00000000,2.39428050,0.00000000,3.65612984,0.00000000,0.00000000,0.00000000,2.39428050,0.00000000,0.00000000,22975.02469143,7912.94957600
2,150,0.000000,0.012000,0.00000000,2.39428050,0.00000000,6.68133500,0.00000000,0.00000000,0.00000000,2.39428050,0.00000000,0.00000000,21578.38909126,7912.94957600
2,151,0.045000,0.026000,8.19545177,19.66383359,0.00000000,0.00000000,3.23321633,0.00000000,25.65155950,31.09250170,27.85928537,551.93146633,20733.68495743,7912.94957600
2,152,0.157000,0.096000,28.59302064,72.60492404,0.00000000,0.00000000,5.03698227,0.00000000,94.24346634,106.23492694,101.19794467,1738.61958403,21075.66894129,7912.94957600
2,153,0.294000,0.154000,53.54361826,53.18501354,0.00000000,63.28538544,0.00000000,0.00000000,94.69756566,106.72863180,101.68074366,1745.79450000,21424.82784113,7912.94957600
2,154,0.406000,0.148000,73.94118712,32.78744468,0.00000000,79.14514655,0.00000000,0.00000000,94.69756566,106.72863180,101.68074366,1745.79450000,21773.98674097,7912.94957600
2,155,0.491000,0.119000,89.42148492,17.30714688,0.00000000,72.69270687,0.00000000,0.00000000,94.69756566,106.72863180,101.68074366,1745.79450000,22123.14564080,7912.94957600
2,156,0.527000,0.098000,95.97784634,10.75078546,0.00000000,63.36674116,0.00000000,0.00000000,94.69756566,106.72863180,101.68074366,1745.79450000,22472.30454064,7912.94957600
2,157,0.503000,0.069000,91.60693873,15.12169307,0.00000000,37.06309608,0.00000000,0.00000000,94.69756566,106.72863180,101.68074366,1745.79450000,22821.46344047,7912.94957600
2,158,0.424000,0.061000,77.21936783,29.50926397,0.00000000,16.62511485,0.00000000,0.00000000,94.69756566,106.72863180,101.68074366,1745.79450000,23170.62234031,7912.94957600
2,159,0.308000,0.099000,56.09331437,50.63531743,0.00000000,24.23851048,0.00000000,0.00000000,94.69756566,106.72863180,101.68074366,1745.79450000,23519.78124015,7912.94957600
2,160,0.180000,0.184000,32.78180710,73.94682470,0.00000000,65.21261304,0.00000000,0.00000000,94.69756566,106.72863180,101.68074366,1745.79450000,23868.94013998,7912.94957600
2,161,0.068000,0.259000,12.38423824,94.34439356,0.00000000,101.53764108,0.00000000,0.00000000,94.69756566,106.72863180,101.68074366,1745.79450000,24218.09903982,7912.94957600
2,162,0.000000,0.261000,0.00000000,106.72863180,0.00000000,90.66600542,0.00000000,0.00000000,94.69756566,106.72863180,101.68074366,1745.79450000,24567.25793965,7912.94957600
2,163,0.000000,0.205000,0.00000000,106.72863180,0.00000000,48.31313307,0.00000000,0.00000000,94.69756566,106.72863180,101.68074366,1745.79450000,24916.41683949,7912.94957600
2,164,0.000000,0.175000,0.00000000,106.72863180,0.00000000,25.62409431,0.00000000,0.00000000,94.69756566,106.72863180,101.68074366,1745.79450000,25265.57573933,7912.94957600
2,165,0.000000,0.168000,0.00000000,106.72863180,0.00000000,20.32998526,0.00000000,0.00000000,94.69756566,106.72863180,101.68074366,1745.79450000,25614.73463916,7912.94957600
2,166,0.000000,0.179000,0.00000000,106.72863180,0.00000000,28.64929948,0.00000000,0.00000000,94.69756566,106.72863180,101.68074366,1745.79450000,25963.89353900,7912.94957600
2,167,0.000000,0.177000,0.00000000,106.72863180,0.00000000,27.13669689,0.00000000,0.00000000,94.69756566,106.72863180,101.68074366,1745.79450000,26313.05243883,7912.94957600
2,168,0.000000,0.160000,0.00000000,106.72863180,0.00000000,14.27957493,0.00000000,0.00000000,94.69756566,106.72863180,101.68074366,1745.79450000,26662.21133867,7912.94957600
2,169,0.000000,0.140000,0.00000000,105.88218089,0.00000000,0.00000000,0.84645091,0.00000000,94.69756566,106.72863180,101.68074366,1745.79450000,27011.37023851,7912.94957600
2,170,0.000000,0.125000,0.00000000,94.53766151,0.00000000,0.00000000,4.88653415,0.00000000,87.97909926,99.42419566,94.53766151,1639.64056104,27254.37519938,7912.94957600
2,171,0.000000,0.116000,0.00000000,87.73094988,0.00000000,0.00000000,4.73277839,0.00000000,81.57700807,92.46372827,87.73094988,1538.48545249,27396.22505170,7912.94957600
2,172,0.000000,0.122000,0.00000000,92.26875763,0.00000000,0.00000000,4.83528223,0.00000000,85.84506886,97.10403986,92.26875763,1605.92219152,27605.51164306,7912.94957600
2,173,0.000000,0.145000,0.00000000,106.72863180,0.00000000,2.93505555,0.00000000,0.00000000,94.69756566,106.72863180,101.68074366,1745.79450000,27954.67054290,7912.94957600
2,174,0.001000,0.164000,0.18212115,106.54651065,0.00000000,17.48690125,0.00000000,0.00000000,94.69756566,106.72863180,101.68074366,1745.79450000,28303.82944273,7912.94957600
2,175,0.164000,0.179000,29.86786869,76.86076311,0.00000000,58.51716817,0.00000000,0.00000000,94.69756566,106.72863180,101.68074366,1745.79450000,28652.98834257,7912.94957600
2,176,0.384000,0.261000,69.93452181,37.39268011,0.00000000,160.00195711,0.00000000,0.00000000,94.69756566,107.32720193,101.68074366,1745.79450000,28652.98834236,9891.18697000
2,177,0.553000,0.229000,100.71299625,6.01563555,0.00000000,167.17736033,0.00000000,0.00000000,94.69756566,106.72863180,101.68074366,1745.79450000,29002.14724220,7912.94957600
2,178,0.664000,0.188000,107.32720193,0.00000000,13.60124204,142.18464290,0.00000000,0.00000000,94.69756566,107.32720193,101.68074366,1745.79450000,29002.14724200,9891.18697000
2,179,0.722000,0.170000,106.72863180,0.00000000,24.76283890,128.57121965,0.00000000,0.00000000,94.69756566,106.72863180,101.68074366,1745.79450000,29351.30614183,7912.94957600
2,180,0.727000,0.177000,107.32720193,0.00000000,25.07487452,133.86532869,0.00000000,0.00000000,94.69756566,107.32720193,101.68074366,1745.79450000,29351.30614163,9891.18697000
2,181,0.689000,0.213000,107.32720193,0.00000000,18.15427080,161.09217521,0.00000000,0.00000000,94.69756566,107.32720193,101.68074366,1745.79450000,29351.30614142,9891.18697000
2,182,0.620000,0.270000,107.32720193,0.00000000,5.58791142,204.20134885,0.00000000,0.00000000,94.69756566,107.32720193,101.68074366,1745.79450000,29351.30614122,9891.18697000
2,183,0.479000,0.341000,87.23603111,20.09117081,0.00000000,237.80756978,0.00000000,0.00000000,94.69756566,107.32720193,101.68074366,1745.79450000,29351.30614101,9891.18697000
2,184,0.297000,0.415000,54.08998171,53.23722021,0.00000000,260.62781599,0.00000000,0.00000000,94.69756566,107.32720193,101.68074366,1745.79450000,29351.30614081,9891.18697000
2,185,0.109000,0.454000,19.85120541,87.47599652,0.00000000,255.88479007,0.00000000,0.00000000,94.69756566,107.32720193,101.68074366,1745.79450000,29351.30614060,9891.18697000
2,186,0.000000,0.488000,0.00000000,107.32720193,0.00000000,261.74782859,0.00000000,0.00000000,94.69756566,107.32720193,101.68074366,1745.79450000,29351.30614040,9891.18697000
2,187,0.000000,0.519000,0.00000000,106.72863180,0.00000000,285.79173877,0.00000000,0.00000000,94.69756566,106.72863180,101.68074366,1745.79450000,29700.46504023,7912.94957600
2,188,0.000000,0.532000,0.00000000,106.72863180,0.00000000,295.62365557,0.00000000,0.00000000,94.69756566,106.72863180,101.68074366,1745.79450000,30049.62394007,7912.94957600
2,189,0.000000,0.507000,0.00000000,107.32720193,0.00000000,276.11755314,0.00000000,0.00000000,94.69756566,107.32720193,101.68074366,1745.79450000,30049.62393986,9891.18697000
2,190,0.000000,0.449000,0.00000000,107.32720193,0.00000000,232.25207820,0.00000000,0.00000000,94.69756566,107.32720193,101.68074366,1745.79450000,30049.62393966,9891.18697000
2,191,0.000000,0.391000,0.00000000,107.32720193,0.00000000,188.38660326,0.00000000,0.00000000,94.69756566,107.32720193,101.68074366,1745.79450000,30049.62393945,9891.18697000
2,192,0.000000,0.338000,0.00000000,107.32410818,0.00000000,148.30572853,0.00000000,0.00000000,94.69756566,107.32410818,101.68074366,1745.79450000,30051.42858722,9880.96233562
2,193,0.000000,0.298000,0.00000000,107.32720193,0.00000000,118.05058310,0.00000000,0.00000000,94.69756566,107.32720193,101.68074366,1745.79450000,30051.42858701,9891.18697000
2,194,0.000000,0.279000,0.00000000,107.32720193,0.00000000,103.68085856,0.00000000,0.00000000,94.69756566,107.32720193,101.68074366,1745.79450000,30051.42858681,9891.18697000
2,195,0.000000,0.274000,0.00000000,107.32720193,0.00000000,99.89935210,0.00000000,0.00000000,94.69756566,107.32720193,101.68074366,1745.79450000,30051.42858660,9891.18697000
2,196,0.000000,0.272000,0.00000000,107.32720193,0.00000000,98.38674951,0.00000000,0.00000000,94.69756566,107.32720193,101.68074366,1745.79450000,30051.42858640,9891.18697000
2,197,0.000000,0.267000,0.00000000,107.32720193,0.00000000,94.60524305,0.00000000,0.00000000,94.69756566,107.32720193,101.68074366,1745.79450000,30051.42858619,9891.18697000
2,198,0.000000,0.265000,0.00000000,107.32720193,0.00000000,93.09264047,0.00000000,0.00000000,94.69756566,107.32720193,101.68074366,1745.79450000,30051.42858599,9891.18697000
2,199,0.115000,0.268000,20.94393231,86.38326961,0.00000000,116.30547666,0.00000000,0.00000000,94.69756566,107.32720193,101.68074366,1745.79450000,30051.42858578,9891.18697000
2,200,0.279000,0.503000,50.81180100,56.51540092,0.00000000,323.90414898,0.00000000,0.00000000,94.69756566,107.32720193,101.68074366,1745.79450000,30051.42858558,9891.18697000
2,201,0.428000,0.586000,77.94785244,29.37934949,0.00000000,413.81320765,0.00000000,0.00000000,94.69756566,107.32720193,101.68074366,1745.79450000,30051.42858537,9891.18697000
2,202,0.540000,0.560000,98.34542130,8.98178063,0.00000000,414.54694292,0.00000000,0.00000000,94.69756566,107.32720193,101.68074366,1745.79450000,30051.42858517,9891.18697000
2,203,0.581000,0.523000,105.81238847,1.51481346,0.00000000,394.03076229,0.00000000,0.00000000,94.69756566,107.32720193,101.68074366,1745.79450000,30051.42858496,9891.18697000
2,204,0.571000,0.486000,103.99117696,3.33602496,0.00000000,364.22640297,0.00000000,0.00000000,94.69756566,107.32720193,101.68074366,1745.79450000,30051.42858476,9891.18697000
2,205,0.549000,0.456000,99.98451165,7.34269027,0.00000000,337.53069890,0.00000000,0.00000000,94.69756566,107.32720193,101.68074366,1745.79450000,30051.42858455,9891.18697000
2,206,0.485000,0.447000,88.32875802,18.99844391,0.00000000,319.06823364,0.00000000,0.00000000,94.69756566,107.32720193,101.68074366,1745.79450000,30051.42858435,9891.18697000
2,207,0.370000,0.481000,67.38482570,39.94237622,0.00000000,323.83854525,0.00000000,0.00000000,94.69756566,107.32720193,101.68074366,1745.79450000,30051.42858414,9891.18697000
2,208,0.224000,0.532000,40.79513772,66.53206420,0.00000000,335.82022317,0.00000000,0.00000000,94.69756566,107.32720193,101.68074366,1745.79450000,30051.42858394,9891.18697000
2,209,0.077000,0.557000,14.02332859,93.30387333,0.00000000,327.95594634,0.00000000,0.00000000,94.69756566,107.32720193,101.68074366,1745.79450000,30051.42858373,9891.18697000
2,210,0.000000,0.552000,0.00000000,107.32720193,0.00000000,310.15111128,0.00000000,0.00000000,94.69756566,107.32720193,101.68074366,1745.79450000,30051.42858353,9891.18697000
2,211,0.000000,0.571000,0.00000000,107.32720193,0.00000000,324.52083583,0.00000000,0.00000000,94.69756566,107.32720193,101.68074366,1745.79450000,30051.42858332,9891.18697000
2,212,0.000000,0.586000,0.00000000,107.32720193,0.00000000,335.86535521,0.00000000,0.00000000,94.69756566,107.32720193,101.68074366,1745.79450000,30051.42858312,9891.18697000
2,213,0.000000,0.579000,0.00000000,107.32720193,0.00000000,330.57124617,0.00000000,0.00000000,94.69756566,107.32720193,101.68074366,1745.79450000,30051.42858291,9891.18697000
2,214,0.000000,0.556000,0.00000000,107.32720193,0.00000000,313.17631645,0.00000000,0.00000000,94.69756566,107.32720193,101.68074366,1745.79450000,30051.42858271,9891.18697000
2,215,0.000000,0.507000,0.00000000,107.32720193,0.00000000,276.11755314,0.00000000,0.00000000,94.69756566,107.32720193,101.68074366,1745.79450000,30051.42858250,9891.18697000
2,216,0.000000,0.442000,0.00000000,107.32720193,0.00000000,226.95796916,0.00000000,0.00000000,94.69756566,107.32720193,101.68074366,1745.79450000,30051.42858230,9891.18697000
2,217,0.000000,0.374000,0.00000000,107.32720193,0.00000000,175.52948130,0.00000000,0.00000000,94.69756566,107.32720193,101.68074366,1745.79450000,30051.42858209,9891.18697000
2,218,0.000000,0.318000,0.00000000,107.32720193,0.00000000,133.17660895,0.00000000,0.00000000,94.69756566,107.32720193,101.68074366,1745.79450000,30051.42858189,9891.18697000
2,219,0.000000,0.260000,0.00000000,107.32720193,0.00000000,89.31113401,0.00000000,0.00000000,94.69756566,107.32720193,101.68074366,1745.79450000,30051.42858168,9891.18697000
2,220,0.000000,0.212000,0.00000000,107.32720193,0.00000000,53.00867199,0.00000000,0.00000000,94.69756566,107.32720193,101.68074366,1745.79450000,30051.42858148,9891.18697000
2,221,0.000000,0.173000,0.00000000,107.32720193,0.00000000,23.51292160,0.00000000,0.00000000,94.69756566,107.32720193,101.68074366,1745.79450000,30051.42858127,9891.18697000
2,222,0.000000,0.146000,0.00000000,107.32720193,0.00000000,3.09278671,0.00000000,0.00000000,94.69756566,107.32720193,101.68074366,1745.79450000,30051.42858107,9891.18697000
2,223,0.082000,0.159000,14.93393435,92.39326758,0.00000000,27.85863785,0.00000000,0.00000000,94.69756566,107.32720193,101.68074366,1745.79450000,30051.42858086,9891.18697000
2,224,0.232000,0.304000,42.25210693,65.07509500,0.00000000,164.84049778,0.00000000,0.00000000,94.69756566,107.32720193,101.68074366,1745.79450000,30051.42858066,9891.18697000
2,225,0.397000,0.358000,72.30209677,35.02510516,0.00000000,235.73075740,0.00000000,0.00000000,94.69756566,107.32720193,101.68074366,1745.79450000,30051.42858045,9891.18697000
2,226,0.487000,0.320000,88.69300032,18.63420161,0.00000000,223.38221185,0.00000000,0.00000000,94.69756566,107.32720193,101.68074366,1745.79450000,30051.42858025,9891.18697000
2,227,0.561000,0.280000,102.16996546,5.15723647,0.00000000,206.60712531,0.00000000,0.00000000,94.69756566,107.32720193,101.68074366,1745.79450000,30051.42858004,9891.18697000
2,228,0.604000,0.255000,107.32720193,0.00000000,2.67397301,192.85682947,0.00000000,0.00000000,94.69756566,107.32720193,101.68074366,1745.79450000,30051.42857984,9891.18697000
2,229,0.569000,0.241000,103.62693466,3.70026726,0.00000000,178.56834412,0.00000000,0.00000000,94.69756566,107.32720193,101.68074366,1745.79450000,30051.42857963,9891.18697000
2,230,0.501000,0.237000,91.24269643,16.08450550,0.00000000,163.15890072,0.00000000,0.00000000,94.69756566,107.32720193,101.68074366,1745.79450000,30051.42857943,9891.18697000
2,231,0.388000,0.250000,70.66300641,36.66419551,0.00000000,152.41112750,0.00000000,0.00000000,94.69756566,107.32720193,101.68074366,1745.79450000,30051.42857922,9891.18697000
2,232,0.239000,0.275000,43.52695498,63.80024694,0.00000000,144.18260837,0.00000000,0.00000000,94.69756566,107.32720193,101.68074366,1745.79450000,30051.42857902,9891.18697000
2,233,0.086000,0.302000,15.66241895,91.66478298,0.00000000,136.73820722,0.00000000,0.00000000,94.69756566,107.32720193,101.68074366,1745.79450000,30051.42857881,9891.18697000
2,234,0.000000,0.325000,0.00000000,107.32720193,0.00000000,138.47071799,0.00000000,0.00000000,94.69756566,107.32720193,101.68074366,1745.79450000,30051.42857861,9891.18697000
2,235,0.000000,0.346000,0.00000000,107.32720193,0.00000000,154.35304512,0.00000000,0.00000000,94.69756566,107.32720193,101.68074366,1745.79450000,30051.42857840,9891.18697000
2,236,0.000000,0.345000,0.00000000,107.32720193,0.00000000,153.59674383,0.00000000,0.00000000,94.69756566,107.32720193,101.68074366,1745.79450000,30051.42857820,9891.18697000
2,237,0.000000,0.335000,0.00000000,107.32720193,0.00000000,146.03373091,0.00000000,0.00000000,94.69756566,107.32720193,101.68074366,1745.79450000,30051.42857799,9891.18697000
2,238,0.000000,0.330000,0.00000000,107.32720193,0.00000000,142.25222445,0.00000000,0.00000000,94.69756566,107.32720193,101.68074366,1745.79450000,30051.42857779,9891.18697000
2,239,0.000000,0.329000,0.00000000,107.32720193,0.00000000,141.49592316,0.00000000,0.00000000,94.69756566,107.32720193,101.68074366,1745.79450000,30051.42857758,9891.18697000
2,240,0.000000,0.318000,0.00000000,107.32720193,0.00000000,133.17660895,0.00000000,0.00000000,94.69756566,107.32720193,101.68074366,1745.79450000,30051.42857738,9891.18697000
2,241,0.000000,0.295000,0.00000000,107.32720193,0.00000000,115.78167923,0.00000000,0.00000000,94.69756566,107.32720193,101.68074366,1745.79450000,30051.42857717,9891.18697000
2,242,0.000000,0.263000,0.00000000,107.32720193,0.00000000,91.58003788,0.00000000,0.00000000,94.69756566,107.32720193,101.68074366,1745.79450000,30051.42857697,9891.18697000
2,243,0.000000,0.238000,0.00000000,107.32720193,0.00000000,72.67250558,0.00000000,0.00000000,94.69756566,107.32720193,101.68074366,1745.79450000,30051.42857676,9891.18697000
2,244,0.000000,0.227000,0.00000000,107.32720193,0.00000000,64.35319137,0.00000000,0.00000000,94.69756566,107.32720193,101.68074366,1745.79450000,30051.42857656,9891.18697000
2,245,0.000000,0.219000,0.00000000,107.32720193,0.00000000,58.30278103,0.00000000,0.00000000,94.69756566,107.32720193,101.68074366,1745.79450000,30051.42857635,9891.18697000
2,246,0.000000,0.205000,0.00000000,107.32720193,0.00000000,47.71456294,0.00000000,0.00000000,94.69756566,107.32720193,101.68074366,1745.79450000,30051.42857615,9891.18697000
2,247,0.064000,0.166000,11.65575364,95.67144829,0.00000000,29.87456619,0.00000000,0.00000000,94.69756566,107.32720193,101.68074366,1745.79450000,30051.42857594,9891.18697000
2,248,0.170000,0.228000,30.96059559,76.36660633,0.00000000,96.07008825,0.00000000,0.00000000,94.69756566,107.32720193,101.68074366,1745.79450000,30051.42857574,9891.18697000
2,249,0.277000,0.244000,50.44755870,56.87964322,0.00000000,127.65787204,0.00000000,0.00000000,94.69756566,107.32720193,101.68074366,1745.79450000,30051.42857553,9891.18697000
2,250,0.365000,0.217000,66.47421995,40.85298197,0.00000000,123.26439840,0.00000000,0.00000000,94.69756566,107.32720193,101.68074366,1745.79450000,30051.42857533,9891.18697000
2,251,0.420000,0.195000,76.49088323,30.83631869,0.00000000,116.64243326,0.00000000,0.00000000,94.69756566,107.32720193,101.68074366,1745.79450000,30051.42857512,9891.18697000
2,252,0.438000,0.190000,79.76906394,27.55813798,0.00000000,116.13910750,0.00000000,0.00000000,94.69756566,107.32720193,101.68074366,1745.79450000,30051.42857492,9891.18697000
2,253,0.406000,0.199000,73.94118712,33.38601480,0.00000000,117.11794232,0.00000000,0.00000000,94.69756566,107.32720193,101.68074366,1745.79450000,30051.42857471,9891.18697000
2,254,0.339000,0.224000,61.73907004,45.58813189,0.00000000,123.82335753,0.00000000,0.00000000,94.69756566,107.32720193,101.68074366,1745.79450000,30051.42857451,9891.18697000
2,255,0.251000,0.266000,45.71240879,61.61479314,0.00000000,139.56135055,0.00000000,0.00000000,94.69756566,107.32720193,101.68074366,1745.79450000,30051.42857430,9891.18697000
2,256,0.148000,0.315000,26.95393028,80.37327164,0.00000000,157.86163535,0.00000000,0.00000000,94.69756566,107.32720193,101.68074366,1745.79450000,30051.42857410,9891.18697000
2,257,0.051000,0.337000,9.28817868,98.03902325,0.00000000,156.83451217,0.00000000,0.00000000,94.69756566,107.32720193,101.68074366,1745.79450000,30051.42857389,9891.18697000
2,258,0.000000,0.375000,0.00000000,107.32720193,0.00000000,176.28578259,0.00000000,0.00000000,94.69756566,107.32720193,101.68074366,1745.79450000,30051.42857369,9891.18697000
2,259,0.000000,0.413000,0.00000000,107.32720193,0.00000000,205.02523169,0.00000000,0.00000000,94.69756566,107.32720193,101.68074366,1745.79450000,30051.42857348,9891.18697000
2,260,0.000000,0.419000,0.00000000,107.32720193,0.00000000,209.56303944,0.00000000,0.00000000,94.69756566,107.32720193,101.68074366,1745.79450000,30051.42857328,9891.18697000
2,261,0.000000,0.394000,0.00000000,107.32720193,0.00000000,190.65550714,0.00000000,0.00000000,94.69756566,107.32720193,101.68074366,1745.79450000,30051.42857307,9891.18697000
2,262,0.000000,0.355000,0.00000000,107.32720193,0.00000000,161.15975675,0.00000000,0.00000000,94.69756566,107.32720193,101.68074366,1745.79450000,30051.42857287,9891.18697000
2,263,0.000000,0.328000,0.00000000,107.32720193,0.00000000,140.73962187,0.00000000,0.00000000,94.69756566,107.32720193,101.68074366,1745.79450000,30051.42857266,9891.18697000
2,264,0.000000,0.320000,0.00000000,107.32720193,0.00000000,134.68921153,0.00000000,0.00000000,94.69756566,107.32720193,101.68074366,1745.79450000,30051.42857246,9891.18697000
2,265,0.000000,0.312000,0.00000000,107.32720193,0.00000000,128.63880119,0.00000000,0.00000000,94.69756566,107.32720193,101.68074366,1745.79450000,30051.42857225,9891.18697000
2,266,0.000000,0.294000,0.00000000,107.32720193,0.00000000,115.02537794,0.00000000,0.00000000,94.69756566,107.32720193,101.68074366,1745.79450000,30051.42857205,9891.18697000
2,267,0.000000,0.270000,0.00000000,107.32720193,0.00000000,96.87414693,0.00000000,0.00000000,94.69756566,107.32720193,101.68074366,1745.79450000,30051.42857184,9891.18697000
2,268,0.000000,0.255000,0.00000000,107.32720193,0.00000000,85.52962755,0.00000000,0.00000000,94.69756566,107.32720193,101.68074366,1745.79450000,30051.42857164,9891.18697000
2,269,0.000000,0.257000,0.00000000,107.32720193,0.00000000,87.04223013,0.00000000,0.00000000,94.69756566,107.32720193,101.68074366,1745.79450000,30051.42857143,9891.18697000
2,270,0.000000,0.266000,0.00000000,107.32720193,0.00000000,93.84894176,0.00000000,0.00000000,94.69756566,107.32720193,101.68074366,1745.79450000,30051.42857123,9891.18697000
2,271,0.100000,0.280000,18.21211506,89.11508687,0.00000000,122.64927490,0.00000000,0.00000000,94.69756566,107.32720193,101.68074366,1745.79450000,30051.42857102,9891.18697000
2,272,0.261000,0.471000,47.53362029,59.79358163,0.00000000,296.42432692,0.00000000,0.00000000,94.69756566,107.32720193,101.68074366,1745.79450000,30051.42857082,9891.18697000
2,273,0.408000,0.494000,74.30542942,33.02177250,0.00000000,340.59106577,0.00000000,0.00000000,94.69756566,107.32720193,101.68074366,1745.79450000,30051.42857061,9891.18697000
2,274,0.545000,0.432000,99.25602705,8.07117488,0.00000000,318.65098329,0.00000000,0.00000000,94.69756566,107.32720193,101.68074366,1745.79450000,30051.42857041,9891.18697000
2,275,0.633000,0.372000,107.32720193,0.00000000,7.95548637,281.34408064,0.00000000,0.00000000,94.69756566,107.32720193,101.68074366,1745.79450000,30051.42857020,9891.18697000
2,276,0.637000,0.346000,107.32720193,0.00000000,8.68397098,261.68024705,0.00000000,0.00000000,94.69756566,107.32720193,101.68074366,1745.79450000,30051.42857000,9891.18697000
2,277,0.556000,0.386000,101.25935971,6.06784222,0.00000000,285.86445651,0.00000000,0.00000000,94.69756566,107.32720193,101.68074366,1745.79450000,30051.42856979,9891.18697000
2,278,0.435000,0.441000,79.22270049,28.10450144,0.00000000,305.42436836,0.00000000,0.00000000,94.69756566,107.32720193,101.68074366,1745.79450000,30051.42856959,9891.18697000
2,279,0.308000,0.474000,56.09331437,51.23388756,0.00000000,307.25292487,0.00000000,0.00000000,94.69756566,107.32720193,101.68074366,1745.79450000,30051.42856938,9891.18697000
2,280,0.197000,0.496000,35.87786666,71.44933527,0.00000000,303.67610559,0.00000000,0.00000000,94.69756566,107.32720193,101.68074366,1745.79450000,30051.42856918,9891.18697000
2,281,0.082000,0.480000,14.93393435,92.39326758,0.00000000,270.63135260,0.00000000,0.00000000,94.69756566,107.32720193,101.68074366,1745.79450000,30051.42856897,9891.18697000
2,282,0.000000,0.444000,0.00000000,107.32720193,0.00000000,228.47057174,0.00000000,0.00000000,94.69756566,107.32720193,101.68074366,1745.79450000,30051.42856877,9891.18697000
2,283,0.000000,0.432000,0.00000000,107.32720193,0.00000000,219.39495624,0.00000000,0.00000000,94.69756566,107.32720193,101.68074366,1745.79450000,30051.42856856,9891.18697000
2,284,0.000000,0.376000,0.00000000,107.32720193,0.00000000,177.04208388,0.00000000,0.00000000,94.69756566,107.32720193,101.68074366,1745.79450000,30051.42856836,9891.18697000
2,285,0.000000,0.320000,0.00000000,107.32720193,0.00000000,134.68921153,0.00000000,0.00000000,94.69756566,107.32720193,101.68074366,1745.79450000,30051.42856815,9891.18697000
2,286,0.000000,0.277000,0.00000000,107.32720193,0.00000000,102.16825597,0.00000000,0.00000000,94.69756566,107.32720193,101.68074366,1745.79450000,30051.42856795,9891.18697000
2,287,0.000000,0.234000,0.00000000,107.32720193,0.00000000,69.64730041,0.00000000,0.00000000,94.69756566,107.32720193,101.68074366,1745.79450000,30051.42856774,9891.18697000
2,288,0.000000,0.199000,0.00000000,107.32720193,0.00000000,43.17675519,0.00000000,0.00000000,94.69756566,107.32720193,101.68074366,1745.79450000,30051.42856754,9891.18697000
2,289,0.000000,0.180000,0.00000000,107.32720193,0.00000000,28.80703064,0.00000000,0.00000000,94.69756566,107.32720193,101.68074366,1745.79450000,30051.42856733,9891.18697000
2,290,0.000000,0.191000,0.00000000,107.32720193,0.00000000,37.12634486,0.00000000,0.00000000,94.69756566,107.32720193,101.68074366,1745.79450000,30051.42856713,9891.18697000
2,291,0.000000,0.195000,0.00000000,107.32720193,0.00000000,40.15155002,0.00000000,0.00000000,94.69756566,107.32720193,101.68074366,1745.79450000,30051.42856692,9891.18697000
2,292,0.000000,0.201000,0.00000000,107.32720193,0.00000000,44.68935778,0.00000000,0.00000000,94.69756566,107.32720193,101.68074366,1745.79450000,30051.42856672,9891.18697000
2,293,0.000000,0.205000,0.00000000,107.32720193,0.00000000,47.71456294,0.00000000,0.00000000,94.69756566,107.32720193,101.68074366,1745.79450000,30051.42856651,9891.18697000
2,294,0.000000,0.204000,0.00000000,107.32720193,0.00000000,46.95826165,0.00000000,0.00000000,94.69756566,107.32720193,101.68074366,1745.79450000,30051.42856631,9891.18697000
2,295,0.066000,0.167000,12.01999594,95.30720599,0.00000000,30.99510978,0.00000000,0.00000000,94.69756566,107.32720193,101.68074366,1745.79450000,30051.42856610,9891.18697000
2,296,0.197000,0.260000,35.87786666,71.44933527,0.00000000,125.18900067,0.00000000,0.00000000,94.69756566,107.32720193,101.68074366,1745.79450000,30051.42856590,9891.18697000
2,297,0.325000,0.351000,59.18937393,48.13782800,0.00000000,217.32392551,0.00000000,0.00000000,94.69756566,107.32720193,101.68074366,1745.79450000,30051.42856569,9891.18697000
2,298,0.422000,0.346000,76.85512553,30.47207639,0.00000000,231.20817066,0.00000000,0.00000000,94.69756566,107.32720193,101.68074366,1745.79450000,30051.42856549,9891.18697000
2,299,0.468000,0.323000,85.23269846,22.09450347,0.00000000,222.19081386,0.00000000,0.00000000,94.69756566,107.32720193,101.68074366,1745.79450000,30051.42856528,9891.18697000
2,300,0.449000,0.317000,81.77239660,25.55480533,0.00000000,214.19270425,0.00000000,0.00000000,94.69756566,107.32720193,101.68074366,1745.79450000,30051.42856508,9891.18697000
2,301,0.376000,0.325000,68.47755261,38.84964932,0.00000000,206.94827060,0.00000000,0.00000000,94.69756566,107.32720193,101.68074366,1745.79450000,30051.42856487,9891.18697000
2,302,0.292000,0.335000,53.17937596,54.14782596,0.00000000,199.21310687,0.00000000,0.00000000,94.69756566,107.32720193,101.68074366,1745.79450000,30051.42856467,9891.18697000
2,303,0.207000,0.334000,37.69907816,69.62812376,0.00000000,182.97650778,0.00000000,0.00000000,94.69756566,107.32720193,101.68074366,1745.79450000,30051.42856446,9891.18697000
2,304,0.116000,0.322000,21.12605346,86.20114846,0.00000000,157.32786758,0.00000000,0.00000000,94.69756566,107.32720193,101.68074366,1745.79450000,30051.42856426,9891.18697000
2,305,0.036000,0.270000,6.55636142,100.77084051,0.00000000,103.43050835,0.00000000,0.00000000,94.69756566,107.32720193,101.68074366,1745.79450000,30051.42856405,9891.18697000
2,306,0.000000,0.223000,0.00000000,107.32720193,0.00000000,61.32798620,0.00000000,0.00000000,94.69756566,107.32720193,101.68074366,1745.79450000,30051.42856385,9891.18697000
2,307,0.000000,0.222000,0.00000000,107.32720193,0.00000000,60.57168491,0.00000000,0.00000000,94.69756566,107.32720193,101.68074366,1745.79450000,30051.42856364,9891.18697000
2,308,0.000000,0.218000,0.00000000,107.32720193,0.00000000,57.54647974,0.00000000,0.00000000,94.69756566,107.32720193,101.68074366,1745.79450000,30051.42856344,9891.18697000
2,309,0.000000,0.200000,0.00000000,107.32720193,0.00000000,43.93305648,0.00000000,0.00000000,94.69756566,107.32720193,101.68074366,1745.79450000,30051.42856323,9891.18697000
2,310,0.000000,0.179000,0.00000000,107.32720193,0.00000000,28.05072935,0.00000000,0.00000000,94.69756566,107.32720193,101.68074366,1745.79450000,30051.42856303,9891.18697000
2,311,0.000000,0.152000,0.00000000,107.32720193,0.00000000,7.63059447,0.00000000,0.00000000,94.69756566,107.32720193,101.68074366,1745.79450000,30051.42856282,9891.18697000
2,312,0.000000,0.120000,0.00000000,90.75615505,0.00000000,0.00000000,4.80111428,0.00000000,84.42238193,95.55726933,90.75615505,1583.44327851,30238.23624117,7912.94957600
2,313,0.000000,0.093000,0.00000000,70.33602016,0.00000000,0.00000000,4.32584212,0.00000000,65.25296326,74.66186228,70.33602016,1270.76422616,30112.36486717,7912.94957600
2,314,0.000000,0.069000,0.00000000,52.18478915,0.00000000,0.00000000,3.87831115,0.00000000,48.27944534,56.06310030,52.18478915,976.33595375,29692.06522075,7912.94957600
2,315,0.000000,0.055000,0.00000000,41.59657106,0.00000000,0.00000000,3.60455079,0.00000000,38.41164924,45.20112186,41.59657106,796.23045651,29091.66007710,7912.94957600
2,316,0.000000,0.046000,0.00000000,34.78985943,0.00000000,0.00000000,3.42169257,0.00000000,32.08614346,38.21155200,34.78985943,675.92899280,28370.95346974,7912.94957600
2,317,0.000000,0.042000,0.00000000,31.76465427,0.00000000,0.00000000,3.33942243,0.00000000,29.27743866,35.10407670,31.76465427,621.80390095,27596.12177052,7912.94957600
2,318,0.000000,0.043000,0.00000000,32.52095556,0.00000000,0.00000000,3.35998996,0.00000000,29.97961486,35.88094552,32.52095556,635.33517391,26834.82134427,7912.94957600
2,319,0.042000,0.030000,7.64908832,22.68903876,0.00000000,0.00000000,3.30062817,0.00000000,27.95300163,33.63875526,30.33812708,596.28136266,26034.46710677,7912.94957600
2,320,0.126000,0.028000,22.94726497,21.17643618,0.00000000,0.00000000,3.66989021,0.00000000,40.76683348,47.79359136,44.12370115,839.21691718,25477.04842378,7912.94957600
2,321,0.214000,0.039000,38.97392622,29.49575039,0.00000000,0.00000000,4.28165226,0.00000000,63.50290882,72.75132887,68.46967661,1241.69194634,25322.10476996,7912.94957600
2,322,0.293000,0.044000,53.36149711,33.27725685,0.00000000,0.00000000,4.70810694,0.00000000,80.54973701,91.34686090,86.63875396,1522.25423799,25447.72340779,7912.94957600
2,323,0.347000,0.045000,63.19603924,34.03355814,0.00000000,0.00000000,4.94734188,0.00000000,90.51101481,102.17693926,97.22959738,1679.64564437,25730.73345199,7912.94957600
2,324,0.371000,0.042000,67.56694685,31.76465427,0.00000000,0.00000000,4.99482372,0.00000000,92.48806633,104.32642484,99.33160112,1710.88369702,26044.98154884,7912.94957600
2,325,0.357000,0.038000,65.01725075,28.73944910,0.00000000,0.00000000,4.86889313,0.00000000,87.24456135,98.62559297,93.75669984,1628.03462473,26276.38057341,7912.94957600
2,326,0.312000,0.036000,56.82179897,27.22684651,0.00000000,0.00000000,4.64902472,0.00000000,78.11510806,88.69767021,84.04864549,1483.38435537,26363.12932862,7912.94957600
2,327,0.208000,0.045000,37.88119931,34.03355814,0.00000000,0.00000000,4.36305020,0.00000000,66.73378456,76.27780766,71.91475746,1295.24322417,26261.73695262,7912.94957600
2,328,0.102000,0.058000,18.57635736,43.86547494,0.00000000,0.00000000,4.13305304,0.00000000,57.86611509,66.57488533,62.44183229,1143.92930188,26009.03065434,7912.94957600
2,329,0.030000,0.091000,5.46363452,68.82341758,0.00000000,0.00000000,4.41896104,0.00000000,68.95894542,78.70601313,74.28705209,1332.02666862,25944.42172280,7912.94957600
2,330,0.000000,0.148000,0.00000000,106.72863180,0.00000000,5.20395942,0.00000000,0.00000000,94.69756566,106.72863180,101.68074366,1745.79450000,26293.58062263,7912.94957600
2,331,0.000000,0.187000,0.00000000,106.72863180,0.00000000,34.69970981,0.00000000,0.00000000,94.69756566,106.72863180,101.68074366,1745.79450000,26642.73952247,7912.94957600
2,332,0.000000,0.188000,0.00000000,106.72863180,0.00000000,35.45601110,0.00000000,0.00000000,94.69756566,106.72863180,101.68074366,1745.79450000,26991.89842231,7912.94957600
2,333,0.000000,0.204000,0.00000000,106.72863180,0.00000000,47.55683178,0.00000000,0.00000000,94.69756566,106.72863180,101.68074366,1745.79450000,27341.05732214,7912.94957600
2,334,0.000000,0.214000,0.00000000,106.72863180,0.00000000,55.11984470,0.00000000,0.00000000,94.69756566,106.72863180,101.68074366,1745.79450000,27690.21622198,7912.94957600
2,335,0.000000,0.233000,0.00000000,106.72863180,0.00000000,69.48956925,0.00000000,0.00000000,94.69756566,106.72863180,101.68074366,1745.79450000,28039.37512181,7912.94957600
2,336,0.000000,0.225000,0.00000000,106.72863180,0.00000000,63.43915891,0.00000000,0.00000000,94.69756566,106.72863180,101.68074366,1745.79450000,28388.53402165,7912.94957600
2,337,0.000000,0.205000,0.00000000,106.72863180,0.00000000,48.31313307,0.00000000,0.00000000,94.69756566,106.72863180,101.68074366,1745.79450000,28737.69292149,7912.94957600
2,338,0.000000,0.164000,0.00000000,106.72863180,0.00000000,17.30478010,0.00000000,0.00000000,94.69756566,106.72863180,101.68074366,1745.79450000,29086.85182132,7912.94957600
2,339,0.000000,0.136000,0.00000000,102.85697572,0.00000000,0.00000000,3.87165608,0.00000000,94.69756566,106.72863180,101.68074366,1745.79450000,29436.01072116,7912.94957600
2,340,0.000000,0.111000,0.00000000,83.94944342,0.00000000,0.00000000,4.64668670,0.00000000,78.02205868,88.59613012,83.94944342,1481.84618481,29521.22130580,7912.94957600
2,341,0.000000,0.095000,0.00000000,71.84862274,0.00000000,0.00000000,4.36149152,0.00000000,66.67175164,76.21011427,71.84862274,1294.21777712,29418.80348276,7912.94957600
2,342,0.000000,0.086000,0.00000000,65.04191112,0.00000000,0.00000000,4.19715053,0.00000000,60.29751631,69.23906164,65.04191112,1186.09870244,29208.26658504,7912.94957600
2,343,0.108000,0.065000,19.66908426,49.15958398,0.00000000,0.00000000,4.29031648,0.00000000,63.83909989,73.11898472,68.82866824,1247.39208903,29059.02307391,7912.94957600
2,344,0.273000,0.124000,49.71907410,57.38228935,0.00000000,36.39907087,0.00000000,0.00000000,94.69756566,107.10136345,101.68074366,1745.79450000,29190.75954227,9144.80471182
2,345,0.396000,0.174000,72.11997562,34.60865618,0.00000000,96.98776863,0.00000000,0.00000000,94.69756566,106.72863180,101.68074366,1745.79450000,29539.91844211,7912.94957600
2,346,0.455000,0.195000,82.86512350,24.46207842,0.00000000,123.01667352,0.00000000,0.00000000,94.69756566,107.32720193,101.68074366,1745.79450000,29539.91844190,9891.18697000
2,347,0.442000,0.231000,80.49754854,26.23108326,0.00000000,148.47451521,0.00000000,0.00000000,94.69756566,106.72863180,101.68074366,1745.79450000,29889.07734174,7912.94957600
2,348,0.381000,0.235000,69.38815836,37.93904357,0.00000000,139.79176007,0.00000000,0.00000000,94.69756566,107.32720193,101.68074366,1745.79450000,29889.07734154,9891.18697000
2,349,0.299000,0.184000,54.45422401,52.27440779,0.00000000,86.88502995,0.00000000,0.00000000,94.69756566,106.72863180,101.68074366,1745.79450000,30238.23624137,7912.94957600
2,350,0.200000,0.112000,36.42423011,70.90297182,0.00000000,13.80277289,0.00000000,0.00000000,94.69756566,107.32720193,101.68074366,1745.79450000,30238.23624117,9891.18697000
2,351,0.117000,0.061000,21.30817461,46.13437881,0.00000000,0.00000000,4.25633148,0.00000000,62.54241927,71.69888491,67.44255343,1225.03354030,30066.63418130,7912.94957600
2,352,0.056000,0.034000,10.19878443,25.71424393,0.00000000,0.00000000,3.45223703,0.00000000,33.12893223,39.36526539,35.91302836,696.02403361,29366.02261474,7912.94957600
2,353,0.013000,0.020000,2.36757496,15.12602584,0.00000000,0.00000000,2.93669244,0.00000000,16.06620095,20.43029324,17.49360080,356.84996305,28326.23697763,7912.94957600
2,354,0.000000,0.045000,0.00000000,34.03355814,0.00000000,0.00000000,3.40112503,0.00000000,31.38396726,37.43468318,34.03355814,662.39771984,27591.99909730,7912.94957600
2,355,0.000000,0.140000,0.00000000,105.88218089,0.00000000,0.00000000,0.84645091,0.00000000,94.69756566,106.72863180,101.68074366,1745.79450000,27941.15799714,7912.94957600
2,356,0.000000,0.266000,0.00000000,106.72863180,0.00000000,94.44751188,0.00000000,0.00000000,94.69756566,106.72863180,101.68074366,1745.79450000,28290.31689698,7912.94957600
2,357,0.000000,0.328000,0.00000000,106.72863180,0.00000000,141.33819199,0.00000000,0.00000000,94.69756566,106.72863180,101.68074366,1745.79450000,28639.47579681,7912.94957600
2,358,0.000000,0.278000,0.00000000,106.72863180,0.00000000,103.52312739,0.00000000,0.00000000,94.69756566,106.72863180,101.68074366,1745.79450000,28988.63469665,7912.94957600
2,359,0.000000,0.167000,0.00000000,106.72863180,0.00000000,19.57368397,0.00000000,0.00000000,94.69756566,106.72863180,101.68074366,1745.79450000,29337.79359648,7912.94957600
2,360,0.000000,0.092000,0.00000000,69.57971887,0.00000000,0.00000000,4.30801743,0.00000000,64.54356907,73.88773629,69.57971887,1259.03745068,29200.19544700,7912.94957600
2,361,0.000000,0.063000,0.00000000,47.64698140,0.00000000,0.00000000,3.76098528,0.00000000,44.05038986,51.40796668,47.64698140,899.14788351,28702.70773035,7912.94957600
2,362,0.000000,0.055000,0.00000000,41.59657106,0.00000000,0.00000000,3.60455079,0.00000000,38.41164924,45.20112186,41.59657106,796.23045651,28102.30258669,7912.94957600
2,363,0.000000,0.058000,0.00000000,43.86547494,0.00000000,0.00000000,3.66321373,0.00000000,40.52617697,47.52868867,43.86547494,834.82449164,27540.49147817,7912.94957600
2,364,0.000000,0.072000,0.00000000,54.45369303,0.00000000,0.00000000,3.21632166,0.00000000,49.73928100,57.67001469,53.75120360,1002.98064984,27146.83652784,7912.94957600
2,365,0.000000,0.091000,0.00000000,68.82341758,0.00000000,0.00000000,4.29019273,0.00000000,63.83417488,73.11361030,68.82341758,1247.31067520,26997.51160288,7912.94957600
2,366,0.000000,0.113000,0.00000000,85.46204600,0.00000000,0.00000000,4.68152647,0.00000000,79.44297767,90.14357247,85.46204600,1504.76708297,27105.64308568,7912.94957600
2,367,0.044000,0.120000,8.01333062,90.75615505,0.00000000,0.00000000,4.98212618,0.00000000,91.95936546,103.75161185,98.76948567,1702.53005248,27411.53753800,7912.94957600
2,368,0.145000,0.175000,26.40756683,80.32106497,0.00000000,52.03166114,0.00000000,0.00000000,94.69756566,106.72863180,101.68074366,1745.79450000,27760.69643783,7912.94957600
2,369,0.240000,0.214000,43.70907613,63.01955567,0.00000000,98.82892083,0.00000000,0.00000000,94.69756566,106.72863180,101.68074366,1745.79450000,28109.85533767,7912.94957600
2,370,0.310000,0.225000,56.45755667,50.27107513,0.00000000,119.89671558,0.00000000,0.00000000,94.69756566,106.72863180,101.68074366,1745.79450000,28459.01423750,7912.94957600
2,371,0.351000,0.225000,63.92452384,42.80410796,0.00000000,127.36368275,0.00000000,0.00000000,94.69756566,106.72863180,101.68074366,1745.79450000,28808.17313734,7912.94957600
2,372,0.349000,0.234000,63.56028154,43.16835026,0.00000000,133.80615208,0.00000000,0.00000000,94.69756566,106.72863180,101.68074366,1745.79450000,29157.33203718,7912.94957600
2,373,0.305000,0.251000,55.54695092,51.78025101,0.00000000,138.05137330,0.00000000,0.00000000,94.69756566,107.32720193,101.68074366,1745.79450000,29157.33203697,9891.18697000
2,374,0.268000,0.270000,48.80846835,58.51873358,0.00000000,145.68261527,0.00000000,0.00000000,94.69756566,107.32720193,101.68074366,1745.79450000,29157.33203677,9891.18697000
2,375,0.227000,0.289000,41.34150118,65.38713063,0.00000000,153.18394278,0.00000000,0.00000000,94.69756566,106.72863180,101.68074366,1745.79450000,29506.49093660,7912.94957600
2,376,0.159000,0.302000,28.95726294,78.36993899,0.00000000,150.03305121,0.00000000,0.00000000,94.69756566,107.32720193,101.68074366,1745.79450000,29506.49093640,9891.18697000
2,377,0.071000,0.297000,12.93060169,94.39660024,0.00000000,130.22488350,0.00000000,0.00000000,94.69756566,107.32720193,101.68074366,1745.79450000,29506.49093619,9891.18697000
2,378,0.000000,0.261000,0.00000000,107.32720193,0.00000000,90.06743530,0.00000000,0.00000000,94.69756566,107.32720193,101.68074366,1745.79450000,29506.49093599,9891.18697000
2,379,0.000000,0.241000,0.00000000,107.32720193,0.00000000,74.94140946,0.00000000,0.00000000,94.69756566,107.32720193,101.68074366,1745.79450000,29506.49093578,9891.18697000
2,380,0.000000,0.201000,0.00000000,107.32720193,0.00000000,44.68935778,0.00000000,0.00000000,94.69756566,107.32720193,101.68074366,1745.79450000,29506.49093558,9891.18697000
2,381,0.000000,0.165000,0.00000000,107.32720193,0.00000000,17.46251126,0.00000000,0.00000000,94.69756566,107.32720193,101.68074366,1745.79450000,29506.49093537,9891.18697000
2,382,0.000000,0.136000,0.00000000,102.85697572,0.00000000,0.00000000,3.87165608,0.00000000,94.69756566,106.72863180,101.68074366,1745.79450000,29855.64983521,7912.94957600
2,383,0.000000,0.104000,0.00000000,78.65533437,0.00000000,0.00000000,4.52191381,0.00000000,73.05629935,83.17724818,78.65533437,1399.75875645,29858.77299149,7912.94957600
2,384,0.000000,0.082000,0.00000000,62.01670595,0.00000000,0.00000000,4.12257277,0.00000000,57.46856840,66.13927872,62.01670595,1137.03438659,29599.17177792,7912.94957600
2,385,0.000000,0.069000,0.00000000,52.18478915,0.00000000,0.00000000,3.87831115,0.00000000,48.27944534,56.06310030,52.18478915,976.33595375,29178.87213150,7912.94957600
2,386,0.000000,0.067000,0.00000000,50.67218657,0.00000000,0.00000000,3.83920253,0.00000000,46.86976018,54.51138909,50.67218657,950.60659700,28732.84312834,7912.94957600
2,387,0.000000,0.074000,0.00000000,55.96629561,0.00000000,0.00000000,3.97341725,0.00000000,51.81067259,59.93971286,55.96629561,1038.90575489,28375.11328307,7912.94957600
2,388,0.000000,0.089000,0.00000000,67.31081499,0.00000000,0.00000000,4.25308385,0.00000000,62.41922723,71.56389884,67.31081499,1222.89693933,28201.37462223,7912.94957600
2,389,0.000000,0.111000,0.00000000,83.94944342,0.00000000,0.00000000,4.64668670,0.00000000,78.02205868,88.59613012,83.94944342,1481.84618481,28286.58520688,7912.94957600
2,390,0.000000,0.127000,0.00000000,96.05026409,0.00000000,0.00000000,4.92070210,0.00000000,89.40178619,100.97096619,96.05026409,1662.11947405,28552.06908076,7912.94957600
2,391,0.137000,0.144000,24.95059763,82.37660430,0.00000000,26.53078175,0.00000000,0.00000000,94.69756566,107.32720193,101.68074366,1745.79450000,28552.06908056,9891.18697000
2,392,0.319000,0.193000,58.09664703,49.23055490,0.00000000,96.73559447,0.00000000,0.00000000,94.69756566,107.32720193,101.68074366,1745.79450000,28552.06908035,9891.18697000
2,393,0.464000,0.184000,84.50421386,22.82298807,0.00000000,116.33644967,0.00000000,0.00000000,94.69756566,107.32720193,101.68074366,1745.79450000,28552.06908015,9891.18697000
2,394,0.573000,0.149000,104.35541927,2.97178266,0.00000000,109.71710986,0.00000000,0.00000000,94.69756566,107.32720193,101.68074366,1745.79450000,28552.06907994,9891.18697000
2,395,0.638000,0.113000,107.32720193,0.00000000,8.86609213,85.46204600,0.00000000,0.00000000,94.69756566,107.32720193,101.68074366,1745.79450000,28552.06907974,9891.18697000
2,396,0.655000,0.098000,107.06908591,0.00000000,12.22026770,74.11752662,0.00000000,0.00000000,94.69756566,107.06908591,101.68074366,1745.79450000,28702.63373506,9038.12943161
2,397,0.604000,0.107000,107.32720193,0.00000000,2.67397301,80.92423825,0.00000000,0.00000000,94.69756566,107.32720193,101.68074366,1745.79450000,28702.63373485,9891.18697000
2,398,0.522000,0.136000,95.06724059,12.25996134,0.00000000,90.59701438,0.00000000,0.00000000,94.69756566,107.32720193,101.68074366,1745.79450000,28702.63373465,9891.18697000
2,399,0.378000,0.187000,68.84179491,38.48540702,0.00000000,102.94293460,0.00000000,0.00000000,94.69756566,107.32720193,101.68074366,1745.79450000,28702.63373444,9891.18697000
2,400,0.237000,0.249000,43.16271268,64.16448925,0.00000000,124.15453247,0.00000000,0.00000000,94.69756566,107.32720193,101.68074366,1745.79450000,28702.63373424,9891.18697000
2,401,0.092000,0.296000,16.75514585,90.57205608,0.00000000,133.29312637,0.00000000,0.00000000,94.69756566,107.32720193,101.68074366,1745.79450000,28702.63373403,9891.18697000
2,402,0.000000,0.289000,0.00000000,107.32720193,0.00000000,111.24387148,0.00000000,0.00000000,94.69756566,107.32720193,101.68074366,1745.79450000,28702.63373383,9891.18697000
2,403,0.000000,0.256000,0.00000000,107.32720193,0.00000000,86.28592884,0.00000000,0.00000000,94.69756566,107.32720193,101.68074366,1745.79450000,28702.63373362,9891.18697000
2,404,0.000000,0.231000,0.00000000,107.32720193,0.00000000,67.37839654,0.00000000,0.00000000,94.69756566,107.32720193,101.68074366,1745.79450000,28702.63373342,9891.18697000
2,405,0.000000,0.216000,0.00000000,107.32720193,0.00000000,56.03387716,0.00000000,0.00000000,94.69756566,107.32720193,101.68074366,1745.79450000,28702.63373321,9891.18697000
2,406,0.000000,0.204000,0.00000000,107.32720193,0.00000000,46.95826165,0.00000000,0.00000000,94.69756566,107.32720193,101.68074366,1745.79450000,28702.63373301,9891.18697000
2,407,0.000000,0.186000,0.00000000,107.32720193,0.00000000,33.34483840,0.00000000,0.00000000,94.69756566,107.32720193,101.68074366,1745.79450000,28702.63373280,9891.18697000
2,408,0.000000,0.163000,0.00000000,107.32720193,0.00000000,15.94990868,0.00000000,0.00000000,94.69756566,107.32720193,101.68074366,1745.79450000,28702.63373260,9891.18697000
2,409,0.000000,0.143000,0.00000000,107.32720193,0.00000000,0.82388284,0.00000000,0.00000000,94.69756566,107.32720193,101.68074366,1745.79450000,28702.63373239,9891.18697000
2,410,0.000000,0.131000,0.00000000,99.07546926,0.00000000,0.00000000,4.98903800,0.00000000,92.24716006,104.06450725,99.07546926,1707.07730007,29013.07543230,7912.94957600
2,411,0.000000,0.124000,0.00000000,93.78136021,0.00000000,0.00000000,4.86945018,0.00000000,87.26775580,98.65081039,93.78136021,1628.40110453,29244.84093667,7912.94957600
2,412,0.000000,0.125000,0.00000000,94.53766151,0.00000000,0.00000000,4.88653415,0.00000000,87.97909926,99.42419566,94.53766151,1639.64056104,29487.84589755,7912.94957600
2,413,0.000000,0.119000,0.00000000,89.99985375,0.00000000,0.00000000,4.78403031,0.00000000,83.71103847,94.78388406,89.99985375,1572.20382200,29663.41411939,7912.94957600
2,414,0.000000,0.112000,0.00000000,84.70574471,0.00000000,0.00000000,4.66444249,0.00000000,78.73163420,89.37018720,84.70574471,1493.52762646,29760.30614569,7912.94957600
2,415,0.060000,0.093000,10.92726903,70.33602016,0.00000000,0.00000000,4.58337874,0.00000000,75.50250434,85.84666794,81.26328919,1440.19621301,29803.86675853,7912.94957600
2,416,0.178000,0.105000,32.41756480,74.90963713,0.00000000,4.50199854,0.00000000,0.00000000,94.69756566,107.32720193,101.68074366,1745.79450000,29803.86675833,9891.18697000
2,417,0.269000,0.088000,48.99058950,58.33661243,0.00000000,8.21790127,0.00000000,0.00000000,94.69756566,107.32720193,101.68074366,1745.79450000,29803.86675812,9891.18697000
2,418,0.335000,0.069000,61.01058543,46.31661649,0.00000000,5.86817266,0.00000000,0.00000000,94.69756566,107.32720193,101.68074366,1745.79450000,29803.86675792,9891.18697000
2,419,0.373000,0.066000,67.93118916,39.39601277,0.00000000,10.51987250,0.00000000,0.00000000,94.69756566,107.32720193,101.68074366,1745.79450000,29803.86675771,9891.18697000
2,420,0.384000,0.079000,69.93452181,37.39268011,0.00000000,22.35512196,0.00000000,0.00000000,94.69756566,107.32720193,101.68074366,1745.79450000,29803.86675751,9891.18697000
2,421,0.351000,0.094000,63.92452384,43.40267808,0.00000000,27.68964337,0.00000000,0.00000000,94.69756566,107.32720193,101.68074366,1745.79450000,29803.86675730,9891.18697000
2,422,0.311000,0.112000,56.63967782,50.68752410,0.00000000,34.01822060,0.00000000,0.00000000,94.69756566,107.32720193,101.68074366,1745.79450000,29803.86675710,9891.18697000
2,423,0.233000,0.134000,42.43422808,64.89297385,0.00000000,36.45139929,0.00000000,0.00000000,94.69756566,107.32720193,101.68074366,1745.79450000,29803.86675689,9891.18697000
2,424,0.134000,0.140000,24.40423417,82.92296775,0.00000000,22.95921313,0.00000000,0.00000000,94.69756566,107.32720193,101.68074366,1745.79450000,29803.86675669,9891.18697000
2,425,0.042000,0.128000,7.64908832,96.80656538,0.00000000,0.00000000,2.27297810,0.00000000,94.69756566,106.72863180,101.68074366,1745.79450000,30153.02565652,7912.94957600
2,426,0.000000,0.111000,0.00000000,83.94944342,0.00000000,0.00000000,4.64668670,0.00000000,78.02205868,88.59613012,83.94944342,1481.84618481,30238.23624117,7912.94957600
2,427,0.000000,0.100000,0.00000000,75.63012920,0.00000000,0.00000000,4.45061502,0.00000000,70.21872259,80.08074422,75.63012920,1352.85165453,30194.45229553,7912.94957600
2,428,0.000000,0.091000,0.00000000,68.82341758,0.00000000,0.00000000,4.29019273,0.00000000,63.83417488,73.11361030,68.82341758,1247.31067520,30045.12737057,7912.94957600
2,429,0.000000,0.093000,0.00000000,70.33602016,0.00000000,0.00000000,4.32584212,0.00000000,65.25296326,74.66186228,70.33602016,1270.76422616,29919.25599657,7912.94957600
2,430,0.000000,0.100000,0.00000000,75.63012920,0.00000000,0.00000000,4.45061502,0.00000000,70.21872259,80.08074422,75.63012920,1352.85165453,29875.47205093,7912.94957600
2,431,0.000000,0.102000,0.00000000,77.14273179,0.00000000,0.00000000,4.48626441,0.00000000,71.63751097,81.62899620,77.14273179,1376.30520549,29855.14165625,7912.94957600
2,432,0.000000,0.093000,0.00000000,70.33602016,0.00000000,0.00000000,4.32584212,0.00000000,65.25296326,74.66186228,70.33602016,1270.76422616,29729.27028225,7912.94957600
2,433,0.000000,0.078000,0.00000000,58.99150078,0.00000000,0.00000000,4.04799501,0.00000000,54.63962050,63.03949579,58.99150078,1087.97007074,29420.60475283,7912.94957600
2,434,0.000000,0.062000,0.00000000,46.89068011,0.00000000,0.00000000,3.74143097,0.00000000,43.34554729,50.63211108,46.89068011,886.28320513,28910.25235780,7912.94957600
2,435,0.000000,0.043000,0.00000000,32.52095556,0.00000000,0.00000000,3.35998996,0.00000000,29.97961486,35.88094552,32.52095556,635.33517391,28148.95193154,7912.94957600
2,436,0.000000,0.028000,0.00000000,21.17643618,0.00000000,0.00000000,3.04242089,0.00000000,19.47080358,24.21885707,21.17643618,426.40815056,27178.72448194,7912.94957600
2,437,0.000000,0.019000,0.00000000,2.39428050,0.00000000,11.97544405,0.00000000,0.00000000,0.00000000,2.39428050,0.00000000,0.00000000,25782.08888177,7912.94957600
2,438,0.000000,0.012000,0.00000000,2.39428050,0.00000000,6.68133500,0.00000000,0.00000000,0.00000000,2.39428050,0.00000000,0.00000000,24385.45328161,7912.94957600
2,439,0.065000,0.010000,11.83787479,7.56301292,0.00000000,0.00000000,2.99144767,0.00000000,17.82939516,22.39233538,19.40088771,392.87313725,23381.69081869,7912.94957600
2,440,0.176000,0.014000,32.05332250,10.58821809,0.00000000,0.00000000,3.63156868,0.00000000,39.38551907,46.27310926,42.64154059,814.00537898,22799.06059750,7912.94957600
2,441,0.279000,0.017000,50.81180100,12.85712196,0.00000000,0.00000000,4.16330344,0.00000000,59.01359944,67.83222641,63.66892297,1163.83088245,22566.25587979,7912.94957600
2,442,0.365000,0.027000,66.47421995,20.42013489,0.00000000,0.00000000,4.71388067,0.00000000,80.79014386,91.60823551,86.89435484,1526.05274389,22695.67302351,7912.94957600
2,443,0.427000,0.041000,77.76573129,28.96290052,0.00000000,2.04545246,0.00000000,0.00000000,94.69756566,106.72863180,101.68074366,1745.79450000,23044.83192335,7912.94957600
2,444,0.448000,0.059000,81.59027545,25.13835635,0.00000000,19.48341988,0.00000000,0.00000000,94.69756566,106.72863180,101.68074366,1745.79450000,23393.99082319,7912.94957600
2,445,0.425000,0.083000,77.40148898,29.32714282,0.00000000,33.44586442,0.00000000,0.00000000,94.69756566,106.72863180,101.68074366,1745.79450000,23743.14972302,7912.94957600
2,446,0.374000,0.101000,68.11331031,38.61532149,0.00000000,37.77110900,0.00000000,0.00000000,94.69756566,106.72863180,101.68074366,1745.79450000,24092.30862286,7912.94957600
2,447,0.295000,0.111000,53.72573941,53.00289239,0.00000000,30.94655103,0.00000000,0.00000000,94.69756566,106.72863180,101.68074366,1745.79450000,24441.46752269,7912.94957600
2,448,0.200000,0.112000,36.42423011,70.30440169,0.00000000,14.40134302,0.00000000,0.00000000,94.69756566,106.72863180,101.68074366,1745.79450000,24790.62642253,7912.94957600
2,449,0.091000,0.108000,16.57302470,81.68053954,0.00000000,0.00000000,4.97047211,0.00000000,91.47411264,103.22403635,98.25356424,1694.86290115,25088.85372351,7912.94957600
2,450,0.000000,0.117000,0.00000000,88.48725117,0.00000000,0.00000000,4.74986236,0.00000000,82.28835153,93.23711353,88.48725117,1549.72490899,25241.94303234,7912.94957600
2,451,0.000000,0.129000,0.00000000,97.56286667,0.00000000,0.00000000,4.95487005,0.00000000,90.82447313,102.51773672,97.56286667,1684.59838706,25529.90581924,7912.94957600
2,452,0.000000,0.122000,0.00000000,92.26875763,0.00000000,0.00000000,4.83528223,0.00000000,85.84506886,97.10403986,92.26875763,1605.92219152,25739.19241060,7912.94957600
2,453,0.000000,0.103000,0.00000000,77.89903308,0.00000000,0.00000000,4.50408911,0.00000000,72.34690516,82.40312219,77.89903308,1388.03198097,25730.58879140,7912.94957600
2,454,0.000000,0.080000,0.00000000,60.50410336,0.00000000,0.00000000,4.08528389,0.00000000,56.05409445,64.58938725,60.50410336,1112.50222866,25446.45541990,7912.94957600
2,455,0.000000,0.061000,0.00000000,46.13437881,0.00000000,0.00000000,3.72187666,0.00000000,42.64070471,49.85625548,46.13437881,873.41852676,24923.23834649,7912.94957600
2,456,0.000000,0.045000,0.00000000,34.03355814,0.00000000,0.00000000,3.40112503,0.00000000,31.38396726,37.43468318,34.03355814,662.39771984,24189.00046617,7912.94957600
2,457,0.000000,0.033000,0.00000000,24.95794264,0.00000000,0.00000000,3.15098203,0.00000000,22.96662283,28.10892466,24.95794264,497.82995152,23290.19481752,7912.94957600
2,458,0.000000,0.030000,0.00000000,22.68903876,0.00000000,0.00000000,3.08584534,0.00000000,20.86913128,25.77488411,22.68903876,454.97687095,22348.53608831,7912.94957600
2,459,0.000000,0.036000,0.00000000,27.22684651,0.00000000,0.00000000,3.21601722,0.00000000,25.06438146,30.44286373,27.22684651,540.61626317,21492.51675131,7912.94957600
2,460,0.000000,0.053000,0.00000000,40.08396848,0.00000000,0.00000000,3.39467108,0.00000000,36.84682300,43.47863956,39.91750131,767.66957627,20863.55072742,7912.94957600
2,461,0.000000,0.074000,0.00000000,55.96629561,0.00000000,0.00000000,3.97341725,0.00000000,51.81067259,59.93971286,55.96629561,1038.90575489,20505.82088214,7912.94957600
2,462,0.000000,0.084000,0.00000000,63.52930853,0.00000000,0.00000000,4.15986165,0.00000000,58.88304235,67.68917018,63.52930853,1161.56654452,20270.75182649,7912.94957600
2,463,0.133000,0.077000,24.22211302,58.23519949,0.00000000,0.00000000,4.61151979,0.00000000,76.62247229,87.06883230,82.45731251,1458.71005598,20332.82628231,7912.94957600
2,464,0.329000,0.106000,59.91785853,46.81077327,0.00000000,33.35716369,0.00000000,0.00000000,94.69756566,106.72863180,101.68074366,1745.79450000,20681.98518214,7912.94957600
2,465,0.512000,0.128000,93.24602908,13.48260272,0.00000000,83.32396266,0.00000000,0.00000000,94.69756566,106.72863180,101.68074366,1745.79450000,21031.14408198,7912.94957600
2,466,0.623000,0.139000,106.72863180,0.00000000,6.73284499,105.12587959,0.00000000,0.00000000,94.69756566,106.72863180,101.68074366,1745.79450000,21380.30298181,7912.94957600
2,467,0.704000,0.128000,106.72863180,0.00000000,21.48465819,96.80656538,0.00000000,0.00000000,94.69756566,106.72863180,101.68074366,1745.79450000,21729.46188165,7912.94957600
2,468,0.709000,0.117000,106.72863180,0.00000000,22.39526394,88.48725117,0.00000000,0.00000000,94.69756566,106.72863180,101.68074366,1745.79450000,22078.62078149,7912.94957600
2,469,0.674000,0.127000,106.72863180,0.00000000,16.02102367,96.05026409,0.00000000,0.00000000,94.69756566,106.72863180,101.68074366,1745.79450000,22427.77968132,7912.94957600
2,470,0.601000,0.164000,106.72863180,0.00000000,2.72617968,124.03341190,0.00000000,0.00000000,94.69756566,106.72863180,101.68074366,1745.79450000,22776.93858116,7912.94957600
2,471,0.485000,0.211000,88.32875802,18.39987378,0.00000000,141.17969884,0.00000000,0.00000000,94.69756566,106.72863180,101.68074366,1745.79450000,23126.09748099,7912.94957600
2,472,0.320000,0.245000,58.27876818,48.44986362,0.00000000,136.84395293,0.00000000,0.00000000,94.69756566,106.72863180,101.68074366,1745.79450000,23475.25638083,7912.94957600
2,473,0.124000,0.266000,22.58302267,84.14560913,0.00000000,117.03053455,0.00000000,0.00000000,94.69756566,106.72863180,101.68074366,1745.79450000,23824.41528067,7912.94957600
2,474,0.000000,0.265000,0.00000000,106.72863180,0.00000000,93.69121059,0.00000000,0.00000000,94.69756566,106.72863180,101.68074366,1745.79450000,24173.57418050,7912.94957600
2,475,0.000000,0.225000,0.00000000,106.72863180,0.00000000,63.43915891,0.00000000,0.00000000,94.69756566,106.72863180,101.68074366,1745.79450000,24522.73308034,7912.94957600
2,476,0.000000,0.182000,0.00000000,106.72863180,0.00000000,30.91820335,0.00000000,0.00000000,94.69756566,106.72863180,101.68074366,1745.79450000,24871.89198017,7912.94957600
2,477,0.000000,0.157000,0.00000000,106.72863180,0.00000000,12.01067105,0.00000000,0.00000000,94.69756566,106.72863180,101.68074366,1745.79450000,25221.05088001,7912.94957600
2,478,0.000000,0.143000,0.00000000,106.72863180,0.00000000,1.42245296,0.00000000,0.00000000,94.69756566,106.72863180,101.68074366,1745.79450000,25570.20977985,7912.94957600
2,479,0.000000,0.129000,0.00000000,97.56286667,0.00000000,0.00000000,4.95487005,0.00000000,90.82447313,102.51773672,97.56286667,1684.59838706,25858.17256674,7912.94957600
2,480,0.000000,0.112000,0.00000000,84.70574471,0.00000000,0.00000000,4.66444249,0.00000000,78.73163420,89.37018720,84.70574471,1493.52762646,25955.06459304,7912.94957600
2,481,0.000000,0.103000,0.00000000,77.89903308,0.00000000,0.00000000,4.50408911,0.00000000,72.34690516,82.40312219,77.89903308,1388.03198097,25946.46097385,7912.94957600
2,482,0.000000,0.108000,0.00000000,81.68053954,0.00000000,0.00000000,4.59321261,0.00000000,75.89387611,86.27375215,81.68053954,1446.66585837,25996.49123205,7912.94957600
2,483,0.000000,0.119000,0.00000000,89.99985375,0.00000000,0.00000000,4.78403031,0.00000000,83.71103847,94.78388406,89.99985375,1572.20382200,26172.05945389,7912.94957600
2,484,0.000000,0.131000,0.00000000,99.07546926,0.00000000,0.00000000,4.98903800,0.00000000,92.24716006,104.06450725,99.07546926,1707.07730007,26482.50115380,7912.94957600
2,485,0.000000,0.142000,0.00000000,106.72863180,0.00000000,0.66615167,0.00000000,0.00000000,94.69756566,106.72863180,101.68074366,1745.79450000,26831.66005364,7912.94957600
2,486,0.000000,0.152000,0.00000000,106.72863180,0.00000000,8.22916459,0.00000000,0.00000000,94.69756566,106.72863180,101.68074366,1745.79450000,27180.81895347,7912.94957600
2,487,0.140000,0.150000,25.49696108,81.23167072,0.00000000,32.21352308,0.00000000,0.00000000,94.69756566,106.72863180,101.68074366,1745.79450000,27529.97785331,7912.94957600
2,488,0.344000,0.152000,62.64967579,44.07895601,0.00000000,70.87884038,0.00000000,0.00000000,94.69756566,106.72863180,101.68074366,1745.79450000,27879.13675315,7912.94957600
2,489,0.518000,0.144000,94.33875599,12.38987582,0.00000000,96.51751024,0.00000000,0.00000000,94.69756566,106.72863180,101.68074366,1745.79450000,28228.29565298,7912.94957600
2,490,0.629000,0.152000,106.72863180,0.00000000,7.82557190,114.95779639,0.00000000,0.00000000,94.69756566,106.72863180,101.68074366,1745.79450000,28577.45455282,7912.94957600
2,491,0.683000,0.174000,106.72863180,0.00000000,17.66011403,131.59642482,0.00000000,0.00000000,94.69756566,106.72863180,101.68074366,1745.79450000,28926.61345265,7912.94957600
2,492,0.693000,0.192000,107.32720193,0.00000000,18.88275541,145.20984807,0.00000000,0.00000000,94.69756566,107.32720193,101.68074366,1745.79450000,28926.61345245,9891.18697000
2,493,0.646000,0.201000,106.72863180,0.00000000,10.92163146,152.01655970,0.00000000,0.00000000,94.69756566,106.72863180,101.68074366,1745.79450000,29275.77235228,7912.94957600
2,494,0.572000,0.211000,104.17329812,3.15390381,0.00000000,156.42566881,0.00000000,0.00000000,94.69756566,107.32720193,101.68074366,1745.79450000,29275.77235208,9891.18697000
2,495,0.451000,0.220000,82.13663890,25.19056303,0.00000000,141.19572122,0.00000000,0.00000000,94.69756566,107.32720193,101.68074366,1745.79450000,29275.77235187,9891.18697000
2,496,0.284000,0.207000,51.72240676,55.60479517,0.00000000,100.94957228,0.00000000,0.00000000,94.69756566,107.32720193,101.68074366,1745.79450000,29275.77235167,9891.18697000
2,497,0.103000,0.186000,18.75847851,87.97015329,0.00000000,52.70188703,0.00000000,0.00000000,94.69756566,106.72863180,101.68074366,1745.79450000,29624.93125151,7912.94957600
2,498,0.000000,0.177000,0.00000000,106.72863180,0.00000000,27.13669689,0.00000000,0.00000000,94.69756566,106.72863180,101.68074366,1745.79450000,29974.09015134,7912.94957600
2,499,0.000000,0.179000,0.00000000,107.32720193,0.00000000,28.05072935,0.00000000,0.00000000,94.69756566,107.32720193,101.68074366,1745.79450000,29974.09015114,9891.18697000
2,500,0.000000,0.179000,0.00000000,107.32720193,0.00000000,28.05072935,0.00000000,0.00000000,94.69756566,107.32720193,101.68074366,1745.79450000,29974.09015093,9891.18697000
2,501,0.000000,0.181000,0.00000000,107.32720193,0.00000000,29.56333193,0.00000000,0.00000000,94.69756566,107.32720193,101.68074366,1745.79450000,29974.09015073,9891.18697000
2,502,0.000000,0.191000,0.00000000,107.32720193,0.00000000,37.12634486,0.00000000,0.00000000,94.69756566,107.32720193,101.68074366,1745.79450000,29974.09015052,9891.18697000
2,503,0.000000,0.199000,0.00000000,106.87437097,0.00000000,43.62958615,0.00000000,0.00000000,94.69756566,106.87437097,101.68074366,1745.79450000,30238.23624117,8394.60855158
2,504,0.000000,0.213000,0.00000000,107.32720193,0.00000000,53.76497328,0.00000000,0.00000000,94.69756566,107.32720193,101.68074366,1745.79450000,30238.23624096,9891.18697000
2,505,0.000000,0.231000,0.00000000,107.32720193,0.00000000,67.37839654,0.00000000,0.00000000,94.69756566,107.32720193,101.68074366,1745.79450000,30238.23624076,9891.18697000
2,506,0.000000,0.243000,0.00000000,107.32720193,0.00000000,76.45401204,0.00000000,0.00000000,94.69756566,107.32720193,101.68074366,1745.79450000,30238.23624055,9891.18697000
2,507,0.000000,0.216000,0.00000000,107.32720193,0.00000000,56.03387716,0.00000000,0.00000000,94.69756566,107.32720193,101.68074366,1745.79450000,30238.23624035,9891.18697000
2,508,0.000000,0.094000,0.00000000,71.09232145,0.00000000,0.00000000,4.34366682,0.00000000,65.96235745,75.43598828,71.09232145,1282.49100164,30124.09164183,7912.94957600
2,509,0.000000,0.033000,0.00000000,24.95794264,0.00000000,0.00000000,3.15098203,0.00000000,22.96662283,28.10892466,24.95794264,497.82995152,29225.28599319,7912.94957600
2,510,0.000000,0.093000,0.00000000,70.33602016,0.00000000,0.00000000,4.32584212,0.00000000,65.25296326,74.66186228,70.33602016,1270.76422616,29099.41461919,7912.94957600
2,511,0.045000,0.077000,8.19545177,58.23519949,0.00000000,0.00000000,4.23138593,0.00000000,61.59616328,70.66203720,66.43065126,1208.62199636,28911.40101539,7912.94957600
2,512,0.148000,0.070000,26.95393028,52.94109044,0.00000000,0.00000000,4.55113105,0.00000000,74.21909823,84.44615177,79.89502072,1418.98062433,28933.74603955,7912.94957600
2,513,0.235000,0.111000,42.79847038,63.93016142,0.00000000,20.01928200,0.00000000,0.00000000,94.69756566,106.72863180,101.68074366,1745.79450000,29282.90493939,7912.94957600
2,514,0.353000,0.192000,64.28876614,43.03843578,0.00000000,102.17141229,0.00000000,0.00000000,94.69756566,107.32720193,101.68074366,1745.79450000,29282.90493918,9891.18697000
2,515,0.463000,0.209000,84.32209271,23.00510922,0.00000000,135.06186082,0.00000000,0.00000000,94.69756566,107.32720193,101.68074366,1745.79450000,29282.90493898,9891.18697000
2,516,0.471000,0.126000,85.77906191,21.54814002,0.00000000,73.74582278,0.00000000,0.00000000,94.69756566,107.32720193,101.68074366,1745.79450000,29282.90493877,9891.18697000
2,517,0.452000,0.087000,82.31876005,24.40987175,0.00000000,41.38834066,0.00000000,0.00000000,94.69756566,106.72863180,101.68074366,1745.79450000,29632.06383861,7912.94957600
2,518,0.405000,0.116000,73.75906597,33.56813595,0.00000000,54.16281392,0.00000000,0.00000000,94.69756566,107.32720193,101.68074366,1745.79450000,29632.06383840,9891.18697000
2,519,0.258000,0.179000,46.98725684,60.33994508,0.00000000,75.03798619,0.00000000,0.00000000,94.69756566,107.32720193,101.68074366,1745.79450000,29632.06383820,9891.18697000
2,520,0.145000,0.227000,26.40756683,80.52742229,0.00000000,91.15297101,0.00000000,0.00000000,94.69756566,106.93498912,101.68074366,1745.79450000,29860.85005111,8594.94780218
2,521,0.044000,0.251000,8.01333062,98.71530118,0.00000000,91.11632313,0.00000000,0.00000000,94.69756566,106.72863180,101.68074366,1745.79450000,30210.00895095,7912.94957600
2,522,0.000000,0.254000,0.00000000,107.32720193,0.00000000,84.77332625,0.00000000,0.00000000,94.69756566,107.32720193,101.68074366,1745.79450000,30210.00895074,9891.18697000
2,523,0.000000,0.264000,0.00000000,107.32720193,0.00000000,92.33633917,0.00000000,0.00000000,94.69756566,107.32720193,101.68074366,1745.79450000,30210.00895054,9891.18697000
2,524,0.000000,0.278000,0.00000000,107.32720193,0.00000000,102.92455726,0.00000000,0.00000000,94.69756566,107.32720193,101.68074366,1745.79450000,30210.00895033,9891.18697000
2,525,0.000000,0.272000,0.00000000,107.32720193,0.00000000,98.38674951,0.00000000,0.00000000,94.69756566,107.32720193,101.68074366,1745.79450000,30210.00895013,9891.18697000
2,526,0.000000,0.163000,0.00000000,107.32720193,0.00000000,15.94990868,0.00000000,0.00000000,94.69756566,107.32720193,101.68074366,1745.79450000,30210.00894992,9891.18697000
2,527,0.000000,0.077000,0.00000000,58.23519949,0.00000000,0.00000000,4.02935057,0.00000000,53.93238352,62.26455006,58.23519949,1075.70399178,29889.07734154,7912.94957600
2,528,0.000000,0.144000,0.00000000,107.32720193,0.00000000,1.58018413,0.00000000,0.00000000,94.69756566,107.32720193,101.68074366,1745.79450000,29889.07734133,9891.18697000
2,529,0.000000,0.141000,0.00000000,106.63848218,0.00000000,0.00000000,0.09014962,0.00000000,94.69756566,106.72863180,101.68074366,1745.79450000,30238.23624117,7912.94957600
2,530,0.000000,0.083000,0.00000000,62.77300724,0.00000000,0.00000000,4.14121721,0.00000000,58.17580538,66.91422445,62.77300724,1149.30046555,29990.90110656,7912.94957600
2,531,0.000000,0.057000,0.00000000,43.10917365,0.00000000,0.00000000,3.64365942,0.00000000,39.82133439,46.75283306,43.10917365,821.95981326,29416.22531965,7912.94957600
2,532,0.000000,0.055000,0.00000000,41.59657106,0.00000000,0.00000000,3.60455079,0.00000000,38.41164924,45.20112186,41.59657106,796.23045651,28815.82017600,7912.94957600
2,533,0.000000,0.061000,0.00000000,46.13437881,0.00000000,0.00000000,3.72187666,0.00000000,42.64070471,49.85625548,46.13437881,873.41852676,28292.60310260,7912.94957600
2,534,0.000000,0.063000,0.00000000,47.64698140,0.00000000,0.00000000,3.76098528,0.00000000,44.05038986,51.40796668,47.64698140,899.14788351,27795.11538594,7912.94957600
2,535,0.048000,0.045000,8.74181523,34.03355814,0.00000000,0.00000000,3.63502895,0.00000000,39.51024587,46.41040232,42.77537337,816.28187344,27214.76165922,7912.94957600
2,536,0.180000,0.050000,32.78180710,37.81506460,0.00000000,0.00000000,4.33198994,0.00000000,65.49763634,74.92886164,70.59687170,1274.80884104,27092.93490010,7912.94957600
2,537,0.279000,0.052000,50.81180100,39.32766719,0.00000000,0.00000000,4.78718404,0.00000000,83.84235362,94.92665223,90.13946819,1574.27864378,27270.57794371,7912.94957600
2,538,0.368000,0.043000,67.02058340,32.52095556,0.00000000,0.00000000,4.99956597,0.00000000,92.68552456,104.54110493,99.54153896,1714.00360075,27587.94594430,7912.94957600
2,539,0.386000,0.044000,70.29876411,33.27725685,0.00000000,0.00000000,3.15261084,0.00000000,94.69756566,106.72863180,101.68074366,1745.79450000,27937.10484413,7912.94957600
2,540,0.365000,0.057000,66.47421995,40.25441185,0.00000000,2.85476180,0.00000000,0.00000000,94.69756566,106.72863180,101.68074366,1745.79450000,28286.26374397,7912.94957600
2,541,0.298000,0.086000,54.27210286,52.45652894,0.00000000,12.58538218,0.00000000,0.00000000,94.69756566,106.72863180,101.68074366,1745.79450000,28635.42264381,7912.94957600
2,542,0.242000,0.126000,44.07331843,62.65531337,0.00000000,32.63864943,0.00000000,0.00000000,94.69756566,106.72863180,101.68074366,1745.79450000,28984.58154364,7912.94957600
2,543,0.188000,0.165000,34.23877630,72.97827276,0.00000000,51.81144042,0.00000000,0.00000000,94.69756566,107.21704907,101.68074366,1745.79450000,29048.83608777,9527.13856018
2,544,0.131000,0.186000,23.85787072,83.46933120,0.00000000,57.20270912,0.00000000,0.00000000,94.69756566,107.32720193,101.68074366,1745.79450000,29048.83608756,9891.18697000
2,545,0.054000,0.167000,9.83454213,96.89408967,0.00000000,29.40822610,0.00000000,0.00000000,94.69756566,106.72863180,101.68074366,1745.79450000,29397.99498740,7912.94957600
2,546,0.000000,0.141000,0.00000000,106.63848218,0.00000000,0.00000000,0.09014962,0.00000000,94.69756566,106.72863180,101.68074366,1745.79450000,29747.15388724,7912.94957600
2,547,0.000000,0.128000,0.00000000,96.80656538,0.00000000,0.00000000,4.93778607,0.00000000,90.11312966,101.74435146,96.80656538,1673.35893056,30023.87721763,7912.94957600
2,548,0.000000,0.118000,0.00000000,89.24355246,0.00000000,0.00000000,4.76694634,0.00000000,82.99969500,94.01049880,89.24355246,1560.96436550,30188.20598296,7912.94957600
2,549,0.000000,0.108000,0.00000000,81.68053954,0.00000000,0.00000000,4.59321261,0.00000000,75.89387611,86.27375215,81.68053954,1446.66585837,30238.23624117,7912.94957600
2,550,0.000000,0.097000,0.00000000,73.36122533,0.00000000,0.00000000,4.39714092,0.00000000,68.09054002,77.75836625,73.36122533,1317.67132809,30159.27196909,7912.94957600
2,551,0.000000,0.076000,0.00000000,57.47889820,0.00000000,0.00000000,4.01070613,0.00000000,53.22514654,61.48960432,57.47889820,1063.43791281,29826.07428174,7912.94957600
2,552,0.000000,0.056000,0.00000000,42.35287235,0.00000000,0.00000000,3.62410511,0.00000000,39.11649182,45.97697746,42.35287235,809.09513489,29238.53381646,7912.94957600
2,553,0.000000,0.037000,0.00000000,27.98314781,0.00000000,0.00000000,3.23658476,0.00000000,25.76655766,31.21973256,27.98314781,554.14753613,28396.04575243,7912.94957600
2,554,0.000000,0.019000,0.00000000,2.99285063,0.00000000,11.37687392,0.00000000,0.00000000,0.00000000,2.99285063,0.00000000,0.00000000,26650.25125222,9891.18697000
2,555,0.000000,0.006000,0.00000000,2.39428050,0.00000000,2.14352725,0.00000000,0.00000000,0.00000000,2.39428050,0.00000000,0.00000000,25253.61565206,7912.94957600
2,556,0.000000,0.001000,0.00000000,0.75630129,0.00000000,0.00000000,1.63797921,0.00000000,0.00000000,2.39428050,0.00000000,0.00000000,23856.98005189,7912.94957600
2,557,0.000000,0.000000,0.00000000,0.00000000,0.00000000,0.00000000,2.39428050,0.00000000,0.00000000,2.39428050,0.00000000,0.00000000,22460.34445173,7912.94957600
2,558,0.000000,0.000000,0.00000000,0.00000000,0.00000000,0.00000000,2.39428050,0.00000000,0.00000000,2.39428050,0.00000000,0.00000000,21063.70885157,7912.94957600
2,559,0.085000,0.000000,15.48029780,0.00000000,0.00000000,0.00000000,2.87889366,0.00000000,14.20500000,18.35919146,15.48029780,318.82444922,19985.89770062,7912.94957600
2,560,0.221000,0.000000,40.24877427,0.00000000,0.00000000,0.00000000,3.56970326,0.00000000,37.15555649,43.81847753,40.24877427,773.30444487,19362.56654532,7912.94957600
2,561,0.345000,0.000000,62.83179694,0.00000000,0.00000000,0.00000000,4.14266650,0.00000000,58.23078115,66.97446344,62.83179694,1150.25394681,19116.18489197,7912.94957600
2,562,0.521000,0.000000,94.88511944,0.00000000,0.00000000,0.00000000,4.89438283,0.00000000,88.30590279,99.77950226,94.88511944,1644.80416230,19364.35345410,7912.94957600
2,563,0.625000,0.002000,106.72863180,0.00000000,7.09708729,1.51260258,0.00000000,0.00000000,94.69756566,106.72863180,101.68074366,1745.79450000,19713.51235394,7912.94957600
2,564,0.664000,0.016000,106.72863180,0.00000000,14.19981217,12.10082067,0.00000000,0.00000000,94.69756566,106.72863180,101.68074366,1745.79450000,20062.67125378,7912.94957600
2,565,0.650000,0.051000,106.72863180,0.00000000,11.65011606,38.57136589,0.00000000,0.00000000,94.69756566,106.72863180,101.68074366,1745.79450000,20411.83015361,7912.94957600
2,566,0.558000,0.087000,101.62360201,5.10502979,0.00000000,60.69318262,0.00000000,0.00000000,94.69756566,106.72863180,101.68074366,1745.79450000,20760.98905345,7912.94957600
2,567,0.395000,0.108000,71.93785447,34.79077733,0.00000000,46.88976221,0.00000000,0.00000000,94.69756566,106.72863180,101.68074366,1745.79450000,21110.14795328,7912.94957600
2,568,0.230000,0.109000,41.88786463,65.43933730,0.00000000,16.99750353,0.00000000,0.00000000,94.69756566,107.32720193,101.68074366,1745.79450000,21110.14795308,9891.18697000
2,569,0.082000,0.101000,14.93393435,76.38643050,0.00000000,0.00000000,4.81385913,0.00000000,84.95305265,96.13422397,91.32036484,1591.82804730,21305.34040021,7912.94957600
2,570,0.000000,0.100000,0.00000000,75.63012920,0.00000000,0.00000000,4.45061502,0.00000000,70.21872259,80.08074422,75.63012920,1352.85165453,21261.55645457,7912.94957600
2,571,0.000000,0.105000,0.00000000,79.41163566,0.00000000,0.00000000,4.53973851,0.00000000,73.76569354,83.95137417,79.41163566,1411.48553193,21276.40638634,7912.94957600
2,572,0.000000,0.110000,0.00000000,83.19314213,0.00000000,0.00000000,4.62886200,0.00000000,77.31266449,87.82200413,83.19314213,1470.11940933,21349.89019550,7912.94957600
2,573,0.000000,0.114000,0.00000000,86.21834729,0.00000000,0.00000000,4.69861044,0.00000000,80.15432114,90.91695773,86.21834729,1516.00653948,21469.26113481,7912.94957600
2,574,0.000000,0.130000,0.00000000,98.31916797,0.00000000,0.00000000,4.97195402,0.00000000,91.53581659,103.29112199,98.31916797,1695.83784357,21768.46337822,7912.94957600
2,575,0.000000,0.151000,0.00000000,106.72863180,0.00000000,7.47286330,0.00000000,0.00000000,94.69756566,106.72863180,101.68074366,1745.79450000,22117.62227805,7912.94957600
2,576,0.000000,0.163000,0.00000000,106.72863180,0.00000000,16.54847880,0.00000000,0.00000000,94.69756566,106.72863180,101.68074366,1745.79450000,22466.78117789,7912.94957600
2,577,0.000000,0.155000,0.00000000,107.32720193,0.00000000,9.89949834,0.00000000,0.00000000,94.69756566,107.32720193,101.68074366,1745.79450000,22466.78117768,9891.18697000
2,578,0.000000,0.133000,0.00000000,100.58807184,0.00000000,0.00000000,5.02320594,0.00000000,93.66984699,105.61127779,100.58807184,1729.55621309,22799.70179060,7912.94957600
2,579,0.000000,0.112000,0.00000000,84.70574471,0.00000000,0.00000000,4.66444249,0.00000000,78.73163420,89.37018720,84.70574471,1493.52762646,22896.59381690,7912.94957600
2,580,0.000000,0.105000,0.00000000,79.41163566,0.00000000,0.00000000,4.53973851,0.00000000,73.76569354,83.95137417,79.41163566,1411.48553193,22911.44374867,7912.94957600
2,581,0.000000,0.104000,0.00000000,78.65533437,0.00000000,0.00000000,4.52191381,0.00000000,73.05629935,83.17724818,78.65533437,1399.75875645,22914.56690495,7912.94957600
2,582,0.000000,0.085000,0.00000000,64.28560982,0.00000000,0.00000000,4.17850609,0.00000000,59.59027933,68.46411591,64.28560982,1173.83262348,22691.76392826,7912.94957600
2,583,0.116000,0.051000,21.12605346,38.57136589,0.00000000,0.00000000,4.06539741,0.00000000,55.29974329,63.76281676,59.69741936,1099.41901723,22394.54734533,7912.94957600
2,584,0.297000,0.078000,54.08998171,53.23722021,0.00000000,5.75428057,0.00000000,0.00000000,94.69756566,107.32720193,101.68074366,1745.79450000,22394.54734513,9891.18697000
2,585,0.473000,0.103000,86.14330421,20.58532759,0.00000000,57.31370549,0.00000000,0.00000000,94.69756566,106.72863180,101.68074366,1745.79450000,22743.70624497,7912.94957600
2,586,0.608000,0.104000,106.72863180,0.00000000,4.00102773,78.65533437,0.00000000,0.00000000,94.69756566,106.72863180,101.68074366,1745.79450000,23092.86514480,7912.94957600
2,587,0.681000,0.100000,107.32720193,0.00000000,16.69730160,75.63012920,0.00000000,0.00000000,94.69756566,107.32720193,101.68074366,1745.79450000,23092.86514460,9891.18697000
2,588,0.714000,0.099000,107.32720193,0.00000000,22.70729957,74.87382791,0.00000000,0.00000000,94.69756566,107.32720193,101.68074366,1745.79450000,23092.86514439,9891.18697000
2,589,0.691000,0.108000,107.32720193,0.00000000,18.51851311,81.68053954,0.00000000,0.00000000,94.69756566,107.32720193,101.68074366,1745.79450000,23092.86514419,9891.18697000
2,590,0.629000,0.123000,107.32720193,0.00000000,7.22700177,93.02505892,0.00000000,0.00000000,94.69756566,107.32720193,101.68074366,1745.79450000,23092.86514398,9891.18697000
2,591,0.515000,0.139000,93.79239253,13.53480939,0.00000000,91.59107020,0.00000000,0.00000000,94.69756566,107.32720193,101.68074366,1745.79450000,23092.86514378,9891.18697000
2,592,0.347000,0.159000,63.19603924,44.13116268,0.00000000,76.12074275,0.00000000,0.00000000,94.69756566,107.32720193,101.68074366,1745.79450000,23092.86514357,9891.18697000
2,593,0.137000,0.199000,24.95059763,82.37660430,0.00000000,68.12735282,0.00000000,0.00000000,94.69756566,107.32720193,101.68074366,1745.79450000,23092.86514337,9891.18697000
2,594,0.000000,0.261000,0.00000000,107.32720193,0.00000000,90.06743530,0.00000000,0.00000000,94.69756566,107.32720193,101.68074366,1745.79450000,23092.86514316,9891.18697000
2,595,0.000000,0.287000,0.00000000,107.30755266,0.00000000,109.75091815,0.00000000,0.00000000,94.69756566,107.30755266,101.68074366,1745.79450000,23104.32698240,9826.24736974
2,596,0.000000,0.264000,0.00000000,106.72863180,0.00000000,92.93490930,0.00000000,0.00000000,94.69756566,106.72863180,101.68074366,1745.79450000,23453.48588224,7912.94957600
2,597,0.000000,0.227000,0.00000000,107.32720193,0.00000000,64.35319137,0.00000000,0.00000000,94.69756566,107.32720193,101.68074366,1745.79450000,23453.48588203,9891.18697000
2,598,0.000000,0.200000,0.00000000,107.32720193,0.00000000,43.93305648,0.00000000,0.00000000,94.69756566,107.32720193,101.68074366,1745.79450000,23453.48588183,9891.18697000
2,599,0.000000,0.178000,0.00000000,107.32720193,0.00000000,27.29442806,0.00000000,0.00000000,94.69756566,107.32720193,101.68074366,1745.79450000,23453.48588162,9891.18697000
2,600,0.000000,0.154000,0.00000000,107.32720193,0.00000000,9.14319705,0.00000000,0.00000000,94.69756566,107.32720193,101.68074366,1745.79450000,23453.48588142,9891.18697000
2,601,0.000000,0.126000,0.00000000,95.29396280,0.00000000,0.00000000,4.90361813,0.00000000,88.69044273,100.19758092,95.29396280,1650.88001754,23707.73029880,7912.94957600
2,602,0.000000,0.102000,0.00000000,77.14273179,0.00000000,0.00000000,4.48626441,0.00000000,71.63751097,81.62899620,77.14273179,1376.30520549,23687.39990412,7912.94957600
2,603,0.000000,0.088000,0.00000000,66.55451370,0.00000000,0.00000000,4.23443941,0.00000000,61.71199026,70.78895311,66.55451370,1210.63086037,23501.39516432,7912.94957600
2,604,0.000000,0.089000,0.00000000,67.31081499,0.00000000,0.00000000,4.25308385,0.00000000,62.41922723,71.56389884,67.31081499,1222.89693933,23327.65650349,7912.94957600
2,605,0.000000,0.095000,0.00000000,71.84862274,0.00000000,0.00000000,4.36149152,0.00000000,66.67175164,76.21011427,71.84862274,1294.21777712,23225.23868045,7912.94957600
2,606,0.000000,0.096000,0.00000000,72.60492404,0.00000000,0.00000000,4.37931622,0.00000000,67.38114583,76.98424026,72.60492404,1305.94455260,23134.54763289,7912.94957600
2,607,0.150000,0.062000,27.31817258,46.89068011,0.00000000,0.00000000,4.41711801,0.00000000,68.88559608,78.62597070,74.20885269,1330.81415338,23068.72618611,7912.94957600
2,608,0.343000,0.061000,62.46755464,44.85964729,0.00000000,1.27473153,0.00000000,0.00000000,94.69756566,107.32720193,101.68074366,1745.79450000,23068.72618591,9891.18697000
2,609,0.497000,0.047000,90.51421182,16.81299010,0.00000000,18.73317062,0.00000000,0.00000000,94.69756566,107.32720193,101.68074366,1745.79450000,23068.72618570,9891.18697000
2,610,0.609000,0.035000,107.32720193,0.00000000,3.58457876,26.47054522,0.00000000,0.00000000,94.69756566,107.32720193,101.68074366,1745.79450000,23068.72618550,9891.18697000
2,611,0.662000,0.031000,107.32720193,0.00000000,13.23699974,23.44534005,0.00000000,0.00000000,94.69756566,107.32720193,101.68074366,1745.79450000,23068.72618529,9891.18697000
2,612,0.674000,0.037000,107.32720193,0.00000000,15.42245355,27.98314781,0.00000000,0.00000000,94.69756566,107.32720193,101.68074366,1745.79450000,23068.72618509,9891.18697000
2,613,0.651000,0.064000,107.32720193,0.00000000,11.23366708,48.40328269,0.00000000,0.00000000,94.69756566,107.32720193,101.68074366,1745.79450000,23068.72618488,9891.18697000
2,614,0.558000,0.118000,101.62360201,5.70359992,0.00000000,83.53995254,0.00000000,0.00000000,94.69756566,107.32720193,101.68074366,1745.79450000,23068.72618468,9891.18697000
2,615,0.439000,0.198000,79.95118509,27.37601683,0.00000000,122.37163899,0.00000000,0.00000000,94.69756566,107.32720193,101.68074366,1745.79450000,23068.72618447,9891.18697000
2,616,0.243000,0.299000,44.25543958,63.07176234,0.00000000,163.06232398,0.00000000,0.00000000,94.69756566,107.32720193,101.68074366,1745.79450000,23068.72618427,9891.18697000
2,617,0.080000,0.366000,14.56969204,92.75750988,0.00000000,184.04876301,0.00000000,0.00000000,94.69756566,107.32720193,101.68074366,1745.79450000,23068.72618406,9891.18697000
2,618,0.000000,0.346000,0.00000000,107.32720193,0.00000000,154.35304512,0.00000000,0.00000000,94.69756566,107.32720193,101.68074366,1745.79450000,23068.72618386,9891.18697000
2,619,0.000000,0.274000,0.00000000,107.32720193,0.00000000,99.89935210,0.00000000,0.00000000,94.69756566,107.32720193,101.68074366,1745.79450000,23068.72618365,9891.18697000
2,620,0.000000,0.211000,0.00000000,107.32720193,0.00000000,52.25237070,0.00000000,0.00000000,94.69756566,107.32720193,101.68074366,1745.79450000,23068.72618345,9891.18697000
2,621,0.000000,0.155000,0.00000000,107.32720193,0.00000000,9.89949834,0.00000000,0.00000000,94.69756566,107.32720193,101.68074366,1745.79450000,23068.72618324,9891.18697000
2,622,0.000000,0.082000,0.00000000,62.01670595,0.00000000,0.00000000,4.12257277,0.00000000,57.46856840,66.13927872,62.01670595,1137.03438659,22809.12496967,7912.94957600
2,623,0.000000,0.024000,0.00000000,18.15123101,0.00000000,0.00000000,2.95557198,0.00000000,16.67414817,21.10680299,18.15123101,369.27070979,21781.76007930,7912.94957600
2,624,0.000000,0.004000,0.00000000,2.99285063,0.00000000,0.03235454,0.00000000,0.00000000,0.00000000,2.99285063,0.00000000,0.00000000,20035.96557909,9891.18697000
2,625,0.000000,0.005000,0.00000000,2.99285063,0.00000000,0.78865583,0.00000000,0.00000000,0.00000000,2.99285063,0.00000000,0.00000000,18290.17107889,9891.18697000
2,626,0.000000,0.013000,0.00000000,2.99285063,0.00000000,6.83906617,0.00000000,0.00000000,0.00000000,2.99285063,0.00000000,0.00000000,16544.37657868,9891.18697000
2,627,0.000000,0.025000,0.00000000,18.90753230,0.00000000,0.00000000,2.97728421,0.00000000,17.37331202,21.88481651,18.90753230,383.55506998,15531.29604850,7912.94957600
2,628,0.000000,0.032000,0.00000000,24.20164135,0.00000000,0.00000000,3.12926980,0.00000000,22.26745898,27.33091114,24.20164135,483.54559133,14618.20603967,7912.94957600
2,629,0.000000,0.030000,0.00000000,22.68903876,0.00000000,0.00000000,3.08584534,0.00000000,20.86913128,25.77488411,22.68903876,454.97687095,13676.54731045,7912.94957600
2,630,0.000000,0.029000,0.00000000,21.93273747,0.00000000,0.00000000,3.06413312,0.00000000,20.16996743,24.99687059,21.93273747,440.69251075,12720.60422104,7912.94957600
2,631,0.089000,0.028000,16.20878240,21.17643618,0.00000000,0.00000000,3.49227309,0.00000000,34.49576439,40.87749167,37.38521858,722.36354654,12046.33216741,7912.94957600
2,632,0.232000,0.047000,42.25210693,35.54616073,0.00000000,0.00000000,4.50171425,0.00000000,72.25238937,82.29998190,77.79826765,1386.46956986,12036.16613711,7912.94957600
2,633,0.362000,0.063000,65.92785650,41.39934543,0.00000000,6.24763597,0.00000000,0.00000000,94.69756566,107.32720193,101.68074366,1745.79450000,12036.16613691,9891.18697000
2,634,0.467000,0.071000,85.05057731,22.27662462,0.00000000,31.42076712,0.00000000,0.00000000,94.69756566,107.32720193,101.68074366,1745.79450000,12036.16613670,9891.18697000
2,635,0.521000,0.073000,94.88511944,12.44208249,0.00000000,42.76791183,0.00000000,0.00000000,94.69756566,107.32720193,101.68074366,1745.79450000,12036.16613650,9891.18697000
2,636,0.519000,0.073000,94.52087714,12.80632479,0.00000000,42.40366953,0.00000000,0.00000000,94.69756566,107.32720193,101.68074366,1745.79450000,12036.16613629,9891.18697000
2,637,0.464000,0.085000,84.50421386,22.82298807,0.00000000,41.46262175,0.00000000,0.00000000,94.69756566,107.32720193,101.68074366,1745.79450000,12036.16613609,9891.18697000
2,638,0.359000,0.113000,65.38149305,41.94570888,0.00000000,43.51633712,0.00000000,0.00000000,94.69756566,107.32720193,101.68074366,1745.79450000,12036.16613588,9891.18697000
2,639,0.259000,0.139000,47.16937799,60.15782393,0.00000000,44.96805566,0.00000000,0.00000000,94.69756566,107.32720193,101.68074366,1745.79450000,12036.16613568,9891.18697000
2,640,0.160000,0.164000,29.13938409,78.18781784,0.00000000,45.84559406,0.00000000,0.00000000,94.69756566,107.32720193,101.68074366,1745.79450000,12036.16613547,9891.18697000
2,641,0.065000,0.180000,11.83787479,95.48932714,0.00000000,40.64490543,0.00000000,0.00000000,94.69756566,107.32720193,101.68074366,1745.79450000,12036.16613527,9891.18697000
2,642,0.000000,0.203000,0.00000000,107.32720193,0.00000000,46.20196036,0.00000000,0.00000000,94.69756566,107.32720193,101.68074366,1745.79450000,12036.16613506,9891.18697000
2,643,0.000000,0.254000,0.00000000,107.32720193,0.00000000,84.77332625,0.00000000,0.00000000,94.69756566,107.32720193,101.68074366,1745.79450000,12036.16613486,9891.18697000
2,644,0.000000,0.278000,0.00000000,107.32720193,0.00000000,102.92455726,0.00000000,0.00000000,94.69756566,107.32720193,101.68074366,1745.79450000,12036.16613465,9891.18697000
2,645,0.000000,0.284000,0.00000000,107.32720193,0.00000000,107.46236502,0.00000000,0.00000000,94.69756566,107.32720193,101.68074366,1745.79450000,12036.16613445,9891.18697000
2,646,0.000000,0.289000,0.00000000,107.32720193,0.00000000,111.24387148,0.00000000,0.00000000,94.69756566,107.32720193,101.68074366,1745.79450000,12036.16613424,9891.18697000
2,647,0.000000,0.281000,0.00000000,107.32720193,0.00000000,105.19346114,0.00000000,0.00000000,94.69756566,107.32720193,101.68074366,1745.79450000,12036.16613404,9891.18697000
2,648,0.000000,0.264000,0.00000000,107.32720193,0.00000000,92.33633917,0.00000000,0.00000000,94.69756566,107.32720193,101.68074366,1745.79450000,12036.16613383,9891.18697000
2,649,0.000000,0.233000,0.00000000,107.32720193,0.00000000,68.89099912,0.00000000,0.00000000,94.69756566,107.32720193,101.68074366,1745.79450000,12036.16613363,9891.18697000
2,650,0.000000,0.218000,0.00000000,107.32720193,0.00000000,57.54647974,0.00000000,0.00000000,94.69756566,107.32720193,101.68074366,1745.79450000,12036.16613342,9891.18697000
2,651,0.000000,0.233000,0.00000000,107.32720193,0.00000000,68.89099912,0.00000000,0.00000000,94.69756566,107.32720193,101.68074366,1745.79450000,12036.16613322,9891.18697000
2,652,0.000000,0.264000,0.00000000,107.32720193,0.00000000,92.33633917,0.00000000,0.00000000,94.69756566,107.32720193,101.68074366,1745.79450000,12036.16613301,9891.18697000
2,653,0.000000,0.280000,0.00000000,107.32720193,0.00000000,104.43715985,0.00000000,0.00000000,94.69756566,107.32720193,101.68074366,1745.79450000,12036.16613281,9891.18697000
2,654,0.000000,0.274000,0.00000000,107.32720193,0.00000000,99.89935210,0.00000000,0.00000000,94.69756566,107.32720193,101.68074366,1745.79450000,12036.16613260,9891.18697000
2,655,0.136000,0.239000,24.76847647,82.55872545,0.00000000,98.19728335,0.00000000,0.00000000,94.69756566,107.32720193,101.68074366,1745.79450000,12036.16613240,9891.18697000
2,656,0.327000,0.398000,59.55361623,47.77358570,0.00000000,253.23432854,0.00000000,0.00000000,94.69756566,107.32720193,101.68074366,1745.79450000,12036.16613219,9891.18697000
2,657,0.478000,0.457000,87.05390996,20.27329196,0.00000000,325.35639850,0.00000000,0.00000000,94.69756566,107.32720193,101.68074366,1745.79450000,12036.16613199,9891.18697000
2,658,0.591000,0.442000,107.32720193,0.00000000,0.30639805,334.28517109,0.00000000,0.00000000,94.69756566,107.32720193,101.68074366,1745.79450000,12036.16613178,9891.18697000
2,659,0.650000,0.407000,107.32720193,0.00000000,11.05154593,307.81462586,0.00000000,0.00000000,94.69756566,107.32720193,101.68074366,1745.79450000,12036.16613158,9891.18697000
2,660,0.659000,0.385000,107.32720193,0.00000000,12.69063629,291.17599744,0.00000000,0.00000000,94.69756566,107.32720193,101.68074366,1745.79450000,12036.16613137,9891.18697000
2,661,0.616000,0.379000,107.32720193,0.00000000,4.85942681,286.63818969,0.00000000,0.00000000,94.69756566,107.32720193,101.68074366,1745.79450000,12036.16613117,9891.18697000
2,662,0.517000,0.382000,94.15663484,13.17056709,0.00000000,275.73652647,0.00000000,0.00000000,94.69756566,107.32720193,101.68074366,1745.79450000,12036.16613096,9891.18697000
2,663,0.357000,0.398000,65.01725075,42.30995118,0.00000000,258.69796306,0.00000000,0.00000000,94.69756566,107.32720193,101.68074366,1745.79450000,12036.16613076,9891.18697000
2,664,0.198000,0.410000,36.05998781,71.26721412,0.00000000,238.81631562,0.00000000,0.00000000,94.69756566,107.32720193,101.68074366,1745.79450000,12036.16613055,9891.18697000
2,665,0.063000,0.374000,11.47363248,95.85356944,0.00000000,187.00311378,0.00000000,0.00000000,94.69756566,107.32720193,101.68074366,1745.79450000,12036.16613035,9891.18697000
2,666,0.000000,0.355000,0.00000000,107.32720193,0.00000000,161.15975675,0.00000000,0.00000000,94.69756566,107.32720193,101.68074366,1745.79450000,12036.16613014,9891.18697000
2,667,0.000000,0.362000,0.00000000,107.32720193,0.00000000,166.45386580,0.00000000,0.00000000,94.69756566,107.32720193,101.68074366,1745.79450000,12036.16612994,9891.18697000
2,668,0.000000,0.352000,0.00000000,107.32720193,0.00000000,158.89085287,0.00000000,0.00000000,94.69756566,107.32720193,101.68074366,1745.79450000,12036.16612973,9891.18697000
2,669,0.000000,0.345000,0.00000000,107.32720193,0.00000000,153.59674383,0.00000000,0.00000000,94.69756566,107.32720193,101.68074366,1745.79450000,12036.16612953,9891.18697000
2,670,0.000000,0.343000,0.00000000,107.32720193,0.00000000,152.08414125,0.00000000,0.00000000,94.69756566,107.32720193,101.68074366,1745.79450000,12036.16612932,9891.18697000
2,671,0.000000,0.339000,0.00000000,107.32720193,0.00000000,149.05893608,0.00000000,0.00000000,94.69756566,107.32720193,101.68074366,1745.79450000,12036.16612912,9891.18697000
2,672,0.000000,0.341000,0.00000000,107.32720193,0.00000000,150.57153866,0.00000000,0.00000000,94.69756566,107.32720193,101.68074366,1745.79450000,12036.16612891,9891.18697000
2,673,0.000000,0.341000,0.00000000,107.32720193,0.00000000,150.57153866,0.00000000,0.00000000,94.69756566,107.32720193,101.68074366,1745.79450000,12036.16612871,9891.18697000
2,674,0.000000,0.328000,0.00000000,107.32720193,0.00000000,140.73962187,0.00000000,0.00000000,94.69756566,107.32720193,101.68074366,1745.79450000,12036.16612850,9891.18697000
2,675,0.000000,0.278000,0.00000000,107.32720193,0.00000000,102.92455726,0.00000000,0.00000000,94.69756566,107.32720193,101.68074366,1745.79450000,12036.16612830,9891.18697000
2,676,0.000000,0.221000,0.00000000,107.32720193,0.00000000,59.81538362,0.00000000,0.00000000,94.69756566,107.32720193,101.68074366,1745.79450000,12036.16612809,9891.18697000
2,677,0.000000,0.200000,0.00000000,107.32720193,0.00000000,43.93305648,0.00000000,0.00000000,94.69756566,107.32720193,101.68074366,1745.79450000,12036.16612789,9891.18697000
2,678,0.000000,0.201000,0.00000000,107.32720193,0.00000000,44.68935778,0.00000000,0.00000000,94.69756566,107.32720193,101.68074366,1745.79450000,12036.16612768,9891.18697000
2,679,0.074000,0.193000,13.47696514,93.85023679,0.00000000,52.11591258,0.00000000,0.00000000,94.69756566,107.32720193,101.68074366,1745.79450000,12036.16612748,9891.18697000
2,680,0.212000,0.419000,38.60968392,68.71751801,0.00000000,248.17272336,0.00000000,0.00000000,94.69756566,107.32720193,101.68074366,1745.79450000,12036.16612727,9891.18697000
2,681,0.319000,0.522000,58.09664703,49.23055490,0.00000000,345.55871955,0.00000000,0.00000000,94.69756566,107.32720193,101.68074366,1745.79450000,12036.16612707,9891.18697000
2,682,0.398000,0.511000,72.48421792,34.84298401,0.00000000,351.62697623,0.00000000,0.00000000,94.69756566,107.32720193,101.68074366,1745.79450000,12036.16612686,9891.18697000
2,683,0.428000,0.522000,77.94785244,29.37934949,0.00000000,365.40992496,0.00000000,0.00000000,94.69756566,107.32720193,101.68074366,1745.79450000,12036.16612666,9891.18697000
2,684,0.424000,0.547000,77.21936783,30.10783409,0.00000000,383.58897266,0.00000000,0.00000000,94.69756566,107.32720193,101.68074366,1745.79450000,12036.16612645,9891.18697000
2,685,0.382000,0.566000,69.57027951,37.75692242,0.00000000,390.30960888,0.00000000,0.00000000,94.69756566,107.32720193,101.68074366,1745.79450000,12036.16612625,9891.18697000
2,686,0.307000,0.552000,55.91119322,51.41600871,0.00000000,366.06230450,0.00000000,0.00000000,94.69756566,107.32720193,101.68074366,1745.79450000,12036.16612604,9891.18697000
2,687,0.230000,0.501000,41.88786463,65.43933730,0.00000000,313.46761002,0.00000000,0.00000000,94.69756566,107.32720193,101.68074366,1745.79450000,12036.16612584,9891.18697000
2,688,0.139000,0.426000,25.31483993,82.01236200,0.00000000,240.17198841,0.00000000,0.00000000,94.69756566,107.32720193,101.68074366,1745.79450000,12036.16612563,9891.18697000
2,689,0.048000,0.339000,8.74181523,98.58538670,0.00000000,157.80075130,0.00000000,0.00000000,94.69756566,107.32720193,101.68074366,1745.79450000,12036.16612543,9891.18697000
2,690,0.000000,0.332000,0.00000000,107.32720193,0.00000000,143.76482703,0.00000000,0.00000000,94.69756566,107.32720193,101.68074366,1745.79450000,12036.16612522,9891.18697000
2,691,0.000000,0.360000,0.00000000,107.32720193,0.00000000,164.94126321,0.00000000,0.00000000,94.69756566,107.32720193,101.68074366,1745.79450000,12036.16612502,9891.18697000
2,692,0.000000,0.356000,0.00000000,107.32720193,0.00000000,161.91605804,0.00000000,0.00000000,94.69756566,107.32720193,101.68074366,1745.79450000,12036.16612481,9891.18697000
2,693,0.000000,0.329000,0.00000000,107.32720193,0.00000000,141.49592316,0.00000000,0.00000000,94.69756566,107.32720193,101.68074366,1745.79450000,12036.16612461,9891.18697000
2,694,0.000000,0.301000,0.00000000,107.32720193,0.00000000,120.31948698,0.00000000,0.00000000,94.69756566,107.32720193,101.68074366,1745.79450000,12036.16612440,9891.18697000
2,695,0.000000,0.265000,0.00000000,107.32720193,0.00000000,93.09264047,0.00000000,0.00000000,94.69756566,107.32720193,101.68074366,1745.79450000,12036.16612420,9891.18697000
2,696,0.000000,0.223000,0.00000000,107.32720193,0.00000000,61.32798620,0.00000000,0.00000000,94.69756566,107.32720193,101.68074366,1745.79450000,12036.16612399,9891.18697000
2,697,0.000000,0.188000,0.00000000,107.32720193,0.00000000,34.85744098,0.00000000,0.00000000,94.69756566,107.32720193,101.68074366,1745.79450000,12036.16612379,9891.18697000
2,698,0.000000,0.163000,0.00000000,107.32720193,0.00000000,15.94990868,0.00000000,0.00000000,94.69756566,107.32720193,101.68074366,1745.79450000,12036.16612358,9891.18697000
2,699,0.000000,0.142000,0.00000000,107.32720193,0.00000000,0.06758154,0.00000000,0.00000000,94.69756566,107.32720193,101.68074366,1745.79450000,12036.16612338,9891.18697000
2,700,0.000000,0.120000,0.00000000,90.75615505,0.00000000,0.00000000,4.80111428,0.00000000,84.42238193,95.55726933,90.75615505,1583.44327851,12222.97380172,7912.94957600
2,701,0.000000,0.107000,0.00000000,80.92423825,0.00000000,0.00000000,4.57538791,0.00000000,75.18448192,85.49962616,80.92423825,1434.93908289,12261.27728445,7912.94957600
2,702,0.000000,0.104000,0.00000000,78.65533437,0.00000000,0.00000000,4.52191381,0.00000000,73.05629935,83.17724818,78.65533437,1399.75875645,12264.40044073,7912.94957600
2,703,0.104000,0.095000,18.94059966,71.84862274,0.00000000,0.00000000,4.80186124,0.00000000,84.45348362,95.59108364,90.78922240,1583.93469524,12451.69953581,7912.94957600
2,704,0.303000,0.158000,55.18270862,52.14449331,0.00000000,67.35111083,0.00000000,0.00000000,94.69756566,107.32720193,101.68074366,1745.79450000,12451.69953561,9891.18697000
2,705,0.487000,0.161000,88.69300032,18.63420161,0.00000000,103.13030641,0.00000000,0.00000000,94.69756566,107.32720193,101.68074366,1745.79450000,12451.69953540,9891.18697000
2,706,0.600000,0.125000,107.32720193,0.00000000,1.94548840,94.53766151,0.00000000,0.00000000,94.69756566,107.32720193,101.68074366,1745.79450000,12451.69953520,9891.18697000
2,707,0.660000,0.101000,107.32720193,0.00000000,12.87275744,76.38643050,0.00000000,0.00000000,94.69756566,107.32720193,101.68074366,1745.79450000,12451.69953499,9891.18697000
2,708,0.670000,0.092000,107.32720193,0.00000000,14.69396894,69.57971887,0.00000000,0.00000000,94.69756566,107.32720193,101.68074366,1745.79450000,12451.69953479,9891.18697000
2,709,0.613000,0.092000,107.32720193,0.00000000,4.31306336,69.57971887,0.00000000,0.00000000,94.69756566,107.32720193,101.68074366,1745.79450000,12451.69953458,9891.18697000
2,710,0.524000,0.107000,95.43148289,11.89571904,0.00000000,69.02851921,0.00000000,0.00000000,94.69756566,107.32720193,101.68074366,1745.79450000,12451.69953438,9891.18697000
2,711,0.385000,0.137000,70.11664296,37.21055896,0.00000000,66.40271805,0.00000000,0.00000000,94.69756566,107.32720193,101.68074366,1745.79450000,12451.69953417,9891.18697000
2,712,0.219000,0.180000,39.88453197,67.44266996,0.00000000,68.69156261,0.00000000,0.00000000,94.69756566,107.32720193,101.68074366,1745.79450000,12451.69953397,9891.18697000
2,713,0.072000,0.231000,13.11272284,94.21447909,0.00000000,80.49111938,0.00000000,0.00000000,94.69756566,107.32720193,101.68074366,1745.79450000,12451.69953376,9891.18697000
2,714,0.000000,0.260000,0.00000000,107.32720193,0.00000000,89.31113401,0.00000000,0.00000000,94.69756566,107.32720193,101.68074366,1745.79450000,12451.69953356,9891.18697000
2,715,0.000000,0.274000,0.00000000,107.32720193,0.00000000,99.89935210,0.00000000,0.00000000,94.69756566,107.32720193,101.68074366,1745.79450000,12451.69953335,9891.18697000
2,716,0.000000,0.243000,0.00000000,107.32720193,0.00000000,76.45401204,0.00000000,0.00000000,94.69756566,107.32720193,101.68074366,1745.79450000,12451.69953315,9891.18697000
2,717,0.000000,0.179000,0.00000000,107.32720193,0.00000000,28.05072935,0.00000000,0.00000000,94.69756566,107.32720193,101.68074366,1745.79450000,12451.69953294,9891.18697000
2,718,0.000000,0.143000,0.00000000,107.32720193,0.00000000,0.82388284,0.00000000,0.00000000,94.69756566,107.32720193,101.68074366,1745.79450000,12451.69953274,9891.18697000
2,719,0.000000,0.130000,0.00000000,98.31916797,0.00000000,0.00000000,4.97195402,0.00000000,91.53581659,103.29112199,98.31916797,1695.83784357,12750.90177614,7912.94957600
2,720,0.000000,0.122000,0.00000000,92.26875763,0.00000000,0.00000000,4.83528223,0.00000000,85.84506886,97.10403986,92.26875763,1605.92219152,12960.18836750,7912.94957600
2,721,0.000000,0.131000,0.00000000,99.07546926,0.00000000,0.00000000,4.98903800,0.00000000,92.24716006,104.06450725,99.07546926,1707.07730007,13270.63006741,7912.94957600
2,722,0.000000,0.167000,0.00000000,107.32720193,0.00000000,18.97511385,0.00000000,0.00000000,94.69756566,107.32720193,101.68074366,1745.79450000,13270.63006720,9891.18697000
2,723,0.000000,0.196000,0.00000000,107.32720193,0.00000000,40.90785132,0.00000000,0.00000000,94.69756566,107.32720193,101.68074366,1745.79450000,13270.63006700,9891.18697000
2,724,0.000000,0.179000,0.00000000,107.32720193,0.00000000,28.05072935,0.00000000,0.00000000,94.69756566,107.32720193,101.68074366,1745.79450000,13270.63006679,9891.18697000
2,725,0.000000,0.136000,0.00000000,102.85697572,0.00000000,0.00000000,3.87165608,0.00000000,94.69756566,106.72863180,101.68074366,1745.79450000,13619.78896663,7912.94957600
2,726,0.000000,0.112000,0.00000000,84.70574471,0.00000000,0.00000000,4.66444249,0.00000000,78.73163420,89.37018720,84.70574471,1493.52762646,13716.68099293,7912.94957600
2,727,0.065000,0.083000,11.83787479,62.77300724,0.00000000,0.00000000,4.42659314,0.00000000,69.26269086,79.03747517,74.61088203,1337.04779044,13657.09318321,7912.94957600
2,728,0.174000,0.093000,31.68908020,70.33602016,0.00000000,0.00000000,4.70353144,0.00000000,94.69756566,106.72863180,101.68074366,1745.79450000,14006.25208304,7912.94957600
2,729,0.275000,0.124000,50.08331640,57.24388552,0.00000000,36.53747469,0.00000000,0.00000000,94.69756566,107.32720193,101.68074366,1745.79450000,14006.25208284,9891.18697000
2,730,0.354000,0.130000,64.47088730,42.85631463,0.00000000,55.46285334,0.00000000,0.00000000,94.69756566,107.32720193,101.68074366,1745.79450000,14006.25208263,9891.18697000
2,731,0.395000,0.118000,71.93785447,35.38934746,0.00000000,53.85420500,0.00000000,0.00000000,94.69756566,107.32720193,101.68074366,1745.79450000,14006.25208243,9891.18697000
2,732,0.405000,0.093000,73.75906597,33.56813595,0.00000000,36.76788421,0.00000000,0.00000000,94.69756566,107.32720193,101.68074366,1745.79450000,14006.25208222,9891.18697000
2,733,0.373000,0.084000,67.93118916,39.39601277,0.00000000,24.13329576,0.00000000,0.00000000,94.69756566,107.32720193,101.68074366,1745.79450000,14006.25208202,9891.18697000
2,734,0.312000,0.081000,56.82179897,50.50540295,0.00000000,10.75500170,0.00000000,0.00000000,94.69756566,107.32720193,101.68074366,1745.79450000,14006.25208181,9891.18697000
2,735,0.199000,0.072000,36.24210896,54.45369303,0.00000000,0.00000000,4.79975098,0.00000000,84.36561652,95.49555296,90.69580199,1582.54636668,14192.16284833,7912.94957600
2,736,0.095000,0.068000,17.30150930,51.42848786,0.00000000,0.00000000,4.28799097,0.00000000,63.74654855,73.01798813,68.72999716,1245.86215166,14041.38939982,7912.94957600
2,737,0.026000,0.074000,4.73514991,55.96629561,0.00000000,0.00000000,4.09014879,0.00000000,56.23863423,64.79159432,60.70144553,1115.70282420,13760.45662386,7912.94957600
2,738,0.000000,0.091000,0.00000000,68.82341758,0.00000000,0.00000000,4.29019273,0.00000000,63.83417488,73.11361030,68.82341758,1247.31067520,13611.13169890,7912.94957600
2,739,0.000000,0.115000,0.00000000,86.97464859,0.00000000,0.00000000,4.71569441,0.00000000,80.86566460,91.69034300,86.97464859,1527.24599598,13741.74209472,7912.94957600
2,740,0.000000,0.132000,0.00000000,99.83177055,0.00000000,0.00000000,5.00612197,0.00000000,92.95850352,104.83789252,99.83177055,1718.31675658,14063.42325113,7912.94957600
2,741,0.000000,0.138000,0.00000000,104.36957830,0.00000000,0.00000000,2.35905350,0.00000000,94.69756566,106.72863180,101.68074366,1745.79450000,14412.58215097,7912.94957600
2,742,0.000000,0.134000,0.00000000,101.34437313,0.00000000,0.00000000,5.04028992,0.00000000,94.38119046,106.38466305,101.34437313,1740.79566959,14756.74222040,7912.94957600
2,743,0.000000,0.122000,0.00000000,92.26875763,0.00000000,0.00000000,4.83528223,0.00000000,85.84506886,97.10403986,92.26875763,1605.92219152,14966.02881175,7912.94957600
2,744,0.000000,0.117000,0.00000000,88.48725117,0.00000000,0.00000000,4.74986236,0.00000000,82.28835153,93.23711353,88.48725117,1549.72490899,15119.11812058,7912.94957600
3,1,0.000000,0.720000,0.00000000,106.72863180,0.00000000,437.80829847,0.00000000,0.00000000,94.69756566,106.72863180,101.68074366,1745.79450000,15468.27702042,7912.94957600
3,2,0.000000,0.648000,0.00000000,106.72863180,0.00000000,383.35460545,0.00000000,0.00000000,94.69756566,106.72863180,101.68074366,1745.79450000,15817.43592026,7912.94957600
3,3,0.000000,0.578000,0.00000000,106.72863180,0.00000000,330.41351500,0.00000000,0.00000000,94.69756566,106.72863180,101.68074366,1745.79450000,16166.59482009,7912.94957600
3,4,0.000000,0.488000,0.00000000,2.39428050,0.00000000,366.68075002,0.00000000,0.00000000,0.00000000,2.39428050,0.00000000,0.00000000,14769.95921993,7912.94957600
3,5,0.000000,0.399000,0.00000000,2.39428050,0.00000000,299.36993503,0.00000000,0.00000000,0.00000000,2.39428050,0.00000000,0.00000000,13373.32361976,7912.94957600
3,6,0.009000,0.340000,1.63909035,0.75519015,0.00000000,256.38724915,0.00000000,0.00000000,0.00000000,2.39428050,0.00000000,0.00000000,11976.68801960,7912.94957600
3,7,0.195000,0.540000,35.51362436,71.21500744,0.00000000,337.18769026,0.00000000,0.00000000,94.69756566,106.72863180,101.68074366,1745.79450000,12325.84691944,7912.94957600
3,8,0.409000,0.590000,74.48755058,32.24108123,0.00000000,413.97668108,0.00000000,0.00000000,94.69756566,106.72863180,101.68074366,1745.79450000,12675.00581927,7912.94957600
3,9,0.573000,0.473000,104.35541927,2.37321253,0.00000000,355.35729860,0.00000000,0.00000000,94.69756566,106.72863180,101.68074366,1745.79450000,13024.16471911,7912.94957600
3,10,0.678000,0.341000,2.39428050,0.00000000,121.08385957,257.89874059,0.00000000,0.00000000,0.00000000,2.39428050,0.00000000,0.00000000,11627.52911894,7912.94957600
3,11,0.739000,0.227000,2.39428050,0.00000000,132.19324976,171.68039329,0.00000000,0.00000000,0.00000000,2.39428050,0.00000000,0.00000000,10230.89351878,7912.94957600
3,12,0.754000,0.149000,106.72863180,0.00000000,30.59071571,112.68889252,0.00000000,0.00000000,94.69756566,106.72863180,101.68074366,1745.79450000,10580.05241862,7912.94957600
3,13,0.726000,0.113000,106.72863180,0.00000000,25.49132350,85.46204600,0.00000000,0.00000000,94.69756566,106.72863180,101.68074366,1745.79450000,10929.21131845,7912.94957600
3,14,0.635000,0.123000,106.72863180,0.00000000,8.91829880,93.02505892,0.00000000,0.00000000,94.69756566,106.72863180,101.68074366,1745.79450000,11278.37021829,7912.94957600
3,15,0.486000,0.176000,88.51087917,18.21775263,0.00000000,114.89127477,0.00000000,0.00000000,94.69756566,106.72863180,101.68074366,1745.79450000,11627.52911812,7912.94957600
3,16,0.305000,0.278000,55.54695092,51.18168088,0.00000000,159.07007831,0.00000000,0.00000000,94.69756566,106.72863180,101.68074366,1745.79450000,11976.68801796,7912.94957600
3,17,0.130000,0.499000,23.67574957,65.62242202,0.00000000,311.77192271,0.00000000,0.00000000,78.66539600,89.29817159,84.63531998,1492.48099468,12072.53341247,7912.94957600
3,18,0.000000,0.728000,0.00000000,106.72863180,0.00000000,443.85870881,0.00000000,0.00000000,94.69756566,106.72863180,101.68074366,1745.79450000,12421.69231231,7912.94957600
3,19,0.000000,0.812000,0.00000000,106.72863180,0.00000000,507.38801734,0.00000000,0.00000000,94.69756566,106.72863180,101.68074366,1745.79450000,12770.85121214,7912.94957600
3,20,0.000000,0.837000,0.00000000,106.72863180,0.00000000,526.29554964,0.00000000,0.00000000,94.69756566,106.72863180,101.68074366,1745.79450000,13120.01011198,7912.94957600
3,21,0.000000,0.849000,0.00000000,106.72863180,0.00000000,535.37116515,0.00000000,0.00000000,94.69756566,106.72863180,101.68074366,1745.79450000,13469.16901181,7912.94957600
3,22,0.000000,0.864000,0.00000000,106.72863180,0.00000000,546.71568453,0.00000000,0.00000000,94.69756566,106.72863180,101.68074366,1745.79450000,13818.32791165,7912.94957600
3,23,0.000000,0.855000,0.00000000,106.72863180,0.00000000,539.90897290,0.00000000,0.00000000,94.69756566,106.72863180,101.68074366,1745.79450000,14167.48681149,7912.94957600
3,24,0.000000,0.822000,0.00000000,106.72863180,0.00000000,514.95103026,0.00000000,0.00000000,94.69756566,106.72863180,101.68074366,1745.79450000,14516.64571132,7912.94957600
3,25,0.000000,0.768000,0.00000000,106.72863180,0.00000000,474.11076049,0.00000000,0.00000000,94.69756566,106.72863180,101.68074366,1745.79450000,14865.80461116,7912.94957600
3,26,0.000000,0.710000,0.00000000,106.72863180,0.00000000,430.24528555,0.00000000,0.00000000,94.69756566,106.72863180,101.68074366,1745.79450000,15214.96351099,7912.94957600
3,27,0.000000,0.656000,0.00000000,106.72863180,0.00000000,389.40501578,0.00000000,0.00000000,94.69756566,106.72863180,101.68074366,1745.79450000,15564.12241083,7912.94957600
3,28,0.000000,0.586000,0.00000000,106.72863180,0.00000000,336.46392534,0.00000000,0.00000000,94.69756566,106.72863180,101.68074366,1745.79450000,15913.28131067,7912.94957600
3,29,0.000000,0.516000,0.00000000,106.72863180,0.00000000,283.52283490,0.00000000,0.00000000,94.69756566,106.72863180,101.68074366,1745.79450000,16262.44021050,7912.94957600
3,30,0.008000,0.457000,1.45696920,56.21304548,0.00000000,289.41664498,0.00000000,0.00000000,49.73928100,57.67001469,53.75120360,1002.98064984,15868.78526017,7912.94957600
3,31,0.179000,0.603000,32.59968595,10.87895361,0.00000000,445.17072549,0.00000000,0.00000000,36.84682300,43.47863956,39.91750131,767.66957627,15239.81923628,7912.94957600
3,32,0.391000,0.637000,57.67001469,0.00000000,13.53935518,481.76392303,0.00000000,0.00000000,49.73928100,57.67001469,53.75120360,1002.98064984,14846.16428595,7912.94957600
3,33,0.546000,0.552000,57.67001469,0.00000000,41.76813351,417.47831321,0.00000000,0.00000000,49.73928100,57.67001469,53.75120360,1002.98064984,14452.50933562,7912.94957600
3,34,0.646000,0.441000,57.67001469,0.00000000,59.98024857,333.52886979,0.00000000,0.00000000,49.73928100,57.67001469,53.75120360,1002.98064984,14058.85438529,7912.94957600
3,35,0.699000,0.332000,57.67001469,0.00000000,69.63266955,251.09202896,0.00000000,0.00000000,49.73928100,57.67001469,53.75120360,1002.98064984,13665.19943497,7912.94957600
3,36,0.710000,0.254000,57.67001469,0.00000000,71.63600220,192.10052818,0.00000000,0.00000000,49.73928100,57.67001469,53.75120360,1002.98064984,13271.54448464,7912.94957600
3,37,0.685000,0.220000,106.72863180,0.00000000,18.02435633,166.38628425,0.00000000,0.00000000,94.69756566,106.72863180,101.68074366,1745.79450000,13620.70338447,7912.94957600
3,38,0.626000,0.238000,106.72863180,0.00000000,7.27920844,179.99970751,0.00000000,0.00000000,94.69756566,106.72863180,101.68074366,1745.79450000,13969.86228431,7912.94957600
3,39,0.534000,0.315000,97.25269439,9.47593741,0.00000000,228.75896959,0.00000000,0.00000000,94.69756566,106.72863180,101.68074366,1745.79450000,14319.02118415,7912.94957600
3,40,0.338000,0.472000,61.55694889,45.17168291,0.00000000,311.80252693,0.00000000,0.00000000,94.69756566,106.72863180,101.68074366,1745.79450000,14668.18008398,7912.94957600
3,41,0.145000,0.691000,26.40756683,31.26244786,0.00000000,491.34174495,0.00000000,0.00000000,49.73928100,57.67001469,53.75120360,1002.98064984,14274.52513365,7912.94957600
3,42,0.000000,0.845000,0.00000000,106.72863180,0.00000000,532.34595998,0.00000000,0.00000000,94.69756566,106.72863180,101.68074366,1745.79450000,14623.68403349,7912.94957600
3,43,0.000000,0.901000,0.00000000,106.72863180,0.00000000,574.69883233,0.00000000,0.00000000,94.69756566,106.72863180,101.68074366,1745.79450000,14972.84293332,7912.94957600
3,44,0.000000,0.930000,0.00000000,106.72863180,0.00000000,596.63156980,0.00000000,0.00000000,94.69756566,106.72863180,101.68074366,1745.79450000,15322.00183316,7912.94957600
3,45,0.000000,0.930000,0.00000000,106.72863180,0.00000000,596.63156980,0.00000000,0.00000000,94.69756566,106.72863180,101.68074366,1745.79450000,15671.16073300,7912.94957600
3,46,0.000000,0.912000,0.00000000,106.72863180,0.00000000,583.01814655,0.00000000,0.00000000,94.69756566,106.72863180,101.68074366,1745.79450000,16020.31963283,7912.94957600
3,47,0.000000,0.873000,0.00000000,106.72863180,0.00000000,553.52239616,0.00000000,0.00000000,94.69756566,106.72863180,101.68074366,1745.79450000,16369.47853267,7912.94957600
3,48,0.000000,0.797000,0.00000000,106.72863180,0.00000000,496.04349796,0.00000000,0.00000000,94.69756566,106.72863180,101.68074366,1745.79450000,16718.63743250,7912.94957600
3,49,0.000000,0.688000,0.00000000,106.72863180,0.00000000,413.60665713,0.00000000,0.00000000,94.69756566,106.72863180,101.68074366,1745.79450000,17067.79633234,7912.94957600
3,50,0.000000,0.569000,0.00000000,106.72863180,0.00000000,323.60680337,0.00000000,0.00000000,94.69756566,106.72863180,101.68074366,1745.79450000,17416.95523218,7912.94957600
3,51,0.000000,0.476000,0.00000000,106.72863180,0.00000000,253.27078321,0.00000000,0.00000000,94.69756566,106.72863180,101.68074366,1745.79450000,17766.11413201,7912.94957600
3,52,0.000000,0.420000,0.00000000,106.72863180,0.00000000,210.91791086,0.00000000,0.00000000,94.69756566,106.72863180,101.68074366,1745.79450000,18115.27303185,7912.94957600
3,53,0.000000,0.367000,0.00000000,106.72863180,0.00000000,170.83394238,0.00000000,0.00000000,94.69756566,106.72863180,101.68074366,1745.79450000,18464.43193168,7912.94957600
3,54,0.010000,0.307000,1.82121151,104.90742030,0.00000000,127.27707636,0.00000000,0.00000000,94.69756566,106.72863180,101.68074366,1745.79450000,18813.59083152,7912.94957600
3,55,0.190000,0.523000,34.60301860,72.12561320,0.00000000,323.41996254,0.00000000,0.00000000,94.69756566,106.72863180,101.68074366,1745.79450000,19162.74973136,7912.94957600
3,56,0.397000,0.590000,72.30209677,34.42653503,0.00000000,411.79122728,0.00000000,0.00000000,94.69756566,106.72863180,101.68074366,1745.79450000,19511.90863119,7912.94957600
3,57,0.558000,0.538000,101.62360201,5.10502979,0.00000000,401.78506533,0.00000000,0.00000000,94.69756566,106.72863180,101.68074366,1745.79450000,19861.06753103,7912.94957600
3,58,0.670000,0.488000,106.72863180,0.00000000,15.29253907,369.07503052,0.00000000,0.00000000,94.69756566,106.72863180,101.68074366,1745.79450000,20210.22643086,7912.94957600
3,59,0.730000,0.454000,106.72863180,0.00000000,26.21980810,343.36078659,0.00000000,0.00000000,94.69756566,106.72863180,101.68074366,1745.79450000,20559.38533070,7912.94957600
3,60,0.748000,0.457000,106.72863180,0.00000000,29.49798881,345.62969047,0.00000000,0.00000000,94.69756566,106.72863180,101.68074366,1745.79450000,20908.54423054,7912.94957600
3,61,0.713000,0.506000,106.72863180,0.00000000,23.12374854,382.68845378,0.00000000,0.00000000,94.69756566,106.72863180,101.68074366,1745.79450000,21257.70313037,7912.94957600
3,62,0.620000,0.572000,106.72863180,0.00000000,6.18648154,432.60433905,0.00000000,0.00000000,94.69756566,106.72863180,101.68074366,1745.79450000,21606.86203021,7912.94957600
3,63,0.449000,0.630000,81.77239660,24.95623520,0.00000000,451.51357879,0.00000000,0.00000000,94.69756566,106.72863180,101.68074366,1745.79450000,21956.02093004,7912.94957600
3,64,0.277000,0.684000,50.44755870,56.28107310,0.00000000,461.02901066,0.00000000,0.00000000,94.69756566,106.72863180,101.68074366,1745.79450000,22305.17982988,7912.94957600
3,65,0.124000,0.737000,22.58302267,66.71514892,0.00000000,490.67890332,0.00000000,0.00000000,78.66539600,89.29817159,84.63531998,1492.48099468,22401.02522439,7912.94957600
3,66,0.001000,0.776000,0.18212115,106.54651065,0.00000000,480.34329198,0.00000000,0.00000000,94.69756566,106.72863180,101.68074366,1745.79450000,22750.18412423,7912.94957600
3,67,0.000000,0.808000,0.00000000,106.72863180,0.00000000,504.36281217,0.00000000,0.00000000,94.69756566,106.72863180,101.68074366,1745.79450000,23099.34302406,7912.94957600
3,68,0.000000,0.834000,0.00000000,106.72863180,0.00000000,524.02664577,0.00000000,0.00000000,94.69756566,106.72863180,101.68074366,1745.79450000,23448.50192390,7912.94957600
3,69,0.000000,0.840000,0.00000000,106.72863180,0.00000000,528.56445352,0.00000000,0.00000000,94.69756566,106.72863180,101.68074366,1745.79450000,23797.66082374,7912.94957600
3,70,0.000000,0.813000,0.00000000,106.72863180,0.00000000,508.14431863,0.00000000,0.00000000,94.69756566,106.72863180,101.68074366,1745.79450000,24146.81972357,7912.94957600
3,71,0.000000,0.720000,0.00000000,106.72863180,0.00000000,437.80829847,0.00000000,0.00000000,94.69756566,106.72863180,101.68074366,1745.79450000,24495.97862341,7912.94957600
3,72,0.000000,0.610000,0.00000000,106.72863180,0.00000000,354.61515635,0.00000000,0.00000000,94.69756566,106.72863180,101.68074366,1745.79450000,24845.13752324,7912.94957600
3,73,0.000000,0.505000,0.00000000,106.72863180,0.00000000,275.20352068,0.00000000,0.00000000,94.69756566,106.72863180,101.68074366,1745.79450000,25194.29642308,7912.94957600
3,74,0.000000,0.429000,0.00000000,106.72863180,0.00000000,217.72462249,0.00000000,0.00000000,94.69756566,106.72863180,101.68074366,1745.79450000,25543.45532292,7912.94957600
3,75,0.000000,0.375000,0.00000000,106.72863180,0.00000000,176.88435272,0.00000000,0.00000000,94.69756566,106.72863180,101.68074366,1745.79450000,25892.61422275,7912.94957600
3,76,0.000000,0.333000,0.00000000,106.72863180,0.00000000,145.11969845,0.00000000,0.00000000,94.69756566,106.72863180,101.68074366,1745.79450000,26241.77312259,7912.94957600
3,77,0.000000,0.346000,0.00000000,106.72863180,0.00000000,154.95161525,0.00000000,0.00000000,94.69756566,106.72863180,101.68074366,1745.79450000,26590.93202242,7912.94957600
3,78,0.007000,0.371000,1.27484805,105.45378375,0.00000000,175.13399560,0.00000000,0.00000000,94.69756566,106.72863180,101.68074366,1745.79450000,26940.09092226,7912.94957600
3,79,0.173000,0.544000,31.50695905,75.22167276,0.00000000,336.20623012,0.00000000,0.00000000,94.69756566,106.72863180,101.68074366,1745.79450000,27289.24982210,7912.94957600
3,80,0.391000,0.583000,71.20936987,35.51926194,0.00000000,405.40439133,0.00000000,0.00000000,94.69756566,106.72863180,101.68074366,1745.79450000,27638.40872193,7912.94957600
3,81,0.560000,0.527000,101.98784431,4.74078749,0.00000000,393.82999342,0.00000000,0.00000000,94.69756566,106.72863180,101.68074366,1745.79450000,27987.56762177,7912.94957600
3,82,0.672000,0.461000,106.72863180,0.00000000,15.65678137,348.65489563,0.00000000,0.00000000,94.69756566,106.72863180,101.68074366,1745.79450000,28336.72652160,7912.94957600
3,83,0.733000,0.420000,106.72863180,0.00000000,26.76617155,317.64654266,0.00000000,0.00000000,94.69756566,106.72863180,101.68074366,1745.79450000,28685.88542144,7912.94957600
3,84,0.750000,0.410000,106.72863180,0.00000000,29.86223111,310.08352974,0.00000000,0.00000000,94.69756566,106.72863180,101.68074366,1745.79450000,29035.04432128,7912.94957600
3,85,0.727000,0.414000,106.72863180,0.00000000,25.67344465,313.10873491,0.00000000,0.00000000,94.69756566,106.72863180,101.68074366,1745.79450000,29384.20322111,7912.94957600
3,86,0.658000,0.447000,107.06025619,0.00000000,12.77546087,338.06667755,0.00000000,0.00000000,94.69756566,107.06025619,101.68074366,1745.79450000,29539.91844149,9008.94775987
3,87,0.535000,0.506000,97.43481554,9.29381626,0.00000000,373.39463752,0.00000000,0.00000000,94.69756566,106.72863180,101.68074366,1745.79450000,29889.07734133,7912.94957600
3,88,0.343000,0.593000,62.46755464,44.26107716,0.00000000,404.22558902,0.00000000,0.00000000,94.69756566,106.72863180,101.68074366,1745.79450000,30238.23624117,7912.94957600
3,89,0.137000,0.702000,2.99285063,0.00000000,21.95774700,530.92350702,0.00000000,0.00000000,0.00000000,2.99285063,0.00000000,0.00000000,28492.44174096,9891.18697000
3,90,0.001000,0.775000,0.18212115,57.48789354,0.00000000,528.64560780,0.00000000,0.00000000,49.73928100,57.67001469,53.75120360,1002.98064984,28098.78679063,7912.94957600
3,91,0.000000,0.810000,0.00000000,106.72863180,0.00000000,505.87541476,0.00000000,0.00000000,94.69756566,106.72863180,101.68074366,1745.79450000,28447.94569047,7912.94957600
3,92,0.000000,0.841000,0.00000000,106.72863180,0.00000000,529.32075481,0.00000000,0.00000000,94.69756566,106.72863180,101.68074366,1745.79450000,28797.10459031,7912.94957600
3,93,0.000000,0.864000,0.00000000,106.72863180,0.00000000,546.71568453,0.00000000,0.00000000,94.69756566,106.72863180,101.68074366,1745.79450000,29146.26349014,7912.94957600
3,94,0.000000,0.848000,0.00000000,107.32720193,0.00000000,534.01629373,0.00000000,0.00000000,94.69756566,107.32720193,101.68074366,1745.79450000,29146.26348994,9891.18697000
3,95,0.000000,0.802000,0.00000000,106.72863180,0.00000000,499.82500442,0.00000000,0.00000000,94.69756566,106.72863180,101.68074366,1745.79450000,29495.42238977,7912.94957600
3,96,0.000000,0.732000,0.00000000,106.72863180,0.00000000,446.88391398,0.00000000,0.00000000,94.69756566,106.72863180,101.68074366,1745.79450000,29844.58128961,7912.94957600
3,97,0.000000,0.649000,0.00000000,106.72863180,0.00000000,384.11090674,0.00000000,0.00000000,94.69756566,106.72863180,101.68074366,1745.79450000,30193.74018944,7912.94957600
3,98,0.000000,0.568000,0.00000000,107.32720193,0.00000000,322.25193196,0.00000000,0.00000000,94.69756566,107.32720193,101.68074366,1745.79450000,30193.74018924,9891.18697000
3,99,0.000000,0.479000,0.00000000,58.26858481,0.00000000,303.99973408,0.00000000,0.00000000,49.73928100,58.26858481,53.75120360,1002.98064984,29450.92633887,9891.18697000
3,100,0.000000,0.454000,0.00000000,107.32720193,0.00000000,236.03358466,0.00000000,0.00000000,94.69756566,107.32720193,101.68074366,1745.79450000,29450.92633867,9891.18697000
3,101,0.000000,0.427000,0.00000000,106.72863180,0.00000000,216.21201990,0.00000000,0.00000000,94.69756566,106.72863180,101.68074366,1745.79450000,29800.08523850,7912.94957600
3,102,0.009000,0.407000,0.00000000,73.54194353,1.63909035,234.27268233,0.00000000,0.00000000,63.67817400,73.54194353,68.65710075,1244.73168631,29299.02242461,9891.18697000
3,103,0.185000,0.623000,33.69241285,73.63478907,0.00000000,397.54091587,0.00000000,0.00000000,94.69756566,107.32720193,101.68074366,1745.79450000,29299.02242440,9891.18697000
3,104,0.405000,0.693000,73.75906597,33.56813595,0.00000000,490.54865944,0.00000000,0.00000000,94.69756566,107.32720193,101.68074366,1745.79450000,29299.02242420,9891.18697000
3,105,0.569000,0.660000,103.62693466,3.10169714,0.00000000,496.05715561,0.00000000,0.00000000,94.69756566,106.72863180,101.68074366,1745.79450000,29648.18132403,7912.94957600
3,106,0.682000,0.624000,107.32720193,0.00000000,16.87942275,471.93200624,0.00000000,0.00000000,94.69756566,107.32720193,101.68074366,1745.79450000,29648.18132383,9891.18697000
3,107,0.742000,0.594000,107.32720193,0.00000000,27.80669178,449.24296748,0.00000000,0.00000000,94.69756566,107.32720193,101.68074366,1745.79450000,29648.18132362,9891.18697000
3,108,0.759000,0.575000,107.32720193,0.00000000,30.90275134,434.87324293,0.00000000,0.00000000,94.69756566,107.32720193,101.68074366,1745.79450000,29648.18132342,9891.18697000
3,109,0.733000,0.565000,107.32720193,0.00000000,26.16760143,427.31023001,0.00000000,0.00000000,94.69756566,107.32720193,101.68074366,1745.79450000,29648.18132321,9891.18697000
3,110,0.665000,0.567000,57.67001469,0.00000000,63.44055043,428.82283259,0.00000000,0.00000000,49.73928100,57.67001469,53.75120360,1002.98064984,29254.52637289,7912.94957600
3,111,0.550000,0.587000,100.16663280,6.56199900,0.00000000,437.38685943,0.00000000,0.00000000,94.69756566,106.72863180,101.68074366,1745.79450000,29603.68527272,7912.94957600
3,112,0.385000,0.622000,70.11664296,36.61566470,0.00000000,433.80373896,0.00000000,0.00000000,94.69756566,106.73230766,101.68074366,1745.79450000,29950.69996510,7925.09806020
3,113,0.181000,0.674000,32.96392825,56.93281372,0.00000000,452.81425712,0.00000000,0.00000000,78.66539600,89.89674197,84.63532017,1492.48104146,29697.38650635,9891.18697000
3,114,0.002000,0.722000,0.36424230,88.93392929,0.00000000,457.11560357,0.00000000,0.00000000,78.66539600,89.29817159,84.63531998,1492.48099468,29793.23190086,7912.94957600
3,115,0.000000,0.762000,0.00000000,107.32720193,0.00000000,468.97438261,0.00000000,0.00000000,94.69756566,107.32720193,101.68074366,1745.79450000,29793.23190065,9891.18697000
3,116,0.000000,0.806000,0.00000000,107.32720193,0.00000000,502.25163946,0.00000000,0.00000000,94.69756566,107.32720193,101.68074366,1745.79450000,29793.23190045,9891.18697000
3,117,0.000000,0.858000,0.00000000,107.32720193,0.00000000,541.57930665,0.00000000,0.00000000,94.69756566,107.32720193,101.68074366,1745.79450000,29793.23190024,9891.18697000
3,118,0.000000,0.877000,0.00000000,106.72863180,0.00000000,556.54760133,0.00000000,0.00000000,94.69756566,106.72863180,101.68074366,1745.79450000,30142.39080008,7912.94957600
3,119,0.000000,0.852000,0.00000000,107.32720193,0.00000000,537.04149890,0.00000000,0.00000000,94.69756566,107.32720193,101.68074366,1745.79450000,30142.39079988,9891.18697000
3,120,0.000000,0.803000,0.00000000,89.29817185,0.00000000,518.01176567,0.00000000,0.00000000,78.66539600,89.29817185,84.63532017,1492.48104146,30238.23624117,7912.94957600
3,121,0.000000,0.748000,0.00000000,89.89674197,0.00000000,475.81662448,0.00000000,0.00000000,78.66539600,89.89674197,84.63532017,1492.48104146,29984.92278242,9891.18697000
3,122,0.000000,0.693000,0.00000000,107.32720193,0.00000000,416.78959346,0.00000000,0.00000000,94.69756566,107.32720193,101.68074366,1745.79450000,29984.92278221,9891.18697000
3,123,0.000000,0.609000,0.00000000,107.32720193,0.00000000,353.26028493,0.00000000,0.00000000,94.69756566,107.32720193,101.68074366,1745.79450000,29984.92278201,9891.18697000
3,124,0.000000,0.545000,0.00000000,100.73209197,0.00000000,311.45211219,0.00000000,0.00000000,88.63152254,100.73209197,95.23131878,1649.94905953,29889.07734133,9891.18697000
3,125,0.000000,0.500000,0.00000000,106.72863180,0.00000000,271.42201422,0.00000000,0.00000000,94.69756566,106.72863180,101.68074366,1745.79450000,30238.23624117,7912.94957600
3,126,0.008000,0.479000,0.00000000,73.54194353,1.45696920,288.72637536,0.00000000,0.00000000,63.67817400,73.54194353,68.65710075,1244.73168631,29737.17342727,9891.18697000
3,127,0.178000,0.720000,0.00000000,89.89674172,32.41756480,454.64018856,0.00000000,0.00000000,78.66539600,89.89674172,84.63531998,1492.48099468,29483.85992174,9891.18697000
3,128,0.385000,0.812000,70.11664296,36.61198884,0.00000000,577.50466030,0.00000000,0.00000000,94.69756566,106.72863180,101.68074366,1745.79450000,29833.01882158,7912.94957600
3,129,0.549000,0.783000,44.07720969,0.00000000,55.90730197,592.18391167,0.00000000,0.00000000,36.84682300,44.07720969,39.91750131,767.66957627,28854.89389764,9891.18697000
3,130,0.659000,0.733000,107.32720193,0.00000000,12.69063629,554.36884707,0.00000000,0.00000000,94.69756566,107.32720193,101.68074366,1745.79450000,28854.89389744,9891.18697000
3,131,0.714000,0.683000,106.72863180,0.00000000,23.30586969,516.55378247,0.00000000,0.00000000,94.69756566,106.72863180,101.68074366,1745.79450000,29204.05279727,7912.94957600
3,132,0.720000,0.642000,106.72863180,0.00000000,24.39859660,485.54542949,0.00000000,0.00000000,94.69756566,106.72863180,101.68074366,1745.79450000,29553.21169711,7912.94957600
3,133,0.679000,0.601000,106.72863180,0.00000000,16.93162942,454.53707652,0.00000000,0.00000000,94.69756566,106.72863180,101.68074366,1745.79450000,29902.37059695,7912.94957600
3,134,0.599000,0.580000,73.54194353,0.00000000,35.54862565,438.65474939,0.00000000,0.00000000,63.67817400,73.54194353,68.65710075,1244.73168631,29401.30778305,9891.18697000
3,135,0.483000,0.592000,87.96451572,18.76411608,0.00000000,428.96624881,0.00000000,0.00000000,94.69756566,106.72863180,101.68074366,1745.79450000,29750.46668289,7912.94957600
3,136,0.327000,0.641000,59.55361623,47.77358570,0.00000000,437.01554251,0.00000000,0.00000000,94.69756566,107.32720193,101.68074366,1745.79450000,29750.46668268,9891.18697000
3,137,0.144000,0.711000,26.22544568,32.04313913,0.00000000,505.68707951,0.00000000,0.00000000,49.73928100,58.26858481,53.75120360,1002.98064984,29007.65283232,9891.18697000
3,138,0.001000,0.770000,0.18212115,107.14508078,0.00000000,475.20691410,0.00000000,0.00000000,94.69756566,107.32720193,101.68074366,1745.79450000,29007.65283211,9891.18697000
3,139,0.000000,0.801000,0.00000000,106.72863180,0.00000000,499.06870313,0.00000000,0.00000000,94.69756566,106.72863180,101.68074366,1745.79450000,29356.81173195,7912.94957600
3,140,0.000000,0.847000,0.00000000,107.32720193,0.00000000,533.25999244,0.00000000,0.00000000,94.69756566,107.32720193,101.68074366,1745.79450000,29356.81173174,9891.18697000
3,141,0.000000,0.874000,0.00000000,107.32720193,0.00000000,553.68012732,0.00000000,0.00000000,94.69756566,107.32720193,101.68074366,1745.79450000,29356.81173154,9891.18697000
3,142,0.000000,0.852000,0.00000000,106.72863180,0.00000000,537.64006902,0.00000000,0.00000000,94.69756566,106.72863180,101.68074366,1745.79450000,29705.97063137,7912.94957600
3,143,0.000000,0.806000,0.00000000,106.72863180,0.00000000,502.85020959,0.00000000,0.00000000,94.69756566,106.72863180,101.68074366,1745.79450000,30055.12953121,7912.94957600
3,144,0.000000,0.744000,0.00000000,107.32720193,0.00000000,455.36095936,0.00000000,0.00000000,94.69756566,107.32720193,101.68074366,1745.79450000,30055.12953100,9891.18697000
3,145,0.000000,0.677000,0.00000000,95.90117642,0.00000000,416.11479830,0.00000000,0.00000000,84.18814824,95.90117642,90.50711748,1579.74231053,29889.07734133,9891.18697000
3,146,0.000000,0.624000,0.00000000,106.72863180,0.00000000,365.20337444,0.00000000,0.00000000,94.69756566,106.72863180,101.68074366,1745.79450000,30238.23624117,7912.94957600
3,147,0.000000,0.570000,0.00000000,43.47863956,0.00000000,387.61309691,0.00000000,0.00000000,36.84682300,43.47863956,39.91750131,767.66957627,29609.27021727,7912.94957600
3,148,0.000000,0.506000,0.00000000,106.72863180,0.00000000,275.95982198,0.00000000,0.00000000,94.69756566,106.72863180,101.68074366,1745.79450000,29958.42911711,7912.94957600
3,149,0.000000,0.459000,0.00000000,106.84752294,0.00000000,240.29477011,0.00000000,0.00000000,94.69756566,106.84752294,101.68074366,1745.79450000,30238.23624117,8305.87748409
3,150,0.011000,0.436000,2.00333266,70.94004075,0.00000000,258.80732258,0.00000000,0.00000000,63.67817400,72.94337341,68.65710075,1244.73168631,30086.33232731,7912.94957600
3,151,0.197000,0.678000,0.00000000,43.47863956,35.87786666,469.29363645,0.00000000,0.00000000,36.84682300,43.47863956,39.91750131,767.66957627,29457.36630342,7912.94957600
3,152,0.402000,0.753000,73.21270252,33.51592928,0.00000000,535.97894363,0.00000000,0.00000000,94.69756566,106.72863180,101.68074366,1745.79450000,29806.52520326,7912.94957600
3,153,0.564000,0.715000,102.71632891,4.61087301,0.00000000,536.14455080,0.00000000,0.00000000,94.69756566,107.32720193,101.68074366,1745.79450000,29806.52520305,9891.18697000
3,154,0.667000,0.662000,89.89674172,0.00000000,31.57806570,500.67145534,0.00000000,0.00000000,78.66539600,89.89674172,84.63531998,1492.48099468,29553.21169752,9891.18697000
3,155,0.733000,0.615000,72.94337341,0.00000000,60.55142995,465.12529461,0.00000000,0.00000000,63.67817400,72.94337341,68.65710075,1244.73168631,29401.30778367,7912.94957600
3,156,0.749000,0.594000,107.32720193,0.00000000,29.08153984,449.24296748,0.00000000,0.00000000,94.69756566,107.32720193,101.68074366,1745.79450000,29401.30778346,9891.18697000
3,157,0.725000,0.593000,30.97213435,0.00000000,101.06569980,448.48666618,0.00000000,0.00000000,25.00174700,30.97213435,27.15938231,539.40882693,28194.92211018,9891.18697000
3,158,0.660000,0.613000,89.29817159,0.00000000,30.90178777,463.61269203,0.00000000,0.00000000,78.66539600,89.29817159,84.63531998,1492.48099468,28290.76750470,7912.94957600
3,159,0.549000,0.651000,99.98451165,6.74412015,0.00000000,485.60802097,0.00000000,0.00000000,94.69756566,106.72863180,101.68074366,1745.79450000,28639.92640453,7912.94957600
3,160,0.384000,0.703000,69.93452181,36.79410999,0.00000000,494.88569832,0.00000000,0.00000000,94.69756566,106.72863180,101.68074366,1745.79450000,28989.08530437,7912.94957600
3,161,0.181000,0.768000,32.96392825,40.57801528,0.00000000,540.26137701,0.00000000,0.00000000,63.67817400,73.54194353,68.65710075,1244.73168631,28488.02249047,9891.18697000
3,162,0.002000,0.820000,0.36424230,106.36438950,0.00000000,513.80266998,0.00000000,0.00000000,94.69756566,106.72863180,101.68074366,1745.79450000,28837.18139031,7912.94957600
3,163,0.000000,0.869000,0.00000000,106.72863180,0.00000000,550.49719099,0.00000000,0.00000000,94.69756566,106.72863180,101.68074366,1745.79450000,29186.34029015,7912.94957600
3,164,0.000000,0.900000,0.00000000,57.67001469,0.00000000,623.00114816,0.00000000,0.00000000,49.73928100,57.67001469,53.75120360,1002.98064984,28792.68533982,7912.94957600
3,165,0.000000,0.908000,0.00000000,106.72863180,0.00000000,579.99294138,0.00000000,0.00000000,94.69756566,106.72863180,101.68074366,1745.79450000,29141.84423965,7912.94957600
3,166,0.000000,0.897000,0.00000000,107.24334544,0.00000000,571.15891353,0.00000000,0.00000000,94.69756566,107.24334544,101.68074366,1745.79450000,29190.75954186,9614.04644640
3,167,0.000000,0.867000,0.00000000,106.72863180,0.00000000,548.98458840,0.00000000,0.00000000,94.69756566,106.72863180,101.68074366,1745.79450000,29539.91844170,7912.94957600
3,168,0.000000,0.819000,0.00000000,107.32720193,0.00000000,512.08355626,0.00000000,0.00000000,94.69756566,107.32720193,101.68074366,1745.79450000,29539.91844149,9891.18697000
3,169,0.000000,0.765000,0.00000000,106.72863180,0.00000000,471.84185662,0.00000000,0.00000000,94.69756566,106.72863180,101.68074366,1745.79450000,29889.07734133,7912.94957600
3,170,0.000000,0.703000,0.00000000,106.72863180,0.00000000,424.95117651,0.00000000,0.00000000,94.69756566,106.72863180,101.68074366,1745.79450000,30238.23624117,7912.94957600
3,171,0.000000,0.618000,0.00000000,107.32720193,0.00000000,360.06699656,0.00000000,0.00000000,94.69756566,107.32720193,101.68074366,1745.79450000,30238.23624096,9891.18697000
3,172,0.000000,0.522000,0.00000000,30.37356422,0.00000000,364.41571022,0.00000000,0.00000000,25.00174700,30.37356422,27.15938231,539.40882693,29381.00946772,7912.94957600
3,173,0.000000,0.479000,0.00000000,107.32720193,0.00000000,254.94111696,0.00000000,0.00000000,94.69756566,107.32720193,101.68074366,1745.79450000,29381.00946752,9891.18697000
3,174,0.012000,0.435000,2.18545381,70.75791960,0.00000000,258.23314244,0.00000000,0.00000000,63.67817400,72.94337341,68.65710075,1244.73168631,29229.10555367,7912.94957600
3,175,0.194000,0.669000,35.33150321,53.96666838,0.00000000,451.99889600,0.00000000,0.00000000,78.66539600,89.29817159,84.63531998,1492.48099468,29324.95094818,7912.94957600
3,176,0.404000,0.709000,57.67001469,0.00000000,15.90693014,536.21761606,0.00000000,0.00000000,49.73928100,57.67001469,53.75120360,1002.98064984,28931.29599785,7912.94957600
3,177,0.563000,0.627000,102.53420776,4.79299417,0.00000000,469.40791595,0.00000000,0.00000000,94.69756566,107.32720193,101.68074366,1745.79450000,28931.29599764,9891.18697000
3,178,0.656000,0.556000,0.00000000,73.54194353,119.47147476,346.96157484,0.00000000,0.00000000,63.67817400,73.54194353,68.65710075,1244.73168631,28430.23318375,9891.18697000
3,179,0.699000,0.498000,89.70574282,0.00000000,37.59694141,376.63804344,0.00000000,0.00000000,78.66539600,89.70574282,84.63531998,1492.48099468,28288.33346309,9259.94739566
3,180,0.699000,0.478000,106.72863180,0.00000000,20.57405243,361.51201760,0.00000000,0.00000000,94.69756566,106.72863180,101.68074366,1745.79450000,28637.49236293,7912.94957600
3,181,0.678000,0.484000,58.26858481,0.00000000,65.20955526,366.04982535,0.00000000,0.00000000,49.73928100,58.26858481,53.75120360,1002.98064984,27894.67851256,9891.18697000
3,182,0.616000,0.515000,72.94337341,0.00000000,39.24325533,389.49516540,0.00000000,0.00000000,63.67817400,72.94337341,68.65710075,1244.73168631,27742.77459871,7912.94957600
3,183,0.506000,0.560000,92.15330218,14.57532962,0.00000000,408.95339392,0.00000000,0.00000000,94.69756566,106.72863180,101.68074366,1745.79450000,28091.93349854,7912.94957600
3,184,0.353000,0.630000,64.28876614,42.43986566,0.00000000,434.02994833,0.00000000,0.00000000,94.69756566,106.72863180,101.68074366,1745.79450000,28441.09239838,7912.94957600
3,185,0.172000,0.734000,31.32483789,26.94374692,0.00000000,528.18140145,0.00000000,0.00000000,49.73928100,58.26858481,53.75120360,1002.98064984,27698.27854801,9891.18697000
3,186,0.003000,0.818000,0.54636345,88.75180814,0.00000000,529.90264876,0.00000000,0.00000000,78.66539600,89.29817159,84.63531998,1492.48099468,27794.12394252,7912.94957600
3,187,0.000000,0.862000,0.00000000,106.72863180,0.00000000,545.20308194,0.00000000,0.00000000,94.69756566,106.72863180,101.68074366,1745.79450000,28143.28284236,7912.94957600
3,188,0.000000,0.893000,0.00000000,106.72863180,0.00000000,568.64842200,0.00000000,0.00000000,94.69756566,106.72863180,101.68074366,1745.79450000,28492.44174219,7912.94957600
3,189,0.000000,0.929000,0.00000000,106.72863180,0.00000000,595.87526851,0.00000000,0.00000000,94.69756566,106.72863180,101.68074366,1745.79450000,28841.60064203,7912.94957600
3,190,0.000000,0.914000,0.00000000,107.32720193,0.00000000,583.93217901,0.00000000,0.00000000,94.69756566,107.32720193,101.68074366,1745.79450000,28841.60064182,9891.18697000
3,191,0.000000,0.876000,0.00000000,106.72863180,0.00000000,555.79130003,0.00000000,0.00000000,94.69756566,106.72863180,101.68074366,1745.79450000,29190.75954166,7912.94957600
3,192,0.000000,0.821000,0.00000000,106.72863180,0.00000000,514.19472897,0.00000000,0.00000000,94.69756566,106.72863180,101.68074366,1745.79450000,29539.91844149,7912.94957600
3,193,0.000000,0.751000,0.00000000,106.72863180,0.00000000,461.25363853,0.00000000,0.00000000,94.69756566,106.72863180,101.68074366,1745.79450000,29889.07734133,7912.94957600
3,194,0.000000,0.683000,0.00000000,106.72863180,0.00000000,409.82515067,0.00000000,0.00000000,94.69756566,106.72863180,101.68074366,1745.79450000,30238.23624117,7912.94957600
3,195,0.000000,0.618000,0.00000000,107.32720193,0.00000000,360.06699656,0.00000000,0.00000000,94.69756566,107.32720193,101.68074366,1745.79450000,30238.23624117,9891.18696884
3,196,0.000000,0.544000,0.00000000,44.07720969,0.00000000,367.35069319,0.00000000,0.00000000,36.84682300,44.07720969,39.91750131,767.66957627,29260.11131723,9891.18697000
3,197,0.000000,0.479000,0.00000000,107.32720193,0.00000000,254.94111696,0.00000000,0.00000000,94.69756566,107.32720193,101.68074366,1745.79450000,29260.11131703,9891.18697000
3,198,0.008000,0.445000,1.45696920,105.87023272,0.00000000,230.68384224,0.00000000,0.00000000,94.69756566,107.32720193,101.68074366,1745.79450000,29260.11131682,9891.18697000
3,199,0.132000,0.636000,24.03999187,82.68863993,0.00000000,398.31898181,0.00000000,0.00000000,94.69756566,106.72863180,101.68074366,1745.79450000,29609.27021666,7912.94957600
3,200,0.295000,0.703000,53.72573941,53.00289239,0.00000000,478.67691592,0.00000000,0.00000000,94.69756566,106.72863180,101.68074366,1745.79450000,29958.42911649,7912.94957600
3,201,0.466000,0.693000,0.00000000,43.47863956,84.86845616,480.63815583,0.00000000,0.00000000,36.84682300,43.47863956,39.91750131,767.66957627,29329.46309260,7912.94957600
3,202,0.607000,0.666000,73.48564408,0.00000000,37.06189431,503.69666050,0.00000000,0.00000000,63.67817400,73.48564408,68.65710075,1244.73168631,28861.24096826,9705.12074022
3,203,0.701000,0.631000,0.00000000,43.47863956,127.66692654,433.74747572,0.00000000,0.00000000,36.84682300,43.47863956,39.91750131,767.66957627,28232.27494437,7912.94957600
3,204,0.737000,0.590000,106.72863180,0.00000000,27.49465616,446.21776231,0.00000000,0.00000000,94.69756566,106.72863180,101.68074366,1745.79450000,28581.43384420,7912.94957600
3,205,0.716000,0.550000,106.72863180,0.00000000,23.67011199,415.96571063,0.00000000,0.00000000,94.69756566,106.72863180,101.68074366,1745.79450000,28930.59274404,7912.94957600
3,206,0.644000,0.529000,57.67001469,0.00000000,59.61600627,400.08338349,0.00000000,0.00000000,49.73928100,57.67001469,53.75120360,1002.98064984,28536.93779371,7912.94957600
3,207,0.518000,0.546000,57.67001469,0.00000000,36.66874130,412.94050546,0.00000000,0.00000000,49.73928100,57.67001469,53.75120360,1002.98064984,28143.28284338,7912.94957600
3,208,0.362000,0.583000,65.92785650,40.80077530,0.00000000,400.12287796,0.00000000,0.00000000,94.69756566,106.72863180,101.68074366,1745.79450000,28492.44174322,7912.94957600
3,209,0.163000,0.630000,29.68574754,77.64145439,0.00000000,398.82835960,0.00000000,0.00000000,94.69756566,107.32720193,101.68074366,1745.79450000,28492.44174301,9891.18697000
3,210,0.000000,0.697000,0.00000000,107.32720193,0.00000000,419.81479863,0.00000000,0.00000000,94.69756566,107.32720193,101.68074366,1745.79450000,28492.44174281,9891.18697000
3,211,0.000000,0.748000,0.00000000,107.32720193,0.00000000,458.38616453,0.00000000,0.00000000,94.69756566,107.32720193,101.68074366,1745.79450000,28492.44174260,9891.18697000
3,212,0.000000,0.814000,0.00000000,106.72863180,0.00000000,508.90061993,0.00000000,0.00000000,94.69756566,106.72863180,101.68074366,1745.79450000,28841.60064244,7912.94957600
3,213,0.000000,0.849000,0.00000000,107.32720193,0.00000000,534.77259502,0.00000000,0.00000000,94.69756566,107.32720193,101.68074366,1745.79450000,28841.60064223,9891.18697000
3,214,0.000000,0.856000,0.00000000,106.72863180,0.00000000,540.66527419,0.00000000,0.00000000,94.69756566,106.72863180,101.68074366,1745.79450000,29190.75954207,7912.94957600
3,215,0.000000,0.835000,0.00000000,106.72863180,0.00000000,524.78294706,0.00000000,0.00000000,94.69756566,106.72863180,101.68074366,1745.79450000,29539.91844190,7912.94957600
3,216,0.000000,0.802000,0.00000000,106.72863180,0.00000000,499.82500442,0.00000000,0.00000000,94.69756566,106.72863180,101.68074366,1745.79450000,29889.07734174,7912.94957600
3,217,0.000000,0.758000,0.00000000,107.32720193,0.00000000,465.94917745,0.00000000,0.00000000,94.69756566,107.32720193,101.68074366,1745.79450000,29889.07734154,9891.18697000
3,218,0.000000,0.705000,0.00000000,107.32720193,0.00000000,425.86520897,0.00000000,0.00000000,94.69756566,107.32720193,101.68074366,1745.79450000,29889.07734133,9891.18697000
3,219,0.000000,0.648000,0.00000000,106.72863180,0.00000000,383.35460545,0.00000000,0.00000000,94.69756566,106.72863180,101.68074366,1745.79450000,30238.23624117,7912.94957600
3,220,0.000000,0.571000,0.00000000,89.89674172,0.00000000,341.95129604,0.00000000,0.00000000,78.66539600,89.89674172,84.63531998,1492.48099468,29984.92273564,9891.18697000
3,221,0.000000,0.484000,0.00000000,73.54194353,0.00000000,292.50788182,0.00000000,0.00000000,63.67817400,73.54194353,68.65710075,1244.73168631,29483.85992174,9891.18697000
3,222,0.010000,0.403000,1.82121151,104.90742030,0.00000000,199.88200040,0.00000000,0.00000000,94.69756566,106.72863180,101.68074366,1745.79450000,29833.01882158,7912.94957600
3,223,0.187000,0.622000,34.05665515,73.17444452,0.00000000,397.24495913,0.00000000,0.00000000,94.69756566,107.23109968,101.68074366,1745.79450000,29889.07734133,9573.57495892
3,224,0.399000,0.677000,72.66633907,34.06229273,0.00000000,477.95368199,0.00000000,0.00000000,94.69756566,106.72863180,101.68074366,1745.79450000,30238.23624117,7912.94957600
3,225,0.567000,0.616000,89.46248162,0.00000000,13.80021075,465.88159590,0.00000000,0.00000000,78.66539600,89.46248162,84.63532017,1492.48104146,30238.23624117,8455.98323771
3,226,0.677000,0.540000,107.32720193,0.00000000,15.96881700,408.40269771,0.00000000,0.00000000,94.69756566,107.32720193,101.68074366,1745.79450000,30238.23624096,9891.18697000
3,227,0.737000,0.473000,89.46248128,0.00000000,44.76080668,357.73051114,0.00000000,0.00000000,78.66539600,89.46248128,84.63531998,1492.48099468,30238.23624117,8455.98297150
3,228,0.753000,0.433000,73.54194353,0.00000000,63.59528283,327.47845946,0.00000000,0.00000000,63.67817400,73.54194353,68.65710075,1244.73168631,29737.17342727,9891.18697000
3,229,0.728000,0.433000,107.32720193,0.00000000,25.25699568,327.47845946,0.00000000,0.00000000,94.69756566,107.32720193,101.68074366,1745.79450000,29737.17342707,9891.18697000
3,230,0.660000,0.464000,57.67001469,0.00000000,62.52994468,350.92379951,0.00000000,0.00000000,49.73928100,57.67001469,53.75120360,1002.98064984,29343.51847674,7912.94957600
3,231,0.546000,0.513000,0.00000000,72.94337341,99.43814820,315.03918941,0.00000000,0.00000000,63.67817400,72.94337341,68.65710075,1244.73168631,29191.61456289,7912.94957600
3,232,0.382000,0.583000,69.57027951,37.15835229,0.00000000,403.76530097,0.00000000,0.00000000,94.69756566,106.72863180,101.68074366,1745.79450000,29540.77346272,7912.94957600
3,233,0.175000,0.669000,31.87120135,74.85743045,0.00000000,431.10813393,0.00000000,0.00000000,94.69756566,106.72863180,101.68074366,1745.79450000,29889.93236256,7912.94957600
3,234,0.003000,0.745000,0.00000000,72.94337341,0.54636345,490.50108917,0.00000000,0.00000000,63.67817400,72.94337341,68.65710075,1244.73168631,29738.02844871,7912.94957600
3,235,0.000000,0.777000,0.00000000,106.72863180,0.00000000,480.91747212,0.00000000,0.00000000,94.69756566,106.72863180,101.68074366,1745.79450000,30087.18734854,7912.94957600
3,236,0.000000,0.820000,0.00000000,107.32720193,0.00000000,512.83985755,0.00000000,0.00000000,94.69756566,107.32720193,101.68074366,1745.79450000,30087.18734834,9891.18697000
3,237,0.000000,0.858000,0.00000000,93.09671282,0.00000000,555.80979576,0.00000000,0.00000000,82.15921392,93.09671282,88.34995189,1547.68449299,30238.23624117,7912.94957600
3,238,0.000000,0.880000,0.00000000,100.73209196,0.00000000,564.81304504,0.00000000,0.00000000,88.63152253,100.73209196,95.23131876,1649.94905932,30142.39080029,9891.18697000
3,239,0.000000,0.852000,0.00000000,107.32720193,0.00000000,537.04149890,0.00000000,0.00000000,94.69756566,107.32720193,101.68074366,1745.79450000,30142.39080008,9891.18697000
3,240,0.000000,0.813000,0.00000000,107.32720193,0.00000000,507.54574851,0.00000000,0.00000000,94.69756566,107.32720193,101.68074366,1745.79450000,30142.39079988,9891.18697000
3,241,0.000000,0.760000,0.00000000,89.29817185,0.00000000,485.49081011,0.00000000,0.00000000,78.66539600,89.29817185,84.63532017,1492.48104146,30238.23624117,7912.94957600
3,242,0.000000,0.693000,0.00000000,107.32720194,0.00000000,416.78959345,0.00000000,0.00000000,94.69756567,107.32720194,101.68074367,1745.79450020,30238.23624117,9891.18697000
3,243,0.000000,0.630000,0.00000000,43.47863956,0.00000000,432.99117443,0.00000000,0.00000000,36.84682300,43.47863956,39.91750131,767.66957627,29609.27021727,7912.94957600
3,244,0.000000,0.574000,0.00000000,72.94337341,0.00000000,361.17356823,0.00000000,0.00000000,63.67817400,72.94337341,68.65710075,1244.73168631,29457.36630342,7912.94957600
3,245,0.000000,0.501000,0.00000000,106.72863180,0.00000000,272.17831552,0.00000000,0.00000000,94.69756566,106.72863180,101.68074366,1745.79450000,29806.52520326,7912.94957600
3,246,0.010000,0.476000,0.00000000,57.67001469,1.82121151,302.32940033,0.00000000,0.00000000,49.73928100,57.67001469,53.75120360,1002.98064984,29412.87025293,7912.94957600
3,247,0.193000,0.710000,30.37356422,0.00000000,4.77581783,536.97391735,0.00000000,0.00000000,25.00174700,30.37356422,27.15938231,539.40882693,28555.64347969,7912.94957600
3,248,0.408000,0.790000,74.30542942,32.42320238,0.00000000,565.05481834,0.00000000,0.00000000,94.69756566,106.72863180,101.68074366,1745.79450000,28904.80237952,7912.94957600
3,249,0.572000,0.768000,104.17329812,2.55533369,0.00000000,578.28405861,0.00000000,0.00000000,94.69756566,106.72863180,101.68074366,1745.79450000,29253.96127936,7912.94957600
3,250,0.682000,0.727000,89.29817159,0.00000000,34.90845309,549.83103932,0.00000000,0.00000000,78.66539600,89.29817159,84.63531998,1492.48099468,29349.80667387,7912.94957600
3,251,0.744000,0.675000,107.32720193,0.00000000,28.17093408,510.50337213,0.00000000,0.00000000,94.69756566,107.32720193,101.68074366,1745.79450000,29349.80667367,9891.18697000
3,252,0.760000,0.616000,107.32720193,0.00000000,31.08487249,465.88159590,0.00000000,0.00000000,94.69756566,107.32720193,101.68074366,1745.79450000,29349.80667346,9891.18697000
3,253,0.734000,0.575000,58.26858481,0.00000000,75.40833969,434.87324293,0.00000000,0.00000000,49.73928100,58.26858481,53.75120360,1002.98064984,28606.99282309,9891.18697000
3,254,0.664000,0.559000,106.72863180,0.00000000,14.19981217,422.77242225,0.00000000,0.00000000,94.69756566,106.72863180,101.68074366,1745.79450000,28956.15172293,7912.94957600
3,255,0.548000,0.571000,99.80239050,7.52481142,0.00000000,424.32322634,0.00000000,0.00000000,94.69756566,107.32720193,101.68074366,1745.79450000,28956.15172272,9891.18697000
3,256,0.385000,0.610000,2.39428050,0.00000000,67.72236246,461.34378815,0.00000000,0.00000000,0.00000000,2.39428050,0.00000000,0.00000000,27559.51612256,7912.94957600
3,257,0.180000,0.675000,32.78180710,40.16156631,0.00000000,470.34180582,0.00000000,0.00000000,63.67817400,72.94337341,68.65710075,1244.73168631,27407.61220871,7912.94957600
3,258,0.002000,0.758000,0.36424230,106.36438950,0.00000000,466.91198987,0.00000000,0.00000000,94.69756566,106.72863180,101.68074366,1745.79450000,27756.77110854,7912.94957600
3,259,0.000000,0.809000,0.00000000,106.72863180,0.00000000,505.11911347,0.00000000,0.00000000,94.69756566,106.72863180,101.68074366,1745.79450000,28105.93000838,7912.94957600
3,260,0.000000,0.841000,0.00000000,106.72863180,0.00000000,529.32075481,0.00000000,0.00000000,94.69756566,106.72863180,101.68074366,1745.79450000,28455.08890821,7912.94957600
3,261,0.000000,0.894000,0.00000000,106.72863180,0.00000000,569.40472329,0.00000000,0.00000000,94.69756566,106.72863180,101.68074366,1745.79450000,28804.24780805,7912.94957600
3,262,0.000000,0.896000,0.00000000,106.72863180,0.00000000,570.91732587,0.00000000,0.00000000,94.69756566,106.72863180,101.68074366,1745.79450000,29153.40670789,7912.94957600
3,263,0.000000,0.866000,0.00000000,43.47863956,0.00000000,611.47827935,0.00000000,0.00000000,36.84682300,43.47863956,39.91750131,767.66957627,28524.44068399,7912.94957600
3,264,0.000000,0.839000,0.00000000,57.67001469,0.00000000,576.86676934,0.00000000,0.00000000,49.73928100,57.67001469,53.75120360,1002.98064984,28130.78573366,7912.94957600
3,265,0.000000,0.815000,0.00000000,106.72863180,0.00000000,509.65692122,0.00000000,0.00000000,94.69756566,106.72863180,101.68074366,1745.79450000,28479.94463350,7912.94957600
3,266,0.000000,0.780000,0.00000000,106.72863180,0.00000000,483.18637600,0.00000000,0.00000000,94.69756566,106.72863180,101.68074366,1745.79450000,28829.10353334,7912.94957600
3,267,0.000000,0.722000,0.00000000,106.72863180,0.00000000,439.32090106,0.00000000,0.00000000,94.69756566,106.72863180,101.68074366,1745.79450000,29178.26243317,7912.94957600
3,268,0.000000,0.654000,0.00000000,73.54194353,0.00000000,421.07910147,0.00000000,0.00000000,63.67817400,73.54194353,68.65710075,1244.73168631,28677.19961928,9891.18697000
3,269,0.000000,0.560000,0.00000000,106.72863180,0.00000000,316.80009175,0.00000000,0.00000000,94.69756566,106.72863180,101.68074366,1745.79450000,29026.35851911,7912.94957600
3,270,0.013000,0.485000,2.36757496,104.36105684,0.00000000,262.44506980,0.00000000,0.00000000,94.69756566,106.72863180,101.68074366,1745.79450000,29375.51741895,7912.94957600
3,271,0.205000,0.679000,37.33483586,69.99236606,0.00000000,443.53621124,0.00000000,0.00000000,94.69756566,107.32720193,101.68074366,1745.79450000,29375.51741874,9891.18697000
3,272,0.415000,0.731000,43.81816260,0.00000000,31.76211488,552.85624449,0.00000000,0.00000000,36.84682300,43.81816260,39.91750131,767.66957627,28548.50026235,9035.05230969
3,273,0.577000,0.654000,105.08390387,1.64472793,0.00000000,492.97631707,0.00000000,0.00000000,94.69756566,106.72863180,101.68074366,1745.79450000,28897.65916219,7912.94957600
3,274,0.686000,0.566000,72.94337341,0.00000000,51.99173587,428.06653130,0.00000000,0.00000000,63.67817400,72.94337341,68.65710075,1244.73168631,28745.75524834,7912.94957600
3,275,0.745000,0.486000,106.72863180,0.00000000,28.95162536,367.56242794,0.00000000,0.00000000,94.69756566,106.72863180,101.68074366,1745.79450000,29094.91414817,7912.94957600
3,276,0.759000,0.434000,107.32720193,0.00000000,30.90275134,328.23476075,0.00000000,0.00000000,94.69756566,107.32720193,101.68074366,1745.79450000,29094.91414797,9891.18697000
3,277,0.732000,0.416000,107.32720193,0.00000000,25.98548028,314.62133749,0.00000000,0.00000000,94.69756566,107.32720193,101.68074366,1745.79450000,29094.91414776,9891.18697000
3,278,0.662000,0.441000,106.72863180,0.00000000,13.83556986,333.52886979,0.00000000,0.00000000,94.69756566,106.72863180,101.68074366,1745.79450000,29444.07304760,7912.94957600
3,279,0.536000,0.506000,97.61693670,9.11169511,0.00000000,373.57675867,0.00000000,0.00000000,94.69756566,106.72863180,101.68074366,1745.79450000,29793.23194743,7912.94957600
3,280,0.344000,0.599000,62.64967579,44.07895601,0.00000000,408.94551793,0.00000000,0.00000000,94.69756566,106.72863180,101.68074366,1745.79450000,30142.39084727,7912.94957600
3,281,0.131000,0.712000,23.85787072,66.03887099,0.00000000,472.44764894,0.00000000,0.00000000,78.66539600,89.89674172,84.63531998,1492.48099468,29889.07734174,9891.18697000
3,282,0.000000,0.820000,0.00000000,107.32720193,0.00000000,512.83985755,0.00000000,0.00000000,94.69756566,107.32720193,101.68074366,1745.79450000,29889.07734154,9891.18697000
3,283,0.000000,0.896000,0.00000000,106.72863180,0.00000000,570.91732587,0.00000000,0.00000000,94.69756566,106.72863180,101.68074366,1745.79450000,30238.23624137,7912.94957600
3,284,0.000000,0.933000,0.00000000,107.32720193,0.00000000,598.30190355,0.00000000,0.00000000,94.69756566,107.32720193,101.68074366,1745.79450000,30238.23624117,9891.18697000
3,285,0.000000,0.949000,0.00000000,107.32720193,0.00000000,610.40272423,0.00000000,0.00000000,94.69756566,107.32720193,101.68074366,1745.79450000,30238.23624096,9891.18697000
3,286,0.000000,0.942000,0.00000000,107.32720193,0.00000000,605.10861518,0.00000000,0.00000000,94.69756566,107.32720193,101.68074366,1745.79450000,30238.23624076,9891.18697000
3,287,0.000000,0.928000,0.00000000,107.32720193,0.00000000,594.52039709,0.00000000,0.00000000,94.69756566,107.32720193,101.68074366,1745.79450000,30238.23624055,9891.18697000
3,288,0.000000,0.906000,0.00000000,58.26858481,0.00000000,626.94038578,0.00000000,0.00000000,49.73928100,58.26858481,53.75120360,1002.98064984,29495.42239018,9891.18697000
3,289,0.000000,0.870000,0.00000000,89.89674197,0.00000000,568.08538211,0.00000000,0.00000000,78.66539600,89.89674197,84.63532017,1492.48104146,29242.10893143,9891.18697000
3,290,0.000000,0.817000,0.00000000,106.72863180,0.00000000,511.16952380,0.00000000,0.00000000,94.69756566,106.72863180,101.68074366,1745.79450000,29591.26783127,7912.94957600
3,291,0.000000,0.748000,0.00000000,107.32720193,0.00000000,458.38616453,0.00000000,0.00000000,94.69756566,107.32720193,101.68074366,1745.79450000,29591.26783106,9891.18697000
3,292,0.000000,0.680000,0.00000000,106.81666109,0.00000000,407.46821750,0.00000000,0.00000000,94.69756566,106.81666109,101.68074366,1745.79450000,29889.07734154,8203.88096050
3,293,0.000000,0.613000,0.00000000,106.72863180,0.00000000,356.88406022,0.00000000,0.00000000,94.69756566,106.72863180,101.68074366,1745.79450000,30238.23624137,7912.94957600
3,294,0.008000,0.524000,1.45696920,105.87023272,0.00000000,290.43164431,0.00000000,0.00000000,94.69756566,107.32720193,101.68074366,1745.79450000,30238.23624117,9891.18697000
3,295,0.163000,0.703000,29.68574754,28.58283727,0.00000000,503.09697104,0.00000000,0.00000000,49.73928100,58.26858481,53.75120360,1002.98064984,29495.42239080,9891.18697000
3,296,0.357000,0.759000,65.01725075,24.28092084,0.00000000,549.75175982,0.00000000,0.00000000,78.66539600,89.29817159,84.63531998,1492.48099468,29591.26778531,7912.94957600
3,297,0.526000,0.682000,95.79572519,10.99304109,0.00000000,504.80444008,0.00000000,0.00000000,94.69756566,106.78876628,101.68074366,1745.79450000,29905.34894016,8111.69034081
3,298,0.654000,0.561000,72.94337341,0.00000000,46.16385905,424.28502484,0.00000000,0.00000000,63.67817400,72.94337341,68.65710075,1244.73168631,29753.44502630,7912.94957600
3,299,0.724000,0.430000,107.32720193,0.00000000,24.52851107,325.20955558,0.00000000,0.00000000,94.69756566,107.32720193,101.68074366,1745.79450000,29753.44502610,9891.18697000
3,300,0.748000,0.316000,107.32720193,0.00000000,28.89941869,238.99120829,0.00000000,0.00000000,94.69756566,107.32720193,101.68074366,1745.79450000,29753.44502589,9891.18697000
3,301,0.726000,0.251000,89.89674172,0.00000000,42.32321358,189.83162430,0.00000000,0.00000000,78.66539600,89.89674172,84.63531998,1492.48099468,29500.13152036,9891.18697000
3,302,0.660000,0.233000,107.32720193,0.00000000,12.87275744,176.21820105,0.00000000,0.00000000,94.69756566,107.32720193,101.68074366,1745.79450000,29500.13152016,9891.18697000
3,303,0.546000,0.255000,99.43814820,7.29048360,0.00000000,185.56634587,0.00000000,0.00000000,94.69756566,106.72863180,101.68074366,1745.79450000,29849.29042000,7912.94957600
3,304,0.383000,0.326000,69.75240066,20.14434105,0.00000000,226.40988015,0.00000000,0.00000000,78.66539600,89.89674172,84.63531998,1492.48099468,29595.97691447,9891.18697000
3,305,0.171000,0.464000,31.14271674,76.18448518,0.00000000,274.73931433,0.00000000,0.00000000,94.69756566,107.32720193,101.68074366,1745.79450000,29595.97691426,9891.18697000
3,306,0.002000,0.662000,0.36424230,73.17770123,0.00000000,427.49375410,0.00000000,0.00000000,63.67817400,73.54194353,68.65710075,1244.73168631,29094.91410037,9891.18697000
3,307,0.000000,0.772000,0.00000000,106.72863180,0.00000000,477.13596566,0.00000000,0.00000000,94.69756566,106.72863180,101.68074366,1745.79450000,29444.07300020,7912.94957600
3,308,0.000000,0.852000,0.00000000,106.72863180,0.00000000,537.64006902,0.00000000,0.00000000,94.69756566,106.72863180,101.68074366,1745.79450000,29793.23190004,7912.94957600
3,309,0.000000,0.886000,0.00000000,106.72863180,0.00000000,563.35431295,0.00000000,0.00000000,94.69756566,106.72863180,101.68074366,1745.79450000,30142.39079988,7912.94957600
3,310,0.000000,0.916000,0.00000000,89.29817185,0.00000000,603.47381167,0.00000000,0.00000000,78.66539600,89.29817185,84.63532017,1492.48104146,30238.23624117,7912.94957600
3,311,0.000000,0.904000,0.00000000,100.73209193,0.00000000,582.96427608,0.00000000,0.00000000,88.63152250,100.73209193,95.23131874,1649.94905891,30142.39079988,9891.18697000
3,312,0.000000,0.881000,0.00000000,89.29817185,0.00000000,577.00326644,0.00000000,0.00000000,78.66539600,89.29817185,84.63532017,1492.48104146,30238.23624117,7912.94957600
3,313,0.000000,0.832000,0.00000000,107.32720193,0.00000000,521.91547306,0.00000000,0.00000000,94.69756566,107.32720193,101.68074366,1745.79450000,30238.23624096,9891.18697000
3,314,0.000000,0.777000,0.00000000,89.46248128,0.00000000,498.18362264,0.00000000,0.00000000,78.66539600,89.46248128,84.63531998,1492.48099468,30238.23624117,8455.98297150
3,315,0.000000,0.720000,0.00000000,107.32720193,0.00000000,437.20972835,0.00000000,0.00000000,94.69756566,107.32720193,101.68074366,1745.79450000,30238.23624096,9891.18697000
3,316,0.000000,0.651000,0.00000000,30.97213435,0.00000000,461.38000677,0.00000000,0.00000000,25.00174700,30.97213435,27.15938231,539.40882693,29031.85056768,9891.18697000
3,317,0.000000,0.574000,0.00000000,107.08684861,0.00000000,327.03009303,0.00000000,0.00000000,94.69756566,107.08684861,101.68074366,1745.79450000,29172.05385527,9096.83406466
3,318,0.013000,0.532000,2.36757496,104.36105684,0.00000000,297.99123053,0.00000000,0.00000000,94.69756566,106.72863180,101.68074366,1745.79450000,29521.21275511,7912.94957600
3,319,0.201000,0.663000,36.60635126,70.12228054,0.00000000,431.30547609,0.00000000,0.00000000,94.69756566,106.72863180,101.68074366,1745.79450000,29870.37165494,7912.94957600
3,320,0.410000,0.702000,30.37356422,0.00000000,44.29610750,530.92350702,0.00000000,0.00000000,25.00174700,30.37356422,27.15938231,539.40882693,29013.14488170,7912.94957600
3,321,0.572000,0.636000,104.17329812,3.15390381,0.00000000,477.85371793,0.00000000,0.00000000,94.69756566,107.32720193,101.68074366,1745.79450000,29013.14488150,9891.18697000
3,322,0.679000,0.552000,106.72863180,0.00000000,16.93162942,417.47831321,0.00000000,0.00000000,94.69756566,106.72863180,101.68074366,1745.79450000,29362.30378133,7912.94957600
3,323,0.738000,0.466000,58.26858481,0.00000000,76.13682429,352.43640209,0.00000000,0.00000000,49.73928100,58.26858481,53.75120360,1002.98064984,28619.48993096,9891.18697000
3,324,0.754000,0.397000,106.72863180,0.00000000,30.59071571,300.25161294,0.00000000,0.00000000,94.69756566,106.72863180,101.68074366,1745.79450000,28968.64883080,7912.94957600
3,325,0.729000,0.352000,107.32720193,0.00000000,25.43911683,266.21805480,0.00000000,0.00000000,94.69756566,107.32720193,101.68074366,1745.79450000,28968.64883060,9891.18697000
3,326,0.660000,0.339000,43.47863956,0.00000000,76.72131980,256.38613800,0.00000000,0.00000000,36.84682300,43.47863956,39.91750131,767.66957627,28339.68280670,7912.94957600
3,327,0.543000,0.362000,98.89178475,7.83684705,0.00000000,265.94422067,0.00000000,0.00000000,94.69756566,106.72863180,101.68074366,1745.79450000,28688.84170654,7912.94957600
3,328,0.380000,0.433000,69.20603721,37.52259459,0.00000000,289.95586487,0.00000000,0.00000000,94.69756566,106.72863180,101.68074366,1745.79450000,29038.00060637,7912.94957600
3,329,0.158000,0.580000,28.77514179,29.49344303,0.00000000,409.16130636,0.00000000,0.00000000,49.73928100,58.26858481,53.75120360,1002.98064984,28295.18675600,9891.18697000
3,330,0.002000,0.753000,0.36424230,72.57913111,0.00000000,496.91574180,0.00000000,0.00000000,63.67817400,72.94337341,68.65710075,1244.73168631,28143.28284215,7912.94957600
3,331,0.000000,0.803000,0.00000000,106.72863180,0.00000000,500.58130571,0.00000000,0.00000000,94.69756566,106.72863180,101.68074366,1745.79450000,28492.44174199,7912.94957600
3,332,0.000000,0.876000,0.00000000,106.72863180,0.00000000,555.79130003,0.00000000,0.00000000,94.69756566,106.72863180,101.68074366,1745.79450000,28841.60064182,7912.94957600
3,333,0.000000,0.895000,0.00000000,106.72863180,0.00000000,570.16102458,0.00000000,0.00000000,94.69756566,106.72863180,101.68074366,1745.79450000,29190.75954166,7912.94957600
3,334,0.000000,0.884000,0.00000000,106.72863180,0.00000000,561.84171037,0.00000000,0.00000000,94.69756566,106.72863180,101.68074366,1745.79450000,29539.91844149,7912.94957600
3,335,0.000000,0.853000,0.00000000,106.72863180,0.00000000,538.39637032,0.00000000,0.00000000,94.69756566,106.72863180,101.68074366,1745.79450000,29889.07734133,7912.94957600
3,336,0.000000,0.798000,0.00000000,106.72863180,0.00000000,496.79979925,0.00000000,0.00000000,94.69756566,106.72863180,101.68074366,1745.79450000,30238.23624117,7912.94957600
3,337,0.000000,0.725000,0.00000000,57.67001469,0.00000000,490.64842205,0.00000000,0.00000000,49.73928100,57.67001469,53.75120360,1002.98064984,29844.58129084,7912.94957600
3,338,0.000000,0.646000,0.00000000,106.72863180,0.00000000,381.84200286,0.00000000,0.00000000,94.69756566,106.72863180,101.68074366,1745.79450000,30193.74019067,7912.94957600
3,339,0.000000,0.568000,0.00000000,89.89674172,0.00000000,339.68239217,0.00000000,0.00000000,78.66539600,89.89674172,84.63531998,1492.48099468,29940.42668514,9891.18697000
3,340,0.000000,0.494000,0.00000000,89.29817159,0.00000000,284.31466668,0.00000000,0.00000000,78.66539600,89.29817159,84.63531998,1492.48099468,30036.27207966,7912.94957600
3,341,0.000000,0.437000,0.00000000,107.31912889,0.00000000,223.18453573,0.00000000,0.00000000,94.69756566,107.31912889,101.68074366,1745.79450000,30040.98125539,9864.50608650
3,342,0.010000,0.410000,0.00000000,72.94337341,1.82121151,237.14015633,0.00000000,0.00000000,63.67817400,72.94337341,68.65710075,1244.73168631,29889.07734154,7912.94957600
3,343,0.185000,0.575000,33.69241285,73.63478907,0.00000000,361.23845385,0.00000000,0.00000000,94.69756566,107.32720193,101.68074366,1745.79450000,29889.07734133,9891.18697000
3,344,0.403000,0.610000,73.39482367,33.33380813,0.00000000,428.00998002,0.00000000,0.00000000,94.69756566,106.72863180,101.68074366,1745.79450000,30238.23624117,7912.94957600
3,345,0.567000,0.534000,103.26269236,4.06450956,0.00000000,399.80038039,0.00000000,0.00000000,94.69756566,107.32720193,101.68074366,1745.79450000,30238.23624096,9891.18697000
3,346,0.675000,0.428000,107.32720193,0.00000000,15.60457470,323.69695300,0.00000000,0.00000000,94.69756566,107.32720193,101.68074366,1745.79450000,30238.23624076,9891.18697000
3,347,0.736000,0.310000,30.37356422,0.00000000,103.66760258,234.45340053,0.00000000,0.00000000,25.00174700,30.37356422,27.15938231,539.40882693,29381.00946752,7912.94957600
3,348,0.753000,0.216000,106.72863180,0.00000000,30.40859456,163.36107908,0.00000000,0.00000000,94.69756566,106.72863180,101.68074366,1745.79450000,29730.16836735,7912.94957600
3,349,0.725000,0.170000,106.72863180,0.00000000,25.30920235,128.57121965,0.00000000,0.00000000,94.69756566,106.72863180,101.68074366,1745.79450000,30079.32726719,7912.94957600
3,350,0.651000,0.172000,58.26858481,0.00000000,60.29228420,130.08382223,0.00000000,0.00000000,49.73928100,58.26858481,53.75120360,1002.98064984,29336.51341682,9891.18697000
3,351,0.536000,0.220000,97.61693670,9.71026523,0.00000000,156.67601902,0.00000000,0.00000000,94.69756566,107.32720193,101.68074366,1745.79450000,29336.51341662,9891.18697000
3,352,0.370000,0.313000,57.67001469,0.00000000,9.71481102,236.72230441,0.00000000,0.00000000,49.73928100,57.67001469,53.75120360,1002.98064984,28942.85846629,7912.94957600
3,353,0.149000,0.494000,27.13605143,45.80732198,0.00000000,327.80551629,0.00000000,0.00000000,63.67817400,72.94337341,68.65710075,1244.73168631,28790.95455243,7912.94957600
3,354,0.002000,0.710000,0.36424230,106.36438950,0.00000000,430.60952785,0.00000000,0.00000000,94.69756566,106.72863180,101.68074366,1745.79450000,29140.11345227,7912.94957600
3,355,0.000000,0.796000,0.00000000,107.32720193,0.00000000,494.68862654,0.00000000,0.00000000,94.69756566,107.32720193,101.68074366,1745.79450000,29140.11345207,9891.18697000
3,356,0.000000,0.827000,0.00000000,107.32720193,0.00000000,518.13396660,0.00000000,0.00000000,94.69756566,107.32720193,101.68074366,1745.79450000,29140.11345186,9891.18697000
3,357,0.000000,0.826000,0.00000000,106.72863180,0.00000000,517.97623543,0.00000000,0.00000000,94.69756566,106.72863180,101.68074366,1745.79450000,29489.27235170,7912.94957600
3,358,0.000000,0.804000,0.00000000,103.61847141,0.00000000,504.44776740,0.00000000,0.00000000,91.83690569,103.61847141,98.63928628,1700.59514851,29793.23190004,7912.94957600
3,359,0.000000,0.770000,0.00000000,106.72863180,0.00000000,475.62336308,0.00000000,0.00000000,94.69756566,106.72863180,101.68074366,1745.79450000,30142.39079988,7912.94957600
3,360,0.000000,0.718000,0.00000000,89.29817185,0.00000000,453.72615584,0.00000000,0.00000000,78.66539600,89.29817185,84.63532017,1492.48104146,30238.23624117,7912.94957600
3,361,0.000000,0.665000,0.00000000,107.32720193,0.00000000,395.61315729,0.00000000,0.00000000,94.69756566,107.32720193,101.68074366,1745.79450000,30238.23624096,9891.18697000
3,362,0.000000,0.622000,0.00000000,57.67001469,0.00000000,412.74938897,0.00000000,0.00000000,49.73928100,57.67001469,53.75120360,1002.98064984,29844.58129063,7912.94957600
3,363,0.000000,0.550000,0.00000000,89.89674172,0.00000000,326.06896891,0.00000000,0.00000000,78.66539600,89.89674172,84.63531998,1492.48099468,29591.26778510,9891.18697000
3,364,0.000000,0.482000,0.00000000,30.37356422,0.00000000,334.16365854,0.00000000,0.00000000,25.00174700,30.37356422,27.15938231,539.40882693,28734.04101187,7912.94957600
3,365,0.000000,0.424000,0.00000000,89.29817159,0.00000000,231.37357624,0.00000000,0.00000000,78.66539600,89.29817159,84.63531998,1492.48099468,28829.88640638,7912.94957600
3,366,0.007000,0.410000,1.27484805,88.62189366,0.00000000,221.46163608,0.00000000,0.00000000,78.66539600,89.89674172,84.63531998,1492.48099468,28576.57290085,9891.18697000
3,367,0.170000,0.519000,30.96059559,75.76803621,0.00000000,316.75233437,0.00000000,0.00000000,94.69756566,106.72863180,101.68074366,1745.79450000,28925.73180068,7912.94957600
3,368,0.389000,0.510000,70.84512756,2.09824584,0.00000000,383.61541310,0.00000000,0.00000000,63.67817400,72.94337341,68.65710075,1244.73168631,28773.82788683,7912.94957600
3,369,0.560000,0.458000,101.98784431,4.74078749,0.00000000,341.64520427,0.00000000,0.00000000,94.69756566,106.72863180,101.68074366,1745.79450000,29122.98678667,7912.94957600
3,370,0.668000,0.413000,106.72863180,0.00000000,14.92829677,312.35243362,0.00000000,0.00000000,94.69756566,106.72863180,101.68074366,1745.79450000,29472.14568650,7912.94957600
3,371,0.726000,0.379000,0.00000000,72.94337341,132.21995530,213.69481628,0.00000000,0.00000000,63.67817400,72.94337341,68.65710075,1244.73168631,29320.24177265,7912.94957600
3,372,0.748000,0.362000,106.72863180,0.00000000,29.49798881,273.78106772,0.00000000,0.00000000,94.69756566,106.72863180,101.68074366,1745.79450000,29669.40067249,7912.94957600
3,373,0.724000,0.362000,106.72863180,0.00000000,25.12708120,273.78106772,0.00000000,0.00000000,94.69756566,106.72863180,101.68074366,1745.79450000,30018.55957232,7912.94957600
3,374,0.641000,0.374000,106.95060579,0.00000000,9.78905171,282.85668323,0.00000000,0.00000000,94.69756566,106.95060579,101.68074366,1745.79450000,30238.23624117,8646.55994989
3,375,0.521000,0.419000,94.88511944,12.44208249,0.00000000,304.44815888,0.00000000,0.00000000,94.69756566,107.32720193,101.68074366,1745.79450000,30238.23624117,9891.18696884
3,376,0.355000,0.509000,0.00000000,58.26858481,64.65300845,326.68877284,0.00000000,0.00000000,49.73928100,58.26858481,53.75120360,1002.98064984,29495.42239080,9891.18697000
3,377,0.165000,0.615000,30.04998984,14.02721985,0.00000000,451.09807476,0.00000000,0.00000000,36.84682300,44.07720969,39.91750131,767.66957627,28517.29746686,9891.18697000
3,378,0.003000,0.722000,0.54636345,106.22487902,0.00000000,439.82465384,0.00000000,0.00000000,94.69756566,106.77124247,101.68074366,1745.79450000,28841.60064305,8053.77520571
3,379,0.000000,0.777000,0.00000000,106.72863180,0.00000000,480.91747212,0.00000000,0.00000000,94.69756566,106.72863180,101.68074366,1745.79450000,29190.75954289,7912.94957600
3,380,0.000000,0.788000,0.00000000,107.32720193,0.00000000,488.63821621,0.00000000,0.00000000,94.69756566,107.32720193,101.68074366,1745.79450000,29190.75954268,9891.18697000
3,381,0.000000,0.771000,0.00000000,106.72863180,0.00000000,476.37966437,0.00000000,0.00000000,94.69756566,106.72863180,101.68074366,1745.79450000,29539.91844252,7912.94957600
3,382,0.000000,0.739000,0.00000000,106.72863180,0.00000000,452.17802302,0.00000000,0.00000000,94.69756566,106.72863180,101.68074366,1745.79450000,29889.07734236,7912.94957600
3,383,0.000000,0.685000,0.00000000,107.32720193,0.00000000,410.73918313,0.00000000,0.00000000,94.69756566,107.32720193,101.68074366,1745.79450000,29889.07734215,9891.18697000
3,384,0.000000,0.618000,0.00000000,107.32720193,0.00000000,360.06699656,0.00000000,0.00000000,94.69756566,107.32720193,101.68074366,1745.79450000,29889.07734195,9891.18697000
3,385,0.000000,0.518000,0.00000000,107.32720193,0.00000000,284.43686735,0.00000000,0.00000000,94.69756566,107.32720193,101.68074366,1745.79450000,29889.07734174,9891.18697000
3,386,0.000000,0.415000,0.00000000,107.32720193,0.00000000,206.53783427,0.00000000,0.00000000,94.69756566,107.32720193,101.68074366,1745.79450000,29889.07734154,9891.18697000
3,387,0.000000,0.352000,0.00000000,107.32720193,0.00000000,158.89085287,0.00000000,0.00000000,94.69756566,107.32720193,101.68074366,1745.79450000,29889.07734133,9891.18697000
3,388,0.000000,0.320000,0.00000000,106.72863180,0.00000000,135.28778165,0.00000000,0.00000000,94.69756566,106.72863180,101.68074366,1745.79450000,30238.23624117,7912.94957600
3,389,0.000000,0.305000,0.00000000,100.73209193,0.00000000,129.93980214,0.00000000,0.00000000,88.63152250,100.73209193,95.23131874,1649.94905891,30142.39079988,9891.18697000
3,390,0.007000,0.311000,1.27484805,88.02332380,0.00000000,147.18637803,0.00000000,0.00000000,78.66539600,89.29817185,84.63532017,1492.48104146,30238.23624117,7912.94957600
3,391,0.159000,0.459000,28.95726294,78.36993899,0.00000000,268.77235406,0.00000000,0.00000000,94.69756566,107.32720193,101.68074366,1745.79450000,30238.23624096,9891.18697000
3,392,0.388000,0.509000,70.66300641,19.23373556,0.00000000,365.72362209,0.00000000,0.00000000,78.66539600,89.89674197,84.63532017,1492.48104146,29984.92278221,9891.18697000
3,393,0.566000,0.498000,100.13352183,0.00000000,2.94704938,376.63804344,0.00000000,0.00000000,88.63152253,100.13352183,95.23131876,1649.94905932,30238.23624137,7912.94957600
3,394,0.675000,0.481000,107.32720193,0.00000000,15.60457470,363.78092147,0.00000000,0.00000000,94.69756566,107.32720193,101.68074366,1745.79450000,30238.23624117,9891.18697000
3,395,0.737000,0.444000,89.89674197,0.00000000,44.32654598,335.79777367,0.00000000,0.00000000,78.66539600,89.89674197,84.63532017,1492.48104146,29984.92278242,9891.18697000
3,396,0.755000,0.397000,107.32720193,0.00000000,30.17426674,300.25161294,0.00000000,0.00000000,94.69756566,107.32720193,101.68074366,1745.79450000,29984.92278221,9891.18697000
3,397,0.713000,0.361000,94.13698195,0.00000000,35.71539839,273.02476643,0.00000000,0.00000000,82.56547935,94.13698195,88.78189382,1554.10361803,29793.23190004,9891.18697000
3,398,0.639000,0.347000,106.72863180,0.00000000,9.64678340,262.43654834,0.00000000,0.00000000,94.69756566,106.72863180,101.68074366,1745.79450000,30142.39079988,7912.94957600
3,399,0.524000,0.358000,89.29817185,0.00000000,6.13331104,270.75586255,0.00000000,0.00000000,78.66539600,89.29817185,84.63532017,1492.48104146,30238.23624117,7912.94957600
3,400,0.377000,0.383000,68.65967376,38.66752817,0.00000000,250.99586669,0.00000000,0.00000000,94.69756566,107.32720193,101.68074366,1745.79450000,30238.23624117,9891.18696884
3,401,0.182000,0.441000,33.14604940,67.58604256,0.00000000,265.94282723,0.00000000,0.00000000,88.63152253,100.73209196,95.23131876,1649.94905932,30142.39080029,9891.18697000
3,402,0.003000,0.547000,0.54636345,106.78083847,0.00000000,306.91596828,0.00000000,0.00000000,94.69756566,107.32720193,101.68074366,1745.79450000,30142.39080008,9891.18697000
3,403,0.000000,0.605000,0.00000000,89.89674197,0.00000000,367.66553971,0.00000000,0.00000000,78.66539600,89.89674197,84.63532017,1492.48104146,29889.07734133,9891.18697000
3,404,0.000000,0.607000,0.00000000,106.72863180,0.00000000,352.34625247,0.00000000,0.00000000,94.69756566,106.72863180,101.68074366,1745.79450000,30238.23624117,7912.94957600
3,405,0.000000,0.592000,0.00000000,2.99285063,0.00000000,444.73751427,0.00000000,0.00000000,0.00000000,2.99285063,0.00000000,0.00000000,28492.44174096,9891.18697000
3,406,0.000000,0.547000,0.00000000,106.74220248,0.00000000,306.95460427,0.00000000,0.00000000,94.69756566,106.74220248,101.68074366,1745.79450000,28833.68456848,7957.79984408
3,407,0.000000,0.476000,0.00000000,107.32720193,0.00000000,252.67221309,0.00000000,0.00000000,94.69756566,107.32720193,101.68074366,1745.79450000,28833.68456828,9891.18697000
3,408,0.000000,0.395000,0.00000000,106.72863180,0.00000000,192.01037856,0.00000000,0.00000000,94.69756566,106.72863180,101.68074366,1745.79450000,29182.84346811,7912.94957600
3,409,0.000000,0.336000,0.00000000,107.32720193,0.00000000,146.79003220,0.00000000,0.00000000,94.69756566,107.32720193,101.68074366,1745.79450000,29182.84346791,9891.18697000
3,410,0.000000,0.294000,0.00000000,107.32720193,0.00000000,115.02537794,0.00000000,0.00000000,94.69756566,107.32720193,101.68074366,1745.79450000,29182.84346770,9891.18697000
3,411,0.000000,0.277000,0.00000000,106.72863180,0.00000000,102.76682610,0.00000000,0.00000000,94.69756566,106.72863180,101.68074366,1745.79450000,29532.00236754,7912.94957600
3,412,0.000000,0.259000,0.00000000,107.32720193,0.00000000,88.55483271,0.00000000,0.00000000,94.69756566,107.32720193,101.68074366,1745.79450000,29532.00236733,9891.18697000
3,413,0.000000,0.253000,0.00000000,101.27679900,0.00000000,90.06742788,0.00000000,0.00000000,89.13253258,101.27679900,95.76399330,1657.86518006,29444.07304719,9891.18697000
3,414,0.013000,0.264000,2.36757496,104.36105684,0.00000000,95.30248426,0.00000000,0.00000000,94.69756566,106.72863180,101.68074366,1745.79450000,29793.23194702,7912.94957600
3,415,0.196000,0.505000,35.69574551,71.63145642,0.00000000,310.30069607,0.00000000,0.00000000,94.69756566,107.32720193,101.68074366,1745.79450000,29793.23194682,9891.18697000
3,416,0.390000,0.580000,71.02724872,18.27092288,0.00000000,420.38382651,0.00000000,0.00000000,78.66539600,89.29817159,84.63531998,1492.48099468,29889.07734133,7912.94957600
3,417,0.554000,0.556000,100.89511741,5.83351440,0.00000000,414.67000398,0.00000000,0.00000000,94.69756566,106.72863180,101.68074366,1745.79450000,30238.23624117,7912.94957600
3,418,0.659000,0.519000,107.32720193,0.00000000,12.69063629,392.52037057,0.00000000,0.00000000,94.69756566,107.32720193,101.68074366,1745.79450000,30238.23624096,9891.18697000
3,419,0.724000,0.475000,107.32720193,0.00000000,24.52851107,359.24311372,0.00000000,0.00000000,94.69756566,107.32720193,101.68074366,1745.79450000,30238.23624076,9891.18697000
3,420,0.742000,0.454000,107.32720193,0.00000000,27.80669178,343.36078659,0.00000000,0.00000000,94.69756566,107.32720193,101.68074366,1745.79450000,30238.23624055,9891.18697000
3,421,0.719000,0.456000,107.32720192,0.00000000,23.61790532,344.87338917,0.00000000,0.00000000,94.69756566,107.32720192,101.68074366,1745.79450000,30238.23624137,9891.18696419
3,422,0.653000,0.476000,107.32720193,0.00000000,11.59790938,359.99941501,0.00000000,0.00000000,94.69756566,107.32720193,101.68074366,1745.79450000,30238.23624117,9891.18697000
3,423,0.539000,0.519000,94.13698195,0.00000000,4.02631820,392.52037057,0.00000000,0.00000000,82.56547935,94.13698195,88.78189382,1554.10361803,30046.54535899,9891.18697000
3,424,0.377000,0.580000,68.65967376,38.66752817,0.00000000,399.98722122,0.00000000,0.00000000,94.69756566,107.32720193,101.68074366,1745.79450000,30046.54535879,9891.18697000
3,425,0.165000,0.660000,30.04998984,59.24818201,0.00000000,439.91067074,0.00000000,0.00000000,78.66539600,89.29817185,84.63532017,1492.48104146,30142.39080008,7912.94957600
3,426,0.002000,0.738000,0.36424230,106.96295962,0.00000000,451.18739391,0.00000000,0.00000000,94.69756566,107.32720193,101.68074366,1745.79450000,30142.39079988,9891.18697000
3,427,0.000000,0.795000,0.00000000,89.29817185,0.00000000,511.96135533,0.00000000,0.00000000,78.66539600,89.29817185,84.63532017,1492.48104146,30238.23624117,7912.94957600
3,428,0.000000,0.835000,0.00000000,107.32720193,0.00000000,524.18437693,0.00000000,0.00000000,94.69756566,107.32720193,101.68074366,1745.79450000,30238.23624096,9891.18697000
3,429,0.000000,0.862000,0.00000000,107.32720193,0.00000000,544.60451182,0.00000000,0.00000000,94.69756566,107.32720193,101.68074366,1745.79450000,30238.23624076,9891.18697000
3,430,0.000000,0.872000,0.00000000,107.32720193,0.00000000,552.16752474,0.00000000,0.00000000,94.69756566,107.32720193,101.68074366,1745.79450000,30238.23624055,9891.18697000
3,431,0.000000,0.851000,0.00000000,107.32720192,0.00000000,536.28519761,0.00000000,0.00000000,94.69756566,107.32720192,101.68074366,1745.79450000,30238.23624117,9891.18696535
3,432,0.000000,0.802000,0.00000000,107.32720194,0.00000000,499.22643428,0.00000000,0.00000000,94.69756567,107.32720194,101.68074367,1745.79450020,30238.23624117,9891.18697000
3,433,0.000000,0.740000,0.00000000,107.32720193,0.00000000,452.33575419,0.00000000,0.00000000,94.69756566,107.32720193,101.68074366,1745.79450000,30238.23624096,9891.18697000
3,434,0.000000,0.700000,0.00000000,107.32720193,0.00000000,422.08370251,0.00000000,0.00000000,94.69756566,107.32720193,101.68074366,1745.79450000,30238.23624076,9891.18697000
3,435,0.000000,0.663000,0.00000000,100.73209197,0.00000000,400.69566465,0.00000000,0.00000000,88.63152254,100.73209197,95.23131878,1649.94905953,30142.39080008,9891.18697000
3,436,0.000000,0.622000,0.00000000,89.89674197,0.00000000,380.52266168,0.00000000,0.00000000,78.66539600,89.89674197,84.63532017,1492.48104146,29889.07734133,9891.18697000
3,437,0.000000,0.594000,0.00000000,106.72863180,0.00000000,342.51433568,0.00000000,0.00000000,94.69756566,106.72863180,101.68074366,1745.79450000,30238.23624117,7912.94957600
3,438,0.009000,0.578000,1.63909035,88.15201080,0.00000000,348.99013601,0.00000000,0.00000000,78.66539600,89.79110115,84.63532017,1492.48104146,30046.54535879,9542.05055997
3,439,0.185000,0.727000,33.69241285,73.63478907,0.00000000,476.19625024,0.00000000,0.00000000,94.69756566,107.32720193,101.68074366,1745.79450000,30046.54535858,9891.18697000
3,440,0.393000,0.733000,71.57361217,17.72455968,0.00000000,536.64428739,0.00000000,0.00000000,78.66539600,89.29817185,84.63532017,1492.48104146,30142.39079988,7912.94957600
3,441,0.553000,0.663000,89.29817185,0.00000000,11.41482441,501.42775663,0.00000000,0.00000000,78.66539600,89.29817185,84.63532017,1492.48104146,30238.23624117,7912.94957600
3,442,0.663000,0.562000,107.32720193,0.00000000,13.41912089,425.04132613,0.00000000,0.00000000,94.69756566,107.32720193,101.68074366,1745.79450000,30238.23624096,9891.18697000
3,443,0.724000,0.444000,89.89674197,0.00000000,41.95897102,335.79777367,0.00000000,0.00000000,78.66539600,89.89674197,84.63532017,1492.48104146,29984.92278221,9891.18697000
3,444,0.740000,0.343000,107.32720193,0.00000000,27.44244948,259.41134317,0.00000000,0.00000000,94.69756566,107.32720193,101.68074366,1745.79450000,29984.92278201,9891.18697000
3,445,0.688000,0.306000,107.32720193,0.00000000,17.97214965,231.42819537,0.00000000,0.00000000,94.69756566,107.32720193,101.68074366,1745.79450000,29984.92278180,9891.18697000
3,446,0.525000,0.343000,93.53841506,0.00000000,2.07518898,259.41134317,0.00000000,0.00000000,82.56548233,93.53841506,88.78189699,1554.10366502,30142.39084666,7912.94957600
3,447,0.404000,0.431000,73.57694482,15.72122677,0.00000000,310.24463010,0.00000000,0.00000000,78.66539600,89.29817159,84.63531998,1492.48099468,30238.23624117,7912.94957600
3,448,0.266000,0.538000,48.44422605,41.45251593,0.00000000,365.43757919,0.00000000,0.00000000,78.66539600,89.89674197,84.63532017,1492.48104146,29984.92278242,9891.18697000
3,449,0.115000,0.633000,20.94393231,86.38326961,0.00000000,392.35544825,0.00000000,0.00000000,94.69756566,107.32720193,101.68074366,1745.79450000,29984.92278221,9891.18697000
3,450,0.000000,0.730000,0.00000000,107.32720193,0.00000000,444.77274127,0.00000000,0.00000000,94.69756566,107.32720193,101.68074366,1745.79450000,29984.92278201,9891.18697000
3,451,0.000000,0.812000,0.00000000,93.53841184,0.00000000,520.57823730,0.00000000,0.00000000,82.56547937,93.53841184,88.78189384,1554.10361824,30142.39080008,7912.94957600
3,452,0.000000,0.855000,0.00000000,107.32720193,0.00000000,539.31040277,0.00000000,0.00000000,94.69756566,107.32720193,101.68074366,1745.79450000,30142.39079988,9891.18697000
3,453,0.000000,0.856000,0.00000000,89.29817185,0.00000000,558.09573414,0.00000000,0.00000000,78.66539600,89.29817185,84.63532017,1492.48104146,30238.23624117,7912.94957600
3,454,0.000000,0.829000,0.00000000,107.32720193,0.00000000,519.64656918,0.00000000,0.00000000,94.69756566,107.32720193,101.68074366,1745.79450000,30238.23624117,9891.18696884
3,455,0.000000,0.791000,0.00000000,89.89674197,0.00000000,508.33758004,0.00000000,0.00000000,78.66539600,89.89674197,84.63532017,1492.48104146,29984.92278242,9891.18697000
3,456,0.000000,0.745000,0.00000000,100.13352181,0.00000000,463.31094077,0.00000000,0.00000000,88.63152250,100.13352181,95.23131874,1649.94905891,30238.23624117,7912.94957600
3,457,0.000000,0.687000,0.00000000,107.32720194,0.00000000,412.25178570,0.00000000,0.00000000,94.69756567,107.32720194,101.68074367,1745.79450020,30238.23624117,9891.18697000
3,458,0.000000,0.621000,0.00000000,89.89674197,0.00000000,379.76636039,0.00000000,0.00000000,78.66539600,89.89674197,84.63532017,1492.48104146,29984.92278242,9891.18697000
3,459,0.000000,0.568000,0.00000000,100.13352181,0.00000000,329.44561208,0.00000000,0.00000000,88.63152250,100.13352181,95.23131874,1649.94905891,30238.23624117,7912.94957600
3,460,0.000000,0.519000,0.00000000,89.89674197,0.00000000,302.62362860,0.00000000,0.00000000,78.66539600,89.89674197,84.63532017,1492.48104146,29984.92278242,9891.18697000
3,461,0.000000,0.488000,0.00000000,100.13352181,0.00000000,268.94150871,0.00000000,0.00000000,88.63152250,100.13352181,95.23131874,1649.94905891,30238.23624117,7912.94957600
3,462,0.001000,0.471000,0.18212115,89.71462082,0.00000000,266.50328773,0.00000000,0.00000000,78.66539600,89.89674197,84.63532017,1492.48104146,29984.92278242,9891.18697000
3,463,0.103000,0.568000,18.75847851,88.56872342,0.00000000,341.01041046,0.00000000,0.00000000,94.69756566,107.32720193,101.68074366,1745.79450000,29984.92278221,9891.18697000
3,464,0.275000,0.602000,50.08331640,57.24388552,0.00000000,398.04949229,0.00000000,0.00000000,94.69756566,107.32720193,101.68074366,1745.79450000,29984.92278201,9891.18697000
3,465,0.471000,0.544000,85.77906191,21.54814002,0.00000000,389.87976286,0.00000000,0.00000000,94.69756566,107.32720193,101.68074366,1745.79450000,29984.92278180,9891.18697000
3,466,0.614000,0.454000,100.13352186,0.00000000,11.68886458,343.36078659,0.00000000,0.00000000,88.63152255,100.13352186,95.23131879,1649.94905973,30238.23624137,7912.94957600
3,467,0.701000,0.362000,107.32720193,0.00000000,20.33972461,273.78106772,0.00000000,0.00000000,94.69756566,107.32720193,101.68074366,1745.79450000,30238.23624117,9891.18697000
3,468,0.728000,0.291000,107.32720193,0.00000000,25.25699568,220.08367599,0.00000000,0.00000000,94.69756566,107.32720193,101.68074366,1745.79450000,30238.23624096,9891.18697000
3,469,0.686000,0.257000,89.89674197,0.00000000,35.03836730,194.36943206,0.00000000,0.00000000,78.66539600,89.89674197,84.63532017,1492.48104146,29984.92278221,9891.18697000
3,470,0.572000,0.261000,97.19874834,0.00000000,6.97454978,197.39463722,0.00000000,0.00000000,85.38162754,97.19874834,91.77602622,1598.59966893,29837.72795094,9891.18697000
3,471,0.420000,0.291000,58.26858481,0.00000000,18.22229842,220.08367599,0.00000000,0.00000000,49.73928100,58.26858481,53.75120360,1002.98064984,29094.91410057,9891.18697000
3,472,0.282000,0.374000,51.35816446,37.94000739,0.00000000,244.91667583,0.00000000,0.00000000,78.66539600,89.29817185,84.63532017,1492.48104146,29190.75954186,7912.94957600
3,473,0.113000,0.522000,20.57969001,86.14894179,0.00000000,308.64033266,0.00000000,0.00000000,94.69756566,106.72863180,101.68074366,1745.79450000,29539.91844170,7912.94957600
3,474,0.000000,0.703000,0.00000000,106.72863180,0.00000000,424.95117651,0.00000000,0.00000000,94.69756566,106.72863180,101.68074366,1745.79450000,29889.07734154,7912.94957600
3,475,0.000000,0.810000,0.00000000,107.32720193,0.00000000,505.27684463,0.00000000,0.00000000,94.69756566,107.32720193,101.68074366,1745.79450000,29889.07734133,9891.18697000
3,476,0.000000,0.905000,0.00000000,106.72863180,0.00000000,577.72403750,0.00000000,0.00000000,94.69756566,106.72863180,101.68074366,1745.79450000,30238.23624117,7912.94957600
3,477,0.000000,0.931000,0.00000000,107.32720193,0.00000000,596.78930097,0.00000000,0.00000000,94.69756566,107.32720193,101.68074366,1745.79450000,30238.23624117,9891.18696884
3,478,0.000000,0.923000,0.00000000,89.89674197,0.00000000,608.16935059,0.00000000,0.00000000,78.66539600,89.89674197,84.63532017,1492.48104146,29984.92278242,9891.18697000
3,479,0.000000,0.896000,0.00000000,106.89294157,0.00000000,570.75301611,0.00000000,0.00000000,94.69756566,106.89294157,101.68074366,1745.79450000,30238.23624117,8455.98323655
3,480,0.000000,0.852000,0.00000000,94.13698192,0.00000000,550.23171890,0.00000000,0.00000000,82.56547933,94.13698192,88.78189380,1554.10361762,30046.54535858,9891.18697000
3,481,0.000000,0.792000,0.00000000,89.29817185,0.00000000,509.69245145,0.00000000,0.00000000,78.66539600,89.29817185,84.63532017,1492.48104146,30142.39079988,7912.94957600
3,482,0.000000,0.737000,0.00000000,89.29817185,0.00000000,468.09588039,0.00000000,0.00000000,78.66539600,89.29817185,84.63532017,1492.48104146,30238.23624117,7912.94957600
3,483,0.000000,0.685000,0.00000000,89.89674197,0.00000000,428.16964308,0.00000000,0.00000000,78.66539600,89.89674197,84.63532017,1492.48104146,29984.92278242,9891.18697000
3,484,0.000000,0.644000,0.00000000,107.22156110,0.00000000,379.83647097,0.00000000,0.00000000,94.69756566,107.22156110,101.68074366,1745.79450000,30046.54535858,9542.05055997
3,485,0.000000,0.585000,0.00000000,89.29817185,0.00000000,353.13808400,0.00000000,0.00000000,78.66539600,89.29817185,84.63532017,1492.48104146,30142.39079988,7912.94957600
3,486,0.006000,0.544000,1.09272690,88.20544495,0.00000000,323.22245793,0.00000000,0.00000000,78.66539600,89.29817185,84.63532017,1492.48104146,30238.23624117,7912.94957600
3,487,0.138000,0.679000,25.13271878,82.19448315,0.00000000,431.33409415,0.00000000,0.00000000,94.69756566,107.32720193,101.68074366,1745.79450000,30238.23624096,9891.18697000
3,488,0.312000,0.729000,56.82179897,43.91029299,0.00000000,507.43334892,0.00000000,0.00000000,88.63152253,100.73209196,95.23131876,1649.94905932,30142.39080008,9891.18697000
3,489,0.512000,0.707000,93.24602908,14.08117284,0.00000000,520.62384063,0.00000000,0.00000000,94.69756566,107.32720193,101.68074366,1745.79450000,30142.39079988,9891.18697000
3,490,0.658000,0.658000,89.29817185,0.00000000,30.53754521,497.64625017,0.00000000,0.00000000,78.66539600,89.29817185,84.63532017,1492.48104146,30238.23624117,7912.94957600
3,491,0.737000,0.595000,107.32720193,0.00000000,26.89608603,449.99926877,0.00000000,0.00000000,94.69756566,107.32720193,101.68074366,1745.79450000,30238.23624096,9891.18697000
3,492,0.755000,0.532000,107.32720193,0.00000000,30.17426674,402.35228737,0.00000000,0.00000000,94.69756566,107.32720193,101.68074366,1745.79450000,30238.23624076,9891.18697000
3,493,0.731000,0.465000,89.89674197,0.00000000,43.23381908,351.68010080,0.00000000,0.00000000,78.66539600,89.89674197,84.63532017,1492.48104146,29984.92278201,9891.18697000
3,494,0.664000,0.432000,107.11196982,0.00000000,13.81647415,326.72215816,0.00000000,0.00000000,94.49959971,107.11196982,101.47026600,1742.66657398,29981.79485579,9891.18697000
3,495,0.551000,0.432000,100.34875395,0.00000000,0.00000000,326.72215816,0.00000000,0.00000000,88.82948849,100.34875395,95.44179644,1653.07698555,30238.23624117,7912.94957600
3,496,0.391000,0.457000,30.97213435,0.00000000,40.23723552,345.62969047,0.00000000,0.00000000,25.00174700,30.97213435,27.15938231,539.40882693,29031.85056789,9891.18697000
3,497,0.189000,0.519000,34.42089745,72.30773435,0.00000000,320.21263623,0.00000000,0.00000000,94.69756566,106.72863180,101.68074366,1745.79450000,29381.00946772,7912.94957600
3,498,0.004000,0.630000,0.72848460,106.00014720,0.00000000,370.46966679,0.00000000,0.00000000,94.69756566,106.72863180,101.68074366,1745.79450000,29730.16836756,7912.94957600
3,499,0.000000,0.737000,0.00000000,107.32720193,0.00000000,450.06685031,0.00000000,0.00000000,94.69756566,107.32720193,101.68074366,1745.79450000,29730.16836735,9891.18697000
3,500,0.000000,0.774000,0.00000000,106.72863180,0.00000000,478.64856824,0.00000000,0.00000000,94.69756566,106.72863180,101.68074366,1745.79450000,30079.32726719,7912.94957600
3,501,0.000000,0.820000,0.00000000,94.23613393,0.00000000,525.93092555,0.00000000,0.00000000,82.65667725,94.23613393,88.87885555,1555.54457435,29889.07734133,9891.18697000
3,502,0.000000,0.849000,0.00000000,106.72863180,0.00000000,535.37116515,0.00000000,0.00000000,94.69756566,106.72863180,101.68074366,1745.79450000,30238.23624117,7912.94957600
3,503,0.000000,0.817000,0.00000000,89.46248162,0.00000000,528.43567399,0.00000000,0.00000000,78.66539600,89.46248162,84.63532017,1492.48104146,30238.23624117,8455.98323771
3,504,0.000000,0.762000,0.00000000,107.32720193,0.00000000,468.97438261,0.00000000,0.00000000,94.69756566,107.32720193,101.68074366,1745.79450000,30238.23624096,9891.18697000
3,505,0.000000,0.697000,0.00000000,89.89674197,0.00000000,437.24525858,0.00000000,0.00000000,78.66539600,89.89674197,84.63532017,1492.48104146,29984.92278221,9891.18697000
3,506,0.000000,0.642000,0.00000000,93.53841181,0.00000000,392.00701768,0.00000000,0.00000000,82.56547934,93.53841181,88.78189381,1554.10361783,30142.39079988,7912.94957600
3,507,0.000000,0.585000,0.00000000,89.29817185,0.00000000,353.13808400,0.00000000,0.00000000,78.66539600,89.29817185,84.63532017,1492.48104146,30238.23624117,7912.94957600
3,508,0.000000,0.517000,0.00000000,107.32720193,0.00000000,283.68056606,0.00000000,0.00000000,94.69756566,107.32720193,101.68074366,1745.79450000,30238.23624096,9891.18697000
3,509,0.000000,0.452000,0.00000000,107.32720193,0.00000000,234.52098208,0.00000000,0.00000000,94.69756566,107.32720193,101.68074366,1745.79450000,30238.23624076,9891.18697000
3,510,0.015000,0.400000,2.73181726,87.16492472,0.00000000,215.35559210,0.00000000,0.00000000,78.66539600,89.89674197,84.63532017,1492.48104146,29984.92278201,9891.18697000
3,511,0.203000,0.580000,36.97059356,63.76149841,0.00000000,374.89325098,0.00000000,0.00000000,88.63152254,100.73209197,95.23131878,1649.94905953,29889.07734133,9891.18697000
3,512,0.412000,0.561000,75.03391403,31.69471777,0.00000000,392.59030707,0.00000000,0.00000000,94.69756566,106.72863180,101.68074366,1745.79450000,30238.23624117,7912.94957600
3,513,0.571000,0.439000,89.89674197,0.00000000,14.09443499,332.01626721,0.00000000,0.00000000,78.66539600,89.89674197,84.63532017,1492.48104146,29984.92278242,9891.18697000
3,514,0.683000,0.337000,106.89294157,0.00000000,17.49580426,254.87353542,0.00000000,0.00000000,94.69756566,106.89294157,101.68074366,1745.79450000,30238.23624117,8455.98323655
3,515,0.743000,0.267000,107.32720192,0.00000000,27.98881293,201.93244498,0.00000000,0.00000000,94.69756566,107.32720192,101.68074366,1745.79450000,30238.23624158,9891.18696652
3,516,0.759000,0.233000,107.32720193,0.00000000,30.90275134,176.21820105,0.00000000,0.00000000,94.69756566,107.32720193,101.68074366,1745.79450000,30238.23624137,9891.18697000
3,517,0.734000,0.241000,107.32720193,0.00000000,26.34972258,182.26861138,0.00000000,0.00000000,94.69756566,107.32720193,101.68074366,1745.79450000,30238.23624117,9891.18697000
3,518,0.666000,0.285000,107.32720193,0.00000000,13.96548434,215.54586823,0.00000000,0.00000000,94.69756566,107.32720193,101.68074366,1745.79450000,30238.23624096,9891.18697000
3,519,0.553000,0.351000,89.89674197,0.00000000,10.81625428,265.46175351,0.00000000,0.00000000,78.66539600,89.89674197,84.63532017,1492.48104146,29984.92278221,9891.18697000
3,520,0.392000,0.426000,30.97213435,0.00000000,40.41935667,322.18435041,0.00000000,0.00000000,25.00174700,30.97213435,27.15938231,539.40882693,28778.53710893,9891.18697000
3,521,0.190000,0.519000,34.60301860,54.69515324,0.00000000,337.82521733,0.00000000,0.00000000,78.66539600,89.29817185,84.63532017,1492.48104146,28874.38255023,7912.94957600
3,522,0.004000,0.633000,0.72848460,88.56968725,0.00000000,390.16903062,0.00000000,0.00000000,78.66539600,89.29817185,84.63532017,1492.48104146,28970.22799152,7912.94957600
3,523,0.000000,0.701000,0.00000000,107.32720193,0.00000000,422.84000380,0.00000000,0.00000000,94.69756566,107.32720193,101.68074366,1745.79450000,28970.22799131,9891.18697000
3,524,0.000000,0.733000,0.00000000,106.72863180,0.00000000,447.64021527,0.00000000,0.00000000,94.69756566,106.72863180,101.68074366,1745.79450000,29319.38689115,7912.94957600
3,525,0.000000,0.746000,0.00000000,106.72863180,0.00000000,457.47213207,0.00000000,0.00000000,94.69756566,106.72863180,101.68074366,1745.79450000,29668.54579098,7912.94957600
3,526,0.000000,0.732000,0.00000000,107.32720193,0.00000000,446.28534385,0.00000000,0.00000000,94.69756566,107.32720193,101.68074366,1745.79450000,29668.54579078,9891.18697000
3,527,0.000000,0.700000,0.00000000,106.72863180,0.00000000,422.68227263,0.00000000,0.00000000,94.69756566,106.72863180,101.68074366,1745.79450000,30017.70469061,7912.94957600
3,528,0.000000,0.648000,0.00000000,98.47637391,0.00000000,391.60686334,0.00000000,0.00000000,86.55676061,98.47637391,93.02542921,1617.16715092,29889.07734133,9891.18697000
3,529,0.000000,0.580000,0.00000000,106.72863180,0.00000000,331.92611759,0.00000000,0.00000000,94.69756566,106.72863180,101.68074366,1745.79450000,30238.23624117,7912.94957600
3,530,0.000000,0.505000,0.00000000,100.73209194,0.00000000,281.20006054,0.00000000,0.00000000,88.63152251,100.73209194,95.23131875,1649.94905912,30142.39080008,9891.18697000
3,531,0.000000,0.440000,0.00000000,107.32720193,0.00000000,225.44536658,0.00000000,0.00000000,94.69756566,107.32720193,101.68074366,1745.79450000,30142.39079988,9891.18697000
3,532,0.000000,0.367000,0.00000000,89.29817185,0.00000000,188.26440233,0.00000000,0.00000000,78.66539600,89.29817185,84.63532017,1492.48104146,30238.23624117,7912.94957600
3,533,0.000000,0.315000,0.00000000,89.89674197,0.00000000,148.33816502,0.00000000,0.00000000,78.66539600,89.89674197,84.63532017,1492.48104146,29984.92278242,9891.18697000
3,534,0.013000,0.310000,2.36757496,91.76940698,0.00000000,142.68399356,0.00000000,0.00000000,82.56547934,94.13698194,88.78189381,1554.10361783,29793.23190004,9891.18697000
3,535,0.192000,0.459000,34.96726091,54.33091094,0.00000000,292.81138211,0.00000000,0.00000000,78.66539600,89.29817185,84.63532017,1492.48104146,29889.07734133,7912.94957600
3,536,0.384000,0.431000,69.93452181,36.79410999,0.00000000,289.17174688,0.00000000,0.00000000,94.69756566,106.72863180,101.68074366,1745.79450000,30238.23624117,7912.94957600
3,537,0.557000,0.311000,100.73209197,0.00000000,0.70938888,235.20970183,0.00000000,0.00000000,88.63152254,100.73209197,95.23131878,1649.94905953,30142.39080049,9891.18697000
3,538,0.667000,0.201000,107.32720193,0.00000000,14.14760549,152.01655970,0.00000000,0.00000000,94.69756566,107.32720193,101.68074366,1745.79450000,30142.39080029,9891.18697000
3,539,0.727000,0.123000,107.32720193,0.00000000,25.07487452,93.02505892,0.00000000,0.00000000,94.69756566,107.32720193,101.68074366,1745.79450000,30142.39080008,9891.18697000
3,540,0.742000,0.082000,107.32720193,0.00000000,27.80669178,62.01670595,0.00000000,0.00000000,94.69756566,107.32720193,101.68074366,1745.79450000,30142.39079988,9891.18697000
3,541,0.714000,0.080000,89.29817185,0.00000000,40.73632964,60.50410336,0.00000000,0.00000000,78.66539600,89.29817185,84.63532017,1492.48104146,30238.23624117,7912.94957600
3,542,0.641000,0.113000,96.05575010,0.00000000,20.68390741,85.46204600,0.00000000,0.00000000,84.33032185,96.05575010,90.65827665,1581.98869947,30074.43044043,9891.18697000
3,543,0.516000,0.176000,93.97451368,0.00000000,0.00000000,133.10902740,0.00000000,0.00000000,82.96659665,93.97451368,89.20836225,1560.44140090,30238.23624117,7912.94957600
3,544,0.335000,0.281000,61.01058543,46.31661649,0.00000000,166.20404657,0.00000000,0.00000000,94.69756566,107.32720193,101.68074366,1745.79450000,30238.23624096,9891.18697000
3,545,0.144000,0.454000,26.22544568,63.67129629,0.00000000,279.68949029,0.00000000,0.00000000,78.66539600,89.89674197,84.63532017,1492.48104146,29984.92278221,9891.18697000
3,546,0.003000,0.665000,0.54636345,88.75180840,0.00000000,414.18855081,0.00000000,0.00000000,78.66539600,89.29817185,84.63532017,1492.48104146,30080.76822350,7912.94957600
3,547,0.000000,0.763000,0.00000000,107.05725134,0.00000000,470.00063450,0.00000000,0.00000000,94.69756566,107.05725134,101.68074366,1745.79450000,30238.23624117,8999.01689710
3,548,0.000000,0.782000,0.00000000,107.32720193,0.00000000,484.10040846,0.00000000,0.00000000,94.69756566,107.32720193,101.68074366,1745.79450000,30238.23624096,9891.18697000
3,549,0.000000,0.779000,0.00000000,107.32720193,0.00000000,481.83150458,0.00000000,0.00000000,94.69756566,107.32720193,101.68074366,1745.79450000,30238.23624076,9891.18697000
3,550,0.000000,0.752000,0.00000000,107.32720193,0.00000000,461.41136969,0.00000000,0.00000000,94.69756566,107.32720193,101.68074366,1745.79450000,30238.23624055,9891.18697000
3,551,0.000000,0.697000,0.00000000,94.13698196,0.00000000,433.00501859,0.00000000,0.00000000,82.56547937,94.13698196,88.78189384,1554.10361824,30046.54535858,9891.18697000
3,552,0.000000,0.620000,0.00000000,89.29817185,0.00000000,379.60862922,0.00000000,0.00000000,78.66539600,89.29817185,84.63532017,1492.48104146,30142.39079988,7912.94957600
3,553,0.000000,0.544000,0.00000000,89.29817185,0.00000000,322.12973102,0.00000000,0.00000000,78.66539600,89.29817185,84.63532017,1492.48104146,30238.23624117,7912.94957600
3,554,0.000000,0.466000,0.00000000,107.32720193,0.00000000,245.10920017,0.00000000,0.00000000,94.69756566,107.32720193,101.68074366,1745.79450000,30238.23624096,9891.18697000
3,555,0.000000,0.381000,0.00000000,100.73209196,0.00000000,187.41870031,0.00000000,0.00000000,88.63152253,100.73209196,95.23131876,1649.94905932,30142.39080008,9891.18697000
3,556,0.000000,0.315000,0.00000000,89.89674197,0.00000000,148.33816502,0.00000000,0.00000000,78.66539600,89.89674197,84.63532017,1492.48104146,29889.07734133,9891.18697000
3,557,0.000000,0.272000,0.00000000,106.72863180,0.00000000,98.98531964,0.00000000,0.00000000,94.69756566,106.72863180,101.68074366,1745.79450000,30238.23624117,7912.94957600
3,558,0.008000,0.254000,1.45696920,105.87023272,0.00000000,86.23029546,0.00000000,0.00000000,94.69756566,107.32720193,101.68074366,1745.79450000,30238.23624096,9891.18697000
3,559,0.151000,0.320000,27.50029373,79.82690819,0.00000000,162.18950526,0.00000000,0.00000000,94.69756566,107.32720193,101.68074366,1745.79450000,30238.23624076,9891.18697000
3,560,0.369000,0.300000,67.20270455,40.12449737,0.00000000,186.76589024,0.00000000,0.00000000,94.69756566,107.32720192,101.68074366,1745.79450000,30238.23624117,9891.18696652
3,561,0.535000,0.250000,97.43481554,9.89238638,0.00000000,179.18293663,0.00000000,0.00000000,94.69756566,107.32720193,101.68074366,1745.79450000,30238.23624096,9891.18697000
3,562,0.643000,0.206000,2.99285063,0.00000000,114.11104918,155.79806616,0.00000000,0.00000000,0.00000000,2.99285063,0.00000000,0.00000000,28492.44174076,9891.18697000
3,563,0.703000,0.172000,106.72863180,0.00000000,21.30253704,130.08382223,0.00000000,0.00000000,94.69756566,106.72863180,101.68074366,1745.79450000,28841.60064059,7912.94957600
3,564,0.721000,0.157000,107.32720193,0.00000000,23.98214762,118.73930285,0.00000000,0.00000000,94.69756566,107.32720193,101.68074366,1745.79450000,28841.60064039,9891.18697000
3,565,0.718000,0.166000,106.72863180,0.00000000,24.03435430,125.54601448,0.00000000,0.00000000,94.69756566,106.72863180,101.68074366,1745.79450000,29190.75954022,7912.94957600
3,566,0.653000,0.201000,106.72863180,0.00000000,12.19647951,152.01655970,0.00000000,0.00000000,94.69756566,106.72863180,101.68074366,1745.79450000,29539.91844006,7912.94957600
3,567,0.542000,0.270000,98.70966360,8.61753833,0.00000000,195.58381053,0.00000000,0.00000000,94.69756566,107.32720193,101.68074366,1745.79450000,29539.91843985,9891.18697000
3,568,0.383000,0.371000,69.75240066,36.97623114,0.00000000,243.61154821,0.00000000,0.00000000,94.69756566,106.72863180,101.68074366,1745.79450000,29889.07733969,7912.94957600
3,569,0.185000,0.506000,33.69241285,73.63478907,0.00000000,309.05366470,0.00000000,0.00000000,94.69756566,107.32720193,101.68074366,1745.79450000,29889.07733949,9891.18697000
3,570,0.005000,0.646000,0.00000000,89.46248127,0.91060575,399.10815339,0.00000000,0.00000000,78.66539600,89.46248127,84.63531998,1492.48099468,29889.07734174,8455.98295989
3,571,0.000000,0.692000,0.00000000,106.72863180,0.00000000,416.63186230,0.00000000,0.00000000,94.69756566,106.72863180,101.68074366,1745.79450000,30238.23624158,7912.94957600
3,572,0.000000,0.682000,0.00000000,107.32720193,0.00000000,408.47027925,0.00000000,0.00000000,94.69756566,107.32720193,101.68074366,1745.79450000,30238.23624137,9891.18697000
3,573,0.000000,0.659000,0.00000000,107.32720193,0.00000000,391.07534953,0.00000000,0.00000000,94.69756566,107.32720193,101.68074366,1745.79450000,30238.23624117,9891.18697000
3,574,0.000000,0.615000,0.00000000,89.89674197,0.00000000,375.22855264,0.00000000,0.00000000,78.66539600,89.89674197,84.63532017,1492.48104146,29984.92278242,9891.18697000
3,575,0.000000,0.554000,0.00000000,107.32720193,0.00000000,311.66371387,0.00000000,0.00000000,94.69756566,107.32720193,101.68074366,1745.79450000,29984.92278221,9891.18697000
3,576,0.000000,0.490000,0.00000000,107.32720193,0.00000000,263.26043118,0.00000000,0.00000000,94.69756566,107.32720193,101.68074366,1745.79450000,29984.92278201,9891.18697000
3,577,0.000000,0.438000,0.00000000,94.13698196,0.00000000,237.12298395,0.00000000,0.00000000,82.56547937,94.13698196,88.78189384,1554.10361824,29793.23190004,9891.18697000
3,578,0.000000,0.362000,0.00000000,106.72863180,0.00000000,167.05243592,0.00000000,0.00000000,94.69756566,106.72863180,101.68074366,1745.79450000,30142.39079988,7912.94957600
3,579,0.000000,0.290000,0.00000000,89.29817185,0.00000000,130.02920284,0.00000000,0.00000000,78.66539600,89.29817185,84.63532017,1492.48104146,30238.23624117,7912.94957600
3,580,0.000000,0.230000,0.00000000,107.32720193,0.00000000,66.62209525,0.00000000,0.00000000,94.69756566,107.32720193,101.68074366,1745.79450000,30238.23624096,9891.18697000
3,581,0.000000,0.194000,0.00000000,107.32720193,0.00000000,39.39524873,0.00000000,0.00000000,94.69756566,107.32720193,101.68074366,1745.79450000,30238.23624076,9891.18697000
3,582,0.007000,0.169000,1.27484805,88.62189392,0.00000000,39.19302444,0.00000000,0.00000000,78.66539600,89.89674197,84.63532017,1492.48104146,29984.92278201,9891.18697000
3,583,0.141000,0.201000,25.67908223,63.61908962,0.00000000,88.39747008,0.00000000,0.00000000,78.66539600,89.29817185,84.63532017,1492.48104146,30080.76822330,7912.94957600
3,584,0.326000,0.195000,59.37149508,30.52524689,0.00000000,116.95350505,0.00000000,0.00000000,78.66539600,89.89674197,84.63532017,1492.48104146,29827.45476455,9891.18697000
3,585,0.529000,0.179000,96.34208864,10.98511328,0.00000000,124.39281799,0.00000000,0.00000000,94.69756566,107.32720193,101.68074366,1745.79450000,29827.45476435,9891.18697000
3,586,0.645000,0.179000,106.72863180,0.00000000,10.73951030,135.37793128,0.00000000,0.00000000,94.69756566,106.72863180,101.68074366,1745.79450000,30176.61366418,7912.94957600
3,587,0.696000,0.193000,89.89674197,0.00000000,36.85957881,145.96614937,0.00000000,0.00000000,78.66539600,89.89674197,84.63532017,1492.48104146,29923.30020543,9891.18697000
3,588,0.721000,0.220000,104.37376181,0.00000000,26.93558774,166.38628425,0.00000000,0.00000000,92.53160588,104.37376181,99.37789242,1711.57163590,30238.23624117,7912.94957600
3,589,0.702000,0.242000,107.32720193,0.00000000,20.52184576,183.02491268,0.00000000,0.00000000,94.69756566,107.32720193,101.68074366,1745.79450000,30238.23624096,9891.18697000
3,590,0.633000,0.278000,107.32720193,0.00000000,7.95548637,210.25175919,0.00000000,0.00000000,94.69756566,107.32720193,101.68074366,1745.79450000,30238.23624076,9891.18697000
3,591,0.501000,0.343000,73.54194353,0.00000000,17.70075289,259.41134317,0.00000000,0.00000000,63.67817400,73.54194353,68.65710075,1244.73168631,29737.17342686,9891.18697000
3,592,0.365000,0.431000,57.67001469,0.00000000,8.80420526,325.96585687,0.00000000,0.00000000,49.73928100,57.67001469,53.75120360,1002.98064984,29343.51847653,7912.94957600
3,593,0.166000,0.527000,30.23211099,43.30983254,0.00000000,355.26094837,0.00000000,0.00000000,63.67817400,73.54194353,68.65710075,1244.73168631,28842.45566264,9891.18697000
3,594,0.005000,0.623000,0.91060575,106.41659617,0.00000000,364.75910877,0.00000000,0.00000000,94.69756566,107.32720193,101.68074366,1745.79450000,28842.45566244,9891.18697000
3,595,0.000000,0.685000,0.00000000,106.72863180,0.00000000,411.33775325,0.00000000,0.00000000,94.69756566,106.72863180,101.68074366,1745.79450000,29191.61456227,7912.94957600
3,596,0.000000,0.698000,0.00000000,106.72863180,0.00000000,421.16967005,0.00000000,0.00000000,94.69756566,106.72863180,101.68074366,1745.79450000,29540.77346211,7912.94957600
3,597,0.000000,0.682000,0.00000000,106.72863180,0.00000000,409.06884938,0.00000000,0.00000000,94.69756566,106.72863180,101.68074366,1745.79450000,29889.93236194,7912.94957600
3,598,0.000000,0.652000,0.00000000,106.73009758,0.00000000,386.37834484,0.00000000,0.00000000,94.69756566,106.73009758,101.68074366,1745.79450000,30238.23624117,7917.79388542
3,599,0.000000,0.620000,0.00000000,107.32720193,0.00000000,361.57959914,0.00000000,0.00000000,94.69756566,107.32720193,101.68074366,1745.79450000,30238.23624096,9891.18697000
3,600,0.000000,0.580000,0.00000000,107.32720193,0.00000000,331.32754746,0.00000000,0.00000000,94.69756566,107.32720193,101.68074366,1745.79450000,30238.23624076,9891.18697000
3,601,0.000000,0.520000,0.00000000,107.32720193,0.00000000,285.94946994,0.00000000,0.00000000,94.69756566,107.32720193,101.68074366,1745.79450000,30238.23624055,9891.18697000
3,602,0.000000,0.461000,0.00000000,89.89674197,0.00000000,258.75815366,0.00000000,0.00000000,78.66539600,89.89674197,84.63532017,1492.48104146,29984.92278180,9891.18697000
3,603,0.000000,0.436000,0.00000000,100.13352185,0.00000000,229.61384149,0.00000000,0.00000000,88.63152254,100.13352185,95.23131878,1649.94905953,30238.23624117,7912.94957600
3,604,0.000000,0.425000,0.00000000,89.46248162,0.00000000,231.96556750,0.00000000,0.00000000,78.66539600,89.46248162,84.63532017,1492.48104146,30238.23624117,8455.98323771
3,605,0.000000,0.356000,0.00000000,100.73209193,0.00000000,168.51116804,0.00000000,0.00000000,88.63152250,100.73209193,95.23131874,1649.94905891,30142.39079988,9891.18697000
3,606,0.007000,0.288000,1.27484805,88.02332380,0.00000000,129.79144831,0.00000000,0.00000000,78.66539600,89.29817185,84.63532017,1492.48104146,30238.23624117,7912.94957600
3,607,0.166000,0.405000,30.23211099,42.71126242,0.00000000,263.59076086,0.00000000,0.00000000,63.67817400,72.94337341,68.65710075,1244.73168631,30086.33232731,7912.94957600
3,608,0.361000,0.467000,65.74573535,41.58146658,0.00000000,311.61123681,0.00000000,0.00000000,94.69756566,107.32720193,101.68074366,1745.79450000,30086.33232711,9891.18697000
3,609,0.529000,0.485000,96.34208864,1.65226816,0.00000000,365.15385848,0.00000000,0.00000000,86.11341143,97.99435680,92.55405980,1610.16209080,29950.69991770,9891.18697000
3,610,0.641000,0.414000,107.32720193,0.00000000,9.41245558,313.10873491,0.00000000,0.00000000,94.69756566,107.32720193,101.68074366,1745.79450000,29950.69991750,9891.18697000
3,611,0.711000,0.329000,89.29817185,0.00000000,40.18996619,248.82312508,0.00000000,0.00000000,78.66539600,89.29817185,84.63532017,1492.48104146,30046.54535879,7912.94957600
3,612,0.722000,0.298000,107.32720193,0.00000000,24.16426877,225.37778503,0.00000000,0.00000000,94.69756566,107.32720193,101.68074366,1745.79450000,30046.54535858,9891.18697000
3,613,0.693000,0.328000,89.29817185,0.00000000,36.91178548,248.06682379,0.00000000,0.00000000,78.66539600,89.29817185,84.63532017,1492.48104146,30142.39079988,7912.94957600
3,614,0.623000,0.412000,89.29817185,0.00000000,24.16330494,311.59613232,0.00000000,0.00000000,78.66539600,89.29817185,84.63532017,1492.48104146,30238.23624117,7912.94957600
3,615,0.518000,0.515000,94.33875599,12.98844594,0.00000000,376.50671946,0.00000000,0.00000000,94.69756566,107.32720193,101.68074366,1745.79450000,30238.23624096,9891.18697000
3,616,0.360000,0.620000,65.56361420,24.33312778,0.00000000,444.57367329,0.00000000,0.00000000,78.66539600,89.89674197,84.63532017,1492.48104146,29984.92278221,9891.18697000
3,617,0.160000,0.707000,29.13938409,70.99413773,0.00000000,463.71087575,0.00000000,0.00000000,88.63152251,100.13352182,95.23131875,1649.94905912,30238.23624117,7912.94957600
3,618,0.004000,0.768000,0.72848460,57.54010021,0.00000000,523.29929208,0.00000000,0.00000000,49.73928100,58.26858481,53.75120360,1002.98064984,29495.42239080,9891.18697000
3,619,0.000000,0.788000,0.00000000,107.32720193,0.00000000,488.63821621,0.00000000,0.00000000,94.69756566,107.32720193,101.68074366,1745.79450000,29495.42239059,9891.18697000
3,620,0.000000,0.781000,0.00000000,106.72863180,0.00000000,483.94267729,0.00000000,0.00000000,94.69756566,106.72863180,101.68074366,1745.79450000,29844.58129043,7912.94957600
3,621,0.000000,0.759000,0.00000000,106.72863180,0.00000000,467.30404886,0.00000000,0.00000000,94.69756566,106.72863180,101.68074366,1745.79450000,30193.74019026,7912.94957600
3,622,0.000000,0.730000,0.00000000,107.25092145,0.00000000,444.84902174,0.00000000,0.00000000,94.69756566,107.25092145,101.68074366,1745.79450000,30238.23624137,9639.08469628
3,623,0.000000,0.685000,0.00000000,107.32720193,0.00000000,410.73918313,0.00000000,0.00000000,94.69756566,107.32720193,101.68074366,1745.79450000,30238.23624117,9891.18697000
3,624,0.000000,0.618000,0.00000000,107.32720193,0.00000000,360.06699656,0.00000000,0.00000000,94.69756566,107.32720193,101.68074366,1745.79450000,30238.23624117,9891.18696884
3,625,0.000000,0.545000,0.00000000,107.32720193,0.00000000,304.85700224,0.00000000,0.00000000,94.69756566,107.32720193,101.68074366,1745.79450000,30238.23624117,9891.18696884
3,626,0.000000,0.482000,0.00000000,104.97233193,0.00000000,259.56489083,0.00000000,0.00000000,92.53160588,104.97233193,99.37789242,1711.57163590,30204.01337686,9891.18697000
3,627,0.000000,0.428000,0.00000000,107.32720193,0.00000000,216.36975107,0.00000000,0.00000000,94.69756566,107.32720193,101.68074366,1745.79450000,30204.01337666,9891.18697000
3,628,0.000000,0.367000,0.00000000,107.32720193,0.00000000,170.23537226,0.00000000,0.00000000,94.69756566,107.32720193,101.68074366,1745.79450000,30204.01337645,9891.18697000
3,629,0.000000,0.315000,0.00000000,107.32720193,0.00000000,130.90770507,0.00000000,0.00000000,94.69756566,107.32720193,101.68074366,1745.79450000,30204.01337625,9891.18697000
3,630,0.002000,0.294000,0.36424230,106.96295962,0.00000000,115.38962024,0.00000000,0.00000000,94.69756566,107.32720193,101.68074366,1745.79450000,30204.01337604,9891.18697000
3,631,0.106000,0.417000,19.30484196,70.59190002,0.00000000,244.78573877,0.00000000,0.00000000,78.66539600,89.89674197,84.63532017,1492.48104146,29950.69991729,9891.18697000
3,632,0.263000,0.469000,47.89786259,41.40030925,0.00000000,313.30499672,0.00000000,0.00000000,78.66539600,89.29817185,84.63532017,1492.48104146,30046.54535858,7912.94957600
3,633,0.399000,0.445000,72.66633907,16.63183278,0.00000000,319.92224218,0.00000000,0.00000000,78.66539600,89.29817185,84.63532017,1492.48104146,30142.39079988,7912.94957600
3,634,0.490000,0.394000,89.23936377,0.05880808,0.00000000,297.92390099,0.00000000,0.00000000,78.66539600,89.29817185,84.63532017,1492.48104146,30238.23624117,7912.94957600
3,635,0.527000,0.348000,95.97784634,11.34935559,0.00000000,251.84349405,0.00000000,0.00000000,94.69756566,107.32720193,101.68074366,1745.79450000,30238.23624096,9891.18697000
3,636,0.533000,0.332000,97.07057324,10.25662868,0.00000000,240.83540028,0.00000000,0.00000000,94.69756566,107.32720193,101.68074366,1745.79450000,30238.23624117,9891.18696768
3,637,0.511000,0.348000,30.97213435,0.00000000,62.09177358,263.19284963,0.00000000,0.00000000,25.00174700,30.97213435,27.15938231,539.40882693,29031.85056789,9891.18697000
3,638,0.481000,0.389000,87.60027342,19.72692851,0.00000000,274.47427410,0.00000000,0.00000000,94.69756566,107.32720193,101.68074366,1745.79450000,29031.85056768,9891.18697000
3,639,0.414000,0.457000,72.94337341,0.00000000,2.45478292,345.62969047,0.00000000,0.00000000,63.67817400,72.94337341,68.65710075,1244.73168631,28879.94665383,7912.94957600
3,640,0.278000,0.561000,50.62967985,56.09895195,0.00000000,368.18607289,0.00000000,0.00000000,94.69756566,106.72863180,101.68074366,1745.79450000,29229.10555367,7912.94957600
3,641,0.137000,0.670000,24.95059763,81.77803418,0.00000000,424.94383150,0.00000000,0.00000000,94.69756566,106.72863180,101.68074366,1745.79450000,29578.26445350,7912.94957600
3,642,0.004000,0.743000,0.72848460,106.00014720,0.00000000,455.93171279,0.00000000,0.00000000,94.69756566,106.72863180,101.68074366,1745.79450000,29927.42335334,7912.94957600
3,643,0.000000,0.732000,0.00000000,98.09350878,0.00000000,455.51903700,0.00000000,0.00000000,86.20460934,98.09350878,92.65102152,1611.60304711,29793.23190024,9891.18697000
3,644,0.000000,0.727000,0.00000000,107.32720193,0.00000000,442.50383739,0.00000000,0.00000000,94.69756566,107.32720193,101.68074366,1745.79450000,29793.23190004,9891.18697000
3,645,0.000000,0.723000,0.00000000,106.72863180,0.00000000,440.07720235,0.00000000,0.00000000,94.69756566,106.72863180,101.68074366,1745.79450000,30142.39079988,7912.94957600
3,646,0.000000,0.720000,0.00000000,89.29817185,0.00000000,455.23875843,0.00000000,0.00000000,78.66539600,89.29817185,84.63532017,1492.48104146,30238.23624117,7912.94957600
3,647,0.000000,0.703000,0.00000000,89.46248162,0.00000000,442.21732669,0.00000000,0.00000000,78.66539600,89.46248162,84.63532017,1492.48104146,30238.23624117,8455.98323771
3,648,0.000000,0.652000,0.00000000,107.32720193,0.00000000,385.78124049,0.00000000,0.00000000,94.69756566,107.32720193,101.68074366,1745.79450000,30238.23624096,9891.18697000
3,649,0.000000,0.593000,0.00000000,107.32720193,0.00000000,341.15946426,0.00000000,0.00000000,94.69756566,107.32720193,101.68074366,1745.79450000,30238.23624076,9891.18697000
3,650,0.000000,0.525000,0.00000000,107.32720193,0.00000000,289.73097640,0.00000000,0.00000000,94.69756566,107.32720193,101.68074366,1745.79450000,30238.23624055,9891.18697000
3,651,0.000000,0.454000,0.00000000,89.89674197,0.00000000,253.46404462,0.00000000,0.00000000,78.66539600,89.89674197,84.63532017,1492.48104146,29984.92278180,9891.18697000
3,652,0.000000,0.408000,0.00000000,100.73209199,0.00000000,207.83883517,0.00000000,0.00000000,88.63152255,100.73209199,95.23131879,1649.94905973,29889.07734133,9891.18697000
3,653,0.000000,0.367000,0.00000000,106.72863180,0.00000000,170.83394238,0.00000000,0.00000000,94.69756566,106.72863180,101.68074366,1745.79450000,30238.23624117,7912.94957600
3,654,0.015000,0.308000,2.73181726,104.59538467,0.00000000,128.34541328,0.00000000,0.00000000,94.69756566,107.32720193,101.68074366,1745.79450000,30238.23624096,9891.18697000
3,655,0.209000,0.480000,38.06332047,69.26388146,0.00000000,293.76073872,0.00000000,0.00000000,94.69756566,107.32720193,101.68074366,1745.79450000,30238.23624076,9891.18697000
3,656,0.416000,0.536000,75.76239863,14.13434334,0.00000000,391.24314919,0.00000000,0.00000000,78.66539600,89.89674197,84.63532017,1492.48104146,29984.92278201,9891.18697000
3,657,0.576000,0.484000,100.13352183,0.00000000,4.76826088,366.04982535,0.00000000,0.00000000,88.63152253,100.13352183,95.23131876,1649.94905932,30238.23624117,7912.94957600
3,658,0.682000,0.426000,89.46248162,0.00000000,34.74414306,322.18435041,0.00000000,0.00000000,78.66539600,89.46248162,84.63532017,1492.48104146,30238.23624117,8455.98323771
3,659,0.741000,0.379000,107.32720194,0.00000000,27.62457062,286.63818969,0.00000000,0.00000000,94.69756567,107.32720194,101.68074367,1745.79450020,30238.23624117,9891.18697000
3,660,0.757000,0.359000,89.46248162,0.00000000,48.40322935,271.51216385,0.00000000,0.00000000,78.66539600,89.46248162,84.63532017,1492.48104146,30238.23624117,8455.98323771
3,661,0.732000,0.372000,107.32720193,0.00000000,25.98548028,281.34408064,0.00000000,0.00000000,94.69756566,107.32720193,101.68074366,1745.79450000,30238.23624137,9891.18696768
3,662,0.664000,0.422000,107.32720193,0.00000000,13.60124204,319.15914524,0.00000000,0.00000000,94.69756566,107.32720193,101.68074366,1745.79450000,30238.23624117,9891.18697000
3,663,0.552000,0.501000,89.89674197,0.00000000,10.63413313,378.90694732,0.00000000,0.00000000,78.66539600,89.89674197,84.63532017,1492.48104146,29984.92278242,9891.18697000
3,664,0.392000,0.588000,71.39149102,35.93571091,0.00000000,408.76944881,0.00000000,0.00000000,94.69756566,107.32720193,101.68074366,1745.79450000,29984.92278221,9891.18697000
3,665,0.191000,0.685000,34.78513976,55.11160222,0.00000000,462.95478283,0.00000000,0.00000000,78.66539600,89.89674197,84.63532017,1492.48104146,29731.60932346,9891.18697000
3,666,0.005000,0.782000,0.91060575,94.13268942,0.00000000,497.29492096,0.00000000,0.00000000,83.94963933,95.04329517,90.25353451,1575.97379279,29910.94751609,7912.94957600
3,667,0.000000,0.827000,0.00000000,89.29817185,0.00000000,536.16299667,0.00000000,0.00000000,78.66539600,89.29817185,84.63532017,1492.48104146,30006.79295738,7912.94957600
3,668,0.000000,0.859000,0.00000000,89.89674197,0.00000000,559.76606789,0.00000000,0.00000000,78.66539600,89.89674197,84.63532017,1492.48104146,29753.47949863,9891.18697000
3,669,0.000000,0.873000,0.00000000,89.89674197,0.00000000,570.35428598,0.00000000,0.00000000,78.66539600,89.89674197,84.63532017,1492.48104146,29500.16603988,9891.18697000
3,670,0.000000,0.857000,0.00000000,89.89674197,0.00000000,558.25346531,0.00000000,0.00000000,78.66539600,89.89674197,84.63532017,1492.48104146,29246.85258113,9891.18697000
3,671,0.000000,0.795000,0.00000000,89.89674197,0.00000000,511.36278520,0.00000000,0.00000000,78.66539600,89.89674197,84.63532017,1492.48104146,28993.53912238,9891.18697000
3,672,0.000000,0.685000,0.00000000,89.89674197,0.00000000,428.16964308,0.00000000,0.00000000,78.66539600,89.89674197,84.63532017,1492.48104146,28740.22566363,9891.18697000
3,673,0.000000,0.544000,0.00000000,58.26858255,0.00000000,353.15932033,0.00000000,0.00000000,49.73928100,58.26858255,53.75120196,1002.98023956,27997.41140298,9891.18697000
3,674,0.000000,0.412000,0.00000000,89.89674197,0.00000000,221.69939035,0.00000000,0.00000000,78.66539600,89.89674197,84.63532017,1492.48104146,27744.09794423,9891.18697000
3,675,0.000000,0.337000,0.00000000,89.89674197,0.00000000,164.97679345,0.00000000,0.00000000,78.66539600,89.89674197,84.63532017,1492.48104146,27490.78448548,9891.18697000
3,676,0.000000,0.265000,0.00000000,89.89674197,0.00000000,110.52310042,0.00000000,0.00000000,78.66539600,89.89674197,84.63532017,1492.48104146,27237.47102674,9891.18697000
3,677,0.000000,0.250000,0.00000000,89.89674197,0.00000000,99.17858104,0.00000000,0.00000000,78.66539600,89.89674197,84.63532017,1492.48104146,26984.15756799,9891.18697000
3,678,0.012000,0.235000,0.00000000,44.07720920,2.18545381,133.65359443,0.00000000,0.00000000,36.84682300,44.07720920,39.91750095,767.66948863,26006.03255642,9891.18697000
3,679,0.189000,0.386000,34.42089745,39.12104711,0.00000000,252.81125162,0.00000000,0.00000000,63.67817400,73.54194456,68.65710149,1244.73187308,25504.96992929,9891.18697000
3,680,0.403000,0.432000,73.39482367,16.50191830,0.00000000,310.22023986,0.00000000,0.00000000,78.66539600,89.89674197,84.63532017,1492.48104146,25251.65647055,9891.18697000
3,681,0.563000,0.398000,89.89674197,0.00000000,12.63746579,301.00791423,0.00000000,0.00000000,78.66539600,89.89674197,84.63532017,1492.48104146,24998.34301180,9891.18697000
3,682,0.675000,0.365000,89.89674197,0.00000000,33.03503465,276.04997160,0.00000000,0.00000000,78.66539600,89.89674197,84.63532017,1492.48104146,24745.02955305,9891.18697000
3,683,0.735000,0.347000,89.89674197,0.00000000,43.96230368,262.43654834,0.00000000,0.00000000,78.66539600,89.89674197,84.63532017,1492.48104146,24491.71609430,9891.18697000
3,684,0.753000,0.352000,89.89674197,0.00000000,47.24048439,266.21805480,0.00000000,0.00000000,78.66539600,89.89674197,84.63532017,1492.48104146,24238.40263555,9891.18697000
3,685,0.729000,0.380000,89.89674197,0.00000000,42.86957678,287.39449098,0.00000000,0.00000000,78.66539600,89.89674197,84.63532017,1492.48104146,23985.08917680,9891.18697000
3,686,0.661000,0.434000,89.89674197,0.00000000,30.48533854,328.23476075,0.00000000,0.00000000,78.66539600,89.89674197,84.63532017,1492.48104146,23731.77571805,9891.18697000
3,687,0.545000,0.509000,89.89674197,0.00000000,9.35928508,384.95735765,0.00000000,0.00000000,78.66539600,89.89674197,84.63532017,1492.48104146,23478.46225930,9891.18697000
3,688,0.376000,0.594000,68.47755261,21.41918937,0.00000000,427.82377811,0.00000000,0.00000000,78.66539600,89.89674197,84.63532017,1492.48104146,23225.14880055,9891.18697000
3,689,0.155000,0.687000,28.22877834,61.66796364,0.00000000,457.91102400,0.00000000,0.00000000,78.66539600,89.89674197,84.63532017,1492.48104146,22971.83534180,9891.18697000
3,690,0.003000,0.765000,0.54636345,89.35037852,0.00000000,489.22010989,0.00000000,0.00000000,78.66539600,89.89674197,84.63532017,1492.48104146,22718.52188306,9891.18697000
3,691,0.000000,0.803000,0.00000000,89.89674197,0.00000000,517.41319554,0.00000000,0.00000000,78.66539600,89.89674197,84.63532017,1492.48104146,22465.20842431,9891.18697000
3,692,0.000000,0.804000,0.00000000,89.89674197,0.00000000,518.16949683,0.00000000,0.00000000,78.66539600,89.89674197,84.63532017,1492.48104146,22211.89496556,9891.18697000
3,693,0.000000,0.783000,0.00000000,89.89674197,0.00000000,502.28716970,0.00000000,0.00000000,78.66539600,89.89674197,84.63532017,1492.48104146,21958.58150681,9891.18697000
3,694,0.000000,0.762000,0.00000000,89.89674197,0.00000000,486.40484257,0.00000000,0.00000000,78.66539600,89.89674197,84.63532017,1492.48104146,21705.26804806,9891.18697000
3,695,0.000000,0.724000,0.00000000,89.89674197,0.00000000,457.66539347,0.00000000,0.00000000,78.66539600,89.89674197,84.63532017,1492.48104146,21451.95458931,9891.18697000
3,696,0.000000,0.639000,0.00000000,89.89674197,0.00000000,393.37978364,0.00000000,0.00000000,78.66539600,89.89674197,84.63532017,1492.48104146,21198.64113056,9891.18697000
3,697,0.000000,0.552000,0.00000000,89.89674197,0.00000000,327.58157124,0.00000000,0.00000000,78.66539600,89.89674197,84.63532017,1492.48104146,20945.32767181,9891.18697000
3,698,0.000000,0.469000,0.00000000,89.89674197,0.00000000,264.80856400,0.00000000,0.00000000,78.66539600,89.89674197,84.63532017,1492.48104146,20692.01421306,9891.18697000
3,699,0.000000,0.398000,0.00000000,89.89674197,0.00000000,211.11117226,0.00000000,0.00000000,78.66539600,89.89674197,84.63532017,1492.48104146,20438.70075431,9891.18697000
3,700,0.000000,0.376000,0.00000000,89.89674197,0.00000000,194.47254384,0.00000000,0.00000000,78.66539600,89.89674197,84.63532017,1492.48104146,20185.38729556,9891.18697000
3,701,0.000000,0.367000,0.00000000,89.89674197,0.00000000,187.66583221,0.00000000,0.00000000,78.66539600,89.89674197,84.63532017,1492.48104146,19932.07383682,9891.18697000
3,702,0.015000,0.330000,2.73181726,87.16492472,0.00000000,162.41450166,0.00000000,0.00000000,78.66539600,89.89674197,84.63532017,1492.48104146,19678.76037807,9891.18697000
3,703,0.210000,0.550000,38.24544162,51.65130036,0.00000000,364.31441027,0.00000000,0.00000000,78.66539600,89.89674197,84.63532017,1492.48104146,19425.44691932,9891.18697000
3,704,0.418000,0.587000,76.12664093,13.77010104,0.00000000,430.17875739,0.00000000,0.00000000,78.66539600,89.89674197,84.63532017,1492.48104146,19172.13346057,9891.18697000
3,705,0.577000,0.505000,89.89674197,0.00000000,15.18716189,381.93215248,0.00000000,0.00000000,78.66539600,89.89674197,84.63532017,1492.48104146,18918.82000182,9891.18697000
3,706,0.684000,0.432000,89.89674197,0.00000000,34.67412500,326.72215816,0.00000000,0.00000000,78.66539600,89.89674197,84.63532017,1492.48104146,18665.50654307,9891.18697000
3,707,0.743000,0.386000,89.89674197,0.00000000,45.41927289,291.93229873,0.00000000,0.00000000,78.66539600,89.89674197,84.63532017,1492.48104146,18412.19308432,9891.18697000
3,708,0.759000,0.377000,89.89674197,0.00000000,48.33321129,285.12558710,0.00000000,0.00000000,78.66539600,89.89674197,84.63532017,1492.48104146,18158.87962557,9891.18697000
3,709,0.734000,0.404000,89.89674197,0.00000000,43.78018253,305.54572199,0.00000000,0.00000000,78.66539600,89.89674197,84.63532017,1492.48104146,17905.56616682,9891.18697000
3,710,0.666000,0.464000,89.89674197,0.00000000,31.39594429,350.92379951,0.00000000,0.00000000,78.66539600,89.89674197,84.63532017,1492.48104146,17652.25270807,9891.18697000
3,711,0.553000,0.541000,89.89674197,0.00000000,10.81625428,409.15899900,0.00000000,0.00000000,78.66539600,89.89674197,84.63532017,1492.48104146,17398.93924932,9891.18697000
3,712,0.392000,0.628000,71.39149102,18.50525096,0.00000000,456.45196045,0.00000000,0.00000000,78.66539600,89.89674197,84.63532017,1492.48104146,17145.62579058,9891.18697000
3,713,0.193000,0.715000,35.14938206,54.74735992,0.00000000,486.00806390,0.00000000,0.00000000,78.66539600,89.89674197,84.63532017,1492.48104146,16892.31233183,9891.18697000
3,714,0.006000,0.770000,1.09272690,88.80401507,0.00000000,493.54797981,0.00000000,0.00000000,78.66539600,89.89674197,84.63532017,1492.48104146,16638.99887308,9891.18697000
3,715,0.000000,0.761000,0.00000000,89.89674197,0.00000000,485.64854127,0.00000000,0.00000000,78.66539600,89.89674197,84.63532017,1492.48104146,16385.68541433,9891.18697000
3,716,0.000000,0.757000,0.00000000,89.89674197,0.00000000,482.62333611,0.00000000,0.00000000,78.66539600,89.89674197,84.63532017,1492.48104146,16132.37195558,9891.18697000
3,717,0.000000,0.778000,0.00000000,89.89674197,0.00000000,498.50566324,0.00000000,0.00000000,78.66539600,89.89674197,84.63532017,1492.48104146,15879.05849683,9891.18697000
3,718,0.000000,0.772000,0.00000000,89.89674197,0.00000000,493.96785549,0.00000000,0.00000000,78.66539600,89.89674197,84.63532017,1492.48104146,15625.74503808,9891.18697000
3,719,0.000000,0.708000,0.00000000,89.89674197,0.00000000,445.56457280,0.00000000,0.00000000,78.66539600,89.89674197,84.63532017,1492.48104146,15372.43157933,9891.18697000
3,720,0.000000,0.613000,0.00000000,89.89674197,0.00000000,373.71595005,0.00000000,0.00000000,78.66539600,89.89674197,84.63532017,1492.48104146,15119.11812058,9891.18697000
4,1,0.000000,0.204000,0.00000000,106.72863180,0.00000000,47.55683178,0.00000000,0.00000000,94.69756566,106.72863180,101.68074366,1745.79450000,15468.27702042,7912.94957600
4,2,0.000000,0.217000,0.00000000,106.72863180,0.00000000,57.38874857,0.00000000,0.00000000,94.69756566,106.72863180,101.68074366,1745.79450000,15817.43592026,7912.94957600
4,3,0.000000,0.211000,0.00000000,106.72863180,0.00000000,52.85094082,0.00000000,0.00000000,94.69756566,106.72863180,101.68074366,1745.79450000,16166.59482009,7912.94957600
4,4,0.000000,0.184000,0.00000000,106.72863180,0.00000000,32.43080594,0.00000000,0.00000000,94.69756566,106.72863180,101.68074366,1745.79450000,16515.75371993,7912.94957600
4,5,0.000000,0.150000,0.00000000,106.72863180,0.00000000,6.71656201,0.00000000,0.00000000,94.69756566,106.72863180,101.68074366,1745.79450000,16864.91261976,7912.94957600
4,6,0.000000,0.127000,0.00000000,96.05026409,0.00000000,0.00000000,4.92070210,0.00000000,89.40178619,100.97096619,96.05026409,1662.11947405,17130.39649365,7912.94957600
4,7,0.085000,0.089000,15.48029780,67.31081499,0.00000000,0.00000000,4.61938687,0.00000000,76.93556970,87.41049966,82.79111279,1463.88577227,17197.64666576,7912.94957600
4,8,0.244000,0.088000,44.43756073,62.29107107,0.00000000,4.26344263,0.00000000,0.00000000,94.69756566,106.72863180,101.68074366,1745.79450000,17546.80556559,7912.94957600
4,9,0.393000,0.174000,71.57361217,35.15501963,0.00000000,96.44140518,0.00000000,0.00000000,94.69756566,106.72863180,101.68074366,1745.79450000,17895.96446543,7912.94957600
4,10,0.505000,0.257000,91.97118103,14.75745077,0.00000000,179.61198128,0.00000000,0.00000000,94.69756566,106.72863180,101.68074366,1745.79450000,18245.12336526,7912.94957600
4,11,0.573000,0.282000,104.35541927,2.37321253,0.00000000,210.90375182,0.00000000,0.00000000,94.69756566,106.72863180,101.68074366,1745.79450000,18594.28226510,7912.94957600
4,12,0.593000,0.286000,106.72863180,0.00000000,1.26921048,216.30216953,0.00000000,0.00000000,94.69756566,106.72863180,101.68074366,1745.79450000,18943.44116494,7912.94957600
4,13,0.567000,0.294000,103.26269236,3.46593944,0.00000000,218.88664042,0.00000000,0.00000000,94.69756566,106.72863180,101.68074366,1745.79450000,19292.60006477,7912.94957600
4,14,0.502000,0.294000,91.42481758,15.30381422,0.00000000,207.04876564,0.00000000,0.00000000,94.69756566,106.72863180,101.68074366,1745.79450000,19641.75896461,7912.94957600
4,15,0.375000,0.282000,68.29543146,38.43320034,0.00000000,174.84376401,0.00000000,0.00000000,94.69756566,106.72863180,101.68074366,1745.79450000,19990.91786444,7912.94957600
4,16,0.223000,0.239000,40.61301657,66.11561523,0.00000000,114.64039357,0.00000000,0.00000000,94.69756566,106.72863180,101.68074366,1745.79450000,20340.07676428,7912.94957600
4,17,0.076000,0.157000,13.84120744,92.88742436,0.00000000,25.85187849,0.00000000,0.00000000,94.69756566,106.72863180,101.68074366,1745.79450000,20689.23566412,7912.94957600
4,18,0.000000,0.102000,0.00000000,77.14273179,0.00000000,0.00000000,4.48626441,0.00000000,71.63751097,81.62899620,77.14273179,1376.30520549,20668.90526944,7912.94957600
4,19,0.000000,0.083000,0.00000000,62.77300724,0.00000000,0.00000000,4.14121721,0.00000000,58.17580538,66.91422445,62.77300724,1149.30046555,20421.57013483,7912.94957600
4,20,0.000000,0.124000,0.00000000,93.78136021,0.00000000,0.00000000,4.86945018,0.00000000,87.26775580,98.65081039,93.78136021,1628.40110453,20653.33563920,7912.94957600
4,21,0.000000,0.274000,0.00000000,106.72863180,0.00000000,100.49792222,0.00000000,0.00000000,94.69756566,106.72863180,101.68074366,1745.79450000,21002.49453903,7912.94957600
4,22,0.000000,0.356000,0.00000000,106.72863180,0.00000000,162.51462817,0.00000000,0.00000000,94.69756566,106.72863180,101.68074366,1745.79450000,21351.65343887,7912.94957600
4,23,0.000000,0.324000,0.00000000,106.72863180,0.00000000,138.31298682,0.00000000,0.00000000,94.69756566,106.72863180,101.68074366,1745.79450000,21700.81233870,7912.94957600
4,24,0.000000,0.292000,0.00000000,106.72863180,0.00000000,114.11134548,0.00000000,0.00000000,94.69756566,106.72863180,101.68074366,1745.79450000,22049.97123854,7912.94957600
4,25,0.000000,0.289000,0.00000000,106.72863180,0.00000000,111.84244160,0.00000000,0.00000000,94.69756566,106.72863180,101.68074366,1745.79450000,22399.13013838,7912.94957600
4,26,0.000000,0.294000,0.00000000,106.72863180,0.00000000,115.62394806,0.00000000,0.00000000,94.69756566,106.72863180,101.68074366,1745.79450000,22748.28903821,7912.94957600
4,27,0.000000,0.272000,0.00000000,106.72863180,0.00000000,98.98531964,0.00000000,0.00000000,94.69756566,106.72863180,101.68074366,1745.79450000,23097.44793805,7912.94957600
4,28,0.000000,0.236000,0.00000000,106.72863180,0.00000000,71.75847312,0.00000000,0.00000000,94.69756566,106.72863180,101.68074366,1745.79450000,23446.60683788,7912.94957600
4,29,0.000000,0.244000,0.00000000,106.72863180,0.00000000,77.80888346,0.00000000,0.00000000,94.69756566,106.72863180,101.68074366,1745.79450000,23795.76573772,7912.94957600
4,30,0.000000,0.259000,0.00000000,106.72863180,0.00000000,89.15340284,0.00000000,0.00000000,94.69756566,106.72863180,101.68074366,1745.79450000,24144.92463756,7912.94957600
4,31,0.077000,0.211000,14.02332859,92.70530321,0.00000000,66.87426941,0.00000000,0.00000000,94.69756566,106.72863180,101.68074366,1745.79450000,24494.08353739,7912.94957600
4,32,0.244000,0.248000,44.43756073,62.29107107,0.00000000,125.27164936,0.00000000,0.00000000,94.69756566,106.72863180,101.68074366,1745.79450000,24843.24243723,7912.94957600
4,33,0.389000,0.311000,70.84512756,35.88350424,0.00000000,199.32619759,0.00000000,0.00000000,94.69756566,106.72863180,101.68074366,1745.79450000,25192.40133706,7912.94957600
4,34,0.494000,0.296000,89.96784837,16.76078343,0.00000000,207.10439902,0.00000000,0.00000000,94.69756566,106.72863180,101.68074366,1745.79450000,25541.56023690,7912.94957600
4,35,0.540000,0.244000,98.34542130,8.38321050,0.00000000,176.15430476,0.00000000,0.00000000,94.69756566,106.72863180,101.68074366,1745.79450000,25890.71913674,7912.94957600
4,36,0.565000,0.188000,102.89845006,3.83018174,0.00000000,138.35446117,0.00000000,0.00000000,94.69756566,106.72863180,101.68074366,1745.79450000,26239.87803657,7912.94957600
4,37,0.535000,0.174000,97.43481554,9.29381626,0.00000000,122.30260856,0.00000000,0.00000000,94.69756566,106.72863180,101.68074366,1745.79450000,26589.03693641,7912.94957600
4,38,0.451000,0.179000,82.13663890,24.59199290,0.00000000,110.78593837,0.00000000,0.00000000,94.69756566,106.72863180,101.68074366,1745.79450000,26938.19583624,7912.94957600
4,39,0.323000,0.170000,58.82513163,47.90350017,0.00000000,80.66771948,0.00000000,0.00000000,94.69756566,106.72863180,101.68074366,1745.79450000,27287.35473608,7912.94957600
4,40,0.145000,0.127000,26.40756683,80.32106497,0.00000000,15.72919912,0.00000000,0.00000000,94.69756566,106.72863180,101.68074366,1745.79450000,27636.51363592,7912.94957600
4,41,0.032000,0.089000,5.82787682,67.31081499,0.00000000,0.00000000,4.39189619,0.00000000,67.88180841,77.53058800,73.13869181,1314.22085056,27554.09888631,7912.94957600
4,42,0.000000,0.086000,0.00000000,65.04191112,0.00000000,0.00000000,4.19715053,0.00000000,60.29751631,69.23906164,65.04191112,1186.09870244,27343.56198859,7912.94957600
4,43,0.000000,0.104000,0.00000000,78.65533437,0.00000000,0.00000000,4.52191381,0.00000000,73.05629935,83.17724818,78.65533437,1399.75875645,27346.68514487,7912.94957600
4,44,0.000000,0.141000,0.00000000,106.63848218,0.00000000,0.00000000,0.09014962,0.00000000,94.69756566,106.72863180,101.68074366,1745.79450000,27695.84404471,7912.94957600
4,45,0.000000,0.267000,0.00000000,106.72863180,0.00000000,95.20381318,0.00000000,0.00000000,94.69756566,106.72863180,101.68074366,1745.79450000,28045.00294454,7912.94957600
4,46,0.000000,0.422000,0.00000000,106.72863180,0.00000000,212.43051344,0.00000000,0.00000000,94.69756566,106.72863180,101.68074366,1745.79450000,28394.16184438,7912.94957600
4,47,0.000000,0.430000,0.00000000,106.72863180,0.00000000,218.48092378,0.00000000,0.00000000,94.69756566,106.72863180,101.68074366,1745.79450000,28743.32074422,7912.94957600
4,48,0.000000,0.321000,0.00000000,106.72863180,0.00000000,136.04408295,0.00000000,0.00000000,94.69756566,106.72863180,101.68074366,1745.79450000,29092.47964405,7912.94957600
4,49,0.000000,0.236000,0.00000000,106.72863180,0.00000000,71.75847312,0.00000000,0.00000000,94.69756566,106.72863180,101.68074366,1745.79450000,29441.63854389,7912.94957600
4,50,0.000000,0.196000,0.00000000,106.72863180,0.00000000,41.50642144,0.00000000,0.00000000,94.69756566,106.72863180,101.68074366,1745.79450000,29790.79744372,7912.94957600
4,51,0.000000,0.154000,0.00000000,106.72863180,0.00000000,9.74176717,0.00000000,0.00000000,94.69756566,106.72863180,101.68074366,1745.79450000,30139.95634356,7912.94957600
4,52,0.000000,0.115000,0.00000000,86.97464859,0.00000000,0.00000000,2.49103783,0.00000000,78.81947236,89.46568641,84.79913436,1494.91549777,30238.23624117,7912.94957600
4,53,0.000000,0.081000,0.00000000,61.26040466,0.00000000,0.00000000,4.10392833,0.00000000,56.76133143,65.36433298,61.26040466,1124.76830763,29966.36894863,7912.94957600
4,54,0.000000,0.038000,0.00000000,28.73944910,0.00000000,0.00000000,3.25715229,0.00000000,26.46873386,31.99660139,28.73944910,567.67880909,29137.41215756,7912.94957600
4,55,0.044000,0.005000,2.39428050,0.00000000,5.61905012,3.78150646,0.00000000,0.00000000,0.00000000,2.39428050,0.00000000,0.00000000,27740.77655740,7912.94957600
4,56,0.131000,0.001000,23.85787072,0.75630129,0.00000000,0.00000000,3.14111291,0.00000000,22.64882357,27.75528492,24.61417201,491.33711136,26835.47806859,7912.94957600
4,57,0.195000,0.000000,35.51362436,0.00000000,0.00000000,0.00000000,3.44137528,0.00000000,32.75811178,38.95499964,35.51362436,688.87814526,26127.72061369,7912.94957600
4,58,0.242000,0.000000,44.07331843,0.00000000,0.00000000,0.00000000,3.66858756,0.00000000,40.71987880,47.74190599,44.07331843,838.35990766,25569.44492119,7912.94957600
4,59,0.252000,0.000000,45.89452994,0.00000000,0.00000000,0.00000000,3.71567532,0.00000000,42.41717514,49.61020526,45.89452994,869.33869947,25042.14802049,7912.94957600
4,60,0.232000,0.000000,42.25210693,0.00000000,0.00000000,0.00000000,3.62149980,0.00000000,39.02258246,45.87360672,42.25210693,807.38111586,24452.89353619,7912.94957600
4,61,0.188000,0.000000,34.23877630,0.00000000,0.00000000,0.00000000,3.40670592,0.00000000,31.57449888,37.64548222,34.23877630,666.06935572,23722.32729174,7912.94957600
4,62,0.158000,0.000000,28.77514179,0.00000000,0.00000000,0.00000000,3.25812295,0.00000000,26.50187219,32.03326474,28.77514179,568.31740052,22894.00909210,7912.94957600
4,63,0.123000,0.000000,22.40090152,0.00000000,0.00000000,0.00000000,3.07757337,0.00000000,20.60276238,25.47847489,22.40090152,449.53478561,21946.90827754,7912.94957600
4,64,0.083000,0.002000,15.11605550,1.51260258,0.00000000,0.00000000,2.91186129,0.00000000,15.26660337,19.54051937,16.62865808,340.51367821,20890.78635559,7912.94957600
4,65,0.040000,0.009000,2.39428050,0.00000000,4.89056552,6.80671163,0.00000000,0.00000000,0.00000000,2.39428050,0.00000000,0.00000000,19494.15075542,7912.94957600
4,66,0.000000,0.019000,0.00000000,2.39428050,0.00000000,11.97544405,0.00000000,0.00000000,0.00000000,2.39428050,0.00000000,0.00000000,18097.51515526,7912.94957600
4,67,0.000000,0.007000,0.00000000,2.39428050,0.00000000,2.89982854,0.00000000,0.00000000,0.00000000,2.39428050,0.00000000,0.00000000,16700.87955510,7912.94957600
4,68,0.000000,0.000000,0.00000000,0.00000000,0.00000000,0.00000000,2.39428050,0.00000000,0.00000000,2.39428050,0.00000000,0.00000000,15304.24395493,7912.94957600
4,69,0.000000,0.000000,0.00000000,0.00000000,0.00000000,0.00000000,2.39428050,0.00000000,0.00000000,2.39428050,0.00000000,0.00000000,13907.60835477,7912.94957600
4,70,0.000000,0.000000,0.00000000,0.00000000,0.00000000,0.00000000,2.39428050,0.00000000,0.00000000,2.39428050,0.00000000,0.00000000,12510.97275460,7912.94957600
4,71,0.000000,0.000000,0.00000000,0.00000000,0.00000000,0.00000000,2.39428050,0.00000000,0.00000000,2.39428050,0.00000000,0.00000000,11114.33715444,7912.94957600
4,72,0.000000,0.000000,0.00000000,0.00000000,0.00000000,0.00000000,2.39428050,0.00000000,0.00000000,2.39428050,0.00000000,0.00000000,9717.70155428,7912.94957600
4,73,0.000000,0.000000,0.00000000,0.00000000,0.00000000,0.00000000,2.39428050,0.00000000,0.00000000,2.39428050,0.00000000,0.00000000,8321.06595411,7912.94957600
4,74,0.000000,0.001000,0.00000000,0.75630129,0.00000000,0.00000000,1.63797921,0.00000000,0.00000000,2.39428050,0.00000000,0.00000000,6924.43035395,7912.94957600
4,75,0.000000,0.003000,0.00000000,2.26890388,0.00000000,0.00000000,0.12537662,0.00000000,0.00000000,2.39428050,0.00000000,0.00000000,5527.79475378,7912.94957600
4,76,0.000000,0.007000,0.00000000,2.39428050,0.00000000,2.89982854,0.00000000,0.00000000,0.00000000,2.39428050,0.00000000,0.00000000,4131.15915362,7912.94957600
4,77,0.000000,0.016000,0.00000000,2.39428050,0.00000000,9.70654017,0.00000000,0.00000000,0.00000000,2.39428050,0.00000000,0.00000000,2734.52355346,7912.94957600
4,78,0.000000,0.038000,0.00000000,28.73944910,0.00000000,0.00000000,3.25715229,0.00000000,26.46873386,31.99660139,28.73944910,567.67880909,1905.56676239,7912.94957600
4,79,0.092000,0.061000,16.75514585,40.91486884,0.00000000,5.21950998,0.00000000,0.00000000,49.73928100,57.67001469,53.75120360,1002.98064984,1511.91181206,7912.94957600
4,80,0.262000,0.077000,47.71574144,58.23519949,0.00000000,0.00000000,0.00000000,0.00000000,93.98226199,105.95094093,100.92023188,1734.49247101,1849.76868291,7912.94957600
4,81,0.420000,0.110000,76.49088323,30.23774857,0.00000000,52.95539356,0.00000000,0.00000000,94.69756566,106.72863180,101.68074366,1745.79450000,2198.92758274,7912.94957600
4,82,0.520000,0.144000,94.70299829,12.02563351,0.00000000,96.88175254,0.00000000,0.00000000,94.69756566,106.72863180,101.68074366,1745.79450000,2548.08648258,7912.94957600
4,83,0.571000,0.172000,72.94337341,0.00000000,31.04780356,130.08382223,0.00000000,0.00000000,63.67817400,72.94337341,68.65710075,1244.73168631,2396.18256873,7912.94957600
4,84,0.574000,0.179000,104.53754042,2.19109138,0.00000000,133.18683989,0.00000000,0.00000000,94.69756566,106.72863180,101.68074366,1745.79450000,2745.34146856,7912.94957600
4,85,0.539000,0.177000,98.16330015,8.56533165,0.00000000,125.29999704,0.00000000,0.00000000,94.69756566,106.72863180,101.68074366,1745.79450000,3094.50036840,7912.94957600
4,86,0.460000,0.177000,57.67001469,0.00000000,26.10571457,133.86532869,0.00000000,0.00000000,49.73928100,57.67001469,53.75120360,1002.98064984,2700.84541807,7912.94957600
4,87,0.333000,0.163000,60.64634313,46.08228867,0.00000000,77.19482194,0.00000000,0.00000000,94.69756566,106.72863180,101.68074366,1745.79450000,3050.00431791,7912.94957600
4,88,0.161000,0.164000,29.32150524,43.62186817,0.00000000,80.41154373,0.00000000,0.00000000,63.67817400,72.94337341,68.65710075,1244.73168631,2898.10040405,7912.94957600
4,89,0.043000,0.169000,7.83120947,98.89742233,0.00000000,28.91749603,0.00000000,0.00000000,94.69756566,106.72863180,101.68074366,1745.79450000,3247.25930389,7912.94957600
4,90,0.000000,0.192000,0.00000000,106.72863180,0.00000000,38.48121627,0.00000000,0.00000000,94.69756566,106.72863180,101.68074366,1745.79450000,3596.41820373,7912.94957600
4,91,0.000000,0.212000,0.00000000,106.72863180,0.00000000,53.60724211,0.00000000,0.00000000,94.69756566,106.72863180,101.68074366,1745.79450000,3945.57710356,7912.94957600
4,92,0.000000,0.225000,0.00000000,106.72863180,0.00000000,63.43915891,0.00000000,0.00000000,94.69756566,106.72863180,101.68074366,1745.79450000,4294.73600340,7912.94957600
4,93,0.000000,0.231000,0.00000000,106.72863180,0.00000000,67.97696666,0.00000000,0.00000000,94.69756566,106.72863180,101.68074366,1745.79450000,4643.89490323,7912.94957600
4,94,0.000000,0.223000,0.00000000,106.72863180,0.00000000,61.92655633,0.00000000,0.00000000,94.69756566,106.72863180,101.68074366,1745.79450000,4993.05380307,7912.94957600
4,95,0.000000,0.218000,0.00000000,106.72863180,0.00000000,58.14504987,0.00000000,0.00000000,94.69756566,106.72863180,101.68074366,1745.79450000,5342.21270291,7912.94957600
4,96,0.000000,0.217000,0.00000000,106.72863180,0.00000000,57.38874857,0.00000000,0.00000000,94.69756566,106.72863180,101.68074366,1745.79450000,5691.37160274,7912.94957600
4,97,0.000000,0.222000,0.00000000,106.72863180,0.00000000,61.17025503,0.00000000,0.00000000,94.69756566,106.72863180,101.68074366,1745.79450000,6040.53050258,7912.94957600
4,98,0.000000,0.231000,0.00000000,106.72863180,0.00000000,67.97696666,0.00000000,0.00000000,94.69756566,106.72863180,101.68074366,1745.79450000,6389.68940241,7912.94957600
4,99,0.000000,0.236000,0.00000000,106.72863180,0.00000000,71.75847312,0.00000000,0.00000000,94.69756566,106.72863180,101.68074366,1745.79450000,6738.84830225,7912.94957600
4,100,0.000000,0.226000,0.00000000,106.72863180,0.00000000,64.19546020,0.00000000,0.00000000,94.69756566,106.72863180,101.68074366,1745.79450000,7088.00720209,7912.94957600
4,101,0.000000,0.227000,0.00000000,106.72863180,0.00000000,64.95176149,0.00000000,0.00000000,94.69756566,106.72863180,101.68074366,1745.79450000,7437.16610192,7912.94957600
4,102,0.000000,0.261000,0.00000000,106.72863180,0.00000000,90.66600542,0.00000000,0.00000000,94.69756566,106.72863180,101.68074366,1745.79450000,7786.32500176,7912.94957600
4,103,0.087000,0.278000,15.84454010,90.88409170,0.00000000,119.36766749,0.00000000,0.00000000,94.69756566,106.72863180,101.68074366,1745.79450000,8135.48390159,7912.94957600
4,104,0.242000,0.316000,44.07331843,62.65531337,0.00000000,176.33589492,0.00000000,0.00000000,94.69756566,106.72863180,101.68074366,1745.79450000,8484.64280143,7912.94957600
4,105,0.407000,0.399000,74.12330827,32.60532353,0.00000000,269.15889200,0.00000000,0.00000000,94.69756566,106.72863180,101.68074366,1745.79450000,8833.80170127,7912.94957600
4,106,0.524000,0.380000,72.94337341,0.00000000,22.48810948,287.39449098,0.00000000,0.00000000,63.67817400,72.94337341,68.65710075,1244.73168631,8681.89778741,7912.94957600
4,107,0.572000,0.311000,104.17329812,2.55533369,0.00000000,232.65436814,0.00000000,0.00000000,94.69756566,106.72863180,101.68074366,1745.79450000,9031.05668725,7912.94957600
4,108,0.552000,0.246000,100.53087510,6.19775670,0.00000000,179.85236115,0.00000000,0.00000000,94.69756566,106.72863180,101.68074366,1745.79450000,9380.21558709,7912.94957600
4,109,0.480000,0.223000,87.41815226,19.31047954,0.00000000,149.34470859,0.00000000,0.00000000,94.69756566,106.72863180,101.68074366,1745.79450000,9729.37448692,7912.94957600
4,110,0.366000,0.230000,66.65634110,40.07229070,0.00000000,133.87700647,0.00000000,0.00000000,94.69756566,106.72863180,101.68074366,1745.79450000,10078.53338676,7912.94957600
4,111,0.242000,0.237000,44.07331843,62.65531337,0.00000000,116.58809285,0.00000000,0.00000000,94.69756566,106.72863180,101.68074366,1745.79450000,10427.69228659,7912.94957600
4,112,0.134000,0.220000,24.40423417,82.32439763,0.00000000,84.06188662,0.00000000,0.00000000,94.69756566,106.72863180,101.68074366,1745.79450000,10776.85118643,7912.94957600
4,113,0.043000,0.207000,7.83120947,98.89742233,0.00000000,57.65694513,0.00000000,0.00000000,94.69756566,106.72863180,101.68074366,1745.79450000,11126.01008627,7912.94957600
4,114,0.000000,0.232000,0.00000000,106.72863180,0.00000000,68.73326795,0.00000000,0.00000000,94.69756566,106.72863180,101.68074366,1745.79450000,11475.16898610,7912.94957600
4,115,0.000000,0.256000,0.00000000,106.72863180,0.00000000,86.88449896,0.00000000,0.00000000,94.69756566,106.72863180,101.68074366,1745.79450000,11824.32788594,7912.94957600
4,116,0.000000,0.278000,0.00000000,106.72863180,0.00000000,103.52312739,0.00000000,0.00000000,94.69756566,106.72863180,101.68074366,1745.79450000,12173.48678577,7912.94957600
4,117,0.000000,0.295000,0.00000000,106.72863180,0.00000000,116.38024935,0.00000000,0.00000000,94.69756566,106.72863180,101.68074366,1745.79450000,12522.64568561,7912.94957600
4,118,0.000000,0.302000,0.00000000,106.72863180,0.00000000,121.67435840,0.00000000,0.00000000,94.69756566,106.72863180,101.68074366,1745.79450000,12871.80458545,7912.94957600
4,119,0.000000,0.298000,0.00000000,106.72863180,0.00000000,118.64915323,0.00000000,0.00000000,94.69756566,106.72863180,101.68074366,1745.79450000,13220.96348528,7912.94957600
4,120,0.000000,0.289000,0.00000000,106.72863180,0.00000000,111.84244160,0.00000000,0.00000000,94.69756566,106.72863180,101.68074366,1745.79450000,13570.12238512,7912.94957600
4,121,0.000000,0.289000,0.00000000,106.72863180,0.00000000,111.84244160,0.00000000,0.00000000,94.69756566,106.72863180,101.68074366,1745.79450000,13919.28128495,7912.94957600
4,122,0.000000,0.305000,0.00000000,106.72863180,0.00000000,123.94326227,0.00000000,0.00000000,94.69756566,106.72863180,101.68074366,1745.79450000,14268.44018479,7912.94957600
4,123,0.000000,0.332000,0.00000000,106.72863180,0.00000000,144.36339716,0.00000000,0.00000000,94.69756566,106.72863180,101.68074366,1745.79450000,14617.59908463,7912.94957600
4,124,0.000000,0.361000,0.00000000,106.72863180,0.00000000,166.29613463,0.00000000,0.00000000,94.69756566,106.72863180,101.68074366,1745.79450000,14966.75798446,7912.94957600
4,125,0.000000,0.379000,0.00000000,106.72863180,0.00000000,179.90955789,0.00000000,0.00000000,94.69756566,106.72863180,101.68074366,1745.79450000,15315.91688430,7912.94957600
4,126,0.000000,0.378000,0.00000000,106.72863180,0.00000000,179.15325659,0.00000000,0.00000000,94.69756566,106.72863180,101.68074366,1745.79450000,15665.07578413,7912.94957600
4,127,0.109000,0.274000,19.85120541,86.87742639,0.00000000,120.34912763,0.00000000,0.00000000,94.69756566,106.72863180,101.68074366,1745.79450000,16014.23468397,7912.94957600
4,128,0.295000,0.386000,53.72573941,53.00289239,0.00000000,238.92940634,0.00000000,0.00000000,94.69756566,106.72863180,101.68074366,1745.79450000,16363.39358381,7912.94957600
4,129,0.452000,0.494000,82.31876005,24.40987175,0.00000000,349.20296652,0.00000000,0.00000000,94.69756566,106.72863180,101.68074366,1745.79450000,16712.55248364,7912.94957600
4,130,0.562000,0.504000,102.35208661,4.37654519,0.00000000,376.79930600,0.00000000,0.00000000,94.69756566,106.72863180,101.68074366,1745.79450000,17061.71138348,7912.94957600
4,131,0.623000,0.462000,106.72863180,0.00000000,6.73284499,349.41119693,0.00000000,0.00000000,94.69756566,106.72863180,101.68074366,1745.79450000,17410.87028331,7912.94957600
4,132,0.637000,0.396000,106.72863180,0.00000000,9.28254110,299.49531165,0.00000000,0.00000000,94.69756566,106.72863180,101.68074366,1745.79450000,17760.02918315,7912.94957600
4,133,0.609000,0.348000,106.72863180,0.00000000,4.18314889,263.19284963,0.00000000,0.00000000,94.69756566,106.72863180,101.68074366,1745.79450000,18109.18808299,7912.94957600
4,134,0.533000,0.323000,97.07057324,9.65805856,0.00000000,234.62725877,0.00000000,0.00000000,94.69756566,106.72863180,101.68074366,1745.79450000,18458.34698282,7912.94957600
4,135,0.420000,0.305000,76.49088323,30.23774857,0.00000000,200.43414551,0.00000000,0.00000000,94.69756566,106.72863180,101.68074366,1745.79450000,18807.50588266,7912.94957600
4,136,0.256000,0.275000,46.62301454,60.10561726,0.00000000,147.87723805,0.00000000,0.00000000,94.69756566,106.72863180,101.68074366,1745.79450000,19156.66478249,7912.94957600
4,137,0.085000,0.243000,15.48029780,91.24833400,0.00000000,92.53287996,0.00000000,0.00000000,94.69756566,106.72863180,101.68074366,1745.79450000,19505.82368233,7912.94957600
4,138,0.000000,0.274000,0.00000000,106.72863180,0.00000000,100.49792222,0.00000000,0.00000000,94.69756566,106.72863180,101.68074366,1745.79450000,19854.98258217,7912.94957600
4,139,0.000000,0.350000,0.00000000,106.72863180,0.00000000,157.97682042,0.00000000,0.00000000,94.69756566,106.72863180,101.68074366,1745.79450000,20204.14148200,7912.94957600
4,140,0.000000,0.414000,0.00000000,106.72863180,0.00000000,206.38010311,0.00000000,0.00000000,94.69756566,106.72863180,101.68074366,1745.79450000,20553.30038184,7912.94957600
4,141,0.000000,0.433000,0.00000000,106.72863180,0.00000000,220.74982766,0.00000000,0.00000000,94.69756566,106.72863180,101.68074366,1745.79450000,20902.45928167,7912.94957600
4,142,0.000000,0.463000,0.00000000,106.72863180,0.00000000,243.43886642,0.00000000,0.00000000,94.69756566,106.72863180,101.68074366,1745.79450000,21251.61818151,7912.94957600
4,143,0.000000,0.412000,0.00000000,106.72863180,0.00000000,204.86750052,0.00000000,0.00000000,94.69756566,106.72863180,101.68074366,1745.79450000,21600.77708135,7912.94957600
4,144,0.000000,0.387000,0.00000000,106.72863180,0.00000000,185.95996822,0.00000000,0.00000000,94.69756566,106.72863180,101.68074366,1745.79450000,21949.93598118,7912.94957600
4,145,0.000000,0.390000,0.00000000,106.72863180,0.00000000,188.22887210,0.00000000,0.00000000,94.69756566,106.72863180,101.68074366,1745.79450000,22299.09488102,7912.94957600
4,146,0.000000,0.314000,0.00000000,106.72863180,0.00000000,130.74997390,0.00000000,0.00000000,94.69756566,106.72863180,101.68074366,1745.79450000,22648.25378085,7912.94957600
4,147,0.000000,0.302000,0.00000000,106.72863180,0.00000000,121.67435840,0.00000000,0.00000000,94.69756566,106.72863180,101.68074366,1745.79450000,22997.41268069,7912.94957600
4,148,0.000000,0.266000,0.00000000,106.72863180,0.00000000,94.44751188,0.00000000,0.00000000,94.69756566,106.72863180,101.68074366,1745.79450000,23346.57158053,7912.94957600
4,149,0.000000,0.249000,0.00000000,106.72863180,0.00000000,81.59038992,0.00000000,0.00000000,94.69756566,106.72863180,101.68074366,1745.79450000,23695.73048036,7912.94957600
4,150,0.000000,0.236000,0.00000000,106.72863180,0.00000000,71.75847312,0.00000000,0.00000000,94.69756566,106.72863180,101.68074366,1745.79450000,24044.88938020,7912.94957600
4,151,0.103000,0.167000,18.75847851,87.97015329,0.00000000,38.33216248,0.00000000,0.00000000,94.69756566,106.72863180,101.68074366,1745.79450000,24394.04828003,7912.94957600
4,152,0.276000,0.203000,50.26543755,56.46319425,0.00000000,97.06596804,0.00000000,0.00000000,94.69756566,106.72863180,101.68074366,1745.79450000,24743.20717987,7912.94957600
4,153,0.438000,0.237000,72.94337341,0.00000000,6.82569053,179.24340622,0.00000000,0.00000000,63.67817400,72.94337341,68.65710075,1244.73168631,24591.30326602,7912.94957600
4,154,0.549000,0.206000,99.98451165,6.74412015,0.00000000,149.05394601,0.00000000,0.00000000,94.69756566,106.72863180,101.68074366,1745.79450000,24940.46216585,7912.94957600
4,155,0.616000,0.158000,106.72863180,0.00000000,5.45799694,119.49560414,0.00000000,0.00000000,94.69756566,106.72863180,101.68074366,1745.79450000,25289.62106569,7912.94957600
4,156,0.626000,0.126000,106.72863180,0.00000000,7.27920844,95.29396280,0.00000000,0.00000000,94.69756566,106.72863180,101.68074366,1745.79450000,25638.77996553,7912.94957600
4,157,0.586000,0.112000,106.72299422,0.00563758,0.00000000,84.70010713,0.00000000,0.00000000,94.69756566,106.72863180,101.68074366,1745.79450000,25987.93886536,7912.94957600
4,158,0.502000,0.099000,91.42481758,15.30381422,0.00000000,59.57001369,0.00000000,0.00000000,94.69756566,106.72863180,101.68074366,1745.79450000,26337.09776520,7912.94957600
4,159,0.386000,0.086000,70.29876411,36.42986769,0.00000000,28.61204343,0.00000000,0.00000000,94.69756566,106.72863180,101.68074366,1745.79450000,26686.25666503,7912.94957600
4,160,0.226000,0.072000,30.37356422,0.00000000,10.78581580,54.45369303,0.00000000,0.00000000,25.00174700,30.37356422,27.15938231,539.40882693,25829.02989180,7912.94957600
4,161,0.080000,0.061000,14.56969204,15.80387218,0.00000000,30.33050663,0.00000000,0.00000000,25.00174700,30.37356422,27.15938231,539.40882693,24971.80311856,7912.94957600
4,162,0.000000,0.055000,0.00000000,30.37356422,0.00000000,11.22300684,0.00000000,0.00000000,25.00174700,30.37356422,27.15938231,539.40882693,24114.57634532,7912.94957600
4,163,0.000000,0.060000,0.00000000,43.47863956,0.00000000,1.89943796,0.00000000,0.00000000,36.84682300,43.47863956,39.91750131,767.66957627,23485.61032142,7912.94957600
4,164,0.000000,0.081000,0.00000000,57.67001469,0.00000000,3.59038997,0.00000000,0.00000000,49.73928100,57.67001469,53.75120360,1002.98064984,23091.95537109,7912.94957600
4,165,0.000000,0.113000,0.00000000,2.39428050,0.00000000,83.06776550,0.00000000,0.00000000,0.00000000,2.39428050,0.00000000,0.00000000,21695.31977093,7912.94957600
4,166,0.000000,0.139000,0.00000000,105.12587959,0.00000000,0.00000000,0.00000000,0.00000000,93.22338796,105.12587959,100.11339603,1722.50201629,22021.18618705,7912.94957600
4,167,0.000000,0.156000,0.00000000,106.72863180,0.00000000,11.25436976,0.00000000,0.00000000,94.69756566,106.72863180,101.68074366,1745.79450000,22370.34508689,7912.94957600
4,168,0.000000,0.164000,0.00000000,106.72863180,0.00000000,17.30478010,0.00000000,0.00000000,94.69756566,106.72863180,101.68074366,1745.79450000,22719.50398673,7912.94957600
4,169,0.000000,0.179000,0.00000000,106.72863180,0.00000000,28.64929948,0.00000000,0.00000000,94.69756566,106.72863180,101.68074366,1745.79450000,23068.66288656,7912.94957600
4,170,0.000000,0.196000,0.00000000,106.72863180,0.00000000,41.50642144,0.00000000,0.00000000,94.69756566,106.72863180,101.68074366,1745.79450000,23417.82178640,7912.94957600
4,171,0.000000,0.219000,0.00000000,30.37356422,0.00000000,135.25641873,0.00000000,0.00000000,25.00174700,30.37356422,27.15938231,539.40882693,22560.59501316,7912.94957600
4,172,0.000000,0.236000,0.00000000,106.72863180,0.00000000,71.75847312,0.00000000,0.00000000,94.69756566,106.72863180,101.68074366,1745.79450000,22909.75391300,7912.94957600
4,173,0.000000,0.245000,0.00000000,106.72863180,0.00000000,78.56518475,0.00000000,0.00000000,94.69756566,106.72863180,101.68074366,1745.79450000,23258.91281283,7912.94957600
4,174,0.000000,0.245000,0.00000000,106.72863180,0.00000000,78.56518475,0.00000000,0.00000000,94.69756566,106.72863180,101.68074366,1745.79450000,23608.07171267,7912.94957600
4,175,0.098000,0.162000,17.84787275,88.88075905,0.00000000,33.64005027,0.00000000,0.00000000,94.69756566,106.72863180,101.68074366,1745.79450000,23957.23061250,7912.94957600
4,176,0.274000,0.133000,49.90119525,56.82743655,0.00000000,43.76063529,0.00000000,0.00000000,94.69756566,106.72863180,101.68074366,1745.79450000,24306.38951234,7912.94957600
4,177,0.428000,0.203000,77.94785244,28.78077936,0.00000000,124.74838292,0.00000000,0.00000000,94.69756566,106.72863180,101.68074366,1745.79450000,24655.54841218,7912.94957600
4,178,0.533000,0.193000,97.07057324,9.65805856,0.00000000,136.30809081,0.00000000,0.00000000,94.69756566,106.72863180,101.68074366,1745.79450000,25004.70731201,7912.94957600
4,179,0.590000,0.179000,106.72863180,0.00000000,0.72284702,135.37793128,0.00000000,0.00000000,94.69756566,106.72863180,101.68074366,1745.79450000,25353.86621185,7912.94957600
4,180,0.585000,0.167000,106.54087307,0.18775873,0.00000000,126.11455704,0.00000000,0.00000000,94.69756566,106.72863180,101.68074366,1745.79450000,25703.02511168,7912.94957600
4,181,0.525000,0.145000,95.61360404,11.11502776,0.00000000,98.54865959,0.00000000,0.00000000,94.69756566,106.72863180,101.68074366,1745.79450000,26052.18401152,7912.94957600
4,182,0.440000,0.123000,80.13330624,26.59532556,0.00000000,66.42973336,0.00000000,0.00000000,94.69756566,106.72863180,101.68074366,1745.79450000,26401.34291136,7912.94957600
4,183,0.326000,0.109000,59.37149508,47.35713672,0.00000000,35.07970411,0.00000000,0.00000000,94.69756566,106.72863180,101.68074366,1745.79450000,26750.50181119,7912.94957600
4,184,0.184000,0.102000,33.51029170,73.21834010,0.00000000,3.92439169,0.00000000,0.00000000,94.69756566,106.72863180,101.68074366,1745.79450000,27099.66071103,7912.94957600
4,185,0.053000,0.110000,9.65242098,83.19314213,0.00000000,0.00000000,0.00000000,0.00000000,81.92821170,92.84556310,88.10435004,1544.03458337,27247.05969423,7912.94957600
4,186,0.000000,0.136000,0.00000000,102.85697572,0.00000000,0.00000000,0.00000000,0.00000000,91.13649800,102.85697572,97.89461193,1689.52848090,27539.95257497,7912.94957600
4,187,0.000000,0.176000,0.00000000,106.72863180,0.00000000,26.38039560,0.00000000,0.00000000,94.69756566,106.72863180,101.68074366,1745.79450000,27889.11147481,7912.94957600
4,188,0.000000,0.223000,0.00000000,106.72863180,0.00000000,61.92655633,0.00000000,0.00000000,94.69756566,106.72863180,101.68074366,1745.79450000,28238.27037464,7912.94957600
4,189,0.000000,0.272000,0.00000000,106.72863180,0.00000000,98.98531964,0.00000000,0.00000000,94.69756566,106.72863180,101.68074366,1745.79450000,28587.42927448,7912.94957600
4,190,0.000000,0.316000,0.00000000,106.72863180,0.00000000,132.26257649,0.00000000,0.00000000,94.69756566,106.72863180,101.68074366,1745.79450000,28936.58817432,7912.94957600
4,191,0.000000,0.352000,0.00000000,106.72863180,0.00000000,159.48942300,0.00000000,0.00000000,94.69756566,106.72863180,101.68074366,1745.79450000,29285.74707415,7912.94957600
4,192,0.000000,0.380000,0.00000000,106.72863180,0.00000000,180.66585918,0.00000000,0.00000000,94.69756566,106.72863180,101.68074366,1745.79450000,29634.90597399,7912.94957600
4,193,0.000000,0.354000,0.00000000,107.32720193,0.00000000,160.40345546,0.00000000,0.00000000,94.69756566,107.32720193,101.68074366,1745.79450000,29634.90597378,9891.18697000
4,194,0.000000,0.316000,0.00000000,107.32720193,0.00000000,131.66400636,0.00000000,0.00000000,94.69756566,107.32720193,101.68074366,1745.79450000,29634.90597358,9891.18697000
4,195,0.000000,0.288000,0.00000000,107.32720193,0.00000000,110.48757018,0.00000000,0.00000000,94.69756566,107.32720193,101.68074366,1745.79450000,29634.90597337,9891.18697000
4,196,0.000000,0.264000,0.00000000,107.32720193,0.00000000,92.33633917,0.00000000,0.00000000,94.69756566,107.32720193,101.68074366,1745.79450000,29634.90597317,9891.18697000
4,197,0.000000,0.259000,0.00000000,106.72863180,0.00000000,89.15340284,0.00000000,0.00000000,94.69756566,106.72863180,101.68074366,1745.79450000,29984.06487300,7912.94957600
4,198,0.000000,0.254000,0.00000000,107.32720193,0.00000000,84.77332625,0.00000000,0.00000000,94.69756566,107.32720193,101.68074366,1745.79450000,29984.06487280,9891.18697000
4,199,0.057000,0.201000,10.38090558,96.51056526,0.00000000,55.50599445,0.00000000,0.00000000,94.69756566,106.89147084,101.68074366,1745.79450000,30238.23624117,8451.12255882
4,200,0.177000,0.199000,32.23544365,75.09175828,0.00000000,75.41219884,0.00000000,0.00000000,94.69756566,107.32720193,101.68074366,1745.79450000,30238.23624096,9891.18697000
4,201,0.321000,0.277000,58.46088933,48.86631260,0.00000000,160.62914530,0.00000000,0.00000000,94.69756566,107.32720193,101.68074366,1745.79450000,30238.23624076,9891.18697000
4,202,0.439000,0.270000,79.95118509,27.37601683,0.00000000,176.82533202,0.00000000,0.00000000,94.69756566,107.32720192,101.68074366,1745.79450000,30238.23624117,9891.18696652
4,203,0.512000,0.214000,93.24602908,14.08117284,0.00000000,147.76730365,0.00000000,0.00000000,94.69756566,107.32720193,101.68074366,1745.79450000,30238.23624096,9891.18697000
4,204,0.544000,0.164000,99.07390590,8.25329603,0.00000000,115.78011587,0.00000000,0.00000000,94.69756566,107.32720193,101.68074366,1745.79450000,30238.23624076,9891.18697000
4,205,0.530000,0.138000,96.52420979,10.80299213,0.00000000,93.56658617,0.00000000,0.00000000,94.69756566,107.32720193,101.68074366,1745.79450000,30238.23624055,9891.18697000
4,206,0.474000,0.131000,86.32542536,21.00177656,0.00000000,78.07369270,0.00000000,0.00000000,94.69756566,107.32720192,101.68074366,1745.79450000,30238.23624137,9891.18696419
4,207,0.366000,0.124000,66.65634110,40.67086082,0.00000000,53.11049939,0.00000000,0.00000000,94.69756566,107.32720193,101.68074366,1745.79450000,30238.23624117,9891.18697000
4,208,0.219000,0.122000,39.88453197,67.44266996,0.00000000,24.82608767,0.00000000,0.00000000,94.69756566,107.32720193,101.68074366,1745.79450000,30238.23624096,9891.18697000
4,209,0.065000,0.133000,11.83787479,95.48932714,0.00000000,5.09874470,0.00000000,0.00000000,94.69756566,107.32720193,101.68074366,1745.79450000,30238.23624076,9891.18697000
4,210,0.000000,0.179000,0.00000000,107.32720192,0.00000000,28.05072935,0.00000000,0.00000000,94.69756566,107.32720192,101.68074366,1745.79450000,30238.23624158,9891.18696419
4,211,0.000000,0.242000,0.00000000,107.32720193,0.00000000,75.69771075,0.00000000,0.00000000,94.69756566,107.32720193,101.68074366,1745.79450000,30238.23624137,9891.18697000
4,212,0.000000,0.311000,0.00000000,107.32720193,0.00000000,127.88249990,0.00000000,0.00000000,94.69756566,107.32720193,101.68074366,1745.79450000,30238.23624117,9891.18697000
4,213,0.000000,0.379000,0.00000000,107.32720193,0.00000000,179.31098776,0.00000000,0.00000000,94.69756566,107.32720193,101.68074366,1745.79450000,30238.23624096,9891.18697000
4,214,0.000000,0.411000,0.00000000,107.32720193,0.00000000,203.51262911,0.00000000,0.00000000,94.69756566,107.32720193,101.68074366,1745.79450000,30238.23624076,9891.18697000
4,215,0.000000,0.391000,0.00000000,107.32720193,0.00000000,188.38660326,0.00000000,0.00000000,94.69756566,107.32720193,101.68074366,1745.79450000,30238.23624055,9891.18697000
4,216,0.000000,0.401000,0.00000000,107.32720193,0.00000000,195.94961619,0.00000000,0.00000000,94.69756566,107.32720193,101.68074366,1745.79450000,30238.23624035,9891.18697000
4,217,0.000000,0.410000,0.00000000,107.32720193,0.00000000,202.75632781,0.00000000,0.00000000,94.69756566,107.32720193,101.68074366,1745.79450000,30238.23624014,9891.18697000
4,218,0.000000,0.400000,0.00000000,107.32720193,0.00000000,195.19331489,0.00000000,0.00000000,94.69756566,107.32720193,101.68074366,1745.79450000,30238.23623994,9891.18697000
4,219,0.000000,0.395000,0.00000000,107.32720193,0.00000000,191.41180843,0.00000000,0.00000000,94.69756566,107.32720193,101.68074366,1745.79450000,30238.23623973,9891.18697000
4,220,0.000000,0.395000,0.00000000,107.32720193,0.00000000,191.41180843,0.00000000,0.00000000,94.69756566,107.32720193,101.68074366,1745.79450000,30238.23623953,9891.18697000
4,221,0.000000,0.389000,0.00000000,107.32720192,0.00000000,186.87400068,0.00000000,0.00000000,94.69756566,107.32720192,101.68074366,1745.79450000,30238.23624137,9891.18695839
4,222,0.000000,0.374000,0.00000000,107.32720193,0.00000000,175.52948130,0.00000000,0.00000000,94.69756566,107.32720193,101.68074366,1745.79450000,30238.23624117,9891.18697000
4,223,0.076000,0.278000,13.84120744,93.48599448,0.00000000,116.76576471,0.00000000,0.00000000,94.69756566,107.32720193,101.68074366,1745.79450000,30238.23624117,9891.18696884
4,224,0.233000,0.338000,42.43422808,64.89297385,0.00000000,190.73686286,0.00000000,0.00000000,94.69756566,107.32720193,101.68074366,1745.79450000,30238.23624096,9891.18697000
4,225,0.383000,0.496000,69.75240066,37.57480126,0.00000000,337.55063959,0.00000000,0.00000000,94.69756566,107.32720193,101.68074366,1745.79450000,30238.23624076,9891.18697000
4,226,0.494000,0.495000,89.96784837,17.35935355,0.00000000,357.00978601,0.00000000,0.00000000,94.69756566,107.32720192,101.68074366,1745.79450000,30238.23624117,9891.18696652
4,227,0.556000,0.416000,58.26858481,0.00000000,42.99077489,314.62133749,0.00000000,0.00000000,49.73928100,58.26858481,53.75120360,1002.98064984,29495.42239080,9891.18697000
4,228,0.560000,0.337000,101.98784431,5.33935762,0.00000000,249.53417780,0.00000000,0.00000000,94.69756566,107.32720193,101.68074366,1745.79450000,29495.42239059,9891.18697000
4,229,0.539000,0.295000,98.16330015,9.16390178,0.00000000,213.94497938,0.00000000,0.00000000,94.69756566,107.32720193,101.68074366,1745.79450000,29495.42239039,9891.18697000
4,230,0.487000,0.290000,88.69300032,18.03563148,0.00000000,201.29174321,0.00000000,0.00000000,94.69756566,106.72863180,101.68074366,1745.79450000,29844.58129022,7912.94957600
4,231,0.378000,0.306000,58.26858481,0.00000000,10.57321010,231.42819537,0.00000000,0.00000000,49.73928100,58.26858481,53.75120360,1002.98064984,29101.76743985,9891.18697000
4,232,0.221000,0.320000,40.24877427,67.07842765,0.00000000,174.93798580,0.00000000,0.00000000,94.69756566,107.32720193,101.68074366,1745.79450000,29101.76743965,9891.18697000
4,233,0.074000,0.323000,13.47696514,93.85023679,0.00000000,150.43508055,0.00000000,0.00000000,94.69756566,107.32720193,101.68074366,1745.79450000,29101.76743944,9891.18697000
4,234,0.000000,0.374000,0.00000000,106.72863180,0.00000000,176.12805143,0.00000000,0.00000000,94.69756566,106.72863180,101.68074366,1745.79450000,29450.92633928,7912.94957600
4,235,0.000000,0.413000,0.00000000,106.72863180,0.00000000,205.62380181,0.00000000,0.00000000,94.69756566,106.72863180,101.68074366,1745.79450000,29800.08523912,7912.94957600
4,236,0.000000,0.417000,0.00000000,107.32720193,0.00000000,208.05043686,0.00000000,0.00000000,94.69756566,107.32720193,101.68074366,1745.79450000,29800.08523891,9891.18697000
4,237,0.000000,0.395000,0.00000000,106.72863180,0.00000000,192.01037856,0.00000000,0.00000000,94.69756566,106.72863180,101.68074366,1745.79450000,30149.24413875,7912.94957600
4,238,0.000000,0.361000,0.00000000,107.32720193,0.00000000,165.69756450,0.00000000,0.00000000,94.69756566,107.32720193,101.68074366,1745.79450000,30149.24413854,9891.18697000
4,239,0.000000,0.325000,0.00000000,107.32720193,0.00000000,138.47071799,0.00000000,0.00000000,94.69756566,107.32720193,101.68074366,1745.79450000,30149.24413834,9891.18697000
4,240,0.000000,0.297000,0.00000000,106.85562479,0.00000000,117.76585895,0.00000000,0.00000000,94.26381895,106.85562479,101.21958360,1738.94116195,30142.39080008,9891.18697000
4,241,0.000000,0.274000,0.00000000,89.29817185,0.00000000,117.92838217,0.00000000,0.00000000,78.66539600,89.29817185,84.63532017,1492.48104146,30238.23624137,7912.94957600
4,242,0.000000,0.263000,0.00000000,107.32720193,0.00000000,91.58003788,0.00000000,0.00000000,94.69756566,107.32720193,101.68074366,1745.79450000,30238.23624117,9891.18697000
4,243,0.000000,0.276000,0.00000000,89.46248162,0.00000000,119.27667499,0.00000000,0.00000000,78.66539600,89.46248162,84.63532017,1492.48104146,30238.23624117,8455.98323771
4,244,0.000000,0.299000,0.00000000,107.32720194,0.00000000,118.80688438,0.00000000,0.00000000,94.69756567,107.32720194,101.68074367,1745.79450020,30238.23624117,9891.18697000
4,245,0.000000,0.311000,0.00000000,107.32720193,0.00000000,127.88249990,0.00000000,0.00000000,94.69756566,107.32720193,101.68074366,1745.79450000,30238.23624096,9891.18697000
4,246,0.000000,0.307000,0.00000000,107.32720193,0.00000000,124.85729473,0.00000000,0.00000000,94.69756566,107.32720193,101.68074366,1745.79450000,30238.23624076,9891.18697000
4,247,0.098000,0.198000,2.99285063,0.00000000,14.85502213,149.74765583,0.00000000,0.00000000,0.00000000,2.99285063,0.00000000,0.00000000,28492.44174055,9891.18697000
4,248,0.278000,0.189000,50.62967985,56.69752207,0.00000000,86.24342212,0.00000000,0.00000000,94.69756566,107.32720193,101.68074366,1745.79450000,28492.44174035,9891.18697000
4,249,0.421000,0.166000,76.67300438,30.65419754,0.00000000,94.89181694,0.00000000,0.00000000,94.69756566,107.32720193,101.68074366,1745.79450000,28492.44174014,9891.18697000
4,250,0.530000,0.129000,89.29817159,0.00000000,7.22603820,97.56286667,0.00000000,0.00000000,78.66539600,89.29817159,84.63531998,1492.48099468,28588.28713465,7912.94957600
4,251,0.574000,0.106000,104.53754042,2.78966151,0.00000000,77.37827545,0.00000000,0.00000000,94.69756566,107.32720193,101.68074366,1745.79450000,28588.28713445,9891.18697000
4,252,0.617000,0.102000,44.07720969,0.00000000,68.29154020,77.14273179,0.00000000,0.00000000,36.84682300,44.07720969,39.91750131,767.66957627,27610.16221051,9891.18697000
4,253,0.591000,0.124000,107.32720193,0.00000000,0.30639805,93.78136021,0.00000000,0.00000000,94.69756566,107.32720193,101.68074366,1745.79450000,27610.16221031,9891.18697000
4,254,0.527000,0.159000,95.97784634,10.75078546,0.00000000,109.50111998,0.00000000,0.00000000,94.69756566,106.72863180,101.68074366,1745.79450000,27959.32111014,7912.94957600
4,255,0.418000,0.187000,76.12664093,31.20056100,0.00000000,110.22778062,0.00000000,0.00000000,94.69756566,107.32720193,101.68074366,1745.79450000,27959.32110994,9891.18697000
4,256,0.259000,0.217000,47.16937799,59.55925381,0.00000000,104.55812657,0.00000000,0.00000000,94.69756566,106.72863180,101.68074366,1745.79450000,28308.48000977,7912.94957600
4,257,0.086000,0.222000,15.66241895,91.06621285,0.00000000,76.83267398,0.00000000,0.00000000,94.69756566,106.72863180,101.68074366,1745.79450000,28657.63890961,7912.94957600
4,258,0.000000,0.251000,0.00000000,106.72863180,0.00000000,83.10299250,0.00000000,0.00000000,94.69756566,106.72863180,101.68074366,1745.79450000,29006.79780945,7912.94957600
4,259,0.000000,0.267000,0.00000000,106.72863180,0.00000000,95.20381318,0.00000000,0.00000000,94.69756566,106.72863180,101.68074366,1745.79450000,29355.95670928,7912.94957600
4,260,0.000000,0.258000,0.00000000,106.72863180,0.00000000,88.39710155,0.00000000,0.00000000,94.69756566,106.72863180,101.68074366,1745.79450000,29705.11560912,7912.94957600
4,261,0.000000,0.243000,0.00000000,107.01183263,0.00000000,76.76938134,0.00000000,0.00000000,94.69756566,107.01183263,101.68074366,1745.79450000,29889.07734154,8848.91086449
4,262,0.000000,0.228000,0.00000000,106.72863180,0.00000000,65.70806279,0.00000000,0.00000000,94.69756566,106.72863180,101.68074366,1745.79450000,30238.23624137,7912.94957600
4,263,0.000000,0.217000,0.00000000,107.32720193,0.00000000,56.79017845,0.00000000,0.00000000,94.69756566,107.32720193,101.68074366,1745.79450000,30238.23624117,9891.18697000
4,264,0.000000,0.201000,0.00000000,107.32720193,0.00000000,44.68935778,0.00000000,0.00000000,94.69756566,107.32720193,101.68074366,1745.79450000,30238.23624096,9891.18697000
4,265,0.000000,0.189000,0.00000000,107.32720193,0.00000000,35.61374227,0.00000000,0.00000000,94.69756566,107.32720193,101.68074366,1745.79450000,30238.23624076,9891.18697000
4,266,0.000000,0.182000,0.00000000,107.32720193,0.00000000,30.31963323,0.00000000,0.00000000,94.69756566,107.32720193,101.68074366,1745.79450000,30238.23624055,9891.18697000
4,267,0.000000,0.183000,0.00000000,107.32720193,0.00000000,31.07593452,0.00000000,0.00000000,94.69756566,107.32720193,101.68074366,1745.79450000,30238.23624035,9891.18697000
4,268,0.000000,0.185000,0.00000000,107.32720193,0.00000000,32.58853710,0.00000000,0.00000000,94.69756566,107.32720193,101.68074366,1745.79450000,30238.23624014,9891.18697000
4,269,0.000000,0.192000,0.00000000,107.32720193,0.00000000,37.88264615,0.00000000,0.00000000,94.69756566,107.32720193,101.68074366,1745.79450000,30238.23623994,9891.18697000
4,270,0.000000,0.213000,0.00000000,107.32720193,0.00000000,53.76497328,0.00000000,0.00000000,94.69756566,107.32720193,101.68074366,1745.79450000,30238.23623973,9891.18697000
4,271,0.095000,0.168000,17.30150930,90.02569262,0.00000000,37.03292444,0.00000000,0.00000000,94.69756566,107.32720192,101.68074366,1745.79450000,30238.23624158,9891.18695839
4,272,0.266000,0.147000,48.44422605,58.88297588,0.00000000,52.29331405,0.00000000,0.00000000,94.69756566,107.32720193,101.68074366,1745.79450000,30238.23624137,9891.18697000
4,273,0.430000,0.192000,78.31209474,29.01510719,0.00000000,116.19474088,0.00000000,0.00000000,94.69756566,107.32720193,101.68074366,1745.79450000,30238.23624117,9891.18697000
4,274,0.545000,0.173000,99.25602705,8.07117488,0.00000000,122.76894865,0.00000000,0.00000000,94.69756566,107.32720193,101.68074366,1745.79450000,30238.23624096,9891.18697000
4,275,0.611000,0.142000,107.32720193,0.00000000,3.94882106,107.39478347,0.00000000,0.00000000,94.69756566,107.32720193,101.68074366,1745.79450000,30238.23624076,9891.18697000
4,276,0.634000,0.117000,58.26858481,0.00000000,57.19622464,88.48725117,0.00000000,0.00000000,49.73928100,58.26858481,53.75120360,1002.98064984,29495.42239039,9891.18697000
4,277,0.610000,0.109000,106.72863180,0.00000000,4.36527004,82.43684083,0.00000000,0.00000000,94.69756566,106.72863180,101.68074366,1745.79450000,29844.58129022,7912.94957600
4,278,0.544000,0.114000,99.07390590,7.65472590,0.00000000,78.56362139,0.00000000,0.00000000,94.69756566,106.72863180,101.68074366,1745.79450000,30193.74019006,7912.94957600
4,279,0.428000,0.133000,77.94785244,29.37934949,0.00000000,71.20872235,0.00000000,0.00000000,94.69756566,107.32720193,101.68074366,1745.79450000,30193.74018985,9891.18697000
4,280,0.267000,0.164000,48.62634720,58.70085473,0.00000000,65.33255717,0.00000000,0.00000000,94.69756566,107.32720193,101.68074366,1745.79450000,30193.74018965,9891.18697000
4,281,0.088000,0.204000,16.02666125,57.51528229,0.00000000,96.77018129,0.00000000,0.00000000,63.67817400,73.54194353,68.65710075,1244.73168631,29692.67737576,9891.18697000
4,282,0.000000,0.296000,0.00000000,107.32720193,0.00000000,116.53798052,0.00000000,0.00000000,94.69756566,107.32720193,101.68074366,1745.79450000,29692.67737555,9891.18697000
4,283,0.000000,0.394000,0.00000000,107.32720193,0.00000000,190.65550714,0.00000000,0.00000000,94.69756566,107.32720193,101.68074366,1745.79450000,29692.67737535,9891.18697000
4,284,0.000000,0.432000,0.00000000,107.32720193,0.00000000,219.39495624,0.00000000,0.00000000,94.69756566,107.32720193,101.68074366,1745.79450000,29692.67737514,9891.18697000
4,285,0.000000,0.434000,0.00000000,107.32720193,0.00000000,220.90755882,0.00000000,0.00000000,94.69756566,107.32720193,101.68074366,1745.79450000,29692.67737494,9891.18697000
4,286,0.000000,0.396000,0.00000000,106.72863180,0.00000000,192.76667985,0.00000000,0.00000000,94.69756566,106.72863180,101.68074366,1745.79450000,30041.83627477,7912.94957600
4,287,0.000000,0.352000,0.00000000,107.15481928,0.00000000,159.06323552,0.00000000,0.00000000,94.69756566,107.15481928,101.68074366,1745.79450000,30142.39079988,9321.47294559
4,288,0.000000,0.323000,0.00000000,89.29817185,0.00000000,154.98714548,0.00000000,0.00000000,78.66539600,89.29817185,84.63532017,1492.48104146,30238.23624117,7912.94957600
4,289,0.000000,0.314000,0.00000000,107.32720193,0.00000000,130.15140378,0.00000000,0.00000000,94.69756566,107.32720193,101.68074366,1745.79450000,30238.23624096,9891.18697000
4,290,0.000000,0.320000,0.00000000,107.32720193,0.00000000,134.68921153,0.00000000,0.00000000,94.69756566,107.32720193,101.68074366,1745.79450000,30238.23624076,9891.18697000
4,291,0.000000,0.332000,0.00000000,107.32720193,0.00000000,143.76482703,0.00000000,0.00000000,94.69756566,107.32720193,101.68074366,1745.79450000,30238.23624055,9891.18697000
4,292,0.000000,0.349000,0.00000000,100.73209197,0.00000000,163.21705895,0.00000000,0.00000000,88.63152254,100.73209197,95.23131878,1649.94905953,30142.39079988,9891.18697000
4,293,0.000000,0.369000,0.00000000,89.29817185,0.00000000,189.77700492,0.00000000,0.00000000,78.66539600,89.29817185,84.63532017,1492.48104146,30238.23624117,7912.94957600
4,294,0.000000,0.379000,0.00000000,89.46248162,0.00000000,197.17570807,0.00000000,0.00000000,78.66539600,89.46248162,84.63532017,1492.48104146,30238.23624117,8455.98323771
4,295,0.109000,0.268000,19.85120541,80.88088653,0.00000000,121.80785973,0.00000000,0.00000000,88.63152251,100.73209194,95.23131875,1649.94905912,30142.39080008,9891.18697000
4,296,0.297000,0.320000,54.08998171,35.80676026,0.00000000,206.20965319,0.00000000,0.00000000,78.66539600,89.89674197,84.63532017,1492.48104146,29889.07734133,9891.18697000
4,297,0.454000,0.450000,82.68300235,24.04562945,0.00000000,316.28995197,0.00000000,0.00000000,94.69756566,106.72863180,101.68074366,1745.79450000,30238.23624117,7912.94957600
4,298,0.566000,0.401000,103.08057121,4.24663073,0.00000000,299.03018738,0.00000000,0.00000000,94.69756567,107.32720194,101.68074367,1745.79450020,30238.23624117,9891.18697000
4,299,0.631000,0.337000,107.32720193,0.00000000,7.59124407,254.87353542,0.00000000,0.00000000,94.69756566,107.32720193,101.68074366,1745.79450000,30238.23624096,9891.18697000
4,300,0.649000,0.287000,0.00000000,58.26858481,118.19662671,158.78988601,0.00000000,0.00000000,49.73928100,58.26858481,53.75120360,1002.98064984,29495.42239059,9891.18697000
4,301,0.623000,0.255000,106.81666109,0.00000000,6.64481570,192.85682947,0.00000000,0.00000000,94.69756566,106.81666109,101.68074366,1745.79450000,29793.23190004,8203.88096631
4,302,0.552000,0.242000,100.53087510,6.19775670,0.00000000,176.82715598,0.00000000,0.00000000,94.69756566,106.72863180,101.68074366,1745.79450000,30142.39079988,7912.94957600
4,303,0.434000,0.246000,79.04057934,10.25759251,0.00000000,175.79252533,0.00000000,0.00000000,78.66539600,89.29817185,84.63532017,1492.48104146,30238.23624117,7912.94957600
4,304,0.252000,0.263000,45.89452994,61.43267199,0.00000000,137.47456782,0.00000000,0.00000000,94.69756566,107.32720193,101.68074366,1745.79450000,30238.23624117,9891.18696884
4,305,0.080000,0.304000,14.56969204,16.40244231,0.00000000,213.51315048,0.00000000,0.00000000,25.00174700,30.97213435,27.15938231,539.40882693,29031.85056789,9891.18697000
4,306,0.000000,0.438000,0.00000000,107.05478107,0.00000000,224.20518484,0.00000000,0.00000000,94.69756566,107.05478107,101.68074366,1745.79450000,29190.75954350,8990.85282937
4,307,0.000000,0.552000,0.00000000,106.72863180,0.00000000,310.74968141,0.00000000,0.00000000,94.69756566,106.72863180,101.68074366,1745.79450000,29539.91844334,7912.94957600
4,308,0.000000,0.576000,0.00000000,106.72863180,0.00000000,328.90091242,0.00000000,0.00000000,94.69756566,106.72863180,101.68074366,1745.79450000,29889.07734318,7912.94957600
4,309,0.000000,0.556000,0.00000000,107.32720193,0.00000000,313.17631645,0.00000000,0.00000000,94.69756566,107.32720193,101.68074366,1745.79450000,29889.07734297,9891.18697000
4,310,0.000000,0.515000,0.00000000,107.32720193,0.00000000,282.16796348,0.00000000,0.00000000,94.69756566,107.32720193,101.68074366,1745.79450000,29889.07734277,9891.18697000
4,311,0.000000,0.447000,0.00000000,107.32720193,0.00000000,230.73947562,0.00000000,0.00000000,94.69756566,107.32720193,101.68074366,1745.79450000,29889.07734256,9891.18697000
4,312,0.000000,0.407000,0.00000000,107.32720193,0.00000000,200.48742394,0.00000000,0.00000000,94.69756566,107.32720193,101.68074366,1745.79450000,29889.07734236,9891.18697000
4,313,0.000000,0.388000,0.00000000,107.32720193,0.00000000,186.11769939,0.00000000,0.00000000,94.69756566,107.32720193,101.68074366,1745.79450000,29889.07734215,9891.18697000
4,314,0.000000,0.391000,0.00000000,107.32720193,0.00000000,188.38660326,0.00000000,0.00000000,94.69756566,107.32720193,101.68074366,1745.79450000,29889.07734195,9891.18697000
4,315,0.000000,0.404000,0.00000000,107.32720193,0.00000000,198.21852006,0.00000000,0.00000000,94.69756566,107.32720193,101.68074366,1745.79450000,29889.07734174,9891.18697000
4,316,0.000000,0.420000,0.00000000,107.32720193,0.00000000,210.31934073,0.00000000,0.00000000,94.69756566,107.32720193,101.68074366,1745.79450000,29889.07734154,9891.18697000
4,317,0.000000,0.433000,0.00000000,107.32720193,0.00000000,220.15125753,0.00000000,0.00000000,94.69756566,107.32720193,101.68074366,1745.79450000,29889.07734133,9891.18697000
4,318,0.000000,0.444000,0.00000000,106.72863180,0.00000000,229.06914187,0.00000000,0.00000000,94.69756566,106.72863180,101.68074366,1745.79450000,30238.23624117,7912.94957600
4,319,0.111000,0.323000,20.21544771,87.11175421,0.00000000,157.17356312,0.00000000,0.00000000,94.69756566,107.32720193,101.68074366,1745.79450000,30238.23624096,9891.18697000
4,320,0.302000,0.367000,55.00058747,34.89615451,0.00000000,242.66641967,0.00000000,0.00000000,78.66539600,89.89674197,84.63532017,1492.48104146,29984.92278221,9891.18697000
4,321,0.462000,0.526000,84.13997155,23.18723037,0.00000000,374.62724925,0.00000000,0.00000000,94.69756566,107.32720193,101.68074366,1745.79450000,29984.92278201,9891.18697000
4,322,0.575000,0.457000,104.71966157,2.17328000,0.00000000,343.45641047,0.00000000,0.00000000,94.69756566,106.89294157,101.68074366,1745.79450000,30238.23624117,8455.98323423
4,323,0.640000,0.383000,57.67001469,0.00000000,58.88752167,289.66339485,0.00000000,0.00000000,49.73928100,57.67001469,53.75120360,1002.98064984,29844.58129084,7912.94957600
4,324,0.658000,0.321000,107.32720193,0.00000000,12.50851514,242.77271475,0.00000000,0.00000000,94.69756566,107.32720193,101.68074366,1745.79450000,29844.58129063,9891.18697000
4,325,0.630000,0.276000,106.72863180,0.00000000,8.00769305,208.73915661,0.00000000,0.00000000,94.69756566,106.72863180,101.68074366,1745.79450000,30193.74019047,7912.94957600
4,326,0.557000,0.248000,30.97213435,0.00000000,70.46934651,187.56272043,0.00000000,0.00000000,25.00174700,30.97213435,27.15938231,539.40882693,28987.35451719,9891.18697000
4,327,0.439000,0.243000,79.95118509,27.37601683,0.00000000,156.40519713,0.00000000,0.00000000,94.69756566,107.32720193,101.68074366,1745.79450000,28987.35451698,9891.18697000
4,328,0.279000,0.263000,50.81180100,39.08494071,0.00000000,159.82229910,0.00000000,0.00000000,78.66539600,89.89674172,84.63531998,1492.48099468,28734.04101146,9891.18697000
4,329,0.087000,0.290000,15.84454010,91.48266183,0.00000000,127.84471287,0.00000000,0.00000000,94.69756566,107.32720193,101.68074366,1745.79450000,28734.04101125,9891.18697000
4,330,0.000000,0.404000,0.00000000,106.72863180,0.00000000,198.81709019,0.00000000,0.00000000,94.69756566,106.72863180,101.68074366,1745.79450000,29083.19991109,7912.94957600
4,331,0.000000,0.510000,0.00000000,106.72863180,0.00000000,278.98502714,0.00000000,0.00000000,94.69756566,106.72863180,101.68074366,1745.79450000,29432.35881092,7912.94957600
4,332,0.000000,0.552000,0.00000000,107.32720193,0.00000000,310.15111128,0.00000000,0.00000000,94.69756566,107.32720193,101.68074366,1745.79450000,29432.35881072,9891.18697000
4,333,0.000000,0.559000,0.00000000,107.14281029,0.00000000,315.62961197,0.00000000,0.00000000,94.69756566,107.14281029,101.68074366,1745.79450000,29539.91844252,9281.78395579
4,334,0.000000,0.538000,0.00000000,107.32720193,0.00000000,299.56289320,0.00000000,0.00000000,94.69756566,107.32720193,101.68074366,1745.79450000,29539.91844231,9891.18697000
4,335,0.000000,0.484000,0.00000000,107.32720193,0.00000000,258.72262343,0.00000000,0.00000000,94.69756566,107.32720193,101.68074366,1745.79450000,29539.91844211,9891.18697000
4,336,0.000000,0.458000,0.00000000,107.32720193,0.00000000,239.05878983,0.00000000,0.00000000,94.69756566,107.32720193,101.68074366,1745.79450000,29539.91844190,9891.18697000
4,337,0.000000,0.450000,0.00000000,106.72863180,0.00000000,233.60694962,0.00000000,0.00000000,94.69756566,106.72863180,101.68074366,1745.79450000,29889.07734174,7912.94957600
4,338,0.000000,0.440000,0.00000000,107.32720193,0.00000000,225.44536658,0.00000000,0.00000000,94.69756566,107.32720193,101.68074366,1745.79450000,29889.07734154,9891.18697000
4,339,0.000000,0.427000,0.00000000,106.72863180,0.00000000,216.21201990,0.00000000,0.00000000,94.69756566,106.72863180,101.68074366,1745.79450000,30238.23624137,7912.94957600
4,340,0.000000,0.409000,0.00000000,107.32720193,0.00000000,202.00002652,0.00000000,0.00000000,94.69756566,107.32720193,101.68074366,1745.79450000,30238.23624117,9891.18697000
4,341,0.000000,0.388000,0.00000000,57.67001469,0.00000000,235.77488663,0.00000000,0.00000000,49.73928100,57.67001469,53.75120360,1002.98064984,29844.58129084,7912.94957600
4,342,0.000000,0.374000,0.00000000,107.32720193,0.00000000,175.52948130,0.00000000,0.00000000,94.69756566,107.32720193,101.68074366,1745.79450000,29844.58129063,9891.18697000
4,343,0.107000,0.268000,19.48696311,87.24166869,0.00000000,115.44707758,0.00000000,0.00000000,94.69756566,106.72863180,101.68074366,1745.79450000,30193.74019047,7912.94957600
4,344,0.297000,0.433000,54.08998171,53.23722021,0.00000000,274.24123924,0.00000000,0.00000000,94.69756566,107.32720193,101.68074366,1745.79450000,30193.74019026,9891.18697000
4,345,0.458000,0.483000,83.41148695,23.91571497,0.00000000,341.37780909,0.00000000,0.00000000,94.69756566,107.32720193,101.68074366,1745.79450000,30193.74019006,9891.18697000
4,346,0.570000,0.442000,57.67001469,0.00000000,46.13904113,334.28517109,0.00000000,0.00000000,49.73928100,57.67001469,53.75120360,1002.98064984,29800.08523973,7912.94957600
4,347,0.635000,0.398000,107.32720193,0.00000000,8.31972867,301.00791423,0.00000000,0.00000000,94.69756566,107.32720193,101.68074366,1745.79450000,29800.08523953,9891.18697000
4,348,0.649000,0.374000,106.72863180,0.00000000,11.46799491,282.85668323,0.00000000,0.00000000,94.69756566,106.72863180,101.68074366,1745.79450000,30149.24413936,7912.94957600
4,349,0.617000,0.347000,106.85562474,0.00000000,5.51312515,262.43654834,0.00000000,0.00000000,94.26381890,106.85562474,101.21958355,1738.94116113,30142.39080029,9891.18697000
4,350,0.549000,0.328000,99.98451165,7.34269027,0.00000000,240.72413352,0.00000000,0.00000000,94.69756566,107.32720193,101.68074366,1745.79450000,30142.39080008,9891.18697000
4,351,0.433000,0.334000,78.85845819,28.46874374,0.00000000,224.13588781,0.00000000,0.00000000,94.69756566,107.32720193,101.68074366,1745.79450000,30142.39079988,9891.18697000
4,352,0.265000,0.355000,48.26210490,41.03606695,0.00000000,227.45089172,0.00000000,0.00000000,78.66539600,89.29817185,84.63532017,1492.48104146,30238.23624117,7912.94957600
4,353,0.081000,0.362000,14.75181319,58.79013034,0.00000000,214.99093738,0.00000000,0.00000000,63.67817400,73.54194353,68.65710075,1244.73168631,29737.17342727,9891.18697000
4,354,0.000000,0.431000,0.00000000,107.32720193,0.00000000,218.63865495,0.00000000,0.00000000,94.69756566,107.32720193,101.68074366,1745.79450000,29737.17342707,9891.18697000
4,355,0.000000,0.469000,0.00000000,107.32720193,0.00000000,247.37810404,0.00000000,0.00000000,94.69756566,107.32720193,101.68074366,1745.79450000,29737.17342686,9891.18697000
4,356,0.000000,0.482000,0.00000000,106.72863180,0.00000000,257.80859097,0.00000000,0.00000000,94.69756566,106.72863180,101.68074366,1745.79450000,30086.33232670,7912.94957600
4,357,0.000000,0.439000,0.00000000,93.15554674,0.00000000,238.86072047,0.00000000,0.00000000,82.21332812,93.15554674,88.40748618,1548.53951484,30238.23624137,7912.94957600
4,358,0.000000,0.410000,0.00000000,107.32720193,0.00000000,202.75632781,0.00000000,0.00000000,94.69756566,107.32720193,101.68074366,1745.79450000,30238.23624117,9891.18697000
4,359,0.000000,0.428000,0.00000000,89.46248162,0.00000000,234.23447138,0.00000000,0.00000000,78.66539600,89.46248162,84.63532017,1492.48104146,30238.23624117,8455.98323771
4,360,0.000000,0.416000,0.00000000,107.32720193,0.00000000,207.29413557,0.00000000,0.00000000,94.69756566,107.32720193,101.68074366,1745.79450000,30238.23624096,9891.18697000
4,361,0.000000,0.391000,0.00000000,107.32720193,0.00000000,188.38660326,0.00000000,0.00000000,94.69756566,107.32720193,101.68074366,1745.79450000,30238.23624076,9891.18697000
4,362,0.000000,0.369000,0.00000000,73.28153160,0.00000000,205.79364517,0.00000000,0.00000000,63.67817400,73.28153160,68.65710075,1244.73168631,29889.07734133,9030.54156225
4,363,0.000000,0.352000,0.00000000,106.72863180,0.00000000,159.48942300,0.00000000,0.00000000,94.69756566,106.72863180,101.68074366,1745.79450000,30238.23624117,7912.94957600
4,364,0.000000,0.330000,0.00000000,44.07720969,0.00000000,205.50221669,0.00000000,0.00000000,36.84682300,44.07720969,39.91750131,767.66957627,29260.11131723,9891.18697000
4,365,0.000000,0.302000,0.00000000,43.47863956,0.00000000,184.92435064,0.00000000,0.00000000,36.84682300,43.47863956,39.91750131,767.66957627,28631.14529334,7912.94957600
4,366,0.000000,0.288000,0.00000000,106.72863180,0.00000000,111.08614031,0.00000000,0.00000000,94.69756566,106.72863180,101.68074366,1745.79450000,28980.30419317,7912.94957600
4,367,0.110000,0.198000,0.00000000,30.97213435,20.03332656,118.77552148,0.00000000,0.00000000,25.00174700,30.97213435,27.15938231,539.40882693,27773.91851989,9891.18697000
4,368,0.298000,0.243000,54.27210286,52.45652894,0.00000000,131.32468503,0.00000000,0.00000000,94.69756566,106.72863180,101.68074366,1745.79450000,28123.07741973,7912.94957600
4,369,0.457000,0.311000,83.22936580,23.49926600,0.00000000,211.71043583,0.00000000,0.00000000,94.69756566,106.72863180,101.68074366,1745.79450000,28472.23631956,7912.94957600
4,370,0.568000,0.280000,0.00000000,89.29817159,103.44481351,122.46619018,0.00000000,0.00000000,78.66539600,89.29817159,84.63531998,1492.48099468,28568.08171408,7912.94957600
4,371,0.633000,0.245000,107.32720193,0.00000000,7.95548637,185.29381655,0.00000000,0.00000000,94.69756566,107.32720193,101.68074366,1745.79450000,28568.08171387,9891.18697000
4,372,0.651000,0.215000,57.67001469,0.00000000,60.89085432,162.60477779,0.00000000,0.00000000,49.73928100,57.67001469,53.75120360,1002.98064984,28174.42676354,7912.94957600
4,373,0.626000,0.186000,106.72863180,0.00000000,7.27920844,140.67204032,0.00000000,0.00000000,94.69756566,106.72863180,101.68074366,1745.79450000,28523.58566338,7912.94957600
4,374,0.555000,0.161000,101.07723856,5.65139324,0.00000000,116.11311477,0.00000000,0.00000000,94.69756566,106.72863180,101.68074366,1745.79450000,28872.74456321,7912.94957600
4,375,0.438000,0.147000,79.76906394,26.95956786,0.00000000,84.21672207,0.00000000,0.00000000,94.69756566,106.72863180,101.68074366,1745.79450000,29221.90346305,7912.94957600
4,376,0.275000,0.143000,50.08331640,56.64531540,0.00000000,51.50576936,0.00000000,0.00000000,94.69756566,106.72863180,101.68074366,1745.79450000,29571.06236289,7912.94957600
4,377,0.089000,0.149000,16.20878240,91.11841953,0.00000000,21.57047299,0.00000000,0.00000000,94.69756566,107.32720193,101.68074366,1745.79450000,29571.06236268,9891.18697000
4,378,0.000000,0.198000,0.00000000,106.72863180,0.00000000,43.01902402,0.00000000,0.00000000,94.69756566,106.72863180,101.68074366,1745.79450000,29920.22126252,7912.94957600
4,379,0.000000,0.272000,0.00000000,106.94633214,0.00000000,98.76761930,0.00000000,0.00000000,94.69756566,106.94633214,101.68074366,1745.79450000,30142.39084727,8632.43578044
4,380,0.000000,0.324000,0.00000000,107.32720193,0.00000000,137.71441670,0.00000000,0.00000000,94.69756566,107.32720193,101.68074366,1745.79450000,30142.39084707,9891.18697000
4,381,0.000000,0.343000,0.00000000,107.32720193,0.00000000,152.08414125,0.00000000,0.00000000,94.69756566,107.32720193,101.68074366,1745.79450000,30142.39084686,9891.18697000
4,382,0.000000,0.341000,0.00000000,107.32720193,0.00000000,150.57153866,0.00000000,0.00000000,94.69756566,107.32720193,101.68074366,1745.79450000,30142.39084666,9891.18697000
4,383,0.000000,0.310000,0.00000000,89.29817159,0.00000000,145.15522894,0.00000000,0.00000000,78.66539600,89.29817159,84.63531998,1492.48099468,30238.23624117,7912.94957600
4,384,0.000000,0.292000,0.00000000,100.73209194,0.00000000,120.10788533,0.00000000,0.00000000,88.63152251,100.73209194,95.23131875,1649.94905912,30142.39080008,9891.18697000
4,385,0.000000,0.282000,0.00000000,107.32720193,0.00000000,105.94976243,0.00000000,0.00000000,94.69756566,107.32720193,101.68074366,1745.79450000,30142.39079988,9891.18697000
4,386,0.000000,0.272000,0.00000000,89.29817185,0.00000000,116.41577959,0.00000000,0.00000000,78.66539600,89.29817185,84.63532017,1492.48104146,30238.23624117,7912.94957600
4,387,0.000000,0.264000,0.00000000,89.89674197,0.00000000,109.76679913,0.00000000,0.00000000,78.66539600,89.89674197,84.63532017,1492.48104146,29984.92278242,9891.18697000
4,388,0.000000,0.266000,0.00000000,100.13352181,0.00000000,101.04262188,0.00000000,0.00000000,88.63152250,100.13352181,95.23131874,1649.94905891,30238.23624117,7912.94957600
4,389,0.000000,0.267000,0.00000000,30.37356422,0.00000000,171.55888075,0.00000000,0.00000000,25.00174700,30.37356422,27.15938231,539.40882693,29381.00946793,7912.94957600
4,390,0.000000,0.268000,0.00000000,106.78236022,0.00000000,95.90638604,0.00000000,0.00000000,94.69756566,106.78236022,101.68074366,1745.79450000,29698.82741588,8090.51870848
4,391,0.106000,0.189000,19.30484196,11.06872227,0.00000000,131.87222193,0.00000000,0.00000000,25.00174700,30.37356422,27.15938231,539.40882693,28841.60064264,7912.94957600
4,392,0.294000,0.195000,53.54361826,53.78358366,0.00000000,93.69516829,0.00000000,0.00000000,94.69756566,107.32720193,101.68074366,1745.79450000,28841.60064244,9891.18697000
4,393,0.451000,0.221000,82.13663890,25.19056303,0.00000000,141.95202252,0.00000000,0.00000000,94.69756566,107.32720193,101.68074366,1745.79450000,28841.60064223,9891.18697000
4,394,0.561000,0.189000,102.16996546,5.15723647,0.00000000,137.78370773,0.00000000,0.00000000,94.69756566,107.32720193,101.68074366,1745.79450000,28841.60064203,9891.18697000
4,395,0.627000,0.147000,106.72863180,0.00000000,7.46132959,111.17628993,0.00000000,0.00000000,94.69756566,106.72863180,101.68074366,1745.79450000,29190.75954186,7912.94957600
4,396,0.647000,0.112000,106.72863180,0.00000000,11.10375261,84.70574471,0.00000000,0.00000000,94.69756566,106.72863180,101.68074366,1745.79450000,29539.91844170,7912.94957600
4,397,0.622000,0.083000,106.72863180,0.00000000,6.55072384,62.77300724,0.00000000,0.00000000,94.69756566,106.72863180,101.68074366,1745.79450000,29889.07734154,7912.94957600
4,398,0.550000,0.059000,100.16663280,7.16056912,0.00000000,37.46120711,0.00000000,0.00000000,94.69756566,107.32720193,101.68074366,1745.79450000,29889.07734133,9891.18697000
4,399,0.427000,0.048000,77.76573129,28.96290052,0.00000000,7.33956150,0.00000000,0.00000000,94.69756566,106.72863180,101.68074366,1745.79450000,30238.23624117,7912.94957600
4,400,0.270000,0.046000,43.47863956,0.00000000,5.69407109,34.78985943,0.00000000,0.00000000,36.84682300,43.47863956,39.91750131,767.66957627,29609.27021727,7912.94957600
4,401,0.078000,0.054000,14.20544974,40.84026977,0.00000000,0.00000000,0.00000000,0.00000000,47.35518405,55.04571951,51.19304997,959.46647886,29172.10109597,7912.94957600
4,402,0.000000,0.077000,0.00000000,30.37356422,0.00000000,27.86163526,0.00000000,0.00000000,25.00174700,30.37356422,27.15938231,539.40882693,28314.87432273,7912.94957600
4,403,0.000000,0.118000,0.00000000,89.24355246,0.00000000,0.00000000,0.05461939,0.00000000,78.66539600,89.29817185,84.63532017,1492.48104146,28410.71976402,7912.94957600
4,404,0.000000,0.191000,0.00000000,72.94337341,0.00000000,71.51017337,0.00000000,0.00000000,63.67817400,72.94337341,68.65710075,1244.73168631,28258.81585017,7912.94957600
4,405,0.000000,0.282000,0.00000000,106.72863180,0.00000000,106.54833256,0.00000000,0.00000000,94.69756566,106.72863180,101.68074366,1745.79450000,28607.97475000,7912.94957600
4,406,0.000000,0.352000,0.00000000,106.72863180,0.00000000,159.48942300,0.00000000,0.00000000,94.69756566,106.72863180,101.68074366,1745.79450000,28957.13364984,7912.94957600
4,407,0.000000,0.355000,0.00000000,89.29817159,0.00000000,179.18878709,0.00000000,0.00000000,78.66539600,89.29817159,84.63531998,1492.48099468,29052.97904435,7912.94957600
4,408,0.000000,0.325000,0.00000000,106.72863180,0.00000000,139.06928811,0.00000000,0.00000000,94.69756566,106.72863180,101.68074366,1745.79450000,29402.13794419,7912.94957600
4,409,0.000000,0.284000,0.00000000,57.67001469,0.00000000,157.11955225,0.00000000,0.00000000,49.73928100,57.67001469,53.75120360,1002.98064984,29008.48299386,7912.94957600
4,410,0.000000,0.254000,0.00000000,106.72863180,0.00000000,85.37189638,0.00000000,0.00000000,94.69756566,106.72863180,101.68074366,1745.79450000,29357.64189369,7912.94957600
4,411,0.000000,0.248000,0.00000000,72.94337341,0.00000000,114.61934702,0.00000000,0.00000000,63.67817400,72.94337341,68.65710075,1244.73168631,29205.73797984,7912.94957600
4,412,0.000000,0.259000,0.00000000,106.72863180,0.00000000,89.15340284,0.00000000,0.00000000,94.69756566,106.72863180,101.68074366,1745.79450000,29554.89687968,7912.94957600
4,413,0.000000,0.273000,0.00000000,106.72863180,0.00000000,99.74162093,0.00000000,0.00000000,94.69756566,106.72863180,101.68074366,1745.79450000,29904.05577951,7912.94957600
4,414,0.000000,0.280000,0.00000000,107.32720193,0.00000000,104.43715985,0.00000000,0.00000000,94.69756566,107.32720193,101.68074366,1745.79450000,29904.05577931,9891.18697000
4,415,0.090000,0.231000,16.39090355,90.93629838,0.00000000,83.76930009,0.00000000,0.00000000,94.69756566,107.32720193,101.68074366,1745.79450000,29904.05577910,9891.18697000
4,416,0.259000,0.282000,47.16937799,10.50063669,0.00000000,202.77632766,0.00000000,0.00000000,49.73928100,57.67001469,53.75120360,1002.98064984,29510.40082877,7912.94957600
4,417,0.416000,0.289000,2.99285063,0.00000000,72.76954800,218.57107340,0.00000000,0.00000000,0.00000000,2.99285063,0.00000000,0.00000000,27764.60632857,9891.18697000
4,418,0.546000,0.251000,99.43814820,7.29048360,0.00000000,182.54114070,0.00000000,0.00000000,94.69756566,106.72863180,101.68074366,1745.79450000,28113.76522841,7912.94957600
4,419,0.612000,0.211000,106.72863180,0.00000000,4.72951234,159.57957262,0.00000000,0.00000000,94.69756566,106.72863180,101.68074366,1745.79450000,28462.92412824,7912.94957600
4,420,0.629000,0.183000,106.72863180,0.00000000,7.82557190,138.40313644,0.00000000,0.00000000,94.69756566,106.72863180,101.68074366,1745.79450000,28812.08302808,7912.94957600
4,421,0.605000,0.159000,106.72863180,0.00000000,3.45466428,120.25190544,0.00000000,0.00000000,94.69756566,106.72863180,101.68074366,1745.79450000,29161.24192791,7912.94957600
4,422,0.535000,0.138000,97.43481554,9.29381626,0.00000000,95.07576205,0.00000000,0.00000000,94.69756566,106.72863180,101.68074366,1745.79450000,29510.40082775,7912.94957600
4,423,0.420000,0.132000,76.49088323,30.23774857,0.00000000,69.59402198,0.00000000,0.00000000,94.69756566,106.72863180,101.68074366,1745.79450000,29859.55972759,7912.94957600
4,424,0.264000,0.137000,48.07998375,58.64864806,0.00000000,44.96462896,0.00000000,0.00000000,94.69756566,106.72863180,101.68074366,1745.79450000,30208.71862742,7912.94957600
4,425,0.076000,0.168000,13.84120744,16.71180117,0.00000000,110.34681589,0.00000000,0.00000000,25.00174700,30.55300861,27.15938231,539.40882693,29246.81806182,8506.00222395
4,426,0.000000,0.273000,0.00000000,107.32720193,0.00000000,99.14305080,0.00000000,0.00000000,94.69756566,107.32720193,101.68074366,1745.79450000,29246.81806161,9891.18697000
4,427,0.000000,0.386000,0.00000000,107.32720193,0.00000000,184.60509680,0.00000000,0.00000000,94.69756566,107.32720193,101.68074366,1745.79450000,29246.81806141,9891.18697000
4,428,0.000000,0.444000,0.00000000,72.94337341,0.00000000,262.85440026,0.00000000,0.00000000,63.67817400,72.94337341,68.65710075,1244.73168631,29094.91414756,7912.94957600
4,429,0.000000,0.470000,0.00000000,107.32720193,0.00000000,248.13440534,0.00000000,0.00000000,94.69756566,107.32720193,101.68074366,1745.79450000,29094.91414735,9891.18697000
4,430,0.000000,0.432000,0.00000000,107.32720193,0.00000000,219.39495624,0.00000000,0.00000000,94.69756566,107.32720193,101.68074366,1745.79450000,29094.91414715,9891.18697000
4,431,0.000000,0.403000,0.00000000,106.72863180,0.00000000,198.06078889,0.00000000,0.00000000,94.69756566,106.72863180,101.68074366,1745.79450000,29444.07304698,7912.94957600
4,432,0.000000,0.391000,0.00000000,106.72863180,0.00000000,188.98517339,0.00000000,0.00000000,94.69756566,106.72863180,101.68074366,1745.79450000,29793.23194682,7912.94957600
4,433,0.000000,0.384000,0.00000000,89.29817159,0.00000000,201.12152456,0.00000000,0.00000000,78.66539600,89.29817159,84.63531998,1492.48099468,29889.07734133,7912.94957600
4,434,0.000000,0.395000,0.00000000,106.72863180,0.00000000,192.01037856,0.00000000,0.00000000,94.69756566,106.72863180,101.68074366,1745.79450000,30238.23624117,7912.94957600
4,435,0.000000,0.407000,0.00000000,44.07720969,0.00000000,263.73741618,0.00000000,0.00000000,36.84682300,44.07720969,39.91750131,767.66957627,29260.11131723,9891.18697000
4,436,0.000000,0.417000,0.00000000,107.32720193,0.00000000,208.05043686,0.00000000,0.00000000,94.69756566,107.32720193,101.68074366,1745.79450000,29260.11131703,9891.18697000
4,437,0.000000,0.426000,0.00000000,89.58137242,0.00000000,232.60297799,0.00000000,0.00000000,78.66539600,89.58137242,84.63531998,1492.48099468,29190.75954227,8848.91087494
4,438,0.000000,0.431000,0.00000000,106.72863180,0.00000000,219.23722507,0.00000000,0.00000000,94.69756566,106.72863180,101.68074366,1745.79450000,29539.91844211,7912.94957600
4,439,0.103000,0.367000,18.75847851,88.56872342,0.00000000,188.99385076,0.00000000,0.00000000,94.69756566,107.32720193,101.68074366,1745.79450000,29539.91844190,9891.18697000
4,440,0.285000,0.590000,51.90452791,55.42267402,0.00000000,390.79508829,0.00000000,0.00000000,94.69756566,107.32720193,101.68074366,1745.79450000,29539.91844170,9891.18697000
4,441,0.441000,0.592000,80.31542739,27.01177453,0.00000000,420.71859036,0.00000000,0.00000000,94.69756566,107.32720193,101.68074366,1745.79450000,29539.91844149,9891.18697000
4,442,0.547000,0.510000,99.62026935,7.10836245,0.00000000,378.60529650,0.00000000,0.00000000,94.69756566,106.72863180,101.68074366,1745.79450000,29889.07734133,7912.94957600
4,443,0.611000,0.438000,106.72863180,0.00000000,4.54739119,331.25996592,0.00000000,0.00000000,94.69756566,106.72863180,101.68074366,1745.79450000,30238.23624117,7912.94957600
4,444,0.624000,0.389000,89.89674172,0.00000000,23.74685623,294.20120261,0.00000000,0.00000000,78.66539600,89.89674172,84.63531998,1492.48099468,29984.92273564,9891.18697000
4,445,0.594000,0.350000,58.26858481,0.00000000,49.91137861,264.70545222,0.00000000,0.00000000,49.73928100,58.26858481,53.75120360,1002.98064984,29242.10888527,9891.18697000
4,446,0.519000,0.321000,94.52087714,12.29578388,0.00000000,230.47693087,0.00000000,0.00000000,94.69756566,106.81666101,101.68074366,1745.79450000,29539.91844149,8203.88070126
4,447,0.404000,0.312000,73.57694482,33.15168698,0.00000000,202.81431614,0.00000000,0.00000000,94.69756566,106.72863180,101.68074366,1745.79450000,29889.07734133,7912.94957600
4,448,0.244000,0.325000,44.43756073,62.29107107,0.00000000,183.50684885,0.00000000,0.00000000,94.69756566,106.72863180,101.68074366,1745.79450000,30238.23624117,7912.94957600
4,449,0.073000,0.341000,13.29484399,30.18379557,0.00000000,227.71494502,0.00000000,0.00000000,36.84682300,43.47863956,39.91750131,767.66957627,29609.27021727,7912.94957600
4,450,0.000000,0.417000,0.00000000,107.32720193,0.00000000,208.05043686,0.00000000,0.00000000,94.69756566,107.32720193,101.68074366,1745.79450000,29609.27021707,9891.18697000
4,451,0.000000,0.519000,0.00000000,107.32720193,0.00000000,285.19316865,0.00000000,0.00000000,94.69756566,107.32720193,101.68074366,1745.79450000,29609.27021686,9891.18697000
4,452,0.000000,0.560000,0.00000000,107.32720193,0.00000000,316.20152162,0.00000000,0.00000000,94.69756566,107.32720193,101.68074366,1745.79450000,29609.27021666,9891.18697000
4,453,0.000000,0.544000,0.00000000,95.36143688,0.00000000,316.06646599,0.00000000,0.00000000,84.24225938,95.36143688,90.56464851,1580.59728396,29793.23190045,7912.94957600
4,454,0.000000,0.503000,0.00000000,107.32720193,0.00000000,273.09234797,0.00000000,0.00000000,94.69756566,107.32720193,101.68074366,1745.79450000,29793.23190024,9891.18697000
4,455,0.000000,0.442000,0.00000000,106.72863180,0.00000000,227.55653928,0.00000000,0.00000000,94.69756566,106.72863180,101.68074366,1745.79450000,30142.39080008,7912.94957600
4,456,0.000000,0.407000,0.00000000,107.32720193,0.00000000,200.48742394,0.00000000,0.00000000,94.69756566,107.32720193,101.68074366,1745.79450000,30142.39079988,9891.18697000
4,457,0.000000,0.370000,0.00000000,89.29817185,0.00000000,190.53330621,0.00000000,0.00000000,78.66539600,89.29817185,84.63532017,1492.48104146,30238.23624117,7912.94957600
4,458,0.000000,0.353000,0.00000000,43.47863956,0.00000000,223.49571653,0.00000000,0.00000000,36.84682300,43.47863956,39.91750131,767.66957627,29609.27021727,7912.94957600
4,459,0.000000,0.329000,0.00000000,107.32720193,0.00000000,141.49592316,0.00000000,0.00000000,94.69756566,107.32720193,101.68074366,1745.79450000,29609.27021707,9891.18697000
4,460,0.000000,0.300000,0.00000000,106.72863180,0.00000000,120.16175581,0.00000000,0.00000000,94.69756566,106.72863180,101.68074366,1745.79450000,29958.42911690,7912.94957600
4,461,0.000000,0.277000,0.00000000,43.47863956,0.00000000,166.01681834,0.00000000,0.00000000,36.84682300,43.47863956,39.91750131,767.66957627,29329.46309301,7912.94957600
4,462,0.000000,0.254000,0.00000000,106.72863180,0.00000000,85.37189638,0.00000000,0.00000000,94.69756566,106.72863180,101.68074366,1745.79450000,29678.62199284,7912.94957600
4,463,0.101000,0.210000,18.39423621,11.97932802,0.00000000,146.84394331,0.00000000,0.00000000,25.00174700,30.37356422,27.15938231,539.40882693,28821.39521961,7912.94957600
4,464,0.281000,0.391000,51.17604330,55.55258850,0.00000000,240.16121669,0.00000000,0.00000000,94.69756566,106.72863180,101.68074366,1745.79450000,29170.55411944,7912.94957600
4,465,0.434000,0.541000,44.07720969,0.00000000,34.96336965,409.15899900,0.00000000,0.00000000,36.84682300,44.07720969,39.91750131,767.66957627,28192.42919551,9891.18697000
4,466,0.543000,0.558000,98.89178475,7.83684705,0.00000000,414.17927391,0.00000000,0.00000000,94.69756566,106.72863180,101.68074366,1745.79450000,28541.58809534,7912.94957600
4,467,0.605000,0.529000,106.72863180,0.00000000,3.45466428,400.08338349,0.00000000,0.00000000,94.69756566,106.72863180,101.68074366,1745.79450000,28890.74699518,7912.94957600
4,468,0.608000,0.491000,106.72863180,0.00000000,4.00102773,371.34393440,0.00000000,0.00000000,94.69756566,106.72863180,101.68074366,1745.79450000,29239.90589501,7912.94957600
4,469,0.570000,0.476000,72.94337341,0.00000000,30.86568241,359.99941501,0.00000000,0.00000000,63.67817400,72.94337341,68.65710075,1244.73168631,29088.00198116,7912.94957600
4,470,0.439000,0.501000,79.95118509,26.77744671,0.00000000,352.12950061,0.00000000,0.00000000,94.69756566,106.72863180,101.68074366,1745.79450000,29437.16088100,7912.94957600
4,471,0.331000,0.554000,60.28210083,29.01607076,0.00000000,389.97484504,0.00000000,0.00000000,78.66539600,89.29817159,84.63531998,1492.48099468,29533.00627551,7912.94957600
4,472,0.205000,0.582000,37.33483586,69.99236606,0.00000000,370.17498591,0.00000000,0.00000000,94.69756566,107.32720193,101.68074366,1745.79450000,29533.00627530,9891.18697000
4,473,0.072000,0.547000,0.00000000,43.47863956,13.11272284,370.21816719,0.00000000,0.00000000,36.84682300,43.47863956,39.91750131,767.66957627,28904.04025141,7912.94957600
4,474,0.000000,0.559000,0.00000000,107.17383147,0.00000000,315.59859079,0.00000000,0.00000000,94.69756566,107.17383147,101.68074366,1745.79450000,28993.50455609,9384.30705565
4,475,0.000000,0.579000,0.00000000,106.72863180,0.00000000,331.16981629,0.00000000,0.00000000,94.69756566,106.72863180,101.68074366,1745.79450000,29342.66345592,7912.94957600
4,476,0.000000,0.552000,0.00000000,106.72863180,0.00000000,310.74968141,0.00000000,0.00000000,94.69756566,106.72863180,101.68074366,1745.79450000,29691.82235576,7912.94957600
4,477,0.000000,0.504000,0.00000000,106.72863180,0.00000000,274.44721939,0.00000000,0.00000000,94.69756566,106.72863180,101.68074366,1745.79450000,30040.98125559,7912.94957600
4,478,0.000000,0.457000,0.00000000,72.94337341,0.00000000,272.68631706,0.00000000,0.00000000,63.67817400,72.94337341,68.65710075,1244.73168631,29889.07734174,7912.94957600
4,479,0.000000,0.431000,0.00000000,106.72863180,0.00000000,219.23722507,0.00000000,0.00000000,94.69756566,106.72863180,101.68074366,1745.79450000,30238.23624158,7912.94957600
4,480,0.000000,0.415000,0.00000000,107.32720193,0.00000000,206.53783427,0.00000000,0.00000000,94.69756566,107.32720193,101.68074366,1745.79450000,30238.23624137,9891.18697000
4,481,0.000000,0.407000,0.00000000,107.32720193,0.00000000,200.48742394,0.00000000,0.00000000,94.69756566,107.32720193,101.68074366,1745.79450000,30238.23624117,9891.18697000
4,482,0.000000,0.398000,0.00000000,94.13698195,0.00000000,206.87093229,0.00000000,0.00000000,82.56547935,94.13698195,88.78189382,1554.10361803,30046.54535899,9891.18697000
4,483,0.000000,0.397000,0.00000000,107.32720193,0.00000000,192.92441102,0.00000000,0.00000000,94.69756566,107.32720193,101.68074366,1745.79450000,30046.54535879,9891.18697000
4,484,0.000000,0.432000,0.00000000,107.32720193,0.00000000,219.39495624,0.00000000,0.00000000,94.69756566,107.32720193,101.68074366,1745.79450000,30046.54535858,9891.18697000
4,485,0.000000,0.468000,0.00000000,89.29817185,0.00000000,264.65083283,0.00000000,0.00000000,78.66539600,89.29817185,84.63532017,1492.48104146,30142.39079988,7912.94957600
4,486,0.000000,0.420000,0.00000000,89.29817185,0.00000000,228.34837081,0.00000000,0.00000000,78.66539600,89.29817185,84.63532017,1492.48104146,30238.23624117,7912.94957600
4,487,0.104000,0.320000,0.00000000,58.26858481,18.94059966,183.74782864,0.00000000,0.00000000,49.73928100,58.26858481,53.75120360,1002.98064984,29495.42239080,9891.18697000
4,488,0.287000,0.496000,52.26877021,55.05843172,0.00000000,320.06700914,0.00000000,0.00000000,94.69756566,107.32720193,101.68074366,1745.79450000,29495.42239059,9891.18697000
4,489,0.442000,0.777000,80.49754854,26.23108326,0.00000000,561.41502066,0.00000000,0.00000000,94.69756566,106.72863180,101.68074366,1745.79450000,29844.58129043,7912.94957600
4,490,0.550000,0.846000,100.16663280,7.16056912,0.00000000,632.67032395,0.00000000,0.00000000,94.69756566,107.32720193,101.68074366,1745.79450000,29844.58129022,9891.18697000
4,491,0.613000,0.837000,107.32720193,0.00000000,4.31306336,633.02418144,0.00000000,0.00000000,94.69756566,107.32720193,101.68074366,1745.79450000,29844.58129002,9891.18697000
4,492,0.628000,0.817000,107.32720193,0.00000000,7.04488062,617.89815560,0.00000000,0.00000000,94.69756566,107.32720193,101.68074366,1745.79450000,29844.58128981,9891.18697000
4,493,0.599000,0.799000,107.32720193,0.00000000,1.76336725,604.28473235,0.00000000,0.00000000,94.69756566,107.32720193,101.68074366,1745.79450000,29844.58128961,9891.18697000
4,494,0.530000,0.770000,96.52420979,10.80299213,0.00000000,571.54900274,0.00000000,0.00000000,94.69756566,107.32720193,101.68074366,1745.79450000,29844.58128940,9891.18697000
4,495,0.419000,0.731000,76.30876208,31.01843984,0.00000000,521.83780464,0.00000000,0.00000000,94.69756566,107.32720193,101.68074366,1745.79450000,29844.58128920,9891.18697000
4,496,0.266000,0.687000,48.44422605,58.88297588,0.00000000,460.69601176,0.00000000,0.00000000,94.69756566,107.32720193,101.68074366,1745.79450000,29844.58128899,9891.18697000
4,497,0.084000,0.609000,15.29817665,91.95274480,0.00000000,368.63474206,0.00000000,0.00000000,94.69756566,107.25092145,101.68074366,1745.79450000,29889.07734174,9639.08468698
4,498,0.000000,0.613000,0.00000000,107.32720193,0.00000000,356.28549010,0.00000000,0.00000000,94.69756566,107.32720193,101.68074366,1745.79450000,29889.07734154,9891.18697000
4,499,0.000000,0.642000,0.00000000,107.32720193,0.00000000,378.21822757,0.00000000,0.00000000,94.69756566,107.32720193,101.68074366,1745.79450000,29889.07734133,9891.18697000
4,500,0.000000,0.634000,0.00000000,106.72863180,0.00000000,372.76638736,0.00000000,0.00000000,94.69756566,106.72863180,101.68074366,1745.79450000,30238.23624117,7912.94957600
4,501,0.000000,0.595000,0.00000000,100.73209196,0.00000000,349.26717681,0.00000000,0.00000000,88.63152253,100.73209196,95.23131876,1649.94905932,30142.39080029,9891.18697000
4,502,0.000000,0.519000,0.00000000,107.32720193,0.00000000,285.19316865,0.00000000,0.00000000,94.69756566,107.32720193,101.68074366,1745.79450000,30142.39080008,9891.18697000
4,503,0.000000,0.413000,0.00000000,107.32720193,0.00000000,205.02523169,0.00000000,0.00000000,94.69756566,107.32720193,101.68074366,1745.79450000,30142.39079988,9891.18697000
4,504,0.000000,0.307000,0.00000000,89.29817185,0.00000000,142.88632481,0.00000000,0.00000000,78.66539600,89.29817185,84.63532017,1492.48104146,30238.23624117,7912.94957600
4,505,0.000000,0.249000,0.00000000,107.32720194,0.00000000,80.99181978,0.00000000,0.00000000,94.69756567,107.32720194,101.68074367,1745.79450020,30238.23624117,9891.18697000
4,506,0.000000,0.234000,0.00000000,107.32720193,0.00000000,69.64730041,0.00000000,0.00000000,94.69756566,107.32720193,101.68074366,1745.79450000,30238.23624096,9891.18697000
4,507,0.000000,0.248000,0.00000000,107.32720193,0.00000000,80.23551850,0.00000000,0.00000000,94.69756566,107.32720193,101.68074366,1745.79450000,30238.23624076,9891.18697000
4,508,0.000000,0.300000,0.00000000,107.32720193,0.00000000,119.56318569,0.00000000,0.00000000,94.69756566,107.32720193,101.68074366,1745.79450000,30238.23624055,9891.18697000
4,509,0.000000,0.302000,0.00000000,107.32720193,0.00000000,121.07578827,0.00000000,0.00000000,94.69756566,107.32720193,101.68074366,1745.79450000,30238.23624035,9891.18697000
4,510,0.000000,0.231000,0.00000000,107.32720193,0.00000000,67.37839654,0.00000000,0.00000000,94.69756566,107.32720193,101.68074366,1745.79450000,30238.23624014,9891.18697000
4,511,0.086000,0.139000,15.66241895,57.87952459,0.00000000,47.24635501,0.00000000,0.00000000,63.67817400,73.54194353,68.65710075,1244.73168631,29737.17342625,9891.18697000
4,512,0.192000,0.134000,34.96726091,72.35994102,0.00000000,28.98443211,0.00000000,0.00000000,94.69756566,107.32720193,101.68074366,1745.79450000,29737.17342604,9891.18697000
4,513,0.213000,0.308000,38.79180507,67.93682673,0.00000000,165.00397122,0.00000000,0.00000000,94.69756566,106.72863180,101.68074366,1745.79450000,30086.33232588,7912.94957600
4,514,0.194000,0.391000,35.33150321,71.99569872,0.00000000,223.71810647,0.00000000,0.00000000,94.69756566,107.32720193,101.68074366,1745.79450000,30086.33232567,9891.18697000
4,515,0.189000,0.481000,34.42089745,72.90630447,0.00000000,290.87461700,0.00000000,0.00000000,94.69756566,107.32720193,101.68074366,1745.79450000,30086.33232547,9891.18697000
4,516,0.186000,0.544000,33.87453400,73.45266792,0.00000000,337.97523495,0.00000000,0.00000000,94.69756566,107.32720193,101.68074366,1745.79450000,30086.33232526,9891.18697000
4,517,0.183000,0.501000,33.32817055,73.99903137,0.00000000,304.90791594,0.00000000,0.00000000,94.69756566,107.32720193,101.68074366,1745.79450000,30086.33232506,9891.18697000
4,518,0.134000,0.425000,24.40423417,69.34988281,0.00000000,252.07816631,0.00000000,0.00000000,82.21332822,93.75411698,88.40748629,1548.53951648,29889.07734133,9891.18697000
4,519,0.076000,0.334000,13.84120744,92.88742436,0.00000000,159.71720719,0.00000000,0.00000000,94.69756566,106.72863180,101.68074366,1745.79450000,30238.23624117,7912.94957600
4,520,0.032000,0.274000,5.82787682,101.49932511,0.00000000,105.72722891,0.00000000,0.00000000,94.69756566,107.32720193,101.68074366,1745.79450000,30238.23624096,9891.18697000
4,521,0.006000,0.313000,1.09272690,106.23447502,0.00000000,130.48782939,0.00000000,0.00000000,94.69756566,107.32720193,101.68074366,1745.79450000,30238.23624076,9891.18697000
4,522,0.000000,0.343000,0.00000000,107.32720193,0.00000000,152.08414125,0.00000000,0.00000000,94.69756566,107.32720193,101.68074366,1745.79450000,30238.23624055,9891.18697000
4,523,0.000000,0.332000,0.00000000,107.32720192,0.00000000,143.76482704,0.00000000,0.00000000,94.69756566,107.32720192,101.68074366,1745.79450000,30238.23624137,9891.18696419
4,524,0.000000,0.296000,0.00000000,107.32720193,0.00000000,116.53798052,0.00000000,0.00000000,94.69756566,107.32720193,101.68074366,1745.79450000,30238.23624117,9891.18697000
4,525,0.000000,0.305000,0.00000000,89.46248162,0.00000000,141.20941246,0.00000000,0.00000000,78.66539600,89.46248162,84.63532017,1492.48104146,30238.23624117,8455.98323771
4,526,0.000000,0.332000,0.00000000,107.32720193,0.00000000,143.76482703,0.00000000,0.00000000,94.69756566,107.32720193,101.68074366,1745.79450000,30238.23624096,9891.18697000
4,527,0.000000,0.325000,0.00000000,107.32720195,0.00000000,138.47071796,0.00000000,0.00000000,94.69756569,107.32720195,101.68074369,1745.79450041,30238.23624117,9891.18697000
4,528,0.000000,0.274000,0.00000000,107.32720193,0.00000000,99.89935210,0.00000000,0.00000000,94.69756566,107.32720193,101.68074366,1745.79450000,30238.23624096,9891.18697000
4,529,0.000000,0.210000,0.00000000,107.32720193,0.00000000,51.49606940,0.00000000,0.00000000,94.69756566,107.32720193,101.68074366,1745.79450000,30238.23624076,9891.18697000
4,530,0.000000,0.168000,0.00000000,89.89674197,0.00000000,37.16187509,0.00000000,0.00000000,78.66539600,89.89674197,84.63532017,1492.48104146,29984.92278201,9891.18697000
4,531,0.000000,0.153000,0.00000000,107.32720193,0.00000000,8.38689576,0.00000000,0.00000000,94.69756566,107.32720193,101.68074366,1745.79450000,29984.92278180,9891.18697000
4,532,0.000000,0.153000,0.00000000,107.32720193,0.00000000,8.38689576,0.00000000,0.00000000,94.69756566,107.32720193,101.68074366,1745.79450000,29984.92278160,9891.18697000
4,533,0.000000,0.167000,0.00000000,100.73209200,0.00000000,25.57022377,0.00000000,0.00000000,88.63152256,100.73209200,95.23131880,1649.94905994,29889.07734133,9891.18697000
4,534,0.000000,0.192000,0.00000000,106.72863180,0.00000000,38.48121627,0.00000000,0.00000000,94.69756566,106.72863180,101.68074366,1745.79450000,30238.23624117,7912.94957600
4,535,0.075000,0.167000,13.65908629,76.23765568,0.00000000,50.06466009,0.00000000,0.00000000,78.66539600,89.89674197,84.63532017,1492.48104146,29984.92278242,9891.18697000
4,536,0.242000,0.239000,44.07331843,63.25388349,0.00000000,117.50212531,0.00000000,0.00000000,94.69756566,107.32720193,101.68074366,1745.79450000,29984.92278221,9891.18697000
4,537,0.407000,0.378000,74.12330827,33.20389365,0.00000000,252.67799474,0.00000000,0.00000000,94.69756566,107.32720193,101.68074366,1745.79450000,29984.92278201,9891.18697000
4,538,0.516000,0.441000,93.53841185,0.00000000,0.43610183,333.52886979,0.00000000,0.00000000,82.56547938,93.53841185,88.78189385,1554.10361844,30142.39080029,7912.94957600
4,539,0.576000,0.462000,89.89674197,0.00000000,15.00504074,349.41119693,0.00000000,0.00000000,78.66539600,89.89674197,84.63532017,1492.48104146,29889.07734154,9891.18697000
4,540,0.586000,0.475000,106.72299422,0.00563758,0.00000000,359.23747614,0.00000000,0.00000000,94.69756566,106.72863180,101.68074366,1745.79450000,30238.23624137,7912.94957600
4,541,0.548000,0.485000,99.80239050,7.52481142,0.00000000,359.28131522,0.00000000,0.00000000,94.69756566,107.32720193,101.68074366,1745.79450000,30238.23624117,9891.18697000
4,542,0.485000,0.491000,88.32875802,13.05659325,0.00000000,358.28734114,0.00000000,0.00000000,89.36522594,101.38535127,96.01139318,1661.54181016,30238.23624158,9413.83461616
4,543,0.390000,0.491000,71.02724872,36.29995321,0.00000000,335.04398118,0.00000000,0.00000000,94.69756566,107.32720193,101.68074366,1745.79450000,30238.23624137,9891.18697000
4,544,0.241000,0.495000,43.89119728,63.43600464,0.00000000,310.93313492,0.00000000,0.00000000,94.69756566,107.32720193,101.68074366,1745.79450000,30238.23624117,9891.18697000
4,545,0.075000,0.462000,13.65908629,93.66811566,0.00000000,255.74308126,0.00000000,0.00000000,94.69756569,107.32720195,101.68074369,1745.79450041,30238.23624137,9891.18697000
4,546,0.000000,0.476000,0.00000000,107.32720193,0.00000000,252.67221309,0.00000000,0.00000000,94.69756566,107.32720193,101.68074366,1745.79450000,30238.23624117,9891.18697000
4,547,0.000000,0.506000,0.00000000,100.73209194,0.00000000,281.95636183,0.00000000,0.00000000,88.63152251,100.73209194,95.23131875,1649.94905912,30142.39080008,9891.18697000
4,548,0.000000,0.470000,0.00000000,107.32720193,0.00000000,248.13440534,0.00000000,0.00000000,94.69756566,107.32720193,101.68074366,1745.79450000,30142.39079988,9891.18697000
4,549,0.000000,0.413000,0.00000000,89.29817185,0.00000000,223.05426177,0.00000000,0.00000000,78.66539600,89.29817185,84.63532017,1492.48104146,30238.23624117,7912.94957600
4,550,0.000000,0.341000,0.00000000,107.32720193,0.00000000,150.57153866,0.00000000,0.00000000,94.69756566,107.32720193,101.68074366,1745.79450000,30238.23624096,9891.18697000
4,551,0.000000,0.286000,0.00000000,107.32720193,0.00000000,108.97496760,0.00000000,0.00000000,94.69756566,107.32720193,101.68074366,1745.79450000,30238.23624076,9891.18697000
4,552,0.000000,0.233000,0.00000000,107.32720193,0.00000000,68.89099912,0.00000000,0.00000000,94.69756566,107.32720193,101.68074366,1745.79450000,30238.23624055,9891.18697000
4,553,0.000000,0.223000,0.00000000,107.32720193,0.00000000,61.32798620,0.00000000,0.00000000,94.69756566,107.32720193,101.68074366,1745.79450000,30238.23624035,9891.18697000
4,554,0.000000,0.228000,0.00000000,107.32720193,0.00000000,65.10949266,0.00000000,0.00000000,94.69756566,107.32720193,101.68074366,1745.79450000,30238.23624014,9891.18697000
4,555,0.000000,0.259000,0.00000000,89.46248162,0.00000000,106.41955303,0.00000000,0.00000000,78.66539600,89.46248162,84.63532017,1492.48104146,30238.23624117,8455.98323190
4,556,0.000000,0.285000,0.00000000,107.32720193,0.00000000,108.21866631,0.00000000,0.00000000,94.69756566,107.32720193,101.68074366,1745.79450000,30238.23624096,9891.18697000
4,557,0.000000,0.330000,0.00000000,100.73209196,0.00000000,148.84733442,0.00000000,0.00000000,88.63152253,100.73209196,95.23131876,1649.94905932,30142.39080008,9891.18697000
4,558,0.000000,0.388000,0.00000000,107.32720193,0.00000000,186.11769939,0.00000000,0.00000000,94.69756566,107.32720193,101.68074366,1745.79450000,30142.39079988,9891.18697000
4,559,0.092000,0.338000,16.75514585,72.54302600,0.00000000,183.08681071,0.00000000,0.00000000,78.66539600,89.29817185,84.63532017,1492.48104146,30238.23624117,7912.94957600
4,560,0.259000,0.530000,47.16937799,60.15782393,0.00000000,340.68186085,0.00000000,0.00000000,94.69756566,107.32720193,101.68074366,1745.79450000,30238.23624096,9891.18697000
4,561,0.411000,0.663000,74.85179288,32.47540905,0.00000000,468.95234758,0.00000000,0.00000000,94.69756566,107.32720193,101.68074366,1745.79450000,30238.23624076,9891.18697000
4,562,0.534000,0.674000,97.25269439,10.07450757,0.00000000,499.67256327,0.00000000,0.00000000,94.69756570,107.32720197,101.68074370,1745.79450061,30238.23624117,9891.18697000
4,563,0.594000,0.642000,107.32720195,0.00000000,0.85276147,485.54542949,0.00000000,0.00000000,94.69756569,107.32720195,101.68074369,1745.79450041,30238.23624137,9891.18697000
4,564,0.608000,0.615000,107.32720193,0.00000000,3.40245761,465.12529461,0.00000000,0.00000000,94.69756566,107.32720193,101.68074366,1745.79450000,30238.23624117,9891.18697000
4,565,0.580000,0.593000,105.63026732,1.69693461,0.00000000,446.78973158,0.00000000,0.00000000,94.69756566,107.32720193,101.68074366,1745.79450000,30238.23624096,9891.18697000
4,566,0.499000,0.577000,90.87845413,16.44874780,0.00000000,419.93709771,0.00000000,0.00000000,94.69756566,107.32720193,101.68074366,1745.79450000,30238.23624076,9891.18697000
4,567,0.385000,0.563000,58.26858481,0.00000000,11.84805815,425.79762742,0.00000000,0.00000000,49.73928100,58.26858481,53.75120360,1002.98064984,29495.42239039,9891.18697000
4,568,0.221000,0.539000,40.24877427,67.00214718,0.00000000,340.64424924,0.00000000,0.00000000,94.69756566,107.25092145,101.68074366,1745.79450000,29539.91844190,9639.08469395
4,569,0.070000,0.484000,12.74848054,94.57872139,0.00000000,271.47110396,0.00000000,0.00000000,94.69756566,107.32720193,101.68074366,1745.79450000,29539.91844170,9891.18697000
4,570,0.000000,0.514000,0.00000000,106.72863180,0.00000000,282.01023231,0.00000000,0.00000000,94.69756566,106.72863180,101.68074366,1745.79450000,29889.07734154,7912.94957600
4,571,0.000000,0.563000,0.00000000,107.32720193,0.00000000,318.47042550,0.00000000,0.00000000,94.69756566,107.32720193,101.68074366,1745.79450000,29889.07734133,9891.18697000
4,572,0.000000,0.539000,0.00000000,106.72863180,0.00000000,300.91776461,0.00000000,0.00000000,94.69756566,106.72863180,101.68074366,1745.79450000,30238.23624117,7912.94957600
4,573,0.000000,0.547000,0.00000000,107.32720193,0.00000000,306.36960482,0.00000000,0.00000000,94.69756566,107.32720193,101.68074366,1745.79450000,30238.23624096,9891.18697000
4,574,0.000000,0.545000,0.00000000,107.32720193,0.00000000,304.85700224,0.00000000,0.00000000,94.69756566,107.32720193,101.68074366,1745.79450000,30238.23624076,9891.18697000
4,575,0.000000,0.545000,0.00000000,107.32720193,0.00000000,304.85700224,0.00000000,0.00000000,94.69756566,107.32720193,101.68074366,1745.79450000,30238.23624055,9891.18697000
4,576,0.000000,0.538000,0.00000000,107.32720192,0.00000000,299.56289320,0.00000000,0.00000000,94.69756566,107.32720192,101.68074366,1745.79450000,30238.23624117,9891.18696535
4,577,0.000000,0.494000,0.00000000,107.32720193,0.00000000,266.28563635,0.00000000,0.00000000,94.69756566,107.32720193,101.68074366,1745.79450000,30238.23624096,9891.18697000
4,578,0.000000,0.447000,0.00000000,107.32720193,0.00000000,230.73947562,0.00000000,0.00000000,94.69756566,107.32720193,101.68074366,1745.79450000,30238.23624076,9891.18697000
4,579,0.000000,0.436000,0.00000000,89.46248162,0.00000000,240.28488172,0.00000000,0.00000000,78.66539600,89.46248162,84.63532017,1492.48104146,30238.23624117,8455.98323539
4,580,0.000000,0.446000,0.00000000,107.32720193,0.00000000,229.98317433,0.00000000,0.00000000,94.69756566,107.32720193,101.68074366,1745.79450000,30238.23624096,9891.18697000
4,581,0.000000,0.451000,0.00000000,107.32720193,0.00000000,233.76468079,0.00000000,0.00000000,94.69756566,107.32720193,101.68074366,1745.79450000,30238.23624076,9891.18697000
4,582,0.000000,0.450000,0.00000000,89.46248162,0.00000000,250.87309981,0.00000000,0.00000000,78.66539600,89.46248162,84.63532017,1492.48104146,30238.23624117,8455.98323539
4,583,0.105000,0.395000,19.12272081,54.15881079,0.00000000,244.58019957,0.00000000,0.00000000,63.67817400,73.28153160,68.65710075,1244.73168631,29889.07734133,9030.54156457
4,584,0.292000,0.654000,53.17937596,53.54925584,0.00000000,441.07178916,0.00000000,0.00000000,94.69756566,106.72863180,101.68074366,1745.79450000,30238.23624117,7912.94957600
4,585,0.451000,0.785000,0.00000000,72.94337341,82.13663890,520.75314085,0.00000000,0.00000000,63.67817400,72.94337341,68.65710075,1244.73168631,30086.33232731,7912.94957600
4,586,0.562000,0.762000,102.35208661,4.97511532,0.00000000,571.32646922,0.00000000,0.00000000,94.69756566,107.32720193,101.68074366,1745.79450000,30086.33232711,9891.18697000
4,587,0.625000,0.672000,107.32720193,0.00000000,6.49851717,508.23446826,0.00000000,0.00000000,94.69756566,107.32720193,101.68074366,1745.79450000,30086.33232690,9891.18697000
4,588,0.643000,0.544000,107.32720193,0.00000000,9.77669788,411.42790287,0.00000000,0.00000000,94.69756566,107.32720193,101.68074366,1745.79450000,30086.33232670,9891.18697000
4,589,0.618000,0.422000,89.29817185,0.00000000,23.25269919,319.15914524,0.00000000,0.00000000,78.66539600,89.29817185,84.63532017,1492.48104146,30182.17776799,7912.94957600
4,590,0.548000,0.343000,99.80239050,7.52481142,0.00000000,251.88653175,0.00000000,0.00000000,94.69756566,107.32720193,101.68074366,1745.79450000,30182.17776779,9891.18697000
4,591,0.433000,0.303000,78.85845819,11.03828379,0.00000000,218.12100770,0.00000000,0.00000000,78.66539600,89.89674197,84.63532017,1492.48104146,29928.86430904,9891.18697000
4,592,0.275000,0.295000,50.08331640,39.21485545,0.00000000,183.89402571,0.00000000,0.00000000,78.66539600,89.29817185,84.63532017,1492.48104146,30024.70975033,7912.94957600
4,593,0.094000,0.300000,17.11938815,80.27639854,0.00000000,146.61398908,0.00000000,0.00000000,86.11341145,97.39578669,92.55405981,1610.16209100,30238.23624117,7912.94957600
4,594,0.000000,0.374000,0.00000000,107.32720193,0.00000000,175.52948130,0.00000000,0.00000000,94.69756566,107.32720193,101.68074366,1745.79450000,30238.23624117,9891.18696884
4,595,0.000000,0.456000,0.00000000,2.39428050,0.00000000,342.47910867,0.00000000,0.00000000,0.00000000,2.39428050,0.00000000,0.00000000,28841.60064100,7912.94957600
4,596,0.000000,0.471000,0.00000000,107.32720193,0.00000000,248.89070663,0.00000000,0.00000000,94.69756566,107.32720193,101.68074366,1745.79450000,28841.60064080,9891.18697000
4,597,0.000000,0.459000,0.00000000,107.32720193,0.00000000,239.81509112,0.00000000,0.00000000,94.69756566,107.32720193,101.68074366,1745.79450000,28841.60064059,9891.18697000
4,598,0.000000,0.420000,0.00000000,106.72863180,0.00000000,210.91791086,0.00000000,0.00000000,94.69756566,106.72863180,101.68074366,1745.79450000,29190.75954043,7912.94957600
4,599,0.000000,0.361000,0.00000000,107.32720193,0.00000000,165.69756450,0.00000000,0.00000000,94.69756566,107.32720193,101.68074366,1745.79450000,29190.75954022,9891.18697000
4,600,0.000000,0.318000,0.00000000,107.32720193,0.00000000,133.17660895,0.00000000,0.00000000,94.69756566,107.32720193,101.68074366,1745.79450000,29190.75954002,9891.18697000
4,601,0.000000,0.302000,0.00000000,107.32720192,0.00000000,121.07578828,0.00000000,0.00000000,94.69756566,107.32720192,101.68074366,1745.79450000,29190.75954207,9891.18695722
4,602,0.000000,0.294000,0.00000000,106.72863180,0.00000000,115.62394806,0.00000000,0.00000000,94.69756566,106.72863180,101.68074366,1745.79450000,29539.91844190,7912.94957600
4,603,0.000000,0.275000,0.00000000,106.72863180,0.00000000,101.25422351,0.00000000,0.00000000,94.69756566,106.72863180,101.68074366,1745.79450000,29889.07734174,7912.94957600
4,604,0.000000,0.261000,0.00000000,107.32720193,0.00000000,90.06743530,0.00000000,0.00000000,94.69756566,107.32720193,101.68074366,1745.79450000,29889.07734154,9891.18697000
4,605,0.000000,0.245000,0.00000000,107.32720193,0.00000000,77.96661463,0.00000000,0.00000000,94.69756566,107.32720193,101.68074366,1745.79450000,29889.07734133,9891.18697000
4,606,0.000000,0.227000,0.00000000,106.72863180,0.00000000,64.95176149,0.00000000,0.00000000,94.69756566,106.72863180,101.68074366,1745.79450000,30238.23624117,7912.94957600
4,607,0.103000,0.195000,18.75847851,71.13826321,0.00000000,76.34048874,0.00000000,0.00000000,78.66539600,89.89674172,84.63531998,1492.48099468,29984.92273564,9891.18697000
4,608,0.289000,0.316000,52.63301251,54.69418942,0.00000000,184.29701887,0.00000000,0.00000000,94.69756566,107.32720193,101.68074366,1745.79450000,29984.92273543,9891.18697000
4,609,0.444000,0.325000,80.86179084,26.46541108,0.00000000,219.33250883,0.00000000,0.00000000,94.69756566,107.32720193,101.68074366,1745.79450000,29984.92273523,9891.18697000
4,610,0.554000,0.269000,100.89511741,6.43208452,0.00000000,197.01296304,0.00000000,0.00000000,94.69756566,107.32720193,101.68074366,1745.79450000,29984.92273502,9891.18697000
4,611,0.617000,0.201000,107.32720193,0.00000000,5.04154796,152.01655970,0.00000000,0.00000000,94.69756566,107.32720193,101.68074366,1745.79450000,29984.92273482,9891.18697000
4,612,0.634000,0.145000,106.89294149,0.00000000,8.57186796,109.66368735,0.00000000,0.00000000,94.69756566,106.89294149,101.68074366,1745.79450000,30238.23624117,8455.98296686
4,613,0.604000,0.108000,107.32720193,0.00000000,2.67397301,81.68053954,0.00000000,0.00000000,94.69756566,107.32720193,101.68074366,1745.79450000,30238.23624096,9891.18697000
4,614,0.528000,0.084000,96.15996749,11.16723443,0.00000000,52.36207410,0.00000000,0.00000000,94.69756566,107.32720193,101.68074366,1745.79450000,30238.23624076,9891.18697000
4,615,0.416000,0.068000,75.76239863,31.56480330,0.00000000,19.86368456,0.00000000,0.00000000,94.69756566,107.32720192,101.68074366,1745.79450000,30238.23624117,9891.18696652
4,616,0.254000,0.066000,46.25877224,26.68460117,0.00000000,23.23128411,0.00000000,0.00000000,63.67817400,72.94337341,68.65710075,1244.73168631,30086.33232731,7912.94957600
4,617,0.076000,0.074000,2.99285063,0.00000000,10.84835682,55.96629561,0.00000000,0.00000000,0.00000000,2.99285063,0.00000000,0.00000000,28340.53782711,9891.18697000
4,618,0.000000,0.104000,0.00000000,2.39428050,0.00000000,76.26105387,0.00000000,0.00000000,0.00000000,2.39428050,0.00000000,0.00000000,26943.90222695,7912.94957600
4,619,0.000000,0.151000,0.00000000,106.72863180,0.00000000,7.47286330,0.00000000,0.00000000,94.69756566,106.72863180,101.68074366,1745.79450000,27293.06112678,7912.94957600
4,620,0.000000,0.202000,0.00000000,106.72863180,0.00000000,46.04422919,0.00000000,0.00000000,94.69756566,106.72863180,101.68074366,1745.79450000,27642.22002662,7912.94957600
4,621,0.000000,0.245000,0.00000000,106.72863180,0.00000000,78.56518475,0.00000000,0.00000000,94.69756566,106.72863180,101.68074366,1745.79450000,27991.37892645,7912.94957600
4,622,0.000000,0.281000,0.00000000,106.72863180,0.00000000,105.79203126,0.00000000,0.00000000,94.69756566,106.72863180,101.68074366,1745.79450000,28340.53782629,7912.94957600
4,623,0.000000,0.307000,0.00000000,106.72863180,0.00000000,125.45586486,0.00000000,0.00000000,94.69756566,106.72863180,101.68074366,1745.79450000,28689.69672613,7912.94957600
4,624,0.000000,0.291000,0.00000000,107.32720193,0.00000000,112.75647406,0.00000000,0.00000000,94.69756566,107.32720193,101.68074366,1745.79450000,28689.69672592,9891.18697000
4,625,0.000000,0.306000,0.00000000,107.32720193,0.00000000,124.10099344,0.00000000,0.00000000,94.69756566,107.32720193,101.68074366,1745.79450000,28689.69672572,9891.18697000
4,626,0.000000,0.308000,0.00000000,107.32720193,0.00000000,125.61359602,0.00000000,0.00000000,94.69756566,107.32720193,101.68074366,1745.79450000,28689.69672551,9891.18697000
4,627,0.000000,0.305000,0.00000000,106.72863180,0.00000000,123.94326227,0.00000000,0.00000000,94.69756566,106.72863180,101.68074366,1745.79450000,29038.85562535,7912.94957600
4,628,0.000000,0.313000,0.00000000,106.72863180,0.00000000,129.99367261,0.00000000,0.00000000,94.69756566,106.72863180,101.68074366,1745.79450000,29388.01452518,7912.94957600
4,629,0.000000,0.325000,0.00000000,106.72863180,0.00000000,139.06928811,0.00000000,0.00000000,94.69756566,106.72863180,101.68074366,1745.79450000,29737.17342502,7912.94957600
4,630,0.000000,0.321000,0.00000000,107.32720193,0.00000000,135.44551282,0.00000000,0.00000000,94.69756566,107.32720193,101.68074366,1745.79450000,29737.17342481,9891.18697000
4,631,0.102000,0.427000,0.00000000,89.89674172,18.57635736,233.04390999,0.00000000,0.00000000,78.66539600,89.89674172,84.63531998,1492.48099468,29483.85991928,9891.18697000
4,632,0.284000,0.656000,51.72240676,55.60479517,0.00000000,440.52885241,0.00000000,0.00000000,94.69756566,107.32720193,101.68074366,1745.79450000,29483.85991908,9891.18697000
4,633,0.438000,0.666000,79.76906394,26.95956786,0.00000000,476.73709264,0.00000000,0.00000000,94.69756566,106.72863180,101.68074366,1745.79450000,29833.01881891,7912.94957600
4,634,0.547000,0.607000,99.62026935,7.70693257,0.00000000,451.36795170,0.00000000,0.00000000,94.69756566,107.32720193,101.68074366,1745.79450000,29833.01881871,9891.18697000
4,635,0.610000,0.540000,89.29817185,0.00000000,21.79572999,408.40269771,0.00000000,0.00000000,78.66539600,89.29817185,84.63532017,1492.48104146,29928.86426000,7912.94957600
4,636,0.632000,0.488000,107.32720193,0.00000000,7.77336522,369.07503052,0.00000000,0.00000000,94.69756566,107.32720193,101.68074366,1745.79450000,29928.86425980,9891.18697000
4,637,0.606000,0.451000,107.32720193,0.00000000,3.03821531,341.09188271,0.00000000,0.00000000,94.69756566,107.32720193,101.68074366,1745.79450000,29928.86425959,9891.18697000
4,638,0.535000,0.423000,89.53068913,0.00000000,7.90412641,319.91544654,0.00000000,0.00000000,78.66539600,89.53068913,84.63532017,1492.48104146,29889.07734133,8681.40487092
4,639,0.420000,0.410000,76.49088323,30.23774857,0.00000000,279.84578117,0.00000000,0.00000000,94.69756566,106.72863180,101.68074366,1745.79450000,30238.23624117,7912.94957600
4,640,0.262000,0.414000,47.71574144,59.61146048,0.00000000,253.49727443,0.00000000,0.00000000,94.69756566,107.32720193,101.68074366,1745.79450000,30238.23624096,9891.18697000
4,641,0.081000,0.402000,14.75181319,92.57538873,0.00000000,211.45773067,0.00000000,0.00000000,94.69756566,107.32720193,101.68074366,1745.79450000,30238.23624076,9891.18697000
4,642,0.000000,0.419000,0.00000000,89.46248162,0.00000000,227.42775975,0.00000000,0.00000000,78.66539600,89.46248162,84.63532017,1492.48104146,30238.23624117,8455.98323539
4,643,0.000000,0.480000,0.00000000,107.32720193,0.00000000,255.69741826,0.00000000,0.00000000,94.69756566,107.32720193,101.68074366,1745.79450000,30238.23624096,9891.18697000
4,644,0.000000,0.495000,0.00000000,107.32720193,0.00000000,267.04193764,0.00000000,0.00000000,94.69756566,107.32720193,101.68074366,1745.79450000,30238.23624117,9891.18696768
4,645,0.000000,0.571000,0.00000000,107.32720193,0.00000000,324.52083583,0.00000000,0.00000000,94.69756566,107.32720193,101.68074366,1745.79450000,30238.23624096,9891.18697000
4,646,0.000000,0.646000,0.00000000,107.32720193,0.00000000,381.24343274,0.00000000,0.00000000,94.69756566,107.32720193,101.68074366,1745.79450000,30238.23624076,9891.18697000
4,647,0.000000,0.637000,0.00000000,107.32720193,0.00000000,374.43672111,0.00000000,0.00000000,94.69756566,107.32720193,101.68074366,1745.79450000,30238.23624055,9891.18697000
4,648,0.000000,0.621000,0.00000000,107.32720193,0.00000000,362.33590044,0.00000000,0.00000000,94.69756566,107.32720193,101.68074366,1745.79450000,30238.23624035,9891.18697000
4,649,0.000000,0.608000,0.00000000,107.32720193,0.00000000,352.50398364,0.00000000,0.00000000,94.69756566,107.32720193,101.68074366,1745.79450000,30238.23624014,9891.18697000
4,650,0.000000,0.592000,0.00000000,107.32720193,0.00000000,340.40316297,0.00000000,0.00000000,94.69756566,107.32720193,101.68074366,1745.79450000,30238.23623994,9891.18697000
4,651,0.000000,0.578000,0.00000000,107.32720192,0.00000000,329.81494488,0.00000000,0.00000000,94.69756566,107.32720192,101.68074366,1745.79450000,30238.23624178,9891.18695839
4,652,0.000000,0.550000,0.00000000,107.32720193,0.00000000,308.63850870,0.00000000,0.00000000,94.69756566,107.32720193,101.68074366,1745.79450000,30238.23624158,9891.18697000
4,653,0.000000,0.513000,0.00000000,107.32720193,0.00000000,280.65536089,0.00000000,0.00000000,94.69756566,107.32720193,101.68074366,1745.79450000,30238.23624137,9891.18697000
4,654,0.000000,0.469000,0.00000000,107.32720193,0.00000000,247.37810404,0.00000000,0.00000000,94.69756566,107.32720193,101.68074366,1745.79450000,30238.23624117,9891.18697000
4,655,0.103000,0.496000,18.75847851,71.13826347,0.00000000,303.98717739,0.00000000,0.00000000,78.66539600,89.89674197,84.63532017,1492.48104146,29984.92278242,9891.18697000
4,656,0.284000,0.761000,51.72240676,55.60479517,0.00000000,519.94048808,0.00000000,0.00000000,94.69756566,107.32720193,101.68074366,1745.79450000,29984.92278221,9891.18697000
4,657,0.439000,0.797000,79.95118509,27.37601683,0.00000000,575.39611293,0.00000000,0.00000000,94.69756566,107.32720193,101.68074366,1745.79450000,29984.92278201,9891.18697000
4,658,0.546000,0.777000,99.43814820,1.29394377,0.00000000,586.35216015,0.00000000,0.00000000,88.63152254,100.73209197,95.23131878,1649.94905953,29889.07734133,9891.18697000
4,659,0.609000,0.732000,106.72863180,0.00000000,4.18314889,553.61254578,0.00000000,0.00000000,94.69756566,106.72863180,101.68074366,1745.79450000,30238.23624117,7912.94957600
4,660,0.628000,0.686000,107.32720193,0.00000000,7.04488062,518.82268634,0.00000000,0.00000000,94.69756566,107.32720193,101.68074366,1745.79450000,30238.23624096,9891.18697000
4,661,0.597000,0.624000,107.32720193,0.00000000,1.39912495,471.93200624,0.00000000,0.00000000,94.69756566,107.32720193,101.68074366,1745.79450000,30238.23624076,9891.18697000
4,662,0.523000,0.565000,95.24936174,12.07784019,0.00000000,415.23238982,0.00000000,0.00000000,94.69756566,107.32720193,101.68074366,1745.79450000,30238.23624055,9891.18697000
4,663,0.407000,0.529000,74.12330827,33.20389365,0.00000000,366.87948984,0.00000000,0.00000000,94.69756566,107.32720193,101.68074366,1745.79450000,30238.23624035,9891.18697000
4,664,0.253000,0.525000,46.07665109,43.38583019,0.00000000,353.67234814,0.00000000,0.00000000,78.66539600,89.46248128,84.63531998,1492.48099468,30238.23624117,8455.98296802
4,665,0.080000,0.501000,14.56969204,75.32704993,0.00000000,303.57989739,0.00000000,0.00000000,78.66539600,89.89674197,84.63532017,1492.48104146,29984.92278242,9891.18697000
4,666,0.000000,0.479000,0.00000000,107.32720193,0.00000000,254.94111696,0.00000000,0.00000000,94.69756566,107.32720193,101.68074366,1745.79450000,29984.92278221,9891.18697000
4,667,0.000000,0.494000,0.00000000,89.89674197,0.00000000,283.71609630,0.00000000,0.00000000,78.66539600,89.89674197,84.63532017,1492.48104146,29731.60932346,9891.18697000
4,668,0.000000,0.500000,0.00000000,89.89674197,0.00000000,288.25390405,0.00000000,0.00000000,78.66539600,89.89674197,84.63532017,1492.48104146,29478.29586471,9891.18697000
4,669,0.000000,0.519000,0.00000000,106.03456858,0.00000000,286.48580199,0.00000000,0.00000000,93.50862875,106.03456858,100.41666441,1727.00891289,29459.51027740,9891.18697000
4,670,0.000000,0.502000,0.00000000,89.89674197,0.00000000,289.76650663,0.00000000,0.00000000,78.66539600,89.89674197,84.63532017,1492.48104146,29206.19681865,9891.18697000
4,671,0.000000,0.487000,0.00000000,89.89674197,0.00000000,278.42198725,0.00000000,0.00000000,78.66539600,89.89674197,84.63532017,1492.48104146,28952.88335990,9891.18697000
4,672,0.000000,0.461000,0.00000000,89.89674197,0.00000000,258.75815366,0.00000000,0.00000000,78.66539600,89.89674197,84.63532017,1492.48104146,28699.56990115,9891.18697000
4,673,0.000000,0.444000,0.00000000,89.89674197,0.00000000,245.90103169,0.00000000,0.00000000,78.66539600,89.89674197,84.63532017,1492.48104146,28446.25644240,9891.18697000
4,674,0.000000,0.404000,0.00000000,89.89674197,0.00000000,215.64898001,0.00000000,0.00000000,78.66539600,89.89674197,84.63532017,1492.48104146,28192.94298365,9891.18697000
4,675,0.000000,0.372000,0.00000000,89.89674197,0.00000000,191.44733867,0.00000000,0.00000000,78.66539600,89.89674197,84.63532017,1492.48104146,27939.62952490,9891.18697000
4,676,0.000000,0.361000,0.00000000,89.89674197,0.00000000,183.12802445,0.00000000,0.00000000,78.66539600,89.89674197,84.63532017,1492.48104146,27686.31606616,9891.18697000
4,677,0.000000,0.422000,0.00000000,89.89674197,0.00000000,229.26240327,0.00000000,0.00000000,78.66539600,89.89674197,84.63532017,1492.48104146,27433.00260741,9891.18697000
4,678,0.000000,0.467000,0.00000000,89.89674197,0.00000000,263.29596141,0.00000000,0.00000000,78.66539600,89.89674197,84.63532017,1492.48104146,27179.68914866,9891.18697000
4,679,0.077000,0.491000,14.02332859,59.51861597,0.00000000,311.82531842,0.00000000,0.00000000,63.67817400,73.54194456,68.65710149,1244.73187308,26678.62652154,9891.18697000
4,680,0.191000,0.661000,34.78513976,55.11160222,0.00000000,444.80355182,0.00000000,0.00000000,78.66539600,89.89674197,84.63532017,1492.48104146,26425.31306279,9891.18697000
4,681,0.274000,0.716000,18.95776159,0.00000000,30.94343367,541.51172511,0.00000000,0.00000000,14.20500000,18.95776159,15.48029780,318.82444922,24998.34301180,9891.18697000
4,682,0.314000,0.692000,57.18604127,32.71070070,0.00000000,490.64979340,0.00000000,0.00000000,78.66539600,89.89674197,84.63532017,1492.48104146,24745.02955305,9891.18697000
4,683,0.353000,0.636000,64.28876614,25.60797583,0.00000000,455.39964591,0.00000000,0.00000000,78.66539600,89.89674197,84.63532017,1492.48104146,24491.71609430,9891.18697000
4,684,0.402000,0.566000,73.21270252,16.68403945,0.00000000,411.38249185,0.00000000,0.00000000,78.66539600,89.89674197,84.63532017,1492.48104146,24238.40263555,9891.18697000
4,685,0.418000,0.516000,76.12664093,13.77010104,0.00000000,376.48136565,0.00000000,0.00000000,78.66539600,89.89674197,84.63532017,1492.48104146,23985.08917680,9891.18697000
4,686,0.338000,0.494000,61.55694889,28.33979309,0.00000000,345.27304518,0.00000000,0.00000000,78.66539600,89.89674197,84.63532017,1492.48104146,23731.77571805,9891.18697000
4,687,0.252000,0.484000,45.89452994,44.00221204,0.00000000,322.04761332,0.00000000,0.00000000,78.66539600,89.89674197,84.63532017,1492.48104146,23478.46225930,9891.18697000
4,688,0.140000,0.467000,25.49696108,64.39978090,0.00000000,288.79292249,0.00000000,0.00000000,78.66539600,89.89674197,84.63532017,1492.48104146,23225.14880055,9891.18697000
4,689,0.042000,0.407000,7.64908832,82.24765365,0.00000000,225.56697221,0.00000000,0.00000000,78.66539600,89.89674197,84.63532017,1492.48104146,22971.83534180,9891.18697000
4,690,0.000000,0.364000,0.00000000,89.89674197,0.00000000,185.39692833,0.00000000,0.00000000,78.66539600,89.89674197,84.63532017,1492.48104146,22718.52188306,9891.18697000
4,691,0.000000,0.366000,0.00000000,89.89674197,0.00000000,186.90953092,0.00000000,0.00000000,78.66539600,89.89674197,84.63532017,1492.48104146,22465.20842431,9891.18697000
4,692,0.000000,0.352000,0.00000000,89.89674197,0.00000000,176.32131283,0.00000000,0.00000000,78.66539600,89.89674197,84.63532017,1492.48104146,22211.89496556,9891.18697000
4,693,0.000000,0.341000,0.00000000,89.89674197,0.00000000,168.00199861,0.00000000,0.00000000,78.66539600,89.89674197,84.63532017,1492.48104146,21958.58150681,9891.18697000
4,694,0.000000,0.352000,0.00000000,89.89674197,0.00000000,176.32131283,0.00000000,0.00000000,78.66539600,89.89674197,84.63532017,1492.48104146,21705.26804806,9891.18697000
4,695,0.000000,0.438000,0.00000000,89.89674197,0.00000000,241.36322394,0.00000000,0.00000000,78.66539600,89.89674197,84.63532017,1492.48104146,21451.95458931,9891.18697000
4,696,0.000000,0.571000,0.00000000,89.89674197,0.00000000,341.95129578,0.00000000,0.00000000,78.66539600,89.89674197,84.63532017,1492.48104146,21198.64113056,9891.18697000
4,697,0.000000,0.593000,0.00000000,89.89674197,0.00000000,358.58992421,0.00000000,0.00000000,78.66539600,89.89674197,84.63532017,1492.48104146,20945.32767181,9891.18697000
4,698,0.000000,0.552000,0.00000000,89.89674197,0.00000000,327.58157124,0.00000000,0.00000000,78.66539600,89.89674197,84.63532017,1492.48104146,20692.01421306,9891.18697000
4,699,0.000000,0.442000,0.00000000,89.89674197,0.00000000,244.38842911,0.00000000,0.00000000,78.66539600,89.89674197,84.63532017,1492.48104146,20438.70075431,9891.18697000
4,700,0.000000,0.348000,0.00000000,89.89674197,0.00000000,173.29610766,0.00000000,0.00000000,78.66539600,89.89674197,84.63532017,1492.48104146,20185.38729556,9891.18697000
4,701,0.000000,0.317000,0.00000000,89.89674197,0.00000000,149.85076760,0.00000000,0.00000000,78.66539600,89.89674197,84.63532017,1492.48104146,19932.07383682,9891.18697000
4,702,0.000000,0.302000,0.00000000,89.89674197,0.00000000,138.50624822,0.00000000,0.00000000,78.66539600,89.89674197,84.63532017,1492.48104146,19678.76037807,9891.18697000
4,703,0.103000,0.311000,18.75847851,71.13826347,0.00000000,164.07143836,0.00000000,0.00000000,78.66539600,89.89674197,84.63532017,1492.48104146,19425.44691932,9891.18697000
4,704,0.283000,0.488000,51.54028561,38.35645637,0.00000000,330.71857415,0.00000000,0.00000000,78.66539600,89.89674197,84.63532017,1492.48104146,19172.13346057,9891.18697000
4,705,0.436000,0.479000,79.40482164,10.49192033,0.00000000,351.77639856,0.00000000,0.00000000,78.66539600,89.89674197,84.63532017,1492.48104146,18918.82000182,9891.18697000
4,706,0.545000,0.384000,89.89674197,0.00000000,9.35928508,290.41969615,0.00000000,0.00000000,78.66539600,89.89674197,84.63532017,1492.48104146,18665.50654307,9891.18697000
4,707,0.604000,0.308000,89.89674197,0.00000000,20.10443296,232.94079795,0.00000000,0.00000000,78.66539600,89.89674197,84.63532017,1492.48104146,18412.19308432,9891.18697000
4,708,0.617000,0.259000,89.89674197,0.00000000,22.47200792,195.88203464,0.00000000,0.00000000,78.66539600,89.89674197,84.63532017,1492.48104146,18158.87962557,9891.18697000
4,709,0.582000,0.233000,89.89674197,0.00000000,16.09776765,176.21820105,0.00000000,0.00000000,78.66539600,89.89674197,84.63532017,1492.48104146,17905.56616682,9891.18697000
4,710,0.507000,0.220000,89.89674197,0.00000000,2.43868136,166.38628425,0.00000000,0.00000000,78.66539600,89.89674197,84.63532017,1492.48104146,17652.25270807,9891.18697000
4,711,0.390000,0.211000,71.02724872,18.86949326,0.00000000,140.71007936,0.00000000,0.00000000,78.66539600,89.89674197,84.63532017,1492.48104146,17398.93924932,9891.18697000
4,712,0.232000,0.215000,42.25210693,47.64463505,0.00000000,114.96014274,0.00000000,0.00000000,78.66539600,89.89674197,84.63532017,1492.48104146,17145.62579058,9891.18697000
4,713,0.069000,0.228000,12.56635939,77.33038259,0.00000000,95.10631200,0.00000000,0.00000000,78.66539600,89.89674197,84.63532017,1492.48104146,16892.31233183,9891.18697000
4,714,0.000000,0.295000,0.00000000,89.89674197,0.00000000,133.21213918,0.00000000,0.00000000,78.66539600,89.89674197,84.63532017,1492.48104146,16638.99887308,9891.18697000
4,715,0.000000,0.410000,0.00000000,89.89674197,0.00000000,220.18678777,0.00000000,0.00000000,78.66539600,89.89674197,84.63532017,1492.48104146,16385.68541433,9891.18697000
4,716,0.000000,0.506000,0.00000000,89.89674197,0.00000000,292.79171180,0.00000000,0.00000000,78.66539600,89.89674197,84.63532017,1492.48104146,16132.37195558,9891.18697000
4,717,0.000000,0.566000,0.00000000,89.89674197,0.00000000,338.16978932,0.00000000,0.00000000,78.66539600,89.89674197,84.63532017,1492.48104146,15879.05849683,9891.18697000
4,718,0.000000,0.526000,0.00000000,89.89674197,0.00000000,307.91773764,0.00000000,0.00000000,78.66539600,89.89674197,84.63532017,1492.48104146,15625.74503808,9891.18697000
4,719,0.000000,0.460000,0.00000000,89.89674197,0.00000000,258.00185237,0.00000000,0.00000000,78.66539600,89.89674197,84.63532017,1492.48104146,15372.43157933,9891.18697000
4,720,0.000000,0.364000,0.00000000,89.89674197,0.00000000,185.39692833,0.00000000,0.00000000,78.66539600,89.89674197,84.63532017,1492.48104146,15119.11812058,9891.18697000
5,1,0.000000,0.469000,0.00000000,106.72863180,0.00000000,247.97667417,0.00000000,0.00000000,94.69756566,106.72863180,101.68074366,1745.79450000,15468.27702042,7912.94957600
5,2,0.000000,0.414000,0.00000000,106.72863180,0.00000000,206.38010311,0.00000000,0.00000000,94.69756566,106.72863180,101.68074366,1745.79450000,15817.43592026,7912.94957600
5,3,0.000000,0.367000,0.00000000,106.72863180,0.00000000,170.83394238,0.00000000,0.00000000,94.69756566,106.72863180,101.68074366,1745.79450000,16166.59482009,7912.94957600
5,4,0.000000,0.323000,0.00000000,106.72863180,0.00000000,137.55668553,0.00000000,0.00000000,94.69756566,106.72863180,101.68074366,1745.79450000,16515.75371993,7912.94957600
5,5,0.000000,0.294000,0.00000000,2.39428050,0.00000000,219.95829936,0.00000000,0.00000000,0.00000000,2.39428050,0.00000000,0.00000000,15119.11811976,7912.94957600
5,6,0.000000,0.273000,0.00000000,30.37356422,0.00000000,176.09668850,0.00000000,0.00000000,25.00174700,30.37356422,27.15938231,539.40882693,14261.89134652,7912.94957600
5,7,0.105000,0.278000,19.12272081,87.60591099,0.00000000,122.64584820,0.00000000,0.00000000,94.69756566,106.72863180,101.68074366,1745.79450000,14611.05024636,7912.94957600
5,8,0.288000,0.523000,43.47863956,0.00000000,8.97225180,395.54557574,0.00000000,0.00000000,36.84682300,43.47863956,39.91750131,767.66957627,13982.08422247,7912.94957600
5,9,0.443000,0.574000,80.67966969,26.04896211,0.00000000,408.06797953,0.00000000,0.00000000,94.69756566,106.72863180,101.68074366,1745.79450000,14331.24312230,7912.94957600
5,10,0.552000,0.507000,100.53087510,6.19775670,0.00000000,377.24699837,0.00000000,0.00000000,94.69756566,106.72863180,101.68074366,1745.79450000,14680.40202214,7912.94957600
5,11,0.614000,0.422000,106.72863180,0.00000000,5.09375464,319.15914524,0.00000000,0.00000000,94.69756566,106.72863180,101.68074366,1745.79450000,15029.56092197,7912.94957600
5,12,0.632000,0.352000,106.72863180,0.00000000,8.37193535,266.21805480,0.00000000,0.00000000,94.69756566,106.72863180,101.68074366,1745.79450000,15378.71982181,7912.94957600
5,13,0.600000,0.311000,106.72863180,0.00000000,2.54405853,235.20970183,0.00000000,0.00000000,94.69756566,106.72863180,101.68074366,1745.79450000,15727.87872165,7912.94957600
5,14,0.529000,0.297000,72.94337341,0.00000000,23.39871523,224.62148374,0.00000000,0.00000000,63.67817400,72.94337341,68.65710075,1244.73168631,15575.97480779,7912.94957600
5,15,0.379000,0.312000,69.02391606,20.27425553,0.00000000,215.69174759,0.00000000,0.00000000,78.66539600,89.29817159,84.63531998,1492.48099468,15671.82020230,7912.94957600
5,16,0.222000,0.341000,40.43089542,48.86727617,0.00000000,209.03146442,0.00000000,0.00000000,78.66539600,89.29817159,84.63531998,1492.48099468,15767.66559682,7912.94957600
5,17,0.075000,0.383000,13.65908629,59.28428712,0.00000000,230.37910774,0.00000000,0.00000000,63.67817400,72.94337341,68.65710075,1244.73168631,15615.76168296,7912.94957600
5,18,0.000000,0.434000,0.00000000,2.39428050,0.00000000,325.84048025,0.00000000,0.00000000,0.00000000,2.39428050,0.00000000,0.00000000,14219.12608280,7912.94957600
5,19,0.000000,0.464000,0.00000000,106.72863180,0.00000000,244.19516771,0.00000000,0.00000000,94.69756566,106.72863180,101.68074366,1745.79450000,14568.28498264,7912.94957600
5,20,0.000000,0.447000,0.00000000,106.72863180,0.00000000,231.33804574,0.00000000,0.00000000,94.69756566,106.72863180,101.68074366,1745.79450000,14917.44388247,7912.94957600
5,21,0.000000,0.465000,0.00000000,106.72863180,0.00000000,244.95146900,0.00000000,0.00000000,94.69756566,106.72863180,101.68074366,1745.79450000,15266.60278231,7912.94957600
5,22,0.000000,0.421000,0.00000000,106.72863180,0.00000000,211.67421215,0.00000000,0.00000000,94.69756566,106.72863180,101.68074366,1745.79450000,15615.76168214,7912.94957600
5,23,0.000000,0.355000,0.00000000,106.72863180,0.00000000,161.75832688,0.00000000,0.00000000,94.69756566,106.72863180,101.68074366,1745.79450000,15964.92058198,7912.94957600
5,24,0.000000,0.286000,0.00000000,106.72863180,0.00000000,109.57353772,0.00000000,0.00000000,94.69756566,106.72863180,101.68074366,1745.79450000,16314.07948182,7912.94957600
5,25,0.000000,0.321000,0.00000000,106.72863180,0.00000000,136.04408295,0.00000000,0.00000000,94.69756566,106.72863180,101.68074366,1745.79450000,16663.23838165,7912.94957600
5,26,0.000000,0.286000,0.00000000,106.72863180,0.00000000,109.57353772,0.00000000,0.00000000,94.69756566,106.72863180,101.68074366,1745.79450000,17012.39728149,7912.94957600
5,27,0.000000,0.236000,0.00000000,106.72863180,0.00000000,71.75847312,0.00000000,0.00000000,94.69756566,106.72863180,101.68074366,1745.79450000,17361.55618132,7912.94957600
5,28,0.000000,0.203000,0.00000000,57.67001469,0.00000000,95.85914760,0.00000000,0.00000000,49.73928100,57.67001469,53.75120360,1002.98064984,16967.90123100,7912.94957600
5,29,0.000000,0.186000,0.00000000,106.72863180,0.00000000,33.94340852,0.00000000,0.00000000,94.69756566,106.72863180,101.68074366,1745.79450000,17317.06013083,7912.94957600
5,30,0.000000,0.179000,0.00000000,106.72863180,0.00000000,28.64929948,0.00000000,0.00000000,94.69756566,106.72863180,101.68074366,1745.79450000,17666.21903067,7912.94957600
5,31,0.103000,0.234000,2.39428050,0.00000000,16.36419801,176.97450234,0.00000000,0.00000000,0.00000000,2.39428050,0.00000000,0.00000000,16269.58343050,7912.94957600
5,32,0.286000,0.316000,43.47863956,0.00000000,8.60800950,238.99120829,0.00000000,0.00000000,36.84682300,43.47863956,39.91750131,767.66957627,15640.61740661,7912.94957600
5,33,0.442000,0.270000,57.67001469,0.00000000,22.82753386,204.20134885,0.00000000,0.00000000,49.73928100,57.67001469,53.75120360,1002.98064984,15246.96245628,7912.94957600
5,34,0.551000,0.214000,57.67001469,0.00000000,42.67873927,161.84847650,0.00000000,0.00000000,49.73928100,57.67001469,53.75120360,1002.98064984,14853.30750595,7912.94957600
5,35,0.614000,0.180000,57.67001469,0.00000000,54.15237175,136.13423257,0.00000000,0.00000000,49.73928100,57.67001469,53.75120360,1002.98064984,14459.65255562,7912.94957600
5,36,0.625000,0.168000,106.72863180,0.00000000,7.09708729,127.05861706,0.00000000,0.00000000,94.69756566,106.72863180,101.68074366,1745.79450000,14808.81145546,7912.94957600
5,37,0.597000,0.152000,106.72863180,0.00000000,1.99769508,114.95779639,0.00000000,0.00000000,94.69756566,106.72863180,101.68074366,1745.79450000,15157.97035529,7912.94957600
5,38,0.525000,0.144000,95.61360404,11.11502776,0.00000000,97.79235829,0.00000000,0.00000000,94.69756566,106.72863180,101.68074366,1745.79450000,15507.12925513,7912.94957600
5,39,0.409000,0.160000,74.48755058,32.24108123,0.00000000,88.76712550,0.00000000,0.00000000,94.69756566,106.72863180,101.68074366,1745.79450000,15856.28815497,7912.94957600
5,40,0.233000,0.199000,42.43422808,64.29440372,0.00000000,86.20955340,0.00000000,0.00000000,94.69756566,106.72863180,101.68074366,1745.79450000,16205.44705480,7912.94957600
5,41,0.075000,0.264000,13.65908629,93.06954551,0.00000000,106.59399559,0.00000000,0.00000000,94.69756566,106.72863180,101.68074366,1745.79450000,16554.60595464,7912.94957600
5,42,0.000000,0.346000,0.00000000,106.72863180,0.00000000,154.95161525,0.00000000,0.00000000,94.69756566,106.72863180,101.68074366,1745.79450000,16903.76485447,7912.94957600
5,43,0.000000,0.334000,0.00000000,106.72863180,0.00000000,145.87599974,0.00000000,0.00000000,94.69756566,106.72863180,101.68074366,1745.79450000,17252.92375431,7912.94957600
5,44,0.000000,0.264000,0.00000000,106.72863180,0.00000000,92.93490930,0.00000000,0.00000000,94.69756566,106.72863180,101.68074366,1745.79450000,17602.08265415,7912.94957600
5,45,0.000000,0.204000,0.00000000,106.72863180,0.00000000,47.55683178,0.00000000,0.00000000,94.69756566,106.72863180,101.68074366,1745.79450000,17951.24155398,7912.94957600
5,46,0.000000,0.170000,0.00000000,106.72863180,0.00000000,21.84258785,0.00000000,0.00000000,94.69756566,106.72863180,101.68074366,1745.79450000,18300.40045382,7912.94957600
5,47,0.000000,0.164000,0.00000000,106.72863180,0.00000000,17.30478010,0.00000000,0.00000000,94.69756566,106.72863180,101.68074366,1745.79450000,18649.55935365,7912.94957600
5,48,0.000000,0.157000,0.00000000,106.72863180,0.00000000,12.01067105,0.00000000,0.00000000,94.69756566,106.72863180,101.68074366,1745.79450000,18998.71825349,7912.94957600
5,49,0.000000,0.147000,0.00000000,106.72863180,0.00000000,4.44765813,0.00000000,0.00000000,94.69756566,106.72863180,101.68074366,1745.79450000,19347.87715333,7912.94957600
5,50,0.000000,0.155000,0.00000000,106.72863180,0.00000000,10.49806847,0.00000000,0.00000000,94.69756566,106.72863180,101.68074366,1745.79450000,19697.03605316,7912.94957600
5,51,0.000000,0.163000,0.00000000,106.72863180,0.00000000,16.54847880,0.00000000,0.00000000,94.69756566,106.72863180,101.68074366,1745.79450000,20046.19495300,7912.94957600
5,52,0.000000,0.192000,0.00000000,106.72863180,0.00000000,38.48121627,0.00000000,0.00000000,94.69756566,106.72863180,101.68074366,1745.79450000,20395.35385283,7912.94957600
5,53,0.000000,0.225000,0.00000000,106.72863180,0.00000000,63.43915891,0.00000000,0.00000000,94.69756566,106.72863180,101.68074366,1745.79450000,20744.51275267,7912.94957600
5,54,0.000000,0.249000,0.00000000,106.72863180,0.00000000,81.59038992,0.00000000,0.00000000,94.69756566,106.72863180,101.68074366,1745.79450000,21093.67165251,7912.94957600
5,55,0.092000,0.300000,16.75514585,89.97348595,0.00000000,136.91690166,0.00000000,0.00000000,94.69756566,106.72863180,101.68074366,1745.79450000,21442.83055234,7912.94957600
5,56,0.262000,0.352000,47.71574144,59.01289036,0.00000000,207.20516444,0.00000000,0.00000000,94.69756566,106.72863180,101.68074366,1745.79450000,21791.98945218,7912.94957600
5,57,0.429000,0.275000,78.12997359,28.59865821,0.00000000,179.38419710,0.00000000,0.00000000,94.69756566,106.72863180,101.68074366,1745.79450000,22141.14835201,7912.94957600
5,58,0.536000,0.183000,97.61693670,9.11169511,0.00000000,129.29144134,0.00000000,0.00000000,94.69756566,106.72863180,101.68074366,1745.79450000,22490.30725185,7912.94957600
5,59,0.597000,0.123000,106.72863180,0.00000000,1.99769508,93.02505892,0.00000000,0.00000000,94.69756566,106.72863180,101.68074366,1745.79450000,22839.46615169,7912.94957600
5,60,0.612000,0.088000,106.72863180,0.00000000,4.72951234,66.55451370,0.00000000,0.00000000,94.69756566,106.72863180,101.68074366,1745.79450000,23188.62505152,7912.94957600
5,61,0.587000,0.073000,89.29817159,0.00000000,17.60694378,55.20999432,0.00000000,0.00000000,78.66539600,89.29817159,84.63531998,1492.48099468,23284.47044603,7912.94957600
5,62,0.522000,0.065000,89.29817159,0.00000000,5.76906900,49.15958398,0.00000000,0.00000000,78.66539600,89.29817159,84.63531998,1492.48099468,23380.31584055,7912.94957600
5,63,0.401000,0.067000,73.03058137,33.69805043,0.00000000,16.97413614,0.00000000,0.00000000,94.69756566,106.72863180,101.68074366,1745.79450000,23729.47474038,7912.94957600
5,64,0.229000,0.083000,41.70574348,31.23762993,0.00000000,31.53537731,0.00000000,0.00000000,63.67817400,72.94337341,68.65710075,1244.73168631,23577.57082653,7912.94957600
5,65,0.072000,0.119000,2.39428050,0.00000000,10.71844234,89.99985375,0.00000000,0.00000000,0.00000000,2.39428050,0.00000000,0.00000000,22180.93522637,7912.94957600
5,66,0.000000,0.186000,0.00000000,106.72863180,0.00000000,33.94340852,0.00000000,0.00000000,94.69756566,106.72863180,101.68074366,1745.79450000,22530.09412620,7912.94957600
5,67,0.000000,0.249000,0.00000000,106.72863180,0.00000000,81.59038992,0.00000000,0.00000000,94.69756566,106.72863180,101.68074366,1745.79450000,22879.25302604,7912.94957600
5,68,0.000000,0.281000,0.00000000,106.72863180,0.00000000,105.79203126,0.00000000,0.00000000,94.69756566,106.72863180,101.68074366,1745.79450000,23228.41192587,7912.94957600
5,69,0.000000,0.300000,0.00000000,106.72863180,0.00000000,120.16175581,0.00000000,0.00000000,94.69756566,106.72863180,101.68074366,1745.79450000,23577.57082571,7912.94957600
5,70,0.000000,0.302000,0.00000000,106.72863180,0.00000000,121.67435840,0.00000000,0.00000000,94.69756566,106.72863180,101.68074366,1745.79450000,23926.72972555,7912.94957600
5,71,0.000000,0.334000,0.00000000,106.72863180,0.00000000,145.87599974,0.00000000,0.00000000,94.69756566,106.72863180,101.68074366,1745.79450000,24275.88862538,7912.94957600
5,72,0.000000,0.423000,0.00000000,106.72863180,0.00000000,213.18681474,0.00000000,0.00000000,94.69756566,106.72863180,101.68074366,1745.79450000,24625.04752522,7912.94957600
5,73,0.000000,0.536000,0.00000000,106.72863180,0.00000000,298.64886074,0.00000000,0.00000000,94.69756566,106.72863180,101.68074366,1745.79450000,24974.20642505,7912.94957600
5,74,0.000000,0.620000,0.00000000,106.72863180,0.00000000,362.17816927,0.00000000,0.00000000,94.69756566,106.72863180,101.68074366,1745.79450000,25323.36532489,7912.94957600
5,75,0.000000,0.661000,0.00000000,106.72863180,0.00000000,393.18652224,0.00000000,0.00000000,94.69756566,106.72863180,101.68074366,1745.79450000,25672.52422473,7912.94957600
5,76,0.000000,0.679000,0.00000000,106.72863180,0.00000000,406.79994550,0.00000000,0.00000000,94.69756566,106.72863180,101.68074366,1745.79450000,26021.68312456,7912.94957600
5,77,0.000000,0.648000,0.00000000,57.67001469,0.00000000,432.41322256,0.00000000,0.00000000,49.73928100,57.67001469,53.75120360,1002.98064984,25628.02817423,7912.94957600
5,78,0.000000,0.599000,0.00000000,106.72863180,0.00000000,346.29584214,0.00000000,0.00000000,94.69756566,106.72863180,101.68074366,1745.79450000,25977.18707407,7912.94957600
5,79,0.067000,0.683000,0.00000000,72.94337341,12.20211709,443.61040906,0.00000000,0.00000000,63.67817400,72.94337341,68.65710075,1244.73168631,25825.28316022,7912.94957600
5,80,0.257000,0.813000,46.80513569,59.92349611,0.00000000,554.94945433,0.00000000,0.00000000,94.69756566,106.72863180,101.68074366,1745.79450000,26174.44206005,7912.94957600
5,81,0.431000,0.843000,78.49421589,28.23441591,0.00000000,609.32757328,0.00000000,0.00000000,94.69756566,106.72863180,101.68074366,1745.79450000,26523.60095989,7912.94957600
5,82,0.545000,0.822000,99.25602705,7.47260475,0.00000000,614.20705731,0.00000000,0.00000000,94.69756566,106.72863180,101.68074366,1745.79450000,26872.75985972,7912.94957600
5,83,0.611000,0.782000,106.72863180,0.00000000,4.54739119,591.42761038,0.00000000,0.00000000,94.69756566,106.72863180,101.68074366,1745.79450000,27221.91875956,7912.94957600
5,84,0.632000,0.746000,106.72863180,0.00000000,8.37193535,564.20076387,0.00000000,0.00000000,94.69756566,106.72863180,101.68074366,1745.79450000,27571.07765940,7912.94957600
5,85,0.607000,0.715000,106.72863180,0.00000000,3.81890658,540.75542381,0.00000000,0.00000000,94.69756566,106.72863180,101.68074366,1745.79450000,27920.23655923,7912.94957600
5,86,0.533000,0.703000,97.07057324,9.65805856,0.00000000,522.02174975,0.00000000,0.00000000,94.69756566,106.72863180,101.68074366,1745.79450000,28269.39545907,7912.94957600
5,87,0.405000,0.724000,30.37356422,0.00000000,43.38550175,547.56213544,0.00000000,0.00000000,25.00174700,30.37356422,27.15938231,539.40882693,27412.16868583,7912.94957600
5,88,0.234000,0.772000,42.61634923,15.05366546,0.00000000,568.81093200,0.00000000,0.00000000,49.73928100,57.67001469,53.75120360,1002.98064984,27018.51373550,7912.94957600
5,89,0.079000,0.816000,14.38757089,92.93963103,0.00000000,524.20222328,0.00000000,0.00000000,94.69756566,107.32720193,101.68074366,1745.79450000,27018.51373530,9891.18697000
5,90,0.000000,0.824000,0.00000000,106.72863180,0.00000000,516.46363285,0.00000000,0.00000000,94.69756566,106.72863180,101.68074366,1745.79450000,27367.67263513,7912.94957600
5,91,0.000000,0.812000,0.00000000,106.72863180,0.00000000,507.38801734,0.00000000,0.00000000,94.69756566,106.72863180,101.68074366,1745.79450000,27716.83153497,7912.94957600
5,92,0.000000,0.829000,0.00000000,106.72863180,0.00000000,520.24513931,0.00000000,0.00000000,94.69756566,106.72863180,101.68074366,1745.79450000,28065.99043480,7912.94957600
5,93,0.000000,0.827000,0.00000000,106.72863180,0.00000000,518.73253672,0.00000000,0.00000000,94.69756566,106.72863180,101.68074366,1745.79450000,28415.14933464,7912.94957600
5,94,0.000000,0.812000,0.00000000,106.72863180,0.00000000,507.38801734,0.00000000,0.00000000,94.69756566,106.72863180,101.68074366,1745.79450000,28764.30823448,7912.94957600
5,95,0.000000,0.783000,0.00000000,107.32720193,0.00000000,484.85670975,0.00000000,0.00000000,94.69756566,107.32720193,101.68074366,1745.79450000,28764.30823427,9891.18697000
5,96,0.000000,0.764000,0.00000000,107.32720193,0.00000000,470.48698520,0.00000000,0.00000000,94.69756566,107.32720193,101.68074366,1745.79450000,28764.30823407,9891.18697000
5,97,0.000000,0.747000,0.00000000,58.26858481,0.00000000,506.68848035,0.00000000,0.00000000,49.73928100,58.26858481,53.75120360,1002.98064984,28021.49438370,9891.18697000
5,98,0.000000,0.727000,0.00000000,107.11841752,0.00000000,442.71262180,0.00000000,0.00000000,94.69756566,107.11841752,101.68074366,1745.79450000,28143.28284236,9201.16737304
5,99,0.000000,0.710000,0.00000000,106.72863180,0.00000000,430.24528555,0.00000000,0.00000000,94.69756566,106.72863180,101.68074366,1745.79450000,28492.44174219,7912.94957600
5,100,0.000000,0.690000,0.00000000,106.72863180,0.00000000,415.11925971,0.00000000,0.00000000,94.69756566,106.72863180,101.68074366,1745.79450000,28841.60064203,7912.94957600
5,101,0.000000,0.672000,0.00000000,106.72863180,0.00000000,401.50583646,0.00000000,0.00000000,94.69756566,106.72863180,101.68074366,1745.79450000,29190.75954186,7912.94957600
5,102,0.000000,0.651000,0.00000000,106.72863180,0.00000000,385.62350932,0.00000000,0.00000000,94.69756566,106.72863180,101.68074366,1745.79450000,29539.91844170,7912.94957600
5,103,0.106000,0.748000,19.30484196,87.42378984,0.00000000,478.28957661,0.00000000,0.00000000,94.69756566,106.72863180,101.68074366,1745.79450000,29889.07734154,7912.94957600
5,104,0.288000,0.860000,52.45089136,54.87631057,0.00000000,595.54280059,0.00000000,0.00000000,94.69756566,107.32720193,101.68074366,1745.79450000,29889.07734133,9891.18697000
5,105,0.440000,0.879000,80.13330624,26.59532556,0.00000000,638.19351015,0.00000000,0.00000000,94.69756566,106.72863180,101.68074366,1745.79450000,30238.23624117,7912.94957600
5,106,0.548000,0.866000,94.13698194,0.00000000,5.66540857,654.95691891,0.00000000,0.00000000,82.56547934,94.13698194,88.78189381,1554.10361783,30046.54535879,9891.18697000
5,107,0.612000,0.839000,107.32720193,0.00000000,4.13094221,634.53678403,0.00000000,0.00000000,94.69756566,107.32720193,101.68074366,1745.79450000,30046.54535858,9891.18697000
5,108,0.632000,0.809000,89.29817185,0.00000000,25.80239530,611.84774527,0.00000000,0.00000000,78.66539600,89.29817185,84.63532017,1492.48104146,30142.39079988,7912.94957600
5,109,0.607000,0.787000,89.29817185,0.00000000,21.24936654,595.20911684,0.00000000,0.00000000,78.66539600,89.29817185,84.63532017,1492.48104146,30238.23624117,7912.94957600
5,110,0.534000,0.775000,97.25269439,10.07450753,0.00000000,576.05899381,0.00000000,0.00000000,94.69756566,107.32720193,101.68074366,1745.79450000,30238.23624096,9891.18697000
5,111,0.419000,0.768000,2.99285063,0.00000000,73.31591146,580.83939229,0.00000000,0.00000000,0.00000000,2.99285063,0.00000000,0.00000267,28492.44174342,9891.18697000
5,112,0.254000,0.776000,46.25877224,60.46985956,0.00000000,526.41994307,0.00000000,0.00000000,94.69756566,106.72863180,101.68074366,1745.79450000,28841.60064326,7912.94957600
5,113,0.078000,0.791000,14.20544974,93.12175218,0.00000000,505.11256983,0.00000000,0.00000000,94.69756566,107.32720193,101.68074366,1745.79450000,28841.60064305,9891.18697000
5,114,0.000000,0.772000,0.00000000,106.72863180,0.00000000,477.13596566,0.00000000,0.00000000,94.69756566,106.72863180,101.68074366,1745.79450000,29190.75954289,7912.94957600
5,115,0.000000,0.712000,0.00000000,106.72863180,0.00000000,431.75788814,0.00000000,0.00000000,94.69756566,106.72863180,101.68074366,1745.79450000,29539.91844272,7912.94957600
5,116,0.000000,0.707000,0.00000000,107.32720193,0.00000000,427.37781155,0.00000000,0.00000000,94.69756566,107.32720193,101.68074366,1745.79450000,29539.91844252,9891.18697000
5,117,0.000000,0.697000,0.00000000,107.32720193,0.00000000,419.81479863,0.00000000,0.00000000,94.69756566,107.32720193,101.68074366,1745.79450000,29539.91844231,9891.18697000
5,118,0.000000,0.689000,0.00000000,106.72863180,0.00000000,414.36295842,0.00000000,0.00000000,94.69756566,106.72863180,101.68074366,1745.79450000,29889.07734215,7912.94957600
5,119,0.000000,0.649000,0.00000000,107.32720193,0.00000000,383.51233661,0.00000000,0.00000000,94.69756566,107.32720193,101.68074366,1745.79450000,29889.07734195,9891.18697000
5,120,0.000000,0.608000,0.00000000,107.32720193,0.00000000,352.50398364,0.00000000,0.00000000,94.69756566,107.32720193,101.68074366,1745.79450000,29889.07734174,9891.18697000
5,121,0.000000,0.556000,0.00000000,107.32720193,0.00000000,313.17631645,0.00000000,0.00000000,94.69756566,107.32720193,101.68074366,1745.79450000,29889.07734154,9891.18697000
5,122,0.000000,0.529000,0.00000000,106.72863180,0.00000000,293.35475169,0.00000000,0.00000000,94.69756566,106.72863180,101.68074366,1745.79450000,30238.23624137,7912.94957600
5,123,0.000000,0.510000,0.00000000,107.32720193,0.00000000,278.38645702,0.00000000,0.00000000,94.69756566,107.32720193,101.68074366,1745.79450000,30238.23624117,9891.18697000
5,124,0.000000,0.491000,0.00000000,89.89674197,0.00000000,281.44719242,0.00000000,0.00000000,78.66539600,89.89674197,84.63532017,1492.48104146,29984.92278242,9891.18697000
5,125,0.000000,0.474000,0.00000000,106.89294157,0.00000000,251.59387086,0.00000000,0.00000000,94.69756566,106.89294157,101.68074366,1745.79450000,30238.23624117,8455.98323655
5,126,0.000000,0.457000,0.00000000,107.32720193,0.00000000,238.30248854,0.00000000,0.00000000,94.69756566,107.32720193,101.68074366,1745.79450000,30238.23624096,9891.18697000
5,127,0.102000,0.566000,18.57635736,39.53966651,0.00000000,388.52686479,0.00000000,0.00000000,49.73928100,58.11602386,53.75120360,1002.98064984,29584.41449240,9386.98242720
5,128,0.279000,0.744000,50.81180100,7.45678381,0.00000000,555.23137747,0.00000000,0.00000000,49.73928100,58.26858481,53.75120360,1002.98064984,28841.60064203,9891.18697000
5,129,0.426000,0.788000,77.58361013,29.14502167,0.00000000,566.82039647,0.00000000,0.00000000,94.69756566,106.72863180,101.68074366,1745.79450000,29190.75954186,7912.94957600
5,130,0.522000,0.780000,95.06724059,12.25996134,0.00000000,577.65504646,0.00000000,0.00000000,94.69756566,107.32720193,101.68074366,1745.79450000,29190.75954166,9891.18697000
5,131,0.595000,0.747000,106.72863180,0.00000000,1.63345278,564.95706516,0.00000000,0.00000000,94.69756566,106.72863180,101.68074366,1745.79450000,29539.91844149,7912.94957600
5,132,0.613000,0.715000,106.72863180,0.00000000,4.91163349,540.75542381,0.00000000,0.00000000,94.69756566,106.72863180,101.68074366,1745.79450000,29889.07734133,7912.94957600
5,133,0.586000,0.701000,106.72299422,0.00563758,0.00000000,530.16156815,0.00000000,0.00000000,94.69756566,106.72863180,101.68074366,1745.79450000,30238.23624117,7912.94957600
5,134,0.512000,0.703000,89.46248162,0.00000000,3.78354747,531.67980831,0.00000000,0.00000000,78.66539600,89.46248162,84.63532017,1492.48104146,30238.23624117,8455.98323771
5,135,0.373000,0.707000,67.93118916,39.39601277,0.00000000,495.30900071,0.00000000,0.00000000,94.69756566,107.32720193,101.68074366,1745.79450000,30238.23624096,9891.18697000
5,136,0.214000,0.699000,38.97392622,68.35327571,0.00000000,460.30132743,0.00000000,0.00000000,94.69756566,107.32720193,101.68074366,1745.79450000,30238.23624076,9891.18697000
5,137,0.067000,0.640000,12.20211709,81.93486486,0.00000000,402.09796205,0.00000000,0.00000000,82.56547935,94.13698195,88.78189382,1554.10361803,30046.54535858,9891.18697000
5,138,0.000000,0.593000,0.00000000,89.29817185,0.00000000,359.18849434,0.00000000,0.00000000,78.66539600,89.29817185,84.63532017,1492.48104146,30142.39079988,7912.94957600
5,139,0.000000,0.540000,0.00000000,89.29817185,0.00000000,319.10452586,0.00000000,0.00000000,78.66539600,89.29817185,84.63532017,1492.48104146,30238.23624117,7912.94957600
5,140,0.000000,0.436000,0.00000000,107.32720193,0.00000000,222.42016141,0.00000000,0.00000000,94.69756566,107.32720193,101.68074366,1745.79450000,30238.23624096,9891.18697000
5,141,0.000000,0.340000,0.00000000,94.13698194,0.00000000,163.00545736,0.00000000,0.00000000,82.56547934,94.13698194,88.78189381,1554.10361783,30046.54535858,9891.18697000
5,142,0.000000,0.255000,0.00000000,89.29817185,0.00000000,103.55865762,0.00000000,0.00000000,78.66539600,89.29817185,84.63532017,1492.48104146,30142.39079988,7912.94957600
5,143,0.000000,0.194000,0.00000000,89.29817185,0.00000000,57.42427881,0.00000000,0.00000000,78.66539600,89.29817185,84.63532017,1492.48104146,30238.23624117,7912.94957600
5,144,0.000000,0.155000,0.00000000,107.32720193,0.00000000,9.89949834,0.00000000,0.00000000,94.69756566,107.32720193,101.68074366,1745.79450000,30238.23624096,9891.18697000
5,145,0.000000,0.149000,0.00000000,107.32720193,0.00000000,5.36169059,0.00000000,0.00000000,94.69756566,107.32720193,101.68074366,1745.79450000,30238.23624076,9891.18697000
5,146,0.000000,0.162000,0.00000000,89.89674197,0.00000000,32.62406734,0.00000000,0.00000000,78.66539600,89.89674197,84.63532017,1492.48104146,29984.92278201,9891.18697000
5,147,0.000000,0.172000,0.00000000,107.32720193,0.00000000,22.75662031,0.00000000,0.00000000,94.69756566,107.32720193,101.68074366,1745.79450000,29984.92278180,9891.18697000
5,148,0.000000,0.164000,0.00000000,89.29817185,0.00000000,34.73524005,0.00000000,0.00000000,78.66539600,89.29817185,84.63532017,1492.48104146,30080.76822309,7912.94957600
5,149,0.000000,0.154000,0.00000000,93.53841184,0.00000000,22.93198714,0.00000000,0.00000000,82.56547937,93.53841184,88.78189384,1554.10361824,30238.23624117,7912.94957600
5,150,0.000000,0.120000,0.00000000,2.99285063,0.00000000,87.76330442,0.00000000,0.00000000,0.00000000,2.99285063,0.00000000,0.00000000,28492.44174096,9891.18697000
5,151,0.098000,0.059000,17.84787275,39.82214193,0.00000000,4.79963430,0.00000000,0.00000000,49.73928100,57.67001469,53.75120360,1002.98064984,28098.78679063,7912.94957600
5,152,0.272000,0.064000,49.53695295,48.40328269,0.00000000,0.00000000,0.00000000,0.00000000,86.61418412,97.94023564,93.08648196,1618.07446092,28320.22565138,7912.94957600
5,153,0.434000,0.077000,79.04057934,27.68805246,0.00000000,30.54714703,0.00000000,0.00000000,94.69756566,106.72863180,101.68074366,1745.79450000,28669.38455122,7912.94957600
5,154,0.541000,0.076000,98.52754245,8.79965948,0.00000000,48.67923872,0.00000000,0.00000000,94.69756566,107.32720193,101.68074366,1745.79450000,28669.38455102,9891.18697000
5,155,0.601000,0.062000,106.72863180,0.00000000,2.72617968,46.89068011,0.00000000,0.00000000,94.69756566,106.72863180,101.68074366,1745.79450000,29018.54345085,7912.94957600
5,156,0.618000,0.054000,57.67001469,0.00000000,54.88085635,40.84026977,0.00000000,0.00000000,49.73928100,57.67001469,53.75120360,1002.98064984,28624.88850052,7912.94957600
5,157,0.591000,0.052000,89.29817159,0.00000000,18.33542838,39.32766719,0.00000000,0.00000000,78.66539600,89.29817159,84.63531998,1492.48099468,28720.73389503,7912.94957600
5,158,0.506000,0.050000,89.29817159,0.00000000,2.85513059,37.81506460,0.00000000,0.00000000,78.66539600,89.29817159,84.63531998,1492.48099468,28816.57928955,7912.94957600
5,159,0.383000,0.053000,69.75240066,36.97623114,0.00000000,3.10773734,0.00000000,0.00000000,94.69756566,106.72863180,101.68074366,1745.79450000,29165.73818938,7912.94957600
5,160,0.209000,0.064000,38.06332047,48.40328269,0.00000000,0.00000000,0.00000000,0.00000000,76.07060107,86.46660316,81.86895005,1449.58724393,29218.68983315,7912.94957600
5,161,0.063000,0.093000,11.47363248,70.33602016,0.00000000,0.00000000,0.00000000,0.00000000,71.80306106,81.80965265,77.31922851,1379.04186280,29201.09609579,7912.94957600
5,162,0.000000,0.149000,0.00000000,107.32720193,0.00000000,5.36169059,0.00000000,0.00000000,94.69756566,107.32720193,101.68074366,1745.79450000,29201.09609558,9891.18697000
5,163,0.000000,0.189000,0.00000000,106.74635196,0.00000000,36.19459223,0.00000000,0.00000000,94.69756566,106.74635196,101.68074366,1745.79450000,29539.91844170,7971.51361973
5,164,0.000000,0.205000,0.00000000,107.32720193,0.00000000,47.71456294,0.00000000,0.00000000,94.69756566,107.32720193,101.68074366,1745.79450000,29539.91844149,9891.18697000
5,165,0.000000,0.214000,0.00000000,106.72863180,0.00000000,55.11984470,0.00000000,0.00000000,94.69756566,106.72863180,101.68074366,1745.79450000,29889.07734133,7912.94957600
5,166,0.000000,0.192000,0.00000000,106.72863180,0.00000000,38.48121627,0.00000000,0.00000000,94.69756566,106.72863180,101.68074366,1745.79450000,30238.23624117,7912.94957600
5,167,0.000000,0.174000,0.00000000,57.67001469,0.00000000,73.92641013,0.00000000,0.00000000,49.73928100,57.67001469,53.75120360,1002.98064984,29844.58129084,7912.94957600
5,168,0.000000,0.143000,0.00000000,107.32720193,0.00000000,0.82388284,0.00000000,0.00000000,94.69756566,107.32720193,101.68074366,1745.79450000,29844.58129063,9891.18697000
5,169,0.000000,0.118000,0.00000000,89.24355246,0.00000000,0.00000000,0.05461939,0.00000000,78.66539600,89.29817185,84.63532017,1492.48104146,29940.42673193,7912.94957600
5,170,0.000000,0.119000,0.00000000,89.99985375,0.00000000,0.00000000,0.00000000,0.00000000,79.31078823,89.99985375,85.32150201,1502.67844706,30046.46957882,7912.94957600
5,171,0.000000,0.127000,0.00000000,96.05026409,0.00000000,0.00000000,0.00000000,0.00000000,84.32527594,96.05026409,90.65291183,1581.90897243,29882.58405105,9891.18697000
5,172,0.000000,0.143000,0.00000000,106.72863180,0.00000000,1.42245296,0.00000000,0.00000000,94.69756566,106.72863180,101.68074366,1745.79450000,30231.74295088,7912.94957600
5,173,0.000000,0.165000,0.00000000,89.45135004,0.00000000,35.33836315,0.00000000,0.00000000,78.66539600,89.45135004,84.63532017,1492.48104146,30238.23624117,8419.19405763
5,174,0.000000,0.202000,0.00000000,107.32720193,0.00000000,45.44565907,0.00000000,0.00000000,94.69756566,107.32720193,101.68074366,1745.79450000,30238.23624117,9891.18696884
5,175,0.081000,0.282000,14.75181319,43.51677162,0.00000000,169.76019274,0.00000000,0.00000000,49.73928100,58.26858481,53.75120360,1002.98064984,29495.42239080,9891.18697000
5,176,0.246000,0.538000,44.80180304,45.09493868,0.00000000,361.79515644,0.00000000,0.00000000,78.66539600,89.89674172,84.63531998,1492.48099468,29242.10888527,9891.18697000
5,177,0.407000,0.632000,74.12330827,32.69335274,0.00000000,445.28906384,0.00000000,0.00000000,94.69756566,106.81666101,101.68074366,1745.79450000,29539.91844149,8203.88070126
5,178,0.510000,0.633000,92.88178678,13.84684502,0.00000000,464.89187285,0.00000000,0.00000000,94.69756566,106.72863180,101.68074366,1745.79450000,29889.07734133,7912.94957600
5,179,0.573000,0.615000,104.35541927,2.37321253,0.00000000,462.75208207,0.00000000,0.00000000,94.69756566,106.72863180,101.68074366,1745.79450000,30238.23624117,7912.94957600
5,180,0.599000,0.588000,0.00000000,44.07720969,109.09056918,400.62795004,0.00000000,0.00000000,36.84682300,44.07720969,39.91750131,767.66957627,29260.11131723,9891.18697000
5,181,0.572000,0.536000,104.17329812,3.15390381,0.00000000,402.22358873,0.00000000,0.00000000,94.69756566,107.32720193,101.68074366,1745.79450000,29260.11131703,9891.18697000
5,182,0.483000,0.503000,87.96451572,18.76411608,0.00000000,361.65543382,0.00000000,0.00000000,94.69756566,106.72863180,101.68074366,1745.79450000,29609.27021686,7912.94957600
5,183,0.363000,0.535000,66.10997765,40.61865415,0.00000000,364.00253709,0.00000000,0.00000000,94.69756566,106.72863180,101.68074366,1745.79450000,29958.42911670,7912.94957600
5,184,0.216000,0.595000,39.33816852,62.61837833,0.00000000,387.38089044,0.00000000,0.00000000,90.30830251,101.95654685,97.01407341,1676.44272463,30238.23624117,7912.94957600
5,185,0.070000,0.628000,12.74848054,94.57872139,0.00000000,380.37849002,0.00000000,0.00000000,94.69756566,107.32720193,101.68074366,1745.79450000,30238.23624096,9891.18697000
5,186,0.000000,0.634000,0.00000000,100.73209196,0.00000000,378.76292720,0.00000000,0.00000000,88.63152253,100.73209196,95.23131876,1649.94905932,30142.39080008,9891.18697000
5,187,0.000000,0.617000,0.00000000,107.32720193,0.00000000,359.31069527,0.00000000,0.00000000,94.69756566,107.32720193,101.68074366,1745.79450000,30142.39079988,9891.18697000
5,188,0.000000,0.558000,0.00000000,89.29817185,0.00000000,332.71794911,0.00000000,0.00000000,78.66539600,89.29817185,84.63532017,1492.48104146,30238.23624117,7912.94957600
5,189,0.000000,0.492000,0.00000000,104.58946681,0.00000000,267.51076888,0.00000000,0.00000000,92.17945461,104.58946681,99.00348474,1706.00753209,30198.44927305,9891.18697000
5,190,0.000000,0.426000,0.00000000,107.32720193,0.00000000,214.85714849,0.00000000,0.00000000,94.69756566,107.32720193,101.68074366,1745.79450000,30198.44927285,9891.18697000
5,191,0.000000,0.374000,0.00000000,89.89674197,0.00000000,192.95994125,0.00000000,0.00000000,78.66539600,89.89674197,84.63532017,1492.48104146,29945.13581410,9891.18697000
5,192,0.000000,0.326000,0.00000000,73.54194353,0.00000000,173.01227767,0.00000000,0.00000000,63.67817400,73.54194353,68.65710075,1244.73168631,29444.07300020,9891.18697000
5,193,0.000000,0.293000,0.00000000,106.72863180,0.00000000,114.86764677,0.00000000,0.00000000,94.69756566,106.72863180,101.68074366,1745.79450000,29793.23190004,7912.94957600
5,194,0.000000,0.277000,0.00000000,89.29817185,0.00000000,120.19728605,0.00000000,0.00000000,78.66539600,89.29817185,84.63532017,1492.48104146,29889.07734133,7912.94957600
5,195,0.000000,0.282000,0.00000000,106.72863180,0.00000000,106.54833256,0.00000000,0.00000000,94.69756566,106.72863180,101.68074366,1745.79450000,30238.23624117,7912.94957600
5,196,0.000000,0.291000,0.00000000,57.67001469,0.00000000,162.41366130,0.00000000,0.00000000,49.73928100,57.67001469,53.75120360,1002.98064984,29844.58129084,7912.94957600
5,197,0.000000,0.270000,0.00000000,106.72863180,0.00000000,97.47271705,0.00000000,0.00000000,94.69756566,106.72863180,101.68074366,1745.79450000,30193.74019067,7912.94957600
5,198,0.000000,0.274000,0.00000000,107.32720193,0.00000000,99.89935210,0.00000000,0.00000000,94.69756566,107.32720193,101.68074366,1745.79450000,30193.74019047,9891.18697000
5,199,0.098000,0.235000,17.84787275,40.42071206,0.00000000,137.31009157,0.00000000,0.00000000,49.73928100,58.26858481,53.75120360,1002.98064984,29450.92634010,9891.18697000
5,200,0.271000,0.372000,49.35483180,57.97237013,0.00000000,223.37171052,0.00000000,0.00000000,94.69756566,107.32720193,101.68074366,1745.79450000,29450.92633990,9891.18697000
5,201,0.429000,0.552000,30.97213435,0.00000000,47.15783924,417.47831321,0.00000000,0.00000000,25.00174700,30.97213435,27.15938231,539.40882693,28244.54066662,9891.18697000
5,202,0.532000,0.578000,30.97213435,0.00000000,65.91631774,437.14214680,0.00000000,0.00000000,25.00174700,30.97213435,27.15938231,539.40882693,27038.15499334,9891.18697000
5,203,0.598000,0.566000,106.72863180,0.00000000,2.17981623,428.06653130,0.00000000,0.00000000,94.69756566,106.72863180,101.68074366,1745.79450000,27387.31389317,7912.94957600
5,204,0.629000,0.562000,107.32720193,0.00000000,7.22700177,425.04132613,0.00000000,0.00000000,94.69756566,107.32720193,101.68074366,1745.79450000,27387.31389297,9891.18697000
5,205,0.606000,0.567000,106.72863180,0.00000000,3.63678543,428.82283259,0.00000000,0.00000000,94.69756566,106.72863180,101.68074366,1745.79450000,27736.47279280,7912.94957600
5,206,0.534000,0.570000,89.29817159,0.00000000,7.95452280,431.09173647,0.00000000,0.00000000,78.66539600,89.29817159,84.63531998,1492.48099468,27832.31818731,7912.94957600
5,207,0.421000,0.577000,76.67300438,30.05562742,0.00000000,406.33021809,0.00000000,0.00000000,94.69756566,106.72863180,101.68074366,1745.79450000,28181.47708715,7912.94957600
5,208,0.265000,0.583000,48.26210490,59.06509703,0.00000000,381.85855623,0.00000000,0.00000000,94.69756566,107.32720193,101.68074366,1745.79450000,28181.47708694,9891.18697000
5,209,0.086000,0.583000,15.66241895,91.06621285,0.00000000,349.85744041,0.00000000,0.00000000,94.69756566,106.72863180,101.68074366,1745.79450000,28530.63598678,7912.94957600
5,210,0.000000,0.585000,0.00000000,106.72863180,0.00000000,335.70762405,0.00000000,0.00000000,94.69756566,106.72863180,101.68074366,1745.79450000,28879.79488662,7912.94957600
5,211,0.000000,0.583000,0.00000000,89.29817159,0.00000000,351.62548167,0.00000000,0.00000000,78.66539600,89.29817159,84.63531998,1492.48099468,28975.64028113,7912.94957600
5,212,0.000000,0.545000,0.00000000,106.72863180,0.00000000,305.45557237,0.00000000,0.00000000,94.69756566,106.72863180,101.68074366,1745.79450000,29324.79918096,7912.94957600
5,213,0.000000,0.488000,0.00000000,106.72863180,0.00000000,262.34639872,0.00000000,0.00000000,94.69756566,106.72863180,101.68074366,1745.79450000,29673.95808080,7912.94957600
5,214,0.000000,0.431000,0.00000000,2.99285063,0.00000000,322.97300625,0.00000000,0.00000000,0.00000000,2.99285063,0.00000000,0.00000000,27928.16358060,9891.18697000
5,215,0.000000,0.376000,0.00000000,106.72863180,0.00000000,177.64065401,0.00000000,0.00000000,94.69756566,106.72863180,101.68074366,1745.79450000,28277.32248043,7912.94957600
5,216,0.000000,0.334000,0.00000000,107.32720193,0.00000000,145.27742962,0.00000000,0.00000000,94.69756566,107.32720193,101.68074366,1745.79450000,28277.32248023,9891.18697000
5,217,0.000000,0.314000,0.00000000,107.32720193,0.00000000,130.15140378,0.00000000,0.00000000,94.69756566,107.32720193,101.68074366,1745.79450000,28277.32248002,9891.18697000
5,218,0.000000,0.311000,0.00000000,106.72863180,0.00000000,128.48107003,0.00000000,0.00000000,94.69756566,106.72863180,101.68074366,1745.79450000,28626.48137986,7912.94957600
5,219,0.000000,0.312000,0.00000000,106.72863180,0.00000000,129.23737132,0.00000000,0.00000000,94.69756566,106.72863180,101.68074366,1745.79450000,28975.64027969,7912.94957600
5,220,0.000000,0.314000,0.00000000,106.72863180,0.00000000,130.74997390,0.00000000,0.00000000,94.69756566,106.72863180,101.68074366,1745.79450000,29324.79917953,7912.94957600
5,221,0.000000,0.323000,0.00000000,106.72863180,0.00000000,137.55668553,0.00000000,0.00000000,94.69756566,106.72863180,101.68074366,1745.79450000,29673.95807937,7912.94957600
5,222,0.000000,0.332000,0.00000000,106.72863180,0.00000000,144.36339716,0.00000000,0.00000000,94.69756566,106.72863180,101.68074366,1745.79450000,30023.11697920,7912.94957600
5,223,0.108000,0.266000,19.66908426,87.65811767,0.00000000,113.51802602,0.00000000,0.00000000,94.69756566,107.32720193,101.68074366,1745.79450000,30023.11697900,9891.18697000
5,224,0.293000,0.516000,53.36149711,53.96570481,0.00000000,336.28576188,0.00000000,0.00000000,94.69756566,107.32720193,101.68074366,1745.79450000,30023.11697879,9891.18697000
5,225,0.444000,0.641000,80.86179084,9.03495087,0.00000000,475.75417733,0.00000000,0.00000000,78.66539600,89.89674172,84.63531998,1492.48099468,29769.80347326,9891.18697000
5,226,0.553000,0.621000,100.71299625,6.01563555,0.00000000,463.64746682,0.00000000,0.00000000,94.69756566,106.72863180,101.68074366,1745.79450000,30118.96237310,7912.94957600
5,227,0.620000,0.594000,107.32720193,0.00000000,5.58791142,449.24296748,0.00000000,0.00000000,94.69756566,107.32720193,101.68074366,1745.79450000,30118.96237289,9891.18697000
5,228,0.641000,0.562000,107.32720193,0.00000000,9.41245558,425.04132613,0.00000000,0.00000000,94.69756566,107.32720193,101.68074366,1745.79450000,30118.96237269,9891.18697000
5,229,0.614000,0.528000,73.54194353,0.00000000,38.28044290,399.32708220,0.00000000,0.00000000,63.67817400,73.54194353,68.65710075,1244.73168631,29617.89955879,9891.18697000
5,230,0.548000,0.501000,99.80239050,6.92624130,0.00000000,371.98070602,0.00000000,0.00000000,94.69756566,106.72863180,101.68074366,1745.79450000,29967.05845863,7912.94957600
5,231,0.428000,0.492000,77.94785244,29.37934949,0.00000000,342.72088620,0.00000000,0.00000000,94.69756566,107.32720193,101.68074366,1745.79450000,29967.05845843,9891.18697000
5,232,0.271000,0.499000,0.00000000,72.94337341,49.35483180,304.45097132,0.00000000,0.00000000,63.67817400,72.94337341,68.65710075,1244.73168631,29815.15454457,7912.94957600
5,233,0.089000,0.513000,0.00000000,58.26858481,16.20878240,329.71397801,0.00000000,0.00000000,49.73928100,58.26858481,53.75120360,1002.98064984,29072.34069420,9891.18697000
5,234,0.000000,0.525000,0.00000000,58.26858481,0.00000000,338.78959351,0.00000000,0.00000000,49.73928100,58.26858481,53.75120360,1002.98064984,28329.52684383,9891.18697000
5,235,0.000000,0.527000,0.00000000,107.32720193,0.00000000,291.24357898,0.00000000,0.00000000,94.69756566,107.32720193,101.68074366,1745.79450000,28329.52684363,9891.18697000
5,236,0.000000,0.523000,0.00000000,106.72863180,0.00000000,288.81694394,0.00000000,0.00000000,94.69756566,106.72863180,101.68074366,1745.79450000,28678.68574346,7912.94957600
5,237,0.000000,0.495000,0.00000000,106.72863180,0.00000000,267.64050776,0.00000000,0.00000000,94.69756566,106.72863180,101.68074366,1745.79450000,29027.84464330,7912.94957600
5,238,0.000000,0.464000,0.00000000,106.72863180,0.00000000,244.19516771,0.00000000,0.00000000,94.69756566,106.72863180,101.68074366,1745.79450000,29377.00354314,7912.94957600
5,239,0.000000,0.437000,0.00000000,106.72863180,0.00000000,223.77503282,0.00000000,0.00000000,94.69756566,106.72863180,101.68074366,1745.79450000,29726.16244297,7912.94957600
5,240,0.000000,0.408000,0.00000000,89.89674172,0.00000000,218.67418544,0.00000000,0.00000000,78.66539600,89.89674172,84.63531998,1492.48099468,29472.84893744,9891.18697000
5,241,0.000000,0.377000,0.00000000,106.72863180,0.00000000,178.39695530,0.00000000,0.00000000,94.69756566,106.72863180,101.68074366,1745.79450000,29822.00783728,7912.94957600
5,242,0.000000,0.357000,0.00000000,107.32720193,0.00000000,162.67235934,0.00000000,0.00000000,94.69756566,107.32720193,101.68074366,1745.79450000,29822.00783707,9891.18697000
5,243,0.000000,0.349000,0.00000000,106.72863180,0.00000000,157.22051912,0.00000000,0.00000000,94.69756566,106.72863180,101.68074366,1745.79450000,30171.16673691,7912.94957600
5,244,0.000000,0.350000,0.00000000,43.47863956,0.00000000,221.22681266,0.00000000,0.00000000,36.84682300,43.47863956,39.91750131,767.66957627,29542.20071302,7912.94957600
5,245,0.000000,0.353000,0.00000000,30.97213435,0.00000000,236.00222174,0.00000000,0.00000000,25.00174700,30.97213435,27.15938231,539.40882693,28335.81503974,9891.18697000
5,246,0.000000,0.349000,0.00000000,106.72863180,0.00000000,157.22051912,0.00000000,0.00000000,94.69756566,106.72863180,101.68074366,1745.79450000,28684.97393957,7912.94957600
5,247,0.110000,0.345000,0.00000000,73.54194353,20.03332656,187.38200222,0.00000000,0.00000000,63.67817400,73.54194353,68.65710075,1244.73168631,28183.91112568,9891.18697000
5,248,0.298000,0.626000,54.27210286,53.05509906,0.00000000,420.38950976,0.00000000,0.00000000,94.69756566,107.32720193,101.68074366,1745.79450000,28183.91112547,9891.18697000
5,249,0.455000,0.618000,58.26858481,0.00000000,24.59653869,467.39419849,0.00000000,0.00000000,49.73928100,58.26858481,53.75120360,1002.98064984,27441.09727510,9891.18697000
5,250,0.565000,0.535000,43.47863956,0.00000000,59.41981050,404.62119125,0.00000000,0.00000000,36.84682300,43.47863956,39.91750131,767.66957627,26812.13125121,7912.94957600
5,251,0.627000,0.450000,107.32720193,0.00000000,6.86275947,340.33558142,0.00000000,0.00000000,94.69756566,107.32720193,101.68074366,1745.79450000,26812.13125100,9891.18697000
5,252,0.644000,0.378000,107.32720193,0.00000000,9.95881903,285.88188839,0.00000000,0.00000000,94.69756566,107.32720193,101.68074366,1745.79450000,26812.13125080,9891.18697000
5,253,0.617000,0.320000,106.72863180,0.00000000,5.64011809,242.01641346,0.00000000,0.00000000,94.69756566,106.72863180,101.68074366,1745.79450000,27161.29015063,7912.94957600
5,254,0.547000,0.294000,44.07720969,0.00000000,55.54305967,222.35257986,0.00000000,0.00000000,36.84682300,44.07720969,39.91750131,767.66957627,26183.16522670,9891.18697000
5,255,0.433000,0.302000,78.85845819,27.87017361,0.00000000,200.53281659,0.00000000,0.00000000,94.69756566,106.72863180,101.68074366,1745.79450000,26532.32412653,7912.94957600
5,256,0.270000,0.339000,0.00000000,73.54194353,49.17271065,182.84419447,0.00000000,0.00000000,63.67817400,73.54194353,68.65710075,1244.73168631,26031.26131264,9891.18697000
5,257,0.078000,0.403000,14.20544974,93.12175218,0.00000000,211.66766851,0.00000000,0.00000000,94.69756566,107.32720193,101.68074366,1745.79450000,26031.26131244,9891.18697000
5,258,0.000000,0.524000,0.00000000,58.26858481,0.00000000,338.03329222,0.00000000,0.00000000,49.73928100,58.26858481,53.75120360,1002.98064984,25288.44746207,9891.18697000
5,259,0.000000,0.580000,0.00000000,89.29817159,0.00000000,349.35657780,0.00000000,0.00000000,78.66539600,89.29817159,84.63531998,1492.48099468,25384.29285658,7912.94957600
5,260,0.000000,0.590000,0.00000000,106.72863180,0.00000000,339.48913051,0.00000000,0.00000000,94.69756566,106.72863180,101.68074366,1745.79450000,25733.45175641,7912.94957600
5,261,0.000000,0.612000,0.00000000,107.32720193,0.00000000,355.52918881,0.00000000,0.00000000,94.69756566,107.32720193,101.68074366,1745.79450000,25733.45175621,9891.18697000
5,262,0.000000,0.601000,0.00000000,106.72863180,0.00000000,347.80844472,0.00000000,0.00000000,94.69756566,106.72863180,101.68074366,1745.79450000,26082.61065605,7912.94957600
5,263,0.000000,0.573000,0.00000000,89.29817159,0.00000000,344.06246875,0.00000000,0.00000000,78.66539600,89.29817159,84.63531998,1492.48099468,26178.45605056,7912.94957600
5,264,0.000000,0.540000,0.00000000,106.72863180,0.00000000,301.67406590,0.00000000,0.00000000,94.69756566,106.72863180,101.68074366,1745.79450000,26527.61495039,7912.94957600
5,265,0.000000,0.503000,0.00000000,89.89674172,0.00000000,290.52280818,0.00000000,0.00000000,78.66539600,89.89674172,84.63531998,1492.48099468,26274.30144486,9891.18697000
5,266,0.000000,0.468000,0.00000000,106.72863180,0.00000000,247.22037288,0.00000000,0.00000000,94.69756566,106.72863180,101.68074366,1745.79450000,26623.46034470,7912.94957600
5,267,0.000000,0.444000,0.00000000,89.29817159,0.00000000,246.49960208,0.00000000,0.00000000,78.66539600,89.29817159,84.63531998,1492.48099468,26719.30573921,7912.94957600
5,268,0.000000,0.422000,0.00000000,44.07720969,0.00000000,275.08193556,0.00000000,0.00000000,36.84682300,44.07720969,39.91750131,767.66957627,25741.18081528,9891.18697000
5,269,0.000000,0.401000,0.00000000,106.72863180,0.00000000,196.54818631,0.00000000,0.00000000,94.69756566,106.72863180,101.68074366,1745.79450000,26090.33971511,7912.94957600
5,270,0.000000,0.388000,0.00000000,57.67001469,0.00000000,235.77488663,0.00000000,0.00000000,49.73928100,57.67001469,53.75120360,1002.98064984,25696.68476478,7912.94957600
5,271,0.109000,0.496000,19.85120541,11.12092894,0.00000000,364.00451192,0.00000000,0.00000000,25.00174700,30.97213435,27.15938231,539.40882693,24490.29909150,9891.18697000
5,272,0.297000,0.688000,54.08998171,52.63865009,0.00000000,467.69663884,0.00000000,0.00000000,94.69756566,106.72863180,101.68074366,1745.79450000,24839.45799134,7912.94957600
5,273,0.454000,0.672000,57.67001469,0.00000000,25.01298766,508.23446826,0.00000000,0.00000000,49.73928100,57.67001469,53.75120360,1002.98064984,24445.80304101,7912.94957600
5,274,0.564000,0.602000,0.00000000,72.94337341,102.71632891,382.35000440,0.00000000,0.00000000,63.67817400,72.94337341,68.65710075,1244.73168631,24293.89912716,7912.94957600
5,275,0.627000,0.544000,107.32720193,0.00000000,6.86275947,411.42790287,0.00000000,0.00000000,94.69756566,107.32720193,101.68074366,1745.79450000,24293.89912695,9891.18697000
5,276,0.644000,0.506000,57.67001469,0.00000000,59.61600627,382.68845378,0.00000000,0.00000000,49.73928100,57.67001469,53.75120360,1002.98064984,23900.24417662,7912.94957600
5,277,0.618000,0.479000,106.72863180,0.00000000,5.82223924,362.26831889,0.00000000,0.00000000,94.69756566,106.72863180,101.68074366,1745.79450000,24249.40307646,7912.94957600
5,278,0.548000,0.459000,99.80239050,6.92624130,0.00000000,340.21605175,0.00000000,0.00000000,94.69756566,106.72863180,101.68074366,1745.79450000,24598.56197630,7912.94957600
5,279,0.433000,0.466000,72.94337341,0.00000000,5.91508478,352.43640209,0.00000000,0.00000000,63.67817400,72.94337341,68.65710075,1244.73168631,24446.65806244,7912.94957600
5,280,0.276000,0.500000,50.26543755,56.46319425,0.00000000,321.68745178,0.00000000,0.00000000,94.69756566,106.72863180,101.68074366,1745.79450000,24795.81696228,7912.94957600
5,281,0.088000,0.560000,16.02666125,14.34690298,0.00000000,409.18182057,0.00000000,0.00000000,25.00174700,30.37356422,27.15938231,539.40882693,23938.59018904,7912.94957600
5,282,0.000000,0.604000,0.00000000,89.29817159,0.00000000,367.50780881,0.00000000,0.00000000,78.66539600,89.29817159,84.63531998,1492.48099468,24034.43558355,7912.94957600
5,283,0.000000,0.583000,0.00000000,106.72863180,0.00000000,334.19502146,0.00000000,0.00000000,94.69756566,106.72863180,101.68074366,1745.79450000,24383.59448339,7912.94957600
5,284,0.000000,0.556000,0.00000000,106.72863180,0.00000000,313.77488658,0.00000000,0.00000000,94.69756566,106.72863180,101.68074366,1745.79450000,24732.75338322,7912.94957600
5,285,0.000000,0.541000,0.00000000,106.72863180,0.00000000,302.43036720,0.00000000,0.00000000,94.69756566,106.72863180,101.68074366,1745.79450000,25081.91228306,7912.94957600
5,286,0.000000,0.484000,0.00000000,106.72863180,0.00000000,259.32119355,0.00000000,0.00000000,94.69756566,106.72863180,101.68074366,1745.79450000,25431.07118290,7912.94957600
5,287,0.000000,0.444000,0.00000000,106.72863180,0.00000000,229.06914187,0.00000000,0.00000000,94.69756566,106.72863180,101.68074366,1745.79450000,25780.23008273,7912.94957600
5,288,0.000000,0.400000,0.00000000,106.72863180,0.00000000,195.79188502,0.00000000,0.00000000,94.69756566,106.72863180,101.68074366,1745.79450000,26129.38898257,7912.94957600
5,289,0.000000,0.363000,0.00000000,57.67001469,0.00000000,216.86735433,0.00000000,0.00000000,49.73928100,57.67001469,53.75120360,1002.98064984,25735.73403224,7912.94957600
5,290,0.000000,0.332000,0.00000000,106.72863180,0.00000000,144.36339716,0.00000000,0.00000000,94.69756566,106.72863180,101.68074366,1745.79450000,26084.89293208,7912.94957600
5,291,0.000000,0.309000,0.00000000,44.07720969,0.00000000,189.61988956,0.00000000,0.00000000,36.84682300,44.07720969,39.91750131,767.66957627,25106.76800814,9891.18697000
5,292,0.000000,0.285000,0.00000000,106.72863180,0.00000000,108.81723643,0.00000000,0.00000000,94.69756566,106.72863180,101.68074366,1745.79450000,25455.92690798,7912.94957600
5,293,0.000000,0.266000,0.00000000,89.29817159,0.00000000,111.87797209,0.00000000,0.00000000,78.66539600,89.29817159,84.63531998,1492.48099468,25551.77230249,7912.94957600
5,294,0.000000,0.251000,0.00000000,106.72863180,0.00000000,83.10299250,0.00000000,0.00000000,94.69756566,106.72863180,101.68074366,1745.79450000,25900.93120232,7912.94957600
5,295,0.110000,0.275000,20.03332656,37.63668813,0.00000000,170.34616719,0.00000000,0.00000000,49.73928100,57.67001469,53.75120360,1002.98064984,25507.27625200,7912.94957600
5,296,0.297000,0.442000,54.08998171,52.63865009,0.00000000,281.64652100,0.00000000,0.00000000,94.69756566,106.72863180,101.68074366,1745.79450000,25856.43515183,7912.94957600
5,297,0.454000,0.392000,0.00000000,57.67001469,82.68300235,238.80009180,0.00000000,0.00000000,49.73928100,57.67001469,53.75120360,1002.98064984,25462.78020150,7912.94957600
5,298,0.564000,0.300000,102.71632891,4.01230289,0.00000000,222.87808472,0.00000000,0.00000000,94.69756566,106.72863180,101.68074366,1745.79450000,25811.93910134,7912.94957600
5,299,0.627000,0.221000,106.72863180,0.00000000,7.46132959,167.14258554,0.00000000,0.00000000,94.69756566,106.72863180,101.68074366,1745.79450000,26161.09800117,7912.94957600
5,300,0.645000,0.165000,106.72863180,0.00000000,10.73951030,124.78971319,0.00000000,0.00000000,94.69756566,106.72863180,101.68074366,1745.79450000,26510.25690101,7912.94957600
5,301,0.618000,0.124000,107.16400915,0.00000000,5.38686189,93.78136021,0.00000000,0.00000000,94.69756566,107.16400915,101.68074366,1745.79450000,26605.45077657,9351.84489766
5,302,0.549000,0.107000,99.98451165,6.74412015,0.00000000,74.18011810,0.00000000,0.00000000,94.69756566,106.72863180,101.68074366,1745.79450000,26954.60967641,7912.94957600
5,303,0.435000,0.114000,72.94337341,0.00000000,6.27932708,86.21834729,0.00000000,0.00000000,63.67817400,72.94337341,68.65710075,1244.73168631,26802.70576256,7912.94957600
5,304,0.274000,0.147000,49.90119525,56.82743655,0.00000000,54.34885338,0.00000000,0.00000000,94.69756566,106.72863180,101.68074366,1745.79450000,27151.86466239,7912.94957600
5,305,0.074000,0.231000,13.47696514,59.46640827,0.00000000,115.23919020,0.00000000,0.00000000,63.67817400,72.94337341,68.65710075,1244.73168631,26999.96074854,7912.94957600
5,306,0.000000,0.429000,0.00000000,89.29817159,0.00000000,235.15508270,0.00000000,0.00000000,78.66539600,89.29817159,84.63531998,1492.48099468,27095.80614305,7912.94957600
5,307,0.000000,0.538000,0.00000000,106.72863180,0.00000000,300.16146332,0.00000000,0.00000000,94.69756566,106.72863180,101.68074366,1745.79450000,27444.96504289,7912.94957600
5,308,0.000000,0.558000,0.00000000,106.72863180,0.00000000,315.28748916,0.00000000,0.00000000,94.69756566,106.72863180,101.68074366,1745.79450000,27794.12394272,7912.94957600
5,309,0.000000,0.558000,0.00000000,106.72863180,0.00000000,315.28748916,0.00000000,0.00000000,94.69756566,106.72863180,101.68074366,1745.79450000,28143.28284256,7912.94957600
5,310,0.000000,0.501000,0.00000000,106.72863180,0.00000000,272.17831552,0.00000000,0.00000000,94.69756566,106.72863180,101.68074366,1745.79450000,28492.44174240,7912.94957600
5,311,0.000000,0.430000,0.00000000,106.72863180,0.00000000,218.48092378,0.00000000,0.00000000,94.69756566,106.72863180,101.68074366,1745.79450000,28841.60064223,7912.94957600
5,312,0.000000,0.364000,0.00000000,106.72863180,0.00000000,168.56503850,0.00000000,0.00000000,94.69756566,106.72863180,101.68074366,1745.79450000,29190.75954207,7912.94957600
5,313,0.000000,0.300000,0.00000000,107.32720193,0.00000000,119.56318569,0.00000000,0.00000000,94.69756566,107.32720193,101.68074366,1745.79450000,29190.75954186,9891.18697000
5,314,0.000000,0.255000,0.00000000,107.32720193,0.00000000,85.52962755,0.00000000,0.00000000,94.69756566,107.32720193,101.68074366,1745.79450000,29190.75954166,9891.18697000
5,315,0.000000,0.233000,0.00000000,106.72863180,0.00000000,69.48956925,0.00000000,0.00000000,94.69756566,106.72863180,101.68074366,1745.79450000,29539.91844149,7912.94957600
5,316,0.000000,0.226000,0.00000000,106.72863180,0.00000000,64.19546020,0.00000000,0.00000000,94.69756566,106.72863180,101.68074366,1745.79450000,29889.07734133,7912.94957600
5,317,0.000000,0.225000,0.00000000,106.72863180,0.00000000,63.43915891,0.00000000,0.00000000,94.69756566,106.72863180,101.68074366,1745.79450000,30238.23624117,7912.94957600
5,318,0.000000,0.223000,0.00000000,107.32720193,0.00000000,61.32798620,0.00000000,0.00000000,94.69756566,107.32720193,101.68074366,1745.79450000,30238.23624117,9891.18696884
5,319,0.109000,0.274000,2.99285063,0.00000000,16.85835478,207.22655402,0.00000000,0.00000000,0.00000000,2.99285063,0.00000000,0.00000000,28492.44174096,9891.18697000
5,320,0.296000,0.402000,53.90786056,53.23667568,0.00000000,250.79644372,0.00000000,0.00000000,94.69756566,107.14453624,101.68074366,1745.79450000,28598.99458514,9287.48813495
5,321,0.454000,0.344000,82.68300235,24.04562945,0.00000000,236.12201501,0.00000000,0.00000000,94.69756566,106.72863180,101.68074366,1745.79450000,28948.15348498,7912.94957600
5,322,0.564000,0.254000,72.94337341,0.00000000,29.77295550,192.10052818,0.00000000,0.00000000,63.67817400,72.94337341,68.65710075,1244.73168631,28796.24957113,7912.94957600
5,323,0.627000,0.181000,107.32720193,0.00000000,6.86275947,136.89053386,0.00000000,0.00000000,94.69756566,107.32720193,101.68074366,1745.79450000,28796.24957092,9891.18697000
5,324,0.645000,0.133000,106.72863180,0.00000000,10.73951030,100.58807184,0.00000000,0.00000000,94.69756566,106.72863180,101.68074366,1745.79450000,29145.40847076,7912.94957600
5,325,0.620000,0.103000,106.72863180,0.00000000,6.18648154,77.89903308,0.00000000,0.00000000,94.69756566,106.72863180,101.68074366,1745.79450000,29494.56737059,7912.94957600
5,326,0.551000,0.101000,100.34875395,6.37987785,0.00000000,70.00655265,0.00000000,0.00000000,94.69756566,106.72863180,101.68074366,1745.79450000,29843.72627043,7912.94957600
5,327,0.436000,0.130000,72.94337341,0.00000000,6.46144823,98.31916797,0.00000000,0.00000000,63.67817400,72.94337341,68.65710075,1244.73168631,29691.82235658,7912.94957600
5,328,0.279000,0.189000,50.81180100,55.91683080,0.00000000,87.02411340,0.00000000,0.00000000,94.69756566,106.72863180,101.68074366,1745.79450000,30040.98125641,7912.94957600
5,329,0.084000,0.309000,2.39428050,0.00000000,12.90389615,233.69709924,0.00000000,0.00000000,0.00000000,2.39428050,0.00000000,0.00000000,28644.34565625,7912.94957600
5,330,0.000000,0.510000,0.00000000,106.72863180,0.00000000,278.98502714,0.00000000,0.00000000,94.69756566,106.72863180,101.68074366,1745.79450000,28993.50455609,7912.94957600
5,331,0.000000,0.587000,0.00000000,107.32720193,0.00000000,336.62165651,0.00000000,0.00000000,94.69756566,107.32720193,101.68074366,1745.79450000,28993.50455588,9891.18697000
5,332,0.000000,0.590000,0.00000000,107.32720193,0.00000000,338.89056038,0.00000000,0.00000000,94.69756566,107.32720193,101.68074366,1745.79450000,28993.50455568,9891.18697000
5,333,0.000000,0.566000,0.00000000,106.72863180,0.00000000,321.33789950,0.00000000,0.00000000,94.69756566,106.72863180,101.68074366,1745.79450000,29342.66345551,7912.94957600
5,334,0.000000,0.601000,0.00000000,72.94337341,0.00000000,381.59370311,0.00000000,0.00000000,63.67817400,72.94337341,68.65710075,1244.73168631,29190.75954166,7912.94957600
5,335,0.000000,0.550000,0.00000000,106.72863180,0.00000000,309.23707883,0.00000000,0.00000000,94.69756566,106.72863180,101.68074366,1745.79450000,29539.91844149,7912.94957600
5,336,0.000000,0.508000,0.00000000,106.72863180,0.00000000,277.47242456,0.00000000,0.00000000,94.69756566,106.72863180,101.68074366,1745.79450000,29889.07734133,7912.94957600
5,337,0.000000,0.441000,0.00000000,106.72863180,0.00000000,226.80023799,0.00000000,0.00000000,94.69756566,106.72863180,101.68074366,1745.79450000,30238.23624117,7912.94957600
5,338,0.000000,0.479000,0.00000000,89.89674172,0.00000000,272.37157717,0.00000000,0.00000000,78.66539600,89.89674172,84.63531998,1492.48099468,29984.92273564,9891.18697000
5,339,0.000000,0.472000,0.00000000,30.97213435,0.00000000,326.00207550,0.00000000,0.00000000,25.00174700,30.97213435,27.15938231,539.40882693,28778.53706236,9891.18697000
5,340,0.000000,0.383000,0.00000000,106.72863180,0.00000000,182.93476305,0.00000000,0.00000000,94.69756566,106.72863180,101.68074366,1745.79450000,29127.69596219,7912.94957600
5,341,0.000000,0.347000,0.00000000,106.72863180,0.00000000,155.70791654,0.00000000,0.00000000,94.69756566,106.72863180,101.68074366,1745.79450000,29476.85486203,7912.94957600
5,342,0.000000,0.322000,0.00000000,107.32720193,0.00000000,136.20181411,0.00000000,0.00000000,94.69756566,107.32720193,101.68074366,1745.79450000,29476.85486182,9891.18697000
5,343,0.103000,0.368000,18.75847851,87.97015329,0.00000000,190.34872218,0.00000000,0.00000000,94.69756566,106.72863180,101.68074366,1745.79450000,29826.01376166,7912.94957600
5,344,0.294000,0.451000,53.54361826,53.18501354,0.00000000,287.90686917,0.00000000,0.00000000,94.69756566,106.72863180,101.68074366,1745.79450000,30175.17266150,7912.94957600
5,345,0.447000,0.410000,58.26858481,0.00000000,23.13956948,310.08352974,0.00000000,0.00000000,49.73928100,58.26858481,53.75120360,1002.98064984,29432.35881113,9891.18697000
5,346,0.558000,0.340000,101.62360201,5.10502979,0.00000000,252.03740950,0.00000000,0.00000000,94.69756566,106.72863180,101.68074366,1745.79450000,29781.51771096,7912.94957600
5,347,0.623000,0.273000,0.00000000,73.54194353,113.46147679,132.92830920,0.00000000,0.00000000,63.67817400,73.54194353,68.65710075,1244.73168631,29280.45489707,9891.18697000
5,348,0.641000,0.223000,106.72863180,0.00000000,10.01102570,168.65518813,0.00000000,0.00000000,94.69756566,106.72863180,101.68074366,1745.79450000,29629.61379691,7912.94957600
5,349,0.613000,0.204000,57.67001469,0.00000000,53.97025060,154.28546358,0.00000000,0.00000000,49.73928100,57.67001469,53.75120360,1002.98064984,29235.95884658,7912.94957600
5,350,0.544000,0.229000,99.07390590,8.25329603,0.00000000,164.93969985,0.00000000,0.00000000,94.69756566,107.32720193,101.68074366,1745.79450000,29235.95884637,9891.18697000
5,351,0.428000,0.295000,73.54194353,0.00000000,4.40590890,223.10888115,0.00000000,0.00000000,63.67817400,73.54194353,68.65710075,1244.73168631,28734.89603248,9891.18697000
5,352,0.264000,0.398000,48.07998375,58.64864806,0.00000000,242.35926618,0.00000000,0.00000000,94.69756566,106.72863180,101.68074366,1745.79450000,29084.05493231,7912.94957600
5,353,0.088000,0.532000,16.02666125,90.70197055,0.00000000,311.65031682,0.00000000,0.00000000,94.69756566,106.72863180,101.68074366,1745.79450000,29433.21383215,7912.94957600
5,354,0.000000,0.644000,0.00000000,106.72863180,0.00000000,380.32940028,0.00000000,0.00000000,94.69756566,106.72863180,101.68074366,1745.79450000,29782.37273199,7912.94957600
5,355,0.000000,0.727000,0.00000000,57.67001469,0.00000000,492.16102463,0.00000000,0.00000000,49.73928100,57.67001469,53.75120360,1002.98064984,29388.71778166,7912.94957600
5,356,0.000000,0.777000,0.00000000,89.29817159,0.00000000,498.34793233,0.00000000,0.00000000,78.66539600,89.29817159,84.63531998,1492.48099468,29484.56317617,7912.94957600
5,357,0.000000,0.767000,0.00000000,57.67001469,0.00000000,522.41307631,0.00000000,0.00000000,49.73928100,57.67001469,53.75120360,1002.98064984,29090.90822584,7912.94957600
5,358,0.000000,0.686000,0.00000000,106.72863180,0.00000000,412.09405454,0.00000000,0.00000000,94.69756566,106.72863180,101.68074366,1745.79450000,29440.06712568,7912.94957600
5,359,0.000000,0.622000,0.00000000,106.72863180,0.00000000,363.69077185,0.00000000,0.00000000,94.69756566,106.72863180,101.68074366,1745.79450000,29789.22602551,7912.94957600
5,360,0.000000,0.571000,0.00000000,106.72863180,0.00000000,325.11940596,0.00000000,0.00000000,94.69756566,106.72863180,101.68074366,1745.79450000,30138.38492535,7912.94957600
5,361,0.000000,0.509000,0.00000000,107.32720193,0.00000000,277.63015573,0.00000000,0.00000000,94.69756566,107.32720193,101.68074366,1745.79450000,30138.38492514,9891.18697000
5,362,0.000000,0.431000,0.00000000,107.32720193,0.00000000,218.63865495,0.00000000,0.00000000,94.69756566,107.32720193,101.68074366,1745.79450000,30138.38492494,9891.18697000
5,363,0.000000,0.399000,0.00000000,107.21469367,0.00000000,194.54952186,0.00000000,0.00000000,94.69756566,107.21469367,101.68074366,1745.79450000,30204.01342282,9519.35411965
5,364,0.000000,0.397000,0.00000000,89.89674172,0.00000000,210.35487123,0.00000000,0.00000000,78.66539600,89.89674172,84.63531998,1492.48099468,29950.69991729,9891.18697000
5,365,0.000000,0.367000,0.00000000,89.29817185,0.00000000,188.26440233,0.00000000,0.00000000,78.66539600,89.29817185,84.63532017,1492.48104146,30046.54535858,7912.94957600
5,366,0.000000,0.343000,0.00000000,89.29817185,0.00000000,170.11317132,0.00000000,0.00000000,78.66539600,89.29817185,84.63532017,1492.48104146,30142.39079988,7912.94957600
5,367,0.104000,0.422000,18.94059966,70.35757219,0.00000000,248.80157305,0.00000000,0.00000000,78.66539600,89.29817185,84.63532017,1492.48104146,30238.23624117,7912.94957600
5,368,0.293000,0.602000,53.36149711,53.96570481,0.00000000,401.32767300,0.00000000,0.00000000,94.69756566,107.32720193,101.68074366,1745.79450000,30238.23624117,9891.18696884
5,369,0.449000,0.595000,81.77239660,25.55480533,0.00000000,424.44446344,0.00000000,0.00000000,94.69756566,107.32720193,101.68074366,1745.79450000,30238.23624117,9891.18696884
5,370,0.561000,0.527000,2.39428050,0.00000000,99.77568496,398.57078091,0.00000000,0.00000000,0.00000000,2.39428050,0.00000000,0.00000000,28841.60064100,7912.94957600
5,371,0.624000,0.447000,106.72863180,0.00000000,6.91496614,338.06667755,0.00000000,0.00000000,94.69756566,106.72863180,101.68074366,1745.79450000,29190.75954084,7912.94957600
5,372,0.642000,0.377000,106.72863180,0.00000000,10.19314685,285.12558710,0.00000000,0.00000000,94.69756566,106.72863180,101.68074366,1745.79450000,29539.91844067,7912.94957600
5,373,0.612000,0.341000,106.72863180,0.00000000,4.72951234,257.89874059,0.00000000,0.00000000,94.69756566,106.72863180,101.68074366,1745.79450000,29889.07734051,7912.94957600
5,374,0.529000,0.343000,96.34208864,10.98511328,0.00000000,248.42622989,0.00000000,0.00000000,94.69756566,107.32720192,101.68074366,1745.79450000,29889.07734133,9891.18696419
5,375,0.376000,0.399000,68.47755261,38.25107919,0.00000000,263.51313633,0.00000000,0.00000000,94.69756566,106.72863180,101.68074366,1745.79450000,30238.23624117,7912.94957600
5,376,0.250000,0.494000,43.47863956,0.00000000,2.05164808,373.61283827,0.00000000,0.00000000,36.84682300,43.47863956,39.91750131,767.66957627,29609.27021727,7912.94957600
5,377,0.082000,0.609000,14.93393435,43.11684920,0.00000000,417.47063766,0.00000000,0.00000000,49.73928100,58.05078355,53.75120360,1002.98064984,28993.50455568,9171.36720358
5,378,0.000000,0.686000,0.00000000,106.72863180,0.00000000,412.09405454,0.00000000,0.00000000,94.69756566,106.72863180,101.68074366,1745.79450000,29342.66345551,7912.94957600
5,379,0.000000,0.678000,0.00000000,106.72863180,0.00000000,406.04364421,0.00000000,0.00000000,94.69756566,106.72863180,101.68074366,1745.79450000,29691.82235535,7912.94957600
5,380,0.000000,0.678000,0.00000000,72.94337341,0.00000000,439.82890260,0.00000000,0.00000000,63.67817400,72.94337341,68.65710075,1244.73168631,29539.91844149,7912.94957600
5,381,0.000000,0.671000,0.00000000,106.72863180,0.00000000,400.74953516,0.00000000,0.00000000,94.69756566,106.72863180,101.68074366,1745.79450000,29889.07734133,7912.94957600
5,382,0.000000,0.606000,0.00000000,106.72863180,0.00000000,351.58995118,0.00000000,0.00000000,94.69756566,106.72863180,101.68074366,1745.79450000,30238.23624117,7912.94957600
5,383,0.000000,0.540000,0.00000000,107.32720193,0.00000000,301.07549578,0.00000000,0.00000000,94.69756566,107.32720193,101.68074366,1745.79450000,30238.23624096,9891.18697000
5,384,0.000000,0.481000,0.00000000,58.26858481,0.00000000,305.51233666,0.00000000,0.00000000,49.73928100,58.26858481,53.75120360,1002.98064984,29495.42239059,9891.18697000
5,385,0.000000,0.433000,0.00000000,107.32720193,0.00000000,220.15125753,0.00000000,0.00000000,94.69756566,107.32720193,101.68074366,1745.79450000,29495.42239039,9891.18697000
5,386,0.000000,0.398000,0.00000000,106.72863180,0.00000000,194.27928243,0.00000000,0.00000000,94.69756566,106.72863180,101.68074366,1745.79450000,29844.58129022,7912.94957600
5,387,0.000000,0.374000,0.00000000,106.72863180,0.00000000,176.12805143,0.00000000,0.00000000,94.69756566,106.72863180,101.68074366,1745.79450000,30193.74019006,7912.94957600
5,388,0.000000,0.347000,0.00000000,107.25092145,0.00000000,155.18562689,0.00000000,0.00000000,94.69756566,107.25092145,101.68074366,1745.79450000,30238.23624117,9639.08469628
5,389,0.000000,0.343000,0.00000000,107.32720193,0.00000000,152.08414125,0.00000000,0.00000000,94.69756566,107.32720193,101.68074366,1745.79450000,30238.23624117,9891.18696884
5,390,0.000000,0.367000,0.00000000,57.67001469,0.00000000,219.89255949,0.00000000,0.00000000,49.73928100,57.67001469,53.75120360,1002.98064984,29844.58129084,7912.94957600
5,391,0.111000,0.444000,20.21544771,87.11175421,0.00000000,248.68601945,0.00000000,0.00000000,94.69756566,107.32720193,101.68074366,1745.79450000,29844.58129063,9891.18697000
5,392,0.298000,0.654000,54.27210286,52.45652894,0.00000000,442.16451606,0.00000000,0.00000000,94.69756566,106.72863180,101.68074366,1745.79450000,30193.74019047,7912.94957600
5,393,0.456000,0.663000,83.04724465,24.27995727,0.00000000,477.14779935,0.00000000,0.00000000,94.69756566,107.32720193,101.68074366,1745.79450000,30193.74019026,9891.18697000
5,394,0.566000,0.615000,103.08057121,4.24663071,0.00000000,460.87866390,0.00000000,0.00000000,94.69756566,107.32720193,101.68074366,1745.79450000,30193.74019006,9891.18697000
5,395,0.629000,0.568000,107.32720193,0.00000000,7.22700177,429.57913388,0.00000000,0.00000000,94.69756566,107.32720193,101.68074366,1745.79450000,30193.74018985,9891.18697000
5,396,0.647000,0.539000,107.25092145,0.00000000,10.58146296,407.64639641,0.00000000,0.00000000,94.69756566,107.25092145,101.68074366,1745.79450000,30238.23624137,9639.08469395
5,397,0.616000,0.530000,107.32720193,0.00000000,4.85942681,400.83968479,0.00000000,0.00000000,94.69756566,107.32720193,101.68074366,1745.79450000,30238.23624117,9891.18697000
5,398,0.548000,0.553000,99.80239050,7.52481142,0.00000000,410.70980308,0.00000000,0.00000000,94.69756566,107.32720193,101.68074366,1745.79450000,30238.23624096,9891.18697000
5,399,0.431000,0.612000,78.49421589,28.83298604,0.00000000,434.02340469,0.00000000,0.00000000,94.69756566,107.32720193,101.68074366,1745.79450000,30238.23624076,9891.18697000
5,400,0.277000,0.682000,50.44755870,43.68942647,0.00000000,472.10805471,0.00000000,0.00000000,82.56548231,94.13698517,88.78189697,1554.10366481,30046.54540536,9891.18697000
5,401,0.096000,0.744000,17.48363045,71.81454140,0.00000000,490.87361989,0.00000000,0.00000000,78.66539600,89.29817185,84.63532017,1492.48104146,30142.39084666,7912.94957600
5,402,0.000000,0.751000,0.00000000,89.29817159,0.00000000,478.68409874,0.00000000,0.00000000,78.66539600,89.29817159,84.63531998,1492.48099468,30238.23624117,7912.94957600
5,403,0.000000,0.681000,0.00000000,89.89674197,0.00000000,425.14443791,0.00000000,0.00000000,78.66539600,89.89674197,84.63532017,1492.48104146,29984.92278242,9891.18697000
5,404,0.000000,0.668000,0.00000000,100.13352181,0.00000000,405.07574128,0.00000000,0.00000000,88.63152250,100.13352181,95.23131874,1649.94905891,30238.23624117,7912.94957600
5,405,0.000000,0.651000,0.00000000,100.73209194,0.00000000,391.62004918,0.00000000,0.00000000,88.63152251,100.73209194,95.23131875,1649.94905912,30142.39080008,9891.18697000
5,406,0.000000,0.620000,0.00000000,89.29817185,0.00000000,379.60862922,0.00000000,0.00000000,78.66539600,89.29817185,84.63532017,1492.48104146,30238.23624137,7912.94957600
5,407,0.000000,0.582000,0.00000000,107.32720193,0.00000000,332.84015005,0.00000000,0.00000000,94.69756566,107.32720193,101.68074366,1745.79450000,30238.23624117,9891.18697000
5,408,0.000000,0.540000,0.00000000,89.89674197,0.00000000,318.50595573,0.00000000,0.00000000,78.66539600,89.89674197,84.63532017,1492.48104146,29984.92278242,9891.18697000
5,409,0.000000,0.494000,0.00000000,107.32720193,0.00000000,266.28563635,0.00000000,0.00000000,94.69756566,107.32720193,101.68074366,1745.79450000,29984.92278221,9891.18697000
5,410,0.000000,0.445000,0.00000000,100.13352182,0.00000000,236.42055314,0.00000000,0.00000000,88.63152251,100.13352182,95.23131875,1649.94905912,30238.23624117,7912.94957600
5,411,0.000000,0.413000,0.00000000,107.32720193,0.00000000,205.02523169,0.00000000,0.00000000,94.69756566,107.32720193,101.68074366,1745.79450000,30238.23624096,9891.18697000
5,412,0.000000,0.386000,0.00000000,107.32720193,0.00000000,184.60509681,0.00000000,0.00000000,94.69756566,107.32720193,101.68074366,1745.79450000,30238.23624117,9891.18696768
5,413,0.000000,0.365000,0.00000000,107.32720193,0.00000000,168.72276967,0.00000000,0.00000000,94.69756566,107.32720193,101.68074366,1745.79450000,30238.23624096,9891.18697000
5,414,0.000000,0.341000,0.00000000,107.32720193,0.00000000,150.57153866,0.00000000,0.00000000,94.69756566,107.32720193,101.68074366,1745.79450000,30238.23624076,9891.18697000
5,415,0.108000,0.323000,19.66908426,87.65811767,0.00000000,156.62719967,0.00000000,0.00000000,94.69756566,107.32720193,101.68074366,1745.79450000,30238.23624055,9891.18697000
5,416,0.287000,0.597000,43.47863956,0.00000000,8.79013065,451.51187135,0.00000000,0.00000000,36.84682300,43.47863956,39.91750131,767.66957627,29609.27021666,7912.94957600
5,417,0.437000,0.657000,79.58694279,27.74025913,0.00000000,469.14968974,0.00000000,0.00000000,94.69756566,107.32720193,101.68074366,1745.79450000,29609.27021645,9891.18697000
5,418,0.551000,0.621000,100.34875395,6.97844797,0.00000000,462.68465439,0.00000000,0.00000000,94.69756566,107.32720193,101.68074366,1745.79450000,29609.27021625,9891.18697000
5,419,0.612000,0.594000,107.32720193,0.00000000,4.13094221,449.24296748,0.00000000,0.00000000,94.69756566,107.32720193,101.68074366,1745.79450000,29609.27021604,9891.18697000
5,420,0.617000,0.580000,107.32720193,0.00000000,5.04154796,438.65474939,0.00000000,0.00000000,94.69756566,107.32720193,101.68074366,1745.79450000,29609.27021584,9891.18697000
5,421,0.534000,0.552000,97.25269439,9.48671739,0.00000000,407.99159582,0.00000000,0.00000000,94.69756566,106.73941178,101.68074366,1745.79450000,29952.14092059,7948.57674360
5,422,0.445000,0.544000,30.37356422,0.00000000,50.67034777,411.42790287,0.00000000,0.00000000,25.00174700,30.37356422,27.15938231,539.40882693,29094.91414735,7912.94957600
5,423,0.339000,0.566000,61.73907004,44.98956176,0.00000000,383.07696954,0.00000000,0.00000000,94.69756566,106.72863180,101.68074366,1745.79450000,29444.07304719,7912.94957600
5,424,0.220000,0.595000,0.00000000,89.29817159,40.06665312,360.70109718,0.00000000,0.00000000,78.66539600,89.29817159,84.63531998,1492.48099468,29539.91844170,7912.94957600
5,425,0.083000,0.590000,15.11605550,92.21114643,0.00000000,354.00661588,0.00000000,0.00000000,94.69756566,107.32720193,101.68074366,1745.79450000,29539.91844149,9891.18697000
5,426,0.000000,0.577000,0.00000000,106.72863180,0.00000000,329.65721371,0.00000000,0.00000000,94.69756566,106.72863180,101.68074366,1745.79450000,29889.07734133,7912.94957600
5,427,0.000000,0.534000,0.00000000,106.72863180,0.00000000,297.13625815,0.00000000,0.00000000,94.69756566,106.72863180,101.68074366,1745.79450000,30238.23624117,7912.94957600
5,428,0.000000,0.525000,0.00000000,89.46248162,0.00000000,307.59569671,0.00000000,0.00000000,78.66539600,89.46248162,84.63532017,1492.48104146,30238.23624117,8455.98323771
5,429,0.000000,0.568000,0.00000000,107.32720193,0.00000000,322.25193196,0.00000000,0.00000000,94.69756566,107.32720193,101.68074366,1745.79450000,30238.23624117,9891.18696884
5,430,0.000000,0.541000,0.00000000,100.73209194,0.00000000,308.42690705,0.00000000,0.00000000,88.63152251,100.73209194,95.23131875,1649.94905912,30142.39080008,9891.18697000
5,431,0.000000,0.525000,0.00000000,89.29817185,0.00000000,307.76000648,0.00000000,0.00000000,78.66539600,89.29817185,84.63532017,1492.48104146,30238.23624137,7912.94957600
5,432,0.000000,0.496000,0.00000000,107.32720193,0.00000000,267.79823893,0.00000000,0.00000000,94.69756566,107.32720193,101.68074366,1745.79450000,30238.23624117,9891.18697000
5,433,0.000000,0.465000,0.00000000,107.32720193,0.00000000,244.35289888,0.00000000,0.00000000,94.69756566,107.32720193,101.68074366,1745.79450000,30238.23624117,9891.18696884
5,434,0.000000,0.442000,0.00000000,107.32720193,0.00000000,226.95796916,0.00000000,0.00000000,94.69756566,107.32720193,101.68074366,1745.79450000,30238.23624096,9891.18697000
5,435,0.000000,0.432000,0.00000000,107.32720193,0.00000000,219.39495624,0.00000000,0.00000000,94.69756566,107.32720193,101.68074366,1745.79450000,30238.23624076,9891.18697000
5,436,0.000000,0.410000,0.00000000,107.32720193,0.00000000,202.75632781,0.00000000,0.00000000,94.69756566,107.32720193,101.68074366,1745.79450000,30238.23624055,9891.18697000
5,437,0.000000,0.401000,0.00000000,89.89674197,0.00000000,213.38007614,0.00000000,0.00000000,78.66539600,89.89674197,84.63532017,1492.48104146,29984.92278180,9891.18697000
5,438,0.000000,0.391000,0.00000000,107.32720193,0.00000000,188.38660326,0.00000000,0.00000000,94.69756566,107.32720193,101.68074366,1745.79450000,29984.92278160,9891.18697000
5,439,0.109000,0.395000,19.85120541,87.47599652,0.00000000,211.26301384,0.00000000,0.00000000,94.69756566,107.32720193,101.68074366,1745.79450000,29984.92278139,9891.18697000
5,440,0.294000,0.718000,53.54361826,36.35312371,0.00000000,506.67120398,0.00000000,0.00000000,78.66539600,89.89674197,84.63532017,1492.48104146,29731.60932264,9891.18697000
5,441,0.451000,0.812000,82.13663890,24.59199290,0.00000000,589.52465624,0.00000000,0.00000000,94.69756566,106.72863180,101.68074366,1745.79450000,30080.76822248,7912.94957600
5,442,0.557000,0.777000,93.53841188,0.00000000,7.90306898,587.64610392,0.00000000,0.00000000,82.56547940,93.53841188,88.78189388,1554.10361885,30238.23624117,7912.94957600
5,443,0.622000,0.728000,107.32720193,0.00000000,5.95215372,550.58734061,0.00000000,0.00000000,94.69756566,107.32720193,101.68074366,1745.79450000,30238.23624096,9891.18697000
5,444,0.637000,0.686000,107.32720193,0.00000000,8.68397098,518.82268634,0.00000000,0.00000000,94.69756566,107.32720193,101.68074366,1745.79450000,30238.23624076,9891.18697000
5,445,0.598000,0.663000,107.32720193,0.00000000,1.58124610,501.42775663,0.00000000,0.00000000,94.69756566,107.32720193,101.68074366,1745.79450000,30238.23624055,9891.18697000
5,446,0.494000,0.665000,73.17589078,0.00000000,16.79195760,502.94035921,0.00000000,0.00000000,63.67817400,73.17589078,68.65710075,1244.73168631,29950.69991791,8681.40514990
5,447,0.403000,0.686000,73.39482367,33.93237825,0.00000000,484.89030809,0.00000000,0.00000000,94.69756566,107.32720193,101.68074366,1745.79450000,29950.69991770,9891.18697000
5,448,0.249000,0.726000,45.34816649,44.54857549,0.00000000,504.52616254,0.00000000,0.00000000,78.66539600,89.89674197,84.63532017,1492.48104146,29697.38645895,9891.18697000
5,449,0.085000,0.767000,15.48029780,91.24833400,0.00000000,488.83475700,0.00000000,0.00000000,94.69756566,106.72863180,101.68074366,1745.79450000,30046.54535879,7912.94957600
5,450,0.000000,0.803000,0.00000000,89.29817185,0.00000000,518.01176567,0.00000000,0.00000000,78.66539600,89.29817185,84.63532017,1492.48104146,30142.39080008,7912.94957600
5,451,0.000000,0.804000,0.00000000,89.89674197,0.00000000,518.16949683,0.00000000,0.00000000,78.66539600,89.89674197,84.63532017,1492.48104146,29889.07734133,9891.18697000
5,452,0.000000,0.777000,0.00000000,106.72863180,0.00000000,480.91747212,0.00000000,0.00000000,94.69756566,106.72863180,101.68074366,1745.79450000,30238.23624117,7912.94957600
5,453,0.000000,0.798000,0.00000000,89.46248162,0.00000000,514.06594944,0.00000000,0.00000000,78.66539600,89.46248162,84.63532017,1492.48104146,30238.23624117,8455.98323771
5,454,0.000000,0.806000,0.00000000,107.32720193,0.00000000,502.25163946,0.00000000,0.00000000,94.69756566,107.32720193,101.68074366,1745.79450000,30238.23624096,9891.18697000
5,455,0.000000,0.815000,0.00000000,107.32720193,0.00000000,509.05835109,0.00000000,0.00000000,94.69756566,107.32720193,101.68074366,1745.79450000,30238.23624076,9891.18697000
5,456,0.000000,0.797000,0.00000000,100.73209196,0.00000000,502.04003780,0.00000000,0.00000000,88.63152253,100.73209196,95.23131876,1649.94905932,30142.39079988,9891.18697000
5,457,0.000000,0.771000,0.00000000,89.29817185,0.00000000,493.81012432,0.00000000,0.00000000,78.66539600,89.29817185,84.63532017,1492.48104146,30238.23624117,7912.94957600
5,458,0.000000,0.746000,0.00000000,89.89674197,0.00000000,474.30402189,0.00000000,0.00000000,78.66539600,89.89674197,84.63532017,1492.48104146,29984.92278242,9891.18697000
5,459,0.000000,0.728000,0.00000000,107.32720193,0.00000000,443.26013868,0.00000000,0.00000000,94.69756566,107.32720193,101.68074366,1745.79450000,29984.92278221,9891.18697000
5,460,0.000000,0.718000,0.00000000,89.29817185,0.00000000,453.72615584,0.00000000,0.00000000,78.66539600,89.29817185,84.63532017,1492.48104146,30080.76822350,7912.94957600
5,461,0.000000,0.684000,0.00000000,89.29817185,0.00000000,428.01191191,0.00000000,0.00000000,78.66539600,89.29817185,84.63532017,1492.48104146,30176.61366480,7912.94957600
5,462,0.000000,0.616000,0.00000000,89.35684079,0.00000000,376.52475511,0.00000000,0.00000000,78.66539600,89.35684079,84.63532017,1492.48104146,30238.23624117,8106.84682768
5,463,0.108000,0.601000,0.00000000,73.54194353,19.66908426,380.99513299,0.00000000,0.00000000,63.67817400,73.54194353,68.65710075,1244.73168631,29737.17342727,9891.18697000
5,464,0.300000,0.868000,54.63634517,52.09228664,0.00000000,604.37723486,0.00000000,0.00000000,94.69756566,106.72863180,101.68074366,1745.79450000,30086.33232711,7912.94957600
5,465,0.462000,0.913000,84.13997155,23.18723037,0.00000000,667.31584927,0.00000000,0.00000000,94.69756566,107.32720193,101.68074366,1745.79450000,30086.33232690,9891.18697000
5,466,0.572000,0.904000,93.15554671,0.00000000,11.01775140,683.69636801,0.00000000,0.00000000,82.21332809,93.15554671,88.40748615,1548.53951443,30238.23624117,7912.94957600
5,467,0.638000,0.878000,107.32720193,0.00000000,8.86609213,664.03253442,0.00000000,0.00000000,94.69756566,107.32720193,101.68074366,1745.79450000,30238.23624096,9891.18697000
5,468,0.656000,0.845000,107.32720193,0.00000000,12.14427284,639.07459178,0.00000000,0.00000000,94.69756566,107.32720193,101.68074366,1745.79450000,30238.23624076,9891.18697000
5,469,0.631000,0.808000,107.32720193,0.00000000,7.59124407,611.09144397,0.00000000,0.00000000,94.69756566,107.32720193,101.68074366,1745.79450000,30238.23624055,9891.18697000
5,470,0.559000,0.773000,101.80572316,5.52147877,0.00000000,579.09941999,0.00000000,0.00000000,94.69756566,107.32720193,101.68074366,1745.79450000,30238.23624035,9891.18697000
5,471,0.436000,0.759000,79.40482164,27.92238029,0.00000000,546.11030038,0.00000000,0.00000000,94.69756566,107.32720193,101.68074366,1745.79450000,30238.23624014,9891.18697000
5,472,0.271000,0.774000,49.35483180,44.78215021,0.00000000,540.59504984,0.00000000,0.00000000,82.56547940,94.13698201,88.78189388,1554.10361885,30046.54535879,9891.18697000
5,473,0.099000,0.800000,18.02999390,71.86674807,0.00000000,533.17428557,0.00000000,0.00000000,78.66539600,89.89674197,84.63532017,1492.48104146,29793.23190004,9891.18697000
5,474,0.000000,0.797000,0.00000000,106.72863180,0.00000000,496.04349796,0.00000000,0.00000000,94.69756566,106.72863180,101.68074366,1745.79450000,30142.39079988,7912.94957600
5,475,0.000000,0.779000,0.00000000,89.29817185,0.00000000,499.86053466,0.00000000,0.00000000,78.66539600,89.29817185,84.63532017,1492.48104146,30238.23624117,7912.94957600
5,476,0.000000,0.718000,0.00000000,107.32720193,0.00000000,435.69712576,0.00000000,0.00000000,94.69756566,107.32720193,101.68074366,1745.79450000,30238.23624096,9891.18697000
5,477,0.000000,0.683000,0.00000000,107.32720193,0.00000000,409.22658054,0.00000000,0.00000000,94.69756566,107.32720193,101.68074366,1745.79450000,30238.23624076,9891.18697000
5,478,0.000000,0.649000,0.00000000,107.32720193,0.00000000,383.51233661,0.00000000,0.00000000,94.69756566,107.32720193,101.68074366,1745.79450000,30238.23624055,9891.18697000
5,479,0.000000,0.601000,0.00000000,107.32720193,0.00000000,347.20987459,0.00000000,0.00000000,94.69756566,107.32720193,101.68074366,1745.79450000,30238.23624035,9891.18697000
5,480,0.000000,0.568000,0.00000000,107.32720193,0.00000000,322.25193196,0.00000000,0.00000000,94.69756566,107.32720193,101.68074366,1745.79450000,30238.23624014,9891.18697000
5,481,0.000000,0.529000,0.00000000,94.13698203,0.00000000,305.94640146,0.00000000,0.00000000,82.56547943,94.13698203,88.78189391,1554.10361926,30046.54535920,9891.18697000
5,482,0.000000,0.491000,0.00000000,89.89674197,0.00000000,281.44719242,0.00000000,0.00000000,78.66539600,89.89674197,84.63532017,1492.48104146,29793.23190045,9891.18697000
5,483,0.000000,0.466000,0.00000000,107.32720193,0.00000000,245.10920017,0.00000000,0.00000000,94.69756566,107.32720193,101.68074366,1745.79450000,29793.23190024,9891.18697000
5,484,0.000000,0.444000,0.00000000,106.72863180,0.00000000,229.06914187,0.00000000,0.00000000,94.69756566,106.72863180,101.68074366,1745.79450000,30142.39080008,7912.94957600
5,485,0.000000,0.446000,0.00000000,107.32720193,0.00000000,229.98317433,0.00000000,0.00000000,94.69756566,107.32720193,101.68074366,1745.79450000,30142.39079988,9891.18697000
5,486,0.000000,0.481000,0.00000000,89.29817185,0.00000000,274.48274963,0.00000000,0.00000000,78.66539600,89.29817185,84.63532017,1492.48104146,30238.23624117,7912.94957600
5,487,0.105000,0.506000,19.12272081,88.20448112,0.00000000,294.48397266,0.00000000,0.00000000,94.69756566,107.32720193,101.68074366,1745.79450000,30238.23624117,9891.18696884
5,488,0.296000,0.722000,0.00000000,44.07720969,53.90786056,501.97232317,0.00000000,0.00000000,36.84682300,44.07720969,39.91750131,767.66957627,29260.11131723,9891.18697000
5,489,0.460000,0.772000,83.77572925,23.55147267,0.00000000,560.31312479,0.00000000,0.00000000,94.69756566,107.32720193,101.68074366,1745.79450000,29260.11131703,9891.18697000
5,490,0.566000,0.757000,103.08057121,3.64806059,0.00000000,568.87201749,0.00000000,0.00000000,94.69756566,106.72863180,101.68074366,1745.79450000,29609.27021686,7912.94957600
5,491,0.604000,0.728000,106.99224213,0.00000000,3.00893280,550.58734061,0.00000000,0.00000000,94.69756566,106.99224213,101.68074366,1745.79450000,29804.65951056,8784.16547481
5,492,0.585000,0.677000,106.54087307,0.00000000,0.00000000,512.01597472,0.00000000,0.00000000,93.97431696,106.54087307,100.91178470,1734.36693688,29793.23194723,9891.18697000
5,493,0.545000,0.624000,99.25602705,8.07117488,0.00000000,463.86083136,0.00000000,0.00000000,94.69756566,107.32720193,101.68074366,1745.79450000,29793.23194702,9891.18697000
5,494,0.463000,0.575000,84.32209271,22.40653910,0.00000000,412.46670383,0.00000000,0.00000000,94.69756566,106.72863180,101.68074366,1745.79450000,30142.39084686,7912.94957600
5,495,0.343000,0.550000,62.46755464,26.83061695,0.00000000,389.13509367,0.00000000,0.00000000,78.66539600,89.29817159,84.63531998,1492.48099468,30238.23624137,7912.94957600
5,496,0.207000,0.564000,37.69907816,69.62812376,0.00000000,356.92580495,0.00000000,0.00000000,94.69756566,107.32720193,101.68074366,1745.79450000,30238.23624117,9891.18697000
5,497,0.071000,0.592000,12.93060169,60.61134184,0.00000000,387.11902305,0.00000000,0.00000000,63.67817400,73.54194353,68.65710075,1244.73168631,29737.17342727,9891.18697000
5,498,0.000000,0.601000,0.00000000,93.75411684,0.00000000,360.78295968,0.00000000,0.00000000,82.21332809,93.75411684,88.40748615,1548.53951443,29539.91844149,9891.18697000
5,499,0.000000,0.604000,0.00000000,106.72863180,0.00000000,350.07734860,0.00000000,0.00000000,94.69756566,106.72863180,101.68074366,1745.79450000,29889.07734133,7912.94957600
5,500,0.000000,0.648000,0.00000000,106.72863180,0.00000000,383.35460545,0.00000000,0.00000000,94.69756566,106.72863180,101.68074366,1745.79450000,30238.23624117,7912.94957600
5,501,0.000000,0.663000,0.00000000,107.32720193,0.00000000,394.10055470,0.00000000,0.00000000,94.69756566,107.32720193,101.68074366,1745.79450000,30238.23624096,9891.18697000
5,502,0.000000,0.657000,0.00000000,107.32720193,0.00000000,389.56274695,0.00000000,0.00000000,94.69756566,107.32720193,101.68074366,1745.79450000,30238.23624076,9891.18697000
5,503,0.000000,0.635000,0.00000000,100.73209196,0.00000000,379.51922849,0.00000000,0.00000000,88.63152253,100.73209196,95.23131876,1649.94905932,30142.39079988,9891.18697000
5,504,0.000000,0.616000,0.00000000,89.29817185,0.00000000,376.58342405,0.00000000,0.00000000,78.66539600,89.29817185,84.63532017,1492.48104146,30238.23624117,7912.94957600
5,505,0.000000,0.602000,0.00000000,107.32720194,0.00000000,347.96617587,0.00000000,0.00000000,94.69756567,107.32720194,101.68074367,1745.79450020,30238.23624117,9891.18697000
5,506,0.000000,0.586000,0.00000000,44.07720969,0.00000000,399.11534745,0.00000000,0.00000000,36.84682300,44.07720969,39.91750131,767.66957627,29260.11131723,9891.18697000
5,507,0.000000,0.559000,0.00000000,106.72863180,0.00000000,316.04379045,0.00000000,0.00000000,94.69756566,106.72863180,101.68074366,1745.79450000,29609.27021707,7912.94957600
5,508,0.000000,0.503000,0.00000000,106.72863180,0.00000000,273.69091810,0.00000000,0.00000000,94.69756566,106.72863180,101.68074366,1745.79450000,29958.42911690,7912.94957600
5,509,0.000000,0.470000,0.00000000,89.89674172,0.00000000,265.56486555,0.00000000,0.00000000,78.66539600,89.89674172,84.63531998,1492.48099468,29705.11561137,9891.18697000
5,510,0.000000,0.432000,0.00000000,107.32720193,0.00000000,219.39495624,0.00000000,0.00000000,94.69756566,107.32720193,101.68074366,1745.79450000,29705.11561117,9891.18697000
5,511,0.113000,0.532000,20.57969001,86.74751191,0.00000000,315.60477546,0.00000000,0.00000000,94.69756566,107.32720193,101.68074366,1745.79450000,29705.11561096,9891.18697000
5,512,0.299000,0.776000,54.45422401,52.27440779,0.00000000,534.61539484,0.00000000,0.00000000,94.69756566,106.72863180,101.68074366,1745.79450000,30054.27451080,7912.94957600
5,513,0.454000,0.781000,82.68300235,7.21373962,0.00000000,583.45756947,0.00000000,0.00000000,78.66539600,89.89674197,84.63532017,1492.48104146,29800.96105205,9891.18697000
5,514,0.562000,0.715000,102.35208661,4.37654519,0.00000000,536.37887862,0.00000000,0.00000000,94.69756566,106.72863180,101.68074366,1745.79450000,30150.11995189,7912.94957600
5,515,0.624000,0.647000,89.89674197,0.00000000,23.74685597,489.32693595,0.00000000,0.00000000,78.66539600,89.89674197,84.63532017,1492.48104146,29896.80649314,9891.18697000
5,516,0.637000,0.595000,107.32720193,0.00000000,8.68397098,449.99926877,0.00000000,0.00000000,94.69756566,107.32720193,101.68074366,1745.79450000,29896.80649293,9891.18697000
5,517,0.614000,0.547000,99.60168006,0.00000000,12.22070637,413.69680675,0.00000000,0.00000000,88.14234568,99.60168006,94.71122530,1642.21990711,30142.39079988,7912.94957600
5,518,0.509000,0.510000,89.29817185,0.00000000,3.40149378,385.71365894,0.00000000,0.00000000,78.66539600,89.29817185,84.63532017,1492.48104146,30238.23624117,7912.94957600
5,519,0.398000,0.502000,72.48421792,16.97826336,0.00000000,362.68498525,0.00000000,0.00000000,78.66539600,89.46248128,84.63531998,1492.48099468,30238.23624117,8455.98297267
5,520,0.253000,0.535000,46.07665109,61.25055084,0.00000000,343.37064041,0.00000000,0.00000000,94.69756566,107.32720193,101.68074366,1745.79450000,30238.23624096,9891.18697000
5,521,0.081000,0.601000,2.99285063,0.00000000,11.75896257,454.53707652,0.00000000,0.00000000,0.00000000,2.99285063,0.00000000,0.00000000,28492.44174076,9891.18697000
5,522,0.000000,0.642000,0.00000000,107.32720193,0.00000000,378.21822757,0.00000000,0.00000000,94.69756566,107.32720193,101.68074366,1745.79450000,28492.44174055,9891.18697000
5,523,0.000000,0.655000,0.00000000,107.32720193,0.00000000,388.05014437,0.00000000,0.00000000,94.69756566,107.32720193,101.68074366,1745.79450000,28492.44174035,9891.18697000
5,524,0.000000,0.706000,0.00000000,107.32720193,0.00000000,426.62151026,0.00000000,0.00000000,94.69756566,107.32720193,101.68074366,1745.79450000,28492.44174014,9891.18697000
5,525,0.000000,0.705000,0.00000000,107.32720193,0.00000000,425.86520897,0.00000000,0.00000000,94.69756566,107.32720193,101.68074366,1745.79450000,28492.44173994,9891.18697000
5,526,0.000000,0.679000,0.00000000,106.72863180,0.00000000,406.79994550,0.00000000,0.00000000,94.69756566,106.72863180,101.68074366,1745.79450000,28841.60063977,7912.94957600
5,527,0.000000,0.641000,0.00000000,106.72863180,0.00000000,378.06049640,0.00000000,0.00000000,94.69756566,106.72863180,101.68074366,1745.79450000,29190.75953961,7912.94957600
5,528,0.000000,0.619000,0.00000000,106.72863180,0.00000000,361.42186798,0.00000000,0.00000000,94.69756566,106.72863180,101.68074366,1745.79450000,29539.91843944,7912.94957600
5,529,0.000000,0.552000,0.00000000,106.72863180,0.00000000,310.74968141,0.00000000,0.00000000,94.69756566,106.72863180,101.68074366,1745.79450000,29889.07733928,7912.94957600
5,530,0.000000,0.502000,0.00000000,107.32720193,0.00000000,272.33604668,0.00000000,0.00000000,94.69756566,107.32720193,101.68074366,1745.79450000,29889.07733908,9891.18697000
5,531,0.000000,0.477000,0.00000000,107.32720193,0.00000000,253.42851438,0.00000000,0.00000000,94.69756566,107.32720193,101.68074366,1745.79450000,29889.07733887,9891.18697000
5,532,0.000000,0.444000,0.00000000,107.32720193,0.00000000,228.47057174,0.00000000,0.00000000,94.69756566,107.32720193,101.68074366,1745.79450000,29889.07733867,9891.18697000
5,533,0.000000,0.417000,0.00000000,106.72863180,0.00000000,208.64900698,0.00000000,0.00000000,94.69756566,106.72863180,101.68074366,1745.79450000,30238.23623850,7912.94957600
5,534,0.000000,0.381000,0.00000000,94.13698212,0.00000000,194.01381015,0.00000000,0.00000000,82.56547951,94.13698212,88.78189399,1554.10362049,30046.54535879,9891.18697000
5,535,0.114000,0.479000,20.76181116,86.56539076,0.00000000,275.70292813,0.00000000,0.00000000,94.69756566,107.32720193,101.68074366,1745.79450000,30046.54535858,9891.18697000
5,536,0.301000,0.766000,54.81846632,34.47970553,0.00000000,544.84708418,0.00000000,0.00000000,78.66539600,89.29817185,84.63532017,1492.48104146,30142.39079988,7912.94957600
5,537,0.456000,0.751000,83.04724465,6.25092720,0.00000000,561.73134313,0.00000000,0.00000000,78.66539600,89.29817185,84.63532017,1492.48104146,30238.23624117,7912.94957600
5,538,0.566000,0.648000,89.46248128,0.00000000,13.61808993,490.08323725,0.00000000,0.00000000,78.66539600,89.46248128,84.63531998,1492.48099468,30238.23624117,8455.98297267
5,539,0.628000,0.540000,107.32720193,0.00000000,7.04488062,408.40269771,0.00000000,0.00000000,94.69756566,107.32720193,101.68074366,1745.79450000,30238.23624096,9891.18697000
5,540,0.643000,0.460000,107.32720193,0.00000000,9.77669788,347.89859434,0.00000000,0.00000000,94.69756566,107.32720193,101.68074366,1745.79450000,30238.23624076,9891.18697000
5,541,0.612000,0.407000,107.32720193,0.00000000,4.13094221,307.81462586,0.00000000,0.00000000,94.69756566,107.32720193,101.68074366,1745.79450000,30238.23624055,9891.18697000
5,542,0.513000,0.396000,44.07720969,0.00000000,49.35094055,299.49531165,0.00000000,0.00000000,36.84682300,44.07720969,39.91750131,767.66957627,29260.11131662,9891.18697000
5,543,0.351000,0.429000,63.92452384,43.40267808,0.00000000,281.05057621,0.00000000,0.00000000,94.69756566,107.32720193,101.68074366,1745.79450000,29260.11131641,9891.18697000
5,544,0.223000,0.505000,40.61301657,48.68515502,0.00000000,333.24699747,0.00000000,0.00000000,78.66539600,89.29817159,84.63531998,1492.48099468,29355.95671092,7912.94957600
5,545,0.079000,0.609000,0.00000000,89.89674172,14.38757089,370.69074514,0.00000000,0.00000000,78.66539600,89.89674172,84.63531998,1492.48099468,29102.64320539,9891.18697000
5,546,0.000000,0.687000,0.00000000,107.32720193,0.00000000,412.25178571,0.00000000,0.00000000,94.69756566,107.32720193,101.68074366,1745.79450000,29102.64320519,9891.18697000
5,547,0.000000,0.706000,0.00000000,106.86360848,0.00000000,427.08510370,0.00000000,0.00000000,94.69756566,106.86360848,101.68074366,1745.79450000,29373.06728769,8359.03919265
5,548,0.000000,0.699000,0.00000000,107.32720193,0.00000000,421.32740122,0.00000000,0.00000000,94.69756566,107.32720193,101.68074366,1745.79450000,29373.06728748,9891.18697000
5,549,0.000000,0.699000,0.00000000,106.72863180,0.00000000,421.92597134,0.00000000,0.00000000,94.69756566,106.72863180,101.68074366,1745.79450000,29722.22618732,7912.94957600
5,550,0.000000,0.682000,0.00000000,107.32720193,0.00000000,408.47027925,0.00000000,0.00000000,94.69756566,107.32720193,101.68074366,1745.79450000,29722.22618711,9891.18697000
5,551,0.000000,0.666000,0.00000000,107.32720193,0.00000000,396.36945858,0.00000000,0.00000000,94.69756566,107.32720193,101.68074366,1745.79450000,29722.22618691,9891.18697000
5,552,0.000000,0.646000,0.00000000,106.72863180,0.00000000,381.84200286,0.00000000,0.00000000,94.69756566,106.72863180,101.68074366,1745.79450000,30071.38508674,7912.94957600
5,553,0.000000,0.615000,0.00000000,107.32720193,0.00000000,357.79809268,0.00000000,0.00000000,94.69756566,107.32720193,101.68074366,1745.79450000,30071.38508654,9891.18697000
5,554,0.000000,0.578000,0.00000000,89.89674197,0.00000000,347.24540483,0.00000000,0.00000000,78.66539600,89.89674197,84.63532017,1492.48104146,29818.07162779,9891.18697000
5,555,0.000000,0.537000,0.00000000,107.32720193,0.00000000,298.80659190,0.00000000,0.00000000,94.69756566,107.32720193,101.68074366,1745.79450000,29818.07162758,9891.18697000
5,556,0.000000,0.497000,0.00000000,105.01941400,0.00000000,270.86232815,0.00000000,0.00000000,93.12546315,105.01941400,100.00928224,1720.95477266,30142.39080008,7912.94957600
5,557,0.000000,0.450000,0.00000000,107.32720193,0.00000000,233.00837950,0.00000000,0.00000000,94.69756566,107.32720193,101.68074366,1745.79450000,30142.39079988,9891.18697000
5,558,0.000000,0.374000,0.00000000,89.29817185,0.00000000,193.55851138,0.00000000,0.00000000,78.66539600,89.29817185,84.63532017,1492.48104146,30238.23624117,7912.94957600
5,559,0.114000,0.516000,20.76181116,69.13493081,0.00000000,321.11653589,0.00000000,0.00000000,78.66539600,89.89674197,84.63532017,1492.48104146,29984.92278242,9891.18697000
5,560,0.305000,0.759000,55.54695092,51.78025101,0.00000000,522.25242966,0.00000000,0.00000000,94.69756566,107.32720193,101.68074366,1745.79450000,29984.92278221,9891.18697000
5,561,0.463000,0.765000,84.32209271,15.81142911,0.00000000,562.75905930,0.00000000,0.00000000,88.63152251,100.13352182,95.23131875,1649.94905912,30238.23624117,7912.94957600
5,562,0.574000,0.697000,104.53754042,2.78966151,0.00000000,524.35233905,0.00000000,0.00000000,94.69756566,107.32720193,101.68074366,1745.79450000,30238.23624096,9891.18697000
5,563,0.637000,0.618000,107.32720193,0.00000000,8.68397098,467.39419849,0.00000000,0.00000000,94.69756566,107.32720193,101.68074366,1745.79450000,30238.23624076,9891.18697000
5,564,0.655000,0.541000,107.32720193,0.00000000,11.96215169,409.15899900,0.00000000,0.00000000,94.69756566,107.32720193,101.68074366,1745.79450000,30238.23624055,9891.18697000
5,565,0.629000,0.484000,107.32720193,0.00000000,7.22700177,366.04982535,0.00000000,0.00000000,94.69756566,107.32720193,101.68074366,1745.79450000,30238.23624035,9891.18697000
5,566,0.559000,0.449000,101.80572316,5.52147877,0.00000000,334.05780136,0.00000000,0.00000000,94.69756566,107.32720193,101.68074366,1745.79450000,30238.23624014,9891.18697000
5,567,0.442000,0.446000,80.49754854,9.39919343,0.00000000,327.91118282,0.00000000,0.00000000,78.66539600,89.89674197,84.63532017,1492.48104146,29984.92278139,9891.18697000
5,568,0.269000,0.478000,48.99058950,58.33661243,0.00000000,303.17540517,0.00000000,0.00000000,94.69756566,107.32720193,101.68074366,1745.79450000,29984.92278119,9891.18697000
5,569,0.085000,0.538000,2.99285063,0.00000000,12.48744717,406.89009512,0.00000000,0.00000000,0.00000000,2.99285063,0.00000000,0.00000000,28239.12828098,9891.18697000
5,570,0.000000,0.623000,0.00000000,106.72863180,0.00000000,364.44707314,0.00000000,0.00000000,94.69756566,106.72863180,101.68074366,1745.79450000,28588.28718082,7912.94957600
5,571,0.000000,0.711000,0.00000000,106.72863180,0.00000000,431.00158685,0.00000000,0.00000000,94.69756566,106.72863180,101.68074366,1745.79450000,28937.44608065,7912.94957600
5,572,0.000000,0.745000,0.00000000,107.32720193,0.00000000,456.11726065,0.00000000,0.00000000,94.69756566,107.32720193,101.68074366,1745.79450000,28937.44608045,9891.18697000
5,573,0.000000,0.802000,0.00000000,107.32720193,0.00000000,499.22643430,0.00000000,0.00000000,94.69756566,107.32720193,101.68074366,1745.79450000,28937.44608024,9891.18697000
5,574,0.000000,0.788000,0.00000000,106.78730074,0.00000000,489.17811739,0.00000000,0.00000000,94.69756566,106.78730074,101.68074366,1745.79450000,29252.38211803,8106.84681142
5,575,0.000000,0.750000,0.00000000,89.89674197,0.00000000,477.32922706,0.00000000,0.00000000,78.66539600,89.89674197,84.63532017,1492.48104146,28999.06865928,9891.18697000
5,576,0.000000,0.700000,0.00000000,89.29817185,0.00000000,440.11273258,0.00000000,0.00000000,78.66539600,89.29817185,84.63532017,1492.48104146,29094.91410057,7912.94957600
5,577,0.000000,0.648000,0.00000000,106.72863180,0.00000000,383.35460545,0.00000000,0.00000000,94.69756566,106.72863180,101.68074366,1745.79450000,29444.07300041,7912.94957600
5,578,0.000000,0.594000,0.00000000,106.72863180,0.00000000,342.51433568,0.00000000,0.00000000,94.69756566,106.72863180,101.68074366,1745.79450000,29793.23190024,7912.94957600
5,579,0.000000,0.543000,0.00000000,107.32720193,0.00000000,303.34439966,0.00000000,0.00000000,94.69756566,107.32720193,101.68074366,1745.79450000,29793.23190004,9891.18697000
5,580,0.000000,0.516000,0.00000000,106.72863180,0.00000000,283.52283490,0.00000000,0.00000000,94.69756566,106.72863180,101.68074366,1745.79450000,30142.39079988,7912.94957600
5,581,0.000000,0.502000,0.00000000,89.29817185,0.00000000,290.36507676,0.00000000,0.00000000,78.66539600,89.29817185,84.63532017,1492.48104146,30238.23624117,7912.94957600
5,582,0.000000,0.491000,0.00000000,89.46248162,0.00000000,281.88145278,0.00000000,0.00000000,78.66539600,89.46248162,84.63532017,1492.48104146,30238.23624117,8455.98323771
5,583,0.117000,0.594000,21.30817461,86.01902731,0.00000000,363.22394016,0.00000000,0.00000000,94.69756566,107.32720193,101.68074366,1745.79450000,30238.23624096,9891.18697000
5,584,0.309000,0.766000,56.27543552,33.62130645,0.00000000,545.70548325,0.00000000,0.00000000,78.66539600,89.89674197,84.63532017,1492.48104146,29984.92278221,9891.18697000
5,585,0.467000,0.734000,85.05057731,22.27662462,0.00000000,532.84852374,0.00000000,0.00000000,94.69756566,107.32720193,101.68074366,1745.79450000,29984.92278201,9891.18697000
5,586,0.578000,0.639000,89.29817185,0.00000000,15.96785317,483.27652562,0.00000000,0.00000000,78.66539600,89.29817185,84.63532017,1492.48104146,30080.76822330,7912.94957600
5,587,0.640000,0.532000,98.33140603,0.00000000,18.22613032,402.35228737,0.00000000,0.00000000,86.42342221,98.33140603,92.88366366,1615.06036122,29950.03408432,9891.18697000
5,588,0.658000,0.441000,107.32720193,0.00000000,12.50851514,333.52886979,0.00000000,0.00000000,94.69756566,107.32720193,101.68074366,1745.79450000,29950.03408411,9891.18697000
5,589,0.632000,0.380000,107.32720193,0.00000000,7.77336522,287.39449098,0.00000000,0.00000000,94.69756566,107.32720193,101.68074366,1745.79450000,29950.03408391,9891.18697000
5,590,0.563000,0.361000,102.53420776,0.00000000,0.00000000,273.02476643,0.00000000,0.00000000,90.83962284,102.53420776,97.57897387,1684.83775742,30238.23624117,7912.94957600
5,591,0.448000,0.380000,81.59027545,25.73692648,0.00000000,261.65756450,0.00000000,0.00000000,94.69756566,107.32720193,101.68074366,1745.79450000,30238.23624096,9891.18697000
5,592,0.288000,0.439000,52.45089136,54.87631057,0.00000000,277.13995664,0.00000000,0.00000000,94.69756566,107.32720193,101.68074366,1745.79450000,30238.23624076,9891.18697000
5,593,0.096000,0.536000,17.48363045,89.84357147,0.00000000,315.53392106,0.00000000,0.00000000,94.69756566,107.32720193,101.68074366,1745.79450000,30238.23624055,9891.18697000
5,594,0.000000,0.651000,0.00000000,100.73209199,0.00000000,391.62004914,0.00000000,0.00000000,88.63152255,100.73209199,95.23131879,1649.94905973,30142.39080008,9891.18697000
5,595,0.000000,0.712000,0.00000000,89.89674197,0.00000000,448.58977796,0.00000000,0.00000000,78.66539600,89.89674197,84.63532017,1492.48104146,29889.07734133,9891.18697000
5,596,0.000000,0.736000,0.00000000,106.72863180,0.00000000,449.90911915,0.00000000,0.00000000,94.69756566,106.72863180,101.68074366,1745.79450000,30238.23624117,7912.94957600
5,597,0.000000,0.791000,0.00000000,100.73209194,0.00000000,497.50223007,0.00000000,0.00000000,88.63152251,100.73209194,95.23131875,1649.94905912,30142.39080008,9891.18697000
5,598,0.000000,0.766000,0.00000000,107.32720193,0.00000000,471.99958778,0.00000000,0.00000000,94.69756566,107.32720193,101.68074366,1745.79450000,30142.39079988,9891.18697000
5,599,0.000000,0.720000,0.00000000,89.29817185,0.00000000,455.23875843,0.00000000,0.00000000,78.66539600,89.29817185,84.63532017,1492.48104146,30238.23624117,7912.94957600
5,600,0.000000,0.663000,0.00000000,107.32720193,0.00000000,394.10055470,0.00000000,0.00000000,94.69756566,107.32720193,101.68074366,1745.79450000,30238.23624117,9891.18696884
5,601,0.000000,0.586000,0.00000000,100.73209193,0.00000000,342.46046521,0.00000000,0.00000000,88.63152250,100.73209193,95.23131874,1649.94905891,30142.39079988,9891.18697000
5,602,0.000000,0.505000,0.00000000,89.29817185,0.00000000,292.63398063,0.00000000,0.00000000,78.66539600,89.29817185,84.63532017,1492.48104146,30238.23624117,7912.94957600
5,603,0.000000,0.434000,0.00000000,100.73209193,0.00000000,227.50266882,0.00000000,0.00000000,88.63152250,100.73209193,95.23131874,1649.94905891,30142.39079988,9891.18697000
5,604,0.000000,0.382000,0.00000000,89.29817185,0.00000000,199.60892171,0.00000000,0.00000000,78.66539600,89.29817185,84.63532017,1492.48104146,30238.23624117,7912.94957600
5,605,0.000000,0.354000,0.00000000,107.32720193,0.00000000,160.40345546,0.00000000,0.00000000,94.69756566,107.32720193,101.68074366,1745.79450000,30238.23624096,9891.18697000
5,606,0.000000,0.319000,0.00000000,107.32720193,0.00000000,133.93291024,0.00000000,0.00000000,94.69756566,107.32720193,101.68074366,1745.79450000,30238.23624076,9891.18697000
5,607,0.118000,0.417000,21.49029577,68.40644621,0.00000000,246.97119257,0.00000000,0.00000000,78.66539600,89.89674197,84.63532017,1492.48104146,29984.92278201,9891.18697000
5,608,0.310000,0.710000,56.45755667,50.86964525,0.00000000,486.10427210,0.00000000,0.00000000,94.69756566,107.32720193,101.68074366,1745.79450000,29984.92278180,9891.18697000
5,609,0.468000,0.724000,85.23269846,14.90082339,0.00000000,532.66131205,0.00000000,0.00000000,88.63152254,100.13352185,95.23131878,1649.94905953,30238.23624117,7912.94957600
5,610,0.578000,0.654000,105.26602502,2.06117694,0.00000000,492.55986806,0.00000000,0.00000000,94.69756569,107.32720195,101.68074369,1745.79450041,30238.23624137,9891.18697000
5,611,0.640000,0.583000,107.32720193,0.00000000,9.23033443,440.92365326,0.00000000,0.00000000,94.69756566,107.32720193,101.68074366,1745.79450000,30238.23624117,9891.18697000
5,612,0.657000,0.519000,107.32720193,0.00000000,12.32639399,392.52037057,0.00000000,0.00000000,94.69756566,107.32720193,101.68074366,1745.79450000,30238.23624096,9891.18697000
5,613,0.631000,0.468000,107.32720193,0.00000000,7.59124407,353.94900468,0.00000000,0.00000000,94.69756566,107.32720193,101.68074366,1745.79450000,30238.23624076,9891.18697000
5,614,0.555000,0.464000,89.46248162,0.00000000,11.61475694,350.92379951,0.00000000,0.00000000,78.66539600,89.46248162,84.63532017,1492.48104146,30238.23624117,8455.98323539
5,615,0.432000,0.492000,78.67633704,28.65086489,0.00000000,343.44937080,0.00000000,0.00000000,94.69756566,107.32720193,101.68074366,1745.79450000,30238.23624096,9891.18697000
5,616,0.262000,0.554000,47.71574144,46.42124053,0.00000000,372.56967526,0.00000000,0.00000000,82.56547938,94.13698198,88.78189385,1554.10361844,30046.54535920,9891.18697000
5,617,0.084000,0.635000,15.29817665,74.59856533,0.00000000,405.65275512,0.00000000,0.00000000,78.66539600,89.89674197,84.63532017,1492.48104146,29793.23190045,9891.18697000
5,618,0.000000,0.691000,0.00000000,107.32720193,0.00000000,415.27699088,0.00000000,0.00000000,94.69756566,107.32720193,101.68074366,1745.79450000,29793.23190024,9891.18697000
5,619,0.000000,0.682000,0.00000000,107.32720193,0.00000000,408.47027925,0.00000000,0.00000000,94.69756566,107.32720193,101.68074366,1745.79450000,29793.23190004,9891.18697000
5,620,0.000000,0.648000,0.00000000,106.72863180,0.00000000,383.35460545,0.00000000,0.00000000,94.69756566,106.72863180,101.68074366,1745.79450000,30142.39079988,7912.94957600
5,621,0.000000,0.722000,0.00000000,89.29817185,0.00000000,456.75136101,0.00000000,0.00000000,78.66539600,89.29817185,84.63532017,1492.48104146,30238.23624117,7912.94957600
5,622,0.000000,0.697000,0.00000000,100.73209197,0.00000000,426.40990858,0.00000000,0.00000000,88.63152254,100.73209197,95.23131878,1649.94905953,30142.39080049,9891.18697000
5,623,0.000000,0.622000,0.00000000,107.32720193,0.00000000,363.09220173,0.00000000,0.00000000,94.69756566,107.32720193,101.68074366,1745.79450000,30142.39080029,9891.18697000
5,624,0.000000,0.560000,0.00000000,107.32720193,0.00000000,316.20152162,0.00000000,0.00000000,94.69756566,107.32720193,101.68074366,1745.79450000,30142.39080008,9891.18697000
5,625,0.000000,0.492000,0.00000000,107.32720193,0.00000000,264.77303376,0.00000000,0.00000000,94.69756566,107.32720193,101.68074366,1745.79450000,30142.39079988,9891.18697000
5,626,0.000000,0.413000,0.00000000,89.29817185,0.00000000,223.05426177,0.00000000,0.00000000,78.66539600,89.29817185,84.63532017,1492.48104146,30238.23624117,7912.94957600
5,627,0.000000,0.382000,0.00000000,89.89674197,0.00000000,199.01035159,0.00000000,0.00000000,78.66539600,89.89674197,84.63532017,1492.48104146,29984.92278242,9891.18697000
5,628,0.000000,0.363000,0.00000000,107.32720193,0.00000000,167.21016709,0.00000000,0.00000000,94.69756566,107.32720193,101.68074366,1745.79450000,29984.92278221,9891.18697000
5,629,0.000000,0.359000,0.00000000,89.29817185,0.00000000,182.21399200,0.00000000,0.00000000,78.66539600,89.29817185,84.63532017,1492.48104146,30080.76822350,7912.94957600
5,630,0.000000,0.397000,0.00000000,107.32720193,0.00000000,192.92441102,0.00000000,0.00000000,94.69756566,107.32720193,101.68074366,1745.79450000,30080.76822330,9891.18697000
5,631,0.101000,0.379000,18.39423621,70.90393564,0.00000000,215.73425404,0.00000000,0.00000000,78.66539600,89.29817185,84.63532017,1492.48104146,30176.61366459,7912.94957600
5,632,0.260000,0.525000,47.35149914,42.54524257,0.00000000,354.51293575,0.00000000,0.00000000,78.66539600,89.89674172,84.63531998,1492.48099468,29923.30015906,9891.18697000
5,633,0.408000,0.625000,74.30542942,33.02177250,0.00000000,439.66653503,0.00000000,0.00000000,94.69756566,107.32720193,101.68074366,1745.79450000,29923.30015886,9891.18697000
5,634,0.534000,0.622000,89.29817185,0.00000000,7.95452255,470.41940365,0.00000000,0.00000000,78.66539600,89.29817185,84.63532017,1492.48104146,30019.14560015,7912.94957600
5,635,0.625000,0.585000,97.77865500,0.00000000,16.04706409,442.43625585,0.00000000,0.00000000,86.46556565,97.77865500,92.92847062,1615.72624118,30238.23624117,7912.94957600
5,636,0.643000,0.532000,89.46248162,0.00000000,27.64141819,402.35228737,0.00000000,0.00000000,78.66539600,89.46248162,84.63532017,1492.48104146,30238.23624117,8455.98323771
5,637,0.612000,0.464000,107.32720194,0.00000000,4.13094220,350.92379951,0.00000000,0.00000000,94.69756567,107.32720194,101.68074367,1745.79450020,30238.23624117,9891.18697000
5,638,0.543000,0.419000,98.89178475,8.43541719,0.00000000,308.45482418,0.00000000,0.00000000,94.69756567,107.32720194,101.68074367,1745.79450020,30238.23624117,9891.18697000
5,639,0.407000,0.435000,74.12330827,33.20389365,0.00000000,295.78716839,0.00000000,0.00000000,94.69756566,107.32720193,101.68074366,1745.79450000,30238.23624096,9891.18697000
5,640,0.259000,0.501000,47.16937799,60.15782396,0.00000000,318.74912335,0.00000000,0.00000000,94.69756569,107.32720195,101.68074369,1745.79450041,30238.23624117,9891.18697000
5,641,0.086000,0.593000,15.66241895,73.80006267,0.00000000,374.68660351,0.00000000,0.00000000,78.66539600,89.46248162,84.63532017,1492.48104146,30238.23624117,8455.98323771
5,642,0.000000,0.663000,0.00000000,100.73209193,0.00000000,400.69566470,0.00000000,0.00000000,88.63152250,100.73209193,95.23131874,1649.94905891,30142.39079988,9891.18697000
5,643,0.000000,0.717000,0.00000000,89.29817185,0.00000000,452.96985455,0.00000000,0.00000000,78.66539600,89.29817185,84.63532017,1492.48104146,30238.23624117,7912.94957600
5,644,0.000000,0.733000,0.00000000,100.73209193,0.00000000,453.63675514,0.00000000,0.00000000,88.63152250,100.73209193,95.23131874,1649.94905891,30142.39079988,9891.18697000
5,645,0.000000,0.722000,0.00000000,89.29817185,0.00000000,456.75136101,0.00000000,0.00000000,78.66539600,89.29817185,84.63532017,1492.48104146,30238.23624117,7912.94957600
5,646,0.000000,0.666000,0.00000000,89.89674197,0.00000000,413.79991853,0.00000000,0.00000000,78.66539600,89.89674197,84.63532017,1492.48104146,29984.92278242,9891.18697000
5,647,0.000000,0.620000,0.00000000,100.13352181,0.00000000,368.77327926,0.00000000,0.00000000,88.63152250,100.13352181,95.23131874,1649.94905891,30238.23624117,7912.94957600
5,648,0.000000,0.584000,0.00000000,107.32720193,0.00000000,334.35275263,0.00000000,0.00000000,94.69756566,107.32720193,101.68074366,1745.79450000,30238.23624096,9891.18697000
5,649,0.000000,0.527000,0.00000000,107.32720192,0.00000000,291.24357898,0.00000000,0.00000000,94.69756566,107.32720192,101.68074366,1745.79450000,30238.23624137,9891.18696652
5,650,0.000000,0.469000,0.00000000,107.32720193,0.00000000,247.37810404,0.00000000,0.00000000,94.69756566,107.32720193,101.68074366,1745.79450000,30238.23624117,9891.18697000
5,651,0.000000,0.420000,0.00000000,100.73209196,0.00000000,216.91445070,0.00000000,0.00000000,88.63152253,100.73209196,95.23131876,1649.94905932,30142.39080029,9891.18697000
5,652,0.000000,0.366000,0.00000000,107.32720193,0.00000000,169.47907096,0.00000000,0.00000000,94.69756566,107.32720193,101.68074366,1745.79450000,30142.39080008,9891.18697000
5,653,0.000000,0.322000,0.00000000,89.89674197,0.00000000,153.63227407,0.00000000,0.00000000,78.66539600,89.89674197,84.63532017,1492.48104146,29889.07734133,9891.18697000
5,654,0.000000,0.296000,0.00000000,106.72863180,0.00000000,117.13655065,0.00000000,0.00000000,94.69756566,106.72863180,101.68074366,1745.79450000,30238.23624117,7912.94957600
5,655,0.116000,0.402000,21.12605346,86.20114848,0.00000000,217.83197093,0.00000000,0.00000000,94.69756567,107.32720194,101.68074367,1745.79450020,30238.23624117,9891.18697000
5,656,0.306000,0.680000,55.72907207,51.59812986,0.00000000,462.68674874,0.00000000,0.00000000,94.69756566,107.32720193,101.68074366,1745.79450000,30238.23624096,9891.18697000
5,657,0.464000,0.705000,84.50421386,22.82298807,0.00000000,510.36942282,0.00000000,0.00000000,94.69756566,107.32720193,101.68074366,1745.79450000,30238.23624076,9891.18697000
5,658,0.571000,0.657000,103.99117696,3.33602496,0.00000000,493.55392391,0.00000000,0.00000000,94.69756566,107.32720193,101.68074366,1745.79450000,30238.23624055,9891.18697000
5,659,0.635000,0.601000,107.32720193,0.00000000,8.31972867,454.53707652,0.00000000,0.00000000,94.69756566,107.32720193,101.68074366,1745.79450000,30238.23624035,9891.18697000
5,660,0.654000,0.539000,107.32720193,0.00000000,11.78003053,407.64639641,0.00000000,0.00000000,94.69756566,107.32720193,101.68074366,1745.79450000,30238.23624014,9891.18697000
5,661,0.627000,0.512000,100.73209202,0.00000000,13.45786938,387.22626153,0.00000000,0.00000000,88.63152258,100.73209202,95.23131882,1649.94906014,30142.39080008,9891.18697000
5,662,0.556000,0.503000,101.25935971,6.06784222,0.00000000,374.35170768,0.00000000,0.00000000,94.69756566,107.32720193,101.68074366,1745.79450000,30142.39079988,9891.18697000
5,663,0.429000,0.519000,78.12997359,11.16819826,0.00000000,381.35217231,0.00000000,0.00000000,78.66539600,89.29817185,84.63532017,1492.48104146,30238.23624117,7912.94957600
5,664,0.267000,0.561000,48.62634720,41.27039452,0.00000000,383.01463032,0.00000000,0.00000000,78.66539600,89.89674172,84.63531998,1492.48099468,29984.92273564,9891.18697000
5,665,0.092000,0.627000,16.75514585,83.37837917,0.00000000,390.82253094,0.00000000,0.00000000,88.63152546,100.13352502,95.23132188,1649.94910569,30238.23624117,7912.94957600
5,666,0.000000,0.676000,0.00000000,100.73209194,0.00000000,410.52758148,0.00000000,0.00000000,88.63152251,100.73209194,95.23131875,1649.94905912,30142.39080008,9891.18697000
5,667,0.000000,0.677000,0.00000000,107.32720193,0.00000000,404.68877279,0.00000000,0.00000000,94.69756566,107.32720193,101.68074366,1745.79450000,30142.39079988,9891.18697000
5,668,0.000000,0.658000,0.00000000,89.29817185,0.00000000,408.34807832,0.00000000,0.00000000,78.66539600,89.29817185,84.63532017,1492.48104146,30238.23624117,7912.94957600
5,669,0.000000,0.769000,0.00000000,107.32720193,0.00000000,474.26849166,0.00000000,0.00000000,94.69756566,107.32720193,101.68074366,1745.79450000,30238.23624096,9891.18697000
5,670,0.000000,0.761000,0.00000000,107.32720193,0.00000000,468.21808132,0.00000000,0.00000000,94.69756566,107.32720193,101.68074366,1745.79450000,30238.23624076,9891.18697000
5,671,0.000000,0.717000,0.00000000,89.46248162,0.00000000,452.80554478,0.00000000,0.00000000,78.66539600,89.46248162,84.63532017,1492.48104146,30238.23624137,8455.98323423
5,672,0.000000,0.672000,0.00000000,107.32720193,0.00000000,400.90726633,0.00000000,0.00000000,94.69756566,107.32720193,101.68074366,1745.79450000,30238.23624117,9891.18697000
5,673,0.000000,0.613000,0.00000000,107.32720193,0.00000000,356.28549010,0.00000000,0.00000000,94.69756566,107.32720193,101.68074366,1745.79450000,30238.23624096,9891.18697000
5,674,0.000000,0.525000,0.00000000,89.46248162,0.00000000,307.59569671,0.00000000,0.00000000,78.66539600,89.46248162,84.63532017,1492.48104146,30238.23624137,8455.98323539
5,675,0.000000,0.459000,0.00000000,107.32720193,0.00000000,239.81509112,0.00000000,0.00000000,94.69756566,107.32720193,101.68074366,1745.79450000,30238.23624117,9891.18697000
5,676,0.000000,0.384000,0.00000000,107.32720193,0.00000000,183.09249422,0.00000000,0.00000000,94.69756566,107.32720193,101.68074366,1745.79450000,30238.23624096,9891.18697000
5,677,0.000000,0.350000,0.00000000,107.32720193,0.00000000,157.37825029,0.00000000,0.00000000,94.69756566,107.32720193,101.68074366,1745.79450000,30238.23624076,9891.18697000
5,678,0.000000,0.320000,0.00000000,107.32720197,0.00000000,134.68921149,0.00000000,0.00000000,94.69756570,107.32720197,101.68074370,1745.79450061,30238.23624117,9891.18697000
5,679,0.119000,0.418000,21.67241692,72.56371701,0.00000000,243.57022306,0.00000000,0.00000000,82.65667725,94.23613393,88.87885555,1555.54457435,30047.98631531,9891.18697000
5,680,0.312000,0.631000,30.97213435,0.00000000,25.84966462,477.22611528,0.00000000,0.00000000,25.00174700,30.97213435,27.15938231,539.40882693,28841.60064203,9891.18697000
5,681,0.472000,0.550000,85.96118306,20.76744874,0.00000000,395.19826189,0.00000000,0.00000000,94.69756566,106.72863180,101.68074366,1745.79450000,29190.75954186,7912.94957600
5,682,0.585000,0.391000,106.54087307,0.18775873,0.00000000,295.52604646,0.00000000,0.00000000,94.69756566,106.72863180,101.68074366,1745.79450000,29539.91844170,7912.94957600
5,683,0.648000,0.262000,107.32720193,0.00000000,10.68730363,198.15093852,0.00000000,0.00000000,94.69756566,107.32720193,101.68074366,1745.79450000,29539.91844149,9891.18697000
5,684,0.666000,0.175000,106.72863180,0.00000000,14.56405447,132.35272611,0.00000000,0.00000000,94.69756566,106.72863180,101.68074366,1745.79450000,29889.07734133,7912.94957600
5,685,0.640000,0.138000,106.72863180,0.00000000,9.82890455,104.36957830,0.00000000,0.00000000,94.69756566,106.72863180,101.68074366,1745.79450000,30238.23624117,7912.94957600
5,686,0.570000,0.131000,89.89674197,0.00000000,13.91231384,99.07546926,0.00000000,0.00000000,78.66539600,89.89674197,84.63532017,1492.48104146,29984.92278242,9891.18697000
5,687,0.455000,0.138000,82.86512350,24.46207842,0.00000000,79.90749988,0.00000000,0.00000000,94.69756566,107.32720193,101.68074366,1745.79450000,29984.92278221,9891.18697000
5,688,0.295000,0.177000,53.72573941,53.60146251,0.00000000,80.26386618,0.00000000,0.00000000,94.69756566,107.32720193,101.68074366,1745.79450000,29984.92278201,9891.18697000
5,689,0.108000,0.263000,19.66908426,87.65811767,0.00000000,111.24912214,0.00000000,0.00000000,94.69756566,107.32720193,101.68074366,1745.79450000,29984.92278180,9891.18697000
5,690,0.000000,0.470000,0.00000000,100.13352185,0.00000000,255.32808541,0.00000000,0.00000000,88.63152254,100.13352185,95.23131878,1649.94905953,30238.23624117,7912.94957600
5,691,0.000000,0.633000,0.00000000,89.89674197,0.00000000,388.84197589,0.00000000,0.00000000,78.66539600,89.89674197,84.63532017,1492.48104146,29984.92278242,9891.18697000
5,692,0.000000,0.606000,0.00000000,89.89674197,0.00000000,368.42184101,0.00000000,0.00000000,78.66539600,89.89674197,84.63532017,1492.48104146,29731.60932367,9891.18697000
5,693,0.000000,0.538000,0.00000000,89.89674197,0.00000000,316.99335315,0.00000000,0.00000000,78.66539600,89.89674197,84.63532017,1492.48104146,29478.29586492,9891.18697000
5,694,0.000000,0.510000,0.00000000,89.89674197,0.00000000,295.81691697,0.00000000,0.00000000,78.66539600,89.89674197,84.63532017,1492.48104146,29224.98240617,9891.18697000
5,695,0.000000,0.491000,0.00000000,89.89265979,0.00000000,281.45127461,0.00000000,0.00000000,78.66539600,89.89265979,84.63532017,1492.48104146,28974.05017565,9877.69559193
5,696,0.000000,0.439000,0.00000000,89.89674197,0.00000000,242.11952523,0.00000000,0.00000000,78.66539600,89.89674197,84.63532017,1492.48104146,28720.73671690,9891.18697000
5,697,0.000000,0.414000,0.00000000,89.89674197,0.00000000,223.21199293,0.00000000,0.00000000,78.66539600,89.89674197,84.63532017,1492.48104146,28467.42325815,9891.18697000
5,698,0.000000,0.391000,0.00000000,89.89674197,0.00000000,205.81706322,0.00000000,0.00000000,78.66539600,89.89674197,84.63532017,1492.48104146,28214.10979940,9891.18697000
5,699,0.000000,0.374000,0.00000000,30.97213678,0.00000000,251.88454645,0.00000000,0.00000000,25.00174700,30.97213678,27.15938407,539.40926699,27007.72456619,9891.18697000
5,700,0.000000,0.354000,0.00000000,89.89674197,0.00000000,177.83391541,0.00000000,0.00000000,78.66539600,89.89674197,84.63532017,1492.48104146,26754.41110744,9891.18697000
5,701,0.000000,0.332000,0.00000000,89.89674197,0.00000000,161.19528699,0.00000000,0.00000000,78.66539600,89.89674197,84.63532017,1492.48104146,26501.09764869,9891.18697000
5,702,0.000000,0.311000,0.00000000,89.89674197,0.00000000,145.31295985,0.00000000,0.00000000,78.66539600,89.89674197,84.63532017,1492.48104146,26247.78418994,9891.18697000
5,703,0.120000,0.332000,21.85453807,68.04220391,0.00000000,183.04982505,0.00000000,0.00000000,78.66539600,89.89674197,84.63532017,1492.48104146,25994.47073119,9891.18697000
5,704,0.313000,0.594000,57.00392012,32.89282185,0.00000000,416.35014562,0.00000000,0.00000000,78.66539600,89.89674197,84.63532017,1492.48104146,25741.15727245,9891.18697000
5,705,0.471000,0.632000,85.77906191,4.11768006,0.00000000,473.86473651,0.00000000,0.00000000,78.66539600,89.89674197,84.63532017,1492.48104146,25487.84381370,9891.18697000
5,706,0.580000,0.561000,89.89674197,0.00000000,15.73352535,424.28502484,0.00000000,0.00000000,78.66539600,89.89674197,84.63532017,1492.48104146,25234.53035495,9891.18697000
5,707,0.641000,0.478000,89.89674197,0.00000000,26.84291553,361.51201760,0.00000000,0.00000000,78.66539600,89.89674197,84.63532017,1492.48104146,24981.21689620,9891.18697000
5,708,0.659000,0.413000,89.89674197,0.00000000,30.12109624,312.35243362,0.00000000,0.00000000,78.66539600,89.89674197,84.63532017,1492.48104146,24727.90343745,9891.18697000
5,709,0.630000,0.380000,89.89674197,0.00000000,24.83958287,287.39449098,0.00000000,0.00000000,78.66539600,89.89674197,84.63532017,1492.48104146,24474.58997870,9891.18697000
5,710,0.559000,0.376000,89.89674197,0.00000000,11.90898118,284.36928581,0.00000000,0.00000000,78.66539600,89.89674197,84.63532017,1492.48104146,24221.27651995,9891.18697000
5,711,0.440000,0.401000,80.13330624,9.76343573,0.00000000,293.51338238,0.00000000,0.00000000,78.66539600,89.89674197,84.63532017,1492.48104146,23967.96306120,9891.18697000
5,712,0.281000,0.451000,51.17604330,38.72069867,0.00000000,302.37118404,0.00000000,0.00000000,78.66539600,89.89674197,84.63532017,1492.48104146,23714.64960245,9891.18697000
5,713,0.090000,0.522000,16.39090355,73.50583842,0.00000000,321.28343602,0.00000000,0.00000000,78.66539600,89.89674197,84.63532017,1492.48104146,23461.33614370,9891.18697000
5,714,0.000000,0.599000,0.00000000,89.89674197,0.00000000,363.12773196,0.00000000,0.00000000,78.66539600,89.89674197,84.63532017,1492.48104146,23208.02268495,9891.18697000
5,715,0.000000,0.682000,0.00000000,89.89674197,0.00000000,425.90073920,0.00000000,0.00000000,78.66539600,89.89674197,84.63532017,1492.48104146,22954.70922621,9891.18697000
5,716,0.000000,0.714000,0.00000000,58.26858255,0.00000000,481.73053997,0.00000000,0.00000000,49.73928100,58.26858255,53.75120196,1002.98023956,22211.89496556,9891.18697000
5,717,0.000000,0.685000,0.00000000,89.89674197,0.00000000,428.16964308,0.00000000,0.00000000,78.66539600,89.89674197,84.63532017,1492.48104146,21958.58150681,9891.18697000
5,718,0.000000,0.698000,0.00000000,89.89674197,0.00000000,438.00155987,0.00000000,0.00000000,78.66539600,89.89674197,84.63532017,1492.48104146,21705.26804806,9891.18697000
5,719,0.000000,0.713000,0.00000000,89.89674197,0.00000000,449.34607926,0.00000000,0.00000000,78.66539600,89.89674197,84.63532017,1492.48104146,21451.95458931,9891.18697000
5,720,0.000000,0.701000,0.00000000,89.89674197,0.00000000,440.27046375,0.00000000,0.00000000,78.66539600,89.89674197,84.63532017,1492.48104146,21198.64113056,9891.18697000
5,721,0.000000,0.678000,0.00000000,89.89674197,0.00000000,422.87553403,0.00000000,0.00000000,78.66539600,89.89674197,84.63532017,1492.48104146,20945.32767181,9891.18697000
5,722,0.000000,0.649000,0.00000000,89.89674197,0.00000000,400.94279656,0.00000000,0.00000000,78.66539600,89.89674197,84.63532017,1492.48104146,20692.01421306,9891.18697000
5,723,0.000000,0.622000,0.00000000,89.89674197,0.00000000,380.52266168,0.00000000,0.00000000,78.66539600,89.89674197,84.63532017,1492.48104146,20438.70075431,9891.18697000
5,724,0.000000,0.599000,0.00000000,89.89674197,0.00000000,363.12773196,0.00000000,0.00000000,78.66539600,89.89674197,84.63532017,1492.48104146,20185.38729556,9891.18697000
5,725,0.000000,0.565000,0.00000000,89.89674197,0.00000000,337.41348803,0.00000000,0.00000000,78.66539600,89.89674197,84.63532017,1492.48104146,19932.07383682,9891.18697000
5,726,0.000000,0.531000,0.00000000,89.89674197,0.00000000,311.69924410,0.00000000,0.00000000,78.66539600,89.89674197,84.63532017,1492.48104146,19678.76037807,9891.18697000
5,727,0.119000,0.632000,21.67241692,68.22432506,0.00000000,409.75809152,0.00000000,0.00000000,78.66539600,89.89674197,84.63532017,1492.48104146,19425.44691932,9891.18697000
5,728,0.314000,0.734000,57.18604127,32.71070070,0.00000000,522.41444766,0.00000000,0.00000000,78.66539600,89.89674197,84.63532017,1492.48104146,19172.13346057,9891.18697000
5,729,0.474000,0.711000,86.32542536,3.57131661,0.00000000,534.15890203,0.00000000,0.00000000,78.66539600,89.89674197,84.63532017,1492.48104146,18918.82000182,9891.18697000
5,730,0.585000,0.632000,89.89674197,0.00000000,16.64413110,477.98241657,0.00000000,0.00000000,78.66539600,89.89674197,84.63532017,1492.48104146,18665.50654307,9891.18697000
5,731,0.648000,0.533000,89.89674197,0.00000000,28.11776358,403.10858866,0.00000000,0.00000000,78.66539600,89.89674197,84.63532017,1492.48104146,18412.19308432,9891.18697000
5,732,0.665000,0.432000,89.89674197,0.00000000,31.21382314,326.72215816,0.00000000,0.00000000,78.66539600,89.89674197,84.63532017,1492.48104146,18158.87962557,9891.18697000
5,733,0.639000,0.346000,89.89674197,0.00000000,26.47867323,261.68024705,0.00000000,0.00000000,78.66539600,89.89674197,84.63532017,1492.48104146,17905.56616682,9891.18697000
5,734,0.569000,0.281000,89.89674197,0.00000000,13.73019269,212.52066307,0.00000000,0.00000000,78.66539600,89.89674197,84.63532017,1492.48104146,17652.25270807,9891.18697000
5,735,0.453000,0.255000,82.50088120,7.39586077,0.00000000,185.46096870,0.00000000,0.00000000,78.66539600,89.89674197,84.63532017,1492.48104146,17398.93924932,9891.18697000
5,736,0.294000,0.270000,53.54361826,36.35312371,0.00000000,167.84822514,0.00000000,0.00000000,78.66539600,89.89674197,84.63532017,1492.48104146,17145.62579058,9891.18697000
5,737,0.106000,0.328000,19.30484196,70.59190002,0.00000000,177.47492378,0.00000000,0.00000000,78.66539600,89.89674197,84.63532017,1492.48104146,16892.31233183,9891.18697000
5,738,0.000000,0.506000,0.00000000,89.89674197,0.00000000,292.79171180,0.00000000,0.00000000,78.66539600,89.89674197,84.63532017,1492.48104146,16638.99887308,9891.18697000
5,739,0.000000,0.649000,0.00000000,89.89674197,0.00000000,400.94279656,0.00000000,0.00000000,78.66539600,89.89674197,84.63532017,1492.48104146,16385.68541433,9891.18697000
5,740,0.000000,0.682000,0.00000000,89.89674197,0.00000000,425.90073920,0.00000000,0.00000000,78.66539600,89.89674197,84.63532017,1492.48104146,16132.37195558,9891.18697000
5,741,0.000000,0.664000,0.00000000,89.89674197,0.00000000,412.28731595,0.00000000,0.00000000,78.66539600,89.89674197,84.63532017,1492.48104146,15879.05849683,9891.18697000
5,742,0.000000,0.653000,0.00000000,89.89674197,0.00000000,403.96800173,0.00000000,0.00000000,78.66539600,89.89674197,84.63532017,1492.48104146,15625.74503808,9891.18697000
5,743,0.000000,0.590000,0.00000000,89.89674197,0.00000000,356.32102033,0.00000000,0.00000000,78.66539600,89.89674197,84.63532017,1492.48104146,15372.43157933,9891.18697000
5,744,0.000000,0.504000,0.00000000,89.89674197,0.00000000,291.27910922,0.00000000,0.00000000,78.66539600,89.89674197,84.63532017,1492.48104146,15119.11812058,9891.18697000
6,1,0.000000,0.756000,0.00000000,106.72863180,0.00000000,465.03514499,0.00000000,0.00000000,94.69756566,106.72863180,101.68074366,1745.79450000,15468.27702042,7912.94957600
6,2,0.000000,0.643000,0.00000000,106.72863180,0.00000000,379.57309899,0.00000000,0.00000000,94.69756566,106.72863180,101.68074366,1745.79450000,15817.43592026,7912.94957600
6,3,0.000000,0.583000,0.00000000,30.37356422,0.00000000,410.55008904,0.00000000,0.00000000,25.00174700,30.37356422,27.15938231,539.40882693,14960.20914702,7912.94957600
6,4,0.000000,0.521000,0.00000000,106.72863180,0.00000000,287.30434136,0.00000000,0.00000000,94.69756566,106.72863180,101.68074366,1745.79450000,15309.36804685,7912.94957600
6,5,0.000000,0.466000,0.00000000,43.47863956,0.00000000,308.95776253,0.00000000,0.00000000,36.84682300,43.47863956,39.91750131,767.66957627,14680.40202296,7912.94957600
6,6,0.000000,0.432000,0.00000000,106.72863180,0.00000000,219.99352636,0.00000000,0.00000000,94.69756566,106.72863180,101.68074366,1745.79450000,15029.56092279,7912.94957600
6,7,0.121000,0.479000,22.03665922,84.69197258,0.00000000,277.57634631,0.00000000,0.00000000,94.69756566,106.72863180,101.68074366,1745.79450000,15378.71982263,7912.94957600
6,8,0.315000,0.780000,57.36816242,49.36046938,0.00000000,540.55453842,0.00000000,0.00000000,94.69756566,106.72863180,101.68074366,1745.79450000,15727.87872247,7912.94957600
6,9,0.476000,0.814000,57.67001469,0.00000000,29.01965297,615.62925173,0.00000000,0.00000000,49.73928100,57.67001469,53.75120360,1002.98064984,15334.22377214,7912.94957600
6,10,0.588000,0.785000,106.72863180,0.00000000,0.35860472,593.69651426,0.00000000,0.00000000,94.69756566,106.72863180,101.68074366,1745.79450000,15683.38267197,7912.94957600
6,11,0.652000,0.750000,106.72863180,0.00000000,12.01435836,567.22596904,0.00000000,0.00000000,94.69756566,106.72863180,101.68074366,1745.79450000,16032.54157181,7912.94957600
6,12,0.670000,0.717000,2.39428050,0.00000000,119.62689037,542.26802640,0.00000000,0.00000000,0.00000000,2.39428050,0.00000000,0.00000000,14635.90597165,7912.94957600
6,13,0.644000,0.692000,106.72863180,0.00000000,10.55738915,523.36049410,0.00000000,0.00000000,94.69756566,106.72863180,101.68074366,1745.79450000,14985.06487148,7912.94957600
6,14,0.573000,0.678000,104.35541927,2.37321253,0.00000000,510.39906347,0.00000000,0.00000000,94.69756566,106.72863180,101.68074366,1745.79450000,15334.22377132,7912.94957600
6,15,0.457000,0.692000,83.22936580,23.49926600,0.00000000,499.86122810,0.00000000,0.00000000,94.69756566,106.72863180,101.68074366,1745.79450000,15683.38267115,7912.94957600
6,16,0.287000,0.729000,2.39428050,0.00000000,49.87448971,551.34364190,0.00000000,0.00000000,0.00000000,2.39428050,0.00000000,0.00000000,14286.74707099,7912.94957600
6,17,0.092000,0.776000,2.39428050,0.00000000,14.36086535,586.88980263,0.00000000,0.00000000,0.00000000,2.39428050,0.00000000,0.00000000,12890.11147083,7912.94957600
6,18,0.000000,0.808000,0.00000000,106.72863180,0.00000000,504.36281217,0.00000000,0.00000000,94.69756566,106.72863180,101.68074366,1745.79450000,13239.27037066,7912.94957600
6,19,0.000000,0.821000,0.00000000,106.72863180,0.00000000,514.19472897,0.00000000,0.00000000,94.69756566,106.72863180,101.68074366,1745.79450000,13588.42927050,7912.94957600
6,20,0.000000,0.835000,0.00000000,106.72863180,0.00000000,524.78294706,0.00000000,0.00000000,94.69756566,106.72863180,101.68074366,1745.79450000,13937.58817033,7912.94957600
6,21,0.000000,0.830000,0.00000000,106.72863180,0.00000000,521.00144060,0.00000000,0.00000000,94.69756566,106.72863180,101.68074366,1745.79450000,14286.74707017,7912.94957600
6,22,0.000000,0.816000,0.00000000,106.72863180,0.00000000,510.41322251,0.00000000,0.00000000,94.69756566,106.72863180,101.68074366,1745.79450000,14635.90597001,7912.94957600
6,23,0.000000,0.822000,0.00000000,106.72863180,0.00000000,514.95103026,0.00000000,0.00000000,94.69756566,106.72863180,101.68074366,1745.79450000,14985.06486984,7912.94957600
6,24,0.000000,0.801000,0.00000000,106.72863180,0.00000000,499.06870313,0.00000000,0.00000000,94.69756566,106.72863180,101.68074366,1745.79450000,15334.22376968,7912.94957600
6,25,0.000000,0.763000,0.00000000,106.72863180,0.00000000,470.32925403,0.00000000,0.00000000,94.69756566,106.72863180,101.68074366,1745.79450000,15683.38266951,7912.94957600
6,26,0.000000,0.715000,0.00000000,106.72863180,0.00000000,434.02679201,0.00000000,0.00000000,94.69756566,106.72863180,101.68074366,1745.79450000,16032.54156935,7912.94957600
6,27,0.000000,0.661000,0.00000000,106.72863180,0.00000000,393.18652224,0.00000000,0.00000000,94.69756566,106.72863180,101.68074366,1745.79450000,16381.70046919,7912.94957600
6,28,0.000000,0.582000,0.00000000,106.72863180,0.00000000,333.43872017,0.00000000,0.00000000,94.69756566,106.72863180,101.68074366,1745.79450000,16730.85936902,7912.94957600
6,29,0.000000,0.512000,0.00000000,57.67001469,0.00000000,329.55624684,0.00000000,0.00000000,49.73928100,57.67001469,53.75120360,1002.98064984,16337.20441869,7912.94957600
6,30,0.000000,0.480000,0.00000000,72.94337341,0.00000000,290.08124677,0.00000000,0.00000000,63.67817400,72.94337341,68.65710075,1244.73168631,16185.30050484,7912.94957600
6,31,0.120000,0.538000,0.00000000,57.67001469,21.85453807,349.22008043,0.00000000,0.00000000,49.73928100,57.67001469,53.75120360,1002.98064984,15791.64555451,7912.94957600
6,32,0.318000,0.816000,57.91452588,48.81410593,0.00000000,568.32774839,0.00000000,0.00000000,94.69756566,106.72863180,101.68074366,1745.79450000,16140.80445435,7912.94957600
6,33,0.483000,0.821000,87.96451572,18.76411608,0.00000000,602.15924469,0.00000000,0.00000000,94.69756566,106.72863180,101.68074366,1745.79450000,16489.96335418,7912.94957600
6,34,0.599000,0.777000,0.00000000,30.37356422,109.09056918,557.27253970,0.00000000,0.00000000,25.00174700,30.37356422,27.15938231,539.40882693,15632.73658095,7912.94957600
6,35,0.664000,0.733000,106.72863180,0.00000000,14.19981217,554.36884707,0.00000000,0.00000000,94.69756566,106.72863180,101.68074366,1745.79450000,15981.89548078,7912.94957600
6,36,0.682000,0.695000,106.72863180,0.00000000,17.47799288,525.62939797,0.00000000,0.00000000,94.69756566,106.72863180,101.68074366,1745.79450000,16331.05438062,7912.94957600
6,37,0.653000,0.653000,106.72863180,0.00000000,12.19647951,493.86474371,0.00000000,0.00000000,94.69756566,106.72863180,101.68074366,1745.79450000,16680.21328045,7912.94957600
6,38,0.575000,0.626000,104.71966157,2.00897023,0.00000000,471.43563859,0.00000000,0.00000000,94.69756566,106.72863180,101.68074366,1745.79450000,17029.37218029,7912.94957600
6,39,0.461000,0.636000,83.95785040,22.77078140,0.00000000,458.23684035,0.00000000,0.00000000,94.69756566,106.72863180,101.68074366,1745.79450000,17378.53108013,7912.94957600
6,40,0.286000,0.661000,43.47863956,0.00000000,8.60800950,499.91515404,0.00000000,0.00000000,36.84682300,43.47863956,39.91750131,767.66957627,16749.56505623,7912.94957600
6,41,0.098000,0.692000,17.84787275,88.88075905,0.00000000,434.47973505,0.00000000,0.00000000,94.69756566,106.72863180,101.68074366,1745.79450000,17098.72395607,7912.94957600
6,42,0.000000,0.690000,0.00000000,106.72863180,0.00000000,415.11925971,0.00000000,0.00000000,94.69756566,106.72863180,101.68074366,1745.79450000,17447.88285590,7912.94957600
6,43,0.000000,0.690000,0.00000000,106.72863180,0.00000000,415.11925971,0.00000000,0.00000000,94.69756566,106.72863180,101.68074366,1745.79450000,17797.04175574,7912.94957600
6,44,0.000000,0.647000,0.00000000,106.72863180,0.00000000,382.59830415,0.00000000,0.00000000,94.69756566,106.72863180,101.68074366,1745.79450000,18146.20065557,7912.94957600
6,45,0.000000,0.633000,0.00000000,106.72863180,0.00000000,372.01008607,0.00000000,0.00000000,94.69756566,106.72863180,101.68074366,1745.79450000,18495.35955541,7912.94957600
6,46,0.000000,0.574000,0.00000000,106.72863180,0.00000000,327.38830983,0.00000000,0.00000000,94.69756566,106.72863180,101.68074366,1745.79450000,18844.51845525,7912.94957600
6,47,0.000000,0.510000,0.00000000,106.72863180,0.00000000,278.98502714,0.00000000,0.00000000,94.69756566,106.72863180,101.68074366,1745.79450000,19193.67735508,7912.94957600
6,48,0.000000,0.488000,0.00000000,106.72863180,0.00000000,262.34639872,0.00000000,0.00000000,94.69756566,106.72863180,101.68074366,1745.79450000,19542.83625492,7912.94957600
6,49,0.000000,0.489000,0.00000000,106.72863180,0.00000000,263.10270001,0.00000000,0.00000000,94.69756566,106.72863180,101.68074366,1745.79450000,19891.99515475,7912.94957600
6,50,0.000000,0.554000,0.00000000,106.72863180,0.00000000,312.26228399,0.00000000,0.00000000,94.69756566,106.72863180,101.68074366,1745.79450000,20241.15405459,7912.94957600
6,51,0.000000,0.586000,0.00000000,106.72863180,0.00000000,336.46392534,0.00000000,0.00000000,94.69756566,106.72863180,101.68074366,1745.79450000,20590.31295443,7912.94957600
6,52,0.000000,0.505000,0.00000000,106.72863180,0.00000000,275.20352068,0.00000000,0.00000000,94.69756566,106.72863180,101.68074366,1745.79450000,20939.47185426,7912.94957600
6,53,0.000000,0.491000,0.00000000,106.72863180,0.00000000,264.61530259,0.00000000,0.00000000,94.69756566,106.72863180,101.68074366,1745.79450000,21288.63075410,7912.94957600
6,54,0.000000,0.491000,0.00000000,106.72863180,0.00000000,264.61530259,0.00000000,0.00000000,94.69756566,106.72863180,101.68074366,1745.79450000,21637.78965393,7912.94957600
6,55,0.102000,0.634000,18.57635736,54.36701605,0.00000000,425.12800311,0.00000000,0.00000000,63.67817400,72.94337341,68.65710075,1244.73168631,21485.88574008,7912.94957600
6,56,0.293000,0.866000,53.36149711,53.36713469,0.00000000,601.58978422,0.00000000,0.00000000,94.69756566,106.72863180,101.68074366,1745.79450000,21835.04463992,7912.94957600
6,57,0.473000,0.869000,86.14330421,20.58532759,0.00000000,636.64049520,0.00000000,0.00000000,94.69756566,106.72863180,101.68074366,1745.79450000,22184.20353975,7912.94957600
6,58,0.584000,0.803000,106.35875192,0.36987988,0.00000000,606.94005764,0.00000000,0.00000000,94.69756566,106.72863180,101.68074366,1745.79450000,22533.36243959,7912.94957600
6,59,0.648000,0.704000,106.72863180,0.00000000,11.28587376,532.43610960,0.00000000,0.00000000,94.69756566,106.72863180,101.68074366,1745.79450000,22882.52133943,7912.94957600
6,60,0.669000,0.624000,106.72863180,0.00000000,15.11041792,471.93200624,0.00000000,0.00000000,94.69756566,106.72863180,101.68074366,1745.79450000,23231.68023926,7912.94957600
6,61,0.646000,0.590000,106.72863180,0.00000000,10.92163146,446.21776231,0.00000000,0.00000000,94.69756566,106.72863180,101.68074366,1745.79450000,23580.83913910,7912.94957600
6,62,0.578000,0.592000,105.26602502,1.46260678,0.00000000,446.26775811,0.00000000,0.00000000,94.69756566,106.72863180,101.68074366,1745.79450000,23929.99803893,7912.94957600
6,63,0.462000,0.624000,84.13997155,22.58866025,0.00000000,449.34334599,0.00000000,0.00000000,94.69756566,106.72863180,101.68074366,1745.79450000,24279.15693877,7912.94957600
6,64,0.301000,0.677000,54.81846632,2.85154837,0.00000000,509.16442634,0.00000000,0.00000000,49.73928100,57.67001469,53.75120360,1002.98064984,23885.50198844,7912.94957600
6,65,0.104000,0.732000,18.94059966,87.78803214,0.00000000,465.82451364,0.00000000,0.00000000,94.69756566,106.72863180,101.68074366,1745.79450000,24234.66088828,7912.94957600
6,66,0.000000,0.777000,0.00000000,106.72863180,0.00000000,480.91747212,0.00000000,0.00000000,94.69756566,106.72863180,101.68074366,1745.79450000,24583.81978811,7912.94957600
6,67,0.000000,0.800000,0.00000000,106.72863180,0.00000000,498.31240184,0.00000000,0.00000000,94.69756566,106.72863180,101.68074366,1745.79450000,24932.97868795,7912.94957600
6,68,0.000000,0.846000,0.00000000,106.73116508,0.00000000,533.09972799,0.00000000,0.00000000,94.69756566,106.73116508,101.68074366,1745.79450000,25280.65986912,7921.32191971
6,69,0.000000,0.872000,0.00000000,106.72863180,0.00000000,552.76609486,0.00000000,0.00000000,94.69756566,106.72863180,101.68074366,1745.79450000,25629.81876896,7912.94957600
6,70,0.000000,0.849000,0.00000000,106.72863180,0.00000000,535.37116515,0.00000000,0.00000000,94.69756566,106.72863180,101.68074366,1745.79450000,25978.97766879,7912.94957600
6,71,0.000000,0.807000,0.00000000,106.72863180,0.00000000,503.60651088,0.00000000,0.00000000,94.69756566,106.72863180,101.68074366,1745.79450000,26328.13656863,7912.94957600
6,72,0.000000,0.744000,0.00000000,107.32720193,0.00000000,455.36095936,0.00000000,0.00000000,94.69756566,107.32720193,101.68074366,1745.79450000,26328.13656842,9891.18697000
6,73,0.000000,0.654000,0.00000000,106.72863180,0.00000000,387.89241320,0.00000000,0.00000000,94.69756566,106.72863180,101.68074366,1745.79450000,26677.29546826,7912.94957600
6,74,0.000000,0.586000,0.00000000,106.72863180,0.00000000,336.46392534,0.00000000,0.00000000,94.69756566,106.72863180,101.68074366,1745.79450000,27026.45436810,7912.94957600
6,75,0.000000,0.556000,0.00000000,106.72863180,0.00000000,313.77488658,0.00000000,0.00000000,94.69756566,106.72863180,101.68074366,1745.79450000,27375.61326793,7912.94957600
6,76,0.000000,0.526000,0.00000000,106.72863180,0.00000000,291.08584782,0.00000000,0.00000000,94.69756566,106.72863180,101.68074366,1745.79450000,27724.77216777,7912.94957600
6,77,0.000000,0.516000,0.00000000,106.72863180,0.00000000,283.52283490,0.00000000,0.00000000,94.69756566,106.72863180,101.68074366,1745.79450000,28073.93106760,7912.94957600
6,78,0.000000,0.488000,0.00000000,107.32720193,0.00000000,261.74782859,0.00000000,0.00000000,94.69756566,107.32720193,101.68074366,1745.79450000,28073.93106740,9891.18697000
6,79,0.127000,0.521000,23.12938612,83.59924568,0.00000000,310.43372748,0.00000000,0.00000000,94.69756566,106.72863180,101.68074366,1745.79450000,28423.08996723,7912.94957600
6,80,0.324000,0.827000,59.00725278,48.31994915,0.00000000,577.14121938,0.00000000,0.00000000,94.69756566,107.32720193,101.68074366,1745.79450000,28423.08996703,9891.18697000
6,81,0.485000,0.846000,88.32875802,18.39987378,0.00000000,621.43101929,0.00000000,0.00000000,94.69756566,106.72863180,101.68074366,1745.79450000,28772.24886687,7912.94957600
6,82,0.596000,0.801000,106.72863180,0.00000000,1.81557393,605.79733493,0.00000000,0.00000000,94.69756566,106.72863180,101.68074366,1745.79450000,29121.40776670,7912.94957600
6,83,0.660000,0.745000,107.32720193,0.00000000,12.87275744,563.44446258,0.00000000,0.00000000,94.69756566,107.32720193,101.68074366,1745.79450000,29121.40776650,9891.18697000
6,84,0.678000,0.685000,107.32720193,0.00000000,16.15093815,518.06638505,0.00000000,0.00000000,94.69756566,107.32720193,101.68074366,1745.79450000,29121.40776629,9891.18697000
6,85,0.651000,0.629000,106.72863180,0.00000000,11.83223721,475.71351270,0.00000000,0.00000000,94.69756566,106.72863180,101.68074366,1745.79450000,29470.56666613,7912.94957600
6,86,0.579000,0.592000,105.44814617,1.28048563,0.00000000,446.44987926,0.00000000,0.00000000,94.69756566,106.72863180,101.68074366,1745.79450000,29819.72556596,7912.94957600
6,87,0.463000,0.598000,43.47863956,0.00000000,40.84345314,452.26817264,0.00000000,0.00000000,36.84682300,43.47863956,39.91750131,767.66957627,29190.75954207,7912.94957600
6,88,0.293000,0.633000,53.36149711,53.36713469,0.00000000,425.37158318,0.00000000,0.00000000,94.69756566,106.72863180,101.68074366,1745.79450000,29539.91844190,7912.94957600
6,89,0.090000,0.691000,16.39090355,90.93629838,0.00000000,431.66789443,0.00000000,0.00000000,94.69756566,107.32720193,101.68074366,1745.79450000,29539.91844170,9891.18697000
6,90,0.000000,0.739000,0.00000000,107.32720193,0.00000000,451.57945290,0.00000000,0.00000000,94.69756566,107.32720193,101.68074366,1745.79450000,29539.91844149,9891.18697000
6,91,0.000000,0.744000,0.00000000,106.72863180,0.00000000,455.95952948,0.00000000,0.00000000,94.69756566,106.72863180,101.68074366,1745.79450000,29889.07734133,7912.94957600
6,92,0.000000,0.739000,0.00000000,106.72863180,0.00000000,452.17802302,0.00000000,0.00000000,94.69756566,106.72863180,101.68074366,1745.79450000,30238.23624117,7912.94957600
6,93,0.000000,0.750000,0.00000000,100.73209197,0.00000000,466.49387706,0.00000000,0.00000000,88.63152254,100.73209197,95.23131878,1649.94905953,30142.39080049,9891.18697000
6,94,0.000000,0.686000,0.00000000,107.32720193,0.00000000,411.49548442,0.00000000,0.00000000,94.69756566,107.32720193,101.68074366,1745.79450000,30142.39080029,9891.18697000
6,95,0.000000,0.663000,0.00000000,107.32720193,0.00000000,394.10055470,0.00000000,0.00000000,94.69756566,107.32720193,101.68074366,1745.79450000,30142.39080008,9891.18697000
6,96,0.000000,0.656000,0.00000000,89.89674197,0.00000000,406.23690561,0.00000000,0.00000000,78.66539600,89.89674197,84.63532017,1492.48104146,29889.07734133,9891.18697000
6,97,0.000000,0.523000,0.00000000,106.72863180,0.00000000,288.81694394,0.00000000,0.00000000,94.69756566,106.72863180,101.68074366,1745.79450000,30238.23624117,7912.94957600
6,98,0.000000,0.438000,0.00000000,89.89674197,0.00000000,241.36322394,0.00000000,0.00000000,78.66539600,89.89674197,84.63532017,1492.48104146,29984.92278242,9891.18697000
6,99,0.000000,0.413000,0.00000000,107.32720193,0.00000000,205.02523169,0.00000000,0.00000000,94.69756566,107.32720193,101.68074366,1745.79450000,29984.92278221,9891.18697000
6,100,0.000000,0.398000,0.00000000,100.13352182,0.00000000,200.87439242,0.00000000,0.00000000,88.63152251,100.13352182,95.23131875,1649.94905912,30238.23624117,7912.94957600
6,101,0.000000,0.391000,0.00000000,107.32720193,0.00000000,188.38660327,0.00000000,0.00000000,94.69756566,107.32720193,101.68074366,1745.79450000,30238.23624137,9891.18696768
6,102,0.000000,0.388000,0.00000000,107.32720193,0.00000000,186.11769939,0.00000000,0.00000000,94.69756566,107.32720193,101.68074366,1745.79450000,30238.23624117,9891.18697000
6,103,0.124000,0.541000,0.00000000,89.89674172,22.58302267,319.26225728,0.00000000,0.00000000,78.66539600,89.89674172,84.63531998,1492.48099468,29984.92273564,9891.18697000
6,104,0.318000,0.814000,57.91452588,35.62388915,0.00000000,580.00536257,0.00000000,0.00000000,82.56548230,93.53841503,88.78189696,1554.10366461,30142.39080008,7912.94957600
6,105,0.477000,0.831000,86.87178881,2.42638304,0.00000000,626.05999066,0.00000000,0.00000000,78.66539600,89.29817185,84.63532017,1492.48104146,30238.23624137,7912.94957600
6,106,0.588000,0.786000,107.08723652,0.23996540,0.00000000,594.21285015,0.00000000,0.00000000,94.69756566,107.32720193,101.68074366,1745.79450000,30238.23624117,9891.18697000
6,107,0.651000,0.725000,107.32720193,0.00000000,11.23366708,548.31843673,0.00000000,0.00000000,94.69756566,107.32720193,101.68074366,1745.79450000,30238.23624117,9891.18696884
6,108,0.670000,0.658000,107.32720193,0.00000000,14.69396894,497.64625017,0.00000000,0.00000000,94.69756566,107.32720193,101.68074366,1745.79450000,30238.23624117,9891.18696884
6,109,0.649000,0.577000,107.32720193,0.00000000,10.86942478,436.38584551,0.00000000,0.00000000,94.69756566,107.32720193,101.68074366,1745.79450000,30238.23624096,9891.18697000
6,110,0.577000,0.516000,58.26858481,0.00000000,46.81531906,390.25146670,0.00000000,0.00000000,49.73928100,58.26858481,53.75120360,1002.98064984,29495.42239059,9891.18697000
6,111,0.458000,0.502000,83.41148695,23.91571497,0.00000000,355.74753363,0.00000000,0.00000000,94.69756566,107.32720193,101.68074366,1745.79450000,29495.42239039,9891.18697000
6,112,0.291000,0.544000,52.99725481,54.32994712,0.00000000,357.09795576,0.00000000,0.00000000,94.69756566,107.32720193,101.68074366,1745.79450000,29495.42239018,9891.18697000
6,113,0.093000,0.624000,16.93726700,90.38993492,0.00000000,381.54207131,0.00000000,0.00000000,94.69756566,107.32720193,101.68074366,1745.79450000,29495.42238998,9891.18697000
6,114,0.000000,0.688000,0.00000000,107.32720193,0.00000000,413.00808700,0.00000000,0.00000000,94.69756566,107.32720193,101.68074366,1745.79450000,29495.42238977,9891.18697000
6,115,0.000000,0.718000,0.00000000,107.32720193,0.00000000,435.69712576,0.00000000,0.00000000,94.69756566,107.32720193,101.68074366,1745.79450000,29495.42238957,9891.18697000
6,116,0.000000,0.768000,0.00000000,107.32720193,0.00000000,473.51219037,0.00000000,0.00000000,94.69756566,107.32720193,101.68074366,1745.79450000,29495.42238936,9891.18697000
6,117,0.000000,0.811000,0.00000000,106.72863180,0.00000000,506.63171605,0.00000000,0.00000000,94.69756566,106.72863180,101.68074366,1745.79450000,29844.58128920,7912.94957600
6,118,0.000000,0.784000,0.00000000,107.32720193,0.00000000,485.61301104,0.00000000,0.00000000,94.69756566,107.32720193,101.68074366,1745.79450000,29844.58128899,9891.18697000
6,119,0.000000,0.745000,0.00000000,106.72863180,0.00000000,456.71583077,0.00000000,0.00000000,94.69756566,106.72863180,101.68074366,1745.79450000,30193.74018883,7912.94957600
6,120,0.000000,0.708000,0.00000000,107.32720193,0.00000000,428.13411284,0.00000000,0.00000000,94.69756566,107.32720193,101.68074366,1745.79450000,30193.74018862,9891.18697000
6,121,0.000000,0.668000,0.00000000,107.32720193,0.00000000,397.88206116,0.00000000,0.00000000,94.69756566,107.32720193,101.68074366,1745.79450000,30193.74018842,9891.18697000
6,122,0.000000,0.643000,0.00000000,89.38620114,0.00000000,396.91552965,0.00000000,0.00000000,78.66539600,89.38620114,84.63532017,1492.48104146,30238.23624117,8203.88095586
6,123,0.000000,0.613000,0.00000000,107.32720194,0.00000000,356.28549009,0.00000000,0.00000000,94.69756567,107.32720194,101.68074367,1745.79450020,30238.23624117,9891.18697000
6,124,0.000000,0.583000,0.00000000,107.32720193,0.00000000,333.59645134,0.00000000,0.00000000,94.69756566,107.32720193,101.68074366,1745.79450000,30238.23624117,9891.18696884
6,125,0.000000,0.556000,0.00000000,107.32720193,0.00000000,313.17631645,0.00000000,0.00000000,94.69756566,107.32720193,101.68074366,1745.79450000,30238.23624096,9891.18697000
6,126,0.000000,0.508000,0.00000000,107.32720193,0.00000000,276.87385443,0.00000000,0.00000000,94.69756566,107.32720193,101.68074366,1745.79450000,30238.23624076,9891.18697000
6,127,0.128000,0.613000,23.31150727,84.01569466,0.00000000,379.59699737,0.00000000,0.00000000,94.69756566,107.32720193,101.68074366,1745.79450000,30238.23624055,9891.18697000
6,128,0.326000,0.860000,59.37149508,30.52524689,0.00000000,619.89386427,0.00000000,0.00000000,78.66539600,89.89674197,84.63532017,1492.48104146,29984.92278180,9891.18697000
6,129,0.488000,0.865000,88.87512147,18.45208046,0.00000000,635.74853716,0.00000000,0.00000000,94.69756566,107.32720193,101.68074366,1745.79450000,29984.92278160,9891.18697000
6,130,0.600000,0.822000,100.13352186,0.00000000,9.13916847,621.67966206,0.00000000,0.00000000,88.63152255,100.13352186,95.23131879,1649.94905973,30238.23624117,7912.94957600
6,131,0.663000,0.768000,73.54194353,0.00000000,47.20437928,580.83939229,0.00000000,0.00000000,63.67817400,73.54194353,68.65710075,1244.73168631,29737.17342727,9891.18697000
6,132,0.677000,0.707000,107.23109976,0.00000000,16.06491917,534.70501348,0.00000000,0.00000000,94.69756566,107.23109976,101.68074366,1745.79450000,29793.23190045,9573.57522280
6,133,0.651000,0.654000,107.32720193,0.00000000,11.23366708,494.62104500,0.00000000,0.00000000,94.69756566,107.32720193,101.68074366,1745.79450000,29793.23190024,9891.18697000
6,134,0.562000,0.623000,89.29817185,0.00000000,13.05391476,471.17570495,0.00000000,0.00000000,78.66539600,89.29817185,84.63532017,1492.48104146,29889.07734154,7912.94957600
6,135,0.453000,0.630000,82.50088120,24.22775060,0.00000000,452.24206339,0.00000000,0.00000000,94.69756566,106.72863180,101.68074366,1745.79450000,30238.23624137,7912.94957600
6,136,0.291000,0.668000,52.99725481,54.32994712,0.00000000,450.87931597,0.00000000,0.00000000,94.69756566,107.32720193,101.68074366,1745.79450000,30238.23624117,9891.18697000
6,137,0.103000,0.728000,18.75847851,71.13826347,0.00000000,479.44907714,0.00000000,0.00000000,78.66539600,89.89674197,84.63532017,1492.48104146,29984.92278242,9891.18697000
6,138,0.000000,0.773000,0.00000000,107.32720193,0.00000000,477.29369683,0.00000000,0.00000000,94.69756566,107.32720193,101.68074366,1745.79450000,29984.92278221,9891.18697000
6,139,0.000000,0.811000,0.00000000,89.62679138,0.00000000,523.73355647,0.00000000,0.00000000,78.66539600,89.62679138,84.63532017,1492.48104146,29889.07734133,8999.01689710
6,140,0.000000,0.849000,0.00000000,106.72863180,0.00000000,535.37116515,0.00000000,0.00000000,94.69756566,106.72863180,101.68074366,1745.79450000,30238.23624117,7912.94957600
6,141,0.000000,0.839000,0.00000000,100.73209193,0.00000000,533.80469210,0.00000000,0.00000000,88.63152250,100.73209193,95.23131874,1649.94905891,30142.39079988,9891.18697000
6,142,0.000000,0.788000,0.00000000,89.29817185,0.00000000,506.66724628,0.00000000,0.00000000,78.66539600,89.29817185,84.63532017,1492.48104146,30238.23624117,7912.94957600
6,143,0.000000,0.755000,0.00000000,107.32720193,0.00000000,463.68027357,0.00000000,0.00000000,94.69756566,107.32720193,101.68074366,1745.79450000,30238.23624096,9891.18697000
6,144,0.000000,0.712000,0.00000000,89.46248162,0.00000000,449.02403832,0.00000000,0.00000000,78.66539600,89.46248162,84.63532017,1492.48104146,30238.23624117,8455.98323655
6,145,0.000000,0.666000,0.00000000,89.89674197,0.00000000,413.79991853,0.00000000,0.00000000,78.66539600,89.89674197,84.63532017,1492.48104146,29984.92278242,9891.18697000
6,146,0.000000,0.643000,0.00000000,100.13352181,0.00000000,386.16820898,0.00000000,0.00000000,88.63152250,100.13352181,95.23131874,1649.94905891,30238.23624117,7912.94957600
6,147,0.000000,0.604000,0.00000000,89.89674197,0.00000000,366.90923842,0.00000000,0.00000000,78.66539600,89.89674197,84.63532017,1492.48104146,29984.92278242,9891.18697000
6,148,0.000000,0.557000,0.00000000,107.32720193,0.00000000,313.93261774,0.00000000,0.00000000,94.69756566,107.32720193,101.68074366,1745.79450000,29984.92278221,9891.18697000
6,149,0.000000,0.525000,0.00000000,93.53841181,0.00000000,303.51976651,0.00000000,0.00000000,82.56547934,93.53841181,88.78189381,1554.10361783,30142.39079988,7912.94957600
6,150,0.000000,0.491000,0.00000000,89.29817185,0.00000000,282.04576255,0.00000000,0.00000000,78.66539600,89.29817185,84.63532017,1492.48104146,30238.23624117,7912.94957600
6,151,0.096000,0.594000,17.48363045,56.05831308,0.00000000,393.18465440,0.00000000,0.00000000,63.67817400,73.54194353,68.65710075,1244.73168631,29737.17342727,9891.18697000
6,152,0.267000,0.795000,48.62634720,58.70085473,0.00000000,542.55867245,0.00000000,0.00000000,94.69756566,107.32720193,101.68074366,1745.79450000,29737.17342707,9891.18697000
6,153,0.427000,0.806000,77.76573129,29.30105870,0.00000000,580.27778269,0.00000000,0.00000000,94.69756566,107.06678999,101.68074366,1745.79450000,29889.07734154,9030.54156109
6,154,0.546000,0.753000,99.43814820,7.88905372,0.00000000,561.60581919,0.00000000,0.00000000,94.69756566,107.32720193,101.68074366,1745.79450000,29889.07734133,9891.18697000
6,155,0.618000,0.685000,106.72863180,0.00000000,5.82223924,518.06638505,0.00000000,0.00000000,94.69756566,106.72863180,101.68074366,1745.79450000,30238.23624117,7912.94957600
6,156,0.662000,0.607000,107.32720193,0.00000000,13.23699974,459.07488427,0.00000000,0.00000000,94.69756566,107.32720193,101.68074366,1745.79450000,30238.23624096,9891.18697000
6,157,0.640000,0.529000,100.73209199,0.00000000,15.82544437,400.08338349,0.00000000,0.00000000,88.63152255,100.73209199,95.23131879,1649.94905973,30142.39080049,9891.18697000
6,158,0.543000,0.484000,98.89178475,8.43541718,0.00000000,357.61440817,0.00000000,0.00000000,94.69756566,107.32720193,101.68074366,1745.79450000,30142.39080029,9891.18697000
6,159,0.435000,0.491000,79.22270049,28.10450144,0.00000000,343.23943296,0.00000000,0.00000000,94.69756566,107.32720193,101.68074366,1745.79450000,30142.39080008,9891.18697000
6,160,0.276000,0.552000,50.26543755,57.06176437,0.00000000,360.41654884,0.00000000,0.00000000,94.69756566,107.32720193,101.68074366,1745.79450000,30142.39079988,9891.18697000
6,161,0.084000,0.674000,15.29817665,73.99999520,0.00000000,435.74707564,0.00000000,0.00000000,78.66539600,89.29817185,84.63532017,1492.48104146,30238.23624117,7912.94957600
6,162,0.000000,0.777000,0.00000000,100.73209197,0.00000000,486.91401195,0.00000000,0.00000000,88.63152254,100.73209197,95.23131878,1649.94905953,30142.39080049,9891.18697000
6,163,0.000000,0.848000,0.00000000,107.32720193,0.00000000,534.01629373,0.00000000,0.00000000,94.69756566,107.32720193,101.68074366,1745.79450000,30142.39080029,9891.18697000
6,164,0.000000,0.878000,0.00000000,107.32720193,0.00000000,556.70533249,0.00000000,0.00000000,94.69756566,107.32720193,101.68074366,1745.79450000,30142.39080008,9891.18697000
6,165,0.000000,0.857000,0.00000000,107.32720193,0.00000000,540.82300536,0.00000000,0.00000000,94.69756566,107.32720193,101.68074366,1745.79450000,30142.39079988,9891.18697000
6,166,0.000000,0.805000,0.00000000,89.29817185,0.00000000,519.52436825,0.00000000,0.00000000,78.66539600,89.29817185,84.63532017,1492.48104146,30238.23624117,7912.94957600
6,167,0.000000,0.756000,0.00000000,107.32720193,0.00000000,464.43657486,0.00000000,0.00000000,94.69756566,107.32720193,101.68074366,1745.79450000,30238.23624096,9891.18697000
6,168,0.000000,0.707000,0.00000000,107.32720193,0.00000000,427.37781155,0.00000000,0.00000000,94.69756566,107.32720193,101.68074366,1745.79450000,30238.23624076,9891.18697000
6,169,0.000000,0.647000,0.00000000,107.32720193,0.00000000,381.99973403,0.00000000,0.00000000,94.69756566,107.32720193,101.68074366,1745.79450000,30238.23624055,9891.18697000
6,170,0.000000,0.556000,0.00000000,107.32720193,0.00000000,313.17631645,0.00000000,0.00000000,94.69756566,107.32720193,101.68074366,1745.79450000,30238.23624035,9891.18697000
6,171,0.000000,0.464000,0.00000000,107.32720193,0.00000000,243.59659758,0.00000000,0.00000000,94.69756566,107.32720193,101.68074366,1745.79450000,30238.23624014,9891.18697000
6,172,0.000000,0.425000,0.00000000,107.32720193,0.00000000,214.10084719,0.00000000,0.00000000,94.69756566,107.32720193,101.68074366,1745.79450000,30238.23623994,9891.18697000
6,173,0.000000,0.407000,0.00000000,107.32720193,0.00000000,200.48742394,0.00000000,0.00000000,94.69756566,107.32720193,101.68074366,1745.79450000,30238.23623973,9891.18697000
6,174,0.000000,0.367000,0.00000000,107.32720193,0.00000000,170.23537226,0.00000000,0.00000000,94.69756566,107.32720193,101.68074366,1745.79450000,30238.23623953,9891.18697000
6,175,0.129000,0.517000,23.49362842,83.83357350,0.00000000,307.17419448,0.00000000,0.00000000,94.69756566,107.32720193,101.68074366,1745.79450000,30238.23623932,9891.18697000
6,176,0.326000,0.720000,59.37149508,30.09098653,0.00000000,514.44594374,0.00000000,0.00000000,78.66539600,89.46248161,84.63532017,1492.48104146,30238.23624117,8455.98322726
6,177,0.489000,0.638000,57.75804398,0.00000000,31.29919864,482.52022433,0.00000000,0.00000000,49.73928100,57.75804398,53.75120360,1002.98064984,29793.23190024,8203.88096747
6,178,0.603000,0.503000,107.32720193,0.00000000,2.49185186,380.41954990,0.00000000,0.00000000,94.69756566,107.32720193,101.68074366,1745.79450000,29793.23190004,9891.18697000
6,179,0.666000,0.391000,106.72863180,0.00000000,14.56405447,295.71380519,0.00000000,0.00000000,94.69756566,106.72863180,101.68074366,1745.79450000,30142.39079988,7912.94957600
6,180,0.684000,0.316000,89.29817185,0.00000000,35.27269513,238.99120829,0.00000000,0.00000000,78.66539600,89.29817185,84.63532017,1492.48104146,30238.23624117,7912.94957600
6,181,0.658000,0.286000,89.46248162,0.00000000,30.37323545,216.30216953,0.00000000,0.00000000,78.66539600,89.46248162,84.63532017,1492.48104146,30238.23624117,8455.98323771
6,182,0.587000,0.302000,89.89674172,0.00000000,17.00837366,228.40299020,0.00000000,0.00000000,78.66539600,89.89674172,84.63531998,1492.48099468,29984.92273564,9891.18697000
6,183,0.470000,0.367000,85.59694076,21.73026117,0.00000000,255.83231301,0.00000000,0.00000000,94.69756566,107.32720193,101.68074366,1745.79450000,29984.92273543,9891.18697000
6,184,0.308000,0.479000,56.09331437,44.04021067,0.00000000,318.22810822,0.00000000,0.00000000,88.63152547,100.13352504,95.23132190,1649.94910590,30238.23624117,7912.94957600
6,185,0.115000,0.624000,20.94393231,86.38326961,0.00000000,385.54873663,0.00000000,0.00000000,94.69756566,107.32720193,101.68074366,1745.79450000,30238.23624117,9891.18696884
6,186,0.000000,0.739000,0.00000000,89.46248162,0.00000000,469.44417321,0.00000000,0.00000000,78.66539600,89.46248162,84.63532017,1492.48104146,30238.23624117,8455.98323771
6,187,0.000000,0.750000,0.00000000,107.32720193,0.00000000,459.89876711,0.00000000,0.00000000,94.69756566,107.32720193,101.68074366,1745.79450000,30238.23624096,9891.18697000
6,188,0.000000,0.783000,0.00000000,107.32720193,0.00000000,484.85670975,0.00000000,0.00000000,94.69756566,107.32720193,101.68074366,1745.79450000,30238.23624076,9891.18697000
6,189,0.000000,0.855000,0.00000000,58.26858481,0.00000000,588.36901989,0.00000000,0.00000000,49.73928100,58.26858481,53.75120360,1002.98064984,29495.42239039,9891.18697000
6,190,0.000000,0.829000,0.00000000,107.32720193,0.00000000,519.64656918,0.00000000,0.00000000,94.69756566,107.32720193,101.68074366,1745.79450000,29495.42239018,9891.18697000
6,191,0.000000,0.774000,0.00000000,107.32720193,0.00000000,478.04999812,0.00000000,0.00000000,94.69756566,107.32720193,101.68074366,1745.79450000,29495.42238998,9891.18697000
6,192,0.000000,0.704000,0.00000000,106.72863180,0.00000000,425.70747780,0.00000000,0.00000000,94.69756566,106.72863180,101.68074366,1745.79450000,29844.58128981,7912.94957600
6,193,0.000000,0.635000,0.00000000,107.25092145,0.00000000,373.00039900,0.00000000,0.00000000,94.69756566,107.25092145,101.68074366,1745.79450000,29889.07734154,9639.08469279
6,194,0.000000,0.528000,0.00000000,107.32720193,0.00000000,291.99988028,0.00000000,0.00000000,94.69756566,107.32720193,101.68074366,1745.79450000,29889.07734133,9891.18697000
6,195,0.000000,0.364000,0.00000000,106.72863180,0.00000000,168.56503850,0.00000000,0.00000000,94.69756566,106.72863180,101.68074366,1745.79450000,30238.23624117,7912.94957600
6,196,0.000000,0.310000,0.00000000,89.62679138,0.00000000,144.82660915,0.00000000,0.00000000,78.66539600,89.62679138,84.63532017,1492.48104146,30142.39079988,8999.01689942
6,197,0.000000,0.296000,0.00000000,89.29817185,0.00000000,134.56701060,0.00000000,0.00000000,78.66539600,89.29817185,84.63532017,1492.48104146,30238.23624117,7912.94957600
6,198,0.000000,0.300000,0.00000000,94.13698192,0.00000000,132.75340569,0.00000000,0.00000000,82.56547933,94.13698192,88.78189380,1554.10361762,30046.54535858,9891.18697000
6,199,0.128000,0.527000,23.31150727,65.98666458,0.00000000,332.58411633,0.00000000,0.00000000,78.66539600,89.29817185,84.63532017,1492.48104146,30142.39079988,7912.94957600
6,200,0.326000,0.700000,59.37149508,29.92667677,0.00000000,499.48422766,0.00000000,0.00000000,78.66539600,89.29817185,84.63532017,1492.48104146,30238.23624117,7912.94957600
6,201,0.487000,0.635000,58.26858481,0.00000000,30.42441551,480.25132045,0.00000000,0.00000000,49.73928100,58.26858481,53.75120360,1002.98064984,29495.42239080,9891.18697000
6,202,0.600000,0.520000,107.32720193,0.00000000,1.94548840,393.27667186,0.00000000,0.00000000,94.69756566,107.32720193,101.68074366,1745.79450000,29495.42239059,9891.18697000
6,203,0.663000,0.404000,106.72863180,0.00000000,14.01769101,305.54572199,0.00000000,0.00000000,94.69756566,106.72863180,101.68074366,1745.79450000,29844.58129043,7912.94957600
6,204,0.681000,0.317000,107.32720193,0.00000000,16.69730160,239.74750958,0.00000000,0.00000000,94.69756566,107.32720193,101.68074366,1745.79450000,29844.58129022,9891.18697000
6,205,0.655000,0.278000,103.19528822,0.00000000,16.09406539,210.25175919,0.00000000,0.00000000,91.44767071,103.19528822,98.22545115,1694.44511023,30142.39080029,7912.94957600
6,206,0.585000,0.284000,106.54087307,0.78632885,0.00000000,214.00323809,0.00000000,0.00000000,94.69756566,107.32720193,101.68074366,1745.79450000,30142.39080008,9891.18697000
6,207,0.469000,0.325000,85.41481961,4.48192237,0.00000000,241.31599755,0.00000000,0.00000000,78.66539600,89.89674197,84.63532017,1492.48104146,29889.07734133,9891.18697000
6,208,0.306000,0.396000,55.72907207,50.99955973,0.00000000,248.49575192,0.00000000,0.00000000,94.69756566,106.72863180,101.68074366,1745.79450000,30238.23624117,7912.94957600
6,209,0.114000,0.501000,20.76181116,69.02928999,0.00000000,309.87765733,0.00000000,0.00000000,78.66539600,89.79110115,84.63532017,1492.48104146,30046.54535879,9542.05055997
6,210,0.000000,0.644000,0.00000000,89.29817185,0.00000000,397.75986023,0.00000000,0.00000000,78.66539600,89.29817185,84.63532017,1492.48104146,30142.39080008,7912.94957600
6,211,0.000000,0.718000,0.00000000,107.32720193,0.00000000,435.69712576,0.00000000,0.00000000,94.69756566,107.32720193,101.68074366,1745.79450000,30142.39079988,9891.18697000
6,212,0.000000,0.730000,0.00000000,89.29817185,0.00000000,462.80177135,0.00000000,0.00000000,78.66539600,89.29817185,84.63532017,1492.48104146,30238.23624117,7912.94957600
6,213,0.000000,0.784000,0.00000000,100.73209196,0.00000000,492.20812101,0.00000000,0.00000000,88.63152253,100.73209196,95.23131876,1649.94905932,30142.39080029,9891.18697000
6,214,0.000000,0.794000,0.00000000,107.32720193,0.00000000,493.17602396,0.00000000,0.00000000,94.69756566,107.32720193,101.68074366,1745.79450000,30142.39080008,9891.18697000
6,215,0.000000,0.750000,0.00000000,89.89674197,0.00000000,477.32922706,0.00000000,0.00000000,78.66539600,89.89674197,84.63532017,1492.48104146,29889.07734133,9891.18697000
6,216,0.000000,0.682000,0.00000000,106.72863180,0.00000000,409.06884938,0.00000000,0.00000000,94.69756566,106.72863180,101.68074366,1745.79450000,30238.23624117,7912.94957600
6,217,0.000000,0.608000,0.00000000,107.32720193,0.00000000,352.50398364,0.00000000,0.00000000,94.69756566,107.32720193,101.68074366,1745.79450000,30238.23624117,9891.18696884
6,218,0.000000,0.523000,0.00000000,107.32720193,0.00000000,288.21837382,0.00000000,0.00000000,94.69756566,107.32720193,101.68074366,1745.79450000,30238.23624096,9891.18697000
6,219,0.000000,0.468000,0.00000000,107.32720193,0.00000000,246.62180275,0.00000000,0.00000000,94.69756566,107.32720193,101.68074366,1745.79450000,30238.23624117,9891.18696768
6,220,0.000000,0.445000,0.00000000,58.26051193,0.00000000,278.29356303,0.00000000,0.00000000,49.73928100,58.26051193,53.75120360,1002.98064984,29500.13147502,9864.50660614
6,221,0.000000,0.374000,0.00000000,107.32720193,0.00000000,175.52948130,0.00000000,0.00000000,94.69756566,107.32720193,101.68074366,1745.79450000,29500.13147481,9891.18697000
6,222,0.000000,0.320000,0.00000000,106.72863180,0.00000000,135.28778165,0.00000000,0.00000000,94.69756566,106.72863180,101.68074366,1745.79450000,29849.29037465,7912.94957600
6,223,0.133000,0.463000,24.22211302,83.10508890,0.00000000,267.06240932,0.00000000,0.00000000,94.69756566,107.32720193,101.68074366,1745.79450000,29849.29037444,9891.18697000
6,224,0.333000,0.586000,60.64634313,46.08228867,0.00000000,397.11026847,0.00000000,0.00000000,94.69756566,106.72863180,101.68074366,1745.79450000,30198.44927428,7912.94957600
6,225,0.497000,0.516000,90.51421182,16.81299010,0.00000000,373.43847659,0.00000000,0.00000000,94.69756566,107.32720193,101.68074366,1745.79450000,30198.44927408,9891.18697000
6,226,0.610000,0.414000,107.32720193,0.00000000,3.76669991,313.10873491,0.00000000,0.00000000,94.69756566,107.32720193,101.68074366,1745.79450000,30198.44927387,9891.18697000
6,227,0.672000,0.317000,107.32720193,0.00000000,15.05821124,239.74750958,0.00000000,0.00000000,94.69756566,107.32720193,101.68074366,1745.79450000,30198.44927367,9891.18697000
6,228,0.687000,0.231000,107.32720193,0.00000000,17.79002850,174.70559846,0.00000000,0.00000000,94.69756566,107.32720193,101.68074366,1745.79450000,30198.44927346,9891.18697000
6,229,0.660000,0.167000,107.32720193,0.00000000,12.87275744,126.30231577,0.00000000,0.00000000,94.69756566,107.32720193,101.68074366,1745.79450000,30198.44927326,9891.18697000
6,230,0.590000,0.149000,107.32720193,0.00000000,0.12427690,112.68889252,0.00000000,0.00000000,94.69756566,107.32720193,101.68074366,1745.79450000,30198.44927305,9891.18697000
6,231,0.474000,0.184000,72.94337341,0.00000000,13.38205195,139.15943774,0.00000000,0.00000000,63.67817400,72.94337341,68.65710075,1244.73168631,30046.54535920,7912.94957600
6,232,0.311000,0.272000,56.63967782,33.25706415,0.00000000,172.45688728,0.00000000,0.00000000,78.66539600,89.89674197,84.63532017,1492.48104146,29793.23190045,9891.18697000
6,233,0.117000,0.430000,21.30817461,85.42045719,0.00000000,239.78909839,0.00000000,0.00000000,94.69756566,106.72863180,101.68074366,1745.79450000,30142.39080029,7912.94957600
6,234,0.000000,0.637000,0.00000000,107.32720193,0.00000000,374.43672111,0.00000000,0.00000000,94.69756566,107.32720193,101.68074366,1745.79450000,30142.39080008,9891.18697000
6,235,0.000000,0.697000,0.00000000,107.32720193,0.00000000,419.81479863,0.00000000,0.00000000,94.69756566,107.32720193,101.68074366,1745.79450000,30142.39079988,9891.18697000
6,236,0.000000,0.679000,0.00000000,89.29817185,0.00000000,424.23040545,0.00000000,0.00000000,78.66539600,89.29817185,84.63532017,1492.48104146,30238.23624117,7912.94957600
6,237,0.000000,0.690000,0.00000000,100.73209193,0.00000000,421.11579958,0.00000000,0.00000000,88.63152250,100.73209193,95.23131874,1649.94905891,30142.39079988,9891.18697000
6,238,0.000000,0.637000,0.00000000,89.29817185,0.00000000,392.46575119,0.00000000,0.00000000,78.66539600,89.29817185,84.63532017,1492.48104146,30238.23624117,7912.94957600
6,239,0.000000,0.532000,0.00000000,44.07720969,0.00000000,358.27507768,0.00000000,0.00000000,36.84682300,44.07720969,39.91750131,767.66957627,29260.11131723,9891.18697000
6,240,0.000000,0.431000,0.00000000,101.95654684,0.00000000,224.00931004,0.00000000,0.00000000,90.30830250,101.95654684,97.01407340,1676.44272443,29539.91844149,7912.94957600
6,241,0.000000,0.362000,0.00000000,106.72863180,0.00000000,167.05243592,0.00000000,0.00000000,94.69756566,106.72863180,101.68074366,1745.79450000,29889.07734133,7912.94957600
6,242,0.000000,0.321000,0.00000000,106.72863180,0.00000000,136.04408295,0.00000000,0.00000000,94.69756566,106.72863180,101.68074366,1745.79450000,30238.23624117,7912.94957600
6,243,0.000000,0.280000,0.00000000,107.32720193,0.00000000,104.43715985,0.00000000,0.00000000,94.69756566,107.32720193,101.68074366,1745.79450000,30238.23624096,9891.18697000
6,244,0.000000,0.287000,0.00000000,107.32720193,0.00000000,109.73126889,0.00000000,0.00000000,94.69756566,107.32720193,101.68074366,1745.79450000,30238.23624076,9891.18697000
6,245,0.000000,0.282000,0.00000000,57.67001469,0.00000000,155.60694967,0.00000000,0.00000000,49.73928100,57.67001469,53.75120360,1002.98064984,29844.58129043,7912.94957600
6,246,0.000000,0.305000,0.00000000,107.32720193,0.00000000,123.34469215,0.00000000,0.00000000,94.69756566,107.32720193,101.68074366,1745.79450000,29844.58129022,9891.18697000
6,247,0.125000,0.425000,22.76514382,8.20699053,0.00000000,313.22105859,0.00000000,0.00000000,25.00174700,30.97213435,27.15938231,539.40882693,28638.19561694,9891.18697000
6,248,0.325000,0.538000,59.18937393,47.53925787,0.00000000,359.35083725,0.00000000,0.00000000,94.69756566,106.72863180,101.68074366,1745.79450000,28987.35451678,7912.94957600
6,249,0.489000,0.484000,89.05724262,18.26995931,0.00000000,347.77986604,0.00000000,0.00000000,94.69756566,107.32720193,101.68074366,1745.79450000,28987.35451657,9891.18697000
6,250,0.602000,0.400000,107.32720193,0.00000000,2.30973071,302.52051682,0.00000000,0.00000000,94.69756566,107.32720193,101.68074366,1745.79450000,28987.35451637,9891.18697000
6,251,0.665000,0.311000,106.72863180,0.00000000,14.38193332,235.20970183,0.00000000,0.00000000,94.69756566,106.72863180,101.68074366,1745.79450000,29336.51341621,7912.94957600
6,252,0.683000,0.237000,106.72863180,0.00000000,17.66011403,179.24340622,0.00000000,0.00000000,94.69756566,106.72863180,101.68074366,1745.79450000,29685.67231604,7912.94957600
6,253,0.655000,0.204000,30.97213435,0.00000000,88.31721926,154.28546358,0.00000000,0.00000000,25.00174700,30.97213435,27.15938231,539.40882693,28479.28664276,9891.18697000
6,254,0.585000,0.220000,106.54087307,0.18775873,0.00000000,166.19852552,0.00000000,0.00000000,94.69756566,106.72863180,101.68074366,1745.79450000,28828.44554260,7912.94957600
6,255,0.468000,0.291000,85.23269846,22.09450347,0.00000000,197.98917252,0.00000000,0.00000000,94.69756566,107.32720193,101.68074366,1745.79450000,28828.44554239,9891.18697000
6,256,0.307000,0.416000,55.91119322,1.75882147,0.00000000,312.86251602,0.00000000,0.00000000,49.73928100,57.67001469,53.75120360,1002.98064984,28434.79059206,7912.94957600
6,257,0.115000,0.590000,20.94393231,86.38326961,0.00000000,359.83449270,0.00000000,0.00000000,94.69756566,107.32720193,101.68074366,1745.79450000,28434.79059186,9891.18697000
6,258,0.000000,0.737000,0.00000000,107.32720193,0.00000000,450.06685031,0.00000000,0.00000000,94.69756566,107.32720193,101.68074366,1745.79450000,28434.79059165,9891.18697000
6,259,0.000000,0.776000,0.00000000,30.97213435,0.00000000,555.91766828,0.00000000,0.00000000,25.00174700,30.97213435,27.15938231,539.40882693,27228.40491837,9891.18697000
6,260,0.000000,0.814000,0.00000000,107.32720193,0.00000000,508.30204980,0.00000000,0.00000000,94.69756566,107.32720193,101.68074366,1745.79450000,27228.40491817,9891.18697000
6,261,0.000000,0.834000,0.00000000,44.07720969,0.00000000,586.67806788,0.00000000,0.00000000,36.84682300,44.07720969,39.91750131,767.66957627,26250.27999423,9891.18697000
6,262,0.000000,0.784000,0.00000000,106.72863180,0.00000000,486.21158116,0.00000000,0.00000000,94.69756566,106.72863180,101.68074366,1745.79450000,26599.43889407,7912.94957600
6,263,0.000000,0.682000,0.00000000,89.89674172,0.00000000,425.90073946,0.00000000,0.00000000,78.66539600,89.89674172,84.63531998,1492.48099468,26346.12538854,9891.18697000
6,264,0.000000,0.566000,0.00000000,106.72863180,0.00000000,321.33789950,0.00000000,0.00000000,94.69756566,106.72863180,101.68074366,1745.79450000,26695.28428838,7912.94957600
6,265,0.000000,0.445000,0.00000000,107.32720193,0.00000000,229.22687304,0.00000000,0.00000000,94.69756566,107.32720193,101.68074366,1745.79450000,26695.28428817,9891.18697000
6,266,0.000000,0.350000,0.00000000,73.03116716,0.00000000,191.67428506,0.00000000,0.00000000,63.67817400,73.03116716,68.65710075,1244.73168631,26492.16838036,8203.10251628
6,267,0.000000,0.323000,0.00000000,106.72863180,0.00000000,137.55668553,0.00000000,0.00000000,94.69756566,106.72863180,101.68074366,1745.79450000,26841.32728020,7912.94957600
6,268,0.000000,0.243000,0.00000000,107.32720193,0.00000000,76.45401204,0.00000000,0.00000000,94.69756566,107.32720193,101.68074366,1745.79450000,26841.32727999,9891.18697000
6,269,0.000000,0.241000,0.00000000,106.72863180,0.00000000,75.53997958,0.00000000,0.00000000,94.69756566,106.72863180,101.68074366,1745.79450000,27190.48617983,7912.94957600
6,270,0.000000,0.304000,0.00000000,106.72863180,0.00000000,123.18696098,0.00000000,0.00000000,94.69756566,106.72863180,101.68074366,1745.79450000,27539.64507966,7912.94957600
6,271,0.117000,0.479000,21.30817461,36.36184007,0.00000000,325.90647882,0.00000000,0.00000000,49.73928100,57.67001469,53.75120360,1002.98064984,27145.99012933,7912.94957600
6,272,0.321000,0.630000,30.37356422,0.00000000,28.08732510,476.46981399,0.00000000,0.00000000,25.00174700,30.37356422,27.15938231,539.40882693,26288.76335610,7912.94957600
6,273,0.485000,0.588000,88.32875802,18.39987378,0.00000000,426.30528594,0.00000000,0.00000000,94.69756566,106.72863180,101.68074366,1745.79450000,26637.92225593,7912.94957600
6,274,0.599000,0.500000,89.29817159,0.00000000,19.79239759,378.15064602,0.00000000,0.00000000,78.66539600,89.29817159,84.63531998,1492.48099468,26733.76765044,7912.94957600
6,275,0.662000,0.398000,89.29817159,0.00000000,31.26603007,301.00791423,0.00000000,0.00000000,78.66539600,89.29817159,84.63531998,1492.48099468,26829.61304495,7912.94957600
6,276,0.680000,0.302000,72.94337341,0.00000000,50.89900897,228.40299020,0.00000000,0.00000000,63.67817400,72.94337341,68.65710075,1244.73168631,26677.70913110,7912.94957600
6,277,0.654000,0.251000,106.72863180,0.00000000,12.37860066,189.83162430,0.00000000,0.00000000,94.69756566,106.72863180,101.68074366,1745.79450000,27026.86803094,7912.94957600
6,278,0.583000,0.251000,43.47863956,0.00000000,62.69799121,189.83162430,0.00000000,0.00000000,36.84682300,43.47863956,39.91750131,767.66957627,26397.90200704,7912.94957600
6,279,0.465000,0.294000,84.68633501,22.04229679,0.00000000,200.31028307,0.00000000,0.00000000,94.69756566,106.72863180,101.68074366,1745.79450000,26747.06090688,7912.94957600
6,280,0.294000,0.376000,0.00000000,43.47863956,53.54361826,240.89064625,0.00000000,0.00000000,36.84682300,43.47863956,39.91750131,767.66957627,26118.09488298,7912.94957600
6,281,0.107000,0.494000,19.48696311,87.24166869,0.00000000,286.37116958,0.00000000,0.00000000,94.69756566,106.72863180,101.68074366,1745.79450000,26467.25378282,7912.94957600
6,282,0.000000,0.621000,0.00000000,30.37356422,0.00000000,439.28953814,0.00000000,0.00000000,25.00174700,30.37356422,27.15938231,539.40882693,25610.02700958,7912.94957600
6,283,0.000000,0.687000,0.00000000,106.72863180,0.00000000,412.85035584,0.00000000,0.00000000,94.69756566,106.72863180,101.68074366,1745.79450000,25959.18590942,7912.94957600
6,284,0.000000,0.697000,0.00000000,106.72863180,0.00000000,420.41336876,0.00000000,0.00000000,94.69756566,106.72863180,101.68074366,1745.79450000,26308.34480925,7912.94957600
6,285,0.000000,0.699000,0.00000000,106.72863180,0.00000000,421.92597134,0.00000000,0.00000000,94.69756566,106.72863180,101.68074366,1745.79450000,26657.50370909,7912.94957600
6,286,0.000000,0.709000,0.00000000,106.72863180,0.00000000,429.48898426,0.00000000,0.00000000,94.69756566,106.72863180,101.68074366,1745.79450000,27006.66260892,7912.94957600
6,287,0.000000,0.644000,0.00000000,106.72863180,0.00000000,380.32940028,0.00000000,0.00000000,94.69756566,106.72863180,101.68074366,1745.79450000,27355.82150876,7912.94957600
6,288,0.000000,0.570000,0.00000000,106.72863180,0.00000000,324.36310467,0.00000000,0.00000000,94.69756566,106.72863180,101.68074366,1745.79450000,27704.98040860,7912.94957600
6,289,0.000000,0.501000,0.00000000,43.47863956,0.00000000,335.42830775,0.00000000,0.00000000,36.84682300,43.47863956,39.91750131,767.66957627,27076.01438470,7912.94957600
6,290,0.000000,0.445000,0.00000000,106.72863180,0.00000000,229.82544316,0.00000000,0.00000000,94.69756566,106.72863180,101.68074366,1745.79450000,27425.17328454,7912.94957600
6,291,0.000000,0.383000,0.00000000,106.72863180,0.00000000,182.93476305,0.00000000,0.00000000,94.69756566,106.72863180,101.68074366,1745.79450000,27774.33218437,7912.94957600
6,292,0.000000,0.347000,0.00000000,106.72863180,0.00000000,155.70791654,0.00000000,0.00000000,94.69756566,106.72863180,101.68074366,1745.79450000,28123.49108421,7912.94957600
6,293,0.000000,0.325000,0.00000000,107.32720193,0.00000000,138.47071799,0.00000000,0.00000000,94.69756566,107.32720193,101.68074366,1745.79450000,28123.49108400,9891.18697000
6,294,0.000000,0.297000,0.00000000,43.47863956,0.00000000,181.14284418,0.00000000,0.00000000,36.84682300,43.47863956,39.91750131,767.66957627,27494.52506011,7912.94957600
6,295,0.122000,0.383000,22.21878037,8.15478386,0.00000000,281.50861100,0.00000000,0.00000000,25.00174700,30.37356422,27.15938231,539.40882693,26637.29828687,7912.94957600
6,296,0.317000,0.602000,57.73240472,49.59479720,0.00000000,405.69858061,0.00000000,0.00000000,94.69756566,107.32720193,101.68074366,1745.79450000,26637.29828667,9891.18697000
6,297,0.481000,0.562000,0.00000000,57.67001469,87.60027342,367.37131144,0.00000000,0.00000000,49.73928100,57.67001469,53.75120360,1002.98064984,26243.64333634,7912.94957600
6,298,0.586000,0.480000,106.72299422,0.00563758,0.00000000,363.01898261,0.00000000,0.00000000,94.69756566,106.72863180,101.68074366,1745.79450000,26592.80223617,7912.94957600
6,299,0.651000,0.407000,106.72863180,0.00000000,11.83223721,307.81462586,0.00000000,0.00000000,94.69756566,106.72863180,101.68074366,1745.79450000,26941.96113601,7912.94957600
6,300,0.667000,0.350000,107.32720193,0.00000000,14.14760549,264.70545222,0.00000000,0.00000000,94.69756566,107.32720193,101.68074366,1745.79450000,26941.96113580,9891.18697000
6,301,0.638000,0.325000,57.67001469,0.00000000,58.52327936,245.79791992,0.00000000,0.00000000,49.73928100,57.67001469,53.75120360,1002.98064984,26548.30618548,7912.94957600
6,302,0.566000,0.343000,43.47863956,0.00000000,59.60193165,259.41134317,0.00000000,0.00000000,36.84682300,43.47863956,39.91750131,767.66957627,25919.34016158,7912.94957600
6,303,0.447000,0.410000,81.40815430,25.32047750,0.00000000,284.76305224,0.00000000,0.00000000,94.69756566,106.72863180,101.68074366,1745.79450000,26268.49906142,7912.94957600
6,304,0.284000,0.524000,43.47863956,0.00000000,8.24376720,396.30187703,0.00000000,0.00000000,36.84682300,43.47863956,39.91750131,767.66957627,25639.53303752,7912.94957600
6,305,0.099000,0.656000,18.02999390,88.69863790,0.00000000,407.43500969,0.00000000,0.00000000,94.69756566,106.72863180,101.68074366,1745.79450000,25988.69193736,7912.94957600
6,306,0.000000,0.722000,0.00000000,106.72863180,0.00000000,439.32090106,0.00000000,0.00000000,94.69756566,106.72863180,101.68074366,1745.79450000,26337.85083719,7912.94957600
6,307,0.000000,0.707000,0.00000000,57.67001469,0.00000000,477.03499879,0.00000000,0.00000000,49.73928100,57.67001469,53.75120360,1002.98064984,25944.19588687,7912.94957600
6,308,0.000000,0.734000,0.00000000,106.72863180,0.00000000,448.39651656,0.00000000,0.00000000,94.69756566,106.72863180,101.68074366,1745.79450000,26293.35478670,7912.94957600
6,309,0.000000,0.809000,0.00000000,106.72863180,0.00000000,505.11911347,0.00000000,0.00000000,94.69756566,106.72863180,101.68074366,1745.79450000,26642.51368654,7912.94957600
6,310,0.000000,0.788000,0.00000000,107.32720193,0.00000000,488.63821621,0.00000000,0.00000000,94.69756566,107.32720193,101.68074366,1745.79450000,26642.51368633,9891.18697000
6,311,0.000000,0.739000,0.00000000,107.32720193,0.00000000,451.57945290,0.00000000,0.00000000,94.69756566,107.32720193,101.68074366,1745.79450000,26642.51368613,9891.18697000
6,312,0.000000,0.684000,0.00000000,72.94337341,0.00000000,444.36671035,0.00000000,0.00000000,63.67817400,72.94337341,68.65710075,1244.73168631,26490.60977228,7912.94957600
6,313,0.000000,0.637000,0.00000000,106.72863180,0.00000000,375.03529123,0.00000000,0.00000000,94.69756566,106.72863180,101.68074366,1745.79450000,26839.76867211,7912.94957600
6,314,0.000000,0.570000,0.00000000,106.72863180,0.00000000,324.36310467,0.00000000,0.00000000,94.69756566,106.72863180,101.68074366,1745.79450000,27188.92757195,7912.94957600
6,315,0.000000,0.511000,0.00000000,106.72863180,0.00000000,279.74132844,0.00000000,0.00000000,94.69756566,106.72863180,101.68074366,1745.79450000,27538.08647178,7912.94957600
6,316,0.000000,0.457000,0.00000000,106.72863180,0.00000000,238.90105867,0.00000000,0.00000000,94.69756566,106.72863180,101.68074366,1745.79450000,27887.24537162,7912.94957600
6,317,0.000000,0.407000,0.00000000,106.72863180,0.00000000,201.08599406,0.00000000,0.00000000,94.69756566,106.72863180,101.68074366,1745.79450000,28236.40427146,7912.94957600
6,318,0.000000,0.381000,0.00000000,44.07720969,0.00000000,244.07358258,0.00000000,0.00000000,36.84682300,44.07720969,39.91750131,767.66957627,27258.27934752,9891.18697000
6,319,0.101000,0.434000,18.39423621,88.93296572,0.00000000,239.30179503,0.00000000,0.00000000,94.69756566,107.32720193,101.68074366,1745.79450000,27258.27934731,9891.18697000
6,320,0.287000,0.797000,43.47863956,0.00000000,8.79013065,602.77212976,0.00000000,0.00000000,36.84682300,43.47863956,39.91750131,767.66957627,26629.31332342,7912.94957600
6,321,0.453000,0.878000,0.00000000,73.54194353,82.50088120,590.49059088,0.00000000,0.00000000,63.67817400,73.54194353,68.65710075,1244.73168631,26128.25050953,9891.18697000
6,322,0.578000,0.883000,105.26602502,1.46260678,0.00000000,666.35143410,0.00000000,0.00000000,94.69756566,106.72863180,101.68074366,1745.79450000,26477.40940936,7912.94957600
6,323,0.645000,0.873000,0.00000000,89.29817159,117.46814211,570.95285637,0.00000000,0.00000000,78.66539600,89.29817159,84.63531998,1492.48099468,26573.25480387,7912.94957600
6,324,0.669000,0.861000,106.72863180,0.00000000,15.11041792,651.17541245,0.00000000,0.00000000,94.69756566,106.72863180,101.68074366,1745.79450000,26922.41370371,7912.94957600
6,325,0.643000,0.856000,106.72863180,0.00000000,10.37526800,647.39390599,0.00000000,0.00000000,94.69756566,106.72863180,101.68074366,1745.79450000,27271.57260355,7912.94957600
6,326,0.572000,0.857000,72.94337341,0.00000000,31.22992471,648.15020728,0.00000000,0.00000000,63.67817400,72.94337341,68.65710075,1244.73168631,27119.66868969,7912.94957600
6,327,0.455000,0.867000,0.00000000,30.37356422,82.86512350,625.33965598,0.00000000,0.00000000,25.00174700,30.37356422,27.15938231,539.40882693,26262.44191645,7912.94957600
6,328,0.294000,0.882000,53.54361826,53.18501354,0.00000000,613.87272605,0.00000000,0.00000000,94.69756566,106.72863180,101.68074366,1745.79450000,26611.60081629,7912.94957600
6,329,0.106000,0.892000,19.30484196,87.42378984,0.00000000,587.19696266,0.00000000,0.00000000,94.69756566,106.72863180,101.68074366,1745.79450000,26960.75971613,7912.94957600
6,330,0.000000,0.876000,0.00000000,30.37356422,0.00000000,632.14636761,0.00000000,0.00000000,25.00174700,30.37356422,27.15938231,539.40882693,26103.53294289,7912.94957600
6,331,0.000000,0.863000,0.00000000,106.72863180,0.00000000,545.95938324,0.00000000,0.00000000,94.69756566,106.72863180,101.68074366,1745.79450000,26452.69184272,7912.94957600
6,332,0.000000,0.846000,0.00000000,106.72863180,0.00000000,533.10226127,0.00000000,0.00000000,94.69756566,106.72863180,101.68074366,1745.79450000,26801.85074256,7912.94957600
6,333,0.000000,0.827000,0.00000000,106.72863180,0.00000000,518.73253672,0.00000000,0.00000000,94.69756566,106.72863180,101.68074366,1745.79450000,27151.00964240,7912.94957600
6,334,0.000000,0.800000,0.00000000,106.72863180,0.00000000,498.31240184,0.00000000,0.00000000,94.69756566,106.72863180,101.68074366,1745.79450000,27500.16854223,7912.94957600
6,335,0.000000,0.766000,0.00000000,106.72863180,0.00000000,472.59815791,0.00000000,0.00000000,94.69756566,106.72863180,101.68074366,1745.79450000,27849.32744207,7912.94957600
6,336,0.000000,0.723000,0.00000000,106.72863180,0.00000000,440.07720235,0.00000000,0.00000000,94.69756566,106.72863180,101.68074366,1745.79450000,28198.48634190,7912.94957600
6,337,0.000000,0.666000,0.00000000,106.72863180,0.00000000,396.96802870,0.00000000,0.00000000,94.69756566,106.72863180,101.68074366,1745.79450000,28547.64524174,7912.94957600
6,338,0.000000,0.562000,0.00000000,106.72863180,0.00000000,318.31269433,0.00000000,0.00000000,94.69756566,106.72863180,101.68074366,1745.79450000,28896.80414158,7912.94957600
6,339,0.000000,0.497000,0.00000000,106.72863180,0.00000000,269.15311035,0.00000000,0.00000000,94.69756566,106.72863180,101.68074366,1745.79450000,29245.96304141,7912.94957600
6,340,0.000000,0.463000,0.00000000,89.29817159,0.00000000,260.86932663,0.00000000,0.00000000,78.66539600,89.29817159,84.63531998,1492.48099468,29341.80843592,7912.94957600
6,341,0.000000,0.416000,0.00000000,107.32720193,0.00000000,207.29413557,0.00000000,0.00000000,94.69756566,107.32720193,101.68074366,1745.79450000,29341.80843572,9891.18697000
6,342,0.000000,0.388000,0.00000000,107.32720193,0.00000000,186.11769939,0.00000000,0.00000000,94.69756566,107.32720193,101.68074366,1745.79450000,29341.80843551,9891.18697000
6,343,0.116000,0.523000,21.12605346,85.60257834,0.00000000,309.94299740,0.00000000,0.00000000,94.69756566,106.72863180,101.68074366,1745.79450000,29690.96733535,7912.94957600
6,344,0.308000,0.778000,56.09331437,50.63531743,0.00000000,537.76708778,0.00000000,0.00000000,94.69756566,106.72863180,101.68074366,1745.79450000,30040.12623519,7912.94957600
6,345,0.468000,0.812000,85.23269846,22.09450347,0.00000000,592.02214567,0.00000000,0.00000000,94.69756566,107.32720193,101.68074366,1745.79450000,30040.12623498,9891.18697000
6,346,0.571000,0.791000,73.54194353,0.00000000,30.44923343,598.23432201,0.00000000,0.00000000,63.67817400,73.54194353,68.65710075,1244.73168631,29539.06342109,9891.18697000
6,347,0.637000,0.773000,73.54194353,0.00000000,42.46922937,584.62089875,0.00000000,0.00000000,63.67817400,73.54194353,68.65710075,1244.73168631,29038.00060719,9891.18697000
6,348,0.661000,0.754000,106.72863180,0.00000000,13.65344871,570.25117420,0.00000000,0.00000000,94.69756566,106.72863180,101.68074366,1745.79450000,29387.15950703,7912.94957600
6,349,0.636000,0.731000,72.94337341,0.00000000,42.88567834,552.85624449,0.00000000,0.00000000,63.67817400,72.94337341,68.65710075,1244.73168631,29235.25559318,7912.94957600
6,350,0.563000,0.717000,57.67001469,0.00000000,44.86419307,542.26802640,0.00000000,0.00000000,49.73928100,57.67001469,53.75120360,1002.98064984,28841.60064285,7912.94957600
6,351,0.440000,0.722000,80.13330624,26.59532556,0.00000000,519.45420730,0.00000000,0.00000000,94.69756566,106.72863180,101.68074366,1745.79450000,29190.75954268,7912.94957600
6,352,0.276000,0.752000,50.26543755,57.06176437,0.00000000,511.67680725,0.00000000,0.00000000,94.69756566,107.32720193,101.68074366,1745.79450000,29190.75954248,9891.18697000
6,353,0.096000,0.783000,17.48363045,89.84357147,0.00000000,502.34034020,0.00000000,0.00000000,94.69756566,107.32720193,101.68074366,1745.79450000,29190.75954227,9891.18697000
6,354,0.000000,0.785000,0.00000000,107.32720193,0.00000000,486.36931233,0.00000000,0.00000000,94.69756566,107.32720193,101.68074366,1745.79450000,29190.75954207,9891.18697000
6,355,0.000000,0.797000,0.00000000,106.72863180,0.00000000,496.04349796,0.00000000,0.00000000,94.69756566,106.72863180,101.68074366,1745.79450000,29539.91844190,7912.94957600
6,356,0.000000,0.778000,0.00000000,106.72863180,0.00000000,481.67377341,0.00000000,0.00000000,94.69756566,106.72863180,101.68074366,1745.79450000,29889.07734174,7912.94957600
6,357,0.000000,0.768000,0.00000000,106.72863180,0.00000000,474.11076049,0.00000000,0.00000000,94.69756566,106.72863180,101.68074366,1745.79450000,30238.23624158,7912.94957600
6,358,0.000000,0.739000,0.00000000,107.32720193,0.00000000,451.57945290,0.00000000,0.00000000,94.69756566,107.32720193,101.68074366,1745.79450000,30238.23624137,9891.18697000
6,359,0.000000,0.722000,0.00000000,107.32720193,0.00000000,438.72233093,0.00000000,0.00000000,94.69756566,107.32720193,101.68074366,1745.79450000,30238.23624117,9891.18697000
6,360,0.000000,0.700000,0.00000000,43.47863956,0.00000000,485.93226487,0.00000000,0.00000000,36.84682300,43.47863956,39.91750131,767.66957627,29609.27021727,7912.94957600
6,361,0.000000,0.637000,0.00000000,57.67001469,0.00000000,424.09390835,0.00000000,0.00000000,49.73928100,57.67001469,53.75120360,1002.98064984,29215.61526694,7912.94957600
6,362,0.000000,0.580000,0.00000000,106.72863180,0.00000000,331.92611759,0.00000000,0.00000000,94.69756566,106.72863180,101.68074366,1745.79450000,29564.77416678,7912.94957600
6,363,0.000000,0.544000,0.00000000,107.32720193,0.00000000,304.10070095,0.00000000,0.00000000,94.69756566,107.32720193,101.68074366,1745.79450000,29564.77416657,9891.18697000
6,364,0.000000,0.505000,0.00000000,106.72863180,0.00000000,275.20352068,0.00000000,0.00000000,94.69756566,106.72863180,101.68074366,1745.79450000,29913.93306641,7912.94957600
6,365,0.000000,0.494000,0.00000000,57.67001469,0.00000000,315.94282358,0.00000000,0.00000000,49.73928100,57.67001469,53.75120360,1002.98064984,29520.27811608,7912.94957600
6,366,0.000000,0.488000,0.00000000,89.29817159,0.00000000,279.77685893,0.00000000,0.00000000,78.66539600,89.29817159,84.63531998,1492.48099468,29616.12351059,7912.94957600
6,367,0.119000,0.573000,21.67241692,85.65478501,0.00000000,347.70585533,0.00000000,0.00000000,94.69756566,107.32720193,101.68074366,1745.79450000,29616.12351039,9891.18697000
6,368,0.311000,0.814000,44.07720969,0.00000000,12.56246814,615.62925173,0.00000000,0.00000000,36.84682300,44.07720969,39.91750131,767.66957627,28637.99858645,9891.18697000
6,369,0.473000,0.832000,86.14330421,20.58532759,0.00000000,608.65734739,0.00000000,0.00000000,94.69756566,106.72863180,101.68074366,1745.79450000,28987.15748629,7912.94957600
6,370,0.579000,0.773000,73.54194353,0.00000000,31.90620264,584.62089875,0.00000000,0.00000000,63.67817400,73.54194353,68.65710075,1244.73168631,28486.09467240,9891.18697000
6,371,0.628000,0.702000,106.72863180,0.00000000,7.64345075,530.92350702,0.00000000,0.00000000,94.69756566,106.72863180,101.68074366,1745.79450000,28835.25357223,7912.94957600
6,372,0.631000,0.644000,106.72863180,0.00000000,8.18981420,487.05803208,0.00000000,0.00000000,94.69756566,106.72863180,101.68074366,1745.79450000,29184.41247207,7912.94957600
6,373,0.572000,0.602000,104.17329812,2.55533369,0.00000000,452.73804413,0.00000000,0.00000000,94.69756566,106.72863180,101.68074366,1745.79450000,29533.57137190,7912.94957600
6,374,0.453000,0.574000,82.50088120,24.82632073,0.00000000,409.29062091,0.00000000,0.00000000,94.69756566,107.32720193,101.68074366,1745.79450000,29533.57137170,9891.18697000
6,375,0.326000,0.574000,59.37149508,13.57187833,0.00000000,420.54506331,0.00000000,0.00000000,63.67817400,72.94337341,68.65710075,1244.73168631,29381.66745785,7912.94957600
6,376,0.226000,0.590000,41.15938002,2.31925954,0.00000000,443.89850277,0.00000000,0.00000000,36.84682300,43.47863956,39.91750131,767.66957627,28752.70143395,7912.94957600
6,377,0.099000,0.618000,18.02999390,39.64002078,0.00000000,427.75417770,0.00000000,0.00000000,49.73928100,57.67001469,53.75120360,1002.98064984,28359.04648362,7912.94957600
6,378,0.000000,0.656000,0.00000000,106.72863180,0.00000000,389.40501578,0.00000000,0.00000000,94.69756566,106.72863180,101.68074366,1745.79450000,28708.20538346,7912.94957600
6,379,0.000000,0.681000,0.00000000,89.29817159,0.00000000,425.74300829,0.00000000,0.00000000,78.66539600,89.29817159,84.63531998,1492.48099468,28804.05077797,7912.94957600
6,380,0.000000,0.669000,0.00000000,106.72863180,0.00000000,399.23693258,0.00000000,0.00000000,94.69756566,106.72863180,101.68074366,1745.79450000,29153.20967781,7912.94957600
6,381,0.000000,0.653000,0.00000000,106.72863180,0.00000000,387.13611191,0.00000000,0.00000000,94.69756566,106.72863180,101.68074366,1745.79450000,29502.36857764,7912.94957600
6,382,0.000000,0.646000,0.00000000,30.97213435,0.00000000,457.59850031,0.00000000,0.00000000,25.00174700,30.97213435,27.15938231,539.40882693,28295.98290436,9891.18697000
6,383,0.000000,0.614000,0.00000000,57.67001469,0.00000000,406.69897863,0.00000000,0.00000000,49.73928100,57.67001469,53.75120360,1002.98064984,27902.32795403,7912.94957600
6,384,0.000000,0.578000,0.00000000,106.72863180,0.00000000,330.41351500,0.00000000,0.00000000,94.69756566,106.72863180,101.68074366,1745.79450000,28251.48685387,7912.94957600
6,385,0.000000,0.534000,0.00000000,106.72863180,0.00000000,297.13625815,0.00000000,0.00000000,94.69756566,106.72863180,101.68074366,1745.79450000,28600.64575371,7912.94957600
6,386,0.000000,0.501000,0.00000000,106.72863180,0.00000000,272.17831552,0.00000000,0.00000000,94.69756566,106.72863180,101.68074366,1745.79450000,28949.80465354,7912.94957600
6,387,0.000000,0.448000,0.00000000,106.72863180,0.00000000,232.09434704,0.00000000,0.00000000,94.69756566,106.72863180,101.68074366,1745.79450000,29298.96355338,7912.94957600
6,388,0.000000,0.390000,0.00000000,106.91412811,0.00000000,188.04337578,0.00000000,0.00000000,94.69756566,106.91412811,101.68074366,1745.79450000,29539.91844149,8526.00346676
6,389,0.000000,0.368000,0.00000000,106.72863180,0.00000000,171.59024367,0.00000000,0.00000000,94.69756566,106.72863180,101.68074366,1745.79450000,29889.07734133,7912.94957600
6,390,0.000000,0.353000,0.00000000,106.72863180,0.00000000,160.24572429,0.00000000,0.00000000,94.69756566,106.72863180,101.68074366,1745.79450000,30238.23624117,7912.94957600
6,391,0.135000,0.383000,24.58635532,19.49085436,0.00000000,270.17254049,0.00000000,0.00000000,36.84682300,44.07720969,39.91750131,767.66957627,29260.11131723,9891.18697000
6,392,0.338000,0.707000,0.00000000,57.67001469,61.55694889,477.03499879,0.00000000,0.00000000,49.73928100,57.67001469,53.75120360,1002.98064984,28866.45636690,7912.94957600
6,393,0.503000,0.599000,72.94337341,0.00000000,18.66356532,453.02447394,0.00000000,0.00000000,63.67817400,72.94337341,68.65710075,1244.73168631,28714.55245305,7912.94957600
6,394,0.618000,0.438000,43.47863956,0.00000000,69.07223148,331.25996592,0.00000000,0.00000000,36.84682300,43.47863956,39.91750131,767.66957627,28085.58642916,7912.94957600
6,395,0.682000,0.315000,106.72863180,0.00000000,17.47799288,238.23490699,0.00000000,0.00000000,94.69756566,106.72863180,101.68074366,1745.79450000,28434.74532899,7912.94957600
6,396,0.700000,0.227000,89.89674172,0.00000000,37.58806367,171.68039329,0.00000000,0.00000000,78.66539600,89.89674172,84.63531998,1492.48099468,28181.43182346,9891.18697000
6,397,0.673000,0.160000,89.29817159,0.00000000,33.26936273,121.00820673,0.00000000,0.00000000,78.66539600,89.29817159,84.63531998,1492.48099468,28277.27721797,7912.94957600
6,398,0.601000,0.121000,107.32720193,0.00000000,2.12760956,91.51245634,0.00000000,0.00000000,94.69756566,107.32720193,101.68074366,1745.79450000,28277.27721777,9891.18697000
6,399,0.481000,0.119000,87.60027342,19.72692851,0.00000000,70.27292524,0.00000000,0.00000000,94.69756566,107.32720193,101.68074366,1745.79450000,28277.27721756,9891.18697000
6,400,0.316000,0.131000,57.55028357,49.17834823,0.00000000,49.89712103,0.00000000,0.00000000,94.69756566,106.72863180,101.68074366,1745.79450000,28626.43611740,7912.94957600
6,401,0.119000,0.173000,0.00000000,72.94337341,21.67241692,57.89675012,0.00000000,0.00000000,63.67817400,72.94337341,68.65710075,1244.73168631,28474.53220355,7912.94957600
6,402,0.000000,0.355000,0.00000000,107.32720193,0.00000000,161.15975675,0.00000000,0.00000000,94.69756566,107.32720193,101.68074366,1745.79450000,28474.53220334,9891.18697000
6,403,0.000000,0.574000,0.00000000,106.72863180,0.00000000,327.38830983,0.00000000,0.00000000,94.69756566,106.72863180,101.68074366,1745.79450000,28823.69110318,7912.94957600
6,404,0.000000,0.697000,0.00000000,107.32720193,0.00000000,419.81479863,0.00000000,0.00000000,94.69756566,107.32720193,101.68074366,1745.79450000,28823.69110297,9891.18697000
6,405,0.000000,0.740000,0.00000000,94.77076438,0.00000000,464.89219173,0.00000000,0.00000000,83.69897126,94.77076438,89.98702389,1572.01315627,28999.06865908,7912.94957600
6,406,0.000000,0.740000,0.00000000,106.72863180,0.00000000,452.93432431,0.00000000,0.00000000,94.69756566,106.72863180,101.68074366,1745.79450000,29348.22755891,7912.94957600
6,407,0.000000,0.720000,0.00000000,106.72863180,0.00000000,437.80829847,0.00000000,0.00000000,94.69756566,106.72863180,101.68074366,1745.79450000,29697.38645875,7912.94957600
6,408,0.000000,0.674000,0.00000000,106.72863180,0.00000000,403.01843904,0.00000000,0.00000000,94.69756566,106.72863180,101.68074366,1745.79450000,30046.54535858,7912.94957600
6,409,0.000000,0.606000,0.00000000,89.29817185,0.00000000,369.02041113,0.00000000,0.00000000,78.66539600,89.29817185,84.63532017,1492.48104146,30142.39079988,7912.94957600
6,410,0.000000,0.587000,0.00000000,89.29817185,0.00000000,354.65068658,0.00000000,0.00000000,78.66539600,89.29817185,84.63532017,1492.48104146,30238.23624117,7912.94957600
6,411,0.000000,0.548000,0.00000000,57.67001469,0.00000000,356.78309335,0.00000000,0.00000000,49.73928100,57.67001469,53.75120360,1002.98064984,29844.58129084,7912.94957600
6,412,0.000000,0.429000,0.00000000,107.25092145,0.00000000,217.20233284,0.00000000,0.00000000,94.69756566,107.25092145,101.68074366,1745.79450000,29889.07734133,9639.08469976
6,413,0.000000,0.368000,0.00000000,106.72863180,0.00000000,171.59024367,0.00000000,0.00000000,94.69756566,106.72863180,101.68074366,1745.79450000,30238.23624117,7912.94957600
6,414,0.000000,0.311000,0.00000000,107.32720193,0.00000000,127.88249990,0.00000000,0.00000000,94.69756566,107.32720193,101.68074366,1745.79450000,30238.23624096,9891.18697000
6,415,0.135000,0.439000,2.39428050,0.00000000,22.19207482,332.01626721,0.00000000,0.00000000,0.00000000,2.39428050,0.00000000,0.00000000,28841.60064080,7912.94957600
6,416,0.330000,0.648000,60.09997968,47.22722224,0.00000000,442.85601500,0.00000000,0.00000000,94.69756566,107.32720193,101.68074366,1745.79450000,28841.60064059,9891.18697000
6,417,0.490000,0.538000,89.23936377,17.48926803,0.00000000,389.40082709,0.00000000,0.00000000,94.69756566,106.72863180,101.68074366,1745.79450000,29190.75954043,7912.94957600
6,418,0.606000,0.381000,0.00000000,44.07720969,110.36541723,244.07358258,0.00000000,0.00000000,36.84682300,44.07720969,39.91750131,767.66957627,28212.63461649,9891.18697000
6,419,0.677000,0.270000,106.72863180,0.00000000,16.56738712,204.20134885,0.00000000,0.00000000,94.69756566,106.72863180,101.68074366,1745.79450000,28561.79351633,7912.94957600
6,420,0.686000,0.199000,106.72863180,0.00000000,18.20647748,150.50395712,0.00000000,0.00000000,94.69756566,106.72863180,101.68074366,1745.79450000,28910.95241617,7912.94957600
6,421,0.629000,0.153000,106.72863180,0.00000000,7.82557190,115.71409768,0.00000000,0.00000000,94.69756566,106.72863180,101.68074366,1745.79450000,29260.11131600,7912.94957600
6,422,0.527000,0.137000,95.97784634,10.75078546,0.00000000,92.86249155,0.00000000,0.00000000,94.69756566,106.72863180,101.68074366,1745.79450000,29609.27021584,7912.94957600
6,423,0.369000,0.172000,67.20270455,40.12449737,0.00000000,89.95932486,0.00000000,0.00000000,94.69756566,107.32720193,101.68074366,1745.79450000,29609.27021563,9891.18697000
6,424,0.188000,0.267000,30.97213435,0.00000000,3.26664195,201.93244498,0.00000000,0.00000000,25.00174700,30.97213435,27.15938231,539.40882693,28402.88454235,9891.18697000
6,425,0.081000,0.400000,14.75181319,58.19156021,0.00000000,244.32895660,0.00000000,0.00000000,63.67817400,72.94337341,68.65710075,1244.73168631,28250.98062850,7912.94957600
6,426,0.000000,0.550000,0.00000000,107.32720193,0.00000000,308.63850870,0.00000000,0.00000000,94.69756566,107.32720193,101.68074366,1745.79450000,28250.98062829,9891.18697000
6,427,0.000000,0.675000,0.00000000,44.07720969,0.00000000,466.42616245,0.00000000,0.00000000,36.84682300,44.07720969,39.91750131,767.66957627,27272.85570436,9891.18697000
6,428,0.000000,0.711000,0.00000000,107.32720193,0.00000000,430.40301672,0.00000000,0.00000000,94.69756566,107.32720193,101.68074366,1745.79450000,27272.85570415,9891.18697000
6,429,0.000000,0.781000,0.00000000,106.72863180,0.00000000,483.94267729,0.00000000,0.00000000,94.69756566,106.72863180,101.68074366,1745.79450000,27622.01460399,7912.94957600
6,430,0.000000,0.792000,0.00000000,107.32720193,0.00000000,491.66342138,0.00000000,0.00000000,94.69756566,107.32720193,101.68074366,1745.79450000,27622.01460378,9891.18697000
6,431,0.000000,0.749000,0.00000000,106.72863180,0.00000000,459.74103594,0.00000000,0.00000000,94.69756566,106.72863180,101.68074366,1745.79450000,27971.17350362,7912.94957600
6,432,0.000000,0.687000,0.00000000,107.32720193,0.00000000,412.25178571,0.00000000,0.00000000,94.69756566,107.32720193,101.68074366,1745.79450000,27971.17350342,9891.18697000
6,433,0.000000,0.647000,0.00000000,106.72863180,0.00000000,382.59830415,0.00000000,0.00000000,94.69756566,106.72863180,101.68074366,1745.79450000,28320.33240325,7912.94957600
6,434,0.000000,0.606000,0.00000000,30.97213435,0.00000000,427.34644863,0.00000000,0.00000000,25.00174700,30.97213435,27.15938231,539.40882693,27113.94672997,9891.18697000
6,435,0.000000,0.558000,0.00000000,106.72863180,0.00000000,315.28748916,0.00000000,0.00000000,94.69756566,106.72863180,101.68074366,1745.79450000,27463.10562981,7912.94957600
6,436,0.000000,0.509000,0.00000000,72.94337341,0.00000000,312.01398424,0.00000000,0.00000000,63.67817400,72.94337341,68.65710075,1244.73168631,27311.20171596,7912.94957600
6,437,0.000000,0.454000,0.00000000,106.72863180,0.00000000,236.63215479,0.00000000,0.00000000,94.69756566,106.72863180,101.68074366,1745.79450000,27660.36061579,7912.94957600
6,438,0.000000,0.393000,0.00000000,106.72863180,0.00000000,190.49777597,0.00000000,0.00000000,94.69756566,106.72863180,101.68074366,1745.79450000,28009.51951563,7912.94957600
6,439,0.135000,0.504000,24.58635532,65.31038639,0.00000000,315.86546480,0.00000000,0.00000000,78.66539600,89.89674172,84.63531998,1492.48099468,27756.20601010,9891.18697000
6,440,0.332000,0.642000,0.00000000,43.47863956,60.46422198,442.06678993,0.00000000,0.00000000,36.84682300,43.47863956,39.91750131,767.66957627,27127.23998620,7912.94957600
6,441,0.494000,0.574000,89.96784837,17.35935355,0.00000000,416.75758808,0.00000000,0.00000000,94.69756566,107.32720193,101.68074366,1745.79450000,27127.23998600,9891.18697000
6,442,0.606000,0.466000,107.32720193,0.00000000,3.03821531,352.43640209,0.00000000,0.00000000,94.69756566,107.32720193,101.68074366,1745.79450000,27127.23998579,9891.18697000
6,443,0.667000,0.381000,57.67001469,0.00000000,63.80479273,288.15079227,0.00000000,0.00000000,49.73928100,57.67001469,53.75120360,1002.98064984,26733.58503546,7912.94957600
6,444,0.685000,0.314000,107.32720193,0.00000000,17.42578620,237.47860570,0.00000000,0.00000000,94.69756566,107.32720193,101.68074366,1745.79450000,26733.58503526,9891.18697000
6,445,0.661000,0.271000,107.32720193,0.00000000,13.05487859,204.95765014,0.00000000,0.00000000,94.69756566,107.32720193,101.68074366,1745.79450000,26733.58503505,9891.18697000
6,446,0.585000,0.264000,30.37356422,0.00000000,76.16730885,199.66354110,0.00000000,0.00000000,25.00174700,30.37356422,27.15938231,539.40882693,25876.35826182,7912.94957600
6,447,0.454000,0.295000,73.54194353,0.00000000,9.14105882,223.10888115,0.00000000,0.00000000,63.67817400,73.54194353,68.65710075,1244.73168631,25375.29544792,9891.18697000
6,448,0.273000,0.376000,49.71907410,57.60812783,0.00000000,226.76115798,0.00000000,0.00000000,94.69756566,107.32720193,101.68074366,1745.79450000,25375.29544772,9891.18697000
6,449,0.065000,0.507000,11.83787479,94.89075701,0.00000000,288.55399805,0.00000000,0.00000000,94.69756566,106.72863180,101.68074366,1745.79450000,25724.45434755,7912.94957600
6,450,0.000000,0.621000,0.00000000,106.76687949,0.00000000,362.89622287,0.00000000,0.00000000,94.69756566,106.76687949,101.68074366,1745.79450000,26051.30254500,8039.35582184
6,451,0.000000,0.712000,0.00000000,106.72863180,0.00000000,431.75788814,0.00000000,0.00000000,94.69756566,106.72863180,101.68074366,1745.79450000,26400.46144483,7912.94957600
6,452,0.000000,0.800000,0.00000000,57.67001469,0.00000000,547.37101895,0.00000000,0.00000000,49.73928100,57.67001469,53.75120360,1002.98064984,26006.80649451,7912.94957600
6,453,0.000000,0.831000,0.00000000,106.72863180,0.00000000,521.75774189,0.00000000,0.00000000,94.69756566,106.72863180,101.68074366,1745.79450000,26355.96539434,7912.94957600
6,454,0.000000,0.801000,0.00000000,106.72863180,0.00000000,499.06870313,0.00000000,0.00000000,94.69756566,106.72863180,101.68074366,1745.79450000,26705.12429418,7912.94957600
6,455,0.000000,0.722000,0.00000000,106.72863180,0.00000000,439.32090106,0.00000000,0.00000000,94.69756566,106.72863180,101.68074366,1745.79450000,27054.28319401,7912.94957600
6,456,0.000000,0.635000,0.00000000,106.72863180,0.00000000,373.52268865,0.00000000,0.00000000,94.69756566,106.72863180,101.68074366,1745.79450000,27403.44209385,7912.94957600
6,457,0.000000,0.568000,0.00000000,106.72863180,0.00000000,322.85050208,0.00000000,0.00000000,94.69756566,106.72863180,101.68074366,1745.79450000,27752.60099369,7912.94957600
6,458,0.000000,0.525000,0.00000000,107.32720193,0.00000000,289.73097640,0.00000000,0.00000000,94.69756566,107.32720193,101.68074366,1745.79450000,27752.60099348,9891.18697000
6,459,0.000000,0.491000,0.00000000,106.72863180,0.00000000,264.61530259,0.00000000,0.00000000,94.69756566,106.72863180,101.68074366,1745.79450000,28101.75989332,7912.94957600
6,460,0.000000,0.457000,0.00000000,106.72863180,0.00000000,238.90105867,0.00000000,0.00000000,94.69756566,106.72863180,101.68074366,1745.79450000,28450.91879315,7912.94957600
6,461,0.000000,0.416000,0.00000000,106.72863180,0.00000000,207.89270569,0.00000000,0.00000000,94.69756566,106.72863180,101.68074366,1745.79450000,28800.07769299,7912.94957600
6,462,0.000000,0.328000,0.00000000,107.32720193,0.00000000,140.73962187,0.00000000,0.00000000,94.69756566,107.32720193,101.68074366,1745.79450000,28800.07769278,9891.18697000
6,463,0.132000,0.498000,24.03999187,82.68863993,0.00000000,293.94940351,0.00000000,0.00000000,94.69756566,106.72863180,101.68074366,1745.79450000,29149.23659262,7912.94957600
6,464,0.329000,0.604000,59.91785853,46.81077327,0.00000000,409.99520713,0.00000000,0.00000000,94.69756566,106.72863180,101.68074366,1745.79450000,29498.39549246,7912.94957600
6,465,0.495000,0.553000,90.14996952,0.00000000,0.00000000,418.23461450,0.00000000,0.00000000,78.89830936,90.14996952,84.88295395,1496.16114779,29248.76214005,9891.18697000
6,466,0.609000,0.458000,106.72863180,0.00000000,4.18314889,346.38599176,0.00000000,0.00000000,94.69756566,106.72863180,101.68074366,1745.79450000,29597.92103988,7912.94957600
6,467,0.671000,0.367000,107.32720193,0.00000000,14.87609009,277.56257418,0.00000000,0.00000000,94.69756566,107.32720193,101.68074366,1745.79450000,29597.92103968,9891.18697000
6,468,0.689000,0.302000,57.67001469,0.00000000,67.81145804,228.40299020,0.00000000,0.00000000,49.73928100,57.67001469,53.75120360,1002.98064984,29204.26608935,7912.94957600
6,469,0.664000,0.276000,106.72863180,0.00000000,14.19981217,208.73915661,0.00000000,0.00000000,94.69756566,106.72863180,101.68074366,1745.79450000,29553.42498918,7912.94957600
6,470,0.592000,0.280000,107.32720193,0.00000000,0.48851920,211.76436177,0.00000000,0.00000000,94.69756566,107.32720193,101.68074366,1745.79450000,29553.42498898,9891.18697000
6,471,0.474000,0.312000,86.32542536,20.40320644,0.00000000,215.56279668,0.00000000,0.00000000,94.69756566,106.72863180,101.68074366,1745.79450000,29902.58388881,7912.94957600
6,472,0.310000,0.365000,56.45755667,47.08597367,0.00000000,228.96399792,0.00000000,0.00000000,91.76797648,103.54353034,98.56600066,1699.50604473,30205.45433338,7912.94957600
6,473,0.116000,0.434000,21.12605346,9.24751076,0.00000000,318.98724999,0.00000000,0.00000000,25.00174700,30.37356422,27.15938231,539.40882693,29348.22756014,7912.94957600
6,474,0.000000,0.556000,0.00000000,106.72863180,0.00000000,313.77488658,0.00000000,0.00000000,94.69756566,106.72863180,101.68074366,1745.79450000,29697.38645998,7912.94957600
6,475,0.000000,0.657000,0.00000000,107.32720193,0.00000000,389.56274695,0.00000000,0.00000000,94.69756566,107.32720193,101.68074366,1745.79450000,29697.38645977,9891.18697000
6,476,0.000000,0.680000,0.00000000,107.32720193,0.00000000,406.95767667,0.00000000,0.00000000,94.69756566,107.32720193,101.68074366,1745.79450000,29697.38645957,9891.18697000
6,477,0.000000,0.702000,0.00000000,107.32720193,0.00000000,423.59630509,0.00000000,0.00000000,94.69756566,107.32720193,101.68074366,1745.79450000,29697.38645936,9891.18697000
6,478,0.000000,0.776000,0.00000000,106.72863180,0.00000000,480.16117083,0.00000000,0.00000000,94.69756566,106.72863180,101.68074366,1745.79450000,30046.54535920,7912.94957600
6,479,0.000000,0.751000,0.00000000,89.89674197,0.00000000,478.08552835,0.00000000,0.00000000,78.66539600,89.89674197,84.63532017,1492.48104146,29793.23190045,9891.18697000
6,480,0.000000,0.708000,0.00000000,106.72863180,0.00000000,428.73268297,0.00000000,0.00000000,94.69756566,106.72863180,101.68074366,1745.79450000,30142.39080029,7912.94957600
6,481,0.000000,0.624000,0.00000000,107.32720193,0.00000000,364.60480431,0.00000000,0.00000000,94.69756566,107.32720193,101.68074366,1745.79450000,30142.39080008,9891.18697000
6,482,0.000000,0.556000,0.00000000,89.29817185,0.00000000,331.20534653,0.00000000,0.00000000,78.66539600,89.29817185,84.63532017,1492.48104146,30238.23624137,7912.94957600
6,483,0.000000,0.509000,0.00000000,107.32720193,0.00000000,277.63015573,0.00000000,0.00000000,94.69756566,107.32720193,101.68074366,1745.79450000,30238.23624117,9891.18697000
6,484,0.000000,0.465000,0.00000000,89.46248162,0.00000000,262.21761919,0.00000000,0.00000000,78.66539600,89.46248162,84.63532017,1492.48104146,30238.23624117,8455.98323771
6,485,0.000000,0.406000,0.00000000,100.73209193,0.00000000,206.32623264,0.00000000,0.00000000,88.63152250,100.73209193,95.23131874,1649.94905891,30142.39079988,9891.18697000
6,486,0.000000,0.383000,0.00000000,89.29817185,0.00000000,200.36522301,0.00000000,0.00000000,78.66539600,89.29817185,84.63532017,1492.48104146,30238.23624117,7912.94957600
6,487,0.133000,0.590000,24.22211302,83.10508890,0.00000000,363.11267341,0.00000000,0.00000000,94.69756566,107.32720193,101.68074366,1745.79450000,30238.23624096,9891.18697000
6,488,0.333000,0.719000,60.64634313,46.68085879,0.00000000,497.09977019,0.00000000,0.00000000,94.69756566,107.32720193,101.68074366,1745.79450000,30238.23624117,9891.18696768
6,489,0.497000,0.674000,89.89674197,0.00000000,0.61746985,509.74707084,0.00000000,0.00000000,78.66539600,89.89674197,84.63532017,1492.48104146,29984.92278242,9891.18697000
6,490,0.606000,0.590000,107.05725134,0.00000000,3.30816590,446.21776231,0.00000000,0.00000000,94.69756566,107.05725134,101.68074366,1745.79450000,30142.39079988,8999.01689826
6,491,0.669000,0.504000,89.29817185,0.00000000,32.54087787,381.17585119,0.00000000,0.00000000,78.66539600,89.29817185,84.63532017,1492.48104146,30238.23624117,7912.94957600
6,492,0.685000,0.442000,107.32720193,0.00000000,17.42578620,334.28517109,0.00000000,0.00000000,94.69756566,107.32720193,101.68074366,1745.79450000,30238.23624096,9891.18697000
6,493,0.657000,0.419000,107.32720193,0.00000000,12.32639399,316.89024137,0.00000000,0.00000000,94.69756566,107.32720193,101.68074366,1745.79450000,30238.23624076,9891.18697000
6,494,0.584000,0.436000,89.89674197,0.00000000,16.46200995,329.74736333,0.00000000,0.00000000,78.66539600,89.89674197,84.63532017,1492.48104146,29984.92278201,9891.18697000
6,495,0.463000,0.495000,84.32209271,23.00510922,0.00000000,351.36403034,0.00000000,0.00000000,94.69756566,107.32720193,101.68074366,1745.79450000,29984.92278180,9891.18697000
6,496,0.302000,0.593000,55.00058747,45.73150452,0.00000000,402.75516166,0.00000000,0.00000000,88.63152255,100.73209199,95.23131879,1649.94905973,29889.07734133,9891.18697000
6,497,0.111000,0.705000,20.21544771,86.51318409,0.00000000,446.67922680,0.00000000,0.00000000,94.69756566,106.72863180,101.68074366,1745.79450000,30238.23624117,7912.94957600
6,498,0.000000,0.772000,0.00000000,107.32720194,0.00000000,476.53739552,0.00000000,0.00000000,94.69756567,107.32720194,101.68074367,1745.79450020,30238.23624117,9891.18697000
6,499,0.000000,0.779000,0.00000000,89.46248162,0.00000000,499.69622489,0.00000000,0.00000000,78.66539600,89.46248162,84.63532017,1492.48104146,30238.23624117,8455.98323771
6,500,0.000000,0.755000,0.00000000,107.32720194,0.00000000,463.68027356,0.00000000,0.00000000,94.69756567,107.32720194,101.68074367,1745.79450020,30238.23624117,9891.18697000
6,501,0.000000,0.798000,0.00000000,100.73209193,0.00000000,502.79633912,0.00000000,0.00000000,88.63152250,100.73209193,95.23131874,1649.94905891,30142.39079988,9891.18697000
6,502,0.000000,0.823000,0.00000000,89.29817185,0.00000000,533.13779151,0.00000000,0.00000000,78.66539600,89.29817185,84.63532017,1492.48104146,30238.23624117,7912.94957600
6,503,0.000000,0.812000,0.00000000,107.32720193,0.00000000,506.78944722,0.00000000,0.00000000,94.69756566,107.32720193,101.68074366,1745.79450000,30238.23624117,9891.18696884
6,504,0.000000,0.787000,0.00000000,107.32720193,0.00000000,487.88191492,0.00000000,0.00000000,94.69756566,107.32720193,101.68074366,1745.79450000,30238.23624096,9891.18697000
6,505,0.000000,0.734000,0.00000000,107.32720193,0.00000000,447.79794644,0.00000000,0.00000000,94.69756566,107.32720193,101.68074366,1745.79450000,30238.23624076,9891.18697000
6,506,0.000000,0.674000,0.00000000,89.89674197,0.00000000,419.85032887,0.00000000,0.00000000,78.66539600,89.89674197,84.63532017,1492.48104146,29984.92278201,9891.18697000
6,507,0.000000,0.590000,0.00000000,93.53841185,0.00000000,352.67935046,0.00000000,0.00000000,82.56547938,93.53841185,88.78189385,1554.10361844,30142.39080029,7912.94957600
6,508,0.000000,0.522000,0.00000000,107.32720193,0.00000000,287.46207252,0.00000000,0.00000000,94.69756566,107.32720193,101.68074366,1745.79450000,30142.39080008,9891.18697000
6,509,0.000000,0.471000,0.00000000,89.89674197,0.00000000,266.32116658,0.00000000,0.00000000,78.66539600,89.89674197,84.63532017,1492.48104146,29889.07734133,9891.18697000
6,510,0.000000,0.425000,0.00000000,106.72863180,0.00000000,214.69941732,0.00000000,0.00000000,94.69756566,106.72863180,101.68074366,1745.79450000,30238.23624117,7912.94957600
6,511,0.129000,0.593000,23.49362842,66.40311355,0.00000000,382.08355263,0.00000000,0.00000000,78.66539600,89.89674197,84.63532017,1492.48104146,29984.92278242,9891.18697000
6,512,0.325000,0.844000,59.18937393,48.13782800,0.00000000,590.18046249,0.00000000,0.00000000,94.69756566,107.32720193,101.68074366,1745.79450000,29984.92278221,9891.18697000
6,513,0.488000,0.882000,88.87512147,1.02162051,0.00000000,666.03611908,0.00000000,0.00000000,78.66539600,89.89674197,84.63532017,1492.48104146,29731.60932346,9891.18697000
6,514,0.598000,0.883000,89.29817185,0.00000000,19.61027618,667.81404088,0.00000000,0.00000000,78.66539600,89.29817185,84.63532017,1492.48104146,29827.45476476,7912.94957600
6,515,0.667000,0.877000,107.32720193,0.00000000,14.14760549,663.27623313,0.00000000,0.00000000,94.69756566,107.32720193,101.68074366,1745.79450000,29827.45476455,9891.18697000
6,516,0.685000,0.876000,97.77865177,0.00000000,26.97433636,662.51993183,0.00000000,0.00000000,86.46556268,97.77865177,92.92846746,1615.72619420,30046.54535858,7912.94957600
6,517,0.657000,0.882000,89.29817185,0.00000000,30.35542406,667.05773959,0.00000000,0.00000000,78.66539600,89.29817185,84.63532017,1492.48104146,30142.39079988,7912.94957600
6,518,0.583000,0.893000,89.29817185,0.00000000,16.87845892,675.37705380,0.00000000,0.00000000,78.66539600,89.29817185,84.63532017,1492.48104146,30238.23624117,7912.94957600
6,519,0.463000,0.910000,0.00000000,73.54194353,84.32209271,614.69223223,0.00000000,0.00000000,63.67817400,73.54194353,68.65710075,1244.73168631,29737.17342727,9891.18697000
6,520,0.298000,0.928000,54.27210286,52.45652894,0.00000000,649.39107008,0.00000000,0.00000000,94.69756566,106.72863180,101.68074366,1745.79450000,30086.33232711,7912.94957600
6,521,0.109000,0.939000,19.85120541,73.90291143,0.00000000,636.26400180,0.00000000,0.00000000,82.21332809,93.75411684,88.40748615,1548.53951443,29889.07734133,9891.18697000
6,522,0.000000,0.929000,0.00000000,106.72863180,0.00000000,595.87526851,0.00000000,0.00000000,94.69756566,106.72863180,101.68074366,1745.79450000,30238.23624117,7912.94957600
6,523,0.000000,0.914000,0.00000000,89.89674197,0.00000000,601.36263896,0.00000000,0.00000000,78.66539600,89.89674197,84.63532017,1492.48104146,29984.92278242,9891.18697000
6,524,0.000000,0.887000,0.00000000,107.32720193,0.00000000,563.51204412,0.00000000,0.00000000,94.69756566,107.32720193,101.68074366,1745.79450000,29984.92278221,9891.18697000
6,525,0.000000,0.846000,0.00000000,100.13352182,0.00000000,539.69737125,0.00000000,0.00000000,88.63152251,100.13352182,95.23131875,1649.94905912,30238.23624117,7912.94957600
6,526,0.000000,0.798000,0.00000000,107.32720193,0.00000000,496.20122913,0.00000000,0.00000000,94.69756566,107.32720193,101.68074366,1745.79450000,30238.23624096,9891.18697000
6,527,0.000000,0.729000,0.00000000,107.32720193,0.00000000,444.01643998,0.00000000,0.00000000,94.69756566,107.32720193,101.68074366,1745.79450000,30238.23624117,9891.18696768
6,528,0.000000,0.653000,0.00000000,107.32720193,0.00000000,386.53754178,0.00000000,0.00000000,94.69756566,107.32720193,101.68074366,1745.79450000,30238.23624117,9891.18696884
6,529,0.000000,0.528000,0.00000000,107.32720193,0.00000000,291.99988028,0.00000000,0.00000000,94.69756566,107.32720193,101.68074366,1745.79450000,30238.23624096,9891.18697000
6,530,0.000000,0.434000,0.00000000,100.73209196,0.00000000,227.50266879,0.00000000,0.00000000,88.63152253,100.73209196,95.23131876,1649.94905932,30142.39080008,9891.18697000
6,531,0.000000,0.343000,0.00000000,89.29817185,0.00000000,170.11317132,0.00000000,0.00000000,78.66539600,89.29817185,84.63532017,1492.48104146,30238.23624137,7912.94957600
6,532,0.000000,0.267000,0.00000000,107.32720193,0.00000000,94.60524305,0.00000000,0.00000000,94.69756566,107.32720193,101.68074366,1745.79450000,30238.23624117,9891.18697000
6,533,0.000000,0.245000,0.00000000,89.46248162,0.00000000,95.83133493,0.00000000,0.00000000,78.66539600,89.46248162,84.63532017,1492.48104146,30238.23624117,8455.98323771
6,534,0.000000,0.225000,0.00000000,107.32720193,0.00000000,62.84058878,0.00000000,0.00000000,94.69756566,107.32720193,101.68074366,1745.79450000,30238.23624096,9891.18697000
6,535,0.119000,0.351000,21.67241692,67.79006470,0.00000000,197.67168881,0.00000000,0.00000000,78.66539600,89.46248162,84.63532017,1492.48104146,30238.23624117,8455.98323655
6,536,0.313000,0.692000,57.00392012,50.32328180,0.00000000,473.03721229,0.00000000,0.00000000,94.69756566,107.32720193,101.68074366,1745.79450000,30238.23624096,9891.18697000
6,537,0.473000,0.793000,86.14330421,21.18389774,0.00000000,578.56302685,0.00000000,0.00000000,94.69756569,107.32720195,101.68074369,1745.79450041,30238.23624117,9891.18697000
6,538,0.575000,0.806000,89.89674197,0.00000000,14.82291959,609.57884139,0.00000000,0.00000000,78.66539600,89.89674197,84.63532017,1492.48104146,29984.92278242,9891.18697000
6,539,0.642000,0.801000,107.32720193,0.00000000,9.59457673,605.79733493,0.00000000,0.00000000,94.69756566,107.32720193,101.68074366,1745.79450000,29984.92278221,9891.18697000
6,540,0.669000,0.791000,100.73209196,0.00000000,21.10695776,598.23432201,0.00000000,0.00000000,88.63152253,100.73209196,95.23131876,1649.94905932,29889.07734133,9891.18697000
6,541,0.637000,0.786000,106.72863180,0.00000000,9.28254110,594.45281555,0.00000000,0.00000000,94.69756566,106.72863180,101.68074366,1745.79450000,30238.23624117,7912.94957600
6,542,0.557000,0.795000,101.44148086,5.88572107,0.00000000,595.37380611,0.00000000,0.00000000,94.69756566,107.32720193,101.68074366,1745.79450000,30238.23624096,9891.18697000
6,543,0.444000,0.802000,80.86179084,8.60069077,0.00000000,597.95294545,0.00000000,0.00000000,78.66539600,89.46248162,84.63532017,1492.48104146,30238.23624117,8455.98323655
6,544,0.270000,0.808000,49.17271065,58.15449128,0.00000000,552.93695270,0.00000000,0.00000000,94.69756566,107.32720193,101.68074366,1745.79450000,30238.23624096,9891.18697000
6,545,0.087000,0.817000,15.84454010,91.48266183,0.00000000,526.41549378,0.00000000,0.00000000,94.69756566,107.32720193,101.68074366,1745.79450000,30238.23624076,9891.18697000
6,546,0.000000,0.809000,0.00000000,89.89674197,0.00000000,521.95100329,0.00000000,0.00000000,78.66539600,89.89674197,84.63532017,1492.48104146,29984.92278201,9891.18697000
6,547,0.000000,0.785000,0.00000000,100.13352183,0.00000000,493.56299242,0.00000000,0.00000000,88.63152253,100.13352183,95.23131876,1649.94905932,30238.23624117,7912.94957600
6,548,0.000000,0.773000,0.00000000,89.89674197,0.00000000,494.72415678,0.00000000,0.00000000,78.66539600,89.89674197,84.63532017,1492.48104146,29984.92278242,9891.18697000
6,549,0.000000,0.744000,0.00000000,107.32720193,0.00000000,455.36095936,0.00000000,0.00000000,94.69756566,107.32720193,101.68074366,1745.79450000,29984.92278221,9891.18697000
6,550,0.000000,0.666000,0.00000000,100.13352182,0.00000000,403.56313868,0.00000000,0.00000000,88.63152251,100.13352182,95.23131875,1649.94905912,30238.23624117,7912.94957600
6,551,0.000000,0.578000,0.00000000,107.32720193,0.00000000,329.81494488,0.00000000,0.00000000,94.69756566,107.32720193,101.68074366,1745.79450000,30238.23624117,9891.18696884
6,552,0.000000,0.486000,0.00000000,107.32720194,0.00000000,260.23522600,0.00000000,0.00000000,94.69756567,107.32720194,101.68074367,1745.79450020,30238.23624117,9891.18697000
6,553,0.000000,0.413000,0.00000000,89.46248162,0.00000000,222.88995200,0.00000000,0.00000000,78.66539600,89.46248162,84.63532017,1492.48104146,30238.23624117,8455.98323771
6,554,0.000000,0.373000,0.00000000,100.73209193,0.00000000,181.36829000,0.00000000,0.00000000,88.63152250,100.73209193,95.23131874,1649.94905891,30142.39079988,9891.18697000
6,555,0.000000,0.333000,0.00000000,89.29817185,0.00000000,162.55015840,0.00000000,0.00000000,78.66539600,89.29817185,84.63532017,1492.48104146,30238.23624117,7912.94957600
6,556,0.000000,0.307000,0.00000000,94.13698192,0.00000000,138.04751474,0.00000000,0.00000000,82.56547933,94.13698192,88.78189380,1554.10361762,30046.54535858,9891.18697000
6,557,0.000000,0.309000,0.00000000,89.29817185,0.00000000,144.39892739,0.00000000,0.00000000,78.66539600,89.29817185,84.63532017,1492.48104146,30142.39079988,7912.94957600
6,558,0.000000,0.318000,0.00000000,89.29817185,0.00000000,151.20563902,0.00000000,0.00000000,78.66539600,89.29817185,84.63532017,1492.48104146,30238.23624117,7912.94957600
6,559,0.105000,0.491000,19.12272081,88.20448112,0.00000000,283.13945328,0.00000000,0.00000000,94.69756566,107.32720193,101.68074366,1745.79450000,30238.23624096,9891.18697000
6,560,0.299000,0.731000,30.37356422,0.00000000,24.08065979,552.85624449,0.00000000,0.00000000,25.00174700,30.37356422,27.15938231,539.40882693,29381.00946772,7912.94957600
6,561,0.466000,0.745000,84.86845616,22.02605602,0.00000000,541.41840655,0.00000000,0.00000000,94.29958675,106.89451218,101.25761197,1739.50630471,29374.72127223,9891.18697000
6,562,0.580000,0.687000,105.63026732,1.09836448,0.00000000,518.48062316,0.00000000,0.00000000,94.69756566,106.72863180,101.68074366,1745.79450000,29723.88017207,7912.94957600
6,563,0.649000,0.607000,106.72863180,0.00000000,11.46799491,459.07488427,0.00000000,0.00000000,94.69756566,106.72863180,101.68074366,1745.79450000,30073.03907190,7912.94957600
6,564,0.677000,0.532000,107.32720193,0.00000000,15.96881700,402.35228737,0.00000000,0.00000000,94.69756566,107.32720193,101.68074366,1745.79450000,30073.03907170,9891.18697000
6,565,0.650000,0.488000,107.32720193,0.00000000,11.05154593,369.07503052,0.00000000,0.00000000,94.69756566,107.32720193,101.68074366,1745.79450000,30073.03907149,9891.18697000
6,566,0.580000,0.481000,43.47863956,0.00000000,62.15162776,363.78092147,0.00000000,0.00000000,36.84682300,43.47863956,39.91750131,767.66957627,29444.07304760,7912.94957600
6,567,0.462000,0.501000,84.13997155,22.58866025,0.00000000,356.31828707,0.00000000,0.00000000,94.69756566,106.72863180,101.68074366,1745.79450000,29793.23194743,7912.94957600
6,568,0.292000,0.538000,53.17937596,54.14782596,0.00000000,352.74226916,0.00000000,0.00000000,94.69756566,107.32720193,101.68074366,1745.79450000,29793.23194723,9891.18697000
6,569,0.105000,0.578000,0.00000000,89.89674172,19.12272081,347.24540509,0.00000000,0.00000000,78.66539600,89.89674172,84.63531998,1492.48099468,29539.91844170,9891.18697000
6,570,0.000000,0.610000,0.00000000,106.72863180,0.00000000,354.61515635,0.00000000,0.00000000,94.69756566,106.72863180,101.68074366,1745.79450000,29889.07734154,7912.94957600
6,571,0.000000,0.644000,0.00000000,106.72863180,0.00000000,380.32940028,0.00000000,0.00000000,94.69756566,106.72863180,101.68074366,1745.79450000,30238.23624137,7912.94957600
6,572,0.000000,0.604000,0.00000000,107.32720193,0.00000000,349.47877847,0.00000000,0.00000000,94.69756566,107.32720193,101.68074366,1745.79450000,30238.23624117,9891.18697000
6,573,0.000000,0.587000,0.00000000,107.32720193,0.00000000,336.62165651,0.00000000,0.00000000,94.69756566,107.32720193,101.68074366,1745.79450000,30238.23624096,9891.18697000
6,574,0.000000,0.618000,0.00000000,107.32720193,0.00000000,360.06699656,0.00000000,0.00000000,94.69756566,107.32720193,101.68074366,1745.79450000,30238.23624076,9891.18697000
6,575,0.000000,0.637000,0.00000000,107.32720197,0.00000000,374.43672107,0.00000000,0.00000000,94.69756570,107.32720197,101.68074370,1745.79450061,30238.23624117,9891.18697000
6,576,0.000000,0.610000,0.00000000,100.73209193,0.00000000,360.61169622,0.00000000,0.00000000,88.63152250,100.73209193,95.23131874,1649.94905891,30142.39079988,9891.18697000
6,577,0.000000,0.575000,0.00000000,89.29817185,0.00000000,345.57507108,0.00000000,0.00000000,78.66539600,89.29817185,84.63532017,1492.48104146,30238.23624117,7912.94957600
6,578,0.000000,0.540000,0.00000000,89.89674197,0.00000000,318.50595573,0.00000000,0.00000000,78.66539600,89.89674197,84.63532017,1492.48104146,29984.92278242,9891.18697000
6,579,0.000000,0.514000,0.00000000,107.32720193,0.00000000,281.41166219,0.00000000,0.00000000,94.69756566,107.32720193,101.68074366,1745.79450000,29984.92278221,9891.18697000
6,580,0.000000,0.495000,0.00000000,89.62679138,0.00000000,284.74234818,0.00000000,0.00000000,78.66539600,89.62679138,84.63532017,1492.48104146,29889.07734133,8999.01689710
6,581,0.000000,0.459000,0.00000000,106.72863180,0.00000000,240.41366125,0.00000000,0.00000000,94.69756566,106.72863180,101.68074366,1745.79450000,30238.23624117,7912.94957600
6,582,0.000000,0.420000,0.00000000,107.32720193,0.00000000,210.31934073,0.00000000,0.00000000,94.69756566,107.32720193,101.68074366,1745.79450000,30238.23624096,9891.18697000
6,583,0.117000,0.526000,21.30817461,68.58856736,0.00000000,329.22591226,0.00000000,0.00000000,78.66539600,89.89674197,84.63532017,1492.48104146,29984.92278221,9891.18697000
6,584,0.308000,0.771000,56.09331437,51.23388756,0.00000000,531.87440861,0.00000000,0.00000000,94.69756566,107.32720193,101.68074366,1745.79450000,29984.92278201,9891.18697000
6,585,0.472000,0.735000,57.67001469,0.00000000,28.29116837,555.88144965,0.00000000,0.00000000,49.73928100,57.67001469,53.75120360,1002.98064984,29591.26783168,7912.94957600
6,586,0.607000,0.615000,107.32720193,0.00000000,3.22033646,465.12529461,0.00000000,0.00000000,94.69756566,107.32720193,101.68074366,1745.79450000,29591.26783147,9891.18697000
6,587,0.672000,0.476000,107.32720193,0.00000000,15.05821124,359.99941501,0.00000000,0.00000000,94.69756566,107.32720193,101.68074366,1745.79450000,29591.26783127,9891.18697000
6,588,0.689000,0.341000,106.72863180,0.00000000,18.75284093,257.89874059,0.00000000,0.00000000,94.69756566,106.72863180,101.68074366,1745.79450000,29940.42673111,7912.94957600
6,589,0.660000,0.247000,107.32720193,0.00000000,12.87275744,186.80641914,0.00000000,0.00000000,94.69756566,107.32720193,101.68074366,1745.79450000,29940.42673090,9891.18697000
6,590,0.587000,0.201000,106.90511537,0.00000000,0.00000000,152.01655970,0.00000000,0.00000000,94.30933935,106.90511537,101.26798094,1739.66039886,29934.29262955,9891.18697000
6,591,0.467000,0.195000,85.05057731,18.56679751,0.00000000,128.91195444,0.00000000,0.00000000,91.83589707,103.61737482,98.63821391,1700.57921199,30238.23624137,7912.94957600
6,592,0.302000,0.231000,55.00058747,52.32661446,0.00000000,122.37898400,0.00000000,0.00000000,94.69756566,107.32720193,101.68074366,1745.79450000,30238.23624117,9891.18697000
6,593,0.112000,0.324000,20.39756886,69.06491276,0.00000000,175.97670587,0.00000000,0.00000000,78.66539600,89.46248162,84.63532017,1492.48104146,30238.23624117,8455.98323771
6,594,0.000000,0.538000,0.00000000,107.32720194,0.00000000,299.56289318,0.00000000,0.00000000,94.69756567,107.32720194,101.68074367,1745.79450020,30238.23624117,9891.18697000
6,595,0.000000,0.697000,0.00000000,89.89674197,0.00000000,437.24525858,0.00000000,0.00000000,78.66539600,89.89674197,84.63532017,1492.48104146,29984.92278242,9891.18697000
6,596,0.000000,0.718000,0.00000000,89.29817185,0.00000000,453.72615584,0.00000000,0.00000000,78.66539600,89.29817185,84.63532017,1492.48104146,30080.76822371,7912.94957600
6,597,0.000000,0.793000,0.00000000,93.53841180,0.00000000,506.20851280,0.00000000,0.00000000,82.56547933,93.53841180,88.78189380,1554.10361762,30238.23624117,7912.94957600
6,598,0.000000,0.822000,0.00000000,89.89674197,0.00000000,531.78292009,0.00000000,0.00000000,78.66539600,89.89674197,84.63532017,1492.48104146,29984.92278242,9891.18697000
6,599,0.000000,0.815000,0.00000000,107.32720193,0.00000000,509.05835109,0.00000000,0.00000000,94.69756566,107.32720193,101.68074366,1745.79450000,29984.92278221,9891.18697000
6,600,0.000000,0.772000,0.00000000,107.32720193,0.00000000,476.53739553,0.00000000,0.00000000,94.69756566,107.32720193,101.68074366,1745.79450000,29984.92278201,9891.18697000
6,601,0.000000,0.721000,0.00000000,100.13352185,0.00000000,445.15970972,0.00000000,0.00000000,88.63152254,100.13352185,95.23131878,1649.94905953,30238.23624137,7912.94957600
6,602,0.000000,0.669000,0.00000000,107.32720193,0.00000000,398.63836245,0.00000000,0.00000000,94.69756566,107.32720193,101.68074366,1745.79450000,30238.23624117,9891.18697000
6,603,0.000000,0.615000,0.00000000,100.73209194,0.00000000,364.39320266,0.00000000,0.00000000,88.63152251,100.73209194,95.23131875,1649.94905912,30142.39080008,9891.18697000
6,604,0.000000,0.583000,0.00000000,107.32720193,0.00000000,333.59645134,0.00000000,0.00000000,94.69756566,107.32720193,101.68074366,1745.79450000,30142.39079988,9891.18697000
6,605,0.000000,0.568000,0.00000000,89.29817185,0.00000000,340.28096203,0.00000000,0.00000000,78.66539600,89.29817185,84.63532017,1492.48104146,30238.23624117,7912.94957600
6,606,0.000000,0.505000,0.00000000,107.32720193,0.00000000,274.60495056,0.00000000,0.00000000,94.69756566,107.32720193,101.68074366,1745.79450000,30238.23624096,9891.18697000
6,607,0.131000,0.635000,23.85787072,65.60461089,0.00000000,414.64670956,0.00000000,0.00000000,78.66539600,89.46248162,84.63532017,1492.48104146,30238.23624117,8455.98323655
6,608,0.331000,0.791000,0.00000000,58.26858481,60.28210083,539.96573720,0.00000000,0.00000000,49.73928100,58.26858481,53.75120360,1002.98064984,29495.42239080,9891.18697000
6,609,0.497000,0.700000,90.51421182,16.21441998,0.00000000,513.19648446,0.00000000,0.00000000,94.69756566,106.72863180,101.68074366,1745.79450000,29844.58129063,7912.94957600
6,610,0.613000,0.557000,72.94337341,0.00000000,38.69689188,421.25981967,0.00000000,0.00000000,63.67817400,72.94337341,68.65710075,1244.73168631,29692.67737678,7912.94957600
6,611,0.677000,0.429000,106.72863180,0.00000000,16.56738712,324.45325429,0.00000000,0.00000000,94.69756566,106.72863180,101.68074366,1745.79450000,30041.83627662,7912.94957600
6,612,0.694000,0.323000,107.32720193,0.00000000,19.06487656,244.28531733,0.00000000,0.00000000,94.69756566,107.32720193,101.68074366,1745.79450000,30041.83627641,9891.18697000
6,613,0.666000,0.251000,107.32720193,0.00000000,13.96548434,189.83162430,0.00000000,0.00000000,94.69756566,107.32720193,101.68074366,1745.79450000,30041.83627621,9891.18697000
6,614,0.594000,0.201000,96.21731309,0.00000000,11.96265034,152.01655970,0.00000000,0.00000000,85.02947627,96.21731309,91.40161853,1593.03556512,30238.23624117,7912.94957600
6,615,0.474000,0.182000,86.32542536,21.00177658,0.00000000,116.64505857,0.00000000,0.00000000,94.69756567,107.32720194,101.68074367,1745.79450020,30238.23624117,9891.18697000
6,616,0.306000,0.192000,55.72907207,2.53951274,0.00000000,142.67033533,0.00000000,0.00000000,49.73928100,58.26858481,53.75120360,1002.98064984,29495.42239080,9891.18697000
6,617,0.106000,0.249000,19.30484196,87.94607949,0.00000000,100.37294223,0.00000000,0.00000000,94.69756566,107.25092145,101.68074366,1745.79450000,29539.91844190,9639.08469628
6,618,0.000000,0.452000,0.00000000,107.32720193,0.00000000,234.52098208,0.00000000,0.00000000,94.69756566,107.32720193,101.68074366,1745.79450000,29539.91844170,9891.18697000
6,619,0.000000,0.672000,0.00000000,106.72863180,0.00000000,401.50583646,0.00000000,0.00000000,94.69756566,106.72863180,101.68074366,1745.79450000,29889.07734154,7912.94957600
6,620,0.000000,0.829000,0.00000000,106.72863180,0.00000000,520.24513931,0.00000000,0.00000000,94.69756566,106.72863180,101.68074366,1745.79450000,30238.23624137,7912.94957600
6,621,0.000000,0.893000,0.00000000,107.32720193,0.00000000,568.04985187,0.00000000,0.00000000,94.69756566,107.32720193,101.68074366,1745.79450000,30238.23624117,9891.18697000
6,622,0.000000,0.879000,0.00000000,100.73209194,0.00000000,564.05674377,0.00000000,0.00000000,88.63152251,100.73209194,95.23131875,1649.94905912,30142.39080008,9891.18697000
6,623,0.000000,0.837000,0.00000000,107.32720193,0.00000000,525.69697952,0.00000000,0.00000000,94.69756566,107.32720193,101.68074366,1745.79450000,30142.39079988,9891.18697000
6,624,0.000000,0.772000,0.00000000,89.29817185,0.00000000,494.56642561,0.00000000,0.00000000,78.66539600,89.29817185,84.63532017,1492.48104146,30238.23624117,7912.94957600
6,625,0.000000,0.697000,0.00000000,100.73209193,0.00000000,426.40990863,0.00000000,0.00000000,88.63152250,100.73209193,95.23131874,1649.94905891,30142.39079988,9891.18697000
6,626,0.000000,0.620000,0.00000000,89.29817185,0.00000000,379.60862922,0.00000000,0.00000000,78.66539600,89.29817185,84.63532017,1492.48104146,30238.23624117,7912.94957600
6,627,0.000000,0.518000,0.00000000,89.89674197,0.00000000,301.86732731,0.00000000,0.00000000,78.66539600,89.89674197,84.63532017,1492.48104146,29984.92278242,9891.18697000
6,628,0.000000,0.476000,0.00000000,89.35684080,0.00000000,270.64257422,0.00000000,0.00000000,78.66539600,89.35684080,84.63532017,1492.48104146,30046.54535858,8106.84682884
6,629,0.000000,0.442000,0.00000000,89.29817185,0.00000000,244.98699924,0.00000000,0.00000000,78.66539600,89.29817185,84.63532017,1492.48104146,30142.39079988,7912.94957600
6,630,0.000000,0.441000,0.00000000,89.29817185,0.00000000,244.23069794,0.00000000,0.00000000,78.66539600,89.29817185,84.63532017,1492.48104146,30238.23624117,7912.94957600
6,631,0.134000,0.644000,24.40423417,65.22255721,0.00000000,421.83547487,0.00000000,0.00000000,78.66539600,89.62679138,84.63532017,1492.48104146,30142.39079988,8999.01689942
6,632,0.330000,0.824000,60.09997968,29.19819217,0.00000000,593.99407248,0.00000000,0.00000000,78.66539600,89.29817185,84.63532017,1492.48104146,30238.23624117,7912.94957600
6,633,0.492000,0.792000,89.60360607,17.72359585,0.00000000,581.26702745,0.00000000,0.00000000,94.69756566,107.32720193,101.68074366,1745.79450000,30238.23624096,9891.18697000
6,634,0.599000,0.717000,107.32720193,0.00000000,1.76336725,542.26802640,0.00000000,0.00000000,94.69756566,107.32720193,101.68074366,1745.79450000,30238.23624076,9891.18697000
6,635,0.661000,0.633000,89.89674197,0.00000000,30.48533854,478.73871787,0.00000000,0.00000000,78.66539600,89.89674197,84.63532017,1492.48104146,29984.92278201,9891.18697000
6,636,0.638000,0.558000,100.73209200,0.00000000,15.46120205,422.01612096,0.00000000,0.00000000,88.63152256,100.73209200,95.23131880,1649.94905994,29889.07734174,9891.18697000
6,637,0.617000,0.525000,107.32720193,0.00000000,5.04154796,397.05817832,0.00000000,0.00000000,94.69756566,107.32720193,101.68074366,1745.79450000,29889.07734154,9891.18697000
6,638,0.531000,0.519000,96.70633094,10.62087098,0.00000000,381.89949959,0.00000000,0.00000000,94.69756566,107.32720193,101.68074366,1745.79450000,29889.07734133,9891.18697000
6,639,0.426000,0.550000,77.58361013,29.14502167,0.00000000,386.82068896,0.00000000,0.00000000,94.69756566,106.72863180,101.68074366,1745.79450000,30238.23624117,7912.94957600
6,640,0.269000,0.624000,48.99058950,58.33661243,0.00000000,413.59539381,0.00000000,0.00000000,94.69756566,107.32720193,101.68074366,1745.79450000,30238.23624137,9891.18696768
6,641,0.091000,0.739000,16.57302470,90.75417723,0.00000000,468.15247760,0.00000000,0.00000000,94.69756566,107.32720193,101.68074366,1745.79450000,30238.23624117,9891.18697000
6,642,0.000000,0.836000,0.00000000,107.32720193,0.00000000,524.94067823,0.00000000,0.00000000,94.69756566,107.32720193,101.68074366,1745.79450000,30238.23624096,9891.18697000
6,643,0.000000,0.900000,0.00000000,107.32720193,0.00000000,573.34396092,0.00000000,0.00000000,94.69756566,107.32720193,101.68074366,1745.79450000,30238.23624076,9891.18697000
6,644,0.000000,0.914000,0.00000000,107.32720192,0.00000000,583.93217901,0.00000000,0.00000000,94.69756566,107.32720192,101.68074366,1745.79450000,30238.23624117,9891.18696652
6,645,0.000000,0.914000,0.00000000,107.32720193,0.00000000,583.93217901,0.00000000,0.00000000,94.69756566,107.32720193,101.68074366,1745.79450000,30238.23624096,9891.18697000
6,646,0.000000,0.872000,0.00000000,100.73209194,0.00000000,558.76263472,0.00000000,0.00000000,88.63152251,100.73209194,95.23131875,1649.94905912,30142.39079988,9891.18697000
6,647,0.000000,0.853000,0.00000000,89.29817185,0.00000000,555.82683027,0.00000000,0.00000000,78.66539600,89.29817185,84.63532017,1492.48104146,30238.23624117,7912.94957600
6,648,0.000000,0.822000,0.00000000,89.46248162,0.00000000,532.21718045,0.00000000,0.00000000,78.66539600,89.46248162,84.63532017,1492.48104146,30238.23624117,8455.98323771
6,649,0.000000,0.791000,0.00000000,107.32720193,0.00000000,490.90712008,0.00000000,0.00000000,94.69756566,107.32720193,101.68074366,1745.79450000,30238.23624117,9891.18696884
6,650,0.000000,0.752000,0.00000000,100.73209193,0.00000000,468.00647969,0.00000000,0.00000000,88.63152250,100.73209193,95.23131874,1649.94905891,30142.39079988,9891.18697000
6,651,0.000000,0.708000,0.00000000,89.29817185,0.00000000,446.16314292,0.00000000,0.00000000,78.66539600,89.29817185,84.63532017,1492.48104146,30238.23624117,7912.94957600
6,652,0.000000,0.661000,0.00000000,89.89674197,0.00000000,410.01841207,0.00000000,0.00000000,78.66539600,89.89674197,84.63532017,1492.48104146,29984.92278242,9891.18697000
6,653,0.000000,0.599000,0.00000000,106.89294157,0.00000000,346.13153237,0.00000000,0.00000000,94.69756566,106.89294157,101.68074366,1745.79450000,30238.23624117,8455.98323655
6,654,0.000000,0.481000,0.00000000,89.62679138,0.00000000,274.15413009,0.00000000,0.00000000,78.66539600,89.62679138,84.63532017,1492.48104146,30142.39079988,8999.01689942
6,655,0.147000,0.626000,26.77180913,62.52636272,0.00000000,410.91824610,0.00000000,0.00000000,78.66539600,89.29817185,84.63532017,1492.48104146,30238.23624117,7912.94957600
6,656,0.350000,0.781000,63.74240269,25.72007892,0.00000000,564.95123017,0.00000000,0.00000000,78.66539600,89.46248162,84.63532017,1492.48104146,30238.23624117,8455.98323771
6,657,0.514000,0.752000,93.61027138,13.71693054,0.00000000,555.02164108,0.00000000,0.00000000,94.69756566,107.32720193,101.68074366,1745.79450000,30238.23624096,9891.18697000
6,658,0.622000,0.675000,107.32720193,0.00000000,5.95215372,510.50337213,0.00000000,0.00000000,94.69756566,107.32720193,101.68074366,1745.79450000,30238.23624076,9891.18697000
6,659,0.681000,0.602000,89.89674197,0.00000000,34.12776155,455.29337781,0.00000000,0.00000000,78.66539600,89.89674197,84.63532017,1492.48104146,29984.92278201,9891.18697000
6,660,0.696000,0.556000,100.13352183,0.00000000,26.62279895,420.50351838,0.00000000,0.00000000,88.63152253,100.13352183,95.23131876,1649.94905932,30238.23624117,7912.94957600
6,661,0.661000,0.534000,107.32720194,0.00000000,13.05487857,403.86488995,0.00000000,0.00000000,94.69756567,107.32720194,101.68074367,1745.79450020,30238.23624117,9891.18697000
6,662,0.558000,0.524000,101.62360201,5.70359992,0.00000000,390.59827711,0.00000000,0.00000000,94.69756566,107.32720193,101.68074366,1745.79450000,30238.23624096,9891.18697000
6,663,0.461000,0.540000,58.26858481,0.00000000,25.68926559,408.40269771,0.00000000,0.00000000,49.73928100,58.26858481,53.75120360,1002.98064984,29495.42239059,9891.18697000
6,664,0.281000,0.590000,0.00000000,89.89674172,51.17604330,356.32102059,0.00000000,0.00000000,78.66539600,89.89674172,84.63531998,1492.48099468,29242.10888506,9891.18697000
6,665,0.092000,0.668000,16.75514585,90.57205608,0.00000000,414.63720701,0.00000000,0.00000000,94.69756566,107.32720193,101.68074366,1745.79450000,29242.10888486,9891.18697000
6,666,0.000000,0.741000,0.00000000,30.97213435,0.00000000,529.44712306,0.00000000,0.00000000,25.00174700,30.97213435,27.15938231,539.40882693,28035.72321158,9891.18697000
6,667,0.000000,0.833000,0.00000000,106.72863180,0.00000000,523.27034447,0.00000000,0.00000000,94.69756566,106.72863180,101.68074366,1745.79450000,28384.88211141,7912.94957600
6,668,0.000000,0.885000,0.00000000,106.72863180,0.00000000,562.59801166,0.00000000,0.00000000,94.69756566,106.72863180,101.68074366,1745.79450000,28734.04101125,7912.94957600
6,669,0.000000,0.906000,0.00000000,106.72863180,0.00000000,578.48033879,0.00000000,0.00000000,94.69756566,106.72863180,101.68074366,1745.79450000,29083.19991109,7912.94957600
6,670,0.000000,0.892000,0.00000000,107.32720193,0.00000000,567.29355058,0.00000000,0.00000000,94.69756566,107.32720193,101.68074366,1745.79450000,29083.19991088,9891.18697000
6,671,0.000000,0.865000,0.00000000,106.72863180,0.00000000,547.47198582,0.00000000,0.00000000,94.69756566,106.72863180,101.68074366,1745.79450000,29432.35881072,7912.94957600
6,672,0.000000,0.829000,0.00000000,106.72863180,0.00000000,520.24513931,0.00000000,0.00000000,94.69756566,106.72863180,101.68074366,1745.79450000,29781.51771055,7912.94957600
6,673,0.000000,0.796000,0.00000000,30.37356422,0.00000000,571.64226424,0.00000000,0.00000000,25.00174700,30.37356422,27.15938231,539.40882693,28924.29093731,7912.94957600
6,674,0.000000,0.746000,0.00000000,107.32720193,0.00000000,456.87356194,0.00000000,0.00000000,94.69756566,107.32720193,101.68074366,1745.79450000,28924.29093711,9891.18697000
6,675,0.000000,0.689000,0.00000000,106.72863180,0.00000000,414.36295842,0.00000000,0.00000000,94.69756566,106.72863180,101.68074366,1745.79450000,29273.44983695,7912.94957600
6,676,0.000000,0.618000,0.00000000,107.32720193,0.00000000,360.06699656,0.00000000,0.00000000,94.69756566,107.32720193,101.68074366,1745.79450000,29273.44983674,9891.18697000
6,677,0.000000,0.536000,0.00000000,106.72863180,0.00000000,298.64886074,0.00000000,0.00000000,94.69756566,106.72863180,101.68074366,1745.79450000,29622.60873658,7912.94957600
6,678,0.000000,0.446000,0.00000000,106.72863180,0.00000000,230.58174445,0.00000000,0.00000000,94.69756566,106.72863180,101.68074366,1745.79450000,29971.76763641,7912.94957600
6,679,0.149000,0.644000,27.13605143,73.90267394,0.00000000,413.15535814,0.00000000,0.00000000,89.46410966,101.03872537,96.11652648,1663.10420492,30238.23624117,7912.94957600
6,680,0.353000,0.852000,64.28876614,8.99276545,0.00000000,635.37593537,0.00000000,0.00000000,63.67817400,73.28153160,68.65710075,1244.73168631,29889.07734195,9030.54156109
6,681,0.514000,0.868000,93.61027138,13.71693054,0.00000000,642.75259095,0.00000000,0.00000000,94.69756566,107.32720193,101.68074366,1745.79450000,29889.07734174,9891.18697000
6,682,0.624000,0.846000,107.32720193,0.00000000,6.31639602,639.83089307,0.00000000,0.00000000,94.69756566,107.32720193,101.68074366,1745.79450000,29889.07734154,9891.18697000
6,683,0.688000,0.808000,107.32720193,0.00000000,17.97214965,611.09144397,0.00000000,0.00000000,94.69756566,107.32720193,101.68074366,1745.79450000,29889.07734133,9891.18697000
6,684,0.710000,0.748000,106.72863180,0.00000000,22.57738509,565.71336645,0.00000000,0.00000000,94.69756566,106.72863180,101.68074366,1745.79450000,30238.23624117,7912.94957600
6,685,0.683000,0.685000,107.32720193,0.00000000,17.06154390,518.06638505,0.00000000,0.00000000,94.69756566,107.32720193,101.68074366,1745.79450000,30238.23624096,9891.18697000
6,686,0.612000,0.647000,89.46248162,0.00000000,21.99566252,489.32693595,0.00000000,0.00000000,78.66539600,89.46248162,84.63532017,1492.48104146,30238.23624117,8455.98323655
6,687,0.493000,0.657000,89.78572722,17.54147470,0.00000000,479.34847417,0.00000000,0.00000000,94.69756566,107.32720193,101.68074366,1745.79450000,30238.23624096,9891.18697000
6,688,0.324000,0.708000,59.00725278,48.31994915,0.00000000,487.14136562,0.00000000,0.00000000,94.69756566,107.32720193,101.68074366,1745.79450000,30238.23624076,9891.18697000
6,689,0.125000,0.776000,22.76514382,84.56205811,0.00000000,502.32774452,0.00000000,0.00000000,94.69756566,107.32720192,101.68074366,1745.79450000,30238.23624158,9891.18696419
6,690,0.000000,0.814000,0.00000000,107.32720193,0.00000000,508.30204980,0.00000000,0.00000000,94.69756566,107.32720193,101.68074366,1745.79450000,30238.23624137,9891.18697000
6,691,0.000000,0.847000,0.00000000,107.32720193,0.00000000,533.25999244,0.00000000,0.00000000,94.69756566,107.32720193,101.68074366,1745.79450000,30238.23624117,9891.18697000
6,692,0.000000,0.874000,0.00000000,89.89674197,0.00000000,571.11058728,0.00000000,0.00000000,78.66539600,89.89674197,84.63532017,1492.48104146,29984.92278242,9891.18697000
6,693,0.000000,0.902000,0.00000000,107.32720193,0.00000000,574.85656350,0.00000000,0.00000000,94.69756566,107.32720193,101.68074366,1745.79450000,29984.92278221,9891.18697000
6,694,0.000000,0.890000,0.00000000,100.18901938,0.00000000,572.91913055,0.00000000,0.00000000,88.13201581,100.18901938,94.70024258,1642.05669191,29881.18497392,9891.18697000
6,695,0.000000,0.841000,0.00000000,89.29817185,0.00000000,546.75121476,0.00000000,0.00000000,78.66539600,89.29817185,84.63532017,1492.48104146,29977.03041521,7912.94957600
6,696,0.000000,0.782000,0.00000000,89.89674197,0.00000000,501.53086841,0.00000000,0.00000000,78.66539600,89.89674197,84.63532017,1492.48104146,29723.71695646,9891.18697000
6,697,0.000000,0.713000,0.00000000,89.89674197,0.00000000,449.34607926,0.00000000,0.00000000,78.66539600,89.89674197,84.63532017,1492.48104146,29470.40349771,9891.18697000
6,698,0.000000,0.668000,0.00000000,89.89674197,0.00000000,415.31252111,0.00000000,0.00000000,78.66539600,89.89674197,84.63532017,1492.48104146,29217.09003896,9891.18697000
6,699,0.000000,0.603000,0.00000000,89.89674197,0.00000000,366.15293713,0.00000000,0.00000000,78.66539600,89.89674197,84.63532017,1492.48104146,28963.77658021,9891.18697000
6,700,0.000000,0.544000,0.00000000,89.89674197,0.00000000,321.53116090,0.00000000,0.00000000,78.66539600,89.89674197,84.63532017,1492.48104146,28710.46312146,9891.18697000
6,701,0.000000,0.465000,0.00000000,89.89674197,0.00000000,261.78335883,0.00000000,0.00000000,78.66539600,89.89674197,84.63532017,1492.48104146,28457.14966271,9891.18697000
6,702,0.000000,0.432000,0.00000000,89.89674197,0.00000000,236.82541619,0.00000000,0.00000000,78.66539600,89.89674197,84.63532017,1492.48104146,28203.83620396,9891.18697000
6,703,0.138000,0.605000,25.13271878,64.76402320,0.00000000,392.79825849,0.00000000,0.00000000,78.66539600,89.89674197,84.63532017,1492.48104146,27950.52274521,9891.18697000
6,704,0.343000,0.802000,30.97213678,0.00000000,31.49541786,606.55363622,0.00000000,0.00000000,25.00174700,30.97213678,27.15938407,539.40926699,26744.13751200,9891.18697000
6,705,0.513000,0.791000,89.89674197,0.00000000,3.53140826,598.23432201,0.00000000,0.00000000,78.66539600,89.89674197,84.63532017,1492.48104146,26490.82405325,9891.18697000
6,706,0.631000,0.712000,89.89674197,0.00000000,25.02170402,538.48651994,0.00000000,0.00000000,78.66539600,89.89674197,84.63532017,1492.48104146,26237.51059450,9891.18697000
6,707,0.696000,0.613000,2.99285063,0.00000000,123.76347016,463.61269203,0.00000000,0.00000000,0.00000000,2.99285063,0.00000000,0.00000000,24491.71609430,9891.18697000
6,708,0.712000,0.510000,89.89674197,0.00000000,39.77351722,385.71365894,0.00000000,0.00000000,78.66539600,89.89674197,84.63532017,1492.48104146,24238.40263555,9891.18697000
6,709,0.682000,0.427000,89.89674197,0.00000000,34.30988270,322.94065170,0.00000000,0.00000000,78.66539600,89.89674197,84.63532017,1492.48104146,23985.08917680,9891.18697000
6,710,0.608000,0.383000,89.89674197,0.00000000,20.83291756,289.66339485,0.00000000,0.00000000,78.66539600,89.89674197,84.63532017,1492.48104146,23731.77571805,9891.18697000
6,711,0.482000,0.396000,87.78239457,2.11434741,0.00000000,297.38096424,0.00000000,0.00000000,78.66539600,89.89674197,84.63532017,1492.48104146,23478.46225930,9891.18697000
6,712,0.302000,0.447000,55.00058747,34.89615451,0.00000000,303.17052304,0.00000000,0.00000000,78.66539600,89.89674197,84.63532017,1492.48104146,23225.14880055,9891.18697000
6,713,0.101000,0.529000,18.39423621,71.50250577,0.00000000,328.58087772,0.00000000,0.00000000,78.66539600,89.89674197,84.63532017,1492.48104146,22971.83534180,9891.18697000
6,714,0.000000,0.629000,0.00000000,89.89674197,0.00000000,385.81677072,0.00000000,0.00000000,78.66539600,89.89674197,84.63532017,1492.48104146,22718.52188306,9891.18697000
6,715,0.000000,0.712000,0.00000000,89.89674197,0.00000000,448.58977796,0.00000000,0.00000000,78.66539600,89.89674197,84.63532017,1492.48104146,22465.20842431,9891.18697000
6,716,0.000000,0.755000,0.00000000,89.89674197,0.00000000,481.11073352,0.00000000,0.00000000,78.66539600,89.89674197,84.63532017,1492.48104146,22211.89496556,9891.18697000
6,717,0.000000,0.815000,0.00000000,89.89674197,0.00000000,526.48881104,0.00000000,0.00000000,78.66539600,89.89674197,84.63532017,1492.48104146,21958.58150681,9891.18697000
6,718,0.000000,0.838000,0.00000000,89.89674197,0.00000000,543.88374076,0.00000000,0.00000000,78.66539600,89.89674197,84.63532017,1492.48104146,21705.26804806,9891.18697000
6,719,0.000000,0.817000,0.00000000,89.89674197,0.00000000,528.00141363,0.00000000,0.00000000,78.66539600,89.89674197,84.63532017,1492.48104146,21451.95458931,9891.18697000
6,720,0.000000,0.788000,0.00000000,89.89674197,0.00000000,506.06867616,0.00000000,0.00000000,78.66539600,89.89674197,84.63532017,1492.48104146,21198.64113056,9891.18697000
6,721,0.000000,0.737000,0.00000000,89.89674197,0.00000000,467.49731026,0.00000000,0.00000000,78.66539600,89.89674197,84.63532017,1492.48104146,20945.32767181,9891.18697000
6,722,0.000000,0.682000,0.00000000,89.89674197,0.00000000,425.90073920,0.00000000,0.00000000,78.66539600,89.89674197,84.63532017,1492.48104146,20692.01421306,9891.18697000
6,723,0.000000,0.615000,0.00000000,89.89674197,0.00000000,375.22855264,0.00000000,0.00000000,78.66539600,89.89674197,84.63532017,1492.48104146,20438.70075431,9891.18697000
6,724,0.000000,0.528000,0.00000000,89.89674197,0.00000000,309.43034023,0.00000000,0.00000000,78.66539600,89.89674197,84.63532017,1492.48104146,20185.38729556,9891.18697000
6,725,0.000000,0.457000,0.00000000,89.89674197,0.00000000,255.73294849,0.00000000,0.00000000,78.66539600,89.89674197,84.63532017,1492.48104146,19932.07383682,9891.18697000
6,726,0.000000,0.365000,0.00000000,89.89674197,0.00000000,186.15322962,0.00000000,0.00000000,78.66539600,89.89674197,84.63532017,1492.48104146,19678.76037807,9891.18697000
6,727,0.147000,0.491000,26.77180913,63.12493284,0.00000000,308.21900155,0.00000000,0.00000000,78.66539600,89.89674197,84.63532017,1492.48104146,19425.44691932,9891.18697000
6,728,0.354000,0.707000,64.47088730,25.42585468,0.00000000,509.27915880,0.00000000,0.00000000,78.66539600,89.89674197,84.63532017,1492.48104146,19172.13346057,9891.18697000
6,729,0.522000,0.618000,89.89674197,0.00000000,5.17049861,467.39419849,0.00000000,0.00000000,78.66539600,89.89674197,84.63532017,1492.48104146,18918.82000182,9891.18697000
6,730,0.638000,0.476000,89.89674197,0.00000000,26.29655208,359.99941501,0.00000000,0.00000000,78.66539600,89.89674197,84.63532017,1492.48104146,18665.50654307,9891.18697000
6,731,0.702000,0.354000,89.89674197,0.00000000,37.95230571,267.73065738,0.00000000,0.00000000,78.66539600,89.89674197,84.63532017,1492.48104146,18412.19308432,9891.18697000
6,732,0.719000,0.255000,89.89674197,0.00000000,41.04836527,192.85682947,0.00000000,0.00000000,78.66539600,89.89674197,84.63532017,1492.48104146,18158.87962557,9891.18697000
6,733,0.692000,0.192000,89.89674197,0.00000000,36.13109421,145.20984807,0.00000000,0.00000000,78.66539600,89.89674197,84.63532017,1492.48104146,17905.56616682,9891.18697000
6,734,0.619000,0.164000,89.89674197,0.00000000,22.83625022,124.03341190,0.00000000,0.00000000,78.66539600,89.89674197,84.63532017,1492.48104146,17652.25270807,9891.18697000
6,735,0.499000,0.176000,89.89674197,0.00000000,0.98171215,133.10902740,0.00000000,0.00000000,78.66539600,89.89674197,84.63532017,1492.48104146,17398.93924932,9891.18697000
6,736,0.329000,0.225000,59.91785853,29.97888344,0.00000000,140.18890727,0.00000000,0.00000000,78.66539600,89.89674197,84.63532017,1492.48104146,17145.62579058,9891.18697000
6,737,0.128000,0.325000,23.31150727,66.58523470,0.00000000,179.21268521,0.00000000,0.00000000,78.66539600,89.89674197,84.63532017,1492.48104146,16892.31233183,9891.18697000
6,738,0.000000,0.531000,0.00000000,89.89674197,0.00000000,311.69924410,0.00000000,0.00000000,78.66539600,89.89674197,84.63532017,1492.48104146,16638.99887308,9891.18697000
6,739,0.000000,0.697000,0.00000000,89.89674197,0.00000000,437.24525858,0.00000000,0.00000000,78.66539600,89.89674197,84.63532017,1492.48104146,16385.68541433,9891.18697000
6,740,0.000000,0.801000,0.00000000,89.89674197,0.00000000,515.90059296,0.00000000,0.00000000,78.66539600,89.89674197,84.63532017,1492.48104146,16132.37195558,9891.18697000
6,741,0.000000,0.849000,0.00000000,89.89674197,0.00000000,552.20305497,0.00000000,0.00000000,78.66539600,89.89674197,84.63532017,1492.48104146,15879.05849683,9891.18697000
6,742,0.000000,0.845000,0.00000000,89.89674197,0.00000000,549.17784981,0.00000000,0.00000000,78.66539600,89.89674197,84.63532017,1492.48104146,15625.74503808,9891.18697000
6,743,0.000000,0.826000,0.00000000,89.89674197,0.00000000,534.80812526,0.00000000,0.00000000,78.66539600,89.89674197,84.63532017,1492.48104146,15372.43157933,9891.18697000
6,744,0.000000,0.799000,0.00000000,89.89674197,0.00000000,514.38799037,0.00000000,0.00000000,78.66539600,89.89674197,84.63532017,1492.48104146,15119.11812058,9891.18697000
7,1,0.000000,0.590000,0.00000000,106.72863180,0.00000000,339.48913051,0.00000000,0.00000000,94.69756566,106.72863180,101.68074366,1745.79450000,15468.27702042,7912.94957600
7,2,0.000000,0.550000,0.00000000,106.72863180,0.00000000,309.23707883,0.00000000,0.00000000,94.69756566,106.72863180,101.68074366,1745.79450000,15817.43592026,7912.94957600
7,3,0.000000,0.469000,0.00000000,106.72863180,0.00000000,247.97667417,0.00000000,0.00000000,94.69756566,106.72863180,101.68074366,1745.79450000,16166.59482009,7912.94957600
7,4,0.000000,0.421000,0.00000000,106.72863180,0.00000000,211.67421215,0.00000000,0.00000000,94.69756566,106.72863180,101.68074366,1745.79450000,16515.75371993,7912.94957600
7,5,0.000000,0.402000,0.00000000,106.72863180,0.00000000,197.30448760,0.00000000,0.00000000,94.69756566,106.72863180,101.68074366,1745.79450000,16864.91261976,7912.94957600
7,6,0.000000,0.404000,0.00000000,106.72863180,0.00000000,198.81709019,0.00000000,0.00000000,94.69756566,106.72863180,101.68074366,1745.79450000,17214.07151960,7912.94957600
7,7,0.151000,0.611000,27.50029373,79.22833807,0.00000000,382.87175137,0.00000000,0.00000000,94.69756566,106.72863180,101.68074366,1745.79450000,17563.23041944,7912.94957600
7,8,0.355000,0.781000,0.00000000,57.67001469,64.65300845,533.00129440,0.00000000,0.00000000,49.73928100,57.67001469,53.75120360,1002.98064984,17169.57546911,7912.94957600
7,9,0.522000,0.802000,2.39428050,0.00000000,92.67296009,606.55363622,0.00000000,0.00000000,0.00000000,2.39428050,0.00000000,0.00000000,15772.93986894,7912.94957600
7,10,0.640000,0.778000,2.39428050,0.00000000,114.16325585,588.40240521,0.00000000,0.00000000,0.00000000,2.39428050,0.00000000,0.00000000,14376.30426878,7912.94957600
7,11,0.703000,0.746000,106.72863180,0.00000000,21.30253704,564.20076387,0.00000000,0.00000000,94.69756566,106.72863180,101.68074366,1745.79450000,14725.46316862,7912.94957600
7,12,0.720000,0.714000,106.72863180,0.00000000,24.39859660,539.99912252,0.00000000,0.00000000,94.69756566,106.72863180,101.68074366,1745.79450000,15074.62206845,7912.94957600
7,13,0.695000,0.692000,106.72863180,0.00000000,19.84556783,523.36049410,0.00000000,0.00000000,94.69756566,106.72863180,101.68074366,1745.79450000,15423.78096829,7912.94957600
7,14,0.623000,0.702000,106.72863180,0.00000000,6.73284499,530.92350702,0.00000000,0.00000000,94.69756566,106.72863180,101.68074366,1745.79450000,15772.93986812,7912.94957600
7,15,0.504000,0.734000,91.78905988,14.93957192,0.00000000,540.18557644,0.00000000,0.00000000,94.69756566,106.72863180,101.68074366,1745.79450000,16122.09876796,7912.94957600
7,16,0.336000,0.777000,2.39428050,0.00000000,58.79842608,587.64610392,0.00000000,0.00000000,0.00000000,2.39428050,0.00000000,0.00000000,14725.46316780,7912.94957600
7,17,0.135000,0.823000,24.58635532,82.14227648,0.00000000,540.29368688,0.00000000,0.00000000,94.69756566,106.72863180,101.68074366,1745.79450000,15074.62206763,7912.94957600
7,18,0.000000,0.844000,0.00000000,106.72863180,0.00000000,531.58965869,0.00000000,0.00000000,94.69756566,106.72863180,101.68074366,1745.79450000,15423.78096747,7912.94957600
7,19,0.000000,0.854000,0.00000000,106.72863180,0.00000000,539.15267161,0.00000000,0.00000000,94.69756566,106.72863180,101.68074366,1745.79450000,15772.93986730,7912.94957600
7,20,0.000000,0.856000,0.00000000,106.72863180,0.00000000,540.66527419,0.00000000,0.00000000,94.69756566,106.72863180,101.68074366,1745.79450000,16122.09876714,7912.94957600
7,21,0.000000,0.826000,0.00000000,106.72863180,0.00000000,517.97623543,0.00000000,0.00000000,94.69756566,106.72863180,101.68074366,1745.79450000,16471.25766698,7912.94957600
7,22,0.000000,0.803000,0.00000000,106.72863180,0.00000000,500.58130571,0.00000000,0.00000000,94.69756566,106.72863180,101.68074366,1745.79450000,16820.41656681,7912.94957600
7,23,0.000000,0.796000,0.00000000,106.72863180,0.00000000,495.28719667,0.00000000,0.00000000,94.69756566,106.72863180,101.68074366,1745.79450000,17169.57546665,7912.94957600
7,24,0.000000,0.774000,0.00000000,106.72863180,0.00000000,478.64856824,0.00000000,0.00000000,94.69756566,106.72863180,101.68074366,1745.79450000,17518.73436648,7912.94957600
7,25,0.000000,0.722000,0.00000000,106.72863180,0.00000000,439.32090106,0.00000000,0.00000000,94.69756566,106.72863180,101.68074366,1745.79450000,17867.89326632,7912.94957600
7,26,0.000000,0.685000,0.00000000,106.72863180,0.00000000,411.33775325,0.00000000,0.00000000,94.69756566,106.72863180,101.68074366,1745.79450000,18217.05216616,7912.94957600
7,27,0.000000,0.638000,0.00000000,106.72863180,0.00000000,375.79159253,0.00000000,0.00000000,94.69756566,106.72863180,101.68074366,1745.79450000,18566.21106599,7912.94957600
7,28,0.000000,0.552000,0.00000000,106.72863180,0.00000000,310.74968141,0.00000000,0.00000000,94.69756566,106.72863180,101.68074366,1745.79450000,18915.36996583,7912.94957600
7,29,0.000000,0.454000,0.00000000,106.72863180,0.00000000,236.63215479,0.00000000,0.00000000,94.69756566,106.72863180,101.68074366,1745.79450000,19264.52886566,7912.94957600
7,30,0.000000,0.404000,0.00000000,2.39428050,0.00000000,303.15144149,0.00000000,0.00000000,0.00000000,2.39428050,0.00000000,0.00000000,17867.89326550,7912.94957600
7,31,0.156000,0.583000,2.39428050,0.00000000,26.01661899,440.92365326,0.00000000,0.00000000,0.00000000,2.39428050,0.00000000,0.00000000,16471.25766534,7912.94957600
7,32,0.362000,0.853000,2.39428050,0.00000000,63.53357600,645.12500212,0.00000000,0.00000000,0.00000000,2.39428050,0.00000000,0.00000000,15074.62206517,7912.94957600
7,33,0.522000,0.883000,57.67001469,0.00000000,37.39722590,667.81404088,0.00000000,0.00000000,49.73928100,57.67001469,53.75120360,1002.98064984,14680.96711484,7912.94957600
7,34,0.632000,0.874000,57.67001469,0.00000000,57.43055246,661.00732925,0.00000000,0.00000000,49.73928100,57.67001469,53.75120360,1002.98064984,14287.31216451,7912.94957600
7,35,0.698000,0.856000,0.00000000,57.67001469,127.12056308,589.72389131,0.00000000,0.00000000,49.73928100,57.67001469,53.75120360,1002.98064984,13893.65721419,7912.94957600
7,36,0.721000,0.831000,0.00000000,57.67001469,131.30934955,570.81635900,0.00000000,0.00000000,49.73928100,57.67001469,53.75120360,1002.98064984,13500.00226386,7912.94957600
7,37,0.693000,0.801000,0.00000000,57.67001469,126.20995733,548.12732024,0.00000000,0.00000000,49.73928100,57.67001469,53.75120360,1002.98064984,13106.34731353,7912.94957600
7,38,0.622000,0.786000,106.72863180,0.00000000,6.55072384,594.45281555,0.00000000,0.00000000,94.69756566,106.72863180,101.68074366,1745.79450000,13455.50621336,7912.94957600
7,39,0.503000,0.799000,91.60693873,15.12169307,0.00000000,589.16303927,0.00000000,0.00000000,94.69756566,106.72863180,101.68074366,1745.79450000,13804.66511320,7912.94957600
7,40,0.336000,0.829000,61.19270659,45.53592522,0.00000000,581.43784589,0.00000000,0.00000000,94.69756566,106.72863180,101.68074366,1745.79450000,14153.82401304,7912.94957600
7,41,0.134000,0.866000,24.40423417,33.26578051,0.00000000,621.69113840,0.00000000,0.00000000,49.73928100,57.67001469,53.75120360,1002.98064984,13760.16906271,7912.94957600
7,42,0.000000,0.886000,0.00000000,106.72863180,0.00000000,563.35431295,0.00000000,0.00000000,94.69756566,106.72863180,101.68074366,1745.79450000,14109.32796254,7912.94957600
7,43,0.000000,0.907000,0.00000000,106.72863180,0.00000000,579.23664009,0.00000000,0.00000000,94.69756566,106.72863180,101.68074366,1745.79450000,14458.48686238,7912.94957600
7,44,0.000000,0.908000,0.00000000,106.72863180,0.00000000,579.99294138,0.00000000,0.00000000,94.69756566,106.72863180,101.68074366,1745.79450000,14807.64576222,7912.94957600
7,45,0.000000,0.898000,0.00000000,106.72863180,0.00000000,572.42992846,0.00000000,0.00000000,94.69756566,106.72863180,101.68074366,1745.79450000,15156.80466205,7912.94957600
7,46,0.000000,0.884000,0.00000000,106.72863180,0.00000000,561.84171037,0.00000000,0.00000000,94.69756566,106.72863180,101.68074366,1745.79450000,15505.96356189,7912.94957600
7,47,0.000000,0.854000,0.00000000,106.72863180,0.00000000,539.15267161,0.00000000,0.00000000,94.69756566,106.72863180,101.68074366,1745.79450000,15855.12246172,7912.94957600
7,48,0.000000,0.800000,0.00000000,106.72863180,0.00000000,498.31240184,0.00000000,0.00000000,94.69756566,106.72863180,101.68074366,1745.79450000,16204.28136156,7912.94957600
7,49,0.000000,0.713000,0.00000000,106.72863180,0.00000000,432.51418943,0.00000000,0.00000000,94.69756566,106.72863180,101.68074366,1745.79450000,16553.44026140,7912.94957600
7,50,0.000000,0.618000,0.00000000,106.72863180,0.00000000,360.66556668,0.00000000,0.00000000,94.69756566,106.72863180,101.68074366,1745.79450000,16902.59916123,7912.94957600
7,51,0.000000,0.513000,0.00000000,106.72863180,0.00000000,281.25393102,0.00000000,0.00000000,94.69756566,106.72863180,101.68074366,1745.79450000,17251.75806107,7912.94957600
7,52,0.000000,0.449000,0.00000000,106.72863180,0.00000000,232.85064833,0.00000000,0.00000000,94.69756566,106.72863180,101.68074366,1745.79450000,17600.91696090,7912.94957600
7,53,0.000000,0.466000,0.00000000,106.72863180,0.00000000,245.70777029,0.00000000,0.00000000,94.69756566,106.72863180,101.68074366,1745.79450000,17950.07586074,7912.94957600
7,54,0.000000,0.519000,0.00000000,106.72863180,0.00000000,285.79173877,0.00000000,0.00000000,94.69756566,106.72863180,101.68074366,1745.79450000,18299.23476058,7912.94957600
7,55,0.142000,0.586000,25.86120338,47.08217003,0.00000000,396.11038711,0.00000000,0.00000000,63.67817400,72.94337341,68.65710075,1244.73168631,18147.33084672,7912.94957600
7,56,0.344000,0.771000,62.64967579,44.07895601,0.00000000,539.02934016,0.00000000,0.00000000,94.69756566,106.72863180,101.68074366,1745.79450000,18496.48974656,7912.94957600
7,57,0.479000,0.817000,87.23603111,2.06214048,0.00000000,615.83601513,0.00000000,0.00000000,78.66539600,89.29817159,84.63531998,1492.48099468,18592.33514107,7912.94957600
7,58,0.590000,0.816000,106.72863180,0.00000000,0.72284702,617.14185431,0.00000000,0.00000000,94.69756566,106.72863180,101.68074366,1745.79450000,18941.49404091,7912.94957600
7,59,0.671000,0.811000,106.72863180,0.00000000,15.47466022,613.36034785,0.00000000,0.00000000,94.69756566,106.72863180,101.68074366,1745.79450000,19290.65294074,7912.94957600
7,60,0.705000,0.812000,106.72863180,0.00000000,21.66677934,614.11664914,0.00000000,0.00000000,94.69756566,106.72863180,101.68074366,1745.79450000,19639.81184058,7912.94957600
7,61,0.684000,0.802000,106.72863180,0.00000000,17.84223518,606.55363622,0.00000000,0.00000000,94.69756566,106.72863180,101.68074366,1745.79450000,19988.97074042,7912.94957600
7,62,0.615000,0.796000,106.72863180,0.00000000,5.27587579,602.01582847,0.00000000,0.00000000,94.69756566,106.72863180,101.68074366,1745.79450000,20338.12964025,7912.94957600
7,63,0.494000,0.809000,89.96784837,16.76078343,0.00000000,595.08696184,0.00000000,0.00000000,94.69756566,106.72863180,101.68074366,1745.79450000,20687.28854009,7912.94957600
7,64,0.329000,0.834000,59.91785853,46.81077327,0.00000000,583.94450430,0.00000000,0.00000000,94.69756566,106.72863180,101.68074366,1745.79450000,21036.44743992,7912.94957600
7,65,0.132000,0.865000,24.03999187,82.68863993,0.00000000,571.51197769,0.00000000,0.00000000,94.69756566,106.72863180,101.68074366,1745.79450000,21385.60633976,7912.94957600
7,66,0.000000,0.885000,0.00000000,106.72863180,0.00000000,562.59801166,0.00000000,0.00000000,94.69756566,106.72863180,101.68074366,1745.79450000,21734.76523960,7912.94957600
7,67,0.000000,0.910000,0.00000000,106.72863180,0.00000000,581.50554396,0.00000000,0.00000000,94.69756566,106.72863180,101.68074366,1745.79450000,22083.92413943,7912.94957600
7,68,0.000000,0.926000,0.00000000,106.72863180,0.00000000,593.60636464,0.00000000,0.00000000,94.69756566,106.72863180,101.68074366,1745.79450000,22433.08303927,7912.94957600
7,69,0.000000,0.907000,0.00000000,106.72863180,0.00000000,579.23664009,0.00000000,0.00000000,94.69756566,106.72863180,101.68074366,1745.79450000,22782.24193910,7912.94957600
7,70,0.000000,0.890000,0.00000000,106.72863180,0.00000000,566.37951812,0.00000000,0.00000000,94.69756566,106.72863180,101.68074366,1745.79450000,23131.40083894,7912.94957600
7,71,0.000000,0.857000,0.00000000,106.72863180,0.00000000,541.42157548,0.00000000,0.00000000,94.69756566,106.72863180,101.68074366,1745.79450000,23480.55973878,7912.94957600
7,72,0.000000,0.795000,0.00000000,106.72863180,0.00000000,494.53089538,0.00000000,0.00000000,94.69756566,106.72863180,101.68074366,1745.79450000,23829.71863861,7912.94957600
7,73,0.000000,0.725000,0.00000000,106.72863180,0.00000000,441.58980493,0.00000000,0.00000000,94.69756566,106.72863180,101.68074366,1745.79450000,24178.87753845,7912.94957600
7,74,0.000000,0.630000,0.00000000,106.72863180,0.00000000,369.74118219,0.00000000,0.00000000,94.69756566,106.72863180,101.68074366,1745.79450000,24528.03643828,7912.94957600
7,75,0.000000,0.573000,0.00000000,57.67001469,0.00000000,375.69062566,0.00000000,0.00000000,49.73928100,57.67001469,53.75120360,1002.98064984,24134.38148795,7912.94957600
7,76,0.000000,0.528000,0.00000000,106.72863180,0.00000000,292.59845040,0.00000000,0.00000000,94.69756566,106.72863180,101.68074366,1745.79450000,24483.54038779,7912.94957600
7,77,0.000000,0.473000,0.00000000,106.72863180,0.00000000,251.00187934,0.00000000,0.00000000,94.69756566,106.72863180,101.68074366,1745.79450000,24832.69928763,7912.94957600
7,78,0.000000,0.398000,0.00000000,106.72863180,0.00000000,194.27928243,0.00000000,0.00000000,94.69756566,106.72863180,101.68074366,1745.79450000,25181.85818746,7912.94957600
7,79,0.142000,0.531000,25.86120338,80.86742842,0.00000000,320.72855765,0.00000000,0.00000000,94.69756566,106.72863180,101.68074366,1745.79450000,25531.01708730,7912.94957600
7,80,0.342000,0.756000,62.28543349,44.44319831,0.00000000,527.32057848,0.00000000,0.00000000,94.69756566,106.72863180,101.68074366,1745.79450000,25880.17598713,7912.94957600
7,81,0.505000,0.786000,72.94337341,0.00000000,19.02780762,594.45281555,0.00000000,0.00000000,63.67817400,72.94337341,68.65710075,1244.73168631,25728.27207328,7912.94957600
7,82,0.611000,0.770000,106.72863180,0.00000000,4.54739119,582.35199488,0.00000000,0.00000000,94.69756566,106.72863180,101.68074366,1745.79450000,26077.43097312,7912.94957600
7,83,0.674000,0.739000,106.72863180,0.00000000,16.02102367,558.90665482,0.00000000,0.00000000,94.69756566,106.72863180,101.68074366,1745.79450000,26426.58987295,7912.94957600
7,84,0.689000,0.720000,106.72863180,0.00000000,18.75284093,544.53693027,0.00000000,0.00000000,94.69756566,106.72863180,101.68074366,1745.79450000,26775.74877279,7912.94957600
7,85,0.671000,0.693000,2.39428050,0.00000000,119.80901152,524.11679539,0.00000000,0.00000000,0.00000000,2.39428050,0.00000000,0.00000000,25379.11317263,7912.94957600
7,86,0.596000,0.684000,106.72863180,0.00000000,1.81557393,517.31008376,0.00000000,0.00000000,94.69756566,106.72863180,101.68074366,1745.79450000,25728.27207246,7912.94957600
7,87,0.480000,0.709000,57.67001469,0.00000000,29.74813758,536.21761606,0.00000000,0.00000000,49.73928100,57.67001469,53.75120360,1002.98064984,25334.61712213,7912.94957600
7,88,0.313000,0.762000,57.00392012,49.72471168,0.00000000,526.57687286,0.00000000,0.00000000,94.69756566,106.72863180,101.68074366,1745.79450000,25683.77602197,7912.94957600
7,89,0.105000,0.829000,19.12272081,70.17545078,0.00000000,556.79832032,0.00000000,0.00000000,78.66539600,89.29817159,84.63531998,1492.48099468,25779.62141648,7912.94957600
7,90,0.000000,0.865000,0.00000000,106.72863180,0.00000000,547.47198582,0.00000000,0.00000000,94.69756566,106.72863180,101.68074366,1745.79450000,26128.78031632,7912.94957600
7,91,0.000000,0.872000,0.00000000,106.72863180,0.00000000,552.76609486,0.00000000,0.00000000,94.69756566,106.72863180,101.68074366,1745.79450000,26477.93921615,7912.94957600
7,92,0.000000,0.860000,0.00000000,106.72863180,0.00000000,543.69047936,0.00000000,0.00000000,94.69756566,106.72863180,101.68074366,1745.79450000,26827.09811599,7912.94957600
7,93,0.000000,0.808000,0.00000000,106.72863180,0.00000000,504.36281217,0.00000000,0.00000000,94.69756566,106.72863180,101.68074366,1745.79450000,27176.25701583,7912.94957600
7,94,0.000000,0.762000,0.00000000,106.72863180,0.00000000,469.57295274,0.00000000,0.00000000,94.69756566,106.72863180,101.68074366,1745.79450000,27525.41591566,7912.94957600
7,95,0.000000,0.723000,0.00000000,106.72863180,0.00000000,440.07720235,0.00000000,0.00000000,94.69756566,106.72863180,101.68074366,1745.79450000,27874.57481550,7912.94957600
7,96,0.000000,0.686000,0.00000000,106.72863180,0.00000000,412.09405454,0.00000000,0.00000000,94.69756566,106.72863180,101.68074366,1745.79450000,28223.73371533,7912.94957600
7,97,0.000000,0.635000,0.00000000,106.72863180,0.00000000,373.52268865,0.00000000,0.00000000,94.69756566,106.72863180,101.68074366,1745.79450000,28572.89261517,7912.94957600
7,98,0.000000,0.538000,0.00000000,106.72863180,0.00000000,300.16146332,0.00000000,0.00000000,94.69756566,106.72863180,101.68074366,1745.79450000,28922.05151501,7912.94957600
7,99,0.000000,0.445000,0.00000000,106.72863180,0.00000000,229.82544316,0.00000000,0.00000000,94.69756566,106.72863180,101.68074366,1745.79450000,29271.21041484,7912.94957600
7,100,0.000000,0.332000,0.00000000,107.32720193,0.00000000,143.76482703,0.00000000,0.00000000,94.69756566,107.32720193,101.68074366,1745.79450000,29271.21041464,9891.18697000
7,101,0.000000,0.310000,0.00000000,106.72863180,0.00000000,127.72476873,0.00000000,0.00000000,94.69756566,106.72863180,101.68074366,1745.79450000,29620.36931447,7912.94957600
7,102,0.000000,0.328000,0.00000000,106.72863180,0.00000000,141.33819199,0.00000000,0.00000000,94.69756566,106.72863180,101.68074366,1745.79450000,29969.52821431,7912.94957600
7,103,0.130000,0.432000,23.67574957,83.65145235,0.00000000,243.07070581,0.00000000,0.00000000,94.69756566,107.32720193,101.68074366,1745.79450000,29969.52821410,9891.18697000
7,104,0.317000,0.677000,0.00000000,57.89596253,57.73240472,454.12001219,0.00000000,0.00000000,49.73928100,57.89596253,53.75120360,1002.98064984,29444.07300061,8659.69327663
7,105,0.487000,0.777000,88.69300032,18.03563148,0.00000000,569.61047244,0.00000000,0.00000000,94.69756566,106.72863180,101.68074366,1745.79450000,29793.23190045,7912.94957600
7,106,0.608000,0.801000,107.32720193,0.00000000,3.40245761,605.79733493,0.00000000,0.00000000,94.69756566,107.32720193,101.68074366,1745.79450000,29793.23190024,9891.18697000
7,107,0.675000,0.806000,106.72863180,0.00000000,16.20314482,609.57884139,0.00000000,0.00000000,94.69756566,106.72863180,101.68074366,1745.79450000,30142.39080008,7912.94957600
7,108,0.705000,0.809000,89.29817185,0.00000000,39.09723929,611.84774527,0.00000000,0.00000000,78.66539600,89.29817185,84.63532017,1492.48104146,30238.23624137,7912.94957600
7,109,0.677000,0.808000,107.32720193,0.00000000,15.96881700,611.09144397,0.00000000,0.00000000,94.69756566,107.32720193,101.68074366,1745.79450000,30238.23624117,9891.18697000
7,110,0.603000,0.815000,89.89674197,0.00000000,19.92231181,616.38555302,0.00000000,0.00000000,78.66539600,89.89674197,84.63532017,1492.48104146,29984.92278242,9891.18697000
7,111,0.482000,0.834000,87.78239457,12.94969738,0.00000000,617.80558019,0.00000000,0.00000000,88.63152251,100.73209194,95.23131875,1649.94905912,29889.07734133,9891.18697000
7,112,0.318000,0.863000,57.91452588,48.81410593,0.00000000,603.87390911,0.00000000,0.00000000,94.69756566,106.72863180,101.68074366,1745.79450000,30238.23624117,7912.94957600
7,113,0.120000,0.893000,21.85453807,67.60794355,0.00000000,607.76911025,0.00000000,0.00000000,78.66539600,89.46248162,84.63532017,1492.48104146,30238.23624117,8455.98323771
7,114,0.000000,0.903000,0.00000000,94.13698192,0.00000000,588.80308480,0.00000000,0.00000000,82.56547933,94.13698192,88.78189380,1554.10361762,30046.54535858,9891.18697000
7,115,0.000000,0.897000,0.00000000,89.29817185,0.00000000,589.10408712,0.00000000,0.00000000,78.66539600,89.29817185,84.63532017,1492.48104146,30142.39079988,7912.94957600
7,116,0.000000,0.871000,0.00000000,89.29817185,0.00000000,569.44025352,0.00000000,0.00000000,78.66539600,89.29817185,84.63532017,1492.48104146,30238.23624117,7912.94957600
7,117,0.000000,0.816000,0.00000000,100.73209193,0.00000000,516.40976238,0.00000000,0.00000000,88.63152250,100.73209193,95.23131874,1649.94905891,30142.39079988,9891.18697000
7,118,0.000000,0.722000,0.00000000,89.29817185,0.00000000,456.75136101,0.00000000,0.00000000,78.66539600,89.29817185,84.63532017,1492.48104146,30238.23624117,7912.94957600
7,119,0.000000,0.611000,0.00000000,107.32720193,0.00000000,354.77288752,0.00000000,0.00000000,94.69756566,107.32720193,101.68074366,1745.79450000,30238.23624096,9891.18697000
7,120,0.000000,0.505000,0.00000000,100.73209197,0.00000000,281.20006051,0.00000000,0.00000000,88.63152254,100.73209197,95.23131878,1649.94905953,30142.39080029,9891.18697000
7,121,0.000000,0.398000,0.00000000,107.32720193,0.00000000,193.68071231,0.00000000,0.00000000,94.69756566,107.32720193,101.68074366,1745.79450000,30142.39080008,9891.18697000
7,122,0.000000,0.316000,0.00000000,107.32720193,0.00000000,131.66400636,0.00000000,0.00000000,94.69756566,107.32720193,101.68074366,1745.79450000,30142.39079988,9891.18697000
7,123,0.000000,0.272000,0.00000000,89.29817185,0.00000000,116.41577959,0.00000000,0.00000000,78.66539600,89.29817185,84.63532017,1492.48104146,30238.23624117,7912.94957600
7,124,0.000000,0.239000,0.00000000,107.32720193,0.00000000,73.42880687,0.00000000,0.00000000,94.69756566,107.32720193,101.68074366,1745.79450000,30238.23624096,9891.18697000
7,125,0.000000,0.225000,0.00000000,100.73209194,0.00000000,69.43569877,0.00000000,0.00000000,88.63152251,100.73209194,95.23131875,1649.94905912,30142.39079988,9891.18697000
7,126,0.000000,0.218000,0.00000000,89.29817185,0.00000000,75.57550982,0.00000000,0.00000000,78.66539600,89.29817185,84.63532017,1492.48104146,30238.23624117,7912.94957600
7,127,0.138000,0.337000,25.13271878,48.07253235,0.00000000,206.80100307,0.00000000,0.00000000,63.67817400,73.20525112,68.65710075,1244.73168631,29933.57339264,8778.43929085
7,128,0.338000,0.649000,58.26858481,0.00000000,3.28836407,490.83953854,0.00000000,0.00000000,49.73928100,58.26858481,53.75120360,1002.98064984,29190.75954227,9891.18697000
7,129,0.502000,0.731000,91.42481758,15.90238435,0.00000000,536.95386014,0.00000000,0.00000000,94.69756566,107.32720193,101.68074366,1745.79450000,29190.75954207,9891.18697000
7,130,0.612000,0.728000,106.72863180,0.00000000,4.72951234,550.58734061,0.00000000,0.00000000,94.69756566,106.72863180,101.68074366,1745.79450000,29539.91844190,7912.94957600
7,131,0.682000,0.708000,106.72863180,0.00000000,17.47799288,535.46131477,0.00000000,0.00000000,94.69756566,106.72863180,101.68074366,1745.79450000,29889.07734174,7912.94957600
7,132,0.702000,0.678000,106.72863180,0.00000000,21.12041589,512.77227601,0.00000000,0.00000000,94.69756566,106.72863180,101.68074366,1745.79450000,30238.23624158,7912.94957600
7,133,0.681000,0.651000,107.32720193,0.00000000,16.69730160,492.35214112,0.00000000,0.00000000,94.69756566,107.32720193,101.68074366,1745.79450000,30238.23624137,9891.18697000
7,134,0.604000,0.646000,107.32720193,0.00000000,2.67397301,488.57063466,0.00000000,0.00000000,94.69756566,107.32720193,101.68074366,1745.79450000,30238.23624117,9891.18697000
7,135,0.483000,0.666000,0.00000000,73.20525112,87.96451572,430.49140938,0.00000000,0.00000000,63.67817400,73.20525112,68.65710075,1244.73168631,29933.57339367,8778.43928504
7,136,0.310000,0.690000,2.99285063,0.00000000,53.46470605,521.84789151,0.00000000,0.00000000,0.00000000,2.99285063,0.00000000,0.00000000,28187.77889346,9891.18697000
7,137,0.114000,0.733000,20.76181116,86.56539076,0.00000000,467.80345631,0.00000000,0.00000000,94.69756566,107.32720193,101.68074366,1745.79450000,28187.77889326,9891.18697000
7,138,0.000000,0.773000,0.00000000,58.26858481,0.00000000,526.35231394,0.00000000,0.00000000,49.73928100,58.26858481,53.75120360,1002.98064984,27444.96504289,9891.18697000
7,139,0.000000,0.813000,0.00000000,106.72863180,0.00000000,508.14431863,0.00000000,0.00000000,94.69756566,106.72863180,101.68074366,1745.79450000,27794.12394272,7912.94957600
7,140,0.000000,0.844000,0.00000000,106.72863180,0.00000000,531.58965869,0.00000000,0.00000000,94.69756566,106.72863180,101.68074366,1745.79450000,28143.28284256,7912.94957600
7,141,0.000000,0.838000,0.00000000,106.72863180,0.00000000,527.05185094,0.00000000,0.00000000,94.69756566,106.72863180,101.68074366,1745.79450000,28492.44174240,7912.94957600
7,142,0.000000,0.812000,0.00000000,106.72863180,0.00000000,507.38801734,0.00000000,0.00000000,94.69756566,106.72863180,101.68074366,1745.79450000,28841.60064223,7912.94957600
7,143,0.000000,0.777000,0.00000000,107.32720193,0.00000000,480.31890200,0.00000000,0.00000000,94.69756566,107.32720193,101.68074366,1745.79450000,28841.60064203,9891.18697000
7,144,0.000000,0.734000,0.00000000,106.72863180,0.00000000,448.39651656,0.00000000,0.00000000,94.69756566,106.72863180,101.68074366,1745.79450000,29190.75954186,7912.94957600
7,145,0.000000,0.691000,0.00000000,107.32720193,0.00000000,415.27699088,0.00000000,0.00000000,94.69756566,107.32720193,101.68074366,1745.79450000,29190.75954166,9891.18697000
7,146,0.000000,0.638000,0.00000000,106.72863180,0.00000000,375.79159253,0.00000000,0.00000000,94.69756566,106.72863180,101.68074366,1745.79450000,29539.91844149,7912.94957600
7,147,0.000000,0.596000,0.00000000,106.72863180,0.00000000,344.02693826,0.00000000,0.00000000,94.69756566,106.72863180,101.68074366,1745.79450000,29889.07734133,7912.94957600
7,148,0.000000,0.540000,0.00000000,106.72863180,0.00000000,301.67406590,0.00000000,0.00000000,94.69756566,106.72863180,101.68074366,1745.79450000,30238.23624117,7912.94957600
7,149,0.000000,0.489000,0.00000000,107.32720193,0.00000000,262.50412989,0.00000000,0.00000000,94.69756566,107.32720193,101.68074366,1745.79450000,30238.23624096,9891.18697000
7,150,0.000000,0.441000,0.00000000,89.89674172,0.00000000,243.63212808,0.00000000,0.00000000,78.66539600,89.89674172,84.63531998,1492.48099468,29984.92273543,9891.18697000
7,151,0.144000,0.593000,26.22544568,63.40134529,0.00000000,385.08532090,0.00000000,0.00000000,78.66539600,89.62679097,84.63531998,1492.48099468,29889.07734133,8999.01636701
7,152,0.347000,0.762000,63.19603924,43.53259256,0.00000000,532.76899198,0.00000000,0.00000000,94.69756566,106.72863180,101.68074366,1745.79450000,30238.23624117,7912.94957600
7,153,0.513000,0.709000,43.47863956,0.00000000,49.94951067,536.21761606,0.00000000,0.00000000,36.84682300,43.47863956,39.91750131,767.66957627,29609.27021727,7912.94957600
7,154,0.628000,0.604000,106.72863180,0.00000000,7.64345075,456.80598040,0.00000000,0.00000000,94.69756566,106.72863180,101.68074366,1745.79450000,29958.42911711,7912.94957600
7,155,0.692000,0.498000,106.84752294,0.00000000,19.18031324,376.63804344,0.00000000,0.00000000,94.69756566,106.84752294,101.68074366,1745.79450000,30238.23624117,8305.87748409
7,156,0.706000,0.420000,58.26858481,0.00000000,70.30894748,317.64654266,0.00000000,0.00000000,49.73928100,58.26858481,53.75120360,1002.98064984,29495.42239080,9891.18697000
7,157,0.675000,0.391000,57.67001469,0.00000000,65.26176193,295.71380519,0.00000000,0.00000000,49.73928100,57.67001469,53.75120360,1002.98064984,29101.76744047,7912.94957600
7,158,0.601000,0.407000,106.72863180,0.00000000,2.72617968,307.81462586,0.00000000,0.00000000,94.69756566,106.72863180,101.68074366,1745.79450000,29450.92634031,7912.94957600
7,159,0.480000,0.465000,0.00000000,58.26858481,87.41815226,293.41151599,0.00000000,0.00000000,49.73928100,58.26858481,53.75120360,1002.98064984,28708.11248994,9891.18697000
7,160,0.316000,0.547000,57.55028357,49.77691835,0.00000000,363.91988840,0.00000000,0.00000000,94.69756566,107.32720193,101.68074366,1745.79450000,28708.11248973,9891.18697000
7,161,0.124000,0.657000,22.58302267,66.71514892,0.00000000,430.17479995,0.00000000,0.00000000,78.66539600,89.29817159,84.63531998,1492.48099468,28803.95788424,7912.94957600
7,162,0.000000,0.746000,0.00000000,106.72863180,0.00000000,457.47213207,0.00000000,0.00000000,94.69756566,106.72863180,101.68074366,1745.79450000,29153.11678408,7912.94957600
7,163,0.000000,0.778000,0.00000000,106.72863180,0.00000000,481.67377341,0.00000000,0.00000000,94.69756566,106.72863180,101.68074366,1745.79450000,29502.27568391,7912.94957600
7,164,0.000000,0.795000,0.00000000,106.72863180,0.00000000,494.53089538,0.00000000,0.00000000,94.69756566,106.72863180,101.68074366,1745.79450000,29851.43458375,7912.94957600
7,165,0.000000,0.799000,0.00000000,107.32720193,0.00000000,496.95753042,0.00000000,0.00000000,94.69756566,107.32720193,101.68074366,1745.79450000,29851.43458355,9891.18697000
7,166,0.000000,0.814000,0.00000000,107.32720193,0.00000000,508.30204980,0.00000000,0.00000000,94.69756566,107.32720193,101.68074366,1745.79450000,29851.43458334,9891.18697000
7,167,0.000000,0.812000,0.00000000,106.72863180,0.00000000,507.38801734,0.00000000,0.00000000,94.69756566,106.72863180,101.68074366,1745.79450000,30200.59348318,7912.94957600
7,168,0.000000,0.770000,0.00000000,107.32720193,0.00000000,475.02479295,0.00000000,0.00000000,94.69756566,107.32720193,101.68074366,1745.79450000,30200.59348297,9891.18697000
7,169,0.000000,0.717000,0.00000000,89.89674197,0.00000000,452.37128442,0.00000000,0.00000000,78.66539600,89.89674197,84.63532017,1492.48104146,29947.28002422,9891.18697000
7,170,0.000000,0.650000,0.00000000,96.12860417,0.00000000,395.46723566,0.00000000,0.00000000,84.94788368,96.12860417,91.31486918,1591.74637582,30142.39079988,7912.94957600
7,171,0.000000,0.599000,0.00000000,89.29817185,0.00000000,363.72630209,0.00000000,0.00000000,78.66539600,89.29817185,84.63532017,1492.48104146,30238.23624117,7912.94957600
7,172,0.000000,0.547000,0.00000000,72.94337341,0.00000000,340.75343334,0.00000000,0.00000000,63.67817400,72.94337341,68.65710075,1244.73168631,30086.33232731,7912.94957600
7,173,0.000000,0.473000,0.00000000,73.02111966,0.00000000,284.70939147,0.00000000,0.00000000,63.67817400,73.02111966,68.65710075,1244.73168631,29889.07734154,8169.89615915
7,174,0.000000,0.415000,0.00000000,107.32720193,0.00000000,206.53783427,0.00000000,0.00000000,94.69756566,107.32720193,101.68074366,1745.79450000,29889.07734133,9891.18697000
7,175,0.138000,0.574000,25.13271878,81.59591302,0.00000000,352.52102861,0.00000000,0.00000000,94.69756566,106.72863180,101.68074366,1745.79450000,30238.23624117,7912.94957600
7,176,0.338000,0.740000,43.47863956,0.00000000,18.07830932,559.66295612,0.00000000,0.00000000,36.84682300,43.47863956,39.91750131,767.66957627,29609.27021727,7912.94957600
7,177,0.508000,0.739000,72.94337341,0.00000000,19.57417107,558.90665482,0.00000000,0.00000000,63.67817400,72.94337341,68.65710075,1244.73168631,29457.36630342,7912.94957600
7,178,0.628000,0.698000,57.67001469,0.00000000,56.70206786,527.89830185,0.00000000,0.00000000,49.73928100,57.67001469,53.75120360,1002.98064984,29063.71135309,7912.94957600
7,179,0.687000,0.657000,106.72863180,0.00000000,18.38859863,496.88994888,0.00000000,0.00000000,94.69756566,106.72863180,101.68074366,1745.79450000,29412.87025293,7912.94957600
7,180,0.697000,0.633000,57.67001469,0.00000000,69.26842725,478.73871787,0.00000000,0.00000000,49.73928100,57.67001469,53.75120360,1002.98064984,29019.21530260,7912.94957600
7,181,0.662000,0.642000,57.67001469,0.00000000,62.89418698,485.54542949,0.00000000,0.00000000,49.73928100,57.67001469,53.75120360,1002.98064984,28625.56035227,7912.94957600
7,182,0.581000,0.672000,72.94337341,0.00000000,32.86901506,508.23446826,0.00000000,0.00000000,63.67817400,72.94337341,68.65710075,1244.73168631,28473.65643842,7912.94957600
7,183,0.454000,0.713000,57.67001469,0.00000000,25.01298766,539.24282123,0.00000000,0.00000000,49.73928100,57.67001469,53.75120360,1002.98064984,28080.00148809,7912.94957600
7,184,0.298000,0.753000,54.27210286,18.67127054,0.00000000,550.82360237,0.00000000,0.00000000,63.67817400,72.94337341,68.65710075,1244.73168631,27928.09757424,7912.94957600
7,185,0.119000,0.791000,21.67241692,85.05621489,0.00000000,513.17810712,0.00000000,0.00000000,94.69756566,106.72863180,101.68074366,1745.79450000,28277.25647407,7912.94957600
7,186,0.000000,0.802000,0.00000000,106.72863180,0.00000000,499.82500442,0.00000000,0.00000000,94.69756566,106.72863180,101.68074366,1745.79450000,28626.41537391,7912.94957600
7,187,0.000000,0.805000,0.00000000,107.32720193,0.00000000,501.49533817,0.00000000,0.00000000,94.69756566,107.32720193,101.68074366,1745.79450000,28626.41537370,9891.18697000
7,188,0.000000,0.804000,0.00000000,106.72863180,0.00000000,501.33760701,0.00000000,0.00000000,94.69756566,106.72863180,101.68074366,1745.79450000,28975.57427354,7912.94957600
7,189,0.000000,0.798000,0.00000000,30.37356422,0.00000000,573.15486683,0.00000000,0.00000000,25.00174700,30.37356422,27.15938231,539.40882693,28118.34750030,7912.94957600
7,190,0.000000,0.799000,0.00000000,106.72863180,0.00000000,497.55610055,0.00000000,0.00000000,94.69756566,106.72863180,101.68074366,1745.79450000,28467.50640014,7912.94957600
7,191,0.000000,0.771000,0.00000000,106.72863180,0.00000000,476.37966437,0.00000000,0.00000000,94.69756566,106.72863180,101.68074366,1745.79450000,28816.66529997,7912.94957600
7,192,0.000000,0.724000,0.00000000,106.72863180,0.00000000,440.83350364,0.00000000,0.00000000,94.69756566,106.72863180,101.68074366,1745.79450000,29165.82419981,7912.94957600
7,193,0.000000,0.668000,0.00000000,106.72863180,0.00000000,398.48063129,0.00000000,0.00000000,94.69756566,106.72863180,101.68074366,1745.79450000,29514.98309964,7912.94957600
7,194,0.000000,0.603000,0.00000000,57.67001469,0.00000000,398.37966442,0.00000000,0.00000000,49.73928100,57.67001469,53.75120360,1002.98064984,29121.32814932,7912.94957600
7,195,0.000000,0.530000,0.00000000,106.72863180,0.00000000,294.11105298,0.00000000,0.00000000,94.69756566,106.72863180,101.68074366,1745.79450000,29470.48704915,7912.94957600
7,196,0.000000,0.459000,0.00000000,106.72863180,0.00000000,240.41366125,0.00000000,0.00000000,94.69756566,106.72863180,101.68074366,1745.79450000,29819.64594899,7912.94957600
7,197,0.000000,0.390000,0.00000000,106.72863180,0.00000000,188.22887210,0.00000000,0.00000000,94.69756566,106.72863180,101.68074366,1745.79450000,30168.80484882,7912.94957600
7,198,0.000000,0.341000,0.00000000,107.20817429,0.00000000,150.69056630,0.00000000,0.00000000,94.69756566,107.20817429,101.68074366,1745.79450000,30238.23624117,9497.80797540
7,199,0.141000,0.495000,25.67908223,81.64811970,0.00000000,292.72101987,0.00000000,0.00000000,94.69756566,107.32720193,101.68074366,1745.79450000,30238.23624096,9891.18697000
7,200,0.344000,0.690000,62.64967579,26.97711518,0.00000000,494.87077634,0.00000000,0.00000000,78.66539600,89.62679097,84.63531998,1492.48099468,30142.39084666,8999.01636817
7,201,0.509000,0.665000,89.29817159,0.00000000,3.40149404,502.94035921,0.00000000,0.00000000,78.66539600,89.29817159,84.63531998,1492.48099468,30238.23624117,7912.94957600
7,202,0.633000,0.574000,58.26858481,0.00000000,57.01410349,434.11694164,0.00000000,0.00000000,49.73928100,58.26858481,53.75120360,1002.98064984,29495.42239080,9891.18697000
7,203,0.697000,0.464000,106.72863180,0.00000000,20.20981013,350.92379951,0.00000000,0.00000000,94.69756566,106.72863180,101.68074366,1745.79450000,29844.58129063,7912.94957600
7,204,0.713000,0.369000,58.26858481,0.00000000,71.58379553,279.07517677,0.00000000,0.00000000,49.73928100,58.26858481,53.75120360,1002.98064984,29101.76744026,9891.18697000
7,205,0.685000,0.298000,0.00000000,57.67001469,124.75298813,167.70777034,0.00000000,0.00000000,49.73928100,57.67001469,53.75120360,1002.98064984,28708.11248994,7912.94957600
7,206,0.611000,0.270000,106.72863180,0.00000000,4.54739119,204.20134885,0.00000000,0.00000000,94.69756566,106.72863180,101.68074366,1745.79450000,29057.27138977,7912.94957600
7,207,0.491000,0.284000,89.42148492,17.90571701,0.00000000,196.88384994,0.00000000,0.00000000,94.69756566,107.32720193,101.68074366,1745.79450000,29057.27138957,9891.18697000
7,208,0.323000,0.347000,58.82513163,48.50207030,0.00000000,213.93447804,0.00000000,0.00000000,94.69756566,107.32720193,101.68074366,1745.79450000,29057.27138936,9891.18697000
7,209,0.125000,0.457000,22.76514382,84.56205811,0.00000000,261.06763236,0.00000000,0.00000000,94.69756566,107.32720193,101.68074366,1745.79450000,29057.27138916,9891.18697000
7,210,0.000000,0.572000,0.00000000,89.29817159,0.00000000,343.30616746,0.00000000,0.00000000,78.66539600,89.29817159,84.63531998,1492.48099468,29153.11678367,7912.94957600
7,211,0.000000,0.603000,0.00000000,106.78299121,0.00000000,349.26668790,0.00000000,0.00000000,94.69756566,106.78299121,101.68074366,1745.79450000,29470.56666592,8092.60406655
7,212,0.000000,0.613000,0.00000000,106.72863180,0.00000000,356.88406022,0.00000000,0.00000000,94.69756566,106.72863180,101.68074366,1745.79450000,29819.72556576,7912.94957600
7,213,0.000000,0.692000,0.00000000,43.47863956,0.00000000,479.88185454,0.00000000,0.00000000,36.84682300,43.47863956,39.91750131,767.66957627,29190.75954186,7912.94957600
7,214,0.000000,0.753000,0.00000000,106.72863180,0.00000000,462.76624111,0.00000000,0.00000000,94.69756566,106.72863180,101.68074366,1745.79450000,29539.91844170,7912.94957600
7,215,0.000000,0.747000,0.00000000,106.72863180,0.00000000,458.22843336,0.00000000,0.00000000,94.69756566,106.72863180,101.68074366,1745.79450000,29889.07734154,7912.94957600
7,216,0.000000,0.739000,0.00000000,107.32720193,0.00000000,451.57945290,0.00000000,0.00000000,94.69756566,107.32720193,101.68074366,1745.79450000,29889.07734133,9891.18697000
7,217,0.000000,0.703000,0.00000000,106.72863180,0.00000000,424.95117651,0.00000000,0.00000000,94.69756566,106.72863180,101.68074366,1745.79450000,30238.23624117,7912.94957600
7,218,0.000000,0.651000,0.00000000,107.32720193,0.00000000,385.02493920,0.00000000,0.00000000,94.69756566,107.32720193,101.68074366,1745.79450000,30238.23624117,9891.18696884
7,219,0.000000,0.586000,0.00000000,107.32720193,0.00000000,335.86535521,0.00000000,0.00000000,94.69756566,107.32720193,101.68074366,1745.79450000,30238.23624096,9891.18697000
7,220,0.000000,0.522000,0.00000000,72.94337341,0.00000000,321.84590104,0.00000000,0.00000000,63.67817400,72.94337341,68.65710075,1244.73168631,30086.33232711,7912.94957600
7,221,0.000000,0.476000,0.00000000,72.94337341,0.00000000,287.05604161,0.00000000,0.00000000,63.67817400,72.94337341,68.65710075,1244.73168631,29934.42841326,7912.94957600
7,222,0.000000,0.453000,0.00000000,107.32720193,0.00000000,235.27728337,0.00000000,0.00000000,94.69756566,107.32720193,101.68074366,1745.79450000,29934.42841305,9891.18697000
7,223,0.149000,0.610000,27.13605143,62.16212016,0.00000000,399.18166799,0.00000000,0.00000000,78.66539600,89.29817159,84.63531998,1492.48099468,30030.27380756,7912.94957600
7,224,0.355000,0.728000,64.65300845,42.31767930,0.00000000,508.26966131,0.00000000,0.00000000,94.69756566,106.97068774,101.68074366,1745.79450000,30238.23624117,8712.92955465
7,225,0.522000,0.668000,95.06724059,12.25996134,0.00000000,492.94930175,0.00000000,0.00000000,94.69756566,107.32720193,101.68074366,1745.79450000,30238.23624096,9891.18697000
7,226,0.636000,0.562000,107.32720193,0.00000000,8.50184983,425.04132613,0.00000000,0.00000000,94.69756566,107.32720193,101.68074366,1745.79450000,30238.23624117,9891.18696768
7,227,0.700000,0.466000,30.97213435,0.00000000,96.51267104,352.43640209,0.00000000,0.00000000,25.00174700,30.97213435,27.15938231,539.40882693,29031.85056789,9891.18697000
7,228,0.717000,0.397000,106.72863180,0.00000000,23.85223314,300.25161294,0.00000000,0.00000000,94.69756566,106.72863180,101.68074366,1745.79450000,29381.00946772,7912.94957600
7,229,0.690000,0.358000,106.72863180,0.00000000,18.93496208,270.75586255,0.00000000,0.00000000,94.69756566,106.72863180,101.68074366,1745.79450000,29730.16836756,7912.94957600
7,230,0.617000,0.352000,106.72863180,0.00000000,5.64011809,266.21805480,0.00000000,0.00000000,94.69756566,106.72863180,101.68074366,1745.79450000,30079.32726740,7912.94957600
7,231,0.497000,0.385000,0.00000000,57.67001469,90.51421182,233.50598275,0.00000000,0.00000000,49.73928100,57.67001469,53.75120360,1002.98064984,29685.67231707,7912.94957600
7,232,0.333000,0.466000,60.64634313,46.68085879,0.00000000,305.75554330,0.00000000,0.00000000,94.69756566,107.32720193,101.68074366,1745.79450000,29685.67231686,9891.18697000
7,233,0.132000,0.604000,24.03999187,48.90338154,0.00000000,407.90259886,0.00000000,0.00000000,63.67817400,72.94337341,68.65710075,1244.73168631,29533.76840301,7912.94957600
7,234,0.000000,0.706000,0.00000000,106.72863180,0.00000000,427.22008038,0.00000000,0.00000000,94.69756566,106.72863180,101.68074366,1745.79450000,29882.92730285,7912.94957600
7,235,0.000000,0.718000,0.00000000,106.72863180,0.00000000,436.29569589,0.00000000,0.00000000,94.69756566,106.72863180,101.68074366,1745.79450000,30232.08620268,7912.94957600
7,236,0.000000,0.764000,0.00000000,107.31665879,0.00000000,470.49752833,0.00000000,0.00000000,94.69756566,107.31665879,101.68074366,1745.79450000,30238.23624117,9856.34255815
7,237,0.000000,0.754000,0.00000000,107.32720193,0.00000000,462.92397228,0.00000000,0.00000000,94.69756566,107.32720193,101.68074366,1745.79450000,30238.23624096,9891.18697000
7,238,0.000000,0.724000,0.00000000,89.89674172,0.00000000,457.66539373,0.00000000,0.00000000,78.66539600,89.89674172,84.63531998,1492.48099468,29984.92273543,9891.18697000
7,239,0.000000,0.668000,0.00000000,57.67001469,0.00000000,447.53924840,0.00000000,0.00000000,49.73928100,57.67001469,53.75120360,1002.98064984,29591.26778510,7912.94957600
7,240,0.000000,0.604000,0.00000000,106.81666101,0.00000000,349.98931938,0.00000000,0.00000000,94.69756566,106.81666101,101.68074366,1745.79450000,29889.07734133,8203.88070126
7,241,0.000000,0.540000,0.00000000,106.72863180,0.00000000,301.67406590,0.00000000,0.00000000,94.69756566,106.72863180,101.68074366,1745.79450000,30238.23624117,7912.94957600
7,242,0.000000,0.467000,0.00000000,58.26858481,0.00000000,294.92411857,0.00000000,0.00000000,49.73928100,58.26858481,53.75120360,1002.98064984,29495.42239080,9891.18697000
7,243,0.000000,0.388000,0.00000000,107.25092145,0.00000000,186.19397986,0.00000000,0.00000000,94.69756566,107.25092145,101.68074366,1745.79450000,29539.91844170,9639.08469744
7,244,0.000000,0.320000,0.00000000,106.72863180,0.00000000,135.28778165,0.00000000,0.00000000,94.69756566,106.72863180,101.68074366,1745.79450000,29889.07734154,7912.94957600
7,245,0.000000,0.279000,0.00000000,107.32720193,0.00000000,103.68085856,0.00000000,0.00000000,94.69756566,107.32720193,101.68074366,1745.79450000,29889.07734133,9891.18697000
7,246,0.000000,0.249000,0.00000000,106.72863180,0.00000000,81.59038992,0.00000000,0.00000000,94.69756566,106.72863180,101.68074366,1745.79450000,30238.23624117,7912.94957600
7,247,0.070000,0.312000,12.74848054,94.57872139,0.00000000,141.38728173,0.00000000,0.00000000,94.69756566,107.32720193,101.68074366,1745.79450000,30238.23624096,9891.18697000
7,248,0.236000,0.484000,42.98059153,0.49804803,0.00000000,365.55177732,0.00000000,0.00000000,36.84682300,43.47863956,39.91750131,767.66957627,29609.27021707,7912.94957600
7,249,0.443000,0.499000,80.67966969,26.04896211,0.00000000,351.34538263,0.00000000,0.00000000,94.69756566,106.72863180,101.68074366,1745.79450000,29958.42911690,7912.94957600
7,250,0.609000,0.444000,107.32720193,0.00000000,3.58457876,335.79777367,0.00000000,0.00000000,94.69756566,107.32720193,101.68074366,1745.79450000,29958.42911670,9891.18697000
7,251,0.702000,0.380000,107.25115830,0.00000000,20.59788939,287.39449098,0.00000000,0.00000000,94.69756566,107.25115830,101.68074366,1745.79450000,30002.78701018,9639.86745900
7,252,0.730000,0.314000,57.67001469,0.00000000,75.27842522,237.47860570,0.00000000,0.00000000,49.73928100,57.67001469,53.75120360,1002.98064984,29609.13205986,7912.94957600
7,253,0.703000,0.266000,106.72863180,0.00000000,21.30253704,201.17614368,0.00000000,0.00000000,94.69756566,106.72863180,101.68074366,1745.79450000,29958.29095969,7912.94957600
7,254,0.631000,0.252000,30.97213435,0.00000000,83.94631165,190.58792560,0.00000000,0.00000000,25.00174700,30.97213435,27.15938231,539.40882693,28751.90528641,9891.18697000
7,255,0.509000,0.272000,92.69966563,14.02896617,0.00000000,191.68498527,0.00000000,0.00000000,94.69756566,106.72863180,101.68074366,1745.79450000,29101.06418625,7912.94957600
7,256,0.326000,0.325000,59.37149508,47.95570685,0.00000000,197.84221307,0.00000000,0.00000000,94.69756566,107.32720193,101.68074366,1745.79450000,29101.06418604,9891.18697000
7,257,0.122000,0.420000,22.21878037,67.67796135,0.00000000,249.96858131,0.00000000,0.00000000,78.66539600,89.89674172,84.63531998,1492.48099468,28847.75068051,9891.18697000
7,258,0.000000,0.541000,0.00000000,30.37356422,0.00000000,378.78543477,0.00000000,0.00000000,25.00174700,30.37356422,27.15938231,539.40882693,27990.52390727,7912.94957600
7,259,0.000000,0.619000,0.00000000,106.72863180,0.00000000,361.42186798,0.00000000,0.00000000,94.69756566,106.72863180,101.68074366,1745.79450000,28339.68280711,7912.94957600
7,260,0.000000,0.766000,0.00000000,106.72863180,0.00000000,472.59815791,0.00000000,0.00000000,94.69756566,106.72863180,101.68074366,1745.79450000,28688.84170695,7912.94957600
7,261,0.000000,0.849000,0.00000000,106.72863180,0.00000000,535.37116515,0.00000000,0.00000000,94.69756566,106.72863180,101.68074366,1745.79450000,29038.00060678,7912.94957600
7,262,0.000000,0.840000,0.00000000,57.67001469,0.00000000,577.62307063,0.00000000,0.00000000,49.73928100,57.67001469,53.75120360,1002.98064984,28644.34565645,7912.94957600
7,263,0.000000,0.827000,0.00000000,106.72863180,0.00000000,518.73253672,0.00000000,0.00000000,94.69756566,106.72863180,101.68074366,1745.79450000,28993.50455629,7912.94957600
7,264,0.000000,0.800000,0.00000000,106.72863180,0.00000000,498.31240184,0.00000000,0.00000000,94.69756566,106.72863180,101.68074366,1745.79450000,29342.66345613,7912.94957600
7,265,0.000000,0.739000,0.00000000,106.72863180,0.00000000,452.17802302,0.00000000,0.00000000,94.69756566,106.72863180,101.68074366,1745.79450000,29691.82235596,7912.94957600
7,266,0.000000,0.657000,0.00000000,107.32720193,0.00000000,389.56274695,0.00000000,0.00000000,94.69756566,107.32720193,101.68074366,1745.79450000,29691.82235576,9891.18697000
7,267,0.000000,0.557000,0.00000000,106.72863180,0.00000000,314.53118787,0.00000000,0.00000000,94.69756566,106.72863180,101.68074366,1745.79450000,30040.98125559,7912.94957600
7,268,0.000000,0.466000,0.00000000,107.32720193,0.00000000,245.10920017,0.00000000,0.00000000,94.69756566,107.32720193,101.68074366,1745.79450000,30040.98125539,9891.18697000
7,269,0.000000,0.382000,0.00000000,72.94337341,0.00000000,215.96372015,0.00000000,0.00000000,63.67817400,72.94337341,68.65710075,1244.73168631,29889.07734154,7912.94957600
7,270,0.000000,0.337000,0.00000000,106.72863180,0.00000000,148.14490362,0.00000000,0.00000000,94.69756566,106.72863180,101.68074366,1745.79450000,30238.23624137,7912.94957600
7,271,0.155000,0.507000,28.22877834,79.09842359,0.00000000,304.34633148,0.00000000,0.00000000,94.69756566,107.32720193,101.68074366,1745.79450000,30238.23624117,9891.18697000
7,272,0.359000,0.578000,65.38149305,41.94570888,0.00000000,395.19643793,0.00000000,0.00000000,94.69756566,107.32720193,101.68074366,1745.79450000,30238.23624096,9891.18697000
7,273,0.522000,0.503000,43.47863956,0.00000000,51.58860103,380.41954990,0.00000000,0.00000000,36.84682300,43.47863956,39.91750131,767.66957627,29609.27021707,7912.94957600
7,274,0.636000,0.410000,106.84752294,0.00000000,8.98152881,310.08352974,0.00000000,0.00000000,94.69756566,106.84752294,101.68074366,1745.79450000,29889.07734154,8305.87748176
7,275,0.700000,0.341000,106.72863180,0.00000000,20.75617359,257.89874059,0.00000000,0.00000000,94.69756566,106.72863180,101.68074366,1745.79450000,30238.23624137,7912.94957600
7,276,0.717000,0.303000,107.32720193,0.00000000,23.25366302,229.15929149,0.00000000,0.00000000,94.69756566,107.32720193,101.68074366,1745.79450000,30238.23624117,9891.18697000
7,277,0.688000,0.294000,30.45105030,0.00000000,94.84830128,222.35257986,0.00000000,0.00000000,25.00174700,30.45105030,27.15938231,539.40882693,29335.81016301,8169.03628942
7,278,0.614000,0.318000,106.72863180,0.00000000,5.09375464,240.50381087,0.00000000,0.00000000,94.69756566,106.72863180,101.68074366,1745.79450000,29684.96906285,7912.94957600
7,279,0.488000,0.383000,72.94337341,0.00000000,15.93174806,289.66339485,0.00000000,0.00000000,63.67817400,72.94337341,68.65710075,1244.73168631,29533.06514899,7912.94957600
7,280,0.312000,0.469000,56.82179897,50.50540295,0.00000000,304.19990302,0.00000000,0.00000000,94.69756566,107.32720193,101.68074366,1745.79450000,29533.06514879,9891.18697000
7,281,0.121000,0.593000,0.00000000,57.67001469,22.03665922,390.81665150,0.00000000,0.00000000,49.73928100,57.67001469,53.75120360,1002.98064984,29139.41019846,7912.94957600
7,282,0.000000,0.695000,0.00000000,106.72863180,0.00000000,418.90076617,0.00000000,0.00000000,94.69756566,106.72863180,101.68074366,1745.79450000,29488.56909830,7912.94957600
7,283,0.000000,0.704000,0.00000000,106.72863180,0.00000000,425.70747780,0.00000000,0.00000000,94.69756566,106.72863180,101.68074366,1745.79450000,29837.72799813,7912.94957600
7,284,0.000000,0.736000,0.00000000,106.72863180,0.00000000,449.90911915,0.00000000,0.00000000,94.69756566,106.72863180,101.68074366,1745.79450000,30186.88689797,7912.94957600
7,285,0.000000,0.735000,0.00000000,107.32720193,0.00000000,448.55424773,0.00000000,0.00000000,94.69756566,107.32720193,101.68074366,1745.79450000,30186.88689776,9891.18697000
7,286,0.000000,0.709000,0.00000000,107.32720193,0.00000000,428.89041414,0.00000000,0.00000000,94.69756566,107.32720193,101.68074366,1745.79450000,30186.88689756,9891.18697000
7,287,0.000000,0.663000,0.00000000,57.67001469,0.00000000,443.75774194,0.00000000,0.00000000,49.73928100,57.67001469,53.75120360,1002.98064984,29793.23194723,7912.94957600
7,288,0.000000,0.602000,0.00000000,106.72863180,0.00000000,348.56474601,0.00000000,0.00000000,94.69756566,106.72863180,101.68074366,1745.79450000,30142.39084707,7912.94957600
7,289,0.000000,0.535000,0.00000000,107.32720193,0.00000000,297.29398932,0.00000000,0.00000000,94.69756566,107.32720193,101.68074366,1745.79450000,30142.39084686,9891.18697000
7,290,0.000000,0.484000,0.00000000,89.89674172,0.00000000,276.15308364,0.00000000,0.00000000,78.66539600,89.89674172,84.63531998,1492.48099468,29889.07734133,9891.18697000
7,291,0.000000,0.413000,0.00000000,106.72863180,0.00000000,205.62380181,0.00000000,0.00000000,94.69756566,106.72863180,101.68074366,1745.79450000,30238.23624117,7912.94957600
7,292,0.000000,0.361000,0.00000000,107.32720193,0.00000000,165.69756450,0.00000000,0.00000000,94.69756566,107.32720193,101.68074366,1745.79450000,30238.23624137,9891.18696768
7,293,0.000000,0.317000,0.00000000,107.32720193,0.00000000,132.42030765,0.00000000,0.00000000,94.69756566,107.32720193,101.68074366,1745.79450000,30238.23624117,9891.18697000
7,294,0.000000,0.279000,0.00000000,73.44584129,0.00000000,137.56221920,0.00000000,0.00000000,63.67817400,73.44584129,68.65710075,1244.73168631,29793.23194682,9573.57496124
7,295,0.147000,0.454000,26.77180913,62.52636246,0.00000000,280.83442413,0.00000000,0.00000000,78.66539600,89.29817159,84.63531998,1492.48099468,29889.07734133,7912.94957600
7,296,0.352000,0.529000,64.10664499,42.62198681,0.00000000,357.46139669,0.00000000,0.00000000,94.69756566,106.72863180,101.68074366,1745.79450000,30238.23624117,7912.94957600
7,297,0.521000,0.471000,72.94337341,0.00000000,21.94174603,356.21790855,0.00000000,0.00000000,63.67817400,72.94337341,68.65710075,1244.73168631,30086.33232731,7912.94957600
7,298,0.633000,0.396000,72.94337341,0.00000000,42.33931489,299.49531165,0.00000000,0.00000000,63.67817400,72.94337341,68.65710075,1244.73168631,29934.42841346,7912.94957600
7,299,0.700000,0.328000,0.00000000,30.37356422,127.48480539,217.69325957,0.00000000,0.00000000,25.00174700,30.37356422,27.15938231,539.40882693,29077.20164022,7912.94957600
7,300,0.722000,0.278000,106.72863180,0.00000000,24.76283890,210.25175919,0.00000000,0.00000000,94.69756566,106.72863180,101.68074366,1745.79450000,29426.36054006,7912.94957600
7,301,0.700000,0.253000,43.47863956,0.00000000,84.00616582,191.34422689,0.00000000,0.00000000,36.84682300,43.47863956,39.91750131,767.66957627,28797.39451616,7912.94957600
7,302,0.629000,0.257000,57.67001469,0.00000000,56.88418901,194.36943206,0.00000000,0.00000000,49.73928100,57.67001469,53.75120360,1002.98064984,28403.73956584,7912.94957600
7,303,0.505000,0.286000,91.97118103,14.75745077,0.00000000,201.54471875,0.00000000,0.00000000,94.69756566,106.72863180,101.68074366,1745.79450000,28752.89846567,7912.94957600
7,304,0.330000,0.344000,60.09997968,46.62865212,0.00000000,213.53899235,0.00000000,0.00000000,94.69756566,106.72863180,101.68074366,1745.79450000,29102.05736551,7912.94957600
7,305,0.129000,0.455000,23.49362842,65.80454317,0.00000000,278.31254471,0.00000000,0.00000000,78.66539600,89.29817159,84.63531998,1492.48099468,29197.90276002,7912.94957600
7,306,0.000000,0.613000,0.00000000,72.94337341,0.00000000,390.66931862,0.00000000,0.00000000,63.67817400,72.94337341,68.65710075,1244.73168631,29045.99884617,7912.94957600
7,307,0.000000,0.727000,0.00000000,106.72863180,0.00000000,443.10240752,0.00000000,0.00000000,94.69756566,106.72863180,101.68074366,1745.79450000,29395.15774600,7912.94957600
7,308,0.000000,0.806000,0.00000000,107.32720193,0.00000000,502.25163946,0.00000000,0.00000000,94.69756566,107.32720193,101.68074366,1745.79450000,29395.15774580,9891.18697000
7,309,0.000000,0.864000,0.00000000,30.37356422,0.00000000,623.07075210,0.00000000,0.00000000,25.00174700,30.37356422,27.15938231,539.40882693,28537.93097256,7912.94957600
7,310,0.000000,0.862000,0.00000000,107.32720193,0.00000000,544.60451182,0.00000000,0.00000000,94.69756566,107.32720193,101.68074366,1745.79450000,28537.93097235,9891.18697000
7,311,0.000000,0.829000,0.00000000,106.72863180,0.00000000,520.24513931,0.00000000,0.00000000,94.69756566,106.72863180,101.68074366,1745.79450000,28887.08987219,7912.94957600
7,312,0.000000,0.792000,0.00000000,106.72863180,0.00000000,492.26199150,0.00000000,0.00000000,94.69756566,106.72863180,101.68074366,1745.79450000,29236.24877203,7912.94957600
7,313,0.000000,0.750000,0.00000000,107.32720193,0.00000000,459.89876711,0.00000000,0.00000000,94.69756566,107.32720193,101.68074366,1745.79450000,29236.24877182,9891.18697000
7,314,0.000000,0.701000,0.00000000,107.32720193,0.00000000,422.84000380,0.00000000,0.00000000,94.69756566,107.32720193,101.68074366,1745.79450000,29236.24877162,9891.18697000
7,315,0.000000,0.652000,0.00000000,106.72863180,0.00000000,386.37981061,0.00000000,0.00000000,94.69756566,106.72863180,101.68074366,1745.79450000,29585.40767145,7912.94957600
7,316,0.000000,0.605000,0.00000000,58.26858481,0.00000000,399.29369688,0.00000000,0.00000000,49.73928100,58.26858481,53.75120360,1002.98064984,28842.59382108,9891.18697000
7,317,0.000000,0.532000,0.00000000,106.72863180,0.00000000,295.62365557,0.00000000,0.00000000,94.69756566,106.72863180,101.68074366,1745.79450000,29191.75272092,7912.94957600
7,318,0.000000,0.477000,0.00000000,106.72863180,0.00000000,254.02708451,0.00000000,0.00000000,94.69756566,106.72863180,101.68074366,1745.79450000,29540.91162075,7912.94957600
7,319,0.159000,0.644000,28.95726294,77.77136886,0.00000000,409.28666322,0.00000000,0.00000000,94.69756566,106.72863180,101.68074366,1745.79450000,29890.07052059,7912.94957600
7,320,0.369000,0.717000,44.07720969,0.00000000,23.12549487,542.26802640,0.00000000,0.00000000,36.84682300,44.07720969,39.91750131,767.66957627,28911.94559665,9891.18697000
7,321,0.536000,0.650000,72.94337341,0.00000000,24.67356329,491.59583983,0.00000000,0.00000000,63.67817400,72.94337341,68.65710075,1244.73168631,28760.04168280,7912.94957600
7,322,0.652000,0.551000,106.72863180,0.00000000,12.01435836,416.72201192,0.00000000,0.00000000,94.69756566,106.72863180,101.68074366,1745.79450000,29109.20058264,7912.94957600
7,323,0.714000,0.447000,106.72863180,0.00000000,23.30586969,338.06667755,0.00000000,0.00000000,94.69756566,106.72863180,101.68074366,1745.79450000,29458.35948247,7912.94957600
7,324,0.730000,0.351000,89.89674172,0.00000000,43.05169819,265.46175351,0.00000000,0.00000000,78.66539600,89.89674172,84.63531998,1492.48099468,29205.04597694,9891.18697000
7,325,0.703000,0.281000,107.32720193,0.00000000,20.70396691,212.52066307,0.00000000,0.00000000,94.69756566,107.32720193,101.68074366,1745.79450000,29205.04597674,9891.18697000
7,326,0.631000,0.257000,106.72863180,0.00000000,8.18981420,194.36943206,0.00000000,0.00000000,94.69756566,106.72863180,101.68074366,1745.79450000,29554.20487658,7912.94957600
7,327,0.512000,0.276000,93.24602908,13.48260272,0.00000000,195.25655389,0.00000000,0.00000000,94.69756566,106.72863180,101.68074366,1745.79450000,29903.36377641,7912.94957600
7,328,0.339000,0.341000,61.73907004,45.35221148,0.00000000,212.54652911,0.00000000,0.00000000,94.69756566,107.09128151,101.68074366,1745.79450000,30040.98125518,9111.48453954
7,329,0.137000,0.465000,0.00000000,72.94337341,24.95059763,278.73672739,0.00000000,0.00000000,63.67817400,72.94337341,68.65710075,1244.73168631,29889.07734133,7912.94957600
7,330,0.000000,0.642000,0.00000000,106.72863180,0.00000000,378.81679769,0.00000000,0.00000000,94.69756566,106.72863180,101.68074366,1745.79450000,30238.23624117,7912.94957600
7,331,0.000000,0.730000,0.00000000,89.89674172,0.00000000,462.20320148,0.00000000,0.00000000,78.66539600,89.89674172,84.63531998,1492.48099468,29984.92273564,9891.18697000
7,332,0.000000,0.817000,0.00000000,107.32720193,0.00000000,510.57095368,0.00000000,0.00000000,94.69756566,107.32720193,101.68074366,1745.79450000,29984.92273543,9891.18697000
7,333,0.000000,0.893000,0.00000000,94.13698520,0.00000000,581.24006860,0.00000000,0.00000000,82.56548234,94.13698520,88.78189700,1554.10366522,29793.23190045,9891.18697000
7,334,0.000000,0.898000,0.00000000,107.32720193,0.00000000,571.83135833,0.00000000,0.00000000,94.69756566,107.32720193,101.68074366,1745.79450000,29793.23190024,9891.18697000
7,335,0.000000,0.887000,0.00000000,106.72863180,0.00000000,564.11061425,0.00000000,0.00000000,94.69756566,106.72863180,101.68074366,1745.79450000,30142.39080008,7912.94957600
7,336,0.000000,0.854000,0.00000000,107.32720193,0.00000000,538.55410148,0.00000000,0.00000000,94.69756566,107.32720193,101.68074366,1745.79450000,30142.39079988,9891.18697000
7,337,0.000000,0.811000,0.00000000,89.29817185,0.00000000,524.06217600,0.00000000,0.00000000,78.66539600,89.29817185,84.63532017,1492.48104146,30238.23624117,7912.94957600
7,338,0.000000,0.754000,0.00000000,89.46248162,0.00000000,480.78869259,0.00000000,0.00000000,78.66539600,89.46248162,84.63532017,1492.48104146,30238.23624117,8455.98323771
7,339,0.000000,0.690000,0.00000000,107.32720194,0.00000000,414.52068957,0.00000000,0.00000000,94.69756567,107.32720194,101.68074367,1745.79450020,30238.23624117,9891.18697000
7,340,0.000000,0.633000,0.00000000,107.32720193,0.00000000,371.41151594,0.00000000,0.00000000,94.69756566,107.32720193,101.68074366,1745.79450000,30238.23624096,9891.18697000
7,341,0.000000,0.557000,0.00000000,107.32720192,0.00000000,313.93261775,0.00000000,0.00000000,94.69756566,107.32720192,101.68074366,1745.79450000,30238.23624137,9891.18696652
7,342,0.000000,0.527000,0.00000000,107.32720193,0.00000000,291.24357898,0.00000000,0.00000000,94.69756566,107.32720193,101.68074366,1745.79450000,30238.23624117,9891.18697000
7,343,0.139000,0.706000,0.00000000,89.89674172,25.31483993,444.05197047,0.00000000,0.00000000,78.66539600,89.89674172,84.63531998,1492.48099468,29984.92273564,9891.18697000
7,344,0.345000,0.833000,62.83179694,44.06114455,0.00000000,585.93783173,0.00000000,0.00000000,94.69756566,106.89294149,101.68074366,1745.79450000,30238.23624117,8455.98297150
7,345,0.521000,0.819000,72.94337341,0.00000000,21.94174603,619.41075819,0.00000000,0.00000000,63.67817400,72.94337341,68.65710075,1244.73168631,30086.33232731,7912.94957600
7,346,0.635000,0.749000,43.47863956,0.00000000,72.16829104,566.46966774,0.00000000,0.00000000,36.84682300,43.47863956,39.91750131,767.66957627,29457.36630342,7912.94957600
7,347,0.701000,0.659000,30.97213435,0.00000000,96.69479219,498.40255146,0.00000000,0.00000000,25.00174700,30.97213435,27.15938231,539.40882693,28250.98063014,9891.18697000
7,348,0.719000,0.559000,57.67001469,0.00000000,73.27509256,422.77242225,0.00000000,0.00000000,49.73928100,57.67001469,53.75120360,1002.98064984,27857.32567981,7912.94957600
7,349,0.691000,0.477000,106.72863180,0.00000000,19.11708323,360.75571631,0.00000000,0.00000000,94.69756566,106.72863180,101.68074366,1745.79450000,28206.48457965,7912.94957600
7,350,0.617000,0.454000,106.72863180,0.00000000,5.64011809,343.36078659,0.00000000,0.00000000,94.69756566,106.72863180,101.68074366,1745.79450000,28555.64347948,7912.94957600
7,351,0.495000,0.494000,90.14996952,16.57866228,0.00000000,357.03417599,0.00000000,0.00000000,94.69756566,106.72863180,101.68074366,1745.79450000,28904.80237932,7912.94957600
7,352,0.327000,0.586000,59.55361623,47.17501557,0.00000000,396.01754157,0.00000000,0.00000000,94.69756566,106.72863180,101.68074366,1745.79450000,29253.96127916,7912.94957600
7,353,0.128000,0.711000,23.31150727,84.01569466,0.00000000,453.71452399,0.00000000,0.00000000,94.69756566,107.32720193,101.68074366,1745.79450000,29253.96127895,9891.18697000
7,354,0.000000,0.812000,0.00000000,106.72863180,0.00000000,507.38801734,0.00000000,0.00000000,94.69756566,106.72863180,101.68074366,1745.79450000,29603.12017879,7912.94957600
7,355,0.000000,0.871000,0.00000000,107.32720193,0.00000000,551.41122345,0.00000000,0.00000000,94.69756566,107.32720193,101.68074366,1745.79450000,29603.12017858,9891.18697000
7,356,0.000000,0.886000,0.00000000,95.78462005,0.00000000,574.29832470,0.00000000,0.00000000,84.63149434,95.78462005,90.97848362,1586.74732203,29793.23190045,7912.94957600
7,357,0.000000,0.894000,0.00000000,107.32720193,0.00000000,568.80615316,0.00000000,0.00000000,94.69756566,107.32720193,101.68074366,1745.79450000,29793.23190024,9891.18697000
7,358,0.000000,0.876000,0.00000000,107.32720193,0.00000000,555.19272991,0.00000000,0.00000000,94.69756566,107.32720193,101.68074366,1745.79450000,29793.23190004,9891.18697000
7,359,0.000000,0.860000,0.00000000,106.72863180,0.00000000,543.69047936,0.00000000,0.00000000,94.69756566,106.72863180,101.68074366,1745.79450000,30142.39079988,7912.94957600
7,360,0.000000,0.832000,0.00000000,89.29817185,0.00000000,539.94450313,0.00000000,0.00000000,78.66539600,89.29817185,84.63532017,1492.48104146,30238.23624117,7912.94957600
7,361,0.000000,0.784000,0.00000000,89.46248162,0.00000000,503.47773135,0.00000000,0.00000000,78.66539600,89.46248162,84.63532017,1492.48104146,30238.23624117,8455.98323771
7,362,0.000000,0.716000,0.00000000,107.32720194,0.00000000,434.18452317,0.00000000,0.00000000,94.69756567,107.32720194,101.68074367,1745.79450020,30238.23624117,9891.18697000
7,363,0.000000,0.661000,0.00000000,107.32720193,0.00000000,392.58795212,0.00000000,0.00000000,94.69756566,107.32720193,101.68074366,1745.79450000,30238.23624096,9891.18697000
7,364,0.000000,0.601000,0.00000000,107.32720193,0.00000000,347.20987459,0.00000000,0.00000000,94.69756566,107.32720193,101.68074366,1745.79450000,30238.23624076,9891.18697000
7,365,0.000000,0.516000,0.00000000,89.89674197,0.00000000,300.35472472,0.00000000,0.00000000,78.66539600,89.89674197,84.63532017,1492.48104146,29984.92278201,9891.18697000
7,366,0.000000,0.414000,0.00000000,100.13352183,0.00000000,212.97521307,0.00000000,0.00000000,88.63152253,100.13352183,95.23131876,1649.94905932,30238.23624117,7912.94957600
7,367,0.140000,0.573000,25.49696108,81.83024085,0.00000000,351.53039949,0.00000000,0.00000000,94.69756566,107.32720193,101.68074366,1745.79450000,30238.23624096,9891.18697000
7,368,0.348000,0.793000,57.67001469,0.00000000,5.70814570,599.74692459,0.00000000,0.00000000,49.73928100,57.67001469,53.75120360,1002.98064984,29844.58129063,7912.94957600
7,369,0.521000,0.779000,94.88511944,12.36580201,0.00000000,576.79290449,0.00000000,0.00000000,94.69756566,107.25092145,101.68074366,1745.79450000,29889.07734133,9639.08469860
7,370,0.647000,0.711000,106.72863180,0.00000000,11.10375261,537.73021865,0.00000000,0.00000000,94.69756566,106.72863180,101.68074366,1745.79450000,30238.23624117,7912.94957600
7,371,0.712000,0.644000,58.26858481,0.00000000,71.40167438,487.05803208,0.00000000,0.00000000,49.73928100,58.26858481,53.75120360,1002.98064984,29495.42239080,9891.18697000
7,372,0.729000,0.586000,106.97915175,0.00000000,25.78716700,443.19255714,0.00000000,0.00000000,94.69756566,106.97915175,101.68074366,1745.79450000,29698.44758662,8740.90257325
7,373,0.702000,0.529000,107.32720193,0.00000000,20.52184576,400.08338349,0.00000000,0.00000000,94.69756566,107.32720193,101.68074366,1745.79450000,29698.44758641,9891.18697000
7,374,0.630000,0.505000,106.72863180,0.00000000,8.00769305,381.93215248,0.00000000,0.00000000,94.69756566,106.72863180,101.68074366,1745.79450000,30047.60648625,7912.94957600
7,375,0.509000,0.524000,92.69966563,0.00000000,0.00000000,396.30187703,0.00000000,0.00000000,81.79401828,92.69966563,87.96167542,1541.91428397,30192.88517006,7912.94957600
7,376,0.336000,0.586000,61.19270659,46.13449534,0.00000000,397.05806180,0.00000000,0.00000000,94.69756566,107.32720193,101.68074366,1745.79450000,30192.88516986,9891.18697000
7,377,0.134000,0.674000,24.40423417,49.13770936,0.00000000,460.60936148,0.00000000,0.00000000,63.67817400,73.54194353,68.65710075,1244.73168631,29691.82235596,9891.18697000
7,378,0.000000,0.741000,0.00000000,107.32720193,0.00000000,453.09205548,0.00000000,0.00000000,94.69756566,107.32720193,101.68074366,1745.79450000,29691.82235576,9891.18697000
7,379,0.000000,0.801000,0.00000000,107.32720193,0.00000000,498.47013300,0.00000000,0.00000000,94.69756566,107.32720193,101.68074366,1745.79450000,29691.82235555,9891.18697000
7,380,0.000000,0.820000,0.00000000,107.32720193,0.00000000,512.83985755,0.00000000,0.00000000,94.69756566,107.32720193,101.68074366,1745.79450000,29691.82235535,9891.18697000
7,381,0.000000,0.833000,0.00000000,72.94337341,0.00000000,557.05560287,0.00000000,0.00000000,63.67817400,72.94337341,68.65710075,1244.73168631,29539.91844149,7912.94957600
7,382,0.000000,0.826000,0.00000000,106.72863180,0.00000000,517.97623543,0.00000000,0.00000000,94.69756566,106.72863180,101.68074366,1745.79450000,29889.07734133,7912.94957600
7,383,0.000000,0.833000,0.00000000,106.72863180,0.00000000,523.27034447,0.00000000,0.00000000,94.69756566,106.72863180,101.68074366,1745.79450000,30238.23624117,7912.94957600
7,384,0.000000,0.809000,0.00000000,107.32720194,0.00000000,504.52054333,0.00000000,0.00000000,94.69756567,107.32720194,101.68074367,1745.79450020,30238.23624117,9891.18697000
7,385,0.000000,0.758000,0.00000000,107.32720193,0.00000000,465.94917745,0.00000000,0.00000000,94.69756566,107.32720193,101.68074366,1745.79450000,30238.23624096,9891.18697000
7,386,0.000000,0.691000,0.00000000,107.32720193,0.00000000,415.27699088,0.00000000,0.00000000,94.69756566,107.32720193,101.68074366,1745.79450000,30238.23624076,9891.18697000
7,387,0.000000,0.604000,0.00000000,107.32720193,0.00000000,349.47877847,0.00000000,0.00000000,94.69756566,107.32720193,101.68074366,1745.79450000,30238.23624055,9891.18697000
7,388,0.000000,0.513000,0.00000000,100.73209199,0.00000000,287.25047083,0.00000000,0.00000000,88.63152255,100.73209199,95.23131879,1649.94905973,30142.39080008,9891.18697000
7,389,0.000000,0.422000,0.00000000,107.32720193,0.00000000,211.83194332,0.00000000,0.00000000,94.69756566,107.32720193,101.68074366,1745.79450000,30142.39079988,9891.18697000
7,390,0.000000,0.364000,0.00000000,89.29817185,0.00000000,185.99549846,0.00000000,0.00000000,78.66539600,89.29817185,84.63532017,1492.48104146,30238.23624117,7912.94957600
7,391,0.151000,0.519000,27.50029373,79.82690819,0.00000000,312.69346238,0.00000000,0.00000000,94.69756566,107.32720193,101.68074366,1745.79450000,30238.23624096,9891.18697000
7,392,0.357000,0.713000,2.39428050,0.00000000,62.62297025,539.24282123,0.00000000,0.00000000,0.00000000,2.39428050,0.00000000,0.00000000,28841.60064080,7912.94957600
7,393,0.522000,0.706000,73.54194353,0.00000000,21.52529705,533.94871219,0.00000000,0.00000000,63.67817400,73.54194353,68.65710075,1244.73168631,28340.53782690,9891.18697000
7,394,0.636000,0.636000,107.32720193,0.00000000,8.50184982,481.00762174,0.00000000,0.00000000,94.69756566,107.32720193,101.68074366,1745.79450000,28340.53782670,9891.18697000
7,395,0.704000,0.557000,107.06678999,0.00000000,21.14650000,421.25981967,0.00000000,0.00000000,94.69756566,107.06678999,101.68074366,1745.79450000,28492.44174281,9030.54155180
7,396,0.724000,0.494000,106.72863180,0.00000000,25.12708120,373.61283827,0.00000000,0.00000000,94.69756566,106.72863180,101.68074366,1745.79450000,28841.60064264,7912.94957600
7,397,0.698000,0.459000,106.72863180,0.00000000,20.39193128,347.14229305,0.00000000,0.00000000,94.69756566,106.72863180,101.68074366,1745.79450000,29190.75954248,7912.94957600
7,398,0.625000,0.459000,107.32720193,0.00000000,6.49851717,347.14229305,0.00000000,0.00000000,94.69756566,107.32720193,101.68074366,1745.79450000,29190.75954227,9891.18697000
7,399,0.505000,0.488000,91.97118103,14.75745077,0.00000000,354.31757975,0.00000000,0.00000000,94.69756566,106.72863180,101.68074366,1745.79450000,29539.91844211,7912.94957600
7,400,0.335000,0.540000,61.01058543,46.31661649,0.00000000,362.08608121,0.00000000,0.00000000,94.69756566,107.32720193,101.68074366,1745.79450000,29539.91844190,9891.18697000
7,401,0.130000,0.607000,23.67574957,83.65145235,0.00000000,375.42343192,0.00000000,0.00000000,94.69756566,107.32720193,101.68074366,1745.79450000,29539.91844170,9891.18697000
7,402,0.000000,0.645000,0.00000000,107.32720193,0.00000000,380.48713144,0.00000000,0.00000000,94.69756566,107.32720193,101.68074366,1745.79450000,29539.91844149,9891.18697000
7,403,0.000000,0.674000,0.00000000,106.72863180,0.00000000,403.01843904,0.00000000,0.00000000,94.69756566,106.72863180,101.68074366,1745.79450000,29889.07734133,7912.94957600
7,404,0.000000,0.758000,0.00000000,106.72863180,0.00000000,466.54774757,0.00000000,0.00000000,94.69756566,106.72863180,101.68074366,1745.79450000,30238.23624117,7912.94957600
7,405,0.000000,0.786000,0.00000000,89.46248162,0.00000000,504.99033393,0.00000000,0.00000000,78.66539600,89.46248162,84.63532017,1492.48104146,30238.23624117,8455.98323771
7,406,0.000000,0.798000,0.00000000,58.26858481,0.00000000,545.25984624,0.00000000,0.00000000,49.73928100,58.26858481,53.75120360,1002.98064984,29495.42239080,9891.18697000
7,407,0.000000,0.816000,0.00000000,106.72863180,0.00000000,510.41322251,0.00000000,0.00000000,94.69756566,106.72863180,101.68074366,1745.79450000,29844.58129063,7912.94957600
7,408,0.000000,0.792000,0.00000000,107.32720193,0.00000000,491.66342138,0.00000000,0.00000000,94.69756566,107.32720193,101.68074366,1745.79450000,29844.58129043,9891.18697000
7,409,0.000000,0.756000,0.00000000,106.72863180,0.00000000,465.03514499,0.00000000,0.00000000,94.69756566,106.72863180,101.68074366,1745.79450000,30193.74019026,7912.94957600
7,410,0.000000,0.713000,0.00000000,89.89674197,0.00000000,449.34607926,0.00000000,0.00000000,78.66539600,89.89674197,84.63532017,1492.48104146,29940.42673152,9891.18697000
7,411,0.000000,0.663000,0.00000000,107.32720193,0.00000000,394.10055470,0.00000000,0.00000000,94.69756566,107.32720193,101.68074366,1745.79450000,29940.42673131,9891.18697000
7,412,0.000000,0.617000,0.00000000,96.60017820,0.00000000,370.03771899,0.00000000,0.00000000,85.38162753,96.60017820,91.77602620,1598.59966873,30142.39079988,7912.94957600
7,413,0.000000,0.590000,0.00000000,89.29817185,0.00000000,356.91959046,0.00000000,0.00000000,78.66539600,89.29817185,84.63532017,1492.48104146,30238.23624117,7912.94957600
7,414,0.000000,0.555000,0.00000000,107.32720193,0.00000000,312.42001516,0.00000000,0.00000000,94.69756566,107.32720193,101.68074366,1745.79450000,30238.23624096,9891.18697000
7,415,0.156000,0.713000,0.00000000,58.26858481,28.41089949,480.97423642,0.00000000,0.00000000,49.73928100,58.26858481,53.75120360,1002.98064984,29495.42239059,9891.18697000
7,416,0.364000,0.802000,66.29209880,40.43653300,0.00000000,566.11710322,0.00000000,0.00000000,94.69756566,106.72863180,101.68074366,1745.79450000,29844.58129043,7912.94957600
7,417,0.533000,0.750000,97.07057324,9.65805856,0.00000000,557.56791048,0.00000000,0.00000000,94.69756566,106.72863180,101.68074366,1745.79450000,30193.74019026,7912.94957600
7,418,0.648000,0.668000,107.32720193,0.00000000,10.68730363,505.20926309,0.00000000,0.00000000,94.69756566,107.32720193,101.68074366,1745.79450000,30193.74019006,9891.18697000
7,419,0.712000,0.586000,89.89674197,0.00000000,39.77351722,443.19255714,0.00000000,0.00000000,78.66539600,89.89674197,84.63532017,1492.48104146,29940.42673131,9891.18697000
7,420,0.730000,0.514000,107.32720193,0.00000000,25.62123798,388.73886411,0.00000000,0.00000000,94.69756566,107.32720193,101.68074366,1745.79450000,29940.42673111,9891.18697000
7,421,0.703000,0.476000,89.29817185,0.00000000,38.73299699,359.99941501,0.00000000,0.00000000,78.66539600,89.29817185,84.63532017,1492.48104146,30036.27217240,7912.94957600
7,422,0.630000,0.476000,96.60017821,0.00000000,18.13614663,359.99941501,0.00000000,0.00000000,85.38162754,96.60017821,91.77602622,1598.59966893,30238.23624117,7912.94957600
7,423,0.510000,0.510000,92.88178678,7.85030518,0.00000000,377.86335377,0.00000000,0.00000000,88.63152253,100.73209196,95.23131876,1649.94905932,30142.39080029,9891.18697000
7,424,0.338000,0.568000,61.55694889,28.33979309,0.00000000,401.23934080,0.00000000,0.00000000,78.66539600,89.89674197,84.63532017,1492.48104146,29889.07734154,9891.18697000
7,425,0.134000,0.652000,24.40423417,82.92296775,0.00000000,410.18547466,0.00000000,0.00000000,94.69756566,107.32720193,101.68074366,1745.79450000,29889.07734133,9891.18697000
7,426,0.000000,0.732000,0.00000000,106.72863180,0.00000000,446.88391398,0.00000000,0.00000000,94.69756566,106.72863180,101.68074366,1745.79450000,30238.23624117,7912.94957600
7,427,0.000000,0.819000,0.00000000,107.32720193,0.00000000,512.08355626,0.00000000,0.00000000,94.69756566,107.32720193,101.68074366,1745.79450000,30238.23624096,9891.18697000
7,428,0.000000,0.892000,0.00000000,107.32720193,0.00000000,567.29355058,0.00000000,0.00000000,94.69756566,107.32720193,101.68074366,1745.79450000,30238.23624076,9891.18697000
7,429,0.000000,0.908000,0.00000000,89.89674197,0.00000000,596.82483120,0.00000000,0.00000000,78.66539600,89.89674197,84.63532017,1492.48104146,29984.92278201,9891.18697000
7,430,0.000000,0.906000,0.00000000,106.89294157,0.00000000,578.31602903,0.00000000,0.00000000,94.69756566,106.89294157,101.68074366,1745.79450000,30238.23624117,8455.98323423
7,431,0.000000,0.890000,0.00000000,107.32720193,0.00000000,565.78094800,0.00000000,0.00000000,94.69756566,107.32720193,101.68074366,1745.79450000,30238.23624096,9891.18697000
7,432,0.000000,0.873000,0.00000000,107.32720193,0.00000000,552.92382603,0.00000000,0.00000000,94.69756566,107.32720193,101.68074366,1745.79450000,30238.23624076,9891.18697000
7,433,0.000000,0.849000,0.00000000,107.32720193,0.00000000,534.77259502,0.00000000,0.00000000,94.69756566,107.32720193,101.68074366,1745.79450000,30238.23624055,9891.18697000
7,434,0.000000,0.818000,0.00000000,89.89674197,0.00000000,528.75771492,0.00000000,0.00000000,78.66539600,89.89674197,84.63532017,1492.48104146,29984.92278180,9891.18697000
7,435,0.000000,0.779000,0.00000000,106.89294157,0.00000000,482.26576494,0.00000000,0.00000000,94.69756566,106.89294157,101.68074366,1745.79450000,30238.23624117,8455.98323306
7,436,0.000000,0.750000,0.00000000,107.32720192,0.00000000,459.89876711,0.00000000,0.00000000,94.69756566,107.32720192,101.68074366,1745.79450000,30238.23624158,9891.18696652
7,437,0.000000,0.713000,0.00000000,107.32720193,0.00000000,431.91561930,0.00000000,0.00000000,94.69756566,107.32720193,101.68074366,1745.79450000,30238.23624137,9891.18697000
7,438,0.001000,0.638000,0.18212115,107.14508078,0.00000000,375.37514355,0.00000000,0.00000000,94.69756566,107.32720193,101.68074366,1745.79450000,30238.23624117,9891.18697000
7,439,0.163000,0.763000,29.68574754,77.64145439,0.00000000,499.41643145,0.00000000,0.00000000,94.69756566,107.32720193,101.68074366,1745.79450000,30238.23624096,9891.18697000
7,440,0.372000,0.835000,2.99285063,0.00000000,64.75621738,631.51157886,0.00000000,0.00000000,0.00000000,2.99285063,0.00000000,0.00000000,28492.44174076,9891.18697000
7,441,0.540000,0.782000,98.34542130,8.38321050,0.00000000,583.04439988,0.00000000,0.00000000,94.69756566,106.72863180,101.68074366,1745.79450000,28841.60064059,7912.94957600
7,442,0.654000,0.696000,107.32720193,0.00000000,11.78003053,526.38569927,0.00000000,0.00000000,94.69756566,107.32720193,101.68074366,1745.79450000,28841.60064039,9891.18697000
7,443,0.717000,0.607000,107.32720193,0.00000000,23.25366302,459.07488427,0.00000000,0.00000000,94.69756566,107.32720193,101.68074366,1745.79450000,28841.60064018,9891.18697000
7,444,0.734000,0.534000,107.32720193,0.00000000,26.34972258,403.86488995,0.00000000,0.00000000,94.69756566,107.32720193,101.68074366,1745.79450000,28841.60063998,9891.18697000
7,445,0.708000,0.494000,106.72863180,0.00000000,22.21314279,373.61283827,0.00000000,0.00000000,94.69756566,106.72863180,101.68074366,1745.79450000,29190.75953981,7912.94957600
7,446,0.636000,0.488000,106.72863180,0.00000000,9.10041995,369.07503052,0.00000000,0.00000000,94.69756566,106.72863180,101.68074366,1745.79450000,29539.91843965,7912.94957600
7,447,0.518000,0.518000,94.33875599,12.98844594,0.00000000,378.77562334,0.00000000,0.00000000,94.69756566,107.32720193,101.68074366,1745.79450000,29539.91843944,9891.18697000
7,448,0.348000,0.586000,63.37816039,43.94904153,0.00000000,399.24351561,0.00000000,0.00000000,94.69756566,107.32720193,101.68074366,1745.79450000,29539.91843924,9891.18697000
7,449,0.144000,0.692000,26.22544568,81.10175625,0.00000000,442.25873785,0.00000000,0.00000000,94.69756566,107.32720193,101.68074366,1745.79450000,29539.91843903,9891.18697000
7,450,0.000000,0.784000,0.00000000,106.72863180,0.00000000,486.21158116,0.00000000,0.00000000,94.69756566,106.72863180,101.68074366,1745.79450000,29889.07733887,7912.94957600
7,451,0.000000,0.844000,0.00000000,106.72863180,0.00000000,531.58965869,0.00000000,0.00000000,94.69756566,106.72863180,101.68074366,1745.79450000,30238.23623871,7912.94957600
7,452,0.000000,0.890000,0.00000000,107.32720193,0.00000000,565.78094800,0.00000000,0.00000000,94.69756566,107.32720193,101.68074366,1745.79450000,30238.23623850,9891.18697000
7,453,0.000000,0.891000,0.00000000,107.32720193,0.00000000,566.53724929,0.00000000,0.00000000,94.69756566,107.32720193,101.68074366,1745.79450000,30238.23623830,9891.18697000
7,454,0.000000,0.872000,0.00000000,107.32720193,0.00000000,552.16752474,0.00000000,0.00000000,94.69756566,107.32720193,101.68074366,1745.79450000,30238.23623809,9891.18697000
7,455,0.000000,0.857000,0.00000000,107.32720193,0.00000000,540.82300536,0.00000000,0.00000000,94.69756566,107.32720193,101.68074366,1745.79450000,30238.23623789,9891.18697000
7,456,0.000000,0.829000,0.00000000,107.32720193,0.00000000,519.64656918,0.00000000,0.00000000,94.69756566,107.32720193,101.68074366,1745.79450000,30238.23623768,9891.18697000
7,457,0.000000,0.782000,0.00000000,107.32720192,0.00000000,484.10040846,0.00000000,0.00000000,94.69756566,107.32720192,101.68074366,1745.79450000,30238.23624117,9891.18694909
7,458,0.000000,0.720000,0.00000000,89.89674197,0.00000000,454.64018830,0.00000000,0.00000000,78.66539600,89.89674197,84.63532017,1492.48104146,29984.92278242,9891.18697000
7,459,0.000000,0.616000,0.00000000,107.32720193,0.00000000,358.55439398,0.00000000,0.00000000,94.69756566,107.32720193,101.68074366,1745.79450000,29984.92278221,9891.18697000
7,460,0.000000,0.535000,0.00000000,94.13698195,0.00000000,310.48420930,0.00000000,0.00000000,82.56547935,94.13698195,88.78189382,1554.10361803,29793.23190004,9891.18697000
7,461,0.000000,0.481000,0.00000000,106.72863180,0.00000000,257.05228967,0.00000000,0.00000000,94.69756566,106.72863180,101.68074366,1745.79450000,30142.39079988,7912.94957600
7,462,0.001000,0.418000,0.18212115,89.11605070,0.00000000,227.01788938,0.00000000,0.00000000,78.66539600,89.29817185,84.63532017,1492.48104146,30238.23624117,7912.94957600
7,463,0.170000,0.611000,30.96059559,58.93614612,0.00000000,403.16394332,0.00000000,0.00000000,78.66539600,89.89674172,84.63531998,1492.48099468,29984.92273564,9891.18697000
7,464,0.380000,0.753000,0.00000000,43.47863956,69.20603721,526.01623335,0.00000000,0.00000000,36.84682300,43.47863956,39.91750131,767.66957627,29355.95671174,7912.94957600
7,465,0.547000,0.672000,99.62026935,7.39156328,0.00000000,500.84290498,0.00000000,0.00000000,94.69756566,107.01183263,101.68074366,1745.79450000,29539.91844149,8848.91087959
7,466,0.658000,0.544000,106.72863180,0.00000000,13.10708526,411.42790287,0.00000000,0.00000000,94.69756566,106.72863180,101.68074366,1745.79450000,29889.07734133,7912.94957600
7,467,0.720000,0.420000,106.72863180,0.00000000,24.39859660,317.64654266,0.00000000,0.00000000,94.69756566,106.72863180,101.68074366,1745.79450000,30238.23624117,7912.94957600
7,468,0.735000,0.325000,107.32720193,0.00000000,26.53184373,245.79791992,0.00000000,0.00000000,94.69756566,107.32720193,101.68074366,1745.79450000,30238.23624096,9891.18697000
7,469,0.707000,0.290000,107.32720193,0.00000000,21.43245151,219.32737469,0.00000000,0.00000000,94.69756566,107.32720193,101.68074366,1745.79450000,30238.23624076,9891.18697000
7,470,0.635000,0.305000,107.32720197,0.00000000,8.31972863,230.67189407,0.00000000,0.00000000,94.69756570,107.32720197,101.68074370,1745.79450061,30238.23624117,9891.18697000
7,471,0.504000,0.355000,91.78905988,8.94303205,0.00000000,259.54392662,0.00000000,0.00000000,88.63152250,100.73209193,95.23131874,1649.94905891,30142.39079988,9891.18697000
7,472,0.317000,0.447000,57.73240472,31.56576712,0.00000000,306.50091042,0.00000000,0.00000000,78.66539600,89.29817185,84.63532017,1492.48104146,30238.23624117,7912.94957600
7,473,0.097000,0.574000,17.66575160,72.23099011,0.00000000,361.88595152,0.00000000,0.00000000,78.66539600,89.89674172,84.63531998,1492.48099468,29984.92273564,9891.18697000
7,474,0.000000,0.696000,0.00000000,89.89674197,0.00000000,436.48895729,0.00000000,0.00000000,78.66539600,89.89674197,84.63532017,1492.48104146,29731.60927689,9891.18697000
7,475,0.000000,0.772000,0.00000000,89.89674197,0.00000000,493.96785549,0.00000000,0.00000000,78.66539600,89.89674197,84.63532017,1492.48104146,29478.29581814,9891.18697000
7,476,0.000000,0.818000,0.00000000,106.72863180,0.00000000,511.92582509,0.00000000,0.00000000,94.69756566,106.72863180,101.68074366,1745.79450000,29827.45471798,7912.94957600
7,477,0.000000,0.865000,0.00000000,89.29817185,0.00000000,564.90244577,0.00000000,0.00000000,78.66539600,89.29817185,84.63532017,1492.48104146,29923.30015927,7912.94957600
7,478,0.000000,0.844000,0.00000000,107.32720193,0.00000000,530.99108856,0.00000000,0.00000000,94.69756566,107.32720193,101.68074366,1745.79450000,29923.30015906,9891.18697000
7,479,0.000000,0.794000,0.00000000,106.78730067,0.00000000,493.71592522,0.00000000,0.00000000,94.69756566,106.78730067,101.68074366,1745.79450000,30238.23624117,8106.84656031
7,480,0.000000,0.721000,0.00000000,100.73209193,0.00000000,444.56113964,0.00000000,0.00000000,88.63152250,100.73209193,95.23131874,1649.94905891,30142.39079988,9891.18697000
7,481,0.000000,0.647000,0.00000000,89.29817185,0.00000000,400.02876411,0.00000000,0.00000000,78.66539600,89.29817185,84.63532017,1492.48104146,30238.23624117,7912.94957600
7,482,0.000000,0.591000,0.00000000,107.32720193,0.00000000,339.64686167,0.00000000,0.00000000,94.69756566,107.32720193,101.68074366,1745.79450000,30238.23624096,9891.18697000
7,483,0.000000,0.523000,0.00000000,107.32720193,0.00000000,288.21837382,0.00000000,0.00000000,94.69756566,107.32720193,101.68074366,1745.79450000,30238.23624117,9891.18696768
7,484,0.000000,0.458000,0.00000000,107.32720193,0.00000000,239.05878983,0.00000000,0.00000000,94.69756566,107.32720193,101.68074366,1745.79450000,30238.23624096,9891.18697000
7,485,0.000000,0.379000,0.00000000,107.32720193,0.00000000,179.31098776,0.00000000,0.00000000,94.69756566,107.32720193,101.68074366,1745.79450000,30238.23624076,9891.18697000
7,486,0.001000,0.316000,0.18212115,89.28036047,0.00000000,149.71084782,0.00000000,0.00000000,78.66539600,89.46248162,84.63532017,1492.48104146,30238.23624117,8455.98323539
7,487,0.156000,0.496000,28.41089949,69.83030443,0.00000000,305.29513643,0.00000000,0.00000000,86.34045621,98.24120392,92.79545409,1613.74947155,30106.19121251,9891.18697000
7,488,0.352000,0.599000,64.10664499,43.22055693,0.00000000,409.80391700,0.00000000,0.00000000,94.69756566,107.32720193,101.68074366,1745.79450000,30106.19121231,9891.18697000
7,489,0.504000,0.532000,91.78905988,0.00000000,0.00000000,402.35228737,0.00000000,0.00000000,80.95646231,91.78905988,87.07118482,1528.68062903,30238.23624117,7912.94957600
7,490,0.618000,0.448000,107.32720193,0.00000000,5.22366911,338.82297884,0.00000000,0.00000000,94.69756566,107.32720193,101.68074366,1745.79450000,30238.23624096,9891.18697000
7,491,0.680000,0.383000,107.32720193,0.00000000,16.51518045,289.66339485,0.00000000,0.00000000,94.69756566,107.32720193,101.68074366,1745.79450000,30238.23624076,9891.18697000
7,492,0.678000,0.344000,107.32720193,0.00000000,16.15093815,260.16764446,0.00000000,0.00000000,94.69756566,107.32720193,101.68074366,1745.79450000,30238.23624055,9891.18697000
7,493,0.615000,0.334000,107.32720193,0.00000000,4.67730566,252.60463154,0.00000000,0.00000000,94.69756566,107.32720193,101.68074366,1745.79450000,30238.23624035,9891.18697000
7,494,0.509000,0.353000,92.69966563,0.00000000,0.00000000,266.97435609,0.00000000,0.00000000,81.57051192,92.69966563,87.72404316,1538.38281124,30238.23624117,8716.04991738
7,495,0.384000,0.413000,69.93452181,19.69226957,0.00000000,292.66016404,0.00000000,0.00000000,78.66539600,89.62679138,84.63532017,1492.48104146,30142.39079988,8999.01689942
7,496,0.260000,0.501000,47.35149914,41.94667271,0.00000000,336.96027461,0.00000000,0.00000000,78.66539600,89.29817185,84.63532017,1492.48104146,30238.23624117,7912.94957600
7,497,0.122000,0.620000,22.21878037,67.67796161,0.00000000,401.22883946,0.00000000,0.00000000,78.66539600,89.89674197,84.63532017,1492.48104146,29984.92278242,9891.18697000
7,498,0.000000,0.730000,0.00000000,104.97233188,0.00000000,447.12761132,0.00000000,0.00000000,92.53160583,104.97233188,99.37789237,1711.57163508,29950.69991729,9891.18697000
7,499,0.000000,0.793000,0.00000000,89.29817185,0.00000000,510.44875274,0.00000000,0.00000000,78.66539600,89.29817185,84.63532017,1492.48104146,30046.54535858,7912.94957600
7,500,0.000000,0.806000,0.00000000,89.29817185,0.00000000,520.28066954,0.00000000,0.00000000,78.66539600,89.29817185,84.63532017,1492.48104146,30142.39079988,7912.94957600
7,501,0.000000,0.827000,0.00000000,89.29817185,0.00000000,536.16299667,0.00000000,0.00000000,78.66539600,89.29817185,84.63532017,1492.48104146,30238.23624117,7912.94957600
7,502,0.000000,0.783000,0.00000000,107.32720193,0.00000000,484.85670975,0.00000000,0.00000000,94.69756566,107.32720193,101.68074366,1745.79450000,30238.23624096,9891.18697000
7,503,0.000000,0.724000,0.00000000,107.32720193,0.00000000,440.23493352,0.00000000,0.00000000,94.69756566,107.32720193,101.68074366,1745.79450000,30238.23624076,9891.18697000
7,504,0.000000,0.672000,0.00000000,89.89674197,0.00000000,418.33772628,0.00000000,0.00000000,78.66539600,89.89674197,84.63532017,1492.48104146,29984.92278201,9891.18697000
7,505,0.000000,0.610000,0.00000000,100.13352185,0.00000000,361.21026630,0.00000000,0.00000000,88.63152254,100.13352185,95.23131878,1649.94905953,30238.23624137,7912.94957600
7,506,0.000000,0.559000,0.00000000,107.32720193,0.00000000,315.44522033,0.00000000,0.00000000,94.69756566,107.32720193,101.68074366,1745.79450000,30238.23624117,9891.18697000
7,507,0.000000,0.504000,0.00000000,100.73209194,0.00000000,280.44375925,0.00000000,0.00000000,88.63152251,100.73209194,95.23131875,1649.94905912,30142.39080008,9891.18697000
7,508,0.000000,0.444000,0.00000000,107.32720193,0.00000000,228.47057174,0.00000000,0.00000000,94.69756566,107.32720193,101.68074366,1745.79450000,30142.39079988,9891.18697000
7,509,0.000000,0.402000,0.00000000,89.29817185,0.00000000,214.73494755,0.00000000,0.00000000,78.66539600,89.29817185,84.63532017,1492.48104146,30238.23624117,7912.94957600
7,510,0.000000,0.346000,0.00000000,107.32720193,0.00000000,154.35304512,0.00000000,0.00000000,94.69756566,107.32720193,101.68074366,1745.79450000,30238.23624096,9891.18697000
7,511,0.113000,0.513000,20.57969001,86.74751194,0.00000000,301.23505088,0.00000000,0.00000000,94.69756569,107.32720195,101.68074369,1745.79450041,30238.23624117,9891.18697000
7,512,0.282000,0.655000,51.35816446,55.96903747,0.00000000,439.40830882,0.00000000,0.00000000,94.69756566,107.32720193,101.68074366,1745.79450000,30238.23624096,9891.18697000
7,513,0.450000,0.622000,81.95451775,7.94222423,0.00000000,462.47717943,0.00000000,0.00000000,78.66539600,89.89674197,84.63532017,1492.48104146,29984.92278221,9891.18697000
7,514,0.585000,0.538000,106.54087307,0.35206850,0.00000000,406.53802663,0.00000000,0.00000000,94.69756566,106.89294157,101.68074366,1745.79450000,30238.23624117,8455.98323539
7,515,0.687000,0.450000,107.32720193,0.00000000,17.79002850,340.33558142,0.00000000,0.00000000,94.69756566,107.32720193,101.68074366,1745.79450000,30238.23624096,9891.18697000
7,516,0.730000,0.388000,107.32720193,0.00000000,25.62123798,293.44490131,0.00000000,0.00000000,94.69756566,107.32720193,101.68074366,1745.79450000,30238.23624117,9891.18696768
7,517,0.714000,0.358000,2.99285063,0.00000000,127.04165087,270.75586255,0.00000000,0.00000000,0.00000000,2.99285063,0.00000000,0.00000000,28492.44174096,9891.18697000
7,518,0.646000,0.376000,107.32720193,0.00000000,10.32306133,284.36928581,0.00000000,0.00000000,94.69756566,107.32720193,101.68074366,1745.79450000,28492.44174076,9891.18697000
7,519,0.528000,0.438000,96.15996749,10.56866431,0.00000000,320.69130161,0.00000000,0.00000000,94.69756566,106.72863180,101.68074366,1745.79450000,28841.60064059,7912.94957600
7,520,0.360000,0.547000,65.56361420,41.76358773,0.00000000,371.93321902,0.00000000,0.00000000,94.69756566,107.32720193,101.68074366,1745.79450000,28841.60064039,9891.18697000
7,521,0.151000,0.676000,0.00000000,89.89674172,27.50029373,421.36293171,0.00000000,0.00000000,78.66539600,89.89674172,84.63531998,1492.48099468,28588.28713486,9891.18697000
7,522,0.000000,0.778000,0.00000000,106.72863180,0.00000000,481.67377341,0.00000000,0.00000000,94.69756566,106.72863180,101.68074366,1745.79450000,28937.44603469,7912.94957600
7,523,0.000000,0.823000,0.00000000,107.32720193,0.00000000,515.10876143,0.00000000,0.00000000,94.69756566,107.32720193,101.68074366,1745.79450000,28937.44603449,9891.18697000
7,524,0.000000,0.827000,0.00000000,107.32720193,0.00000000,518.13396660,0.00000000,0.00000000,94.69756566,107.32720193,101.68074366,1745.79450000,28937.44603428,9891.18697000
7,525,0.000000,0.786000,0.00000000,106.72863180,0.00000000,487.72418375,0.00000000,0.00000000,94.69756566,106.72863180,101.68074366,1745.79450000,29286.60493412,7912.94957600
7,526,0.000000,0.779000,0.00000000,107.32720193,0.00000000,481.83150458,0.00000000,0.00000000,94.69756566,107.32720193,101.68074366,1745.79450000,29286.60493392,9891.18697000
7,527,0.000000,0.706000,0.00000000,106.72863180,0.00000000,427.22008038,0.00000000,0.00000000,94.69756566,106.72863180,101.68074366,1745.79450000,29635.76383375,7912.94957600
7,528,0.000000,0.630000,0.00000000,107.32720193,0.00000000,369.14261206,0.00000000,0.00000000,94.69756566,107.32720193,101.68074366,1745.79450000,29635.76383355,9891.18697000
7,529,0.000000,0.544000,0.00000000,106.72863180,0.00000000,304.69927107,0.00000000,0.00000000,94.69756566,106.72863180,101.68074366,1745.79450000,29984.92273338,7912.94957600
7,530,0.000000,0.471000,0.00000000,107.32720193,0.00000000,248.89070663,0.00000000,0.00000000,94.69756566,107.32720193,101.68074366,1745.79450000,29984.92273318,9891.18697000
7,531,0.000000,0.442000,0.00000000,107.32720193,0.00000000,226.95796916,0.00000000,0.00000000,94.69756566,107.32720193,101.68074366,1745.79450000,29984.92273297,9891.18697000
7,532,0.000000,0.398000,0.00000000,107.32720193,0.00000000,193.68071231,0.00000000,0.00000000,94.69756566,107.32720193,101.68074366,1745.79450000,29984.92273277,9891.18697000
7,533,0.000000,0.368000,0.00000000,100.13352522,0.00000000,178.18535025,0.00000000,0.00000000,88.63152564,100.13352522,95.23132208,1649.94910856,30238.23624117,7912.94957600
7,534,0.001000,0.349000,0.18212115,89.28036047,0.00000000,174.66879046,0.00000000,0.00000000,78.66539600,89.46248162,84.63532017,1492.48104146,30238.23624117,8455.98323771
7,535,0.159000,0.538000,28.95726294,78.36993902,0.00000000,328.52015611,0.00000000,0.00000000,94.69756569,107.32720195,101.68074369,1745.79450041,30238.23624137,9891.18697000
7,536,0.357000,0.716000,65.01725075,42.30995118,0.00000000,499.20177393,0.00000000,0.00000000,94.69756566,107.32720193,101.68074366,1745.79450000,30238.23624117,9891.18697000
7,537,0.517000,0.709000,89.46248162,0.00000000,4.69415322,536.21761606,0.00000000,0.00000000,78.66539600,89.46248162,84.63532017,1492.48104146,30238.23624117,8455.98323771
7,538,0.622000,0.681000,100.73209193,0.00000000,12.54726371,515.04117988,0.00000000,0.00000000,88.63152250,100.73209193,95.23131874,1649.94905891,30142.39079988,9891.18697000
7,539,0.680000,0.650000,89.29817185,0.00000000,34.54421053,491.59583983,0.00000000,0.00000000,78.66539600,89.29817185,84.63532017,1492.48104146,30238.23624117,7912.94957600
7,540,0.694000,0.626000,107.32720193,0.00000000,19.06487656,473.44460882,0.00000000,0.00000000,94.69756566,107.32720193,101.68074366,1745.79450000,30238.23624096,9891.18697000
7,541,0.666000,0.623000,107.32720193,0.00000000,13.96548434,471.17570495,0.00000000,0.00000000,94.69756566,107.32720193,101.68074366,1745.79450000,30238.23624076,9891.18697000
7,542,0.594000,0.644000,89.62679138,0.00000000,18.55317204,487.05803208,0.00000000,0.00000000,78.66539600,89.62679138,84.63532017,1492.48104146,30142.39080008,8999.01689594
7,543,0.480000,0.683000,87.41815226,19.90904966,0.00000000,496.64473281,0.00000000,0.00000000,94.69756566,107.32720193,101.68074366,1745.79450000,30142.39079988,9891.18697000
7,544,0.326000,0.730000,59.37149508,29.92667677,0.00000000,522.17326643,0.00000000,0.00000000,78.66539600,89.29817185,84.63532017,1492.48104146,30238.23624117,7912.94957600
7,545,0.138000,0.780000,25.13271878,64.76402320,0.00000000,525.15098460,0.00000000,0.00000000,78.66539600,89.89674197,84.63532017,1492.48104146,29984.92278242,9891.18697000
7,546,0.000000,0.793000,0.00000000,107.32720193,0.00000000,492.41972267,0.00000000,0.00000000,94.69756566,107.32720193,101.68074366,1745.79450000,29984.92278221,9891.18697000
7,547,0.000000,0.804000,0.00000000,107.32720193,0.00000000,500.73903688,0.00000000,0.00000000,94.69756566,107.32720193,101.68074366,1745.79450000,29984.92278201,9891.18697000
7,548,0.000000,0.827000,0.00000000,107.32720193,0.00000000,518.13396660,0.00000000,0.00000000,94.69756566,107.32720193,101.68074366,1745.79450000,29984.92278180,9891.18697000
7,549,0.000000,0.832000,0.00000000,72.94337341,0.00000000,556.29930157,0.00000000,0.00000000,63.67817400,72.94337341,68.65710075,1244.73168631,29833.01886795,7912.94957600
7,550,0.000000,0.815000,0.00000000,107.32720193,0.00000000,509.05835109,0.00000000,0.00000000,94.69756566,107.32720193,101.68074366,1745.79450000,29833.01886775,9891.18697000
7,551,0.000000,0.763000,0.00000000,107.32720193,0.00000000,469.73068391,0.00000000,0.00000000,94.69756566,107.32720193,101.68074366,1745.79450000,29833.01886754,9891.18697000
7,552,0.000000,0.690000,0.00000000,104.58947014,0.00000000,417.25842137,0.00000000,0.00000000,92.17945767,104.58947014,99.00348799,1706.00758051,29793.23194784,9891.18697000
7,553,0.000000,0.602000,0.00000000,107.32720193,0.00000000,347.96617589,0.00000000,0.00000000,94.69756566,107.32720193,101.68074366,1745.79450000,29793.23194764,9891.18697000
7,554,0.000000,0.540000,0.00000000,107.32720193,0.00000000,301.07549578,0.00000000,0.00000000,94.69756566,107.32720193,101.68074366,1745.79450000,29793.23194743,9891.18697000
7,555,0.000000,0.476000,0.00000000,107.32720193,0.00000000,252.67221309,0.00000000,0.00000000,94.69756566,107.32720193,101.68074366,1745.79450000,29793.23194723,9891.18697000
7,556,0.000000,0.427000,0.00000000,107.32720193,0.00000000,215.61344978,0.00000000,0.00000000,94.69756566,107.32720193,101.68074366,1745.79450000,29793.23194702,9891.18697000
7,557,0.000000,0.407000,0.00000000,106.72863180,0.00000000,201.08599406,0.00000000,0.00000000,94.69756566,106.72863180,101.68074366,1745.79450000,30142.39084686,7912.94957600
7,558,0.002000,0.410000,0.36424230,89.53249941,0.00000000,220.55103032,0.00000000,0.00000000,78.66539600,89.89674172,84.63531998,1492.48099468,29889.07734133,9891.18697000
7,559,0.168000,0.619000,30.59635329,76.13227851,0.00000000,392.01822127,0.00000000,0.00000000,94.69756566,106.72863180,101.68074366,1745.79450000,30238.23624117,7912.94957600
7,560,0.377000,0.774000,68.65967376,21.23706822,0.00000000,564.14013183,0.00000000,0.00000000,78.66539600,89.89674197,84.63532017,1492.48104146,29984.92278242,9891.18697000
7,561,0.545000,0.765000,99.25602705,8.07117488,0.00000000,570.49931354,0.00000000,0.00000000,94.69756566,107.32720193,101.68074366,1745.79450000,29984.92278221,9891.18697000
7,562,0.652000,0.740000,107.32720193,0.00000000,11.41578823,559.66295612,0.00000000,0.00000000,94.69756566,107.32720193,101.68074366,1745.79450000,29984.92278201,9891.18697000
7,563,0.714000,0.718000,107.32720193,0.00000000,22.70729957,543.02432769,0.00000000,0.00000000,94.69756566,107.32720193,101.68074366,1745.79450000,29984.92278180,9891.18697000
7,564,0.731000,0.697000,89.89674197,0.00000000,43.23381908,527.14200056,0.00000000,0.00000000,78.66539600,89.89674197,84.63532017,1492.48104146,29731.60932305,9891.18697000
7,565,0.704000,0.686000,107.32720193,0.00000000,20.88608806,518.82268634,0.00000000,0.00000000,94.69756566,107.32720193,101.68074366,1745.79450000,29731.60932285,9891.18697000
7,566,0.629000,0.693000,107.32720193,0.00000000,7.22700177,524.11679539,0.00000000,0.00000000,94.69756566,107.32720193,101.68074366,1745.79450000,29731.60932264,9891.18697000
7,567,0.504000,0.716000,91.78905988,5.60672690,0.00000000,535.90499821,0.00000000,0.00000000,86.11341152,97.39578677,92.55405989,1610.16209223,29945.13581471,7912.94957600
7,568,0.329000,0.765000,59.91785853,47.40934339,0.00000000,531.16114502,0.00000000,0.00000000,94.69756566,107.32720193,101.68074366,1745.79450000,29945.13581451,9891.18697000
7,569,0.125000,0.823000,22.76514382,50.17822959,0.00000000,572.25773377,0.00000000,0.00000000,63.67817400,72.94337341,68.65710075,1244.73168631,29793.23190065,7912.94957600
7,570,0.000000,0.863000,0.00000000,107.32720193,0.00000000,545.36081311,0.00000000,0.00000000,94.69756566,107.32720193,101.68074366,1745.79450000,29793.23190045,9891.18697000
7,571,0.000000,0.893000,0.00000000,107.32720193,0.00000000,568.04985187,0.00000000,0.00000000,94.69756566,107.32720193,101.68074366,1745.79450000,29793.23190024,9891.18697000
7,572,0.000000,0.917000,0.00000000,89.29817185,0.00000000,604.23011296,0.00000000,0.00000000,78.66539600,89.29817185,84.63532017,1492.48104146,29889.07734154,7912.94957600
7,573,0.000000,0.917000,0.00000000,107.32720193,0.00000000,586.20108288,0.00000000,0.00000000,94.69756566,107.32720193,101.68074366,1745.79450000,29889.07734133,9891.18697000
7,574,0.000000,0.894000,0.00000000,106.72863180,0.00000000,569.40472329,0.00000000,0.00000000,94.69756566,106.72863180,101.68074366,1745.79450000,30238.23624117,7912.94957600
7,575,0.000000,0.867000,0.00000000,100.73209194,0.00000000,554.98112826,0.00000000,0.00000000,88.63152251,100.73209194,95.23131875,1649.94905912,30142.39080008,9891.18697000
7,576,0.000000,0.824000,0.00000000,107.32720193,0.00000000,515.86506272,0.00000000,0.00000000,94.69756566,107.32720193,101.68074366,1745.79450000,30142.39079988,9891.18697000
7,577,0.000000,0.782000,0.00000000,89.29817185,0.00000000,502.12943853,0.00000000,0.00000000,78.66539600,89.29817185,84.63532017,1492.48104146,30238.23624117,7912.94957600
7,578,0.000000,0.750000,0.00000000,107.32720193,0.00000000,459.89876711,0.00000000,0.00000000,94.69756566,107.32720193,101.68074366,1745.79450000,30238.23624096,9891.18697000
7,579,0.000000,0.740000,0.00000000,107.32720195,0.00000000,452.33575416,0.00000000,0.00000000,94.69756569,107.32720195,101.68074369,1745.79450041,30238.23624117,9891.18697000
7,580,0.000000,0.734000,0.00000000,89.89674197,0.00000000,465.22840639,0.00000000,0.00000000,78.66539600,89.89674197,84.63532017,1492.48104146,29984.92278242,9891.18697000
7,581,0.000000,0.676000,0.00000000,107.32720193,0.00000000,403.93247150,0.00000000,0.00000000,94.69756566,107.32720193,101.68074366,1745.79450000,29984.92278221,9891.18697000
7,582,0.001000,0.578000,0.18212115,99.95140067,0.00000000,337.19074613,0.00000000,0.00000000,88.63152251,100.13352182,95.23131875,1649.94905912,30238.23624117,7912.94957600
7,583,0.148000,0.703000,26.95393028,80.37327164,0.00000000,451.30653667,0.00000000,0.00000000,94.69756566,107.32720193,101.68074366,1745.79450000,30238.23624096,9891.18697000
7,584,0.350000,0.844000,63.74240269,43.58479923,0.00000000,594.73349126,0.00000000,0.00000000,94.69756566,107.32720193,101.68074366,1745.79450000,30238.23624076,9891.18697000
7,585,0.511000,0.858000,93.06390793,14.26329399,0.00000000,634.64321458,0.00000000,0.00000000,94.69756566,107.32720192,101.68074366,1745.79450000,30238.23624117,9891.18696652
7,586,0.625000,0.831000,0.00000000,43.59753071,113.82571909,584.88884299,0.00000000,0.00000000,36.84682300,43.59753071,39.91750131,767.66957627,29539.91844170,8305.87748292
7,587,0.704000,0.796000,106.72863180,0.00000000,21.48465819,602.01582847,0.00000000,0.00000000,94.69756566,106.72863180,101.68074366,1745.79450000,29889.07734154,7912.94957600
7,588,0.723000,0.763000,107.32720193,0.00000000,24.34638992,577.05788583,0.00000000,0.00000000,94.69756566,107.32720193,101.68074366,1745.79450000,29889.07734133,9891.18697000
7,589,0.687000,0.728000,106.72863180,0.00000000,18.38859863,550.58734061,0.00000000,0.00000000,94.69756566,106.72863180,101.68074366,1745.79450000,30238.23624117,7912.94957600
7,590,0.594000,0.707000,107.32720193,0.00000000,0.85276150,534.70501348,0.00000000,0.00000000,94.69756566,107.32720193,101.68074366,1745.79450000,30238.23624096,9891.18697000
7,591,0.464000,0.724000,84.50421386,22.82298807,0.00000000,524.73914737,0.00000000,0.00000000,94.69756566,107.32720193,101.68074366,1745.79450000,30238.23624076,9891.18697000
7,592,0.307000,0.772000,44.07720969,0.00000000,11.83398353,583.86459746,0.00000000,0.00000000,36.84682300,44.07720969,39.91750131,767.66957627,29260.11131682,9891.18697000
7,593,0.125000,0.829000,22.76514382,8.20699053,0.00000000,618.76678058,0.00000000,0.00000000,25.00174700,30.97213435,27.15938231,539.40882693,28053.72564354,9891.18697000
7,594,0.000000,0.853000,0.00000000,106.72863180,0.00000000,538.39637032,0.00000000,0.00000000,94.69756566,106.72863180,101.68074366,1745.79450000,28402.88454338,7912.94957600
7,595,0.000000,0.865000,0.00000000,107.32720193,0.00000000,546.87341570,0.00000000,0.00000000,94.69756566,107.32720193,101.68074366,1745.79450000,28402.88454317,9891.18697000
7,596,0.000000,0.871000,0.00000000,106.72863180,0.00000000,552.00979357,0.00000000,0.00000000,94.69756566,106.72863180,101.68074366,1745.79450000,28752.04344301,7912.94957600
7,597,0.000000,0.877000,0.00000000,106.72863180,0.00000000,556.54760133,0.00000000,0.00000000,94.69756566,106.72863180,101.68074366,1745.79450000,29101.20234284,7912.94957600
7,598,0.000000,0.864000,0.00000000,106.72863180,0.00000000,546.71568453,0.00000000,0.00000000,94.69756566,106.72863180,101.68074366,1745.79450000,29450.36124268,7912.94957600
7,599,0.000000,0.857000,0.00000000,106.72863180,0.00000000,541.42157548,0.00000000,0.00000000,94.69756566,106.72863180,101.68074366,1745.79450000,29799.52014252,7912.94957600
7,600,0.000000,0.815000,0.00000000,107.32720193,0.00000000,509.05835109,0.00000000,0.00000000,94.69756566,107.32720193,101.68074366,1745.79450000,29799.52014231,9891.18697000
7,601,0.000000,0.753000,0.00000000,107.32720193,0.00000000,462.16767099,0.00000000,0.00000000,94.69756566,107.32720193,101.68074366,1745.79450000,29799.52014211,9891.18697000
7,602,0.000000,0.697000,0.00000000,89.29817185,0.00000000,437.84382871,0.00000000,0.00000000,78.66539600,89.29817185,84.63532017,1492.48104146,29895.36558340,7912.94957600
7,603,0.000000,0.680000,0.00000000,89.47326168,0.00000000,424.81161692,0.00000000,0.00000000,78.66539600,89.47326168,84.63532017,1492.48104146,29889.07734133,8491.61067152
7,604,0.000000,0.670000,0.00000000,106.72863180,0.00000000,399.99323387,0.00000000,0.00000000,94.69756566,106.72863180,101.68074366,1745.79450000,30238.23624117,7912.94957600
7,605,0.000000,0.653000,0.00000000,89.79110115,0.00000000,404.07364256,0.00000000,0.00000000,78.66539600,89.79110115,84.63532017,1492.48104146,30046.54535899,9542.05055881
7,606,0.002000,0.621000,0.36424230,106.96295962,0.00000000,362.70014274,0.00000000,0.00000000,94.69756566,107.32720193,101.68074366,1745.79450000,30046.54535879,9891.18697000
7,607,0.171000,0.771000,31.14271674,58.15545510,0.00000000,524.95284106,0.00000000,0.00000000,78.66539600,89.29817185,84.63532017,1492.48104146,30142.39080008,7912.94957600
7,608,0.382000,0.879000,69.57027951,37.75692242,0.00000000,627.03191329,0.00000000,0.00000000,94.69756566,107.32720193,101.68074366,1745.79450000,30142.39079988,9891.18697000
7,609,0.549000,0.841000,89.29817185,0.00000000,10.68633980,636.04938661,0.00000000,0.00000000,78.66539600,89.29817185,84.63532017,1492.48104146,30238.23624117,7912.94957600
7,610,0.664000,0.759000,89.46248162,0.00000000,31.46596235,574.03268066,0.00000000,0.00000000,78.66539600,89.46248162,84.63532017,1492.48104146,30238.23624117,8455.98323771
7,611,0.727000,0.666000,107.32720193,0.00000000,25.07487452,503.69666050,0.00000000,0.00000000,94.69756566,107.32720193,101.68074366,1745.79450000,30238.23624096,9891.18697000
7,612,0.744000,0.574000,107.32720193,0.00000000,28.17093409,434.11694164,0.00000000,0.00000000,94.69756566,107.32720193,101.68074366,1745.79450000,30238.23624117,9891.18696768
7,613,0.716000,0.492000,107.32720193,0.00000000,23.07154187,372.10023569,0.00000000,0.00000000,94.69756566,107.32720193,101.68074366,1745.79450000,30238.23624137,9891.18696768
7,614,0.645000,0.444000,107.32720193,0.00000000,10.14094018,335.79777367,0.00000000,0.00000000,94.69756566,107.32720193,101.68074366,1745.79450000,30238.23624117,9891.18697000
7,615,0.526000,0.447000,89.46248162,0.00000000,6.33324357,338.06667755,0.00000000,0.00000000,78.66539600,89.46248162,84.63532017,1492.48104146,30238.23624137,8455.98323655
7,616,0.357000,0.498000,65.01725075,42.30995118,0.00000000,334.32809226,0.00000000,0.00000000,94.69756566,107.32720193,101.68074366,1745.79450000,30238.23624117,9891.18697000
7,617,0.152000,0.575000,27.68241488,73.04967706,0.00000000,361.82356587,0.00000000,0.00000000,88.63152251,100.73209194,95.23131875,1649.94905912,30142.39080008,9891.18697000
7,618,0.000000,0.663000,0.00000000,89.89674197,0.00000000,411.53101465,0.00000000,0.00000000,78.66539600,89.89674197,84.63532017,1492.48104146,29889.07734133,9891.18697000
7,619,0.000000,0.726000,0.00000000,106.72863180,0.00000000,442.34610623,0.00000000,0.00000000,94.69756566,106.72863180,101.68074366,1745.79450000,30238.23624117,7912.94957600
7,620,0.000000,0.758000,0.00000000,89.89674197,0.00000000,483.37963740,0.00000000,0.00000000,78.66539600,89.89674197,84.63532017,1492.48104146,29984.92278242,9891.18697000
7,621,0.000000,0.810000,0.00000000,107.32720193,0.00000000,505.27684463,0.00000000,0.00000000,94.69756566,107.32720193,101.68074366,1745.79450000,29984.92278221,9891.18697000
7,622,0.000000,0.866000,0.00000000,89.62679138,0.00000000,565.33012753,0.00000000,0.00000000,78.66539600,89.62679138,84.63532017,1492.48104146,29889.07734154,8999.01689594
7,623,0.000000,0.896000,0.00000000,107.32720193,0.00000000,570.31875575,0.00000000,0.00000000,94.69756566,107.32720193,101.68074366,1745.79450000,29889.07734133,9891.18697000
7,624,0.000000,0.880000,0.00000000,106.72863180,0.00000000,558.81650520,0.00000000,0.00000000,94.69756566,106.72863180,101.68074366,1745.79450000,30238.23624117,7912.94957600
7,625,0.000000,0.849000,0.00000000,100.73209197,0.00000000,541.36770498,0.00000000,0.00000000,88.63152254,100.73209197,95.23131878,1649.94905953,30142.39080049,9891.18697000
7,626,0.000000,0.820000,0.00000000,107.32720193,0.00000000,512.83985755,0.00000000,0.00000000,94.69756566,107.32720193,101.68074366,1745.79450000,30142.39080029,9891.18697000
7,627,0.000000,0.788000,0.00000000,89.29817185,0.00000000,506.66724628,0.00000000,0.00000000,78.66539600,89.29817185,84.63532017,1492.48104146,30238.23624158,7912.94957600
7,628,0.000000,0.744000,0.00000000,107.32720193,0.00000000,455.36095936,0.00000000,0.00000000,94.69756566,107.32720193,101.68074366,1745.79450000,30238.23624137,9891.18697000
7,629,0.000000,0.682000,0.00000000,107.32720193,0.00000000,408.47027925,0.00000000,0.00000000,94.69756566,107.32720193,101.68074366,1745.79450000,30238.23624117,9891.18697000
7,630,0.000000,0.630000,0.00000000,89.46248162,0.00000000,387.00733237,0.00000000,0.00000000,78.66539600,89.46248162,84.63532017,1492.48104146,30238.23624117,8455.98323771
7,631,0.148000,0.762000,0.00000000,89.89674172,26.95393028,486.40484282,0.00000000,0.00000000,78.66539600,89.89674172,84.63531998,1492.48099468,29984.92273564,9891.18697000
7,632,0.369000,0.856000,67.20270455,33.67840076,0.00000000,613.71550523,0.00000000,0.00000000,88.76858187,100.88110532,95.37704044,1652.11464125,29891.24287668,9891.18697000
7,633,0.549000,0.822000,99.98451165,0.00000000,0.00000000,621.67966206,0.00000000,0.00000000,88.49446610,99.98451165,95.08560020,1647.78352357,30142.39080008,7912.94957600
7,634,0.669000,0.739000,107.32720193,0.00000000,14.51184779,558.90665482,0.00000000,0.00000000,94.69756566,107.32720193,101.68074366,1745.79450000,30142.39079988,9891.18697000
7,635,0.731000,0.637000,89.29817185,0.00000000,43.83238920,481.76392303,0.00000000,0.00000000,78.66539600,89.29817185,84.63532017,1492.48104146,30238.23624117,7912.94957600
7,636,0.744000,0.535000,107.32720193,0.00000000,28.17093408,404.62119125,0.00000000,0.00000000,94.69756566,107.32720193,101.68074366,1745.79450000,30238.23624096,9891.18697000
7,637,0.714000,0.466000,89.89674197,0.00000000,40.13775952,352.43640209,0.00000000,0.00000000,78.66539600,89.89674197,84.63532017,1492.48104146,29984.92278221,9891.18697000
7,638,0.640000,0.456000,93.53841181,0.00000000,23.01912454,344.87338917,0.00000000,0.00000000,82.56547934,93.53841181,88.78189381,1554.10361783,30142.39079988,7912.94957600
7,639,0.520000,0.503000,89.29817185,0.00000000,5.40482644,380.41954990,0.00000000,0.00000000,78.66539600,89.29817185,84.63532017,1492.48104146,30238.23624117,7912.94957600
7,640,0.352000,0.589000,57.67001469,0.00000000,6.43663031,445.46146102,0.00000000,0.00000000,49.73928100,57.67001469,53.75120360,1002.98064984,29844.58129084,7912.94957600
7,641,0.147000,0.708000,26.77180913,80.55539279,0.00000000,454.90592197,0.00000000,0.00000000,94.69756566,107.32720193,101.68074366,1745.79450000,29844.58129063,9891.18697000
7,642,0.000000,0.802000,0.00000000,106.72863180,0.00000000,499.82500442,0.00000000,0.00000000,94.69756566,106.72863180,101.68074366,1745.79450000,30193.74019047,7912.94957600
7,643,0.000000,0.839000,0.00000000,107.32720193,0.00000000,527.20958210,0.00000000,0.00000000,94.69756566,107.32720193,101.68074366,1745.79450000,30193.74019026,9891.18697000
7,644,0.000000,0.900000,0.00000000,89.89674197,0.00000000,590.77442087,0.00000000,0.00000000,78.66539600,89.89674197,84.63532017,1492.48104146,29940.42673152,9891.18697000
7,645,0.000000,0.946000,0.00000000,107.32720193,0.00000000,608.13382035,0.00000000,0.00000000,94.69756566,107.32720193,101.68074366,1745.79450000,29940.42673131,9891.18697000
7,646,0.000000,0.949000,0.00000000,107.32720193,0.00000000,610.40272423,0.00000000,0.00000000,94.69756566,107.32720193,101.68074366,1745.79450000,29940.42673111,9891.18697000
7,647,0.000000,0.938000,0.00000000,103.19528822,0.00000000,606.21532372,0.00000000,0.00000000,91.44767071,103.19528822,98.22545115,1694.44511023,30238.23624117,7912.94957600
7,648,0.000000,0.915000,0.00000000,89.89674197,0.00000000,602.11894025,0.00000000,0.00000000,78.66539600,89.89674197,84.63532017,1492.48104146,29984.92278242,9891.18697000
7,649,0.000000,0.875000,0.00000000,107.32720193,0.00000000,554.43642862,0.00000000,0.00000000,94.69756566,107.32720193,101.68074366,1745.79450000,29984.92278221,9891.18697000
7,650,0.000000,0.823000,0.00000000,107.32720193,0.00000000,515.10876143,0.00000000,0.00000000,94.69756566,107.32720193,101.68074366,1745.79450000,29984.92278201,9891.18697000
7,651,0.000000,0.753000,0.00000000,107.32720193,0.00000000,462.16767099,0.00000000,0.00000000,94.69756566,107.32720193,101.68074366,1745.79450000,29984.92278180,9891.18697000
7,652,0.000000,0.684000,0.00000000,100.13352186,0.00000000,417.17656190,0.00000000,0.00000000,88.63152255,100.13352186,95.23131879,1649.94905973,30238.23624137,7912.94957600
7,653,0.000000,0.580000,0.00000000,107.32720193,0.00000000,331.32754746,0.00000000,0.00000000,94.69756566,107.32720193,101.68074366,1745.79450000,30238.23624117,9891.18697000
7,654,0.002000,0.519000,0.36424230,106.96295962,0.00000000,285.55741095,0.00000000,0.00000000,94.69756566,107.32720193,101.68074366,1745.79450000,30238.23624096,9891.18697000
7,655,0.167000,0.708000,30.41423214,43.12771139,0.00000000,492.33360338,0.00000000,0.00000000,63.67817400,73.54194353,68.65710075,1244.73168631,29737.17342707,9891.18697000
7,656,0.388000,0.837000,70.66300641,36.06562539,0.00000000,596.95855606,0.00000000,0.00000000,94.69756566,106.72863180,101.68074366,1745.79450000,30086.33232690,7912.94957600
7,657,0.558000,0.825000,101.62360201,5.70359992,0.00000000,618.24496602,0.00000000,0.00000000,94.69756566,107.32720193,101.68074366,1745.79450000,30086.33232670,9891.18697000
7,658,0.672000,0.772000,107.32720193,0.00000000,15.05821124,583.86459746,0.00000000,0.00000000,94.69756566,107.32720193,101.68074366,1745.79450000,30086.33232649,9891.18697000
7,659,0.734000,0.710000,107.32720193,0.00000000,26.34972258,536.97391735,0.00000000,0.00000000,94.69756566,107.32720193,101.68074366,1745.79450000,30086.33232629,9891.18697000
7,660,0.748000,0.649000,2.99285063,0.00000000,133.23376999,490.83953854,0.00000000,0.00000000,0.00000000,2.99285063,0.00000000,0.00000000,28340.53782608,9891.18697000
7,661,0.719000,0.613000,106.72863180,0.00000000,24.21647545,463.61269203,0.00000000,0.00000000,94.69756566,106.72863180,101.68074366,1745.79450000,28689.69672592,7912.94957600
7,662,0.640000,0.611000,107.32720193,0.00000000,9.23033443,462.10008944,0.00000000,0.00000000,94.69756566,107.32720193,101.68074366,1745.79450000,28689.69672572,9891.18697000
7,663,0.517000,0.654000,94.15663484,7.36294110,0.00000000,487.25810390,0.00000000,0.00000000,89.35583369,101.51957594,96.00140733,1661.39340967,28605.29563518,9891.18697000
7,664,0.344000,0.724000,62.64967579,44.67752614,0.00000000,502.88460931,0.00000000,0.00000000,94.69756566,107.32720193,101.68074366,1745.79450000,28605.29563498,9891.18697000
7,665,0.139000,0.800000,25.31483993,64.58190179,0.00000000,540.45913185,0.00000000,0.00000000,78.66539600,89.89674172,84.63531998,1492.48099468,28351.98212945,9891.18697000
7,666,0.000000,0.846000,0.00000000,107.32720193,0.00000000,532.50369115,0.00000000,0.00000000,94.69756566,107.32720193,101.68074366,1745.79450000,28351.98212924,9891.18697000
7,667,0.000000,0.887000,0.00000000,107.32720193,0.00000000,563.51204412,0.00000000,0.00000000,94.69756566,107.32720193,101.68074366,1745.79450000,28351.98212904,9891.18697000
7,668,0.000000,0.917000,0.00000000,89.89674197,0.00000000,603.63154283,0.00000000,0.00000000,78.66539600,89.89674197,84.63532017,1492.48104146,28098.66867029,9891.18697000
7,669,0.000000,0.916000,0.00000000,89.89674197,0.00000000,602.87524154,0.00000000,0.00000000,78.66539600,89.89674197,84.63532017,1492.48104146,27845.35521154,9891.18697000
7,670,0.000000,0.908000,0.00000000,89.74015671,0.00000000,596.98141647,0.00000000,0.00000000,78.66539600,89.74015671,84.63532017,1492.48104146,27683.38132637,9373.68230384
7,671,0.000000,0.894000,0.00000000,89.29817185,0.00000000,586.83518324,0.00000000,0.00000000,78.66539600,89.29817185,84.63532017,1492.48104146,27779.22676766,7912.94957600
7,672,0.000000,0.850000,0.00000000,89.89674197,0.00000000,552.95935627,0.00000000,0.00000000,78.66539600,89.89674197,84.63532017,1492.48104146,27525.91330891,9891.18697000
7,673,0.000000,0.773000,0.00000000,89.89674197,0.00000000,494.72415678,0.00000000,0.00000000,78.66539600,89.89674197,84.63532017,1492.48104146,27272.59985016,9891.18697000
7,674,0.000000,0.670000,0.00000000,89.89674197,0.00000000,416.82512370,0.00000000,0.00000000,78.66539600,89.89674197,84.63532017,1492.48104146,27019.28639141,9891.18697000
7,675,0.000000,0.591000,0.00000000,89.89674197,0.00000000,357.07732163,0.00000000,0.00000000,78.66539600,89.89674197,84.63532017,1492.48104146,26765.97293266,9891.18697000
7,676,0.000000,0.515000,0.00000000,89.89674197,0.00000000,299.59842343,0.00000000,0.00000000,78.66539600,89.89674197,84.63532017,1492.48104146,26512.65947391,9891.18697000
7,677,0.000000,0.459000,0.00000000,89.89674197,0.00000000,257.24555108,0.00000000,0.00000000,78.66539600,89.89674197,84.63532017,1492.48104146,26259.34601517,9891.18697000
7,678,0.003000,0.432000,0.54636345,89.35037852,0.00000000,237.37177964,0.00000000,0.00000000,78.66539600,89.89674197,84.63532017,1492.48104146,26006.03255642,9891.18697000
7,679,0.176000,0.653000,0.00000000,73.54194456,32.05332250,420.32279914,0.00000000,0.00000000,63.67817400,73.54194456,68.65710149,1244.73187308,25504.96992929,9891.18697000
7,680,0.387000,0.771000,70.48088526,19.41585671,0.00000000,563.69243946,0.00000000,0.00000000,78.66539600,89.89674197,84.63532017,1492.48104146,25251.65647055,9891.18697000
7,681,0.551000,0.729000,89.89674197,0.00000000,10.45201198,551.34364190,0.00000000,0.00000000,78.66539600,89.89674197,84.63532017,1492.48104146,24998.34301180,9891.18697000
7,682,0.667000,0.644000,89.89674197,0.00000000,31.57806544,487.05803208,0.00000000,0.00000000,78.66539600,89.89674197,84.63532017,1492.48104146,24745.02955305,9891.18697000
7,683,0.731000,0.549000,89.89674197,0.00000000,43.23381908,415.20940933,0.00000000,0.00000000,78.66539600,89.89674197,84.63532017,1492.48104146,24491.71609430,9891.18697000
7,684,0.747000,0.460000,89.89674197,0.00000000,46.14775749,347.89859434,0.00000000,0.00000000,78.66539600,89.89674197,84.63532017,1492.48104146,24238.40263555,9891.18697000
7,685,0.720000,0.400000,89.89674197,0.00000000,41.23048642,302.52051682,0.00000000,0.00000000,78.66539600,89.89674197,84.63532017,1492.48104146,23985.08917680,9891.18697000
7,686,0.649000,0.394000,89.89674197,0.00000000,28.29988473,297.98270907,0.00000000,0.00000000,78.66539600,89.89674197,84.63532017,1492.48104146,23731.77571805,9891.18697000
7,687,0.525000,0.437000,89.89674197,0.00000000,5.71686207,330.50366462,0.00000000,0.00000000,78.66539600,89.89674197,84.63532017,1492.48104146,23478.46225930,9891.18697000
7,688,0.354000,0.523000,64.47088730,25.42585468,0.00000000,370.11972106,0.00000000,0.00000000,78.66539600,89.89674197,84.63532017,1492.48104146,23225.14880055,9891.18697000
7,689,0.144000,0.638000,26.22544568,63.67129629,0.00000000,418.84892803,0.00000000,0.00000000,78.66539600,89.89674197,84.63532017,1492.48104146,22971.83534180,9891.18697000
7,690,0.000000,0.741000,0.00000000,89.89674197,0.00000000,470.52251543,0.00000000,0.00000000,78.66539600,89.89674197,84.63532017,1492.48104146,22718.52188306,9891.18697000
7,691,0.000000,0.824000,0.00000000,89.89674197,0.00000000,533.29552267,0.00000000,0.00000000,78.66539600,89.89674197,84.63532017,1492.48104146,22465.20842431,9891.18697000
7,692,0.000000,0.885000,0.00000000,89.89674197,0.00000000,579.42990149,0.00000000,0.00000000,78.66539600,89.89674197,84.63532017,1492.48104146,22211.89496556,9891.18697000
7,693,0.000000,0.918000,0.00000000,89.89674197,0.00000000,604.38784413,0.00000000,0.00000000,78.66539600,89.89674197,84.63532017,1492.48104146,21958.58150681,9891.18697000
7,694,0.000000,0.931000,0.00000000,89.89674197,0.00000000,614.21976092,0.00000000,0.00000000,78.66539600,89.89674197,84.63532017,1492.48104146,21705.26804806,9891.18697000
7,695,0.000000,0.918000,0.00000000,89.89674197,0.00000000,604.38784413,0.00000000,0.00000000,78.66539600,89.89674197,84.63532017,1492.48104146,21451.95458931,9891.18697000
7,696,0.000000,0.893000,0.00000000,89.89674197,0.00000000,585.48031182,0.00000000,0.00000000,78.66539600,89.89674197,84.63532017,1492.48104146,21198.64113056,9891.18697000
7,697,0.000000,0.849000,0.00000000,89.89674197,0.00000000,552.20305497,0.00000000,0.00000000,78.66539600,89.89674197,84.63532017,1492.48104146,20945.32767181,9891.18697000
7,698,0.000000,0.793000,0.00000000,89.89674197,0.00000000,509.85018262,0.00000000,0.00000000,78.66539600,89.89674197,84.63532017,1492.48104146,20692.01421306,9891.18697000
7,699,0.000000,0.727000,0.00000000,89.89674197,0.00000000,459.93429734,0.00000000,0.00000000,78.66539600,89.89674197,84.63532017,1492.48104146,20438.70075431,9891.18697000
7,700,0.000000,0.654000,0.00000000,89.89674197,0.00000000,404.72430302,0.00000000,0.00000000,78.66539600,89.89674197,84.63532017,1492.48104146,20185.38729556,9891.18697000
7,701,0.000000,0.590000,0.00000000,89.89674197,0.00000000,356.32102033,0.00000000,0.00000000,78.66539600,89.89674197,84.63532017,1492.48104146,19932.07383682,9891.18697000
7,702,0.003000,0.529000,0.54636345,89.35037852,0.00000000,310.73300497,0.00000000,0.00000000,78.66539600,89.89674197,84.63532017,1492.48104146,19678.76037807,9891.18697000
7,703,0.174000,0.730000,31.68908020,58.20766178,0.00000000,493.89228142,0.00000000,0.00000000,78.66539600,89.89674197,84.63532017,1492.48104146,19425.44691932,9891.18697000
7,704,0.385000,0.844000,70.11664296,19.78009901,0.00000000,618.53819148,0.00000000,0.00000000,78.66539600,89.89674197,84.63532017,1492.48104146,19172.13346057,9891.18697000
7,705,0.549000,0.820000,89.89674197,0.00000000,10.08776968,620.16705948,0.00000000,0.00000000,78.66539600,89.89674197,84.63532017,1492.48104146,18918.82000182,9891.18697000
7,706,0.663000,0.761000,89.89674197,0.00000000,30.84958084,575.54528325,0.00000000,0.00000000,78.66539600,89.89674197,84.63532017,1492.48104146,18665.50654307,9891.18697000
7,707,0.729000,0.700000,89.89674197,0.00000000,42.86957678,529.41090443,0.00000000,0.00000000,78.66539600,89.89674197,84.63532017,1492.48104146,18412.19308432,9891.18697000
7,708,0.746000,0.645000,89.89674197,0.00000000,45.96563634,487.81433337,0.00000000,0.00000000,78.66539600,89.89674197,84.63532017,1492.48104146,18158.87962557,9891.18697000
7,709,0.719000,0.622000,89.89674197,0.00000000,41.04836527,470.41940365,0.00000000,0.00000000,78.66539600,89.89674197,84.63532017,1492.48104146,17905.56616682,9891.18697000
7,710,0.649000,0.639000,89.89674197,0.00000000,28.29988473,483.27652562,0.00000000,0.00000000,78.66539600,89.89674197,84.63532017,1492.48104146,17652.25270807,9891.18697000
7,711,0.532000,0.687000,89.89674197,0.00000000,6.99171012,519.57898764,0.00000000,0.00000000,78.66539600,89.89674197,84.63532017,1492.48104146,17398.93924932,9891.18697000
7,712,0.364000,0.750000,66.29209880,23.60464317,0.00000000,543.62132586,0.00000000,0.00000000,78.66539600,89.89674197,84.63532017,1492.48104146,17145.62579058,9891.18697000
7,713,0.157000,0.813000,28.59302064,61.30372134,0.00000000,553.56922910,0.00000000,0.00000000,78.66539600,89.89674197,84.63532017,1492.48104146,16892.31233183,9891.18697000
7,714,0.000000,0.851000,0.00000000,89.89674197,0.00000000,553.71565756,0.00000000,0.00000000,78.66539600,89.89674197,84.63532017,1492.48104146,16638.99887308,9891.18697000
7,715,0.000000,0.887000,0.00000000,89.89674197,0.00000000,580.94250407,0.00000000,0.00000000,78.66539600,89.89674197,84.63532017,1492.48104146,16385.68541433,9891.18697000
7,716,0.000000,0.919000,0.00000000,89.89674197,0.00000000,605.14414542,0.00000000,0.00000000,78.66539600,89.89674197,84.63532017,1492.48104146,16132.37195558,9891.18697000
7,717,0.000000,0.913000,0.00000000,89.89674197,0.00000000,600.60633767,0.00000000,0.00000000,78.66539600,89.89674197,84.63532017,1492.48104146,15879.05849683,9891.18697000
7,718,0.000000,0.889000,0.00000000,89.89674197,0.00000000,582.45510666,0.00000000,0.00000000,78.66539600,89.89674197,84.63532017,1492.48104146,15625.74503808,9891.18697000
7,719,0.000000,0.851000,0.00000000,89.89674197,0.00000000,553.71565756,0.00000000,0.00000000,78.66539600,89.89674197,84.63532017,1492.48104146,15372.43157933,9891.18697000
7,720,0.000000,0.795000,0.00000000,89.89674197,0.00000000,511.36278520,0.00000000,0.00000000,78.66539600,89.89674197,84.63532017,1492.48104146,15119.11812058,9891.18697000
