scenario,t,pv_pu,wind_pu,pv_MW,wind_MW,pv_curt_MW,wind_curt_MW,grid_import_MW,grid_export_MW,p_el_MW,p_p2a_MW,p_match_MW,h2_prod_kgph,h2_storage_kg,nh3_kgph
1,1,0.000000,0.223000,0.00000000,106.72863180,0.00000000,12.30952022,0.00000000,0.00000000,94.69756566,106.72863180,101.68074366,1745.79450000,26533.86514983,7912.94957600
1,2,0.000000,0.201000,0.00000000,106.72863180,0.00000000,0.56584603,0.00000000,0.00000000,94.69756566,106.72863180,101.68074366,1745.79450000,26883.02404966,7912.94957600
1,3,0.000000,0.196000,0.00000000,104.62546097,0.00000000,0.00000000,2.10317083,0.00000000,94.69756566,106.72863180,101.68074366,1745.79450000,27232.18294950,7912.94957600
1,4,0.000000,0.202000,0.00000000,106.72863180,0.00000000,1.09964940,0.00000000,0.00000000,94.69756566,106.72863180,101.68074366,1745.79450000,27581.34184933,7912.94957600
1,5,0.000000,0.209000,0.00000000,106.72863180,0.00000000,4.83627301,0.00000000,0.00000000,94.69756566,106.72863180,101.68074366,1745.79450000,27930.50074917,7912.94957600
1,6,0.000000,0.207000,0.00000000,106.72863180,0.00000000,3.76866627,0.00000000,0.00000000,94.69756566,106.72863180,101.68074366,1745.79450000,28279.65964901,7912.94957600
1,7,0.134000,0.166000,18.11727200,88.61135980,21.62160997,0.00000000,0.00000000,0.00000000,94.69756566,106.72863180,101.68074366,1745.79450000,28628.81854884,7912.94957600
1,8,0.332000,0.289000,98.45752845,8.27110335,0.00000000,145.99807125,0.00000000,0.00000000,94.69756566,106.72863180,101.68074366,1745.79450000,28977.97744868,7912.94957600
1,9,0.489000,0.304000,106.72863180,0.00000000,38.28863149,162.27622518,0.00000000,0.00000000,94.69756566,106.72863180,101.68074366,1745.79450000,29327.13634851,7912.94957600
1,10,0.593000,0.259000,106.72863180,0.00000000,69.13074884,138.25507343,0.00000000,0.00000000,94.69756566,106.72863180,101.68074366,1745.79450000,29676.29524835,7912.94957600
1,11,0.657000,0.213000,106.72863180,0.00000000,88.11051336,113.70011830,0.00000000,0.00000000,94.69756566,106.72863180,101.68074366,1745.79450000,30025.45414819,7912.94957600
1,12,0.673000,0.182000,106.72863180,0.00000000,92.85545449,97.15221376,0.00000000,0.00000000,94.69756566,106.72863180,101.68074366,1745.79450000,30374.61304802,7912.94957600
1,13,0.637000,0.177000,106.72863180,0.00000000,82.17933695,94.48319690,0.00000000,0.00000000,94.69756566,106.72863180,101.68074366,1745.79450000,30723.77194786,7912.94957600
1,14,0.550000,0.199000,106.72863180,0.00000000,56.37871955,106.22687109,0.00000000,0.00000000,94.69756566,106.72863180,101.68074366,1745.79450000,31072.93084769,7912.94957600
1,15,0.409000,0.242000,106.72863180,0.00000000,14.56392584,129.18041610,0.00000000,0.00000000,94.69756566,106.72863180,101.68074366,1745.79450000,31422.08974753,7912.94957600
1,16,0.247000,0.310000,73.25002870,33.47860310,0.00000000,132.00044231,0.00000000,0.00000000,94.69756566,106.72863180,101.68074366,1745.79450000,31771.24864737,7912.94957600
1,17,0.091000,0.353000,26.98685268,79.74177912,0.00000000,108.69081130,0.00000000,0.00000000,94.69756566,106.72863180,101.68074366,1745.79450000,32120.40754720,7912.94957600
1,18,0.000000,0.399000,0.00000000,106.72863180,0.00000000,106.25891375,0.00000000,0.00000000,94.69756566,106.72863180,101.68074366,1745.79450000,32469.56644704,7912.94957600
1,19,0.000000,0.414000,0.00000000,106.72863180,0.00000000,114.26596433,0.00000000,0.00000000,94.69756566,106.72863180,101.68074366,1745.79450000,32818.72534687,7912.94957600
1,20,0.000000,0.445000,0.00000000,106.72863180,0.00000000,130.81386888,0.00000000,0.00000000,94.69756566,106.72863180,101.68074366,1745.79450000,33167.88424671,7912.94957600
1,21,0.000000,0.429000,0.00000000,106.72863180,0.00000000,122.27301492,0.00000000,0.00000000,94.69756566,106.72863180,101.68074366,1745.79450000,33517.04314655,7912.94957600
1,22,0.000000,0.413000,0.00000000,106.72863180,0.00000000,113.73216096,0.00000000,0.00000000,94.69756566,106.72863180,101.68074366,1745.79450000,33866.20204638,7912.94957600
1,23,0.000000,0.383000,0.00000000,106.72863180,0.00000000,97.71805979,0.00000000,0.00000000,94.69756566,106.72863180,101.68074366,1745.79450000,34215.36094622,7912.94957600
1,24,0.000000,0.352000,0.00000000,106.72863180,0.00000000,81.17015525,0.00000000,0.00000000,94.69756566,106.72863180,101.68074366,1745.79450000,34564.51984605,7912.94957600
1,25,0.000000,0.320000,0.00000000,106.72863180,0.00000000,64.08844734,0.00000000,0.00000000,94.69756566,106.72863180,101.68074366,1745.79450000,34913.67874589,7912.94957600
1,26,0.000000,0.296000,0.00000000,106.72863180,0.00000000,51.27716640,0.00000000,0.00000000,94.69756566,106.72863180,101.68074366,1745.79450000,35262.83764573,7912.94957600
1,27,0.000000,0.287000,0.00000000,106.72863180,0.00000000,46.47293605,0.00000000,0.00000000,94.69756566,106.72863180,101.68074366,1745.79450000,35611.99654556,7912.94957600
1,28,0.000000,0.275000,0.00000000,106.72863180,0.00000000,40.06729558,0.00000000,0.00000000,94.69756566,106.72863180,101.68074366,1745.79450000,35961.15544540,7912.94957600
1,29,0.000000,0.269000,0.00000000,106.72863180,0.00000000,36.86447535,0.00000000,0.00000000,94.69756566,106.72863180,101.68074366,1745.79450000,36310.31434523,7912.94957600
1,30,0.000000,0.260000,0.00000000,106.72863180,0.00000000,32.06024500,0.00000000,0.00000000,94.69756566,106.72863180,101.68074366,1745.79450000,36659.47324507,7912.94957600
1,31,0.072000,0.215000,21.35223509,85.37639671,0.00000000,29.39132833,0.00000000,0.00000000,94.69756566,106.72863180,101.68074366,1745.79450000,37008.63214491,7912.94957600
1,32,0.195000,0.325000,57.82897002,48.89966178,0.00000000,124.58643422,0.00000000,0.00000000,94.69756566,106.72863180,101.68074366,1745.79450000,37357.79104474,7912.94957600
1,33,0.297000,0.451000,88.07796973,18.65066207,0.00000000,222.09465884,0.00000000,0.00000000,94.69756566,106.72863180,101.68074366,1745.79450000,37706.94994458,7912.94957600
1,34,0.374000,0.473000,106.72863180,0.00000000,4.18436712,252.48899510,0.00000000,0.00000000,94.69756566,106.72863180,101.68074366,1745.79450000,38056.10884441,7912.94957600
1,35,0.431000,0.409000,106.72863180,0.00000000,21.08821990,218.32557927,0.00000000,0.00000000,94.69756566,106.72863180,101.68074366,1745.79450000,38405.26774425,7912.94957600
1,36,0.447000,0.309000,106.72863180,0.00000000,25.83316103,164.94524204,0.00000000,0.00000000,94.69756566,106.72863180,101.68074366,1745.79450000,38754.42664409,7912.94957600
1,37,0.406000,0.245000,106.72863180,0.00000000,13.67424938,130.78182621,0.00000000,0.00000000,94.69756566,106.72863180,101.68074366,1745.79450000,39103.58554392,7912.94957600
1,38,0.337000,0.231000,99.94032256,6.78830924,0.00000000,116.52026976,0.00000000,0.00000000,94.69756566,106.72863180,101.68074366,1745.79450000,39452.74444376,7912.94957600
1,39,0.249000,0.229000,73.84314634,32.88548546,0.00000000,89.35548680,0.00000000,0.00000000,94.69756566,106.72863180,101.68074366,1745.79450000,39801.90334359,7912.94957600
1,40,0.141000,0.217000,41.81479371,64.91383809,0.00000000,50.92149370,0.00000000,0.00000000,94.69756566,106.72863180,101.68074366,1745.79450000,40151.06224343,7912.94957600
1,41,0.049000,0.192000,14.53138221,92.19724959,0.00000000,10.29299789,0.00000000,0.00000000,94.69756566,106.72863180,101.68074366,1745.79450000,40500.22114327,7912.94957600
1,42,0.000000,0.202000,0.00000000,106.72863180,0.00000000,1.09964940,0.00000000,0.00000000,94.69756566,106.72863180,101.68074366,1745.79450000,40849.38004310,7912.94957600
1,43,0.000000,0.226000,0.00000000,106.72863180,0.00000000,13.91093034,0.00000000,0.00000000,94.69756566,106.72863180,101.68074366,1745.79450000,41198.53894294,7912.94957600
1,44,0.000000,0.238000,0.00000000,106.72863180,0.00000000,20.31657081,0.00000000,0.00000000,94.69756566,106.72863180,101.68074366,1745.79450000,41547.69784277,7912.94957600
1,45,0.000000,0.249000,0.00000000,106.72863180,0.00000000,26.18840790,0.00000000,0.00000000,94.69756566,106.72863180,101.68074366,1745.79450000,41896.85674261,7912.94957600
1,46,0.000000,0.259000,0.00000000,106.72863180,0.00000000,31.52644163,0.00000000,0.00000000,94.69756566,106.72863180,101.68074366,1745.79450000,42246.01564245,7912.94957600
1,47,0.000000,0.249000,0.00000000,106.72863180,0.00000000,26.18840790,0.00000000,0.00000000,94.69756566,106.72863180,101.68074366,1745.79450000,42595.17454228,7912.94957600
1,48,0.000000,0.225000,0.00000000,106.72863180,0.00000000,13.37712697,0.00000000,0.00000000,94.69756566,106.72863180,101.68074366,1745.79450000,42944.33344212,7912.94957600
1,49,0.000000,0.205000,0.00000000,106.72863180,0.00000000,2.70105952,0.00000000,0.00000000,94.69756566,106.72863180,101.68074366,1745.79450000,43293.49234195,7912.94957600
1,50,0.000000,0.195000,0.00000000,104.09165760,0.00000000,0.00000000,2.63697420,0.00000000,94.69756566,106.72863180,101.68074366,1745.79450000,43642.65124179,7912.94957600
1,51,0.000000,0.195000,0.00000000,104.09165760,0.00000000,0.00000000,2.63697420,0.00000000,94.69756566,106.72863180,101.68074366,1745.79450000,43991.81014163,7912.94957600
1,52,0.000000,0.199000,0.00000000,106.22687109,0.00000000,0.00000000,0.50176071,0.00000000,94.69756566,106.72863180,101.68074366,1745.79450000,44340.96904146,7912.94957600
1,53,0.000000,0.201000,0.00000000,106.72863180,0.00000000,0.56584603,0.00000000,0.00000000,94.69756566,106.72863180,101.68074366,1745.79450000,44690.12794130,7912.94957600
1,54,0.000000,0.203000,0.00000000,106.72863180,0.00000000,1.63345278,0.00000000,0.00000000,94.69756566,106.72863180,101.68074366,1745.79450000,45039.28684113,7912.94957600
1,55,0.133000,0.171000,39.44232315,67.28630866,0.00000000,23.99406801,0.00000000,0.00000000,94.69756566,106.72863180,101.68074366,1745.79450000,45388.44574097,7912.94957600
1,56,0.323000,0.302000,95.78849907,10.94013273,0.00000000,150.26848570,0.00000000,0.00000000,94.69756566,106.72863180,101.68074366,1745.79450000,45737.60464081,7912.94957600
1,57,0.475000,0.352000,106.72863180,0.00000000,34.13680800,187.89878705,0.00000000,0.00000000,94.69756566,106.72863180,101.68074366,1745.79450000,46086.76354064,7912.94957600
1,58,0.579000,0.309000,106.72863180,0.00000000,64.97892535,164.94524204,0.00000000,0.00000000,94.69756566,106.72863180,101.68074366,1745.79450000,46435.92244048,7912.94957600
1,59,0.641000,0.260000,107.32720193,0.00000000,82.76700210,138.78887680,0.00000000,0.00000000,94.69756566,107.32720193,101.68074366,1745.79450000,46435.92244027,9891.18697000
1,60,0.653000,0.227000,106.72863180,0.00000000,86.92427808,121.17336551,0.00000000,0.00000000,94.69756566,106.72863180,101.68074366,1745.79450000,46785.08134011,7912.94957600
1,61,0.617000,0.227000,106.72863180,0.00000000,76.24816053,121.17336551,0.00000000,0.00000000,94.69756566,106.72863180,101.68074366,1745.79450000,47134.24023994,7912.94957600
1,62,0.530000,0.251000,106.72863180,0.00000000,50.44754314,133.98464645,0.00000000,0.00000000,94.69756566,106.72863180,101.68074366,1745.79450000,47483.39913978,7912.94957600
1,63,0.393000,0.289000,107.32720193,0.00000000,9.22041459,154.26917460,0.00000000,0.00000000,94.69756566,107.32720193,101.68074366,1745.79450000,47483.39913958,9891.18697000
1,64,0.241000,0.328000,71.47067577,35.85652615,0.00000000,139.23097996,0.00000000,0.00000000,94.69756566,107.32720193,101.68074366,1745.79450000,47483.39913937,9891.18697000
1,65,0.100000,0.354000,29.65588206,77.07274974,0.00000000,111.89364406,0.00000000,0.00000000,94.69756566,106.72863180,101.68074366,1745.79450000,47832.55803921,7912.94957600
1,66,0.000000,0.370000,0.00000000,107.32720193,0.00000000,90.18004583,0.00000000,0.00000000,94.69756566,107.32720193,101.68074366,1745.79450000,47832.55803900,9891.18697000
1,67,0.000000,0.407000,0.00000000,107.32720193,0.00000000,109.93077060,0.00000000,0.00000000,94.69756566,107.32720193,101.68074366,1745.79450000,47832.55803880,9891.18697000
1,68,0.000000,0.438000,0.00000000,106.72863180,0.00000000,127.07724527,0.00000000,0.00000000,94.69756566,106.72863180,101.68074366,1745.79450000,48181.71693863,7912.94957600
1,69,0.000000,0.456000,0.00000000,107.32720193,0.00000000,136.08713585,0.00000000,0.00000000,94.69756566,107.32720193,101.68074366,1745.79450000,48181.71693843,9891.18697000
1,70,0.000000,0.444000,0.00000000,106.72863180,0.00000000,130.28006550,0.00000000,0.00000000,94.69756566,106.72863180,101.68074366,1745.79450000,48530.87583826,7912.94957600
1,71,0.000000,0.413000,0.00000000,107.32720193,0.00000000,113.13359084,0.00000000,0.00000000,94.69756566,107.32720193,101.68074366,1745.79450000,48530.87583806,9891.18697000
1,72,0.000000,0.376000,0.00000000,107.32720193,0.00000000,93.38286606,0.00000000,0.00000000,94.69756566,107.32720193,101.68074366,1745.79450000,48530.87583785,9891.18697000
1,73,0.000000,0.333000,0.00000000,106.72863180,0.00000000,71.02789118,0.00000000,0.00000000,94.69756566,106.72863180,101.68074366,1745.79450000,48880.03473769,7912.94957600
1,74,0.000000,0.300000,0.00000000,107.32720193,0.00000000,52.81380977,0.00000000,0.00000000,94.69756566,107.32720193,101.68074366,1745.79450000,48880.03473748,9891.18697000
1,75,0.000000,0.283000,0.00000000,106.72863180,0.00000000,44.33772256,0.00000000,0.00000000,94.69756566,106.72863180,101.68074366,1745.79450000,49229.19363732,7912.94957600
1,76,0.000000,0.280000,0.00000000,107.32720193,0.00000000,42.13774232,0.00000000,0.00000000,94.69756566,107.32720193,101.68074366,1745.79450000,49229.19363712,9891.18697000
1,77,0.000000,0.290000,0.00000000,107.32720193,0.00000000,47.47577604,0.00000000,0.00000000,94.69756566,107.32720193,101.68074366,1745.79450000,49229.19363691,9891.18697000
1,78,0.000000,0.300000,0.00000000,107.32720193,0.00000000,52.81380977,0.00000000,0.00000000,94.69756566,107.32720193,101.68074366,1745.79450000,49229.19363671,9891.18697000
1,79,0.156000,0.315000,46.26317602,61.06402591,0.00000000,107.08403637,0.00000000,0.00000000,94.69756566,107.32720193,101.68074366,1745.79450000,49229.19363650,9891.18697000
1,80,0.361000,0.510000,107.05773425,0.00000000,0.00000000,272.23971988,0.00000000,0.00000000,94.69756566,107.05773425,101.68074366,1745.79450000,49386.37995898,9000.61290380
1,81,0.532000,0.491000,107.32720193,0.00000000,50.44209066,262.09745580,0.00000000,0.00000000,94.69756566,107.32720193,101.68074366,1745.79450000,49386.37995878,9891.18697000
1,82,0.644000,0.416000,107.32720193,0.00000000,83.65667857,222.06220288,0.00000000,0.00000000,94.69756566,107.32720193,101.68074366,1745.79450000,49386.37995857,9891.18697000
1,83,0.710000,0.352000,107.32720193,0.00000000,103.22956073,187.89878705,0.00000000,0.00000000,94.69756566,107.32720193,101.68074366,1745.79450000,49386.37995837,9891.18697000
1,84,0.715000,0.312000,106.72863180,0.00000000,105.31092496,166.54665216,0.00000000,0.00000000,94.69756566,106.72863180,101.68074366,1745.79450000,49735.53885820,7912.94957600
1,85,0.669000,0.300000,106.72863180,0.00000000,91.66921921,160.14101169,0.00000000,0.00000000,94.69756566,106.72863180,101.68074366,1745.79450000,50084.69775804,7912.94957600
1,86,0.609000,0.313000,107.32720193,0.00000000,73.27711984,167.08045553,0.00000000,0.00000000,94.69756566,107.32720193,101.68074366,1745.79450000,50084.69775783,9891.18697000
1,87,0.493000,0.343000,107.32720193,0.00000000,38.87629665,183.09455670,0.00000000,0.00000000,94.69756566,107.32720193,101.68074366,1745.79450000,50084.69775763,9891.18697000
1,88,0.328000,0.383000,97.27129317,10.05590876,0.00000000,194.39078284,0.00000000,0.00000000,94.69756566,107.32720193,101.68074366,1745.79450000,50084.69775742,9891.18697000
1,89,0.123000,0.420000,36.47673494,70.25189686,0.00000000,153.94551951,0.00000000,0.00000000,94.69756566,106.72863180,101.68074366,1745.79450000,50433.85665726,7912.94957600
1,90,0.000000,0.458000,0.00000000,106.72863180,0.00000000,137.75331272,0.00000000,0.00000000,94.69756566,106.72863180,101.68074366,1745.79450000,50783.01555709,7912.94957600
1,91,0.000000,0.479000,0.00000000,107.32720193,0.00000000,148.36461341,0.00000000,0.00000000,94.69756566,107.32720193,101.68074366,1745.79450000,50783.01555689,9891.18697000
1,92,0.000000,0.448000,0.00000000,107.32720193,0.00000000,131.81670887,0.00000000,0.00000000,94.69756566,107.32720193,101.68074366,1745.79450000,50783.01555668,9891.18697000
1,93,0.000000,0.414000,0.00000000,107.32720193,0.00000000,113.66739421,0.00000000,0.00000000,94.69756566,107.32720193,101.68074366,1745.79450000,50783.01555648,9891.18697000
1,94,0.000000,0.380000,0.00000000,106.72863180,0.00000000,96.11664968,0.00000000,0.00000000,94.69756566,106.72863180,101.68074366,1745.79450000,51132.17445632,7912.94957600
1,95,0.000000,0.324000,0.00000000,106.72863180,0.00000000,66.22366083,0.00000000,0.00000000,94.69756566,106.72863180,101.68074366,1745.79450000,51481.33335615,7912.94957600
1,96,0.000000,0.258000,0.00000000,107.32720193,0.00000000,30.39406813,0.00000000,0.00000000,94.69756566,107.32720193,101.68074366,1745.79450000,51481.33335595,9891.18697000
1,97,0.000000,0.237000,0.00000000,107.32720193,0.00000000,19.18419731,0.00000000,0.00000000,94.69756566,107.32720193,101.68074366,1745.79450000,51481.33335574,9891.18697000
1,98,0.000000,0.270000,0.00000000,107.32720193,0.00000000,36.79970860,0.00000000,0.00000000,94.69756566,107.32720193,101.68074366,1745.79450000,51481.33335554,9891.18697000
1,99,0.000000,0.319000,0.00000000,107.32720193,0.00000000,62.95607384,0.00000000,0.00000000,94.69756566,107.32720193,101.68074366,1745.79450000,51481.33335533,9891.18697000
1,100,0.000000,0.326000,0.00000000,107.32720193,0.00000000,66.69269745,0.00000000,0.00000000,94.69756566,107.32720193,101.68074366,1745.79450000,51481.33335513,9891.18697000
1,101,0.000000,0.305000,0.00000000,107.32720193,0.00000000,55.48282663,0.00000000,0.00000000,94.69756566,107.32720193,101.68074366,1745.79450000,51481.33335492,9891.18697000
1,102,0.000000,0.300000,0.00000000,107.32720193,0.00000000,52.81380977,0.00000000,0.00000000,94.69756566,107.32720193,101.68074366,1745.79450000,51481.33335472,9891.18697000
1,103,0.152000,0.245000,45.07694074,62.25026119,0.00000000,68.53156503,0.00000000,0.00000000,94.69756566,107.32720193,101.68074366,1745.79450000,51481.33335451,9891.18697000
1,104,0.361000,0.332000,107.05773425,0.26946767,0.00000000,176.95325193,0.00000000,0.00000000,94.69756566,107.32720193,101.68074366,1745.79450000,51481.33335431,9891.18697000
1,105,0.531000,0.294000,107.32720193,0.00000000,50.14553183,156.93819146,0.00000000,0.00000000,94.69756566,107.32720193,101.68074366,1745.79450000,51481.33335410,9891.18697000
1,106,0.651000,0.225000,107.32720193,0.00000000,85.73259031,120.10575877,0.00000000,0.00000000,94.69756566,107.32720193,101.68074366,1745.79450000,51481.33335390,9891.18697000
1,107,0.716000,0.171000,107.32720193,0.00000000,105.00891365,91.28037666,0.00000000,0.00000000,94.69756566,107.32720193,101.68074366,1745.79450000,51481.33335369,9891.18697000
1,108,0.735000,0.149000,107.32720193,0.00000000,110.64353125,79.53670247,0.00000000,0.00000000,94.69756566,107.32720193,101.68074366,1745.79450000,51481.33335349,9891.18697000
1,109,0.709000,0.147000,107.32720193,0.00000000,102.93300191,78.46909573,0.00000000,0.00000000,94.69756566,107.32720193,101.68074366,1745.79450000,51481.33335328,9891.18697000
1,110,0.637000,0.159000,107.32720193,0.00000000,81.58076682,84.87473620,0.00000000,0.00000000,94.69756566,107.32720193,101.68074366,1745.79450000,51481.33335308,9891.18697000
1,111,0.517000,0.182000,107.32720193,0.00000000,45.99370835,97.15221376,0.00000000,0.00000000,94.69756566,107.32720193,101.68074366,1745.79450000,51481.33335287,9891.18697000
1,112,0.345000,0.213000,102.31279312,5.01440880,0.00000000,108.68570950,0.00000000,0.00000000,94.69756566,107.32720193,101.68074366,1745.79450000,51481.33335267,9891.18697000
1,113,0.133000,0.252000,39.44232315,67.88487878,0.00000000,66.63357104,0.00000000,0.00000000,94.69756566,107.32720193,101.68074366,1745.79450000,51481.33335246,9891.18697000
1,114,0.000000,0.315000,0.00000000,107.32720193,0.00000000,60.82086035,0.00000000,0.00000000,94.69756566,107.32720193,101.68074366,1745.79450000,51481.33335226,9891.18697000
1,115,0.000000,0.372000,0.00000000,107.32720193,0.00000000,91.24765257,0.00000000,0.00000000,94.69756566,107.32720193,101.68074366,1745.79450000,51481.33335205,9891.18697000
1,116,0.000000,0.386000,0.00000000,107.32720193,0.00000000,98.72089978,0.00000000,0.00000000,94.69756566,107.32720193,101.68074366,1745.79450000,51481.33335185,9891.18697000
1,117,0.000000,0.383000,0.00000000,107.32720193,0.00000000,97.11948967,0.00000000,0.00000000,94.69756566,107.32720193,101.68074366,1745.79450000,51481.33335164,9891.18697000
1,118,0.000000,0.376000,0.00000000,107.32720193,0.00000000,93.38286606,0.00000000,0.00000000,94.69756566,107.32720193,101.68074366,1745.79450000,51481.33335144,9891.18697000
1,119,0.000000,0.362000,0.00000000,107.32720193,0.00000000,85.90961885,0.00000000,0.00000000,94.69756566,107.32720193,101.68074366,1745.79450000,51481.33335123,9891.18697000
1,120,0.000000,0.325000,0.00000000,107.32720193,0.00000000,66.15889407,0.00000000,0.00000000,94.69756566,107.32720193,101.68074366,1745.79450000,51481.33335103,9891.18697000
1,121,0.000000,0.255000,0.00000000,107.32720193,0.00000000,28.79265801,0.00000000,0.00000000,94.69756566,107.32720193,101.68074366,1745.79450000,51481.33335082,9891.18697000
1,122,0.000000,0.191000,0.00000000,101.95644411,0.00000000,0.00000000,4.77218769,0.00000000,94.69756566,106.72863180,101.68074366,1745.79450000,51830.49225066,7912.94957600
1,123,0.000000,0.154000,0.00000000,82.20571934,0.00000000,0.00000000,4.60559017,0.00000000,76.38648335,86.81130951,82.20571934,1454.80899602,51888.66564652,7912.94957600
1,124,0.000000,0.148000,0.00000000,79.00289910,0.00000000,0.00000000,4.53010530,0.00000000,73.38230752,83.53300440,79.00289910,1405.14789643,51897.17794278,7912.94957600
1,125,0.000000,0.161000,0.00000000,85.94234294,0.00000000,0.00000000,4.69237582,0.00000000,79.89472368,90.63471876,85.94234294,1511.90481580,52012.44715842,7912.94957600
1,126,0.000000,0.196000,0.00000000,104.62546097,0.00000000,0.00000000,2.10317083,0.00000000,94.69756566,106.72863180,101.68074366,1745.79450000,52361.60605826,7912.94957600
1,127,0.149000,0.161000,44.18726428,63.13993765,0.00000000,22.80240529,0.00000000,0.00000000,94.69756566,107.32720193,101.68074366,1745.79450000,52361.60605806,9891.18697000
1,128,0.353000,0.228000,104.68526369,2.64193824,0.00000000,119.06523065,0.00000000,0.00000000,94.69756566,107.32720193,101.68074366,1745.79450000,52361.60605785,9891.18697000
1,129,0.532000,0.205000,107.32720193,0.00000000,50.44209066,109.42969132,0.00000000,0.00000000,94.69756566,107.32720193,101.68074366,1745.79450000,52361.60605765,9891.18697000
1,130,0.644000,0.143000,107.32720193,0.00000000,83.65667857,76.33388224,0.00000000,0.00000000,94.69756566,107.32720193,101.68074366,1745.79450000,52361.60605744,9891.18697000
1,131,0.711000,0.101000,107.32720193,0.00000000,103.52611955,53.91414060,0.00000000,0.00000000,94.69756566,107.32720193,101.68074366,1745.79450000,52361.60605724,9891.18697000
1,132,0.730000,0.079000,107.32720193,0.00000000,109.16073714,42.17046641,0.00000000,0.00000000,94.69756566,107.32720193,101.68074366,1745.79450000,52361.60605703,9891.18697000
1,133,0.703000,0.079000,107.32720193,0.00000000,101.15364898,42.17046641,0.00000000,0.00000000,94.69756566,107.32720193,101.68074366,1745.79450000,52361.60605683,9891.18697000
1,134,0.632000,0.100000,107.32720193,0.00000000,80.09797272,53.38033723,0.00000000,0.00000000,94.69756566,107.32720193,101.68074366,1745.79450000,52361.60605662,9891.18697000
1,135,0.511000,0.136000,107.32720193,0.00000000,44.21435542,72.59725863,0.00000000,0.00000000,94.69756566,107.32720193,101.68074366,1745.79450000,52361.60605642,9891.18697000
1,136,0.339000,0.182000,100.53344020,6.79376173,0.00000000,90.35845203,0.00000000,0.00000000,94.69756566,107.32720193,101.68074366,1745.79450000,52361.60605621,9891.18697000
1,137,0.130000,0.245000,38.55264668,68.77455524,0.00000000,62.00727097,0.00000000,0.00000000,94.69756566,107.32720193,101.68074366,1745.79450000,52361.60605601,9891.18697000
1,138,0.000000,0.326000,0.00000000,107.32720193,0.00000000,66.69269745,0.00000000,0.00000000,94.69756566,107.32720193,101.68074366,1745.79450000,52361.60605580,9891.18697000
1,139,0.000000,0.363000,0.00000000,107.32720193,0.00000000,86.44342222,0.00000000,0.00000000,94.69756566,107.32720193,101.68074366,1745.79450000,52361.60605560,9891.18697000
1,140,0.000000,0.341000,0.00000000,107.32720193,0.00000000,74.69974803,0.00000000,0.00000000,94.69756566,107.32720193,101.68074366,1745.79450000,52361.60605539,9891.18697000
1,141,0.000000,0.328000,0.00000000,107.32720193,0.00000000,67.76030419,0.00000000,0.00000000,94.69756566,107.32720193,101.68074366,1745.79450000,52361.60605519,9891.18697000
1,142,0.000000,0.352000,0.00000000,107.32720193,0.00000000,80.57158513,0.00000000,0.00000000,94.69756566,107.32720193,101.68074366,1745.79450000,52361.60605498,9891.18697000
1,143,0.000000,0.376000,0.00000000,107.31381918,0.00000000,93.39624881,0.00000000,0.00000000,94.69756566,107.31381918,101.68074366,1745.79450000,52369.41250039,9846.95781638
1,144,0.000000,0.363000,0.00000000,107.32720193,0.00000000,86.44342222,0.00000000,0.00000000,94.69756566,107.32720193,101.68074366,1745.79450000,52369.41250018,9891.18697000
1,145,0.000000,0.272000,0.00000000,107.32720193,0.00000000,37.86731534,0.00000000,0.00000000,94.69756566,107.32720193,101.68074366,1745.79450000,52369.41249998,9891.18697000
1,146,0.000000,0.118000,0.00000000,62.98879793,0.00000000,0.00000000,4.14653691,0.00000000,58.37759686,67.13533484,62.98879793,1152.80026874,52125.57716855,7912.94957600
1,147,0.000000,0.054000,0.00000000,28.82538210,0.00000000,0.00000000,3.25948923,0.00000000,26.54851703,32.08487133,28.82538210,569.21626908,51298.15783746,7912.94957600
1,148,0.000000,0.061000,0.00000000,32.56200571,0.00000000,0.00000000,3.36110632,0.00000000,30.01772724,35.92311203,32.56200571,636.06961774,50537.59185504,7912.94957600
1,149,0.000000,0.094000,0.00000000,50.17751700,0.00000000,0.00000000,3.82641275,0.00000000,46.40874791,54.00392975,50.17751700,942.19227193,50083.14852681,7912.94957600
1,150,0.000000,0.134000,0.00000000,71.52965189,0.00000000,0.00000000,4.35397394,0.00000000,66.37256390,75.88362583,71.52965189,1289.27199738,49975.78492403,7912.94957600
1,151,0.150000,0.106000,44.48382310,56.58315746,0.00000000,0.00000000,5.03402394,0.00000000,94.12028730,106.10100450,101.06698056,1736.67331544,50315.82263930,7912.94957600
1,152,0.351000,0.123000,104.09214604,2.63648576,0.00000000,63.02132904,0.00000000,0.00000000,94.69756566,106.72863180,101.68074366,1745.79450000,50664.98153914,7912.94957600
1,153,0.515000,0.105000,107.32720193,0.00000000,45.40059070,56.04935409,0.00000000,0.00000000,94.69756566,107.32720193,101.68074366,1745.79450000,50664.98153894,9891.18697000
1,154,0.630000,0.061000,106.72863180,0.00000000,80.10342520,32.56200571,0.00000000,0.00000000,94.69756566,106.72863180,101.68074366,1745.79450000,51014.14043877,7912.94957600
1,155,0.694000,0.028000,107.32720193,0.00000000,98.48461960,14.94649442,0.00000000,0.00000000,94.69756566,107.32720193,101.68074366,1745.79450000,51014.14043857,9891.18697000
1,156,0.704000,0.014000,107.32720193,0.00000000,101.45020781,7.47324721,0.00000000,0.00000000,94.69756566,107.32720193,101.68074366,1745.79450000,51014.14043836,9891.18697000
1,157,0.662000,0.014000,107.32720193,0.00000000,88.99473734,7.47324721,0.00000000,0.00000000,94.69756566,107.32720193,101.68074366,1745.79450000,51014.14043816,9891.18697000
1,158,0.578000,0.021000,107.32720193,0.00000000,64.08379640,11.20987082,0.00000000,0.00000000,94.69756566,107.32720193,101.68074366,1745.79450000,51014.14043795,9891.18697000
1,159,0.436000,0.031000,107.28825916,0.00000000,22.01138664,16.54790454,0.00000000,0.00000000,94.69756566,107.28825916,101.68074366,1745.79450000,51036.85659318,9762.48353978
1,160,0.247000,0.049000,73.25002870,26.15636524,0.00000000,0.00000000,4.99651320,0.00000000,92.55841314,104.40290714,99.40639394,1711.99519936,51352.21619237,7912.94957600
1,161,0.088000,0.081000,26.09717622,43.23807316,0.00000000,0.00000000,4.30225571,0.00000000,64.31426199,73.63750508,69.33524937,1255.24684645,51210.82743865,7912.94957600
1,162,0.000000,0.136000,0.00000000,72.59725863,0.00000000,0.00000000,4.37913556,0.00000000,67.37395584,76.97639419,72.59725863,1305.82569725,51120.01753574,7912.94957600
1,163,0.000000,0.185000,0.00000000,98.75362388,0.00000000,0.00000000,4.98176788,0.00000000,91.94444656,103.73539176,98.75362388,1702.29432904,51425.67626462,7912.94957600
1,164,0.000000,0.201000,0.00000000,106.72863180,0.00000000,0.56584603,0.00000000,0.00000000,94.69756566,106.72863180,101.68074366,1745.79450000,51774.83516445,7912.94957600
1,165,0.000000,0.201000,0.00000000,107.29447783,0.00000000,0.00000000,0.00000000,0.00000000,94.69756566,107.29447783,101.68074366,1745.79450000,51793.92383511,9783.03586028
1,166,0.000000,0.192000,0.00000000,102.49024748,0.00000000,0.00000000,4.23838432,0.00000000,94.69756566,106.72863180,101.68074366,1745.79450000,52143.08273495,7912.94957600
1,167,0.000000,0.175000,0.00000000,93.41559015,0.00000000,0.00000000,4.86118786,0.00000000,86.92372869,98.27677801,93.41559015,1622.96536519,52369.41249998,7912.94957600
1,168,0.000000,0.145000,0.00000000,77.40148898,0.00000000,0.00000000,4.49236287,0.00000000,71.88021960,81.89385185,77.40148898,1380.31734664,52353.09424645,7912.94957600
1,169,0.000000,0.109000,0.00000000,58.18456758,0.00000000,0.00000000,4.02810238,0.00000000,53.88503631,62.21266996,58.18456758,1074.88281777,52031.34146406,7912.94957600
1,170,0.000000,0.100000,0.00000000,53.38033723,0.00000000,0.00000000,3.90922227,0.00000000,49.39364837,57.28955950,53.38033723,996.67221614,51631.37808003,7912.94957600
1,171,0.000000,0.106000,0.00000000,56.58315746,0.00000000,0.00000000,3.98862421,0.00000000,52.38751613,60.57178167,56.58315746,1048.91033411,51283.65281398,7912.94957600
1,172,0.000000,0.107000,0.00000000,57.11696084,0.00000000,0.00000000,4.00178360,0.00000000,52.88668952,61.11874444,57.11696084,1057.56782867,50944.58504249,7912.94957600
1,173,0.000000,0.104000,0.00000000,55.51555072,0.00000000,0.00000000,3.96230542,0.00000000,51.38916934,59.47785614,55.51555072,1031.59534501,50579.54478733,7912.94957600
1,174,0.000000,0.096000,0.00000000,51.24512374,0.00000000,0.00000000,3.85401593,0.00000000,47.40371473,55.09913967,51.24512374,960.35225333,50143.26144050,7912.94957600
1,175,0.097000,0.058000,28.76620560,30.96059559,0.00000000,0.00000000,4.06612173,0.00000000,55.32721901,63.79292293,59.72680120,1099.89554682,49846.52138715,7912.94957600
1,176,0.274000,0.054000,81.25711686,25.47151495,0.00000000,3.35386716,0.00000000,0.00000000,94.69756566,106.72863180,101.68074366,1745.79450000,50195.68028699,7912.94957600
1,177,0.429000,0.036000,106.72863180,0.00000000,20.49510225,19.21692140,0.00000000,0.00000000,94.69756566,106.72863180,101.68074366,1745.79450000,50544.83918682,7912.94957600
1,178,0.506000,0.014000,106.72863180,0.00000000,43.33013144,7.47324721,0.00000000,0.00000000,94.69756566,106.72863180,101.68074366,1745.79450000,50893.99808666,7912.94957600
1,179,0.529000,0.003000,106.95741478,0.00000000,49.92220133,1.60141012,0.00000000,0.00000000,94.69756566,106.95741478,101.68074366,1745.79450000,51109.70292367,8669.06324643
1,180,0.552000,0.001000,106.72863180,0.00000000,56.97183719,0.53380337,0.00000000,0.00000000,94.69756566,106.72863180,101.68074366,1745.79450000,51458.86182350,7912.94957600
1,181,0.524000,0.000000,106.72863180,0.00000000,48.66819022,0.00000000,0.00000000,0.00000000,94.69756566,106.72863180,101.68074366,1745.79450000,51808.02072334,7912.94957600
1,182,0.422000,0.002000,106.72863180,0.00000000,18.41919051,1.06760674,0.00000000,0.00000000,94.69756566,106.72863180,101.68074366,1745.79450000,52157.17962317,7912.94957600
1,183,0.292000,0.011000,86.59517563,5.87183710,0.00000000,0.00000000,4.83976059,0.00000000,86.03153881,97.30677331,92.46701272,1608.86847697,52369.41249998,7912.94957600
1,184,0.166000,0.025000,49.22876423,13.34508431,0.00000000,0.00000000,4.13630752,0.00000000,57.98956690,66.71015606,62.57384853,1146.07040838,52118.84730820,7912.94957600
1,185,0.050000,0.055000,14.82794103,29.35918548,0.00000000,0.00000000,3.67153009,0.00000000,40.82594338,47.85865660,44.18712651,840.29578203,51562.50749007,7912.94957600
1,186,0.000000,0.089000,0.00000000,47.50850014,0.00000000,0.00000000,3.75740482,0.00000000,43.92133086,51.26590496,47.50850014,896.79231842,51062.66420832,7912.94957600
1,187,0.000000,0.109000,0.00000000,58.18456758,0.00000000,0.00000000,4.02810238,0.00000000,53.88503631,62.21266996,58.18456758,1074.88281777,50740.91142592,7912.94957600
1,188,0.000000,0.107000,0.00000000,57.11696084,0.00000000,0.00000000,4.00178360,0.00000000,52.88668952,61.11874444,57.11696084,1057.56782867,50401.84365443,7912.94957600
1,189,0.000000,0.093000,0.00000000,49.64371362,0.00000000,0.00000000,3.81261117,0.00000000,45.91126450,53.45632479,49.64371362,933.11228123,49938.32033549,7912.94957600
1,190,0.000000,0.076000,0.00000000,40.56905630,0.00000000,0.00000000,3.57798421,0.00000000,37.45404654,44.14704050,40.56905630,778.75243929,49320.43717462,7912.94957600
1,191,0.000000,0.061000,0.00000000,32.56200571,0.00000000,0.00000000,3.36110632,0.00000000,30.01772724,35.92311203,32.56200571,636.06961774,48559.87119219,7912.94957600
1,192,0.000000,0.050000,0.00000000,26.69016862,0.00000000,0.00000000,3.20071153,0.00000000,24.56798171,29.89088014,26.69016862,530.54672731,47693.78231934,7912.94957600
1,193,0.000000,0.040000,0.00000000,21.35213489,0.00000000,0.00000000,3.04746492,0.00000000,19.63322851,24.39959982,21.35213489,429.72659488,46726.87331406,7912.94957600
1,194,0.000000,0.027000,0.00000000,2.39428050,0.00000000,12.01841055,0.00000000,0.00000000,0.00000000,2.39428050,0.00000000,0.00000000,45330.23771390,7912.94957600
1,195,0.000000,0.016000,0.00000000,2.39428050,0.00000000,6.14657346,0.00000000,0.00000000,0.00000000,2.39428050,0.00000000,0.00000000,43933.60211373,7912.94957600
1,196,0.000000,0.009000,0.00000000,2.39428050,0.00000000,2.40994985,0.00000000,0.00000000,0.00000000,2.39428050,0.00000000,0.00000000,42536.96651357,7912.94957600
1,197,0.000000,0.004000,0.00000000,2.13521349,0.00000000,0.00000000,0.25906701,0.00000000,0.00000000,2.39428050,0.00000000,0.00000000,41140.33091340,7912.94957600
1,198,0.000000,0.001000,0.00000000,0.53380337,0.00000000,0.00000000,1.86047713,0.00000000,0.00000000,2.39428050,0.00000000,0.00000000,39743.69531324,7912.94957600
1,199,0.055000,0.000000,16.31073514,0.00000000,0.00000000,0.00000000,2.90273422,0.00000000,14.97269903,19.21346936,16.31073514,334.50902649,38681.56873957,7912.94957600
1,200,0.177000,0.000000,52.49091125,0.00000000,0.00000000,0.00000000,3.88622599,0.00000000,48.56473890,56.37713725,52.49091125,981.54308804,38266.47622744,7912.94957600
1,201,0.300000,0.001000,88.96764619,0.53380337,0.00000000,0.00000000,4.77277193,0.00000000,83.24226158,94.27422150,89.50144956,1564.79699583,38434.63762310,7912.94957600
1,202,0.393000,0.000000,106.72863180,0.00000000,9.81898471,0.00000000,0.00000000,0.00000000,94.69756566,106.72863180,101.68074366,1745.79450000,38783.79652294,7912.94957600
1,203,0.470000,0.000000,106.72863180,0.00000000,32.65401390,0.00000000,0.00000000,0.00000000,94.69756566,106.72863180,101.68074366,1745.79450000,39132.95542277,7912.94957600
1,204,0.525000,0.000000,106.72863180,0.00000000,48.96474904,0.00000000,0.00000000,0.00000000,94.69756566,106.72863180,101.68074366,1745.79450000,39482.11432261,7912.94957600
1,205,0.509000,0.000000,106.72863180,0.00000000,44.21980791,0.00000000,0.00000000,0.00000000,94.69756566,106.72863180,101.68074366,1745.79450000,39831.27322245,7912.94957600
1,206,0.456000,0.000000,106.72863180,0.00000000,28.50219041,0.00000000,0.00000000,0.00000000,94.69756566,106.72863180,101.68074366,1745.79450000,40180.43212228,7912.94957600
1,207,0.355000,0.000000,105.27838133,0.00000000,0.00000000,0.00000000,1.45025047,0.00000000,94.69756566,106.72863180,101.68074366,1745.79450000,40529.59102212,7912.94957600
1,208,0.200000,0.001000,59.31176413,0.53380337,0.00000000,0.00000000,4.06904957,0.00000000,55.43828046,63.91461707,59.84556750,1101.82175914,40234.77718110,7912.94957600
1,209,0.057000,0.008000,16.90385278,4.27042698,0.00000000,0.00000000,3.04235898,0.00000000,19.46881007,24.21663874,21.17427975,426.36742193,39264.50900286,7912.94957600
1,210,0.000000,0.034000,0.00000000,18.14931466,0.00000000,0.00000000,2.95551696,0.00000000,16.67237660,21.10483162,18.14931466,369.23451543,38237.10791813,7912.94957600
1,211,0.000000,0.068000,0.00000000,36.29862932,0.00000000,0.00000000,3.46272341,0.00000000,33.48693745,39.76135273,36.29862932,702.92296641,37543.39528437,7912.94957600
1,212,0.000000,0.101000,0.00000000,53.91414060,0.00000000,0.00000000,3.92282725,0.00000000,49.89164916,57.83696785,53.91414060,1005.62286136,37152.38254557,7912.94957600
1,213,0.000000,0.127000,0.00000000,67.79302828,0.00000000,0.00000000,4.26497143,0.00000000,62.87015740,72.05799972,67.79302828,1230.71771970,36986.46466510,7912.94957600
1,214,0.000000,0.148000,0.00000000,79.00289910,0.00000000,0.00000000,4.53010530,0.00000000,73.38230752,83.53300440,79.00289910,1405.14789643,36994.97696137,7912.94957600
1,215,0.000000,0.141000,0.00000000,75.26627550,0.00000000,0.00000000,4.44203962,0.00000000,69.87743571,79.70831511,75.26627550,1347.20994691,36945.55130811,7912.94957600
1,216,0.000000,0.145000,0.00000000,77.40148898,0.00000000,0.00000000,4.49236287,0.00000000,71.88021960,81.89385185,77.40148898,1380.31734664,36929.23305459,7912.94957600
1,217,0.000000,0.176000,0.00000000,93.94939353,0.00000000,0.00000000,4.87324586,0.00000000,87.42580048,98.82263938,93.94939353,1630.89826158,37163.49571600,7912.94957600
1,218,0.000000,0.191000,0.00000000,101.95644411,0.00000000,0.00000000,4.77218769,0.00000000,94.69756566,106.72863180,101.68074366,1745.79450000,37512.65461584,7912.94957600
1,219,0.000000,0.201000,0.00000000,106.72863180,0.00000000,0.56584603,0.00000000,0.00000000,94.69756566,106.72863180,101.68074366,1745.79450000,37861.81351567,7912.94957600
1,220,0.000000,0.181000,0.00000000,96.61841039,0.00000000,0.00000000,4.93353587,0.00000000,89.93615941,101.55194626,96.61841039,1670.56274350,38135.74065901,7912.94957600
1,221,0.000000,0.177000,0.00000000,94.48319690,0.00000000,0.00000000,4.88530386,0.00000000,87.92787227,99.36850076,94.48319690,1638.83115796,38377.93621681,7912.94957600
1,222,0.000000,0.164000,0.00000000,87.54375306,0.00000000,0.00000000,4.72854983,0.00000000,81.40093904,92.27230289,87.54375306,1535.70350496,38517.00412161,7912.94957600
1,223,0.034000,0.122000,10.08299990,65.12401142,0.00000000,0.00000000,4.44064287,0.00000000,69.82184720,79.64765419,75.20701132,1346.29103054,38466.65955198,7912.94957600
1,224,0.118000,0.085000,34.99394084,45.37328665,0.00000000,0.00000000,4.56226014,0.00000000,74.66201791,84.92948762,80.36722748,1426.30239235,38496.32634417,7912.94957600
1,225,0.204000,0.063000,60.49799941,33.62961246,0.00000000,0.00000000,4.87727160,0.00000000,87.59342475,99.00488347,94.12761187,1633.54677918,38733.23752318,7912.94957600
1,226,0.270000,0.037000,80.07088157,19.75072478,0.00000000,0.00000000,5.00589237,0.00000000,92.94894353,104.82749872,99.82160635,1718.16570553,39054.76762855,7912.94957600
1,227,0.312000,0.016000,92.52635204,8.54085396,0.00000000,0.00000000,5.03402903,0.00000000,94.12049933,106.10123503,101.06720600,1736.67666567,39394.80869405,7912.94957600
1,228,0.325000,0.006000,96.38161671,3.20282023,0.00000000,0.00000000,5.00053499,0.00000000,92.72587250,104.58497193,99.58443694,1714.64111122,39712.81420511,7912.94957600
1,229,0.314000,0.004000,93.11946968,2.13521349,0.00000000,0.00000000,4.90273085,0.00000000,88.65349805,100.15741402,95.25468317,1650.29627973,39966.47488467,7912.94957600
1,230,0.242000,0.010000,71.76723460,5.33803372,0.00000000,0.00000000,4.48538146,0.00000000,71.60237104,81.59064978,77.10526832,1375.72431833,39945.56360284,7912.94957600
1,231,0.144000,0.034000,42.70447017,18.14931466,0.00000000,0.00000000,4.09390428,0.00000000,56.38109067,64.94768911,60.85378483,1118.17354052,39667.10154319,7912.94957600
1,232,0.062000,0.079000,18.38664688,42.17046641,0.00000000,0.00000000,4.08659070,0.00000000,56.10366541,64.64370399,60.55711329,1113.36197063,39383.82791366,7912.94957600
1,233,0.012000,0.127000,3.55870585,67.79302828,0.00000000,0.00000000,4.34978073,0.00000000,66.20568091,75.70151486,71.35173413,1286.51330633,39273.70561983,7912.94957600
1,234,0.000000,0.163000,0.00000000,87.00994969,0.00000000,0.00000000,4.71649183,0.00000000,80.89886725,91.72644151,87.00994969,1527.77060857,39404.84062824,7912.94957600
1,235,0.000000,0.178000,0.00000000,95.01700027,0.00000000,0.00000000,4.89736186,0.00000000,88.42994405,99.91436213,95.01700027,1646.76405435,39654.96908243,7912.94957600
1,236,0.000000,0.184000,0.00000000,98.21982050,0.00000000,0.00000000,4.96970988,0.00000000,91.44237477,103.18953038,98.21982050,1694.36143266,39952.69491492,7912.94957600
1,237,0.000000,0.185000,0.00000000,98.75362388,0.00000000,0.00000000,4.98176788,0.00000000,91.94444656,103.73539176,98.75362388,1702.29432904,40258.35364380,7912.94957600
1,238,0.000000,0.157000,0.00000000,83.80712945,0.00000000,0.00000000,4.64333261,0.00000000,77.88857127,88.45046206,83.80712945,1479.63954582,40341.35758946,7912.94957600
1,239,0.000000,0.084000,0.00000000,44.83948327,0.00000000,0.00000000,3.68839689,0.00000000,41.43391381,48.52788017,44.83948327,851.39236491,39796.11435420,7912.94957600
1,240,0.000000,0.052000,0.00000000,27.75777536,0.00000000,0.00000000,3.23045578,0.00000000,25.55731411,30.98823113,27.75777536,550.11531231,38949.59406635,7912.94957600
1,241,0.000000,0.029000,0.00000000,15.48029780,0.00000000,0.00000000,2.87889366,0.00000000,14.20500000,18.35919146,15.48029780,318.82444922,37871.78291540,7912.94957600
1,242,0.000000,0.012000,0.00000000,2.39428050,0.00000000,4.01135997,0.00000000,0.00000000,0.00000000,2.39428050,0.00000000,0.00000000,36475.14731524,7912.94957600
1,243,0.000000,0.004000,0.00000000,2.13521349,0.00000000,0.00000000,0.25906701,0.00000000,0.00000000,2.39428050,0.00000000,0.00000000,35078.51171507,7912.94957600
1,244,0.000000,0.001000,0.00000000,0.53380337,0.00000000,0.00000000,1.86047713,0.00000000,0.00000000,2.39428050,0.00000000,0.00000000,33681.87611491,7912.94957600
1,245,0.000000,0.002000,0.00000000,1.06760674,0.00000000,0.00000000,1.32667376,0.00000000,0.00000000,2.39428050,0.00000000,0.00000000,32285.24051474,7912.94957600
1,246,0.000000,0.012000,0.00000000,2.39428050,0.00000000,4.01135997,0.00000000,0.00000000,0.00000000,2.39428050,0.00000000,0.00000000,30888.60491458,7912.94957600
1,247,0.022000,0.035000,6.52429405,18.68311803,0.00000000,0.00000000,3.15814390,0.00000000,23.19724523,28.36555599,25.20741208,502.54171319,29994.51102761,7912.94957600
1,248,0.083000,0.074000,24.61438211,39.50144955,0.00000000,0.00000000,4.17432069,0.00000000,59.43151536,68.29015236,64.11583166,1171.07907494,29768.95450238,7912.94957600
1,249,0.165000,0.118000,48.93220541,57.79642640,0.00000000,5.19237154,0.00000000,0.00000000,94.69756566,106.72863180,101.68074366,1745.79450000,30118.11340222,7912.94957600
1,250,0.260000,0.139000,77.10529337,29.62333843,0.00000000,44.57533032,0.00000000,0.00000000,94.69756566,106.72863180,101.68074366,1745.79450000,30467.27230206,7912.94957600
1,251,0.332000,0.121000,98.45752845,8.27110335,0.00000000,56.31910470,0.00000000,0.00000000,94.69756566,106.72863180,101.68074366,1745.79450000,30816.43120189,7912.94957600
1,252,0.353000,0.089000,104.68526369,2.04336811,0.00000000,45.46513202,0.00000000,0.00000000,94.69756566,106.72863180,101.68074366,1745.79450000,31165.59010173,7912.94957600
1,253,0.320000,0.040000,94.89882261,11.82980920,0.00000000,9.52232570,0.00000000,0.00000000,94.69756566,106.72863180,101.68074366,1745.79450000,31514.74900156,7912.94957600
1,254,0.253000,0.008000,75.02938162,4.27042698,0.00000000,0.00000000,4.53710294,0.00000000,73.66080218,83.83691154,79.29980860,1409.75160539,31527.86500679,7912.94957600
1,255,0.179000,0.001000,53.08402889,0.53380337,0.00000000,0.00000000,3.91536275,0.00000000,49.61498425,57.53319501,53.61783227,1000.71200464,31131.94141127,7912.94957600
1,256,0.095000,0.001000,28.17308796,0.53380337,0.00000000,0.00000000,3.25626689,0.00000000,26.43850611,31.96315822,28.70689133,567.09630579,30302.40211689,7912.94957600
1,257,0.027000,0.001000,2.39428050,0.00000000,5.61280766,0.53380337,0.00000000,0.00000000,0.00000000,2.39428050,0.00000000,0.00000000,28905.76651673,7912.94957600
1,258,0.000000,0.001000,0.00000000,0.53380337,0.00000000,0.00000000,1.86047713,0.00000000,0.00000000,2.39428050,0.00000000,0.00000000,27509.13091657,7912.94957600
1,259,0.000000,0.001000,0.00000000,0.53380337,0.00000000,0.00000000,1.86047713,0.00000000,0.00000000,2.39428050,0.00000000,0.00000000,26112.49531640,7912.94957600
1,260,0.000000,0.001000,0.00000000,0.53380337,0.00000000,0.00000000,1.86047713,0.00000000,0.00000000,2.39428050,0.00000000,0.00000000,24715.85971624,7912.94957600
1,261,0.000000,0.001000,0.00000000,0.53380337,0.00000000,0.00000000,1.86047713,0.00000000,0.00000000,2.39428050,0.00000000,0.00000000,23319.22411607,7912.94957600
1,262,0.000000,0.000000,0.00000000,0.00000000,0.00000000,0.00000000,2.39428050,0.00000000,0.00000000,2.39428050,0.00000000,0.00000000,21922.58851591,7912.94957600
1,263,0.000000,0.000000,0.00000000,0.00000000,0.00000000,0.00000000,2.39428050,0.00000000,0.00000000,2.39428050,0.00000000,0.00000000,20525.95291575,7912.94957600
1,264,0.000000,0.000000,0.00000000,0.00000000,0.00000000,0.00000000,2.39428050,0.00000000,0.00000000,2.39428050,0.00000000,0.00000000,19129.31731558,7912.94957600
1,265,0.000000,0.000000,0.00000000,0.00000000,0.00000000,0.00000000,2.39428050,0.00000000,0.00000000,2.39428050,0.00000000,0.00000000,17732.68171542,7912.94957600
1,266,0.000000,0.000000,0.00000000,0.00000000,0.00000000,0.00000000,2.39428050,0.00000000,0.00000000,2.39428050,0.00000000,0.00000000,16336.04611525,7912.94957600
1,267,0.000000,0.000000,0.00000000,0.00000000,0.00000000,0.00000000,2.39428050,0.00000000,0.00000000,2.39428050,0.00000000,0.00000000,14939.41051509,7912.94957600
1,268,0.000000,0.002000,0.00000000,1.06760674,0.00000000,0.00000000,1.32667376,0.00000000,0.00000000,2.39428050,0.00000000,0.00000000,13542.77491493,7912.94957600
1,269,0.000000,0.005000,0.00000000,2.39428050,0.00000000,0.27473636,0.00000000,0.00000000,0.00000000,2.39428050,0.00000000,0.00000000,12146.13931476,7912.94957600
1,270,0.000000,0.007000,0.00000000,2.39428050,0.00000000,1.34234311,0.00000000,0.00000000,0.00000000,2.39428050,0.00000000,0.00000000,10749.50371460,7912.94957600
1,271,0.059000,0.004000,17.49697042,2.13521349,0.00000000,0.00000000,2.99808782,0.00000000,18.04321727,22.63027173,19.63218391,397.24165846,9750.10977290,7912.94957600
1,272,0.167000,0.002000,49.52532305,1.06760674,0.00000000,0.00000000,3.83715333,0.00000000,46.79589603,54.43008312,50.59292979,949.25843994,9302.73261268,7912.94957600
1,273,0.278000,0.002000,82.44335214,1.06760674,0.00000000,0.00000000,4.63635239,0.00000000,77.61076971,88.14731127,83.51095888,1475.04729428,9381.14430680,7912.94957600
1,274,0.386000,0.003000,106.72863180,0.00000000,7.74307297,1.60141012,0.00000000,0.00000000,94.69756566,106.72863180,101.68074366,1745.79450000,9730.30320663,7912.94957600
1,275,0.500000,0.005000,106.72863180,0.00000000,41.55077852,2.66901686,0.00000000,0.00000000,94.69756566,106.72863180,101.68074366,1745.79450000,10079.46210647,7912.94957600
1,276,0.566000,0.010000,106.72863180,0.00000000,61.12366068,5.33803372,0.00000000,0.00000000,94.69756566,106.72863180,101.68074366,1745.79450000,10428.62100631,7912.94957600
1,277,0.575000,0.017000,106.72863180,0.00000000,63.79269007,9.07465733,0.00000000,0.00000000,94.69756566,106.72863180,101.68074366,1745.79450000,10777.77990614,7912.94957600
1,278,0.523000,0.027000,106.72863180,0.00000000,48.37163139,14.41269105,0.00000000,0.00000000,94.69756566,106.72863180,101.68074366,1745.79450000,11126.93880598,7912.94957600
1,279,0.420000,0.028000,106.72863180,0.00000000,17.82607287,14.94649442,0.00000000,0.00000000,94.69756566,106.72863180,101.68074366,1745.79450000,11476.09770581,7912.94957600
1,280,0.245000,0.016000,72.65691106,8.54085396,0.00000000,0.00000000,4.58183445,0.00000000,75.44104408,85.77959947,81.19776501,1439.18023254,11518.64233819,7912.94957600
1,281,0.093000,0.023000,27.57997032,12.27747756,0.00000000,0.00000000,3.55950511,0.00000000,36.79106733,43.41695299,39.85744788,766.59513773,10888.60187576,7912.94957600
1,282,0.000000,0.067000,0.00000000,35.76482594,0.00000000,0.00000000,3.44820668,0.00000000,32.99133599,39.21303263,35.76482594,693.37248803,10185.33876362,7912.94957600
1,283,0.000000,0.142000,0.00000000,75.80007887,0.00000000,0.00000000,4.45462043,0.00000000,70.37813168,80.25469930,75.80007887,1355.48679684,10144.18996030,7912.94957600
1,284,0.000000,0.187000,0.00000000,99.82123062,0.00000000,0.00000000,5.00588389,0.00000000,92.94859013,104.82711451,99.82123062,1718.16012181,10465.71448195,7912.94957600
1,285,0.000000,0.194000,0.00000000,103.55785423,0.00000000,0.00000000,3.17077757,0.00000000,94.69756566,106.72863180,101.68074366,1745.79450000,10814.87338178,7912.94957600
1,286,0.000000,0.184000,0.00000000,98.21982050,0.00000000,0.00000000,4.96970988,0.00000000,91.44237477,103.18953038,98.21982050,1694.36143266,11112.59921428,7912.94957600
1,287,0.000000,0.164000,0.00000000,87.54375306,0.00000000,0.00000000,4.72854983,0.00000000,81.40093904,92.27230289,87.54375306,1535.70350496,11251.66711907,7912.94957600
1,288,0.000000,0.125000,0.00000000,66.72542154,0.00000000,0.00000000,4.23865265,0.00000000,61.87181062,70.96407419,66.72542154,1213.40273060,11068.43424951,7912.94957600
1,289,0.000000,0.089000,0.00000000,47.50850014,0.00000000,0.00000000,3.75740482,0.00000000,43.92133086,51.26590496,47.50850014,896.79231842,10568.59096776,7912.94957600
1,290,0.000000,0.067000,0.00000000,35.76482594,0.00000000,0.00000000,3.44820668,0.00000000,32.99133599,39.21303263,35.76482594,693.37248803,9865.32785563,7912.94957600
1,291,0.000000,0.049000,0.00000000,26.15636524,0.00000000,0.00000000,3.18538687,0.00000000,24.07450639,29.34175211,26.15636524,520.46471407,8989.15696953,7912.94957600
1,292,0.000000,0.037000,0.00000000,19.75072478,0.00000000,0.00000000,3.00149094,0.00000000,18.15280255,22.75221572,19.75072478,399.48055516,7992.00192452,7912.94957600
1,293,0.000000,0.036000,0.00000000,19.21692140,0.00000000,0.00000000,2.98616628,0.00000000,17.65932724,22.20308769,19.21692140,389.39854191,6984.76486627,7912.94957600
1,294,0.000000,0.050000,0.00000000,26.69016862,0.00000000,0.00000000,3.20071153,0.00000000,24.56798171,29.89088014,26.69016862,530.54672731,6118.67599342,7912.94957600
1,295,0.086000,0.054000,25.50405858,28.82538210,0.00000000,0.00000000,3.34057401,0.00000000,49.73928100,57.67001469,53.75120360,1002.98064984,5725.02104309,7912.94957600
1,296,0.221000,0.078000,65.53949936,41.18913244,0.00000000,0.44753060,0.00000000,0.00000000,94.69756566,106.72863180,101.68074366,1745.79450000,6074.17994292,7912.94957600
1,297,0.336000,0.100000,99.64376374,7.08486807,0.00000000,46.29546917,0.00000000,0.00000000,94.69756566,106.72863180,101.68074366,1745.79450000,6423.33884276,7912.94957600
1,298,0.463000,0.114000,106.72863180,0.00000000,30.57810216,60.85358444,0.00000000,0.00000000,94.69756566,106.72863180,101.68074366,1745.79450000,6772.49774259,7912.94957600
1,299,0.517000,0.105000,106.72863180,0.00000000,46.59227847,56.04935409,0.00000000,0.00000000,94.69756566,106.72863180,101.68074366,1745.79450000,7121.65664243,7912.94957600
1,300,0.540000,0.091000,106.72863180,0.00000000,53.41313135,48.57610688,0.00000000,0.00000000,94.69756566,106.72863180,101.68074366,1745.79450000,7470.81554227,7912.94957600
1,301,0.510000,0.070000,106.72863180,0.00000000,44.51636673,37.36623606,0.00000000,0.00000000,94.69756566,106.72863180,101.68074366,1745.79450000,7819.97444210,7912.94957600
1,302,0.423000,0.054000,106.72863180,0.00000000,18.71574933,28.82538210,0.00000000,0.00000000,94.69756566,106.72863180,101.68074366,1745.79450000,8169.13334194,7912.94957600
1,303,0.348000,0.051000,103.20246958,3.52616222,0.00000000,23.69780977,0.00000000,0.00000000,94.69756566,106.72863180,101.68074366,1745.79450000,8518.29224177,7912.94957600
1,304,0.219000,0.062000,64.94638172,33.09580908,0.00000000,0.00000000,4.96569743,0.00000000,91.27530415,103.00788823,98.04219080,1691.72166288,8813.37830449,7912.94957600
1,305,0.083000,0.088000,24.61438211,46.97469676,0.00000000,0.00000000,4.35537453,0.00000000,66.42830512,75.94445340,71.58907888,1290.19343827,8706.93614260,7912.94957600
1,306,0.000000,0.131000,0.00000000,69.92824177,0.00000000,0.00000000,4.31623150,0.00000000,64.87047598,74.24447327,69.92824177,1264.44144759,8574.74199002,7912.94957600
1,307,0.000000,0.182000,0.00000000,97.15221376,0.00000000,0.00000000,4.94559387,0.00000000,90.43823120,102.09780763,97.15221376,1678.49563989,8856.60202975,7912.94957600
1,308,0.000000,0.197000,0.00000000,105.15926434,0.00000000,0.00000000,1.56936746,0.00000000,94.69756566,106.72863180,101.68074366,1745.79450000,9205.76092958,7912.94957600
1,309,0.000000,0.187000,0.00000000,99.82123062,0.00000000,0.00000000,5.00588389,0.00000000,92.94859013,104.82711451,99.82123062,1718.16012181,9527.28545123,7912.94957600
1,310,0.000000,0.178000,0.00000000,95.01700027,0.00000000,0.00000000,4.89736186,0.00000000,88.42994405,99.91436213,95.01700027,1646.76405435,9777.41390542,7912.94957600
1,311,0.000000,0.168000,0.00000000,89.67896655,0.00000000,0.00000000,4.77678184,0.00000000,83.40922619,94.45574839,89.67896655,1567.43509050,9948.21339575,7912.94957600
1,312,0.000000,0.153000,0.00000000,81.67191596,0.00000000,0.00000000,4.59300936,0.00000000,75.88578738,86.26492533,81.67191596,1446.53214609,9998.10994168,7912.94957600
1,313,0.000000,0.129000,0.00000000,68.86063503,0.00000000,0.00000000,4.29106988,0.00000000,63.86908404,73.15170490,68.86063503,1247.88774772,9849.36208924,7912.94957600
1,314,0.000000,0.093000,0.00000000,49.64371362,0.00000000,0.00000000,3.81261117,0.00000000,45.91126450,53.45632479,49.64371362,933.11228123,9385.83877030,7912.94957600
1,315,0.000000,0.049000,0.00000000,26.15636524,0.00000000,0.00000000,3.18538687,0.00000000,24.07450639,29.34175211,26.15636524,520.46471407,8509.66788420,7912.94957600
1,316,0.000000,0.018000,0.00000000,2.39428050,0.00000000,7.21418020,0.00000000,0.00000000,0.00000000,2.39428050,0.00000000,0.00000000,7113.03228404,7912.94957600
1,317,0.000000,0.005000,0.00000000,2.39428050,0.00000000,0.27473636,0.00000000,0.00000000,0.00000000,2.39428050,0.00000000,0.00000000,5716.39668388,7912.94957600
1,318,0.000000,0.002000,0.00000000,1.06760674,0.00000000,0.00000000,1.32667376,0.00000000,0.00000000,2.39428050,0.00000000,0.00000000,4319.76108371,7912.94957600
1,319,0.122000,0.002000,36.18017612,1.06760674,0.00000000,0.00000000,3.48853554,0.00000000,34.36816433,40.73631840,37.24778286,719.90463212,3643.03011566,7912.94957600
1,320,0.324000,0.008000,96.08505789,4.27042698,0.00000000,0.00000000,5.01795207,0.00000000,93.45108599,105.37343694,100.35548487,1726.09971865,3972.49423415,7912.94957600
1,321,0.489000,0.029000,106.72863180,0.00000000,38.28863149,15.48029780,0.00000000,0.00000000,94.69756566,106.72863180,101.68074366,1745.79450000,4321.65313399,7912.94957600
1,322,0.610000,0.029000,106.72863180,0.00000000,74.17224879,15.48029780,0.00000000,0.00000000,94.69756566,106.72863180,101.68074366,1745.79450000,4670.81203383,7912.94957600
1,323,0.676000,0.013000,106.72863180,0.00000000,93.74513095,6.93944384,0.00000000,0.00000000,94.69756566,106.72863180,101.68074366,1745.79450000,5019.97093366,7912.94957600
1,324,0.702000,0.007000,106.72863180,0.00000000,101.45566029,3.73662361,0.00000000,0.00000000,94.69756566,106.72863180,101.68074366,1745.79450000,5369.12983350,7912.94957600
1,325,0.672000,0.006000,106.72863180,0.00000000,92.55889567,3.20282023,0.00000000,0.00000000,94.69756566,106.72863180,101.68074366,1745.79450000,5718.28873333,7912.94957600
1,326,0.593000,0.008000,106.72863180,0.00000000,69.13074884,4.27042698,0.00000000,0.00000000,94.69756566,106.72863180,101.68074366,1745.79450000,6067.44763317,7912.94957600
1,327,0.465000,0.011000,106.72863180,0.00000000,31.17121980,5.87183710,0.00000000,0.00000000,94.69756566,106.72863180,101.68074366,1745.79450000,6416.60653301,7912.94957600
1,328,0.294000,0.017000,87.18829327,9.07465733,0.00000000,0.00000000,4.92550644,0.00000000,89.60182969,101.18845704,96.26295060,1665.28022596,6685.25115880,7912.94957600
1,329,0.093000,0.031000,27.57997032,16.54790454,0.00000000,0.00000000,3.66999813,0.00000000,40.77072321,47.79787299,44.12787486,839.28791202,6127.90347066,7912.94957600
1,330,0.000000,0.063000,0.00000000,33.62961246,0.00000000,0.00000000,3.39013977,0.00000000,31.00893016,37.01975223,33.62961246,655.17057451,5386.43844500,7912.94957600
1,331,0.000000,0.115000,0.00000000,61.38738782,0.00000000,0.00000000,4.10705873,0.00000000,56.88007667,65.49444655,61.38738782,1126.82778508,5116.63062992,7912.94957600
1,332,0.000000,0.167000,0.00000000,89.14516318,0.00000000,0.00000000,4.76472384,0.00000000,82.90715440,93.90988701,89.14516318,1559.50219411,5279.49722387,7912.94957600
1,333,0.000000,0.205000,0.00000000,106.72863180,0.00000000,2.70105952,0.00000000,0.00000000,94.69756566,106.72863180,101.68074366,1745.79450000,5628.65612370,7912.94957600
1,334,0.000000,0.220000,0.00000000,106.72863180,0.00000000,10.70811011,0.00000000,0.00000000,94.69756566,106.72863180,101.68074366,1745.79450000,5977.81502354,7912.94957600
1,335,0.000000,0.198000,0.00000000,105.69306772,0.00000000,0.00000000,1.03556408,0.00000000,94.69756566,106.72863180,101.68074366,1745.79450000,6326.97392337,7912.94957600
1,336,0.000000,0.142000,0.00000000,75.80007887,0.00000000,0.00000000,4.45462043,0.00000000,70.37813168,80.25469930,75.80007887,1355.48679684,6285.82512005,7912.94957600
1,337,0.000000,0.104000,0.00000000,55.51555072,0.00000000,0.00000000,3.96230542,0.00000000,51.38916934,59.47785614,55.51555072,1031.59534501,5920.78486490,7912.94957600
1,338,0.000000,0.096000,0.00000000,51.24512374,0.00000000,0.00000000,3.85401593,0.00000000,47.40371473,55.09913967,51.24512374,960.35225333,5484.50151806,7912.94957600
1,339,0.000000,0.090000,0.00000000,48.04230351,0.00000000,0.00000000,3.77120641,0.00000000,44.41881427,51.81350992,48.04230351,905.87230912,4993.73822702,7912.94957600
1,340,0.000000,0.074000,0.00000000,39.50144955,0.00000000,0.00000000,3.54982377,0.00000000,36.46054620,43.05127332,39.50144955,760.22583670,4357.32846355,7912.94957600
1,341,0.000000,0.064000,0.00000000,34.16341583,0.00000000,0.00000000,3.40465650,0.00000000,31.50453162,37.56807233,34.16341583,664.72105289,3625.41391627,7912.94957600
1,342,0.000000,0.070000,0.00000000,37.36623606,0.00000000,0.00000000,3.49175686,0.00000000,34.47814037,40.85799292,37.36623606,722.02392317,2950.80223928,7912.94957600
1,343,0.113000,0.045000,33.51114673,24.02115175,0.00000000,0.00000000,4.01202256,0.00000000,53.27508254,61.54432105,57.53229849,1064.30398588,2618.47062500,7912.94957600
1,344,0.265000,0.036000,78.58808747,19.21692140,0.00000000,0.00000000,4.96033976,0.00000000,91.05222134,102.76534863,97.80500887,1688.19688245,2910.03190728,7912.94957600
1,345,0.379000,0.041000,106.72863180,0.00000000,5.66716122,21.88593826,0.00000000,0.00000000,94.69756566,106.72863180,101.68074366,1745.79450000,3259.19080712,7912.94957600
1,346,0.427000,0.041000,106.72863180,0.00000000,19.90198461,21.88593826,0.00000000,0.00000000,94.69756566,106.72863180,101.68074366,1745.79450000,3608.34970696,7912.94957600
1,347,0.465000,0.038000,106.72863180,0.00000000,31.17121980,20.28452815,0.00000000,0.00000000,94.69756566,106.72863180,101.68074366,1745.79450000,3957.50860679,7912.94957600
1,348,0.451000,0.030000,106.72863180,0.00000000,27.01939631,16.01410117,0.00000000,0.00000000,94.69756566,106.72863180,101.68074366,1745.79450000,4306.66750663,7912.94957600
1,349,0.440000,0.035000,106.72863180,0.00000000,23.75724928,18.68311803,0.00000000,0.00000000,94.69756566,106.72863180,101.68074366,1745.79450000,4655.82640646,7912.94957600
1,350,0.341000,0.051000,101.12655784,5.60207396,0.00000000,21.62189803,0.00000000,0.00000000,94.69756566,106.72863180,101.68074366,1745.79450000,5004.98530630,7912.94957600
1,351,0.235000,0.069000,69.69132285,36.83243269,0.00000000,0.00000000,0.20487626,0.00000000,94.69756566,106.72863180,101.68074366,1745.79450000,5354.14420614,7912.94957600
1,352,0.123000,0.088000,36.47673494,46.97469676,0.00000000,0.00000000,4.63494944,0.00000000,77.55493450,88.08638114,83.45143170,1474.12429984,5431.63290582,7912.94957600
1,353,0.035000,0.105000,10.37955872,56.04935409,0.00000000,0.00000000,4.23134308,0.00000000,61.59453761,70.66025589,66.42891281,1208.59380133,5243.59110698,7912.94957600
1,354,0.000000,0.127000,0.00000000,67.79302828,0.00000000,0.00000000,4.26497143,0.00000000,62.87015740,72.05799972,67.79302828,1230.71771970,5077.67322652,7912.94957600
1,355,0.000000,0.160000,0.00000000,85.40853957,0.00000000,0.00000000,4.68031782,0.00000000,79.39265189,90.08885739,85.40853957,1503.97191942,5185.00954577,7912.94957600
1,356,0.000000,0.194000,0.00000000,103.55785423,0.00000000,0.00000000,3.17077757,0.00000000,94.69756566,106.72863180,101.68074366,1745.79450000,5534.16844561,7912.94957600
1,357,0.000000,0.226000,0.00000000,106.72863180,0.00000000,13.91093034,0.00000000,0.00000000,94.69756566,106.72863180,101.68074366,1745.79450000,5883.32734545,7912.94957600
1,358,0.000000,0.243000,0.00000000,106.72863180,0.00000000,22.98558767,0.00000000,0.00000000,94.69756566,106.72863180,101.68074366,1745.79450000,6232.48624528,7912.94957600
1,359,0.000000,0.233000,0.00000000,106.72863180,0.00000000,17.64755395,0.00000000,0.00000000,94.69756566,106.72863180,101.68074366,1745.79450000,6581.64514512,7912.94957600
1,360,0.000000,0.217000,0.00000000,106.72863180,0.00000000,9.10669999,0.00000000,0.00000000,94.69756566,106.72863180,101.68074366,1745.79450000,6930.80404495,7912.94957600
1,361,0.000000,0.214000,0.00000000,106.72863180,0.00000000,7.50528987,0.00000000,0.00000000,94.69756566,106.72863180,101.68074366,1745.79450000,7279.96294479,7912.94957600
1,362,0.000000,0.249000,0.00000000,106.72863180,0.00000000,26.18840790,0.00000000,0.00000000,94.69756566,106.72863180,101.68074366,1745.79450000,7629.12184463,7912.94957600
1,363,0.000000,0.266000,0.00000000,106.72863180,0.00000000,35.26306523,0.00000000,0.00000000,94.69756566,106.72863180,101.68074366,1745.79450000,7978.28074446,7912.94957600
1,364,0.000000,0.274000,0.00000000,106.72863180,0.00000000,39.53349221,0.00000000,0.00000000,94.69756566,106.72863180,101.68074366,1745.79450000,8327.43964430,7912.94957600
1,365,0.000000,0.259000,0.00000000,106.72863180,0.00000000,31.52644163,0.00000000,0.00000000,94.69756566,106.72863180,101.68074366,1745.79450000,8676.59854413,7912.94957600
1,366,0.000000,0.264000,0.00000000,106.72863180,0.00000000,34.19545849,0.00000000,0.00000000,94.69756566,106.72863180,101.68074366,1745.79450000,9025.75744397,7912.94957600
1,367,0.053000,0.216000,15.71761749,91.01101431,0.00000000,24.29051411,0.00000000,0.00000000,94.69756566,106.72863180,101.68074366,1745.79450000,9374.91634381,7912.94957600
1,368,0.153000,0.228000,45.37349956,61.35513224,0.00000000,60.35203664,0.00000000,0.00000000,94.69756566,106.72863180,101.68074366,1745.79450000,9724.07524364,7912.94957600
1,369,0.279000,0.294000,82.73991096,23.98872084,0.00000000,132.94947062,0.00000000,0.00000000,94.69756566,106.72863180,101.68074366,1745.79450000,10073.23414348,7912.94957600
1,370,0.399000,0.281000,106.72863180,0.00000000,11.59833763,149.99874762,0.00000000,0.00000000,94.69756566,106.72863180,101.68074366,1745.79450000,10422.39304331,7912.94957600
1,371,0.477000,0.220000,106.72863180,0.00000000,34.72992564,117.43674191,0.00000000,0.00000000,94.69756566,106.72863180,101.68074366,1745.79450000,10771.55194315,7912.94957600
1,372,0.512000,0.151000,106.72863180,0.00000000,45.10948437,80.60430922,0.00000000,0.00000000,94.69756566,106.72863180,101.68074366,1745.79450000,11120.71084299,7912.94957600
1,373,0.490000,0.117000,106.72863180,0.00000000,38.58519031,62.45499456,0.00000000,0.00000000,94.69756566,106.72863180,101.68074366,1745.79450000,11469.86974282,7912.94957600
1,374,0.422000,0.112000,106.72863180,0.00000000,18.41919051,59.78597770,0.00000000,0.00000000,94.69756566,106.72863180,101.68074366,1745.79450000,11819.02864266,7912.94957600
1,375,0.291000,0.121000,86.29861681,20.43001499,0.00000000,44.16019305,0.00000000,0.00000000,94.69756566,106.72863180,101.68074366,1745.79450000,12168.18754249,7912.94957600
1,376,0.148000,0.151000,43.89070545,62.83792635,0.00000000,17.76638287,0.00000000,0.00000000,94.69756566,106.72863180,101.68074366,1745.79450000,12517.34644233,7912.94957600
1,377,0.036000,0.192000,10.67611754,96.05251426,0.00000000,6.43773322,0.00000000,0.00000000,94.69756566,106.72863180,101.68074366,1745.79450000,12866.50534217,7912.94957600
1,378,0.000000,0.253000,0.00000000,106.72863180,0.00000000,28.32362139,0.00000000,0.00000000,94.69756566,106.72863180,101.68074366,1745.79450000,13215.66424200,7912.94957600
1,379,0.000000,0.312000,0.00000000,106.72863180,0.00000000,59.81802036,0.00000000,0.00000000,94.69756566,106.72863180,101.68074366,1745.79450000,13564.82314184,7912.94957600
1,380,0.000000,0.343000,0.00000000,106.72863180,0.00000000,76.36592490,0.00000000,0.00000000,94.69756566,106.72863180,101.68074366,1745.79450000,13913.98204167,7912.94957600
1,381,0.000000,0.412000,0.00000000,106.72863180,0.00000000,113.19835759,0.00000000,0.00000000,94.69756566,106.72863180,101.68074366,1745.79450000,14263.14094151,7912.94957600
1,382,0.000000,0.476000,0.00000000,106.72863180,0.00000000,147.36177342,0.00000000,0.00000000,94.69756566,106.72863180,101.68074366,1745.79450000,14612.29984135,7912.94957600
1,383,0.000000,0.513000,0.00000000,106.72863180,0.00000000,167.11249819,0.00000000,0.00000000,94.69756566,106.72863180,101.68074366,1745.79450000,14961.45874118,7912.94957600
1,384,0.000000,0.525000,0.00000000,106.72863180,0.00000000,173.51813866,0.00000000,0.00000000,94.69756566,106.72863180,101.68074366,1745.79450000,15310.61764102,7912.94957600
1,385,0.000000,0.519000,0.00000000,106.72863180,0.00000000,170.31531843,0.00000000,0.00000000,94.69756566,106.72863180,101.68074366,1745.79450000,15659.77654085,7912.94957600
1,386,0.000000,0.599000,0.00000000,106.72863180,0.00000000,213.01958821,0.00000000,0.00000000,94.69756566,106.72863180,101.68074366,1745.79450000,16008.93544069,7912.94957600
1,387,0.000000,0.615000,0.00000000,106.72863180,0.00000000,221.56044217,0.00000000,0.00000000,94.69756566,106.72863180,101.68074366,1745.79450000,16358.09434053,7912.94957600
1,388,0.000000,0.586000,0.00000000,106.72863180,0.00000000,206.08014437,0.00000000,0.00000000,94.69756566,106.72863180,101.68074366,1745.79450000,16707.25324036,7912.94957600
1,389,0.000000,0.548000,0.00000000,106.72863180,0.00000000,185.79561622,0.00000000,0.00000000,94.69756566,106.72863180,101.68074366,1745.79450000,17056.41214020,7912.94957600
1,390,0.000000,0.532000,0.00000000,106.72863180,0.00000000,177.25476227,0.00000000,0.00000000,94.69756566,106.72863180,101.68074366,1745.79450000,17405.57104003,7912.94957600
1,391,0.039000,0.501000,11.56579400,95.16283780,0.00000000,172.27265173,0.00000000,0.00000000,94.69756566,106.72863180,101.68074366,1745.79450000,17754.72993987,7912.94957600
1,392,0.153000,0.552000,45.37349956,61.35513224,0.00000000,233.30432927,0.00000000,0.00000000,94.69756566,106.72863180,101.68074366,1745.79450000,18103.88883971,7912.94957600
1,393,0.328000,0.706000,97.27129317,9.45733863,0.00000000,367.40784222,0.00000000,0.00000000,94.69756566,106.72863180,101.68074366,1745.79450000,18453.04773954,7912.94957600
1,394,0.444000,0.744000,106.72863180,0.00000000,24.94348456,397.14970900,0.00000000,0.00000000,94.69756566,106.72863180,101.68074366,1745.79450000,18802.20663938,7912.94957600
1,395,0.493000,0.738000,106.72863180,0.00000000,39.47486678,393.94688876,0.00000000,0.00000000,94.69756566,106.72863180,101.68074366,1745.79450000,19151.36553921,7912.94957600
1,396,0.501000,0.719000,106.72863180,0.00000000,41.84733734,383.80462469,0.00000000,0.00000000,94.69756566,106.72863180,101.68074366,1745.79450000,19500.52443905,7912.94957600
1,397,0.454000,0.685000,106.72863180,0.00000000,27.90907277,365.65531003,0.00000000,0.00000000,94.69756566,106.72863180,101.68074366,1745.79450000,19849.68333889,7912.94957600
1,398,0.380000,0.618000,106.72863180,0.00000000,5.96372004,329.89048408,0.00000000,0.00000000,94.69756566,106.72863180,101.68074366,1745.79450000,20198.84223872,7912.94957600
1,399,0.278000,0.501000,82.44335214,24.28527966,0.00000000,243.15020986,0.00000000,0.00000000,94.69756566,106.72863180,101.68074366,1745.79450000,20548.00113856,7912.94957600
1,400,0.162000,0.388000,48.04252894,58.68610286,0.00000000,148.42960560,0.00000000,0.00000000,94.69756566,106.72863180,101.68074366,1745.79450000,20897.16003839,7912.94957600
1,401,0.053000,0.345000,15.71761749,91.01101431,0.00000000,93.15114914,0.00000000,0.00000000,94.69756566,106.72863180,101.68074366,1745.79450000,21246.31893823,7912.94957600
1,402,0.000000,0.410000,0.00000000,106.72863180,0.00000000,112.13075084,0.00000000,0.00000000,94.69756566,106.72863180,101.68074366,1745.79450000,21595.47783807,7912.94957600
1,403,0.000000,0.484000,0.00000000,106.72863180,0.00000000,151.63220040,0.00000000,0.00000000,94.69756566,106.72863180,101.68074366,1745.79450000,21944.63673790,7912.94957600
1,404,0.000000,0.519000,0.00000000,106.72863180,0.00000000,170.31531843,0.00000000,0.00000000,94.69756566,106.72863180,101.68074366,1745.79450000,22293.79563774,7912.94957600
1,405,0.000000,0.501000,0.00000000,106.72863180,0.00000000,160.70685772,0.00000000,0.00000000,94.69756566,106.72863180,101.68074366,1745.79450000,22642.95453757,7912.94957600
1,406,0.000000,0.471000,0.00000000,106.72863180,0.00000000,144.69275656,0.00000000,0.00000000,94.69756566,106.72863180,101.68074366,1745.79450000,22992.11343741,7912.94957600
1,407,0.000000,0.450000,0.00000000,106.72863180,0.00000000,133.48288574,0.00000000,0.00000000,94.69756566,106.72863180,101.68074366,1745.79450000,23341.27233725,7912.94957600
1,408,0.000000,0.444000,0.00000000,106.72863180,0.00000000,130.28006550,0.00000000,0.00000000,94.69756566,106.72863180,101.68074366,1745.79450000,23690.43123708,7912.94957600
1,409,0.000000,0.446000,0.00000000,106.72863180,0.00000000,131.34767225,0.00000000,0.00000000,94.69756566,106.72863180,101.68074366,1745.79450000,24039.59013692,7912.94957600
1,410,0.000000,0.454000,0.00000000,106.72863180,0.00000000,135.61809923,0.00000000,0.00000000,94.69756566,106.72863180,101.68074366,1745.79450000,24388.74903675,7912.94957600
1,411,0.000000,0.454000,0.00000000,106.72863180,0.00000000,135.61809923,0.00000000,0.00000000,94.69756566,106.72863180,101.68074366,1745.79450000,24737.90793659,7912.94957600
1,412,0.000000,0.445000,0.00000000,106.72863180,0.00000000,130.81386888,0.00000000,0.00000000,94.69756566,106.72863180,101.68074366,1745.79450000,25087.06683643,7912.94957600
1,413,0.000000,0.437000,0.00000000,106.72863180,0.00000000,126.54344190,0.00000000,0.00000000,94.69756566,106.72863180,101.68074366,1745.79450000,25436.22573626,7912.94957600
1,414,0.000000,0.431000,0.00000000,106.72863180,0.00000000,123.34062166,0.00000000,0.00000000,94.69756566,106.72863180,101.68074366,1745.79450000,25785.38463610,7912.94957600
1,415,0.141000,0.379000,41.81479371,64.91383809,0.00000000,137.39764001,0.00000000,0.00000000,94.69756566,106.72863180,101.68074366,1745.79450000,26134.54353593,7912.94957600
1,416,0.342000,0.590000,101.42311666,5.30551514,0.00000000,309.63847452,0.00000000,0.00000000,94.69756566,106.72863180,101.68074366,1745.79450000,26483.70243577,7912.94957600
1,417,0.510000,0.615000,106.72863180,0.00000000,44.51636673,328.28907397,0.00000000,0.00000000,94.69756566,106.72863180,101.68074366,1745.79450000,26832.86133561,7912.94957600
1,418,0.625000,0.532000,106.72863180,0.00000000,78.62063110,283.98339407,0.00000000,0.00000000,94.69756566,106.72863180,101.68074366,1745.79450000,27182.02023544,7912.94957600
1,419,0.689000,0.416000,106.72863180,0.00000000,97.60039562,222.06220288,0.00000000,0.00000000,94.69756566,106.72863180,101.68074366,1745.79450000,27531.17913528,7912.94957600
1,420,0.706000,0.310000,106.72863180,0.00000000,102.64189557,165.47904541,0.00000000,0.00000000,94.69756566,106.72863180,101.68074366,1745.79450000,27880.33803511,7912.94957600
1,421,0.675000,0.233000,106.72863180,0.00000000,93.44857213,124.37618575,0.00000000,0.00000000,94.69756566,106.72863180,101.68074366,1745.79450000,28229.49693495,7912.94957600
1,422,0.596000,0.194000,106.72863180,0.00000000,70.02042530,103.55785423,0.00000000,0.00000000,94.69756566,106.72863180,101.68074366,1745.79450000,28578.65583479,7912.94957600
1,423,0.478000,0.188000,106.72863180,0.00000000,35.02648447,100.35503399,0.00000000,0.00000000,94.69756566,106.72863180,101.68074366,1745.79450000,28927.81473462,7912.94957600
1,424,0.308000,0.201000,91.34011676,15.38851504,0.00000000,91.90596279,0.00000000,0.00000000,94.69756566,106.72863180,101.68074366,1745.79450000,29276.97363446,7912.94957600
1,425,0.114000,0.231000,33.80770555,73.04666054,0.00000000,50.26191846,0.00000000,0.00000000,94.69756566,106.85436609,101.68074366,1745.79450000,29552.78900253,8328.49366533
1,426,0.000000,0.320000,0.00000000,106.72863180,0.00000000,64.08844734,0.00000000,0.00000000,94.69756566,106.72863180,101.68074366,1745.79450000,29901.94790236,7912.94957600
1,427,0.000000,0.447000,0.00000000,107.32720193,0.00000000,131.28290549,0.00000000,0.00000000,94.69756566,107.32720193,101.68074366,1745.79450000,29901.94790216,9891.18697000
1,428,0.000000,0.519000,0.00000000,106.72863180,0.00000000,170.31531843,0.00000000,0.00000000,94.69756566,106.72863180,101.68074366,1745.79450000,30251.10680199,7912.94957600
1,429,0.000000,0.548000,0.00000000,107.32720193,0.00000000,185.19704610,0.00000000,0.00000000,94.69756566,107.32720193,101.68074366,1745.79450000,30251.10680179,9891.18697000
1,430,0.000000,0.545000,0.00000000,106.72863180,0.00000000,184.19420611,0.00000000,0.00000000,94.69756566,106.72863180,101.68074366,1745.79450000,30600.26570163,7912.94957600
1,431,0.000000,0.519000,0.00000000,107.32720193,0.00000000,169.71674830,0.00000000,0.00000000,94.69756566,107.32720193,101.68074366,1745.79450000,30600.26570142,9891.18697000
1,432,0.000000,0.471000,0.00000000,107.32720193,0.00000000,144.09418643,0.00000000,0.00000000,94.69756566,107.32720193,101.68074366,1745.79450000,30600.26570122,9891.18697000
1,433,0.000000,0.442000,0.00000000,106.72863180,0.00000000,129.21245876,0.00000000,0.00000000,94.69756566,106.72863180,101.68074366,1745.79450000,30949.42460105,7912.94957600
1,434,0.000000,0.432000,0.00000000,107.32720193,0.00000000,123.27585491,0.00000000,0.00000000,94.69756566,107.32720193,101.68074366,1745.79450000,30949.42460085,9891.18697000
1,435,0.000000,0.432000,0.00000000,107.32720193,0.00000000,123.27585491,0.00000000,0.00000000,94.69756566,107.32720193,101.68074366,1745.79450000,30949.42460064,9891.18697000
1,436,0.000000,0.429000,0.00000000,107.32720193,0.00000000,121.67444479,0.00000000,0.00000000,94.69756566,107.32720193,101.68074366,1745.79450000,30949.42460044,9891.18697000
1,437,0.000000,0.415000,0.00000000,107.32720193,0.00000000,114.20119758,0.00000000,0.00000000,94.69756566,107.32720193,101.68074366,1745.79450000,30949.42460023,9891.18697000
1,438,0.000000,0.395000,0.00000000,107.32720193,0.00000000,103.52513013,0.00000000,0.00000000,94.69756566,107.32720193,101.68074366,1745.79450000,30949.42460003,9891.18697000
1,439,0.146000,0.305000,43.29758781,64.02961411,0.00000000,98.78041444,0.00000000,0.00000000,94.69756566,107.32720193,101.68074366,1745.79450000,30949.42459982,9891.18697000
1,440,0.351000,0.464000,104.09214604,3.23505588,0.00000000,244.44970887,0.00000000,0.00000000,94.69756566,107.32720193,101.68074366,1745.79450000,30949.42459962,9891.18697000
1,441,0.518000,0.484000,107.32720193,0.00000000,46.29026717,258.36083220,0.00000000,0.00000000,94.69756566,107.32720193,101.68074366,1745.79450000,30949.42459941,9891.18697000
1,442,0.631000,0.437000,107.32720193,0.00000000,79.80141390,233.27207370,0.00000000,0.00000000,94.69756566,107.32720193,101.68074366,1745.79450000,30949.42459921,9891.18697000
1,443,0.695000,0.382000,107.32720193,0.00000000,98.78117842,203.91288822,0.00000000,0.00000000,94.69756566,107.32720193,101.68074366,1745.79450000,30949.42459900,9891.18697000
1,444,0.712000,0.331000,107.32720193,0.00000000,103.82267837,176.68891623,0.00000000,0.00000000,94.69756566,107.32720193,101.68074366,1745.79450000,30949.42459880,9891.18697000
1,445,0.686000,0.302000,107.32720193,0.00000000,96.11214903,161.20861844,0.00000000,0.00000000,94.69756566,107.32720193,101.68074366,1745.79450000,30949.42459859,9891.18697000
1,446,0.606000,0.282000,107.32720193,0.00000000,72.38744338,150.53255099,0.00000000,0.00000000,94.69756566,107.32720193,101.68074366,1745.79450000,30949.42459839,9891.18697000
1,447,0.468000,0.272000,107.32720193,0.00000000,31.46232613,145.19451727,0.00000000,0.00000000,94.69756566,107.32720193,101.68074366,1745.79450000,30949.42459818,9891.18697000
1,448,0.308000,0.265000,91.34011676,15.98708517,0.00000000,125.47080849,0.00000000,0.00000000,94.69756566,107.32720193,101.68074366,1745.79450000,30949.42459798,9891.18697000
1,449,0.112000,0.264000,33.21458791,74.11261401,0.00000000,66.81147627,0.00000000,0.00000000,94.69756566,107.32720193,101.68074366,1745.79450000,30949.42459777,9891.18697000
1,450,0.000000,0.323000,0.00000000,107.32720193,0.00000000,65.09128733,0.00000000,0.00000000,94.69756566,107.32720193,101.68074366,1745.79450000,30949.42459757,9891.18697000
1,451,0.000000,0.407000,0.00000000,107.32720193,0.00000000,109.93077060,0.00000000,0.00000000,94.69756566,107.32720193,101.68074366,1745.79450000,30949.42459736,9891.18697000
1,452,0.000000,0.446000,0.00000000,107.32720193,0.00000000,130.74910212,0.00000000,0.00000000,94.69756566,107.32720193,101.68074366,1745.79450000,30949.42459716,9891.18697000
1,453,0.000000,0.430000,0.00000000,107.32720193,0.00000000,122.20824817,0.00000000,0.00000000,94.69756566,107.32720193,101.68074366,1745.79450000,30949.42459695,9891.18697000
1,454,0.000000,0.407000,0.00000000,107.32720193,0.00000000,109.93077060,0.00000000,0.00000000,94.69756566,107.32720193,101.68074366,1745.79450000,30949.42459675,9891.18697000
1,455,0.000000,0.372000,0.00000000,107.32720193,0.00000000,91.24765257,0.00000000,0.00000000,94.69756566,107.32720193,101.68074366,1745.79450000,30949.42459654,9891.18697000
1,456,0.000000,0.334000,0.00000000,107.32720193,0.00000000,70.96312442,0.00000000,0.00000000,94.69756566,107.32720193,101.68074366,1745.79450000,30949.42459634,9891.18697000
1,457,0.000000,0.320000,0.00000000,107.32720193,0.00000000,63.48987721,0.00000000,0.00000000,94.69756566,107.32720193,101.68074366,1745.79450000,30949.42459613,9891.18697000
1,458,0.000000,0.316000,0.00000000,107.32720193,0.00000000,61.35466372,0.00000000,0.00000000,94.69756566,107.32720193,101.68074366,1745.79450000,30949.42459593,9891.18697000
1,459,0.000000,0.314000,0.00000000,107.32720193,0.00000000,60.28705698,0.00000000,0.00000000,94.69756566,107.32720193,101.68074366,1745.79450000,30949.42459572,9891.18697000
1,460,0.000000,0.315000,0.00000000,107.32720193,0.00000000,60.82086035,0.00000000,0.00000000,94.69756566,107.32720193,101.68074366,1745.79450000,30949.42459552,9891.18697000
1,461,0.000000,0.316000,0.00000000,107.32720193,0.00000000,61.35466372,0.00000000,0.00000000,94.69756566,107.32720193,101.68074366,1745.79450000,30949.42459531,9891.18697000
1,462,0.000000,0.313000,0.00000000,107.32720193,0.00000000,59.75325361,0.00000000,0.00000000,94.69756566,107.32720193,101.68074366,1745.79450000,30949.42459511,9891.18697000
1,463,0.137000,0.248000,40.62855843,66.69864350,0.00000000,65.68459283,0.00000000,0.00000000,94.69756566,107.32720193,101.68074366,1745.79450000,30949.42459490,9891.18697000
1,464,0.333000,0.387000,98.75408727,8.57311465,0.00000000,198.00879043,0.00000000,0.00000000,94.69756566,107.32720193,101.68074366,1745.79450000,30949.42459470,9891.18697000
1,465,0.495000,0.391000,107.32720193,0.00000000,39.46941429,208.71711857,0.00000000,0.00000000,94.69756566,107.32720193,101.68074366,1745.79450000,30949.42459449,9891.18697000
1,466,0.607000,0.322000,107.32720193,0.00000000,72.68400220,171.88468588,0.00000000,0.00000000,94.69756566,107.32720193,101.68074366,1745.79450000,30949.42459429,9891.18697000
1,467,0.669000,0.242000,107.32720193,0.00000000,91.07064908,129.18041610,0.00000000,0.00000000,94.69756566,107.32720193,101.68074366,1745.79450000,30949.42459408,9891.18697000
1,468,0.685000,0.174000,107.32720193,0.00000000,95.81559021,92.88178678,0.00000000,0.00000000,94.69756566,107.32720193,101.68074366,1745.79450000,30949.42459388,9891.18697000
1,469,0.648000,0.138000,107.32720193,0.00000000,84.84291385,73.66486538,0.00000000,0.00000000,94.69756566,107.32720193,101.68074366,1745.79450000,30949.42459367,9891.18697000
1,470,0.576000,0.122000,107.32720193,0.00000000,63.49067876,65.12401142,0.00000000,0.00000000,94.69756566,107.32720193,101.68074366,1745.79450000,30949.42459347,9891.18697000
1,471,0.461000,0.119000,107.32720193,0.00000000,29.38641439,63.52260130,0.00000000,0.00000000,94.69756566,107.32720193,101.68074366,1745.79450000,30949.42459326,9891.18697000
1,472,0.285000,0.123000,84.51926388,22.80793804,0.00000000,42.84987675,0.00000000,0.00000000,94.69756566,107.32720193,101.68074366,1745.79450000,30949.42459306,9891.18697000
1,473,0.095000,0.152000,28.17308796,79.15411396,0.00000000,1.98399863,0.00000000,0.00000000,94.69756566,107.32720193,101.68074366,1745.79450000,30949.42459285,9891.18697000
1,474,0.000000,0.225000,0.00000000,107.32720193,0.00000000,12.77855684,0.00000000,0.00000000,94.69756566,107.32720193,101.68074366,1745.79450000,30949.42459265,9891.18697000
1,475,0.000000,0.337000,0.00000000,107.32720193,0.00000000,72.56453454,0.00000000,0.00000000,94.69756566,107.32720193,101.68074366,1745.79450000,30949.42459244,9891.18697000
1,476,0.000000,0.426000,0.00000000,107.32720193,0.00000000,120.07303468,0.00000000,0.00000000,94.69756566,107.32720193,101.68074366,1745.79450000,30949.42459224,9891.18697000
1,477,0.000000,0.498000,0.00000000,107.32720193,0.00000000,158.50687748,0.00000000,0.00000000,94.69756566,107.32720193,101.68074366,1745.79450000,30949.42459203,9891.18697000
1,478,0.000000,0.494000,0.00000000,107.32720193,0.00000000,156.37166399,0.00000000,0.00000000,94.69756566,107.32720193,101.68074366,1745.79450000,30949.42459183,9891.18697000
1,479,0.000000,0.426000,0.00000000,107.32720193,0.00000000,120.07303468,0.00000000,0.00000000,94.69756566,107.32720193,101.68074366,1745.79450000,30949.42459162,9891.18697000
1,480,0.000000,0.398000,0.00000000,107.32720193,0.00000000,105.12654025,0.00000000,0.00000000,94.69756566,107.32720193,101.68074366,1745.79450000,30949.42459142,9891.18697000
1,481,0.000000,0.391000,0.00000000,107.32720193,0.00000000,101.38991665,0.00000000,0.00000000,94.69756566,107.32720193,101.68074366,1745.79450000,30949.42459121,9891.18697000
1,482,0.000000,0.415000,0.00000000,107.32720193,0.00000000,114.20119758,0.00000000,0.00000000,94.69756566,107.32720193,101.68074366,1745.79450000,30949.42459101,9891.18697000
1,483,0.000000,0.400000,0.00000000,107.32720193,0.00000000,106.19414700,0.00000000,0.00000000,94.69756566,107.32720193,101.68074366,1745.79450000,30949.42459080,9891.18697000
1,484,0.000000,0.410000,0.00000000,107.32720193,0.00000000,111.53218072,0.00000000,0.00000000,94.69756566,107.32720193,101.68074366,1745.79450000,30949.42459060,9891.18697000
1,485,0.000000,0.398000,0.00000000,107.32720193,0.00000000,105.12654025,0.00000000,0.00000000,94.69756566,107.32720193,101.68074366,1745.79450000,30949.42459039,9891.18697000
1,486,0.000000,0.358000,0.00000000,107.32720193,0.00000000,83.77440536,0.00000000,0.00000000,94.69756566,107.32720193,101.68074366,1745.79450000,30949.42459019,9891.18697000
1,487,0.095000,0.249000,28.17308796,79.15411396,0.00000000,53.76292574,0.00000000,0.00000000,94.69756566,107.32720193,101.68074366,1745.79450000,30949.42458998,9891.18697000
1,488,0.298000,0.328000,88.37452855,18.95267337,0.00000000,156.13483274,0.00000000,0.00000000,94.69756566,107.32720193,101.68074366,1745.79450000,30949.42458978,9891.18697000
1,489,0.480000,0.386000,107.32720193,0.00000000,35.02103198,206.04810171,0.00000000,0.00000000,94.69756566,107.32720193,101.68074366,1745.79450000,30949.42458957,9891.18697000
1,490,0.601000,0.311000,107.32720193,0.00000000,70.90464928,166.01284879,0.00000000,0.00000000,94.69756566,107.32720193,101.68074366,1745.79450000,30949.42458937,9891.18697000
1,491,0.671000,0.224000,107.32720193,0.00000000,91.66376672,119.57195540,0.00000000,0.00000000,94.69756566,107.32720193,101.68074366,1745.79450000,30949.42458916,9891.18697000
1,492,0.696000,0.153000,107.32720193,0.00000000,99.07773724,81.67191596,0.00000000,0.00000000,94.69756566,107.32720193,101.68074366,1745.79450000,30949.42458896,9891.18697000
1,493,0.673000,0.111000,107.32720193,0.00000000,92.25688437,59.25217433,0.00000000,0.00000000,94.69756566,107.32720193,101.68074366,1745.79450000,30949.42458875,9891.18697000
1,494,0.588000,0.095000,107.32720193,0.00000000,67.04938461,50.71132037,0.00000000,0.00000000,94.69756566,107.32720193,101.68074366,1745.79450000,30949.42458855,9891.18697000
1,495,0.469000,0.100000,107.32720193,0.00000000,31.75888495,53.38033723,0.00000000,0.00000000,94.69756566,107.32720193,101.68074366,1745.79450000,30949.42458834,9891.18697000
1,496,0.282000,0.124000,83.62958742,23.69761451,0.00000000,42.49400366,0.00000000,0.00000000,94.69756566,107.32720193,101.68074366,1745.79450000,30949.42458814,9891.18697000
1,497,0.102000,0.182000,30.24899971,77.07820222,0.00000000,20.07401154,0.00000000,0.00000000,94.69756566,107.32720193,101.68074366,1745.79450000,30949.42458793,9891.18697000
1,498,0.000000,0.285000,0.00000000,107.32720193,0.00000000,44.80675918,0.00000000,0.00000000,94.69756566,107.32720193,101.68074366,1745.79450000,30949.42458773,9891.18697000
1,499,0.000000,0.402000,0.00000000,107.32720193,0.00000000,107.26175374,0.00000000,0.00000000,94.69756566,107.32720193,101.68074366,1745.79450000,30949.42458752,9891.18697000
1,500,0.000000,0.475000,0.00000000,107.32720193,0.00000000,146.22939992,0.00000000,0.00000000,94.69756566,107.32720193,101.68074366,1745.79450000,30949.42458732,9891.18697000
1,501,0.000000,0.517000,0.00000000,107.32720193,0.00000000,168.64914156,0.00000000,0.00000000,94.69756566,107.32720193,101.68074366,1745.79450000,30949.42458711,9891.18697000
1,502,0.000000,0.544000,0.00000000,107.32720193,0.00000000,183.06183261,0.00000000,0.00000000,94.69756566,107.32720193,101.68074366,1745.79450000,30949.42458691,9891.18697000
1,503,0.000000,0.501000,0.00000000,107.32720193,0.00000000,160.10828760,0.00000000,0.00000000,94.69756566,107.32720193,101.68074366,1745.79450000,30949.42458670,9891.18697000
1,504,0.000000,0.429000,0.00000000,107.32720193,0.00000000,121.67444479,0.00000000,0.00000000,94.69756566,107.32720193,101.68074366,1745.79450000,30949.42458650,9891.18697000
1,505,0.000000,0.378000,0.00000000,107.32720193,0.00000000,94.45047281,0.00000000,0.00000000,94.69756566,107.32720193,101.68074366,1745.79450000,30949.42458629,9891.18697000
1,506,0.000000,0.327000,0.00000000,107.32720193,0.00000000,67.22650082,0.00000000,0.00000000,94.69756566,107.32720193,101.68074366,1745.79450000,30949.42458609,9891.18697000
1,507,0.000000,0.322000,0.00000000,107.32720193,0.00000000,64.55748396,0.00000000,0.00000000,94.69756566,107.32720193,101.68074366,1745.79450000,30949.42458588,9891.18697000
1,508,0.000000,0.342000,0.00000000,107.32720193,0.00000000,75.23355140,0.00000000,0.00000000,94.69756566,107.32720193,101.68074366,1745.79450000,30949.42458568,9891.18697000
1,509,0.000000,0.362000,0.00000000,107.32720193,0.00000000,85.90961885,0.00000000,0.00000000,94.69756566,107.32720193,101.68074366,1745.79450000,30949.42458547,9891.18697000
1,510,0.000000,0.368000,0.00000000,107.32720193,0.00000000,89.11243908,0.00000000,0.00000000,94.69756566,107.32720193,101.68074366,1745.79450000,30949.42458527,9891.18697000
1,511,0.119000,0.283000,35.29049966,72.03670227,0.00000000,79.02965209,0.00000000,0.00000000,94.69756566,107.32720193,101.68074366,1745.79450000,30949.42458506,9891.18697000
1,512,0.316000,0.392000,93.71258732,13.61461460,0.00000000,195.63630734,0.00000000,0.00000000,94.69756566,107.32720193,101.68074366,1745.79450000,30949.42458486,9891.18697000
1,513,0.485000,0.449000,107.32720193,0.00000000,36.50382608,239.67771417,0.00000000,0.00000000,94.69756566,107.32720193,101.68074366,1745.79450000,30949.42458465,9891.18697000
1,514,0.608000,0.401000,107.32720193,0.00000000,72.98056102,214.05515229,0.00000000,0.00000000,94.69756566,107.32720193,101.68074366,1745.79450000,30949.42458445,9891.18697000
1,515,0.671000,0.337000,107.32720193,0.00000000,91.66376672,179.89173647,0.00000000,0.00000000,94.69756566,107.32720193,101.68074366,1745.79450000,30949.42458424,9891.18697000
1,516,0.674000,0.273000,107.32720193,0.00000000,92.55344319,145.72832064,0.00000000,0.00000000,94.69756566,107.32720193,101.68074366,1745.79450000,30949.42458404,9891.18697000
1,517,0.621000,0.234000,107.32720193,0.00000000,76.83582569,124.90998912,0.00000000,0.00000000,94.69756566,107.32720193,101.68074366,1745.79450000,30949.42458383,9891.18697000
1,518,0.532000,0.228000,107.32720193,0.00000000,50.44209066,121.70716889,0.00000000,0.00000000,94.69756566,107.32720193,101.68074366,1745.79450000,30949.42458363,9891.18697000
1,519,0.383000,0.252000,107.32720193,0.00000000,6.25482638,134.51844982,0.00000000,0.00000000,94.69756566,107.32720193,101.68074366,1745.79450000,30949.42458342,9891.18697000
1,520,0.219000,0.283000,64.94638172,42.38082021,0.00000000,108.68553416,0.00000000,0.00000000,94.69756566,107.32720193,101.68074366,1745.79450000,30949.42458322,9891.18697000
1,521,0.076000,0.292000,22.53847037,84.78873156,0.00000000,71.08185316,0.00000000,0.00000000,94.69756566,107.32720193,101.68074366,1745.79450000,30949.42458301,9891.18697000
1,522,0.000000,0.354000,0.00000000,107.32720193,0.00000000,81.63919187,0.00000000,0.00000000,94.69756566,107.32720193,101.68074366,1745.79450000,30949.42458281,9891.18697000
1,523,0.000000,0.432000,0.00000000,107.32720193,0.00000000,123.27585491,0.00000000,0.00000000,94.69756566,107.32720193,101.68074366,1745.79450000,30949.42458260,9891.18697000
1,524,0.000000,0.464000,0.00000000,107.32720193,0.00000000,140.35756282,0.00000000,0.00000000,94.69756566,107.32720193,101.68074366,1745.79450000,30949.42458240,9891.18697000
1,525,0.000000,0.455000,0.00000000,107.32720193,0.00000000,135.55333247,0.00000000,0.00000000,94.69756566,107.32720193,101.68074366,1745.79450000,30949.42458219,9891.18697000
1,526,0.000000,0.425000,0.00000000,107.32720193,0.00000000,119.53923130,0.00000000,0.00000000,94.69756566,107.32720193,101.68074366,1745.79450000,30949.42458199,9891.18697000
1,527,0.000000,0.389000,0.00000000,107.32720193,0.00000000,100.32230990,0.00000000,0.00000000,94.69756566,107.32720193,101.68074366,1745.79450000,30949.42458178,9891.18697000
1,528,0.000000,0.368000,0.00000000,107.32720193,0.00000000,89.11243908,0.00000000,0.00000000,94.69756566,107.32720193,101.68074366,1745.79450000,30949.42458158,9891.18697000
1,529,0.000000,0.361000,0.00000000,107.32720193,0.00000000,85.37581548,0.00000000,0.00000000,94.69756566,107.32720193,101.68074366,1745.79450000,30949.42458137,9891.18697000
1,530,0.000000,0.375000,0.00000000,107.32720193,0.00000000,92.84906269,0.00000000,0.00000000,94.69756566,107.32720193,101.68074366,1745.79450000,30949.42458117,9891.18697000
1,531,0.000000,0.401000,0.00000000,107.32720193,0.00000000,106.72795037,0.00000000,0.00000000,94.69756566,107.32720193,101.68074366,1745.79450000,30949.42458096,9891.18697000
1,532,0.000000,0.398000,0.00000000,107.32720193,0.00000000,105.12654025,0.00000000,0.00000000,94.69756566,107.32720193,101.68074366,1745.79450000,30949.42458076,9891.18697000
1,533,0.000000,0.376000,0.00000000,107.32720193,0.00000000,93.38286606,0.00000000,0.00000000,94.69756566,107.32720193,101.68074366,1745.79450000,30949.42458055,9891.18697000
1,534,0.000000,0.352000,0.00000000,107.32720193,0.00000000,80.57158513,0.00000000,0.00000000,94.69756566,107.32720193,101.68074366,1745.79450000,30949.42458035,9891.18697000
1,535,0.118000,0.239000,34.99394084,72.33326109,0.00000000,55.24574489,0.00000000,0.00000000,94.69756566,107.32720193,101.68074366,1745.79450000,30949.42458014,9891.18697000
1,536,0.322000,0.309000,95.49194025,11.83526168,0.00000000,153.10998036,0.00000000,0.00000000,94.69756566,107.32720193,101.68074366,1745.79450000,30949.42457994,9891.18697000
1,537,0.488000,0.442000,107.32720193,0.00000000,37.39350255,235.94109056,0.00000000,0.00000000,94.69756566,107.32720193,101.68074366,1745.79450000,30949.42457973,9891.18697000
1,538,0.589000,0.453000,107.32720193,0.00000000,67.34594343,241.81292765,0.00000000,0.00000000,94.69756566,107.32720193,101.68074366,1745.79450000,30949.42457953,9891.18697000
1,539,0.635000,0.411000,107.32720193,0.00000000,80.98764918,219.39318602,0.00000000,0.00000000,94.69756566,107.32720193,101.68074366,1745.79450000,30949.42457932,9891.18697000
1,540,0.647000,0.379000,107.32720193,0.00000000,84.54635503,202.31147810,0.00000000,0.00000000,94.69756566,107.32720193,101.68074366,1745.79450000,30949.42457912,9891.18697000
1,541,0.634000,0.393000,107.32720193,0.00000000,80.69109036,209.78472532,0.00000000,0.00000000,94.69756566,107.32720193,101.68074366,1745.79450000,30949.42457891,9891.18697000
1,542,0.574000,0.434000,107.32720193,0.00000000,62.89756112,231.67066358,0.00000000,0.00000000,94.69756566,107.32720193,101.68074366,1745.79450000,30949.42457871,9891.18697000
1,543,0.466000,0.484000,107.32720193,0.00000000,30.86920849,258.36083220,0.00000000,0.00000000,94.69756566,107.32720193,101.68074366,1745.79450000,30949.42457850,9891.18697000
1,544,0.287000,0.518000,85.11238152,22.21482040,0.00000000,254.29532645,0.00000000,0.00000000,94.69756566,107.32720193,101.68074366,1745.79450000,30949.42457830,9891.18697000
1,545,0.112000,0.535000,33.21458791,74.11261401,0.00000000,211.47219017,0.00000000,0.00000000,94.69756566,107.32720193,101.68074366,1745.79450000,30949.42457809,9891.18697000
1,546,0.000000,0.575000,0.00000000,107.32720193,0.00000000,199.60973715,0.00000000,0.00000000,94.69756566,107.32720193,101.68074366,1745.79450000,30949.42457789,9891.18697000
1,547,0.000000,0.606000,0.00000000,107.32720193,0.00000000,216.15764169,0.00000000,0.00000000,94.69756566,107.32720193,101.68074366,1745.79450000,30949.42457768,9891.18697000
1,548,0.000000,0.574000,0.00000000,107.32720193,0.00000000,199.07593378,0.00000000,0.00000000,94.69756566,107.32720193,101.68074366,1745.79450000,30949.42457748,9891.18697000
1,549,0.000000,0.524000,0.00000000,107.32720193,0.00000000,172.38576516,0.00000000,0.00000000,94.69756566,107.32720193,101.68074366,1745.79450000,30949.42457727,9891.18697000
1,550,0.000000,0.479000,0.00000000,107.32720193,0.00000000,148.36461341,0.00000000,0.00000000,94.69756566,107.32720193,101.68074366,1745.79450000,30949.42457707,9891.18697000
1,551,0.000000,0.446000,0.00000000,107.32720193,0.00000000,130.74910212,0.00000000,0.00000000,94.69756566,107.32720193,101.68074366,1745.79450000,30949.42457686,9891.18697000
1,552,0.000000,0.410000,0.00000000,107.32720193,0.00000000,111.53218072,0.00000000,0.00000000,94.69756566,107.32720193,101.68074366,1745.79450000,30949.42457666,9891.18697000
1,553,0.000000,0.379000,0.00000000,107.32720193,0.00000000,94.98427618,0.00000000,0.00000000,94.69756566,107.32720193,101.68074366,1745.79450000,30949.42457645,9891.18697000
1,554,0.000000,0.361000,0.00000000,107.32720193,0.00000000,85.37581548,0.00000000,0.00000000,94.69756566,107.32720193,101.68074366,1745.79450000,30949.42457625,9891.18697000
1,555,0.000000,0.355000,0.00000000,107.32720193,0.00000000,82.17299524,0.00000000,0.00000000,94.69756566,107.32720193,101.68074366,1745.79450000,30949.42457604,9891.18697000
1,556,0.000000,0.341000,0.00000000,107.32720193,0.00000000,74.69974803,0.00000000,0.00000000,94.69756566,107.32720193,101.68074366,1745.79450000,30949.42457584,9891.18697000
1,557,0.000000,0.312000,0.00000000,107.32720193,0.00000000,59.21945023,0.00000000,0.00000000,94.69756566,107.32720193,101.68074366,1745.79450000,30949.42457563,9891.18697000
1,558,0.000000,0.282000,0.00000000,107.32720193,0.00000000,43.20534906,0.00000000,0.00000000,94.69756566,107.32720193,101.68074366,1745.79450000,30949.42457543,9891.18697000
1,559,0.052000,0.208000,15.42105867,91.90614325,0.00000000,19.12495819,0.00000000,0.00000000,94.69756566,107.32720193,101.68074366,1745.79450000,30949.42457522,9891.18697000
1,560,0.149000,0.156000,44.18726428,63.13993765,0.00000000,20.13338843,0.00000000,0.00000000,94.69756566,107.32720193,101.68074366,1745.79450000,30949.42457502,9891.18697000
1,561,0.282000,0.239000,83.62958742,23.69761451,0.00000000,103.88139148,0.00000000,0.00000000,94.69756566,107.32720193,101.68074366,1745.79450000,30949.42457481,9891.18697000
1,562,0.450000,0.374000,107.32720193,0.00000000,26.12426736,199.64246124,0.00000000,0.00000000,94.69756566,107.32720193,101.68074366,1745.79450000,30949.42457461,9891.18697000
1,563,0.589000,0.406000,107.32720193,0.00000000,67.34594343,216.72416916,0.00000000,0.00000000,94.69756566,107.32720193,101.68074366,1745.79450000,30949.42457440,9891.18697000
1,564,0.661000,0.358000,107.32720193,0.00000000,88.69817852,191.10160729,0.00000000,0.00000000,94.69756566,107.32720193,101.68074366,1745.79450000,30949.42457420,9891.18697000
1,565,0.664000,0.312000,107.32720193,0.00000000,89.58785498,166.54665216,0.00000000,0.00000000,94.69756566,107.32720193,101.68074366,1745.79450000,30949.42457399,9891.18697000
1,566,0.602000,0.276000,107.32720193,0.00000000,71.20120810,147.32973076,0.00000000,0.00000000,94.69756566,107.32720193,101.68074366,1745.79450000,30949.42457379,9891.18697000
1,567,0.488000,0.265000,107.32720193,0.00000000,37.39350255,141.45789366,0.00000000,0.00000000,94.69756566,107.32720193,101.68074366,1745.79450000,30949.42457358,9891.18697000
1,568,0.316000,0.280000,93.71258732,13.61461460,0.00000000,135.85032964,0.00000000,0.00000000,94.69756566,107.32720193,101.68074366,1745.79450000,30949.42457338,9891.18697000
1,569,0.113000,0.289000,33.51114673,73.81605519,0.00000000,80.45311940,0.00000000,0.00000000,94.69756566,107.32720193,101.68074366,1745.79450000,30949.42457317,9891.18697000
1,570,0.000000,0.355000,0.00000000,107.32720193,0.00000000,82.17299524,0.00000000,0.00000000,94.69756566,107.32720193,101.68074366,1745.79450000,30949.42457297,9891.18697000
1,571,0.000000,0.420000,0.00000000,107.32720193,0.00000000,116.87021444,0.00000000,0.00000000,94.69756566,107.32720193,101.68074366,1745.79450000,30949.42457276,9891.18697000
1,572,0.000000,0.442000,0.00000000,107.32720193,0.00000000,128.61388863,0.00000000,0.00000000,94.69756566,107.32720193,101.68074366,1745.79450000,30949.42457256,9891.18697000
1,573,0.000000,0.435000,0.00000000,107.32720193,0.00000000,124.87726503,0.00000000,0.00000000,94.69756566,107.32720193,101.68074366,1745.79450000,30949.42457235,9891.18697000
1,574,0.000000,0.412000,0.00000000,107.32720193,0.00000000,112.59978746,0.00000000,0.00000000,94.69756566,107.32720193,101.68074366,1745.79450000,30949.42457215,9891.18697000
1,575,0.000000,0.377000,0.00000000,107.32720193,0.00000000,93.91666943,0.00000000,0.00000000,94.69756566,107.32720193,101.68074366,1745.79450000,30949.42457194,9891.18697000
1,576,0.000000,0.338000,0.00000000,107.32720193,0.00000000,73.09833791,0.00000000,0.00000000,94.69756566,107.32720193,101.68074366,1745.79450000,30949.42457174,9891.18697000
1,577,0.000000,0.314000,0.00000000,107.32720193,0.00000000,60.28705698,0.00000000,0.00000000,94.69756566,107.32720193,101.68074366,1745.79450000,30949.42457153,9891.18697000
1,578,0.000000,0.308000,0.00000000,107.32720193,0.00000000,57.08423674,0.00000000,0.00000000,94.69756566,107.32720193,101.68074366,1745.79450000,30949.42457133,9891.18697000
1,579,0.000000,0.289000,0.00000000,107.32720193,0.00000000,46.94197267,0.00000000,0.00000000,94.69756566,107.32720193,101.68074366,1745.79450000,30949.42457112,9891.18697000
1,580,0.000000,0.262000,0.00000000,107.32720193,0.00000000,32.52928162,0.00000000,0.00000000,94.69756566,107.32720193,101.68074366,1745.79450000,30949.42457092,9891.18697000
1,581,0.000000,0.236000,0.00000000,107.32720193,0.00000000,18.65039394,0.00000000,0.00000000,94.69756566,107.32720193,101.68074366,1745.79450000,30949.42457071,9891.18697000
1,582,0.000000,0.210000,0.00000000,107.32720193,0.00000000,4.77150626,0.00000000,0.00000000,94.69756566,107.32720193,101.68074366,1745.79450000,30949.42457051,9891.18697000
1,583,0.095000,0.147000,28.17308796,78.46909573,0.00000000,0.00000000,0.08644811,0.00000000,94.69756566,106.72863180,101.68074366,1745.79450000,31298.58347034,7912.94957600
1,584,0.283000,0.248000,83.92614624,23.40105568,0.00000000,108.98218065,0.00000000,0.00000000,94.69756566,107.32720193,101.68074366,1745.79450000,31298.58347014,9891.18697000
1,585,0.454000,0.413000,107.32720193,0.00000000,27.31050265,220.46079276,0.00000000,0.00000000,94.69756566,107.32720193,101.68074366,1745.79450000,31298.58346993,9891.18697000
1,586,0.565000,0.421000,107.32720193,0.00000000,60.22853174,224.73121974,0.00000000,0.00000000,94.69756566,107.32720193,101.68074366,1745.79450000,31298.58346973,9891.18697000
1,587,0.590000,0.379000,107.32720193,0.00000000,67.64250225,202.31147810,0.00000000,0.00000000,94.69756566,107.32720193,101.68074366,1745.79450000,31298.58346952,9891.18697000
1,588,0.565000,0.320000,107.32720193,0.00000000,60.22853174,170.81707914,0.00000000,0.00000000,94.69756566,107.32720193,101.68074366,1745.79450000,31298.58346932,9891.18697000
1,589,0.523000,0.261000,107.32720193,0.00000000,47.77306127,139.32268017,0.00000000,0.00000000,94.69756566,107.32720193,101.68074366,1745.79450000,31298.58346911,9891.18697000
1,590,0.468000,0.217000,107.32720193,0.00000000,31.46232613,115.83533179,0.00000000,0.00000000,94.69756566,107.32720193,101.68074366,1745.79450000,31298.58346891,9891.18697000
1,591,0.376000,0.184000,107.32720193,0.00000000,4.17891464,98.21982050,0.00000000,0.00000000,94.69756566,107.32720193,101.68074366,1745.79450000,31298.58346870,9891.18697000
1,592,0.232000,0.162000,68.80164639,38.52555554,0.00000000,47.95059078,0.00000000,0.00000000,94.69756566,107.32720193,101.68074366,1745.79450000,31298.58346850,9891.18697000
1,593,0.074000,0.170000,21.94535273,85.38184920,0.00000000,5.36472409,0.00000000,0.00000000,94.69756566,107.32720193,101.68074366,1745.79450000,31298.58346829,9891.18697000
1,594,0.000000,0.264000,0.00000000,107.32720193,0.00000000,33.59688836,0.00000000,0.00000000,94.69756566,107.32720193,101.68074366,1745.79450000,31298.58346809,9891.18697000
1,595,0.000000,0.382000,0.00000000,107.32720193,0.00000000,96.58568629,0.00000000,0.00000000,94.69756566,107.32720193,101.68074366,1745.79450000,31298.58346788,9891.18697000
1,596,0.000000,0.436000,0.00000000,107.32720193,0.00000000,125.41106840,0.00000000,0.00000000,94.69756566,107.32720193,101.68074366,1745.79450000,31298.58346768,9891.18697000
1,597,0.000000,0.410000,0.00000000,107.32720193,0.00000000,111.53218072,0.00000000,0.00000000,94.69756566,107.32720193,101.68074366,1745.79450000,31298.58346747,9891.18697000
1,598,0.000000,0.367000,0.00000000,107.32720193,0.00000000,88.57863571,0.00000000,0.00000000,94.69756566,107.32720193,101.68074366,1745.79450000,31298.58346727,9891.18697000
1,599,0.000000,0.305000,0.00000000,107.32720193,0.00000000,55.48282663,0.00000000,0.00000000,94.69756566,107.32720193,101.68074366,1745.79450000,31298.58346706,9891.18697000
1,600,0.000000,0.250000,0.00000000,107.32720193,0.00000000,26.12364115,0.00000000,0.00000000,94.69756566,107.32720193,101.68074366,1745.79450000,31298.58346686,9891.18697000
1,601,0.000000,0.225000,0.00000000,107.32720193,0.00000000,12.77855684,0.00000000,0.00000000,94.69756566,107.32720193,101.68074366,1745.79450000,31298.58346665,9891.18697000
1,602,0.000000,0.249000,0.00000000,107.32720193,0.00000000,25.58983778,0.00000000,0.00000000,94.69756566,107.32720193,101.68074366,1745.79450000,31298.58346645,9891.18697000
1,603,0.000000,0.280000,0.00000000,107.32720193,0.00000000,42.13774232,0.00000000,0.00000000,94.69756566,107.32720193,101.68074366,1745.79450000,31298.58346624,9891.18697000
1,604,0.000000,0.273000,0.00000000,107.32720193,0.00000000,38.40111871,0.00000000,0.00000000,94.69756566,107.32720193,101.68074366,1745.79450000,31298.58346604,9891.18697000
1,605,0.000000,0.249000,0.00000000,107.32720193,0.00000000,25.58983778,0.00000000,0.00000000,94.69756566,107.32720193,101.68074366,1745.79450000,31298.58346583,9891.18697000
1,606,0.000000,0.249000,0.00000000,107.32720193,0.00000000,25.58983778,0.00000000,0.00000000,94.69756566,107.32720193,101.68074366,1745.79450000,31298.58346563,9891.18697000
1,607,0.077000,0.186000,22.83502919,84.49217274,0.00000000,14.79525451,0.00000000,0.00000000,94.69756566,107.32720193,101.68074366,1745.79450000,31298.58346542,9891.18697000
1,608,0.230000,0.295000,68.20852875,39.11867318,0.00000000,118.35332165,0.00000000,0.00000000,94.69756566,107.32720193,101.68074366,1745.79450000,31298.58346522,9891.18697000
1,609,0.395000,0.374000,107.32720193,0.00000000,9.81353223,199.64246124,0.00000000,0.00000000,94.69756566,107.32720193,101.68074366,1745.79450000,31298.58346501,9891.18697000
1,610,0.520000,0.310000,107.32720193,0.00000000,46.88338481,165.47904541,0.00000000,0.00000000,94.69756566,107.32720193,101.68074366,1745.79450000,31298.58346481,9891.18697000
1,611,0.593000,0.220000,107.32720193,0.00000000,68.53217871,117.43674191,0.00000000,0.00000000,94.69756566,107.32720193,101.68074366,1745.79450000,31298.58346460,9891.18697000
1,612,0.598000,0.161000,107.32720193,0.00000000,70.01497282,85.94234294,0.00000000,0.00000000,94.69756566,107.32720193,101.68074366,1745.79450000,31298.58346440,9891.18697000
1,613,0.555000,0.138000,107.32720193,0.00000000,57.26294353,73.66486538,0.00000000,0.00000000,94.69756566,107.32720193,101.68074366,1745.79450000,31298.58346419,9891.18697000
1,614,0.465000,0.132000,107.32720193,0.00000000,30.57264967,70.46204514,0.00000000,0.00000000,94.69756566,107.32720193,101.68074366,1745.79450000,31298.58346399,9891.18697000
1,615,0.325000,0.137000,96.38161671,10.94558522,0.00000000,62.18547679,0.00000000,0.00000000,94.69756566,107.32720193,101.68074366,1745.79450000,31298.58346378,9891.18697000
1,616,0.175000,0.162000,51.89779361,55.42940831,0.00000000,31.04673800,0.00000000,0.00000000,94.69756566,107.32720193,101.68074366,1745.79450000,31298.58346358,9891.18697000
1,617,0.050000,0.201000,14.82794103,92.49926089,0.00000000,14.79521694,0.00000000,0.00000000,94.69756566,107.32720193,101.68074366,1745.79450000,31298.58346337,9891.18697000
1,618,0.000000,0.277000,0.00000000,107.32720193,0.00000000,40.53633220,0.00000000,0.00000000,94.69756566,107.32720193,101.68074366,1745.79450000,31298.58346317,9891.18697000
1,619,0.000000,0.344000,0.00000000,107.32720193,0.00000000,76.30115815,0.00000000,0.00000000,94.69756566,107.32720193,101.68074366,1745.79450000,31298.58346296,9891.18697000
1,620,0.000000,0.378000,0.00000000,107.32720193,0.00000000,94.45047281,0.00000000,0.00000000,94.69756566,107.32720193,101.68074366,1745.79450000,31298.58346276,9891.18697000
1,621,0.000000,0.400000,0.00000000,107.32720193,0.00000000,106.19414700,0.00000000,0.00000000,94.69756566,107.32720193,101.68074366,1745.79450000,31298.58346255,9891.18697000
1,622,0.000000,0.391000,0.00000000,107.32720193,0.00000000,101.38991665,0.00000000,0.00000000,94.69756566,107.32720193,101.68074366,1745.79450000,31298.58346235,9891.18697000
1,623,0.000000,0.383000,0.00000000,107.32720193,0.00000000,97.11948967,0.00000000,0.00000000,94.69756566,107.32720193,101.68074366,1745.79450000,31298.58346214,9891.18697000
1,624,0.000000,0.354000,0.00000000,107.32720193,0.00000000,81.63919187,0.00000000,0.00000000,94.69756566,107.32720193,101.68074366,1745.79450000,31298.58346194,9891.18697000
1,625,0.000000,0.334000,0.00000000,107.32720193,0.00000000,70.96312442,0.00000000,0.00000000,94.69756566,107.32720193,101.68074366,1745.79450000,31298.58346173,9891.18697000
1,626,0.000000,0.323000,0.00000000,107.32720193,0.00000000,65.09128733,0.00000000,0.00000000,94.69756566,107.32720193,101.68074366,1745.79450000,31298.58346153,9891.18697000
1,627,0.000000,0.317000,0.00000000,107.32720193,0.00000000,61.88846710,0.00000000,0.00000000,94.69756566,107.32720193,101.68074366,1745.79450000,31298.58346132,9891.18697000
1,628,0.000000,0.313000,0.00000000,107.32720193,0.00000000,59.75325361,0.00000000,0.00000000,94.69756566,107.32720193,101.68074366,1745.79450000,31298.58346112,9891.18697000
1,629,0.000000,0.302000,0.00000000,107.32720193,0.00000000,53.88141651,0.00000000,0.00000000,94.69756566,107.32720193,101.68074366,1745.79450000,31298.58346091,9891.18697000
1,630,0.000000,0.288000,0.00000000,107.32720193,0.00000000,46.40816930,0.00000000,0.00000000,94.69756566,107.32720193,101.68074366,1745.79450000,31298.58346071,9891.18697000
1,631,0.061000,0.227000,18.09008806,89.23711387,0.00000000,31.93625165,0.00000000,0.00000000,94.69756566,107.32720193,101.68074366,1745.79450000,31298.58346050,9891.18697000
1,632,0.223000,0.313000,66.13261700,41.19458492,0.00000000,125.88587061,0.00000000,0.00000000,94.69756566,107.32720193,101.68074366,1745.79450000,31298.58346030,9891.18697000
1,633,0.406000,0.472000,107.32720193,0.00000000,13.07567925,251.95519173,0.00000000,0.00000000,94.69756566,107.32720193,101.68074366,1745.79450000,31298.58346009,9891.18697000
1,634,0.523000,0.491000,107.32720193,0.00000000,47.77306127,262.09745580,0.00000000,0.00000000,94.69756566,107.32720193,101.68074366,1745.79450000,31298.58345989,9891.18697000
1,635,0.590000,0.451000,107.32720193,0.00000000,67.64250225,240.74532091,0.00000000,0.00000000,94.69756566,107.32720193,101.68074366,1745.79450000,31298.58345968,9891.18697000
1,636,0.594000,0.404000,107.32720193,0.00000000,68.82873753,215.65656241,0.00000000,0.00000000,94.69756566,107.32720193,101.68074366,1745.79450000,31298.58345948,9891.18697000
1,637,0.552000,0.382000,107.32720193,0.00000000,56.37326707,203.91288822,0.00000000,0.00000000,94.69756566,107.32720193,101.68074366,1745.79450000,31298.58345927,9891.18697000
1,638,0.462000,0.383000,107.32720193,0.00000000,29.68297321,204.44669159,0.00000000,0.00000000,94.69756566,107.32720193,101.68074366,1745.79450000,31298.58345907,9891.18697000
1,639,0.338000,0.398000,100.23688138,7.09032055,0.00000000,205.36342163,0.00000000,0.00000000,94.69756566,107.32720193,101.68074366,1745.79450000,31298.58345886,9891.18697000
1,640,0.182000,0.399000,53.97370536,53.35349657,0.00000000,159.63404898,0.00000000,0.00000000,94.69756566,107.32720193,101.68074366,1745.79450000,31298.58345866,9891.18697000
1,641,0.057000,0.367000,16.90385278,90.42334915,0.00000000,105.48248849,0.00000000,0.00000000,94.69756566,107.32720193,101.68074366,1745.79450000,31298.58345845,9891.18697000
1,642,0.000000,0.395000,0.00000000,107.32720193,0.00000000,103.52513013,0.00000000,0.00000000,94.69756566,107.32720193,101.68074366,1745.79450000,31298.58345825,9891.18697000
1,643,0.000000,0.434000,0.00000000,107.32720193,0.00000000,124.34346165,0.00000000,0.00000000,94.69756566,107.32720193,101.68074366,1745.79450000,31298.58345804,9891.18697000
1,644,0.000000,0.432000,0.00000000,107.32720193,0.00000000,123.27585491,0.00000000,0.00000000,94.69756566,107.32720193,101.68074366,1745.79450000,31298.58345784,9891.18697000
1,645,0.000000,0.406000,0.00000000,107.32720193,0.00000000,109.39696723,0.00000000,0.00000000,94.69756566,107.32720193,101.68074366,1745.79450000,31298.58345763,9891.18697000
1,646,0.000000,0.383000,0.00000000,107.32720193,0.00000000,97.11948967,0.00000000,0.00000000,94.69756566,107.32720193,101.68074366,1745.79450000,31298.58345743,9891.18697000
1,647,0.000000,0.353000,0.00000000,107.32720193,0.00000000,81.10538850,0.00000000,0.00000000,94.69756566,107.32720193,101.68074366,1745.79450000,31298.58345722,9891.18697000
1,648,0.000000,0.335000,0.00000000,107.32720193,0.00000000,71.49692780,0.00000000,0.00000000,94.69756566,107.32720193,101.68074366,1745.79450000,31298.58345702,9891.18697000
1,649,0.000000,0.328000,0.00000000,107.32720193,0.00000000,67.76030419,0.00000000,0.00000000,94.69756566,107.32720193,101.68074366,1745.79450000,31298.58345681,9891.18697000
1,650,0.000000,0.334000,0.00000000,107.32720193,0.00000000,70.96312442,0.00000000,0.00000000,94.69756566,107.32720193,101.68074366,1745.79450000,31298.58345661,9891.18697000
1,651,0.000000,0.347000,0.00000000,107.32720193,0.00000000,77.90256826,0.00000000,0.00000000,94.69756566,107.32720193,101.68074366,1745.79450000,31298.58345640,9891.18697000
1,652,0.000000,0.360000,0.00000000,107.32720193,0.00000000,84.84201210,0.00000000,0.00000000,94.69756566,107.32720193,101.68074366,1745.79450000,31298.58345620,9891.18697000
1,653,0.000000,0.369000,0.00000000,107.32720193,0.00000000,89.64624245,0.00000000,0.00000000,94.69756566,107.32720193,101.68074366,1745.79450000,31298.58345599,9891.18697000
1,654,0.000000,0.362000,0.00000000,107.32720193,0.00000000,85.90961885,0.00000000,0.00000000,94.69756566,107.32720193,101.68074366,1745.79450000,31298.58345579,9891.18697000
1,655,0.053000,0.278000,15.71761749,91.60958443,0.00000000,56.78775307,0.00000000,0.00000000,94.69756566,107.32720193,101.68074366,1745.79450000,31298.58345558,9891.18697000
1,656,0.169000,0.394000,50.11844069,57.20876124,0.00000000,153.10976745,0.00000000,0.00000000,94.69756566,107.32720193,101.68074366,1745.79450000,31298.58345538,9891.18697000
1,657,0.299000,0.517000,88.67108737,18.65611455,0.00000000,257.32022893,0.00000000,0.00000000,94.69756566,107.32720193,101.68074366,1745.79450000,31298.58345517,9891.18697000
1,658,0.400000,0.510000,107.32720193,0.00000000,11.29632633,272.23971988,0.00000000,0.00000000,94.69756566,107.32720193,101.68074366,1745.79450000,31298.58345497,9891.18697000
1,659,0.462000,0.468000,107.32720193,0.00000000,29.68297321,249.81997824,0.00000000,0.00000000,94.69756566,107.32720193,101.68074366,1745.79450000,31298.58345476,9891.18697000
1,660,0.479000,0.419000,107.32720193,0.00000000,34.72447316,223.66361300,0.00000000,0.00000000,94.69756566,107.32720193,101.68074366,1745.79450000,31298.58345456,9891.18697000
1,661,0.457000,0.375000,107.32720193,0.00000000,28.20017911,200.17626461,0.00000000,0.00000000,94.69756566,107.32720193,101.68074366,1745.79450000,31298.58345435,9891.18697000
1,662,0.379000,0.347000,107.32720193,0.00000000,5.06859110,185.22977019,0.00000000,0.00000000,94.69756566,107.32720193,101.68074366,1745.79450000,31298.58345415,9891.18697000
1,663,0.269000,0.341000,79.77432275,27.55287917,0.00000000,154.47407078,0.00000000,0.00000000,94.69756566,107.32720193,101.68074366,1745.79450000,31298.58345394,9891.18697000
1,664,0.147000,0.321000,43.59414663,63.73305529,0.00000000,107.61782722,0.00000000,0.00000000,94.69756566,107.32720193,101.68074366,1745.79450000,31298.58345374,9891.18697000
1,665,0.040000,0.291000,11.86235283,95.46484910,0.00000000,59.87193224,0.00000000,0.00000000,94.69756566,107.32720193,101.68074366,1745.79450000,31298.58345353,9891.18697000
1,666,0.000000,0.338000,0.00000000,107.32720193,0.00000000,73.09833791,0.00000000,0.00000000,94.69756566,107.32720193,101.68074366,1745.79450000,31298.58345333,9891.18697000
1,667,0.000000,0.410000,0.00000000,107.32720193,0.00000000,111.53218072,0.00000000,0.00000000,94.69756566,107.32720193,101.68074366,1745.79450000,31298.58345312,9891.18697000
1,668,0.000000,0.457000,0.00000000,107.32720193,0.00000000,136.62093922,0.00000000,0.00000000,94.69756566,107.32720193,101.68074366,1745.79450000,31298.58345292,9891.18697000
1,669,0.000000,0.471000,0.00000000,107.32720193,0.00000000,144.09418643,0.00000000,0.00000000,94.69756566,107.32720193,101.68074366,1745.79450000,31298.58345271,9891.18697000
1,670,0.000000,0.451000,0.00000000,107.32720193,0.00000000,133.41811898,0.00000000,0.00000000,94.69756566,107.32720193,101.68074366,1745.79450000,31298.58345251,9891.18697000
1,671,0.000000,0.413000,0.00000000,107.32720193,0.00000000,113.13359084,0.00000000,0.00000000,94.69756566,107.32720193,101.68074366,1745.79450000,31298.58345230,9891.18697000
1,672,0.000000,0.389000,0.00000000,107.32720193,0.00000000,100.32230990,0.00000000,0.00000000,94.69756566,107.32720193,101.68074366,1745.79450000,31298.58345210,9891.18697000
1,673,0.000000,0.364000,0.00000000,107.32720193,0.00000000,86.97722559,0.00000000,0.00000000,94.69756566,107.32720193,101.68074366,1745.79450000,31298.58345189,9891.18697000
1,674,0.000000,0.362000,0.00000000,107.32720193,0.00000000,85.90961885,0.00000000,0.00000000,94.69756566,107.32720193,101.68074366,1745.79450000,31298.58345169,9891.18697000
1,675,0.000000,0.372000,0.00000000,107.32720193,0.00000000,91.24765257,0.00000000,0.00000000,94.69756566,107.32720193,101.68074366,1745.79450000,31298.58345148,9891.18697000
1,676,0.000000,0.360000,0.00000000,107.32720193,0.00000000,84.84201210,0.00000000,0.00000000,94.69756566,107.32720193,101.68074366,1745.79450000,31298.58345128,9891.18697000
1,677,0.000000,0.337000,0.00000000,107.32720193,0.00000000,72.56453454,0.00000000,0.00000000,94.69756566,107.32720193,101.68074366,1745.79450000,31298.58345107,9891.18697000
1,678,0.000000,0.320000,0.00000000,107.32720193,0.00000000,63.48987721,0.00000000,0.00000000,94.69756566,107.32720193,101.68074366,1745.79450000,31298.58345087,9891.18697000
1,679,0.052000,0.247000,15.42105867,91.90614325,0.00000000,39.94328971,0.00000000,0.00000000,94.69756566,107.32720193,101.68074366,1745.79450000,31298.58345066,9891.18697000
1,680,0.177000,0.310000,52.49091125,54.83629067,0.00000000,110.64275474,0.00000000,0.00000000,94.69756566,107.32720193,101.68074366,1745.79450000,31298.58345046,9891.18697000
1,681,0.362000,0.479000,107.32720193,0.00000000,0.02709115,255.69181533,0.00000000,0.00000000,94.69756566,107.32720193,101.68074366,1745.79450000,31298.58345025,9891.18697000
1,682,0.484000,0.528000,107.32720193,0.00000000,36.20726726,281.84818058,0.00000000,0.00000000,94.69756566,107.32720193,101.68074366,1745.79450000,31298.58345005,9891.18697000
1,683,0.547000,0.535000,107.32720193,0.00000000,54.89047296,285.58480418,0.00000000,0.00000000,94.69756566,107.32720193,101.68074366,1745.79450000,31298.58344984,9891.18697000
1,684,0.549000,0.521000,107.32720193,0.00000000,55.48359061,278.11155697,0.00000000,0.00000000,94.69756566,107.32720193,101.68074366,1745.79450000,31298.58344964,9891.18697000
1,685,0.504000,0.481000,107.32720193,0.00000000,42.13844368,256.75942208,0.00000000,0.00000000,94.69756566,107.32720193,101.68074366,1745.79450000,31298.58344943,9891.18697000
1,686,0.428000,0.430000,107.32720193,0.00000000,19.59997331,229.53545009,0.00000000,0.00000000,94.69756566,107.32720193,101.68074366,1745.79450000,31298.58344923,9891.18697000
1,687,0.320000,0.391000,94.89882261,12.42837932,0.00000000,196.28873925,0.00000000,0.00000000,94.69756566,107.32720193,101.68074366,1745.79450000,31298.58344902,9891.18697000
1,688,0.184000,0.369000,54.56682300,52.76037893,0.00000000,144.21306545,0.00000000,0.00000000,94.69756566,107.32720193,101.68074366,1745.79450000,31298.58344882,9891.18697000
1,689,0.056000,0.329000,16.60729396,90.71990797,0.00000000,84.90140152,0.00000000,0.00000000,94.69756566,107.32720193,101.68074366,1745.79450000,31298.58344861,9891.18697000
1,690,0.000000,0.328000,0.00000000,107.32720193,0.00000000,67.76030419,0.00000000,0.00000000,94.69756566,107.32720193,101.68074366,1745.79450000,31298.58344841,9891.18697000
1,691,0.000000,0.356000,0.00000000,107.32720193,0.00000000,82.70679861,0.00000000,0.00000000,94.69756566,107.32720193,101.68074366,1745.79450000,31298.58344820,9891.18697000
1,692,0.000000,0.361000,0.00000000,107.32720193,0.00000000,85.37581548,0.00000000,0.00000000,94.69756566,107.32720193,101.68074366,1745.79450000,31298.58344800,9891.18697000
1,693,0.000000,0.341000,0.00000000,107.32720193,0.00000000,74.69974803,0.00000000,0.00000000,94.69756566,107.32720193,101.68074366,1745.79450000,31298.58344779,9891.18697000
1,694,0.000000,0.313000,0.00000000,107.32720193,0.00000000,59.75325361,0.00000000,0.00000000,94.69756566,107.32720193,101.68074366,1745.79450000,31298.58344759,9891.18697000
1,695,0.000000,0.368000,0.00000000,107.32720193,0.00000000,89.11243908,0.00000000,0.00000000,94.69756566,107.32720193,101.68074366,1745.79450000,31298.58344738,9891.18697000
1,696,0.000000,0.345000,0.00000000,107.32720193,0.00000000,76.83496152,0.00000000,0.00000000,94.69756566,107.32720193,101.68074366,1745.79450000,31298.58344718,9891.18697000
1,697,0.000000,0.280000,0.00000000,107.32720193,0.00000000,42.13774232,0.00000000,0.00000000,94.69756566,107.32720193,101.68074366,1745.79450000,31298.58344697,9891.18697000
1,698,0.000000,0.241000,0.00000000,107.32720193,0.00000000,21.31941080,0.00000000,0.00000000,94.69756566,107.32720193,101.68074366,1745.79450000,31298.58344677,9891.18697000
1,699,0.000000,0.222000,0.00000000,107.32720193,0.00000000,11.17714673,0.00000000,0.00000000,94.69756566,107.32720193,101.68074366,1745.79450000,31298.58344656,9891.18697000
1,700,0.000000,0.243000,0.00000000,107.32720193,0.00000000,22.38701754,0.00000000,0.00000000,94.69756566,107.32720193,101.68074366,1745.79450000,31298.58344636,9891.18697000
1,701,0.000000,0.275000,0.00000000,107.32720193,0.00000000,39.46872546,0.00000000,0.00000000,94.69756566,107.32720193,101.68074366,1745.79450000,31298.58344615,9891.18697000
1,702,0.000000,0.310000,0.00000000,107.32720193,0.00000000,58.15184349,0.00000000,0.00000000,94.69756566,107.32720193,101.68074366,1745.79450000,31298.58344595,9891.18697000
1,703,0.051000,0.341000,15.12449985,92.20270207,0.00000000,89.82424788,0.00000000,0.00000000,94.69756566,107.32720193,101.68074366,1745.79450000,31298.58344574,9891.18697000
1,704,0.143000,0.328000,42.40791135,64.91929057,0.00000000,110.16821554,0.00000000,0.00000000,94.69756566,107.32720193,101.68074366,1745.79450000,31298.58344554,9891.18697000
1,705,0.235000,0.347000,69.69132285,37.63587908,0.00000000,147.59389111,0.00000000,0.00000000,94.69756566,107.32720193,101.68074366,1745.79450000,31298.58344533,9891.18697000
1,706,0.320000,0.370000,94.89882261,12.42837932,0.00000000,185.07886843,0.00000000,0.00000000,94.69756566,107.32720193,101.68074366,1745.79450000,31298.58344513,9891.18697000
1,707,0.358000,0.352000,106.16805779,1.15914414,0.00000000,186.73964292,0.00000000,0.00000000,94.69756566,107.32720193,101.68074366,1745.79450000,31298.58344492,9891.18697000
1,708,0.362000,0.311000,107.32720193,0.00000000,0.02709115,166.01284879,0.00000000,0.00000000,94.69756566,107.32720193,101.68074366,1745.79450000,31298.58344472,9891.18697000
1,709,0.359000,0.289000,106.46461661,0.86258532,0.00000000,153.40658928,0.00000000,0.00000000,94.69756566,107.32720193,101.68074366,1745.79450000,31298.58344451,9891.18697000
1,710,0.311000,0.272000,92.22979322,15.09740871,0.00000000,130.09710856,0.00000000,0.00000000,94.69756566,107.32720193,101.68074366,1745.79450000,31298.58344431,9891.18697000
1,711,0.214000,0.249000,63.46358762,43.86361431,0.00000000,89.05342540,0.00000000,0.00000000,94.69756566,107.32720193,101.68074366,1745.79450000,31298.58344410,9891.18697000
1,712,0.130000,0.187000,38.55264668,68.77455524,0.00000000,31.04667538,0.00000000,0.00000000,94.69756566,107.32720193,101.68074366,1745.79450000,31298.58344390,9891.18697000
1,713,0.043000,0.114000,12.75202929,60.85358444,0.00000000,0.00000000,4.40290073,0.00000000,68.31977103,78.00851446,73.60561373,1321.46067493,31223.40851867,7912.94957600
1,714,0.000000,0.061000,0.00000000,32.56200571,0.00000000,0.00000000,3.36110632,0.00000000,30.01772724,35.92311203,32.56200571,636.06961774,30462.84253625,7912.94957600
1,715,0.000000,0.021000,0.00000000,2.99285063,0.00000000,8.21702019,0.00000000,0.00000000,0.00000000,2.99285063,0.00000000,0.00000000,28717.04803604,9891.18697000
1,716,0.000000,0.021000,0.00000000,2.99285063,0.00000000,8.21702019,0.00000000,0.00000000,0.00000000,2.99285063,0.00000000,0.00000000,26971.25353584,9891.18697000
1,717,0.000000,0.058000,0.00000000,30.96059559,0.00000000,0.00000000,3.31755614,0.00000000,28.53092286,34.27815173,30.96059559,607.41818260,26182.03611827,7912.94957600
1,718,0.000000,0.113000,0.00000000,60.31978107,0.00000000,0.00000000,4.08073995,0.00000000,55.88172989,64.40052102,60.31978107,1109.51279598,25894.91331408,7912.94957600
1,719,0.000000,0.183000,0.00000000,97.68601713,0.00000000,0.00000000,4.95765188,0.00000000,90.94030299,102.64366901,97.68601713,1686.42853627,26184.70625019,7912.94957600
1,720,0.000000,0.242000,0.00000000,107.32720193,0.00000000,21.85321417,0.00000000,0.00000000,94.69756566,107.32720193,101.68074366,1745.79450000,26184.70624999,9891.18697000
2,1,0.000000,0.713000,0.00000000,2.39428050,0.00000000,378.20752395,0.00000000,0.00000000,0.00000000,2.39428050,0.00000000,0.00000000,24788.07064983,7912.94957600
2,2,0.000000,0.623000,0.00000000,106.72863180,0.00000000,225.83086915,0.00000000,0.00000000,94.69756566,106.72863180,101.68074366,1745.79450000,25137.22954966,7912.94957600
2,3,0.000000,0.550000,0.00000000,2.39428050,0.00000000,291.19757427,0.00000000,0.00000000,0.00000000,2.39428050,0.00000000,0.00000000,23740.59394950,7912.94957600
2,4,0.000000,0.470000,0.00000000,2.39428050,0.00000000,248.49330448,0.00000000,0.00000000,0.00000000,2.39428050,0.00000000,0.00000000,22343.95834933,7912.94957600
2,5,0.000000,0.403000,0.00000000,2.39428050,0.00000000,212.72847854,0.00000000,0.00000000,0.00000000,2.39428050,0.00000000,0.00000000,20947.32274917,7912.94957600
2,6,0.000000,0.362000,0.00000000,2.39428050,0.00000000,190.84254027,0.00000000,0.00000000,0.00000000,2.39428050,0.00000000,0.00000000,19550.68714901,7912.94957600
2,7,0.154000,0.562000,2.39428050,0.00000000,43.27577788,299.99749524,0.00000000,0.00000000,0.00000000,2.39428050,0.00000000,0.00000000,18154.05154884,7912.94957600
2,8,0.360000,0.664000,2.39428050,0.00000000,104.36689493,354.44543921,0.00000000,0.00000000,0.00000000,2.39428050,0.00000000,0.00000000,16757.41594868,7912.94957600
2,9,0.526000,0.586000,2.39428050,0.00000000,153.59565916,312.80877617,0.00000000,0.00000000,0.00000000,2.39428050,0.00000000,0.00000000,15360.78034851,7912.94957600
2,10,0.639000,0.468000,2.39428050,0.00000000,187.10680589,249.81997824,0.00000000,0.00000000,0.00000000,2.39428050,0.00000000,0.00000000,13964.14474835,7912.94957600
2,11,0.702000,0.364000,2.39428050,0.00000000,205.79001159,194.30442752,0.00000000,0.00000000,0.00000000,2.39428050,0.00000000,0.00000000,12567.50914819,7912.94957600
2,12,0.718000,0.296000,2.39428050,0.00000000,210.53495272,158.00579820,0.00000000,0.00000000,0.00000000,2.39428050,0.00000000,0.00000000,11170.87354802,7912.94957600
2,13,0.691000,0.278000,2.39428050,0.00000000,202.52786456,148.39733750,0.00000000,0.00000000,0.00000000,2.39428050,0.00000000,0.00000000,9774.23794786,7912.94957600
2,14,0.619000,0.302000,2.39428050,0.00000000,181.17562948,161.20861844,0.00000000,0.00000000,0.00000000,2.39428050,0.00000000,0.00000000,8377.60234769,7912.94957600
2,15,0.500000,0.367000,2.39428050,0.00000000,145.88512982,195.90583764,0.00000000,0.00000000,0.00000000,2.39428050,0.00000000,0.00000000,6980.96674753,7912.94957600
2,16,0.332000,0.484000,98.45752845,8.27110335,0.00000000,250.08972885,0.00000000,0.00000000,94.69756566,106.72863180,101.68074366,1745.79450000,7330.12564737,7912.94957600
2,17,0.120000,0.644000,35.58705848,71.14157332,0.00000000,272.62779844,0.00000000,0.00000000,94.69756566,106.72863180,101.68074366,1745.79450000,7679.28454720,7912.94957600
2,18,0.000000,0.766000,0.00000000,106.72863180,0.00000000,302.16475139,0.00000000,0.00000000,94.69756566,106.72863180,101.68074366,1745.79450000,8028.44344704,7912.94957600
2,19,0.000000,0.844000,0.00000000,106.72863180,0.00000000,343.80141443,0.00000000,0.00000000,94.69756566,106.72863180,101.68074366,1745.79450000,8377.60234687,7912.94957600
2,20,0.000000,0.879000,0.00000000,106.72863180,0.00000000,362.48453246,0.00000000,0.00000000,94.69756566,106.72863180,101.68074366,1745.79450000,8726.76124671,7912.94957600
2,21,0.000000,0.851000,0.00000000,106.72863180,0.00000000,347.53803803,0.00000000,0.00000000,94.69756566,106.72863180,101.68074366,1745.79450000,9075.92014655,7912.94957600
2,22,0.000000,0.816000,0.00000000,106.72863180,0.00000000,328.85492000,0.00000000,0.00000000,94.69756566,106.72863180,101.68074366,1745.79450000,9425.07904638,7912.94957600
2,23,0.000000,0.765000,0.00000000,106.72863180,0.00000000,301.63094801,0.00000000,0.00000000,94.69756566,106.72863180,101.68074366,1745.79450000,9774.23794622,7912.94957600
2,24,0.000000,0.700000,0.00000000,106.72863180,0.00000000,266.93372881,0.00000000,0.00000000,94.69756566,106.72863180,101.68074366,1745.79450000,10123.39684605,7912.94957600
2,25,0.000000,0.637000,0.00000000,106.72863180,0.00000000,233.30411636,0.00000000,0.00000000,94.69756566,106.72863180,101.68074366,1745.79450000,10472.55574589,7912.94957600
2,26,0.000000,0.584000,0.00000000,106.72863180,0.00000000,205.01253763,0.00000000,0.00000000,94.69756566,106.72863180,101.68074366,1745.79450000,10821.71464573,7912.94957600
2,27,0.000000,0.571000,0.00000000,106.72863180,0.00000000,198.07309379,0.00000000,0.00000000,94.69756566,106.72863180,101.68074366,1745.79450000,11170.87354556,7912.94957600
2,28,0.000000,0.573000,0.00000000,106.72863180,0.00000000,199.14070053,0.00000000,0.00000000,94.69756566,106.72863180,101.68074366,1745.79450000,11520.03244540,7912.94957600
2,29,0.000000,0.565000,0.00000000,72.94337341,0.00000000,228.65553194,0.00000000,0.00000000,63.67817400,72.94337341,68.65710075,1244.73168631,11368.12853155,7912.94957600
2,30,0.000000,0.549000,0.00000000,89.29817159,0.00000000,203.75987980,0.00000000,0.00000000,78.66539600,89.29817159,84.63531998,1492.48099468,11463.97392606,7912.94957600
2,31,0.150000,0.718000,44.48382310,62.24480870,0.00000000,321.02601261,0.00000000,0.00000000,94.69756566,106.72863180,101.68074366,1745.79450000,11813.13282589,7912.94957600
2,32,0.351000,0.850000,104.09214604,2.63648576,0.00000000,451.09638070,0.00000000,0.00000000,94.69756566,106.72863180,101.68074366,1745.79450000,12162.29172573,7912.94957600
2,33,0.514000,0.847000,106.72863180,0.00000000,45.70260201,452.13145634,0.00000000,0.00000000,94.69756566,106.72863180,101.68074366,1745.79450000,12511.45062556,7912.94957600
2,34,0.625000,0.804000,106.72863180,0.00000000,78.62063110,429.17791133,0.00000000,0.00000000,94.69756566,106.72863180,101.68074366,1745.79450000,12860.60952540,7912.94957600
2,35,0.686000,0.756000,106.72863180,0.00000000,96.71071916,403.55534946,0.00000000,0.00000000,94.69756566,106.72863180,101.68074366,1745.79450000,13209.76842524,7912.94957600
2,36,0.702000,0.710000,106.72863180,0.00000000,101.45566029,379.00039434,0.00000000,0.00000000,94.69756566,106.72863180,101.68074366,1745.79450000,13558.92732507,7912.94957600
2,37,0.672000,0.680000,106.72863180,0.00000000,92.55889567,362.98629317,0.00000000,0.00000000,94.69756566,106.72863180,101.68074366,1745.79450000,13908.08622491,7912.94957600
2,38,0.602000,0.674000,106.72863180,0.00000000,71.79977822,359.78347293,0.00000000,0.00000000,94.69756566,106.72863180,101.68074366,1745.79450000,14257.24512474,7912.94957600
2,39,0.484000,0.690000,106.72863180,0.00000000,36.80583739,368.32432689,0.00000000,0.00000000,94.69756566,106.72863180,101.68074366,1745.79450000,14606.40402458,7912.94957600
2,40,0.317000,0.729000,94.00914614,12.71948566,0.00000000,376.42317275,0.00000000,0.00000000,94.69756566,106.72863180,101.68074366,1745.79450000,14955.56292442,7912.94957600
2,41,0.116000,0.781000,34.40082319,72.32780861,0.00000000,344.57262516,0.00000000,0.00000000,94.69756566,106.72863180,101.68074366,1745.79450000,15304.72182425,7912.94957600
2,42,0.000000,0.806000,0.00000000,89.29817159,0.00000000,340.94734649,0.00000000,0.00000000,78.66539600,89.29817159,84.63531998,1492.48099468,15400.56721876,7912.94957600
2,43,0.000000,0.835000,0.00000000,106.72863180,0.00000000,338.99718407,0.00000000,0.00000000,94.69756566,106.72863180,101.68074366,1745.79450000,15749.72611860,7912.94957600
2,44,0.000000,0.857000,0.00000000,72.94337341,0.00000000,384.52611666,0.00000000,0.00000000,63.67817400,72.94337341,68.65710075,1244.73168631,15597.82220475,7912.94957600
2,45,0.000000,0.854000,0.00000000,106.72863180,0.00000000,349.13944815,0.00000000,0.00000000,94.69756566,106.72863180,101.68074366,1745.79450000,15946.98110458,7912.94957600
2,46,0.000000,0.804000,0.00000000,106.72863180,0.00000000,322.44927953,0.00000000,0.00000000,94.69756566,106.72863180,101.68074366,1745.79450000,16296.14000442,7912.94957600
2,47,0.000000,0.727000,0.00000000,106.72863180,0.00000000,281.34641987,0.00000000,0.00000000,94.69756566,106.72863180,101.68074366,1745.79450000,16645.29890426,7912.94957600
2,48,0.000000,0.655000,0.00000000,106.72863180,0.00000000,242.91257706,0.00000000,0.00000000,94.69756566,106.72863180,101.68074366,1745.79450000,16994.45780409,7912.94957600
2,49,0.000000,0.599000,0.00000000,106.72863180,0.00000000,213.01958821,0.00000000,0.00000000,94.69756566,106.72863180,101.68074366,1745.79450000,17343.61670393,7912.94957600
2,50,0.000000,0.527000,0.00000000,106.72863180,0.00000000,174.58574540,0.00000000,0.00000000,94.69756566,106.72863180,101.68074366,1745.79450000,17692.77560376,7912.94957600
2,51,0.000000,0.481000,0.00000000,106.72863180,0.00000000,150.03079028,0.00000000,0.00000000,94.69756566,106.72863180,101.68074366,1745.79450000,18041.93450360,7912.94957600
2,52,0.000000,0.444000,0.00000000,106.72863180,0.00000000,130.28006550,0.00000000,0.00000000,94.69756566,106.72863180,101.68074366,1745.79450000,18391.09340344,7912.94957600
2,53,0.000000,0.416000,0.00000000,106.72863180,0.00000000,115.33357108,0.00000000,0.00000000,94.69756566,106.72863180,101.68074366,1745.79450000,18740.25230327,7912.94957600
2,54,0.000000,0.403000,0.00000000,2.39428050,0.00000000,212.72847854,0.00000000,0.00000000,0.00000000,2.39428050,0.00000000,0.00000000,17343.61670311,7912.94957600
2,55,0.148000,0.618000,43.47863956,0.00000000,0.41206589,329.89048408,0.00000000,0.00000000,36.84682300,43.47863956,39.91750131,767.66957627,16714.65067921,7912.94957600
2,56,0.353000,0.750000,104.68526369,2.04336811,0.00000000,398.30916111,0.00000000,0.00000000,94.69756566,106.72863180,101.68074366,1745.79450000,17063.80957905,7912.94957600
2,57,0.518000,0.723000,106.72863180,0.00000000,46.88883729,385.93983818,0.00000000,0.00000000,94.69756566,106.72863180,101.68074366,1745.79450000,17412.96847888,7912.94957600
2,58,0.634000,0.658000,106.72863180,0.00000000,81.28966049,351.24261898,0.00000000,0.00000000,94.69756566,106.72863180,101.68074366,1745.79450000,17762.12737872,7912.94957600
2,59,0.699000,0.584000,106.72863180,0.00000000,100.56598383,311.74116943,0.00000000,0.00000000,94.69756566,106.72863180,101.68074366,1745.79450000,18111.28627856,7912.94957600
2,60,0.717000,0.500000,106.72863180,0.00000000,105.90404260,266.90168615,0.00000000,0.00000000,94.69756566,106.72863180,101.68074366,1745.79450000,18460.44517839,7912.94957600
2,61,0.691000,0.439000,106.72863180,0.00000000,98.19351326,234.33968044,0.00000000,0.00000000,94.69756566,106.72863180,101.68074366,1745.79450000,18809.60407823,7912.94957600
2,62,0.620000,0.417000,106.72863180,0.00000000,77.13783700,222.59600625,0.00000000,0.00000000,94.69756566,106.72863180,101.68074366,1745.79450000,19158.76297806,7912.94957600
2,63,0.503000,0.436000,106.72863180,0.00000000,42.44045498,232.73827033,0.00000000,0.00000000,94.69756566,106.72863180,101.68074366,1745.79450000,19507.92187790,7912.94957600
2,64,0.335000,0.492000,99.34720491,7.38142689,0.00000000,255.24983229,0.00000000,0.00000000,94.69756566,106.72863180,101.68074366,1745.79450000,19857.08077774,7912.94957600
2,65,0.126000,0.593000,37.36641140,69.36222040,0.00000000,247.18317938,0.00000000,0.00000000,94.69756566,106.72863180,101.68074366,1745.79450000,20206.23967757,7912.94957600
2,66,0.000000,0.713000,0.00000000,106.72863180,0.00000000,273.87317265,0.00000000,0.00000000,94.69756566,106.72863180,101.68074366,1745.79450000,20555.39857741,7912.94957600
2,67,0.000000,0.796000,0.00000000,106.72863180,0.00000000,318.17885255,0.00000000,0.00000000,94.69756566,106.72863180,101.68074366,1745.79450000,20904.55747724,7912.94957600
2,68,0.000000,0.834000,0.00000000,106.72863180,0.00000000,338.46338070,0.00000000,0.00000000,94.69756566,106.72863180,101.68074366,1745.79450000,21253.71637708,7912.94957600
2,69,0.000000,0.917000,0.00000000,106.72863180,0.00000000,382.76906060,0.00000000,0.00000000,94.69756566,106.72863180,101.68074366,1745.79450000,21602.87527692,7912.94957600
2,70,0.000000,0.912000,0.00000000,106.72863180,0.00000000,380.10004374,0.00000000,0.00000000,94.69756566,106.72863180,101.68074366,1745.79450000,21952.03417675,7912.94957600
2,71,0.000000,0.889000,0.00000000,106.72863180,0.00000000,367.82256618,0.00000000,0.00000000,94.69756566,106.72863180,101.68074366,1745.79450000,22301.19307659,7912.94957600
2,72,0.000000,0.857000,0.00000000,106.72863180,0.00000000,350.74085827,0.00000000,0.00000000,94.69756566,106.72863180,101.68074366,1745.79450000,22650.35197642,7912.94957600
2,73,0.000000,0.812000,0.00000000,106.72863180,0.00000000,326.71970651,0.00000000,0.00000000,94.69756566,106.72863180,101.68074366,1745.79450000,22999.51087626,7912.94957600
2,74,0.000000,0.751000,0.00000000,2.39428050,0.00000000,398.49205210,0.00000000,0.00000000,0.00000000,2.39428050,0.00000000,0.00000000,21602.87527610,7912.94957600
2,75,0.000000,0.686000,0.00000000,106.72863180,0.00000000,259.46048160,0.00000000,0.00000000,94.69756566,106.72863180,101.68074366,1745.79450000,21952.03417593,7912.94957600
2,76,0.000000,0.606000,0.00000000,106.72863180,0.00000000,216.75621182,0.00000000,0.00000000,94.69756566,106.72863180,101.68074366,1745.79450000,22301.19307577,7912.94957600
2,77,0.000000,0.527000,0.00000000,106.72863180,0.00000000,174.58574540,0.00000000,0.00000000,94.69756566,106.72863180,101.68074366,1745.79450000,22650.35197560,7912.94957600
2,78,0.000000,0.498000,0.00000000,106.72863180,0.00000000,159.10544761,0.00000000,0.00000000,94.69756566,106.72863180,101.68074366,1745.79450000,22999.51087544,7912.94957600
2,79,0.156000,0.645000,46.26317602,60.46545578,0.00000000,283.83771936,0.00000000,0.00000000,94.69756566,106.72863180,101.68074366,1745.79450000,23348.66977528,7912.94957600
2,80,0.365000,0.771000,106.72863180,0.00000000,1.51533773,411.56240005,0.00000000,0.00000000,94.69756566,106.72863180,101.68074366,1745.79450000,23697.82867511,7912.94957600
2,81,0.531000,0.715000,30.37356422,0.00000000,127.09916954,381.66941120,0.00000000,0.00000000,25.00174700,30.37356422,27.15938231,539.40882693,22840.60190187,7912.94957600
2,82,0.643000,0.588000,106.72863180,0.00000000,83.95868987,313.87638292,0.00000000,0.00000000,94.69756566,106.72863180,101.68074366,1745.79450000,23189.76080171,7912.94957600
2,83,0.705000,0.433000,106.72863180,0.00000000,102.34533675,231.13686021,0.00000000,0.00000000,94.69756566,106.72863180,101.68074366,1745.79450000,23538.91970155,7912.94957600
2,84,0.721000,0.309000,106.72863180,0.00000000,107.09027788,164.94524204,0.00000000,0.00000000,94.69756566,106.72863180,101.68074366,1745.79450000,23888.07860138,7912.94957600
2,85,0.694000,0.257000,106.72863180,0.00000000,99.08318972,137.18746668,0.00000000,0.00000000,94.69756566,106.72863180,101.68074366,1745.79450000,24237.23750122,7912.94957600
2,86,0.622000,0.277000,106.72863180,0.00000000,77.73095464,147.86353413,0.00000000,0.00000000,94.69756566,106.72863180,101.68074366,1745.79450000,24586.39640105,7912.94957600
2,87,0.502000,0.361000,106.72863180,0.00000000,42.14389616,192.70301740,0.00000000,0.00000000,94.69756566,106.72863180,101.68074366,1745.79450000,24935.55530089,7912.94957600
2,88,0.334000,0.507000,99.05064609,7.67798571,0.00000000,262.96032405,0.00000000,0.00000000,94.69756566,106.72863180,101.68074366,1745.79450000,25284.71420073,7912.94957600
2,89,0.133000,0.697000,39.44232315,67.28630866,0.00000000,304.77464184,0.00000000,0.00000000,94.69756566,106.72863180,101.68074366,1745.79450000,25633.87310056,7912.94957600
2,90,0.000000,0.812000,0.00000000,106.72863180,0.00000000,326.71970651,0.00000000,0.00000000,94.69756566,106.72863180,101.68074366,1745.79450000,25983.03200040,7912.94957600
2,91,0.000000,0.834000,0.00000000,106.72863180,0.00000000,338.46338070,0.00000000,0.00000000,94.69756566,106.72863180,101.68074366,1745.79450000,26332.19090023,7912.94957600
2,92,0.000000,0.851000,0.00000000,106.72863180,0.00000000,347.53803803,0.00000000,0.00000000,94.69756566,106.72863180,101.68074366,1745.79450000,26681.34980007,7912.94957600
2,93,0.000000,0.891000,0.00000000,106.72863180,0.00000000,368.89017292,0.00000000,0.00000000,94.69756566,106.72863180,101.68074366,1745.79450000,27030.50869991,7912.94957600
2,94,0.000000,0.853000,0.00000000,106.72863180,0.00000000,348.60564478,0.00000000,0.00000000,94.69756566,106.72863180,101.68074366,1745.79450000,27379.66759974,7912.94957600
2,95,0.000000,0.785000,0.00000000,106.72863180,0.00000000,312.30701546,0.00000000,0.00000000,94.69756566,106.72863180,101.68074366,1745.79450000,27728.82649958,7912.94957600
2,96,0.000000,0.707000,0.00000000,106.72863180,0.00000000,270.67035242,0.00000000,0.00000000,94.69756566,106.72863180,101.68074366,1745.79450000,28077.98539941,7912.94957600
2,97,0.000000,0.618000,0.00000000,106.72863180,0.00000000,223.16185228,0.00000000,0.00000000,94.69756566,106.72863180,101.68074366,1745.79450000,28427.14429925,7912.94957600
2,98,0.000000,0.503000,0.00000000,106.72863180,0.00000000,161.77446447,0.00000000,0.00000000,94.69756566,106.72863180,101.68074366,1745.79450000,28776.30319909,7912.94957600
2,99,0.000000,0.442000,0.00000000,106.72863180,0.00000000,129.21245876,0.00000000,0.00000000,94.69756566,106.72863180,101.68074366,1745.79450000,29125.46209892,7912.94957600
2,100,0.000000,0.392000,0.00000000,106.72863180,0.00000000,102.52229014,0.00000000,0.00000000,94.69756566,106.72863180,101.68074366,1745.79450000,29474.62099876,7912.94957600
2,101,0.000000,0.323000,0.00000000,106.72863180,0.00000000,65.68985745,0.00000000,0.00000000,94.69756566,106.72863180,101.68074366,1745.79450000,29823.77989859,7912.94957600
2,102,0.000000,0.316000,0.00000000,106.72863180,0.00000000,61.95323385,0.00000000,0.00000000,94.69756566,106.72863180,101.68074366,1745.79450000,30172.93879843,7912.94957600
2,103,0.118000,0.479000,34.99394084,71.73469097,0.00000000,183.95712437,0.00000000,0.00000000,94.69756566,106.72863180,101.68074366,1745.79450000,30522.09769827,7912.94957600
2,104,0.335000,0.559000,99.34720491,7.38142689,0.00000000,291.01465823,0.00000000,0.00000000,94.69756566,106.72863180,101.68074366,1745.79450000,30871.25659810,7912.94957600
2,105,0.508000,0.519000,43.47863956,0.00000000,107.17324132,277.04395023,0.00000000,0.00000000,36.84682300,43.47863956,39.91750131,767.66957627,30242.29057421,7912.94957600
2,106,0.625000,0.467000,106.72863180,0.00000000,78.62063110,249.28617487,0.00000000,0.00000000,94.69756566,106.72863180,101.68074366,1745.79450000,30591.44947404,7912.94957600
2,107,0.695000,0.414000,106.72863180,0.00000000,99.37974854,220.99459613,0.00000000,0.00000000,94.69756566,106.72863180,101.68074366,1745.79450000,30940.60837388,7912.94957600
2,108,0.712000,0.374000,106.72863180,0.00000000,104.42124850,199.64246124,0.00000000,0.00000000,94.69756566,106.72863180,101.68074366,1745.79450000,31289.76727372,7912.94957600
2,109,0.687000,0.352000,106.72863180,0.00000000,97.00727798,187.89878705,0.00000000,0.00000000,94.69756566,106.72863180,101.68074366,1745.79450000,31638.92617355,7912.94957600
2,110,0.618000,0.358000,106.72863180,0.00000000,76.54471936,191.10160729,0.00000000,0.00000000,94.69756566,106.72863180,101.68074366,1745.79450000,31988.08507339,7912.94957600
2,111,0.498000,0.400000,106.72863180,0.00000000,40.95766088,213.52134892,0.00000000,0.00000000,94.69756566,106.72863180,101.68074366,1745.79450000,32337.24397322,7912.94957600
2,112,0.332000,0.479000,98.45752845,8.27110335,0.00000000,247.42071199,0.00000000,0.00000000,94.69756566,106.72863180,101.68074366,1745.79450000,32686.40287306,7912.94957600
2,113,0.130000,0.598000,38.55264668,68.17598512,0.00000000,251.03843152,0.00000000,0.00000000,94.69756566,106.72863180,101.68074366,1745.79450000,33035.56177290,7912.94957600
2,114,0.000000,0.711000,0.00000000,57.67001469,0.00000000,321.86418302,0.00000000,0.00000000,49.73928100,57.67001469,53.75120360,1002.98064984,32641.90682257,7912.94957600
2,115,0.000000,0.747000,0.00000000,72.94337341,0.00000000,325.80774570,0.00000000,0.00000000,63.67817400,72.94337341,68.65710075,1244.73168631,32490.00290871,7912.94957600
2,116,0.000000,0.795000,0.00000000,106.72863180,0.00000000,317.64504918,0.00000000,0.00000000,94.69756566,106.72863180,101.68074366,1745.79450000,32839.16180855,7912.94957600
2,117,0.000000,0.827000,0.00000000,106.72863180,0.00000000,334.72675710,0.00000000,0.00000000,94.69756566,106.72863180,101.68074366,1745.79450000,33188.32070839,7912.94957600
2,118,0.000000,0.851000,0.00000000,43.47863956,0.00000000,410.78803027,0.00000000,0.00000000,36.84682300,43.47863956,39.91750131,767.66957627,32559.35468449,7912.94957600
2,119,0.000000,0.791000,0.00000000,106.72863180,0.00000000,315.50983569,0.00000000,0.00000000,94.69756566,106.72863180,101.68074366,1745.79450000,32908.51358433,7912.94957600
2,120,0.000000,0.697000,0.00000000,106.72863180,0.00000000,265.33231870,0.00000000,0.00000000,94.69756566,106.72863180,101.68074366,1745.79450000,33257.67248416,7912.94957600
2,121,0.000000,0.585000,0.00000000,106.72863180,0.00000000,205.54634100,0.00000000,0.00000000,94.69756566,106.72863180,101.68074366,1745.79450000,33606.83138400,7912.94957600
2,122,0.000000,0.457000,0.00000000,106.72863180,0.00000000,137.21950934,0.00000000,0.00000000,94.69756566,106.72863180,101.68074366,1745.79450000,33955.99028384,7912.94957600
2,123,0.000000,0.370000,0.00000000,106.72863180,0.00000000,90.77861595,0.00000000,0.00000000,94.69756566,106.72863180,101.68074366,1745.79450000,34305.14918367,7912.94957600
2,124,0.000000,0.326000,0.00000000,106.72863180,0.00000000,67.29126757,0.00000000,0.00000000,94.69756566,106.72863180,101.68074366,1745.79450000,34654.30808351,7912.94957600
2,125,0.000000,0.282000,0.00000000,106.72863180,0.00000000,43.80391919,0.00000000,0.00000000,94.69756566,106.72863180,101.68074366,1745.79450000,35003.46698334,7912.94957600
2,126,0.000000,0.255000,0.00000000,106.72863180,0.00000000,29.39122814,0.00000000,0.00000000,94.69756566,106.72863180,101.68074366,1745.79450000,35352.62588318,7912.94957600
2,127,0.148000,0.485000,43.89070545,62.83792635,0.00000000,196.05670922,0.00000000,0.00000000,94.69756566,106.72863180,101.68074366,1745.79450000,35701.78478302,7912.94957600
2,128,0.351000,0.680000,104.09214604,2.63648576,0.00000000,360.34980741,0.00000000,0.00000000,94.69756566,106.72863180,101.68074366,1745.79450000,36050.94368285,7912.94957600
2,129,0.520000,0.668000,106.72863180,0.00000000,47.48195493,356.58065270,0.00000000,0.00000000,94.69756566,106.72863180,101.68074366,1745.79450000,36400.10258269,7912.94957600
2,130,0.634000,0.613000,106.72863180,0.00000000,81.28966049,327.22146722,0.00000000,0.00000000,94.69756566,106.72863180,101.68074366,1745.79450000,36749.26148252,7912.94957600
2,131,0.697000,0.555000,106.72863180,0.00000000,99.97286619,296.26087163,0.00000000,0.00000000,94.69756566,106.72863180,101.68074366,1745.79450000,37098.42038236,7912.94957600
2,132,0.714000,0.522000,106.72863180,0.00000000,105.01436614,278.64536034,0.00000000,0.00000000,94.69756566,106.72863180,101.68074366,1745.79450000,37447.57928220,7912.94957600
2,133,0.685000,0.523000,106.72863180,0.00000000,96.41416034,279.17916372,0.00000000,0.00000000,94.69756566,106.72863180,101.68074366,1745.79450000,37796.73818203,7912.94957600
2,134,0.611000,0.552000,106.72863180,0.00000000,74.46880761,294.65946151,0.00000000,0.00000000,94.69756566,106.72863180,101.68074366,1745.79450000,38145.89708187,7912.94957600
2,135,0.488000,0.604000,106.72863180,0.00000000,37.99207267,322.41723687,0.00000000,0.00000000,94.69756566,106.72863180,101.68074366,1745.79450000,38495.05598170,7912.94957600
2,136,0.318000,0.662000,94.30570496,12.42292684,0.00000000,340.95490563,0.00000000,0.00000000,94.69756566,106.72863180,101.68074366,1745.79450000,38844.21488154,7912.94957600
2,137,0.114000,0.722000,33.80770555,72.92092625,0.00000000,312.48510856,0.00000000,0.00000000,94.69756566,106.72863180,101.68074366,1745.79450000,39193.37378138,7912.94957600
2,138,0.000000,0.763000,0.00000000,106.72863180,0.00000000,300.56334127,0.00000000,0.00000000,94.69756566,106.72863180,101.68074366,1745.79450000,39542.53268121,7912.94957600
2,139,0.000000,0.813000,0.00000000,106.72863180,0.00000000,327.25350988,0.00000000,0.00000000,94.69756566,106.72863180,101.68074366,1745.79450000,39891.69158105,7912.94957600
2,140,0.000000,0.859000,0.00000000,106.72863180,0.00000000,351.80846501,0.00000000,0.00000000,94.69756566,106.72863180,101.68074366,1745.79450000,40240.85048088,7912.94957600
2,141,0.000000,0.856000,0.00000000,106.72863180,0.00000000,350.20705489,0.00000000,0.00000000,94.69756566,106.72863180,101.68074366,1745.79450000,40590.00938072,7912.94957600
2,142,0.000000,0.820000,0.00000000,106.72863180,0.00000000,330.99013349,0.00000000,0.00000000,94.69756566,106.72863180,101.68074366,1745.79450000,40939.16828056,7912.94957600
2,143,0.000000,0.803000,0.00000000,106.72863180,0.00000000,321.91547616,0.00000000,0.00000000,94.69756566,106.72863180,101.68074366,1745.79450000,41288.32718039,7912.94957600
2,144,0.000000,0.759000,0.00000000,106.72863180,0.00000000,298.42812778,0.00000000,0.00000000,94.69756566,106.72863180,101.68074366,1745.79450000,41637.48608023,7912.94957600
2,145,0.000000,0.705000,0.00000000,2.39428050,0.00000000,373.93709698,0.00000000,0.00000000,0.00000000,2.39428050,0.00000000,0.00000000,40240.85048006,7912.94957600
2,146,0.000000,0.644000,0.00000000,2.39428050,0.00000000,341.37509126,0.00000000,0.00000000,0.00000000,2.39428050,0.00000000,0.00000000,38844.21487990,7912.94957600
2,147,0.000000,0.557000,0.00000000,2.39428050,0.00000000,294.93419787,0.00000000,0.00000000,0.00000000,2.39428050,0.00000000,0.00000000,37447.57927974,7912.94957600
2,148,0.000000,0.472000,0.00000000,2.39428050,0.00000000,249.56091123,0.00000000,0.00000000,0.00000000,2.39428050,0.00000000,0.00000000,36050.94367957,7912.94957600
2,149,0.000000,0.372000,0.00000000,2.39428050,0.00000000,196.18057400,0.00000000,0.00000000,0.00000000,2.39428050,0.00000000,0.00000000,34654.30807941,7912.94957600
2,150,0.000000,0.323000,0.00000000,106.72863180,0.00000000,65.68985745,0.00000000,0.00000000,94.69756566,106.72863180,101.68074366,1745.79450000,35003.46697924,7912.94957600
2,151,0.148000,0.525000,43.89070545,62.83792635,0.00000000,217.40884411,0.00000000,0.00000000,94.69756566,106.72863180,101.68074366,1745.79450000,35352.62587908,7912.94957600
2,152,0.350000,0.739000,103.79558722,2.93304458,0.00000000,391.54764756,0.00000000,0.00000000,94.69756566,106.72863180,101.68074366,1745.79450000,35701.78477892,7912.94957600
2,153,0.514000,0.739000,106.72863180,0.00000000,45.70260201,394.48069213,0.00000000,0.00000000,94.69756566,106.72863180,101.68074366,1745.79450000,36050.94367875,7912.94957600
2,154,0.629000,0.692000,106.72863180,0.00000000,79.80686638,369.39193364,0.00000000,0.00000000,94.69756566,106.72863180,101.68074366,1745.79450000,36400.10257859,7912.94957600
2,155,0.695000,0.627000,0.00000000,89.29817159,206.10838035,245.39654284,0.00000000,0.00000000,78.66539600,89.29817159,84.63531998,1492.48099468,36495.94797310,7912.94957600
2,156,0.717000,0.551000,106.72863180,0.00000000,105.90404260,294.12565814,0.00000000,0.00000000,94.69756566,106.72863180,101.68074366,1745.79450000,36845.10687293,7912.94957600
2,157,0.685000,0.491000,106.72863180,0.00000000,96.41416034,262.09745580,0.00000000,0.00000000,94.69756566,106.72863180,101.68074366,1745.79450000,37194.26577277,7912.94957600
2,158,0.609000,0.457000,106.72863180,0.00000000,73.87568997,243.94814114,0.00000000,0.00000000,94.69756566,106.72863180,101.68074366,1745.79450000,37543.42467261,7912.94957600
2,159,0.477000,0.462000,106.72863180,0.00000000,34.72992564,246.61715801,0.00000000,0.00000000,94.69756566,106.72863180,101.68074366,1745.79450000,37892.58357244,7912.94957600
2,160,0.265000,0.503000,78.58808747,28.14054433,0.00000000,240.36255194,0.00000000,0.00000000,94.69756566,106.72863180,101.68074366,1745.79450000,38241.74247228,7912.94957600
2,161,0.092000,0.586000,27.28341150,79.44522030,0.00000000,233.36355587,0.00000000,0.00000000,94.69756566,106.72863180,101.68074366,1745.79450000,38590.90137211,7912.94957600
2,162,0.000000,0.669000,0.00000000,106.72863180,0.00000000,250.38582427,0.00000000,0.00000000,94.69756566,106.72863180,101.68074366,1745.79450000,38940.06027195,7912.94957600
2,163,0.000000,0.779000,0.00000000,106.72863180,0.00000000,309.10419523,0.00000000,0.00000000,94.69756566,106.72863180,101.68074366,1745.79450000,39289.21917179,7912.94957600
2,164,0.000000,0.887000,0.00000000,106.72863180,0.00000000,366.75495943,0.00000000,0.00000000,94.69756566,106.72863180,101.68074366,1745.79450000,39638.37807162,7912.94957600
2,165,0.000000,0.920000,0.00000000,106.72863180,0.00000000,384.37047072,0.00000000,0.00000000,94.69756566,106.72863180,101.68074366,1745.79450000,39987.53697146,7912.94957600
2,166,0.000000,0.924000,0.00000000,106.72863180,0.00000000,386.50568421,0.00000000,0.00000000,94.69756566,106.72863180,101.68074366,1745.79450000,40336.69587129,7912.94957600
2,167,0.000000,0.886000,0.00000000,106.72863180,0.00000000,366.22115606,0.00000000,0.00000000,94.69756566,106.72863180,101.68074366,1745.79450000,40685.85477113,7912.94957600
2,168,0.000000,0.834000,0.00000000,106.72863180,0.00000000,338.46338070,0.00000000,0.00000000,94.69756566,106.72863180,101.68074366,1745.79450000,41035.01367097,7912.94957600
2,169,0.000000,0.784000,0.00000000,106.72863180,0.00000000,311.77321209,0.00000000,0.00000000,94.69756566,106.72863180,101.68074366,1745.79450000,41384.17257080,7912.94957600
2,170,0.000000,0.710000,0.00000000,106.72863180,0.00000000,272.27176254,0.00000000,0.00000000,94.69756566,106.72863180,101.68074366,1745.79450000,41733.33147064,7912.94957600
2,171,0.000000,0.616000,0.00000000,43.47863956,0.00000000,285.34423778,0.00000000,0.00000000,36.84682300,43.47863956,39.91750131,767.66957627,41104.36544674,7912.94957600
2,172,0.000000,0.513000,0.00000000,106.72863180,0.00000000,167.11249819,0.00000000,0.00000000,94.69756566,106.72863180,101.68074366,1745.79450000,41453.52434658,7912.94957600
2,173,0.000000,0.439000,0.00000000,106.72863180,0.00000000,127.61104864,0.00000000,0.00000000,94.69756566,106.72863180,101.68074366,1745.79450000,41802.68324642,7912.94957600
2,174,0.000000,0.401000,0.00000000,106.72863180,0.00000000,107.32652049,0.00000000,0.00000000,94.69756566,106.72863180,101.68074366,1745.79450000,42151.84214625,7912.94957600
2,175,0.165000,0.613000,48.93220541,57.79642640,0.00000000,269.42504083,0.00000000,0.00000000,94.69756566,106.72863180,101.68074366,1745.79450000,42501.00104609,7912.94957600
2,176,0.378000,0.785000,106.72863180,0.00000000,5.37060240,419.03564726,0.00000000,0.00000000,94.69756566,106.72863180,101.68074366,1745.79450000,42850.15994592,7912.94957600
2,177,0.547000,0.767000,30.37356422,0.00000000,131.84411067,409.42718656,0.00000000,0.00000000,25.00174700,30.37356422,27.15938231,539.40882693,41992.93317269,7912.94957600
2,178,0.658000,0.692000,106.72863180,0.00000000,88.40707218,369.39193364,0.00000000,0.00000000,94.69756566,106.72863180,101.68074366,1745.79450000,42342.09207252,7912.94957600
2,179,0.721000,0.583000,106.72863180,0.00000000,107.09027788,311.20736605,0.00000000,0.00000000,94.69756566,106.72863180,101.68074366,1745.79450000,42691.25097236,7912.94957600
2,180,0.737000,0.447000,106.72863180,0.00000000,111.83521901,238.61010742,0.00000000,0.00000000,94.69756566,106.72863180,101.68074366,1745.79450000,43040.40987219,7912.94957600
2,181,0.709000,0.335000,106.72863180,0.00000000,103.53157203,178.82412972,0.00000000,0.00000000,94.69756566,106.72863180,101.68074366,1745.79450000,43389.56877203,7912.94957600
2,182,0.636000,0.277000,106.72863180,0.00000000,81.88277813,147.86353413,0.00000000,0.00000000,94.69756566,106.72863180,101.68074366,1745.79450000,43738.72767187,7912.94957600
2,183,0.516000,0.264000,106.72863180,0.00000000,46.29571965,140.92409029,0.00000000,0.00000000,94.69756566,106.72863180,101.68074366,1745.79450000,44087.88657170,7912.94957600
2,184,0.347000,0.294000,57.67001469,0.00000000,45.23589607,156.93819146,0.00000000,0.00000000,49.73928100,57.67001469,53.75120360,1002.98064984,43694.23162137,7912.94957600
2,185,0.142000,0.382000,42.11135253,64.61727927,0.00000000,139.29560895,0.00000000,0.00000000,94.69756566,106.72863180,101.68074366,1745.79450000,44043.39052121,7912.94957600
2,186,0.000000,0.571000,0.00000000,57.67001469,0.00000000,247.13171090,0.00000000,0.00000000,49.73928100,57.67001469,53.75120360,1002.98064984,43649.73557088,7912.94957600
2,187,0.000000,0.756000,0.00000000,106.72863180,0.00000000,296.82671766,0.00000000,0.00000000,94.69756566,106.72863180,101.68074366,1745.79450000,43998.89447072,7912.94957600
2,188,0.000000,0.863000,0.00000000,106.72863180,0.00000000,353.94367850,0.00000000,0.00000000,94.69756566,106.72863180,101.68074366,1745.79450000,44348.05337055,7912.94957600
2,189,0.000000,0.907000,0.00000000,106.72863180,0.00000000,377.43102688,0.00000000,0.00000000,94.69756566,106.72863180,101.68074366,1745.79450000,44697.21227039,7912.94957600
2,190,0.000000,0.898000,0.00000000,106.72863180,0.00000000,372.62679653,0.00000000,0.00000000,94.69756566,106.72863180,101.68074366,1745.79450000,45046.37117022,7912.94957600
2,191,0.000000,0.873000,0.00000000,106.72863180,0.00000000,359.28171222,0.00000000,0.00000000,94.69756566,106.72863180,101.68074366,1745.79450000,45395.53007006,7912.94957600
2,192,0.000000,0.842000,0.00000000,89.29817159,0.00000000,360.16426789,0.00000000,0.00000000,78.66539600,89.29817159,84.63531998,1492.48099468,45491.37546457,7912.94957600
2,193,0.000000,0.782000,0.00000000,106.72863180,0.00000000,310.70560534,0.00000000,0.00000000,94.69756566,106.72863180,101.68074366,1745.79450000,45840.53436441,7912.94957600
2,194,0.000000,0.695000,0.00000000,106.72863180,0.00000000,264.26471195,0.00000000,0.00000000,94.69756566,106.72863180,101.68074366,1745.79450000,46189.69326424,7912.94957600
2,195,0.000000,0.605000,0.00000000,106.72863180,0.00000000,216.22240844,0.00000000,0.00000000,94.69756566,106.72863180,101.68074366,1745.79450000,46538.85216408,7912.94957600
2,196,0.000000,0.508000,0.00000000,106.72863180,0.00000000,164.44348133,0.00000000,0.00000000,94.69756566,106.72863180,101.68074366,1745.79450000,46888.01106392,7912.94957600
2,197,0.000000,0.440000,0.00000000,106.72863180,0.00000000,128.14485201,0.00000000,0.00000000,94.69756566,106.72863180,101.68074366,1745.79450000,47237.16996375,7912.94957600
2,198,0.000000,0.379000,0.00000000,106.72863180,0.00000000,95.58284630,0.00000000,0.00000000,94.69756566,106.72863180,101.68074366,1745.79450000,47586.32886359,7912.94957600
2,199,0.161000,0.578000,47.74597012,58.98266168,0.00000000,249.55568752,0.00000000,0.00000000,94.69756566,106.72863180,101.68074366,1745.79450000,47935.48776342,7912.94957600
2,200,0.370000,0.748000,106.72863180,0.00000000,2.99813184,399.28492248,0.00000000,0.00000000,94.69756566,106.72863180,101.68074366,1745.79450000,48284.64666326,7912.94957600
2,201,0.536000,0.702000,106.72863180,0.00000000,52.22689606,374.72996736,0.00000000,0.00000000,94.69756566,106.72863180,101.68074366,1745.79450000,48633.80556310,7912.94957600
2,202,0.651000,0.596000,106.72863180,0.00000000,86.33116044,318.14680989,0.00000000,0.00000000,94.69756566,106.72863180,101.68074366,1745.79450000,48982.96446293,7912.94957600
2,203,0.714000,0.484000,106.72863180,0.00000000,105.01436614,258.36083220,0.00000000,0.00000000,94.69756566,106.72863180,101.68074366,1745.79450000,49332.12336277,7912.94957600
2,204,0.730000,0.387000,106.72863180,0.00000000,109.75930727,206.58190508,0.00000000,0.00000000,94.69756566,106.72863180,101.68074366,1745.79450000,49681.28226260,7912.94957600
2,205,0.702000,0.333000,107.32720193,0.00000000,100.85709016,177.75652298,0.00000000,0.00000000,94.69756566,107.32720193,101.68074366,1745.79450000,49681.28226240,9891.18697000
2,206,0.630000,0.334000,106.72863180,0.00000000,80.10342520,178.29032635,0.00000000,0.00000000,94.69756566,106.72863180,101.68074366,1745.79450000,50030.44116223,7912.94957600
2,207,0.510000,0.388000,106.72863180,0.00000000,44.51636673,207.11570845,0.00000000,0.00000000,94.69756566,106.72863180,101.68074366,1745.79450000,50379.60006207,7912.94957600
2,208,0.342000,0.489000,101.42311666,5.30551514,0.00000000,255.72433392,0.00000000,0.00000000,94.69756566,106.72863180,101.68074366,1745.79450000,50728.75896191,7912.94957600
2,209,0.138000,0.635000,40.92511725,65.80351455,0.00000000,273.16162686,0.00000000,0.00000000,94.69756566,106.72863180,101.68074366,1745.79450000,51077.91786174,7912.94957600
2,210,0.000000,0.770000,0.00000000,107.32720193,0.00000000,303.70139475,0.00000000,0.00000000,94.69756566,107.32720193,101.68074366,1745.79450000,51077.91786154,9891.18697000
2,211,0.000000,0.816000,0.00000000,107.32720193,0.00000000,328.25634988,0.00000000,0.00000000,94.69756566,107.32720193,101.68074366,1745.79450000,51077.91786133,9891.18697000
2,212,0.000000,0.845000,0.00000000,106.72863180,0.00000000,344.33521780,0.00000000,0.00000000,94.69756566,106.72863180,101.68074366,1745.79450000,51427.07676117,7912.94957600
2,213,0.000000,0.908000,0.00000000,106.72863180,0.00000000,377.96483025,0.00000000,0.00000000,94.69756566,106.72863180,101.68074366,1745.79450000,51776.23566100,7912.94957600
2,214,0.000000,0.896000,0.00000000,107.32720193,0.00000000,370.96061966,0.00000000,0.00000000,94.69756566,107.32720193,101.68074366,1745.79450000,51776.23566080,9891.18697000
2,215,0.000000,0.859000,0.00000000,107.32720193,0.00000000,351.20989488,0.00000000,0.00000000,94.69756566,107.32720193,101.68074366,1745.79450000,51776.23566059,9891.18697000
2,216,0.000000,0.795000,0.00000000,107.32720193,0.00000000,317.04647906,0.00000000,0.00000000,94.69756566,107.32720193,101.68074366,1745.79450000,51776.23566039,9891.18697000
2,217,0.000000,0.708000,0.00000000,106.72863180,0.00000000,271.20415579,0.00000000,0.00000000,94.69756566,106.72863180,101.68074366,1745.79450000,52125.39456023,7912.94957600
2,218,0.000000,0.560000,0.00000000,107.32720193,0.00000000,191.60268657,0.00000000,0.00000000,94.69756566,107.32720193,101.68074366,1745.79450000,52125.39456002,9891.18697000
2,219,0.000000,0.430000,0.00000000,107.32720193,0.00000000,122.20824817,0.00000000,0.00000000,94.69756566,107.32720193,101.68074366,1745.79450000,52125.39455982,9891.18697000
2,220,0.000000,0.325000,0.00000000,107.32720193,0.00000000,66.15889407,0.00000000,0.00000000,94.69756566,107.32720193,101.68074366,1745.79450000,52125.39455961,9891.18697000
2,221,0.000000,0.265000,0.00000000,107.32720193,0.00000000,34.13069174,0.00000000,0.00000000,94.69756566,107.32720193,101.68074366,1745.79450000,52125.39455941,9891.18697000
2,222,0.000000,0.241000,0.00000000,107.32720193,0.00000000,21.31941080,0.00000000,0.00000000,94.69756566,107.32720193,101.68074366,1745.79450000,52125.39455920,9891.18697000
2,223,0.158000,0.478000,46.85629366,60.47090826,0.00000000,194.68710370,0.00000000,0.00000000,94.69756566,107.32720193,101.68074366,1745.79450000,52125.39455900,9891.18697000
2,224,0.361000,0.720000,107.05773425,0.26946767,0.00000000,384.06896039,0.00000000,0.00000000,94.69756566,107.32720193,101.68074366,1745.79450000,52125.39455879,9891.18697000
2,225,0.523000,0.737000,107.32720193,0.00000000,47.77306127,393.41308539,0.00000000,0.00000000,94.69756566,107.32720193,101.68074366,1745.79450000,52125.39455859,9891.18697000
2,226,0.635000,0.686000,107.32720193,0.00000000,80.98764918,366.18911340,0.00000000,0.00000000,94.69756566,107.32720193,101.68074366,1745.79450000,52125.39455838,9891.18697000
2,227,0.700000,0.613000,106.90887706,0.00000000,100.68229739,327.22146722,0.00000000,0.00000000,94.69756566,106.90887706,101.68074366,1745.79450000,52369.41250039,8508.64905377
2,228,0.718000,0.556000,107.32720193,0.00000000,105.60203129,296.79467500,0.00000000,0.00000000,94.69756566,107.32720193,101.68074366,1745.79450000,52369.41250018,9891.18697000
2,229,0.691000,0.535000,107.32720193,0.00000000,97.59494314,285.58480418,0.00000000,0.00000000,94.69756566,107.32720193,101.68074366,1745.79450000,52369.41249998,9891.18697000
2,230,0.613000,0.568000,107.32720193,0.00000000,74.46335513,303.20031547,0.00000000,0.00000000,94.69756566,107.32720193,101.68074366,1745.79450000,52369.41249977,9891.18697000
2,231,0.486000,0.644000,107.32720193,0.00000000,36.80038491,343.76937176,0.00000000,0.00000000,94.69756566,107.32720193,101.68074366,1745.79450000,52369.41249957,9891.18697000
2,232,0.297000,0.750000,88.07796973,19.24923220,0.00000000,381.10329703,0.00000000,0.00000000,94.69756566,107.32720193,101.68074366,1745.79450000,52369.41249936,9891.18697000
2,233,0.110000,0.855000,32.62147027,74.70573166,0.00000000,381.69615167,0.00000000,0.00000000,94.69756566,107.32720193,101.68074366,1745.79450000,52369.41249916,9891.18697000
2,234,0.000000,0.909000,0.00000000,107.32720193,0.00000000,377.90006350,0.00000000,0.00000000,94.69756566,107.32720193,101.68074366,1745.79450000,52369.41249895,9891.18697000
2,235,0.000000,0.937000,0.00000000,107.32720193,0.00000000,392.84655792,0.00000000,0.00000000,94.69756566,107.32720193,101.68074366,1745.79450000,52369.41249875,9891.18697000
2,236,0.000000,0.945000,0.00000000,107.32720193,0.00000000,397.11698490,0.00000000,0.00000000,94.69756566,107.32720193,101.68074366,1745.79450000,52369.41249854,9891.18697000
2,237,0.000000,0.924000,0.00000000,107.32720193,0.00000000,385.90711408,0.00000000,0.00000000,94.69756566,107.32720193,101.68074366,1745.79450000,52369.41249834,9891.18697000
2,238,0.000000,0.881000,0.00000000,107.32720193,0.00000000,362.95356908,0.00000000,0.00000000,94.69756566,107.32720193,101.68074366,1745.79450000,52369.41249813,9891.18697000
2,239,0.000000,0.831000,0.00000000,107.32720193,0.00000000,336.26340046,0.00000000,0.00000000,94.69756566,107.32720193,101.68074366,1745.79450000,52369.41249793,9891.18697000
2,240,0.000000,0.777000,0.00000000,107.32720193,0.00000000,307.43801836,0.00000000,0.00000000,94.69756566,107.32720193,101.68074366,1745.79450000,52369.41249772,9891.18697000
2,241,0.000000,0.702000,0.00000000,107.32720193,0.00000000,267.40276543,0.00000000,0.00000000,94.69756566,107.32720193,101.68074366,1745.79450000,52369.41249752,9891.18697000
2,242,0.000000,0.640000,0.00000000,107.32720193,0.00000000,234.30695635,0.00000000,0.00000000,94.69756566,107.32720193,101.68074366,1745.79450000,52369.41249731,9891.18697000
2,243,0.000000,0.592000,0.00000000,107.32720192,0.00000000,208.68439448,0.00000000,0.00000000,94.69756566,107.32720192,101.68074366,1745.79450000,52369.41249998,9891.18695374
2,244,0.000000,0.571000,0.00000000,2.39428050,0.00000000,302.40744509,0.00000000,0.00000000,0.00000000,2.39428050,0.00000000,0.00000000,50972.77689982,7912.94957600
2,245,0.000000,0.550000,0.00000000,2.39428050,0.00000000,291.19757427,0.00000000,0.00000000,0.00000000,2.39428050,0.00000000,0.00000000,49576.14129965,7912.94957600
2,246,0.000000,0.525000,0.00000000,72.94337341,0.00000000,207.30339705,0.00000000,0.00000000,63.67817400,72.94337341,68.65710075,1244.73168631,49424.23738580,7912.94957600
2,247,0.144000,0.711000,42.70447017,64.02416163,0.00000000,315.51003608,0.00000000,0.00000000,94.69756566,106.72863180,101.68074366,1745.79450000,49773.39628564,7912.94957600
2,248,0.342000,0.829000,101.42311666,5.30551514,0.00000000,437.21748050,0.00000000,0.00000000,94.69756566,106.72863180,101.68074366,1745.79450000,50122.55518547,7912.94957600
2,249,0.505000,0.832000,2.39428050,0.00000000,147.36792392,444.12440576,0.00000000,0.00000000,0.00000000,2.39428050,0.00000000,0.00000000,48725.91958531,7912.94957600
2,250,0.620000,0.805000,106.72863180,0.00000000,77.13783700,429.71171471,0.00000000,0.00000000,94.69756566,106.72863180,101.68074366,1745.79450000,49075.07848514,7912.94957600
2,251,0.685000,0.784000,2.39428050,0.00000000,200.74851164,418.50184389,0.00000000,0.00000000,0.00000000,2.39428050,0.00000000,0.00000000,47678.44288498,7912.94957600
2,252,0.688000,0.771000,0.00000000,57.67001469,204.03246860,353.89238536,0.00000000,0.00000000,49.73928100,57.67001469,53.75120360,1002.98064984,47284.78793465,7912.94957600
2,253,0.644000,0.766000,0.00000000,72.94337341,190.98388049,335.95000978,0.00000000,0.00000000,63.67817400,72.94337341,68.65710075,1244.73168631,47132.88402080,7912.94957600
2,254,0.546000,0.780000,2.39428050,0.00000000,159.52683557,416.36663040,0.00000000,0.00000000,0.00000000,2.39428050,0.00000000,0.00000000,45736.24842063,7912.94957600
2,255,0.390000,0.807000,106.72863180,0.00000000,8.92930825,430.77932145,0.00000000,0.00000000,94.69756566,106.72863180,101.68074366,1745.79450000,46085.40732047,7912.94957600
2,256,0.226000,0.833000,67.02229346,39.70633834,0.00000000,404.95187079,0.00000000,0.00000000,94.69756566,106.72863180,101.68074366,1745.79450000,46434.56622031,7912.94957600
2,257,0.078000,0.862000,23.13158801,83.59704379,0.00000000,376.54146314,0.00000000,0.00000000,94.69756566,106.72863180,101.68074366,1745.79450000,46783.72512014,7912.94957600
2,258,0.000000,0.871000,0.00000000,106.72863180,0.00000000,358.21410548,0.00000000,0.00000000,94.69756566,106.72863180,101.68074366,1745.79450000,47132.88401998,7912.94957600
2,259,0.000000,0.900000,0.00000000,106.72863180,0.00000000,373.69440327,0.00000000,0.00000000,94.69756566,106.72863180,101.68074366,1745.79450000,47482.04291981,7912.94957600
2,260,0.000000,0.920000,0.00000000,106.72863180,0.00000000,384.37047072,0.00000000,0.00000000,94.69756566,106.72863180,101.68074366,1745.79450000,47831.20181965,7912.94957600
2,261,0.000000,0.924000,0.00000000,106.72863180,0.00000000,386.50568421,0.00000000,0.00000000,94.69756566,106.72863180,101.68074366,1745.79450000,48180.36071949,7912.94957600
2,262,0.000000,0.909000,0.00000000,106.72863180,0.00000000,378.49863362,0.00000000,0.00000000,94.69756566,106.72863180,101.68074366,1745.79450000,48529.51961932,7912.94957600
2,263,0.000000,0.889000,0.00000000,106.72863180,0.00000000,367.82256618,0.00000000,0.00000000,94.69756566,106.72863180,101.68074366,1745.79450000,48878.67851916,7912.94957600
2,264,0.000000,0.869000,0.00000000,106.72863180,0.00000000,357.14649873,0.00000000,0.00000000,94.69756566,106.72863180,101.68074366,1745.79450000,49227.83741899,7912.94957600
2,265,0.000000,0.829000,0.00000000,106.72863180,0.00000000,335.79436384,0.00000000,0.00000000,94.69756566,106.72863180,101.68074366,1745.79450000,49576.99631883,7912.94957600
2,266,0.000000,0.788000,0.00000000,106.72863180,0.00000000,313.90842558,0.00000000,0.00000000,94.69756566,106.72863180,101.68074366,1745.79450000,49926.15521867,7912.94957600
2,267,0.000000,0.746000,0.00000000,106.72863180,0.00000000,291.48868394,0.00000000,0.00000000,94.69756566,106.72863180,101.68074366,1745.79450000,50275.31411850,7912.94957600
2,268,0.000000,0.705000,0.00000000,106.72863180,0.00000000,269.60274567,0.00000000,0.00000000,94.69756566,106.72863180,101.68074366,1745.79450000,50624.47301834,7912.94957600
2,269,0.000000,0.658000,0.00000000,72.94337341,0.00000000,278.29924557,0.00000000,0.00000000,63.67817400,72.94337341,68.65710075,1244.73168631,50472.56910449,7912.94957600
2,270,0.000000,0.565000,0.00000000,106.72863180,0.00000000,194.87027355,0.00000000,0.00000000,94.69756566,106.72863180,101.68074366,1745.79450000,50821.72800432,7912.94957600
2,271,0.164000,0.733000,48.63564659,58.09298522,0.00000000,333.18488668,0.00000000,0.00000000,94.69756566,106.72863180,101.68074366,1745.79450000,51170.88690416,7912.94957600
2,272,0.375000,0.842000,106.72863180,0.00000000,4.48092594,449.46243948,0.00000000,0.00000000,94.69756566,106.72863180,101.68074366,1745.79450000,51520.04580399,7912.94957600
2,273,0.543000,0.819000,107.06825576,0.00000000,53.96318384,437.18496192,0.00000000,0.00000000,94.69756566,107.06825576,101.68074366,1745.79450000,51671.09470113,9035.38585193
2,274,0.657000,0.760000,107.32720193,0.00000000,87.51194324,405.69056295,0.00000000,0.00000000,94.69756566,107.32720193,101.68074366,1745.79450000,51671.09470092,9891.18697000
2,275,0.720000,0.697000,107.32720193,0.00000000,106.19514894,372.06095050,0.00000000,0.00000000,94.69756566,107.32720193,101.68074366,1745.79450000,51671.09470072,9891.18697000
2,276,0.737000,0.648000,106.72863180,0.00000000,111.83521901,345.90458525,0.00000000,0.00000000,94.69756566,106.72863180,101.68074366,1745.79450000,52020.25360055,7912.94957600
2,277,0.710000,0.625000,107.32720193,0.00000000,103.22956073,333.62710769,0.00000000,0.00000000,94.69756566,107.32720193,101.68074366,1745.79450000,52020.25360035,9891.18697000
2,278,0.638000,0.644000,107.32720193,0.00000000,81.87732564,343.76937176,0.00000000,0.00000000,94.69756566,107.32720193,101.68074366,1745.79450000,52020.25360014,9891.18697000
2,279,0.519000,0.694000,106.72863180,0.00000000,47.18539611,370.45954038,0.00000000,0.00000000,94.69756566,106.72863180,101.68074366,1745.79450000,52369.41249998,7912.94957600
2,280,0.351000,0.760000,104.09214604,3.23505588,0.00000000,402.45550707,0.00000000,0.00000000,94.69756566,107.32720193,101.68074366,1745.79450000,52369.41249977,9891.18697000
2,281,0.146000,0.826000,2.99285063,0.00000000,40.30473719,440.92158552,0.00000000,0.00000000,0.00000000,2.99285063,0.00000000,0.00000000,50623.61799957,9891.18697000
2,282,0.000000,0.851000,0.00000000,106.72863180,0.00000000,347.53803803,0.00000000,0.00000000,94.69756566,106.72863180,101.68074366,1745.79450000,50972.77689941,7912.94957600
2,283,0.000000,0.868000,0.00000000,106.72863180,0.00000000,356.61269536,0.00000000,0.00000000,94.69756566,106.72863180,101.68074366,1745.79450000,51321.93579924,7912.94957600
2,284,0.000000,0.883000,0.00000000,106.72863180,0.00000000,364.61974595,0.00000000,0.00000000,94.69756566,106.72863180,101.68074366,1745.79450000,51671.09469908,7912.94957600
2,285,0.000000,0.891000,0.00000000,107.32720193,0.00000000,368.29160280,0.00000000,0.00000000,94.69756566,107.32720193,101.68074366,1745.79450000,51671.09469887,9891.18697000
2,286,0.000000,0.874000,0.00000000,107.32720193,0.00000000,359.21694547,0.00000000,0.00000000,94.69756566,107.32720193,101.68074366,1745.79450000,51671.09469867,9891.18697000
2,287,0.000000,0.856000,0.00000000,107.32720193,0.00000000,349.60848477,0.00000000,0.00000000,94.69756566,107.32720193,101.68074366,1745.79450000,51671.09469846,9891.18697000
2,288,0.000000,0.836000,0.00000000,106.72863180,0.00000000,339.53098745,0.00000000,0.00000000,94.69756566,106.72863180,101.68074366,1745.79450000,52020.25359830,7912.94957600
2,289,0.000000,0.807000,0.00000000,107.32720193,0.00000000,323.45211952,0.00000000,0.00000000,94.69756566,107.32720193,101.68074366,1745.79450000,52020.25359809,9891.18697000
2,290,0.000000,0.770000,0.00000000,107.32720192,0.00000000,303.70139475,0.00000000,0.00000000,94.69756566,107.32720192,101.68074366,1745.79450000,52020.25360014,9891.18695722
2,291,0.000000,0.730000,0.00000000,106.72863180,0.00000000,282.94782998,0.00000000,0.00000000,94.69756566,106.72863180,101.68074366,1745.79450000,52369.41249998,7912.94957600
2,292,0.000000,0.674000,0.00000000,30.37356422,0.00000000,329.40990871,0.00000000,0.00000000,25.00174700,30.37356422,27.15938231,539.40882693,51512.18572674,7912.94957600
2,293,0.000000,0.562000,0.00000000,2.99285063,0.00000000,297.00464461,0.00000000,0.00000000,0.00000000,2.99285063,0.00000000,0.00000000,49766.39122654,9891.18697000
2,294,0.000000,0.501000,0.00000000,57.67001469,0.00000000,209.76547484,0.00000000,0.00000000,49.73928100,57.67001469,53.75120360,1002.98064984,49372.73627621,7912.94957600
2,295,0.165000,0.676000,48.93220541,57.79642640,0.00000000,303.05465328,0.00000000,0.00000000,94.69756566,106.72863180,101.68074366,1745.79450000,49721.89517604,7912.94957600
2,296,0.375000,0.833000,106.72863180,0.00000000,4.48092594,444.65820913,0.00000000,0.00000000,94.69756566,106.72863180,101.68074366,1745.79450000,50071.05407588,7912.94957600
2,297,0.542000,0.803000,107.32720193,0.00000000,53.40767886,428.64410796,0.00000000,0.00000000,94.69756566,107.32720193,101.68074366,1745.79450000,50071.05407567,9891.18697000
2,298,0.655000,0.729000,107.32720193,0.00000000,86.91882559,389.14265841,0.00000000,0.00000000,94.69756566,107.32720193,101.68074366,1745.79450000,50071.05407547,9891.18697000
2,299,0.717000,0.649000,107.32720193,0.00000000,105.30547247,346.43838863,0.00000000,0.00000000,94.69756566,107.32720193,101.68074366,1745.79450000,50071.05407526,9891.18697000
2,300,0.733000,0.579000,106.72863180,0.00000000,110.64898373,309.07215256,0.00000000,0.00000000,94.69756566,106.72863180,101.68074366,1745.79450000,50420.21297510,7912.94957600
2,301,0.706000,0.543000,107.32720193,0.00000000,102.04332545,289.85523116,0.00000000,0.00000000,94.69756566,107.32720193,101.68074366,1745.79450000,50420.21297490,9891.18697000
2,302,0.634000,0.554000,107.32720193,0.00000000,80.69109036,295.72706826,0.00000000,0.00000000,94.69756566,107.32720193,101.68074366,1745.79450000,50420.21297469,9891.18697000
2,303,0.513000,0.612000,106.72863180,0.00000000,45.40604319,326.68766385,0.00000000,0.00000000,94.69756566,106.72863180,101.68074366,1745.79450000,50769.37187453,7912.94957600
2,304,0.344000,0.700000,102.01623430,5.31096763,0.00000000,368.35139299,0.00000000,0.00000000,94.69756566,107.32720193,101.68074366,1745.79450000,50769.37187432,9891.18697000
2,305,0.139000,0.794000,41.22167607,65.50695573,0.00000000,358.33292188,0.00000000,0.00000000,94.69756566,106.72863180,101.68074366,1745.79450000,51118.53077416,7912.94957600
2,306,0.000000,0.845000,0.00000000,107.32720193,0.00000000,343.73664767,0.00000000,0.00000000,94.69756566,107.32720193,101.68074366,1745.79450000,51118.53077395,9891.18697000
2,307,0.000000,0.887000,0.00000000,106.72863180,0.00000000,366.75495943,0.00000000,0.00000000,94.69756566,106.72863180,101.68074366,1745.79450000,51467.68967379,7912.94957600
2,308,0.000000,0.911000,0.00000000,106.72863180,0.00000000,379.56624037,0.00000000,0.00000000,94.69756566,106.72863180,101.68074366,1745.79450000,51816.84857362,7912.94957600
2,309,0.000000,0.922000,0.00000000,106.72863180,0.00000000,385.43807746,0.00000000,0.00000000,94.69756566,106.72863180,101.68074366,1745.79450000,52166.00747346,7912.94957600
2,310,0.000000,0.903000,0.00000000,73.54194353,0.00000000,408.48250166,0.00000000,0.00000000,63.67817400,73.54194353,68.65710075,1244.73168631,51664.94465957,9891.18697000
2,311,0.000000,0.882000,0.00000000,106.72863180,0.00000000,364.08594257,0.00000000,0.00000000,94.69756566,106.72863180,101.68074366,1745.79450000,52014.10355940,7912.94957600
2,312,0.000000,0.849000,0.00000000,106.72863180,0.00000000,346.47043129,0.00000000,0.00000000,94.69756566,106.72863180,101.68074366,1745.79450000,52363.26245924,7912.94957600
2,313,0.000000,0.807000,0.00000000,107.32720193,0.00000000,323.45211952,0.00000000,0.00000000,94.69756566,107.32720193,101.68074366,1745.79450000,52363.26245903,9891.18697000
2,314,0.000000,0.756000,0.00000000,107.32720193,0.00000000,296.22814754,0.00000000,0.00000000,94.69756566,107.32720193,101.68074366,1745.79450000,52363.26245883,9891.18697000
2,315,0.000000,0.697000,0.00000000,2.99285063,0.00000000,369.06809987,0.00000000,0.00000000,0.00000000,2.99285063,0.00000000,0.00000000,50617.46795862,9891.18697000
2,316,0.000000,0.656000,0.00000000,107.32720193,0.00000000,242.84781031,0.00000000,0.00000000,94.69756566,107.32720193,101.68074366,1745.79450000,50617.46795842,9891.18697000
2,317,0.000000,0.592000,0.00000000,106.72863180,0.00000000,209.28296460,0.00000000,0.00000000,94.69756566,106.72863180,101.68074366,1745.79450000,50966.62685826,7912.94957600
2,318,0.000000,0.524000,0.00000000,2.39428050,0.00000000,277.31868659,0.00000000,0.00000000,0.00000000,2.39428050,0.00000000,0.00000000,49569.99125809,7912.94957600
2,319,0.157000,0.726000,46.55973484,60.16889696,0.00000000,327.37235133,0.00000000,0.00000000,94.69756566,106.72863180,101.68074366,1745.79450000,49919.15015793,7912.94957600
2,320,0.363000,0.833000,106.72863180,0.00000000,0.92222009,444.65820913,0.00000000,0.00000000,94.69756566,106.72863180,101.68074366,1745.79450000,50268.30905776,7912.94957600
2,321,0.534000,0.809000,107.32720193,0.00000000,51.03520830,431.84692820,0.00000000,0.00000000,94.69756566,107.32720193,101.68074366,1745.79450000,50268.30905756,9891.18697000
2,322,0.651000,0.750000,106.72863180,0.00000000,86.33116044,400.35252923,0.00000000,0.00000000,94.69756566,106.72863180,101.68074366,1745.79450000,50617.46795739,7912.94957600
2,323,0.714000,0.684000,106.72863180,0.00000000,105.01436614,365.12150666,0.00000000,0.00000000,94.69756566,106.72863180,101.68074366,1745.79450000,50966.62685723,7912.94957600
2,324,0.730000,0.631000,107.32720193,0.00000000,109.16073714,336.82992792,0.00000000,0.00000000,94.69756566,107.32720193,101.68074366,1745.79450000,50966.62685703,9891.18697000
2,325,0.703000,0.610000,106.72863180,0.00000000,101.75221911,325.62005711,0.00000000,0.00000000,94.69756566,106.72863180,101.68074366,1745.79450000,51315.78575686,7912.94957600
2,326,0.630000,0.625000,107.32720193,0.00000000,79.50485508,333.62710769,0.00000000,0.00000000,94.69756566,107.32720193,101.68074366,1745.79450000,51315.78575666,9891.18697000
2,327,0.509000,0.672000,107.32720193,0.00000000,43.62123778,358.71586619,0.00000000,0.00000000,94.69756566,107.32720193,101.68074366,1745.79450000,51315.78575645,9891.18697000
2,328,0.342000,0.739000,101.42311666,5.90408527,0.00000000,388.57660687,0.00000000,0.00000000,94.69756566,107.32720193,101.68074366,1745.79450000,51315.78575625,9891.18697000
2,329,0.139000,0.809000,41.22167607,31.72169734,0.00000000,400.12523086,0.00000000,0.00000000,63.67817400,72.94337341,68.65710075,1244.73168631,51163.88184239,7912.94957600
2,330,0.000000,0.849000,0.00000000,106.72863180,0.00000000,346.47043129,0.00000000,0.00000000,94.69756566,106.72863180,101.68074366,1745.79450000,51513.04074223,7912.94957600
2,331,0.000000,0.886000,0.00000000,106.72863180,0.00000000,366.22115606,0.00000000,0.00000000,94.69756566,106.72863180,101.68074366,1745.79450000,51862.19964207,7912.94957600
2,332,0.000000,0.908000,0.00000000,107.32720193,0.00000000,377.36626013,0.00000000,0.00000000,94.69756566,107.32720193,101.68074366,1745.79450000,51862.19964186,9891.18697000
2,333,0.000000,0.909000,0.00000000,106.97996637,0.00000000,378.24729906,0.00000000,0.00000000,94.69756566,106.97996637,101.68074366,1745.79450000,52064.74965146,8743.59484648
2,334,0.000000,0.876000,0.00000000,58.26858481,0.00000000,409.34316933,0.00000000,0.00000000,49.73928100,58.26858481,53.75120360,1002.98064984,51321.93580109,9891.18697000
2,335,0.000000,0.829000,0.00000000,107.32720193,0.00000000,335.19579372,0.00000000,0.00000000,94.69756566,107.32720193,101.68074366,1745.79450000,51321.93580088,9891.18697000
2,336,0.000000,0.768000,0.00000000,107.32720193,0.00000000,302.63378800,0.00000000,0.00000000,94.69756566,107.32720193,101.68074366,1745.79450000,51321.93580068,9891.18697000
2,337,0.000000,0.672000,0.00000000,106.72863180,0.00000000,251.98723439,0.00000000,0.00000000,94.69756566,106.72863180,101.68074366,1745.79450000,51671.09470051,7912.94957600
2,338,0.000000,0.568000,0.00000000,106.72863180,0.00000000,196.47168367,0.00000000,0.00000000,94.69756566,106.72863180,101.68074366,1745.79450000,52020.25360035,7912.94957600
2,339,0.000000,0.443000,0.00000000,106.72863180,0.00000000,129.74626213,0.00000000,0.00000000,94.69756566,106.72863180,101.68074366,1745.79450000,52369.41250018,7912.94957600
2,340,0.000000,0.374000,0.00000000,107.32720193,0.00000000,92.31525932,0.00000000,0.00000000,94.69756566,107.32720193,101.68074366,1745.79450000,52369.41249998,9891.18697000
2,341,0.000000,0.341000,0.00000000,57.67001469,0.00000000,124.35693527,0.00000000,0.00000000,49.73928100,57.67001469,53.75120360,1002.98064984,51975.75754965,7912.94957600
2,342,0.000000,0.317000,0.00000000,107.32720193,0.00000000,61.88846710,0.00000000,0.00000000,94.69756566,107.32720193,101.68074366,1745.79450000,51975.75754945,9891.18697000
2,343,0.157000,0.491000,46.55973484,60.76746709,0.00000000,201.32998872,0.00000000,0.00000000,94.69756566,107.32720193,101.68074366,1745.79450000,51975.75754924,9891.18697000
2,344,0.365000,0.726000,107.32720193,0.00000000,0.91676761,387.54124829,0.00000000,0.00000000,94.69756566,107.32720193,101.68074366,1745.79450000,51975.75754904,9891.18697000
2,345,0.534000,0.753000,107.32720193,0.00000000,51.03520830,401.95393935,0.00000000,0.00000000,94.69756566,107.32720193,101.68074366,1745.79450000,51975.75754883,9891.18697000
2,346,0.653000,0.725000,107.32720193,0.00000000,86.32570795,387.00744492,0.00000000,0.00000000,94.69756566,107.32720193,101.68074366,1745.79450000,51975.75754863,9891.18697000
2,347,0.718000,0.682000,107.32720193,0.00000000,105.60203129,364.05389991,0.00000000,0.00000000,94.69756566,107.32720193,101.68074366,1745.79450000,51975.75754842,9891.18697000
2,348,0.735000,0.633000,107.32720193,0.00000000,110.64353125,337.89753467,0.00000000,0.00000000,94.69756566,107.32720193,101.68074366,1745.79450000,51975.75754822,9891.18697000
2,349,0.707000,0.624000,107.32720193,0.00000000,102.33988427,333.09330432,0.00000000,0.00000000,94.69756566,107.32720193,101.68074366,1745.79450000,51975.75754801,9891.18697000
2,350,0.635000,0.668000,2.99285063,0.00000000,185.32200048,356.58065270,0.00000000,0.00000000,0.00000000,2.99285063,0.00000000,0.00000000,50229.96304781,9891.18697000
2,351,0.515000,0.729000,106.72863180,0.00000000,45.99916083,389.14265841,0.00000000,0.00000000,94.69756566,106.72863180,101.68074366,1745.79450000,50579.12194764,7912.94957600
2,352,0.345000,0.781000,102.31279312,5.01440880,0.00000000,411.88602497,0.00000000,0.00000000,94.69756566,107.32720193,101.68074366,1745.79450000,50579.12194744,9891.18697000
2,353,0.140000,0.819000,41.51823489,65.21039691,0.00000000,371.97456501,0.00000000,0.00000000,94.69756566,106.72863180,101.68074366,1745.79450000,50928.28084727,7912.94957600
2,354,0.000000,0.816000,0.00000000,107.32720193,0.00000000,328.25634988,0.00000000,0.00000000,94.69756566,107.32720193,101.68074366,1745.79450000,50928.28084707,9891.18697000
2,355,0.000000,0.808000,0.00000000,107.32720193,0.00000000,323.98592290,0.00000000,0.00000000,94.69756566,107.32720193,101.68074366,1745.79450000,50928.28084686,9891.18697000
2,356,0.000000,0.818000,0.00000000,106.72863180,0.00000000,329.92252675,0.00000000,0.00000000,94.69756566,106.72863180,101.68074366,1745.79450000,51277.43974670,7912.94957600
2,357,0.000000,0.837000,0.00000000,106.72863180,0.00000000,340.06479082,0.00000000,0.00000000,94.69756566,106.72863180,101.68074366,1745.79450000,51626.59864654,7912.94957600
2,358,0.000000,0.816000,0.00000000,106.72863180,0.00000000,328.85492000,0.00000000,0.00000000,94.69756566,106.72863180,101.68074366,1745.79450000,51975.75754637,7912.94957600
2,359,0.000000,0.777000,0.00000000,107.32720193,0.00000000,307.43801836,0.00000000,0.00000000,94.69756566,107.32720193,101.68074366,1745.79450000,51975.75754617,9891.18697000
2,360,0.000000,0.737000,0.00000000,106.72863180,0.00000000,286.68445359,0.00000000,0.00000000,94.69756566,106.72863180,101.68074366,1745.79450000,52324.91644600,7912.94957600
2,361,0.000000,0.695000,0.00000000,107.32720193,0.00000000,263.66614183,0.00000000,0.00000000,94.69756566,107.32720193,101.68074366,1745.79450000,52324.91644580,9891.18697000
2,362,0.000000,0.615000,0.00000000,107.32720193,0.00000000,220.96187204,0.00000000,0.00000000,94.69756566,107.32720193,101.68074366,1745.79450000,52324.91644559,9891.18697000
2,363,0.000000,0.554000,0.00000000,107.32720193,0.00000000,188.39986633,0.00000000,0.00000000,94.69756566,107.32720193,101.68074366,1745.79450000,52324.91644539,9891.18697000
2,364,0.000000,0.516000,0.00000000,107.32720193,0.00000000,168.11533818,0.00000000,0.00000000,94.69756566,107.32720193,101.68074366,1745.79450000,52324.91644518,9891.18697000
2,365,0.000000,0.467000,0.00000000,107.32720193,0.00000000,141.95897294,0.00000000,0.00000000,94.69756566,107.32720193,101.68074366,1745.79450000,52324.91644498,9891.18697000
2,366,0.000000,0.453000,0.00000000,107.32720193,0.00000000,134.48572573,0.00000000,0.00000000,94.69756566,107.32720193,101.68074366,1745.79450000,52324.91644477,9891.18697000
2,367,0.134000,0.653000,39.73888197,67.58831996,0.00000000,280.98528216,0.00000000,0.00000000,94.69756566,107.32720193,101.68074366,1745.79450000,52324.91644457,9891.18697000
2,368,0.326000,0.802000,96.67817553,10.64902640,0.00000000,417.46127819,0.00000000,0.00000000,94.69756566,107.32720193,101.68074366,1745.79450000,52324.91644436,9891.18697000
2,369,0.510000,0.810000,107.32720193,0.00000000,43.91779660,432.38073157,0.00000000,0.00000000,94.69756566,107.32720193,101.68074366,1745.79450000,52324.91644416,9891.18697000
2,370,0.627000,0.797000,107.32720193,0.00000000,78.61517862,425.44128773,0.00000000,0.00000000,94.69756566,107.32720193,101.68074366,1745.79450000,52324.91644395,9891.18697000
2,371,0.691000,0.781000,107.32720193,0.00000000,97.59494314,416.90043377,0.00000000,0.00000000,94.69756566,107.32720193,101.68074366,1745.79450000,52324.91644375,9891.18697000
2,372,0.711000,0.769000,107.32720193,0.00000000,103.52611955,410.49479330,0.00000000,0.00000000,94.69756566,107.32720193,101.68074366,1745.79450000,52324.91644354,9891.18697000
2,373,0.687000,0.777000,107.32720193,0.00000000,96.40870785,414.76522028,0.00000000,0.00000000,94.69756566,107.32720193,101.68074366,1745.79450000,52324.91644334,9891.18697000
2,374,0.617000,0.802000,107.32720193,0.00000000,75.64959041,428.11030459,0.00000000,0.00000000,94.69756566,107.32720193,101.68074366,1745.79450000,52324.91644313,9891.18697000
2,375,0.503000,0.835000,107.32720193,0.00000000,41.84188486,445.72581588,0.00000000,0.00000000,94.69756566,107.32720193,101.68074366,1745.79450000,52324.91644293,9891.18697000
2,376,0.340000,0.862000,100.82999902,6.49720291,0.00000000,453.64130402,0.00000000,0.00000000,94.69756566,107.32720193,101.68074366,1745.79450000,52324.91644272,9891.18697000
2,377,0.141000,0.873000,41.81479371,65.51240822,0.00000000,400.49793581,0.00000000,0.00000000,94.69756566,107.32720193,101.68074366,1745.79450000,52324.91644252,9891.18697000
2,378,0.000000,0.851000,0.00000000,107.32720193,0.00000000,346.93946791,0.00000000,0.00000000,94.69756566,107.32720193,101.68074366,1745.79450000,52324.91644231,9891.18697000
2,379,0.000000,0.810000,0.00000000,89.89674172,0.00000000,342.48398985,0.00000000,0.00000000,78.66539600,89.89674172,84.63531998,1492.48099468,52071.60293678,9891.18697000
2,380,0.000000,0.781000,0.00000000,107.32720193,0.00000000,309.57323184,0.00000000,0.00000000,94.69756566,107.32720193,101.68074366,1745.79450000,52071.60293658,9891.18697000
2,381,0.000000,0.746000,0.00000000,107.32720193,0.00000000,290.89011381,0.00000000,0.00000000,94.69756566,107.32720193,101.68074366,1745.79450000,52071.60293637,9891.18697000
2,382,0.000000,0.674000,0.00000000,106.81666100,0.00000000,252.96681193,0.00000000,0.00000000,94.69756566,106.81666100,101.68074366,1745.79450000,52369.41249998,8203.88065945
2,383,0.000000,0.574000,0.00000000,107.32720193,0.00000000,199.07593378,0.00000000,0.00000000,94.69756566,107.32720193,101.68074366,1745.79450000,52369.41249977,9891.18697000
2,384,0.000000,0.486000,0.00000000,107.32720193,0.00000000,152.10123701,0.00000000,0.00000000,94.69756566,107.32720193,101.68074366,1745.79450000,52369.41249957,9891.18697000
2,385,0.000000,0.417000,0.00000000,73.54194353,0.00000000,149.05406272,0.00000000,0.00000000,63.67817400,73.54194353,68.65710075,1244.73168631,51868.34968568,9891.18697000
2,386,0.000000,0.380000,0.00000000,107.32720193,0.00000000,95.51807955,0.00000000,0.00000000,94.69756566,107.32720193,101.68074366,1745.79450000,51868.34968547,9891.18697000
2,387,0.000000,0.379000,0.00000000,106.72863180,0.00000000,95.58284630,0.00000000,0.00000000,94.69756566,106.72863180,101.68074366,1745.79450000,52217.50858531,7912.94957600
2,388,0.000000,0.422000,0.00000000,2.99285063,0.00000000,222.27217249,0.00000000,0.00000000,0.00000000,2.99285063,0.00000000,0.00000000,50471.71408510,9891.18697000
2,389,0.000000,0.439000,0.00000000,107.32720193,0.00000000,127.01247852,0.00000000,0.00000000,94.69756566,107.32720193,101.68074366,1745.79450000,50471.71408490,9891.18697000
2,390,0.000000,0.484000,0.00000000,106.72863180,0.00000000,151.63220040,0.00000000,0.00000000,94.69756566,106.72863180,101.68074366,1745.79450000,50820.87298473,7912.94957600
2,391,0.150000,0.674000,44.48382310,62.84337883,0.00000000,296.94009410,0.00000000,0.00000000,94.69756566,107.32720193,101.68074366,1745.79450000,50820.87298453,9891.18697000
2,392,0.358000,0.792000,106.16805779,1.15914414,0.00000000,421.61312673,0.00000000,0.00000000,94.69756566,107.32720193,101.68074366,1745.79450000,50820.87298432,9891.18697000
2,393,0.523000,0.786000,107.32720193,0.00000000,47.77306127,419.56945063,0.00000000,0.00000000,94.69756566,107.32720193,101.68074366,1745.79450000,50820.87298412,9891.18697000
2,394,0.636000,0.754000,107.32720193,0.00000000,81.28420800,402.48774272,0.00000000,0.00000000,94.69756566,107.32720193,101.68074366,1745.79450000,50820.87298391,9891.18697000
2,395,0.704000,0.722000,107.32720193,0.00000000,101.45020781,385.40603480,0.00000000,0.00000000,94.69756566,107.32720193,101.68074366,1745.79450000,50820.87298371,9891.18697000
2,396,0.721000,0.707000,107.32720193,0.00000000,106.49170776,377.39898422,0.00000000,0.00000000,94.69756566,107.32720193,101.68074366,1745.79450000,50820.87298350,9891.18697000
2,397,0.691000,0.716000,107.32720193,0.00000000,97.59494314,382.20321457,0.00000000,0.00000000,94.69756566,107.32720193,101.68074366,1745.79450000,50820.87298330,9891.18697000
2,398,0.617000,0.751000,106.72863180,0.00000000,76.24816053,400.88633260,0.00000000,0.00000000,94.69756566,106.72863180,101.68074366,1745.79450000,51170.03188313,7912.94957600
2,399,0.496000,0.806000,106.72863180,0.00000000,40.36454324,430.24551808,0.00000000,0.00000000,94.69756566,106.72863180,101.68074366,1745.79450000,51519.19078297,7912.94957600
2,400,0.335000,0.859000,99.34720491,7.38142689,0.00000000,451.15566992,0.00000000,0.00000000,94.69756566,106.72863180,101.68074366,1745.79450000,51868.34968281,7912.94957600
2,401,0.134000,0.896000,39.73888197,67.58831996,0.00000000,410.69950163,0.00000000,0.00000000,94.69756566,107.32720193,101.68074366,1745.79450000,51868.34968260,9891.18697000
2,402,0.000000,0.906000,0.00000000,107.32720193,0.00000000,376.29865338,0.00000000,0.00000000,94.69756566,107.32720193,101.68074366,1745.79450000,51868.34968240,9891.18697000
2,403,0.000000,0.900000,0.00000000,106.72863180,0.00000000,373.69440327,0.00000000,0.00000000,94.69756566,106.72863180,101.68074366,1745.79450000,52217.50858223,7912.94957600
2,404,0.000000,0.895000,0.00000000,107.32720193,0.00000000,370.42681629,0.00000000,0.00000000,94.69756566,107.32720193,101.68074366,1745.79450000,52217.50858203,9891.18697000
2,405,0.000000,0.875000,0.00000000,107.06678998,0.00000000,360.01116078,0.00000000,0.00000000,94.69756566,107.06678998,101.68074366,1745.79450000,52369.41249998,9030.54154135
2,406,0.000000,0.828000,0.00000000,107.32720193,0.00000000,334.66199034,0.00000000,0.00000000,94.69756566,107.32720193,101.68074366,1745.79450000,52369.41249977,9891.18697000
2,407,0.000000,0.756000,0.00000000,2.39428050,0.00000000,401.16106896,0.00000000,0.00000000,0.00000000,2.39428050,0.00000000,0.00000000,50972.77689961,7912.94957600
2,408,0.000000,0.690000,0.00000000,106.72863180,0.00000000,261.59569509,0.00000000,0.00000000,94.69756566,106.72863180,101.68074366,1745.79450000,51321.93579945,7912.94957600
2,409,0.000000,0.624000,0.00000000,2.39428050,0.00000000,330.69902382,0.00000000,0.00000000,0.00000000,2.39428050,0.00000000,0.00000000,49925.30019928,7912.94957600
2,410,0.000000,0.578000,0.00000000,2.39428050,0.00000000,306.14406869,0.00000000,0.00000000,0.00000000,2.39428050,0.00000000,0.00000000,48528.66459912,7912.94957600
2,411,0.000000,0.559000,0.00000000,106.72863180,0.00000000,191.66745332,0.00000000,0.00000000,94.69756566,106.72863180,101.68074366,1745.79450000,48877.82349895,7912.94957600
2,412,0.000000,0.501000,0.00000000,106.72863180,0.00000000,160.70685772,0.00000000,0.00000000,94.69756566,106.72863180,101.68074366,1745.79450000,49226.98239879,7912.94957600
2,413,0.000000,0.508000,0.00000000,107.32720193,0.00000000,163.84491121,0.00000000,0.00000000,94.69756566,107.32720193,101.68074366,1745.79450000,49226.98239859,9891.18697000
2,414,0.000000,0.547000,0.00000000,106.84752294,0.00000000,185.14292171,0.00000000,0.00000000,94.69756566,106.84752294,101.68074366,1745.79450000,49506.78952572,8305.87746666
2,415,0.149000,0.724000,44.18726428,62.54136753,0.00000000,323.93227402,0.00000000,0.00000000,94.69756566,106.72863180,101.68074366,1745.79450000,49855.94842556,7912.94957600
2,416,0.350000,0.863000,103.79558722,2.93304458,0.00000000,457.73926572,0.00000000,0.00000000,94.69756566,106.72863180,101.68074366,1745.79450000,50205.10732539,7912.94957600
2,417,0.516000,0.881000,106.72863180,0.00000000,46.29571965,470.28077100,0.00000000,0.00000000,94.69756566,106.72863180,101.68074366,1745.79450000,50554.26622523,7912.94957600
2,418,0.639000,0.864000,43.47863956,0.00000000,146.02244683,461.20611367,0.00000000,0.00000000,36.84682300,43.47863956,39.91750131,767.66957627,49925.30020133,7912.94957600
2,419,0.705000,0.834000,106.72863180,0.00000000,102.34533675,445.19201250,0.00000000,0.00000000,94.69756566,106.72863180,101.68074366,1745.79450000,50274.45910117,7912.94957600
2,420,0.723000,0.812000,106.72863180,0.00000000,107.68339552,433.44833831,0.00000000,0.00000000,94.69756566,106.72863180,101.68074366,1745.79450000,50623.61800100,7912.94957600
2,421,0.699000,0.829000,106.72863180,0.00000000,100.56598383,442.52299564,0.00000000,0.00000000,94.69756566,106.72863180,101.68074366,1745.79450000,50972.77690084,7912.94957600
2,422,0.628000,0.855000,106.72863180,0.00000000,79.51030756,456.40188332,0.00000000,0.00000000,94.69756566,106.72863180,101.68074366,1745.79450000,51321.93580068,7912.94957600
2,423,0.509000,0.882000,106.72863180,0.00000000,44.21980791,470.81457437,0.00000000,0.00000000,94.69756566,106.72863180,101.68074366,1745.79450000,51671.09470051,7912.94957600
2,424,0.342000,0.902000,101.42311666,5.30551514,0.00000000,476.18512668,0.00000000,0.00000000,94.69756566,106.72863180,101.68074366,1745.79450000,52020.25360035,7912.94957600
2,425,0.140000,0.920000,41.51823489,65.80896704,0.00000000,425.29013548,0.00000000,0.00000000,94.69756566,107.32720193,101.68074366,1745.79450000,52020.25360014,9891.18697000
2,426,0.000000,0.920000,0.00000000,106.72863180,0.00000000,384.37047072,0.00000000,0.00000000,94.69756566,106.72863180,101.68074366,1745.79450000,52369.41249998,7912.94957600
2,427,0.000000,0.906000,0.00000000,2.39428050,0.00000000,481.23157481,0.00000000,0.00000000,0.00000000,2.39428050,0.00000000,0.00000000,50972.77689982,7912.94957600
2,428,0.000000,0.890000,0.00000000,106.72863180,0.00000000,368.35636955,0.00000000,0.00000000,94.69756566,106.72863180,101.68074366,1745.79450000,51321.93579965,7912.94957600
2,429,0.000000,0.858000,0.00000000,106.72863180,0.00000000,351.27466164,0.00000000,0.00000000,94.69756566,106.72863180,101.68074366,1745.79450000,51671.09469949,7912.94957600
2,430,0.000000,0.797000,0.00000000,2.39428050,0.00000000,423.04700723,0.00000000,0.00000000,0.00000000,2.39428050,0.00000000,0.00000000,50274.45909932,7912.94957600
2,431,0.000000,0.706000,0.00000000,106.72863180,0.00000000,270.13654905,0.00000000,0.00000000,94.69756566,106.72863180,101.68074366,1745.79450000,50623.61799916,7912.94957600
2,432,0.000000,0.604000,0.00000000,2.99285063,0.00000000,319.42438625,0.00000000,0.00000000,0.00000000,2.99285063,0.00000000,0.00000000,48877.82349895,9891.18697000
2,433,0.000000,0.519000,0.00000000,106.72863180,0.00000000,170.31531843,0.00000000,0.00000000,94.69756566,106.72863180,101.68074366,1745.79450000,49226.98239879,7912.94957600
2,434,0.000000,0.459000,0.00000000,106.72863180,0.00000000,138.28711609,0.00000000,0.00000000,94.69756566,106.72863180,101.68074366,1745.79450000,49576.14129863,7912.94957600
2,435,0.000000,0.441000,0.00000000,106.72863180,0.00000000,128.67865539,0.00000000,0.00000000,94.69756566,106.72863180,101.68074366,1745.79450000,49925.30019846,7912.94957600
2,436,0.000000,0.457000,0.00000000,106.72863180,0.00000000,137.21950934,0.00000000,0.00000000,94.69756566,106.72863180,101.68074366,1745.79450000,50274.45909830,7912.94957600
2,437,0.000000,0.442000,0.00000000,72.94337341,0.00000000,162.99771715,0.00000000,0.00000000,63.67817400,72.94337341,68.65710075,1244.73168631,50122.55518445,7912.94957600
2,438,0.001000,0.386000,0.29655882,106.43207298,0.00000000,99.61602873,0.00000000,0.00000000,94.69756566,106.72863180,101.68074366,1745.79450000,50471.71408428,7912.94957600
2,439,0.164000,0.633000,48.63564659,58.09298522,0.00000000,279.80454945,0.00000000,0.00000000,94.69756566,106.72863180,101.68074366,1745.79450000,50820.87298412,7912.94957600
2,440,0.369000,0.817000,106.72863180,0.00000000,2.70157302,436.11735517,0.00000000,0.00000000,94.69756566,106.72863180,101.68074366,1745.79450000,51170.03188395,7912.94957600
2,441,0.533000,0.831000,107.32720193,0.00000000,50.73864948,443.59060239,0.00000000,0.00000000,94.69756566,107.32720193,101.68074366,1745.79450000,51170.03188375,9891.18697000
2,442,0.652000,0.803000,106.72863180,0.00000000,86.62771926,428.64410796,0.00000000,0.00000000,94.69756566,106.72863180,101.68074366,1745.79450000,51519.19078359,7912.94957600
2,443,0.713000,0.770000,0.00000000,43.47863956,211.44643912,367.54995711,0.00000000,0.00000000,36.84682300,43.47863956,39.91750131,767.66957627,50890.22475969,7912.94957600
2,444,0.730000,0.748000,106.72863180,0.00000000,109.75930727,399.28492248,0.00000000,0.00000000,94.69756566,106.72863180,101.68074366,1745.79450000,51239.38365953,7912.94957600
2,445,0.707000,0.744000,106.72863180,0.00000000,102.93845439,397.14970900,0.00000000,0.00000000,94.69756566,106.72863180,101.68074366,1745.79450000,51588.54255936,7912.94957600
2,446,0.634000,0.750000,107.32720193,0.00000000,80.69109036,400.35252923,0.00000000,0.00000000,94.69756566,107.32720193,101.68074366,1745.79450000,51588.54255916,9891.18697000
2,447,0.514000,0.766000,2.39428050,0.00000000,150.03695331,408.89338319,0.00000000,0.00000000,0.00000000,2.39428050,0.00000000,0.00000000,50191.90695899,7912.94957600
2,448,0.347000,0.799000,102.90591076,3.82272104,0.00000000,422.68617343,0.00000000,0.00000000,94.69756566,106.72863180,101.68074366,1745.79450000,50541.06585883,7912.94957600
2,449,0.142000,0.833000,42.11135253,64.61727927,0.00000000,380.04092986,0.00000000,0.00000000,94.69756566,106.72863180,101.68074366,1745.79450000,50890.22475867,7912.94957600
2,450,0.000000,0.841000,0.00000000,107.32720193,0.00000000,341.60143418,0.00000000,0.00000000,94.69756566,107.32720193,101.68074366,1745.79450000,50890.22475846,9891.18697000
2,451,0.000000,0.850000,0.00000000,107.32720193,0.00000000,346.40566453,0.00000000,0.00000000,94.69756566,107.32720193,101.68074366,1745.79450000,50890.22475826,9891.18697000
2,452,0.000000,0.867000,0.00000000,106.72863180,0.00000000,356.07889199,0.00000000,0.00000000,94.69756566,106.72863180,101.68074366,1745.79450000,51239.38365809,7912.94957600
2,453,0.000000,0.856000,0.00000000,106.72863180,0.00000000,350.20705489,0.00000000,0.00000000,94.69756566,106.72863180,101.68074366,1745.79450000,51588.54255793,7912.94957600
2,454,0.000000,0.824000,0.00000000,106.72863180,0.00000000,333.12534698,0.00000000,0.00000000,94.69756566,106.72863180,101.68074366,1745.79450000,51937.70145776,7912.94957600
2,455,0.000000,0.763000,0.00000000,107.32720193,0.00000000,299.96477114,0.00000000,0.00000000,94.69756566,107.32720193,101.68074366,1745.79450000,51937.70145756,9891.18697000
2,456,0.000000,0.690000,0.00000000,107.32720193,0.00000000,260.99712496,0.00000000,0.00000000,94.69756566,107.32720193,101.68074366,1745.79450000,51937.70145735,9891.18697000
2,457,0.000000,0.642000,0.00000000,107.18568113,0.00000000,235.51608389,0.00000000,0.00000000,94.69756566,107.18568113,101.68074366,1745.79450000,52020.25360035,9423.46944479
2,458,0.000000,0.613000,0.00000000,106.72863180,0.00000000,220.49283542,0.00000000,0.00000000,94.69756566,106.72863180,101.68074366,1745.79450000,52369.41250018,7912.94957600
2,459,0.000000,0.604000,0.00000000,107.32720193,0.00000000,215.09003495,0.00000000,0.00000000,94.69756566,107.32720193,101.68074366,1745.79450000,52369.41249998,9891.18697000
2,460,0.000000,0.645000,0.00000000,107.32720193,0.00000000,236.97597321,0.00000000,0.00000000,94.69756566,107.32720193,101.68074366,1745.79450000,52369.41249977,9891.18697000
2,461,0.000000,0.561000,0.00000000,107.32720193,0.00000000,192.13648994,0.00000000,0.00000000,94.69756566,107.32720193,101.68074366,1745.79450000,52369.41249957,9891.18697000
2,462,0.001000,0.464000,0.29655882,107.03064311,0.00000000,140.65412164,0.00000000,0.00000000,94.69756566,107.32720193,101.68074366,1745.79450000,52369.41249936,9891.18697000
2,463,0.167000,0.705000,49.52532305,57.80187888,0.00000000,318.52949860,0.00000000,0.00000000,94.69756566,107.32720193,101.68074366,1745.79450000,52369.41249916,9891.18697000
2,464,0.373000,0.827000,107.32720193,0.00000000,3.28923817,441.45538890,0.00000000,0.00000000,94.69756566,107.32720193,101.68074366,1745.79450000,52369.41249895,9891.18697000
2,465,0.536000,0.804000,107.32720193,0.00000000,51.62832594,429.17791133,0.00000000,0.00000000,94.69756566,107.32720193,101.68074366,1745.79450000,52369.41249875,9891.18697000
2,466,0.649000,0.751000,107.32720193,0.00000000,85.13947267,400.88633260,0.00000000,0.00000000,94.69756566,107.32720193,101.68074366,1745.79450000,52369.41249854,9891.18697000
2,467,0.711000,0.692000,107.32720193,0.00000000,103.52611955,369.39193364,0.00000000,0.00000000,94.69756566,107.32720193,101.68074366,1745.79450000,52369.41249834,9891.18697000
2,468,0.726000,0.645000,44.07720969,0.00000000,171.22449410,344.30317514,0.00000000,0.00000000,36.84682300,44.07720969,39.91750131,767.66957627,51391.28757440,9891.18697000
2,469,0.698000,0.645000,107.32720193,0.00000000,99.67085488,344.30317514,0.00000000,0.00000000,94.69756566,107.32720193,101.68074366,1745.79450000,51391.28757420,9891.18697000
2,470,0.625000,0.686000,107.32720193,0.00000000,78.02206097,366.18911340,0.00000000,0.00000000,94.69756566,107.32720193,101.68074366,1745.79450000,51391.28757399,9891.18697000
2,471,0.505000,0.741000,107.32720193,0.00000000,42.43500250,395.54829888,0.00000000,0.00000000,94.69756566,107.32720193,101.68074366,1745.79450000,51391.28757379,9891.18697000
2,472,0.336000,0.798000,99.64376374,7.08486807,0.00000000,418.89022303,0.00000000,0.00000000,94.69756566,106.72863180,101.68074366,1745.79450000,51740.44647362,7912.94957600
2,473,0.136000,0.846000,40.33199961,66.99520232,0.00000000,384.60245065,0.00000000,0.00000000,94.69756566,107.32720193,101.68074366,1745.79450000,51740.44647342,9891.18697000
2,474,0.000000,0.863000,0.00000000,107.32720193,0.00000000,353.34510837,0.00000000,0.00000000,94.69756566,107.32720193,101.68074366,1745.79450000,51740.44647321,9891.18697000
2,475,0.000000,0.878000,0.00000000,107.32720193,0.00000000,361.35215896,0.00000000,0.00000000,94.69756566,107.32720193,101.68074366,1745.79450000,51740.44647301,9891.18697000
2,476,0.000000,0.888000,0.00000000,107.32720193,0.00000000,366.69019268,0.00000000,0.00000000,94.69756566,107.32720193,101.68074366,1745.79450000,51740.44647280,9891.18697000
2,477,0.000000,0.912000,0.00000000,106.84752294,0.00000000,379.98115260,0.00000000,0.00000000,94.69756566,106.84752294,101.68074366,1745.79450000,52020.25360035,8305.87746434
2,478,0.000000,0.877000,0.00000000,106.72863180,0.00000000,361.41692571,0.00000000,0.00000000,94.69756566,106.72863180,101.68074366,1745.79450000,52369.41250018,7912.94957600
2,479,0.000000,0.814000,0.00000000,107.32720193,0.00000000,327.18874313,0.00000000,0.00000000,94.69756566,107.32720193,101.68074366,1745.79450000,52369.41249998,9891.18697000
2,480,0.000000,0.740000,0.00000000,107.32720193,0.00000000,287.68729358,0.00000000,0.00000000,94.69756566,107.32720193,101.68074366,1745.79450000,52369.41249977,9891.18697000
2,481,0.000000,0.661000,0.00000000,107.32720193,0.00000000,245.51682717,0.00000000,0.00000000,94.69756566,107.32720193,101.68074366,1745.79450000,52369.41249957,9891.18697000
2,482,0.000000,0.571000,0.00000000,43.71642185,0.00000000,261.08530374,0.00000000,0.00000000,36.84682300,43.71642185,39.91750131,767.66957627,51601.74292474,8698.80538869
2,483,0.000000,0.537000,0.00000000,106.72863180,0.00000000,179.92377913,0.00000000,0.00000000,94.69756566,106.72863180,101.68074366,1745.79450000,51950.90182457,7912.94957600
2,484,0.000000,0.507000,0.00000000,106.72863180,0.00000000,163.90967796,0.00000000,0.00000000,94.69756566,106.72863180,101.68074366,1745.79450000,52300.06072441,7912.94957600
2,485,0.000000,0.488000,0.00000000,43.47863956,0.00000000,217.01740612,0.00000000,0.00000000,36.84682300,43.47863956,39.91750131,767.66957627,51671.09470051,7912.94957600
2,486,0.000000,0.441000,0.00000000,106.72863180,0.00000000,128.67865539,0.00000000,0.00000000,94.69756566,106.72863180,101.68074366,1745.79450000,52020.25360035,7912.94957600
2,487,0.152000,0.655000,45.07694074,62.25026119,0.00000000,287.39094767,0.00000000,0.00000000,94.69756566,107.32720193,101.68074366,1745.79450000,52020.25360014,9891.18697000
2,488,0.358000,0.826000,106.16805779,0.56057401,0.00000000,440.36101151,0.00000000,0.00000000,94.69756566,106.72863180,101.68074366,1745.79450000,52369.41249998,7912.94957600
2,489,0.525000,0.836000,107.32720193,0.00000000,48.36617891,446.25961925,0.00000000,0.00000000,94.69756566,107.32720193,101.68074366,1745.79450000,52369.41249977,9891.18697000
2,490,0.643000,0.812000,2.39428050,0.00000000,188.29304117,433.44833831,0.00000000,0.00000000,0.00000000,2.39428050,0.00000000,0.00000000,50972.77689961,7912.94957600
2,491,0.714000,0.774000,106.72863180,0.00000000,105.01436614,413.16381016,0.00000000,0.00000000,94.69756566,106.72863180,101.68074366,1745.79450000,51321.93579945,7912.94957600
2,492,0.734000,0.724000,106.72863180,0.00000000,110.94554255,386.47364155,0.00000000,0.00000000,94.69756566,106.72863180,101.68074366,1745.79450000,51671.09469928,7912.94957600
2,493,0.708000,0.678000,57.67001469,0.00000000,152.29363033,361.91868642,0.00000000,0.00000000,49.73928100,57.67001469,53.75120360,1002.98064984,51277.43974895,7912.94957600
2,494,0.637000,0.660000,106.72863180,0.00000000,82.17933695,352.31022572,0.00000000,0.00000000,94.69756566,106.72863180,101.68074366,1745.79450000,51626.59864879,7912.94957600
2,495,0.518000,0.681000,106.72863180,0.00000000,46.88883729,363.52009654,0.00000000,0.00000000,94.69756566,106.72863180,101.68074366,1745.79450000,51975.75754863,7912.94957600
2,496,0.345000,0.725000,102.31279312,4.41583868,0.00000000,382.59160624,0.00000000,0.00000000,94.69756566,106.72863180,101.68074366,1745.79450000,52324.91644846,7912.94957600
2,497,0.136000,0.781000,40.33199961,66.99520232,0.00000000,349.90523145,0.00000000,0.00000000,94.69756566,107.32720193,101.68074366,1745.79450000,52324.91644826,9891.18697000
2,498,0.000000,0.799000,0.00000000,73.54194353,0.00000000,352.96695094,0.00000000,0.00000000,63.67817400,73.54194353,68.65710075,1244.73168631,51823.85363436,9891.18697000
2,499,0.000000,0.823000,0.00000000,107.32720193,0.00000000,331.99297348,0.00000000,0.00000000,94.69756566,107.32720193,101.68074366,1745.79450000,51823.85363416,9891.18697000
2,500,0.000000,0.845000,0.00000000,107.32720193,0.00000000,343.73664767,0.00000000,0.00000000,94.69756566,107.32720193,101.68074366,1745.79450000,51823.85363395,9891.18697000
2,501,0.000000,0.844000,0.00000000,106.72863180,0.00000000,343.80141443,0.00000000,0.00000000,94.69756566,106.72863180,101.68074366,1745.79450000,52173.01253379,7912.94957600
2,502,0.000000,0.808000,0.00000000,107.32720193,0.00000000,323.98592290,0.00000000,0.00000000,94.69756566,107.32720193,101.68074366,1745.79450000,52173.01253358,9891.18697000
2,503,0.000000,0.776000,0.00000000,107.32720193,0.00000000,306.90421498,0.00000000,0.00000000,94.69756566,107.32720193,101.68074366,1745.79450000,52173.01253338,9891.18697000
2,504,0.000000,0.718000,0.00000000,107.32720193,0.00000000,275.94361939,0.00000000,0.00000000,94.69756566,107.32720193,101.68074366,1745.79450000,52173.01253317,9891.18697000
2,505,0.000000,0.655000,0.00000000,106.99050951,0.00000000,242.65069935,0.00000000,0.00000000,94.69756566,106.99050951,101.68074366,1745.79450000,52369.41250018,8778.43928040
2,506,0.000000,0.599000,0.00000000,107.32720193,0.00000000,212.42101809,0.00000000,0.00000000,94.69756566,107.32720193,101.68074366,1745.79450000,52369.41249998,9891.18697000
2,507,0.000000,0.535000,0.00000000,107.32720193,0.00000000,178.25760226,0.00000000,0.00000000,94.69756566,107.32720193,101.68074366,1745.79450000,52369.41249977,9891.18697000
2,508,0.000000,0.469000,0.00000000,73.28153160,0.00000000,177.07225001,0.00000000,0.00000000,63.67817400,73.28153160,68.65710075,1244.73168631,52020.25360035,9030.54156225
2,509,0.000000,0.398000,0.00000000,106.72863180,0.00000000,105.72511038,0.00000000,0.00000000,94.69756566,106.72863180,101.68074366,1745.79450000,52369.41250018,7912.94957600
2,510,0.001000,0.347000,0.29655882,107.03064311,0.00000000,78.19912708,0.00000000,0.00000000,94.69756566,107.32720193,101.68074366,1745.79450000,52369.41249998,9891.18697000
2,511,0.166000,0.550000,49.22876423,58.09843770,0.00000000,235.49341707,0.00000000,0.00000000,94.69756566,107.32720193,101.68074366,1745.79450000,52369.41249977,9891.18697000
2,512,0.375000,0.675000,107.32720193,0.00000000,3.88235581,360.31727631,0.00000000,0.00000000,94.69756566,107.32720193,101.68074366,1745.79450000,52369.41249957,9891.18697000
2,513,0.545000,0.618000,107.32720193,0.00000000,54.29735532,329.89048408,0.00000000,0.00000000,94.69756566,107.32720193,101.68074366,1745.79450000,52369.41249936,9891.18697000
2,514,0.660000,0.524000,107.32720193,0.00000000,88.40161970,279.71296709,0.00000000,0.00000000,94.69756566,107.32720193,101.68074366,1745.79450000,52369.41249916,9891.18697000
2,515,0.723000,0.425000,107.32720193,0.00000000,107.08482540,226.86643323,0.00000000,0.00000000,94.69756566,107.32720193,101.68074366,1745.79450000,52369.41249895,9891.18697000
2,516,0.739000,0.343000,107.32720192,0.00000000,111.82976653,183.09455670,0.00000000,0.00000000,94.69756566,107.32720192,101.68074366,1745.79450000,52369.41249998,9891.18696303
2,517,0.710000,0.306000,2.99285063,0.00000000,207.56391203,163.34383193,0.00000000,0.00000000,0.00000000,2.99285063,0.00000000,0.00000000,50623.61799977,9891.18697000
2,518,0.636000,0.322000,107.32720193,0.00000000,81.28420800,171.88468588,0.00000000,0.00000000,94.69756566,107.32720193,101.68074366,1745.79450000,50623.61799957,9891.18697000
2,519,0.515000,0.375000,106.72863180,0.00000000,45.99916083,200.17626461,0.00000000,0.00000000,94.69756566,106.72863180,101.68074366,1745.79450000,50972.77689941,7912.94957600
2,520,0.345000,0.465000,102.31279312,5.01440880,0.00000000,243.20415932,0.00000000,0.00000000,94.69756566,107.32720193,101.68074366,1745.79450000,50972.77689920,9891.18697000
2,521,0.139000,0.601000,41.22167607,66.10552586,0.00000000,254.71030090,0.00000000,0.00000000,94.69756566,107.32720193,101.68074366,1745.79450000,50972.77689900,9891.18697000
2,522,0.000000,0.739000,0.00000000,107.32720193,0.00000000,287.15349021,0.00000000,0.00000000,94.69756566,107.32720193,101.68074366,1745.79450000,50972.77689879,9891.18697000
2,523,0.000000,0.775000,0.00000000,106.72863180,0.00000000,306.96898174,0.00000000,0.00000000,94.69756566,106.72863180,101.68074366,1745.79450000,51321.93579863,7912.94957600
2,524,0.000000,0.797000,0.00000000,106.72863180,0.00000000,318.71265593,0.00000000,0.00000000,94.69756566,106.72863180,101.68074366,1745.79450000,51671.09469846,7912.94957600
2,525,0.000000,0.826000,0.00000000,107.32720193,0.00000000,333.59438360,0.00000000,0.00000000,94.69756566,107.32720193,101.68074366,1745.79450000,51671.09469826,9891.18697000
2,526,0.000000,0.821000,0.00000000,44.07720969,0.00000000,394.17535898,0.00000000,0.00000000,36.84682300,44.07720969,39.91750131,767.66957627,50692.96977432,9891.18697000
2,527,0.000000,0.759000,0.00000000,106.72863180,0.00000000,298.42812778,0.00000000,0.00000000,94.69756566,106.72863180,101.68074366,1745.79450000,51042.12867416,7912.94957600
2,528,0.000000,0.675000,0.00000000,106.72863180,0.00000000,253.58864451,0.00000000,0.00000000,94.69756566,106.72863180,101.68074366,1745.79450000,51391.28757399,7912.94957600
2,529,0.000000,0.594000,0.00000000,106.72863180,0.00000000,210.35057135,0.00000000,0.00000000,94.69756566,106.72863180,101.68074366,1745.79450000,51740.44647383,7912.94957600
2,530,0.000000,0.509000,0.00000000,107.32720193,0.00000000,164.37871458,0.00000000,0.00000000,94.69756566,107.32720193,101.68074366,1745.79450000,51740.44647362,9891.18697000
2,531,0.000000,0.413000,0.00000000,107.32720193,0.00000000,113.13359084,0.00000000,0.00000000,94.69756566,107.32720193,101.68074366,1745.79450000,51740.44647342,9891.18697000
2,532,0.000000,0.349000,0.00000000,107.32720193,0.00000000,78.97017501,0.00000000,0.00000000,94.69756566,107.32720193,101.68074366,1745.79450000,51740.44647321,9891.18697000
2,533,0.000000,0.317000,0.00000000,106.72863180,0.00000000,62.48703722,0.00000000,0.00000000,94.69756566,106.72863180,101.68074366,1745.79450000,52089.60537305,7912.94957600
2,534,0.001000,0.305000,0.29655882,2.69629180,0.00000000,160.11373675,0.00000000,0.00000000,0.00000000,2.99285063,0.00000000,0.00000000,50343.81087285,9891.18697000
2,535,0.152000,0.492000,45.07694074,61.65169106,0.00000000,200.97956811,0.00000000,0.00000000,94.69756566,106.72863180,101.68074366,1745.79450000,50692.96977268,7912.94957600
2,536,0.375000,0.558000,107.32720193,0.00000000,3.88235581,297.86228175,0.00000000,0.00000000,94.69756566,107.32720193,101.68074366,1745.79450000,50692.96977248,9891.18697000
2,537,0.547000,0.470000,107.32720193,0.00000000,54.89047296,250.88758498,0.00000000,0.00000000,94.69756566,107.32720193,101.68074366,1745.79450000,50692.96977227,9891.18697000
2,538,0.665000,0.373000,107.32720193,0.00000000,89.88441380,199.10865787,0.00000000,0.00000000,94.69756566,107.32720193,101.68074366,1745.79450000,50692.96977207,9891.18697000
2,539,0.728000,0.286000,107.32720193,0.00000000,108.56761950,152.66776448,0.00000000,0.00000000,94.69756566,107.32720193,101.68074366,1745.79450000,50692.96977186,9891.18697000
2,540,0.745000,0.228000,106.99144147,0.00000000,113.94487990,121.70716889,0.00000000,0.00000000,94.69756566,106.99144147,101.68074366,1745.79450000,50888.82610519,8781.51935792
2,541,0.717000,0.209000,30.97213435,0.00000000,181.66054005,111.56490481,0.00000000,0.00000000,25.00174700,30.97213435,27.15938231,539.40882693,49682.44043191,9891.18697000
2,542,0.645000,0.237000,106.72863180,0.00000000,84.55180751,126.51139924,0.00000000,0.00000000,94.69756566,106.72863180,101.68074366,1745.79450000,50031.59933175,7912.94957600
2,543,0.526000,0.309000,107.32720193,0.00000000,48.66273773,164.94524204,0.00000000,0.00000000,94.69756566,107.32720193,101.68074366,1745.79450000,50031.59933154,9891.18697000
2,544,0.355000,0.420000,105.27838133,2.04882060,0.00000000,222.14859577,0.00000000,0.00000000,94.69756566,107.32720193,101.68074366,1745.79450000,50031.59933134,9891.18697000
2,545,0.146000,0.579000,43.29758781,64.02961411,0.00000000,245.04253845,0.00000000,0.00000000,94.69756566,107.32720193,101.68074366,1745.79450000,50031.59933113,9891.18697000
2,546,0.000000,0.728000,0.00000000,2.99285063,0.00000000,385.61600441,0.00000000,0.00000000,0.00000000,2.99285063,0.00000000,0.00000000,48285.80483093,9891.18697000
2,547,0.000000,0.780000,0.00000000,107.32720193,0.00000000,309.03942847,0.00000000,0.00000000,94.69756566,107.32720193,101.68074366,1745.79450000,48285.80483072,9891.18697000
2,548,0.000000,0.826000,0.00000000,106.72863180,0.00000000,334.19295372,0.00000000,0.00000000,94.69756566,106.72863180,101.68074366,1745.79450000,48634.96373056,7912.94957600
2,549,0.000000,0.829000,0.00000000,107.32720193,0.00000000,335.19579372,0.00000000,0.00000000,94.69756566,107.32720193,101.68074366,1745.79450000,48634.96373035,9891.18697000
2,550,0.000000,0.829000,0.00000000,107.32720193,0.00000000,335.19579372,0.00000000,0.00000000,94.69756566,107.32720193,101.68074366,1745.79450000,48634.96373015,9891.18697000
2,551,0.000000,0.783000,0.00000000,107.32720193,0.00000000,310.64083859,0.00000000,0.00000000,94.69756566,107.32720193,101.68074366,1745.79450000,48634.96372994,9891.18697000
2,552,0.000000,0.719000,0.00000000,107.32720193,0.00000000,276.47742276,0.00000000,0.00000000,94.69756566,107.32720193,101.68074366,1745.79450000,48634.96372974,9891.18697000
2,553,0.000000,0.652000,0.00000000,107.32720193,0.00000000,240.71259682,0.00000000,0.00000000,94.69756566,107.32720193,101.68074366,1745.79450000,48634.96372953,9891.18697000
2,554,0.000000,0.594000,0.00000000,107.32720193,0.00000000,209.75200122,0.00000000,0.00000000,94.69756566,107.32720193,101.68074366,1745.79450000,48634.96372933,9891.18697000
2,555,0.000000,0.561000,0.00000000,107.32720193,0.00000000,192.13648994,0.00000000,0.00000000,94.69756566,107.32720193,101.68074366,1745.79450000,48634.96372912,9891.18697000
2,556,0.000000,0.499000,0.00000000,106.72863180,0.00000000,159.63925098,0.00000000,0.00000000,94.69756566,106.72863180,101.68074366,1745.79450000,48984.12262896,7912.94957600
2,557,0.000000,0.464000,0.00000000,107.32720193,0.00000000,140.35756282,0.00000000,0.00000000,94.69756566,107.32720193,101.68074366,1745.79450000,48984.12262875,9891.18697000
2,558,0.002000,0.435000,0.59311764,106.73408428,0.00000000,125.47038267,0.00000000,0.00000000,94.69756566,107.32720193,101.68074366,1745.79450000,48984.12262855,9891.18697000
2,559,0.172000,0.647000,0.00000000,44.07720969,51.00811715,301.29357220,0.00000000,0.00000000,36.84682300,44.07720969,39.91750131,767.66957627,48005.99770461,9891.18697000
2,560,0.378000,0.732000,107.32720193,0.00000000,4.77203228,390.74406853,0.00000000,0.00000000,94.69756566,107.32720193,101.68074366,1745.79450000,48005.99770441,9891.18697000
2,561,0.548000,0.679000,107.32720193,0.00000000,55.18703179,362.45248980,0.00000000,0.00000000,94.69756566,107.32720193,101.68074366,1745.79450000,48005.99770420,9891.18697000
2,562,0.660000,0.586000,44.07720969,0.00000000,151.65161194,312.80877617,0.00000000,0.00000000,36.84682300,44.07720969,39.91750131,767.66957627,47027.87278027,9891.18697000
2,563,0.723000,0.479000,107.32720193,0.00000000,107.08482540,255.69181533,0.00000000,0.00000000,94.69756566,107.32720193,101.68074366,1745.79450000,47027.87278006,9891.18697000
2,564,0.739000,0.395000,107.32720193,0.00000000,111.82976653,210.85233206,0.00000000,0.00000000,94.69756566,107.32720193,101.68074366,1745.79450000,47027.87277986,9891.18697000
2,565,0.706000,0.368000,107.32720193,0.00000000,102.04332545,196.43964101,0.00000000,0.00000000,94.69756566,107.32720193,101.68074366,1745.79450000,47027.87277965,9891.18697000
2,566,0.636000,0.386000,107.32720193,0.00000000,81.28420800,206.04810171,0.00000000,0.00000000,94.69756566,107.32720193,101.68074366,1745.79450000,47027.87277945,9891.18697000
2,567,0.511000,0.447000,107.32720193,0.00000000,44.21435542,238.61010742,0.00000000,0.00000000,94.69756566,107.32720193,101.68074366,1745.79450000,47027.87277924,9891.18697000
2,568,0.333000,0.554000,98.75408727,8.57311465,0.00000000,287.15395360,0.00000000,0.00000000,94.69756566,107.32720193,101.68074366,1745.79450000,47027.87277904,9891.18697000
2,569,0.131000,0.695000,38.84920550,68.47799642,0.00000000,302.51534733,0.00000000,0.00000000,94.69756566,107.32720193,101.68074366,1745.79450000,47027.87277883,9891.18697000
2,570,0.000000,0.792000,0.00000000,107.32720193,0.00000000,315.44506894,0.00000000,0.00000000,94.69756566,107.32720193,101.68074366,1745.79450000,47027.87277863,9891.18697000
2,571,0.000000,0.837000,0.00000000,107.32720193,0.00000000,339.46622069,0.00000000,0.00000000,94.69756566,107.32720193,101.68074366,1745.79450000,47027.87277842,9891.18697000
2,572,0.000000,0.870000,0.00000000,107.32720193,0.00000000,357.08173198,0.00000000,0.00000000,94.69756566,107.32720193,101.68074366,1745.79450000,47027.87277822,9891.18697000
2,573,0.000000,0.927000,0.00000000,107.32720193,0.00000000,387.50852420,0.00000000,0.00000000,94.69756566,107.32720193,101.68074366,1745.79450000,47027.87277801,9891.18697000
2,574,0.000000,0.900000,0.00000000,107.32720193,0.00000000,373.09583315,0.00000000,0.00000000,94.69756566,107.32720193,101.68074366,1745.79450000,47027.87277781,9891.18697000
2,575,0.000000,0.863000,0.00000000,107.32720193,0.00000000,353.34510837,0.00000000,0.00000000,94.69756566,107.32720193,101.68074366,1745.79450000,47027.87277760,9891.18697000
2,576,0.000000,0.816000,0.00000000,107.32720193,0.00000000,328.25634988,0.00000000,0.00000000,94.69756566,107.32720193,101.68074366,1745.79450000,47027.87277740,9891.18697000
2,577,0.000000,0.763000,0.00000000,107.32720193,0.00000000,299.96477114,0.00000000,0.00000000,94.69756566,107.32720193,101.68074366,1745.79450000,47027.87277719,9891.18697000
2,578,0.000000,0.710000,0.00000000,2.99285063,0.00000000,376.00754371,0.00000000,0.00000000,0.00000000,2.99285063,0.00000000,0.00000000,45282.07827699,9891.18697000
2,579,0.000000,0.635000,0.00000000,107.32720193,0.00000000,231.63793949,0.00000000,0.00000000,94.69756566,107.32720193,101.68074366,1745.79450000,45282.07827678,9891.18697000
2,580,0.000000,0.547000,0.00000000,107.32720193,0.00000000,184.66324273,0.00000000,0.00000000,94.69756566,107.32720193,101.68074366,1745.79450000,45282.07827658,9891.18697000
2,581,0.000000,0.467000,0.00000000,107.32720193,0.00000000,141.95897294,0.00000000,0.00000000,94.69756566,107.32720193,101.68074366,1745.79450000,45282.07827637,9891.18697000
2,582,0.002000,0.396000,0.59311764,106.73408428,0.00000000,104.65205115,0.00000000,0.00000000,94.69756566,107.32720193,101.68074366,1745.79450000,45282.07827617,9891.18697000
2,583,0.168000,0.599000,49.82188187,57.50532006,0.00000000,262.24289995,0.00000000,0.00000000,94.69756566,107.32720193,101.68074366,1745.79450000,45282.07827596,9891.18697000
2,584,0.376000,0.682000,107.32720193,0.00000000,4.17891464,364.05389991,0.00000000,0.00000000,94.69756566,107.32720193,101.68074366,1745.79450000,45282.07827576,9891.18697000
2,585,0.543000,0.623000,107.32720193,0.00000000,53.70423768,332.55950095,0.00000000,0.00000000,94.69756566,107.32720193,101.68074366,1745.79450000,45282.07827555,9891.18697000
2,586,0.656000,0.527000,107.32720193,0.00000000,87.21538441,281.31437721,0.00000000,0.00000000,94.69756566,107.32720193,101.68074366,1745.79450000,45282.07827535,9891.18697000
2,587,0.720000,0.431000,107.32720193,0.00000000,106.19514894,230.06925346,0.00000000,0.00000000,94.69756566,107.32720193,101.68074366,1745.79450000,45282.07827514,9891.18697000
2,588,0.741000,0.374000,107.32720193,0.00000000,112.42288417,199.64246124,0.00000000,0.00000000,94.69756566,107.32720193,101.68074366,1745.79450000,45282.07827494,9891.18697000
2,589,0.711000,0.370000,107.32720193,0.00000000,103.52611955,197.50724775,0.00000000,0.00000000,94.69756566,107.32720193,101.68074366,1745.79450000,45282.07827473,9891.18697000
2,590,0.640000,0.414000,107.32720193,0.00000000,82.47044328,220.99459613,0.00000000,0.00000000,94.69756566,107.32720193,101.68074366,1745.79450000,45282.07827453,9891.18697000
2,591,0.511000,0.484000,107.32720193,0.00000000,44.21435542,258.36083220,0.00000000,0.00000000,94.69756566,107.32720193,101.68074366,1745.79450000,45282.07827432,9891.18697000
2,592,0.333000,0.575000,98.75408727,8.57311465,0.00000000,298.36382442,0.00000000,0.00000000,94.69756566,107.32720193,101.68074366,1745.79450000,45282.07827412,9891.18697000
2,593,0.118000,0.689000,34.99394084,72.33326109,0.00000000,295.45726243,0.00000000,0.00000000,94.69756566,107.32720193,101.68074366,1745.79450000,45282.07827391,9891.18697000
2,594,0.000000,0.766000,0.00000000,107.32720193,0.00000000,301.56618126,0.00000000,0.00000000,94.69756566,107.32720193,101.68074366,1745.79450000,45282.07827371,9891.18697000
2,595,0.000000,0.802000,0.00000000,107.32720193,0.00000000,320.78310266,0.00000000,0.00000000,94.69756566,107.32720193,101.68074366,1745.79450000,45282.07827350,9891.18697000
2,596,0.000000,0.820000,0.00000000,107.32720193,0.00000000,330.39156336,0.00000000,0.00000000,94.69756566,107.32720193,101.68074366,1745.79450000,45282.07827330,9891.18697000
2,597,0.000000,0.881000,0.00000000,107.32720193,0.00000000,362.95356908,0.00000000,0.00000000,94.69756566,107.32720193,101.68074366,1745.79450000,45282.07827309,9891.18697000
2,598,0.000000,0.872000,0.00000000,107.32720193,0.00000000,358.14933872,0.00000000,0.00000000,94.69756566,107.32720193,101.68074366,1745.79450000,45282.07827289,9891.18697000
2,599,0.000000,0.833000,0.00000000,107.32720193,0.00000000,337.33100720,0.00000000,0.00000000,94.69756566,107.32720193,101.68074366,1745.79450000,45282.07827268,9891.18697000
2,600,0.000000,0.786000,0.00000000,107.32720193,0.00000000,312.24224871,0.00000000,0.00000000,94.69756566,107.32720193,101.68074366,1745.79450000,45282.07827248,9891.18697000
2,601,0.000000,0.748000,0.00000000,58.26858481,0.00000000,341.01633767,0.00000000,0.00000000,49.73928100,58.26858481,53.75120360,1002.98064984,44539.26442211,9891.18697000
2,602,0.000000,0.720000,0.00000000,107.32720193,0.00000000,277.01122613,0.00000000,0.00000000,94.69756566,107.32720193,101.68074366,1745.79450000,44539.26442190,9891.18697000
2,603,0.000000,0.686000,0.00000000,2.99285063,0.00000000,363.19626278,0.00000000,0.00000000,0.00000000,2.99285063,0.00000000,0.00000000,42793.46992170,9891.18697000
2,604,0.000000,0.661000,0.00000000,107.32720193,0.00000000,245.51682717,0.00000000,0.00000000,94.69756566,107.32720193,101.68074366,1745.79450000,42793.46992149,9891.18697000
2,605,0.000000,0.599000,0.00000000,107.32720193,0.00000000,212.42101809,0.00000000,0.00000000,94.69756566,107.32720193,101.68074366,1745.79450000,42793.46992129,9891.18697000
2,606,0.002000,0.545000,0.59311764,106.73408428,0.00000000,184.18875362,0.00000000,0.00000000,94.69756566,107.32720193,101.68074366,1745.79450000,42793.46992108,9891.18697000
2,607,0.171000,0.717000,50.71155833,56.61564360,0.00000000,326.12137435,0.00000000,0.00000000,94.69756566,107.32720193,101.68074366,1745.79450000,42793.46992088,9891.18697000
2,608,0.386000,0.816000,107.32720193,0.00000000,7.14450284,435.58355180,0.00000000,0.00000000,94.69756566,107.32720193,101.68074366,1745.79450000,42793.46992067,9891.18697000
2,609,0.553000,0.781000,107.32720193,0.00000000,56.66982589,416.90043377,0.00000000,0.00000000,94.69756566,107.32720193,101.68074366,1745.79450000,42793.46992047,9891.18697000
2,610,0.667000,0.707000,107.32720193,0.00000000,90.47753144,377.39898422,0.00000000,0.00000000,94.69756566,107.32720193,101.68074366,1745.79450000,42793.46992026,9891.18697000
2,611,0.729000,0.619000,107.32720193,0.00000000,108.86417832,330.42428746,0.00000000,0.00000000,94.69756566,107.32720193,101.68074366,1745.79450000,42793.46992006,9891.18697000
2,612,0.746000,0.538000,107.32720193,0.00000000,113.90567827,287.18621430,0.00000000,0.00000000,94.69756566,107.32720193,101.68074366,1745.79450000,42793.46991985,9891.18697000
2,613,0.720000,0.510000,107.32720193,0.00000000,106.19514894,272.23971988,0.00000000,0.00000000,94.69756566,107.32720193,101.68074366,1745.79450000,42793.46991965,9891.18697000
2,614,0.649000,0.542000,107.32720193,0.00000000,85.13947267,289.32142779,0.00000000,0.00000000,94.69756566,107.32720193,101.68074366,1745.79450000,42793.46991944,9891.18697000
2,615,0.530000,0.619000,107.32720193,0.00000000,49.84897301,330.42428746,0.00000000,0.00000000,94.69756566,107.32720193,101.68074366,1745.79450000,42793.46991924,9891.18697000
2,616,0.361000,0.724000,107.05773425,0.26946767,0.00000000,386.20417387,0.00000000,0.00000000,94.69756566,107.32720193,101.68074366,1745.79450000,42793.46991903,9891.18697000
2,617,0.154000,0.830000,45.67005838,61.65714355,0.00000000,381.39965547,0.00000000,0.00000000,94.69756566,107.32720193,101.68074366,1745.79450000,42793.46991883,9891.18697000
2,618,0.000000,0.888000,0.00000000,107.32720193,0.00000000,366.69019268,0.00000000,0.00000000,94.69756566,107.32720193,101.68074366,1745.79450000,42793.46991862,9891.18697000
2,619,0.000000,0.918000,0.00000000,107.32720193,0.00000000,382.70429385,0.00000000,0.00000000,94.69756566,107.32720193,101.68074366,1745.79450000,42793.46991842,9891.18697000
2,620,0.000000,0.928000,0.00000000,107.32720193,0.00000000,388.04232757,0.00000000,0.00000000,94.69756566,107.32720193,101.68074366,1745.79450000,42793.46991821,9891.18697000
2,621,0.000000,0.926000,0.00000000,107.32720193,0.00000000,386.97472083,0.00000000,0.00000000,94.69756566,107.32720193,101.68074366,1745.79450000,42793.46991801,9891.18697000
2,622,0.000000,0.919000,0.00000000,107.32720193,0.00000000,383.23809722,0.00000000,0.00000000,94.69756566,107.32720193,101.68074366,1745.79450000,42793.46991780,9891.18697000
2,623,0.000000,0.907000,0.00000000,107.32720193,0.00000000,376.83245676,0.00000000,0.00000000,94.69756566,107.32720193,101.68074366,1745.79450000,42793.46991760,9891.18697000
2,624,0.000000,0.888000,0.00000000,2.99285063,0.00000000,471.02454398,0.00000000,0.00000000,0.00000000,2.99285063,0.00000000,0.00000000,41047.67541739,9891.18697000
2,625,0.000000,0.849000,0.00000000,107.32720193,0.00000000,345.87186116,0.00000000,0.00000000,94.69756566,107.32720193,101.68074366,1745.79450000,41047.67541719,9891.18697000
2,626,0.000000,0.791000,0.00000000,107.32720193,0.00000000,314.91126557,0.00000000,0.00000000,94.69756566,107.32720193,101.68074366,1745.79450000,41047.67541698,9891.18697000
2,627,0.000000,0.735000,0.00000000,2.99285063,0.00000000,389.35262802,0.00000000,0.00000000,0.00000000,2.99285063,0.00000000,0.00000000,39301.88091678,9891.18697000
2,628,0.000000,0.649000,0.00000000,2.99285063,0.00000000,343.44553800,0.00000000,0.00000000,0.00000000,2.99285063,0.00000000,0.00000000,37556.08641657,9891.18697000
2,629,0.000000,0.532000,0.00000000,107.32720193,0.00000000,176.65619214,0.00000000,0.00000000,94.69756566,107.32720193,101.68074366,1745.79450000,37556.08641637,9891.18697000
2,630,0.002000,0.426000,0.59311764,106.73408428,0.00000000,120.66615232,0.00000000,0.00000000,94.69756566,107.32720193,101.68074366,1745.79450000,37556.08641616,9891.18697000
2,631,0.161000,0.641000,47.74597012,59.58123180,0.00000000,282.58672985,0.00000000,0.00000000,94.69756566,107.32720193,101.68074366,1745.79450000,37556.08641596,9891.18697000
2,632,0.368000,0.822000,107.32720193,0.00000000,1.80644407,438.78637204,0.00000000,0.00000000,94.69756566,107.32720193,101.68074366,1745.79450000,37556.08641575,9891.18697000
2,633,0.536000,0.829000,107.32720193,0.00000000,51.62832594,442.52299564,0.00000000,0.00000000,94.69756566,107.32720193,101.68074366,1745.79450000,37556.08641555,9891.18697000
2,634,0.647000,0.791000,107.32720193,0.00000000,84.54635503,422.23846749,0.00000000,0.00000000,94.69756566,107.32720193,101.68074366,1745.79450000,37556.08641534,9891.18697000
2,635,0.715000,0.747000,107.32720193,0.00000000,104.71235483,398.75111911,0.00000000,0.00000000,94.69756566,107.32720193,101.68074366,1745.79450000,37556.08641514,9891.18697000
2,636,0.735000,0.710000,107.32720193,0.00000000,110.64353125,379.00039434,0.00000000,0.00000000,94.69756566,107.32720193,101.68074366,1745.79450000,37556.08641493,9891.18697000
2,637,0.704000,0.697000,107.32720193,0.00000000,101.45020781,372.06095050,0.00000000,0.00000000,94.69756566,107.32720193,101.68074366,1745.79450000,37556.08641473,9891.18697000
2,638,0.632000,0.707000,107.32720193,0.00000000,80.09797272,377.39898422,0.00000000,0.00000000,94.69756566,107.32720193,101.68074366,1745.79450000,37556.08641452,9891.18697000
2,639,0.496000,0.731000,107.32720193,0.00000000,39.76597311,390.21026516,0.00000000,0.00000000,94.69756566,107.32720193,101.68074366,1745.79450000,37556.08641432,9891.18697000
2,640,0.326000,0.757000,96.67817553,10.64902640,0.00000000,393.44012644,0.00000000,0.00000000,94.69756566,107.32720193,101.68074366,1745.79450000,37556.08641411,9891.18697000
2,641,0.124000,0.794000,36.77329376,70.55390817,0.00000000,353.28596944,0.00000000,0.00000000,94.69756566,107.32720193,101.68074366,1745.79450000,37556.08641391,9891.18697000
2,642,0.000000,0.810000,0.00000000,107.32720193,0.00000000,325.05352964,0.00000000,0.00000000,94.69756566,107.32720193,101.68074366,1745.79450000,37556.08641370,9891.18697000
2,643,0.000000,0.834000,0.00000000,107.32720193,0.00000000,337.86481058,0.00000000,0.00000000,94.69756566,107.32720193,101.68074366,1745.79450000,37556.08641350,9891.18697000
2,644,0.000000,0.871000,0.00000000,107.32720193,0.00000000,357.61553535,0.00000000,0.00000000,94.69756566,107.32720193,101.68074366,1745.79450000,37556.08641329,9891.18697000
2,645,0.000000,0.878000,0.00000000,107.32720193,0.00000000,361.35215896,0.00000000,0.00000000,94.69756566,107.32720193,101.68074366,1745.79450000,37556.08641309,9891.18697000
2,646,0.000000,0.854000,0.00000000,107.32720193,0.00000000,348.54087802,0.00000000,0.00000000,94.69756566,107.32720193,101.68074366,1745.79450000,37556.08641288,9891.18697000
2,647,0.000000,0.804000,0.00000000,107.32720193,0.00000000,321.85070941,0.00000000,0.00000000,94.69756566,107.32720193,101.68074366,1745.79450000,37556.08641268,9891.18697000
2,648,0.000000,0.739000,0.00000000,107.32720193,0.00000000,287.15349021,0.00000000,0.00000000,94.69756566,107.32720193,101.68074366,1745.79450000,37556.08641247,9891.18697000
2,649,0.000000,0.684000,0.00000000,107.32720193,0.00000000,257.79430473,0.00000000,0.00000000,94.69756566,107.32720193,101.68074366,1745.79450000,37556.08641227,9891.18697000
2,650,0.000000,0.636000,0.00000000,107.32720193,0.00000000,232.17174286,0.00000000,0.00000000,94.69756566,107.32720193,101.68074366,1745.79450000,37556.08641206,9891.18697000
2,651,0.000000,0.580000,0.00000000,107.32720193,0.00000000,202.27875401,0.00000000,0.00000000,94.69756566,107.32720193,101.68074366,1745.79450000,37556.08641186,9891.18697000
2,652,0.000000,0.528000,0.00000000,107.32720193,0.00000000,174.52097865,0.00000000,0.00000000,94.69756566,107.32720193,101.68074366,1745.79450000,37556.08641165,9891.18697000
2,653,0.000000,0.487000,0.00000000,107.32720193,0.00000000,152.63504039,0.00000000,0.00000000,94.69756566,107.32720193,101.68074366,1745.79450000,37556.08641145,9891.18697000
2,654,0.002000,0.440000,0.59311764,106.73408428,0.00000000,128.13939953,0.00000000,0.00000000,94.69756566,107.32720193,101.68074366,1745.79450000,37556.08641124,9891.18697000
2,655,0.173000,0.677000,51.30467597,56.02252595,0.00000000,305.36235710,0.00000000,0.00000000,94.69756566,107.32720193,101.68074366,1745.79450000,37556.08641104,9891.18697000
2,656,0.382000,0.783000,107.32720193,0.00000000,5.95826756,417.96804052,0.00000000,0.00000000,94.69756566,107.32720193,101.68074366,1745.79450000,37556.08641083,9891.18697000
2,657,0.550000,0.748000,107.32720193,0.00000000,55.78014943,399.28492248,0.00000000,0.00000000,94.69756566,107.32720193,101.68074366,1745.79450000,37556.08641063,9891.18697000
2,658,0.672000,0.694000,107.32720193,0.00000000,91.96032554,370.45954038,0.00000000,0.00000000,94.69756566,107.32720193,101.68074366,1745.79450000,37556.08641042,9891.18697000
2,659,0.735000,0.639000,107.32720193,0.00000000,110.64353125,341.10035490,0.00000000,0.00000000,94.69756566,107.32720193,101.68074366,1745.79450000,37556.08641022,9891.18697000
2,660,0.751000,0.597000,107.32720193,0.00000000,115.38847238,318.68061327,0.00000000,0.00000000,94.69756566,107.32720193,101.68074366,1745.79450000,37556.08641001,9891.18697000
2,661,0.724000,0.579000,107.32720193,0.00000000,107.38138422,309.07215256,0.00000000,0.00000000,94.69756566,107.32720193,101.68074366,1745.79450000,37556.08640981,9891.18697000
2,662,0.653000,0.583000,107.32720193,0.00000000,86.32570795,311.20736605,0.00000000,0.00000000,94.69756566,107.32720193,101.68074366,1745.79450000,37556.08640960,9891.18697000
2,663,0.533000,0.594000,107.32720193,0.00000000,50.73864948,317.07920315,0.00000000,0.00000000,94.69756566,107.32720193,101.68074366,1745.79450000,37556.08640940,9891.18697000
2,664,0.364000,0.610000,107.32720193,0.00000000,0.62020879,325.62005711,0.00000000,0.00000000,94.69756566,107.32720193,101.68074366,1745.79450000,37556.08640919,9891.18697000
2,665,0.155000,0.645000,45.96661720,61.36058473,0.00000000,282.94259041,0.00000000,0.00000000,94.69756566,107.32720193,101.68074366,1745.79450000,37556.08640899,9891.18697000
2,666,0.000000,0.677000,0.00000000,107.32720193,0.00000000,254.05768113,0.00000000,0.00000000,94.69756566,107.32720193,101.68074366,1745.79450000,37556.08640878,9891.18697000
2,667,0.000000,0.687000,0.00000000,107.32720193,0.00000000,259.39571485,0.00000000,0.00000000,94.69756566,107.32720193,101.68074366,1745.79450000,37556.08640858,9891.18697000
2,668,0.000000,0.666000,0.00000000,107.32720193,0.00000000,248.18584403,0.00000000,0.00000000,94.69756566,107.32720193,101.68074366,1745.79450000,37556.08640837,9891.18697000
2,669,0.000000,0.698000,0.00000000,107.32720193,0.00000000,265.26755194,0.00000000,0.00000000,94.69756566,107.32720193,101.68074366,1745.79450000,37556.08640817,9891.18697000
2,670,0.000000,0.674000,0.00000000,107.32720193,0.00000000,252.45627101,0.00000000,0.00000000,94.69756566,107.32720193,101.68074366,1745.79450000,37556.08640796,9891.18697000
2,671,0.000000,0.624000,0.00000000,107.32720193,0.00000000,225.76610239,0.00000000,0.00000000,94.69756566,107.32720193,101.68074366,1745.79450000,37556.08640776,9891.18697000
2,672,0.000000,0.566000,0.00000000,107.32720193,0.00000000,194.80550680,0.00000000,0.00000000,94.69756566,107.32720193,101.68074366,1745.79450000,37556.08640755,9891.18697000
2,673,0.000000,0.513000,0.00000000,107.32720193,0.00000000,166.51392807,0.00000000,0.00000000,94.69756566,107.32720193,101.68074366,1745.79450000,37556.08640735,9891.18697000
2,674,0.000000,0.461000,0.00000000,107.32720193,0.00000000,138.75615271,0.00000000,0.00000000,94.69756566,107.32720193,101.68074366,1745.79450000,37556.08640714,9891.18697000
2,675,0.000000,0.420000,0.00000000,107.32720193,0.00000000,116.87021444,0.00000000,0.00000000,94.69756566,107.32720193,101.68074366,1745.79450000,37556.08640694,9891.18697000
2,676,0.000000,0.377000,0.00000000,107.32720193,0.00000000,93.91666943,0.00000000,0.00000000,94.69756566,107.32720193,101.68074366,1745.79450000,37556.08640673,9891.18697000
2,677,0.000000,0.341000,0.00000000,107.32720193,0.00000000,74.69974803,0.00000000,0.00000000,94.69756566,107.32720193,101.68074366,1745.79450000,37556.08640653,9891.18697000
2,678,0.003000,0.294000,0.88967646,106.43752546,0.00000000,50.50066599,0.00000000,0.00000000,94.69756566,107.32720193,101.68074366,1745.79450000,37556.08640632,9891.18697000
2,679,0.177000,0.485000,52.49091125,54.83629067,0.00000000,204.05834490,0.00000000,0.00000000,94.69756566,107.32720193,101.68074366,1745.79450000,37556.08640612,9891.18697000
2,680,0.387000,0.601000,29.20437508,0.00000000,85.56388851,320.81582676,0.00000000,0.00000000,23.41314558,29.20437508,25.44095636,506.95269404,36317.24459995,9891.18697000
2,681,0.554000,0.552000,89.89674197,0.00000000,74.39684466,294.65946151,0.00000000,0.00000000,78.66539600,89.89674197,84.63532017,1492.48104146,36063.93114120,9891.18697000
2,682,0.661000,0.444000,89.89674197,0.00000000,106.12863847,237.00869730,0.00000000,0.00000000,78.66539600,89.89674197,84.63532017,1492.48104146,35810.61768245,9891.18697000
2,683,0.722000,0.339000,89.89674197,0.00000000,124.21872653,180.95934321,0.00000000,0.00000000,78.66539600,89.89674197,84.63532017,1492.48104146,35557.30422370,9891.18697000
2,684,0.737000,0.267000,89.89674197,0.00000000,128.66710884,142.52550041,0.00000000,0.00000000,78.66539600,89.89674197,84.63532017,1492.48104146,35303.99076496,9891.18697000
2,685,0.710000,0.242000,89.89674197,0.00000000,120.66002068,129.18041610,0.00000000,0.00000000,78.66539600,89.89674197,84.63532017,1492.48104146,35050.67730621,9891.18697000
2,686,0.636000,0.261000,89.89674197,0.00000000,98.71466795,139.32268017,0.00000000,0.00000000,78.66539600,89.89674197,84.63532017,1492.48104146,34797.36384746,9891.18697000
2,687,0.515000,0.311000,89.89674197,0.00000000,62.83105066,166.01284879,0.00000000,0.00000000,78.66539600,89.89674197,84.63532017,1492.48104146,34544.05038871,9891.18697000
2,688,0.337000,0.390000,89.89674197,0.00000000,10.04358058,208.18331520,0.00000000,0.00000000,78.66539600,89.89674197,84.63532017,1492.48104146,34290.73692996,9891.18697000
2,689,0.133000,0.537000,39.44232315,50.45441883,0.00000000,236.19799210,0.00000000,0.00000000,78.66539600,89.89674197,84.63532017,1492.48104146,34037.42347121,9891.18697000
2,690,0.000000,0.690000,0.00000000,89.89674197,0.00000000,278.42758492,0.00000000,0.00000000,78.66539600,89.89674197,84.63532017,1492.48104146,33784.11001246,9891.18697000
2,691,0.000000,0.748000,0.00000000,89.89674197,0.00000000,309.38818051,0.00000000,0.00000000,78.66539600,89.89674197,84.63532017,1492.48104146,33530.79655371,9891.18697000
2,692,0.000000,0.836000,0.00000000,89.89674197,0.00000000,356.36287727,0.00000000,0.00000000,78.66539600,89.89674197,84.63532017,1492.48104146,33277.48309496,9891.18697000
2,693,0.000000,0.879000,0.00000000,89.89674197,0.00000000,379.31642228,0.00000000,0.00000000,78.66539600,89.89674197,84.63532017,1492.48104146,33024.16963621,9891.18697000
2,694,0.000000,0.913000,0.00000000,89.89674197,0.00000000,397.46573694,0.00000000,0.00000000,78.66539600,89.89674197,84.63532017,1492.48104146,32770.85617747,9891.18697000
2,695,0.000000,0.897000,0.00000000,89.89674197,0.00000000,388.92488298,0.00000000,0.00000000,78.66539600,89.89674197,84.63532017,1492.48104146,32517.54271872,9891.18697000
2,696,0.000000,0.868000,0.00000000,89.89674197,0.00000000,373.44458519,0.00000000,0.00000000,78.66539600,89.89674197,84.63532017,1492.48104146,32264.22925997,9891.18697000
2,697,0.000000,0.833000,0.00000000,89.89674197,0.00000000,354.76146716,0.00000000,0.00000000,78.66539600,89.89674197,84.63532017,1492.48104146,32010.91580122,9891.18697000
2,698,0.000000,0.798000,0.00000000,89.89674197,0.00000000,336.07834913,0.00000000,0.00000000,78.66539600,89.89674197,84.63532017,1492.48104146,31757.60234247,9891.18697000
2,699,0.000000,0.741000,0.00000000,89.89674197,0.00000000,305.65155690,0.00000000,0.00000000,78.66539600,89.89674197,84.63532017,1492.48104146,31504.28888372,9891.18697000
2,700,0.000000,0.675000,0.00000000,89.89674197,0.00000000,270.42053433,0.00000000,0.00000000,78.66539600,89.89674197,84.63532017,1492.48104146,31250.97542497,9891.18697000
2,701,0.000000,0.599000,0.00000000,89.89674197,0.00000000,229.85147804,0.00000000,0.00000000,78.66539600,89.89674197,84.63532017,1492.48104146,30997.66196622,9891.18697000
2,702,0.001000,0.555000,0.29655882,89.60018315,0.00000000,206.66068848,0.00000000,0.00000000,78.66539600,89.89674197,84.63532017,1492.48104146,30744.34850747,9891.18697000
2,703,0.157000,0.692000,46.55973484,43.33700713,0.00000000,326.05492650,0.00000000,0.00000000,78.66539600,89.89674197,84.63532017,1492.48104146,30491.03504872,9891.18697000
2,704,0.375000,0.729000,89.89674197,0.00000000,21.31281577,389.14265841,0.00000000,0.00000000,78.66539600,89.89674197,84.63532017,1492.48104146,30237.72158997,9891.18697000
2,705,0.551000,0.679000,89.89674197,0.00000000,73.50716820,362.45248980,0.00000000,0.00000000,78.66539600,89.89674197,84.63532017,1492.48104146,29984.40813123,9891.18697000
2,706,0.668000,0.605000,89.89674197,0.00000000,108.20455021,322.95104024,0.00000000,0.00000000,78.66539600,89.89674197,84.63532017,1492.48104146,29731.09467248,9891.18697000
2,707,0.730000,0.528000,89.89674197,0.00000000,126.59119709,281.84818058,0.00000000,0.00000000,78.66539600,89.89674197,84.63532017,1492.48104146,29477.78121373,9891.18697000
2,708,0.747000,0.472000,89.89674197,0.00000000,131.63269704,251.95519173,0.00000000,0.00000000,78.66539600,89.89674197,84.63532017,1492.48104146,29224.46775498,9891.18697000
2,709,0.718000,0.457000,89.89674197,0.00000000,123.03249125,243.94814114,0.00000000,0.00000000,78.66539600,89.89674197,84.63532017,1492.48104146,28971.15429623,9891.18697000
2,710,0.646000,0.481000,89.89674197,0.00000000,101.68025616,256.75942208,0.00000000,0.00000000,78.66539600,89.89674197,84.63532017,1492.48104146,28717.84083748,9891.18697000
2,711,0.526000,0.544000,89.89674197,0.00000000,66.09319768,290.38903453,0.00000000,0.00000000,78.66539600,89.89674197,84.63532017,1492.48104146,28464.52737873,9891.18697000
2,712,0.353000,0.638000,89.89674197,0.00000000,14.78852171,340.56655153,0.00000000,0.00000000,78.66539600,89.89674197,84.63532017,1492.48104146,28211.21391998,9891.18697000
2,713,0.138000,0.768000,40.92511725,48.97162473,0.00000000,360.98936520,0.00000000,0.00000000,78.66539600,89.89674197,84.63532017,1492.48104146,27957.90046123,9891.18697000
2,714,0.000000,0.863000,0.00000000,89.89674197,0.00000000,370.77556833,0.00000000,0.00000000,78.66539600,89.89674197,84.63532017,1492.48104146,27704.58700248,9891.18697000
2,715,0.000000,0.906000,0.00000000,89.89674197,0.00000000,393.72911333,0.00000000,0.00000000,78.66539600,89.89674197,84.63532017,1492.48104146,27451.27354374,9891.18697000
2,716,0.000000,0.935000,0.00000000,89.89674197,0.00000000,409.20941113,0.00000000,0.00000000,78.66539600,89.89674197,84.63532017,1492.48104146,27197.96008499,9891.18697000
2,717,0.000000,0.953000,0.00000000,89.89674197,0.00000000,418.81787183,0.00000000,0.00000000,78.66539600,89.89674197,84.63532017,1492.48104146,26944.64662624,9891.18697000
2,718,0.000000,0.934000,0.00000000,89.89674197,0.00000000,408.67560776,0.00000000,0.00000000,78.66539600,89.89674197,84.63532017,1492.48104146,26691.33316749,9891.18697000
2,719,0.000000,0.900000,0.00000000,89.89674197,0.00000000,390.52629310,0.00000000,0.00000000,78.66539600,89.89674197,84.63532017,1492.48104146,26438.01970874,9891.18697000
2,720,0.000000,0.861000,0.00000000,89.89674197,0.00000000,369.70796158,0.00000000,0.00000000,78.66539600,89.89674197,84.63532017,1492.48104146,26184.70624999,9891.18697000
3,1,0.000000,0.342000,0.00000000,2.39428050,0.00000000,180.16647283,0.00000000,0.00000000,0.00000000,2.39428050,0.00000000,0.00000000,24788.07064983,7912.94957600
3,2,0.000000,0.310000,0.00000000,2.39428050,0.00000000,163.08476491,0.00000000,0.00000000,0.00000000,2.39428050,0.00000000,0.00000000,23391.43504966,7912.94957600
3,3,0.000000,0.280000,0.00000000,2.39428050,0.00000000,147.07066375,0.00000000,0.00000000,0.00000000,2.39428050,0.00000000,0.00000000,21994.79944950,7912.94957600
3,4,0.000000,0.277000,0.00000000,2.39428050,0.00000000,145.46925363,0.00000000,0.00000000,0.00000000,2.39428050,0.00000000,0.00000000,20598.16384933,7912.94957600
3,5,0.000000,0.291000,0.00000000,2.39428050,0.00000000,152.94250084,0.00000000,0.00000000,0.00000000,2.39428050,0.00000000,0.00000000,19201.52824917,7912.94957600
3,6,0.000000,0.305000,0.00000000,2.39428050,0.00000000,160.41574805,0.00000000,0.00000000,0.00000000,2.39428050,0.00000000,0.00000000,17804.89264901,7912.94957600
3,7,0.103000,0.329000,2.39428050,0.00000000,28.15127803,175.62130949,0.00000000,0.00000000,0.00000000,2.39428050,0.00000000,0.00000000,16408.25704884,7912.94957600
3,8,0.282000,0.625000,83.62958742,23.09904438,0.00000000,310.52806331,0.00000000,0.00000000,94.69756566,106.72863180,101.68074366,1745.79450000,16757.41594868,7912.94957600
3,9,0.436000,0.730000,2.39428050,0.00000000,126.90536530,389.67646178,0.00000000,0.00000000,0.00000000,2.39428050,0.00000000,0.00000000,15360.78034851,7912.94957600
3,10,0.546000,0.735000,2.39428050,0.00000000,159.52683557,392.34547864,0.00000000,0.00000000,0.00000000,2.39428050,0.00000000,0.00000000,13964.14474835,7912.94957600
3,11,0.606000,0.724000,2.39428050,0.00000000,177.32036481,386.47364155,0.00000000,0.00000000,0.00000000,2.39428050,0.00000000,0.00000000,12567.50914819,7912.94957600
3,12,0.620000,0.711000,2.39428050,0.00000000,181.47218830,379.53419771,0.00000000,0.00000000,0.00000000,2.39428050,0.00000000,0.00000000,11170.87354802,7912.94957600
3,13,0.604000,0.697000,2.39428050,0.00000000,176.72724717,372.06095050,0.00000000,0.00000000,0.00000000,2.39428050,0.00000000,0.00000000,9774.23794786,7912.94957600
3,14,0.535000,0.682000,2.39428050,0.00000000,156.26468854,364.05389991,0.00000000,0.00000000,0.00000000,2.39428050,0.00000000,0.00000000,8377.60234769,7912.94957600
3,15,0.422000,0.674000,106.72863180,0.00000000,18.41919051,359.78347293,0.00000000,0.00000000,94.69756566,106.72863180,101.68074366,1745.79450000,8726.76124753,7912.94957600
3,16,0.265000,0.682000,78.58808747,28.14054433,0.00000000,335.91335558,0.00000000,0.00000000,94.69756566,106.72863180,101.68074366,1745.79450000,9075.92014737,7912.94957600
3,17,0.091000,0.700000,26.98685268,30.68316201,0.00000000,342.97919860,0.00000000,0.00000000,49.73928100,57.67001469,53.75120360,1002.98064984,8682.26519704,7912.94957600
3,18,0.000000,0.679000,0.00000000,106.72863180,0.00000000,255.72385799,0.00000000,0.00000000,94.69756566,106.72863180,101.68074366,1745.79450000,9031.42409687,7912.94957600
3,19,0.000000,0.626000,0.00000000,106.72863180,0.00000000,227.43227926,0.00000000,0.00000000,94.69756566,106.72863180,101.68074366,1745.79450000,9380.58299671,7912.94957600
3,20,0.000000,0.633000,0.00000000,106.72863180,0.00000000,231.16890287,0.00000000,0.00000000,94.69756566,106.72863180,101.68074366,1745.79450000,9729.74189655,7912.94957600
3,21,0.000000,0.594000,0.00000000,106.72863180,0.00000000,210.35057135,0.00000000,0.00000000,94.69756566,106.72863180,101.68074366,1745.79450000,10078.90079638,7912.94957600
3,22,0.000000,0.538000,0.00000000,106.72863180,0.00000000,180.45758250,0.00000000,0.00000000,94.69756566,106.72863180,101.68074366,1745.79450000,10428.05969622,7912.94957600
3,23,0.000000,0.455000,0.00000000,106.72863180,0.00000000,136.15190260,0.00000000,0.00000000,94.69756566,106.72863180,101.68074366,1745.79450000,10777.21859605,7912.94957600
3,24,0.000000,0.359000,0.00000000,106.72863180,0.00000000,84.90677886,0.00000000,0.00000000,94.69756566,106.72863180,101.68074366,1745.79450000,11126.37749589,7912.94957600
3,25,0.000000,0.310000,0.00000000,106.72863180,0.00000000,58.75041361,0.00000000,0.00000000,94.69756566,106.72863180,101.68074366,1745.79450000,11475.53639573,7912.94957600
3,26,0.000000,0.283000,0.00000000,2.39428050,0.00000000,148.67207386,0.00000000,0.00000000,0.00000000,2.39428050,0.00000000,0.00000000,10078.90079556,7912.94957600
3,27,0.000000,0.278000,0.00000000,106.72863180,0.00000000,41.66870570,0.00000000,0.00000000,94.69756566,106.72863180,101.68074366,1745.79450000,10428.05969540,7912.94957600
3,28,0.000000,0.289000,0.00000000,106.72863180,0.00000000,47.54054280,0.00000000,0.00000000,94.69756566,106.72863180,101.68074366,1745.79450000,10777.21859523,7912.94957600
3,29,0.000000,0.289000,0.00000000,72.94337341,0.00000000,81.32580119,0.00000000,0.00000000,63.67817400,72.94337341,68.65710075,1244.73168631,10625.31468138,7912.94957600
3,30,0.000000,0.268000,0.00000000,106.72863180,0.00000000,36.33067198,0.00000000,0.00000000,94.69756566,106.72863180,101.68074366,1745.79450000,10974.47358122,7912.94957600
3,31,0.106000,0.231000,31.43523499,75.29339681,0.00000000,48.01518219,0.00000000,0.00000000,94.69756566,106.72863180,101.68074366,1745.79450000,11323.63248105,7912.94957600
3,32,0.289000,0.437000,85.70549917,21.02313264,0.00000000,212.24894106,0.00000000,0.00000000,94.69756566,106.72863180,101.68074366,1745.79450000,11672.79138089,7912.94957600
3,33,0.443000,0.388000,106.72863180,0.00000000,24.64692574,207.11570845,0.00000000,0.00000000,94.69756566,106.72863180,101.68074366,1745.79450000,12021.95028072,7912.94957600
3,34,0.551000,0.308000,106.72863180,0.00000000,56.67527837,164.41143867,0.00000000,0.00000000,94.69756566,106.72863180,101.68074366,1745.79450000,12371.10918056,7912.94957600
3,35,0.613000,0.263000,106.72863180,0.00000000,75.06192525,140.39028692,0.00000000,0.00000000,94.69756566,106.72863180,101.68074366,1745.79450000,12720.26808040,7912.94957600
3,36,0.630000,0.253000,106.72863180,0.00000000,80.10342520,135.05225319,0.00000000,0.00000000,94.69756566,106.72863180,101.68074366,1745.79450000,13069.42698023,7912.94957600
3,37,0.602000,0.271000,106.72863180,0.00000000,71.79977822,144.66071389,0.00000000,0.00000000,94.69756566,106.72863180,101.68074366,1745.79450000,13418.58588007,7912.94957600
3,38,0.529000,0.300000,106.72863180,0.00000000,50.15098432,160.14101169,0.00000000,0.00000000,94.69756566,106.72863180,101.68074366,1745.79450000,13767.74477990,7912.94957600
3,39,0.415000,0.336000,0.00000000,72.94337341,123.07191057,106.41455969,0.00000000,0.00000000,63.67817400,72.94337341,68.65710075,1244.73168631,13615.84086605,7912.94957600
3,40,0.260000,0.381000,77.10529337,29.62333843,0.00000000,173.75574641,0.00000000,0.00000000,94.69756566,106.72863180,101.68074366,1745.79450000,13964.99976589,7912.94957600
3,41,0.078000,0.444000,23.13158801,83.59704379,0.00000000,153.41165351,0.00000000,0.00000000,94.69756566,106.72863180,101.68074366,1745.79450000,14314.15866572,7912.94957600
3,42,0.000000,0.462000,0.00000000,106.72863180,0.00000000,139.88852620,0.00000000,0.00000000,94.69756566,106.72863180,101.68074366,1745.79450000,14663.31756556,7912.94957600
3,43,0.000000,0.433000,0.00000000,43.47863956,0.00000000,187.65822065,0.00000000,0.00000000,36.84682300,43.47863956,39.91750131,767.66957627,14034.35154167,7912.94957600
3,44,0.000000,0.391000,0.00000000,106.72863180,0.00000000,101.98848677,0.00000000,0.00000000,94.69756566,106.72863180,101.68074366,1745.79450000,14383.51044150,7912.94957600
3,45,0.000000,0.370000,0.00000000,106.72863180,0.00000000,90.77861595,0.00000000,0.00000000,94.69756566,106.72863180,101.68074366,1745.79450000,14732.66934134,7912.94957600
3,46,0.000000,0.331000,0.00000000,106.72863180,0.00000000,69.96028443,0.00000000,0.00000000,94.69756566,106.72863180,101.68074366,1745.79450000,15081.82824117,7912.94957600
3,47,0.000000,0.328000,0.00000000,106.72863180,0.00000000,68.35887432,0.00000000,0.00000000,94.69756566,106.72863180,101.68074366,1745.79450000,15430.98714101,7912.94957600
3,48,0.000000,0.302000,0.00000000,106.72863180,0.00000000,54.47998664,0.00000000,0.00000000,94.69756566,106.72863180,101.68074366,1745.79450000,15780.14604085,7912.94957600
3,49,0.000000,0.302000,0.00000000,106.72863180,0.00000000,54.47998664,0.00000000,0.00000000,94.69756566,106.72863180,101.68074366,1745.79450000,16129.30494068,7912.94957600
3,50,0.000000,0.296000,0.00000000,106.72863180,0.00000000,51.27716640,0.00000000,0.00000000,94.69756566,106.72863180,101.68074366,1745.79450000,16478.46384052,7912.94957600
3,51,0.000000,0.272000,0.00000000,106.72863180,0.00000000,38.46588547,0.00000000,0.00000000,94.69756566,106.72863180,101.68074366,1745.79450000,16827.62274035,7912.94957600
3,52,0.000000,0.256000,0.00000000,2.39428050,0.00000000,134.25938281,0.00000000,0.00000000,0.00000000,2.39428050,0.00000000,0.00000000,15430.98714019,7912.94957600
3,53,0.000000,0.257000,0.00000000,106.72863180,0.00000000,30.45883488,0.00000000,0.00000000,94.69756566,106.72863180,101.68074366,1745.79450000,15780.14604003,7912.94957600
3,54,0.000000,0.254000,0.00000000,72.94337341,0.00000000,62.64268316,0.00000000,0.00000000,63.67817400,72.94337341,68.65710075,1244.73168631,15628.24212617,7912.94957600
3,55,0.094000,0.255000,27.87652914,78.85210266,0.00000000,57.26775728,0.00000000,0.00000000,94.69756566,106.72863180,101.68074366,1745.79450000,15977.40102601,7912.94957600
3,56,0.268000,0.425000,79.47776393,27.25086787,0.00000000,199.61556536,0.00000000,0.00000000,94.69756566,106.72863180,101.68074366,1745.79450000,16326.55992584,7912.94957600
3,57,0.418000,0.450000,106.72863180,0.00000000,17.23295523,240.21151754,0.00000000,0.00000000,94.69756566,106.72863180,101.68074366,1745.79450000,16675.71882568,7912.94957600
3,58,0.522000,0.443000,106.72863180,0.00000000,48.07507257,236.47489393,0.00000000,0.00000000,94.69756566,106.72863180,101.68074366,1745.79450000,17024.87772552,7912.94957600
3,59,0.582000,0.448000,106.72863180,0.00000000,65.86860181,239.14391079,0.00000000,0.00000000,94.69756566,106.72863180,101.68074366,1745.79450000,17374.03662535,7912.94957600
3,60,0.596000,0.468000,106.72863180,0.00000000,70.02042530,249.81997824,0.00000000,0.00000000,94.69756566,106.72863180,101.68074366,1745.79450000,17723.19552519,7912.94957600
3,61,0.567000,0.493000,0.00000000,89.29817159,168.14885130,173.86689096,0.00000000,0.00000000,78.66539600,89.29817159,84.63531998,1492.48099468,17819.04091970,7912.94957600
3,62,0.503000,0.517000,106.72863180,0.00000000,42.44045498,275.97634348,0.00000000,0.00000000,94.69756566,106.72863180,101.68074366,1745.79450000,18168.19981954,7912.94957600
3,63,0.394000,0.546000,106.72863180,0.00000000,10.11554353,291.45664128,0.00000000,0.00000000,94.69756566,106.72863180,101.68074366,1745.79450000,18517.35871937,7912.94957600
3,64,0.240000,0.583000,71.17411695,35.55451485,0.00000000,275.65285121,0.00000000,0.00000000,94.69756566,106.72863180,101.68074366,1745.79450000,18866.51761921,7912.94957600
3,65,0.075000,0.606000,22.24191155,84.48672025,0.00000000,238.99812336,0.00000000,0.00000000,94.69756566,106.72863180,101.68074366,1745.79450000,19215.67651904,7912.94957600
3,66,0.000000,0.582000,0.00000000,106.72863180,0.00000000,203.94493088,0.00000000,0.00000000,94.69756566,106.72863180,101.68074366,1745.79450000,19564.83541888,7912.94957600
3,67,0.000000,0.532000,0.00000000,106.72863180,0.00000000,177.25476227,0.00000000,0.00000000,94.69756566,106.72863180,101.68074366,1745.79450000,19913.99431872,7912.94957600
3,68,0.000000,0.487000,0.00000000,106.72863180,0.00000000,153.23361051,0.00000000,0.00000000,94.69756566,106.72863180,101.68074366,1745.79450000,20263.15321855,7912.94957600
3,69,0.000000,0.428000,0.00000000,106.72863180,0.00000000,121.73921155,0.00000000,0.00000000,94.69756566,106.72863180,101.68074366,1745.79450000,20612.31211839,7912.94957600
3,70,0.000000,0.369000,0.00000000,106.72863180,0.00000000,90.24481258,0.00000000,0.00000000,94.69756566,106.72863180,101.68074366,1745.79450000,20961.47101822,7912.94957600
3,71,0.000000,0.327000,0.00000000,106.72863180,0.00000000,67.82507094,0.00000000,0.00000000,94.69756566,106.72863180,101.68074366,1745.79450000,21310.62991806,7912.94957600
3,72,0.000000,0.289000,0.00000000,106.72863180,0.00000000,47.54054280,0.00000000,0.00000000,94.69756566,106.72863180,101.68074366,1745.79450000,21659.78881790,7912.94957600
3,73,0.000000,0.285000,0.00000000,106.72863180,0.00000000,45.40532931,0.00000000,0.00000000,94.69756566,106.72863180,101.68074366,1745.79450000,22008.94771773,7912.94957600
3,74,0.000000,0.304000,0.00000000,89.29817159,0.00000000,72.97805359,0.00000000,0.00000000,78.66539600,89.29817159,84.63531998,1492.48099468,22104.79311224,7912.94957600
3,75,0.000000,0.308000,0.00000000,106.72863180,0.00000000,57.68280687,0.00000000,0.00000000,94.69756566,106.72863180,101.68074366,1745.79450000,22453.95201208,7912.94957600
3,76,0.000000,0.324000,0.00000000,106.72863180,0.00000000,66.22366083,0.00000000,0.00000000,94.69756566,106.72863180,101.68074366,1745.79450000,22803.11091192,7912.94957600
3,77,0.000000,0.331000,0.00000000,106.72863180,0.00000000,69.96028443,0.00000000,0.00000000,94.69756566,106.72863180,101.68074366,1745.79450000,23152.26981175,7912.94957600
3,78,0.000000,0.328000,0.00000000,106.72863180,0.00000000,68.35887432,0.00000000,0.00000000,94.69756566,106.72863180,101.68074366,1745.79450000,23501.42871159,7912.94957600
3,79,0.098000,0.344000,29.06276442,77.66586738,0.00000000,105.96249270,0.00000000,0.00000000,94.69756566,106.72863180,101.68074366,1745.79450000,23850.58761142,7912.94957600
3,80,0.286000,0.470000,0.00000000,30.37356422,84.81582270,220.51402076,0.00000000,0.00000000,25.00174700,30.37356422,27.15938231,539.40882693,22993.36083819,7912.94957600
3,81,0.444000,0.505000,106.72863180,0.00000000,24.94348456,269.57070301,0.00000000,0.00000000,94.69756566,106.72863180,101.68074366,1745.79450000,23342.51973802,7912.94957600
3,82,0.554000,0.504000,106.72863180,0.00000000,57.56495483,269.03689964,0.00000000,0.00000000,94.69756566,106.72863180,101.68074366,1745.79450000,23691.67863786,7912.94957600
3,83,0.618000,0.498000,106.72863180,0.00000000,76.54471936,265.83407941,0.00000000,0.00000000,94.69756566,106.72863180,101.68074366,1745.79450000,24040.83753769,7912.94957600
3,84,0.635000,0.501000,106.72863180,0.00000000,81.58621931,267.43548953,0.00000000,0.00000000,94.69756566,106.72863180,101.68074366,1745.79450000,24389.99643753,7912.94957600
3,85,0.607000,0.502000,106.72863180,0.00000000,73.28257233,267.96929290,0.00000000,0.00000000,94.69756566,106.72863180,101.68074366,1745.79450000,24739.15533737,7912.94957600
3,86,0.539000,0.516000,106.72863180,0.00000000,53.11657252,275.44254011,0.00000000,0.00000000,94.69756566,106.72863180,101.68074366,1745.79450000,25088.31423720,7912.94957600
3,87,0.425000,0.552000,106.72863180,0.00000000,19.30886697,294.65946151,0.00000000,0.00000000,94.69756566,106.72863180,101.68074366,1745.79450000,25437.47313704,7912.94957600
3,88,0.265000,0.590000,2.39428050,0.00000000,76.19380697,314.94398966,0.00000000,0.00000000,0.00000000,2.39428050,0.00000000,0.00000000,24040.83753687,7912.94957600
3,89,0.084000,0.607000,24.91094093,81.81769087,0.00000000,242.20095612,0.00000000,0.00000000,94.69756566,106.72863180,101.68074366,1745.79450000,24389.99643671,7912.94957600
3,90,0.000000,0.570000,0.00000000,30.37356422,0.00000000,273.89435799,0.00000000,0.00000000,25.00174700,30.37356422,27.15938231,539.40882693,23532.76966347,7912.94957600
3,91,0.000000,0.517000,0.00000000,106.72863180,0.00000000,169.24771168,0.00000000,0.00000000,94.69756566,106.72863180,101.68074366,1745.79450000,23881.92856331,7912.94957600
3,92,0.000000,0.544000,0.00000000,106.72863180,0.00000000,183.66040273,0.00000000,0.00000000,94.69756566,106.72863180,101.68074366,1745.79450000,24231.08746314,7912.94957600
3,93,0.000000,0.532000,0.00000000,72.94337341,0.00000000,211.04002066,0.00000000,0.00000000,63.67817400,72.94337341,68.65710075,1244.73168631,24079.18354929,7912.94957600
3,94,0.000000,0.466000,0.00000000,106.72863180,0.00000000,142.02373969,0.00000000,0.00000000,94.69756566,106.72863180,101.68074366,1745.79450000,24428.34244913,7912.94957600
3,95,0.000000,0.394000,0.00000000,106.72863180,0.00000000,103.58989689,0.00000000,0.00000000,94.69756566,106.72863180,101.68074366,1745.79450000,24777.50134896,7912.94957600
3,96,0.000000,0.320000,0.00000000,106.72863180,0.00000000,64.08844734,0.00000000,0.00000000,94.69756566,106.72863180,101.68074366,1745.79450000,25126.66024880,7912.94957600
3,97,0.000000,0.280000,0.00000000,106.72863180,0.00000000,42.73631244,0.00000000,0.00000000,94.69756566,106.72863180,101.68074366,1745.79450000,25475.81914863,7912.94957600
3,98,0.000000,0.259000,0.00000000,106.72863180,0.00000000,31.52644163,0.00000000,0.00000000,94.69756566,106.72863180,101.68074366,1745.79450000,25824.97804847,7912.94957600
3,99,0.000000,0.249000,0.00000000,106.72863180,0.00000000,26.18840790,0.00000000,0.00000000,94.69756566,106.72863180,101.68074366,1745.79450000,26174.13694831,7912.94957600
3,100,0.000000,0.251000,0.00000000,106.72863180,0.00000000,27.25601465,0.00000000,0.00000000,94.69756566,106.72863180,101.68074366,1745.79450000,26523.29584814,7912.94957600
3,101,0.000000,0.261000,0.00000000,106.72863180,0.00000000,32.59404837,0.00000000,0.00000000,94.69756566,106.72863180,101.68074366,1745.79450000,26872.45474798,7912.94957600
3,102,0.000000,0.270000,0.00000000,106.72863180,0.00000000,37.39827872,0.00000000,0.00000000,94.69756566,106.72863180,101.68074366,1745.79450000,27221.61364781,7912.94957600
3,103,0.105000,0.339000,31.13867617,75.58995563,0.00000000,105.36938758,0.00000000,0.00000000,94.69756566,106.72863180,101.68074366,1745.79450000,27570.77254765,7912.94957600
3,104,0.287000,0.576000,85.11238152,21.61625028,0.00000000,285.85449217,0.00000000,0.00000000,94.69756566,106.72863180,101.68074366,1745.79450000,27919.93144749,7912.94957600
3,105,0.442000,0.594000,43.47863956,0.00000000,87.60035916,317.07920315,0.00000000,0.00000000,36.84682300,43.47863956,39.91750131,767.66957627,27290.96542359,7912.94957600
3,106,0.548000,0.548000,106.72863180,0.00000000,55.78560191,292.52424802,0.00000000,0.00000000,94.69756566,106.72863180,101.68074366,1745.79450000,27640.12432343,7912.94957600
3,107,0.609000,0.486000,72.94337341,0.00000000,107.66094836,259.42843894,0.00000000,0.00000000,63.67817400,72.94337341,68.65710075,1244.73168631,27488.22040957,7912.94957600
3,108,0.627000,0.442000,106.72863180,0.00000000,79.21374874,235.94109056,0.00000000,0.00000000,94.69756566,106.72863180,101.68074366,1745.79450000,27837.37930941,7912.94957600
3,109,0.601000,0.428000,106.72863180,0.00000000,71.50321940,228.46784335,0.00000000,0.00000000,94.69756566,106.72863180,101.68074366,1745.79450000,28186.53820925,7912.94957600
3,110,0.537000,0.442000,57.67001469,0.00000000,101.58207200,235.94109056,0.00000000,0.00000000,49.73928100,57.67001469,53.75120360,1002.98064984,27792.88325892,7912.94957600
3,111,0.419000,0.488000,106.72863180,0.00000000,17.52951405,260.49604569,0.00000000,0.00000000,94.69756566,106.72863180,101.68074366,1745.79450000,28142.04215875,7912.94957600
3,112,0.267000,0.550000,79.18120511,27.54742669,0.00000000,266.04442808,0.00000000,0.00000000,94.69756566,106.72863180,101.68074366,1745.79450000,28491.20105859,7912.94957600
3,113,0.090000,0.618000,26.69029386,80.03833794,0.00000000,249.85214614,0.00000000,0.00000000,94.69756566,106.72863180,101.68074366,1745.79450000,28840.35995843,7912.94957600
3,114,0.000000,0.655000,0.00000000,30.37356422,0.00000000,319.26764464,0.00000000,0.00000000,25.00174700,30.37356422,27.15938231,539.40882693,27983.13318519,7912.94957600
3,115,0.000000,0.669000,0.00000000,106.72863180,0.00000000,250.38582427,0.00000000,0.00000000,94.69756566,106.72863180,101.68074366,1745.79450000,28332.29208502,7912.94957600
3,116,0.000000,0.655000,0.00000000,106.72863180,0.00000000,242.91257706,0.00000000,0.00000000,94.69756566,106.72863180,101.68074366,1745.79450000,28681.45098486,7912.94957600
3,117,0.000000,0.621000,0.00000000,106.72863180,0.00000000,224.76326240,0.00000000,0.00000000,94.69756566,106.72863180,101.68074366,1745.79450000,29030.60988470,7912.94957600
3,118,0.000000,0.583000,0.00000000,106.72863180,0.00000000,204.47873425,0.00000000,0.00000000,94.69756566,106.72863180,101.68074366,1745.79450000,29379.76878453,7912.94957600
3,119,0.000000,0.539000,0.00000000,106.72863180,0.00000000,180.99138587,0.00000000,0.00000000,94.69756566,106.72863180,101.68074366,1745.79450000,29728.92768437,7912.94957600
3,120,0.000000,0.477000,0.00000000,106.72863180,0.00000000,147.89557679,0.00000000,0.00000000,94.69756566,106.72863180,101.68074366,1745.79450000,30078.08658420,7912.94957600
3,121,0.000000,0.422000,0.00000000,2.39428050,0.00000000,222.87074261,0.00000000,0.00000000,0.00000000,2.39428050,0.00000000,0.00000000,28681.45098404,7912.94957600
3,122,0.000000,0.361000,0.00000000,106.72863180,0.00000000,85.97438560,0.00000000,0.00000000,94.69756566,106.72863180,101.68074366,1745.79450000,29030.60988388,7912.94957600
3,123,0.000000,0.305000,0.00000000,30.37356422,0.00000000,132.43646433,0.00000000,0.00000000,25.00174700,30.37356422,27.15938231,539.40882693,28173.38311064,7912.94957600
3,124,0.000000,0.259000,0.00000000,106.72863180,0.00000000,31.52644163,0.00000000,0.00000000,94.69756566,106.72863180,101.68074366,1745.79450000,28522.54201047,7912.94957600
3,125,0.000000,0.234000,0.00000000,106.72863180,0.00000000,18.18135732,0.00000000,0.00000000,94.69756566,106.72863180,101.68074366,1745.79450000,28871.70091031,7912.94957600
3,126,0.000000,0.221000,0.00000000,106.72863180,0.00000000,11.24191348,0.00000000,0.00000000,94.69756566,106.72863180,101.68074366,1745.79450000,29220.85981014,7912.94957600
3,127,0.104000,0.277000,30.84211735,75.88651445,0.00000000,71.97701967,0.00000000,0.00000000,94.69756566,106.72863180,101.68074366,1745.79450000,29570.01870998,7912.94957600
3,128,0.287000,0.467000,85.11238152,21.61625028,0.00000000,227.66992459,0.00000000,0.00000000,94.69756566,106.72863180,101.68074366,1745.79450000,29919.17760982,7912.94957600
3,129,0.442000,0.418000,106.72863180,0.00000000,24.35036692,223.12980962,0.00000000,0.00000000,94.69756566,106.72863180,101.68074366,1745.79450000,30268.33650965,7912.94957600
3,130,0.553000,0.337000,106.72863180,0.00000000,57.26839601,179.89173647,0.00000000,0.00000000,94.69756566,106.72863180,101.68074366,1745.79450000,30617.49540949,7912.94957600
3,131,0.617000,0.265000,106.72863180,0.00000000,76.24816053,141.45789366,0.00000000,0.00000000,94.69756566,106.72863180,101.68074366,1745.79450000,30966.65430932,7912.94957600
3,132,0.635000,0.210000,106.72863180,0.00000000,81.58621931,112.09870818,0.00000000,0.00000000,94.69756566,106.72863180,101.68074366,1745.79450000,31315.81320916,7912.94957600
3,133,0.603000,0.171000,106.72863180,0.00000000,72.09633705,91.28037666,0.00000000,0.00000000,94.69756566,106.72863180,101.68074366,1745.79450000,31664.97210900,7912.94957600
3,134,0.531000,0.161000,106.72863180,0.00000000,50.74410196,85.94234294,0.00000000,0.00000000,94.69756566,106.72863180,101.68074366,1745.79450000,32014.13100883,7912.94957600
3,135,0.422000,0.185000,106.72863180,0.00000000,18.41919051,98.75362388,0.00000000,0.00000000,94.69756566,106.72863180,101.68074366,1745.79450000,32363.28990867,7912.94957600
3,136,0.270000,0.254000,80.07088157,26.65775023,0.00000000,108.92830634,0.00000000,0.00000000,94.69756566,106.72863180,101.68074366,1745.79450000,32712.44880850,7912.94957600
3,137,0.088000,0.416000,26.09717622,46.84619719,0.00000000,175.21600569,0.00000000,0.00000000,63.67817400,72.94337341,68.65710075,1244.73168631,32560.54489465,7912.94957600
3,138,0.000000,0.608000,0.00000000,89.29817159,0.00000000,235.25427877,0.00000000,0.00000000,78.66539600,89.29817159,84.63531998,1492.48099468,32656.39028916,7912.94957600
3,139,0.000000,0.654000,0.00000000,106.72863180,0.00000000,242.37877369,0.00000000,0.00000000,94.69756566,106.72863180,101.68074366,1745.79450000,33005.54918900,7912.94957600
3,140,0.000000,0.661000,0.00000000,72.94337341,0.00000000,279.90065569,0.00000000,0.00000000,63.67817400,72.94337341,68.65710075,1244.73168631,32853.64527515,7912.94957600
3,141,0.000000,0.615000,0.00000000,106.72863180,0.00000000,221.56044217,0.00000000,0.00000000,94.69756566,106.72863180,101.68074366,1745.79450000,33202.80417498,7912.94957600
3,142,0.000000,0.556000,0.00000000,72.94337341,0.00000000,223.85130159,0.00000000,0.00000000,63.67817400,72.94337341,68.65710075,1244.73168631,33050.90026113,7912.94957600
3,143,0.000000,0.488000,0.00000000,106.72863180,0.00000000,153.76741388,0.00000000,0.00000000,94.69756566,106.72863180,101.68074366,1745.79450000,33400.05916097,7912.94957600
3,144,0.000000,0.402000,0.00000000,30.37356422,0.00000000,184.21539144,0.00000000,0.00000000,25.00174700,30.37356422,27.15938231,539.40882693,32542.83238773,7912.94957600
3,145,0.000000,0.283000,0.00000000,106.72863180,0.00000000,44.33772256,0.00000000,0.00000000,94.69756566,106.72863180,101.68074366,1745.79450000,32891.99128756,7912.94957600
3,146,0.000000,0.200000,0.00000000,106.72863180,0.00000000,0.03204266,0.00000000,0.00000000,94.69756566,106.72863180,101.68074366,1745.79450000,33241.15018740,7912.94957600
3,147,0.000000,0.150000,0.00000000,2.39428050,0.00000000,77.67622535,0.00000000,0.00000000,0.00000000,2.39428050,0.00000000,0.00000000,31844.51458724,7912.94957600
3,148,0.000000,0.159000,0.00000000,2.39428050,0.00000000,82.48045570,0.00000000,0.00000000,0.00000000,2.39428050,0.00000000,0.00000000,30447.87898707,7912.94957600
3,149,0.000000,0.177000,0.00000000,94.48319690,0.00000000,0.00000000,0.00000000,0.00000000,83.43447275,94.48319690,89.70580873,1567.83399436,30619.07738126,7912.94957600
3,150,0.000000,0.167000,0.00000000,89.14516318,0.00000000,0.00000000,0.15300867,0.00000000,78.66539600,89.29817185,84.63532017,1492.48104146,30714.92282256,7912.94957600
3,151,0.103000,0.171000,30.54555853,42.39781488,0.00000000,48.88256178,0.00000000,0.00000000,63.67817400,72.94337341,68.65710075,1244.73168631,30563.01890870,7912.94957600
3,152,0.287000,0.259000,85.11238152,21.61625028,0.00000000,116.63882315,0.00000000,0.00000000,94.69756566,106.72863180,101.68074366,1745.79450000,30912.17780854,7912.94957600
3,153,0.443000,0.256000,106.72863180,0.00000000,24.64692574,136.65366331,0.00000000,0.00000000,94.69756566,106.72863180,101.68074366,1745.79450000,31261.33670838,7912.94957600
3,154,0.555000,0.237000,106.72863180,0.00000000,57.86151365,126.51139924,0.00000000,0.00000000,94.69756566,106.72863180,101.68074366,1745.79450000,31610.49560821,7912.94957600
3,155,0.618000,0.221000,106.72863180,0.00000000,76.54471936,117.97054528,0.00000000,0.00000000,94.69756566,106.72863180,101.68074366,1745.79450000,31959.65450805,7912.94957600
3,156,0.636000,0.208000,106.72863180,0.00000000,81.88277813,111.03110144,0.00000000,0.00000000,94.69756566,106.72863180,101.68074366,1745.79450000,32308.81340788,7912.94957600
3,157,0.611000,0.206000,106.72863180,0.00000000,74.46880761,109.96349469,0.00000000,0.00000000,94.69756566,106.72863180,101.68074366,1745.79450000,32657.97230772,7912.94957600
3,158,0.543000,0.224000,106.72863180,0.00000000,54.30280781,119.57195540,0.00000000,0.00000000,94.69756566,106.72863180,101.68074366,1745.79450000,33007.13120756,7912.94957600
3,159,0.429000,0.264000,106.72863180,0.00000000,20.49510225,140.92409029,0.00000000,0.00000000,94.69756566,106.72863180,101.68074366,1745.79450000,33356.29010739,7912.94957600
3,160,0.264000,0.338000,78.29152865,28.43710315,0.00000000,151.98843669,0.00000000,0.00000000,94.69756566,106.72863180,101.68074366,1745.79450000,33705.44900723,7912.94957600
3,161,0.075000,0.484000,22.24191155,84.48672025,0.00000000,173.87411194,0.00000000,0.00000000,94.69756566,106.72863180,101.68074366,1745.79450000,34054.60790706,7912.94957600
3,162,0.000000,0.633000,0.00000000,30.37356422,0.00000000,307.52397044,0.00000000,0.00000000,25.00174700,30.37356422,27.15938231,539.40882693,33197.38113383,7912.94957600
3,163,0.000000,0.686000,0.00000000,106.72863180,0.00000000,259.46048160,0.00000000,0.00000000,94.69756566,106.72863180,101.68074366,1745.79450000,33546.54003366,7912.94957600
3,164,0.000000,0.679000,0.00000000,106.72863180,0.00000000,255.72385799,0.00000000,0.00000000,94.69756566,106.72863180,101.68074366,1745.79450000,33895.69893350,7912.94957600
3,165,0.000000,0.622000,0.00000000,106.72863180,0.00000000,225.29706577,0.00000000,0.00000000,94.69756566,106.72863180,101.68074366,1745.79450000,34244.85783333,7912.94957600
3,166,0.000000,0.543000,0.00000000,43.47863956,0.00000000,246.37659160,0.00000000,0.00000000,36.84682300,43.47863956,39.91750131,767.66957627,33615.89180944,7912.94957600
3,167,0.000000,0.459000,0.00000000,106.72863180,0.00000000,138.28711609,0.00000000,0.00000000,94.69756566,106.72863180,101.68074366,1745.79450000,33965.05070927,7912.94957600
3,168,0.000000,0.354000,0.00000000,106.72863180,0.00000000,82.23776200,0.00000000,0.00000000,94.69756566,106.72863180,101.68074366,1745.79450000,34314.20960911,7912.94957600
3,169,0.000000,0.264000,0.00000000,106.72863180,0.00000000,34.19545849,0.00000000,0.00000000,94.69756566,106.72863180,101.68074366,1745.79450000,34663.36850895,7912.94957600
3,170,0.000000,0.210000,0.00000000,106.72863180,0.00000000,5.37007638,0.00000000,0.00000000,94.69756566,106.72863180,101.68074366,1745.79450000,35012.52740878,7912.94957600
3,171,0.000000,0.172000,0.00000000,91.81418004,0.00000000,0.00000000,0.00000000,0.00000000,80.97956730,91.81418004,87.09575008,1529.04569537,35144.93750399,7912.94957600
3,172,0.000000,0.176000,0.00000000,43.47863956,0.00000000,50.47075396,0.00000000,0.00000000,36.84682300,43.47863956,39.91750131,767.66957627,34515.97148009,7912.94957600
3,173,0.000000,0.208000,0.00000000,106.72863180,0.00000000,4.30246964,0.00000000,0.00000000,94.69756566,106.72863180,101.68074366,1745.79450000,34865.13037993,7912.94957600
3,174,0.000000,0.240000,0.00000000,30.37356422,0.00000000,97.73924513,0.00000000,0.00000000,25.00174700,30.37356422,27.15938231,539.40882693,34007.90360669,7912.94957600
3,175,0.107000,0.383000,31.73179381,74.99683799,0.00000000,129.44985360,0.00000000,0.00000000,94.69756566,106.72863180,101.68074366,1745.79450000,34357.06250653,7912.94957600
3,176,0.293000,0.527000,86.89173445,19.83689735,0.00000000,261.47747985,0.00000000,0.00000000,94.69756566,106.72863180,101.68074366,1745.79450000,34706.22140636,7912.94957600
3,177,0.449000,0.512000,43.47863956,0.00000000,89.67627091,273.30732662,0.00000000,0.00000000,36.84682300,43.47863956,39.91750131,767.66957627,34077.25538247,7912.94957600
3,178,0.559000,0.459000,106.72863180,0.00000000,59.04774894,245.01574789,0.00000000,0.00000000,94.69756566,106.72863180,101.68074366,1745.79450000,34426.41428230,7912.94957600
3,179,0.621000,0.413000,106.72863180,0.00000000,77.43439582,220.46079276,0.00000000,0.00000000,94.69756566,106.72863180,101.68074366,1745.79450000,34775.57318214,7912.94957600
3,180,0.640000,0.386000,106.72863180,0.00000000,83.06901341,206.04810171,0.00000000,0.00000000,94.69756566,106.72863180,101.68074366,1745.79450000,35124.73208197,7912.94957600
3,181,0.609000,0.380000,106.72863180,0.00000000,73.87568997,202.84528148,0.00000000,0.00000000,94.69756566,106.72863180,101.68074366,1745.79450000,35473.89098181,7912.94957600
3,182,0.520000,0.394000,106.72863180,0.00000000,47.48195493,210.31852869,0.00000000,0.00000000,94.69756566,106.72863180,101.68074366,1745.79450000,35823.04988165,7912.94957600
3,183,0.383000,0.436000,106.72863180,0.00000000,6.85339650,232.73827033,0.00000000,0.00000000,94.69756566,106.72863180,101.68074366,1745.79450000,36172.20878148,7912.94957600
3,184,0.190000,0.538000,56.34617592,50.38245588,0.00000000,236.80375842,0.00000000,0.00000000,94.69756566,106.72863180,101.68074366,1745.79450000,36521.36768132,7912.94957600
3,185,0.051000,0.675000,15.12449985,91.60413195,0.00000000,268.71314436,0.00000000,0.00000000,94.69756566,106.72863180,101.68074366,1745.79450000,36870.52658115,7912.94957600
3,186,0.000000,0.762000,0.00000000,106.72863180,0.00000000,300.02953790,0.00000000,0.00000000,94.69756566,106.72863180,101.68074366,1745.79450000,37219.68548099,7912.94957600
3,187,0.000000,0.805000,0.00000000,106.72863180,0.00000000,322.98308291,0.00000000,0.00000000,94.69756566,106.72863180,101.68074366,1745.79450000,37568.84438083,7912.94957600
3,188,0.000000,0.821000,0.00000000,106.72863180,0.00000000,331.52393686,0.00000000,0.00000000,94.69756566,106.72863180,101.68074366,1745.79450000,37918.00328066,7912.94957600
3,189,0.000000,0.795000,0.00000000,106.72863180,0.00000000,317.64504918,0.00000000,0.00000000,94.69756566,106.72863180,101.68074366,1745.79450000,38267.16218050,7912.94957600
3,190,0.000000,0.768000,0.00000000,106.72863180,0.00000000,303.23235813,0.00000000,0.00000000,94.69756566,106.72863180,101.68074366,1745.79450000,38616.32108033,7912.94957600
3,191,0.000000,0.722000,0.00000000,106.72863180,0.00000000,278.67740300,0.00000000,0.00000000,94.69756566,106.72863180,101.68074366,1745.79450000,38965.47998017,7912.94957600
3,192,0.000000,0.672000,0.00000000,106.72863180,0.00000000,251.98723439,0.00000000,0.00000000,94.69756566,106.72863180,101.68074366,1745.79450000,39314.63888001,7912.94957600
3,193,0.000000,0.605000,0.00000000,106.72863180,0.00000000,216.22240844,0.00000000,0.00000000,94.69756566,106.72863180,101.68074366,1745.79450000,39663.79777984,7912.94957600
3,194,0.000000,0.540000,0.00000000,57.67001469,0.00000000,230.58380636,0.00000000,0.00000000,49.73928100,57.67001469,53.75120360,1002.98064984,39270.14282951,7912.94957600
3,195,0.000000,0.469000,0.00000000,106.72863180,0.00000000,143.62514981,0.00000000,0.00000000,94.69756566,106.72863180,101.68074366,1745.79450000,39619.30172935,7912.94957600
3,196,0.000000,0.387000,0.00000000,106.72863180,0.00000000,99.85327328,0.00000000,0.00000000,94.69756566,106.72863180,101.68074366,1745.79450000,39968.46062919,7912.94957600
3,197,0.000000,0.334000,0.00000000,106.72863180,0.00000000,71.56169455,0.00000000,0.00000000,94.69756566,106.72863180,101.68074366,1745.79450000,40317.61952902,7912.94957600
3,198,0.000000,0.282000,0.00000000,106.72863180,0.00000000,43.80391919,0.00000000,0.00000000,94.69756566,106.72863180,101.68074366,1745.79450000,40666.77842886,7912.94957600
3,199,0.105000,0.362000,31.13867617,75.58995563,0.00000000,117.64686514,0.00000000,0.00000000,94.69756566,106.72863180,101.68074366,1745.79450000,41015.93732869,7912.94957600
3,200,0.293000,0.544000,86.89173445,19.83689735,0.00000000,270.55213718,0.00000000,0.00000000,94.69756566,106.72863180,101.68074366,1745.79450000,41365.09622853,7912.94957600
3,201,0.452000,0.535000,106.72863180,0.00000000,27.31595513,285.58480418,0.00000000,0.00000000,94.69756566,106.72863180,101.68074366,1745.79450000,41714.25512837,7912.94957600
3,202,0.562000,0.491000,106.72863180,0.00000000,59.93742540,262.09745580,0.00000000,0.00000000,94.69756566,106.72863180,101.68074366,1745.79450000,42063.41402820,7912.94957600
3,203,0.624000,0.457000,106.72863180,0.00000000,78.32407228,243.94814114,0.00000000,0.00000000,94.69756566,106.72863180,101.68074366,1745.79450000,42412.57292804,7912.94957600
3,204,0.642000,0.441000,106.72863180,0.00000000,83.66213105,235.40728719,0.00000000,0.00000000,94.69756566,106.72863180,101.68074366,1745.79450000,42761.73182787,7912.94957600
3,205,0.617000,0.449000,106.72863180,0.00000000,76.24816053,239.67771417,0.00000000,0.00000000,94.69756566,106.72863180,101.68074366,1745.79450000,43110.89072771,7912.94957600
3,206,0.548000,0.482000,106.72863180,0.00000000,55.78560191,257.29322545,0.00000000,0.00000000,94.69756566,106.72863180,101.68074366,1745.79450000,43460.04962755,7912.94957600
3,207,0.434000,0.540000,106.72863180,0.00000000,21.97789636,288.25382104,0.00000000,0.00000000,94.69756566,106.72863180,101.68074366,1745.79450000,43809.20852738,7912.94957600
3,208,0.278000,0.617000,82.44335214,24.28527966,0.00000000,305.07140105,0.00000000,0.00000000,94.69756566,106.72863180,101.68074366,1745.79450000,44158.36742722,7912.94957600
3,209,0.097000,0.690000,28.76620560,77.96242620,0.00000000,290.36190069,0.00000000,0.00000000,94.69756566,106.72863180,101.68074366,1745.79450000,44507.52632705,7912.94957600
3,210,0.000000,0.692000,0.00000000,106.72863180,0.00000000,262.66330183,0.00000000,0.00000000,94.69756566,106.72863180,101.68074366,1745.79450000,44856.68522689,7912.94957600
3,211,0.000000,0.636000,0.00000000,106.72863180,0.00000000,232.77031299,0.00000000,0.00000000,94.69756566,106.72863180,101.68074366,1745.79450000,45205.84412673,7912.94957600
3,212,0.000000,0.566000,0.00000000,106.72863180,0.00000000,195.40407692,0.00000000,0.00000000,94.69756566,106.72863180,101.68074366,1745.79450000,45555.00302656,7912.94957600
3,213,0.000000,0.512000,0.00000000,106.72863180,0.00000000,166.57869482,0.00000000,0.00000000,94.69756566,106.72863180,101.68074366,1745.79450000,45904.16192640,7912.94957600
3,214,0.000000,0.447000,0.00000000,106.72863180,0.00000000,131.88147562,0.00000000,0.00000000,94.69756566,106.72863180,101.68074366,1745.79450000,46253.32082623,7912.94957600
3,215,0.000000,0.395000,0.00000000,106.72863180,0.00000000,104.12370026,0.00000000,0.00000000,94.69756566,106.72863180,101.68074366,1745.79450000,46602.47972607,7912.94957600
3,216,0.000000,0.334000,0.00000000,106.72863180,0.00000000,71.56169455,0.00000000,0.00000000,94.69756566,106.72863180,101.68074366,1745.79450000,46951.63862591,7912.94957600
3,217,0.000000,0.285000,0.00000000,106.72863180,0.00000000,45.40532931,0.00000000,0.00000000,94.69756566,106.72863180,101.68074366,1745.79450000,47300.79752574,7912.94957600
3,218,0.000000,0.249000,0.00000000,30.37356422,0.00000000,102.54347548,0.00000000,0.00000000,25.00174700,30.37356422,27.15938231,539.40882693,46443.57075250,7912.94957600
3,219,0.000000,0.217000,0.00000000,106.72863180,0.00000000,9.10669999,0.00000000,0.00000000,94.69756566,106.72863180,101.68074366,1745.79450000,46792.72965234,7912.94957600
3,220,0.000000,0.189000,0.00000000,100.88883737,0.00000000,0.00000000,0.00000000,0.00000000,89.32624583,100.88883737,95.96994948,1660.92591193,47057.01996410,7912.94957600
3,221,0.000000,0.160000,0.00000000,85.40853957,0.00000000,0.00000000,0.00000000,0.00000000,75.10101192,85.40853957,80.83524898,1433.55926621,47093.94363015,7912.94957600
3,222,0.000000,0.140000,0.00000000,72.94337341,0.00000000,1.78909871,0.00000000,0.00000000,63.67817400,72.94337341,68.65710075,1244.73168631,46942.03971630,7912.94957600
3,223,0.079000,0.199000,23.42814683,34.24186786,0.00000000,71.98500323,0.00000000,0.00000000,49.73928100,57.67001469,53.75120360,1002.98064984,46548.38476597,7912.94957600
3,224,0.245000,0.410000,72.65691106,34.07172074,0.00000000,184.78766190,0.00000000,0.00000000,94.69756566,106.72863180,101.68074366,1745.79450000,46897.54366581,7912.94957600
3,225,0.419000,0.476000,106.72863180,0.00000000,17.52951405,254.09040522,0.00000000,0.00000000,94.69756566,106.72863180,101.68074366,1745.79450000,47246.70256565,7912.94957600
3,226,0.545000,0.410000,106.72863180,0.00000000,54.89592545,218.85938265,0.00000000,0.00000000,94.69756566,106.72863180,101.68074366,1745.79450000,47595.86146548,7912.94957600
3,227,0.609000,0.335000,106.72863180,0.00000000,73.87568997,178.82412972,0.00000000,0.00000000,94.69756566,106.72863180,101.68074366,1745.79450000,47945.02036532,7912.94957600
3,228,0.576000,0.308000,106.72863180,0.00000000,64.08924889,164.41143867,0.00000000,0.00000000,94.69756566,106.72863180,101.68074366,1745.79450000,48294.17926515,7912.94957600
3,229,0.476000,0.337000,106.72863180,0.00000000,34.43336682,179.89173647,0.00000000,0.00000000,94.69756566,106.72863180,101.68074366,1745.79450000,48643.33816499,7912.94957600
3,230,0.355000,0.429000,105.27838133,1.45025047,0.00000000,227.55139625,0.00000000,0.00000000,94.69756566,106.72863180,101.68074366,1745.79450000,48992.49706483,7912.94957600
3,231,0.240000,0.567000,71.17411695,35.55451485,0.00000000,267.11199725,0.00000000,0.00000000,94.69756566,106.72863180,101.68074366,1745.79450000,49341.65596466,7912.94957600
3,232,0.123000,0.674000,36.47673494,70.25189686,0.00000000,289.53157607,0.00000000,0.00000000,94.69756566,106.72863180,101.68074366,1745.79450000,49690.81486450,7912.94957600
3,233,0.033000,0.712000,9.78644108,97.13877791,0.00000000,282.92922317,0.00000000,0.00000000,94.69756566,106.92521900,101.68074366,1745.79450000,49925.30020195,8562.65814476
3,234,0.000000,0.691000,0.00000000,106.72863180,0.00000000,262.12949846,0.00000000,0.00000000,94.69756566,106.72863180,101.68074366,1745.79450000,50274.45910178,7912.94957600
3,235,0.000000,0.668000,0.00000000,106.72863180,0.00000000,249.85202090,0.00000000,0.00000000,94.69756566,106.72863180,101.68074366,1745.79450000,50623.61800162,7912.94957600
3,236,0.000000,0.642000,0.00000000,106.72863180,0.00000000,235.97313322,0.00000000,0.00000000,94.69756566,106.72863180,101.68074366,1745.79450000,50972.77690146,7912.94957600
3,237,0.000000,0.590000,0.00000000,106.72863180,0.00000000,208.21535786,0.00000000,0.00000000,94.69756566,106.72863180,101.68074366,1745.79450000,51321.93580129,7912.94957600
3,238,0.000000,0.516000,0.00000000,106.72863180,0.00000000,168.71390831,0.00000000,0.00000000,94.69756566,106.72863180,101.68074366,1745.79450000,51671.09470113,7912.94957600
3,239,0.000000,0.422000,0.00000000,106.72863180,0.00000000,118.53639131,0.00000000,0.00000000,94.69756566,106.72863180,101.68074366,1745.79450000,52020.25360096,7912.94957600
3,240,0.000000,0.326000,0.00000000,107.32720193,0.00000000,66.69269745,0.00000000,0.00000000,94.69756566,107.32720193,101.68074366,1745.79450000,52020.25360076,9891.18697000
3,241,0.000000,0.262000,0.00000000,107.32720193,0.00000000,32.52928162,0.00000000,0.00000000,94.69756566,107.32720193,101.68074366,1745.79450000,52020.25360055,9891.18697000
3,242,0.000000,0.237000,0.00000000,107.32720193,0.00000000,19.18419731,0.00000000,0.00000000,94.69756566,107.32720193,101.68074366,1745.79450000,52020.25360035,9891.18697000
3,243,0.000000,0.234000,0.00000000,107.32720193,0.00000000,17.58278719,0.00000000,0.00000000,94.69756566,107.32720193,101.68074366,1745.79450000,52020.25360014,9891.18697000
3,244,0.000000,0.243000,0.00000000,106.72863180,0.00000000,22.98558767,0.00000000,0.00000000,94.69756566,106.72863180,101.68074366,1745.79450000,52369.41249998,7912.94957600
3,245,0.000000,0.251000,0.00000000,72.94337341,0.00000000,61.04127304,0.00000000,0.00000000,63.67817400,72.94337341,68.65710075,1244.73168631,52217.50858613,7912.94957600
3,246,0.000000,0.256000,0.00000000,107.06678999,0.00000000,29.58687332,0.00000000,0.00000000,94.69756566,107.06678999,101.68074366,1745.79450000,52369.41249998,9030.54156457
3,247,0.093000,0.391000,2.39428050,0.00000000,25.18568982,208.71711857,0.00000000,0.00000000,0.00000000,2.39428050,0.00000000,0.00000000,50972.77689982,7912.94957600
3,248,0.269000,0.631000,2.99285063,0.00000000,76.78147213,336.82992792,0.00000000,0.00000000,0.00000000,2.99285063,0.00000000,0.00000000,49226.98239961,9891.18697000
3,249,0.426000,0.675000,30.37356422,0.00000000,95.96049337,360.31727631,0.00000000,0.00000000,25.00174700,30.37356422,27.15938231,539.40882693,48369.75562637,7912.94957600
3,250,0.538000,0.656000,89.29817159,0.00000000,70.25047391,350.17501223,0.00000000,0.00000000,78.66539600,89.29817159,84.63531998,1492.48099468,48465.60102088,7912.94957600
3,251,0.601000,0.635000,106.72863180,0.00000000,71.50321940,338.96514141,0.00000000,0.00000000,94.69756566,106.72863180,101.68074366,1745.79450000,48814.75992072,7912.94957600
3,252,0.616000,0.627000,106.72863180,0.00000000,75.95160171,334.69471444,0.00000000,0.00000000,94.69756566,106.72863180,101.68074366,1745.79450000,49163.91882056,7912.94957600
3,253,0.585000,0.631000,107.32720193,0.00000000,66.15970815,336.82992792,0.00000000,0.00000000,94.69756566,107.32720193,101.68074366,1745.79450000,49163.91882035,9891.18697000
3,254,0.472000,0.644000,106.72863180,0.00000000,33.24713154,343.76937176,0.00000000,0.00000000,94.69756566,106.72863180,101.68074366,1745.79450000,49513.07772019,7912.94957600
3,255,0.358000,0.666000,106.16805779,0.56057401,0.00000000,354.95247194,0.00000000,0.00000000,94.69756566,106.72863180,101.68074366,1745.79450000,49862.23662002,7912.94957600
3,256,0.232000,0.690000,68.80164639,37.92698541,0.00000000,330.39734148,0.00000000,0.00000000,94.69756566,106.72863180,101.68074366,1745.79450000,50211.39551986,7912.94957600
3,257,0.081000,0.707000,24.02126447,82.70736733,0.00000000,294.69161689,0.00000000,0.00000000,94.69756566,106.72863180,101.68074366,1745.79450000,50560.55441969,7912.94957600
3,258,0.000000,0.682000,0.00000000,106.72863180,0.00000000,257.32526811,0.00000000,0.00000000,94.69756566,106.72863180,101.68074366,1745.79450000,50909.71331953,7912.94957600
3,259,0.000000,0.650000,0.00000000,106.72863180,0.00000000,240.24356020,0.00000000,0.00000000,94.69756566,106.72863180,101.68074366,1745.79450000,51258.87221937,7912.94957600
3,260,0.000000,0.641000,0.00000000,106.78483032,0.00000000,235.38313133,0.00000000,0.00000000,94.69756566,106.78483032,101.68074366,1745.79450000,51575.24930600,8098.68222870
3,261,0.000000,0.615000,0.00000000,106.72863180,0.00000000,221.56044217,0.00000000,0.00000000,94.69756566,106.72863180,101.68074366,1745.79450000,51924.40820584,7912.94957600
3,262,0.000000,0.555000,0.00000000,106.72863180,0.00000000,189.53223983,0.00000000,0.00000000,94.69756566,106.72863180,101.68074366,1745.79450000,52273.56710567,7912.94957600
3,263,0.000000,0.492000,0.00000000,107.32720193,0.00000000,155.30405725,0.00000000,0.00000000,94.69756566,107.32720193,101.68074366,1745.79450000,52273.56710547,9891.18697000
3,264,0.000000,0.431000,0.00000000,89.29817159,0.00000000,140.77108187,0.00000000,0.00000000,78.66539600,89.29817159,84.63531998,1492.48099468,52369.41249998,7912.94957600
3,265,0.000000,0.376000,0.00000000,107.32720193,0.00000000,93.38286606,0.00000000,0.00000000,94.69756566,107.32720193,101.68074366,1745.79450000,52369.41249998,9891.18696884
3,266,0.000000,0.316000,0.00000000,73.28153160,0.00000000,95.40033405,0.00000000,0.00000000,63.67817400,73.28153160,68.65710075,1244.73168631,52020.25360055,9030.54156225
3,267,0.000000,0.305000,0.00000000,106.72863180,0.00000000,56.08139675,0.00000000,0.00000000,94.69756566,106.72863180,101.68074366,1745.79450000,52369.41250039,7912.94957600
3,268,0.000000,0.308000,0.00000000,107.32720193,0.00000000,57.08423674,0.00000000,0.00000000,94.69756566,107.32720193,101.68074366,1745.79450000,52369.41250018,9891.18697000
3,269,0.000000,0.309000,0.00000000,107.32720193,0.00000000,57.61804012,0.00000000,0.00000000,94.69756566,107.32720193,101.68074366,1745.79450000,52369.41249998,9891.18697000
3,270,0.000000,0.303000,0.00000000,2.99285063,0.00000000,158.74957118,0.00000000,0.00000000,0.00000000,2.99285063,0.00000000,0.00000000,50623.61799977,9891.18697000
3,271,0.094000,0.341000,27.87652914,79.45067279,0.00000000,102.57627717,0.00000000,0.00000000,94.69756566,107.32720193,101.68074366,1745.79450000,50623.61799957,9891.18697000
3,272,0.289000,0.613000,85.70549917,21.02313264,0.00000000,306.19833459,0.00000000,0.00000000,94.69756566,106.72863180,101.68074366,1745.79450000,50972.77689941,7912.94957600
3,273,0.449000,0.630000,106.72863180,0.00000000,26.42627867,336.29612455,0.00000000,0.00000000,94.69756566,106.72863180,101.68074366,1745.79450000,51321.93579924,7912.94957600
3,274,0.556000,0.583000,106.72863180,0.00000000,58.15807248,311.20736605,0.00000000,0.00000000,94.69756566,106.72863180,101.68074366,1745.79450000,51671.09469908,7912.94957600
3,275,0.615000,0.538000,107.32720193,0.00000000,75.05647277,287.18621430,0.00000000,0.00000000,94.69756566,107.32720193,101.68074366,1745.79450000,51671.09469887,9891.18697000
3,276,0.631000,0.513000,106.72863180,0.00000000,80.39998402,273.84112999,0.00000000,0.00000000,94.69756566,106.72863180,101.68074366,1745.79450000,52020.25359871,7912.94957600
3,277,0.605000,0.503000,30.37356422,0.00000000,149.04452226,268.50309627,0.00000000,0.00000000,25.00174700,30.37356422,27.15938231,539.40882693,51163.02682547,7912.94957600
3,278,0.537000,0.497000,106.72863180,0.00000000,52.52345488,265.30027604,0.00000000,0.00000000,94.69756566,106.72863180,101.68074366,1745.79450000,51512.18572531,7912.94957600
3,279,0.418000,0.514000,106.95867882,0.00000000,17.00290820,274.37493337,0.00000000,0.00000000,94.69756566,106.95867882,101.68074366,1745.79450000,51727.15322108,8673.24081712
3,280,0.261000,0.557000,72.94337341,0.00000000,4.45847878,297.32847837,0.00000000,0.00000000,63.67817400,72.94337341,68.65710075,1244.73168631,51575.24930723,7912.94957600
3,281,0.080000,0.618000,23.72470565,66.17203606,0.00000000,263.71844802,0.00000000,0.00000000,78.66539600,89.89674172,84.63531998,1492.48099468,51321.93580170,9891.18697000
3,282,0.000000,0.639000,0.00000000,107.32720193,0.00000000,233.77315298,0.00000000,0.00000000,94.69756566,107.32720193,101.68074366,1745.79450000,51321.93580150,9891.18697000
3,283,0.000000,0.654000,0.00000000,107.32720193,0.00000000,241.78020356,0.00000000,0.00000000,94.69756566,107.32720193,101.68074366,1745.79450000,51321.93580129,9891.18697000
3,284,0.000000,0.732000,0.00000000,107.32720193,0.00000000,283.41686660,0.00000000,0.00000000,94.69756566,107.32720193,101.68074366,1745.79450000,51321.93580109,9891.18697000
3,285,0.000000,0.716000,0.00000000,107.32720193,0.00000000,274.87601264,0.00000000,0.00000000,94.69756566,107.32720193,101.68074366,1745.79450000,51321.93580088,9891.18697000
3,286,0.000000,0.615000,0.00000000,106.72863180,0.00000000,221.56044217,0.00000000,0.00000000,94.69756566,106.72863180,101.68074366,1745.79450000,51671.09470072,7912.94957600
3,287,0.000000,0.498000,0.00000000,107.32720193,0.00000000,158.50687748,0.00000000,0.00000000,94.69756566,107.32720193,101.68074366,1745.79450000,51671.09470051,9891.18697000
3,288,0.000000,0.381000,0.00000000,107.32720193,0.00000000,96.05188292,0.00000000,0.00000000,94.69756566,107.32720193,101.68074366,1745.79450000,51671.09470031,9891.18697000
3,289,0.000000,0.302000,0.00000000,106.72863180,0.00000000,54.47998664,0.00000000,0.00000000,94.69756566,106.72863180,101.68074366,1745.79450000,52020.25360014,7912.94957600
3,290,0.000000,0.253000,0.00000000,106.72863180,0.00000000,28.32362139,0.00000000,0.00000000,94.69756566,106.72863180,101.68074366,1745.79450000,52369.41249998,7912.94957600
3,291,0.000000,0.241000,0.00000000,2.39428050,0.00000000,126.25233223,0.00000000,0.00000000,0.00000000,2.39428050,0.00000000,0.00000000,50972.77689982,7912.94957600
3,292,0.000000,0.250000,0.00000000,106.72863180,0.00000000,26.72221128,0.00000000,0.00000000,94.69756566,106.72863180,101.68074366,1745.79450000,51321.93579965,7912.94957600
3,293,0.000000,0.266000,0.00000000,2.39428050,0.00000000,139.59741653,0.00000000,0.00000000,0.00000000,2.39428050,0.00000000,0.00000000,49925.30019949,7912.94957600
3,294,0.000000,0.274000,0.00000000,106.72863180,0.00000000,39.53349221,0.00000000,0.00000000,94.69756566,106.72863180,101.68074366,1745.79450000,50274.45909932,7912.94957600
3,295,0.099000,0.286000,29.35932324,77.96787868,0.00000000,74.69988580,0.00000000,0.00000000,94.69756566,107.32720193,101.68074366,1745.79450000,50274.45909912,9891.18697000
3,296,0.275000,0.434000,81.55367568,25.17495612,0.00000000,206.49570746,0.00000000,0.00000000,94.69756566,106.72863180,101.68074366,1745.79450000,50623.61799895,7912.94957600
3,297,0.431000,0.494000,106.72863180,0.00000000,21.08821990,263.69886592,0.00000000,0.00000000,94.69756566,106.72863180,101.68074366,1745.79450000,50972.77689879,7912.94957600
3,298,0.547000,0.484000,30.37356422,0.00000000,131.84411067,258.36083220,0.00000000,0.00000000,25.00174700,30.37356422,27.15938231,539.40882693,50115.55012555,7912.94957600
3,299,0.611000,0.457000,106.72863180,0.00000000,74.46880761,243.94814114,0.00000000,0.00000000,94.69756566,106.72863180,101.68074366,1745.79450000,50464.70902539,7912.94957600
3,300,0.631000,0.432000,107.32720193,0.00000000,79.80141390,230.60305684,0.00000000,0.00000000,94.69756566,107.32720193,101.68074366,1745.79450000,50464.70902518,9891.18697000
3,301,0.607000,0.421000,107.32720193,0.00000000,72.68400220,224.73121974,0.00000000,0.00000000,94.69756566,107.32720193,101.68074366,1745.79450000,50464.70902498,9891.18697000
3,302,0.541000,0.425000,106.72863180,0.00000000,53.70969017,226.86643323,0.00000000,0.00000000,94.69756566,106.72863180,101.68074366,1745.79450000,50813.86792481,7912.94957600
3,303,0.431000,0.450000,106.72863180,0.00000000,21.08821990,240.21151754,0.00000000,0.00000000,94.69756566,106.72863180,101.68074366,1745.79450000,51163.02682465,7912.94957600
3,304,0.276000,0.495000,81.85023450,25.47696743,0.00000000,238.75570186,0.00000000,0.00000000,94.69756566,107.32720193,101.68074366,1745.79450000,51163.02682444,9891.18697000
3,305,0.092000,0.554000,27.28341150,62.61333022,0.00000000,233.11373804,0.00000000,0.00000000,78.66539600,89.89674172,84.63531998,1492.48099468,50909.71331892,9891.18697000
3,306,0.000000,0.575000,0.00000000,106.72863180,0.00000000,200.20830727,0.00000000,0.00000000,94.69756566,106.72863180,101.68074366,1745.79450000,51258.87221875,7912.94957600
3,307,0.000000,0.527000,0.00000000,106.72863180,0.00000000,174.58574540,0.00000000,0.00000000,94.69756566,106.72863180,101.68074366,1745.79450000,51608.03111859,7912.94957600
3,308,0.000000,0.494000,0.00000000,106.72863180,0.00000000,156.97023412,0.00000000,0.00000000,94.69756566,106.72863180,101.68074366,1745.79450000,51957.19001842,7912.94957600
3,309,0.000000,0.462000,0.00000000,107.32720193,0.00000000,139.28995608,0.00000000,0.00000000,94.69756566,107.32720193,101.68074366,1745.79450000,51957.19001822,9891.18697000
3,310,0.000000,0.398000,0.00000000,107.32720193,0.00000000,105.12654025,0.00000000,0.00000000,94.69756566,107.32720193,101.68074366,1745.79450000,51957.19001801,9891.18697000
3,311,0.000000,0.337000,0.00000000,107.21909076,0.00000000,72.67264571,0.00000000,0.00000000,94.69756566,107.21909076,101.68074366,1745.79450000,52020.25360035,9533.88621906
3,312,0.000000,0.311000,0.00000000,107.32720193,0.00000000,58.68564686,0.00000000,0.00000000,94.69756566,107.32720193,101.68074366,1745.79450000,52020.25360014,9891.18697000
3,313,0.000000,0.285000,0.00000000,106.72863180,0.00000000,45.40532931,0.00000000,0.00000000,94.69756566,106.72863180,101.68074366,1745.79450000,52369.41249998,7912.94957600
3,314,0.000000,0.273000,0.00000000,107.32720193,0.00000000,38.40111871,0.00000000,0.00000000,94.69756566,107.32720193,101.68074366,1745.79450000,52369.41249977,9891.18697000
3,315,0.000000,0.227000,0.00000000,107.32720193,0.00000000,13.84616359,0.00000000,0.00000000,94.69756566,107.32720193,101.68074366,1745.79450000,52369.41249957,9891.18697000
3,316,0.000000,0.193000,0.00000000,103.02405085,0.00000000,0.00000000,0.00000000,0.00000000,90.83582885,103.02405085,97.57494009,1684.77781117,52369.41249998,9545.48334707
3,317,0.000000,0.170000,0.00000000,90.74657329,0.00000000,0.00000000,0.00000000,0.00000000,79.67031145,90.74657329,85.70374757,1508.35903019,52273.56705869,9088.97717551
3,318,0.000000,0.167000,0.00000000,89.14516318,0.00000000,0.00000000,0.15300867,0.00000000,78.66539600,89.29817185,84.63532017,1492.48104146,52369.41249998,7912.94957600
3,319,0.100000,0.195000,29.65588206,77.67131986,0.00000000,26.42033774,0.00000000,0.00000000,94.69756566,107.32720193,101.68074366,1745.79450000,52369.41249977,9891.18697000
3,320,0.288000,0.261000,85.40894034,21.91826158,0.00000000,117.40441859,0.00000000,0.00000000,94.69756566,107.32720193,101.68074366,1745.79450000,52369.41249957,9891.18697000
3,321,0.448000,0.247000,107.32720193,0.00000000,25.53114972,131.84943296,0.00000000,0.00000000,94.69756566,107.32720193,101.68074366,1745.79450000,52369.41249936,9891.18697000
3,322,0.552000,0.224000,107.32720193,0.00000000,56.37326707,119.57195540,0.00000000,0.00000000,94.69756566,107.32720193,101.68074366,1745.79450000,52369.41249916,9891.18697000
3,323,0.602000,0.199000,107.32720193,0.00000000,71.20120810,106.22687109,0.00000000,0.00000000,94.69756566,107.32720193,101.68074366,1745.79450000,52369.41249895,9891.18697000
3,324,0.615000,0.182000,107.32720193,0.00000000,75.05647277,97.15221376,0.00000000,0.00000000,94.69756566,107.32720193,101.68074366,1745.79450000,52369.41249875,9891.18697000
3,325,0.577000,0.184000,107.32720193,0.00000000,63.78723758,98.21982050,0.00000000,0.00000000,94.69756566,107.32720193,101.68074366,1745.79450000,52369.41249854,9891.18697000
3,326,0.532000,0.220000,107.32720193,0.00000000,50.44209066,117.43674191,0.00000000,0.00000000,94.69756566,107.32720193,101.68074366,1745.79450000,52369.41249834,9891.18697000
3,327,0.387000,0.298000,107.32720193,0.00000000,7.44106166,159.07340495,0.00000000,0.00000000,94.69756566,107.32720193,101.68074366,1745.79450000,52369.41249813,9891.18697000
3,328,0.261000,0.400000,77.40185219,29.92534974,0.00000000,183.59599918,0.00000000,0.00000000,94.69756566,107.32720193,101.68074366,1745.79450000,52369.41249793,9891.18697000
3,329,0.076000,0.491000,22.53847037,84.78873155,0.00000000,177.30872425,0.00000000,0.00000000,94.69756566,107.32720192,101.68074366,1745.79450000,52369.41250018,9891.18695606
3,330,0.000000,0.528000,0.00000000,107.32720193,0.00000000,174.52097865,0.00000000,0.00000000,94.69756566,107.32720193,101.68074366,1745.79450000,52369.41249998,9891.18697000
3,331,0.000000,0.514000,0.00000000,107.32720193,0.00000000,167.04773144,0.00000000,0.00000000,94.69756566,107.32720193,101.68074366,1745.79450000,52369.41249998,9891.18696884
3,332,0.000000,0.508000,0.00000000,73.44584128,0.00000000,197.72627185,0.00000000,0.00000000,63.67817400,73.44584128,68.65710075,1244.73168631,51924.40820645,9573.57495659
3,333,0.000000,0.504000,0.00000000,89.89674172,0.00000000,179.14015793,0.00000000,0.00000000,78.66539600,89.89674172,84.63531998,1492.48099468,51671.09470092,9891.18697000
3,334,0.000000,0.464000,0.00000000,106.72863180,0.00000000,140.95613295,0.00000000,0.00000000,94.69756566,106.72863180,101.68074366,1745.79450000,52020.25360076,7912.94957600
3,335,0.000000,0.388000,0.00000000,107.32720193,0.00000000,99.78850653,0.00000000,0.00000000,94.69756566,107.32720193,101.68074366,1745.79450000,52020.25360055,9891.18697000
3,336,0.000000,0.329000,0.00000000,106.72863180,0.00000000,68.89267769,0.00000000,0.00000000,94.69756566,106.72863180,101.68074366,1745.79450000,52369.41250039,7912.94957600
3,337,0.000000,0.305000,0.00000000,107.32720193,0.00000000,55.48282663,0.00000000,0.00000000,94.69756566,107.32720193,101.68074366,1745.79450000,52369.41250018,9891.18697000
3,338,0.000000,0.305000,0.00000000,107.32720193,0.00000000,55.48282663,0.00000000,0.00000000,94.69756566,107.32720193,101.68074366,1745.79450000,52369.41249998,9891.18697000
3,339,0.000000,0.282000,0.00000000,43.47863956,0.00000000,107.05391143,0.00000000,0.00000000,36.84682300,43.47863956,39.91750131,767.66957627,51740.44647608,7912.94957600
3,340,0.000000,0.260000,0.00000000,57.67001469,0.00000000,81.11886211,0.00000000,0.00000000,49.73928100,57.67001469,53.75120360,1002.98064984,51346.79152576,7912.94957600
3,341,0.000000,0.239000,0.00000000,106.72863180,0.00000000,20.85037418,0.00000000,0.00000000,94.69756566,106.72863180,101.68074366,1745.79450000,51695.95042559,7912.94957600
3,342,0.000000,0.228000,0.00000000,107.32720193,0.00000000,14.37996696,0.00000000,0.00000000,94.69756566,107.32720193,101.68074366,1745.79450000,51695.95042539,9891.18697000
3,343,0.104000,0.309000,30.37356422,0.00000000,0.46855312,164.94524204,0.00000000,0.00000000,25.00174700,30.37356422,27.15938231,539.40882693,50838.72365215,7912.94957600
3,344,0.284000,0.505000,84.22270506,22.50592674,0.00000000,247.06477628,0.00000000,0.00000000,94.69756566,106.72863180,101.68074366,1745.79450000,51187.88255198,7912.94957600
3,345,0.434000,0.535000,2.39428050,0.00000000,126.31224766,285.58480418,0.00000000,0.00000000,0.00000000,2.39428050,0.00000000,0.00000000,49791.24695182,7912.94957600
3,346,0.535000,0.505000,107.32720193,0.00000000,51.33176712,269.57070301,0.00000000,0.00000000,94.69756566,107.32720193,101.68074366,1745.79450000,49791.24695162,9891.18697000
3,347,0.592000,0.474000,106.72863180,0.00000000,68.83419002,253.02279847,0.00000000,0.00000000,94.69756566,106.72863180,101.68074366,1745.79450000,50140.40585145,7912.94957600
3,348,0.588000,0.447000,106.72863180,0.00000000,67.64795474,238.61010742,0.00000000,0.00000000,94.69756566,106.72863180,101.68074366,1745.79450000,50489.56475129,7912.94957600
3,349,0.512000,0.425000,106.72863180,0.00000000,45.10948437,226.86643323,0.00000000,0.00000000,94.69756566,106.72863180,101.68074366,1745.79450000,50838.72365112,7912.94957600
3,350,0.451000,0.432000,106.72863180,0.00000000,27.01939631,230.60305684,0.00000000,0.00000000,94.69756566,106.72863180,101.68074366,1745.79450000,51187.88255096,7912.94957600
3,351,0.345000,0.460000,102.31279312,4.41583868,0.00000000,241.13371258,0.00000000,0.00000000,94.69756566,106.72863180,101.68074366,1745.79450000,51537.04145080,7912.94957600
3,352,0.207000,0.506000,61.38767587,45.34095593,0.00000000,224.76355046,0.00000000,0.00000000,94.69756566,106.72863180,101.68074366,1745.79450000,51886.20035063,7912.94957600
3,353,0.072000,0.587000,21.35223509,85.37639671,0.00000000,227.96618283,0.00000000,0.00000000,94.69756566,106.72863180,101.68074366,1745.79450000,52235.35925047,7912.94957600
3,354,0.000000,0.655000,0.00000000,107.32720193,0.00000000,242.31400693,0.00000000,0.00000000,94.69756566,107.32720193,101.68074366,1745.79450000,52235.35925026,9891.18697000
3,355,0.000000,0.748000,0.00000000,73.54194353,0.00000000,325.74297895,0.00000000,0.00000000,63.67817400,73.54194353,68.65710075,1244.73168631,51734.29643637,9891.18697000
3,356,0.000000,0.821000,0.00000000,106.72863180,0.00000000,331.52393686,0.00000000,0.00000000,94.69756566,106.72863180,101.68074366,1745.79450000,52083.45533621,7912.94957600
3,357,0.000000,0.800000,0.00000000,106.83697981,0.00000000,320.20571804,0.00000000,0.00000000,94.69756566,106.83697981,101.68074366,1745.79450000,52369.41249998,8271.03306643
3,358,0.000000,0.759000,0.00000000,107.32720193,0.00000000,297.82955765,0.00000000,0.00000000,94.69756566,107.32720193,101.68074366,1745.79450000,52369.41249977,9891.18697000
3,359,0.000000,0.700000,0.00000000,107.32720193,0.00000000,266.33515869,0.00000000,0.00000000,94.69756566,107.32720193,101.68074366,1745.79450000,52369.41249957,9891.18697000
3,360,0.000000,0.627000,0.00000000,107.32720193,0.00000000,227.36751251,0.00000000,0.00000000,94.69756566,107.32720193,101.68074366,1745.79450000,52369.41249936,9891.18697000
3,361,0.000000,0.566000,0.00000000,107.32720193,0.00000000,194.80550680,0.00000000,0.00000000,94.69756566,107.32720193,101.68074366,1745.79450000,52369.41249916,9891.18697000
3,362,0.000000,0.455000,0.00000000,44.07720969,0.00000000,198.80332471,0.00000000,0.00000000,36.84682300,44.07720969,39.91750131,767.66957627,51391.28757522,9891.18697000
3,363,0.000000,0.375000,0.00000000,106.72863180,0.00000000,93.44763281,0.00000000,0.00000000,94.69756566,106.72863180,101.68074366,1745.79450000,51740.44647506,7912.94957600
3,364,0.000000,0.311000,0.00000000,107.32720193,0.00000000,58.68564686,0.00000000,0.00000000,94.69756566,107.32720193,101.68074366,1745.79450000,51740.44647485,9891.18697000
3,365,0.000000,0.278000,0.00000000,107.01183263,0.00000000,41.38550487,0.00000000,0.00000000,94.69756566,107.01183263,101.68074366,1745.79450000,51924.40820563,8848.91087378
3,366,0.000000,0.261000,0.00000000,106.72863180,0.00000000,32.59404837,0.00000000,0.00000000,94.69756566,106.72863180,101.68074366,1745.79450000,52273.56710547,7912.94957600
3,367,0.111000,0.289000,32.91802909,56.38014250,0.00000000,97.88903210,0.00000000,0.00000000,78.66539600,89.29817159,84.63531998,1492.48099468,52369.41249998,7912.94957600
3,368,0.299000,0.547000,88.67108737,18.65611455,0.00000000,273.33433010,0.00000000,0.00000000,94.69756566,107.32720193,101.68074366,1745.79450000,52369.41249977,9891.18697000
3,369,0.457000,0.488000,107.32720193,0.00000000,28.20017911,260.49604569,0.00000000,0.00000000,94.69756566,107.32720193,101.68074366,1745.79450000,52369.41249957,9891.18697000
3,370,0.566000,0.368000,107.32720193,0.00000000,60.52509056,196.43964101,0.00000000,0.00000000,94.69756566,107.32720193,101.68074366,1745.79450000,52369.41249936,9891.18697000
3,371,0.628000,0.269000,107.32720193,0.00000000,78.91173744,143.59310715,0.00000000,0.00000000,94.69756566,107.32720193,101.68074366,1745.79450000,52369.41249916,9891.18697000
3,372,0.644000,0.193000,107.32720193,0.00000000,83.65667857,103.02405085,0.00000000,0.00000000,94.69756566,107.32720193,101.68074366,1745.79450000,52369.41249895,9891.18697000
3,373,0.618000,0.153000,107.32720193,0.00000000,75.94614923,81.67191596,0.00000000,0.00000000,94.69756566,107.32720193,101.68074366,1745.79450000,52369.41249875,9891.18697000
3,374,0.545000,0.148000,107.32720193,0.00000000,54.29735532,79.00289910,0.00000000,0.00000000,94.69756566,107.32720193,101.68074366,1745.79450000,52369.41249854,9891.18697000
3,375,0.419000,0.178000,107.32720193,0.00000000,16.93094392,95.01700027,0.00000000,0.00000000,94.69756566,107.32720193,101.68074366,1745.79450000,52369.41249834,9891.18697000
3,376,0.240000,0.259000,71.17411695,36.15308497,0.00000000,102.10198846,0.00000000,0.00000000,94.69756566,107.32720192,101.68074366,1745.79450000,52369.41249998,9891.18695955
3,377,0.074000,0.407000,2.99285063,0.00000000,18.95250210,217.25797253,0.00000000,0.00000000,0.00000000,2.99285063,0.00000000,0.00000000,50623.61799977,9891.18697000
3,378,0.000000,0.557000,0.00000000,2.39428050,0.00000000,294.93419787,0.00000000,0.00000000,0.00000000,2.39428050,0.00000000,0.00000000,49226.98239961,7912.94957600
3,379,0.000000,0.639000,0.00000000,89.29817159,0.00000000,251.80218331,0.00000000,0.00000000,78.66539600,89.29817159,84.63531998,1492.48099468,49322.82779412,7912.94957600
3,380,0.000000,0.697000,0.00000000,106.72863180,0.00000000,265.33231870,0.00000000,0.00000000,94.69756566,106.72863180,101.68074366,1745.79450000,49671.98669396,7912.94957600
3,381,0.000000,0.688000,0.00000000,106.72863180,0.00000000,260.52808835,0.00000000,0.00000000,94.69756566,106.72863180,101.68074366,1745.79450000,50021.14559379,7912.94957600
3,382,0.000000,0.630000,0.00000000,106.72863180,0.00000000,229.56749275,0.00000000,0.00000000,94.69756566,106.72863180,101.68074366,1745.79450000,50370.30449363,7912.94957600
3,383,0.000000,0.550000,0.00000000,106.72863180,0.00000000,186.86322297,0.00000000,0.00000000,94.69756566,106.72863180,101.68074366,1745.79450000,50719.46339347,7912.94957600
3,384,0.000000,0.468000,0.00000000,106.72863180,0.00000000,143.09134644,0.00000000,0.00000000,94.69756566,106.72863180,101.68074366,1745.79450000,51068.62229330,7912.94957600
3,385,0.000000,0.361000,0.00000000,107.32720193,0.00000000,85.37581548,0.00000000,0.00000000,94.69756566,107.32720193,101.68074366,1745.79450000,51068.62229310,9891.18697000
3,386,0.000000,0.287000,0.00000000,106.72863180,0.00000000,46.47293605,0.00000000,0.00000000,94.69756566,106.72863180,101.68074366,1745.79450000,51417.78119293,7912.94957600
3,387,0.000000,0.251000,0.00000000,107.32720193,0.00000000,26.65744452,0.00000000,0.00000000,94.69756566,107.32720193,101.68074366,1745.79450000,51417.78119273,9891.18697000
3,388,0.000000,0.241000,0.00000000,106.72863180,0.00000000,21.91798092,0.00000000,0.00000000,94.69756566,106.72863180,101.68074366,1745.79450000,51766.94009256,7912.94957600
3,389,0.000000,0.233000,0.00000000,106.89294148,0.00000000,17.48324426,0.00000000,0.00000000,94.69756566,106.89294148,101.68074366,1745.79450000,52020.25360014,8455.98295989
3,390,0.000000,0.225000,0.00000000,106.72863180,0.00000000,13.37712697,0.00000000,0.00000000,94.69756566,106.72863180,101.68074366,1745.79450000,52369.41249998,7912.94957600
3,391,0.108000,0.302000,32.02835263,75.29884930,0.00000000,85.90976914,0.00000000,0.00000000,94.69756566,107.32720193,101.68074366,1745.79450000,52369.41249977,9891.18697000
3,392,0.288000,0.558000,73.54194353,0.00000000,11.86699681,297.86228175,0.00000000,0.00000000,63.67817400,73.54194353,68.65710075,1244.73168631,51868.34968588,9891.18697000
3,393,0.437000,0.526000,107.32720193,0.00000000,22.26900269,280.78057383,0.00000000,0.00000000,94.69756566,107.32720193,101.68074366,1745.79450000,51868.34968568,9891.18697000
3,394,0.544000,0.414000,106.72863180,0.00000000,54.59936663,220.99459613,0.00000000,0.00000000,94.69756566,106.72863180,101.68074366,1745.79450000,52217.50858551,7912.94957600
3,395,0.609000,0.310000,107.06678999,0.00000000,73.53753178,165.47904541,0.00000000,0.00000000,94.69756566,107.06678999,101.68074366,1745.79450000,52369.41249998,9030.54156109
3,396,0.632000,0.225000,30.97213435,0.00000000,156.45304029,120.10575877,0.00000000,0.00000000,25.00174700,30.97213435,27.15938231,539.40882693,51163.02682670,9891.18697000
3,397,0.608000,0.178000,58.26858481,0.00000000,122.03917814,95.01700027,0.00000000,0.00000000,49.73928100,58.26858481,53.75120360,1002.98064984,50420.21297633,9891.18697000
3,398,0.532000,0.170000,107.32720193,0.00000000,50.44209066,90.74657329,0.00000000,0.00000000,94.69756566,107.32720193,101.68074366,1745.79450000,50420.21297613,9891.18697000
3,399,0.416000,0.199000,107.32720193,0.00000000,16.04126746,106.22687109,0.00000000,0.00000000,94.69756566,107.32720193,101.68074366,1745.79450000,50420.21297592,9891.18697000
3,400,0.230000,0.278000,68.20852875,38.52010305,0.00000000,109.87723445,0.00000000,0.00000000,94.69756566,106.72863180,101.68074366,1745.79450000,50769.37187576,7912.94957600
3,401,0.070000,0.412000,20.75911744,86.56808448,0.00000000,133.35890491,0.00000000,0.00000000,94.69756566,107.32720193,101.68074366,1745.79450000,50769.37187555,9891.18697000
3,402,0.000000,0.537000,0.00000000,106.72863180,0.00000000,179.92377913,0.00000000,0.00000000,94.69756566,106.72863180,101.68074366,1745.79450000,51118.53077539,7912.94957600
3,403,0.000000,0.628000,0.00000000,106.72863180,0.00000000,228.49988601,0.00000000,0.00000000,94.69756566,106.72863180,101.68074366,1745.79450000,51467.68967522,7912.94957600
3,404,0.000000,0.718000,0.00000000,107.32720193,0.00000000,275.94361939,0.00000000,0.00000000,94.69756566,107.32720193,101.68074366,1745.79450000,51467.68967502,9891.18697000
3,405,0.000000,0.685000,0.00000000,107.32720193,0.00000000,258.32810810,0.00000000,0.00000000,94.69756566,107.32720193,101.68074366,1745.79450000,51467.68967481,9891.18697000
3,406,0.000000,0.684000,0.00000000,106.97850060,0.00000000,258.14300606,0.00000000,0.00000000,94.69756566,106.97850060,101.68074366,1745.79450000,51671.09470051,8738.75056261
3,407,0.000000,0.669000,0.00000000,106.72863180,0.00000000,250.38582427,0.00000000,0.00000000,94.69756566,106.72863180,101.68074366,1745.79450000,52020.25360035,7912.94957600
3,408,0.000000,0.629000,0.00000000,107.32720193,0.00000000,228.43511925,0.00000000,0.00000000,94.69756566,107.32720193,101.68074366,1745.79450000,52020.25360014,9891.18697000
3,409,0.000000,0.583000,0.00000000,106.72863180,0.00000000,204.47873425,0.00000000,0.00000000,94.69756566,106.72863180,101.68074366,1745.79450000,52369.41249998,7912.94957600
3,410,0.000000,0.556000,0.00000000,107.32720193,0.00000000,189.46747308,0.00000000,0.00000000,94.69756566,107.32720193,101.68074366,1745.79450000,52369.41249977,9891.18697000
3,411,0.000000,0.530000,0.00000000,44.07720969,0.00000000,238.83857764,0.00000000,0.00000000,36.84682300,44.07720969,39.91750131,767.66957627,51391.28757584,9891.18697000
3,412,0.000000,0.517000,0.00000000,107.32720193,0.00000000,168.64914156,0.00000000,0.00000000,94.69756566,107.32720193,101.68074366,1745.79450000,51391.28757563,9891.18697000
3,413,0.000000,0.495000,0.00000000,106.72863180,0.00000000,157.50403749,0.00000000,0.00000000,94.69756566,106.72863180,101.68074366,1745.79450000,51740.44647547,7912.94957600
3,414,0.000000,0.458000,0.00000000,107.32720193,0.00000000,137.15474259,0.00000000,0.00000000,94.69756566,107.32720193,101.68074366,1745.79450000,51740.44647526,9891.18697000
3,415,0.109000,0.580000,32.32491145,75.00229048,0.00000000,234.60366546,0.00000000,0.00000000,94.69756566,107.32720193,101.68074366,1745.79450000,51740.44647506,9891.18697000
3,416,0.298000,0.731000,88.37452855,18.95267337,0.00000000,371.25759178,0.00000000,0.00000000,94.69756566,107.32720193,101.68074366,1745.79450000,51740.44647485,9891.18697000
3,417,0.458000,0.718000,107.32720193,0.00000000,28.49673793,383.27082132,0.00000000,0.00000000,94.69756566,107.32720193,101.68074366,1745.79450000,51740.44647465,9891.18697000
3,418,0.570000,0.636000,106.72863180,0.00000000,62.30989596,339.49894479,0.00000000,0.00000000,94.69756566,106.72863180,101.68074366,1745.79450000,52089.60537449,7912.94957600
3,419,0.633000,0.553000,107.32720193,0.00000000,80.39453154,295.19326488,0.00000000,0.00000000,94.69756566,107.32720193,101.68074366,1745.79450000,52089.60537428,9891.18697000
3,420,0.651000,0.489000,107.32720193,0.00000000,85.73259031,261.02984906,0.00000000,0.00000000,94.69756566,107.32720193,101.68074366,1745.79450000,52089.60537408,9891.18697000
3,421,0.625000,0.464000,107.32720193,0.00000000,78.02206097,247.68476475,0.00000000,0.00000000,94.69756566,107.32720193,101.68074366,1745.79450000,52089.60537387,9891.18697000
3,422,0.555000,0.484000,106.84752294,0.00000000,57.74262251,258.36083220,0.00000000,0.00000000,94.69756566,106.84752294,101.68074366,1745.79450000,52369.41250039,8305.87747015
3,423,0.440000,0.544000,107.32720193,0.00000000,23.15867916,290.38903453,0.00000000,0.00000000,94.69756566,107.32720193,101.68074366,1745.79450000,52369.41250018,9891.18697000
3,424,0.279000,0.630000,82.73991096,24.58729097,0.00000000,311.70883359,0.00000000,0.00000000,94.69756566,107.32720193,101.68074366,1745.79450000,52369.41249998,9891.18697000
3,425,0.094000,0.718000,27.87652914,79.45067279,0.00000000,303.82014853,0.00000000,0.00000000,94.69756566,107.32720193,101.68074366,1745.79450000,52369.41249977,9891.18697000
3,426,0.000000,0.759000,0.00000000,107.32720193,0.00000000,297.82955765,0.00000000,0.00000000,94.69756566,107.32720193,101.68074366,1745.79450000,52369.41249957,9891.18697000
3,427,0.000000,0.791000,0.00000000,107.32720193,0.00000000,314.91126557,0.00000000,0.00000000,94.69756566,107.32720193,101.68074366,1745.79450000,52369.41249936,9891.18697000
3,428,0.000000,0.801000,0.00000000,107.32720193,0.00000000,320.24929929,0.00000000,0.00000000,94.69756566,107.32720193,101.68074366,1745.79450000,52369.41249916,9891.18697000
3,429,0.000000,0.808000,0.00000000,107.32720193,0.00000000,323.98592290,0.00000000,0.00000000,94.69756566,107.32720193,101.68074366,1745.79450000,52369.41249895,9891.18697000
3,430,0.000000,0.780000,0.00000000,107.32720193,0.00000000,309.03942847,0.00000000,0.00000000,94.69756566,107.32720193,101.68074366,1745.79450000,52369.41249875,9891.18697000
3,431,0.000000,0.759000,0.00000000,107.32720193,0.00000000,297.82955765,0.00000000,0.00000000,94.69756566,107.32720193,101.68074366,1745.79450000,52369.41249854,9891.18697000
3,432,0.000000,0.725000,0.00000000,107.32720193,0.00000000,279.68024300,0.00000000,0.00000000,94.69756566,107.32720193,101.68074366,1745.79450000,52369.41249834,9891.18697000
3,433,0.000000,0.682000,0.00000000,107.32720193,0.00000000,256.72669799,0.00000000,0.00000000,94.69756566,107.32720193,101.68074366,1745.79450000,52369.41249813,9891.18697000
3,434,0.000000,0.644000,0.00000000,107.32720193,0.00000000,236.44216984,0.00000000,0.00000000,94.69756566,107.32720193,101.68074366,1745.79450000,52369.41249793,9891.18697000
3,435,0.000000,0.587000,0.00000000,107.32720192,0.00000000,206.01537762,0.00000000,0.00000000,94.69756566,107.32720192,101.68074366,1745.79450000,52369.41249998,9891.18695722
3,436,0.000000,0.547000,0.00000000,2.39428050,0.00000000,289.59616415,0.00000000,0.00000000,0.00000000,2.39428050,0.00000000,0.00000000,50972.77689982,7912.94957600
3,437,0.000000,0.512000,0.00000000,2.39428050,0.00000000,270.91304612,0.00000000,0.00000000,0.00000000,2.39428050,0.00000000,0.00000000,49576.14129965,7912.94957600
3,438,0.000000,0.479000,0.00000000,2.39428050,0.00000000,253.29753483,0.00000000,0.00000000,0.00000000,2.39428050,0.00000000,0.00000000,48179.50569949,7912.94957600
3,439,0.113000,0.476000,33.51114673,73.81605519,0.00000000,180.27435002,0.00000000,0.00000000,94.69756566,107.32720193,101.68074366,1745.79450000,48179.50569928,9891.18697000
3,440,0.305000,0.806000,90.45044030,16.87676163,0.00000000,413.36875645,0.00000000,0.00000000,94.69756566,107.32720193,101.68074366,1745.79450000,48179.50569908,9891.18697000
3,441,0.463000,0.835000,107.32720193,0.00000000,29.97953203,445.72581588,0.00000000,0.00000000,94.69756566,107.32720193,101.68074366,1745.79450000,48179.50569887,9891.18697000
3,442,0.573000,0.801000,106.72863180,0.00000000,63.19957243,427.57650122,0.00000000,0.00000000,94.69756566,106.72863180,101.68074366,1745.79450000,48528.66459871,7912.94957600
3,443,0.635000,0.757000,106.72863180,0.00000000,81.58621931,404.08915284,0.00000000,0.00000000,94.69756566,106.72863180,101.68074366,1745.79450000,48877.82349854,7912.94957600
3,444,0.650000,0.729000,107.32720193,0.00000000,85.43603149,389.14265841,0.00000000,0.00000000,94.69756566,107.32720193,101.68074366,1745.79450000,48877.82349834,9891.18697000
3,445,0.615000,0.724000,106.72863180,0.00000000,75.65504289,386.47364155,0.00000000,0.00000000,94.69756566,106.72863180,101.68074366,1745.79450000,49226.98239818,7912.94957600
3,446,0.530000,0.733000,107.32720193,0.00000000,49.84897301,391.27787190,0.00000000,0.00000000,94.69756566,107.32720193,101.68074366,1745.79450000,49226.98239797,9891.18697000
3,447,0.402000,0.760000,106.72863180,0.00000000,12.48801410,405.69056295,0.00000000,0.00000000,94.69756566,106.72863180,101.68074366,1745.79450000,49576.14129781,7912.94957600
3,448,0.261000,0.806000,77.40185219,29.32677961,0.00000000,400.91873846,0.00000000,0.00000000,94.69756566,106.72863180,101.68074366,1745.79450000,49925.30019764,7912.94957600
3,449,0.085000,0.842000,25.20749975,82.11970217,0.00000000,367.34273731,0.00000000,0.00000000,94.69756566,107.32720193,101.68074366,1745.79450000,49925.30019744,9891.18697000
3,450,0.000000,0.837000,0.00000000,107.32720193,0.00000000,339.46622069,0.00000000,0.00000000,94.69756566,107.32720193,101.68074366,1745.79450000,49925.30019723,9891.18697000
3,451,0.000000,0.820000,0.00000000,106.72863180,0.00000000,330.99013349,0.00000000,0.00000000,94.69756566,106.72863180,101.68074366,1745.79450000,50274.45909707,7912.94957600
3,452,0.000000,0.812000,0.00000000,107.32720193,0.00000000,326.12113639,0.00000000,0.00000000,94.69756566,107.32720193,101.68074366,1745.79450000,50274.45909686,9891.18697000
3,453,0.000000,0.783000,0.00000000,106.72863180,0.00000000,311.23940871,0.00000000,0.00000000,94.69756566,106.72863180,101.68074366,1745.79450000,50623.61799670,7912.94957600
3,454,0.000000,0.731000,0.00000000,106.72863180,0.00000000,283.48163335,0.00000000,0.00000000,94.69756566,106.72863180,101.68074366,1745.79450000,50972.77689654,7912.94957600
3,455,0.000000,0.639000,0.00000000,107.32720193,0.00000000,233.77315298,0.00000000,0.00000000,94.69756566,107.32720193,101.68074366,1745.79450000,50972.77689633,9891.18697000
3,456,0.000000,0.538000,0.00000000,106.72863180,0.00000000,180.45758250,0.00000000,0.00000000,94.69756566,106.72863180,101.68074366,1745.79450000,51321.93579617,7912.94957600
3,457,0.000000,0.484000,0.00000000,107.32720193,0.00000000,151.03363027,0.00000000,0.00000000,94.69756566,107.32720193,101.68074366,1745.79450000,51321.93579596,9891.18697000
3,458,0.000000,0.494000,0.00000000,57.67001469,0.00000000,206.02885123,0.00000000,0.00000000,49.73928100,57.67001469,53.75120360,1002.98064984,50928.28084563,7912.94957600
3,459,0.000000,0.554000,0.00000000,107.32720193,0.00000000,188.39986633,0.00000000,0.00000000,94.69756566,107.32720193,101.68074366,1745.79450000,50928.28084543,9891.18697000
3,460,0.000000,0.600000,0.00000000,107.32720193,0.00000000,212.95482146,0.00000000,0.00000000,94.69756566,107.32720193,101.68074366,1745.79450000,50928.28084522,9891.18697000
3,461,0.000000,0.572000,0.00000000,89.89674172,0.00000000,215.43878724,0.00000000,0.00000000,78.66539600,89.89674172,84.63531998,1492.48099468,50674.96733969,9891.18697000
3,462,0.000000,0.550000,0.00000000,106.81666100,0.00000000,186.77519377,0.00000000,0.00000000,94.69756566,106.81666100,101.68074366,1745.79450000,50972.77690248,8203.88066410
3,463,0.111000,0.519000,32.91802909,73.81060271,0.00000000,203.23334752,0.00000000,0.00000000,94.69756566,106.72863180,101.68074366,1745.79450000,51321.93580232,7912.94957600
3,464,0.297000,0.726000,88.07796973,19.24923220,0.00000000,368.29201610,0.00000000,0.00000000,94.69756566,107.32720193,101.68074366,1745.79450000,51321.93580211,9891.18697000
3,465,0.458000,0.758000,106.72863180,0.00000000,29.09530805,404.62295621,0.00000000,0.00000000,94.69756566,106.72863180,101.68074366,1745.79450000,51671.09470195,7912.94957600
3,466,0.569000,0.736000,107.32720193,0.00000000,61.41476702,392.87928202,0.00000000,0.00000000,94.69756566,107.32720193,101.68074366,1745.79450000,51671.09470174,9891.18697000
3,467,0.631000,0.707000,106.72863180,0.00000000,80.39998402,377.39898422,0.00000000,0.00000000,94.69756566,106.72863180,101.68074366,1745.79450000,52020.25360158,7912.94957600
3,468,0.647000,0.674000,107.32720193,0.00000000,84.54635503,359.78347293,0.00000000,0.00000000,94.69756566,107.32720193,101.68074366,1745.79450000,52020.25360137,9891.18697000
3,469,0.607000,0.661000,107.32720193,0.00000000,72.68400220,352.84402909,0.00000000,0.00000000,94.69756566,107.32720193,101.68074366,1745.79450000,52020.25360117,9891.18697000
3,470,0.515000,0.683000,107.32720193,0.00000000,45.40059070,364.58770328,0.00000000,0.00000000,94.69756566,107.32720193,101.68074366,1745.79450000,52020.25360096,9891.18697000
3,471,0.374000,0.744000,107.32720193,0.00000000,3.58579699,397.14970900,0.00000000,0.00000000,94.69756566,107.32720193,101.68074366,1745.79450000,52020.25360076,9891.18697000
3,472,0.232000,0.794000,68.80164639,38.52555554,0.00000000,385.31432207,0.00000000,0.00000000,94.69756566,107.32720193,101.68074366,1745.79450000,52020.25360055,9891.18697000
3,473,0.077000,0.803000,22.83502919,84.49217274,0.00000000,344.15193522,0.00000000,0.00000000,94.69756566,107.32720193,101.68074366,1745.79450000,52020.25360035,9891.18697000
3,474,0.000000,0.759000,0.00000000,106.72863180,0.00000000,298.42812778,0.00000000,0.00000000,94.69756566,106.72863180,101.68074366,1745.79450000,52369.41250018,7912.94957600
3,475,0.000000,0.692000,0.00000000,107.32720193,0.00000000,262.06473171,0.00000000,0.00000000,94.69756566,107.32720193,101.68074366,1745.79450000,52369.41249998,9891.18697000
3,476,0.000000,0.598000,0.00000000,89.89674172,0.00000000,229.31767492,0.00000000,0.00000000,78.66539600,89.89674172,84.63531998,1492.48099468,52116.09899445,9891.18697000
3,477,0.000000,0.468000,0.00000000,107.32720193,0.00000000,142.49277631,0.00000000,0.00000000,94.69756566,107.32720193,101.68074366,1745.79450000,52116.09899425,9891.18697000
3,478,0.000000,0.362000,0.00000000,107.32720193,0.00000000,85.90961885,0.00000000,0.00000000,94.69756566,107.32720193,101.68074366,1745.79450000,52116.09899404,9891.18697000
3,479,0.000000,0.285000,0.00000000,106.89294149,0.00000000,45.24101962,0.00000000,0.00000000,94.69756566,106.89294149,101.68074366,1745.79450000,52369.41250039,8455.98296686
3,480,0.000000,0.237000,0.00000000,107.32720193,0.00000000,19.18419731,0.00000000,0.00000000,94.69756566,107.32720193,101.68074366,1745.79450000,52369.41250018,9891.18697000
3,481,0.000000,0.218000,0.00000000,107.32720193,0.00000000,9.04193324,0.00000000,0.00000000,94.69756566,107.32720193,101.68074366,1745.79450000,52369.41249998,9891.18697000
3,482,0.000000,0.217000,0.00000000,107.32720193,0.00000000,8.50812986,0.00000000,0.00000000,94.69756566,107.32720193,101.68074366,1745.79450000,52369.41249977,9891.18697000
3,483,0.000000,0.238000,0.00000000,107.32720193,0.00000000,19.71800068,0.00000000,0.00000000,94.69756566,107.32720193,101.68074366,1745.79450000,52369.41249957,9891.18697000
3,484,0.000000,0.229000,0.00000000,107.32720193,0.00000000,14.91377033,0.00000000,0.00000000,94.69756566,107.32720193,101.68074366,1745.79450000,52369.41249936,9891.18697000
3,485,0.000000,0.235000,0.00000000,107.32720193,0.00000000,18.11659057,0.00000000,0.00000000,94.69756566,107.32720193,101.68074366,1745.79450000,52369.41249916,9891.18697000
3,486,0.000000,0.243000,0.00000000,107.32720193,0.00000000,22.38701754,0.00000000,0.00000000,94.69756566,107.32720193,101.68074366,1745.79450000,52369.41249895,9891.18697000
3,487,0.105000,0.260000,30.97213435,0.00000000,0.16654182,138.78887680,0.00000000,0.00000000,25.00174700,30.97213435,27.15938231,539.40882693,51163.02682567,9891.18697000
3,488,0.295000,0.501000,87.48485209,19.24377971,0.00000000,248.19170981,0.00000000,0.00000000,94.69756566,106.72863180,101.68074366,1745.79450000,51512.18572551,7912.94957600
3,489,0.449000,0.602000,107.32720193,0.00000000,25.82770854,321.34963013,0.00000000,0.00000000,94.69756566,107.32720193,101.68074366,1745.79450000,51512.18572531,9891.18697000
3,490,0.562000,0.615000,107.05478107,0.00000000,59.61127613,328.28907397,0.00000000,0.00000000,94.69756566,107.05478107,101.68074366,1745.79450000,51671.09470297,8990.85281775
3,491,0.632000,0.622000,107.32720193,0.00000000,80.09797272,332.02569757,0.00000000,0.00000000,94.69756566,107.32720193,101.68074366,1745.79450000,51671.09470277,9891.18697000
3,492,0.652000,0.625000,106.72863180,0.00000000,86.62771926,333.62710769,0.00000000,0.00000000,94.69756566,106.72863180,101.68074366,1745.79450000,52020.25360260,7912.94957600
3,493,0.627000,0.638000,107.32720193,0.00000000,78.61517862,340.56655153,0.00000000,0.00000000,94.69756566,107.32720193,101.68074366,1745.79450000,52020.25360240,9891.18697000
3,494,0.558000,0.664000,107.32720193,0.00000000,58.15261999,354.44543921,0.00000000,0.00000000,94.69756566,107.32720193,101.68074366,1745.79450000,52020.25360219,9891.18697000
3,495,0.441000,0.701000,107.32720193,0.00000000,23.45523798,374.19616399,0.00000000,0.00000000,94.69756566,107.32720193,101.68074366,1745.79450000,52020.25360199,9891.18697000
3,496,0.279000,0.738000,82.73991096,24.58729097,0.00000000,369.35959779,0.00000000,0.00000000,94.69756566,107.32720193,101.68074366,1745.79450000,52020.25360178,9891.18697000
3,497,0.092000,0.755000,27.28341150,80.04379043,0.00000000,322.97775566,0.00000000,0.00000000,94.69756566,107.32720193,101.68074366,1745.79450000,52020.25360158,9891.18697000
3,498,0.000000,0.712000,0.00000000,107.32720193,0.00000000,272.74079916,0.00000000,0.00000000,94.69756566,107.32720193,101.68074366,1745.79450000,52020.25360137,9891.18697000
3,499,0.000000,0.639000,0.00000000,107.32720193,0.00000000,233.77315298,0.00000000,0.00000000,94.69756566,107.32720193,101.68074366,1745.79450000,52020.25360117,9891.18697000
3,500,0.000000,0.601000,0.00000000,107.32720193,0.00000000,213.48862483,0.00000000,0.00000000,94.69756566,107.32720193,101.68074366,1745.79450000,52020.25360096,9891.18697000
3,501,0.000000,0.574000,0.00000000,107.32720193,0.00000000,199.07593378,0.00000000,0.00000000,94.69756566,107.32720193,101.68074366,1745.79450000,52020.25360076,9891.18697000
3,502,0.000000,0.532000,0.00000000,107.32720193,0.00000000,176.65619214,0.00000000,0.00000000,94.69756566,107.32720193,101.68074366,1745.79450000,52020.25360055,9891.18697000
3,503,0.000000,0.512000,0.00000000,106.72863180,0.00000000,166.57869482,0.00000000,0.00000000,94.69756566,106.72863180,101.68074366,1745.79450000,52369.41250039,7912.94957600
3,504,0.000000,0.516000,0.00000000,107.32720193,0.00000000,168.11533818,0.00000000,0.00000000,94.69756566,107.32720193,101.68074366,1745.79450000,52369.41250018,9891.18697000
3,505,0.000000,0.541000,0.00000000,107.32720193,0.00000000,181.46042249,0.00000000,0.00000000,94.69756566,107.32720193,101.68074366,1745.79450000,52369.41249998,9891.18697000
3,506,0.000000,0.539000,0.00000000,107.32720193,0.00000000,180.39281575,0.00000000,0.00000000,94.69756566,107.32720193,101.68074366,1745.79450000,52369.41249977,9891.18697000
3,507,0.000000,0.498000,0.00000000,107.32720193,0.00000000,158.50687748,0.00000000,0.00000000,94.69756566,107.32720193,101.68074366,1745.79450000,52369.41249957,9891.18697000
3,508,0.000000,0.479000,0.00000000,107.32720193,0.00000000,148.36461341,0.00000000,0.00000000,94.69756566,107.32720193,101.68074366,1745.79450000,52369.41249936,9891.18697000
3,509,0.000000,0.496000,0.00000000,107.32720193,0.00000000,157.43927074,0.00000000,0.00000000,94.69756566,107.32720193,101.68074366,1745.79450000,52369.41249916,9891.18697000
3,510,0.000000,0.447000,0.00000000,107.32720193,0.00000000,131.28290549,0.00000000,0.00000000,94.69756566,107.32720193,101.68074366,1745.79450000,52369.41249895,9891.18697000
3,511,0.067000,0.473000,19.86944098,87.45776094,0.00000000,165.03123416,0.00000000,0.00000000,94.69756566,107.32720193,101.68074366,1745.79450000,52369.41249875,9891.18697000
3,512,0.211000,0.734000,62.57391116,44.75329077,0.00000000,347.05838450,0.00000000,0.00000000,94.69756566,107.32720193,101.68074366,1745.79450000,52369.41249854,9891.18697000
3,513,0.379000,0.819000,107.32720193,0.00000000,5.06859110,437.18496192,0.00000000,0.00000000,94.69756566,107.32720193,101.68074366,1745.79450000,52369.41249834,9891.18697000
3,514,0.516000,0.793000,107.32720193,0.00000000,45.69714952,423.30607424,0.00000000,0.00000000,94.69756566,107.32720193,101.68074366,1745.79450000,52369.41249813,9891.18697000
3,515,0.605000,0.746000,107.32720193,0.00000000,72.09088456,398.21731574,0.00000000,0.00000000,94.69756566,107.32720193,101.68074366,1745.79450000,52369.41249793,9891.18697000
3,516,0.630000,0.702000,107.32720193,0.00000000,79.50485508,374.72996736,0.00000000,0.00000000,94.69756566,107.32720193,101.68074366,1745.79450000,52369.41249772,9891.18697000
3,517,0.594000,0.679000,107.32720192,0.00000000,68.82873754,362.45248980,0.00000000,0.00000000,94.69756566,107.32720192,101.68074366,1745.79450000,52369.41250018,9891.18695490
3,518,0.519000,0.681000,107.32720193,0.00000000,46.58682599,363.52009654,0.00000000,0.00000000,94.69756566,107.32720193,101.68074366,1745.79450000,52369.41249998,9891.18697000
3,519,0.342000,0.705000,101.42311666,5.90408527,0.00000000,370.42729221,0.00000000,0.00000000,94.69756566,107.32720193,101.68074366,1745.79450000,52369.41249998,9891.18696884
3,520,0.200000,0.748000,59.31176413,48.01543780,0.00000000,351.26948469,0.00000000,0.00000000,94.69756566,107.32720193,101.68074366,1745.79450000,52369.41249977,9891.18697000
3,521,0.057000,0.761000,2.39428050,0.00000000,14.50957228,406.22436632,0.00000000,0.00000000,0.00000000,2.39428050,0.00000000,0.00000000,50972.77689961,7912.94957600
3,522,0.000000,0.684000,0.00000000,106.72863180,0.00000000,258.39287486,0.00000000,0.00000000,94.69756566,106.72863180,101.68074366,1745.79450000,51321.93579945,7912.94957600
3,523,0.000000,0.669000,0.00000000,106.72863180,0.00000000,250.38582427,0.00000000,0.00000000,94.69756566,106.72863180,101.68074366,1745.79450000,51671.09469928,7912.94957600
3,524,0.000000,0.706000,0.00000000,107.32720193,0.00000000,269.53797892,0.00000000,0.00000000,94.69756566,107.32720193,101.68074366,1745.79450000,51671.09469908,9891.18697000
3,525,0.000000,0.644000,0.00000000,107.32720193,0.00000000,236.44216984,0.00000000,0.00000000,94.69756566,107.32720193,101.68074366,1745.79450000,51671.09469887,9891.18697000
3,526,0.000000,0.509000,0.00000000,106.72863180,0.00000000,164.97728470,0.00000000,0.00000000,94.69756566,106.72863180,101.68074366,1745.79450000,52020.25359871,7912.94957600
3,527,0.000000,0.394000,0.00000000,30.37356422,0.00000000,179.94496446,0.00000000,0.00000000,25.00174700,30.37356422,27.15938231,539.40882693,51163.02682547,7912.94957600
3,528,0.000000,0.296000,0.00000000,107.32720193,0.00000000,50.67859628,0.00000000,0.00000000,94.69756566,107.32720193,101.68074366,1745.79450000,51163.02682526,9891.18697000
3,529,0.000000,0.286000,0.00000000,106.72863180,0.00000000,45.93913268,0.00000000,0.00000000,94.69756566,106.72863180,101.68074366,1745.79450000,51512.18572510,7912.94957600
3,530,0.000000,0.315000,0.00000000,107.05478107,0.00000000,61.09328121,0.00000000,0.00000000,94.69756566,107.05478107,101.68074366,1745.79450000,51671.09470154,8990.85282472
3,531,0.000000,0.358000,0.00000000,107.32720193,0.00000000,83.77440536,0.00000000,0.00000000,94.69756566,107.32720193,101.68074366,1745.79450000,51671.09470133,9891.18697000
3,532,0.000000,0.400000,0.00000000,107.32720193,0.00000000,106.19414700,0.00000000,0.00000000,94.69756566,107.32720193,101.68074366,1745.79450000,51671.09470113,9891.18697000
3,533,0.000000,0.420000,0.00000000,107.32720193,0.00000000,116.87021444,0.00000000,0.00000000,94.69756566,107.32720193,101.68074366,1745.79450000,51671.09470092,9891.18697000
3,534,0.000000,0.420000,0.00000000,107.32720193,0.00000000,116.87021444,0.00000000,0.00000000,94.69756566,107.32720193,101.68074366,1745.79450000,51671.09470072,9891.18697000
3,535,0.086000,0.388000,25.50405858,81.82314335,0.00000000,125.29256510,0.00000000,0.00000000,94.69756566,107.32720193,101.68074366,1745.79450000,51671.09470051,9891.18697000
3,536,0.261000,0.506000,77.40185219,29.92534974,0.00000000,240.17915665,0.00000000,0.00000000,94.69756566,107.32720193,101.68074366,1745.79450000,51671.09470031,9891.18697000
3,537,0.418000,0.622000,106.72863180,0.00000000,17.23295523,332.02569757,0.00000000,0.00000000,94.69756566,106.72863180,101.68074366,1745.79450000,52020.25360014,7912.94957600
3,538,0.512000,0.660000,106.72863180,0.00000000,45.10948437,352.31022572,0.00000000,0.00000000,94.69756566,106.72863180,101.68074366,1745.79450000,52369.41249998,7912.94957600
3,539,0.580000,0.653000,107.32720193,0.00000000,64.67691405,348.57360212,0.00000000,0.00000000,94.69756566,107.32720193,101.68074366,1745.79450000,52369.41249977,9891.18697000
3,540,0.581000,0.626000,107.32720193,0.00000000,64.97347287,334.16091106,0.00000000,0.00000000,94.69756566,107.32720193,101.68074366,1745.79450000,52369.41249957,9891.18697000
3,541,0.584000,0.591000,107.32720192,0.00000000,65.86314933,315.47779303,0.00000000,0.00000000,94.69756566,107.32720192,101.68074366,1745.79450000,52369.41250018,9891.18696535
3,542,0.474000,0.565000,107.32720193,0.00000000,33.24167906,301.59890535,0.00000000,0.00000000,94.69756566,107.32720193,101.68074366,1745.79450000,52369.41249998,9891.18697000
3,543,0.395000,0.561000,0.00000000,30.37356422,117.14073415,269.09012764,0.00000000,0.00000000,25.00174700,30.37356422,27.15938231,539.40882693,51512.18572674,7912.94957600
3,544,0.237000,0.574000,2.39428050,0.00000000,67.89015999,306.40313570,0.00000000,0.00000000,0.00000000,2.39428050,0.00000000,0.00000000,50115.55012658,7912.94957600
3,545,0.084000,0.582000,24.91094093,82.14384014,0.00000000,228.52972254,0.00000000,0.00000000,94.69756566,107.05478107,101.68074366,1745.79450000,50274.45910301,8990.85282472
3,546,0.000000,0.541000,0.00000000,107.32720193,0.00000000,181.46042249,0.00000000,0.00000000,94.69756566,107.32720193,101.68074366,1745.79450000,50274.45910281,9891.18697000
3,547,0.000000,0.506000,0.00000000,106.72863180,0.00000000,163.37587459,0.00000000,0.00000000,94.69756566,106.72863180,101.68074366,1745.79450000,50623.61800264,7912.94957600
3,548,0.000000,0.505000,0.00000000,107.32720193,0.00000000,162.24350109,0.00000000,0.00000000,94.69756566,107.32720193,101.68074366,1745.79450000,50623.61800244,9891.18697000
3,549,0.000000,0.459000,0.00000000,106.72863180,0.00000000,138.28711609,0.00000000,0.00000000,94.69756566,106.72863180,101.68074366,1745.79450000,50972.77690228,7912.94957600
3,550,0.000000,0.405000,0.00000000,106.72863180,0.00000000,109.46173398,0.00000000,0.00000000,94.69756566,106.72863180,101.68074366,1745.79450000,51321.93580211,7912.94957600
3,551,0.000000,0.356000,0.00000000,106.72863180,0.00000000,83.30536874,0.00000000,0.00000000,94.69756566,106.72863180,101.68074366,1745.79450000,51671.09470195,7912.94957600
3,552,0.000000,0.323000,0.00000000,107.32720193,0.00000000,65.09128733,0.00000000,0.00000000,94.69756566,107.32720193,101.68074366,1745.79450000,51671.09470174,9891.18697000
3,553,0.000000,0.295000,0.00000000,107.32720193,0.00000000,50.14479290,0.00000000,0.00000000,94.69756566,107.32720193,101.68074366,1745.79450000,51671.09470154,9891.18697000
3,554,0.000000,0.278000,0.00000000,107.32720193,0.00000000,41.07013558,0.00000000,0.00000000,94.69756566,107.32720193,101.68074366,1745.79450000,51671.09470133,9891.18697000
3,555,0.000000,0.258000,0.00000000,106.72863180,0.00000000,30.99263825,0.00000000,0.00000000,94.69756566,106.72863180,101.68074366,1745.79450000,52020.25360117,7912.94957600
3,556,0.000000,0.244000,0.00000000,107.32720193,0.00000000,22.92082092,0.00000000,0.00000000,94.69756566,107.32720193,101.68074366,1745.79450000,52020.25360096,9891.18697000
3,557,0.000000,0.240000,0.00000000,107.32720193,0.00000000,20.78560743,0.00000000,0.00000000,94.69756566,107.32720193,101.68074366,1745.79450000,52020.25360076,9891.18697000
3,558,0.000000,0.235000,0.00000000,107.32720193,0.00000000,18.11659057,0.00000000,0.00000000,94.69756566,107.32720193,101.68074366,1745.79450000,52020.25360055,9891.18697000
3,559,0.116000,0.212000,34.40082319,72.92637873,0.00000000,40.23993620,0.00000000,0.00000000,94.69756566,107.32720193,101.68074366,1745.79450000,52020.25360035,9891.18697000
3,560,0.308000,0.369000,91.34011676,15.98708517,0.00000000,180.98635921,0.00000000,0.00000000,94.69756566,107.32720193,101.68074366,1745.79450000,52020.25360014,9891.18697000
3,561,0.468000,0.376000,106.72863180,0.00000000,32.06089626,200.71006799,0.00000000,0.00000000,94.69756566,106.72863180,101.68074366,1745.79450000,52369.41249998,7912.94957600
3,562,0.579000,0.318000,107.32720193,0.00000000,64.38035523,169.74947239,0.00000000,0.00000000,94.69756566,107.32720193,101.68074366,1745.79450000,52369.41249977,9891.18697000
3,563,0.642000,0.248000,107.32720193,0.00000000,83.06356093,132.38323633,0.00000000,0.00000000,94.69756566,107.32720193,101.68074366,1745.79450000,52369.41249957,9891.18697000
3,564,0.660000,0.183000,107.32720193,0.00000000,88.40161970,97.68601713,0.00000000,0.00000000,94.69756566,107.32720193,101.68074366,1745.79450000,52369.41249936,9891.18697000
3,565,0.630000,0.146000,107.32720193,0.00000000,79.50485508,77.93529236,0.00000000,0.00000000,94.69756566,107.32720193,101.68074366,1745.79450000,52369.41249916,9891.18697000
3,566,0.560000,0.132000,107.32720193,0.00000000,58.74573763,70.46204514,0.00000000,0.00000000,94.69756566,107.32720193,101.68074366,1745.79450000,52369.41249895,9891.18697000
3,567,0.444000,0.140000,107.32720193,0.00000000,24.34491444,74.73247212,0.00000000,0.00000000,94.69756566,107.32720193,101.68074366,1745.79450000,52369.41249875,9891.18697000
3,568,0.273000,0.173000,80.96055803,26.36664389,0.00000000,65.98133952,0.00000000,0.00000000,94.69756566,107.32720193,101.68074366,1745.79450000,52369.41249854,9891.18697000
3,569,0.080000,0.255000,23.72470565,83.60249627,0.00000000,52.51736366,0.00000000,0.00000000,94.69756566,107.32720193,101.68074366,1745.79450000,52369.41249834,9891.18697000
3,570,0.000000,0.367000,0.00000000,107.32720192,0.00000000,88.57863571,0.00000000,0.00000000,94.69756566,107.32720192,101.68074366,1745.79450000,52369.41250039,9891.18695722
3,571,0.000000,0.458000,0.00000000,107.32720193,0.00000000,137.15474259,0.00000000,0.00000000,94.69756566,107.32720193,101.68074366,1745.79450000,52369.41250018,9891.18697000
3,572,0.000000,0.504000,0.00000000,107.32720193,0.00000000,161.70969772,0.00000000,0.00000000,94.69756566,107.32720193,101.68074366,1745.79450000,52369.41249998,9891.18697000
3,573,0.000000,0.519000,0.00000000,107.32720193,0.00000000,169.71674830,0.00000000,0.00000000,94.69756566,107.32720193,101.68074366,1745.79450000,52369.41249977,9891.18697000
3,574,0.000000,0.479000,0.00000000,107.32720193,0.00000000,148.36461341,0.00000000,0.00000000,94.69756566,107.32720193,101.68074366,1745.79450000,52369.41249957,9891.18697000
3,575,0.000000,0.443000,0.00000000,107.32720193,0.00000000,129.14769201,0.00000000,0.00000000,94.69756566,107.32720193,101.68074366,1745.79450000,52369.41249936,9891.18697000
3,576,0.000000,0.459000,0.00000000,107.32720193,0.00000000,137.68854596,0.00000000,0.00000000,94.69756566,107.32720193,101.68074366,1745.79450000,52369.41249916,9891.18697000
3,577,0.000000,0.487000,0.00000000,107.32720193,0.00000000,152.63504039,0.00000000,0.00000000,94.69756566,107.32720193,101.68074366,1745.79450000,52369.41249895,9891.18697000
3,578,0.000000,0.501000,0.00000000,107.32720193,0.00000000,160.10828760,0.00000000,0.00000000,94.69756566,107.32720193,101.68074366,1745.79450000,52369.41249875,9891.18697000
3,579,0.000000,0.508000,0.00000000,107.32720193,0.00000000,163.84491121,0.00000000,0.00000000,94.69756566,107.32720193,101.68074366,1745.79450000,52369.41249854,9891.18697000
3,580,0.000000,0.494000,0.00000000,107.32720193,0.00000000,156.37166399,0.00000000,0.00000000,94.69756566,107.32720193,101.68074366,1745.79450000,52369.41249834,9891.18697000
3,581,0.000000,0.466000,0.00000000,107.32720193,0.00000000,141.42516957,0.00000000,0.00000000,94.69756566,107.32720193,101.68074366,1745.79450000,52369.41249813,9891.18697000
3,582,0.000000,0.442000,0.00000000,107.32720193,0.00000000,128.61388863,0.00000000,0.00000000,94.69756566,107.32720193,101.68074366,1745.79450000,52369.41249793,9891.18697000
3,583,0.097000,0.565000,28.76620560,78.56099632,0.00000000,223.03790903,0.00000000,0.00000000,94.69756566,107.32720192,101.68074366,1745.79450000,52369.41250039,9891.18695490
3,584,0.279000,0.756000,82.73991096,24.58729097,0.00000000,378.96805850,0.00000000,0.00000000,94.69756566,107.32720193,101.68074366,1745.79450000,52369.41250018,9891.18697000
3,585,0.438000,0.773000,107.32720193,0.00000000,22.56556151,412.63000679,0.00000000,0.00000000,94.69756566,107.32720193,101.68074366,1745.79450000,52369.41249998,9891.18697000
3,586,0.546000,0.746000,2.99285063,0.00000000,158.92826544,398.21731574,0.00000000,0.00000000,0.00000000,2.99285063,0.00000000,0.00000348,50623.61800326,9891.18697000
3,587,0.607000,0.720000,106.72863180,0.00000000,73.28257233,384.33842806,0.00000000,0.00000000,94.69756566,106.72863180,101.68074366,1745.79450000,50972.77690310,7912.94957600
3,588,0.625000,0.695000,107.32720193,0.00000000,78.02206097,370.99334375,0.00000000,0.00000000,94.69756566,107.32720193,101.68074366,1745.79450000,50972.77690289,9891.18697000
3,589,0.599000,0.682000,107.32720193,0.00000000,70.31153164,364.05389991,0.00000000,0.00000000,94.69756566,107.32720193,101.68074366,1745.79450000,50972.77690269,9891.18697000
3,590,0.525000,0.683000,107.32720193,0.00000000,48.36617891,364.58770328,0.00000000,0.00000000,94.69756566,107.32720193,101.68074366,1745.79450000,50972.77690248,9891.18697000
3,591,0.414000,0.703000,106.72863180,0.00000000,16.04671994,375.26377073,0.00000000,0.00000000,94.69756566,106.72863180,101.68074366,1745.79450000,51321.93580232,7912.94957600
3,592,0.251000,0.727000,74.43626398,32.89093794,0.00000000,355.18411372,0.00000000,0.00000000,94.69756566,107.32720193,101.68074366,1745.79450000,51321.93580211,9891.18697000
3,593,0.089000,0.746000,26.39373504,80.93346689,0.00000000,317.28384885,0.00000000,0.00000000,94.69756566,107.32720193,101.68074366,1745.79450000,51321.93580191,9891.18697000
3,594,0.000000,0.742000,0.00000000,107.32720193,0.00000000,288.75490032,0.00000000,0.00000000,94.69756566,107.32720193,101.68074366,1745.79450000,51321.93580170,9891.18697000
3,595,0.000000,0.737000,0.00000000,107.32720193,0.00000000,286.08588346,0.00000000,0.00000000,94.69756566,107.32720193,101.68074366,1745.79450000,51321.93580150,9891.18697000
3,596,0.000000,0.799000,0.00000000,106.72863180,0.00000000,319.78026267,0.00000000,0.00000000,94.69756566,106.72863180,101.68074366,1745.79450000,51671.09470133,7912.94957600
3,597,0.000000,0.806000,0.00000000,107.32720193,0.00000000,322.91831615,0.00000000,0.00000000,94.69756566,107.32720193,101.68074366,1745.79450000,51671.09470113,9891.18697000
3,598,0.000000,0.777000,0.00000000,106.72863180,0.00000000,308.03658848,0.00000000,0.00000000,94.69756566,106.72863180,101.68074366,1745.79450000,52020.25360096,7912.94957600
3,599,0.000000,0.742000,0.00000000,107.32720193,0.00000000,288.75490032,0.00000000,0.00000000,94.69756566,107.32720193,101.68074366,1745.79450000,52020.25360076,9891.18697000
3,600,0.000000,0.705000,0.00000000,107.32720193,0.00000000,269.00417555,0.00000000,0.00000000,94.69756566,107.32720193,101.68074366,1745.79450000,52020.25360055,9891.18697000
3,601,0.000000,0.678000,0.00000000,106.72863180,0.00000000,255.19005462,0.00000000,0.00000000,94.69756566,106.72863180,101.68074366,1745.79450000,52369.41250039,7912.94957600
3,602,0.000000,0.617000,0.00000000,107.32720193,0.00000000,222.02947879,0.00000000,0.00000000,94.69756566,107.32720193,101.68074366,1745.79450000,52369.41250018,9891.18697000
3,603,0.000000,0.629000,0.00000000,107.32720193,0.00000000,228.43511925,0.00000000,0.00000000,94.69756566,107.32720193,101.68074366,1745.79450000,52369.41249998,9891.18697000
3,604,0.000000,0.574000,0.00000000,107.32720193,0.00000000,199.07593378,0.00000000,0.00000000,94.69756566,107.32720193,101.68074366,1745.79450000,52369.41249998,9891.18696884
3,605,0.000000,0.514000,0.00000000,2.39428050,0.00000000,271.98065286,0.00000000,0.00000000,0.00000000,2.39428050,0.00000000,0.00000000,50972.77689982,7912.94957600
3,606,0.000000,0.538000,0.00000000,2.99285063,0.00000000,284.19336367,0.00000000,0.00000000,0.00000000,2.99285063,0.00000000,0.00000000,49226.98239961,9891.18697000
3,607,0.116000,0.604000,30.97213435,0.00000000,3.42868884,322.41723687,0.00000000,0.00000000,25.00174700,30.97213435,27.15938231,539.40882693,48020.59672633,9891.18697000
3,608,0.304000,0.825000,90.15388147,16.57475033,0.00000000,423.81303183,0.00000000,0.00000000,94.69756566,106.72863180,101.68074366,1745.79450000,48369.75562617,7912.94957600
3,609,0.461000,0.845000,89.89674172,0.00000000,46.81687460,451.06384960,0.00000000,0.00000000,78.66539600,89.89674172,84.63531998,1492.48099468,48116.44212064,9891.18697000
3,610,0.568000,0.811000,107.32720193,0.00000000,61.11820820,432.91453494,0.00000000,0.00000000,94.69756566,107.32720193,101.68074366,1745.79450000,48116.44212043,9891.18697000
3,611,0.628000,0.766000,44.07720969,0.00000000,142.16172968,408.89338319,0.00000000,0.00000000,36.84682300,44.07720969,39.91750131,767.66957627,47138.31719650,9891.18697000
3,612,0.642000,0.731000,2.99285063,0.00000000,187.39791223,390.21026516,0.00000000,0.00000000,0.00000000,2.99285063,0.00000000,0.00000000,45392.52269629,9891.18697000
3,613,0.592000,0.710000,2.99285063,0.00000000,172.56997119,379.00039434,0.00000000,0.00000000,0.00000000,2.99285063,0.00000000,0.00000000,43646.72819609,9891.18697000
3,614,0.507000,0.692000,89.89674172,0.00000000,60.45858035,369.39193364,0.00000000,0.00000000,78.66539600,89.89674172,84.63531998,1492.48099468,43393.41469056,9891.18697000
3,615,0.385000,0.685000,107.32720193,0.00000000,6.84794402,365.65531003,0.00000000,0.00000000,94.69756566,107.32720193,101.68074366,1745.79450000,43393.41469035,9891.18697000
3,616,0.239000,0.703000,70.87755813,36.34132817,0.00000000,338.92244256,0.00000000,0.00000000,94.69756566,107.21888631,101.68074366,1745.79450000,43456.59753398,9533.21051771
3,617,0.080000,0.739000,23.72470565,83.60249627,0.00000000,310.87819586,0.00000000,0.00000000,94.69756566,107.32720193,101.68074366,1745.79450000,43456.59753377,9891.18697000
3,618,0.000000,0.746000,0.00000000,106.72863180,0.00000000,291.48868394,0.00000000,0.00000000,94.69756566,106.72863180,101.68074366,1745.79450000,43805.75643361,7912.94957600
3,619,0.000000,0.739000,0.00000000,107.32720193,0.00000000,287.15349021,0.00000000,0.00000000,94.69756566,107.32720193,101.68074366,1745.79450000,43805.75643340,9891.18697000
3,620,0.000000,0.769000,0.00000000,107.32720193,0.00000000,303.16759138,0.00000000,0.00000000,94.69756566,107.32720193,101.68074366,1745.79450000,43805.75643320,9891.18697000
3,621,0.000000,0.749000,0.00000000,107.32720193,0.00000000,292.49152393,0.00000000,0.00000000,94.69756566,107.32720193,101.68074366,1745.79450000,43805.75643299,9891.18697000
3,622,0.000000,0.700000,0.00000000,107.32720193,0.00000000,266.33515869,0.00000000,0.00000000,94.69756566,107.32720193,101.68074366,1745.79450000,43805.75643279,9891.18697000
3,623,0.000000,0.661000,0.00000000,107.32720193,0.00000000,245.51682717,0.00000000,0.00000000,94.69756566,107.32720193,101.68074366,1745.79450000,43805.75643258,9891.18697000
3,624,0.000000,0.622000,0.00000000,107.32720193,0.00000000,224.69849565,0.00000000,0.00000000,94.69756566,107.32720193,101.68074366,1745.79450000,43805.75643238,9891.18697000
3,625,0.000000,0.597000,0.00000000,107.32720193,0.00000000,211.35341134,0.00000000,0.00000000,94.69756566,107.32720193,101.68074366,1745.79450000,43805.75643217,9891.18697000
3,626,0.000000,0.526000,0.00000000,58.26858481,0.00000000,222.51198902,0.00000000,0.00000000,49.73928100,58.26858481,53.75120360,1002.98064984,43062.94258180,9891.18697000
3,627,0.000000,0.416000,0.00000000,30.97213435,0.00000000,191.09006853,0.00000000,0.00000000,25.00174700,30.97213435,27.15938231,539.40882693,41856.55690852,9891.18697000
3,628,0.000000,0.376000,0.00000000,107.32720193,0.00000000,93.38286606,0.00000000,0.00000000,94.69756566,107.32720193,101.68074366,1745.79450000,41856.55690832,9891.18697000
3,629,0.000000,0.379000,0.00000000,107.32720193,0.00000000,94.98427618,0.00000000,0.00000000,94.69756566,107.32720193,101.68074366,1745.79450000,41856.55690811,9891.18697000
3,630,0.000000,0.393000,0.00000000,107.32720193,0.00000000,102.45752339,0.00000000,0.00000000,94.69756566,107.32720193,101.68074366,1745.79450000,41856.55690791,9891.18697000
3,631,0.112000,0.468000,33.21458791,74.11261401,0.00000000,175.70736422,0.00000000,0.00000000,94.69756566,107.32720193,101.68074366,1745.79450000,41856.55690770,9891.18697000
3,632,0.294000,0.729000,87.18829327,20.13890866,0.00000000,369.00374975,0.00000000,0.00000000,94.69756566,107.32720193,101.68074366,1745.79450000,41856.55690750,9891.18697000
3,633,0.445000,0.753000,107.32720193,0.00000000,24.64147326,401.95393935,0.00000000,0.00000000,94.69756566,107.32720193,101.68074366,1745.79450000,41856.55690729,9891.18697000
3,634,0.564000,0.699000,107.32720193,0.00000000,59.93197292,373.12855724,0.00000000,0.00000000,94.69756566,107.32720193,101.68074366,1745.79450000,41856.55690709,9891.18697000
3,635,0.622000,0.632000,107.32720193,0.00000000,77.13238451,337.36373130,0.00000000,0.00000000,94.69756566,107.32720193,101.68074366,1745.79450000,41856.55690688,9891.18697000
3,636,0.634000,0.574000,107.32720193,0.00000000,80.69109036,306.40313570,0.00000000,0.00000000,94.69756566,107.32720193,101.68074366,1745.79450000,41856.55690668,9891.18697000
3,637,0.600000,0.535000,107.32720193,0.00000000,70.60809046,285.58480418,0.00000000,0.00000000,94.69756566,107.32720193,101.68074366,1745.79450000,41856.55690647,9891.18697000
3,638,0.504000,0.527000,107.32720193,0.00000000,42.13844368,281.31437721,0.00000000,0.00000000,94.69756566,107.32720193,101.68074366,1745.79450000,41856.55690627,9891.18697000
3,639,0.398000,0.559000,107.32720193,0.00000000,10.70320869,298.39608512,0.00000000,0.00000000,94.69756566,107.32720193,101.68074366,1745.79450000,41856.55690606,9891.18697000
3,640,0.239000,0.609000,0.00000000,89.89674172,70.87755813,235.18951202,0.00000000,0.00000000,78.66539600,89.89674172,84.63531998,1492.48099468,41603.24340053,9891.18697000
3,641,0.082000,0.657000,24.31782329,83.00937863,0.00000000,267.69943697,0.00000000,0.00000000,94.69756566,107.32720193,101.68074366,1745.79450000,41603.24340033,9891.18697000
3,642,0.000000,0.645000,0.00000000,107.32720193,0.00000000,236.97597321,0.00000000,0.00000000,94.69756566,107.32720193,101.68074366,1745.79450000,41603.24340012,9891.18697000
3,643,0.000000,0.611000,0.00000000,107.32720193,0.00000000,218.82665855,0.00000000,0.00000000,94.69756566,107.32720193,101.68074366,1745.79450000,41603.24339992,9891.18697000
3,644,0.000000,0.627000,0.00000000,107.32720193,0.00000000,227.36751251,0.00000000,0.00000000,94.69756566,107.32720193,101.68074366,1745.79450000,41603.24339971,9891.18697000
3,645,0.000000,0.618000,0.00000000,107.32720193,0.00000000,222.56328216,0.00000000,0.00000000,94.69756566,107.32720193,101.68074366,1745.79450000,41603.24339951,9891.18697000
3,646,0.000000,0.525000,0.00000000,107.32720193,0.00000000,172.91956853,0.00000000,0.00000000,94.69756566,107.32720193,101.68074366,1745.79450000,41603.24339930,9891.18697000
3,647,0.000000,0.413000,0.00000000,107.32720193,0.00000000,113.13359084,0.00000000,0.00000000,94.69756566,107.32720193,101.68074366,1745.79450000,41603.24339910,9891.18697000
3,648,0.000000,0.337000,0.00000000,2.99285063,0.00000000,176.89888584,0.00000000,0.00000000,0.00000000,2.99285063,0.00000000,0.00000000,39857.44889889,9891.18697000
3,649,0.000000,0.286000,0.00000000,107.32720193,0.00000000,45.34056255,0.00000000,0.00000000,94.69756566,107.32720193,101.68074366,1745.79450000,39857.44889869,9891.18697000
3,650,0.000000,0.264000,0.00000000,107.32720193,0.00000000,33.59688836,0.00000000,0.00000000,94.69756566,107.32720193,101.68074366,1745.79450000,39857.44889848,9891.18697000
3,651,0.000000,0.312000,0.00000000,73.54194353,0.00000000,93.00470863,0.00000000,0.00000000,63.67817400,73.54194353,68.65710075,1244.73168631,39356.38608459,9891.18697000
3,652,0.000000,0.365000,0.00000000,107.32720193,0.00000000,87.51102897,0.00000000,0.00000000,94.69756566,107.32720193,101.68074366,1745.79450000,39356.38608439,9891.18697000
3,653,0.000000,0.453000,0.00000000,2.99285063,0.00000000,238.82007703,0.00000000,0.00000000,0.00000000,2.99285063,0.00000000,0.00000000,37610.59158418,9891.18697000
3,654,0.000000,0.498000,0.00000000,107.32720193,0.00000000,158.50687748,0.00000000,0.00000000,94.69756566,107.32720193,101.68074366,1745.79450000,37610.59158398,9891.18697000
3,655,0.088000,0.506000,26.09717622,81.23002571,0.00000000,188.87448068,0.00000000,0.00000000,94.69756566,107.32720193,101.68074366,1745.79450000,37610.59158377,9891.18697000
3,656,0.243000,0.680000,72.06379342,35.26340851,0.00000000,327.72288466,0.00000000,0.00000000,94.69756566,107.32720193,101.68074366,1745.79450000,37610.59158357,9891.18697000
3,657,0.415000,0.728000,107.32720193,0.00000000,15.74470864,388.60885504,0.00000000,0.00000000,94.69756566,107.32720193,101.68074366,1745.79450000,37610.59158336,9891.18697000
3,658,0.540000,0.698000,107.32720193,0.00000000,52.81456122,372.59475387,0.00000000,0.00000000,94.69756566,107.32720193,101.68074366,1745.79450000,37610.59158316,9891.18697000
3,659,0.624000,0.650000,44.07720969,0.00000000,140.97549439,346.97219200,0.00000000,0.00000000,36.84682300,44.07720969,39.91750131,767.66957627,36632.46665922,9891.18697000
3,660,0.633000,0.606000,107.32720193,0.00000000,80.39453154,323.48484362,0.00000000,0.00000000,94.69756566,107.32720193,101.68074366,1745.79450000,36632.46665901,9891.18697000
3,661,0.615000,0.574000,107.32720193,0.00000000,75.05647277,306.40313570,0.00000000,0.00000000,94.69756566,107.32720193,101.68074366,1745.79450000,36632.46665881,9891.18697000
3,662,0.532000,0.560000,2.99285063,0.00000000,154.77644196,298.92988849,0.00000000,0.00000000,0.00000000,2.99285063,0.00000000,0.00000000,34886.67215860,9891.18697000
3,663,0.391000,0.567000,107.32720193,0.00000000,8.62729694,302.66651210,0.00000000,0.00000000,94.69756566,107.32720193,101.68074366,1745.79450000,34886.67215840,9891.18697000
3,664,0.238000,0.616000,70.58099931,36.74620261,0.00000000,292.07667473,0.00000000,0.00000000,94.69756566,107.32720193,101.68074366,1745.79450000,34886.67215819,9891.18697000
3,665,0.088000,0.687000,26.09717622,81.23002571,0.00000000,285.49289106,0.00000000,0.00000000,94.69756566,107.32720193,101.68074366,1745.79450000,34886.67215799,9891.18697000
3,666,0.000000,0.722000,0.00000000,107.32720193,0.00000000,278.07883288,0.00000000,0.00000000,94.69756566,107.32720193,101.68074366,1745.79450000,34886.67215778,9891.18697000
3,667,0.000000,0.767000,0.00000000,107.32720193,0.00000000,302.09998463,0.00000000,0.00000000,94.69756566,107.32720193,101.68074366,1745.79450000,34886.67215758,9891.18697000
3,668,0.000000,0.792000,0.00000000,107.32720193,0.00000000,315.44506894,0.00000000,0.00000000,94.69756566,107.32720193,101.68074366,1745.79450000,34886.67215737,9891.18697000
3,669,0.000000,0.798000,0.00000000,107.32720193,0.00000000,318.64788917,0.00000000,0.00000000,94.69756566,107.32720193,101.68074366,1745.79450000,34886.67215717,9891.18697000
3,670,0.000000,0.772000,0.00000000,107.32720193,0.00000000,304.76900149,0.00000000,0.00000000,94.69756566,107.32720193,101.68074366,1745.79450000,34886.67215696,9891.18697000
3,671,0.000000,0.756000,0.00000000,107.32720193,0.00000000,296.22814754,0.00000000,0.00000000,94.69756566,107.32720193,101.68074366,1745.79450000,34886.67215676,9891.18697000
3,672,0.000000,0.729000,0.00000000,107.32720193,0.00000000,281.81545648,0.00000000,0.00000000,94.69756566,107.32720193,101.68074366,1745.79450000,34886.67215655,9891.18697000
3,673,0.000000,0.700000,0.00000000,107.32720193,0.00000000,266.33515869,0.00000000,0.00000000,94.69756566,107.32720193,101.68074366,1745.79450000,34886.67215635,9891.18697000
3,674,0.000000,0.677000,0.00000000,107.32720193,0.00000000,254.05768113,0.00000000,0.00000000,94.69756566,107.32720193,101.68074366,1745.79450000,34886.67215614,9891.18697000
3,675,0.000000,0.607000,0.00000000,107.32720193,0.00000000,216.69144506,0.00000000,0.00000000,94.69756566,107.32720193,101.68074366,1745.79450000,34886.67215594,9891.18697000
3,676,0.000000,0.562000,0.00000000,107.32720193,0.00000000,192.67029331,0.00000000,0.00000000,94.69756566,107.32720193,101.68074366,1745.79450000,34886.67215573,9891.18697000
3,677,0.000000,0.525000,0.00000000,107.32720193,0.00000000,172.91956853,0.00000000,0.00000000,94.69756566,107.32720193,101.68074366,1745.79450000,34886.67215553,9891.18697000
3,678,0.000000,0.471000,0.00000000,107.32720193,0.00000000,144.09418643,0.00000000,0.00000000,94.69756566,107.32720193,101.68074366,1745.79450000,34886.67215532,9891.18697000
3,679,0.120000,0.529000,35.58705848,71.74014345,0.00000000,210.64184050,0.00000000,0.00000000,94.69756566,107.32720193,101.68074366,1745.79450000,34886.67215512,9891.18697000
3,680,0.314000,0.777000,93.11946968,14.20773224,0.00000000,400.55748804,0.00000000,0.00000000,94.69756566,107.32720193,101.68074366,1745.79450000,34886.67215491,9891.18697000
3,681,0.475000,0.793000,107.32720193,0.00000000,33.53823788,423.30607424,0.00000000,0.00000000,94.69756566,107.32720193,101.68074366,1745.79450000,34886.67215471,9891.18697000
3,682,0.584000,0.721000,107.32720193,0.00000000,65.86314933,384.87223143,0.00000000,0.00000000,94.69756566,107.32720193,101.68074366,1745.79450000,34886.67215450,9891.18697000
3,683,0.641000,0.626000,107.32720193,0.00000000,82.76700210,334.16091106,0.00000000,0.00000000,94.69756566,107.32720193,101.68074366,1745.79450000,34886.67215430,9891.18697000
3,684,0.651000,0.541000,107.32720193,0.00000000,85.73259031,288.78762442,0.00000000,0.00000000,94.69756566,107.32720193,101.68074366,1745.79450000,34886.67215409,9891.18697000
3,685,0.618000,0.464000,107.32720193,0.00000000,75.94614923,247.68476475,0.00000000,0.00000000,94.69756566,107.32720193,101.68074366,1745.79450000,34886.67215389,9891.18697000
3,686,0.548000,0.403000,107.32720193,0.00000000,55.18703179,215.12275904,0.00000000,0.00000000,94.69756566,107.32720193,101.68074366,1745.79450000,34886.67215368,9891.18697000
3,687,0.439000,0.376000,107.32720193,0.00000000,22.86212034,200.71006799,0.00000000,0.00000000,94.69756566,107.32720193,101.68074366,1745.79450000,34886.67215348,9891.18697000
3,688,0.287000,0.396000,85.11238152,22.21482040,0.00000000,189.17131503,0.00000000,0.00000000,94.69756566,107.32720193,101.68074366,1745.79450000,34886.67215327,9891.18697000
3,689,0.101000,0.470000,29.95244088,77.37476104,0.00000000,173.51282394,0.00000000,0.00000000,94.69756566,107.32720193,101.68074366,1745.79450000,34886.67215307,9891.18697000
3,690,0.000000,0.618000,0.00000000,107.32720193,0.00000000,222.56328216,0.00000000,0.00000000,94.69756566,107.32720193,101.68074366,1745.79450000,34886.67215286,9891.18697000
3,691,0.000000,0.746000,0.00000000,107.32720193,0.00000000,290.89011381,0.00000000,0.00000000,94.69756566,107.32720193,101.68074366,1745.79450000,34886.67215266,9891.18697000
3,692,0.000000,0.799000,0.00000000,107.32720193,0.00000000,319.18169255,0.00000000,0.00000000,94.69756566,107.32720193,101.68074366,1745.79450000,34886.67215245,9891.18697000
3,693,0.000000,0.812000,0.00000000,107.32720193,0.00000000,326.12113639,0.00000000,0.00000000,94.69756566,107.32720193,101.68074366,1745.79450000,34886.67215225,9891.18697000
3,694,0.000000,0.797000,0.00000000,107.32720193,0.00000000,318.11408580,0.00000000,0.00000000,94.69756566,107.32720193,101.68074366,1745.79450000,34886.67215204,9891.18697000
3,695,0.000000,0.766000,0.00000000,107.32720193,0.00000000,301.56618126,0.00000000,0.00000000,94.69756566,107.32720193,101.68074366,1745.79450000,34886.67215184,9891.18697000
3,696,0.000000,0.704000,0.00000000,107.32720193,0.00000000,268.47037218,0.00000000,0.00000000,94.69756566,107.32720193,101.68074366,1745.79450000,34886.67215163,9891.18697000
3,697,0.000000,0.631000,0.00000000,107.32720193,0.00000000,229.50272600,0.00000000,0.00000000,94.69756566,107.32720193,101.68074366,1745.79450000,34886.67215143,9891.18697000
3,698,0.000000,0.544000,0.00000000,107.32720193,0.00000000,183.06183261,0.00000000,0.00000000,94.69756566,107.32720193,101.68074366,1745.79450000,34886.67215122,9891.18697000
3,699,0.000000,0.481000,0.00000000,107.32720193,0.00000000,149.43222015,0.00000000,0.00000000,94.69756566,107.32720193,101.68074366,1745.79450000,34886.67215102,9891.18697000
3,700,0.000000,0.406000,0.00000000,107.32720193,0.00000000,109.39696723,0.00000000,0.00000000,94.69756566,107.32720193,101.68074366,1745.79450000,34886.67215081,9891.18697000
3,701,0.000000,0.378000,0.00000000,107.32720193,0.00000000,94.45047281,0.00000000,0.00000000,94.69756566,107.32720193,101.68074366,1745.79450000,34886.67215061,9891.18697000
3,702,0.000000,0.369000,0.00000000,107.32720193,0.00000000,89.64624245,0.00000000,0.00000000,94.69756566,107.32720193,101.68074366,1745.79450000,34886.67215040,9891.18697000
3,703,0.124000,0.367000,36.77329376,70.55390817,0.00000000,125.35192947,0.00000000,0.00000000,94.69756566,107.32720193,101.68074366,1745.79450000,34886.67215020,9891.18697000
3,704,0.320000,0.722000,94.89882261,12.42837932,0.00000000,372.97765548,0.00000000,0.00000000,94.69756566,107.32720193,101.68074366,1745.79450000,34886.67214999,9891.18697000
3,705,0.481000,0.710000,107.32720193,0.00000000,35.31759080,379.00039434,0.00000000,0.00000000,94.69756566,107.32720193,101.68074366,1745.79450000,34886.67214979,9891.18697000
3,706,0.591000,0.615000,107.32720193,0.00000000,67.93906107,328.28907397,0.00000000,0.00000000,94.69756566,107.32720193,101.68074366,1745.79450000,34886.67214958,9891.18697000
3,707,0.648000,0.525000,107.32720193,0.00000000,84.84291385,280.24677046,0.00000000,0.00000000,94.69756566,107.32720193,101.68074366,1745.79450000,34886.67214938,9891.18697000
3,708,0.653000,0.460000,107.32720193,0.00000000,86.32570795,245.54955126,0.00000000,0.00000000,94.69756566,107.32720193,101.68074366,1745.79450000,34886.67214917,9891.18697000
3,709,0.622000,0.414000,107.32720193,0.00000000,77.13238451,220.99459613,0.00000000,0.00000000,94.69756566,107.32720193,101.68074366,1745.79450000,34886.67214897,9891.18697000
3,710,0.563000,0.396000,89.89674197,0.00000000,77.06587405,211.38613543,0.00000000,0.00000000,78.66539600,89.89674197,84.63532017,1492.48104146,34633.35869022,9891.18697000
3,711,0.456000,0.420000,101.18191151,0.00000000,34.04891070,224.19741637,0.00000000,0.00000000,89.04525707,101.18191151,95.67120186,1656.48619869,34544.05038871,9891.18697000
3,712,0.292000,0.475000,86.59517563,3.30156635,0.00000000,250.25503550,0.00000000,0.00000000,78.66539600,89.89674197,84.63532017,1492.48104146,34290.73692996,9891.18697000
3,713,0.101000,0.563000,29.95244088,59.94430109,0.00000000,240.58699752,0.00000000,0.00000000,78.66539600,89.89674197,84.63532017,1492.48104146,34037.42347121,9891.18697000
3,714,0.000000,0.661000,0.00000000,89.89674197,0.00000000,262.94728712,0.00000000,0.00000000,78.66539600,89.89674197,84.63532017,1492.48104146,33784.11001246,9891.18697000
3,715,0.000000,0.715000,0.00000000,89.89674197,0.00000000,291.77266922,0.00000000,0.00000000,78.66539600,89.89674197,84.63532017,1492.48104146,33530.79655371,9891.18697000
3,716,0.000000,0.715000,0.00000000,89.89674197,0.00000000,291.77266922,0.00000000,0.00000000,78.66539600,89.89674197,84.63532017,1492.48104146,33277.48309496,9891.18697000
3,717,0.000000,0.684000,0.00000000,89.89674197,0.00000000,275.22476468,0.00000000,0.00000000,78.66539600,89.89674197,84.63532017,1492.48104146,33024.16963621,9891.18697000
3,718,0.000000,0.610000,0.00000000,89.89674197,0.00000000,235.72331513,0.00000000,0.00000000,78.66539600,89.89674197,84.63532017,1492.48104146,32770.85617747,9891.18697000
3,719,0.000000,0.495000,0.00000000,89.89674197,0.00000000,174.33592732,0.00000000,0.00000000,78.66539600,89.89674197,84.63532017,1492.48104146,32517.54271872,9891.18697000
3,720,0.000000,0.418000,0.00000000,89.89674197,0.00000000,133.23306765,0.00000000,0.00000000,78.66539600,89.89674197,84.63532017,1492.48104146,32264.22925997,9891.18697000
3,721,0.000000,0.369000,0.00000000,89.89674197,0.00000000,107.07670241,0.00000000,0.00000000,78.66539600,89.89674197,84.63532017,1492.48104146,32010.91580122,9891.18697000
3,722,0.000000,0.327000,0.00000000,89.89674197,0.00000000,84.65696077,0.00000000,0.00000000,78.66539600,89.89674197,84.63532017,1492.48104146,31757.60234247,9891.18697000
3,723,0.000000,0.346000,0.00000000,89.89674197,0.00000000,94.79922484,0.00000000,0.00000000,78.66539600,89.89674197,84.63532017,1492.48104146,31504.28888372,9891.18697000
3,724,0.000000,0.364000,0.00000000,89.89674197,0.00000000,104.40768554,0.00000000,0.00000000,78.66539600,89.89674197,84.63532017,1492.48104146,31250.97542497,9891.18697000
3,725,0.000000,0.370000,0.00000000,89.89674197,0.00000000,107.61050578,0.00000000,0.00000000,78.66539600,89.89674197,84.63532017,1492.48104146,30997.66196622,9891.18697000
3,726,0.000000,0.374000,0.00000000,89.89674197,0.00000000,109.74571927,0.00000000,0.00000000,78.66539600,89.89674197,84.63532017,1492.48104146,30744.34850747,9891.18697000
3,727,0.100000,0.406000,29.65588206,60.24085991,0.00000000,156.48330925,0.00000000,0.00000000,78.66539600,89.89674197,84.63532017,1492.48104146,30491.03504872,9891.18697000
3,728,0.293000,0.576000,86.89173445,3.00500753,0.00000000,304.46573492,0.00000000,0.00000000,78.66539600,89.89674197,84.63532017,1492.48104146,30237.72158997,9891.18697000
3,729,0.452000,0.603000,89.89674197,0.00000000,44.14784496,321.88343350,0.00000000,0.00000000,78.66539600,89.89674197,84.63532017,1492.48104146,29984.40813123,9891.18697000
3,730,0.564000,0.580000,89.89674197,0.00000000,77.36243287,309.60595594,0.00000000,0.00000000,78.66539600,89.89674197,84.63532017,1492.48104146,29731.09467248,9891.18697000
3,731,0.624000,0.552000,89.89674197,0.00000000,95.15596211,294.65946151,0.00000000,0.00000000,78.66539600,89.89674197,84.63532017,1492.48104146,29477.78121373,9891.18697000
3,732,0.649000,0.513000,89.89674197,0.00000000,102.56993262,273.84112999,0.00000000,0.00000000,78.66539600,89.89674197,84.63532017,1492.48104146,29224.46775498,9891.18697000
3,733,0.624000,0.477000,89.89674197,0.00000000,95.15596211,254.62420859,0.00000000,0.00000000,78.66539600,89.89674197,84.63532017,1492.48104146,28971.15429623,9891.18697000
3,734,0.557000,0.465000,89.89674197,0.00000000,75.28652112,248.21856812,0.00000000,0.00000000,78.66539600,89.89674197,84.63532017,1492.48104146,28717.84083748,9891.18697000
3,735,0.442000,0.481000,89.89674197,0.00000000,41.18225675,256.75942208,0.00000000,0.00000000,78.66539600,89.89674197,84.63532017,1492.48104146,28464.52737873,9891.18697000
3,736,0.270000,0.535000,80.07088157,9.82586040,0.00000000,275.75894378,0.00000000,0.00000000,78.66539600,89.89674197,84.63532017,1492.48104146,28211.21391998,9891.18697000
3,737,0.104000,0.635000,30.84211735,59.05462463,0.00000000,279.91051679,0.00000000,0.00000000,78.66539600,89.89674197,84.63532017,1492.48104146,27957.90046123,9891.18697000
3,738,0.000000,0.720000,0.00000000,89.89674197,0.00000000,294.44168609,0.00000000,0.00000000,78.66539600,89.89674197,84.63532017,1492.48104146,27704.58700248,9891.18697000
3,739,0.000000,0.798000,0.00000000,89.89674197,0.00000000,336.07834913,0.00000000,0.00000000,78.66539600,89.89674197,84.63532017,1492.48104146,27451.27354374,9891.18697000
3,740,0.000000,0.814000,0.00000000,89.89674197,0.00000000,344.61920308,0.00000000,0.00000000,78.66539600,89.89674197,84.63532017,1492.48104146,27197.96008499,9891.18697000
3,741,0.000000,0.753000,0.00000000,89.89674197,0.00000000,312.05719737,0.00000000,0.00000000,78.66539600,89.89674197,84.63532017,1492.48104146,26944.64662624,9891.18697000
3,742,0.000000,0.668000,0.00000000,89.89674197,0.00000000,266.68391073,0.00000000,0.00000000,78.66539600,89.89674197,84.63532017,1492.48104146,26691.33316749,9891.18697000
3,743,0.000000,0.586000,0.00000000,89.89674197,0.00000000,222.91203420,0.00000000,0.00000000,78.66539600,89.89674197,84.63532017,1492.48104146,26438.01970874,9891.18697000
3,744,0.000000,0.506000,0.00000000,89.89674197,0.00000000,180.20776441,0.00000000,0.00000000,78.66539600,89.89674197,84.63532017,1492.48104146,26184.70624999,9891.18697000
4,1,0.000000,0.231000,0.00000000,43.47863956,0.00000000,79.82993944,0.00000000,0.00000000,36.84682300,43.47863956,39.91750131,767.66957627,25555.74022609,7912.94957600
4,2,0.000000,0.223000,0.00000000,2.39428050,0.00000000,116.64387152,0.00000000,0.00000000,0.00000000,2.39428050,0.00000000,0.00000000,24159.10462593,7912.94957600
4,3,0.000000,0.211000,0.00000000,2.39428050,0.00000000,110.23823106,0.00000000,0.00000000,0.00000000,2.39428050,0.00000000,0.00000000,22762.46902577,7912.94957600
4,4,0.000000,0.196000,0.00000000,2.39428050,0.00000000,102.23118047,0.00000000,0.00000000,0.00000000,2.39428050,0.00000000,0.00000000,21365.83342560,7912.94957600
4,5,0.000000,0.195000,0.00000000,2.39428050,0.00000000,101.69737710,0.00000000,0.00000000,0.00000000,2.39428050,0.00000000,0.00000000,19969.19782544,7912.94957600
4,6,0.000000,0.164000,0.00000000,2.39428050,0.00000000,85.14947256,0.00000000,0.00000000,0.00000000,2.39428050,0.00000000,0.00000000,18572.56222527,7912.94957600
4,7,0.089000,0.161000,26.39373504,3.97982919,0.00000000,81.96251375,0.00000000,0.00000000,25.00174700,30.37356422,27.15938231,539.40882693,17715.33545204,7912.94957600
4,8,0.234000,0.188000,2.39428050,0.00000000,67.00048353,100.35503399,0.00000000,0.00000000,0.00000000,2.39428050,0.00000000,0.00000000,16318.69985187,7912.94957600
4,9,0.373000,0.170000,106.72863180,0.00000000,3.88780830,90.74657329,0.00000000,0.00000000,94.69756566,106.72863180,101.68074366,1745.79450000,16667.85875171,7912.94957600
4,10,0.459000,0.161000,2.39428050,0.00000000,133.72621817,85.94234294,0.00000000,0.00000000,0.00000000,2.39428050,0.00000000,0.00000000,15271.22315154,7912.94957600
4,11,0.498000,0.162000,30.37356422,0.00000000,117.31272845,86.47614631,0.00000000,0.00000000,25.00174700,30.37356422,27.15938231,539.40882693,14413.99637831,7912.94957600
4,12,0.431000,0.163000,43.47863956,0.00000000,84.33821213,87.00994969,0.00000000,0.00000000,36.84682300,43.47863956,39.91750131,767.66957627,13785.03035441,7912.94957600
4,13,0.365000,0.168000,2.39428050,0.00000000,105.84968903,89.67896655,0.00000000,0.00000000,0.00000000,2.39428050,0.00000000,0.00000000,12388.39475425,7912.94957600
4,14,0.311000,0.171000,0.00000000,43.47863956,92.22979322,47.80173710,0.00000000,0.00000000,36.84682300,43.47863956,39.91750131,767.66957627,11759.42873035,7912.94957600
4,15,0.252000,0.182000,74.73282280,31.99580900,0.00000000,65.15640476,0.00000000,0.00000000,94.69756566,106.72863180,101.68074366,1745.79450000,12108.58763019,7912.94957600
4,16,0.166000,0.202000,49.22876423,57.49986757,0.00000000,50.32841363,0.00000000,0.00000000,94.69756566,106.72863180,101.68074366,1745.79450000,12457.74653002,7912.94957600
4,17,0.065000,0.241000,19.27632334,87.45230846,0.00000000,41.19430427,0.00000000,0.00000000,94.69756566,106.72863180,101.68074366,1745.79450000,12806.90542986,7912.94957600
4,18,0.000000,0.268000,0.00000000,106.72863180,0.00000000,36.33067198,0.00000000,0.00000000,94.69756566,106.72863180,101.68074366,1745.79450000,13156.06432970,7912.94957600
4,19,0.000000,0.274000,0.00000000,106.72863180,0.00000000,39.53349221,0.00000000,0.00000000,94.69756566,106.72863180,101.68074366,1745.79450000,13505.22322953,7912.94957600
4,20,0.000000,0.255000,0.00000000,106.72863180,0.00000000,29.39122814,0.00000000,0.00000000,94.69756566,106.72863180,101.68074366,1745.79450000,13854.38212937,7912.94957600
4,21,0.000000,0.245000,0.00000000,106.72863180,0.00000000,24.05319441,0.00000000,0.00000000,94.69756566,106.72863180,101.68074366,1745.79450000,14203.54102920,7912.94957600
4,22,0.000000,0.240000,0.00000000,106.72863180,0.00000000,21.38417755,0.00000000,0.00000000,94.69756566,106.72863180,101.68074366,1745.79450000,14552.69992904,7912.94957600
4,23,0.000000,0.239000,0.00000000,106.72863180,0.00000000,20.85037418,0.00000000,0.00000000,94.69756566,106.72863180,101.68074366,1745.79450000,14901.85882888,7912.94957600
4,24,0.000000,0.219000,0.00000000,106.72863180,0.00000000,10.17430673,0.00000000,0.00000000,94.69756566,106.72863180,101.68074366,1745.79450000,15251.01772871,7912.94957600
4,25,0.000000,0.195000,0.00000000,104.09165760,0.00000000,0.00000000,0.00000000,0.00000000,92.27213237,104.09165760,99.10201986,1707.47187072,15561.85399926,7912.94957600
4,26,0.000000,0.204000,0.00000000,106.72863180,0.00000000,2.16725615,0.00000000,0.00000000,94.69756566,106.72863180,101.68074366,1745.79450000,15911.01289910,7912.94957600
4,27,0.000000,0.208000,0.00000000,106.72863180,0.00000000,4.30246964,0.00000000,0.00000000,94.69756566,106.72863180,101.68074366,1745.79450000,16260.17179893,7912.94957600
4,28,0.000000,0.219000,0.00000000,106.72863180,0.00000000,10.17430673,0.00000000,0.00000000,94.69756566,106.72863180,101.68074366,1745.79450000,16609.33069877,7912.94957600
4,29,0.000000,0.241000,0.00000000,106.72863180,0.00000000,21.91798092,0.00000000,0.00000000,94.69756566,106.72863180,101.68074366,1745.79450000,16958.48959861,7912.94957600
4,30,0.008000,0.260000,2.37247057,55.29754412,0.00000000,83.49133268,0.00000000,0.00000000,49.73928100,57.67001469,53.75120360,1002.98064984,16564.83464828,7912.94957600
4,31,0.155000,0.379000,45.96661720,60.76201460,0.00000000,141.54946350,0.00000000,0.00000000,94.69756566,106.72863180,101.68074366,1745.79450000,16913.99354811,7912.94957600
4,32,0.322000,0.447000,95.49194025,11.23669155,0.00000000,227.37341587,0.00000000,0.00000000,94.69756566,106.72863180,101.68074366,1745.79450000,17263.15244795,7912.94957600
4,33,0.462000,0.416000,106.72863180,0.00000000,30.28154334,222.06220288,0.00000000,0.00000000,94.69756566,106.72863180,101.68074366,1745.79450000,17612.31134779,7912.94957600
4,34,0.568000,0.368000,106.72863180,0.00000000,61.71677832,196.43964101,0.00000000,0.00000000,94.69756566,106.72863180,101.68074366,1745.79450000,17961.47024762,7912.94957600
4,35,0.606000,0.327000,106.72863180,0.00000000,72.98601351,174.55370274,0.00000000,0.00000000,94.69756566,106.72863180,101.68074366,1745.79450000,18310.62914746,7912.94957600
4,36,0.551000,0.308000,106.72863180,0.00000000,56.67527837,164.41143867,0.00000000,0.00000000,94.69756566,106.72863180,101.68074366,1745.79450000,18659.78804729,7912.94957600
4,37,0.491000,0.314000,106.72863180,0.00000000,38.88174913,167.61425890,0.00000000,0.00000000,94.69756566,106.72863180,101.68074366,1745.79450000,19008.94694713,7912.94957600
4,38,0.373000,0.338000,106.72863180,0.00000000,3.88780830,180.42553984,0.00000000,0.00000000,94.69756566,106.72863180,101.68074366,1745.79450000,19358.10584697,7912.94957600
4,39,0.287000,0.375000,85.11238152,21.61625028,0.00000000,178.56001434,0.00000000,0.00000000,94.69756566,106.72863180,101.68074366,1745.79450000,19707.26474680,7912.94957600
4,40,0.215000,0.422000,63.76014644,42.96848536,0.00000000,182.29653775,0.00000000,0.00000000,94.69756566,106.72863180,101.68074366,1745.79450000,20056.42364664,7912.94957600
4,41,0.102000,0.479000,30.24899971,76.47963210,0.00000000,179.21218324,0.00000000,0.00000000,94.69756566,106.72863180,101.68074366,1745.79450000,20405.58254647,7912.94957600
4,42,0.001000,0.508000,0.29655882,106.43207298,0.00000000,164.74004015,0.00000000,0.00000000,94.69756566,106.72863180,101.68074366,1745.79450000,20754.74144631,7912.94957600
4,43,0.000000,0.498000,0.00000000,106.72863180,0.00000000,159.10544761,0.00000000,0.00000000,94.69756566,106.72863180,101.68074366,1745.79450000,21103.90034615,7912.94957600
4,44,0.000000,0.461000,0.00000000,106.72863180,0.00000000,139.35472283,0.00000000,0.00000000,94.69756566,106.72863180,101.68074366,1745.79450000,21453.05924598,7912.94957600
4,45,0.000000,0.440000,0.00000000,106.72863180,0.00000000,128.14485201,0.00000000,0.00000000,94.69756566,106.72863180,101.68074366,1745.79450000,21802.21814582,7912.94957600
4,46,0.000000,0.381000,0.00000000,106.72863180,0.00000000,96.65045305,0.00000000,0.00000000,94.69756566,106.72863180,101.68074366,1745.79450000,22151.37704565,7912.94957600
4,47,0.000000,0.315000,0.00000000,106.72863180,0.00000000,61.41943048,0.00000000,0.00000000,94.69756566,106.72863180,101.68074366,1745.79450000,22500.53594549,7912.94957600
4,48,0.000000,0.261000,0.00000000,106.72863180,0.00000000,32.59404837,0.00000000,0.00000000,94.69756566,106.72863180,101.68074366,1745.79450000,22849.69484533,7912.94957600
4,49,0.000000,0.230000,0.00000000,89.29817159,0.00000000,33.47660404,0.00000000,0.00000000,78.66539600,89.29817159,84.63531998,1492.48099468,22945.54023984,7912.94957600
4,50,0.000000,0.228000,0.00000000,106.72863180,0.00000000,14.97853708,0.00000000,0.00000000,94.69756566,106.72863180,101.68074366,1745.79450000,23294.69913967,7912.94957600
4,51,0.000000,0.261000,0.00000000,106.72863180,0.00000000,32.59404837,0.00000000,0.00000000,94.69756566,106.72863180,101.68074366,1745.79450000,23643.85803951,7912.94957600
4,52,0.000000,0.308000,0.00000000,57.67001469,0.00000000,106.74142398,0.00000000,0.00000000,49.73928100,57.67001469,53.75120360,1002.98064984,23250.20308918,7912.94957600
4,53,0.000000,0.339000,0.00000000,72.94337341,0.00000000,108.01596980,0.00000000,0.00000000,63.67817400,72.94337341,68.65710075,1244.73168631,23098.29917533,7912.94957600
4,54,0.010000,0.310000,2.96558821,103.76304359,0.00000000,61.71600182,0.00000000,0.00000000,94.69756566,106.72863180,101.68074366,1745.79450000,23447.45807516,7912.94957600
4,55,0.168000,0.386000,49.82188187,56.90674993,0.00000000,149.14135178,0.00000000,0.00000000,94.69756566,106.72863180,101.68074366,1745.79450000,23796.61697500,7912.94957600
4,56,0.368000,0.425000,72.94337341,0.00000000,36.19027259,226.86643323,0.00000000,0.00000000,63.67817400,72.94337341,68.65710075,1244.73168631,23644.71306115,7912.94957600
4,57,0.536000,0.362000,106.72863180,0.00000000,52.22689606,193.23682077,0.00000000,0.00000000,94.69756566,106.72863180,101.68074366,1745.79450000,23993.87196098,7912.94957600
4,58,0.655000,0.310000,106.72863180,0.00000000,87.51739572,165.47904541,0.00000000,0.00000000,94.69756566,106.72863180,101.68074366,1745.79450000,24343.03086082,7912.94957600
4,59,0.719000,0.281000,106.72863180,0.00000000,106.49716024,149.99874762,0.00000000,0.00000000,94.69756566,106.72863180,101.68074366,1745.79450000,24692.18976066,7912.94957600
4,60,0.739000,0.262000,106.72863180,0.00000000,112.42833665,139.85648354,0.00000000,0.00000000,94.69756566,106.72863180,101.68074366,1745.79450000,25041.34866049,7912.94957600
4,61,0.716000,0.244000,106.72863180,0.00000000,105.60748378,130.24802284,0.00000000,0.00000000,94.69756566,106.72863180,101.68074366,1745.79450000,25390.50756033,7912.94957600
4,62,0.641000,0.245000,106.72863180,0.00000000,83.36557223,130.78182621,0.00000000,0.00000000,94.69756566,106.72863180,101.68074366,1745.79450000,25739.66646016,7912.94957600
4,63,0.519000,0.275000,106.72863180,0.00000000,47.18539611,146.79592738,0.00000000,0.00000000,94.69756566,106.72863180,101.68074366,1745.79450000,26088.82536000,7912.94957600
4,64,0.348000,0.347000,103.20246958,3.52616222,0.00000000,181.70360797,0.00000000,0.00000000,94.69756566,106.72863180,101.68074366,1745.79450000,26437.98425984,7912.94957600
4,65,0.158000,0.444000,46.85629366,59.87233814,0.00000000,177.13635916,0.00000000,0.00000000,94.69756566,106.72863180,101.68074366,1745.79450000,26787.14315967,7912.94957600
4,66,0.006000,0.526000,1.77935292,104.94927888,0.00000000,175.83129496,0.00000000,0.00000000,94.69756566,106.72863180,101.68074366,1745.79450000,27136.30205951,7912.94957600
4,67,0.000000,0.557000,0.00000000,106.72863180,0.00000000,190.59984657,0.00000000,0.00000000,94.69756566,106.72863180,101.68074366,1745.79450000,27485.46095934,7912.94957600
4,68,0.000000,0.526000,0.00000000,106.72863180,0.00000000,174.05194203,0.00000000,0.00000000,94.69756566,106.72863180,101.68074366,1745.79450000,27834.61985918,7912.94957600
4,69,0.000000,0.473000,0.00000000,106.72863180,0.00000000,145.76036330,0.00000000,0.00000000,94.69756566,106.72863180,101.68074366,1745.79450000,28183.77875902,7912.94957600
4,70,0.000000,0.434000,0.00000000,106.72863180,0.00000000,124.94203178,0.00000000,0.00000000,94.69756566,106.72863180,101.68074366,1745.79450000,28532.93765885,7912.94957600
4,71,0.000000,0.428000,0.00000000,106.72863180,0.00000000,121.73921155,0.00000000,0.00000000,94.69756566,106.72863180,101.68074366,1745.79450000,28882.09655869,7912.94957600
4,72,0.000000,0.376000,0.00000000,72.94337341,0.00000000,127.76669458,0.00000000,0.00000000,63.67817400,72.94337341,68.65710075,1244.73168631,28730.19264484,7912.94957600
4,73,0.000000,0.313000,0.00000000,106.72863180,0.00000000,60.35182373,0.00000000,0.00000000,94.69756566,106.72863180,101.68074366,1745.79450000,29079.35154467,7912.94957600
4,74,0.000000,0.277000,0.00000000,106.72863180,0.00000000,41.13490233,0.00000000,0.00000000,94.69756566,106.72863180,101.68074366,1745.79450000,29428.51044451,7912.94957600
4,75,0.000000,0.277000,0.00000000,89.29817159,0.00000000,58.56536254,0.00000000,0.00000000,78.66539600,89.29817159,84.63531998,1492.48099468,29524.35583902,7912.94957600
4,76,0.000000,0.256000,0.00000000,106.72863180,0.00000000,29.92503151,0.00000000,0.00000000,94.69756566,106.72863180,101.68074366,1745.79450000,29873.51473886,7912.94957600
4,77,0.000000,0.229000,0.00000000,106.72863180,0.00000000,15.51234046,0.00000000,0.00000000,94.69756566,106.72863180,101.68074366,1745.79450000,30222.67363869,7912.94957600
4,78,0.004000,0.213000,1.18623528,105.54239652,0.00000000,8.15772178,0.00000000,0.00000000,94.69756566,106.72863180,101.68074366,1745.79450000,30571.83253853,7912.94957600
4,79,0.139000,0.276000,41.22167607,65.50695573,0.00000000,81.82277502,0.00000000,0.00000000,94.69756566,106.72863180,101.68074366,1745.79450000,30920.99143836,7912.94957600
4,80,0.343000,0.288000,101.71967548,5.00895632,0.00000000,148.72641490,0.00000000,0.00000000,94.69756566,106.72863180,101.68074366,1745.79450000,31270.15033820,7912.94957600
4,81,0.527000,0.266000,106.72863180,0.00000000,49.55786668,141.99169703,0.00000000,0.00000000,94.69756566,106.72863180,101.68074366,1745.79450000,31619.30923804,7912.94957600
4,82,0.651000,0.248000,106.72863180,0.00000000,86.33116044,132.38323633,0.00000000,0.00000000,94.69756566,106.72863180,101.68074366,1745.79450000,31968.46813787,7912.94957600
4,83,0.714000,0.228000,106.72863180,0.00000000,105.01436614,121.70716889,0.00000000,0.00000000,94.69756566,106.72863180,101.68074366,1745.79450000,32317.62703771,7912.94957600
4,84,0.714000,0.214000,106.72863180,0.00000000,105.01436614,114.23392167,0.00000000,0.00000000,94.69756566,106.72863180,101.68074366,1745.79450000,32666.78593754,7912.94957600
4,85,0.664000,0.210000,106.72863180,0.00000000,90.18642510,112.09870818,0.00000000,0.00000000,94.69756566,106.72863180,101.68074366,1745.79450000,33015.94483738,7912.94957600
4,86,0.544000,0.211000,106.72863180,0.00000000,54.59936663,112.63251156,0.00000000,0.00000000,94.69756566,106.72863180,101.68074366,1745.79450000,33365.10373722,7912.94957600
4,87,0.394000,0.221000,106.72863180,0.00000000,10.11554353,117.97054528,0.00000000,0.00000000,94.69756566,106.72863180,101.68074366,1745.79450000,33714.26263705,7912.94957600
4,88,0.269000,0.246000,79.77432275,26.95430905,0.00000000,104.36132054,0.00000000,0.00000000,94.69756566,106.72863180,101.68074366,1745.79450000,34063.42153689,7912.94957600
4,89,0.117000,0.311000,34.69738201,72.03124979,0.00000000,93.98159900,0.00000000,0.00000000,94.69756566,106.72863180,101.68074366,1745.79450000,34412.58043672,7912.94957600
4,90,0.001000,0.403000,0.29655882,106.43207298,0.00000000,108.69068606,0.00000000,0.00000000,94.69756566,106.72863180,101.68074366,1745.79450000,34761.73933656,7912.94957600
4,91,0.000000,0.444000,0.00000000,106.72863180,0.00000000,130.28006550,0.00000000,0.00000000,94.69756566,106.72863180,101.68074366,1745.79450000,35110.89823640,7912.94957600
4,92,0.000000,0.434000,0.00000000,106.72863180,0.00000000,124.94203178,0.00000000,0.00000000,94.69756566,106.72863180,101.68074366,1745.79450000,35460.05713623,7912.94957600
4,93,0.000000,0.409000,0.00000000,106.72863180,0.00000000,111.59694747,0.00000000,0.00000000,94.69756566,106.72863180,101.68074366,1745.79450000,35809.21603607,7912.94957600
4,94,0.000000,0.369000,0.00000000,106.72863180,0.00000000,90.24481258,0.00000000,0.00000000,94.69756566,106.72863180,101.68074366,1745.79450000,36158.37493590,7912.94957600
4,95,0.000000,0.325000,0.00000000,106.72863180,0.00000000,66.75746420,0.00000000,0.00000000,94.69756566,106.72863180,101.68074366,1745.79450000,36507.53383574,7912.94957600
4,96,0.000000,0.283000,0.00000000,106.72863180,0.00000000,44.33772256,0.00000000,0.00000000,94.69756566,106.72863180,101.68074366,1745.79450000,36856.69273558,7912.94957600
4,97,0.000000,0.255000,0.00000000,89.29817159,0.00000000,46.82168835,0.00000000,0.00000000,78.66539600,89.29817159,84.63531998,1492.48099468,36952.53813009,7912.94957600
4,98,0.000000,0.246000,0.00000000,106.72863180,0.00000000,24.58699779,0.00000000,0.00000000,94.69756566,106.72863180,101.68074366,1745.79450000,37301.69702992,7912.94957600
4,99,0.000000,0.247000,0.00000000,106.72863180,0.00000000,25.12080116,0.00000000,0.00000000,94.69756566,106.72863180,101.68074366,1745.79450000,37650.85592976,7912.94957600
4,100,0.000000,0.233000,0.00000000,106.72863180,0.00000000,17.64755395,0.00000000,0.00000000,94.69756566,106.72863180,101.68074366,1745.79450000,38000.01482959,7912.94957600
4,101,0.000000,0.206000,0.00000000,106.72863180,0.00000000,3.23486289,0.00000000,0.00000000,94.69756566,106.72863180,101.68074366,1745.79450000,38349.17372943,7912.94957600
4,102,0.004000,0.168000,1.18623528,89.67896655,0.00000000,0.00000000,0.00000000,0.00000000,80.10671715,90.86520183,86.16773467,1515.25438107,38467.79251033,7912.94957600
4,103,0.117000,0.206000,34.69738201,72.03124979,0.00000000,37.93224491,0.00000000,0.00000000,94.69756566,106.72863180,101.68074366,1745.79450000,38816.95141017,7912.94957600
4,104,0.297000,0.186000,88.07796973,18.65066207,0.00000000,80.63676518,0.00000000,0.00000000,94.69756566,106.72863180,101.68074366,1745.79450000,39166.11031001,7912.94957600
4,105,0.468000,0.137000,106.72863180,0.00000000,32.06089626,73.13106201,0.00000000,0.00000000,94.69756566,106.72863180,101.68074366,1745.79450000,39515.26920984,7912.94957600
4,106,0.586000,0.098000,106.72863180,0.00000000,67.05483709,52.31273049,0.00000000,0.00000000,94.69756566,106.72863180,101.68074366,1745.79450000,39864.42810968,7912.94957600
4,107,0.663000,0.082000,106.72863180,0.00000000,89.88986628,43.77187653,0.00000000,0.00000000,94.69756566,106.72863180,101.68074366,1745.79450000,40213.58700951,7912.94957600
4,108,0.699000,0.093000,106.72863180,0.00000000,100.56598383,49.64371362,0.00000000,0.00000000,94.69756566,106.72863180,101.68074366,1745.79450000,40562.74590935,7912.94957600
4,109,0.681000,0.127000,106.72863180,0.00000000,95.22792506,67.79302828,0.00000000,0.00000000,94.69756566,106.72863180,101.68074366,1745.79450000,40911.90480919,7912.94957600
4,110,0.612000,0.177000,106.72863180,0.00000000,74.76536643,94.48319690,0.00000000,0.00000000,94.69756566,106.72863180,101.68074366,1745.79450000,41261.06370902,7912.94957600
4,111,0.499000,0.227000,106.72863180,0.00000000,41.25421970,121.17336551,0.00000000,0.00000000,94.69756566,106.72863180,101.68074366,1745.79450000,41610.22260886,7912.94957600
4,112,0.310000,0.281000,91.93323440,14.79539740,0.00000000,135.20335022,0.00000000,0.00000000,94.69756566,106.72863180,101.68074366,1745.79450000,41959.38150869,7912.94957600
4,113,0.114000,0.398000,33.80770555,72.92092625,0.00000000,139.53281593,0.00000000,0.00000000,94.69756566,106.72863180,101.68074366,1745.79450000,42308.54040853,7912.94957600
4,114,0.001000,0.541000,0.29655882,106.43207298,0.00000000,182.35555144,0.00000000,0.00000000,94.69756566,106.72863180,101.68074366,1745.79450000,42657.69930837,7912.94957600
4,115,0.000000,0.593000,0.00000000,106.72863180,0.00000000,209.81676798,0.00000000,0.00000000,94.69756566,106.72863180,101.68074366,1745.79450000,43006.85820820,7912.94957600
4,116,0.000000,0.604000,0.00000000,106.72863180,0.00000000,215.68860507,0.00000000,0.00000000,94.69756566,106.72863180,101.68074366,1745.79450000,43356.01710804,7912.94957600
4,117,0.000000,0.570000,0.00000000,106.72863180,0.00000000,197.53929041,0.00000000,0.00000000,94.69756566,106.72863180,101.68074366,1745.79450000,43705.17600787,7912.94957600
4,118,0.000000,0.512000,0.00000000,106.72863180,0.00000000,166.57869482,0.00000000,0.00000000,94.69756566,106.72863180,101.68074366,1745.79450000,44054.33490771,7912.94957600
4,119,0.000000,0.435000,0.00000000,106.72863180,0.00000000,125.47583515,0.00000000,0.00000000,94.69756566,106.72863180,101.68074366,1745.79450000,44403.49380755,7912.94957600
4,120,0.000000,0.366000,0.00000000,106.72863180,0.00000000,88.64340246,0.00000000,0.00000000,94.69756566,106.72863180,101.68074366,1745.79450000,44752.65270738,7912.94957600
4,121,0.000000,0.291000,0.00000000,89.29817159,0.00000000,66.03860975,0.00000000,0.00000000,78.66539600,89.29817159,84.63531998,1492.48099468,44848.49810189,7912.94957600
4,122,0.000000,0.223000,0.00000000,106.72863180,0.00000000,12.30952022,0.00000000,0.00000000,94.69756566,106.72863180,101.68074366,1745.79450000,45197.65700173,7912.94957600
4,123,0.000000,0.176000,0.00000000,93.94939353,0.00000000,0.00000000,0.00000000,0.00000000,82.94349166,93.94939353,89.18379700,1560.07633456,45361.09773613,7912.94957600
4,124,0.000000,0.150000,0.00000000,30.37356422,0.00000000,49.69694162,0.00000000,0.00000000,25.00174700,30.37356422,27.15938231,539.40882693,44503.87096289,7912.94957600
4,125,0.000000,0.147000,0.00000000,43.47863956,0.00000000,34.99045617,0.00000000,0.00000000,36.84682300,43.47863956,39.91750131,767.66957627,43874.90493899,7912.94957600
4,126,0.007000,0.156000,2.07591174,0.31836876,0.00000000,82.95495732,0.00000000,0.00000000,0.00000000,2.39428050,0.00000000,0.00000000,42478.26933883,7912.94957600
4,127,0.191000,0.264000,56.64273474,50.08589706,0.00000000,90.83819323,0.00000000,0.00000000,94.69756566,106.72863180,101.68074366,1745.79450000,42827.42823866,7912.94957600
4,128,0.402000,0.276000,106.72863180,0.00000000,12.48801410,147.32973076,0.00000000,0.00000000,94.69756566,106.72863180,101.68074366,1745.79450000,43176.58713850,7912.94957600
4,129,0.568000,0.213000,106.72863180,0.00000000,61.71677832,113.70011830,0.00000000,0.00000000,94.69756566,106.72863180,101.68074366,1745.79450000,43525.74603834,7912.94957600
4,130,0.675000,0.155000,106.72863180,0.00000000,93.44857213,82.73952271,0.00000000,0.00000000,94.69756566,106.72863180,101.68074366,1745.79450000,43874.90493817,7912.94957600
4,131,0.736000,0.129000,106.72863180,0.00000000,111.53866019,68.86063503,0.00000000,0.00000000,94.69756566,106.72863180,101.68074366,1745.79450000,44224.06383801,7912.94957600
4,132,0.753000,0.134000,106.72863180,0.00000000,116.58016014,71.52965189,0.00000000,0.00000000,94.69756566,106.72863180,101.68074366,1745.79450000,44573.22273784,7912.94957600
4,133,0.725000,0.163000,106.72863180,0.00000000,108.27651316,87.00994969,0.00000000,0.00000000,94.69756566,106.72863180,101.68074366,1745.79450000,44922.38163768,7912.94957600
4,134,0.643000,0.212000,72.94337341,0.00000000,117.74394826,113.16631493,0.00000000,0.00000000,63.67817400,72.94337341,68.65710075,1244.73168631,44770.47772383,7912.94957600
4,135,0.518000,0.281000,106.72863180,0.00000000,46.88883729,149.99874762,0.00000000,0.00000000,94.69756566,106.72863180,101.68074366,1745.79450000,45119.63662366,7912.94957600
4,136,0.328000,0.376000,72.94337341,0.00000000,24.32791976,200.71006799,0.00000000,0.00000000,63.67817400,72.94337341,68.65710075,1244.73168631,44967.73270981,7912.94957600
4,137,0.140000,0.505000,41.51823489,65.21039691,0.00000000,204.36030610,0.00000000,0.00000000,94.69756566,106.72863180,101.68074366,1745.79450000,45316.89160965,7912.94957600
4,138,0.004000,0.605000,1.18623528,105.54239652,0.00000000,217.40864373,0.00000000,0.00000000,94.69756566,106.72863180,101.68074366,1745.79450000,45666.05050948,7912.94957600
4,139,0.000000,0.620000,0.00000000,106.72863180,0.00000000,224.22945903,0.00000000,0.00000000,94.69756566,106.72863180,101.68074366,1745.79450000,46015.20940932,7912.94957600
4,140,0.000000,0.574000,0.00000000,106.72863180,0.00000000,199.67450390,0.00000000,0.00000000,94.69756566,106.72863180,101.68074366,1745.79450000,46364.36830915,7912.94957600
4,141,0.000000,0.494000,0.00000000,89.29817159,0.00000000,174.40069433,0.00000000,0.00000000,78.66539600,89.29817159,84.63531998,1492.48099468,46460.21370367,7912.94957600
4,142,0.000000,0.432000,0.00000000,106.72863180,0.00000000,123.87442504,0.00000000,0.00000000,94.69756566,106.72863180,101.68074366,1745.79450000,46809.37260350,7912.94957600
4,143,0.000000,0.364000,0.00000000,106.72863180,0.00000000,87.57579572,0.00000000,0.00000000,94.69756566,106.72863180,101.68074366,1745.79450000,47158.53150334,7912.94957600
4,144,0.000000,0.313000,0.00000000,106.72863180,0.00000000,60.35182373,0.00000000,0.00000000,94.69756566,106.72863180,101.68074366,1745.79450000,47507.69040317,7912.94957600
4,145,0.000000,0.263000,0.00000000,106.72863180,0.00000000,33.66165512,0.00000000,0.00000000,94.69756566,106.72863180,101.68074366,1745.79450000,47856.84930301,7912.94957600
4,146,0.000000,0.213000,0.00000000,106.72863180,0.00000000,6.97148650,0.00000000,0.00000000,94.69756566,106.72863180,101.68074366,1745.79450000,48206.00820285,7912.94957600
4,147,0.000000,0.179000,0.00000000,95.55080364,0.00000000,0.00000000,0.00000000,0.00000000,84.41643493,95.55080364,90.74983219,1583.34931395,48392.72191663,7912.94957600
4,148,0.000000,0.168000,0.00000000,89.67896655,0.00000000,0.00000000,0.00000000,0.00000000,79.01564294,89.67896655,85.00770316,1498.01505618,48494.10137265,7912.94957600
4,149,0.000000,0.179000,0.00000000,95.55080364,0.00000000,0.00000000,0.00000000,0.00000000,83.86588275,95.55080364,90.16448439,1574.65041163,48322.95728407,9891.18697000
4,150,0.007000,0.194000,2.07591174,103.55785423,0.00000000,0.00000000,0.00000000,0.00000000,93.69053115,105.63376597,100.61006327,1729.88302947,48656.20471338,7912.94957600
4,151,0.165000,0.234000,48.93220541,57.79642640,0.00000000,67.11356272,0.00000000,0.00000000,94.69756566,106.72863180,101.68074366,1745.79450000,49005.36361322,7912.94957600
4,152,0.372000,0.206000,106.72863180,0.00000000,3.59124948,109.96349469,0.00000000,0.00000000,94.69756566,106.72863180,101.68074366,1745.79450000,49354.52251305,7912.94957600
4,153,0.546000,0.159000,107.32720193,0.00000000,54.59391414,84.87473620,0.00000000,0.00000000,94.69756566,107.32720193,101.68074366,1745.79450000,49354.52251285,9891.18697000
4,154,0.650000,0.121000,106.72863180,0.00000000,86.03460162,64.59020805,0.00000000,0.00000000,94.69756566,106.72863180,101.68074366,1745.79450000,49703.68141269,7912.94957600
4,155,0.701000,0.103000,106.72863180,0.00000000,101.15910147,54.98174735,0.00000000,0.00000000,94.69756566,106.72863180,101.68074366,1745.79450000,50052.84031252,7912.94957600
4,156,0.708000,0.097000,107.32720193,0.00000000,102.63644309,51.77892711,0.00000000,0.00000000,94.69756566,107.32720193,101.68074366,1745.79450000,50052.84031232,9891.18697000
4,157,0.695000,0.108000,106.72863180,0.00000000,99.37974854,57.65076421,0.00000000,0.00000000,94.69756566,106.72863180,101.68074366,1745.79450000,50401.99921215,7912.94957600
4,158,0.618000,0.148000,107.32720193,0.00000000,75.94614923,79.00289910,0.00000000,0.00000000,94.69756566,107.32720193,101.68074366,1745.79450000,50401.99921195,9891.18697000
4,159,0.495000,0.197000,107.32720193,0.00000000,39.46941429,105.15926434,0.00000000,0.00000000,94.69756566,107.32720193,101.68074366,1745.79450000,50401.99921174,9891.18697000
4,160,0.299000,0.270000,88.67108737,18.65611455,0.00000000,125.47079597,0.00000000,0.00000000,94.69756566,107.32720193,101.68074366,1745.79450000,50401.99921154,9891.18697000
4,161,0.114000,0.386000,33.80770555,72.92092625,0.00000000,133.12717546,0.00000000,0.00000000,94.69756566,106.72863180,101.68074366,1745.79450000,50751.15811137,7912.94957600
4,162,0.001000,0.484000,0.29655882,106.65071756,0.00000000,151.71011464,0.00000000,0.00000000,94.69756566,106.94727638,101.68074366,1745.79450000,50972.77690084,8635.55643361
4,163,0.000000,0.496000,0.00000000,106.72863180,0.00000000,158.03784086,0.00000000,0.00000000,94.69756566,106.72863180,101.68074366,1745.79450000,51321.93580068,7912.94957600
4,164,0.000000,0.471000,0.00000000,106.72863180,0.00000000,144.69275656,0.00000000,0.00000000,94.69756566,106.72863180,101.68074366,1745.79450000,51671.09470051,7912.94957600
4,165,0.000000,0.440000,0.00000000,107.32720193,0.00000000,127.54628189,0.00000000,0.00000000,94.69756566,107.32720193,101.68074366,1745.79450000,51671.09470031,9891.18697000
4,166,0.000000,0.407000,0.00000000,106.72863180,0.00000000,110.52934073,0.00000000,0.00000000,94.69756566,106.72863180,101.68074366,1745.79450000,52020.25360014,7912.94957600
4,167,0.000000,0.361000,0.00000000,106.72863180,0.00000000,85.97438560,0.00000000,0.00000000,94.69756566,106.72863180,101.68074366,1745.79450000,52369.41249998,7912.94957600
4,168,0.000000,0.303000,0.00000000,107.32720193,0.00000000,54.41521988,0.00000000,0.00000000,94.69756566,107.32720193,101.68074366,1745.79450000,52369.41249977,9891.18697000
4,169,0.000000,0.241000,0.00000000,107.32720193,0.00000000,21.31941080,0.00000000,0.00000000,94.69756566,107.32720193,101.68074366,1745.79450000,52369.41249957,9891.18697000
4,170,0.000000,0.194000,0.00000000,103.55785423,0.00000000,0.00000000,0.00000000,0.00000000,91.31487504,103.55785423,98.08426262,1692.34689572,52369.41249998,9588.36767878
4,171,0.000000,0.158000,0.00000000,84.34093282,0.00000000,0.00000000,0.00000000,0.00000000,74.09090336,84.34093282,79.75834926,1416.86147471,52369.41249998,8027.54376605
4,172,0.000000,0.133000,0.00000000,43.47863956,0.00000000,27.51720896,0.00000000,0.00000000,36.84682300,43.47863956,39.91750131,767.66957627,51740.44647608,7912.94957600
4,173,0.000000,0.109000,0.00000000,43.47863956,0.00000000,14.70592802,0.00000000,0.00000000,36.84682300,43.47863956,39.91750131,767.66957627,51111.48045219,7912.94957600
4,174,0.002000,0.089000,0.00000000,43.47863956,0.59311764,4.02986057,0.00000000,0.00000000,36.84682300,43.47863956,39.91750131,767.66957627,50482.51442830,7912.94957600
4,175,0.098000,0.107000,29.06276442,43.88060899,0.00000000,13.23635185,0.00000000,0.00000000,63.67817400,72.94337341,68.65710075,1244.73168631,50330.61051444,7912.94957600
4,176,0.237000,0.115000,70.28444049,36.44419131,0.00000000,24.94319651,0.00000000,0.00000000,94.69756566,106.72863180,101.68074366,1745.79450000,50679.76941428,7912.94957600
4,177,0.370000,0.105000,106.72863180,0.00000000,2.99813184,56.04935409,0.00000000,0.00000000,94.69756566,106.72863180,101.68074366,1745.79450000,51028.92831411,7912.94957600
4,178,0.459000,0.098000,107.32720193,0.00000000,28.79329675,52.31273049,0.00000000,0.00000000,94.69756566,107.32720193,101.68074366,1745.79450000,51028.92831391,9891.18697000
4,179,0.480000,0.099000,107.32720193,0.00000000,35.02103198,52.84653386,0.00000000,0.00000000,94.69756566,107.32720193,101.68074366,1745.79450000,51028.92831370,9891.18697000
4,180,0.499000,0.107000,106.82489330,0.00000000,41.15795820,57.11696084,0.00000000,0.00000000,94.69756566,106.82489330,101.68074366,1745.79450000,51321.93580129,8231.08788902
4,181,0.466000,0.132000,106.72863180,0.00000000,31.46777862,70.46204514,0.00000000,0.00000000,94.69756566,106.72863180,101.68074366,1745.79450000,51671.09470113,7912.94957600
4,182,0.357000,0.170000,105.87149897,0.85713283,0.00000000,89.88944046,0.00000000,0.00000000,94.69756566,106.72863180,101.68074366,1745.79450000,52020.25360096,7912.94957600
4,183,0.267000,0.206000,79.18120511,28.14599681,0.00000000,81.81749788,0.00000000,0.00000000,94.69756566,107.32720193,101.68074366,1745.79450000,52020.25360076,9891.18697000
4,184,0.164000,0.234000,48.63564659,58.69155534,0.00000000,66.21843378,0.00000000,0.00000000,94.69756566,107.32720193,101.68074366,1745.79450000,52020.25360055,9891.18697000
4,185,0.067000,0.255000,19.86944098,87.45776094,0.00000000,48.66209900,0.00000000,0.00000000,94.69756566,107.32720193,101.68074366,1745.79450000,52020.25360035,9891.18697000
4,186,0.000000,0.252000,0.00000000,107.32720193,0.00000000,27.19124790,0.00000000,0.00000000,94.69756566,107.32720193,101.68074366,1745.79450000,52020.25360014,9891.18697000
4,187,0.000000,0.239000,0.00000000,106.72863180,0.00000000,20.85037418,0.00000000,0.00000000,94.69756566,106.72863180,101.68074366,1745.79450000,52369.41249998,7912.94957600
4,188,0.000000,0.217000,0.00000000,107.32720193,0.00000000,8.50812986,0.00000000,0.00000000,94.69756566,107.32720193,101.68074366,1745.79450000,52369.41249977,9891.18697000
4,189,0.000000,0.186000,0.00000000,99.28742725,0.00000000,0.00000000,0.00000000,0.00000000,87.48250551,99.28742725,94.00968238,1631.79421934,52369.41249998,9245.29302624
4,190,0.000000,0.161000,0.00000000,85.94234294,0.00000000,0.00000000,0.00000000,0.00000000,75.52125960,85.94234294,81.28328460,1440.50625038,52369.41249998,8161.50850076
4,191,0.000000,0.147000,0.00000000,78.46909573,0.00000000,0.00000000,0.00000000,0.00000000,68.74183886,78.46909573,74.05558985,1328.43774745,52301.21464726,7912.94957600
4,192,0.000000,0.121000,0.00000000,57.67001469,0.00000000,6.92019336,0.00000000,0.00000000,49.73928100,57.67001469,53.75120360,1002.98064984,51907.55969693,7912.94957600
4,193,0.000000,0.099000,0.00000000,52.84653386,0.00000000,0.00000000,0.00000000,0.00000000,45.35728691,52.84653386,49.04929158,923.00116750,51433.92526427,7912.94957600
4,194,0.000000,0.105000,0.00000000,2.39428050,0.00000000,53.65507359,0.00000000,0.00000000,0.00000000,2.39428050,0.00000000,0.00000000,50037.28966410,7912.94957600
4,195,0.000000,0.107000,0.00000000,57.11696084,0.00000000,0.00000000,0.00000000,0.00000000,49.23684743,57.11696084,53.21208867,993.81030952,49634.46437346,7912.94957600
4,196,0.000000,0.091000,0.00000000,43.47863956,0.00000000,5.09746732,0.00000000,0.00000000,36.84682300,43.47863956,39.91750131,767.66957627,49005.49834957,7912.94957600
4,197,0.000000,0.071000,0.00000000,30.37356422,0.00000000,7.52647521,0.00000000,0.00000000,25.00174700,30.37356422,27.15938231,539.40882693,48148.27157633,7912.94957600
4,198,0.000000,0.048000,0.00000000,25.62256187,0.00000000,0.00000000,0.00000000,0.00000000,20.73224651,25.62256187,22.54096742,452.18022845,47203.81620462,7912.94957600
4,199,0.024000,0.022000,7.11741170,11.74367419,0.00000000,0.00000000,0.00000000,0.00000000,14.65602872,18.86108589,15.96818572,328.03925150,46135.21985596,7912.94957600
4,200,0.079000,0.014000,23.42814683,7.47324721,0.00000000,0.00000000,0.00000000,0.00000000,25.47882603,30.90139404,27.67323727,548.60280936,45287.18706515,7912.94957600
4,201,0.151000,0.010000,2.39428050,0.00000000,42.38610142,5.33803372,0.00000000,0.00000000,0.00000000,2.39428050,0.00000000,0.00000000,43890.55146499,7912.94957600
4,202,0.263000,0.006000,77.99496983,3.20282023,0.00000000,0.00000000,0.00000000,0.00000000,71.24236194,81.19779006,76.72145442,1369.77311944,43863.68898427,7912.94957600
4,203,0.343000,0.005000,101.71967548,2.66901686,0.00000000,0.00000000,0.00000000,0.00000000,92.54533867,104.38869234,99.39249314,1711.78861841,44178.84200251,7912.94957600
4,204,0.377000,0.005000,106.72863180,0.00000000,5.07404358,2.66901686,0.00000000,0.00000000,94.69756566,106.72863180,101.68074366,1745.79450000,44528.00090234,7912.94957600
4,205,0.343000,0.007000,101.71967548,3.73662361,0.00000000,0.00000000,0.00000000,0.00000000,93.52730085,105.45629909,100.43651660,1727.30393800,44858.66924018,7912.94957600
4,206,0.229000,0.011000,67.91196993,5.87183710,0.00000000,0.00000000,0.00000000,0.00000000,64.44833028,73.78380702,69.47818263,1257.46308779,44719.49672781,7912.94957600
4,207,0.143000,0.019000,42.40791135,10.14226407,0.00000000,0.00000000,0.00000000,0.00000000,45.08805377,52.55017543,48.76040243,918.08716558,44240.94829322,7912.94957600
4,208,0.070000,0.033000,20.75911744,9.61444678,0.00000000,8.00106451,0.00000000,0.00000000,25.00174700,30.37356422,27.15938231,539.40882693,43383.72151998,7912.94957600
4,209,0.018000,0.050000,5.33805877,26.69016862,0.00000000,0.00000000,0.00000000,0.00000000,26.49731916,32.02822739,28.77023780,568.22966145,42555.31558127,7912.94957600
4,210,0.000000,0.068000,0.00000000,30.37356422,0.00000000,5.92506509,0.00000000,0.00000000,25.00174700,30.37356422,27.15938231,539.40882693,41698.08880803,7912.94957600
4,211,0.000000,0.079000,0.00000000,42.17046641,0.00000000,0.00000000,0.00000000,0.00000000,35.66442512,42.17046641,38.64396193,744.88420073,41046.33740860,7912.94957600
4,212,0.000000,0.085000,0.00000000,45.37328665,0.00000000,0.00000000,0.00000000,0.00000000,38.56805601,45.37328665,41.76439669,799.08516895,40448.78697739,7912.94957600
4,213,0.000000,0.090000,0.00000000,43.47863956,0.00000000,4.56366395,0.00000000,0.00000000,36.84682300,43.47863956,39.91750131,767.66957627,39819.82095349,7912.94957600
4,214,0.000000,0.093000,0.00000000,49.64371362,0.00000000,0.00000000,0.00000000,0.00000000,42.44761653,49.64371362,45.92719377,869.89431098,39293.07966430,7912.94957600
4,215,0.000000,0.100000,0.00000000,2.39428050,0.00000000,50.98605673,0.00000000,0.00000000,0.00000000,2.39428050,0.00000000,0.00000000,37896.44406414,7912.94957600
4,216,0.000000,0.104000,0.00000000,55.51555072,0.00000000,0.00000000,0.00000000,0.00000000,47.78201223,55.51555072,51.65103976,967.25688126,37467.06534524,7912.94957600
4,217,0.000000,0.108000,0.00000000,43.47863956,0.00000000,14.17212465,0.00000000,0.00000000,36.84682300,43.47863956,39.91750131,767.66957627,36838.09932135,7912.94957600
4,218,0.000000,0.125000,0.00000000,30.37356422,0.00000000,36.35185731,0.00000000,0.00000000,25.00174700,30.37356422,27.15938231,539.40882693,35980.87254811,7912.94957600
4,219,0.000000,0.140000,0.00000000,72.94337341,0.00000000,1.78909871,0.00000000,0.00000000,63.67817400,72.94337341,68.65710075,1244.73168631,35828.96863425,7912.94957600
4,220,0.000000,0.168000,0.00000000,89.67896655,0.00000000,0.00000000,0.00000000,0.00000000,79.01564294,89.67896655,85.00770316,1498.01505618,35930.34809027,7912.94957600
4,221,0.000000,0.204000,0.00000000,106.72863180,0.00000000,2.16725615,0.00000000,0.00000000,94.69756566,106.72863180,101.68074366,1745.79450000,36279.50699010,7912.94957600
4,222,0.000000,0.231000,0.00000000,106.72863180,0.00000000,16.57994720,0.00000000,0.00000000,94.69756566,106.72863180,101.68074366,1745.79450000,36628.66588994,7912.94957600
4,223,0.061000,0.280000,18.09008806,88.63854374,0.00000000,60.82640050,0.00000000,0.00000000,94.69756566,106.72863180,101.68074366,1745.79450000,36977.82478978,7912.94957600
4,224,0.224000,0.423000,66.42917582,40.29945598,0.00000000,185.49937051,0.00000000,0.00000000,94.69756566,106.72863180,101.68074366,1745.79450000,37326.98368961,7912.94957600
4,225,0.416000,0.432000,106.72863180,0.00000000,16.63983759,230.60305684,0.00000000,0.00000000,94.69756566,106.72863180,101.68074366,1745.79450000,37676.14258945,7912.94957600
4,226,0.576000,0.394000,106.72863180,0.00000000,64.08924889,210.31852869,0.00000000,0.00000000,94.69756566,106.72863180,101.68074366,1745.79450000,38025.30148928,7912.94957600
4,227,0.659000,0.318000,106.72863180,0.00000000,88.70363100,169.74947239,0.00000000,0.00000000,94.69756566,106.72863180,101.68074366,1745.79450000,38374.46038912,7912.94957600
4,228,0.675000,0.249000,106.72863180,0.00000000,93.44857213,132.91703970,0.00000000,0.00000000,94.69756566,106.72863180,101.68074366,1745.79450000,38723.61928896,7912.94957600
4,229,0.670000,0.217000,106.72863180,0.00000000,91.96577803,115.83533179,0.00000000,0.00000000,94.69756566,106.72863180,101.68074366,1745.79450000,39072.77818879,7912.94957600
4,230,0.605000,0.217000,89.29817159,0.00000000,90.11991490,115.83533179,0.00000000,0.00000000,78.66539600,89.29817159,84.63531998,1492.48099468,39168.62358330,7912.94957600
4,231,0.478000,0.255000,106.72863180,0.00000000,35.02648447,136.11985994,0.00000000,0.00000000,94.69756566,106.72863180,101.68074366,1745.79450000,39517.78248314,7912.94957600
4,232,0.301000,0.321000,89.26420501,17.46442679,0.00000000,153.88645572,0.00000000,0.00000000,94.69756566,106.72863180,101.68074366,1745.79450000,39866.94138298,7912.94957600
4,233,0.136000,0.369000,40.33199961,66.39663219,0.00000000,130.57681219,0.00000000,0.00000000,94.69756566,106.72863180,101.68074366,1745.79450000,40216.10028281,7912.94957600
4,234,0.003000,0.383000,0.88967646,105.83895534,0.00000000,98.60773625,0.00000000,0.00000000,94.69756566,106.72863180,101.68074366,1745.79450000,40565.25918265,7912.94957600
4,235,0.000000,0.415000,0.00000000,89.29817159,0.00000000,132.23022792,0.00000000,0.00000000,78.66539600,89.29817159,84.63531998,1492.48099468,40661.10457716,7912.94957600
4,236,0.000000,0.448000,0.00000000,106.72863180,0.00000000,132.41527899,0.00000000,0.00000000,94.69756566,106.72863180,101.68074366,1745.79450000,41010.26347700,7912.94957600
4,237,0.000000,0.479000,0.00000000,106.72863180,0.00000000,148.96318353,0.00000000,0.00000000,94.69756566,106.72863180,101.68074366,1745.79450000,41359.42237683,7912.94957600
4,238,0.000000,0.510000,0.00000000,106.72863180,0.00000000,165.51108808,0.00000000,0.00000000,94.69756566,106.72863180,101.68074366,1745.79450000,41708.58127667,7912.94957600
4,239,0.000000,0.517000,0.00000000,30.37356422,0.00000000,245.60277926,0.00000000,0.00000000,25.00174700,30.37356422,27.15938231,539.40882693,40851.35450343,7912.94957600
4,240,0.000000,0.505000,0.00000000,106.72863180,0.00000000,162.84207121,0.00000000,0.00000000,94.69756566,106.72863180,101.68074366,1745.79450000,41200.51340326,7912.94957600
4,241,0.000000,0.469000,0.00000000,106.72863180,0.00000000,143.62514981,0.00000000,0.00000000,94.69756566,106.72863180,101.68074366,1745.79450000,41549.67230310,7912.94957600
4,242,0.000000,0.449000,0.00000000,106.72863180,0.00000000,132.94908236,0.00000000,0.00000000,94.69756566,106.72863180,101.68074366,1745.79450000,41898.83120294,7912.94957600
4,243,0.000000,0.367000,0.00000000,106.72863180,0.00000000,89.17720584,0.00000000,0.00000000,94.69756566,106.72863180,101.68074366,1745.79450000,42247.99010277,7912.94957600
4,244,0.000000,0.308000,0.00000000,106.72863180,0.00000000,57.68280687,0.00000000,0.00000000,94.69756566,106.72863180,101.68074366,1745.79450000,42597.14900261,7912.94957600
4,245,0.000000,0.264000,0.00000000,106.72863180,0.00000000,34.19545849,0.00000000,0.00000000,94.69756566,106.72863180,101.68074366,1745.79450000,42946.30790244,7912.94957600
4,246,0.010000,0.252000,2.96558821,27.40797602,0.00000000,107.11047380,0.00000000,0.00000000,25.00174700,30.37356422,27.15938231,539.40882693,42089.08112921,7912.94957600
4,247,0.180000,0.380000,53.38058772,53.34804409,0.00000000,149.49723739,0.00000000,0.00000000,94.69756566,106.72863180,101.68074366,1745.79450000,42438.24002904,7912.94957600
4,248,0.383000,0.525000,72.94337341,0.00000000,40.63865490,280.24677046,0.00000000,0.00000000,63.67817400,72.94337341,68.65710075,1244.73168631,42286.33611519,7912.94957600
4,249,0.534000,0.531000,89.29817159,0.00000000,69.06423863,283.44959069,0.00000000,0.00000000,78.66539600,89.29817159,84.63531998,1492.48099468,42382.18150970,7912.94957600
4,250,0.634000,0.494000,89.29817159,0.00000000,98.72012070,263.69886592,0.00000000,0.00000000,78.66539600,89.29817159,84.63531998,1492.48099468,42478.02690421,7912.94957600
4,251,0.698000,0.448000,106.72863180,0.00000000,100.26942501,239.14391079,0.00000000,0.00000000,94.69756566,106.72863180,101.68074366,1745.79450000,42827.18580405,7912.94957600
4,252,0.711000,0.414000,106.72863180,0.00000000,104.12468967,220.99459613,0.00000000,0.00000000,94.69756566,106.72863180,101.68074366,1745.79450000,43176.34470388,7912.94957600
4,253,0.679000,0.407000,106.72863180,0.00000000,94.63480741,217.25797253,0.00000000,0.00000000,94.69756566,106.72863180,101.68074366,1745.79450000,43525.50360372,7912.94957600
4,254,0.611000,0.420000,106.72863180,0.00000000,74.46880761,224.19741637,0.00000000,0.00000000,94.69756566,106.72863180,101.68074366,1745.79450000,43874.66250356,7912.94957600
4,255,0.509000,0.454000,106.72863180,0.00000000,44.21980791,242.34673103,0.00000000,0.00000000,94.69756566,106.72863180,101.68074366,1745.79450000,44223.82140339,7912.94957600
4,256,0.369000,0.501000,89.29817159,0.00000000,20.13203323,267.43548953,0.00000000,0.00000000,78.66539600,89.29817159,84.63531998,1492.48099468,44319.66679790,7912.94957600
4,257,0.175000,0.557000,51.89779361,54.83083819,0.00000000,242.49764019,0.00000000,0.00000000,94.69756566,106.72863180,101.68074366,1745.79450000,44668.82569774,7912.94957600
4,258,0.005000,0.612000,1.48279410,71.46057931,0.00000000,255.22708455,0.00000000,0.00000000,63.67817400,72.94337341,68.65710075,1244.73168631,44516.92178389,7912.94957600
4,259,0.000000,0.639000,0.00000000,106.72863180,0.00000000,234.37172310,0.00000000,0.00000000,94.69756566,106.72863180,101.68074366,1745.79450000,44866.08068372,7912.94957600
4,260,0.000000,0.635000,0.00000000,106.72863180,0.00000000,232.23650961,0.00000000,0.00000000,94.69756566,106.72863180,101.68074366,1745.79450000,45215.23958356,7912.94957600
4,261,0.000000,0.590000,0.00000000,106.72863180,0.00000000,208.21535786,0.00000000,0.00000000,94.69756566,106.72863180,101.68074366,1745.79450000,45564.39848340,7912.94957600
4,262,0.000000,0.577000,0.00000000,106.72863180,0.00000000,201.27591402,0.00000000,0.00000000,94.69756566,106.72863180,101.68074366,1745.79450000,45913.55738323,7912.94957600
4,263,0.000000,0.514000,0.00000000,106.72863180,0.00000000,167.64630156,0.00000000,0.00000000,94.69756566,106.72863180,101.68074366,1745.79450000,46262.71628307,7912.94957600
4,264,0.000000,0.450000,0.00000000,106.72863180,0.00000000,133.48288574,0.00000000,0.00000000,94.69756566,106.72863180,101.68074366,1745.79450000,46611.87518290,7912.94957600
4,265,0.000000,0.379000,0.00000000,106.72863180,0.00000000,95.58284630,0.00000000,0.00000000,94.69756566,106.72863180,101.68074366,1745.79450000,46961.03408274,7912.94957600
4,266,0.000000,0.293000,0.00000000,106.72863180,0.00000000,49.67575628,0.00000000,0.00000000,94.69756566,106.72863180,101.68074366,1745.79450000,47310.19298258,7912.94957600
4,267,0.000000,0.241000,0.00000000,30.37356422,0.00000000,98.27304850,0.00000000,0.00000000,25.00174700,30.37356422,27.15938231,539.40882693,46452.96620934,7912.94957600
4,268,0.000000,0.232000,0.00000000,106.72863180,0.00000000,17.11375057,0.00000000,0.00000000,94.69756566,106.72863180,101.68074366,1745.79450000,46802.12510917,7912.94957600
4,269,0.000000,0.244000,0.00000000,106.72863180,0.00000000,23.51939104,0.00000000,0.00000000,94.69756566,106.72863180,101.68074366,1745.79450000,47151.28400901,7912.94957600
4,270,0.007000,0.227000,2.07591174,104.65272006,0.00000000,16.52064546,0.00000000,0.00000000,94.69756566,106.72863180,101.68074366,1745.79450000,47500.44290884,7912.94957600
4,271,0.158000,0.281000,46.85629366,59.87233814,0.00000000,90.12640948,0.00000000,0.00000000,94.69756566,106.72863180,101.68074366,1745.79450000,47849.60180868,7912.94957600
4,272,0.366000,0.277000,106.72863180,0.00000000,1.81189655,147.86353413,0.00000000,0.00000000,94.69756566,106.72863180,101.68074366,1745.79450000,48198.76070852,7912.94957600
4,273,0.553000,0.223000,106.72863180,0.00000000,57.26839601,119.03815202,0.00000000,0.00000000,94.69756566,106.72863180,101.68074366,1745.79450000,48547.91960835,7912.94957600
4,274,0.669000,0.184000,106.72863180,0.00000000,91.66921921,98.21982050,0.00000000,0.00000000,94.69756566,106.72863180,101.68074366,1745.79450000,48897.07850819,7912.94957600
4,275,0.728000,0.160000,106.72863180,0.00000000,109.16618963,85.40853957,0.00000000,0.00000000,94.69756566,106.72863180,101.68074366,1745.79450000,49246.23740802,7912.94957600
4,276,0.742000,0.163000,2.28822191,87.00994969,217.75842301,0.00000000,0.00000000,0.00000000,78.66539600,89.29817159,84.63531998,1492.48099468,49342.08280254,7912.94957600
4,277,0.706000,0.180000,106.72863180,0.00000000,102.64189557,96.08460701,0.00000000,0.00000000,94.69756566,106.72863180,101.68074366,1745.79450000,49691.24170237,7912.94957600
4,278,0.640000,0.208000,106.72863180,0.00000000,83.06901341,111.03110144,0.00000000,0.00000000,94.69756566,106.72863180,101.68074366,1745.79450000,50040.40060221,7912.94957600
4,279,0.532000,0.241000,106.72863180,0.00000000,51.04066078,128.64661273,0.00000000,0.00000000,94.69756566,106.72863180,101.68074366,1745.79450000,50389.55950204,7912.94957600
4,280,0.382000,0.274000,106.72863180,0.00000000,6.55683768,146.26212401,0.00000000,0.00000000,94.69756566,106.72863180,101.68074366,1745.79450000,50738.71840188,7912.94957600
4,281,0.183000,0.325000,54.27026418,52.45836762,0.00000000,121.02772838,0.00000000,0.00000000,94.69756566,106.72863180,101.68074366,1745.79450000,51087.87730172,7912.94957600
4,282,0.007000,0.374000,2.07591174,104.65272006,0.00000000,94.98974119,0.00000000,0.00000000,94.69756566,106.72863180,101.68074366,1745.79450000,51437.03620155,7912.94957600
4,283,0.000000,0.408000,0.00000000,106.72863180,0.00000000,111.06314410,0.00000000,0.00000000,94.69756566,106.72863180,101.68074366,1745.79450000,51786.19510139,7912.94957600
4,284,0.000000,0.410000,0.00000000,106.72863180,0.00000000,112.13075084,0.00000000,0.00000000,94.69756566,106.72863180,101.68074366,1745.79450000,52135.35400122,7912.94957600
4,285,0.000000,0.403000,0.00000000,107.32720193,0.00000000,107.79555711,0.00000000,0.00000000,94.69756566,107.32720193,101.68074366,1745.79450000,52135.35400102,9891.18697000
4,286,0.000000,0.358000,0.00000000,89.89674172,0.00000000,101.20486557,0.00000000,0.00000000,78.66539600,89.89674172,84.63531998,1492.48099468,51882.04049549,9891.18697000
4,287,0.000000,0.321000,0.00000000,107.32720193,0.00000000,64.02368058,0.00000000,0.00000000,94.69756566,107.32720193,101.68074366,1745.79450000,51882.04049528,9891.18697000
4,288,0.000000,0.280000,0.00000000,107.32720193,0.00000000,42.13774232,0.00000000,0.00000000,94.69756566,107.32720193,101.68074366,1745.79450000,51882.04049508,9891.18697000
4,289,0.000000,0.250000,0.00000000,106.72863180,0.00000000,26.72221128,0.00000000,0.00000000,94.69756566,106.72863180,101.68074366,1745.79450000,52231.19939492,7912.94957600
4,290,0.000000,0.238000,0.00000000,107.32720193,0.00000000,19.71800068,0.00000000,0.00000000,94.69756566,107.32720193,101.68074366,1745.79450000,52231.19939471,9891.18697000
4,291,0.000000,0.236000,0.00000000,107.09026042,0.00000000,18.88733544,0.00000000,0.00000000,94.69756566,107.09026042,101.68074366,1745.79450000,52369.41249998,9108.10988516
4,292,0.000000,0.228000,0.00000000,30.97213435,0.00000000,90.73503454,0.00000000,0.00000000,25.00174700,30.97213435,27.15938231,539.40882693,51163.02682670,9891.18697000
4,293,0.000000,0.220000,0.00000000,89.68298949,0.00000000,27.75375242,0.00000000,0.00000000,78.66539600,89.68298949,84.63531998,1492.48099468,51034.39961981,9184.74901738
4,294,0.007000,0.220000,2.07591174,87.22225985,0.00000000,30.21448206,0.00000000,0.00000000,78.66539600,89.29817159,84.63531998,1492.48099468,51130.24501432,7912.94957600
4,295,0.156000,0.391000,46.26317602,60.46545578,0.00000000,148.25166279,0.00000000,0.00000000,94.69756566,106.72863180,101.68074366,1745.79450000,51479.40391415,7912.94957600
4,296,0.342000,0.426000,101.42311666,5.90408527,0.00000000,221.49615134,0.00000000,0.00000000,94.69756566,107.32720193,101.68074366,1745.79450000,51479.40391395,9891.18697000
4,297,0.504000,0.355000,106.72863180,0.00000000,42.73701380,189.50019717,0.00000000,0.00000000,94.69756566,106.72863180,101.68074366,1745.79450000,51828.56281379,7912.94957600
4,298,0.620000,0.282000,106.72863180,0.00000000,77.13783700,150.53255099,0.00000000,0.00000000,94.69756566,106.72863180,101.68074366,1745.79450000,52177.72171362,7912.94957600
4,299,0.690000,0.231000,89.89674172,0.00000000,114.72884453,123.30857900,0.00000000,0.00000000,78.66539600,89.89674172,84.63531998,1492.48099468,51924.40820809,9891.18697000
4,300,0.699000,0.210000,107.32720193,0.00000000,99.96741370,112.09870818,0.00000000,0.00000000,94.69756566,107.32720193,101.68074366,1745.79450000,51924.40820789,9891.18697000
4,301,0.673000,0.220000,107.32720193,0.00000000,92.25688437,117.43674191,0.00000000,0.00000000,94.69756566,107.32720193,101.68074366,1745.79450000,51924.40820768,9891.18697000
4,302,0.602000,0.251000,107.32720193,0.00000000,71.20120810,133.98464645,0.00000000,0.00000000,94.69756566,107.32720193,101.68074366,1745.79450000,51924.40820748,9891.18697000
4,303,0.490000,0.287000,107.32720193,0.00000000,37.98662019,153.20156785,0.00000000,0.00000000,94.69756566,107.32720193,101.68074366,1745.79450000,51924.40820727,9891.18697000
4,304,0.340000,0.326000,100.82999902,6.49720291,0.00000000,167.52269646,0.00000000,0.00000000,94.69756566,107.32720193,101.68074366,1745.79450000,51924.40820707,9891.18697000
4,305,0.149000,0.376000,44.18726428,63.13993765,0.00000000,137.57013034,0.00000000,0.00000000,94.69756566,107.32720193,101.68074366,1745.79450000,51924.40820686,9891.18697000
4,306,0.005000,0.420000,1.48279410,105.84440782,0.00000000,118.35300855,0.00000000,0.00000000,94.69756566,107.32720193,101.68074366,1745.79450000,51924.40820666,9891.18697000
4,307,0.000000,0.473000,0.00000000,106.72863180,0.00000000,145.76036330,0.00000000,0.00000000,94.69756566,106.72863180,101.68074366,1745.79450000,52273.56710649,7912.94957600
4,308,0.000000,0.484000,0.00000000,107.32720193,0.00000000,151.03363027,0.00000000,0.00000000,94.69756566,107.32720193,101.68074366,1745.79450000,52273.56710629,9891.18697000
4,309,0.000000,0.447000,0.00000000,107.32720193,0.00000000,131.28290549,0.00000000,0.00000000,94.69756566,107.32720193,101.68074366,1745.79450000,52273.56710608,9891.18697000
4,310,0.000000,0.407000,0.00000000,89.89674172,0.00000000,127.36123081,0.00000000,0.00000000,78.66539600,89.89674172,84.63531998,1492.48099468,52020.25360055,9891.18697000
4,311,0.000000,0.386000,0.00000000,107.32720193,0.00000000,98.72089978,0.00000000,0.00000000,94.69756566,107.32720193,101.68074366,1745.79450000,52020.25360035,9891.18697000
4,312,0.000000,0.368000,0.00000000,107.32720193,0.00000000,89.11243908,0.00000000,0.00000000,94.69756566,107.32720193,101.68074366,1745.79450000,52020.25360014,9891.18697000
4,313,0.000000,0.352000,0.00000000,106.72863180,0.00000000,81.17015525,0.00000000,0.00000000,94.69756566,106.72863180,101.68074366,1745.79450000,52369.41249998,7912.94957600
4,314,0.000000,0.313000,0.00000000,107.32720192,0.00000000,59.75325361,0.00000000,0.00000000,94.69756566,107.32720192,101.68074366,1745.79450000,52369.41250039,9891.18696652
4,315,0.000000,0.319000,0.00000000,107.32720193,0.00000000,62.95607384,0.00000000,0.00000000,94.69756566,107.32720193,101.68074366,1745.79450000,52369.41250018,9891.18697000
4,316,0.000000,0.282000,0.00000000,107.32720193,0.00000000,43.20534906,0.00000000,0.00000000,94.69756566,107.32720193,101.68074366,1745.79450000,52369.41249998,9891.18697000
4,317,0.000000,0.256000,0.00000000,30.97213435,0.00000000,105.68152896,0.00000000,0.00000000,25.00174700,30.97213435,27.15938231,539.40882693,51163.02682670,9891.18697000
4,318,0.009000,0.248000,2.66902939,104.38575169,0.00000000,27.99748464,0.00000000,0.00000000,94.69756566,107.05478107,101.68074366,1745.79450000,51321.93580109,8990.85283634
4,319,0.179000,0.333000,53.08402889,54.24317303,0.00000000,123.51334995,0.00000000,0.00000000,94.69756566,107.32720193,101.68074366,1745.79450000,51321.93580088,9891.18697000
4,320,0.365000,0.358000,106.72863180,0.00000000,1.51533773,191.10160729,0.00000000,0.00000000,94.69756566,106.72863180,101.68074366,1745.79450000,51671.09470072,7912.94957600
4,321,0.519000,0.267000,107.32720193,0.00000000,46.58682599,142.52550041,0.00000000,0.00000000,94.69756566,107.32720193,101.68074366,1745.79450000,51671.09470051,9891.18697000
4,322,0.620000,0.180000,107.32720193,0.00000000,76.53926687,96.08460701,0.00000000,0.00000000,94.69756566,107.32720193,101.68074366,1745.79450000,51671.09470031,9891.18697000
4,323,0.688000,0.122000,106.72863180,0.00000000,97.30383680,65.12401142,0.00000000,0.00000000,94.69756566,106.72863180,101.68074366,1745.79450000,52020.25360014,7912.94957600
4,324,0.698000,0.090000,106.72863180,0.00000000,100.26942501,48.04230351,0.00000000,0.00000000,94.69756566,106.72863180,101.68074366,1745.79450000,52369.41249998,7912.94957600
4,325,0.670000,0.082000,0.00000000,30.37356422,198.69440983,13.39831230,0.00000000,0.00000000,25.00174700,30.37356422,27.15938231,539.40882693,51512.18572674,7912.94957600
4,326,0.590000,0.101000,0.00000000,30.37356422,174.96970418,23.54057638,0.00000000,0.00000000,25.00174700,30.37356422,27.15938231,539.40882693,50654.95895350,7912.94957600
4,327,0.475000,0.153000,106.78236023,0.00000000,34.08307958,81.67191596,0.00000000,0.00000000,94.69756566,106.78236023,101.68074366,1745.79450000,50972.77690105,8090.51871080
4,328,0.304000,0.251000,90.15388147,16.57475033,0.00000000,117.40989612,0.00000000,0.00000000,94.69756566,106.72863180,101.68074366,1745.79450000,51321.93580088,7912.94957600
4,329,0.124000,0.410000,36.77329376,69.95533804,0.00000000,148.90404460,0.00000000,0.00000000,94.69756566,106.72863180,101.68074366,1745.79450000,51671.09470072,7912.94957600
4,330,0.002000,0.547000,0.59311764,106.13551416,0.00000000,185.85493049,0.00000000,0.00000000,94.69756566,106.72863180,101.68074366,1745.79450000,52020.25360055,7912.94957600
4,331,0.000000,0.562000,0.00000000,107.32720193,0.00000000,192.67029331,0.00000000,0.00000000,94.69756566,107.32720193,101.68074366,1745.79450000,52020.25360035,9891.18697000
4,332,0.000000,0.567000,0.00000000,107.32720193,0.00000000,195.33931017,0.00000000,0.00000000,94.69756566,107.32720193,101.68074366,1745.79450000,52020.25360014,9891.18697000
4,333,0.000000,0.547000,0.00000000,106.72863180,0.00000000,185.26181285,0.00000000,0.00000000,94.69756566,106.72863180,101.68074366,1745.79450000,52369.41249998,7912.94957600
4,334,0.000000,0.504000,0.00000000,107.32720193,0.00000000,161.70969772,0.00000000,0.00000000,94.69756566,107.32720193,101.68074366,1745.79450000,52369.41249977,9891.18697000
4,335,0.000000,0.444000,0.00000000,107.32720193,0.00000000,129.68149538,0.00000000,0.00000000,94.69756566,107.32720193,101.68074366,1745.79450000,52369.41249957,9891.18697000
4,336,0.000000,0.376000,0.00000000,43.47863956,0.00000000,157.23142843,0.00000000,0.00000000,36.84682300,43.47863956,39.91750131,767.66957627,51740.44647567,7912.94957600
4,337,0.000000,0.317000,0.00000000,107.32720193,0.00000000,61.88846710,0.00000000,0.00000000,94.69756566,107.32720193,101.68074366,1745.79450000,51740.44647547,9891.18697000
4,338,0.000000,0.273000,0.00000000,106.72863180,0.00000000,38.99968884,0.00000000,0.00000000,94.69756566,106.72863180,101.68074366,1745.79450000,52089.60537531,7912.94957600
4,339,0.000000,0.248000,0.00000000,106.84752294,0.00000000,25.53571339,0.00000000,0.00000000,94.69756566,106.84752294,101.68074366,1745.79450000,52369.41249998,8305.87748060
4,340,0.000000,0.242000,0.00000000,107.32720193,0.00000000,21.85321417,0.00000000,0.00000000,94.69756566,107.32720193,101.68074366,1745.79450000,52369.41249977,9891.18697000
4,341,0.000000,0.237000,0.00000000,89.89674172,0.00000000,36.61465752,0.00000000,0.00000000,78.66539600,89.89674172,84.63531998,1492.48099468,52116.09899425,9891.18697000
4,342,0.008000,0.240000,2.37247057,104.52047092,0.00000000,23.59233843,0.00000000,0.00000000,94.69756566,106.89294149,101.68074366,1745.79450000,52369.41249998,8455.98297034
4,343,0.168000,0.371000,49.82188187,23.62395942,0.00000000,174.41709171,0.00000000,0.00000000,63.67817400,73.44584129,68.65710075,1244.73168631,51924.40820604,9573.57495892
4,344,0.376000,0.454000,89.29817159,0.00000000,22.20794497,242.34673103,0.00000000,0.00000000,78.66539600,89.29817159,84.63531998,1492.48099468,52020.25360055,7912.94957600
4,345,0.537000,0.374000,107.32720193,0.00000000,51.92488476,199.64246124,0.00000000,0.00000000,94.69756566,107.32720193,101.68074366,1745.79450000,52020.25360035,9891.18697000
4,346,0.644000,0.285000,106.72863180,0.00000000,84.25524869,152.13396111,0.00000000,0.00000000,94.69756566,106.72863180,101.68074366,1745.79450000,52369.41250018,7912.94957600
4,347,0.707000,0.223000,107.32720193,0.00000000,102.33988427,119.03815202,0.00000000,0.00000000,94.69756566,107.32720193,101.68074366,1745.79450000,52369.41249998,9891.18697000
4,348,0.716000,0.198000,0.00000000,73.54194353,212.33611558,32.15112418,0.00000000,0.00000000,63.67817400,73.54194353,68.65710075,1244.73168631,51868.34968609,9891.18697000
4,349,0.677000,0.205000,106.72863180,0.00000000,94.04168977,109.42969132,0.00000000,0.00000000,94.69756566,106.72863180,101.68074366,1745.79450000,52217.50858592,7912.94957600
4,350,0.603000,0.237000,107.06678999,0.00000000,71.75817886,126.51139924,0.00000000,0.00000000,94.69756566,107.06678999,101.68074366,1745.79450000,52369.41249998,9030.54156341
4,351,0.485000,0.285000,89.89674172,0.00000000,53.93428629,152.13396111,0.00000000,0.00000000,78.66539600,89.89674172,84.63531998,1492.48099468,52116.09899445,9891.18697000
4,352,0.320000,0.351000,94.89882261,12.42837932,0.00000000,174.93660436,0.00000000,0.00000000,94.69756566,107.32720193,101.68074366,1745.79450000,52116.09899425,9891.18697000
4,353,0.130000,0.448000,38.55264668,19.71593813,0.00000000,219.42797266,0.00000000,0.00000000,49.73928100,58.26858481,53.75120360,1002.98064984,51373.28514388,9891.18697000
4,354,0.003000,0.555000,0.88967646,106.43752546,0.00000000,189.82334617,0.00000000,0.00000000,94.69756566,107.32720193,101.68074366,1745.79450000,51373.28514367,9891.18697000
4,355,0.000000,0.598000,0.00000000,107.32720193,0.00000000,211.88721471,0.00000000,0.00000000,94.69756566,107.32720193,101.68074366,1745.79450000,51373.28514347,9891.18697000
4,356,0.000000,0.607000,0.00000000,106.72863180,0.00000000,217.29001519,0.00000000,0.00000000,94.69756566,106.72863180,101.68074366,1745.79450000,51722.44404330,7912.94957600
4,357,0.000000,0.587000,0.00000000,107.32720193,0.00000000,206.01537762,0.00000000,0.00000000,94.69756566,107.32720193,101.68074366,1745.79450000,51722.44404310,9891.18697000
4,358,0.000000,0.621000,0.00000000,106.81666101,0.00000000,224.67523319,0.00000000,0.00000000,94.69756566,106.81666101,101.68074366,1745.79450000,52020.25360035,8203.88069546
4,359,0.000000,0.575000,0.00000000,107.32720193,0.00000000,199.60973715,0.00000000,0.00000000,94.69756566,107.32720193,101.68074366,1745.79450000,52020.25360014,9891.18697000
4,360,0.000000,0.497000,0.00000000,106.72863180,0.00000000,158.57164424,0.00000000,0.00000000,94.69756566,106.72863180,101.68074366,1745.79450000,52369.41249998,7912.94957600
4,361,0.000000,0.410000,0.00000000,43.47863956,0.00000000,175.38074308,0.00000000,0.00000000,36.84682300,43.47863956,39.91750131,767.66957627,51740.44647608,7912.94957600
4,362,0.000000,0.328000,0.00000000,72.94337341,0.00000000,102.14413271,0.00000000,0.00000000,63.67817400,72.94337341,68.65710075,1244.73168631,51588.54256223,7912.94957600
4,363,0.000000,0.278000,0.00000000,107.32720193,0.00000000,41.07013558,0.00000000,0.00000000,94.69756566,107.32720193,101.68074366,1745.79450000,51588.54256203,9891.18697000
4,364,0.000000,0.234000,0.00000000,2.99285063,0.00000000,121.91713849,0.00000000,0.00000000,0.00000000,2.99285063,0.00000000,0.00000000,49842.74806182,9891.18697000
4,365,0.000000,0.205000,0.00000000,107.32720193,0.00000000,2.10248940,0.00000000,0.00000000,94.69756566,107.32720193,101.68074366,1745.79450000,49842.74806162,9891.18697000
4,366,0.008000,0.166000,2.37247057,86.92570103,0.00000000,1.68565878,0.00000000,0.00000000,78.66539600,89.29817159,84.63531998,1492.48099468,49938.59345613,7912.94957600
4,367,0.174000,0.300000,51.60123479,55.12739701,0.00000000,105.01361468,0.00000000,0.00000000,94.69756566,106.72863180,101.68074366,1745.79450000,50287.75235596,7912.94957600
4,368,0.376000,0.352000,107.32720193,0.00000000,4.17891464,187.89878705,0.00000000,0.00000000,94.69756566,107.32720193,101.68074366,1745.79450000,50287.75235576,9891.18697000
4,369,0.550000,0.309000,106.75142069,0.00000000,56.35593066,164.94524204,0.00000000,0.00000000,94.69756566,106.75142069,101.68074366,1745.79450000,50623.61800121,7988.26546487
4,370,0.664000,0.259000,107.32720193,0.00000000,89.58785498,138.25507343,0.00000000,0.00000000,94.69756566,107.32720193,101.68074366,1745.79450000,50623.61800100,9891.18697000
4,371,0.726000,0.212000,106.72863180,0.00000000,108.57307198,113.16631493,0.00000000,0.00000000,94.69756566,106.72863180,101.68074366,1745.79450000,50972.77690084,7912.94957600
4,372,0.741000,0.167000,106.72863180,0.00000000,113.02145429,89.14516318,0.00000000,0.00000000,94.69756566,106.72863180,101.68074366,1745.79450000,51321.93580068,7912.94957600
4,373,0.696000,0.141000,107.32720193,0.00000000,99.07773724,75.26627550,0.00000000,0.00000000,94.69756566,107.32720193,101.68074366,1745.79450000,51321.93580047,9891.18697000
4,374,0.626000,0.139000,106.72863180,0.00000000,78.91718992,74.19866875,0.00000000,0.00000000,94.69756566,106.72863180,101.68074366,1745.79450000,51671.09470031,7912.94957600
4,375,0.516000,0.160000,106.72863180,0.00000000,46.29571965,85.40853957,0.00000000,0.00000000,94.69756566,106.72863180,101.68074366,1745.79450000,52020.25360014,7912.94957600
4,376,0.347000,0.218000,102.90591076,3.82272104,0.00000000,112.54641412,0.00000000,0.00000000,94.69756566,106.72863180,101.68074366,1745.79450000,52369.41249998,7912.94957600
4,377,0.123000,0.344000,36.47673494,70.85046699,0.00000000,112.77789309,0.00000000,0.00000000,94.69756566,107.32720193,101.68074366,1745.79450000,52369.41249977,9891.18697000
4,378,0.002000,0.506000,0.59311764,106.73408428,0.00000000,163.37042210,0.00000000,0.00000000,94.69756566,107.32720193,101.68074366,1745.79450000,52369.41249957,9891.18697000
4,379,0.000000,0.539000,0.00000000,107.32720193,0.00000000,180.39281575,0.00000000,0.00000000,94.69756566,107.32720193,101.68074366,1745.79450000,52369.41249936,9891.18697000
4,380,0.000000,0.489000,0.00000000,73.54194353,0.00000000,187.48790552,0.00000000,0.00000000,63.67817400,73.54194353,68.65710075,1244.73168631,51868.34968547,9891.18697000
4,381,0.000000,0.451000,0.00000000,107.32720193,0.00000000,133.41811898,0.00000000,0.00000000,94.69756566,107.32720193,101.68074366,1745.79450000,51868.34968527,9891.18697000
4,382,0.000000,0.473000,0.00000000,106.72863180,0.00000000,145.76036330,0.00000000,0.00000000,94.69756566,106.72863180,101.68074366,1745.79450000,52217.50858510,7912.94957600
4,383,0.000000,0.488000,0.00000000,107.06678999,0.00000000,153.42925570,0.00000000,0.00000000,94.69756566,107.06678999,101.68074366,1745.79450000,52369.41249998,9030.54155877
4,384,0.000000,0.584000,0.00000000,30.37356422,0.00000000,281.36760520,0.00000000,0.00000000,25.00174700,30.37356422,27.15938231,539.40882693,51512.18572674,7912.94957600
4,385,0.000000,0.591000,0.00000000,106.72863180,0.00000000,208.74916123,0.00000000,0.00000000,94.69756566,106.72863180,101.68074366,1745.79450000,51861.34462658,7912.94957600
4,386,0.000000,0.535000,0.00000000,107.05478108,0.00000000,178.53002311,0.00000000,0.00000000,94.69756566,107.05478108,101.68074366,1745.79450000,52020.25360035,8990.85283982
4,387,0.000000,0.388000,0.00000000,107.32720193,0.00000000,99.78850653,0.00000000,0.00000000,94.69756566,107.32720193,101.68074366,1745.79450000,52020.25360014,9891.18697000
4,388,0.000000,0.224000,0.00000000,106.72863180,0.00000000,12.84332360,0.00000000,0.00000000,94.69756566,106.72863180,101.68074366,1745.79450000,52369.41249998,7912.94957600
4,389,0.000000,0.134000,0.00000000,2.99285063,0.00000000,68.53680126,0.00000000,0.00000000,0.00000000,2.99285063,0.00000000,0.00000000,50623.61799977,9891.18697000
4,390,0.005000,0.105000,1.48279410,56.04935409,0.00000000,0.00000000,0.00000000,0.00000000,49.61403324,57.53214820,53.61681183,1000.69464704,50227.67704665,7912.94957600
4,391,0.134000,0.240000,39.73888197,67.58831996,0.00000000,60.52448939,0.00000000,0.00000000,94.69756566,107.32720193,101.68074366,1745.79450000,50227.67704644,9891.18697000
4,392,0.283000,0.321000,83.92614624,23.40105568,0.00000000,147.94982683,0.00000000,0.00000000,94.69756566,107.32720193,101.68074366,1745.79450000,50227.67704624,9891.18697000
4,393,0.396000,0.300000,106.72863180,0.00000000,10.70866117,160.14101169,0.00000000,0.00000000,94.69756566,106.72863180,101.68074366,1745.79450000,50576.83594607,7912.94957600
4,394,0.477000,0.264000,107.32720193,0.00000000,34.13135552,140.92409029,0.00000000,0.00000000,94.69756566,107.32720193,101.68074366,1745.79450000,50576.83594587,9891.18697000
4,395,0.512000,0.246000,106.72863180,0.00000000,45.10948437,131.31562959,0.00000000,0.00000000,94.69756566,106.72863180,101.68074366,1745.79450000,50925.99484570,7912.94957600
4,396,0.502000,0.245000,106.72863180,0.00000000,42.14389616,130.78182621,0.00000000,0.00000000,94.69756566,106.72863180,101.68074366,1745.79450000,51275.15374554,7912.94957600
4,397,0.433000,0.249000,106.72863180,0.00000000,21.68133754,132.91703970,0.00000000,0.00000000,94.69756566,106.72863180,101.68074366,1745.79450000,51624.31264538,7912.94957600
4,398,0.325000,0.264000,96.38161671,10.94558522,0.00000000,129.97850507,0.00000000,0.00000000,94.69756566,107.32720193,101.68074366,1745.79450000,51624.31264517,9891.18697000
4,399,0.208000,0.310000,61.68423469,45.64296723,0.00000000,119.83607818,0.00000000,0.00000000,94.69756566,107.32720193,101.68074366,1745.79450000,51624.31264497,9891.18697000
4,400,0.125000,0.379000,37.06985258,69.65877922,0.00000000,132.65269888,0.00000000,0.00000000,94.69756566,106.72863180,101.68074366,1745.79450000,51973.47154480,7912.94957600
4,401,0.045000,0.447000,13.34514693,93.90185558,0.00000000,144.70825184,0.00000000,0.00000000,94.69756566,107.24700251,101.68074366,1745.79450000,52020.25360014,9626.13283093
4,402,0.000000,0.448000,0.00000000,106.72863180,0.00000000,132.41527899,0.00000000,0.00000000,94.69756566,106.72863180,101.68074366,1745.79450000,52369.41249998,7912.94957600
4,403,0.000000,0.450000,0.00000000,107.32720193,0.00000000,132.88431561,0.00000000,0.00000000,94.69756566,107.32720193,101.68074366,1745.79450000,52369.41250018,9891.18696768
4,404,0.000000,0.472000,0.00000000,107.32720193,0.00000000,144.62798980,0.00000000,0.00000000,94.69756566,107.32720193,101.68074366,1745.79450000,52369.41249998,9891.18697000
4,405,0.000000,0.500000,0.00000000,30.37356422,0.00000000,236.52812193,0.00000000,0.00000000,25.00174700,30.37356422,27.15938231,539.40882693,51512.18572674,7912.94957600
4,406,0.000000,0.499000,0.00000000,106.72863180,0.00000000,159.63925098,0.00000000,0.00000000,94.69756566,106.72863180,101.68074366,1745.79450000,51861.34462658,7912.94957600
4,407,0.000000,0.510000,0.00000000,57.67001469,0.00000000,214.56970519,0.00000000,0.00000000,49.73928100,57.67001469,53.75120360,1002.98064984,51467.68967625,7912.94957600
4,408,0.000000,0.488000,0.00000000,107.32720193,0.00000000,153.16884376,0.00000000,0.00000000,94.69756566,107.32720193,101.68074366,1745.79450000,51467.68967604,9891.18697000
4,409,0.000000,0.464000,0.00000000,106.72863180,0.00000000,140.95613295,0.00000000,0.00000000,94.69756566,106.72863180,101.68074366,1745.79450000,51816.84857588,7912.94957600
4,410,0.000000,0.433000,0.00000000,106.72863180,0.00000000,124.40822841,0.00000000,0.00000000,94.69756566,106.72863180,101.68074366,1745.79450000,52166.00747572,7912.94957600
4,411,0.000000,0.396000,0.00000000,107.32720193,0.00000000,104.05893351,0.00000000,0.00000000,94.69756566,107.32720193,101.68074366,1745.79450000,52166.00747551,9891.18697000
4,412,0.000000,0.355000,0.00000000,57.84360301,0.00000000,131.65659416,0.00000000,0.00000000,49.73928100,57.84360301,53.75120360,1002.98064984,51671.09470195,8486.64829121
4,413,0.000000,0.311000,0.00000000,107.32720193,0.00000000,58.68564686,0.00000000,0.00000000,94.69756566,107.32720193,101.68074366,1745.79450000,51671.09470174,9891.18697000
4,414,0.000000,0.280000,0.00000000,106.72863180,0.00000000,42.73631244,0.00000000,0.00000000,94.69756566,106.72863180,101.68074366,1745.79450000,52020.25360158,7912.94957600
4,415,0.092000,0.428000,27.28341150,80.04379043,0.00000000,148.42405292,0.00000000,0.00000000,94.69756566,107.32720193,101.68074366,1745.79450000,52020.25360137,9891.18697000
4,416,0.225000,0.587000,66.72573464,40.60146728,0.00000000,272.74111226,0.00000000,0.00000000,94.69756566,107.32720193,101.68074366,1745.79450000,52020.25360117,9891.18697000
4,417,0.349000,0.591000,103.49902840,3.82817352,0.00000000,311.64961951,0.00000000,0.00000000,94.69756566,107.32720193,101.68074366,1745.79450000,52020.25360096,9891.18697000
4,418,0.442000,0.550000,107.32720193,0.00000000,23.75179680,293.59185477,0.00000000,0.00000000,94.69756566,107.32720193,101.68074366,1745.79450000,52020.25360076,9891.18697000
4,419,0.533000,0.521000,107.32720193,0.00000000,50.73864948,278.11155697,0.00000000,0.00000000,94.69756566,107.32720193,101.68074366,1745.79450000,52020.25360055,9891.18697000
4,420,0.551000,0.518000,106.72863180,0.00000000,56.67527837,276.51014685,0.00000000,0.00000000,94.69756566,106.72863180,101.68074366,1745.79450000,52369.41250039,7912.94957600
4,421,0.505000,0.491000,107.32720193,0.00000000,42.43500250,262.09745580,0.00000000,0.00000000,94.69756566,107.32720193,101.68074366,1745.79450000,52369.41250018,9891.18697000
4,422,0.418000,0.433000,107.32720193,0.00000000,16.63438510,231.13686021,0.00000000,0.00000000,94.69756566,107.32720193,101.68074366,1745.79450000,52369.41249998,9891.18697000
4,423,0.291000,0.394000,86.29861681,21.02858512,0.00000000,189.28994357,0.00000000,0.00000000,94.69756566,107.32720193,101.68074366,1745.79450000,52369.41249977,9891.18697000
4,424,0.176000,0.403000,52.19435243,55.13284949,0.00000000,159.98990955,0.00000000,0.00000000,94.69756566,107.32720193,101.68074366,1745.79450000,52369.41249957,9891.18697000
4,425,0.061000,0.435000,18.09008806,89.23711387,0.00000000,142.96735309,0.00000000,0.00000000,94.69756566,107.32720193,101.68074366,1745.79450000,52369.41249936,9891.18697000
4,426,0.000000,0.444000,0.00000000,107.32720193,0.00000000,129.68149538,0.00000000,0.00000000,94.69756566,107.32720193,101.68074366,1745.79450000,52369.41249916,9891.18697000
4,427,0.000000,0.456000,0.00000000,107.32720193,0.00000000,136.08713585,0.00000000,0.00000000,94.69756566,107.32720193,101.68074366,1745.79450000,52369.41249895,9891.18697000
4,428,0.000000,0.468000,0.00000000,107.32720193,0.00000000,142.49277631,0.00000000,0.00000000,94.69756566,107.32720193,101.68074366,1745.79450000,52369.41249875,9891.18697000
4,429,0.000000,0.497000,0.00000000,107.32720193,0.00000000,157.97307411,0.00000000,0.00000000,94.69756566,107.32720193,101.68074366,1745.79450000,52369.41249854,9891.18697000
4,430,0.000000,0.529000,0.00000000,107.32720193,0.00000000,175.05478202,0.00000000,0.00000000,94.69756566,107.32720193,101.68074366,1745.79450000,52369.41249834,9891.18697000
4,431,0.000000,0.558000,0.00000000,107.32720192,0.00000000,190.53507982,0.00000000,0.00000000,94.69756566,107.32720192,101.68074366,1745.79450000,52369.41249998,9891.18695955
4,432,0.000000,0.552000,0.00000000,107.32720193,0.00000000,187.33225959,0.00000000,0.00000000,94.69756566,107.32720193,101.68074366,1745.79450000,52369.41249977,9891.18697000
4,433,0.000000,0.532000,0.00000000,107.32720193,0.00000000,176.65619214,0.00000000,0.00000000,94.69756566,107.32720193,101.68074366,1745.79450000,52369.41249998,9891.18696768
4,434,0.000000,0.532000,0.00000000,58.26858481,0.00000000,225.71480925,0.00000000,0.00000000,49.73928100,58.26858481,53.75120360,1002.98064984,51626.59864961,9891.18697000
4,435,0.000000,0.441000,0.00000000,72.94337341,0.00000000,162.46391378,0.00000000,0.00000000,63.67817400,72.94337341,68.65710075,1244.73168631,51474.69473576,7912.94957600
4,436,0.000000,0.341000,0.00000000,106.72863180,0.00000000,75.29831816,0.00000000,0.00000000,94.69756566,106.72863180,101.68074366,1745.79450000,51823.85363559,7912.94957600
4,437,0.000000,0.337000,0.00000000,107.32720193,0.00000000,72.56453454,0.00000000,0.00000000,94.69756566,107.32720193,101.68074366,1745.79450000,51823.85363539,9891.18697000
4,438,0.006000,0.285000,1.77935292,105.54784900,0.00000000,46.58611211,0.00000000,0.00000000,94.69756566,107.32720193,101.68074366,1745.79450000,51823.85363518,9891.18697000
4,439,0.157000,0.362000,46.55973484,60.76746709,0.00000000,132.46935369,0.00000000,0.00000000,94.69756566,107.32720193,101.68074366,1745.79450000,51823.85363498,9891.18697000
4,440,0.350000,0.484000,73.54194353,0.00000000,30.25364369,258.36083220,0.00000000,0.00000000,63.67817400,73.54194353,68.65710075,1244.73168631,51322.79082109,9891.18697000
4,441,0.521000,0.449000,106.72863180,0.00000000,47.77851375,239.67771417,0.00000000,0.00000000,94.69756566,106.72863180,101.68074366,1745.79450000,51671.94972092,7912.94957600
4,442,0.651000,0.370000,107.32720193,0.00000000,85.73259031,197.50724775,0.00000000,0.00000000,94.69756566,107.32720193,101.68074366,1745.79450000,51671.94972072,9891.18697000
4,443,0.713000,0.313000,107.32720193,0.00000000,104.11923719,167.08045553,0.00000000,0.00000000,94.69756566,107.32720193,101.68074366,1745.79450000,51671.94972051,9891.18697000
4,444,0.724000,0.302000,106.73009758,0.00000000,107.97848856,161.20861844,0.00000000,0.00000000,94.69756566,106.73009758,101.68074366,1745.79450000,52020.25360014,7917.79388310
4,445,0.691000,0.296000,106.72863180,0.00000000,98.19351326,158.00579820,0.00000000,0.00000000,94.69756566,106.72863180,101.68074366,1745.79450000,52369.41249998,7912.94957600
4,446,0.605000,0.290000,107.32720193,0.00000000,72.09088456,154.80297797,0.00000000,0.00000000,94.69756566,107.32720193,101.68074366,1745.79450000,52369.41249977,9891.18697000
4,447,0.482000,0.308000,107.32720193,0.00000000,35.61414962,164.41143867,0.00000000,0.00000000,94.69756566,107.32720193,101.68074366,1745.79450000,52369.41249957,9891.18697000
4,448,0.316000,0.343000,93.71258732,13.61461460,0.00000000,169.47994210,0.00000000,0.00000000,94.69756566,107.32720193,101.68074366,1745.79450000,52369.41249936,9891.18697000
4,449,0.130000,0.398000,38.55264668,34.98929685,0.00000000,177.46444533,0.00000000,0.00000000,63.67817400,73.54194353,68.65710075,1244.73168631,51868.34968547,9891.18697000
4,450,0.002000,0.467000,0.59311764,106.47367234,0.00000000,142.81250252,0.00000000,0.00000000,94.69756566,107.06678999,101.68074366,1745.79450000,52020.25360199,9030.54154948
4,451,0.000000,0.506000,0.00000000,107.32720193,0.00000000,162.77730446,0.00000000,0.00000000,94.69756566,107.32720193,101.68074366,1745.79450000,52020.25360178,9891.18697000
4,452,0.000000,0.531000,0.00000000,107.32720193,0.00000000,176.12238877,0.00000000,0.00000000,94.69756566,107.32720193,101.68074366,1745.79450000,52020.25360158,9891.18697000
4,453,0.000000,0.547000,0.00000000,107.32720193,0.00000000,184.66324273,0.00000000,0.00000000,94.69756566,107.32720193,101.68074366,1745.79450000,52020.25360137,9891.18697000
4,454,0.000000,0.488000,0.00000000,107.32720193,0.00000000,153.16884376,0.00000000,0.00000000,94.69756566,107.32720193,101.68074366,1745.79450000,52020.25360117,9891.18697000
4,455,0.000000,0.467000,0.00000000,107.32720193,0.00000000,141.95897294,0.00000000,0.00000000,94.69756566,107.32720193,101.68074366,1745.79450000,52020.25360096,9891.18697000
4,456,0.000000,0.404000,0.00000000,107.32720193,0.00000000,108.32936049,0.00000000,0.00000000,94.69756566,107.32720193,101.68074366,1745.79450000,52020.25360076,9891.18697000
4,457,0.000000,0.346000,0.00000000,107.32720193,0.00000000,77.36876489,0.00000000,0.00000000,94.69756566,107.32720193,101.68074366,1745.79450000,52020.25360055,9891.18697000
4,458,0.000000,0.331000,0.00000000,107.32720193,0.00000000,69.36171431,0.00000000,0.00000000,94.69756566,107.32720193,101.68074366,1745.79450000,52020.25360035,9891.18697000
4,459,0.000000,0.274000,0.00000000,106.72863180,0.00000000,39.53349221,0.00000000,0.00000000,94.69756566,106.72863180,101.68074366,1745.79450000,52369.41250018,7912.94957600
4,460,0.000000,0.231000,0.00000000,107.32720193,0.00000000,15.98137708,0.00000000,0.00000000,94.69756566,107.32720193,101.68074366,1745.79450000,52369.41249998,9891.18697000
4,461,0.000000,0.185000,0.00000000,98.75362388,0.00000000,0.00000000,0.00000000,0.00000000,86.81176929,98.75362388,93.29655477,1621.19637042,52244.81437019,9891.18697000
4,462,0.006000,0.163000,1.77935292,87.00994969,0.00000000,0.00000000,0.50886924,0.00000000,78.66539600,89.29817185,84.63532017,1492.48104146,52340.65981148,7912.94957600
4,463,0.179000,0.241000,53.08402889,54.24317303,0.00000000,74.40343969,0.00000000,0.00000000,94.69756566,107.32720193,101.68074366,1745.79450000,52340.65981128,9891.18697000
4,464,0.377000,0.292000,107.32720193,0.00000000,4.47547346,155.87058471,0.00000000,0.00000000,94.69756566,107.32720193,101.68074366,1745.79450000,52340.65981107,9891.18697000
4,465,0.531000,0.278000,107.32720193,0.00000000,50.14553183,148.39733750,0.00000000,0.00000000,94.69756566,107.32720193,101.68074366,1745.79450000,52340.65981087,9891.18697000
4,466,0.646000,0.244000,107.32720193,0.00000000,84.24979621,130.24802284,0.00000000,0.00000000,94.69756566,107.32720193,101.68074366,1745.79450000,52340.65981066,9891.18697000
4,467,0.719000,0.183000,107.32720193,0.00000000,105.89859011,97.68601713,0.00000000,0.00000000,94.69756566,107.32720193,101.68074366,1745.79450000,52340.65981046,9891.18697000
4,468,0.740000,0.139000,107.32720193,0.00000000,112.12632535,74.19866875,0.00000000,0.00000000,94.69756566,107.32720193,101.68074366,1745.79450000,52340.65981025,9891.18697000
4,469,0.714000,0.134000,107.27791061,0.00000000,104.46508733,71.52965189,0.00000000,0.00000000,94.69756566,107.27791061,101.68074366,1745.79450000,52369.41250018,9728.28221001
4,470,0.643000,0.151000,107.32720193,0.00000000,83.36011975,80.60430922,0.00000000,0.00000000,94.69756566,107.32720193,101.68074366,1745.79450000,52369.41249998,9891.18697000
4,471,0.515000,0.169000,107.32720193,0.00000000,45.40059070,90.21276992,0.00000000,0.00000000,94.69756566,107.32720193,101.68074366,1745.79450000,52369.41249977,9891.18697000
4,472,0.339000,0.195000,100.53344020,6.79376173,0.00000000,97.29789587,0.00000000,0.00000000,94.69756566,107.32720193,101.68074366,1745.79450000,52369.41249957,9891.18697000
4,473,0.135000,0.225000,40.03544079,67.29176114,0.00000000,52.81399763,0.00000000,0.00000000,94.69756566,107.32720193,101.68074366,1745.79450000,52369.41249936,9891.18697000
4,474,0.001000,0.259000,0.29655882,107.03064311,0.00000000,31.22443032,0.00000000,0.00000000,94.69756566,107.32720193,101.68074366,1745.79450000,52369.41249916,9891.18697000
4,475,0.000000,0.263000,0.00000000,107.32720193,0.00000000,33.06308499,0.00000000,0.00000000,94.69756566,107.32720193,101.68074366,1745.79450000,52369.41249895,9891.18697000
4,476,0.000000,0.272000,0.00000000,107.32720193,0.00000000,37.86731534,0.00000000,0.00000000,94.69756566,107.32720193,101.68074366,1745.79450000,52369.41249875,9891.18697000
4,477,0.000000,0.275000,0.00000000,107.32720193,0.00000000,39.46872546,0.00000000,0.00000000,94.69756566,107.32720193,101.68074366,1745.79450000,52369.41249854,9891.18697000
4,478,0.000000,0.266000,0.00000000,107.32720193,0.00000000,34.66449511,0.00000000,0.00000000,94.69756566,107.32720193,101.68074366,1745.79450000,52369.41249834,9891.18697000
4,479,0.000000,0.278000,0.00000000,107.32720193,0.00000000,41.07013558,0.00000000,0.00000000,94.69756566,107.32720193,101.68074366,1745.79450000,52369.41249813,9891.18697000
4,480,0.000000,0.300000,0.00000000,107.32720193,0.00000000,52.81380977,0.00000000,0.00000000,94.69756566,107.32720193,101.68074366,1745.79450000,52369.41249793,9891.18697000
4,481,0.000000,0.284000,0.00000000,107.32720192,0.00000000,44.27295581,0.00000000,0.00000000,94.69756566,107.32720192,101.68074366,1745.79450000,52369.41249998,9891.18695722
4,482,0.000000,0.264000,0.00000000,107.32720193,0.00000000,33.59688836,0.00000000,0.00000000,94.69756566,107.32720193,101.68074366,1745.79450000,52369.41249977,9891.18697000
4,483,0.000000,0.221000,0.00000000,107.32720193,0.00000000,10.64334335,0.00000000,0.00000000,94.69756566,107.32720193,101.68074366,1745.79450000,52369.41249998,9891.18696768
4,484,0.000000,0.173000,0.00000000,92.34798341,0.00000000,0.00000000,0.00000000,0.00000000,81.25490501,92.34798341,87.38848950,1533.39612022,52369.41249998,8687.79671513
4,485,0.000000,0.139000,0.00000000,57.67001469,0.00000000,16.52865406,0.00000000,0.00000000,49.73928100,57.67001469,53.75120360,1002.98064984,51975.75754965,7912.94957600
4,486,0.001000,0.106000,0.00000000,44.07720969,0.29655882,12.50594778,0.00000000,0.00000000,36.84682300,44.07720969,39.91750131,767.66957627,50997.63262572,9891.18697000
4,487,0.101000,0.099000,29.95244088,27.71757380,0.00000000,25.12896006,0.00000000,0.00000000,49.73928100,57.67001469,53.75120360,1002.98064984,50603.97767539,7912.94957600
4,488,0.234000,0.084000,69.39476403,37.33386777,0.00000000,7.50561550,0.00000000,0.00000000,94.69756566,106.72863180,101.68074366,1745.79450000,50953.13657522,7912.94957600
4,489,0.339000,0.068000,100.53344020,6.19519160,0.00000000,30.10343771,0.00000000,0.00000000,94.69756566,106.72863180,101.68074366,1745.79450000,51302.29547506,7912.94957600
4,490,0.434000,0.054000,106.72863180,0.00000000,21.97789636,28.82538210,0.00000000,0.00000000,94.69756566,106.72863180,101.68074366,1745.79450000,51651.45437489,7912.94957600
4,491,0.534000,0.049000,107.32720193,0.00000000,51.03520830,26.15636524,0.00000000,0.00000000,94.69756566,107.32720193,101.68074366,1745.79450000,51651.45437469,9891.18697000
4,492,0.610000,0.067000,107.32720193,0.00000000,73.57367867,35.76482594,0.00000000,0.00000000,94.69756566,107.32720193,101.68074366,1745.79450000,51651.45437448,9891.18697000
4,493,0.622000,0.095000,106.72863180,0.00000000,77.73095464,50.71132037,0.00000000,0.00000000,94.69756566,106.72863180,101.68074366,1745.79450000,52000.61327432,7912.94957600
4,494,0.580000,0.133000,106.72863180,0.00000000,65.27548417,70.99584852,0.00000000,0.00000000,94.69756566,106.72863180,101.68074366,1745.79450000,52349.77217416,7912.94957600
4,495,0.480000,0.179000,107.32720193,0.00000000,35.02103198,95.55080364,0.00000000,0.00000000,94.69756566,107.32720193,101.68074366,1745.79450000,52349.77217395,9891.18697000
4,496,0.334000,0.241000,99.05064609,8.27655583,0.00000000,120.37005689,0.00000000,0.00000000,94.69756566,107.32720193,101.68074366,1745.79450000,52349.77217375,9891.18697000
4,497,0.154000,0.322000,45.67005838,61.65714355,0.00000000,110.22754234,0.00000000,0.00000000,94.69756566,107.32720193,101.68074366,1745.79450000,52349.77217354,9891.18697000
4,498,0.005000,0.389000,1.48279410,105.81073802,0.00000000,101.83877381,0.00000000,0.00000000,94.69756566,107.29353212,101.68074366,1745.79450000,52369.41250018,9779.91033064
4,499,0.000000,0.377000,0.00000000,107.32720193,0.00000000,93.91666943,0.00000000,0.00000000,94.69756566,107.32720193,101.68074366,1745.79450000,52369.41249998,9891.18697000
4,500,0.000000,0.320000,0.00000000,30.69971350,0.00000000,140.11736564,0.00000000,0.00000000,25.00174700,30.69971350,27.15938231,539.40882693,51321.93580109,8990.85283750
4,501,0.000000,0.284000,0.00000000,107.32720193,0.00000000,44.27295581,0.00000000,0.00000000,94.69756566,107.32720193,101.68074366,1745.79450000,51321.93580088,9891.18697000
4,502,0.000000,0.253000,0.00000000,107.32720193,0.00000000,27.72505127,0.00000000,0.00000000,94.69756566,107.32720193,101.68074366,1745.79450000,51321.93580068,9891.18697000
4,503,0.000000,0.234000,0.00000000,106.72863180,0.00000000,18.18135732,0.00000000,0.00000000,94.69756566,106.72863180,101.68074366,1745.79450000,51671.09470051,7912.94957600
4,504,0.000000,0.210000,0.00000000,106.72863180,0.00000000,5.37007638,0.00000000,0.00000000,94.69756566,106.72863180,101.68074366,1745.79450000,52020.25360035,7912.94957600
4,505,0.000000,0.223000,0.00000000,107.32720193,0.00000000,11.71095010,0.00000000,0.00000000,94.69756566,107.32720193,101.68074366,1745.79450000,52020.25360014,9891.18697000
4,506,0.000000,0.208000,0.00000000,106.72863180,0.00000000,4.30246964,0.00000000,0.00000000,94.69756566,106.72863180,101.68074366,1745.79450000,52369.41249998,7912.94957600
4,507,0.000000,0.152000,0.00000000,2.39428050,0.00000000,78.74383209,0.00000000,0.00000000,0.00000000,2.39428050,0.00000000,0.00000000,50972.77689982,7912.94957600
4,508,0.000000,0.100000,0.00000000,2.39428050,0.00000000,50.98605673,0.00000000,0.00000000,0.00000000,2.39428050,0.00000000,0.00000000,49576.14129965,7912.94957600
4,509,0.000000,0.083000,0.00000000,44.30567990,0.00000000,0.00000000,0.00000000,0.00000000,37.59816588,44.30567990,40.72369742,781.38288344,48960.88858293,7912.94957600
4,510,0.004000,0.084000,1.18623528,42.29240428,0.00000000,2.54707899,0.00000000,0.00000000,36.84682300,43.47863956,39.91750131,767.66957627,48331.92255904,7912.94957600
4,511,0.143000,0.115000,42.40791135,30.53546206,0.00000000,30.85192576,0.00000000,0.00000000,63.67817400,72.94337341,68.65710075,1244.73168631,48180.01864518,7912.94957600
4,512,0.336000,0.167000,99.64376374,7.08486807,0.00000000,82.06029511,0.00000000,0.00000000,94.69756566,106.72863180,101.68074366,1745.79450000,48529.17754502,7912.94957600
4,513,0.495000,0.213000,106.72863180,0.00000000,40.06798442,113.70011830,0.00000000,0.00000000,94.69756566,106.72863180,101.68074366,1745.79450000,48878.33644485,7912.94957600
4,514,0.620000,0.256000,106.72863180,0.00000000,77.13783700,136.65366331,0.00000000,0.00000000,94.69756566,106.72863180,101.68074366,1745.79450000,49227.49534469,7912.94957600
4,515,0.696000,0.294000,106.72863180,0.00000000,99.67630737,156.93819146,0.00000000,0.00000000,94.69756566,106.72863180,101.68074366,1745.79450000,49576.65424453,7912.94957600
4,516,0.730000,0.332000,72.94337341,0.00000000,143.54456566,177.22271961,0.00000000,0.00000000,63.67817400,72.94337341,68.65710075,1244.73168631,49424.75033067,7912.94957600
4,517,0.716000,0.357000,106.72863180,0.00000000,105.60748378,190.56780391,0.00000000,0.00000000,94.69756566,106.72863180,101.68074366,1745.79450000,49773.90923051,7912.94957600
4,518,0.652000,0.379000,106.72863180,0.00000000,86.62771926,202.31147810,0.00000000,0.00000000,94.69756566,106.72863180,101.68074366,1745.79450000,50123.06813035,7912.94957600
4,519,0.536000,0.408000,106.72863180,0.00000000,52.22689606,217.79177590,0.00000000,0.00000000,94.69756566,106.72863180,101.68074366,1745.79450000,50472.22703018,7912.94957600
4,520,0.374000,0.444000,106.72863180,0.00000000,4.18436712,237.00869730,0.00000000,0.00000000,94.69756566,106.72863180,101.68074366,1745.79450000,50821.38593002,7912.94957600
4,521,0.170000,0.466000,50.41499951,56.31363229,0.00000000,192.43873920,0.00000000,0.00000000,94.69756566,106.72863180,101.68074366,1745.79450000,51170.54482985,7912.94957600
4,522,0.005000,0.432000,1.48279410,105.84440782,0.00000000,124.75864901,0.00000000,0.00000000,94.69756566,107.32720193,101.68074366,1745.79450000,51170.54482965,9891.18697000
4,523,0.000000,0.355000,0.00000000,107.32720193,0.00000000,82.17299524,0.00000000,0.00000000,94.69756566,107.32720193,101.68074366,1745.79450000,51170.54482944,9891.18697000
4,524,0.000000,0.305000,0.00000000,107.32720193,0.00000000,55.48282663,0.00000000,0.00000000,94.69756566,107.32720193,101.68074366,1745.79450000,51170.54482924,9891.18697000
4,525,0.000000,0.265000,0.00000000,107.32720193,0.00000000,34.13069174,0.00000000,0.00000000,94.69756566,107.32720193,101.68074366,1745.79450000,51170.54482903,9891.18697000
4,526,0.000000,0.233000,0.00000000,106.72863180,0.00000000,17.64755395,0.00000000,0.00000000,94.69756566,106.72863180,101.68074366,1745.79450000,51519.70372887,7912.94957600
4,527,0.000000,0.202000,0.00000000,107.32720193,0.00000000,0.50107928,0.00000000,0.00000000,94.69756566,107.32720193,101.68074366,1745.79450000,51519.70372867,9891.18697000
4,528,0.000000,0.174000,0.00000000,92.88178678,0.00000000,0.00000000,0.00000000,0.00000000,81.96152948,92.88178678,88.13977354,1544.56101496,51667.62914347,7912.94957600
4,529,0.000000,0.146000,0.00000000,58.26858481,0.00000000,19.66670754,0.00000000,0.00000000,49.73928100,58.26858481,53.75120360,1002.98064984,50924.81529310,9891.18697000
4,530,0.000000,0.139000,0.00000000,2.99285063,0.00000000,71.20581813,0.00000000,0.00000000,0.00000000,2.99285063,0.00000000,0.00000000,49179.02079289,9891.18697000
4,531,0.000000,0.147000,0.00000000,78.46909573,0.00000000,0.00000000,0.00000000,0.00000000,68.74183886,78.46909573,74.05558985,1328.43774745,49110.82294017,7912.94957600
4,532,0.000000,0.172000,0.00000000,91.81418004,0.00000000,0.00000000,0.00000000,0.00000000,80.42901511,91.81418004,86.51040229,1520.34679305,48885.37523301,9891.18697000
4,533,0.000000,0.199000,0.00000000,106.22687109,0.00000000,0.00000000,0.00000000,0.00000000,94.23605673,106.22687109,101.19006677,1738.50250991,49227.24214275,7912.94957600
4,534,0.005000,0.208000,1.48279410,105.24583770,0.00000000,5.78526374,0.00000000,0.00000000,94.69756566,106.72863180,101.68074366,1745.79450000,49576.40104259,7912.94957600
4,535,0.140000,0.355000,41.51823489,65.80896704,0.00000000,123.69123013,0.00000000,0.00000000,94.69756566,107.32720193,101.68074366,1745.79450000,49576.40104239,9891.18697000
4,536,0.315000,0.447000,93.41602850,13.31260330,0.00000000,225.29750412,0.00000000,0.00000000,94.69756566,106.72863180,101.68074366,1745.79450000,49925.55994222,7912.94957600
4,537,0.471000,0.472000,107.32720193,0.00000000,32.35200260,251.95519173,0.00000000,0.00000000,94.69756566,107.32720193,101.68074366,1745.79450000,49925.55994202,9891.18697000
4,538,0.597000,0.494000,106.72863180,0.00000000,70.31698412,263.69886592,0.00000000,0.00000000,94.69756566,106.72863180,101.68074366,1745.79450000,50274.71884185,7912.94957600
4,539,0.641000,0.519000,107.32720193,0.00000000,82.76700210,277.04395023,0.00000000,0.00000000,94.69756566,107.32720193,101.68074366,1745.79450000,50274.71884165,9891.18697000
4,540,0.638000,0.538000,107.32720193,0.00000000,81.87732564,287.18621430,0.00000000,0.00000000,94.69756566,107.32720193,101.68074366,1745.79450000,50274.71884144,9891.18697000
4,541,0.601000,0.542000,106.84496493,0.00000000,71.38688628,289.32142779,0.00000000,0.00000000,94.69756566,106.84496493,101.68074366,1745.79450000,50556.01811322,8297.42338938
4,542,0.543000,0.547000,106.72863180,0.00000000,54.30280781,291.99044465,0.00000000,0.00000000,94.69756566,106.72863180,101.68074366,1745.79450000,50905.17701305,7912.94957600
4,543,0.443000,0.558000,106.72863180,0.00000000,24.64692574,297.86228175,0.00000000,0.00000000,94.69756566,106.72863180,101.68074366,1745.79450000,51254.33591289,7912.94957600
4,544,0.288000,0.562000,85.40894034,21.91826158,0.00000000,278.07923365,0.00000000,0.00000000,94.69756566,107.32720193,101.68074366,1745.79450000,51254.33591268,9891.18697000
4,545,0.112000,0.566000,33.21458791,74.11261401,0.00000000,228.02009471,0.00000000,0.00000000,94.69756566,107.32720193,101.68074366,1745.79450000,51254.33591248,9891.18697000
4,546,0.000000,0.538000,0.00000000,106.72863180,0.00000000,180.45758250,0.00000000,0.00000000,94.69756566,106.72863180,101.68074366,1745.79450000,51603.49481232,7912.94957600
4,547,0.000000,0.513000,0.00000000,107.32720193,0.00000000,166.51392807,0.00000000,0.00000000,94.69756566,107.32720193,101.68074366,1745.79450000,51603.49481211,9891.18697000
4,548,0.000000,0.529000,0.00000000,107.32720193,0.00000000,175.05478202,0.00000000,0.00000000,94.69756566,107.32720193,101.68074366,1745.79450000,51603.49481191,9891.18697000
4,549,0.000000,0.522000,0.00000000,107.32720193,0.00000000,171.31815842,0.00000000,0.00000000,94.69756566,107.32720193,101.68074366,1745.79450000,51603.49481170,9891.18697000
4,550,0.000000,0.476000,0.00000000,107.32720193,0.00000000,146.76320329,0.00000000,0.00000000,94.69756566,107.32720193,101.68074366,1745.79450000,51603.49481150,9891.18697000
4,551,0.000000,0.387000,0.00000000,107.32720193,0.00000000,99.25470316,0.00000000,0.00000000,94.69756566,107.32720193,101.68074366,1745.79450000,51603.49481129,9891.18697000
4,552,0.000000,0.322000,0.00000000,73.54194353,0.00000000,98.34274235,0.00000000,0.00000000,63.67817400,73.54194353,68.65710075,1244.73168631,51102.43199740,9891.18697000
4,553,0.000000,0.251000,0.00000000,106.72863180,0.00000000,27.25601465,0.00000000,0.00000000,94.69756566,106.72863180,101.68074366,1745.79450000,51451.59089723,7912.94957600
4,554,0.000000,0.195000,0.00000000,104.09165760,0.00000000,0.00000000,0.00000000,0.00000000,91.72158019,104.09165760,98.51667206,1698.77296839,51404.56936542,9891.18697000
4,555,0.000000,0.172000,0.00000000,91.81418004,0.00000000,0.00000000,0.00000000,0.00000000,80.42901511,91.81418004,86.51040229,1520.34679305,51179.12165826,9891.18697000
4,556,0.000000,0.164000,0.00000000,30.97213435,0.00000000,56.57161871,0.00000000,0.00000000,25.00174700,30.97213435,27.15938231,539.40882693,49972.73598498,9891.18697000
4,557,0.000000,0.171000,0.00000000,91.28037666,0.00000000,0.00000000,0.00000000,0.00000000,79.93803402,91.28037666,85.98839056,1512.58913325,49739.53061802,9891.18697000
4,558,0.006000,0.178000,1.77935292,95.01700027,0.00000000,0.00000000,0.00000000,0.00000000,85.01151297,96.79635319,91.38251993,1592.75173917,49586.48785698,9891.18697000
4,559,0.163000,0.325000,48.33908776,58.98811416,0.00000000,114.49798184,0.00000000,0.00000000,94.69756566,107.32720193,101.68074366,1745.79450000,49586.48785678,9891.18697000
4,560,0.360000,0.403000,106.76117543,0.56602650,0.00000000,214.55673254,0.00000000,0.00000000,94.69756566,107.32720193,101.68074366,1745.79450000,49586.48785657,9891.18697000
4,561,0.520000,0.395000,106.72863180,0.00000000,47.48195493,210.85233206,0.00000000,0.00000000,94.69756566,106.72863180,101.68074366,1745.79450000,49935.64675641,7912.94957600
4,562,0.623000,0.395000,107.32720193,0.00000000,77.42894333,210.85233206,0.00000000,0.00000000,94.69756566,107.32720193,101.68074366,1745.79450000,49935.64675621,9891.18697000
4,563,0.682000,0.422000,107.32720193,0.00000000,94.92591375,225.26502311,0.00000000,0.00000000,94.69756566,107.32720193,101.68074366,1745.79450000,49935.64675600,9891.18697000
4,564,0.708000,0.454000,107.32720193,0.00000000,102.63644309,242.34673103,0.00000000,0.00000000,94.69756566,107.32720193,101.68074366,1745.79450000,49935.64675580,9891.18697000
4,565,0.688000,0.484000,107.32720193,0.00000000,96.70526667,258.36083220,0.00000000,0.00000000,94.69756566,107.32720193,101.68074366,1745.79450000,49935.64675559,9891.18697000
4,566,0.613000,0.514000,106.72863180,0.00000000,75.06192525,274.37493337,0.00000000,0.00000000,94.69756566,106.72863180,101.68074366,1745.79450000,50284.80565543,7912.94957600
4,567,0.485000,0.538000,107.32720193,0.00000000,36.50382608,287.18621430,0.00000000,0.00000000,94.69756566,107.32720193,101.68074366,1745.79450000,50284.80565522,9891.18697000
4,568,0.316000,0.559000,2.99285063,0.00000000,90.71973670,298.39608512,0.00000000,0.00000000,0.00000000,2.99285063,0.00000000,0.00000000,48539.01115502,9891.18697000
4,569,0.129000,0.571000,38.25608786,69.07111406,0.00000000,235.73061152,0.00000000,0.00000000,94.69756566,107.32720193,101.68074366,1745.79450000,48539.01115481,9891.18697000
4,570,0.002000,0.523000,0.59311764,106.73408428,0.00000000,172.44507943,0.00000000,0.00000000,94.69756566,107.32720193,101.68074366,1745.79450000,48539.01115461,9891.18697000
4,571,0.000000,0.398000,0.00000000,89.89674172,0.00000000,122.55700046,0.00000000,0.00000000,78.66539600,89.89674172,84.63531998,1492.48099468,48285.69764908,9891.18697000
4,572,0.000000,0.364000,0.00000000,107.32720193,0.00000000,86.97722559,0.00000000,0.00000000,94.69756566,107.32720193,101.68074366,1745.79450000,48285.69764887,9891.18697000
4,573,0.000000,0.391000,0.00000000,107.32720193,0.00000000,101.38991665,0.00000000,0.00000000,94.69756566,107.32720193,101.68074366,1745.79450000,48285.69764867,9891.18697000
4,574,0.000000,0.348000,0.00000000,107.32720193,0.00000000,78.43637164,0.00000000,0.00000000,94.69756566,107.32720193,101.68074366,1745.79450000,48285.69764846,9891.18697000
4,575,0.000000,0.352000,0.00000000,107.32720193,0.00000000,80.57158513,0.00000000,0.00000000,94.69756566,107.32720193,101.68074366,1745.79450000,48285.69764826,9891.18697000
4,576,0.000000,0.315000,0.00000000,107.32720193,0.00000000,60.82086035,0.00000000,0.00000000,94.69756566,107.32720193,101.68074366,1745.79450000,48285.69764805,9891.18697000
4,577,0.000000,0.279000,0.00000000,30.97213435,0.00000000,117.95900652,0.00000000,0.00000000,25.00174700,30.97213435,27.15938231,539.40882693,47079.31197477,9891.18697000
4,578,0.000000,0.263000,0.00000000,107.32720193,0.00000000,33.06308499,0.00000000,0.00000000,94.69756566,107.32720193,101.68074366,1745.79450000,47079.31197457,9891.18697000
4,579,0.000000,0.270000,0.00000000,107.32720193,0.00000000,36.79970860,0.00000000,0.00000000,94.69756566,107.32720193,101.68074366,1745.79450000,47079.31197436,9891.18697000
4,580,0.000000,0.281000,0.00000000,107.32720193,0.00000000,42.67154569,0.00000000,0.00000000,94.69756566,107.32720193,101.68074366,1745.79450000,47079.31197416,9891.18697000
4,581,0.000000,0.296000,0.00000000,107.32720193,0.00000000,50.67859628,0.00000000,0.00000000,94.69756566,107.32720193,101.68074366,1745.79450000,47079.31197395,9891.18697000
4,582,0.008000,0.312000,2.37247057,104.95473136,0.00000000,61.59192080,0.00000000,0.00000000,94.69756566,107.32720193,101.68074366,1745.79450000,47079.31197375,9891.18697000
4,583,0.195000,0.531000,57.82897002,49.49823190,0.00000000,233.95135879,0.00000000,0.00000000,94.69756566,107.32720193,101.68074366,1745.79450000,47079.31197354,9891.18697000
4,584,0.395000,0.562000,73.54194353,0.00000000,43.59879062,299.99749524,0.00000000,0.00000000,63.67817400,73.54194353,68.65710075,1244.73168631,46578.24915965,9891.18697000
4,585,0.555000,0.496000,107.32720193,0.00000000,57.26294353,264.76647266,0.00000000,0.00000000,94.69756566,107.32720193,101.68074366,1745.79450000,46578.24915944,9891.18697000
4,586,0.663000,0.444000,107.32720193,0.00000000,89.29129616,237.00869730,0.00000000,0.00000000,94.69756566,107.32720193,101.68074366,1745.79450000,46578.24915924,9891.18697000
4,587,0.720000,0.429000,89.89674172,0.00000000,123.62560915,229.00164672,0.00000000,0.00000000,78.66539600,89.89674172,84.63531998,1492.48099468,46324.93565371,9891.18697000
4,588,0.736000,0.431000,107.32720193,0.00000000,110.94009007,230.06925346,0.00000000,0.00000000,94.69756566,107.32720193,101.68074366,1745.79450000,46324.93565350,9891.18697000
4,589,0.703000,0.457000,107.32720193,0.00000000,101.15364898,243.94814114,0.00000000,0.00000000,94.69756566,107.32720193,101.68074366,1745.79450000,46324.93565330,9891.18697000
4,590,0.631000,0.506000,73.54194353,0.00000000,113.58667229,270.10450639,0.00000000,0.00000000,63.67817400,73.54194353,68.65710075,1244.73168631,45823.87283941,9891.18697000
4,591,0.504000,0.561000,107.32720193,0.00000000,42.13844368,299.46369186,0.00000000,0.00000000,94.69756566,107.32720193,101.68074366,1745.79450000,45823.87283920,9891.18697000
4,592,0.329000,0.615000,97.56785199,9.75934994,0.00000000,318.52972403,0.00000000,0.00000000,94.69756566,107.32720193,101.68074366,1745.79450000,45823.87283900,9891.18697000
4,593,0.131000,0.661000,38.84920550,68.47799642,0.00000000,284.36603267,0.00000000,0.00000000,94.69756566,107.32720193,101.68074366,1745.79450000,45823.87283879,9891.18697000
4,594,0.002000,0.668000,0.59311764,106.73408428,0.00000000,249.84656842,0.00000000,0.00000000,94.69756566,107.32720193,101.68074366,1745.79450000,45823.87283859,9891.18697000
4,595,0.000000,0.627000,0.00000000,107.32720193,0.00000000,227.36751251,0.00000000,0.00000000,94.69756566,107.32720193,101.68074366,1745.79450000,45823.87283838,9891.18697000
4,596,0.000000,0.613000,0.00000000,107.32720193,0.00000000,219.89426530,0.00000000,0.00000000,94.69756566,107.32720193,101.68074366,1745.79450000,45823.87283818,9891.18697000
4,597,0.000000,0.615000,0.00000000,107.32720193,0.00000000,220.96187204,0.00000000,0.00000000,94.69756566,107.32720193,101.68074366,1745.79450000,45823.87283797,9891.18697000
4,598,0.000000,0.576000,0.00000000,107.32720193,0.00000000,200.14354052,0.00000000,0.00000000,94.69756566,107.32720193,101.68074366,1745.79450000,45823.87283777,9891.18697000
4,599,0.000000,0.495000,0.00000000,107.32720193,0.00000000,156.90546737,0.00000000,0.00000000,94.69756566,107.32720193,101.68074366,1745.79450000,45823.87283756,9891.18697000
4,600,0.000000,0.407000,0.00000000,107.32720193,0.00000000,109.93077060,0.00000000,0.00000000,94.69756566,107.32720193,101.68074366,1745.79450000,45823.87283736,9891.18697000
4,601,0.000000,0.317000,0.00000000,107.32720193,0.00000000,61.88846710,0.00000000,0.00000000,94.69756566,107.32720193,101.68074366,1745.79450000,45823.87283715,9891.18697000
4,602,0.000000,0.244000,0.00000000,107.32720193,0.00000000,22.92082092,0.00000000,0.00000000,94.69756566,107.32720193,101.68074366,1745.79450000,45823.87283695,9891.18697000
4,603,0.000000,0.201000,0.00000000,107.29447783,0.00000000,0.00000000,0.00000000,0.00000000,94.66746673,107.29447783,101.64874244,1745.31892718,45823.39726392,9891.18697000
4,604,0.000000,0.201000,0.00000000,107.29447783,0.00000000,0.00000000,0.00000000,0.00000000,94.66746673,107.29447783,101.64874244,1745.31892718,45822.92169089,9891.18697000
4,605,0.000000,0.233000,0.00000000,107.32720193,0.00000000,17.04898382,0.00000000,0.00000000,94.69756566,107.32720193,101.68074366,1745.79450000,45822.92169069,9891.18697000
4,606,0.004000,0.279000,1.18623528,106.14096664,0.00000000,42.79017423,0.00000000,0.00000000,94.69756566,107.32720193,101.68074366,1745.79450000,45822.92169048,9891.18697000
4,607,0.145000,0.498000,43.00102899,64.32617293,0.00000000,201.50790648,0.00000000,0.00000000,94.69756566,107.32720193,101.68074366,1745.79450000,45822.92169028,9891.18697000
4,608,0.346000,0.569000,102.60935194,4.71784998,0.00000000,299.01626886,0.00000000,0.00000000,94.69756566,107.32720193,101.68074366,1745.79450000,45822.92169007,9891.18697000
4,609,0.507000,0.553000,107.32720193,0.00000000,43.02812014,295.19326488,0.00000000,0.00000000,94.69756566,107.32720193,101.68074366,1745.79450000,45822.92168987,9891.18697000
4,610,0.615000,0.532000,107.32720193,0.00000000,75.05647277,283.98339407,0.00000000,0.00000000,94.69756566,107.32720193,101.68074366,1745.79450000,45822.92168966,9891.18697000
4,611,0.681000,0.526000,107.32720193,0.00000000,94.62935493,280.78057383,0.00000000,0.00000000,94.69756566,107.32720193,101.68074366,1745.79450000,45822.92168946,9891.18697000
4,612,0.679000,0.538000,107.32720193,0.00000000,94.03623729,287.18621430,0.00000000,0.00000000,94.69756566,107.32720193,101.68074366,1745.79450000,45822.92168925,9891.18697000
4,613,0.642000,0.568000,107.32720193,0.00000000,83.06356093,303.20031547,0.00000000,0.00000000,94.69756566,107.32720193,101.68074366,1745.79450000,45822.92168905,9891.18697000
4,614,0.566000,0.594000,107.32720193,0.00000000,60.52509056,317.07920315,0.00000000,0.00000000,94.69756566,107.32720193,101.68074366,1745.79450000,45822.92168884,9891.18697000
4,615,0.440000,0.600000,107.32720193,0.00000000,23.15867916,320.28202338,0.00000000,0.00000000,94.69756566,107.32720193,101.68074366,1745.79450000,45822.92168864,9891.18697000
4,616,0.285000,0.593000,73.54194353,0.00000000,10.97732035,316.54539978,0.00000000,0.00000000,63.67817400,73.54194353,68.65710075,1244.73168631,45321.85887474,9891.18697000
4,617,0.118000,0.565000,34.99394084,72.33326109,0.00000000,229.26564426,0.00000000,0.00000000,94.69756566,107.32720193,101.68074366,1745.79450000,45321.85887454,9891.18697000
4,618,0.001000,0.494000,0.29655882,107.03064311,0.00000000,156.66822281,0.00000000,0.00000000,94.69756566,107.32720193,101.68074366,1745.79450000,45321.85887433,9891.18697000
4,619,0.000000,0.369000,0.00000000,107.32720193,0.00000000,89.64624245,0.00000000,0.00000000,94.69756566,107.32720193,101.68074366,1745.79450000,45321.85887413,9891.18697000
4,620,0.000000,0.311000,0.00000000,107.32720193,0.00000000,58.68564686,0.00000000,0.00000000,94.69756566,107.32720193,101.68074366,1745.79450000,45321.85887392,9891.18697000
4,621,0.000000,0.280000,0.00000000,107.32720193,0.00000000,42.13774232,0.00000000,0.00000000,94.69756566,107.32720193,101.68074366,1745.79450000,45321.85887372,9891.18697000
4,622,0.000000,0.264000,0.00000000,73.54194353,0.00000000,67.38214675,0.00000000,0.00000000,63.67817400,73.54194353,68.65710075,1244.73168631,44820.79605983,9891.18697000
4,623,0.000000,0.261000,0.00000000,107.32720193,0.00000000,31.99547825,0.00000000,0.00000000,94.69756566,107.32720193,101.68074366,1745.79450000,44820.79605962,9891.18697000
4,624,0.000000,0.252000,0.00000000,107.32720193,0.00000000,27.19124790,0.00000000,0.00000000,94.69756566,107.32720193,101.68074366,1745.79450000,44820.79605942,9891.18697000
4,625,0.000000,0.250000,0.00000000,107.32720193,0.00000000,26.12364115,0.00000000,0.00000000,94.69756566,107.32720193,101.68074366,1745.79450000,44820.79605921,9891.18697000
4,626,0.000000,0.259000,0.00000000,107.32720193,0.00000000,30.92787150,0.00000000,0.00000000,94.69756566,107.32720193,101.68074366,1745.79450000,44820.79605901,9891.18697000
4,627,0.000000,0.282000,0.00000000,107.32720193,0.00000000,43.20534906,0.00000000,0.00000000,94.69756566,107.32720193,101.68074366,1745.79450000,44820.79605880,9891.18697000
4,628,0.000000,0.316000,0.00000000,107.32720193,0.00000000,61.35466372,0.00000000,0.00000000,94.69756566,107.32720193,101.68074366,1745.79450000,44820.79605860,9891.18697000
4,629,0.000000,0.320000,0.00000000,73.54194353,0.00000000,97.27513560,0.00000000,0.00000000,63.67817400,73.54194353,68.65710075,1244.73168631,44319.73324470,9891.18697000
4,630,0.007000,0.297000,2.07591174,105.25129018,0.00000000,53.28831139,0.00000000,0.00000000,94.69756566,107.32720193,101.68074366,1745.79450000,44319.73324450,9891.18697000
4,631,0.167000,0.480000,49.52532305,24.01662049,0.00000000,232.20899822,0.00000000,0.00000000,63.67817400,73.54194353,68.65710075,1244.73168631,43818.67043060,9891.18697000
4,632,0.353000,0.516000,58.26858481,0.00000000,46.41667887,275.44254011,0.00000000,0.00000000,49.73928100,58.26858481,53.75120360,1002.98064984,43075.85658023,9891.18697000
4,633,0.485000,0.444000,107.32720193,0.00000000,36.50382608,237.00869730,0.00000000,0.00000000,94.69756566,107.32720193,101.68074366,1745.79450000,43075.85658003,9891.18697000
4,634,0.586000,0.393000,107.32720193,0.00000000,66.45626697,209.78472532,0.00000000,0.00000000,94.69756566,107.32720193,101.68074366,1745.79450000,43075.85657982,9891.18697000
4,635,0.596000,0.385000,107.32720193,0.00000000,69.42185518,205.51429834,0.00000000,0.00000000,94.69756566,107.32720193,101.68074366,1745.79450000,43075.85657962,9891.18697000
4,636,0.562000,0.386000,107.32720193,0.00000000,59.33885527,206.04810171,0.00000000,0.00000000,94.69756566,107.32720193,101.68074366,1745.79450000,43075.85657941,9891.18697000
4,637,0.491000,0.388000,107.32720193,0.00000000,38.28317901,207.11570845,0.00000000,0.00000000,94.69756566,107.32720193,101.68074366,1745.79450000,43075.85657921,9891.18697000
4,638,0.407000,0.395000,107.32720193,0.00000000,13.37223807,210.85233206,0.00000000,0.00000000,94.69756566,107.32720193,101.68074366,1745.79450000,43075.85657900,9891.18697000
4,639,0.307000,0.402000,91.04355794,16.28364399,0.00000000,198.30531168,0.00000000,0.00000000,94.69756566,107.32720193,101.68074366,1745.79450000,43075.85657880,9891.18697000
4,640,0.191000,0.415000,56.64273474,50.68446718,0.00000000,170.84393232,0.00000000,0.00000000,94.69756566,107.32720193,101.68074366,1745.79450000,43075.85657859,9891.18697000
4,641,0.078000,0.427000,23.13158801,84.19561392,0.00000000,143.73842606,0.00000000,0.00000000,94.69756566,107.32720193,101.68074366,1745.79450000,43075.85657839,9891.18697000
4,642,0.000000,0.426000,0.00000000,107.32720193,0.00000000,120.07303468,0.00000000,0.00000000,94.69756566,107.32720193,101.68074366,1745.79450000,43075.85657818,9891.18697000
4,643,0.000000,0.410000,0.00000000,107.32720193,0.00000000,111.53218072,0.00000000,0.00000000,94.69756566,107.32720193,101.68074366,1745.79450000,43075.85657798,9891.18697000
4,644,0.000000,0.407000,0.00000000,107.32720193,0.00000000,109.93077060,0.00000000,0.00000000,94.69756566,107.32720193,101.68074366,1745.79450000,43075.85657777,9891.18697000
4,645,0.000000,0.378000,0.00000000,107.32720193,0.00000000,94.45047281,0.00000000,0.00000000,94.69756566,107.32720193,101.68074366,1745.79450000,43075.85657757,9891.18697000
4,646,0.000000,0.337000,0.00000000,58.26858481,0.00000000,121.62315165,0.00000000,0.00000000,49.73928100,58.26858481,53.75120360,1002.98064984,42333.04272720,9891.18697000
4,647,0.000000,0.297000,0.00000000,107.32720193,0.00000000,51.21239965,0.00000000,0.00000000,94.69756566,107.32720193,101.68074366,1745.79450000,42333.04272699,9891.18697000
4,648,0.000000,0.245000,0.00000000,107.32720193,0.00000000,23.45462429,0.00000000,0.00000000,94.69756566,107.32720193,101.68074366,1745.79450000,42333.04272679,9891.18697000
4,649,0.000000,0.177000,0.00000000,94.48319690,0.00000000,0.00000000,0.00000000,0.00000000,82.88392056,94.48319690,89.12046093,1559.13509203,42146.38331862,9891.18697000
4,650,0.000000,0.133000,0.00000000,70.99584852,0.00000000,0.00000000,0.00000000,0.00000000,61.35453705,70.99584852,66.17226230,1204.43131270,41605.02013112,9891.18697000
4,651,0.000000,0.131000,0.00000000,69.92824177,0.00000000,0.00000000,0.00000000,0.00000000,60.38020951,69.92824177,65.13034113,1187.53290538,41046.75853630,9891.18697000
4,652,0.000000,0.134000,0.00000000,44.07720969,0.00000000,27.45244220,0.00000000,0.00000000,36.84682300,44.07720969,39.91750131,767.66957627,40068.63361236,9891.18697000
4,653,0.000000,0.179000,0.00000000,95.55080364,0.00000000,0.00000000,0.00000000,0.00000000,83.86588275,95.55080364,90.16448439,1574.65041163,39897.48952378,9891.18697000
4,654,0.000000,0.257000,0.00000000,107.32720193,0.00000000,29.86026476,0.00000000,0.00000000,94.69756566,107.32720193,101.68074366,1745.79450000,39897.48952358,9891.18697000
4,655,0.085000,0.361000,25.20749975,82.11970217,0.00000000,110.58331523,0.00000000,0.00000000,94.69756566,107.32720193,101.68074366,1745.79450000,39897.48952337,9891.18697000
4,656,0.201000,0.425000,59.60832295,47.71887898,0.00000000,179.14755425,0.00000000,0.00000000,94.69756566,107.32720193,101.68074366,1745.79450000,39897.48952317,9891.18697000
4,657,0.327000,0.420000,96.97473435,10.35246758,0.00000000,213.84494879,0.00000000,0.00000000,94.69756566,107.32720193,101.68074366,1745.79450000,39897.48952296,9891.18697000
4,658,0.437000,0.399000,107.32720193,0.00000000,22.26900269,212.98754555,0.00000000,0.00000000,94.69756566,107.32720193,101.68074366,1745.79450000,39897.48952276,9891.18697000
4,659,0.519000,0.391000,107.32720193,0.00000000,46.58682599,208.71711857,0.00000000,0.00000000,94.69756566,107.32720193,101.68074366,1745.79450000,39897.48952255,9891.18697000
4,660,0.554000,0.388000,107.32720193,0.00000000,56.96638471,207.11570845,0.00000000,0.00000000,94.69756566,107.32720193,101.68074366,1745.79450000,39897.48952235,9891.18697000
4,661,0.486000,0.388000,107.32720193,0.00000000,36.80038491,207.11570845,0.00000000,0.00000000,94.69756566,107.32720193,101.68074366,1745.79450000,39897.48952214,9891.18697000
4,662,0.424000,0.400000,107.32720193,0.00000000,18.41373803,213.52134892,0.00000000,0.00000000,94.69756566,107.32720193,101.68074366,1745.79450000,39897.48952194,9891.18697000
4,663,0.324000,0.416000,0.00000000,73.54194353,96.08505789,148.52025935,0.00000000,0.00000000,63.67817400,73.54194353,68.65710075,1244.73168631,39396.42670805,9891.18697000
4,664,0.209000,0.432000,61.98079351,45.34640841,0.00000000,185.25664842,0.00000000,0.00000000,94.69756566,107.32720193,101.68074366,1745.79450000,39396.42670784,9891.18697000
4,665,0.094000,0.432000,27.87652914,79.45067279,0.00000000,151.15238405,0.00000000,0.00000000,94.69756566,107.32720193,101.68074366,1745.79450000,39396.42670764,9891.18697000
4,666,0.000000,0.391000,0.00000000,107.32720193,0.00000000,101.38991665,0.00000000,0.00000000,94.69756566,107.32720193,101.68074366,1745.79450000,39396.42670743,9891.18697000
4,667,0.000000,0.315000,0.00000000,107.32720193,0.00000000,60.82086035,0.00000000,0.00000000,94.69756566,107.32720193,101.68074366,1745.79450000,39396.42670723,9891.18697000
4,668,0.000000,0.270000,0.00000000,107.32720193,0.00000000,36.79970860,0.00000000,0.00000000,94.69756566,107.32720193,101.68074366,1745.79450000,39396.42670702,9891.18697000
4,669,0.000000,0.236000,0.00000000,107.32720193,0.00000000,18.65039394,0.00000000,0.00000000,94.69756566,107.32720193,101.68074366,1745.79450000,39396.42670682,9891.18697000
4,670,0.000000,0.211000,0.00000000,107.32720193,0.00000000,5.30530963,0.00000000,0.00000000,94.69756566,107.32720193,101.68074366,1745.79450000,39396.42670661,9891.18697000
4,671,0.000000,0.188000,0.00000000,100.35503399,0.00000000,0.00000000,0.00000000,0.00000000,88.28471256,100.35503399,94.86258996,1644.46934981,39295.10155621,9891.18697000
4,672,0.000000,0.167000,0.00000000,89.14516318,0.00000000,0.00000000,0.15300867,0.00000000,78.66539600,89.29817185,84.63532017,1492.48104146,39390.94699751,7912.94957600
4,673,0.000000,0.155000,0.00000000,73.54194353,0.00000000,9.19757917,0.00000000,0.00000000,63.67817400,73.54194353,68.65710075,1244.73168631,38889.88418361,9891.18697000
4,674,0.000000,0.163000,0.00000000,2.99285063,0.00000000,84.01709906,0.00000000,0.00000000,0.00000000,2.99285063,0.00000000,0.00000000,37144.08968341,9891.18697000
4,675,0.000000,0.178000,0.00000000,95.01700027,0.00000000,0.00000000,0.00000000,0.00000000,83.37490165,95.01700027,89.64247266,1566.89275183,36965.18793503,9891.18697000
4,676,0.000000,0.217000,0.00000000,107.32720193,0.00000000,8.50812986,0.00000000,0.00000000,94.69756566,107.32720193,101.68074366,1745.79450000,36965.18793483,9891.18697000
4,677,0.000000,0.252000,0.00000000,107.32720193,0.00000000,27.19124790,0.00000000,0.00000000,94.69756566,107.32720193,101.68074366,1745.79450000,36965.18793462,9891.18697000
4,678,0.005000,0.244000,1.48279410,105.84440782,0.00000000,24.40361502,0.00000000,0.00000000,94.69756566,107.32720193,101.68074366,1745.79450000,36965.18793442,9891.18697000
4,679,0.169000,0.303000,50.11844069,57.20876124,0.00000000,104.53366057,0.00000000,0.00000000,94.69756566,107.32720193,101.68074366,1745.79450000,36965.18793421,9891.18697000
4,680,0.360000,0.300000,106.76117543,0.56602650,0.00000000,159.57498520,0.00000000,0.00000000,94.69756566,107.32720193,101.68074366,1745.79450000,36965.18793401,9891.18697000
4,681,0.521000,0.248000,107.32720193,0.00000000,47.17994363,132.38323633,0.00000000,0.00000000,94.69756566,107.32720193,101.68074366,1745.79450000,36965.18793380,9891.18697000
4,682,0.638000,0.197000,107.32720193,0.00000000,81.87732564,105.15926434,0.00000000,0.00000000,94.69756566,107.32720193,101.68074366,1745.79450000,36965.18793360,9891.18697000
4,683,0.702000,0.157000,107.32720193,0.00000000,100.85709016,83.80712945,0.00000000,0.00000000,94.69756566,107.32720193,101.68074366,1745.79450000,36965.18793339,9891.18697000
4,684,0.707000,0.131000,107.32720193,0.00000000,102.33988427,69.92824177,0.00000000,0.00000000,94.69756566,107.32720193,101.68074366,1745.79450000,36965.18793319,9891.18697000
4,685,0.676000,0.118000,107.32720193,0.00000000,93.14656083,62.98879793,0.00000000,0.00000000,94.69756566,107.32720193,101.68074366,1745.79450000,36965.18793298,9891.18697000
4,686,0.598000,0.126000,107.32720193,0.00000000,70.01497282,67.25922491,0.00000000,0.00000000,94.69756566,107.32720193,101.68074366,1745.79450000,36965.18793278,9891.18697000
4,687,0.405000,0.163000,107.32720193,0.00000000,12.77912043,87.00994969,0.00000000,0.00000000,94.69756566,107.32720193,101.68074366,1745.79450000,36965.18793257,9891.18697000
4,688,0.253000,0.226000,75.02938162,32.29782030,0.00000000,88.34174184,0.00000000,0.00000000,94.69756566,107.32720193,101.68074366,1745.79450000,36965.18793237,9891.18697000
4,689,0.106000,0.323000,31.43523499,75.89196694,0.00000000,96.52652232,0.00000000,0.00000000,94.69756566,107.32720193,101.68074366,1745.79450000,36965.18793216,9891.18697000
4,690,0.000000,0.435000,0.00000000,107.32720193,0.00000000,124.87726503,0.00000000,0.00000000,94.69756566,107.32720193,101.68074366,1745.79450000,36965.18793196,9891.18697000
4,691,0.000000,0.495000,0.00000000,107.32720193,0.00000000,156.90546737,0.00000000,0.00000000,94.69756566,107.32720193,101.68074366,1745.79450000,36965.18793175,9891.18697000
4,692,0.000000,0.538000,0.00000000,107.32720193,0.00000000,179.85901237,0.00000000,0.00000000,94.69756566,107.32720193,101.68074366,1745.79450000,36965.18793155,9891.18697000
4,693,0.000000,0.559000,0.00000000,107.32720193,0.00000000,191.06888319,0.00000000,0.00000000,94.69756566,107.32720193,101.68074366,1745.79450000,36965.18793134,9891.18697000
4,694,0.000000,0.574000,0.00000000,107.32720193,0.00000000,199.07593378,0.00000000,0.00000000,94.69756566,107.32720193,101.68074366,1745.79450000,36965.18793114,9891.18697000
4,695,0.000000,0.610000,0.00000000,107.32720193,0.00000000,218.29285518,0.00000000,0.00000000,94.69756566,107.32720193,101.68074366,1745.79450000,36965.18793093,9891.18697000
4,696,0.000000,0.618000,0.00000000,107.32720193,0.00000000,222.56328216,0.00000000,0.00000000,94.69756566,107.32720193,101.68074366,1745.79450000,36965.18793073,9891.18697000
4,697,0.000000,0.613000,0.00000000,107.32720193,0.00000000,219.89426530,0.00000000,0.00000000,94.69756566,107.32720193,101.68074366,1745.79450000,36965.18793052,9891.18697000
4,698,0.000000,0.593000,0.00000000,107.32720193,0.00000000,209.21819785,0.00000000,0.00000000,94.69756566,107.32720193,101.68074366,1745.79450000,36965.18793032,9891.18697000
4,699,0.000000,0.578000,0.00000000,107.32720193,0.00000000,201.21114727,0.00000000,0.00000000,94.69756566,107.32720193,101.68074366,1745.79450000,36965.18793011,9891.18697000
4,700,0.000000,0.538000,0.00000000,107.32720193,0.00000000,179.85901237,0.00000000,0.00000000,94.69756566,107.32720193,101.68074366,1745.79450000,36965.18792991,9891.18697000
4,701,0.000000,0.364000,0.00000000,107.32720193,0.00000000,86.97722559,0.00000000,0.00000000,94.69756566,107.32720193,101.68074366,1745.79450000,36965.18792970,9891.18697000
4,702,0.005000,0.264000,1.48279410,105.84440782,0.00000000,35.07968247,0.00000000,0.00000000,94.69756566,107.32720193,101.68074366,1745.79450000,36965.18792950,9891.18697000
4,703,0.142000,0.453000,42.11135253,65.21584939,0.00000000,176.59707826,0.00000000,0.00000000,94.69756566,107.32720193,101.68074366,1745.79450000,36965.18792929,9891.18697000
4,704,0.314000,0.505000,93.11946968,14.20773224,0.00000000,255.36297077,0.00000000,0.00000000,94.69756566,107.32720193,101.68074366,1745.79450000,36965.18792909,9891.18697000
4,705,0.477000,0.421000,107.32720193,0.00000000,34.13135552,224.73121974,0.00000000,0.00000000,94.69756566,107.32720193,101.68074366,1745.79450000,36965.18792888,9891.18697000
4,706,0.607000,0.316000,107.32720193,0.00000000,72.68400220,168.68186565,0.00000000,0.00000000,94.69756566,107.32720193,101.68074366,1745.79450000,36965.18792868,9891.18697000
4,707,0.688000,0.207000,107.32720193,0.00000000,96.70526667,110.49729807,0.00000000,0.00000000,94.69756566,107.32720193,101.68074366,1745.79450000,36965.18792847,9891.18697000
4,708,0.721000,0.139000,107.32720193,0.00000000,106.49170776,74.19866875,0.00000000,0.00000000,94.69756566,107.32720193,101.68074366,1745.79450000,36965.18792827,9891.18697000
4,709,0.699000,0.131000,107.32720193,0.00000000,99.96741370,69.92824177,0.00000000,0.00000000,94.69756566,107.32720193,101.68074366,1745.79450000,36965.18792806,9891.18697000
4,710,0.624000,0.157000,107.32720193,0.00000000,77.72550215,83.80712945,0.00000000,0.00000000,94.69756566,107.32720193,101.68074366,1745.79450000,36965.18792786,9891.18697000
4,711,0.460000,0.221000,107.32720193,0.00000000,29.08985557,117.97054528,0.00000000,0.00000000,94.69756566,107.32720193,101.68074366,1745.79450000,36965.18792765,9891.18697000
4,712,0.265000,0.338000,78.58808747,28.73911446,0.00000000,151.68642538,0.00000000,0.00000000,94.69756566,107.32720193,101.68074366,1745.79450000,36965.18792745,9891.18697000
4,713,0.096000,0.484000,28.46964678,78.85755514,0.00000000,179.50327705,0.00000000,0.00000000,94.69756566,107.32720193,101.68074366,1745.79450000,36965.18792724,9891.18697000
4,714,0.000000,0.596000,0.00000000,107.32720193,0.00000000,210.81960797,0.00000000,0.00000000,94.69756566,107.32720193,101.68074366,1745.79450000,36965.18792704,9891.18697000
4,715,0.000000,0.615000,0.00000000,103.95507383,0.00000000,224.33400014,0.00000000,0.00000000,91.59595332,103.95507383,98.38310541,1696.78802322,36916.18145006,9891.18697000
4,716,0.000000,0.670000,0.00000000,107.32720193,0.00000000,250.32105752,0.00000000,0.00000000,94.69756566,107.32720193,101.68074366,1745.79450000,36916.18144985,9891.18697000
4,717,0.000000,0.696000,0.00000000,89.89674197,0.00000000,281.63040515,0.00000000,0.00000000,78.66539600,89.89674197,84.63532017,1492.48104146,36662.86799111,9891.18697000
4,718,0.000000,0.697000,0.00000000,89.89674197,0.00000000,282.16420852,0.00000000,0.00000000,78.66539600,89.89674197,84.63532017,1492.48104146,36409.55453236,9891.18697000
4,719,0.000000,0.697000,0.00000000,89.89674197,0.00000000,282.16420852,0.00000000,0.00000000,78.66539600,89.89674197,84.63532017,1492.48104146,36156.24107361,9891.18697000
4,720,0.000000,0.678000,0.00000000,89.89674197,0.00000000,272.02194445,0.00000000,0.00000000,78.66539600,89.89674197,84.63532017,1492.48104146,35902.92761486,9891.18697000
4,721,0.000000,0.642000,0.00000000,89.89674197,0.00000000,252.80502305,0.00000000,0.00000000,78.66539600,89.89674197,84.63532017,1492.48104146,35649.61415611,9891.18697000
4,722,0.000000,0.607000,0.00000000,89.89674197,0.00000000,234.12190502,0.00000000,0.00000000,78.66539600,89.89674197,84.63532017,1492.48104146,35396.30069736,9891.18697000
4,723,0.000000,0.552000,0.00000000,89.89674197,0.00000000,204.76271954,0.00000000,0.00000000,78.66539600,89.89674197,84.63532017,1492.48104146,35142.98723861,9891.18697000
4,724,0.000000,0.365000,0.00000000,89.89674197,0.00000000,104.94148892,0.00000000,0.00000000,78.66539600,89.89674197,84.63532017,1492.48104146,34889.67377986,9891.18697000
4,725,0.000000,0.218000,0.00000000,89.89674197,0.00000000,26.47239319,0.00000000,0.00000000,78.66539600,89.89674197,84.63532017,1492.48104146,34636.36032111,9891.18697000
4,726,0.000000,0.191000,0.00000000,89.89674197,0.00000000,12.05970214,0.00000000,0.00000000,78.66539600,89.89674197,84.63532017,1492.48104146,34383.04686236,9891.18697000
4,727,0.083000,0.277000,24.61438211,65.28235986,0.00000000,82.58117427,0.00000000,0.00000000,78.66539600,89.89674197,84.63532017,1492.48104146,34129.73340361,9891.18697000
4,728,0.198000,0.305000,58.71864649,31.17809549,0.00000000,131.63193307,0.00000000,0.00000000,78.66539600,89.89674197,84.63532017,1492.48104146,33876.41994487,9891.18697000
4,729,0.298000,0.251000,88.37452855,1.52221342,0.00000000,132.46243303,0.00000000,0.00000000,78.66539600,89.89674197,84.63532017,1492.48104146,33623.10648612,9891.18697000
4,730,0.365000,0.192000,89.89674197,0.00000000,18.34722756,102.49024748,0.00000000,0.00000000,78.66539600,89.89674197,84.63532017,1492.48104146,33369.79302737,9891.18697000
4,731,0.397000,0.172000,89.89674197,0.00000000,27.83710982,91.81418004,0.00000000,0.00000000,78.66539600,89.89674197,84.63532017,1492.48104146,33116.47956862,9891.18697000
4,732,0.384000,0.183000,89.89674197,0.00000000,23.98184515,97.68601713,0.00000000,0.00000000,78.66539600,89.89674197,84.63532017,1492.48104146,32863.16610987,9891.18697000
4,733,0.338000,0.206000,89.89674197,0.00000000,10.34013940,109.96349469,0.00000000,0.00000000,78.66539600,89.89674197,84.63532017,1492.48104146,32609.85265112,9891.18697000
4,734,0.279000,0.233000,82.73991096,7.15683102,0.00000000,117.21935473,0.00000000,0.00000000,78.66539600,89.89674197,84.63532017,1492.48104146,32356.53919237,9891.18697000
4,735,0.198000,0.243000,58.71864649,31.17809549,0.00000000,98.53612398,0.00000000,0.00000000,78.66539600,89.89674197,84.63532017,1492.48104146,32103.22573362,9891.18697000
4,736,0.124000,0.246000,36.77329376,53.12344821,0.00000000,78.19218137,0.00000000,0.00000000,78.66539600,89.89674197,84.63532017,1492.48104146,31849.91227487,9891.18697000
4,737,0.042000,0.259000,12.45547047,77.44127151,0.00000000,60.81380192,0.00000000,0.00000000,78.66539600,89.89674197,84.63532017,1492.48104146,31596.59881612,9891.18697000
4,738,0.000000,0.256000,0.00000000,89.89674197,0.00000000,46.75692134,0.00000000,0.00000000,78.66539600,89.89674197,84.63532017,1492.48104146,31343.28535738,9891.18697000
4,739,0.000000,0.222000,0.00000000,89.89674197,0.00000000,28.60760668,0.00000000,0.00000000,78.66539600,89.89674197,84.63532017,1492.48104146,31089.97189863,9891.18697000
4,740,0.000000,0.179000,0.00000000,89.89674197,0.00000000,5.65406167,0.00000000,0.00000000,78.66539600,89.89674197,84.63532017,1492.48104146,30836.65843988,9891.18697000
4,741,0.000000,0.141000,0.00000000,73.54194456,0.00000000,1.72433093,0.00000000,0.00000000,63.67817400,73.54194456,68.65710149,1244.73187308,30335.59581275,9891.18697000
4,742,0.000000,0.104000,0.00000000,44.07720920,0.00000000,11.43834152,0.00000000,0.00000000,36.84682300,44.07720920,39.91750095,767.66948863,29357.47080118,9891.18697000
4,743,0.000000,0.071000,0.00000000,18.95776159,0.00000000,18.94227785,0.00000000,0.00000000,14.20500000,18.95776159,15.48029780,318.82444922,27930.50075019,9891.18697000
4,744,0.000000,0.042000,0.00000000,2.99285063,0.00000000,19.42689101,0.00000000,0.00000000,0.00000000,2.99285063,0.00000000,0.00000000,26184.70624999,9891.18697000
5,1,0.000000,0.601000,0.00000000,2.39428050,0.00000000,318.42154626,0.00000000,0.00000000,0.00000000,2.39428050,0.00000000,0.00000000,24788.07064983,7912.94957600
5,2,0.000000,0.491000,0.00000000,2.39428050,0.00000000,259.70317530,0.00000000,0.00000000,0.00000000,2.39428050,0.00000000,0.00000000,23391.43504966,7912.94957600
5,3,0.000000,0.432000,0.00000000,2.39428050,0.00000000,228.20877634,0.00000000,0.00000000,0.00000000,2.39428050,0.00000000,0.00000000,21994.79944950,7912.94957600
5,4,0.000000,0.366000,0.00000000,2.39428050,0.00000000,192.97775376,0.00000000,0.00000000,0.00000000,2.39428050,0.00000000,0.00000000,20598.16384933,7912.94957600
5,5,0.000000,0.326000,0.00000000,2.39428050,0.00000000,171.62561887,0.00000000,0.00000000,0.00000000,2.39428050,0.00000000,0.00000000,19201.52824917,7912.94957600
5,6,0.013000,0.355000,2.39428050,0.00000000,1.46098417,189.50019717,0.00000000,0.00000000,0.00000000,2.39428050,0.00000000,0.00000000,17804.89264901,7912.94957600
5,7,0.190000,0.635000,2.39428050,0.00000000,53.95189542,338.96514141,0.00000000,0.00000000,0.00000000,2.39428050,0.00000000,0.00000000,16408.25704884,7912.94957600
5,8,0.382000,0.710000,89.29817159,0.00000000,23.98729789,379.00039434,0.00000000,0.00000000,78.66539600,89.29817159,84.63531998,1492.48099468,16504.10244335,7912.94957600
5,9,0.540000,0.666000,89.29817159,0.00000000,70.84359156,355.51304596,0.00000000,0.00000000,78.66539600,89.29817159,84.63531998,1492.48099468,16599.94783786,7912.94957600
5,10,0.650000,0.579000,106.72863180,0.00000000,86.03460162,309.07215256,0.00000000,0.00000000,94.69756566,106.72863180,101.68074366,1745.79450000,16949.10673770,7912.94957600
5,11,0.717000,0.481000,106.72863180,0.00000000,105.90404260,256.75942208,0.00000000,0.00000000,94.69756566,106.72863180,101.68074366,1745.79450000,17298.26563754,7912.94957600
5,12,0.736000,0.400000,106.72863180,0.00000000,111.53866019,213.52134892,0.00000000,0.00000000,94.69756566,106.72863180,101.68074366,1745.79450000,17647.42453737,7912.94957600
5,13,0.698000,0.360000,2.39428050,0.00000000,204.60377631,192.16921403,0.00000000,0.00000000,0.00000000,2.39428050,0.00000000,0.00000000,16250.78893721,7912.94957600
5,14,0.618000,0.378000,106.72863180,0.00000000,76.54471936,201.77767473,0.00000000,0.00000000,94.69756566,106.72863180,101.68074366,1745.79450000,16599.94783704,7912.94957600
5,15,0.489000,0.444000,106.72863180,0.00000000,38.28863149,237.00869730,0.00000000,0.00000000,94.69756566,106.72863180,101.68074366,1745.79450000,16949.10673688,7912.94957600
5,16,0.301000,0.543000,89.26420501,17.46442679,0.00000000,272.39080437,0.00000000,0.00000000,94.69756566,106.72863180,101.68074366,1745.79450000,17298.26563672,7912.94957600
5,17,0.109000,0.661000,32.32491145,74.40372035,0.00000000,278.44030874,0.00000000,0.00000000,94.69756566,106.72863180,101.68074366,1745.79450000,17647.42453655,7912.94957600
5,18,0.002000,0.755000,0.59311764,106.13551416,0.00000000,296.88603193,0.00000000,0.00000000,94.69756566,106.72863180,101.68074366,1745.79450000,17996.58343639,7912.94957600
5,19,0.000000,0.806000,0.00000000,106.72863180,0.00000000,323.51688628,0.00000000,0.00000000,94.69756566,106.72863180,101.68074366,1745.79450000,18345.74233622,7912.94957600
5,20,0.000000,0.840000,0.00000000,106.72863180,0.00000000,341.66620094,0.00000000,0.00000000,94.69756566,106.72863180,101.68074366,1745.79450000,18694.90123606,7912.94957600
5,21,0.000000,0.860000,0.00000000,106.72863180,0.00000000,352.34226838,0.00000000,0.00000000,94.69756566,106.72863180,101.68074366,1745.79450000,19044.06013590,7912.94957600
5,22,0.000000,0.853000,0.00000000,106.72863180,0.00000000,348.60564478,0.00000000,0.00000000,94.69756566,106.72863180,101.68074366,1745.79450000,19393.21903573,7912.94957600
5,23,0.000000,0.812000,0.00000000,106.72863180,0.00000000,326.71970651,0.00000000,0.00000000,94.69756566,106.72863180,101.68074366,1745.79450000,19742.37793557,7912.94957600
5,24,0.000000,0.744000,0.00000000,2.39428050,0.00000000,394.75542849,0.00000000,0.00000000,0.00000000,2.39428050,0.00000000,0.00000000,18345.74233540,7912.94957600
5,25,0.000000,0.653000,0.00000000,2.39428050,0.00000000,346.17932162,0.00000000,0.00000000,0.00000000,2.39428050,0.00000000,0.00000000,16949.10673524,7912.94957600
5,26,0.000000,0.558000,0.00000000,2.39428050,0.00000000,295.46800125,0.00000000,0.00000000,0.00000000,2.39428050,0.00000000,0.00000000,15552.47113508,7912.94957600
5,27,0.000000,0.451000,0.00000000,2.39428050,0.00000000,238.35104041,0.00000000,0.00000000,0.00000000,2.39428050,0.00000000,0.00000000,14155.83553491,7912.94957600
5,28,0.000000,0.355000,0.00000000,2.39428050,0.00000000,187.10591667,0.00000000,0.00000000,0.00000000,2.39428050,0.00000000,0.00000000,12759.19993475,7912.94957600
5,29,0.000000,0.291000,0.00000000,2.39428050,0.00000000,152.94250084,0.00000000,0.00000000,0.00000000,2.39428050,0.00000000,0.00000000,11362.56433458,7912.94957600
5,30,0.013000,0.302000,3.85526467,69.08810874,0.00000000,92.12050970,0.00000000,0.00000000,63.67817400,72.94337341,68.65710075,1244.73168631,11210.66042073,7912.94957600
5,31,0.191000,0.532000,0.00000000,72.94337341,56.64273474,211.04002066,0.00000000,0.00000000,63.67817400,72.94337341,68.65710075,1244.73168631,11058.75650688,7912.94957600
5,32,0.397000,0.622000,106.72863180,0.00000000,11.00521999,332.02569757,0.00000000,0.00000000,94.69756566,106.72863180,101.68074366,1745.79450000,11407.91540672,7912.94957600
5,33,0.555000,0.571000,2.39428050,0.00000000,162.19586496,304.80172559,0.00000000,0.00000000,0.00000000,2.39428050,0.00000000,0.00000000,10011.27980655,7912.94957600
5,34,0.663000,0.498000,106.72863180,0.00000000,89.88986628,265.83407941,0.00000000,0.00000000,94.69756566,106.72863180,101.68074366,1745.79450000,10360.43870639,7912.94957600
5,35,0.719000,0.441000,106.72863180,0.00000000,106.49716024,235.40728719,0.00000000,0.00000000,94.69756566,106.72863180,101.68074366,1745.79450000,10709.59760622,7912.94957600
5,36,0.731000,0.420000,106.72863180,0.00000000,110.05586609,224.19741637,0.00000000,0.00000000,94.69756566,106.72863180,101.68074366,1745.79450000,11058.75650606,7912.94957600
5,37,0.701000,0.429000,106.72863180,0.00000000,101.15910147,229.00164672,0.00000000,0.00000000,94.69756566,106.72863180,101.68074366,1745.79450000,11407.91540590,7912.94957600
5,38,0.625000,0.464000,106.72863180,0.00000000,78.62063110,247.68476475,0.00000000,0.00000000,94.69756566,106.72863180,101.68074366,1745.79450000,11757.07430573,7912.94957600
5,39,0.492000,0.510000,106.72863180,0.00000000,39.17830795,272.23971988,0.00000000,0.00000000,94.69756566,106.72863180,101.68074366,1745.79450000,12106.23320557,7912.94957600
5,40,0.318000,0.552000,94.30570496,12.42292684,0.00000000,282.23653468,0.00000000,0.00000000,94.69756566,106.72863180,101.68074366,1745.79450000,12455.39210540,7912.94957600
5,41,0.125000,0.589000,37.06985258,69.65877922,0.00000000,244.75140707,0.00000000,0.00000000,94.69756566,106.72863180,101.68074366,1745.79450000,12804.55100524,7912.94957600
5,42,0.002000,0.616000,0.59311764,1.80116286,0.00000000,327.02171448,0.00000000,0.00000000,0.00000000,2.39428050,0.00000000,0.00000000,11407.91540508,7912.94957600
5,43,0.000000,0.618000,0.00000000,106.72863180,0.00000000,223.16185228,0.00000000,0.00000000,94.69756566,106.72863180,101.68074366,1745.79450000,11757.07430491,7912.94957600
5,44,0.000000,0.649000,0.00000000,106.72863180,0.00000000,239.70975683,0.00000000,0.00000000,94.69756566,106.72863180,101.68074366,1745.79450000,12106.23320475,7912.94957600
5,45,0.000000,0.647000,0.00000000,106.72863180,0.00000000,238.64215008,0.00000000,0.00000000,94.69756566,106.72863180,101.68074366,1745.79450000,12455.39210458,7912.94957600
5,46,0.000000,0.610000,0.00000000,106.72863180,0.00000000,218.89142531,0.00000000,0.00000000,94.69756566,106.72863180,101.68074366,1745.79450000,12804.55100442,7912.94957600
5,47,0.000000,0.620000,0.00000000,106.72863180,0.00000000,224.22945903,0.00000000,0.00000000,94.69756566,106.72863180,101.68074366,1745.79450000,13153.70990426,7912.94957600
5,48,0.000000,0.570000,0.00000000,106.72863180,0.00000000,197.53929041,0.00000000,0.00000000,94.69756566,106.72863180,101.68074366,1745.79450000,13502.86880409,7912.94957600
5,49,0.000000,0.503000,0.00000000,106.72863180,0.00000000,161.77446447,0.00000000,0.00000000,94.69756566,106.72863180,101.68074366,1745.79450000,13852.02770393,7912.94957600
5,50,0.000000,0.461000,0.00000000,106.72863180,0.00000000,139.35472283,0.00000000,0.00000000,94.69756566,106.72863180,101.68074366,1745.79450000,14201.18660376,7912.94957600
5,51,0.000000,0.413000,0.00000000,106.72863180,0.00000000,113.73216096,0.00000000,0.00000000,94.69756566,106.72863180,101.68074366,1745.79450000,14550.34550360,7912.94957600
5,52,0.000000,0.343000,0.00000000,106.72863180,0.00000000,76.36592490,0.00000000,0.00000000,94.69756566,106.72863180,101.68074366,1745.79450000,14899.50440344,7912.94957600
5,53,0.000000,0.346000,0.00000000,106.72863180,0.00000000,77.96733502,0.00000000,0.00000000,94.69756566,106.72863180,101.68074366,1745.79450000,15248.66330327,7912.94957600
5,54,0.007000,0.388000,2.07591174,104.65272006,0.00000000,102.46298840,0.00000000,0.00000000,94.69756566,106.72863180,101.68074366,1745.79450000,15597.82220311,7912.94957600
5,55,0.143000,0.498000,42.40791135,64.32072045,0.00000000,201.51335896,0.00000000,0.00000000,94.69756566,106.72863180,101.68074366,1745.79450000,15946.98110294,7912.94957600
5,56,0.344000,0.571000,102.01623430,4.71239750,0.00000000,300.08932809,0.00000000,0.00000000,94.69756566,106.72863180,101.68074366,1745.79450000,16296.14000278,7912.94957600
5,57,0.525000,0.575000,106.72863180,0.00000000,48.96474904,306.93693908,0.00000000,0.00000000,94.69756566,106.72863180,101.68074366,1745.79450000,16645.29890262,7912.94957600
5,58,0.648000,0.538000,106.72863180,0.00000000,85.44148397,287.18621430,0.00000000,0.00000000,94.69756566,106.72863180,101.68074366,1745.79450000,16994.45780245,7912.94957600
5,59,0.710000,0.501000,106.72863180,0.00000000,103.82813085,267.43548953,0.00000000,0.00000000,94.69756566,106.72863180,101.68074366,1745.79450000,17343.61670229,7912.94957600
5,60,0.719000,0.521000,106.72863180,0.00000000,106.49716024,278.11155697,0.00000000,0.00000000,94.69756566,106.72863180,101.68074366,1745.79450000,17692.77560212,7912.94957600
5,61,0.686000,0.538000,106.72863180,0.00000000,96.71071916,287.18621430,0.00000000,0.00000000,94.69756566,106.72863180,101.68074366,1745.79450000,18041.93450196,7912.94957600
5,62,0.611000,0.509000,106.72863180,0.00000000,74.46880761,271.70591650,0.00000000,0.00000000,94.69756566,106.72863180,101.68074366,1745.79450000,18391.09340180,7912.94957600
5,63,0.491000,0.494000,106.72863180,0.00000000,38.88174913,263.69886592,0.00000000,0.00000000,94.69756566,106.72863180,101.68074366,1745.79450000,18740.25230163,7912.94957600
5,64,0.293000,0.506000,86.89173445,19.83689735,0.00000000,250.26760903,0.00000000,0.00000000,94.69756566,106.72863180,101.68074366,1745.79450000,19089.41120147,7912.94957600
5,65,0.119000,0.541000,35.29049966,71.43813214,0.00000000,217.34949227,0.00000000,0.00000000,94.69756566,106.72863180,101.68074366,1745.79450000,19438.57010130,7912.94957600
5,66,0.001000,0.581000,0.29655882,106.43207298,0.00000000,203.70768633,0.00000000,0.00000000,94.69756566,106.72863180,101.68074366,1745.79450000,19787.72900114,7912.94957600
5,67,0.000000,0.569000,0.00000000,106.72863180,0.00000000,197.00548704,0.00000000,0.00000000,94.69756566,106.72863180,101.68074366,1745.79450000,20136.88790098,7912.94957600
5,68,0.000000,0.554000,0.00000000,106.72863180,0.00000000,188.99843646,0.00000000,0.00000000,94.69756566,106.72863180,101.68074366,1745.79450000,20486.04680081,7912.94957600
5,69,0.000000,0.550000,0.00000000,106.72863180,0.00000000,186.86322297,0.00000000,0.00000000,94.69756566,106.72863180,101.68074366,1745.79450000,20835.20570065,7912.94957600
5,70,0.000000,0.557000,0.00000000,106.72863180,0.00000000,190.59984657,0.00000000,0.00000000,94.69756566,106.72863180,101.68074366,1745.79450000,21184.36460048,7912.94957600
5,71,0.000000,0.535000,0.00000000,106.72863180,0.00000000,178.85617238,0.00000000,0.00000000,94.69756566,106.72863180,101.68074366,1745.79450000,21533.52350032,7912.94957600
5,72,0.000000,0.526000,0.00000000,106.72863180,0.00000000,174.05194203,0.00000000,0.00000000,94.69756566,106.72863180,101.68074366,1745.79450000,21882.68240016,7912.94957600
5,73,0.000000,0.460000,0.00000000,106.72863180,0.00000000,138.82091946,0.00000000,0.00000000,94.69756566,106.72863180,101.68074366,1745.79450000,22231.84129999,7912.94957600
5,74,0.000000,0.369000,0.00000000,106.72863180,0.00000000,90.24481258,0.00000000,0.00000000,94.69756566,106.72863180,101.68074366,1745.79450000,22581.00019983,7912.94957600
5,75,0.000000,0.304000,0.00000000,106.72863180,0.00000000,55.54759338,0.00000000,0.00000000,94.69756566,106.72863180,101.68074366,1745.79450000,22930.15909966,7912.94957600
5,76,0.000000,0.266000,0.00000000,106.72863180,0.00000000,35.26306523,0.00000000,0.00000000,94.69756566,106.72863180,101.68074366,1745.79450000,23279.31799950,7912.94957600
5,77,0.000000,0.249000,0.00000000,106.72863180,0.00000000,26.18840790,0.00000000,0.00000000,94.69756566,106.72863180,101.68074366,1745.79450000,23628.47689934,7912.94957600
5,78,0.012000,0.248000,3.55870585,103.16992595,0.00000000,29.21331038,0.00000000,0.00000000,94.69756566,106.72863180,101.68074366,1745.79450000,23977.63579917,7912.94957600
5,79,0.193000,0.516000,57.23585238,49.49277942,0.00000000,225.94976069,0.00000000,0.00000000,94.69756566,106.72863180,101.68074366,1745.79450000,24326.79469901,7912.94957600
5,80,0.394000,0.687000,106.72863180,0.00000000,10.11554353,366.72291677,0.00000000,0.00000000,94.69756566,106.72863180,101.68074366,1745.79450000,24675.95359884,7912.94957600
5,81,0.556000,0.708000,106.72863180,0.00000000,58.15807248,377.93278759,0.00000000,0.00000000,94.69756566,106.72863180,101.68074366,1745.79450000,25025.11249868,7912.94957600
5,82,0.662000,0.704000,106.72863180,0.00000000,89.59330746,375.79757410,0.00000000,0.00000000,94.69756566,106.72863180,101.68074366,1745.79450000,25374.27139852,7912.94957600
5,83,0.724000,0.701000,106.72863180,0.00000000,107.97995434,374.19616399,0.00000000,0.00000000,94.69756566,106.72863180,101.68074366,1745.79450000,25723.43029835,7912.94957600
5,84,0.744000,0.701000,106.72863180,0.00000000,113.91113076,374.19616399,0.00000000,0.00000000,94.69756566,106.72863180,101.68074366,1745.79450000,26072.58919819,7912.94957600
5,85,0.721000,0.703000,106.72863180,0.00000000,107.09027788,375.26377073,0.00000000,0.00000000,94.69756566,106.72863180,101.68074366,1745.79450000,26421.74809802,7912.94957600
5,86,0.655000,0.701000,106.72863180,0.00000000,87.51739572,374.19616399,0.00000000,0.00000000,94.69756566,106.72863180,101.68074366,1745.79450000,26770.90699786,7912.94957600
5,87,0.543000,0.706000,106.72863180,0.00000000,54.30280781,376.86518085,0.00000000,0.00000000,94.69756566,106.72863180,101.68074366,1745.79450000,27120.06589770,7912.94957600
5,88,0.384000,0.722000,106.72863180,0.00000000,7.14995533,385.40603480,0.00000000,0.00000000,94.69756566,106.72863180,101.68074366,1745.79450000,27469.22479753,7912.94957600
5,89,0.184000,0.740000,54.56682300,52.16180880,0.00000000,342.85268670,0.00000000,0.00000000,94.69756566,106.72863180,101.68074366,1745.79450000,27818.38369737,7912.94957600
5,90,0.005000,0.732000,1.48279410,105.24583770,0.00000000,285.49823083,0.00000000,0.00000000,94.69756566,106.72863180,101.68074366,1745.79450000,28167.54259720,7912.94957600
5,91,0.000000,0.710000,0.00000000,106.72863180,0.00000000,272.27176254,0.00000000,0.00000000,94.69756566,106.72863180,101.68074366,1745.79450000,28516.70149704,7912.94957600
5,92,0.000000,0.729000,0.00000000,106.72863180,0.00000000,282.41402661,0.00000000,0.00000000,94.69756566,106.72863180,101.68074366,1745.79450000,28865.86039688,7912.94957600
5,93,0.000000,0.755000,0.00000000,106.72863180,0.00000000,296.29291429,0.00000000,0.00000000,94.69756566,106.72863180,101.68074366,1745.79450000,29215.01929671,7912.94957600
5,94,0.000000,0.776000,0.00000000,106.72863180,0.00000000,307.50278511,0.00000000,0.00000000,94.69756566,106.72863180,101.68074366,1745.79450000,29564.17819655,7912.94957600
5,95,0.000000,0.734000,0.00000000,106.72863180,0.00000000,285.08304347,0.00000000,0.00000000,94.69756566,106.72863180,101.68074366,1745.79450000,29913.33709638,7912.94957600
5,96,0.000000,0.666000,0.00000000,106.72863180,0.00000000,248.78441415,0.00000000,0.00000000,94.69756566,106.72863180,101.68074366,1745.79450000,30262.49599622,7912.94957600
5,97,0.000000,0.553000,0.00000000,106.72863180,0.00000000,188.46463308,0.00000000,0.00000000,94.69756566,106.72863180,101.68074366,1745.79450000,30611.65489606,7912.94957600
5,98,0.000000,0.449000,0.00000000,2.39428050,0.00000000,237.28343366,0.00000000,0.00000000,0.00000000,2.39428050,0.00000000,0.00000000,29215.01929589,7912.94957600
5,99,0.000000,0.375000,0.00000000,2.39428050,0.00000000,197.78198411,0.00000000,0.00000000,0.00000000,2.39428050,0.00000000,0.00000000,27818.38369573,7912.94957600
5,100,0.000000,0.329000,0.00000000,2.39428050,0.00000000,173.22702899,0.00000000,0.00000000,0.00000000,2.39428050,0.00000000,0.00000000,26421.74809556,7912.94957600
5,101,0.000000,0.296000,0.00000000,2.39428050,0.00000000,155.61151770,0.00000000,0.00000000,0.00000000,2.39428050,0.00000000,0.00000000,25025.11249540,7912.94957600
5,102,0.014000,0.264000,0.00000000,30.37356422,4.15182349,110.55052606,0.00000000,0.00000000,25.00174700,30.37356422,27.15938231,539.40882693,24167.88572216,7912.94957600
5,103,0.203000,0.538000,0.00000000,43.47863956,60.20144059,243.70757474,0.00000000,0.00000000,36.84682300,43.47863956,39.91750131,767.66957627,23538.91969827,7912.94957600
5,104,0.407000,0.675000,106.72863180,0.00000000,13.97080820,360.31727631,0.00000000,0.00000000,94.69756566,106.72863180,101.68074366,1745.79450000,23888.07859810,7912.94957600
5,105,0.565000,0.661000,106.72863180,0.00000000,60.82710186,352.84402909,0.00000000,0.00000000,94.69756566,106.72863180,101.68074366,1745.79450000,24237.23749794,7912.94957600
5,106,0.671000,0.612000,106.72863180,0.00000000,92.26233685,326.68766385,0.00000000,0.00000000,94.69756566,106.72863180,101.68074366,1745.79450000,24586.39639777,7912.94957600
5,107,0.729000,0.552000,106.72863180,0.00000000,109.46274845,294.65946151,0.00000000,0.00000000,94.69756566,106.72863180,101.68074366,1745.79450000,24935.55529761,7912.94957600
5,108,0.744000,0.505000,106.72863180,0.00000000,113.91113076,269.57070301,0.00000000,0.00000000,94.69756566,106.72863180,101.68074366,1745.79450000,25284.71419745,7912.94957600
5,109,0.719000,0.468000,106.72863180,0.00000000,106.49716024,249.81997824,0.00000000,0.00000000,94.69756566,106.72863180,101.68074366,1745.79450000,25633.87309728,7912.94957600
5,110,0.654000,0.454000,106.72863180,0.00000000,87.22083690,242.34673103,0.00000000,0.00000000,94.69756566,106.72863180,101.68074366,1745.79450000,25983.03199712,7912.94957600
5,111,0.538000,0.466000,106.72863180,0.00000000,52.82001370,248.75237149,0.00000000,0.00000000,94.69756566,106.72863180,101.68074366,1745.79450000,26332.19089695,7912.94957600
5,112,0.376000,0.510000,106.72863180,0.00000000,4.77748476,272.23971988,0.00000000,0.00000000,94.69756566,106.72863180,101.68074366,1745.79450000,26681.34979679,7912.94957600
5,113,0.170000,0.584000,50.41499951,56.31363229,0.00000000,255.42753713,0.00000000,0.00000000,94.69756566,106.72863180,101.68074366,1745.79450000,27030.50869663,7912.94957600
5,114,0.004000,0.679000,1.18623528,105.54239652,0.00000000,256.91009328,0.00000000,0.00000000,94.69756566,106.72863180,101.68074366,1745.79450000,27379.66759646,7912.94957600
5,115,0.000000,0.727000,0.00000000,106.72863180,0.00000000,281.34641987,0.00000000,0.00000000,94.69756566,106.72863180,101.68074366,1745.79450000,27728.82649630,7912.94957600
5,116,0.000000,0.772000,0.00000000,106.72863180,0.00000000,305.36757162,0.00000000,0.00000000,94.69756566,106.72863180,101.68074366,1745.79450000,28077.98539613,7912.94957600
5,117,0.000000,0.823000,0.00000000,106.72863180,0.00000000,332.59154361,0.00000000,0.00000000,94.69756566,106.72863180,101.68074366,1745.79450000,28427.14429597,7912.94957600
5,118,0.000000,0.865000,0.00000000,106.72863180,0.00000000,355.01128524,0.00000000,0.00000000,94.69756566,106.72863180,101.68074366,1745.79450000,28776.30319581,7912.94957600
5,119,0.000000,0.827000,0.00000000,106.72863180,0.00000000,334.72675710,0.00000000,0.00000000,94.69756566,106.72863180,101.68074366,1745.79450000,29125.46209564,7912.94957600
5,120,0.000000,0.763000,0.00000000,106.72863180,0.00000000,300.56334127,0.00000000,0.00000000,94.69756566,106.72863180,101.68074366,1745.79450000,29474.62099548,7912.94957600
5,121,0.000000,0.667000,0.00000000,106.72863180,0.00000000,249.31821753,0.00000000,0.00000000,94.69756566,106.72863180,101.68074366,1745.79450000,29823.77989531,7912.94957600
5,122,0.000000,0.570000,0.00000000,106.72863180,0.00000000,197.53929041,0.00000000,0.00000000,94.69756566,106.72863180,101.68074366,1745.79450000,30172.93879515,7912.94957600
5,123,0.000000,0.479000,0.00000000,2.39428050,0.00000000,253.29753483,0.00000000,0.00000000,0.00000000,2.39428050,0.00000000,0.00000000,28776.30319499,7912.94957600
5,124,0.000000,0.405000,0.00000000,106.72863180,0.00000000,109.46173398,0.00000000,0.00000000,94.69756566,106.72863180,101.68074366,1745.79450000,29125.46209482,7912.94957600
5,125,0.000000,0.362000,0.00000000,106.72863180,0.00000000,86.50818897,0.00000000,0.00000000,94.69756566,106.72863180,101.68074366,1745.79450000,29474.62099466,7912.94957600
5,126,0.008000,0.352000,2.37247057,104.35616124,0.00000000,83.54262582,0.00000000,0.00000000,94.69756566,106.72863180,101.68074366,1745.79450000,29823.77989449,7912.94957600
5,127,0.146000,0.570000,43.29758781,63.43104399,0.00000000,240.83687823,0.00000000,0.00000000,94.69756566,106.72863180,101.68074366,1745.79450000,30172.93879433,7912.94957600
5,128,0.312000,0.658000,92.52635204,14.20227976,0.00000000,337.04033922,0.00000000,0.00000000,94.69756566,106.72863180,101.68074366,1745.79450000,30522.09769417,7912.94957600
5,129,0.469000,0.599000,106.72863180,0.00000000,32.35745508,319.74822001,0.00000000,0.00000000,94.69756566,106.72863180,101.68074366,1745.79450000,30871.25659400,7912.94957600
5,130,0.600000,0.512000,106.72863180,0.00000000,71.20666058,273.30732662,0.00000000,0.00000000,94.69756566,106.72863180,101.68074366,1745.79450000,31220.41549384,7912.94957600
5,131,0.693000,0.434000,106.72863180,0.00000000,98.78663090,231.67066358,0.00000000,0.00000000,94.69756566,106.72863180,101.68074366,1745.79450000,31569.57439367,7912.94957600
5,132,0.740000,0.394000,106.72863180,0.00000000,112.72489547,210.31852869,0.00000000,0.00000000,94.69756566,106.72863180,101.68074366,1745.79450000,31918.73329351,7912.94957600
5,133,0.718000,0.398000,106.72863180,0.00000000,106.20060142,212.45374218,0.00000000,0.00000000,94.69756566,106.72863180,101.68074366,1745.79450000,32267.89219335,7912.94957600
5,134,0.643000,0.432000,106.72863180,0.00000000,83.95868987,230.60305684,0.00000000,0.00000000,94.69756566,106.72863180,101.68074366,1745.79450000,32617.05109318,7912.94957600
5,135,0.509000,0.487000,106.72863180,0.00000000,44.21980791,259.96224231,0.00000000,0.00000000,94.69756566,106.72863180,101.68074366,1745.79450000,32966.20999302,7912.94957600
5,136,0.312000,0.552000,92.52635204,14.20227976,0.00000000,280.45718175,0.00000000,0.00000000,94.69756566,106.72863180,101.68074366,1745.79450000,33315.36889285,7912.94957600
5,137,0.114000,0.619000,33.80770555,72.92092625,0.00000000,257.50336121,0.00000000,0.00000000,94.69756566,106.72863180,101.68074366,1745.79450000,33664.52779269,7912.94957600
5,138,0.002000,0.672000,0.59311764,106.13551416,0.00000000,252.58035203,0.00000000,0.00000000,94.69756566,106.72863180,101.68074366,1745.79450000,34013.68669253,7912.94957600
5,139,0.000000,0.663000,0.00000000,106.72863180,0.00000000,247.18300404,0.00000000,0.00000000,94.69756566,106.72863180,101.68074366,1745.79450000,34362.84559236,7912.94957600
5,140,0.000000,0.687000,0.00000000,106.72863180,0.00000000,259.99428497,0.00000000,0.00000000,94.69756566,106.72863180,101.68074366,1745.79450000,34712.00449220,7912.94957600
5,141,0.000000,0.737000,0.00000000,106.72863180,0.00000000,286.68445359,0.00000000,0.00000000,94.69756566,106.72863180,101.68074366,1745.79450000,35061.16339203,7912.94957600
5,142,0.000000,0.748000,0.00000000,106.72863180,0.00000000,292.55629068,0.00000000,0.00000000,94.69756566,106.72863180,101.68074366,1745.79450000,35410.32229187,7912.94957600
5,143,0.000000,0.714000,0.00000000,106.72863180,0.00000000,274.40697603,0.00000000,0.00000000,94.69756566,106.72863180,101.68074366,1745.79450000,35759.48119171,7912.94957600
5,144,0.000000,0.633000,0.00000000,106.72863180,0.00000000,231.16890287,0.00000000,0.00000000,94.69756566,106.72863180,101.68074366,1745.79450000,36108.64009154,7912.94957600
5,145,0.000000,0.533000,0.00000000,106.72863180,0.00000000,177.78856564,0.00000000,0.00000000,94.69756566,106.72863180,101.68074366,1745.79450000,36457.79899138,7912.94957600
5,146,0.000000,0.407000,0.00000000,106.72863180,0.00000000,110.52934073,0.00000000,0.00000000,94.69756566,106.72863180,101.68074366,1745.79450000,36806.95789121,7912.94957600
5,147,0.000000,0.289000,0.00000000,106.72863180,0.00000000,47.54054280,0.00000000,0.00000000,94.69756566,106.72863180,101.68074366,1745.79450000,37156.11679105,7912.94957600
5,148,0.000000,0.225000,0.00000000,106.72863180,0.00000000,13.37712697,0.00000000,0.00000000,94.69756566,106.72863180,101.68074366,1745.79450000,37505.27569089,7912.94957600
5,149,0.000000,0.212000,0.00000000,106.72863180,0.00000000,6.43768313,0.00000000,0.00000000,94.69756566,106.72863180,101.68074366,1745.79450000,37854.43459072,7912.94957600
5,150,0.009000,0.223000,2.39428050,0.00000000,0.27474889,119.03815202,0.00000000,0.00000000,0.00000000,2.39428050,0.00000000,0.00000000,36457.79899056,7912.94957600
5,151,0.159000,0.479000,47.15285248,59.57577932,0.00000000,196.11603602,0.00000000,0.00000000,94.69756566,106.72863180,101.68074366,1745.79450000,36806.95789039,7912.94957600
5,152,0.316000,0.624000,93.71258732,13.01604448,0.00000000,320.07725984,0.00000000,0.00000000,94.69756566,106.72863180,101.68074366,1745.79450000,37156.11679023,7912.94957600
5,153,0.451000,0.618000,106.72863180,0.00000000,27.01939631,329.89048408,0.00000000,0.00000000,94.69756566,106.72863180,101.68074366,1745.79450000,37505.27569007,7912.94957600
5,154,0.549000,0.587000,106.72863180,0.00000000,56.08216073,313.34257954,0.00000000,0.00000000,94.69756566,106.72863180,101.68074366,1745.79450000,37854.43458990,7912.94957600
5,155,0.596000,0.562000,106.72863180,0.00000000,70.02042530,299.99749524,0.00000000,0.00000000,94.69756566,106.72863180,101.68074366,1745.79450000,38203.59348974,7912.94957600
5,156,0.603000,0.568000,30.37356422,0.00000000,148.45140462,303.20031547,0.00000000,0.00000000,25.00174700,30.37356422,27.15938231,539.40882693,37346.36671650,7912.94957600
5,157,0.570000,0.591000,106.72863180,0.00000000,62.30989596,315.47779303,0.00000000,0.00000000,94.69756566,106.72863180,101.68074366,1745.79450000,37695.52561634,7912.94957600
5,158,0.528000,0.636000,106.72863180,0.00000000,49.85442550,339.49894479,0.00000000,0.00000000,94.69756566,106.72863180,101.68074366,1745.79450000,38044.68451617,7912.94957600
5,159,0.471000,0.703000,106.72863180,0.00000000,32.95057272,375.26377073,0.00000000,0.00000000,94.69756566,106.72863180,101.68074366,1745.79450000,38393.84341601,7912.94957600
5,160,0.359000,0.767000,30.37356422,0.00000000,76.09105239,409.42718656,0.00000000,0.00000000,25.00174700,30.37356422,27.15938231,539.40882693,37536.61664277,7912.94957600
5,161,0.169000,0.811000,50.11844069,56.61019111,0.00000000,376.30434383,0.00000000,0.00000000,94.69756566,106.72863180,101.68074366,1745.79450000,37885.77554260,7912.94957600
5,162,0.005000,0.824000,1.48279410,105.24583770,0.00000000,334.60814108,0.00000000,0.00000000,94.69756566,106.72863180,101.68074366,1745.79450000,38234.93444244,7912.94957600
5,163,0.000000,0.833000,0.00000000,106.72863180,0.00000000,337.92957733,0.00000000,0.00000000,94.69756566,106.72863180,101.68074366,1745.79450000,38584.09334228,7912.94957600
5,164,0.000000,0.849000,0.00000000,106.72863180,0.00000000,346.47043129,0.00000000,0.00000000,94.69756566,106.72863180,101.68074366,1745.79450000,38933.25224211,7912.94957600
5,165,0.000000,0.850000,0.00000000,106.72863180,0.00000000,347.00423466,0.00000000,0.00000000,94.69756566,106.72863180,101.68074366,1745.79450000,39282.41114195,7912.94957600
5,166,0.000000,0.818000,0.00000000,106.72863180,0.00000000,329.92252675,0.00000000,0.00000000,94.69756566,106.72863180,101.68074366,1745.79450000,39631.57004178,7912.94957600
5,167,0.000000,0.773000,0.00000000,106.72863180,0.00000000,305.90137499,0.00000000,0.00000000,94.69756566,106.72863180,101.68074366,1745.79450000,39980.72894162,7912.94957600
5,168,0.000000,0.726000,0.00000000,106.72863180,0.00000000,280.81261649,0.00000000,0.00000000,94.69756566,106.72863180,101.68074366,1745.79450000,40329.88784146,7912.94957600
5,169,0.000000,0.657000,0.00000000,106.72863180,0.00000000,243.98018380,0.00000000,0.00000000,94.69756566,106.72863180,101.68074366,1745.79450000,40679.04674129,7912.94957600
5,170,0.000000,0.550000,0.00000000,89.29817159,0.00000000,204.29368318,0.00000000,0.00000000,78.66539600,89.29817159,84.63531998,1492.48099468,40774.89213580,7912.94957600
5,171,0.000000,0.454000,0.00000000,106.72863180,0.00000000,135.61809923,0.00000000,0.00000000,94.69756566,106.72863180,101.68074366,1745.79450000,41124.05103564,7912.94957600
5,172,0.000000,0.395000,0.00000000,106.72863180,0.00000000,104.12370026,0.00000000,0.00000000,94.69756566,106.72863180,101.68074366,1745.79450000,41473.20993548,7912.94957600
5,173,0.000000,0.332000,0.00000000,106.72863180,0.00000000,70.49408780,0.00000000,0.00000000,94.69756566,106.72863180,101.68074366,1745.79450000,41822.36883531,7912.94957600
5,174,0.009000,0.272000,0.00000000,57.67001469,2.66902939,87.52450258,0.00000000,0.00000000,49.73928100,57.67001469,53.75120360,1002.98064984,41428.71388498,7912.94957600
5,175,0.165000,0.478000,48.93220541,57.79642640,0.00000000,197.36158557,0.00000000,0.00000000,94.69756566,106.72863180,101.68074366,1745.79450000,41777.87278482,7912.94957600
5,176,0.379000,0.713000,106.72863180,0.00000000,5.66716122,380.60180445,0.00000000,0.00000000,94.69756566,106.72863180,101.68074366,1745.79450000,42127.03168466,7912.94957600
5,177,0.562000,0.728000,106.72863180,0.00000000,59.93742540,388.60885504,0.00000000,0.00000000,94.69756566,106.72863180,101.68074366,1745.79450000,42476.19058449,7912.94957600
5,178,0.674000,0.690000,0.00000000,89.29817159,199.88064511,279.02615530,0.00000000,0.00000000,78.66539600,89.29817159,84.63531998,1492.48099468,42572.03597900,7912.94957600
5,179,0.734000,0.633000,106.72863180,0.00000000,110.94554255,337.89753467,0.00000000,0.00000000,94.69756566,106.72863180,101.68074366,1745.79450000,42921.19487884,7912.94957600
5,180,0.749000,0.574000,106.72863180,0.00000000,115.39392486,306.40313570,0.00000000,0.00000000,94.69756566,106.72863180,101.68074366,1745.79450000,43270.35377868,7912.94957600
5,181,0.723000,0.532000,106.72863180,0.00000000,107.68339552,283.98339407,0.00000000,0.00000000,94.69756566,106.72863180,101.68074366,1745.79450000,43619.51267851,7912.94957600
5,182,0.651000,0.552000,106.72863180,0.00000000,86.33116044,294.65946151,0.00000000,0.00000000,94.69756566,106.72863180,101.68074366,1745.79450000,43968.67157835,7912.94957600
5,183,0.520000,0.608000,106.72863180,0.00000000,47.48195493,324.55245036,0.00000000,0.00000000,94.69756566,106.72863180,101.68074366,1745.79450000,44317.83047818,7912.94957600
5,184,0.352000,0.666000,104.38870487,2.33992694,0.00000000,353.17311902,0.00000000,0.00000000,94.69756566,106.72863180,101.68074366,1745.79450000,44666.98937802,7912.94957600
5,185,0.150000,0.720000,44.48382310,62.24480870,0.00000000,322.09361936,0.00000000,0.00000000,94.69756566,106.72863180,101.68074366,1745.79450000,45016.14827786,7912.94957600
5,186,0.004000,0.744000,1.18623528,105.54239652,0.00000000,291.60731248,0.00000000,0.00000000,94.69756566,106.72863180,101.68074366,1745.79450000,45365.30717769,7912.94957600
5,187,0.000000,0.750000,0.00000000,106.72863180,0.00000000,293.62389743,0.00000000,0.00000000,94.69756566,106.72863180,101.68074366,1745.79450000,45714.46607753,7912.94957600
5,188,0.000000,0.739000,0.00000000,106.72863180,0.00000000,287.75206033,0.00000000,0.00000000,94.69756566,106.72863180,101.68074366,1745.79450000,46063.62497736,7912.94957600
5,189,0.000000,0.796000,0.00000000,106.72863180,0.00000000,318.17885255,0.00000000,0.00000000,94.69756566,106.72863180,101.68074366,1745.79450000,46412.78387720,7912.94957600
5,190,0.000000,0.757000,0.00000000,106.72863180,0.00000000,297.36052103,0.00000000,0.00000000,94.69756566,106.72863180,101.68074366,1745.79450000,46761.94277704,7912.94957600
5,191,0.000000,0.677000,0.00000000,106.72863180,0.00000000,254.65625125,0.00000000,0.00000000,94.69756566,106.72863180,101.68074366,1745.79450000,47111.10167687,7912.94957600
5,192,0.000000,0.547000,0.00000000,30.37356422,0.00000000,261.61688043,0.00000000,0.00000000,25.00174700,30.37356422,27.15938231,539.40882693,46253.87490363,7912.94957600
5,193,0.000000,0.420000,0.00000000,106.72863180,0.00000000,117.46878457,0.00000000,0.00000000,94.69756566,106.72863180,101.68074366,1745.79450000,46603.03380347,7912.94957600
5,194,0.000000,0.310000,0.00000000,106.72863180,0.00000000,58.75041361,0.00000000,0.00000000,94.69756566,106.72863180,101.68074366,1745.79450000,46952.19270330,7912.94957600
5,195,0.000000,0.235000,0.00000000,106.72863180,0.00000000,18.71516069,0.00000000,0.00000000,94.69756566,106.72863180,101.68074366,1745.79450000,47301.35160314,7912.94957600
5,196,0.000000,0.187000,0.00000000,99.82123062,0.00000000,0.00000000,0.00000000,0.00000000,88.34428365,99.82123062,94.92592602,1645.41059233,47550.12659531,7912.94957600
5,197,0.000000,0.161000,0.00000000,2.39428050,0.00000000,83.54806244,0.00000000,0.00000000,0.00000000,2.39428050,0.00000000,0.00000000,46153.49099515,7912.94957600
5,198,0.010000,0.145000,2.96558821,40.51305135,0.00000000,36.88843763,0.00000000,0.00000000,36.84682300,43.47863956,39.91750131,767.66957627,45524.52497125,7912.94957600
5,199,0.185000,0.289000,54.86338182,51.86524998,0.00000000,102.40392461,0.00000000,0.00000000,94.69756566,106.72863180,101.68074366,1745.79450000,45873.68387109,7912.94957600
5,200,0.385000,0.376000,106.72863180,0.00000000,7.44651415,200.71006799,0.00000000,0.00000000,94.69756566,106.72863180,101.68074366,1745.79450000,46222.84277092,7912.94957600
5,201,0.542000,0.353000,106.72863180,0.00000000,54.00624899,188.43259042,0.00000000,0.00000000,94.69756566,106.72863180,101.68074366,1745.79450000,46572.00167076,7912.94957600
5,202,0.652000,0.325000,106.72863180,0.00000000,86.62771926,173.48609600,0.00000000,0.00000000,94.69756566,106.72863180,101.68074366,1745.79450000,46921.16057060,7912.94957600
5,203,0.721000,0.310000,106.72863180,0.00000000,107.09027788,165.47904541,0.00000000,0.00000000,94.69756566,106.72863180,101.68074366,1745.79450000,47270.31947043,7912.94957600
5,204,0.748000,0.315000,106.72863180,0.00000000,115.09736604,168.14806228,0.00000000,0.00000000,94.69756566,106.72863180,101.68074366,1745.79450000,47619.47837027,7912.94957600
5,205,0.727000,0.337000,106.72863180,0.00000000,108.86963081,179.89173647,0.00000000,0.00000000,94.69756566,106.72863180,101.68074366,1745.79450000,47968.63727010,7912.94957600
5,206,0.662000,0.367000,2.39428050,0.00000000,193.92765876,195.90583764,0.00000000,0.00000000,0.00000000,2.39428050,0.00000000,0.00000000,46572.00166994,7912.94957600
5,207,0.543000,0.404000,106.72863180,0.00000000,54.30280781,215.65656241,0.00000000,0.00000000,94.69756566,106.72863180,101.68074366,1745.79450000,46921.16056978,7912.94957600
5,208,0.382000,0.435000,106.72863180,0.00000000,6.55683768,232.20446695,0.00000000,0.00000000,94.69756566,106.72863180,101.68074366,1745.79450000,47270.31946961,7912.94957600
5,209,0.182000,0.466000,53.97370536,52.75492644,0.00000000,195.99744505,0.00000000,0.00000000,94.69756566,106.72863180,101.68074366,1745.79450000,47619.47836945,7912.94957600
5,210,0.005000,0.519000,1.48279410,28.89077012,0.00000000,248.15318010,0.00000000,0.00000000,25.00174700,30.37356422,27.15938231,539.40882693,46762.25159621,7912.94957600
5,211,0.000000,0.574000,0.00000000,106.72863180,0.00000000,199.67450390,0.00000000,0.00000000,94.69756566,106.72863180,101.68074366,1745.79450000,47111.41049604,7912.94957600
5,212,0.000000,0.622000,0.00000000,106.72863180,0.00000000,225.29706577,0.00000000,0.00000000,94.69756566,106.72863180,101.68074366,1745.79450000,47460.56939588,7912.94957600
5,213,0.000000,0.666000,0.00000000,106.72863180,0.00000000,248.78441415,0.00000000,0.00000000,94.69756566,106.72863180,101.68074366,1745.79450000,47809.72829572,7912.94957600
5,214,0.000000,0.668000,0.00000000,106.72863180,0.00000000,249.85202090,0.00000000,0.00000000,94.69756566,106.72863180,101.68074366,1745.79450000,48158.88719555,7912.94957600
5,215,0.000000,0.657000,0.00000000,106.72863180,0.00000000,243.98018380,0.00000000,0.00000000,94.69756566,106.72863180,101.68074366,1745.79450000,48508.04609539,7912.94957600
5,216,0.000000,0.627000,0.00000000,106.72863180,0.00000000,227.96608263,0.00000000,0.00000000,94.69756566,106.72863180,101.68074366,1745.79450000,48857.20499522,7912.94957600
5,217,0.000000,0.519000,0.00000000,57.67001469,0.00000000,219.37393554,0.00000000,0.00000000,49.73928100,57.67001469,53.75120360,1002.98064984,48463.55004490,7912.94957600
5,218,0.000000,0.375000,0.00000000,106.72863180,0.00000000,93.44763281,0.00000000,0.00000000,94.69756566,106.72863180,101.68074366,1745.79450000,48812.70894473,7912.94957600
5,219,0.000000,0.266000,0.00000000,106.72863180,0.00000000,35.26306523,0.00000000,0.00000000,94.69756566,106.72863180,101.68074366,1745.79450000,49161.86784457,7912.94957600
5,220,0.000000,0.205000,0.00000000,106.72863180,0.00000000,2.70105952,0.00000000,0.00000000,94.69756566,106.72863180,101.68074366,1745.79450000,49511.02674440,7912.94957600
5,221,0.000000,0.187000,0.00000000,89.29817159,0.00000000,10.52305903,0.00000000,0.00000000,78.66539600,89.29817159,84.63531998,1492.48099468,49606.87213892,7912.94957600
5,222,0.014000,0.176000,4.15182349,93.94939353,0.00000000,0.00000000,0.00000000,0.00000000,86.76225139,98.10121701,93.24390728,1620.41397167,49830.65051042,7912.94957600
5,223,0.195000,0.277000,57.82897002,48.89966178,0.00000000,98.96387235,0.00000000,0.00000000,94.69756566,106.72863180,101.68074366,1745.79450000,50179.80941026,7912.94957600
5,224,0.397000,0.310000,107.32720193,0.00000000,10.40664987,165.47904541,0.00000000,0.00000000,94.69756566,107.32720193,101.68074366,1745.79450000,50179.80941005,9891.18697000
5,225,0.557000,0.265000,57.67001469,0.00000000,107.51324841,141.45789366,0.00000000,0.00000000,49.73928100,57.67001469,53.75120360,1002.98064984,49786.15445973,7912.94957600
5,226,0.657000,0.225000,106.72863180,0.00000000,88.11051336,120.10575877,0.00000000,0.00000000,94.69756566,106.72863180,101.68074366,1745.79450000,50135.31335956,7912.94957600
5,227,0.709000,0.216000,107.32720193,0.00000000,102.93300191,115.30152842,0.00000000,0.00000000,94.69756566,107.32720193,101.68074366,1745.79450000,50135.31335936,9891.18697000
5,228,0.713000,0.237000,107.32720193,0.00000000,104.11923719,126.51139924,0.00000000,0.00000000,94.69756566,107.32720193,101.68074366,1745.79450000,50135.31335915,9891.18697000
5,229,0.691000,0.266000,106.72863180,0.00000000,98.19351326,141.99169703,0.00000000,0.00000000,94.69756566,106.72863180,101.68074366,1745.79450000,50484.47225899,7912.94957600
5,230,0.626000,0.300000,106.72863180,0.00000000,78.91718992,160.14101169,0.00000000,0.00000000,94.69756566,106.72863180,101.68074366,1745.79450000,50833.63115882,7912.94957600
5,231,0.519000,0.339000,106.72863180,0.00000000,47.18539611,180.95934321,0.00000000,0.00000000,94.69756566,106.72863180,101.68074366,1745.79450000,51182.79005866,7912.94957600
5,232,0.362000,0.398000,73.04299125,0.00000000,34.31130182,212.45374218,0.00000000,0.00000000,63.67817400,73.04299125,68.65710075,1244.73168631,50972.77690187,8242.18041420
5,233,0.158000,0.480000,46.85629366,59.87233814,0.00000000,196.35328057,0.00000000,0.00000000,94.69756566,106.72863180,101.68074366,1745.79450000,51321.93580170,7912.94957600
5,234,0.004000,0.565000,1.18623528,106.14096664,0.00000000,195.45793871,0.00000000,0.00000000,94.69756566,107.32720193,101.68074366,1745.79450000,51321.93580150,9891.18697000
5,235,0.000000,0.605000,0.00000000,107.32720193,0.00000000,215.62383832,0.00000000,0.00000000,94.69756566,107.32720193,101.68074366,1745.79450000,51321.93580129,9891.18697000
5,236,0.000000,0.635000,0.00000000,106.72863180,0.00000000,232.23650961,0.00000000,0.00000000,94.69756566,106.72863180,101.68074366,1745.79450000,51671.09470113,7912.94957600
5,237,0.000000,0.702000,0.00000000,106.72863180,0.00000000,268.00133556,0.00000000,0.00000000,94.69756566,106.72863180,101.68074366,1745.79450000,52020.25360096,7912.94957600
5,238,0.000000,0.694000,0.00000000,107.32720193,0.00000000,263.13233845,0.00000000,0.00000000,94.69756566,107.32720193,101.68074366,1745.79450000,52020.25360076,9891.18697000
5,239,0.000000,0.670000,0.00000000,107.32720193,0.00000000,250.32105752,0.00000000,0.00000000,94.69756566,107.32720193,101.68074366,1745.79450000,52020.25360055,9891.18697000
5,240,0.000000,0.607000,0.00000000,107.32720193,0.00000000,216.69144506,0.00000000,0.00000000,94.69756566,107.32720193,101.68074366,1745.79450000,52020.25360035,9891.18697000
5,241,0.000000,0.532000,0.00000000,106.72863180,0.00000000,177.25476227,0.00000000,0.00000000,94.69756566,106.72863180,101.68074366,1745.79450000,52369.41250018,7912.94957600
5,242,0.000000,0.457000,0.00000000,107.32720193,0.00000000,136.62093922,0.00000000,0.00000000,94.69756566,107.32720193,101.68074366,1745.79450000,52369.41249998,9891.18697000
5,243,0.000000,0.388000,0.00000000,2.39428050,0.00000000,204.72142795,0.00000000,0.00000000,0.00000000,2.39428050,0.00000000,0.00000000,50972.77689982,7912.94957600
5,244,0.000000,0.328000,0.00000000,107.32720193,0.00000000,67.76030419,0.00000000,0.00000000,94.69756566,107.32720193,101.68074366,1745.79450000,50972.77689961,9891.18697000
5,245,0.000000,0.278000,0.00000000,43.47863956,0.00000000,104.91869794,0.00000000,0.00000000,36.84682300,43.47863956,39.91750131,767.66957627,50343.81087572,7912.94957600
5,246,0.008000,0.254000,2.37247057,104.95473136,0.00000000,30.63132520,0.00000000,0.00000000,94.69756566,107.32720193,101.68074366,1745.79450000,50343.81087551,9891.18697000
5,247,0.159000,0.459000,47.15285248,59.57577932,0.00000000,185.43996857,0.00000000,0.00000000,94.69756566,106.72863180,101.68074366,1745.79450000,50692.96977535,7912.94957600
5,248,0.358000,0.549000,106.16805779,0.56057401,0.00000000,292.49747738,0.00000000,0.00000000,94.69756566,106.72863180,101.68074366,1745.79450000,51042.12867518,7912.94957600
5,249,0.535000,0.496000,107.32720193,0.00000000,51.33176712,264.76647266,0.00000000,0.00000000,94.69756566,107.32720193,101.68074366,1745.79450000,51042.12867498,9891.18697000
5,250,0.647000,0.425000,106.72863180,0.00000000,85.14492515,226.86643323,0.00000000,0.00000000,94.69756566,106.72863180,101.68074366,1745.79450000,51391.28757481,7912.94957600
5,251,0.714000,0.367000,107.32720193,0.00000000,104.41579601,195.90583764,0.00000000,0.00000000,94.69756566,107.32720193,101.68074366,1745.79450000,51391.28757461,9891.18697000
5,252,0.736000,0.338000,107.32720193,0.00000000,110.94009007,180.42553984,0.00000000,0.00000000,94.69756566,107.32720193,101.68074366,1745.79450000,51391.28757440,9891.18697000
5,253,0.712000,0.343000,107.32720193,0.00000000,103.82267837,183.09455670,0.00000000,0.00000000,94.69756566,107.32720193,101.68074366,1745.79450000,51391.28757420,9891.18697000
5,254,0.642000,0.382000,107.32720193,0.00000000,83.06356093,203.91288822,0.00000000,0.00000000,94.69756566,107.32720193,101.68074366,1745.79450000,51391.28757399,9891.18697000
5,255,0.526000,0.467000,106.72863180,0.00000000,49.26130786,249.28617487,0.00000000,0.00000000,94.69756566,106.72863180,101.68074366,1745.79450000,51740.44647383,7912.94957600
5,256,0.363000,0.592000,107.32720193,0.00000000,0.32364997,316.01159640,0.00000000,0.00000000,94.69756566,107.32720193,101.68074366,1745.79450000,51740.44647362,9891.18697000
5,257,0.166000,0.725000,49.22876423,58.09843770,0.00000000,328.90900722,0.00000000,0.00000000,94.69756566,107.32720193,101.68074366,1745.79450000,51740.44647342,9891.18697000
5,258,0.005000,0.809000,1.48279410,105.36472884,0.00000000,326.48219936,0.00000000,0.00000000,94.69756566,106.84752294,101.68074366,1745.79450000,52020.25360035,8305.87746782
5,259,0.000000,0.844000,0.00000000,107.32720193,0.00000000,343.20284430,0.00000000,0.00000000,94.69756566,107.32720193,101.68074366,1745.79450000,52020.25360014,9891.18697000
5,260,0.000000,0.857000,0.00000000,106.72863180,0.00000000,350.74085827,0.00000000,0.00000000,94.69756566,106.72863180,101.68074366,1745.79450000,52369.41249998,7912.94957600
5,261,0.000000,0.899000,0.00000000,107.32720193,0.00000000,372.56202978,0.00000000,0.00000000,94.69756566,107.32720193,101.68074366,1745.79450000,52369.41249977,9891.18697000
5,262,0.000000,0.898000,0.00000000,107.32720193,0.00000000,372.02822640,0.00000000,0.00000000,94.69756566,107.32720193,101.68074366,1745.79450000,52369.41249957,9891.18697000
5,263,0.000000,0.874000,0.00000000,107.32720193,0.00000000,359.21694547,0.00000000,0.00000000,94.69756566,107.32720193,101.68074366,1745.79450000,52369.41249936,9891.18697000
5,264,0.000000,0.831000,0.00000000,107.32720193,0.00000000,336.26340046,0.00000000,0.00000000,94.69756566,107.32720193,101.68074366,1745.79450000,52369.41249916,9891.18697000
5,265,0.000000,0.763000,0.00000000,107.32720192,0.00000000,299.96477115,0.00000000,0.00000000,94.69756566,107.32720192,101.68074366,1745.79450000,52369.41249998,9891.18696419
5,266,0.000000,0.658000,0.00000000,89.89674172,0.00000000,261.34587726,0.00000000,0.00000000,78.66539600,89.89674172,84.63531998,1492.48099468,52116.09899445,9891.18697000
5,267,0.000000,0.516000,0.00000000,107.32720193,0.00000000,168.11533818,0.00000000,0.00000000,94.69756566,107.32720193,101.68074366,1745.79450000,52116.09899425,9891.18697000
5,268,0.000000,0.426000,0.00000000,107.32720193,0.00000000,120.07303468,0.00000000,0.00000000,94.69756566,107.32720193,101.68074366,1745.79450000,52116.09899404,9891.18697000
5,269,0.000000,0.376000,0.00000000,107.32720193,0.00000000,93.38286606,0.00000000,0.00000000,94.69756566,107.32720193,101.68074366,1745.79450000,52116.09899384,9891.18697000
5,270,0.014000,0.326000,4.15182349,102.74111800,0.00000000,71.27878138,0.00000000,0.00000000,94.69756566,106.89294149,101.68074366,1745.79450000,52369.41250080,8455.98296337
5,271,0.190000,0.559000,56.34617592,50.98102600,0.00000000,247.41505911,0.00000000,0.00000000,94.69756566,107.32720193,101.68074366,1745.79450000,52369.41250059,9891.18697000
5,272,0.402000,0.655000,107.32720193,0.00000000,11.88944397,349.64120886,0.00000000,0.00000000,94.69756566,107.32720193,101.68074366,1745.79450000,52369.41250039,9891.18697000
5,273,0.563000,0.586000,107.32720193,0.00000000,59.63541409,312.80877617,0.00000000,0.00000000,94.69756566,107.32720193,101.68074366,1745.79450000,52369.41250018,9891.18697000
5,274,0.670000,0.510000,107.32720193,0.00000000,91.36720790,272.23971988,0.00000000,0.00000000,94.69756566,107.32720193,101.68074366,1745.79450000,52369.41249998,9891.18697000
5,275,0.720000,0.467000,107.32720193,0.00000000,106.19514894,249.28617487,0.00000000,0.00000000,94.69756566,107.32720193,101.68074366,1745.79450000,52369.41249998,9891.18696884
5,276,0.741000,0.464000,2.39428050,0.00000000,217.35580559,247.68476475,0.00000000,0.00000000,0.00000000,2.39428050,0.00000000,0.00000000,50972.77689982,7912.94957600
5,277,0.707000,0.491000,106.72863180,0.00000000,102.93845439,262.09745580,0.00000000,0.00000000,94.69756566,106.72863180,101.68074366,1745.79450000,51321.93579965,7912.94957600
5,278,0.647000,0.546000,106.72863180,0.00000000,85.14492515,291.45664128,0.00000000,0.00000000,94.69756566,106.72863180,101.68074366,1745.79450000,51671.09469949,7912.94957600
5,279,0.535000,0.620000,107.32720192,0.00000000,51.33176712,330.95809083,0.00000000,0.00000000,94.69756566,107.32720192,101.68074366,1745.79450000,51671.09470215,9891.18695374
5,280,0.380000,0.691000,107.32720193,0.00000000,5.36514992,368.85813026,0.00000000,0.00000000,94.69756566,107.32720193,101.68074366,1745.79450000,51671.09470195,9891.18697000
5,281,0.184000,0.750000,54.56682300,52.76037893,0.00000000,347.59215030,0.00000000,0.00000000,94.69756566,107.32720193,101.68074366,1745.79450000,51671.09470174,9891.18697000
5,282,0.006000,0.777000,1.77935292,105.54784900,0.00000000,309.21737128,0.00000000,0.00000000,94.69756566,107.32720193,101.68074366,1745.79450000,51671.09470154,9891.18697000
5,283,0.000000,0.766000,0.00000000,106.72863180,0.00000000,302.16475139,0.00000000,0.00000000,94.69756566,106.72863180,101.68074366,1745.79450000,52020.25360137,7912.94957600
5,284,0.000000,0.764000,0.00000000,107.32720193,0.00000000,300.49857452,0.00000000,0.00000000,94.69756566,107.32720193,101.68074366,1745.79450000,52020.25360117,9891.18697000
5,285,0.000000,0.771000,0.00000000,107.32720193,0.00000000,304.23519812,0.00000000,0.00000000,94.69756566,107.32720193,101.68074366,1745.79450000,52020.25360096,9891.18697000
5,286,0.000000,0.791000,0.00000000,106.72863180,0.00000000,315.50983569,0.00000000,0.00000000,94.69756566,106.72863180,101.68074366,1745.79450000,52369.41250080,7912.94957600
5,287,0.000000,0.739000,0.00000000,107.32720193,0.00000000,287.15349021,0.00000000,0.00000000,94.69756566,107.32720193,101.68074366,1745.79450000,52369.41250059,9891.18697000
5,288,0.000000,0.644000,0.00000000,107.32720193,0.00000000,236.44216984,0.00000000,0.00000000,94.69756566,107.32720193,101.68074366,1745.79450000,52369.41250039,9891.18697000
5,289,0.000000,0.554000,0.00000000,107.32720193,0.00000000,188.39986633,0.00000000,0.00000000,94.69756566,107.32720193,101.68074366,1745.79450000,52369.41250018,9891.18697000
5,290,0.000000,0.424000,0.00000000,107.32720193,0.00000000,119.00542793,0.00000000,0.00000000,94.69756566,107.32720193,101.68074366,1745.79450000,52369.41249998,9891.18697000
5,291,0.000000,0.337000,0.00000000,2.80845898,0.00000000,177.08327748,0.00000000,0.00000000,0.00000000,2.80845898,0.00000000,0.00000000,50731.17763260,9281.78395115
5,292,0.000000,0.278000,0.00000000,106.72863180,0.00000000,41.66870570,0.00000000,0.00000000,94.69756566,106.72863180,101.68074366,1745.79450000,51080.33653244,7912.94957600
5,293,0.000000,0.267000,0.00000000,2.39428050,0.00000000,140.13121991,0.00000000,0.00000000,0.00000000,2.39428050,0.00000000,0.00000000,49683.70093227,7912.94957600
5,294,0.009000,0.271000,2.66902939,104.05960241,0.00000000,40.60111148,0.00000000,0.00000000,94.69756566,106.72863180,101.68074366,1745.79450000,50032.85983211,7912.94957600
5,295,0.152000,0.521000,0.00000000,30.37356422,45.07694074,247.73799275,0.00000000,0.00000000,25.00174700,30.37356422,27.15938231,539.40882693,49175.63305887,7912.94957600
5,296,0.322000,0.618000,95.49194025,11.83526168,0.00000000,318.05522241,0.00000000,0.00000000,94.69756566,107.32720193,101.68074366,1745.79450000,49175.63305867,9891.18697000
5,297,0.472000,0.556000,57.67001469,0.00000000,82.30574865,296.79467500,0.00000000,0.00000000,49.73928100,57.67001469,53.75120360,1002.98064984,48781.97810834,7912.94957600
5,298,0.599000,0.467000,106.72863180,0.00000000,70.91010176,249.28617487,0.00000000,0.00000000,94.69756566,106.72863180,101.68074366,1745.79450000,49131.13700817,7912.94957600
5,299,0.688000,0.392000,106.72863180,0.00000000,97.30383680,209.25092194,0.00000000,0.00000000,94.69756566,106.72863180,101.68074366,1745.79450000,49480.29590801,7912.94957600
5,300,0.727000,0.355000,106.72863180,0.00000000,108.86963081,189.50019717,0.00000000,0.00000000,94.69756566,106.72863180,101.68074366,1745.79450000,49829.45480785,7912.94957600
5,301,0.713000,0.374000,89.29817159,0.00000000,122.14826753,199.64246124,0.00000000,0.00000000,78.66539600,89.29817159,84.63531998,1492.48099468,49925.30020236,7912.94957600
5,302,0.619000,0.430000,106.72863180,0.00000000,76.84127818,229.53545009,0.00000000,0.00000000,94.69756566,106.72863180,101.68074366,1745.79450000,50274.45910219,7912.94957600
5,303,0.463000,0.500000,106.72863180,0.00000000,30.57810216,266.90168615,0.00000000,0.00000000,94.69756566,106.72863180,101.68074366,1745.79450000,50623.61800203,7912.94957600
5,304,0.307000,0.584000,91.04355794,16.28364399,0.00000000,295.45752544,0.00000000,0.00000000,94.69756566,107.32720193,101.68074366,1745.79450000,50623.61800182,9891.18697000
5,305,0.142000,0.679000,42.11135253,65.21584939,0.00000000,297.23664040,0.00000000,0.00000000,94.69756566,107.32720193,101.68074366,1745.79450000,50623.61800162,9891.18697000
5,306,0.004000,0.745000,1.18623528,105.54239652,0.00000000,292.14111585,0.00000000,0.00000000,94.69756566,106.72863180,101.68074366,1745.79450000,50972.77690146,7912.94957600
5,307,0.000000,0.772000,0.00000000,106.72863180,0.00000000,305.36757162,0.00000000,0.00000000,94.69756566,106.72863180,101.68074366,1745.79450000,51321.93580129,7912.94957600
5,308,0.000000,0.819000,0.00000000,107.32720193,0.00000000,329.85775999,0.00000000,0.00000000,94.69756566,107.32720193,101.68074366,1745.79450000,51321.93580109,9891.18697000
5,309,0.000000,0.857000,0.00000000,106.72863180,0.00000000,350.74085827,0.00000000,0.00000000,94.69756566,106.72863180,101.68074366,1745.79450000,51671.09470092,7912.94957600
5,310,0.000000,0.837000,0.00000000,106.72863180,0.00000000,340.06479082,0.00000000,0.00000000,94.69756566,106.72863180,101.68074366,1745.79450000,52020.25360076,7912.94957600
5,311,0.000000,0.809000,0.00000000,107.32720193,0.00000000,324.51972627,0.00000000,0.00000000,94.69756566,107.32720193,101.68074366,1745.79450000,52020.25360055,9891.18697000
5,312,0.000000,0.777000,0.00000000,107.32720193,0.00000000,307.43801836,0.00000000,0.00000000,94.69756566,107.32720193,101.68074366,1745.79450000,52020.25360035,9891.18697000
5,313,0.000000,0.710000,0.00000000,106.72863180,0.00000000,272.27176254,0.00000000,0.00000000,94.69756566,106.72863180,101.68074366,1745.79450000,52369.41250018,7912.94957600
5,314,0.000000,0.621000,0.00000000,107.32720193,0.00000000,224.16469228,0.00000000,0.00000000,94.69756566,107.32720193,101.68074366,1745.79450000,52369.41249998,9891.18697000
5,315,0.000000,0.526000,0.00000000,107.32720193,0.00000000,173.45337191,0.00000000,0.00000000,94.69756566,107.32720193,101.68074366,1745.79450000,52369.41249998,9891.18696884
5,316,0.000000,0.415000,0.00000000,2.99285063,0.00000000,218.53554888,0.00000000,0.00000000,0.00000000,2.99285063,0.00000000,0.00000000,50623.61799977,9891.18697000
5,317,0.000000,0.315000,0.00000000,106.72863180,0.00000000,61.41943048,0.00000000,0.00000000,94.69756566,106.72863180,101.68074366,1745.79450000,50972.77689961,7912.94957600
5,318,0.014000,0.299000,4.15182349,53.51819120,0.00000000,106.08901712,0.00000000,0.00000000,49.73928100,57.67001469,53.75120360,1002.98064984,50579.12194928,7912.94957600
5,319,0.194000,0.508000,57.53241120,49.19622060,0.00000000,221.97589253,0.00000000,0.00000000,94.69756566,106.72863180,101.68074366,1745.79450000,50928.28084912,7912.94957600
5,320,0.395000,0.574000,106.72863180,0.00000000,10.41210235,306.40313570,0.00000000,0.00000000,94.69756566,106.72863180,101.68074366,1745.79450000,51277.43974895,7912.94957600
5,321,0.551000,0.509000,2.39428050,0.00000000,161.00962967,271.70591650,0.00000000,0.00000000,0.00000000,2.39428050,0.00000000,0.00000000,49880.80414879,7912.94957600
5,322,0.647000,0.414000,106.72863180,0.00000000,85.14492515,220.99459613,0.00000000,0.00000000,94.69756566,106.72863180,101.68074366,1745.79450000,50229.96304863,7912.94957600
5,323,0.705000,0.325000,106.72863180,0.00000000,102.34533675,173.48609600,0.00000000,0.00000000,94.69756566,106.72863180,101.68074366,1745.79450000,50579.12194846,7912.94957600
5,324,0.719000,0.255000,107.32720193,0.00000000,105.89859011,136.11985994,0.00000000,0.00000000,94.69756566,107.32720193,101.68074366,1745.79450000,50579.12194826,9891.18697000
5,325,0.697000,0.219000,107.25092144,0.00000000,99.45057654,116.90293853,0.00000000,0.00000000,94.69756566,107.25092144,101.68074366,1745.79450000,50623.61800244,9639.08467885
5,326,0.623000,0.211000,107.32720193,0.00000000,77.42894333,112.63251156,0.00000000,0.00000000,94.69756566,107.32720193,101.68074366,1745.79450000,50623.61800223,9891.18697000
5,327,0.507000,0.241000,106.72863180,0.00000000,43.62669026,128.64661273,0.00000000,0.00000000,94.69756566,106.72863180,101.68074366,1745.79450000,50972.77690207,7912.94957600
5,328,0.297000,0.311000,88.07796973,18.65066207,0.00000000,147.36218672,0.00000000,0.00000000,94.69756566,106.72863180,101.68074366,1745.79450000,51321.93580191,7912.94957600
5,329,0.133000,0.420000,39.44232315,67.88487878,0.00000000,156.31253759,0.00000000,0.00000000,94.69756566,107.32720193,101.68074366,1745.79450000,51321.93580170,9891.18697000
5,330,0.004000,0.584000,1.18623528,106.14096664,0.00000000,205.60020278,0.00000000,0.00000000,94.69756566,107.32720193,101.68074366,1745.79450000,51321.93580150,9891.18697000
5,331,0.000000,0.675000,0.00000000,106.72863180,0.00000000,253.58864451,0.00000000,0.00000000,94.69756566,106.72863180,101.68074366,1745.79450000,51671.09470133,7912.94957600
5,332,0.000000,0.737000,0.00000000,106.72863180,0.00000000,286.68445359,0.00000000,0.00000000,94.69756566,106.72863180,101.68074366,1745.79450000,52020.25360117,7912.94957600
5,333,0.000000,0.783000,0.00000000,107.32720193,0.00000000,310.64083859,0.00000000,0.00000000,94.69756566,107.32720193,101.68074366,1745.79450000,52020.25360096,9891.18697000
5,334,0.000000,0.785000,0.00000000,107.32720193,0.00000000,311.70844533,0.00000000,0.00000000,94.69756566,107.32720193,101.68074366,1745.79450000,52020.25360076,9891.18697000
5,335,0.000000,0.765000,0.00000000,107.32720193,0.00000000,301.03237789,0.00000000,0.00000000,94.69756566,107.32720193,101.68074366,1745.79450000,52020.25360055,9891.18697000
5,336,0.000000,0.701000,0.00000000,107.32720193,0.00000000,266.86896206,0.00000000,0.00000000,94.69756566,107.32720193,101.68074366,1745.79450000,52020.25360035,9891.18697000
5,337,0.000000,0.605000,0.00000000,107.32720193,0.00000000,215.62383832,0.00000000,0.00000000,94.69756566,107.32720193,101.68074366,1745.79450000,52020.25360014,9891.18697000
5,338,0.000000,0.522000,0.00000000,106.72863180,0.00000000,171.91672854,0.00000000,0.00000000,94.69756566,106.72863180,101.68074366,1745.79450000,52369.41249998,7912.94957600
5,339,0.000000,0.432000,0.00000000,107.32720193,0.00000000,123.27585491,0.00000000,0.00000000,94.69756566,107.32720193,101.68074366,1745.79450000,52369.41249977,9891.18697000
5,340,0.000000,0.348000,0.00000000,89.89674172,0.00000000,95.86683185,0.00000000,0.00000000,78.66539600,89.89674172,84.63531998,1492.48099468,52116.09899425,9891.18697000
5,341,0.000000,0.300000,0.00000000,72.94337341,0.00000000,87.19763828,0.00000000,0.00000000,63.67817400,72.94337341,68.65710075,1244.73168631,51964.19508039,7912.94957600
5,342,0.008000,0.281000,2.37247057,104.85862911,0.00000000,45.14011851,0.00000000,0.00000000,94.69756566,107.23109968,101.68074366,1745.79450000,52020.25360014,9573.57495892
5,343,0.151000,0.437000,44.78038192,61.94824988,0.00000000,171.32382381,0.00000000,0.00000000,94.69756566,106.72863180,101.68074366,1745.79450000,52369.41249998,7912.94957600
5,344,0.318000,0.485000,94.30570496,13.02149696,0.00000000,245.87313861,0.00000000,0.00000000,94.69756566,107.32720193,101.68074366,1745.79450000,52369.41249977,9891.18697000
5,345,0.461000,0.400000,107.32720193,0.00000000,29.38641439,213.52134892,0.00000000,0.00000000,94.69756566,107.32720193,101.68074366,1745.79450000,52369.41249957,9891.18697000
5,346,0.560000,0.294000,107.32720192,0.00000000,58.74573763,156.93819146,0.00000000,0.00000000,94.69756566,107.32720192,101.68074366,1745.79450000,52369.41249998,9891.18696652
5,347,0.618000,0.214000,107.32720193,0.00000000,75.94614923,114.23392167,0.00000000,0.00000000,94.69756566,107.32720193,101.68074366,1745.79450000,52369.41249977,9891.18697000
5,348,0.621000,0.171000,2.99285063,0.00000000,181.17017699,91.28037666,0.00000000,0.00000000,0.00000000,2.99285063,0.00000000,0.00000000,50623.61799957,9891.18697000
5,349,0.589000,0.160000,106.72863180,0.00000000,67.94451356,85.40853957,0.00000000,0.00000000,94.69756566,106.72863180,101.68074366,1745.79450000,50972.77689941,7912.94957600
5,350,0.557000,0.177000,106.72863180,0.00000000,58.45463130,94.48319690,0.00000000,0.00000000,94.69756566,106.72863180,101.68074366,1745.79450000,51321.93579924,7912.94957600
5,351,0.474000,0.220000,107.32720193,0.00000000,33.24167906,117.43674191,0.00000000,0.00000000,94.69756566,107.32720193,101.68074366,1745.79450000,51321.93579904,9891.18697000
5,352,0.327000,0.304000,96.97473435,10.35246758,0.00000000,151.92375760,0.00000000,0.00000000,94.69756566,107.32720193,101.68074366,1745.79450000,51321.93579883,9891.18697000
5,353,0.138000,0.466000,40.92511725,65.80351455,0.00000000,182.94885694,0.00000000,0.00000000,94.69756566,106.72863180,101.68074366,1745.79450000,51671.09469867,7912.94957600
5,354,0.003000,0.684000,0.88967646,88.40849513,0.00000000,276.71301153,0.00000000,0.00000000,78.66539600,89.29817159,84.63531998,1492.48099468,51766.94009318,7912.94957600
5,355,0.000000,0.777000,0.00000000,107.32720193,0.00000000,307.43801836,0.00000000,0.00000000,94.69756566,107.32720193,101.68074366,1745.79450000,51766.94009297,9891.18697000
5,356,0.000000,0.818000,0.00000000,106.72863180,0.00000000,329.92252675,0.00000000,0.00000000,94.69756566,106.72863180,101.68074366,1745.79450000,52116.09899281,7912.94957600
5,357,0.000000,0.827000,0.00000000,107.32720193,0.00000000,334.12818697,0.00000000,0.00000000,94.69756566,107.32720193,101.68074366,1745.79450000,52116.09899261,9891.18697000
5,358,0.000000,0.821000,0.00000000,106.89294148,0.00000000,331.35962718,0.00000000,0.00000000,94.69756566,106.89294148,101.68074366,1745.79450000,52369.41250059,8455.98295757
5,359,0.000000,0.779000,0.00000000,107.32720193,0.00000000,308.50562510,0.00000000,0.00000000,94.69756566,107.32720193,101.68074366,1745.79450000,52369.41250039,9891.18697000
5,360,0.000000,0.713000,0.00000000,107.32720193,0.00000000,273.27460253,0.00000000,0.00000000,94.69756566,107.32720193,101.68074366,1745.79450000,52369.41250018,9891.18697000
5,361,0.000000,0.630000,0.00000000,107.32720193,0.00000000,228.96892263,0.00000000,0.00000000,94.69756566,107.32720193,101.68074366,1745.79450000,52369.41249998,9891.18697000
5,362,0.000000,0.527000,0.00000000,107.32720193,0.00000000,173.98717528,0.00000000,0.00000000,94.69756566,107.32720193,101.68074366,1745.79450000,52369.41249977,9891.18697000
5,363,0.000000,0.407000,0.00000000,89.46248128,0.00000000,127.79549125,0.00000000,0.00000000,78.66539600,89.46248128,84.63531998,1492.48099468,52369.41249998,8455.98297150
5,364,0.000000,0.324000,0.00000000,58.26858481,0.00000000,114.68370781,0.00000000,0.00000000,49.73928100,58.26858481,53.75120360,1002.98064984,51626.59864961,9891.18697000
5,365,0.000000,0.272000,0.00000000,107.32720193,0.00000000,37.86731534,0.00000000,0.00000000,94.69756566,107.32720193,101.68074366,1745.79450000,51626.59864941,9891.18697000
5,366,0.007000,0.255000,2.07591174,105.25129018,0.00000000,30.86856976,0.00000000,0.00000000,94.69756566,107.32720193,101.68074366,1745.79450000,51626.59864920,9891.18697000
5,367,0.143000,0.328000,42.40791135,64.91929057,0.00000000,110.16821554,0.00000000,0.00000000,94.69756566,107.32720193,101.68074366,1745.79450000,51626.59864900,9891.18697000
5,368,0.340000,0.335000,100.82999902,5.89863278,0.00000000,172.92549694,0.00000000,0.00000000,94.69756566,106.72863180,101.68074366,1745.79450000,51975.75754883,7912.94957600
5,369,0.506000,0.327000,107.25092145,0.00000000,42.80784179,174.55370274,0.00000000,0.00000000,94.69756566,107.25092145,101.68074366,1745.79450000,52020.25360035,9639.08469395
5,370,0.627000,0.323000,107.32720193,0.00000000,78.61517862,172.41848925,0.00000000,0.00000000,94.69756566,107.32720193,101.68074366,1745.79450000,52020.25360014,9891.18697000
5,371,0.703000,0.305000,106.72863180,0.00000000,101.75221911,162.81002855,0.00000000,0.00000000,94.69756566,106.72863180,101.68074366,1745.79450000,52369.41249998,7912.94957600
5,372,0.729000,0.278000,107.32720193,0.00000000,108.86417832,148.39733750,0.00000000,0.00000000,94.69756566,107.32720193,101.68074366,1745.79450000,52369.41249998,9891.18696884
5,373,0.714000,0.262000,2.39428050,0.00000000,209.34871744,139.85648354,0.00000000,0.00000000,0.00000000,2.39428050,0.00000000,0.00000000,50972.77689982,7912.94957600
5,374,0.635000,0.274000,106.72863180,0.00000000,81.58621931,146.26212401,0.00000000,0.00000000,94.69756566,106.72863180,101.68074366,1745.79450000,51321.93579965,7912.94957600
5,375,0.536000,0.305000,72.94337341,0.00000000,86.01215445,162.81002855,0.00000000,0.00000000,63.67817400,72.94337341,68.65710075,1244.73168631,51170.03188580,7912.94957600
5,376,0.362000,0.368000,106.72863180,0.00000000,0.62566127,196.43964101,0.00000000,0.00000000,94.69756566,106.72863180,101.68074366,1745.79450000,51519.19078564,7912.94957600
5,377,0.167000,0.481000,49.52532305,57.20330875,0.00000000,199.55611333,0.00000000,0.00000000,94.69756566,106.72863180,101.68074366,1745.79450000,51868.34968547,7912.94957600
5,378,0.005000,0.638000,1.48279410,41.99584546,0.00000000,298.57070607,0.00000000,0.00000000,36.84682300,43.47863956,39.91750131,767.66957627,51239.38366158,7912.94957600
5,379,0.000000,0.736000,0.00000000,107.18568113,0.00000000,285.69360088,0.00000000,0.00000000,94.69756566,107.18568113,101.68074366,1745.79450000,51321.93580088,9423.46946569
5,380,0.000000,0.792000,0.00000000,106.72863180,0.00000000,316.04363907,0.00000000,0.00000000,94.69756566,106.72863180,101.68074366,1745.79450000,51671.09470072,7912.94957600
5,381,0.000000,0.794000,0.00000000,106.72863180,0.00000000,317.11124581,0.00000000,0.00000000,94.69756566,106.72863180,101.68074366,1745.79450000,52020.25360055,7912.94957600
5,382,0.000000,0.760000,0.00000000,107.32720193,0.00000000,298.36336103,0.00000000,0.00000000,94.69756566,107.32720193,101.68074366,1745.79450000,52020.25360035,9891.18697000
5,383,0.000000,0.682000,0.00000000,107.32720193,0.00000000,256.72669799,0.00000000,0.00000000,94.69756566,107.32720193,101.68074366,1745.79450000,52020.25360014,9891.18697000
5,384,0.000000,0.578000,0.00000000,106.72863180,0.00000000,201.80971739,0.00000000,0.00000000,94.69756566,106.72863180,101.68074366,1745.79450000,52369.41249998,7912.94957600
5,385,0.000000,0.447000,0.00000000,107.32720193,0.00000000,131.28290549,0.00000000,0.00000000,94.69756566,107.32720193,101.68074366,1745.79450000,52369.41249977,9891.18697000
5,386,0.000000,0.341000,0.00000000,2.99285063,0.00000000,179.03409933,0.00000000,0.00000000,0.00000000,2.99285063,0.00000000,0.00000000,50623.61799957,9891.18697000
5,387,0.000000,0.259000,0.00000000,2.39428050,0.00000000,135.86079293,0.00000000,0.00000000,0.00000000,2.39428050,0.00000000,0.00000000,49226.98239941,7912.94957600
5,388,0.000000,0.228000,0.00000000,106.72863180,0.00000000,14.97853708,0.00000000,0.00000000,94.69756566,106.72863180,101.68074366,1745.79450000,49576.14129924,7912.94957600
5,389,0.000000,0.196000,0.00000000,58.26858481,0.00000000,46.35687616,0.00000000,0.00000000,49.73928100,58.26858481,53.75120360,1002.98064984,48833.32744887,9891.18697000
5,390,0.011000,0.195000,3.26214703,104.06505490,0.00000000,0.02660270,0.00000000,0.00000000,94.69756566,107.32720193,101.68074366,1745.79450000,48833.32744867,9891.18697000
5,391,0.189000,0.367000,56.04961710,51.27758482,0.00000000,144.62825281,0.00000000,0.00000000,94.69756566,107.32720193,101.68074366,1745.79450000,48833.32744846,9891.18697000
5,392,0.382000,0.456000,106.72863180,0.00000000,6.55683768,243.41433777,0.00000000,0.00000000,94.69756566,106.72863180,101.68074366,1745.79450000,49182.48634830,7912.94957600
5,393,0.539000,0.439000,107.32720193,0.00000000,52.51800240,234.33968044,0.00000000,0.00000000,94.69756566,107.32720193,101.68074366,1745.79450000,49182.48634809,9891.18697000
5,394,0.650000,0.394000,107.32720193,0.00000000,85.43603149,210.31852869,0.00000000,0.00000000,94.69756566,107.32720193,101.68074366,1745.79450000,49182.48634789,9891.18697000
5,395,0.713000,0.345000,89.29817159,0.00000000,122.14826753,184.16216345,0.00000000,0.00000000,78.66539600,89.29817159,84.63531998,1492.48099468,49278.33174240,7912.94957600
5,396,0.721000,0.326000,106.72863180,0.00000000,107.09027788,174.01989937,0.00000000,0.00000000,94.69756566,106.72863180,101.68074366,1745.79450000,49627.49064224,7912.94957600
5,397,0.684000,0.334000,106.89440726,0.00000000,95.95182606,178.29032635,0.00000000,0.00000000,94.69756566,106.89440726,101.68074366,1745.79450000,49879.94913146,8460.82725654
5,398,0.604000,0.374000,2.39428050,0.00000000,176.72724717,199.64246124,0.00000000,0.00000000,0.00000000,2.39428050,0.00000000,0.00000000,48483.31353129,7912.94957600
5,399,0.486000,0.442000,106.72863180,0.00000000,37.39895503,235.94109056,0.00000000,0.00000000,94.69756566,106.72863180,101.68074366,1745.79450000,48832.47243113,7912.94957600
5,400,0.293000,0.536000,86.89173445,19.83689735,0.00000000,266.28171020,0.00000000,0.00000000,94.69756566,106.72863180,101.68074366,1745.79450000,49181.63133096,7912.94957600
5,401,0.132000,0.634000,39.14576432,68.18143760,0.00000000,270.24990044,0.00000000,0.00000000,94.69756566,107.32720193,101.68074366,1745.79450000,49181.63133076,9891.18697000
5,402,0.003000,0.706000,0.88967646,72.65226707,0.00000000,304.21291378,0.00000000,0.00000000,63.67817400,73.54194353,68.65710075,1244.73168631,48680.56851687,9891.18697000
5,403,0.000000,0.744000,0.00000000,107.32720193,0.00000000,289.82250707,0.00000000,0.00000000,94.69756566,107.32720193,101.68074366,1745.79450000,48680.56851666,9891.18697000
5,404,0.000000,0.770000,0.00000000,106.72863180,0.00000000,304.29996487,0.00000000,0.00000000,94.69756566,106.72863180,101.68074366,1745.79450000,49029.72741650,7912.94957600
5,405,0.000000,0.766000,0.00000000,72.94337341,0.00000000,335.95000978,0.00000000,0.00000000,63.67817400,72.94337341,68.65710075,1244.73168631,48877.82350264,7912.94957600
5,406,0.000000,0.748000,0.00000000,106.72863180,0.00000000,292.55629068,0.00000000,0.00000000,94.69756566,106.72863180,101.68074366,1745.79450000,49226.98240248,7912.94957600
5,407,0.000000,0.682000,0.00000000,106.72863180,0.00000000,257.32526811,0.00000000,0.00000000,94.69756566,106.72863180,101.68074366,1745.79450000,49576.14130232,7912.94957600
5,408,0.000000,0.560000,0.00000000,106.72863180,0.00000000,192.20125669,0.00000000,0.00000000,94.69756566,106.72863180,101.68074366,1745.79450000,49925.30020215,7912.94957600
5,409,0.000000,0.447000,0.00000000,106.72863180,0.00000000,131.88147562,0.00000000,0.00000000,94.69756566,106.72863180,101.68074366,1745.79450000,50274.45910199,7912.94957600
5,410,0.000000,0.361000,0.00000000,107.32720193,0.00000000,85.37581548,0.00000000,0.00000000,94.69756566,107.32720193,101.68074366,1745.79450000,50274.45910178,9891.18697000
5,411,0.000000,0.302000,0.00000000,106.72863180,0.00000000,54.47998664,0.00000000,0.00000000,94.69756566,106.72863180,101.68074366,1745.79450000,50623.61800162,7912.94957600
5,412,0.000000,0.278000,0.00000000,106.72863180,0.00000000,41.66870570,0.00000000,0.00000000,94.69756566,106.72863180,101.68074366,1745.79450000,50972.77690146,7912.94957600
5,413,0.000000,0.245000,0.00000000,106.72863180,0.00000000,24.05319441,0.00000000,0.00000000,94.69756566,106.72863180,101.68074366,1745.79450000,51321.93580129,7912.94957600
5,414,0.013000,0.243000,3.85526467,103.47193726,0.00000000,26.24228221,0.00000000,0.00000000,94.69756566,107.32720193,101.68074366,1745.79450000,51321.93580109,9891.18697000
5,415,0.192000,0.436000,56.93929356,49.78933824,0.00000000,182.94893209,0.00000000,0.00000000,94.69756566,106.72863180,101.68074366,1745.79450000,51671.09470092,7912.94957600
5,416,0.384000,0.500000,107.32720193,0.00000000,6.55138520,266.90168615,0.00000000,0.00000000,94.69756566,107.32720193,101.68074366,1745.79450000,51671.09470072,9891.18697000
5,417,0.540000,0.488000,107.32720193,0.00000000,52.81456122,260.49604569,0.00000000,0.00000000,94.69756566,107.32720193,101.68074366,1745.79450000,51671.09470051,9891.18697000
5,418,0.652000,0.478000,106.72863180,0.00000000,86.62771926,255.15801196,0.00000000,0.00000000,94.69756566,106.72863180,101.68074366,1745.79450000,52020.25360035,7912.94957600
5,419,0.719000,0.481000,106.72863180,0.00000000,106.49716024,256.75942208,0.00000000,0.00000000,94.69756566,106.72863180,101.68074366,1745.79450000,52369.41250018,7912.94957600
5,420,0.736000,0.505000,107.32720193,0.00000000,110.94009007,269.57070301,0.00000000,0.00000000,94.69756566,107.32720193,101.68074366,1745.79450000,52369.41249998,9891.18697000
5,421,0.705000,0.523000,107.32720193,0.00000000,101.74676663,279.17916372,0.00000000,0.00000000,94.69756566,107.32720193,101.68074366,1745.79450000,52369.41249977,9891.18697000
5,422,0.625000,0.532000,107.32720193,0.00000000,78.02206097,283.98339407,0.00000000,0.00000000,94.69756566,107.32720193,101.68074366,1745.79450000,52369.41249957,9891.18697000
5,423,0.475000,0.562000,107.32720192,0.00000000,33.53823788,299.99749524,0.00000000,0.00000000,94.69756566,107.32720192,101.68074366,1745.79450000,52369.41249998,9891.18696652
5,424,0.314000,0.599000,93.11946968,14.20773224,0.00000000,305.54048777,0.00000000,0.00000000,94.69756566,107.32720193,101.68074366,1745.79450000,52369.41249977,9891.18697000
5,425,0.145000,0.630000,30.37356422,0.00000000,12.62746477,336.29612455,0.00000000,0.00000000,25.00174700,30.37356422,27.15938231,539.40882693,51512.18572654,7912.94957600
5,426,0.005000,0.644000,1.48279410,105.24583770,0.00000000,238.52353407,0.00000000,0.00000000,94.69756566,106.72863180,101.68074366,1745.79450000,51861.34462637,7912.94957600
5,427,0.000000,0.632000,0.00000000,107.32720193,0.00000000,230.03652937,0.00000000,0.00000000,94.69756566,107.32720193,101.68074366,1745.79450000,51861.34462617,9891.18697000
5,428,0.000000,0.653000,0.00000000,107.32720193,0.00000000,241.24640019,0.00000000,0.00000000,94.69756566,107.32720193,101.68074366,1745.79450000,51861.34462596,9891.18697000
5,429,0.000000,0.677000,0.00000000,107.32720193,0.00000000,254.05768113,0.00000000,0.00000000,94.69756566,107.32720193,101.68074366,1745.79450000,51861.34462576,9891.18697000
5,430,0.000000,0.648000,0.00000000,107.32720193,0.00000000,238.57738333,0.00000000,0.00000000,94.69756566,107.32720193,101.68074366,1745.79450000,51861.34462555,9891.18697000
5,431,0.000000,0.629000,0.00000000,106.88239835,0.00000000,228.87992283,0.00000000,0.00000000,94.69756566,106.88239835,101.68074366,1745.79450000,52120.80817121,8421.13855153
5,432,0.000000,0.525000,0.00000000,73.54194353,0.00000000,206.70482693,0.00000000,0.00000000,63.67817400,73.54194353,68.65710075,1244.73168631,51619.74535731,9891.18697000
5,433,0.000000,0.437000,0.00000000,107.32720193,0.00000000,125.94487177,0.00000000,0.00000000,94.69756566,107.32720193,101.68074366,1745.79450000,51619.74535711,9891.18697000
5,434,0.000000,0.367000,0.00000000,58.26858481,0.00000000,137.63725282,0.00000000,0.00000000,49.73928100,58.26858481,53.75120360,1002.98064984,50876.93150674,9891.18697000
5,435,0.000000,0.305000,0.00000000,106.72863180,0.00000000,56.08139675,0.00000000,0.00000000,94.69756566,106.72863180,101.68074366,1745.79450000,51226.09040658,7912.94957600
5,436,0.000000,0.264000,0.00000000,107.32720193,0.00000000,33.59688836,0.00000000,0.00000000,94.69756566,107.32720193,101.68074366,1745.79450000,51226.09040637,9891.18697000
5,437,0.000000,0.246000,0.00000000,106.72863180,0.00000000,24.58699779,0.00000000,0.00000000,94.69756566,106.72863180,101.68074366,1745.79450000,51575.24930621,7912.94957600
5,438,0.015000,0.243000,4.44838231,102.28024949,0.00000000,27.43396998,0.00000000,0.00000000,94.69756566,106.72863180,101.68074366,1745.79450000,51924.40820604,7912.94957600
5,439,0.208000,0.481000,61.68423469,27.61393690,0.00000000,229.14548518,0.00000000,0.00000000,78.66539600,89.29817159,84.63531998,1492.48099468,52020.25360055,7912.94957600
5,440,0.412000,0.593000,107.32720193,0.00000000,14.85503218,316.54539978,0.00000000,0.00000000,94.69756566,107.32720193,101.68074366,1745.79450000,52020.25360035,9891.18697000
5,441,0.570000,0.575000,106.72863180,0.00000000,62.30989596,306.93693908,0.00000000,0.00000000,94.69756566,106.72863180,101.68074366,1745.79450000,52369.41250018,7912.94957600
5,442,0.679000,0.552000,107.32720193,0.00000000,94.03623729,294.65946151,0.00000000,0.00000000,94.69756566,107.32720193,101.68074366,1745.79450000,52369.41249998,9891.18697000
5,443,0.738000,0.541000,89.89674172,0.00000000,128.96366792,288.78762442,0.00000000,0.00000000,78.66539600,89.89674172,84.63531998,1492.48099468,52116.09899445,9891.18697000
5,444,0.753000,0.549000,107.32720193,0.00000000,115.98159002,293.05805140,0.00000000,0.00000000,94.69756566,107.32720193,101.68074366,1745.79450000,52116.09899425,9891.18697000
5,445,0.729000,0.556000,107.32720193,0.00000000,108.86417832,296.79467500,0.00000000,0.00000000,94.69756566,107.32720193,101.68074366,1745.79450000,52116.09899404,9891.18697000
5,446,0.661000,0.568000,106.89294149,0.00000000,89.13243896,303.20031547,0.00000000,0.00000000,94.69756566,106.89294149,101.68074366,1745.79450000,52369.41250039,8455.98296686
5,447,0.546000,0.597000,107.32720193,0.00000000,54.59391414,318.68061327,0.00000000,0.00000000,94.69756566,107.32720193,101.68074366,1745.79450000,52369.41250018,9891.18697000
5,448,0.377000,0.647000,107.32720193,0.00000000,4.47547346,345.37078188,0.00000000,0.00000000,94.69756566,107.32720193,101.68074366,1745.79450000,52369.41249998,9891.18697000
5,449,0.157000,0.710000,46.55973484,60.76746709,0.00000000,318.23292725,0.00000000,0.00000000,94.69756566,107.32720193,101.68074366,1745.79450000,52369.41249977,9891.18697000
5,450,0.007000,0.768000,2.07591174,105.25129018,0.00000000,304.70969975,0.00000000,0.00000000,94.69756566,107.32720193,101.68074366,1745.79450000,52369.41249957,9891.18697000
5,451,0.000000,0.792000,0.00000000,107.32720193,0.00000000,315.44506894,0.00000000,0.00000000,94.69756566,107.32720193,101.68074366,1745.79450000,52369.41249936,9891.18697000
5,452,0.000000,0.803000,0.00000000,107.32720193,0.00000000,321.31690604,0.00000000,0.00000000,94.69756566,107.32720193,101.68074366,1745.79450000,52369.41249916,9891.18697000
5,453,0.000000,0.820000,0.00000000,107.32720193,0.00000000,330.39156336,0.00000000,0.00000000,94.69756566,107.32720193,101.68074366,1745.79450000,52369.41249895,9891.18697000
5,454,0.000000,0.796000,0.00000000,107.32720193,0.00000000,317.58028243,0.00000000,0.00000000,94.69756566,107.32720193,101.68074366,1745.79450000,52369.41249875,9891.18697000
5,455,0.000000,0.722000,0.00000000,107.32720193,0.00000000,278.07883288,0.00000000,0.00000000,94.69756566,107.32720193,101.68074366,1745.79450000,52369.41249854,9891.18697000
5,456,0.000000,0.637000,0.00000000,107.32720193,0.00000000,232.70554623,0.00000000,0.00000000,94.69756566,107.32720193,101.68074366,1745.79450000,52369.41249834,9891.18697000
5,457,0.000000,0.544000,0.00000000,107.32720193,0.00000000,183.06183261,0.00000000,0.00000000,94.69756566,107.32720193,101.68074366,1745.79450000,52369.41249813,9891.18697000
5,458,0.000000,0.445000,0.00000000,72.94337341,0.00000000,164.59912727,0.00000000,0.00000000,63.67817400,72.94337341,68.65710075,1244.73168631,52217.50858428,7912.94957600
5,459,0.000000,0.368000,0.00000000,107.32720193,0.00000000,89.11243908,0.00000000,0.00000000,94.69756566,107.32720193,101.68074366,1745.79450000,52217.50858408,9891.18697000
5,460,0.000000,0.317000,0.00000000,30.97213435,0.00000000,138.24353467,0.00000000,0.00000000,25.00174700,30.97213435,27.15938231,539.40882693,51011.12291080,9891.18697000
5,461,0.000000,0.305000,0.00000000,106.72863180,0.00000000,56.08139675,0.00000000,0.00000000,94.69756566,106.72863180,101.68074366,1745.79450000,51360.28181063,7912.94957600
5,462,0.015000,0.309000,4.44838231,102.87881962,0.00000000,62.06642243,0.00000000,0.00000000,94.69756566,107.32720193,101.68074366,1745.79450000,51360.28181043,9891.18697000
5,463,0.203000,0.577000,60.20144059,46.52719121,0.00000000,261.47735461,0.00000000,0.00000000,94.69756566,106.72863180,101.68074366,1745.79450000,51709.44071026,7912.94957600
5,464,0.403000,0.654000,106.72863180,0.00000000,12.78457292,349.10740549,0.00000000,0.00000000,94.69756566,106.72863180,101.68074366,1745.79450000,52058.59961010,7912.94957600
5,465,0.568000,0.618000,107.32720193,0.00000000,61.11820820,329.89048408,0.00000000,0.00000000,94.69756566,107.32720193,101.68074366,1745.79450000,52058.59960990,9891.18697000
5,466,0.680000,0.580000,107.32720193,0.00000000,94.33279611,309.60595594,0.00000000,0.00000000,94.69756566,107.32720193,101.68074366,1745.79450000,52058.59960969,9891.18697000
5,467,0.740000,0.559000,107.32720193,0.00000000,112.12632535,298.39608512,0.00000000,0.00000000,94.69756566,107.32720193,101.68074366,1745.79450000,52058.59960949,9891.18697000
5,468,0.755000,0.561000,107.32720193,0.00000000,116.57470766,299.46369186,0.00000000,0.00000000,94.69756566,107.32720193,101.68074366,1745.79450000,52058.59960928,9891.18697000
5,469,0.728000,0.575000,106.79436913,0.00000000,109.10045229,306.93693908,0.00000000,0.00000000,94.69756566,106.79436913,101.68074366,1745.79450000,52369.41250039,8130.20741581
5,470,0.659000,0.599000,107.32720193,0.00000000,88.10506088,319.74822001,0.00000000,0.00000000,94.69756566,107.32720193,101.68074366,1745.79450000,52369.41250018,9891.18697000
5,471,0.528000,0.646000,107.32720193,0.00000000,49.25585537,344.83697851,0.00000000,0.00000000,94.69756566,107.32720193,101.68074366,1745.79450000,52369.41249998,9891.18697000
5,472,0.342000,0.737000,101.42311666,5.90408527,0.00000000,387.50900012,0.00000000,0.00000000,94.69756566,107.32720193,101.68074366,1745.79450000,52369.41249977,9891.18697000
5,473,0.153000,0.817000,45.37349956,61.95370237,0.00000000,374.16365281,0.00000000,0.00000000,94.69756566,107.32720193,101.68074366,1745.79450000,52369.41249957,9891.18697000
5,474,0.005000,0.853000,1.48279410,105.84440782,0.00000000,349.48986875,0.00000000,0.00000000,94.69756566,107.32720193,101.68074366,1745.79450000,52369.41249936,9891.18697000
5,475,0.000000,0.869000,0.00000000,107.32720193,0.00000000,356.54792861,0.00000000,0.00000000,94.69756566,107.32720193,101.68074366,1745.79450000,52369.41249916,9891.18697000
5,476,0.000000,0.873000,0.00000000,107.32720193,0.00000000,358.68314210,0.00000000,0.00000000,94.69756566,107.32720193,101.68074366,1745.79450000,52369.41249895,9891.18697000
5,477,0.000000,0.852000,0.00000000,107.32720193,0.00000000,347.47327128,0.00000000,0.00000000,94.69756566,107.32720193,101.68074366,1745.79450000,52369.41249875,9891.18697000
5,478,0.000000,0.792000,0.00000000,107.32720193,0.00000000,315.44506894,0.00000000,0.00000000,94.69756566,107.32720193,101.68074366,1745.79450000,52369.41249854,9891.18697000
5,479,0.000000,0.685000,0.00000000,107.32720193,0.00000000,258.32810810,0.00000000,0.00000000,94.69756566,107.32720193,101.68074366,1745.79450000,52369.41249834,9891.18697000
5,480,0.000000,0.580000,0.00000000,107.32720192,0.00000000,202.27875401,0.00000000,0.00000000,94.69756566,107.32720192,101.68074366,1745.79450000,52369.41249998,9891.18695955
5,481,0.000000,0.497000,0.00000000,2.55859018,0.00000000,262.74168585,0.00000000,0.00000000,0.00000000,2.55859018,0.00000000,0.00000000,50876.93150920,8455.98295060
5,482,0.000000,0.433000,0.00000000,106.72863180,0.00000000,124.40822841,0.00000000,0.00000000,94.69756566,106.72863180,101.68074366,1745.79450000,51226.09040904,7912.94957600
5,483,0.000000,0.391000,0.00000000,106.72863180,0.00000000,101.98848677,0.00000000,0.00000000,94.69756566,106.72863180,101.68074366,1745.79450000,51575.24930887,7912.94957600
5,484,0.000000,0.339000,0.00000000,2.99285063,0.00000000,177.96649259,0.00000000,0.00000000,0.00000000,2.99285063,0.00000000,0.00000000,49829.45480867,9891.18697000
5,485,0.000000,0.286000,0.00000000,2.39428050,0.00000000,150.27348398,0.00000000,0.00000000,0.00000000,2.39428050,0.00000000,0.00000000,48432.81920850,7912.94957600
5,486,0.014000,0.265000,4.15182349,102.57680831,0.00000000,38.88108535,0.00000000,0.00000000,94.69756566,106.72863180,101.68074366,1745.79450000,48781.97810834,7912.94957600
5,487,0.210000,0.506000,62.27735233,44.45127947,0.00000000,225.65322692,0.00000000,0.00000000,94.69756566,106.72863180,101.68074366,1745.79450000,49131.13700817,7912.94957600
5,488,0.411000,0.613000,106.72863180,0.00000000,15.15704348,327.22146722,0.00000000,0.00000000,94.69756566,106.72863180,101.68074366,1745.79450000,49480.29590801,7912.94957600
5,489,0.570000,0.605000,107.32720193,0.00000000,61.71132584,322.95104024,0.00000000,0.00000000,94.69756566,107.32720193,101.68074366,1745.79450000,49480.29590781,9891.18697000
5,490,0.679000,0.576000,106.72863180,0.00000000,94.63480741,307.47074245,0.00000000,0.00000000,94.69756566,106.72863180,101.68074366,1745.79450000,49829.45480764,7912.94957600
5,491,0.740000,0.541000,106.72863180,0.00000000,112.72489547,288.78762442,0.00000000,0.00000000,94.69756566,106.72863180,101.68074366,1745.79450000,50178.61370748,7912.94957600
5,492,0.756000,0.523000,2.39428050,0.00000000,221.80418790,279.17916372,0.00000000,0.00000000,0.00000000,2.39428050,0.00000000,0.00000000,48781.97810731,7912.94957600
5,493,0.730000,0.516000,106.72863180,0.00000000,109.75930727,275.44254011,0.00000000,0.00000000,94.69756566,106.72863180,101.68074366,1745.79450000,49131.13700715,7912.94957600
5,494,0.661000,0.524000,106.72863180,0.00000000,89.29674864,279.71296709,0.00000000,0.00000000,94.69756566,106.72863180,101.68074366,1745.79450000,49480.29590699,7912.94957600
5,495,0.539000,0.549000,106.72863180,0.00000000,53.11657252,293.05805140,0.00000000,0.00000000,94.69756566,106.72863180,101.68074366,1745.79450000,49829.45480682,7912.94957600
5,496,0.367000,0.593000,0.00000000,89.29817159,108.83708718,227.24722819,0.00000000,0.00000000,78.66539600,89.29817159,84.63531998,1492.48099468,49925.30020133,7912.94957600
5,497,0.159000,0.685000,47.15285248,59.57577932,0.00000000,306.07953071,0.00000000,0.00000000,94.69756566,106.72863180,101.68074366,1745.79450000,50274.45910117,7912.94957600
5,498,0.004000,0.778000,1.18623528,105.54239652,0.00000000,309.75662714,0.00000000,0.00000000,94.69756566,106.72863180,101.68074366,1745.79450000,50623.61800100,7912.94957600
5,499,0.000000,0.821000,0.00000000,106.72863180,0.00000000,331.52393686,0.00000000,0.00000000,94.69756566,106.72863180,101.68074366,1745.79450000,50972.77690084,7912.94957600
5,500,0.000000,0.831000,0.00000000,107.32720193,0.00000000,336.26340046,0.00000000,0.00000000,94.69756566,107.32720193,101.68074366,1745.79450000,50972.77690064,9891.18697000
5,501,0.000000,0.827000,0.00000000,106.72863180,0.00000000,334.72675710,0.00000000,0.00000000,94.69756566,106.72863180,101.68074366,1745.79450000,51321.93580047,7912.94957600
5,502,0.000000,0.800000,0.00000000,106.72863180,0.00000000,320.31406604,0.00000000,0.00000000,94.69756566,106.72863180,101.68074366,1745.79450000,51671.09470031,7912.94957600
5,503,0.000000,0.737000,0.00000000,106.72863180,0.00000000,286.68445359,0.00000000,0.00000000,94.69756566,106.72863180,101.68074366,1745.79450000,52020.25360014,7912.94957600
5,504,0.000000,0.663000,0.00000000,106.72863180,0.00000000,247.18300404,0.00000000,0.00000000,94.69756566,106.72863180,101.68074366,1745.79450000,52369.41249998,7912.94957600
5,505,0.000000,0.562000,0.00000000,30.37356422,0.00000000,269.62393101,0.00000000,0.00000000,25.00174700,30.37356422,27.15938231,539.40882693,51512.18572674,7912.94957600
5,506,0.000000,0.455000,0.00000000,107.32720193,0.00000000,135.55333247,0.00000000,0.00000000,94.69756566,107.32720193,101.68074366,1745.79450000,51512.18572654,9891.18697000
5,507,0.000000,0.358000,0.00000000,106.72863180,0.00000000,84.37297548,0.00000000,0.00000000,94.69756566,106.72863180,101.68074366,1745.79450000,51861.34462637,7912.94957600
5,508,0.000000,0.285000,0.00000000,106.72863180,0.00000000,45.40532931,0.00000000,0.00000000,94.69756566,106.72863180,101.68074366,1745.79450000,52210.50352621,7912.94957600
5,509,0.000000,0.231000,0.00000000,107.32720193,0.00000000,15.98137708,0.00000000,0.00000000,94.69756566,107.32720193,101.68074366,1745.79450000,52210.50352600,9891.18697000
5,510,0.014000,0.192000,4.15182349,102.49024748,0.00000000,0.00000000,0.00000000,0.00000000,94.06739665,106.64207097,101.01074715,1735.83762611,52200.54665191,9891.18697000
5,511,0.202000,0.401000,59.90488177,47.42232016,0.00000000,166.63283214,0.00000000,0.00000000,94.69756566,107.32720193,101.68074366,1745.79450000,52200.54665170,9891.18697000
5,512,0.401000,0.516000,107.03771180,0.00000000,11.88237527,275.44254011,0.00000000,0.00000000,94.69756566,107.03771180,101.68074366,1745.79450000,52369.41250018,8934.43995195
5,513,0.560000,0.485000,107.32720193,0.00000000,58.74573763,258.89463557,0.00000000,0.00000000,94.69756566,107.32720193,101.68074366,1745.79450000,52369.41249998,9891.18697000
5,514,0.670000,0.433000,107.32720193,0.00000000,91.36720790,231.13686021,0.00000000,0.00000000,94.69756566,107.32720193,101.68074366,1745.79450000,52369.41249977,9891.18697000
5,515,0.731000,0.392000,107.32720193,0.00000000,109.45729596,209.25092194,0.00000000,0.00000000,94.69756566,107.32720193,101.68074366,1745.79450000,52369.41249957,9891.18697000
5,516,0.748000,0.376000,107.32720193,0.00000000,114.49879591,200.71006799,0.00000000,0.00000000,94.69756566,107.32720193,101.68074366,1745.79450000,52369.41249936,9891.18697000
5,517,0.704000,0.379000,107.32720193,0.00000000,101.45020781,202.31147810,0.00000000,0.00000000,94.69756566,107.32720193,101.68074366,1745.79450000,52369.41249916,9891.18697000
5,518,0.572000,0.406000,107.32720193,0.00000000,62.30444348,216.72416916,0.00000000,0.00000000,94.69756566,107.32720193,101.68074366,1745.79450000,52369.41249895,9891.18697000
5,519,0.438000,0.466000,107.32720193,0.00000000,22.56556151,248.75237149,0.00000000,0.00000000,94.69756566,107.32720193,101.68074366,1745.79450000,52369.41249875,9891.18697000
5,520,0.297000,0.539000,88.07796973,19.24923220,0.00000000,268.47078548,0.00000000,0.00000000,94.69756566,107.32720193,101.68074366,1745.79450000,52369.41249854,9891.18697000
5,521,0.136000,0.618000,40.33199961,66.99520232,0.00000000,262.89528177,0.00000000,0.00000000,94.69756566,107.32720193,101.68074366,1745.79450000,52369.41249834,9891.18697000
5,522,0.004000,0.684000,1.18623528,88.71050643,0.00000000,276.41100022,0.00000000,0.00000000,78.66539600,89.89674172,84.63531998,1492.48099468,52116.09899281,9891.18697000
5,523,0.000000,0.714000,0.00000000,107.32720193,0.00000000,273.80840590,0.00000000,0.00000000,94.69756566,107.32720193,101.68074366,1745.79450000,52116.09899261,9891.18697000
5,524,0.000000,0.762000,0.00000000,107.32720193,0.00000000,299.43096777,0.00000000,0.00000000,94.69756566,107.32720193,101.68074366,1745.79450000,52116.09899240,9891.18697000
5,525,0.000000,0.777000,0.00000000,107.32720193,0.00000000,307.43801836,0.00000000,0.00000000,94.69756566,107.32720193,101.68074366,1745.79450000,52116.09899220,9891.18697000
5,526,0.000000,0.779000,0.00000000,107.32720193,0.00000000,308.50562510,0.00000000,0.00000000,94.69756566,107.32720193,101.68074366,1745.79450000,52116.09899199,9891.18697000
5,527,0.000000,0.722000,0.00000000,107.32720193,0.00000000,278.07883288,0.00000000,0.00000000,94.69756566,107.32720193,101.68074366,1745.79450000,52116.09899179,9891.18697000
5,528,0.000000,0.628000,0.00000000,107.32720193,0.00000000,227.90131588,0.00000000,0.00000000,94.69756566,107.32720193,101.68074366,1745.79450000,52116.09899158,9891.18697000
5,529,0.000000,0.529000,0.00000000,106.89294148,0.00000000,175.48904247,0.00000000,0.00000000,94.69756566,106.89294148,101.68074366,1745.79450000,52369.41250039,8455.98295292
5,530,0.000000,0.407000,0.00000000,107.32720193,0.00000000,109.93077060,0.00000000,0.00000000,94.69756566,107.32720193,101.68074366,1745.79450000,52369.41250018,9891.18697000
5,531,0.000000,0.323000,0.00000000,107.32720193,0.00000000,65.09128733,0.00000000,0.00000000,94.69756566,107.32720193,101.68074366,1745.79450000,52369.41249998,9891.18697000
5,532,0.000000,0.265000,0.00000000,107.32720193,0.00000000,34.13069174,0.00000000,0.00000000,94.69756566,107.32720193,101.68074366,1745.79450000,52369.41249998,9891.18696884
5,533,0.000000,0.221000,0.00000000,2.99285063,0.00000000,114.97769465,0.00000000,0.00000000,0.00000000,2.99285063,0.00000000,0.00000000,50623.61799977,9891.18697000
5,534,0.011000,0.212000,3.26214703,103.46648477,0.00000000,9.69983016,0.00000000,0.00000000,94.69756566,106.72863180,101.68074366,1745.79450000,50972.77689961,7912.94957600
5,535,0.187000,0.425000,55.45649946,51.87070247,0.00000000,174.99573076,0.00000000,0.00000000,94.69756566,107.32720193,101.68074366,1745.79450000,50972.77689941,9891.18697000
5,536,0.395000,0.479000,107.32720193,0.00000000,9.81353223,255.69181533,0.00000000,0.00000000,94.69756566,107.32720193,101.68074366,1745.79450000,50972.77689920,9891.18697000
5,537,0.560000,0.430000,107.32720193,0.00000000,58.74573763,229.53545009,0.00000000,0.00000000,94.69756566,107.32720193,101.68074366,1745.79450000,50972.77689900,9891.18697000
5,538,0.667000,0.386000,106.72863180,0.00000000,91.07610157,206.04810171,0.00000000,0.00000000,94.69756566,106.72863180,101.68074366,1745.79450000,51321.93579883,7912.94957600
5,539,0.727000,0.355000,107.32720193,0.00000000,108.27106068,189.50019717,0.00000000,0.00000000,94.69756566,107.32720193,101.68074366,1745.79450000,51321.93579863,9891.18697000
5,540,0.747000,0.343000,107.32720193,0.00000000,114.20223709,183.09455670,0.00000000,0.00000000,94.69756566,107.32720193,101.68074366,1745.79450000,51321.93579842,9891.18697000
5,541,0.706000,0.337000,106.72863180,0.00000000,102.64189557,179.89173647,0.00000000,0.00000000,94.69756566,106.72863180,101.68074366,1745.79450000,51671.09469826,7912.94957600
5,542,0.600000,0.341000,106.72863180,0.00000000,71.20666058,182.02694996,0.00000000,0.00000000,94.69756566,106.72863180,101.68074366,1745.79450000,52020.25359809,7912.94957600
5,543,0.434000,0.354000,107.32720193,0.00000000,21.37932623,188.96639380,0.00000000,0.00000000,94.69756566,107.32720193,101.68074366,1745.79450000,52020.25359789,9891.18697000
5,544,0.304000,0.385000,30.37356422,0.00000000,59.78031725,205.51429834,0.00000000,0.00000000,25.00174700,30.37356422,27.15938231,539.40882693,51163.02682465,7912.94957600
5,545,0.140000,0.447000,41.51823489,65.21039691,0.00000000,173.39971051,0.00000000,0.00000000,94.69756566,106.72863180,101.68074366,1745.79450000,51512.18572449,7912.94957600
5,546,0.001000,0.550000,0.29655882,106.43207298,0.00000000,187.15978179,0.00000000,0.00000000,94.69756566,106.72863180,101.68074366,1745.79450000,51861.34462432,7912.94957600
5,547,0.000000,0.639000,0.00000000,107.32720193,0.00000000,233.77315298,0.00000000,0.00000000,94.69756566,107.32720193,101.68074366,1745.79450000,51861.34462412,9891.18697000
5,548,0.000000,0.740000,0.00000000,107.32720193,0.00000000,287.68729358,0.00000000,0.00000000,94.69756566,107.32720193,101.68074366,1745.79450000,51861.34462391,9891.18697000
5,549,0.000000,0.808000,0.00000000,107.05478107,0.00000000,324.25834375,0.00000000,0.00000000,94.69756566,107.05478107,101.68074366,1745.79450000,52020.25360117,8990.85282007
5,550,0.000000,0.799000,0.00000000,107.32720193,0.00000000,319.18169255,0.00000000,0.00000000,94.69756566,107.32720193,101.68074366,1745.79450000,52020.25360096,9891.18697000
5,551,0.000000,0.748000,0.00000000,107.32720193,0.00000000,291.95772056,0.00000000,0.00000000,94.69756566,107.32720193,101.68074366,1745.79450000,52020.25360076,9891.18697000
5,552,0.000000,0.669000,0.00000000,107.32720193,0.00000000,249.78725415,0.00000000,0.00000000,94.69756566,107.32720193,101.68074366,1745.79450000,52020.25360055,9891.18697000
5,553,0.000000,0.574000,0.00000000,107.32720193,0.00000000,199.07593378,0.00000000,0.00000000,94.69756566,107.32720193,101.68074366,1745.79450000,52020.25360035,9891.18697000
5,554,0.000000,0.489000,0.00000000,106.72863180,0.00000000,154.30121726,0.00000000,0.00000000,94.69756566,106.72863180,101.68074366,1745.79450000,52369.41250018,7912.94957600
5,555,0.000000,0.407000,0.00000000,107.32720193,0.00000000,109.93077060,0.00000000,0.00000000,94.69756566,107.32720193,101.68074366,1745.79450000,52369.41249998,9891.18697000
5,556,0.000000,0.335000,0.00000000,107.32720193,0.00000000,71.49692780,0.00000000,0.00000000,94.69756566,107.32720193,101.68074366,1745.79450000,52369.41249998,9891.18696884
5,557,0.000000,0.300000,0.00000000,107.32720193,0.00000000,52.81380977,0.00000000,0.00000000,94.69756566,107.32720193,101.68074366,1745.79450000,52369.41249977,9891.18697000
5,558,0.011000,0.332000,3.26214703,104.06505490,0.00000000,73.15766471,0.00000000,0.00000000,94.69756566,107.32720193,101.68074366,1745.79450000,52369.41249957,9891.18697000
5,559,0.176000,0.596000,52.19435243,55.13284949,0.00000000,263.01396040,0.00000000,0.00000000,94.69756566,107.32720193,101.68074366,1745.79450000,52369.41249936,9891.18697000
5,560,0.313000,0.673000,92.82291086,14.50429107,0.00000000,344.74537850,0.00000000,0.00000000,94.69756566,107.32720193,101.68074366,1745.79450000,52369.41249916,9891.18697000
5,561,0.396000,0.635000,107.32720193,0.00000000,10.11009105,338.96514141,0.00000000,0.00000000,94.69756566,107.32720193,101.68074366,1745.79450000,52369.41249895,9891.18697000
5,562,0.522000,0.593000,107.32720192,0.00000000,47.47650245,316.54539978,0.00000000,0.00000000,94.69756566,107.32720192,101.68074366,1745.79450000,52369.41249998,9891.18696303
5,563,0.578000,0.556000,107.32720193,0.00000000,64.08379640,296.79467500,0.00000000,0.00000000,94.69756566,107.32720193,101.68074366,1745.79450000,52369.41249977,9891.18697000
5,564,0.588000,0.511000,2.99285063,0.00000000,171.38373591,272.77352325,0.00000000,0.00000000,0.00000000,2.99285063,0.00000000,0.00000000,50623.61799957,9891.18697000
5,565,0.521000,0.466000,106.72863180,0.00000000,47.77851375,248.75237149,0.00000000,0.00000000,94.69756566,106.72863180,101.68074366,1745.79450000,50972.77689941,7912.94957600
5,566,0.375000,0.429000,106.72863180,0.00000000,4.48092594,229.00164672,0.00000000,0.00000000,94.69756566,106.72863180,101.68074366,1745.79450000,51321.93579924,7912.94957600
5,567,0.229000,0.395000,67.91196993,38.81666187,0.00000000,172.03567019,0.00000000,0.00000000,94.69756566,106.72863180,101.68074366,1745.79450000,51671.09469908,7912.94957600
5,568,0.129000,0.359000,38.25608786,69.07111406,0.00000000,122.56429659,0.00000000,0.00000000,94.69756566,107.32720193,101.68074366,1745.79450000,51671.09469887,9891.18697000
5,569,0.050000,0.352000,14.82794103,92.49926089,0.00000000,95.39952616,0.00000000,0.00000000,94.69756566,107.32720193,101.68074366,1745.79450000,51671.09469867,9891.18697000
5,570,0.000000,0.370000,0.00000000,106.72863180,0.00000000,90.77861595,0.00000000,0.00000000,94.69756566,106.72863180,101.68074366,1745.79450000,52020.25359850,7912.94957600
5,571,0.000000,0.380000,0.00000000,106.72863180,0.00000000,96.11664968,0.00000000,0.00000000,94.69756566,106.72863180,101.68074366,1745.79450000,52369.41249834,7912.94957600
5,572,0.000000,0.401000,0.00000000,107.32720192,0.00000000,106.72795037,0.00000000,0.00000000,94.69756566,107.32720192,101.68074366,1745.79450000,52369.41249998,9891.18695955
5,573,0.000000,0.422000,0.00000000,73.54194353,0.00000000,151.72307958,0.00000000,0.00000000,63.67817400,73.54194353,68.65710075,1244.73168631,51868.34968609,9891.18697000
5,574,0.000000,0.443000,0.00000000,106.72863180,0.00000000,129.74626213,0.00000000,0.00000000,94.69756566,106.72863180,101.68074366,1745.79450000,52217.50858592,7912.94957600
5,575,0.000000,0.467000,0.00000000,107.23109968,0.00000000,142.05507519,0.00000000,0.00000000,94.69756566,107.23109968,101.68074366,1745.79450000,52273.56710547,9573.57496008
5,576,0.000000,0.462000,0.00000000,89.29817159,0.00000000,157.31898641,0.00000000,0.00000000,78.66539600,89.29817159,84.63531998,1492.48099468,52369.41249998,7912.94957600
5,577,0.000000,0.422000,0.00000000,107.32720193,0.00000000,117.93782119,0.00000000,0.00000000,94.69756566,107.32720193,101.68074366,1745.79450000,52369.41249977,9891.18697000
5,578,0.000000,0.367000,0.00000000,107.32720193,0.00000000,88.57863571,0.00000000,0.00000000,94.69756566,107.32720193,101.68074366,1745.79450000,52369.41249957,9891.18697000
5,579,0.000000,0.317000,0.00000000,107.32720192,0.00000000,61.88846710,0.00000000,0.00000000,94.69756566,107.32720192,101.68074366,1745.79450000,52369.41249998,9891.18696652
5,580,0.000000,0.298000,0.00000000,107.32720193,0.00000000,51.74620302,0.00000000,0.00000000,94.69756566,107.32720193,101.68074366,1745.79450000,52369.41249977,9891.18697000
5,581,0.000000,0.291000,0.00000000,58.26858481,0.00000000,97.06819653,0.00000000,0.00000000,49.73928100,58.26858481,53.75120360,1002.98064984,51626.59864941,9891.18697000
5,582,0.000000,0.270000,0.00000000,2.99285063,0.00000000,141.13405990,0.00000000,0.00000000,0.00000000,2.99285063,0.00000000,0.00000000,49880.80414920,9891.18697000
5,583,0.065000,0.382000,19.27632334,87.69382104,0.00000000,116.21906718,0.00000000,0.00000000,94.69756566,106.97014438,101.68074366,1745.79450000,50089.08353653,8711.13378284
5,584,0.188000,0.590000,55.75305828,51.57414365,0.00000000,263.36984601,0.00000000,0.00000000,94.69756566,107.32720193,101.68074366,1745.79450000,50089.08353632,9891.18697000
5,585,0.318000,0.659000,94.30570496,12.42292684,0.00000000,339.35349551,0.00000000,0.00000000,94.69756566,106.72863180,101.68074366,1745.79450000,50438.24243616,7912.94957600
5,586,0.439000,0.666000,107.32720193,0.00000000,22.86212034,355.51304596,0.00000000,0.00000000,94.69756566,107.32720193,101.68074366,1745.79450000,50438.24243596,9891.18697000
5,587,0.553000,0.664000,107.32720193,0.00000000,56.66982589,354.44543921,0.00000000,0.00000000,94.69756566,107.32720193,101.68074366,1745.79450000,50438.24243575,9891.18697000
5,588,0.634000,0.668000,107.32720193,0.00000000,80.69109036,356.58065270,0.00000000,0.00000000,94.69756566,107.32720193,101.68074366,1745.79450000,50438.24243555,9891.18697000
5,589,0.655000,0.658000,107.32720193,0.00000000,86.91882559,351.24261898,0.00000000,0.00000000,94.69756566,107.32720193,101.68074366,1745.79450000,50438.24243534,9891.18697000
5,590,0.588000,0.656000,107.32720193,0.00000000,67.04938461,350.17501223,0.00000000,0.00000000,94.69756566,107.32720193,101.68074366,1745.79450000,50438.24243514,9891.18697000
5,591,0.466000,0.665000,107.32720193,0.00000000,30.86920849,354.97924258,0.00000000,0.00000000,94.69756566,107.32720193,101.68074366,1745.79450000,50438.24243493,9891.18697000
5,592,0.306000,0.684000,2.99285063,0.00000000,87.75414849,365.12150666,0.00000000,0.00000000,0.00000000,2.99285063,0.00000000,0.00000000,48692.44793473,9891.18697000
5,593,0.132000,0.719000,39.14576432,68.18143760,0.00000000,315.62318709,0.00000000,0.00000000,94.69756566,107.32720193,101.68074366,1745.79450000,48692.44793452,9891.18697000
5,594,0.003000,0.732000,0.88967646,106.43752546,0.00000000,284.30654306,0.00000000,0.00000000,94.69756566,107.32720193,101.68074366,1745.79450000,48692.44793432,9891.18697000
5,595,0.000000,0.725000,0.00000000,89.89674172,0.00000000,297.11070321,0.00000000,0.00000000,78.66539600,89.89674172,84.63531998,1492.48099468,48439.13442879,9891.18697000
5,596,0.000000,0.762000,0.00000000,2.99285063,0.00000000,403.76531907,0.00000000,0.00000000,0.00000000,2.99285063,0.00000000,0.00000000,46693.33992858,9891.18697000
5,597,0.000000,0.780000,0.00000000,107.32720193,0.00000000,309.03942847,0.00000000,0.00000000,94.69756566,107.32720193,101.68074366,1745.79450000,46693.33992838,9891.18697000
5,598,0.000000,0.718000,0.00000000,106.72863180,0.00000000,276.54218951,0.00000000,0.00000000,94.69756566,106.72863180,101.68074366,1745.79450000,47042.49882821,7912.94957600
5,599,0.000000,0.629000,0.00000000,107.32720193,0.00000000,228.43511925,0.00000000,0.00000000,94.69756566,107.32720193,101.68074366,1745.79450000,47042.49882801,9891.18697000
5,600,0.000000,0.533000,0.00000000,107.32720193,0.00000000,177.18999551,0.00000000,0.00000000,94.69756566,107.32720193,101.68074366,1745.79450000,47042.49882780,9891.18697000
5,601,0.000000,0.432000,0.00000000,2.99285063,0.00000000,227.61020621,0.00000000,0.00000000,0.00000000,2.99285063,0.00000000,0.00000000,45296.70432760,9891.18697000
5,602,0.000000,0.359000,0.00000000,107.32720193,0.00000000,84.30820873,0.00000000,0.00000000,94.69756566,107.32720193,101.68074366,1745.79450000,45296.70432739,9891.18697000
5,603,0.000000,0.291000,0.00000000,107.32720193,0.00000000,48.00957942,0.00000000,0.00000000,94.69756566,107.32720193,101.68074366,1745.79450000,45296.70432719,9891.18697000
5,604,0.000000,0.282000,0.00000000,107.32720193,0.00000000,43.20534906,0.00000000,0.00000000,94.69756566,107.32720193,101.68074366,1745.79450000,45296.70432698,9891.18697000
5,605,0.000000,0.311000,0.00000000,107.32720193,0.00000000,58.68564686,0.00000000,0.00000000,94.69756566,107.32720193,101.68074366,1745.79450000,45296.70432678,9891.18697000
5,606,0.010000,0.335000,2.96558821,86.93115351,0.00000000,91.89297621,0.00000000,0.00000000,78.66539600,89.89674172,84.63531998,1492.48099468,45043.39082125,9891.18697000
5,607,0.169000,0.561000,50.11844069,57.20876124,0.00000000,242.25493063,0.00000000,0.00000000,94.69756566,107.32720193,101.68074366,1745.79450000,45043.39082104,9891.18697000
5,608,0.347000,0.706000,102.90591076,4.42129116,0.00000000,372.44388968,0.00000000,0.00000000,94.69756566,107.32720193,101.68074366,1745.79450000,45043.39082084,9891.18697000
5,609,0.491000,0.700000,107.32720193,0.00000000,38.28317901,373.66236061,0.00000000,0.00000000,94.69756566,107.32720193,101.68074366,1745.79450000,45043.39082063,9891.18697000
5,610,0.597000,0.658000,107.32720193,0.00000000,69.71841400,351.24261898,0.00000000,0.00000000,94.69756566,107.32720193,101.68074366,1745.79450000,45043.39082043,9891.18697000
5,611,0.676000,0.618000,107.32720193,0.00000000,93.14656083,329.89048408,0.00000000,0.00000000,94.69756566,107.32720193,101.68074366,1745.79450000,45043.39082022,9891.18697000
5,612,0.717000,0.601000,107.32720193,0.00000000,105.30547247,320.81582676,0.00000000,0.00000000,94.69756566,107.32720193,101.68074366,1745.79450000,45043.39082002,9891.18697000
5,613,0.708000,0.604000,107.32720193,0.00000000,102.63644309,322.41723687,0.00000000,0.00000000,94.69756566,107.32720193,101.68074366,1745.79450000,45043.39081981,9891.18697000
5,614,0.640000,0.627000,107.32720193,0.00000000,82.47044328,334.69471444,0.00000000,0.00000000,94.69756566,107.32720193,101.68074366,1745.79450000,45043.39081961,9891.18697000
5,615,0.511000,0.679000,107.32720193,0.00000000,44.21435542,362.45248980,0.00000000,0.00000000,94.69756566,107.32720193,101.68074366,1745.79450000,45043.39081940,9891.18697000
5,616,0.319000,0.737000,94.60226378,12.72493814,0.00000000,380.68814725,0.00000000,0.00000000,94.69756566,107.32720193,101.68074366,1745.79450000,45043.39081920,9891.18697000
5,617,0.134000,0.778000,39.73888197,67.58831996,0.00000000,347.71070369,0.00000000,0.00000000,94.69756566,107.32720193,101.68074366,1745.79450000,45043.39081899,9891.18697000
5,618,0.002000,0.795000,0.59311764,106.73408428,0.00000000,317.63959670,0.00000000,0.00000000,94.69756566,107.32720193,101.68074366,1745.79450000,45043.39081879,9891.18697000
5,619,0.000000,0.800000,0.00000000,44.07720969,0.00000000,382.96548816,0.00000000,0.00000000,36.84682300,44.07720969,39.91750131,767.66957627,44065.26589485,9891.18697000
5,620,0.000000,0.841000,0.00000000,107.32720193,0.00000000,341.60143418,0.00000000,0.00000000,94.69756566,107.32720193,101.68074366,1745.79450000,44065.26589465,9891.18697000
5,621,0.000000,0.858000,0.00000000,107.32720193,0.00000000,350.67609151,0.00000000,0.00000000,94.69756566,107.32720193,101.68074366,1745.79450000,44065.26589444,9891.18697000
5,622,0.000000,0.838000,0.00000000,107.32720193,0.00000000,340.00002407,0.00000000,0.00000000,94.69756566,107.32720193,101.68074366,1745.79450000,44065.26589424,9891.18697000
5,623,0.000000,0.786000,0.00000000,107.32720193,0.00000000,312.24224871,0.00000000,0.00000000,94.69756566,107.32720193,101.68074366,1745.79450000,44065.26589403,9891.18697000
5,624,0.000000,0.715000,0.00000000,107.32720193,0.00000000,274.34220927,0.00000000,0.00000000,94.69756566,107.32720193,101.68074366,1745.79450000,44065.26589383,9891.18697000
5,625,0.000000,0.625000,0.00000000,107.32720193,0.00000000,226.29990577,0.00000000,0.00000000,94.69756566,107.32720193,101.68074366,1745.79450000,44065.26589362,9891.18697000
5,626,0.000000,0.532000,0.00000000,107.32720193,0.00000000,176.65619214,0.00000000,0.00000000,94.69756566,107.32720193,101.68074366,1745.79450000,44065.26589342,9891.18697000
5,627,0.000000,0.447000,0.00000000,107.32720193,0.00000000,131.28290549,0.00000000,0.00000000,94.69756566,107.32720193,101.68074366,1745.79450000,44065.26589321,9891.18697000
5,628,0.000000,0.401000,0.00000000,2.99285063,0.00000000,211.06230167,0.00000000,0.00000000,0.00000000,2.99285063,0.00000000,0.00000000,42319.47139301,9891.18697000
5,629,0.000000,0.358000,0.00000000,30.97213435,0.00000000,160.12947294,0.00000000,0.00000000,25.00174700,30.97213435,27.15938231,539.40882693,41113.08571973,9891.18697000
5,630,0.010000,0.330000,2.96558821,104.36161372,0.00000000,71.79349914,0.00000000,0.00000000,94.69756566,107.32720193,101.68074366,1745.79450000,41113.08571952,9891.18697000
5,631,0.181000,0.596000,53.67714654,53.65005539,0.00000000,264.49675450,0.00000000,0.00000000,94.69756566,107.32720193,101.68074366,1745.79450000,41113.08571932,9891.18697000
5,632,0.370000,0.757000,107.32720193,0.00000000,2.39956171,404.08915284,0.00000000,0.00000000,94.69756566,107.32720193,101.68074366,1745.79450000,41113.08571911,9891.18697000
5,633,0.523000,0.773000,89.89674172,0.00000000,65.20352148,412.63000679,0.00000000,0.00000000,78.66539600,89.89674172,84.63531998,1492.48099468,40859.77221358,9891.18697000
5,634,0.638000,0.759000,107.32720193,0.00000000,81.87732564,405.15675958,0.00000000,0.00000000,94.69756566,107.32720193,101.68074366,1745.79450000,40859.77221338,9891.18697000
5,635,0.710000,0.746000,107.32720193,0.00000000,103.22956073,398.21731574,0.00000000,0.00000000,94.69756566,107.32720193,101.68074366,1745.79450000,40859.77221317,9891.18697000
5,636,0.732000,0.739000,107.32720193,0.00000000,109.75385478,394.48069213,0.00000000,0.00000000,94.69756566,107.32720193,101.68074366,1745.79450000,40859.77221297,9891.18697000
5,637,0.711000,0.728000,107.32720193,0.00000000,103.52611955,388.60885504,0.00000000,0.00000000,94.69756566,107.32720193,101.68074366,1745.79450000,40859.77221276,9891.18697000
5,638,0.651000,0.725000,107.32720193,0.00000000,85.73259031,387.00744492,0.00000000,0.00000000,94.69756566,107.32720193,101.68074366,1745.79450000,40859.77221256,9891.18697000
5,639,0.542000,0.742000,107.32720193,0.00000000,53.40767886,396.08210225,0.00000000,0.00000000,94.69756566,107.32720193,101.68074366,1745.79450000,40859.77221235,9891.18697000
5,640,0.386000,0.770000,107.32720193,0.00000000,7.14450284,411.02859668,0.00000000,0.00000000,94.69756566,107.32720193,101.68074366,1745.79450000,40859.77221215,9891.18697000
5,641,0.187000,0.809000,55.45649946,51.87070247,0.00000000,379.97622573,0.00000000,0.00000000,94.69756566,107.32720193,101.68074366,1745.79450000,40859.77221194,9891.18697000
5,642,0.007000,0.839000,2.07591174,105.25129018,0.00000000,342.60973918,0.00000000,0.00000000,94.69756566,107.32720193,101.68074366,1745.79450000,40859.77221174,9891.18697000
5,643,0.000000,0.863000,0.00000000,107.32720193,0.00000000,353.34510837,0.00000000,0.00000000,94.69756566,107.32720193,101.68074366,1745.79450000,40859.77221153,9891.18697000
5,644,0.000000,0.886000,0.00000000,107.32720193,0.00000000,365.62258594,0.00000000,0.00000000,94.69756566,107.32720193,101.68074366,1745.79450000,40859.77221133,9891.18697000
5,645,0.000000,0.871000,0.00000000,107.32720193,0.00000000,357.61553535,0.00000000,0.00000000,94.69756566,107.32720193,101.68074366,1745.79450000,40859.77221112,9891.18697000
5,646,0.000000,0.840000,0.00000000,107.32720193,0.00000000,341.06763081,0.00000000,0.00000000,94.69756566,107.32720193,101.68074366,1745.79450000,40859.77221092,9891.18697000
5,647,0.000000,0.799000,0.00000000,107.32720193,0.00000000,319.18169255,0.00000000,0.00000000,94.69756566,107.32720193,101.68074366,1745.79450000,40859.77221071,9891.18697000
5,648,0.000000,0.728000,0.00000000,107.32720193,0.00000000,281.28165311,0.00000000,0.00000000,94.69756566,107.32720193,101.68074366,1745.79450000,40859.77221051,9891.18697000
5,649,0.000000,0.653000,0.00000000,107.32720193,0.00000000,241.24640019,0.00000000,0.00000000,94.69756566,107.32720193,101.68074366,1745.79450000,40859.77221030,9891.18697000
5,650,0.000000,0.552000,0.00000000,2.99285063,0.00000000,291.66661089,0.00000000,0.00000000,0.00000000,2.99285063,0.00000000,0.00000000,39113.97771010,9891.18697000
5,651,0.000000,0.490000,0.00000000,107.32720193,0.00000000,154.23645050,0.00000000,0.00000000,94.69756566,107.32720193,101.68074366,1745.79450000,39113.97770989,9891.18697000
5,652,0.000000,0.459000,0.00000000,107.32720193,0.00000000,137.68854596,0.00000000,0.00000000,94.69756566,107.32720193,101.68074366,1745.79450000,39113.97770969,9891.18697000
5,653,0.000000,0.433000,0.00000000,2.99285063,0.00000000,228.14400958,0.00000000,0.00000000,0.00000000,2.99285063,0.00000000,0.00000000,37368.18320948,9891.18697000
5,654,0.013000,0.414000,3.85526467,103.47193726,0.00000000,117.52265888,0.00000000,0.00000000,94.69756566,107.32720193,101.68074366,1745.79450000,37368.18320928,9891.18697000
5,655,0.207000,0.674000,61.38767587,45.93952605,0.00000000,313.84394688,0.00000000,0.00000000,94.69756566,107.32720193,101.68074366,1745.79450000,37368.18320907,9891.18697000
5,656,0.408000,0.829000,107.32720193,0.00000000,13.66879690,442.52299564,0.00000000,0.00000000,94.69756566,107.32720193,101.68074366,1745.79450000,37368.18320887,9891.18697000
5,657,0.562000,0.827000,107.32720193,0.00000000,59.33885527,441.45538890,0.00000000,0.00000000,94.69756566,107.32720193,101.68074366,1745.79450000,37368.18320866,9891.18697000
5,658,0.667000,0.792000,107.32720193,0.00000000,90.47753144,422.77227087,0.00000000,0.00000000,94.69756566,107.32720193,101.68074366,1745.79450000,37368.18320846,9891.18697000
5,659,0.730000,0.748000,107.32720193,0.00000000,109.16073714,399.28492248,0.00000000,0.00000000,94.69756566,107.32720193,101.68074366,1745.79450000,37368.18320825,9891.18697000
5,660,0.745000,0.707000,107.32720193,0.00000000,113.60911945,377.39898422,0.00000000,0.00000000,94.69756566,107.32720193,101.68074366,1745.79450000,37368.18320805,9891.18697000
5,661,0.714000,0.676000,107.32720193,0.00000000,104.41579601,360.85107968,0.00000000,0.00000000,94.69756566,107.32720193,101.68074366,1745.79450000,37368.18320784,9891.18697000
5,662,0.636000,0.661000,107.32720193,0.00000000,81.28420800,352.84402909,0.00000000,0.00000000,94.69756566,107.32720193,101.68074366,1745.79450000,37368.18320764,9891.18697000
5,663,0.511000,0.669000,107.32720193,0.00000000,44.21435542,357.11445607,0.00000000,0.00000000,94.69756566,107.32720193,101.68074366,1745.79450000,37368.18320743,9891.18697000
5,664,0.351000,0.698000,2.99285063,0.00000000,101.09929542,372.59475387,0.00000000,0.00000000,0.00000000,2.99285063,0.00000000,0.00000000,35622.38870723,9891.18697000
5,665,0.160000,0.762000,47.44941130,59.87779062,0.00000000,346.88037907,0.00000000,0.00000000,94.69756566,107.32720193,101.68074366,1745.79450000,35622.38870702,9891.18697000
5,666,0.005000,0.803000,1.48279410,105.84440782,0.00000000,322.79970014,0.00000000,0.00000000,94.69756566,107.32720193,101.68074366,1745.79450000,35622.38870682,9891.18697000
5,667,0.000000,0.844000,0.00000000,107.32720193,0.00000000,343.20284430,0.00000000,0.00000000,94.69756566,107.32720193,101.68074366,1745.79450000,35622.38870661,9891.18697000
5,668,0.000000,0.893000,0.00000000,107.32720193,0.00000000,369.35920954,0.00000000,0.00000000,94.69756566,107.32720193,101.68074366,1745.79450000,35622.38870641,9891.18697000
5,669,0.000000,0.906000,0.00000000,107.32720193,0.00000000,376.29865338,0.00000000,0.00000000,94.69756566,107.32720193,101.68074366,1745.79450000,35622.38870620,9891.18697000
5,670,0.000000,0.896000,0.00000000,107.32720193,0.00000000,370.96061966,0.00000000,0.00000000,94.69756566,107.32720193,101.68074366,1745.79450000,35622.38870600,9891.18697000
5,671,0.000000,0.875000,0.00000000,107.32720193,0.00000000,359.75074884,0.00000000,0.00000000,94.69756566,107.32720193,101.68074366,1745.79450000,35622.38870579,9891.18697000
5,672,0.000000,0.850000,0.00000000,107.32720193,0.00000000,346.40566453,0.00000000,0.00000000,94.69756566,107.32720193,101.68074366,1745.79450000,35622.38870559,9891.18697000
5,673,0.000000,0.812000,0.00000000,107.32720193,0.00000000,326.12113639,0.00000000,0.00000000,94.69756566,107.32720193,101.68074366,1745.79450000,35622.38870538,9891.18697000
5,674,0.000000,0.751000,0.00000000,107.32720193,0.00000000,293.55913068,0.00000000,0.00000000,94.69756566,107.32720193,101.68074366,1745.79450000,35622.38870518,9891.18697000
5,675,0.000000,0.683000,0.00000000,107.32720193,0.00000000,257.26050136,0.00000000,0.00000000,94.69756566,107.32720193,101.68074366,1745.79450000,35622.38870497,9891.18697000
5,676,0.000000,0.592000,0.00000000,107.32720193,0.00000000,208.68439448,0.00000000,0.00000000,94.69756566,107.32720193,101.68074366,1745.79450000,35622.38870477,9891.18697000
5,677,0.000000,0.501000,0.00000000,107.32720193,0.00000000,160.10828760,0.00000000,0.00000000,94.69756566,107.32720193,101.68074366,1745.79450000,35622.38870456,9891.18697000
5,678,0.012000,0.414000,3.55870585,103.76849608,0.00000000,117.22610006,0.00000000,0.00000000,94.69756566,107.32720193,101.68074366,1745.79450000,35622.38870436,9891.18697000
5,679,0.190000,0.619000,56.34617592,50.98102600,0.00000000,279.44326145,0.00000000,0.00000000,94.69756566,107.32720193,101.68074366,1745.79450000,35622.38870415,9891.18697000
5,680,0.387000,0.710000,107.32720193,0.00000000,7.44106166,379.00039434,0.00000000,0.00000000,94.69756566,107.32720193,101.68074366,1745.79450000,35622.38870395,9891.18697000
5,681,0.544000,0.636000,107.32720193,0.00000000,54.00079650,339.49894479,0.00000000,0.00000000,94.69756566,107.32720193,101.68074366,1745.79450000,35622.38870374,9891.18697000
5,682,0.653000,0.517000,107.32720193,0.00000000,86.32570795,275.97634348,0.00000000,0.00000000,94.69756566,107.32720193,101.68074366,1745.79450000,35622.38870354,9891.18697000
5,683,0.720000,0.416000,107.32720193,0.00000000,106.19514894,222.06220288,0.00000000,0.00000000,94.69756566,107.32720193,101.68074366,1745.79450000,35622.38870333,9891.18697000
5,684,0.744000,0.351000,107.32720193,0.00000000,113.31256063,187.36498368,0.00000000,0.00000000,94.69756566,107.32720193,101.68074366,1745.79450000,35622.38870313,9891.18697000
5,685,0.724000,0.324000,107.32720193,0.00000000,107.38138422,172.95229263,0.00000000,0.00000000,94.69756566,107.32720193,101.68074366,1745.79450000,35622.38870292,9891.18697000
5,686,0.658000,0.336000,107.32720193,0.00000000,87.80850206,179.35793309,0.00000000,0.00000000,94.69756566,107.32720193,101.68074366,1745.79450000,35622.38870272,9891.18697000
5,687,0.539000,0.379000,107.32720193,0.00000000,52.51800240,202.31147810,0.00000000,0.00000000,94.69756566,107.32720193,101.68074366,1745.79450000,35622.38870251,9891.18697000
5,688,0.367000,0.449000,107.32720193,0.00000000,1.50988525,239.67771417,0.00000000,0.00000000,94.69756566,107.32720193,101.68074366,1745.79450000,35622.38870231,9891.18697000
5,689,0.153000,0.559000,45.37349956,61.95370237,0.00000000,236.44238275,0.00000000,0.00000000,94.69756566,107.32720193,101.68074366,1745.79450000,35622.38870210,9891.18697000
5,690,0.005000,0.676000,1.48279410,105.84440782,0.00000000,255.00667186,0.00000000,0.00000000,94.69756566,107.32720193,101.68074366,1745.79450000,35622.38870190,9891.18697000
5,691,0.000000,0.701000,0.00000000,107.32720193,0.00000000,266.86896206,0.00000000,0.00000000,94.69756566,107.32720193,101.68074366,1745.79450000,35622.38870169,9891.18697000
5,692,0.000000,0.701000,0.00000000,107.32720193,0.00000000,266.86896206,0.00000000,0.00000000,94.69756566,107.32720193,101.68074366,1745.79450000,35622.38870149,9891.18697000
5,693,0.000000,0.704000,0.00000000,107.32720193,0.00000000,268.47037218,0.00000000,0.00000000,94.69756566,107.32720193,101.68074366,1745.79450000,35622.38870128,9891.18697000
5,694,0.000000,0.724000,0.00000000,107.32720193,0.00000000,279.14643962,0.00000000,0.00000000,94.69756566,107.32720193,101.68074366,1745.79450000,35622.38870108,9891.18697000
5,695,0.000000,0.737000,0.00000000,107.32720193,0.00000000,286.08588346,0.00000000,0.00000000,94.69756566,107.32720193,101.68074366,1745.79450000,35622.38870087,9891.18697000
5,696,0.000000,0.678000,0.00000000,107.32720193,0.00000000,254.59148450,0.00000000,0.00000000,94.69756566,107.32720193,101.68074366,1745.79450000,35622.38870067,9891.18697000
5,697,0.000000,0.626000,0.00000000,107.32720193,0.00000000,226.83370914,0.00000000,0.00000000,94.69756566,107.32720193,101.68074366,1745.79450000,35622.38870046,9891.18697000
5,698,0.000000,0.550000,0.00000000,107.32720193,0.00000000,186.26465284,0.00000000,0.00000000,94.69756566,107.32720193,101.68074366,1745.79450000,35622.38870026,9891.18697000
5,699,0.000000,0.480000,0.00000000,107.32720193,0.00000000,148.89841678,0.00000000,0.00000000,94.69756566,107.32720193,101.68074366,1745.79450000,35622.38870005,9891.18697000
5,700,0.000000,0.404000,0.00000000,107.32720193,0.00000000,108.32936049,0.00000000,0.00000000,94.69756566,107.32720193,101.68074366,1745.79450000,35622.38869985,9891.18697000
5,701,0.000000,0.352000,0.00000000,107.32720193,0.00000000,80.57158513,0.00000000,0.00000000,94.69756566,107.32720193,101.68074366,1745.79450000,35622.38869964,9891.18697000
5,702,0.011000,0.336000,3.26214703,104.06505490,0.00000000,75.29287820,0.00000000,0.00000000,94.69756566,107.32720193,101.68074366,1745.79450000,35622.38869944,9891.18697000
5,703,0.190000,0.550000,56.34617592,50.98102600,0.00000000,242.61082876,0.00000000,0.00000000,94.69756566,107.32720193,101.68074366,1745.79450000,35622.38869923,9891.18697000
5,704,0.386000,0.586000,107.32720193,0.00000000,7.14450284,312.80877617,0.00000000,0.00000000,94.69756566,107.32720193,101.68074366,1745.79450000,35622.38869903,9891.18697000
5,705,0.537000,0.479000,107.32720193,0.00000000,51.92488476,255.69181533,0.00000000,0.00000000,94.69756566,107.32720193,101.68074366,1745.79450000,35622.38869882,9891.18697000
5,706,0.646000,0.359000,107.32720193,0.00000000,84.24979621,191.63541066,0.00000000,0.00000000,94.69756566,107.32720193,101.68074366,1745.79450000,35622.38869862,9891.18697000
5,707,0.709000,0.271000,89.89674197,0.00000000,120.36346186,144.66071389,0.00000000,0.00000000,78.66539600,89.89674197,84.63532017,1492.48104146,35369.07523987,9891.18697000
5,708,0.723000,0.228000,102.84874928,0.00000000,111.56327805,121.70716889,0.00000000,0.00000000,90.57837931,102.84874928,97.30121941,1680.71002529,35303.99076496,9891.18697000
5,709,0.690000,0.223000,89.89674197,0.00000000,114.72884427,119.03815202,0.00000000,0.00000000,78.66539600,89.89674197,84.63532017,1492.48104146,35050.67730621,9891.18697000
5,710,0.597000,0.249000,89.89674197,0.00000000,87.14887395,132.91703970,0.00000000,0.00000000,78.66539600,89.89674197,84.63532017,1492.48104146,34797.36384746,9891.18697000
5,711,0.463000,0.314000,89.89674197,0.00000000,47.40999198,167.61425890,0.00000000,0.00000000,78.66539600,89.89674197,84.63532017,1492.48104146,34544.05038871,9891.18697000
5,712,0.261000,0.417000,77.40185219,12.49488979,0.00000000,210.10111646,0.00000000,0.00000000,78.66539600,89.89674197,84.63532017,1492.48104146,34290.73692996,9891.18697000
5,713,0.113000,0.510000,33.51114673,56.38559524,0.00000000,215.85412463,0.00000000,0.00000000,78.66539600,89.89674197,84.63532017,1492.48104146,34037.42347121,9891.18697000
5,714,0.002000,0.578000,0.59311764,89.30362433,0.00000000,219.23472486,0.00000000,0.00000000,78.66539600,89.89674197,84.63532017,1492.48104146,33784.11001246,9891.18697000
5,715,0.000000,0.590000,0.00000000,89.89674197,0.00000000,225.04724769,0.00000000,0.00000000,78.66539600,89.89674197,84.63532017,1492.48104146,33530.79655371,9891.18697000
5,716,0.000000,0.626000,0.00000000,89.89674197,0.00000000,244.26416909,0.00000000,0.00000000,78.66539600,89.89674197,84.63532017,1492.48104146,33277.48309496,9891.18697000
5,717,0.000000,0.693000,0.00000000,89.89674197,0.00000000,280.02899503,0.00000000,0.00000000,78.66539600,89.89674197,84.63532017,1492.48104146,33024.16963621,9891.18697000
5,718,0.000000,0.753000,0.00000000,89.89674197,0.00000000,312.05719737,0.00000000,0.00000000,78.66539600,89.89674197,84.63532017,1492.48104146,32770.85617747,9891.18697000
5,719,0.000000,0.773000,0.00000000,89.89674197,0.00000000,322.73326482,0.00000000,0.00000000,78.66539600,89.89674197,84.63532017,1492.48104146,32517.54271872,9891.18697000
5,720,0.000000,0.746000,0.00000000,89.89674197,0.00000000,308.32057377,0.00000000,0.00000000,78.66539600,89.89674197,84.63532017,1492.48104146,32264.22925997,9891.18697000
5,721,0.000000,0.694000,0.00000000,89.89674197,0.00000000,280.56279841,0.00000000,0.00000000,78.66539600,89.89674197,84.63532017,1492.48104146,32010.91580122,9891.18697000
5,722,0.000000,0.605000,0.00000000,89.89674197,0.00000000,233.05429827,0.00000000,0.00000000,78.66539600,89.89674197,84.63532017,1492.48104146,31757.60234247,9891.18697000
5,723,0.000000,0.513000,0.00000000,89.89674197,0.00000000,183.94438802,0.00000000,0.00000000,78.66539600,89.89674197,84.63532017,1492.48104146,31504.28888372,9891.18697000
5,724,0.000000,0.413000,0.00000000,89.89674197,0.00000000,130.56405079,0.00000000,0.00000000,78.66539600,89.89674197,84.63532017,1492.48104146,31250.97542497,9891.18697000
5,725,0.000000,0.311000,0.00000000,89.89674197,0.00000000,76.11610681,0.00000000,0.00000000,78.66539600,89.89674197,84.63532017,1492.48104146,30997.66196622,9891.18697000
5,726,0.012000,0.269000,3.55870585,86.33803613,0.00000000,57.25507102,0.00000000,0.00000000,78.66539600,89.89674197,84.63532017,1492.48104146,30744.34850747,9891.18697000
5,727,0.197000,0.484000,58.42208767,31.47465431,0.00000000,226.88617789,0.00000000,0.00000000,78.66539600,89.89674197,84.63532017,1492.48104146,30491.03504872,9891.18697000
5,728,0.398000,0.569000,89.89674197,0.00000000,28.13366864,303.73411884,0.00000000,0.00000000,78.66539600,89.89674197,84.63532017,1492.48104146,30237.72158997,9891.18697000
5,729,0.552000,0.529000,89.89674197,0.00000000,73.80372702,282.38198395,0.00000000,0.00000000,78.66539600,89.89674197,84.63532017,1492.48104146,29984.40813123,9891.18697000
5,730,0.660000,0.459000,89.89674197,0.00000000,105.83207965,245.01574789,0.00000000,0.00000000,78.66539600,89.89674197,84.63532017,1492.48104146,29731.09467248,9891.18697000
5,731,0.724000,0.391000,89.89674197,0.00000000,124.81184417,208.71711857,0.00000000,0.00000000,78.66539600,89.89674197,84.63532017,1492.48104146,29477.78121373,9891.18697000
5,732,0.743000,0.341000,89.89674197,0.00000000,130.44646176,182.02694996,0.00000000,0.00000000,78.66539600,89.89674197,84.63532017,1492.48104146,29224.46775498,9891.18697000
5,733,0.717000,0.311000,89.89674197,0.00000000,122.73593243,166.01284879,0.00000000,0.00000000,78.66539600,89.89674197,84.63532017,1492.48104146,28971.15429623,9891.18697000
5,734,0.647000,0.305000,89.89674197,0.00000000,101.97681498,162.81002855,0.00000000,0.00000000,78.66539600,89.89674197,84.63532017,1492.48104146,28717.84083748,9891.18697000
5,735,0.528000,0.332000,89.89674197,0.00000000,66.68631532,177.22271961,0.00000000,0.00000000,78.66539600,89.89674197,84.63532017,1492.48104146,28464.52737873,9891.18697000
5,736,0.361000,0.398000,89.89674197,0.00000000,17.16099228,212.45374218,0.00000000,0.00000000,78.66539600,89.89674197,84.63532017,1492.48104146,28211.21391998,9891.18697000
5,737,0.153000,0.517000,45.37349956,44.52324242,0.00000000,231.45310107,0.00000000,0.00000000,78.66539600,89.89674197,84.63532017,1492.48104146,27957.90046123,9891.18697000
5,738,0.004000,0.675000,1.18623528,88.71050669,0.00000000,271.60676961,0.00000000,0.00000000,78.66539600,89.89674197,84.63532017,1492.48104146,27704.58700248,9891.18697000
5,739,0.000000,0.762000,0.00000000,89.89674197,0.00000000,316.86142772,0.00000000,0.00000000,78.66539600,89.89674197,84.63532017,1492.48104146,27451.27354374,9891.18697000
5,740,0.000000,0.845000,0.00000000,89.89674197,0.00000000,361.16710762,0.00000000,0.00000000,78.66539600,89.89674197,84.63532017,1492.48104146,27197.96008499,9891.18697000
5,741,0.000000,0.874000,0.00000000,89.89674197,0.00000000,376.64740542,0.00000000,0.00000000,78.66539600,89.89674197,84.63532017,1492.48104146,26944.64662624,9891.18697000
5,742,0.000000,0.878000,0.00000000,89.89674197,0.00000000,378.78261891,0.00000000,0.00000000,78.66539600,89.89674197,84.63532017,1492.48104146,26691.33316749,9891.18697000
5,743,0.000000,0.848000,0.00000000,89.89674197,0.00000000,362.76851774,0.00000000,0.00000000,78.66539600,89.89674197,84.63532017,1492.48104146,26438.01970874,9891.18697000
5,744,0.000000,0.800000,0.00000000,89.89674197,0.00000000,337.14595587,0.00000000,0.00000000,78.66539600,89.89674197,84.63532017,1492.48104146,26184.70624999,9891.18697000
