scenario,t,pv_pu,wind_pu,pv_MW,wind_MW,pv_curt_MW,wind_curt_MW,grid_import_MW,grid_export_MW,p_el_MW,p_p2a_MW,p_match_MW,h2_prod_kgph,h2_storage_kg,nh3_kgph
1,1,0.000000,0.538000,0.00000000,89.89674172,0.00000000,480.97107171,0.00000000,0.00000000,78.66539600,89.89674172,84.63531998,1492.48099468,25280.41717449,9891.18697000
1,2,0.000000,0.504000,0.00000000,58.26858481,0.00000000,476.52208055,0.00000000,0.00000000,49.73928100,58.26858481,53.75120360,1002.98064984,24537.60332412,9891.18697000
1,3,0.000000,0.466000,0.00000000,2.99285063,0.00000000,491.47629632,0.00000000,0.00000000,0.00000000,2.99285063,0.00000000,0.00000000,22791.80882391,9891.18697000
1,4,0.000000,0.432000,0.00000000,57.67001469,0.00000000,400.72198420,0.00000000,0.00000000,49.73928100,57.67001469,53.75120360,1002.98064984,22398.15387358,7912.94957600
1,5,0.000000,0.412000,0.00000000,2.99285063,0.00000000,434.17729646,0.00000000,0.00000000,0.00000000,2.99285063,0.00000000,0.00000000,20652.35937338,9891.18697000
1,6,0.000000,0.379000,0.00000000,73.54194353,0.00000000,328.61214808,0.00000000,0.00000000,63.67817400,73.54194353,68.65710075,1244.73168631,20151.29655948,9891.18697000
1,7,0.089000,0.466000,40.15002349,67.17717843,0.00000000,427.29196851,0.00000000,0.00000000,94.69756566,107.32720193,101.68074366,1745.79450000,20151.29655928,9891.18697000
1,8,0.238000,0.648000,2.99285063,0.00000000,104.37462793,687.58799833,0.00000000,0.00000000,0.00000000,2.99285063,0.00000000,0.00000000,18405.50205907,9891.18697000
1,9,0.379000,0.625000,107.32720193,0.00000000,63.64874082,663.18286876,0.00000000,0.00000000,94.69756566,107.32720193,101.68074366,1745.79450000,18405.50205887,9891.18697000
1,10,0.510000,0.539000,106.72863180,0.00000000,123.34453654,571.92890602,0.00000000,0.00000000,94.69756566,106.72863180,101.68074366,1745.79450000,18754.66095870,7912.94957600
1,11,0.613000,0.463000,107.32720193,0.00000000,169.21172394,491.28586918,0.00000000,0.00000000,94.69756566,107.32720193,101.68074366,1745.79450000,18754.66095850,9891.18697000
1,12,0.665000,0.422000,107.32720193,0.00000000,192.67016463,447.78107298,0.00000000,0.00000000,94.69756566,107.32720193,101.68074366,1745.79450000,18754.66095829,9891.18697000
1,13,0.677000,0.412000,107.32720193,0.00000000,198.08365095,437.17014708,0.00000000,0.00000000,94.69756566,107.32720193,101.68074366,1745.79450000,18754.66095809,9891.18697000
1,14,0.634000,0.436000,2.99285063,0.00000000,283.01967629,462.63636924,0.00000000,0.00000000,0.00000000,2.99285063,0.00000000,0.00000000,17008.86645788,9891.18697000
1,15,0.525000,0.500000,107.32720193,0.00000000,129.51282431,530.54629501,0.00000000,0.00000000,94.69756566,107.32720193,101.68074366,1745.79450000,17008.86645768,9891.18697000
1,16,0.359000,0.573000,2.99285063,0.00000000,158.96061493,608.00605408,0.00000000,0.00000000,0.00000000,2.99285063,0.00000000,0.00000000,15263.07195747,9891.18697000
1,17,0.149000,0.656000,2.39428050,0.00000000,64.82317456,696.07673905,0.00000000,0.00000000,0.00000000,2.39428050,0.00000000,0.00000000,13866.43635731,7912.94957600
1,18,0.000000,0.713000,0.00000000,2.99285063,0.00000000,753.56616605,0.00000000,0.00000000,0.00000000,2.99285063,0.00000000,0.00000000,12120.64185711,9891.18697000
1,19,0.000000,0.729000,0.00000000,2.99285063,0.00000000,770.54364749,0.00000000,0.00000000,0.00000000,2.99285063,0.00000000,0.00000000,10374.84735690,9891.18697000
1,20,0.000000,0.685000,0.00000000,2.99285063,0.00000000,723.85557353,0.00000000,0.00000000,0.00000000,2.99285063,0.00000000,0.00000000,8629.05285670,9891.18697000
1,21,0.000000,0.682000,0.00000000,107.32720193,0.00000000,616.33794446,0.00000000,0.00000000,94.69756566,107.32720193,101.68074366,1745.79450000,8629.05285649,9891.18697000
1,22,0.000000,0.697000,0.00000000,107.32720193,0.00000000,632.25433331,0.00000000,0.00000000,94.69756566,107.32720193,101.68074366,1745.79450000,8629.05285629,9891.18697000
1,23,0.000000,0.661000,0.00000000,58.26858255,0.00000000,643.11361945,0.00000000,0.00000000,49.73928100,58.26858255,53.75120196,1002.98023956,7886.23859564,9891.18697000
1,24,0.000000,0.638000,0.00000000,107.32720193,0.00000000,569.64987050,0.00000000,0.00000000,94.69756566,107.32720193,101.68074366,1745.79450000,7886.23859543,9891.18697000
1,25,0.000000,0.632000,0.00000000,107.32720193,0.00000000,563.28331496,0.00000000,0.00000000,94.69756566,107.32720193,101.68074366,1745.79450000,7886.23859523,9891.18697000
1,26,0.000000,0.610000,0.00000000,107.32720193,0.00000000,539.93927798,0.00000000,0.00000000,94.69756566,107.32720193,101.68074366,1745.79450000,7886.23859502,9891.18697000
1,27,0.000000,0.582000,0.00000000,107.32720193,0.00000000,510.22868546,0.00000000,0.00000000,94.69756566,107.32720193,101.68074366,1745.79450000,7886.23859482,9891.18697000
1,28,0.000000,0.545000,0.00000000,107.32720193,0.00000000,470.96825963,0.00000000,0.00000000,94.69756566,107.32720193,101.68074366,1745.79450000,7886.23859461,9891.18697000
1,29,0.000000,0.498000,0.00000000,2.99285063,0.00000000,525.43125920,0.00000000,0.00000000,0.00000000,2.99285063,0.00000000,0.00000000,6140.44409441,9891.18697000
1,30,0.003000,0.476000,1.35337158,72.18857196,0.00000000,432.89150089,0.00000000,0.00000000,63.67817400,73.54194353,68.65710075,1244.73168631,5639.38128051,9891.18697000
1,31,0.191000,0.630000,0.00000000,30.97213435,86.16465716,637.51619736,0.00000000,0.00000000,25.00174700,30.97213435,27.15938231,539.40882693,4432.99560723,9891.18697000
1,32,0.402000,0.750000,107.32720193,0.00000000,74.02458959,795.81944251,0.00000000,0.00000000,94.69756566,107.32720193,101.68074366,1745.79450000,4432.99560703,9891.18697000
1,33,0.567000,0.666000,107.32720193,0.00000000,148.46002640,706.68766495,0.00000000,0.00000000,94.69756566,107.32720193,101.68074366,1745.79450000,4432.99560682,9891.18697000
1,34,0.680000,0.543000,106.72863180,0.00000000,200.03559265,576.17327638,0.00000000,0.00000000,94.69756566,106.72863180,101.68074366,1745.79450000,4782.15450666,7912.94957600
1,35,0.742000,0.451000,107.32720193,0.00000000,227.40670182,478.55275809,0.00000000,0.00000000,94.69756566,107.32720193,101.68074366,1745.79450000,4782.15450645,9891.18697000
1,36,0.756000,0.391000,107.32720193,0.00000000,233.72243585,414.88720269,0.00000000,0.00000000,94.69756566,107.32720193,101.68074366,1745.79450000,4782.15450625,9891.18697000
1,37,0.723000,0.379000,89.89674197,0.00000000,236.26580844,402.15409161,0.00000000,0.00000000,78.66539600,89.89674197,84.63532017,1492.48104146,4528.84104750,9891.18697000
1,38,0.647000,0.403000,89.89674197,0.00000000,201.98039512,427.62031377,0.00000000,0.00000000,78.66539600,89.89674197,84.63532017,1492.48104146,4275.52758875,9891.18697000
1,39,0.521000,0.457000,107.32720193,0.00000000,127.70832887,484.91931364,0.00000000,0.00000000,94.69756566,107.32720193,101.68074366,1745.79450000,4275.52758855,9891.18697000
1,40,0.346000,0.507000,107.32720193,0.00000000,48.76165346,537.97394314,0.00000000,0.00000000,94.69756566,107.32720193,101.68074366,1745.79450000,4275.52758834,9891.18697000
1,41,0.139000,0.556000,62.70621647,44.62098546,0.00000000,545.34649459,0.00000000,0.00000000,94.69756566,107.32720193,101.68074366,1745.79450000,4275.52758814,9891.18697000
1,42,0.000000,0.578000,0.00000000,107.32720193,0.00000000,505.98431510,0.00000000,0.00000000,94.69756566,107.32720193,101.68074366,1745.79450000,4275.52758793,9891.18697000
1,43,0.000000,0.571000,0.00000000,106.72863180,0.00000000,499.15523710,0.00000000,0.00000000,94.69756566,106.72863180,101.68074366,1745.79450000,4624.68648777,7912.94957600
1,44,0.000000,0.536000,0.00000000,107.32720193,0.00000000,461.41842632,0.00000000,0.00000000,94.69756566,107.32720193,101.68074366,1745.79450000,4624.68648756,9891.18697000
1,45,0.000000,0.449000,0.00000000,107.32720193,0.00000000,369.10337099,0.00000000,0.00000000,94.69756566,107.32720193,101.68074366,1745.79450000,4624.68648736,9891.18697000
1,46,0.000000,0.415000,0.00000000,107.32720193,0.00000000,333.02622293,0.00000000,0.00000000,94.69756566,107.32720193,101.68074366,1745.79450000,4624.68648715,9891.18697000
1,47,0.000000,0.384000,0.00000000,107.32720193,0.00000000,300.13235264,0.00000000,0.00000000,94.69756566,107.32720193,101.68074366,1745.79450000,4624.68648695,9891.18697000
1,48,0.000000,0.347000,0.00000000,106.72863180,0.00000000,261.47049693,0.00000000,0.00000000,94.69756566,106.72863180,101.68074366,1745.79450000,4973.84538678,7912.94957600
1,49,0.000000,0.328000,0.00000000,89.89674197,0.00000000,258.14162755,0.00000000,0.00000000,78.66539600,89.89674197,84.63532017,1492.48104146,4720.53192803,9891.18697000
1,50,0.000000,0.305000,0.00000000,106.72863180,0.00000000,216.90460815,0.00000000,0.00000000,94.69756566,106.72863180,101.68074366,1745.79450000,5069.69082787,7912.94957600
1,51,0.000000,0.290000,0.00000000,89.89674197,0.00000000,217.82010913,0.00000000,0.00000000,78.66539600,89.89674197,84.63532017,1492.48104146,4816.37736912,9891.18697000
1,52,0.000000,0.283000,0.00000000,106.72863180,0.00000000,193.56057117,0.00000000,0.00000000,94.69756566,106.72863180,101.68074366,1745.79450000,5165.53626896,7912.94957600
1,53,0.000000,0.271000,0.00000000,107.32720193,0.00000000,180.22888997,0.00000000,0.00000000,94.69756566,107.32720193,101.68074366,1745.79450000,5165.53626875,9891.18697000
1,54,0.003000,0.243000,1.35337158,105.37526022,0.00000000,152.47023915,0.00000000,0.00000000,94.69756566,106.72863180,101.68074366,1745.79450000,5514.69516859,7912.94957600
1,55,0.180000,0.431000,81.20229471,25.52633709,0.00000000,431.80456920,0.00000000,0.00000000,94.69756566,106.72863180,101.68074366,1745.79450000,5863.85406842,7912.94957600
1,56,0.386000,0.484000,107.32720193,0.00000000,66.80660784,513.56881357,0.00000000,0.00000000,94.69756566,107.32720193,101.68074366,1745.79450000,5863.85406822,9891.18697000
1,57,0.542000,0.367000,107.32720193,0.00000000,137.18192992,389.42098053,0.00000000,0.00000000,94.69756566,107.32720193,101.68074366,1745.79450000,5863.85406801,9891.18697000
1,58,0.654000,0.241000,2.99285063,0.00000000,292.04215348,255.72331419,0.00000000,0.00000000,0.00000000,2.99285063,0.00000000,0.00000000,4118.05956781,9891.18697000
1,59,0.714000,0.164000,107.32720193,0.00000000,214.77523375,174.01918476,0.00000000,0.00000000,94.69756566,107.32720193,101.68074366,1745.79450000,4118.05956760,9891.18697000
1,60,0.718000,0.137000,107.32720193,0.00000000,216.57972919,145.36968483,0.00000000,0.00000000,94.69756566,107.32720193,101.68074366,1745.79450000,4118.05956740,9891.18697000
1,61,0.676000,0.155000,107.32720193,0.00000000,197.63252709,164.46935145,0.00000000,0.00000000,94.69756566,107.32720193,101.68074366,1745.79450000,4118.05956719,9891.18697000
1,62,0.553000,0.227000,107.32720193,0.00000000,142.14429237,240.86801793,0.00000000,0.00000000,94.69756566,107.32720193,101.68074366,1745.79450000,4118.05956699,9891.18697000
1,63,0.317000,0.356000,107.32720193,0.00000000,35.67906153,377.74896204,0.00000000,0.00000000,94.69756566,107.32720193,101.68074366,1745.79450000,4118.05956678,9891.18697000
1,64,0.176000,0.478000,0.00000000,106.72863180,79.39779927,400.47362622,0.00000000,0.00000000,94.69756566,106.72863180,101.68074366,1745.79450000,4467.21846662,7912.94957600
1,65,0.063000,0.532000,28.42080315,78.30782865,0.00000000,486.19342923,0.00000000,0.00000000,94.69756566,106.72863180,101.68074366,1745.79450000,4816.37736646,7912.94957600
1,66,0.000000,0.485000,0.00000000,107.32720193,0.00000000,407.30270423,0.00000000,0.00000000,94.69756566,107.32720193,101.68074366,1745.79450000,4816.37736625,9891.18697000
1,67,0.000000,0.374000,0.00000000,107.32720193,0.00000000,289.52142674,0.00000000,0.00000000,94.69756566,107.32720193,101.68074366,1745.79450000,4816.37736605,9891.18697000
1,68,0.000000,0.295000,0.00000000,107.32720193,0.00000000,205.69511213,0.00000000,0.00000000,94.69756566,107.32720193,101.68074366,1745.79450000,4816.37736584,9891.18697000
1,69,0.000000,0.253000,0.00000000,107.32720193,0.00000000,161.12922335,0.00000000,0.00000000,94.69756566,107.32720193,101.68074366,1745.79450000,4816.37736564,9891.18697000
1,70,0.000000,0.217000,0.00000000,107.32720193,0.00000000,122.92989011,0.00000000,0.00000000,94.69756566,107.32720193,101.68074366,1745.79450000,4816.37736543,9891.18697000
1,71,0.000000,0.162000,0.00000000,107.32720193,0.00000000,64.56979766,0.00000000,0.00000000,94.69756566,107.32720193,101.68074366,1745.79450000,4816.37736523,9891.18697000
1,72,0.000000,0.114000,0.00000000,107.32720193,0.00000000,13.63735334,0.00000000,0.00000000,94.69756566,107.32720193,101.68074366,1745.79450000,4816.37736502,9891.18697000
1,73,0.000000,0.085000,0.00000000,89.29817185,0.00000000,0.89469830,0.00000000,0.00000000,78.66539600,89.29817185,84.63532017,1492.48104146,4912.22280631,7912.94957600
1,74,0.000000,0.101000,0.00000000,89.89674197,0.00000000,17.27360962,0.00000000,0.00000000,78.66539600,89.89674197,84.63532017,1492.48104146,4658.90934756,9891.18697000
1,75,0.000000,0.149000,0.00000000,107.32720193,0.00000000,50.77559399,0.00000000,0.00000000,94.69756566,107.32720193,101.68074366,1745.79450000,4658.90934736,9891.18697000
1,76,0.000000,0.153000,0.00000000,107.32720193,0.00000000,55.01996435,0.00000000,0.00000000,94.69756566,107.32720193,101.68074366,1745.79450000,4658.90934715,9891.18697000
1,77,0.000000,0.151000,0.00000000,107.32720193,0.00000000,52.89777917,0.00000000,0.00000000,94.69756566,107.32720193,101.68074366,1745.79450000,4658.90934695,9891.18697000
1,78,0.000000,0.177000,0.00000000,106.72863180,0.00000000,81.08475663,0.00000000,0.00000000,94.69756566,106.72863180,101.68074366,1745.79450000,5008.06824679,7912.94957600
1,79,0.088000,0.278000,39.69889964,67.62830229,0.00000000,227.35543773,0.00000000,0.00000000,94.69756566,107.32720193,101.68074366,1745.79450000,5008.06824658,9891.18697000
1,80,0.228000,0.481000,0.00000000,107.32720193,102.85623996,403.05833387,0.00000000,0.00000000,94.69756566,107.32720193,101.68074366,1745.79450000,5008.06824638,9891.18697000
1,81,0.374000,0.519000,107.32720193,0.00000000,61.39312152,550.70705422,0.00000000,0.00000000,94.69756566,107.32720193,101.68074366,1745.79450000,5008.06824617,9891.18697000
1,82,0.506000,0.503000,106.72863180,0.00000000,121.54004110,533.72957278,0.00000000,0.00000000,94.69756566,106.72863180,101.68074366,1745.79450000,5357.22714601,7912.94957600
1,83,0.595000,0.488000,107.32720193,0.00000000,161.09149447,517.81318393,0.00000000,0.00000000,94.69756566,107.32720193,101.68074366,1745.79450000,5357.22714580,9891.18697000
1,84,0.625000,0.483000,107.32720193,0.00000000,174.62521026,512.50772098,0.00000000,0.00000000,94.69756566,107.32720193,101.68074366,1745.79450000,5357.22714560,9891.18697000
1,85,0.607000,0.476000,2.99285063,0.00000000,270.83933208,505.08007285,0.00000000,0.00000000,0.00000000,2.99285063,0.00000000,0.00000000,3611.43264539,9891.18697000
1,86,0.516000,0.494000,107.32720193,0.00000000,125.45270957,524.17973947,0.00000000,0.00000000,94.69756566,107.32720193,101.68074366,1745.79450000,3611.43264519,9891.18697000
1,87,0.382000,0.526000,106.72863180,0.00000000,65.60068252,558.13470235,0.00000000,0.00000000,94.69756566,106.72863180,101.68074366,1745.79450000,3960.59154502,7912.94957600
1,88,0.235000,0.542000,106.01410698,1.31309495,0.00000000,573.79908884,0.00000000,0.00000000,94.69756566,107.32720193,101.68074366,1745.79450000,3960.59154482,9891.18697000
1,89,0.093000,0.546000,41.95451893,64.77411287,0.00000000,514.58244128,0.00000000,0.00000000,94.69756566,106.72863180,101.68074366,1745.79450000,4309.75044465,7912.94957600
1,90,0.000000,0.501000,0.00000000,107.07539377,0.00000000,424.53199383,0.00000000,0.00000000,94.69756566,107.07539377,101.68074366,1745.79450000,4456.63559058,9058.97651031
1,91,0.000000,0.459000,0.00000000,2.99285063,0.00000000,484.04864819,0.00000000,0.00000000,0.00000000,2.99285063,0.00000000,0.00000000,2710.84109038,9891.18697000
1,92,0.000000,0.454000,0.00000000,107.32720193,0.00000000,374.40883394,0.00000000,0.00000000,94.69756566,107.32720193,101.68074366,1745.79450000,2710.84109017,9891.18697000
1,93,0.000000,0.459000,0.00000000,107.32720193,0.00000000,379.71429689,0.00000000,0.00000000,94.69756566,107.32720193,101.68074366,1745.79450000,2710.84108997,9891.18697000
1,94,0.000000,0.442000,0.00000000,107.32720193,0.00000000,361.67572286,0.00000000,0.00000000,94.69756566,107.32720193,101.68074366,1745.79450000,2710.84108976,9891.18697000
1,95,0.000000,0.402000,0.00000000,107.32720193,0.00000000,319.23201926,0.00000000,0.00000000,94.69756566,107.32720193,101.68074366,1745.79450000,2710.84108956,9891.18697000
1,96,0.000000,0.376000,0.00000000,106.72863180,0.00000000,292.24218204,0.00000000,0.00000000,94.69756566,106.72863180,101.68074366,1745.79450000,3059.99998939,7912.94957600
1,97,0.000000,0.354000,0.00000000,107.32720193,0.00000000,268.29957494,0.00000000,0.00000000,94.69756566,107.32720193,101.68074366,1745.79450000,3059.99998919,9891.18697000
1,98,0.000000,0.329000,0.00000000,107.32720193,0.00000000,241.77226019,0.00000000,0.00000000,94.69756566,107.32720193,101.68074366,1745.79450000,3059.99998898,9891.18697000
1,99,0.000000,0.316000,0.00000000,107.32720193,0.00000000,227.97805652,0.00000000,0.00000000,94.69756566,107.32720193,101.68074366,1745.79450000,3059.99998878,9891.18697000
1,100,0.000000,0.311000,0.00000000,107.32720193,0.00000000,222.67259357,0.00000000,0.00000000,94.69756566,107.32720193,101.68074366,1745.79450000,3059.99998857,9891.18697000
1,101,0.000000,0.285000,0.00000000,106.72863180,0.00000000,195.68275635,0.00000000,0.00000000,94.69756566,106.72863180,101.68074366,1745.79450000,3409.15888841,7912.94957600
1,102,0.000000,0.282000,0.00000000,106.72863180,0.00000000,192.49947858,0.00000000,0.00000000,94.69756566,106.72863180,101.68074366,1745.79450000,3758.31778825,7912.94957600
1,103,0.138000,0.512000,62.25509261,44.47353919,0.00000000,498.80586689,0.00000000,0.00000000,94.69756566,106.72863180,101.68074366,1745.79450000,4107.47668808,7912.94957600
1,104,0.340000,0.655000,106.72863180,0.00000000,46.65348043,695.01564646,0.00000000,0.00000000,94.69756566,106.72863180,101.68074366,1745.79450000,4456.63558792,7912.94957600
1,105,0.506000,0.618000,107.32720193,0.00000000,120.94147098,655.75522063,0.00000000,0.00000000,94.69756566,107.32720193,101.68074366,1745.79450000,4456.63558771,9891.18697000
1,106,0.620000,0.546000,107.32720193,0.00000000,172.36959096,579.35655415,0.00000000,0.00000000,94.69756566,107.32720193,101.68074366,1745.79450000,4456.63558751,9891.18697000
1,107,0.675000,0.481000,89.89674197,0.00000000,214.61186318,510.38553580,0.00000000,0.00000000,78.66539600,89.89674197,84.63532017,1492.48104146,4203.32212876,9891.18697000
1,108,0.686000,0.433000,107.32720193,0.00000000,202.14376568,459.45309147,0.00000000,0.00000000,94.69756566,107.32720193,101.68074366,1745.79450000,4203.32212855,9891.18697000
1,109,0.654000,0.420000,106.72863180,0.00000000,188.30637231,445.65888780,0.00000000,0.00000000,94.69756566,106.72863180,101.68074366,1745.79450000,4552.48102839,7912.94957600
1,110,0.572000,0.439000,107.32720193,0.00000000,150.71564570,465.81964701,0.00000000,0.00000000,94.69756566,107.32720193,101.68074366,1745.79450000,4552.48102819,9891.18697000
1,111,0.448000,0.472000,107.32720193,0.00000000,94.77628713,500.83570249,0.00000000,0.00000000,94.69756566,107.32720193,101.68074366,1745.79450000,4552.48102798,9891.18697000
1,112,0.289000,0.514000,2.99285063,0.00000000,127.38194477,545.40159127,0.00000000,0.00000000,0.00000000,2.99285063,0.00000000,0.00000000,2806.68652778,9891.18697000
1,113,0.117000,0.568000,52.78149156,37.11525041,0.00000000,565.58534071,0.00000000,0.00000000,78.66539600,89.89674197,84.63532017,1492.48104146,2553.37306903,9891.18697000
1,114,0.000000,0.586000,0.00000000,107.32720193,0.00000000,514.47305582,0.00000000,0.00000000,94.69756566,107.32720193,101.68074366,1745.79450000,2553.37306882,9891.18697000
1,115,0.000000,0.601000,0.00000000,107.32720193,0.00000000,530.38944467,0.00000000,0.00000000,94.69756566,107.32720193,101.68074366,1745.79450000,2553.37306862,9891.18697000
1,116,0.000000,0.577000,0.00000000,107.32720193,0.00000000,504.92322251,0.00000000,0.00000000,94.69756566,107.32720193,101.68074366,1745.79450000,2553.37306841,9891.18697000
1,117,0.000000,0.618000,0.00000000,107.32720193,0.00000000,548.42801870,0.00000000,0.00000000,94.69756566,107.32720193,101.68074366,1745.79450000,2553.37306821,9891.18697000
1,118,0.000000,0.643000,0.00000000,107.32720193,0.00000000,574.95533345,0.00000000,0.00000000,94.69756566,107.32720193,101.68074366,1745.79450000,2553.37306800,9891.18697000
1,119,0.000000,0.583000,0.00000000,106.72863180,0.00000000,511.88834818,0.00000000,0.00000000,94.69756566,106.72863180,101.68074366,1745.79450000,2902.53196784,7912.94957600
1,120,0.000000,0.542000,0.00000000,107.05478183,0.00000000,468.05740196,0.00000000,0.00000000,94.69756566,107.05478183,101.68074366,1745.79450000,3061.44050236,8990.85532847
1,121,0.000000,0.523000,0.00000000,107.32720193,0.00000000,447.62422265,0.00000000,0.00000000,94.69756566,107.32720193,101.68074366,1745.79450000,3061.44050216,9891.18697000
1,122,0.000000,0.504000,0.00000000,107.32720193,0.00000000,427.46346344,0.00000000,0.00000000,94.69756566,107.32720193,101.68074366,1745.79450000,3061.44050195,9891.18697000
1,123,0.000000,0.474000,0.00000000,106.72863180,0.00000000,396.22925586,0.00000000,0.00000000,94.69756566,106.72863180,101.68074366,1745.79450000,3410.59940179,7912.94957600
1,124,0.000000,0.444000,0.00000000,106.72863180,0.00000000,364.39647816,0.00000000,0.00000000,94.69756566,106.72863180,101.68074366,1745.79450000,3759.75830162,7912.94957600
1,125,0.000000,0.426000,0.00000000,107.32720193,0.00000000,344.69824142,0.00000000,0.00000000,94.69756566,107.32720193,101.68074366,1745.79450000,3759.75830142,9891.18697000
1,126,0.002000,0.396000,0.00000000,107.32720193,0.90224772,312.86546372,0.00000000,0.00000000,94.69756566,107.32720193,101.68074366,1745.79450000,3759.75830121,9891.18697000
1,127,0.183000,0.599000,0.00000000,30.97213678,82.55566629,604.62232464,0.00000000,0.00000000,25.00174700,30.97213678,27.15938407,539.40926699,2553.37306800,9891.18697000
1,128,0.394000,0.682000,0.00000000,89.46248162,177.74280064,634.20266477,0.00000000,0.00000000,78.66539600,89.46248162,84.63532017,1492.48104146,2553.37306800,8455.98323771
1,129,0.560000,0.593000,0.00000000,89.46248162,252.62936131,539.76542426,0.00000000,0.00000000,78.66539600,89.46248162,84.63532017,1492.48104146,2553.37306800,8455.98323771
1,130,0.671000,0.448000,0.00000000,107.32720193,302.70410972,368.04227840,0.00000000,0.00000000,94.69756566,107.32720193,101.68074366,1745.79450000,2553.37306800,9891.18696884
1,131,0.732000,0.312000,0.00000000,107.32720193,330.22266515,223.73368616,0.00000000,0.00000000,94.69756566,107.32720193,101.68074366,1745.79450000,2553.37306800,9891.18696884
1,132,0.748000,0.219000,0.00000000,107.32720193,337.44064690,125.05207529,0.00000000,0.00000000,94.69756566,107.32720193,101.68074366,1745.79450000,2553.37306800,9891.18696884
1,133,0.720000,0.193000,0.00000000,107.32720193,324.80917883,97.46366795,0.00000000,0.00000000,94.69756566,107.32720193,101.68074366,1745.79450000,2553.37306800,9891.18696884
1,134,0.651000,0.219000,107.32720193,0.00000000,186.35443060,232.37927721,0.00000000,0.00000000,94.69756566,107.32720193,101.68074366,1745.79450000,2553.37306800,9891.18696884
1,135,0.534000,0.279000,107.32720193,0.00000000,133.57293904,296.04483261,0.00000000,0.00000000,94.69756566,107.32720193,101.68074366,1745.79450000,2553.37306800,9891.18696884
1,136,0.367000,0.381000,89.29817185,0.00000000,76.26428458,404.27627679,0.00000000,0.00000000,78.66539600,89.29817185,84.63532017,1492.48104146,2649.21850929,7912.94957600
1,137,0.157000,0.523000,70.82644594,36.50075599,0.00000000,518.45066859,0.00000000,0.00000000,94.69756566,107.32720193,101.68074366,1745.79450000,2649.21850909,9891.18697000
1,138,0.000000,0.646000,0.00000000,107.32720193,0.00000000,578.13861122,0.00000000,0.00000000,94.69756566,107.32720193,101.68074366,1745.79450000,2649.21850888,9891.18697000
1,139,0.000000,0.657000,0.00000000,96.60017818,0.00000000,600.53765345,0.00000000,0.00000000,85.38162751,96.60017818,91.77602619,1598.59966852,2851.18257724,7912.94957600
1,140,0.000000,0.697000,0.00000000,107.32720193,0.00000000,632.25433331,0.00000000,0.00000000,94.69756566,107.32720193,101.68074366,1745.79450000,2851.18257704,9891.18697000
1,141,0.000000,0.713000,0.00000000,89.29817185,0.00000000,667.26084483,0.00000000,0.00000000,78.66539600,89.29817185,84.63532017,1492.48104146,2947.02801833,7912.94957600
1,142,0.000000,0.686000,0.00000000,57.67001469,0.00000000,670.23950206,0.00000000,0.00000000,49.73928100,57.67001469,53.75120360,1002.98064984,2553.37306800,7912.94957600
1,143,0.000000,0.618000,0.00000000,107.32720192,0.00000000,548.42801870,0.00000000,0.00000000,94.69756566,107.32720192,101.68074366,1745.79450000,2553.37306841,9891.18696652
1,144,0.000000,0.576000,0.00000000,107.32720193,0.00000000,503.86212992,0.00000000,0.00000000,94.69756566,107.32720193,101.68074366,1745.79450000,2553.37306821,9891.18697000
1,145,0.000000,0.547000,0.00000000,107.32720193,0.00000000,473.09044481,0.00000000,0.00000000,94.69756566,107.32720193,101.68074366,1745.79450000,2553.37306800,9891.18697000
1,146,0.000000,0.513000,0.00000000,107.32720193,0.00000000,437.01329675,0.00000000,0.00000000,94.69756566,107.32720193,101.68074366,1745.79450000,2553.37306821,9891.18696768
1,147,0.000000,0.472000,0.00000000,107.32720193,0.00000000,393.50850056,0.00000000,0.00000000,94.69756566,107.32720193,101.68074366,1745.79450000,2553.37306800,9891.18697000
1,148,0.000000,0.410000,0.00000000,107.32720193,0.00000000,327.72075998,0.00000000,0.00000000,94.69756566,107.32720193,101.68074366,1745.79450000,2553.37306800,9891.18696884
1,149,0.000000,0.361000,0.00000000,107.32720193,0.00000000,275.72722307,0.00000000,0.00000000,94.69756566,107.32720193,101.68074366,1745.79450000,2553.37306800,9891.18696884
1,150,0.002000,0.307000,0.90224772,88.39592387,0.00000000,237.35950126,0.00000000,0.00000000,78.66539600,89.29817159,84.63531998,1492.48099468,2649.21846251,7912.94957600
1,151,0.182000,0.511000,82.10454243,24.95270883,0.00000000,517.26560467,0.00000000,0.00000000,94.69756566,107.05725126,101.68074366,1745.79450000,2806.68652675,8999.01663322
1,152,0.392000,0.610000,89.89674197,0.00000000,86.94381095,647.26647991,0.00000000,0.00000000,78.66539600,89.89674197,84.63532017,1492.48104146,2553.37306800,9891.18697000
1,153,0.557000,0.509000,0.00000000,107.32720193,251.27598974,432.76892639,0.00000000,0.00000000,94.69756566,107.32720193,101.68074366,1745.79450000,2553.37306800,9891.18696884
1,154,0.669000,0.388000,0.00000000,107.32720193,301.80186200,304.37672300,0.00000000,0.00000000,94.69756566,107.32720193,101.68074366,1745.79450000,2553.37306800,9891.18696884
1,155,0.731000,0.294000,0.00000000,107.32720193,329.77154129,204.63401954,0.00000000,0.00000000,94.69756566,107.32720193,101.68074366,1745.79450000,2553.37306800,9891.18696884
1,156,0.748000,0.235000,107.32720193,0.00000000,230.11344497,249.35675865,0.00000000,0.00000000,94.69756566,107.32720193,101.68074366,1745.79450000,2553.37306800,9891.18696884
1,157,0.720000,0.228000,0.00000000,107.32720193,324.80917883,134.60190860,0.00000000,0.00000000,94.69756566,107.32720193,101.68074366,1745.79450000,2553.37306800,9891.18696884
1,158,0.647000,0.259000,0.00000000,107.32720193,291.87713709,167.49577889,0.00000000,0.00000000,94.69756566,107.32720193,101.68074366,1745.79450000,2553.37306800,9891.18696884
1,159,0.510000,0.317000,0.00000000,107.32720193,230.07316834,229.03914911,0.00000000,0.00000000,94.69756566,107.32720193,101.68074366,1745.79450000,2553.37306800,9891.18696884
1,160,0.326000,0.395000,89.46248162,0.00000000,57.60389658,419.13157305,0.00000000,0.00000000,78.66539600,89.46248162,84.63532017,1492.48104146,2553.37306821,8455.98323655
1,161,0.126000,0.494000,0.00000000,107.32720193,56.84160630,416.85253754,0.00000000,0.00000000,94.69756566,107.32720193,101.68074366,1745.79450000,2553.37306800,9891.18697000
1,162,0.000000,0.571000,0.00000000,107.32720193,0.00000000,498.55666697,0.00000000,0.00000000,94.69756566,107.32720193,101.68074366,1745.79450000,2553.37306780,9891.18697000
1,163,0.000000,0.568000,0.00000000,107.32720192,0.00000000,495.37338920,0.00000000,0.00000000,94.69756566,107.32720192,101.68074366,1745.79450000,2553.37306821,9891.18696652
1,164,0.000000,0.602000,0.00000000,107.32720193,0.00000000,531.45053726,0.00000000,0.00000000,94.69756566,107.32720193,101.68074366,1745.79450000,2553.37306800,9891.18697000
1,165,0.000000,0.621000,0.00000000,107.32720193,0.00000000,551.61129647,0.00000000,0.00000000,94.69756566,107.32720193,101.68074366,1745.79450000,2553.37306800,9891.18696884
1,166,0.000000,0.682000,0.00000000,107.32720193,0.00000000,616.33794446,0.00000000,0.00000000,94.69756566,107.32720193,101.68074366,1745.79450000,2553.37306800,9891.18696884
1,167,0.000000,0.642000,0.00000000,89.46248162,0.00000000,591.75896117,0.00000000,0.00000000,78.66539600,89.46248162,84.63532017,1492.48104146,2553.37306800,8455.98323771
1,168,0.000000,0.571000,0.00000000,107.32720193,0.00000000,498.55666697,0.00000000,0.00000000,94.69756566,107.32720193,101.68074366,1745.79450000,2553.37306800,9891.18696884
1,169,0.000000,0.531000,0.00000000,106.72863180,0.00000000,456.71153350,0.00000000,0.00000000,94.69756566,106.72863180,101.68074366,1745.79450000,2902.53196784,7912.94957600
1,170,0.000000,0.501000,0.00000000,107.21909160,0.00000000,424.38829600,0.00000000,0.00000000,94.69756566,107.21909160,101.68074366,1745.79450000,2965.59506005,9533.88899599
1,171,0.000000,0.494000,0.00000000,106.72863180,0.00000000,417.45110766,0.00000000,0.00000000,94.69756566,106.72863180,101.68074366,1745.79450000,3314.75395988,7912.94957600
1,172,0.000000,0.474000,0.00000000,89.29817185,0.00000000,413.65971582,0.00000000,0.00000000,78.66539600,89.29817185,84.63532017,1492.48104146,3410.59940117,7912.94957600
1,173,0.000000,0.404000,0.00000000,30.37356665,0.00000000,398.30783971,0.00000000,0.00000000,25.00174700,30.37356665,27.15938407,539.40926699,2553.37306800,7912.94957600
1,174,0.002000,0.281000,0.90224772,106.42495421,0.00000000,191.74206349,0.00000000,0.00000000,94.69756566,107.32720193,101.68074366,1745.79450000,2553.37306800,9891.18696884
1,175,0.173000,0.388000,78.04442769,29.28277423,0.00000000,382.42115069,0.00000000,0.00000000,94.69756566,107.32720193,101.68074366,1745.79450000,2553.37306800,9891.18696884
1,176,0.374000,0.432000,0.00000000,107.32720193,168.72032345,351.06479696,0.00000000,0.00000000,94.69756566,107.32720193,101.68074366,1745.79450000,2553.37306800,9891.18696884
1,177,0.549000,0.343000,107.32720193,0.00000000,140.33979693,363.95475837,0.00000000,0.00000000,94.69756566,107.32720193,101.68074366,1745.79450000,2553.37306800,9891.18696884
1,178,0.663000,0.251000,0.00000000,107.32720193,299.09511884,159.00703817,0.00000000,0.00000000,94.69756566,107.32720193,101.68074366,1745.79450000,2553.37306800,9891.18696884
1,179,0.721000,0.181000,0.00000000,106.72863180,325.26030269,85.32912699,0.00000000,0.00000000,94.69756566,106.72863180,101.68074366,1745.79450000,2902.53196784,7912.94957600
1,180,0.715000,0.142000,89.29817185,0.00000000,233.25538769,150.67514778,0.00000000,0.00000000,78.66539600,89.29817185,84.63532017,1492.48104146,2998.37740913,7912.94957600
1,181,0.640000,0.146000,0.00000000,72.10352975,288.71927007,82.81598839,0.00000000,0.00000000,62.91170938,72.10352975,67.83746291,1231.43838309,2833.18019206,7912.94957600
1,182,0.484000,0.184000,106.72863180,0.00000000,111.61531619,195.24103656,0.00000000,0.00000000,94.69756566,106.72863180,101.68074366,1745.79450000,3182.33909190,7912.94957600
1,183,0.354000,0.234000,0.00000000,43.47863956,159.69784626,204.81702650,0.00000000,0.00000000,36.84682300,43.47863956,39.91750131,767.66957627,2553.37306800,7912.94957600
1,184,0.267000,0.276000,107.32720193,0.00000000,13.12286856,292.86155484,0.00000000,0.00000000,94.69756566,107.32720193,101.68074366,1745.79450000,2553.37306821,9891.18696768
1,185,0.138000,0.317000,62.25509261,45.07210932,0.00000000,291.29424172,0.00000000,0.00000000,94.69756566,107.32720193,101.68074366,1745.79450000,2553.37306800,9891.18697000
1,186,0.000000,0.404000,0.00000000,107.32720193,0.00000000,321.35420444,0.00000000,0.00000000,94.69756566,107.32720193,101.68074366,1745.79450000,2553.37306780,9891.18697000
1,187,0.000000,0.501000,0.00000000,106.89294149,0.00000000,424.71444611,0.00000000,0.00000000,94.69756566,106.89294149,101.68074366,1745.79450000,2806.68657353,8455.98297034
1,188,0.000000,0.507000,0.00000000,89.89674172,0.00000000,448.07720142,0.00000000,0.00000000,78.66539600,89.89674172,84.63531998,1492.48099468,2553.37306800,9891.18697000
1,189,0.000000,0.486000,0.00000000,107.32720193,0.00000000,408.36379682,0.00000000,0.00000000,94.69756566,107.32720193,101.68074366,1745.79450000,2553.37306780,9891.18697000
1,190,0.000000,0.526000,0.00000000,106.72863180,0.00000000,451.40607055,0.00000000,0.00000000,94.69756566,106.72863180,101.68074366,1745.79450000,2902.53196763,7912.94957600
1,191,0.000000,0.538000,0.00000000,106.72863180,0.00000000,464.13918163,0.00000000,0.00000000,94.69756566,106.72863180,101.68074366,1745.79450000,3251.69086747,7912.94957600
1,192,0.000000,0.442000,0.00000000,48.87974743,0.00000000,420.12317735,0.00000000,0.00000000,41.75357514,48.87974743,45.18248224,857.22677426,2712.28204157,7912.94957600
1,193,0.000000,0.343000,0.00000000,106.72863180,0.00000000,257.22612657,0.00000000,0.00000000,94.69756566,106.72863180,101.68074366,1745.79450000,3061.44094140,7912.94957600
1,194,0.000000,0.295000,0.00000000,106.72863180,0.00000000,206.29368225,0.00000000,0.00000000,94.69756566,106.72863180,101.68074366,1745.79450000,3410.59984124,7912.94957600
1,195,0.000000,0.272000,0.00000000,30.37356422,0.00000000,258.24362026,0.00000000,0.00000000,25.00174700,30.37356422,27.15938231,539.40882693,2553.37306800,7912.94957600
1,196,0.000000,0.260000,0.00000000,107.32720193,0.00000000,168.55687148,0.00000000,0.00000000,94.69756566,107.32720193,101.68074366,1745.79450000,2553.37306800,9891.18696884
1,197,0.000000,0.231000,0.00000000,107.32720193,0.00000000,137.78518637,0.00000000,0.00000000,94.69756566,107.32720193,101.68074366,1745.79450000,2553.37306780,9891.18697000
1,198,0.002000,0.209000,0.90224772,106.42495421,0.00000000,115.34339711,0.00000000,0.00000000,94.69756566,107.32720193,101.68074366,1745.79450000,2553.37306759,9891.18697000
1,199,0.170000,0.419000,76.69105611,12.77142550,0.00000000,431.82636971,0.00000000,0.00000000,78.66539600,89.46248162,84.63532017,1492.48104146,2553.37306800,8455.98323539
1,200,0.374000,0.508000,0.00000000,89.46248128,168.72032345,449.57255445,0.00000000,0.00000000,78.66539600,89.46248128,84.63531998,1492.48099468,2553.37306800,8455.98297267
1,201,0.538000,0.426000,106.72863180,0.00000000,135.97600460,452.02544334,0.00000000,0.00000000,94.69756566,106.72863180,101.68074366,1745.79450000,2902.53196784,7912.94957600
1,202,0.661000,0.345000,106.72863180,0.00000000,191.46423932,366.07694355,0.00000000,0.00000000,94.69756566,106.72863180,101.68074366,1745.79450000,3251.69086767,7912.94957600
1,203,0.724000,0.296000,0.00000000,57.67001469,326.61367427,256.41339196,0.00000000,0.00000000,49.73928100,57.67001469,53.75120360,1002.98064984,2858.03591735,7912.94957600
1,204,0.741000,0.278000,90.10422333,0.00000000,244.17855655,294.98374002,0.00000000,0.00000000,79.40678517,90.10422333,85.42356608,1504.19522971,2965.59554689,7912.94957600
1,205,0.710000,0.293000,89.29817159,0.00000000,230.99976865,310.90012887,0.00000000,0.00000000,78.66539600,89.29817159,84.63531998,1492.48099468,3061.44094140,7912.94957600
1,206,0.625000,0.331000,106.72863180,0.00000000,175.22378038,351.22164729,0.00000000,0.00000000,94.69756566,106.72863180,101.68074366,1745.79450000,3410.59984124,7912.94957600
1,207,0.484000,0.394000,0.00000000,30.37356422,218.34394799,387.69691624,0.00000000,0.00000000,25.00174700,30.37356422,27.15938231,539.40882693,2553.37306800,7912.94957600
1,208,0.303000,0.482000,107.32720193,0.00000000,29.36332750,511.44662839,0.00000000,0.00000000,94.69756566,107.32720193,101.68074366,1745.79450000,2553.37306800,9891.18696884
1,209,0.111000,0.580000,50.07474840,51.88179842,0.00000000,563.55190379,0.00000000,0.00000000,90.30830248,101.95654682,97.01407338,1676.44272422,2833.18019206,7912.94957600
1,210,0.000000,0.635000,0.00000000,106.72863180,0.00000000,567.06516286,0.00000000,0.00000000,94.69756566,106.72863180,101.68074366,1745.79450000,3182.33909190,7912.94957600
1,211,0.000000,0.630000,0.00000000,43.47863956,0.00000000,625.00969215,0.00000000,0.00000000,36.84682300,43.47863956,39.91750131,767.66957627,2553.37306800,7912.94957600
1,212,0.000000,0.651000,0.00000000,107.32720193,0.00000000,583.44407417,0.00000000,0.00000000,94.69756566,107.32720193,101.68074366,1745.79450000,2553.37306821,9891.18696768
1,213,0.000000,0.703000,0.00000000,107.32720193,0.00000000,638.62088885,0.00000000,0.00000000,94.69756566,107.32720193,101.68074366,1745.79450000,2553.37306800,9891.18697000
1,214,0.000000,0.702000,0.00000000,106.72863180,0.00000000,638.15836639,0.00000000,0.00000000,94.69756566,106.72863180,101.68074366,1745.79450000,2902.53196784,7912.94957600
1,215,0.000000,0.638000,0.00000000,106.72863180,0.00000000,570.24844063,0.00000000,0.00000000,94.69756566,106.72863180,101.68074366,1745.79450000,3251.69086767,7912.94957600
1,216,0.000000,0.580000,0.00000000,106.72863180,0.00000000,508.70507041,0.00000000,0.00000000,94.69756566,106.72863180,101.68074366,1745.79450000,3600.84976751,7912.94957600
1,217,0.000000,0.522000,0.00000000,106.72863180,0.00000000,447.16170018,0.00000000,0.00000000,94.69756566,106.72863180,101.68074366,1745.79450000,3950.00866735,7912.94957600
1,218,0.000000,0.448000,0.00000000,72.94337444,0.00000000,402.42610589,0.00000000,0.00000000,63.67817400,72.94337444,68.65710149,1244.73187308,3798.10494026,7912.94957600
1,219,0.000000,0.368000,0.00000000,89.29817185,0.00000000,301.18390127,0.00000000,0.00000000,78.66539600,89.29817185,84.63532017,1492.48104146,3893.95038156,7912.94957600
1,220,0.000000,0.296000,0.00000000,89.29817185,0.00000000,224.78523479,0.00000000,0.00000000,78.66539600,89.29817185,84.63532017,1492.48104146,3989.79582285,7912.94957600
1,221,0.000000,0.234000,0.00000000,89.29817159,0.00000000,158.99749447,0.00000000,0.00000000,78.66539600,89.29817159,84.63531998,1492.48099468,4085.64121736,7912.94957600
1,222,0.002000,0.179000,0.90224772,105.82638408,0.00000000,84.10918953,0.00000000,0.00000000,94.69756566,106.72863180,101.68074366,1745.79450000,4434.80011720,7912.94957600
1,223,0.175000,0.355000,78.94667541,18.10452037,0.00000000,358.58334908,0.00000000,0.00000000,85.24591181,97.05119578,91.63173308,1596.45531656,4285.46093355,9891.18697000
1,224,0.385000,0.468000,0.00000000,57.67001469,173.68268590,438.92131744,0.00000000,0.00000000,49.73928100,57.67001469,53.75120360,1002.98064984,3891.80598322,7912.94957600
1,225,0.559000,0.442000,89.29817185,0.00000000,162.88006561,469.00292478,0.00000000,0.00000000,78.66539600,89.29817185,84.63532017,1492.48104146,3987.65142452,7912.94957600
1,226,0.674000,0.381000,0.00000000,57.67001469,304.05748130,346.60626211,0.00000000,0.00000000,49.73928100,57.67001469,53.75120360,1002.98064984,3593.99647419,7912.94957600
1,227,0.736000,0.322000,0.00000000,57.67001469,332.02716058,284.00179930,0.00000000,0.00000000,49.73928100,57.67001469,53.75120360,1002.98064984,3200.34152386,7912.94957600
1,228,0.753000,0.289000,0.00000000,89.29817159,339.69626620,217.35758692,0.00000000,0.00000000,78.66539600,89.29817159,84.63531998,1492.48099468,3296.18691837,7912.94957600
1,229,0.725000,0.311000,0.00000000,58.26858481,327.06479813,271.73121068,0.00000000,0.00000000,49.73928100,58.26858481,53.75120360,1002.98064984,2553.37306800,9891.18697000
1,230,0.654000,0.374000,89.29817185,0.00000000,205.73683226,396.84862866,0.00000000,0.00000000,78.66539600,89.29817185,84.63532017,1492.48104146,2649.21850929,7912.94957600
1,231,0.503000,0.450000,106.72863180,0.00000000,120.18666952,477.49166550,0.00000000,0.00000000,94.69756566,106.72863180,101.68074366,1745.79450000,2998.37740913,7912.94957600
1,232,0.324000,0.538000,0.00000000,73.18543078,146.16413047,497.68238264,0.00000000,0.00000000,63.67817400,73.18543078,68.65710149,1244.73187308,2705.27698185,8712.93088022
1,233,0.134000,0.615000,60.45059717,12.49277624,0.00000000,640.07916662,0.00000000,0.00000000,63.67817400,72.94337341,68.65710075,1244.73168631,2553.37306800,7912.94957600
1,234,0.000000,0.653000,0.00000000,107.32720192,0.00000000,585.56625935,0.00000000,0.00000000,94.69756566,107.32720192,101.68074366,1745.79450000,2553.37306841,9891.18696652
1,235,0.000000,0.625000,0.00000000,107.32720193,0.00000000,555.85566683,0.00000000,0.00000000,94.69756566,107.32720193,101.68074366,1745.79450000,2553.37306821,9891.18697000
1,236,0.000000,0.588000,0.00000000,107.32720193,0.00000000,516.59524100,0.00000000,0.00000000,94.69756566,107.32720193,101.68074366,1745.79450000,2553.37306800,9891.18697000
1,237,0.000000,0.501000,0.00000000,107.32720193,0.00000000,424.28018567,0.00000000,0.00000000,94.69756566,107.32720193,101.68074366,1745.79450000,2553.37306780,9891.18697000
1,238,0.000000,0.472000,0.00000000,107.32720193,0.00000000,393.50850056,0.00000000,0.00000000,94.69756566,107.32720193,101.68074366,1745.79450000,2553.37306800,9891.18696768
1,239,0.000000,0.447000,0.00000000,106.72863180,0.00000000,367.57975593,0.00000000,0.00000000,94.69756566,106.72863180,101.68074366,1745.79450000,2902.53196784,7912.94957600
1,240,0.000000,0.401000,0.00000000,72.94337444,0.00000000,352.55475415,0.00000000,0.00000000,63.67817400,72.94337444,68.65710149,1244.73187308,2750.62824076,7912.94957600
1,241,0.000000,0.323000,0.00000000,70.07817381,0.00000000,272.65473276,0.00000000,0.00000000,61.06331335,70.07817381,65.86083506,1199.38042741,2553.37306800,7912.94957600
1,242,0.000000,0.223000,0.00000000,107.32720193,0.00000000,129.29644565,0.00000000,0.00000000,94.69756566,107.32720193,101.68074366,1745.79450000,2553.37306800,9891.18696884
1,243,0.000000,0.157000,0.00000000,107.32720193,0.00000000,59.26433471,0.00000000,0.00000000,94.69756566,107.32720193,101.68074366,1745.79450000,2553.37306800,9891.18696884
1,244,0.000000,0.122000,0.00000000,107.32720193,0.00000000,22.12609406,0.00000000,0.00000000,94.69756566,107.32720193,101.68074366,1745.79450000,2553.37306800,9891.18696884
1,245,0.000000,0.118000,0.00000000,107.32720193,0.00000000,17.88172370,0.00000000,0.00000000,94.69756566,107.32720193,101.68074366,1745.79450000,2553.37306780,9891.18697000
1,246,0.001000,0.119000,0.45112386,106.44181763,0.00000000,19.82820058,0.00000000,0.00000000,94.69756566,106.89294149,101.68074366,1745.79450000,2806.68657353,8455.98297034
1,247,0.158000,0.168000,0.00000000,89.89674172,71.27756980,88.36681341,0.00000000,0.00000000,78.66539600,89.89674172,84.63531998,1492.48099468,2553.37306800,9891.18697000
1,248,0.374000,0.234000,89.29817185,0.00000000,79.42215160,248.29566606,0.00000000,0.00000000,78.66539600,89.29817185,84.63532017,1492.48104146,2649.21850929,7912.94957600
1,249,0.548000,0.231000,106.72863180,0.00000000,140.48724320,245.11238829,0.00000000,0.00000000,94.69756566,106.72863180,101.68074366,1745.79450000,2998.37740913,7912.94957600
1,250,0.655000,0.213000,106.72863180,0.00000000,188.75749616,226.01272167,0.00000000,0.00000000,94.69756566,106.72863180,101.68074366,1745.79450000,3347.53630897,7912.94957600
1,251,0.728000,0.201000,107.32720193,0.00000000,221.09096778,213.27961059,0.00000000,0.00000000,94.69756566,107.32720193,101.68074366,1745.79450000,3347.53630876,9891.18697000
1,252,0.746000,0.205000,0.00000000,72.94337444,336.53839918,144.58060651,0.00000000,0.00000000,63.67817400,72.94337444,68.65710149,1244.73187308,3195.63258168,7912.94957600
1,253,0.717000,0.233000,89.29817185,0.00000000,234.15763540,247.23457347,0.00000000,0.00000000,78.66539600,89.29817185,84.63532017,1492.48104146,3291.47802297,7912.94957600
1,254,0.636000,0.273000,106.72863180,0.00000000,180.18614283,289.67827707,0.00000000,0.00000000,94.69756566,106.72863180,101.68074366,1745.79450000,3640.63692281,7912.94957600
1,255,0.482000,0.333000,107.32720193,0.00000000,110.11449835,353.34383247,0.00000000,0.00000000,94.69756566,107.32720193,101.68074366,1745.79450000,3640.63692260,9891.18697000
1,256,0.301000,0.416000,106.72863180,0.00000000,29.05964991,441.41451744,0.00000000,0.00000000,94.69756566,106.72863180,101.68074366,1745.79450000,3989.79582244,7912.94957600
1,257,0.129000,0.498000,57.67001469,0.00000000,0.52496319,528.42410983,0.00000000,0.00000000,49.73928100,57.67001469,53.75120360,1002.98064984,3596.14087211,7912.94957600
1,258,0.000000,0.551000,0.00000000,106.72863180,0.00000000,477.93338530,0.00000000,0.00000000,94.69756566,106.72863180,101.68074366,1745.79450000,3945.29977195,7912.94957600
1,259,0.000000,0.534000,0.00000000,54.12150686,0.00000000,512.50193620,0.00000000,0.00000000,46.51556335,54.12150686,50.29213075,944.14185089,3492.80602267,7912.94957600
1,260,0.000000,0.485000,0.00000000,106.72863180,0.00000000,407.90127435,0.00000000,0.00000000,94.69756566,106.72863180,101.68074366,1745.79450000,3841.96492251,7912.94957600
1,261,0.000000,0.413000,0.00000000,106.72863180,0.00000000,331.50260787,0.00000000,0.00000000,94.69756566,106.72863180,101.68074366,1745.79450000,4191.12382234,7912.94957600
1,262,0.000000,0.334000,0.00000000,106.72863180,0.00000000,247.67629326,0.00000000,0.00000000,94.69756566,106.72863180,101.68074366,1745.79450000,4540.28272218,7912.94957600
1,263,0.000000,0.256000,0.00000000,106.72863180,0.00000000,164.91107124,0.00000000,0.00000000,94.69756566,106.72863180,101.68074366,1745.79450000,4889.44162201,7912.94957600
1,264,0.000000,0.214000,0.00000000,72.94337341,0.00000000,154.13044085,0.00000000,0.00000000,63.67817400,72.94337341,68.65710075,1244.73168631,4737.53770816,7912.94957600
1,265,0.000000,0.183000,0.00000000,72.94337444,0.00000000,121.23656953,0.00000000,0.00000000,63.67817400,72.94337444,68.65710149,1244.73187308,4585.63398108,7912.94957600
1,266,0.000000,0.171000,0.00000000,106.72863180,0.00000000,74.71820109,0.00000000,0.00000000,94.69756566,106.72863180,101.68074366,1745.79450000,4934.79288092,7912.94957600
1,267,0.000000,0.191000,0.00000000,30.37356422,0.00000000,172.29512047,0.00000000,0.00000000,25.00174700,30.37356422,27.15938231,539.40882693,4077.56610768,7912.94957600
1,268,0.000000,0.202000,0.00000000,106.72863180,0.00000000,107.61207138,0.00000000,0.00000000,94.69756566,106.72863180,101.68074366,1745.79450000,4426.72500751,7912.94957600
1,269,0.000000,0.185000,0.00000000,57.67001242,0.00000000,138.63211673,0.00000000,0.00000000,49.73928100,57.67001242,53.75120196,1002.98023956,4033.06964691,7912.94957600
1,270,0.000000,0.153000,0.00000000,106.72863180,0.00000000,55.61853447,0.00000000,0.00000000,94.69756566,106.72863180,101.68074366,1745.79450000,4382.22854674,7912.94957600
1,271,0.142000,0.204000,64.05958805,25.23858380,0.00000000,191.22430456,0.00000000,0.00000000,78.66539600,89.29817185,84.63532017,1492.48104146,4478.07398803,7912.94957600
1,272,0.355000,0.233000,0.00000000,89.89674197,160.14897012,157.33783150,0.00000000,0.00000000,78.66539600,89.89674197,84.63532017,1492.48104146,4224.76052928,9891.18697000
1,273,0.522000,0.210000,72.94337341,0.00000000,162.54328124,222.82944390,0.00000000,0.00000000,63.67817400,72.94337341,68.65710075,1244.73168631,4072.85661543,7912.94957600
1,274,0.643000,0.201000,0.00000000,72.94337341,290.07264165,140.33623718,0.00000000,0.00000000,63.67817400,72.94337341,68.65710075,1244.73168631,3920.95270158,7912.94957600
1,275,0.727000,0.202000,0.00000000,57.67001469,327.96704585,156.67068849,0.00000000,0.00000000,49.73928100,57.67001469,53.75120360,1002.98064984,3527.29775125,7912.94957600
1,276,0.737000,0.205000,89.29817185,0.00000000,243.18011259,217.52398095,0.00000000,0.00000000,78.66539600,89.29817185,84.63532017,1492.48104146,3623.14319254,7912.94957600
1,277,0.703000,0.220000,0.00000000,57.67001469,317.14007322,175.77035511,0.00000000,0.00000000,49.73928100,57.67001469,53.75120360,1002.98064984,3229.48824221,7912.94957600
1,278,0.613000,0.251000,72.94337341,0.00000000,203.59555246,266.33424009,0.00000000,0.00000000,63.67817400,72.94337341,68.65710075,1244.73168631,3077.58432836,7912.94957600
1,279,0.428000,0.317000,106.72863180,0.00000000,86.35238095,336.36635103,0.00000000,0.00000000,94.69756566,106.72863180,101.68074366,1745.79450000,3426.74322820,7912.94957600
1,280,0.301000,0.391000,89.29817185,0.00000000,46.49010986,414.88720269,0.00000000,0.00000000,78.66539600,89.29817185,84.63532017,1492.48104146,3522.58866949,7912.94957600
1,281,0.127000,0.469000,0.00000000,89.29817159,57.29273016,408.35425312,0.00000000,0.00000000,78.66539600,89.29817159,84.63531998,1492.48099468,3618.43406400,7912.94957600
1,282,0.000000,0.547000,0.00000000,106.72863180,0.00000000,473.68901494,0.00000000,0.00000000,94.69756566,106.72863180,101.68074366,1745.79450000,3967.59296384,7912.94957600
1,283,0.000000,0.580000,0.00000000,106.72863180,0.00000000,508.70507041,0.00000000,0.00000000,94.69756566,106.72863180,101.68074366,1745.79450000,4316.75186367,7912.94957600
1,284,0.000000,0.574000,0.00000000,107.32720193,0.00000000,501.73994474,0.00000000,0.00000000,94.69756566,107.32720193,101.68074366,1745.79450000,4316.75186347,9891.18697000
1,285,0.000000,0.573000,0.00000000,106.72863180,0.00000000,501.27742228,0.00000000,0.00000000,94.69756566,106.72863180,101.68074366,1745.79450000,4665.91076330,7912.94957600
1,286,0.000000,0.566000,0.00000000,106.72863180,0.00000000,493.84977415,0.00000000,0.00000000,94.69756566,106.72863180,101.68074366,1745.79450000,5015.06966314,7912.94957600
1,287,0.000000,0.556000,0.00000000,106.72863180,0.00000000,483.23884825,0.00000000,0.00000000,94.69756566,106.72863180,101.68074366,1745.79450000,5364.22856298,7912.94957600
1,288,0.000000,0.498000,0.00000000,57.67001242,0.00000000,470.75409740,0.00000000,0.00000000,49.73928100,57.67001242,53.75120196,1002.98023956,4970.57320237,7912.94957600
1,289,0.000000,0.400000,0.00000000,106.72863180,0.00000000,317.70840420,0.00000000,0.00000000,94.69756566,106.72863180,101.68074366,1745.79450000,5319.73210220,7912.94957600
1,290,0.000000,0.313000,0.00000000,106.72863180,0.00000000,225.39334887,0.00000000,0.00000000,94.69756566,106.72863180,101.68074366,1745.79450000,5668.89100204,7912.94957600
1,291,0.000000,0.241000,0.00000000,106.72863180,0.00000000,148.99468239,0.00000000,0.00000000,94.69756566,106.72863180,101.68074366,1745.79450000,6018.04990188,7912.94957600
1,292,0.000000,0.213000,0.00000000,106.72863180,0.00000000,119.28408987,0.00000000,0.00000000,94.69756566,106.72863180,101.68074366,1745.79450000,6367.20880171,7912.94957600
1,293,0.000000,0.192000,0.00000000,106.72863180,0.00000000,97.00114548,0.00000000,0.00000000,94.69756566,106.72863180,101.68074366,1745.79450000,6716.36770155,7912.94957600
1,294,0.001000,0.180000,0.45112386,43.02751570,0.00000000,147.96915050,0.00000000,0.00000000,36.84682300,43.47863956,39.91750131,767.66957627,6087.40167765,7912.94957600
1,295,0.149000,0.296000,0.00000000,106.72863180,67.21745506,207.35477484,0.00000000,0.00000000,94.69756566,106.72863180,101.68074366,1745.79450000,6436.56057749,7912.94957600
1,296,0.343000,0.466000,0.00000000,73.54194456,154.73548380,420.92720238,0.00000000,0.00000000,63.67817400,73.54194456,68.65710149,1244.73187308,5935.49795037,9891.18697000
1,297,0.498000,0.474000,107.32720193,0.00000000,117.33248010,502.95788767,0.00000000,0.00000000,94.69756566,107.32720193,101.68074366,1745.79450000,5935.49795016,9891.18697000
1,298,0.601000,0.414000,0.00000000,43.47863956,271.12543955,395.81369270,0.00000000,0.00000000,36.84682300,43.47863956,39.91750131,767.66957627,5306.53192627,7912.94957600
1,299,0.649000,0.341000,0.00000000,57.67001469,292.77938481,304.16255851,0.00000000,0.00000000,49.73928100,57.67001469,53.75120360,1002.98064984,4912.87697594,7912.94957600
1,300,0.646000,0.273000,107.25060050,0.00000000,184.17541273,289.67827707,0.00000000,0.00000000,94.69756566,107.25060050,101.68074366,1745.79450000,4957.56024173,9638.02398985
1,301,0.580000,0.221000,106.72863180,0.00000000,154.92320670,234.50146239,0.00000000,0.00000000,94.69756566,106.72863180,101.68074366,1745.79450000,5306.71914157,7912.94957600
1,302,0.501000,0.191000,107.32720193,0.00000000,118.68585168,202.66868469,0.00000000,0.00000000,94.69756566,107.32720193,101.68074366,1745.79450000,5306.71914136,9891.18697000
1,303,0.397000,0.183000,0.00000000,30.37356422,179.09617222,163.80637975,0.00000000,0.00000000,25.00174700,30.37356422,27.15938231,539.40882693,4449.49236812,7912.94957600
1,304,0.253000,0.204000,106.72863180,0.00000000,7.40570465,216.46288836,0.00000000,0.00000000,94.69756566,106.72863180,101.68074366,1745.79450000,4798.65126796,7912.94957600
1,305,0.091000,0.276000,30.97213435,0.00000000,10.08013686,292.86155484,0.00000000,0.00000000,25.00174700,30.97213435,27.15938231,539.40882693,3592.26559468,9891.18697000
1,306,0.000000,0.409000,0.00000000,106.72863180,0.00000000,327.25823751,0.00000000,0.00000000,94.69756566,106.72863180,101.68074366,1745.79450000,3941.42449452,7912.94957600
1,307,0.000000,0.528000,0.00000000,89.29817159,0.00000000,470.95871593,0.00000000,0.00000000,78.66539600,89.29817159,84.63531998,1492.48099468,4037.26988903,7912.94957600
1,308,0.000000,0.583000,0.00000000,107.32720193,0.00000000,511.28977805,0.00000000,0.00000000,94.69756566,107.32720193,101.68074366,1745.79450000,4037.26988882,9891.18697000
1,309,0.000000,0.626000,0.00000000,106.72863180,0.00000000,557.51532955,0.00000000,0.00000000,94.69756566,106.72863180,101.68074366,1745.79450000,4386.42878866,7912.94957600
1,310,0.000000,0.630000,0.00000000,2.39428050,0.00000000,666.09405121,0.00000000,0.00000000,0.00000000,2.39428050,0.00000000,0.00000000,2989.79318849,7912.94957600
1,311,0.000000,0.613000,0.00000000,107.32720193,0.00000000,543.12255575,0.00000000,0.00000000,94.69756566,107.32720193,101.68074366,1745.79450000,2989.79318829,9891.18697000
1,312,0.000000,0.580000,0.00000000,106.72863180,0.00000000,508.70507041,0.00000000,0.00000000,94.69756566,106.72863180,101.68074366,1745.79450000,3338.95208813,7912.94957600
1,313,0.000000,0.538000,0.00000000,106.72863180,0.00000000,464.13918163,0.00000000,0.00000000,94.69756566,106.72863180,101.68074366,1745.79450000,3688.11098796,7912.94957600
1,314,0.000000,0.507000,0.00000000,43.47863956,0.00000000,494.49530357,0.00000000,0.00000000,36.84682300,43.47863956,39.91750131,767.66957627,3059.14496407,7912.94957600
1,315,0.000000,0.491000,0.00000000,107.32720193,0.00000000,413.66925977,0.00000000,0.00000000,94.69756566,107.32720193,101.68074366,1745.79450000,3059.14496386,9891.18697000
1,316,0.000000,0.472000,0.00000000,106.72863180,0.00000000,394.10707068,0.00000000,0.00000000,94.69756566,106.72863180,101.68074366,1745.79450000,3408.30386370,7912.94957600
1,317,0.000000,0.457000,0.00000000,107.32720193,0.00000000,377.59211171,0.00000000,0.00000000,94.69756566,107.32720193,101.68074366,1745.79450000,3408.30386349,9891.18697000
1,318,0.000000,0.444000,0.00000000,89.89674197,0.00000000,381.22836799,0.00000000,0.00000000,78.66539600,89.89674197,84.63532017,1492.48104146,3154.99040474,9891.18697000
1,319,0.121000,0.583000,54.58598700,3.08402769,0.00000000,615.53295229,0.00000000,0.00000000,49.73928100,57.67001469,53.75120360,1002.98064984,2761.33545441,7912.94957600
1,320,0.287000,0.676000,89.29817185,0.00000000,40.17437582,717.29859085,0.00000000,0.00000000,78.66539600,89.29817185,84.63532017,1492.48104146,2857.18089571,7912.94957600
1,321,0.426000,0.635000,0.00000000,72.94337341,192.17876414,600.85042125,0.00000000,0.00000000,63.67817400,72.94337341,68.65710075,1244.73168631,2705.27698185,7912.94957600
1,322,0.515000,0.532000,72.94337341,0.00000000,159.38541423,564.50125789,0.00000000,0.00000000,63.67817400,72.94337341,68.65710075,1244.73168631,2553.37306800,7912.94957600
1,323,0.562000,0.410000,107.32720193,0.00000000,146.20440711,435.04796190,0.00000000,0.00000000,94.69756566,107.32720193,101.68074366,1745.79450000,2553.37306800,9891.18696884
1,324,0.564000,0.296000,89.46248162,0.00000000,164.97137514,314.08340664,0.00000000,0.00000000,78.66539600,89.46248162,84.63532017,1492.48104146,2553.37306800,8455.98323771
1,325,0.530000,0.214000,106.72863180,0.00000000,132.36701373,227.07381426,0.00000000,0.00000000,94.69756566,106.72863180,101.68074366,1745.79450000,2902.53196784,7912.94957600
1,326,0.458000,0.180000,106.72863180,0.00000000,99.88609585,190.99666620,0.00000000,0.00000000,94.69756566,106.72863180,101.68074366,1745.79450000,3251.69086767,7912.94957600
1,327,0.367000,0.201000,72.95562121,0.00000000,92.60683523,213.27961059,0.00000000,0.00000000,63.67817400,72.95562121,68.65710149,1244.73187308,3092.64333727,7953.42438234
1,328,0.249000,0.255000,107.32720193,0.00000000,5.00263909,270.57861045,0.00000000,0.00000000,94.69756566,107.32720193,101.68074366,1745.79450000,3092.64333707,9891.18697000
1,329,0.099000,0.340000,44.66126209,62.06736971,0.00000000,298.70411089,0.00000000,0.00000000,94.69756566,106.72863180,101.68074366,1745.79450000,3441.80223690,7912.94957600
1,330,0.000000,0.425000,0.00000000,30.37356665,0.00000000,420.59078410,0.00000000,0.00000000,25.00174700,30.37356665,27.15938407,539.40926699,2584.57590373,7912.94957600
1,331,0.000000,0.465000,0.00000000,106.72863180,0.00000000,386.67942255,0.00000000,0.00000000,94.69756566,106.72863180,101.68074366,1745.79450000,2933.73480357,7912.94957600
1,332,0.000000,0.487000,0.00000000,106.72863180,0.00000000,410.02345953,0.00000000,0.00000000,94.69756566,106.72863180,101.68074366,1745.79450000,3282.89370340,7912.94957600
1,333,0.000000,0.574000,0.00000000,106.72863180,0.00000000,502.33851487,0.00000000,0.00000000,94.69756566,106.72863180,101.68074366,1745.79450000,3632.05260324,7912.94957600
1,334,0.000000,0.644000,0.00000000,106.72863180,0.00000000,576.61499617,0.00000000,0.00000000,94.69756566,106.72863180,101.68074366,1745.79450000,3981.21150308,7912.94957600
1,335,0.000000,0.602000,0.00000000,89.89674197,0.00000000,548.88099721,0.00000000,0.00000000,78.66539600,89.89674197,84.63532017,1492.48104146,3727.89804433,9891.18697000
1,336,0.000000,0.527000,0.00000000,43.47863908,0.00000000,515.71715586,0.00000000,0.00000000,36.84682300,43.47863908,39.91750095,767.66948863,3098.93193280,7912.94957600
1,337,0.000000,0.432000,0.00000000,73.54194353,0.00000000,384.85005535,0.00000000,0.00000000,63.67817400,73.54194353,68.65710075,1244.73168631,2597.86911890,9891.18697000
1,338,0.000000,0.344000,0.00000000,106.72863180,0.00000000,258.28721916,0.00000000,0.00000000,94.69756566,106.72863180,101.68074366,1745.79450000,2947.02801874,7912.94957600
1,339,0.000000,0.274000,0.00000000,57.67001469,0.00000000,233.06935498,0.00000000,0.00000000,49.73928100,57.67001469,53.75120360,1002.98064984,2553.37306841,7912.94957600
1,340,0.000000,0.221000,0.00000000,107.32720193,0.00000000,127.17426047,0.00000000,0.00000000,94.69756566,107.32720193,101.68074366,1745.79450000,2553.37306821,9891.18697000
1,341,0.000000,0.213000,0.00000000,107.32720193,0.00000000,118.68551975,0.00000000,0.00000000,94.69756566,107.32720193,101.68074366,1745.79450000,2553.37306800,9891.18697000
1,342,0.001000,0.235000,0.45112386,88.84704773,0.00000000,160.50971092,0.00000000,0.00000000,78.66539600,89.29817159,84.63531998,1492.48099468,2649.21846251,7912.94957600
1,343,0.175000,0.334000,78.94667541,27.78195639,0.00000000,326.62296867,0.00000000,0.00000000,94.69756566,106.72863180,101.68074366,1745.79450000,2998.37736235,7912.94957600
1,344,0.384000,0.454000,106.72863180,0.00000000,66.50293024,481.73603586,0.00000000,0.00000000,94.69756566,106.72863180,101.68074366,1745.79450000,3347.53626218,7912.94957600
1,345,0.550000,0.420000,0.00000000,58.09620241,248.11812272,387.56268539,0.00000000,0.00000000,49.73928100,58.09620241,53.75120360,1002.98064984,2705.27679508,9321.47375036
1,346,0.667000,0.355000,0.00000000,72.94337444,300.89961428,303.74449501,0.00000000,0.00000000,63.67817400,72.94337444,68.65710149,1244.73187308,2553.37306800,7912.94957600
1,347,0.732000,0.289000,106.72863180,0.00000000,223.49403335,306.65575851,0.00000000,0.00000000,94.69756566,106.72863180,101.68074366,1745.79450000,2902.53196784,7912.94957600
1,348,0.750000,0.238000,106.72863180,0.00000000,231.61426282,252.54003642,0.00000000,0.00000000,94.69756566,106.72863180,101.68074366,1745.79450000,3251.69086767,7912.94957600
1,349,0.724000,0.239000,39.49695707,0.00000000,287.11671720,253.60112901,0.00000000,0.00000000,33.24796231,39.49695707,36.04123351,698.31780049,2553.37306800,7912.94957600
1,350,0.653000,0.291000,89.29817185,0.00000000,205.28570840,308.77794369,0.00000000,0.00000000,78.66539600,89.29817185,84.63532017,1492.48104146,2649.21850929,7912.94957600
1,351,0.526000,0.361000,0.00000000,106.93555209,237.29115009,276.11887291,0.00000000,0.00000000,94.69756566,106.93555209,101.68074366,1745.79450000,2877.67633019,8596.80838021
1,352,0.346000,0.432000,106.72863180,0.00000000,49.36022358,458.39199888,0.00000000,0.00000000,94.69756566,106.72863180,101.68074366,1745.79450000,3226.83523002,7912.94957600
1,353,0.139000,0.491000,43.47863908,0.00000000,19.22757739,520.99646170,0.00000000,0.00000000,36.84682300,43.47863908,39.91750095,767.66948863,2597.86911849,7912.94957600
1,354,0.000000,0.519000,0.00000000,106.72863180,0.00000000,443.97842241,0.00000000,0.00000000,94.69756566,106.72863180,101.68074366,1745.79450000,2947.02801833,7912.94957600
1,355,0.000000,0.494000,0.00000000,57.67001469,0.00000000,466.50972478,0.00000000,0.00000000,49.73928100,57.67001469,53.75120360,1002.98064984,2553.37306800,7912.94957600
1,356,0.000000,0.454000,0.00000000,89.46248162,0.00000000,392.27355425,0.00000000,0.00000000,78.66539600,89.46248162,84.63532017,1492.48104146,2553.37306800,8455.98323771
1,357,0.000000,0.435000,0.00000000,107.06679031,0.00000000,354.50848634,0.00000000,0.00000000,94.69756566,107.06679031,101.68074366,1745.79450000,2705.27679508,9030.54262277
1,358,0.000000,0.471000,0.00000000,72.94337444,0.00000000,426.83123546,0.00000000,0.00000000,63.67817400,72.94337444,68.65710149,1244.73187308,2553.37306800,7912.94957600
1,359,0.000000,0.422000,0.00000000,106.72863180,0.00000000,341.05244118,0.00000000,0.00000000,94.69756566,106.72863180,101.68074366,1745.79450000,2902.53196784,7912.94957600
1,360,0.000000,0.341000,0.00000000,60.48120763,0.00000000,301.35136557,0.00000000,0.00000000,52.30485574,60.48120763,56.49476254,1047.47670033,2553.37306800,7912.94957600
1,361,0.000000,0.276000,0.00000000,106.73009790,0.00000000,186.13145694,0.00000000,0.00000000,94.69756566,106.73009790,101.68074366,1745.79450000,2901.67675943,7917.79494943
1,362,0.000000,0.235000,0.00000000,72.94337444,0.00000000,176.41338421,0.00000000,0.00000000,63.67817400,72.94337444,68.65710149,1244.73187308,2749.77303235,7912.94957600
1,363,0.000000,0.209000,0.00000000,72.94337341,0.00000000,148.82497790,0.00000000,0.00000000,63.67817400,72.94337341,68.65710075,1244.73168631,2597.86911849,7912.94957600
1,364,0.000000,0.185000,0.00000000,106.72863180,0.00000000,89.57349735,0.00000000,0.00000000,94.69756566,106.72863180,101.68074366,1745.79450000,2947.02801833,7912.94957600
1,365,0.000000,0.187000,0.00000000,57.67001469,0.00000000,140.75429964,0.00000000,0.00000000,49.73928100,57.67001469,53.75120360,1002.98064984,2553.37306800,7912.94957600
1,366,0.000000,0.194000,0.00000000,106.72863180,0.00000000,99.12333066,0.00000000,0.00000000,94.69756566,106.72863180,101.68074366,1745.79450000,2902.53196784,7912.94957600
1,367,0.082000,0.358000,36.99215648,69.73647532,0.00000000,310.13467190,0.00000000,0.00000000,94.69756566,106.72863180,101.68074366,1745.79450000,3251.69086767,7912.94957600
1,368,0.194000,0.490000,87.51802874,19.21060306,0.00000000,500.72476605,0.00000000,0.00000000,94.69756566,106.72863180,101.68074366,1745.79450000,3600.84976751,7912.94957600
1,369,0.297000,0.473000,93.65112423,0.00000000,40.33266204,501.89679508,0.00000000,0.00000000,82.66914984,93.65112423,88.89211642,1555.74164528,3759.95581263,7912.94957600
1,370,0.421000,0.404000,0.00000000,43.47863956,189.92314485,385.20276680,0.00000000,0.00000000,36.84682300,43.47863956,39.91750131,767.66957627,3130.98978873,7912.94957600
1,371,0.554000,0.305000,89.29817185,0.00000000,160.62444631,323.63323995,0.00000000,0.00000000,78.66539600,89.29817185,84.63532017,1492.48104146,3226.83523002,7912.94957600
1,372,0.635000,0.243000,0.00000000,57.67001469,286.46365078,200.17548469,0.00000000,0.00000000,49.73928100,57.67001469,53.75120360,1002.98064984,2833.18027969,7912.94957600
1,373,0.621000,0.256000,106.72863180,0.00000000,173.41928494,271.63970304,0.00000000,0.00000000,94.69756566,106.72863180,101.68074366,1745.79450000,3182.33917953,7912.94957600
1,374,0.517000,0.356000,43.47863908,0.00000000,189.75239628,377.74896204,0.00000000,0.00000000,36.84682300,43.47863908,39.91750095,767.66948863,2553.37306800,7912.94957600
1,375,0.344000,0.538000,107.32720193,0.00000000,47.85940574,570.86781343,0.00000000,0.00000000,94.69756566,107.32720193,101.68074366,1745.79450000,2553.37306800,9891.18696884
1,376,0.177000,0.662000,79.84892313,27.47827880,0.00000000,674.96501579,0.00000000,0.00000000,94.69756566,107.32720193,101.68074366,1745.79450000,2553.37306800,9891.18696884
1,377,0.063000,0.687000,28.42080315,78.90639878,0.00000000,650.06421056,0.00000000,0.00000000,94.69756566,107.32720192,101.68074366,1745.79450000,2553.37306862,9891.18696535
1,378,0.000000,0.634000,0.00000000,107.32720193,0.00000000,565.40550014,0.00000000,0.00000000,94.69756566,107.32720193,101.68074366,1745.79450000,2553.37306841,9891.18697000
1,379,0.000000,0.595000,0.00000000,107.32720193,0.00000000,524.02288913,0.00000000,0.00000000,94.69756566,107.32720193,101.68074366,1745.79450000,2553.37306821,9891.18697000
1,380,0.000000,0.611000,0.00000000,107.32720193,0.00000000,541.00037057,0.00000000,0.00000000,94.69756566,107.32720193,101.68074366,1745.79450000,2553.37306800,9891.18697000
1,381,0.000000,0.604000,0.00000000,107.32720193,0.00000000,533.57272244,0.00000000,0.00000000,94.69756566,107.32720193,101.68074366,1745.79450000,2553.37306800,9891.18696884
1,382,0.000000,0.564000,0.00000000,106.72863180,0.00000000,491.72758897,0.00000000,0.00000000,94.69756566,106.72863180,101.68074366,1745.79450000,2902.53196784,7912.94957600
1,383,0.000000,0.518000,0.00000000,106.72863180,0.00000000,442.91732982,0.00000000,0.00000000,94.69756566,106.72863180,101.68074366,1745.79450000,3251.69086767,7912.94957600
1,384,0.000000,0.429000,0.00000000,106.96641394,0.00000000,348.24230718,0.00000000,0.00000000,94.69756566,106.96641394,101.68074366,1745.79450000,3462.14630359,8698.80489566
1,385,0.000000,0.343000,0.00000000,106.72863180,0.00000000,257.22612657,0.00000000,0.00000000,94.69756566,106.72863180,101.68074366,1745.79450000,3811.30520343,7912.94957600
1,386,0.000000,0.271000,0.00000000,43.47863908,0.00000000,244.07745282,0.00000000,0.00000000,36.84682300,43.47863908,39.91750095,767.66948863,3182.33909190,7912.94957600
1,387,0.000000,0.196000,0.00000000,43.47863956,0.00000000,164.49550808,0.00000000,0.00000000,36.84682300,43.47863956,39.91750131,767.66957627,2553.37306800,7912.94957600
1,388,0.000000,0.167000,0.00000000,107.32720193,0.00000000,69.87526061,0.00000000,0.00000000,94.69756566,107.32720193,101.68074366,1745.79450000,2553.37306780,9891.18697000
1,389,0.000000,0.158000,0.00000000,106.89294149,0.00000000,60.75968774,0.00000000,0.00000000,94.69756566,106.89294149,101.68074366,1745.79450000,2806.68657415,8455.98296686
1,390,0.000000,0.159000,0.00000000,107.32720193,0.00000000,61.38651989,0.00000000,0.00000000,94.69756566,107.32720193,101.68074366,1745.79450000,2806.68657394,9891.18697000
1,391,0.065000,0.270000,0.00000000,107.32720193,29.32305087,179.16779738,0.00000000,0.00000000,94.69756566,107.32720193,101.68074366,1745.79450000,2806.68657374,9891.18697000
1,392,0.157000,0.411000,0.00000000,89.89674172,70.82644594,346.21231278,0.00000000,0.00000000,78.66539600,89.89674172,84.63531998,1492.48099468,2553.37306821,9891.18697000
1,393,0.266000,0.462000,107.32720193,0.00000000,12.67174470,490.22477659,0.00000000,0.00000000,94.69756566,107.32720193,101.68074366,1745.79450000,2553.37306800,9891.18697000
1,394,0.371000,0.480000,106.72863180,0.00000000,60.63832007,509.32444321,0.00000000,0.00000000,94.69756566,106.72863180,101.68074366,1745.79450000,2902.53196784,7912.94957600
1,395,0.352000,0.476000,106.72863180,0.00000000,52.06696674,505.08007285,0.00000000,0.00000000,94.69756566,106.72863180,101.68074366,1745.79450000,3251.69086767,7912.94957600
1,396,0.286000,0.432000,106.72863180,0.00000000,22.29279201,458.39199888,0.00000000,0.00000000,94.69756566,106.72863180,101.68074366,1745.79450000,3600.84976751,7912.94957600
1,397,0.228000,0.386000,0.00000000,107.32720193,102.85623996,302.25453782,0.00000000,0.00000000,94.69756566,107.32720193,101.68074366,1745.79450000,3600.84976730,9891.18697000
1,398,0.190000,0.361000,85.71353330,21.01509850,0.00000000,362.03932650,0.00000000,0.00000000,94.69756566,106.72863180,101.68074366,1745.79450000,3950.00866714,7912.94957600
1,399,0.137000,0.344000,0.00000000,107.32720193,61.80396825,257.68864904,0.00000000,0.00000000,94.69756566,107.32720193,101.68074366,1745.79450000,3950.00866694,9891.18697000
1,400,0.082000,0.317000,0.00000000,107.32720193,36.99215648,229.03914911,0.00000000,0.00000000,94.69756566,107.32720193,101.68074366,1745.79450000,3950.00866673,9891.18697000
1,401,0.025000,0.285000,11.27809649,96.04910544,0.00000000,206.36228271,0.00000000,0.00000000,94.69756566,107.32720193,101.68074366,1745.79450000,3950.00866653,9891.18697000
1,402,0.000000,0.248000,0.00000000,107.32720193,0.00000000,155.82376040,0.00000000,0.00000000,94.69756566,107.32720193,101.68074366,1745.79450000,3950.00866632,9891.18697000
1,403,0.000000,0.255000,0.00000000,107.32720193,0.00000000,163.25140853,0.00000000,0.00000000,94.69756566,107.32720193,101.68074366,1745.79450000,3950.00866612,9891.18697000
1,404,0.000000,0.289000,0.00000000,107.32720193,0.00000000,199.32855659,0.00000000,0.00000000,94.69756566,107.32720193,101.68074366,1745.79450000,3950.00866591,9891.18697000
1,405,0.000000,0.312000,0.00000000,107.32720193,0.00000000,223.73368616,0.00000000,0.00000000,94.69756566,107.32720193,101.68074366,1745.79450000,3950.00866571,9891.18697000
1,406,0.000000,0.295000,0.00000000,58.26858481,0.00000000,254.75372924,0.00000000,0.00000000,49.73928100,58.26858481,53.75120360,1002.98064984,3207.19481534,9891.18697000
1,407,0.000000,0.252000,0.00000000,106.72863180,0.00000000,160.66670088,0.00000000,0.00000000,94.69756566,106.72863180,101.68074366,1745.79450000,3556.35371517,7912.94957600
1,408,0.000000,0.225000,0.00000000,107.32720193,0.00000000,131.41863083,0.00000000,0.00000000,94.69756566,107.32720193,101.68074366,1745.79450000,3556.35371497,9891.18697000
1,409,0.000000,0.231000,0.00000000,106.83794856,0.00000000,138.27443973,0.00000000,0.00000000,94.69756566,106.83794856,101.68074366,1745.79450000,3841.74578440,8274.23473411
1,410,0.000000,0.243000,0.00000000,107.32720193,0.00000000,150.51829745,0.00000000,0.00000000,94.69756566,107.32720193,101.68074366,1745.79450000,3841.74578419,9891.18697000
1,411,0.000000,0.244000,0.00000000,107.32720193,0.00000000,151.57939004,0.00000000,0.00000000,94.69756566,107.32720193,101.68074366,1745.79450000,3841.74578399,9891.18697000
1,412,0.000000,0.237000,0.00000000,107.32720193,0.00000000,144.15174191,0.00000000,0.00000000,94.69756566,107.32720193,101.68074366,1745.79450000,3841.74578378,9891.18697000
1,413,0.000000,0.227000,0.00000000,107.32720193,0.00000000,133.54081601,0.00000000,0.00000000,94.69756566,107.32720193,101.68074366,1745.79450000,3841.74578358,9891.18697000
1,414,0.000000,0.218000,0.00000000,107.32720193,0.00000000,123.99098270,0.00000000,0.00000000,94.69756566,107.32720193,101.68074366,1745.79450000,3841.74578337,9891.18697000
1,415,0.149000,0.306000,58.26858481,0.00000000,8.94887025,324.69433254,0.00000000,0.00000000,49.73928100,58.26858481,53.75120360,1002.98064984,3098.93193300,9891.18697000
1,416,0.348000,0.511000,106.72863180,0.00000000,50.26247130,542.21831350,0.00000000,0.00000000,94.69756566,106.72863180,101.68074366,1745.79450000,3448.09083284,7912.94957600
1,417,0.521000,0.519000,106.72863180,0.00000000,128.30689899,550.70705422,0.00000000,0.00000000,94.69756566,106.72863180,101.68074366,1745.79450000,3797.24973267,7912.94957600
1,418,0.642000,0.481000,0.00000000,58.26858481,289.62151779,452.11695098,0.00000000,0.00000000,49.73928100,58.26858481,53.75120360,1002.98064984,3054.43588231,9891.18697000
1,419,0.711000,0.469000,107.32720193,0.00000000,213.42186217,497.65242472,0.00000000,0.00000000,94.69756566,107.32720193,101.68074366,1745.79450000,3054.43588210,9891.18697000
1,420,0.730000,0.493000,107.32720193,0.00000000,221.99321550,523.11864688,0.00000000,0.00000000,94.69756566,107.32720193,101.68074366,1745.79450000,3054.43588190,9891.18697000
1,421,0.706000,0.531000,0.00000000,73.54194353,318.49344480,489.89822176,0.00000000,0.00000000,63.67817400,73.54194353,68.65710075,1244.73168631,2553.37306800,9891.18697000
1,422,0.636000,0.570000,107.32720193,0.00000000,179.58757271,604.82277631,0.00000000,0.00000000,94.69756566,107.32720193,101.68074366,1745.79450000,2553.37306800,9891.18696884
1,423,0.513000,0.601000,0.00000000,106.72863180,231.42653992,530.98801480,0.00000000,0.00000000,94.69756566,106.72863180,101.68074366,1745.79450000,2902.53196784,7912.94957600
1,424,0.345000,0.613000,107.25092145,0.00000000,48.38681007,650.44975768,0.00000000,0.00000000,94.69756566,107.25092145,101.68074366,1745.79450000,2947.02801833,9639.08469976
1,425,0.143000,0.603000,0.00000000,57.67001469,64.51071191,582.16881709,0.00000000,0.00000000,49.73928100,57.67001469,53.75120360,1002.98064984,2553.37306800,7912.94957600
1,426,0.000000,0.556000,0.00000000,107.32720193,0.00000000,482.64027812,0.00000000,0.00000000,94.69756566,107.32720193,101.68074366,1745.79450000,2553.37306800,9891.18696884
1,427,0.000000,0.497000,0.00000000,107.32720193,0.00000000,420.03581531,0.00000000,0.00000000,94.69756566,107.32720193,101.68074366,1745.79450000,2553.37306821,9891.18696768
1,428,0.000000,0.471000,0.00000000,107.32720193,0.00000000,392.44740797,0.00000000,0.00000000,94.69756566,107.32720193,101.68074366,1745.79450000,2553.37306800,9891.18697000
1,429,0.000000,0.491000,0.00000000,106.89294149,0.00000000,414.10352021,0.00000000,0.00000000,94.69756566,106.89294149,101.68074366,1745.79450000,2806.68657353,8455.98297150
1,430,0.000000,0.468000,0.00000000,89.89674172,0.00000000,406.69459041,0.00000000,0.00000000,78.66539600,89.89674172,84.63531998,1492.48099468,2553.37306800,9891.18697000
1,431,0.000000,0.420000,0.00000000,106.72863180,0.00000000,338.93025600,0.00000000,0.00000000,94.69756566,106.72863180,101.68074366,1745.79450000,2902.53196784,7912.94957600
1,432,0.000000,0.388000,0.00000000,106.72863180,0.00000000,304.97529312,0.00000000,0.00000000,94.69756566,106.72863180,101.68074366,1745.79450000,3251.69086767,7912.94957600
1,433,0.000000,0.348000,0.00000000,107.03312004,0.00000000,262.22710129,0.00000000,0.00000000,94.69756566,107.03312004,101.68074366,1745.79450000,3423.23519457,8919.26443683
1,434,0.000000,0.283000,0.00000000,106.72863180,0.00000000,193.56057117,0.00000000,0.00000000,94.69756566,106.72863180,101.68074366,1745.79450000,3772.39409441,7912.94957600
1,435,0.000000,0.243000,0.00000000,106.72863180,0.00000000,151.11686757,0.00000000,0.00000000,94.69756566,106.72863180,101.68074366,1745.79450000,4121.55299424,7912.94957600
1,436,0.000000,0.223000,0.00000000,106.72863180,0.00000000,129.89501577,0.00000000,0.00000000,94.69756566,106.72863180,101.68074366,1745.79450000,4470.71189408,7912.94957600
1,437,0.000000,0.227000,0.00000000,72.94337341,0.00000000,167.92464452,0.00000000,0.00000000,63.67817400,72.94337341,68.65710075,1244.73168631,4318.80798023,7912.94957600
1,438,0.001000,0.243000,0.00000000,44.07720920,0.45112386,213.76829017,0.00000000,0.00000000,36.84682300,44.07720920,39.91750095,767.66948863,3340.68296866,9891.18697000
1,439,0.172000,0.400000,57.67001469,0.00000000,19.92328914,424.43703600,0.00000000,0.00000000,49.73928100,57.67001469,53.75120360,1002.98064984,2947.02801833,7912.94957600
1,440,0.383000,0.478000,0.00000000,57.67001469,172.78043818,449.53224334,0.00000000,0.00000000,49.73928100,57.67001469,53.75120360,1002.98064984,2553.37306800,7912.94957600
1,441,0.552000,0.420000,89.29817185,0.00000000,159.72219859,445.65888780,0.00000000,0.00000000,78.66539600,89.29817185,84.63532017,1492.48104146,2649.21850929,7912.94957600
1,442,0.665000,0.341000,106.72863180,0.00000000,193.26873476,361.83257319,0.00000000,0.00000000,94.69756566,106.72863180,101.68074366,1745.79450000,2998.37740913,7912.94957600
1,443,0.728000,0.272000,0.00000000,57.67001469,328.41816971,230.94716980,0.00000000,0.00000000,49.73928100,57.67001469,53.75120360,1002.98064984,2604.72245880,7912.94957600
1,444,0.745000,0.222000,102.72371086,0.00000000,233.36356446,235.56255498,0.00000000,0.00000000,91.01392380,102.72371086,97.76429088,1687.59176889,2895.67862753,7912.94957600
1,445,0.719000,0.205000,89.29817185,0.00000000,235.05988312,217.52398095,0.00000000,0.00000000,78.66539600,89.29817185,84.63532017,1492.48104146,2991.52406882,7912.94957600
1,446,0.648000,0.223000,0.00000000,57.67001469,292.32826095,178.95363289,0.00000000,0.00000000,49.73928100,57.67001469,53.75120360,1002.98064984,2597.86911849,7912.94957600
1,447,0.529000,0.271000,106.72863180,0.00000000,131.91588987,287.55609189,0.00000000,0.00000000,94.69756566,106.72863180,101.68074366,1745.79450000,2947.02801833,7912.94957600
1,448,0.360000,0.354000,0.00000000,57.67001469,162.40458942,317.95676218,0.00000000,0.00000000,49.73928100,57.67001469,53.75120360,1002.98064984,2553.37306800,7912.94957600
1,449,0.129000,0.487000,0.00000000,106.89294157,58.19497787,409.85914977,0.00000000,0.00000000,94.69756566,106.89294157,101.68074366,1745.79450000,2806.68652716,8455.98323423
1,450,0.000000,0.635000,0.00000000,89.89674197,0.00000000,583.89705268,0.00000000,0.00000000,78.66539600,89.89674197,84.63532017,1492.48104146,2553.37306841,9891.18697000
1,451,0.000000,0.678000,0.00000000,107.32720193,0.00000000,612.09357410,0.00000000,0.00000000,94.69756566,107.32720193,101.68074366,1745.79450000,2553.37306821,9891.18697000
1,452,0.000000,0.686000,0.00000000,107.32720193,0.00000000,620.58231482,0.00000000,0.00000000,94.69756566,107.32720193,101.68074366,1745.79450000,2553.37306800,9891.18697000
1,453,0.000000,0.694000,0.00000000,107.25092145,0.00000000,629.14733602,0.00000000,0.00000000,94.69756566,107.25092145,101.68074366,1745.79450000,2597.86911870,9639.08469860
1,454,0.000000,0.635000,0.00000000,106.72863180,0.00000000,567.06516286,0.00000000,0.00000000,94.69756566,106.72863180,101.68074366,1745.79450000,2947.02801853,7912.94957600
1,455,0.000000,0.569000,0.00000000,107.32720193,0.00000000,496.43448179,0.00000000,0.00000000,94.69756566,107.32720193,101.68074366,1745.79450000,2947.02801833,9891.18697000
1,456,0.000000,0.503000,0.00000000,57.67001469,0.00000000,476.05955809,0.00000000,0.00000000,49.73928100,57.67001469,53.75120360,1002.98064984,2553.37306800,7912.94957600
1,457,0.000000,0.444000,0.00000000,107.32720193,0.00000000,363.79790804,0.00000000,0.00000000,94.69756566,107.32720193,101.68074366,1745.79450000,2553.37306800,9891.18696884
1,458,0.000000,0.337000,0.00000000,106.72863180,0.00000000,250.85957103,0.00000000,0.00000000,94.69756566,106.72863180,101.68074366,1745.79450000,2902.53196784,7912.94957600
1,459,0.000000,0.227000,0.00000000,107.05478108,0.00000000,133.81323686,0.00000000,0.00000000,94.69756566,107.05478108,101.68074366,1745.79450000,3061.44094161,8990.85283982
1,460,0.000000,0.186000,0.00000000,107.32720193,0.00000000,90.03601982,0.00000000,0.00000000,94.69756566,107.32720193,101.68074366,1745.79450000,3061.44094140,9891.18697000
1,461,0.000000,0.186000,0.00000000,106.72863180,0.00000000,90.63458994,0.00000000,0.00000000,94.69756566,106.72863180,101.68074366,1745.79450000,3410.59984124,7912.94957600
1,462,0.000000,0.185000,0.00000000,30.37356422,0.00000000,165.92856493,0.00000000,0.00000000,25.00174700,30.37356422,27.15938231,539.40882693,2553.37306800,7912.94957600
1,463,0.155000,0.291000,69.92419822,36.80443358,0.00000000,271.97351011,0.00000000,0.00000000,94.69756566,106.72863180,101.68074366,1745.79450000,2902.53196784,7912.94957600
1,464,0.355000,0.355000,76.58753746,0.00000000,83.56143266,376.68786945,0.00000000,0.00000000,67.01761500,76.58753746,72.21735555,1299.93513723,2805.83150491,7912.94957600
1,465,0.521000,0.305000,106.72863180,0.00000000,128.30689899,323.63323995,0.00000000,0.00000000,94.69756566,106.72863180,101.68074366,1745.79450000,3154.99040474,7912.94957600
1,466,0.640000,0.243000,89.29817185,0.00000000,199.42109822,257.84549937,0.00000000,0.00000000,78.66539600,89.29817185,84.63532017,1492.48104146,3250.83584604,7912.94957600
1,467,0.709000,0.199000,0.00000000,72.94337341,319.84681638,138.21405200,0.00000000,0.00000000,63.67817400,72.94337341,68.65710075,1244.73168631,3098.93193218,7912.94957600
1,468,0.729000,0.179000,0.00000000,57.67001469,328.86929357,132.26555892,0.00000000,0.00000000,49.73928100,57.67001469,53.75120360,1002.98064984,2705.27698185,7912.94957600
1,469,0.706000,0.187000,72.94337341,0.00000000,245.55007139,198.42431433,0.00000000,0.00000000,63.67817400,72.94337341,68.65710075,1244.73168631,2553.37306800,7912.94957600
1,470,0.632000,0.225000,107.32720193,0.00000000,177.78307727,238.74583275,0.00000000,0.00000000,94.69756566,107.32720193,101.68074366,1745.79450000,2553.37306800,9891.18696884
1,471,0.510000,0.299000,89.29817185,0.00000000,140.77499649,317.26668441,0.00000000,0.00000000,78.66539600,89.29817185,84.63532017,1492.48104146,2649.21850929,7912.94957600
1,472,0.326000,0.410000,100.73209194,0.00000000,46.33428625,435.04796190,0.00000000,0.00000000,88.63152251,100.73209194,95.23131875,1649.94905912,2553.37306821,9891.18697000
1,473,0.108000,0.563000,0.00000000,107.32720193,48.72137682,490.06792625,0.00000000,0.00000000,94.69756566,107.32720193,101.68074366,1745.79450000,2553.37306800,9891.18697000
1,474,0.000000,0.669000,0.00000000,106.72863180,0.00000000,603.14231092,0.00000000,0.00000000,94.69756566,106.72863180,101.68074366,1745.79450000,2902.53196784,7912.94957600
1,475,0.000000,0.653000,0.00000000,60.48120763,0.00000000,632.41225365,0.00000000,0.00000000,52.30485574,60.48120763,56.49476254,1047.47670033,2553.37306800,7912.94957600
1,476,0.000000,0.575000,0.00000000,107.32720195,0.00000000,502.80103731,0.00000000,0.00000000,94.69756568,107.32720195,101.68074368,1745.79450041,2553.37306821,9891.18697000
1,477,0.000000,0.536000,0.00000000,107.32720193,0.00000000,461.41842632,0.00000000,0.00000000,94.69756566,107.32720193,101.68074366,1745.79450000,2553.37306800,9891.18697000
1,478,0.000000,0.538000,0.00000000,89.29817185,0.00000000,481.56964158,0.00000000,0.00000000,78.66539600,89.29817185,84.63532017,1492.48104146,2649.21850929,7912.94957600
1,479,0.000000,0.491000,0.00000000,107.32720193,0.00000000,413.66925977,0.00000000,0.00000000,94.69756566,107.32720193,101.68074366,1745.79450000,2649.21850909,9891.18697000
1,480,0.000000,0.407000,0.00000000,107.32720193,0.00000000,324.53748221,0.00000000,0.00000000,94.69756566,107.32720193,101.68074366,1745.79450000,2649.21850888,9891.18697000
1,481,0.000000,0.327000,0.00000000,107.32720193,0.00000000,239.65007501,0.00000000,0.00000000,94.69756566,107.32720193,101.68074366,1745.79450000,2649.21850868,9891.18697000
1,482,0.000000,0.252000,0.00000000,89.62679138,0.00000000,177.76854130,0.00000000,0.00000000,78.66539600,89.62679138,84.63532017,1492.48104146,2553.37306800,8999.01689594
1,483,0.000000,0.208000,0.00000000,89.46248162,0.00000000,131.24477711,0.00000000,0.00000000,78.66539600,89.46248162,84.63532017,1492.48104146,2553.37306800,8455.98323771
1,484,0.000000,0.190000,0.00000000,89.46248162,0.00000000,112.14511049,0.00000000,0.00000000,78.66539600,89.46248162,84.63532017,1492.48104146,2553.37306800,8455.98323771
1,485,0.000000,0.205000,0.00000000,89.46248162,0.00000000,128.06149934,0.00000000,0.00000000,78.66539600,89.46248162,84.63532017,1492.48104146,2553.37306800,8455.98323771
1,486,0.000000,0.233000,0.00000000,107.32720193,0.00000000,139.90737155,0.00000000,0.00000000,94.69756566,107.32720193,101.68074366,1745.79450000,2553.37306821,9891.18696768
1,487,0.130000,0.288000,58.64610173,48.68110019,0.00000000,256.91356573,0.00000000,0.00000000,94.69756566,107.32720193,101.68074366,1745.79450000,2553.37306800,9891.18697000
1,488,0.314000,0.388000,107.32720193,0.00000000,34.32568995,411.70392492,0.00000000,0.00000000,94.69756566,107.32720193,101.68074366,1745.79450000,2553.37306780,9891.18697000
1,489,0.480000,0.360000,89.35684079,0.00000000,127.18261176,381.99333240,0.00000000,0.00000000,78.66539600,89.35684079,84.63532017,1492.48104146,2614.99564458,8106.84682540
1,490,0.605000,0.295000,89.29817185,0.00000000,183.63176314,313.02231405,0.00000000,0.00000000,78.66539600,89.29817185,84.63532017,1492.48104146,2710.84108587,7912.94957600
1,491,0.680000,0.241000,89.29817185,0.00000000,217.46605260,255.72331419,0.00000000,0.00000000,78.66539600,89.29817185,84.63532017,1492.48104146,2806.68652716,7912.94957600
1,492,0.704000,0.218000,0.00000000,107.32720193,317.59119708,123.99098270,0.00000000,0.00000000,94.69756566,107.32720193,101.68074366,1745.79450000,2806.68652696,9891.18697000
1,493,0.679000,0.221000,89.89674197,0.00000000,216.41635862,234.50146239,0.00000000,0.00000000,78.66539600,89.89674197,84.63532017,1492.48104146,2553.37306821,9891.18697000
1,494,0.601000,0.241000,107.32720193,0.00000000,163.79823763,255.72331419,0.00000000,0.00000000,94.69756566,107.32720193,101.68074366,1745.79450000,2553.37306800,9891.18697000
1,495,0.466000,0.268000,0.00000000,107.32720193,210.22371852,177.04561220,0.00000000,0.00000000,94.69756566,107.32720193,101.68074366,1745.79450000,2553.37306800,9891.18696884
1,496,0.290000,0.320000,107.32720193,0.00000000,23.49871733,339.54962880,0.00000000,0.00000000,94.69756566,107.32720193,101.68074366,1745.79450000,2553.37306780,9891.18697000
1,497,0.099000,0.405000,44.66126209,62.66593984,0.00000000,367.07655912,0.00000000,0.00000000,94.69756566,107.32720193,101.68074366,1745.79450000,2553.37306800,9891.18696768
1,498,0.000000,0.488000,0.00000000,107.32720193,0.00000000,410.48598200,0.00000000,0.00000000,94.69756566,107.32720193,101.68074366,1745.79450000,2553.37306780,9891.18697000
1,499,0.000000,0.509000,0.00000000,107.32720193,0.00000000,432.76892639,0.00000000,0.00000000,94.69756566,107.32720193,101.68074366,1745.79450000,2553.37306759,9891.18697000
1,500,0.000000,0.494000,0.00000000,107.32720193,0.00000000,416.85253754,0.00000000,0.00000000,94.69756566,107.32720193,101.68074366,1745.79450000,2553.37306739,9891.18697000
1,501,0.000000,0.457000,0.00000000,107.32720193,0.00000000,377.59211171,0.00000000,0.00000000,94.69756566,107.32720193,101.68074366,1745.79450000,2553.37306718,9891.18697000
1,502,0.000000,0.428000,0.00000000,107.32720193,0.00000000,346.82042660,0.00000000,0.00000000,94.69756566,107.32720193,101.68074366,1745.79450000,2553.37306698,9891.18697000
1,503,0.000000,0.407000,0.00000000,107.32720193,0.00000000,324.53748221,0.00000000,0.00000000,94.69756566,107.32720193,101.68074366,1745.79450000,2553.37306677,9891.18697000
1,504,0.000000,0.365000,0.00000000,107.32720193,0.00000000,279.97159343,0.00000000,0.00000000,94.69756566,107.32720193,101.68074366,1745.79450000,2553.37306657,9891.18697000
1,505,0.000000,0.289000,0.00000000,106.89294156,0.00000000,199.76281695,0.00000000,0.00000000,94.69756566,106.89294156,101.68074366,1745.79450000,2806.68652716,8455.98322610
1,506,0.000000,0.263000,0.00000000,107.32720193,0.00000000,171.74014925,0.00000000,0.00000000,94.69756566,107.32720193,101.68074366,1745.79450000,2806.68652696,9891.18697000
1,507,0.000000,0.259000,0.00000000,107.32720193,0.00000000,167.49577889,0.00000000,0.00000000,94.69756566,107.32720193,101.68074366,1745.79450000,2806.68652675,9891.18697000
1,508,0.000000,0.251000,0.00000000,89.89674197,0.00000000,176.43749812,0.00000000,0.00000000,78.66539600,89.89674197,84.63532017,1492.48104146,2553.37306800,9891.18697000
1,509,0.000000,0.269000,0.00000000,107.05725134,0.00000000,178.37665538,0.00000000,0.00000000,94.69756566,107.05725134,101.68074366,1745.79450000,2710.84108566,8999.01689710
1,510,0.000000,0.277000,0.00000000,107.32720193,0.00000000,186.59544551,0.00000000,0.00000000,94.69756566,107.32720193,101.68074366,1745.79450000,2710.84108546,9891.18697000
1,511,0.125000,0.341000,56.39048244,32.90768941,0.00000000,328.92488378,0.00000000,0.00000000,78.66539600,89.29817185,84.63532017,1492.48104146,2806.68652675,7912.94957600
1,512,0.315000,0.358000,89.89674197,0.00000000,52.20727376,379.87114722,0.00000000,0.00000000,78.66539600,89.89674197,84.63532017,1492.48104146,2553.37306800,9891.18697000
1,513,0.433000,0.308000,89.46248162,0.00000000,105.87414954,326.81651772,0.00000000,0.00000000,78.66539600,89.46248162,84.63532017,1492.48104146,2553.37306841,8455.98323539
1,514,0.527000,0.305000,107.32720193,0.00000000,130.41507203,323.63323995,0.00000000,0.00000000,94.69756566,107.32720193,101.68074366,1745.79450000,2553.37306821,9891.18697000
1,515,0.606000,0.327000,0.00000000,107.32720193,273.38105885,239.65007501,0.00000000,0.00000000,94.69756566,107.32720193,101.68074366,1745.79450000,2553.37306800,9891.18697000
1,516,0.621000,0.334000,107.32720193,0.00000000,172.82071482,354.40492506,0.00000000,0.00000000,94.69756566,107.32720193,101.68074366,1745.79450000,2553.37306780,9891.18697000
1,517,0.568000,0.333000,0.00000000,106.72863180,256.23835219,246.61520067,0.00000000,0.00000000,94.69756566,106.72863180,101.68074366,1745.79450000,2902.53196763,7912.94957600
1,518,0.494000,0.339000,0.00000000,107.32720193,222.85518659,252.38318609,0.00000000,0.00000000,94.69756566,107.32720193,101.68074366,1745.79450000,2902.53196743,9891.18697000
1,519,0.389000,0.353000,0.00000000,107.32720193,175.48718134,267.23848235,0.00000000,0.00000000,94.69756566,107.32720193,101.68074366,1745.79450000,2902.53196722,9891.18697000
1,520,0.219000,0.365000,89.29817185,0.00000000,9.49795338,387.29879535,0.00000000,0.00000000,78.66539600,89.29817185,84.63532017,1492.48104146,2998.37740851,7912.94957600
1,521,0.070000,0.387000,0.00000000,107.32720193,31.57867016,303.31563041,0.00000000,0.00000000,94.69756566,107.32720193,101.68074366,1745.79450000,2998.37740831,9891.18697000
1,522,0.000000,0.405000,0.00000000,107.28023004,0.00000000,322.46226891,0.00000000,0.00000000,94.69756566,107.28023004,101.68074366,1745.79450000,3025.77712242,9735.94779539
1,523,0.000000,0.403000,0.00000000,89.29817185,0.00000000,338.32214193,0.00000000,0.00000000,78.66539600,89.29817185,84.63532017,1492.48104146,3121.62256371,7912.94957600
1,524,0.000000,0.393000,0.00000000,107.32720193,0.00000000,309.68218595,0.00000000,0.00000000,94.69756566,107.32720193,101.68074366,1745.79450000,3121.62256351,9891.18697000
1,525,0.000000,0.413000,0.00000000,107.32720193,0.00000000,330.90403775,0.00000000,0.00000000,94.69756566,107.32720193,101.68074366,1745.79450000,3121.62256330,9891.18697000
1,526,0.000000,0.391000,0.00000000,107.32720193,0.00000000,307.56000077,0.00000000,0.00000000,94.69756566,107.32720193,101.68074366,1745.79450000,3121.62256310,9891.18697000
1,527,0.000000,0.370000,0.00000000,107.32720193,0.00000000,285.27705638,0.00000000,0.00000000,94.69756566,107.32720193,101.68074366,1745.79450000,3121.62256289,9891.18697000
1,528,0.000000,0.352000,0.00000000,89.89674197,0.00000000,283.60784971,0.00000000,0.00000000,78.66539600,89.89674197,84.63532017,1492.48104146,2868.30910415,9891.18697000
1,529,0.000000,0.317000,0.00000000,89.89674197,0.00000000,246.46960906,0.00000000,0.00000000,78.66539600,89.89674197,84.63532017,1492.48104146,2614.99564540,9891.18697000
1,530,0.000000,0.281000,0.00000000,107.32720193,0.00000000,190.83981587,0.00000000,0.00000000,94.69756566,107.32720193,101.68074366,1745.79450000,2614.99564519,9891.18697000
1,531,0.000000,0.240000,0.00000000,106.72863180,0.00000000,147.93358980,0.00000000,0.00000000,94.69756566,106.72863180,101.68074366,1745.79450000,2964.15454503,7912.94957600
1,532,0.000000,0.205000,0.00000000,107.32720193,0.00000000,110.19677903,0.00000000,0.00000000,94.69756566,107.32720193,101.68074366,1745.79450000,2964.15454482,9891.18697000
1,533,0.000000,0.183000,0.00000000,107.32720193,0.00000000,86.85274205,0.00000000,0.00000000,94.69756566,107.32720193,101.68074366,1745.79450000,2964.15454462,9891.18697000
1,534,0.000000,0.184000,0.00000000,89.89674197,0.00000000,105.34429459,0.00000000,0.00000000,78.66539600,89.89674197,84.63532017,1492.48104146,2710.84108587,9891.18697000
1,535,0.074000,0.236000,33.38316560,73.94403632,0.00000000,176.47381492,0.00000000,0.00000000,94.69756566,107.32720193,101.68074366,1745.79450000,2710.84108566,9891.18697000
1,536,0.218000,0.379000,0.00000000,107.32720193,98.34500137,294.82688969,0.00000000,0.00000000,94.69756566,107.32720193,101.68074366,1745.79450000,2710.84108546,9891.18697000
1,537,0.404000,0.375000,89.29817185,0.00000000,92.95586738,397.90972125,0.00000000,0.00000000,78.66539600,89.29817185,84.63532017,1492.48104146,2806.68652675,7912.94957600
1,538,0.564000,0.314000,89.89674197,0.00000000,164.53711478,333.18307326,0.00000000,0.00000000,78.66539600,89.89674197,84.63532017,1492.48104146,2553.37306800,9891.18697000
1,539,0.674000,0.275000,89.29817185,0.00000000,214.75930945,291.80046225,0.00000000,0.00000000,78.66539600,89.29817185,84.63532017,1492.48104146,2649.21850929,7912.94957600
1,540,0.712000,0.261000,103.52139984,0.00000000,217.67878812,276.94516599,0.00000000,0.00000000,91.74762130,103.52139984,98.54435901,1699.18442642,2951.76733555,7912.94957600
1,541,0.697000,0.267000,89.89674197,0.00000000,224.53658809,283.31172153,0.00000000,0.00000000,78.66539600,89.89674197,84.63532017,1492.48104146,2698.45387680,9891.18697000
1,542,0.634000,0.283000,89.29817185,0.00000000,196.71435507,300.28920297,0.00000000,0.00000000,78.66539600,89.29817185,84.63532017,1492.48104146,2794.29931809,7912.94957600
1,543,0.519000,0.317000,106.72863180,0.00000000,127.40465127,336.36635103,0.00000000,0.00000000,94.69756566,106.72863180,101.68074366,1745.79450000,3143.45821793,7912.94957600
1,544,0.351000,0.362000,89.29817185,0.00000000,69.04630283,384.11551758,0.00000000,0.00000000,78.66539600,89.29817185,84.63532017,1492.48104146,3239.30365922,7912.94957600
1,545,0.134000,0.419000,60.45059717,12.49277624,0.00000000,432.10501898,0.00000000,0.00000000,63.67817400,72.94337341,68.65710075,1244.73168631,3087.39974537,7912.94957600
1,546,0.000000,0.484000,0.00000000,89.89674197,0.00000000,423.67207159,0.00000000,0.00000000,78.66539600,89.89674197,84.63532017,1492.48104146,2834.08628662,9891.18697000
1,547,0.000000,0.501000,0.00000000,107.32720193,0.00000000,424.28018567,0.00000000,0.00000000,94.69756566,107.32720193,101.68074366,1745.79450000,2834.08628641,9891.18697000
1,548,0.000000,0.448000,0.00000000,106.72863180,0.00000000,368.64084852,0.00000000,0.00000000,94.69756566,106.72863180,101.68074366,1745.79450000,3183.24518625,7912.94957600
1,549,0.000000,0.410000,0.00000000,107.32720193,0.00000000,327.72075998,0.00000000,0.00000000,94.69756566,107.32720193,101.68074366,1745.79450000,3183.24518605,9891.18697000
1,550,0.000000,0.394000,0.00000000,107.32720193,0.00000000,310.74327854,0.00000000,0.00000000,94.69756566,107.32720193,101.68074366,1745.79450000,3183.24518584,9891.18697000
1,551,0.000000,0.367000,0.00000000,89.89674197,0.00000000,299.52423856,0.00000000,0.00000000,78.66539600,89.89674197,84.63532017,1492.48104146,2929.93172709,9891.18697000
1,552,0.000000,0.342000,0.00000000,106.72863180,0.00000000,256.16503398,0.00000000,0.00000000,94.69756566,106.72863180,101.68074366,1745.79450000,3279.09062693,7912.94957600
1,553,0.000000,0.308000,0.00000000,106.72863180,0.00000000,220.08788592,0.00000000,0.00000000,94.69756566,106.72863180,101.68074366,1745.79450000,3628.24952676,7912.94957600
1,554,0.000000,0.272000,0.00000000,89.89674197,0.00000000,198.72044251,0.00000000,0.00000000,78.66539600,89.89674197,84.63532017,1492.48104146,3374.93606801,9891.18697000
1,555,0.000000,0.247000,0.00000000,107.32720193,0.00000000,154.76266781,0.00000000,0.00000000,94.69756566,107.32720193,101.68074366,1745.79450000,3374.93606781,9891.18697000
1,556,0.000000,0.236000,0.00000000,107.32720193,0.00000000,143.09064932,0.00000000,0.00000000,94.69756566,107.32720193,101.68074366,1745.79450000,3374.93606760,9891.18697000
1,557,0.000000,0.237000,0.00000000,89.89674197,0.00000000,161.58220186,0.00000000,0.00000000,78.66539600,89.89674197,84.63532017,1492.48104146,3121.62260886,9891.18697000
1,558,0.000000,0.188000,0.00000000,89.89674197,0.00000000,109.58866495,0.00000000,0.00000000,78.66539600,89.89674197,84.63532017,1492.48104146,2868.30915011,9891.18697000
1,559,0.164000,0.244000,73.98431296,15.91242876,0.00000000,242.99416320,0.00000000,0.00000000,78.66539600,89.89674172,84.63531998,1492.48099468,2614.99564458,9891.18697000
1,560,0.370000,0.308000,89.29817185,0.00000000,77.61765616,326.81651772,0.00000000,0.00000000,78.66539600,89.29817185,84.63532017,1492.48104146,2710.84108587,7912.94957600
1,561,0.542000,0.316000,107.32720193,0.00000000,137.18192992,335.30525844,0.00000000,0.00000000,94.69756566,107.32720193,101.68074366,1745.79450000,2710.84108566,9891.18697000
1,562,0.661000,0.288000,107.32720193,0.00000000,190.86566920,305.59466592,0.00000000,0.00000000,94.69756566,107.32720193,101.68074366,1745.79450000,2710.84108546,9891.18697000
1,563,0.723000,0.220000,89.29817185,0.00000000,236.86437856,233.44036980,0.00000000,0.00000000,78.66539600,89.29817185,84.63532017,1492.48104146,2806.68652675,7912.94957600
1,564,0.740000,0.167000,89.89674197,0.00000000,243.93491405,177.20246253,0.00000000,0.00000000,78.66539600,89.89674197,84.63532017,1492.48104146,2553.37306800,9891.18697000
1,565,0.712000,0.143000,89.46248162,0.00000000,231.73770634,151.73624037,0.00000000,0.00000000,78.66539600,89.46248162,84.63532017,1492.48104146,2553.37306800,8455.98323771
1,566,0.631000,0.150000,89.29817185,0.00000000,195.36098349,159.16388850,0.00000000,0.00000000,78.66539600,89.29817185,84.63532017,1492.48104146,2649.21850929,7912.94957600
1,567,0.501000,0.184000,89.62679138,0.00000000,136.38626222,195.24103656,0.00000000,0.00000000,78.66539600,89.62679138,84.63532017,1492.48104146,2553.37306800,8999.01689942
1,568,0.327000,0.254000,89.46248162,0.00000000,58.05502044,269.51751786,0.00000000,0.00000000,78.66539600,89.46248162,84.63532017,1492.48104146,2553.37306841,8455.98323539
1,569,0.123000,0.363000,55.48823472,51.83896721,0.00000000,333.33764297,0.00000000,0.00000000,94.69756566,107.32720193,101.68074366,1745.79450000,2553.37306821,9891.18697000
1,570,0.000000,0.491000,0.00000000,107.32720193,0.00000000,413.66925977,0.00000000,0.00000000,94.69756566,107.32720193,101.68074366,1745.79450000,2553.37306800,9891.18697000
1,571,0.000000,0.547000,0.00000000,107.32720193,0.00000000,473.09044481,0.00000000,0.00000000,94.69756566,107.32720193,101.68074366,1745.79450000,2553.37306780,9891.18697000
1,572,0.000000,0.519000,0.00000000,107.32720193,0.00000000,443.37985229,0.00000000,0.00000000,94.69756566,107.32720193,101.68074366,1745.79450000,2553.37306759,9891.18697000
1,573,0.000000,0.498000,0.00000000,107.32720193,0.00000000,421.09690790,0.00000000,0.00000000,94.69756566,107.32720193,101.68074366,1745.79450000,2553.37306739,9891.18697000
1,574,0.000000,0.501000,0.00000000,107.32720193,0.00000000,424.28018567,0.00000000,0.00000000,94.69756566,107.32720193,101.68074366,1745.79450000,2553.37306718,9891.18697000
1,575,0.000000,0.442000,0.00000000,107.32720193,0.00000000,361.67572286,0.00000000,0.00000000,94.69756566,107.32720193,101.68074366,1745.79450000,2553.37306698,9891.18697000
1,576,0.000000,0.394000,0.00000000,107.32720193,0.00000000,310.74327854,0.00000000,0.00000000,94.69756566,107.32720193,101.68074366,1745.79450000,2553.37306677,9891.18697000
1,577,0.000000,0.359000,0.00000000,107.32720192,0.00000000,273.60503789,0.00000000,0.00000000,94.69756566,107.32720192,101.68074366,1745.79450000,2553.37306923,9891.18695490
1,578,0.000000,0.341000,0.00000000,107.32720193,0.00000000,254.50537127,0.00000000,0.00000000,94.69756566,107.32720193,101.68074366,1745.79450000,2553.37306903,9891.18697000
1,579,0.000000,0.334000,0.00000000,107.32720193,0.00000000,247.07772314,0.00000000,0.00000000,94.69756566,107.32720193,101.68074366,1745.79450000,2553.37306882,9891.18697000
1,580,0.000000,0.312000,0.00000000,107.32720193,0.00000000,223.73368616,0.00000000,0.00000000,94.69756566,107.32720193,101.68074366,1745.79450000,2553.37306862,9891.18697000
1,581,0.000000,0.276000,0.00000000,107.32720193,0.00000000,185.53435292,0.00000000,0.00000000,94.69756566,107.32720193,101.68074366,1745.79450000,2553.37306841,9891.18697000
1,582,0.000000,0.235000,0.00000000,107.32720193,0.00000000,142.02955673,0.00000000,0.00000000,94.69756566,107.32720193,101.68074366,1745.79450000,2553.37306821,9891.18697000
1,583,0.140000,0.337000,0.00000000,107.32720193,63.15734033,250.26100091,0.00000000,0.00000000,94.69756566,107.32720193,101.68074366,1745.79450000,2553.37306800,9891.18697000
1,584,0.346000,0.439000,89.46248162,0.00000000,66.62637377,465.81964701,0.00000000,0.00000000,78.66539600,89.46248162,84.63532017,1492.48104146,2553.37306821,8455.98323655
1,585,0.516000,0.401000,107.32720193,0.00000000,125.45270957,425.49812859,0.00000000,0.00000000,94.69756566,107.32720193,101.68074366,1745.79450000,2553.37306800,9891.18697000
1,586,0.634000,0.341000,106.89294157,0.00000000,179.11958535,361.83257319,0.00000000,0.00000000,94.69756566,106.89294157,101.68074366,1745.79450000,2806.68652675,8455.98323655
1,587,0.688000,0.284000,89.89674197,0.00000000,220.47647335,301.35029556,0.00000000,0.00000000,78.66539600,89.89674197,84.63532017,1492.48104146,2553.37306800,9891.18697000
1,588,0.683000,0.242000,89.46248162,0.00000000,218.65511441,256.78440678,0.00000000,0.00000000,78.66539600,89.46248162,84.63532017,1492.48104146,2553.37306800,8455.98323771
1,589,0.597000,0.208000,107.32720193,0.00000000,161.99374219,220.70725872,0.00000000,0.00000000,94.69756566,107.32720193,101.68074366,1745.79450000,2553.37306780,9891.18697000
1,590,0.439000,0.203000,89.46248162,0.00000000,108.58089270,215.40179577,0.00000000,0.00000000,78.66539600,89.46248162,84.63532017,1492.48104146,2553.37306800,8455.98323655
1,591,0.334000,0.233000,89.46248162,0.00000000,61.21288745,247.23457347,0.00000000,0.00000000,78.66539600,89.46248162,84.63532017,1492.48104146,2553.37306800,8455.98323771
1,592,0.212000,0.283000,95.63825821,11.68894371,0.00000000,288.60025926,0.00000000,0.00000000,94.69756566,107.32720193,101.68074366,1745.79450000,2553.37306800,9891.18696884
1,593,0.079000,0.349000,35.63878490,71.68841703,0.00000000,298.63289689,0.00000000,0.00000000,94.69756566,107.32720193,101.68074366,1745.79450000,2553.37306780,9891.18697000
1,594,0.000000,0.407000,0.00000000,107.32720193,0.00000000,324.53748221,0.00000000,0.00000000,94.69756566,107.32720193,101.68074366,1745.79450000,2553.37306800,9891.18696768
1,595,0.000000,0.456000,0.00000000,107.32720192,0.00000000,376.53101912,0.00000000,0.00000000,94.69756566,107.32720192,101.68074366,1745.79450000,2553.37306903,9891.18696303
1,596,0.000000,0.535000,0.00000000,107.32720193,0.00000000,460.35733373,0.00000000,0.00000000,94.69756566,107.32720193,101.68074366,1745.79450000,2553.37306882,9891.18697000
1,597,0.000000,0.640000,0.00000000,107.32720193,0.00000000,571.77205568,0.00000000,0.00000000,94.69756566,107.32720193,101.68074366,1745.79450000,2553.37306862,9891.18697000
1,598,0.000000,0.672000,0.00000000,107.32720193,0.00000000,605.72701856,0.00000000,0.00000000,94.69756566,107.32720193,101.68074366,1745.79450000,2553.37306841,9891.18697000
1,599,0.000000,0.628000,0.00000000,107.32720193,0.00000000,559.03894460,0.00000000,0.00000000,94.69756566,107.32720193,101.68074366,1745.79450000,2553.37306821,9891.18697000
1,600,0.000000,0.566000,0.00000000,107.32720193,0.00000000,493.25120402,0.00000000,0.00000000,94.69756566,107.32720193,101.68074366,1745.79450000,2553.37306800,9891.18697000
1,601,0.000000,0.488000,0.00000000,107.32720193,0.00000000,410.48598200,0.00000000,0.00000000,94.69756566,107.32720193,101.68074366,1745.79450000,2553.37306821,9891.18696768
1,602,0.000000,0.425000,0.00000000,107.32720193,0.00000000,343.63714883,0.00000000,0.00000000,94.69756566,107.32720193,101.68074366,1745.79450000,2553.37306800,9891.18697000
1,603,0.000000,0.367000,0.00000000,107.32720193,0.00000000,282.09377861,0.00000000,0.00000000,94.69756566,107.32720193,101.68074366,1745.79450000,2553.37306800,9891.18696884
1,604,0.000000,0.298000,0.00000000,107.32720192,0.00000000,208.87838990,0.00000000,0.00000000,94.69756566,107.32720192,101.68074366,1745.79450000,2553.37306841,9891.18696652
1,605,0.000000,0.236000,0.00000000,107.32720193,0.00000000,143.09064932,0.00000000,0.00000000,94.69756566,107.32720193,101.68074366,1745.79450000,2553.37306821,9891.18697000
1,606,0.000000,0.211000,0.00000000,107.32720193,0.00000000,116.56333457,0.00000000,0.00000000,94.69756566,107.32720193,101.68074366,1745.79450000,2553.37306800,9891.18697000
1,607,0.168000,0.404000,75.78880839,13.67367288,0.00000000,415.00773348,0.00000000,0.00000000,78.66539600,89.46248128,84.63531998,1492.48099468,2553.37306800,8455.98297267
1,608,0.377000,0.484000,89.46248162,0.00000000,80.61121341,513.56881357,0.00000000,0.00000000,78.66539600,89.46248162,84.63532017,1492.48104146,2553.37306800,8455.98323771
1,609,0.540000,0.397000,106.89294157,0.00000000,136.71394256,421.25375823,0.00000000,0.00000000,94.69756566,106.89294157,101.68074366,1745.79450000,2806.68652737,8455.98323306
1,610,0.652000,0.272000,107.32720193,0.00000000,186.80555446,288.61718448,0.00000000,0.00000000,94.69756566,107.32720193,101.68074366,1745.79450000,2806.68652716,9891.18697000
1,611,0.714000,0.172000,107.32720193,0.00000000,214.77523375,182.50792548,0.00000000,0.00000000,94.69756566,107.32720193,101.68074366,1745.79450000,2806.68652696,9891.18697000
1,612,0.730000,0.127000,107.32720193,0.00000000,221.99321550,134.75875893,0.00000000,0.00000000,94.69756566,107.32720193,101.68074366,1745.79450000,2806.68652675,9891.18697000
1,613,0.698000,0.133000,89.89674197,0.00000000,224.98771195,141.12531447,0.00000000,0.00000000,78.66539600,89.89674197,84.63532017,1492.48104146,2553.37306800,9891.18697000
1,614,0.598000,0.188000,0.00000000,89.46248162,269.77206797,110.02292531,0.00000000,0.00000000,78.66539600,89.46248162,84.63532017,1492.48104146,2553.37306800,8455.98323771
1,615,0.404000,0.291000,89.29817185,0.00000000,92.95586738,308.77794369,0.00000000,0.00000000,78.66539600,89.29817185,84.63532017,1492.48104146,2649.21850929,7912.94957600
1,616,0.257000,0.407000,107.05725134,0.00000000,8.88158055,431.86468413,0.00000000,0.00000000,94.69756566,107.05725134,101.68074366,1745.79450000,2806.68652716,8999.01689594
1,617,0.095000,0.501000,42.85676665,47.03997532,0.00000000,484.56741227,0.00000000,0.00000000,78.66539600,89.89674197,84.63532017,1492.48104146,2553.37306841,9891.18697000
1,618,0.000000,0.538000,0.00000000,107.32720193,0.00000000,463.54061150,0.00000000,0.00000000,94.69756566,107.32720193,101.68074366,1745.79450000,2553.37306821,9891.18697000
1,619,0.000000,0.556000,0.00000000,107.32720193,0.00000000,482.64027812,0.00000000,0.00000000,94.69756566,107.32720193,101.68074366,1745.79450000,2553.37306800,9891.18697000
1,620,0.000000,0.603000,0.00000000,107.32720193,0.00000000,532.51162985,0.00000000,0.00000000,94.69756566,107.32720193,101.68074366,1745.79450000,2553.37306800,9891.18696884
1,621,0.000000,0.651000,0.00000000,89.46248162,0.00000000,601.30879448,0.00000000,0.00000000,78.66539600,89.46248162,84.63532017,1492.48104146,2553.37306821,8455.98323655
1,622,0.000000,0.687000,0.00000000,107.32720193,0.00000000,621.64340741,0.00000000,0.00000000,94.69756566,107.32720193,101.68074366,1745.79450000,2553.37306800,9891.18697000
1,623,0.000000,0.693000,0.00000000,106.89294157,0.00000000,628.44422331,0.00000000,0.00000000,94.69756566,106.89294157,101.68074366,1745.79450000,2806.68652675,8455.98323655
1,624,0.000000,0.674000,0.00000000,89.89674197,0.00000000,625.27966369,0.00000000,0.00000000,78.66539600,89.89674197,84.63532017,1492.48104146,2553.37306800,9891.18697000
1,625,0.000000,0.601000,0.00000000,107.32720193,0.00000000,530.38944467,0.00000000,0.00000000,94.69756566,107.32720193,101.68074366,1745.79450000,2553.37306800,9891.18696884
1,626,0.000000,0.537000,0.00000000,89.46248162,0.00000000,480.34423922,0.00000000,0.00000000,78.66539600,89.46248162,84.63532017,1492.48104146,2553.37306800,8455.98323771
1,627,0.000000,0.484000,0.00000000,107.32720193,0.00000000,406.24161164,0.00000000,0.00000000,94.69756566,107.32720193,101.68074366,1745.79450000,2553.37306800,9891.18696884
1,628,0.000000,0.435000,0.00000000,89.46248162,0.00000000,372.11279504,0.00000000,0.00000000,78.66539600,89.46248162,84.63532017,1492.48104146,2553.37306800,8455.98323771
1,629,0.000000,0.413000,0.00000000,106.72863180,0.00000000,331.50260787,0.00000000,0.00000000,94.69756566,106.72863180,101.68074366,1745.79450000,2902.53196784,7912.94957600
1,630,0.000000,0.417000,0.00000000,89.29817185,0.00000000,353.17743819,0.00000000,0.00000000,78.66539600,89.29817185,84.63532017,1492.48104146,2998.37740913,7912.94957600
1,631,0.150000,0.587000,67.66857892,39.44734136,0.00000000,583.41400898,0.00000000,0.00000000,94.69756566,107.11592028,101.68074366,1745.79450000,3121.62256207,9192.91414762
1,632,0.366000,0.666000,106.72863180,0.00000000,58.38270077,706.68766495,0.00000000,0.00000000,94.69756566,106.72863180,101.68074366,1745.79450000,3470.78146191,7912.94957600
1,633,0.534000,0.597000,106.72863180,0.00000000,134.17150917,633.47227624,0.00000000,0.00000000,94.69756566,106.72863180,101.68074366,1745.79450000,3819.94036175,7912.94957600
1,634,0.646000,0.476000,89.89674197,0.00000000,201.52927126,505.08007285,0.00000000,0.00000000,78.66539600,89.89674197,84.63532017,1492.48104146,3566.62690300,9891.18697000
1,635,0.704000,0.355000,89.89674197,0.00000000,227.69445511,376.68786945,0.00000000,0.00000000,78.66539600,89.89674197,84.63532017,1492.48104146,3313.31344425,9891.18697000
1,636,0.705000,0.270000,89.89674197,0.00000000,228.14557897,286.49499930,0.00000000,0.00000000,78.66539600,89.89674197,84.63532017,1492.48104146,3059.99998550,9891.18697000
1,637,0.635000,0.225000,89.89674197,0.00000000,196.56690880,238.74583275,0.00000000,0.00000000,78.66539600,89.89674197,84.63532017,1492.48104146,2806.68652675,9891.18697000
1,638,0.518000,0.225000,89.89674197,0.00000000,143.78541724,238.74583275,0.00000000,0.00000000,78.66539600,89.89674197,84.63532017,1492.48104146,2553.37306800,9891.18697000
1,639,0.408000,0.255000,89.46248162,0.00000000,94.59605305,270.57861045,0.00000000,0.00000000,78.66539600,89.46248162,84.63532017,1492.48104146,2553.37306800,8455.98323771
1,640,0.271000,0.302000,89.46248162,0.00000000,32.79208430,320.44996218,0.00000000,0.00000000,78.66539600,89.46248162,84.63532017,1492.48104146,2553.37306800,8455.98323771
1,641,0.106000,0.376000,47.81912911,59.50807282,0.00000000,339.46274102,0.00000000,0.00000000,94.69756566,107.32720193,101.68074366,1745.79450000,2553.37306800,9891.18696884
1,642,0.000000,0.459000,0.00000000,106.89294157,0.00000000,380.14855725,0.00000000,0.00000000,94.69756566,106.89294157,101.68074366,1745.79450000,2806.68652696,8455.98323539
1,643,0.000000,0.539000,0.00000000,89.89674197,0.00000000,482.03216404,0.00000000,0.00000000,78.66539600,89.89674197,84.63532017,1492.48104146,2553.37306821,9891.18697000
1,644,0.000000,0.698000,0.00000000,107.32720193,0.00000000,633.31542590,0.00000000,0.00000000,94.69756566,107.32720193,101.68074366,1745.79450000,2553.37306800,9891.18697000
1,645,0.000000,0.836000,0.00000000,107.32720193,0.00000000,779.74620332,0.00000000,0.00000000,94.69756566,107.32720193,101.68074366,1745.79450000,2553.37306800,9891.18696884
1,646,0.000000,0.870000,0.00000000,107.32720193,0.00000000,815.82335138,0.00000000,0.00000000,94.69756566,107.32720193,101.68074366,1745.79450000,2553.37306800,9891.18696884
1,647,0.000000,0.837000,0.00000000,107.32720193,0.00000000,780.80729591,0.00000000,0.00000000,94.69756566,107.32720193,101.68074366,1745.79450000,2553.37306800,9891.18696884
1,648,0.000000,0.783000,0.00000000,107.32720193,0.00000000,723.50829605,0.00000000,0.00000000,94.69756566,107.32720193,101.68074366,1745.79450000,2553.37306800,9891.18696884
1,649,0.000000,0.722000,0.00000000,107.32720193,0.00000000,658.78164806,0.00000000,0.00000000,94.69756566,107.32720193,101.68074366,1745.79450000,2553.37306800,9891.18696884
1,650,0.000000,0.661000,0.00000000,107.32720193,0.00000000,594.05500007,0.00000000,0.00000000,94.69756566,107.32720193,101.68074366,1745.79450000,2553.37306800,9891.18696884
1,651,0.000000,0.595000,0.00000000,107.32720193,0.00000000,524.02288913,0.00000000,0.00000000,94.69756566,107.32720193,101.68074366,1745.79450000,2553.37306780,9891.18697000
1,652,0.000000,0.532000,0.00000000,107.32720193,0.00000000,457.17405596,0.00000000,0.00000000,94.69756566,107.32720193,101.68074366,1745.79450000,2553.37306800,9891.18696768
1,653,0.000000,0.476000,0.00000000,106.72863180,0.00000000,398.35144104,0.00000000,0.00000000,94.69756566,106.72863180,101.68074366,1745.79450000,2902.53196784,7912.94957600
1,654,0.000000,0.432000,0.00000000,107.32720193,0.00000000,351.06479696,0.00000000,0.00000000,94.69756566,107.32720193,101.68074366,1745.79450000,2902.53196763,9891.18697000
1,655,0.163000,0.595000,73.53318910,33.47205928,0.00000000,597.87803178,0.00000000,0.00000000,94.69756566,107.00524838,101.68074366,1745.79450000,3090.33443674,8827.15031670
1,656,0.370000,0.673000,89.89674197,0.00000000,77.01908604,714.11531308,0.00000000,0.00000000,78.66539600,89.89674197,84.63532017,1492.48104146,2837.02097799,9891.18697000
1,657,0.534000,0.610000,89.29817185,0.00000000,151.60196912,647.26647991,0.00000000,0.00000000,78.66539600,89.29817185,84.63532017,1492.48104146,2932.86641928,7912.94957600
1,658,0.650000,0.495000,0.00000000,106.72863180,293.23050867,418.51220025,0.00000000,0.00000000,94.69756566,106.72863180,101.68074366,1745.79450000,3282.02531911,7912.94957600
1,659,0.710000,0.374000,0.00000000,106.72863180,320.29794024,290.11999686,0.00000000,0.00000000,94.69756566,106.72863180,101.68074366,1745.79450000,3631.18421895,7912.94957600
1,660,0.715000,0.274000,0.00000000,18.35919146,322.55355954,272.38017820,0.00000000,0.00000000,14.20500000,18.35919146,15.48029780,318.82444922,2553.37306800,7912.94957600
1,661,0.624000,0.207000,107.32720193,0.00000000,174.17408640,219.64616613,0.00000000,0.00000000,94.69756566,107.32720193,101.68074366,1745.79450000,2553.37306821,9891.18696768
1,662,0.515000,0.179000,0.00000000,107.32720193,232.32878764,82.60837169,0.00000000,0.00000000,94.69756566,107.32720193,101.68074366,1745.79450000,2553.37306800,9891.18697000
1,663,0.395000,0.209000,91.44786568,0.00000000,86.74605881,221.76835131,0.00000000,0.00000000,80.64263908,91.44786568,86.73752756,1523.72212067,2680.45958851,7912.94957600
1,664,0.261000,0.294000,106.72863180,0.00000000,11.01469553,311.96122146,0.00000000,0.00000000,94.69756566,106.72863180,101.68074366,1745.79450000,3029.61848834,7912.94957600
1,665,0.106000,0.410000,47.81912911,58.90950269,0.00000000,376.13845921,0.00000000,0.00000000,94.69756566,106.72863180,101.68074366,1745.79450000,3378.77738818,7912.94957600
1,666,0.000000,0.513000,0.00000000,106.72863180,0.00000000,437.61186687,0.00000000,0.00000000,94.69756566,106.72863180,101.68074366,1745.79450000,3727.93628802,7912.94957600
1,667,0.000000,0.550000,0.00000000,106.72863180,0.00000000,476.87229271,0.00000000,0.00000000,94.69756566,106.72863180,101.68074366,1745.79450000,4077.09518785,7912.94957600
1,668,0.000000,0.541000,0.00000000,106.72863180,0.00000000,467.32245940,0.00000000,0.00000000,94.69756566,106.72863180,101.68074366,1745.79450000,4426.25408769,7912.94957600
1,669,0.000000,0.628000,0.00000000,106.72863180,0.00000000,559.63751473,0.00000000,0.00000000,94.69756566,106.72863180,101.68074366,1745.79450000,4775.41298752,7912.94957600
1,670,0.000000,0.682000,0.00000000,106.72863180,0.00000000,616.93651459,0.00000000,0.00000000,94.69756566,106.72863180,101.68074366,1745.79450000,5124.57188736,7912.94957600
1,671,0.000000,0.645000,0.00000000,106.72863180,0.00000000,577.67608876,0.00000000,0.00000000,94.69756566,106.72863180,101.68074366,1745.79450000,5473.73078720,7912.94957600
1,672,0.000000,0.569000,0.00000000,106.72863180,0.00000000,497.03305192,0.00000000,0.00000000,94.69756566,106.72863180,101.68074366,1745.79450000,5822.88968703,7912.94957600
1,673,0.000000,0.503000,0.00000000,106.72863180,0.00000000,427.00094097,0.00000000,0.00000000,94.69756566,106.72863180,101.68074366,1745.79450000,6172.04858687,7912.94957600
1,674,0.000000,0.453000,0.00000000,106.72863180,0.00000000,373.94631147,0.00000000,0.00000000,94.69756566,106.72863180,101.68074366,1745.79450000,6521.20748670,7912.94957600
1,675,0.000000,0.393000,0.00000000,106.72863180,0.00000000,310.28075607,0.00000000,0.00000000,94.69756566,106.72863180,101.68074366,1745.79450000,6870.36638654,7912.94957600
1,676,0.000000,0.317000,0.00000000,106.72863180,0.00000000,229.63771923,0.00000000,0.00000000,94.69756566,106.72863180,101.68074366,1745.79450000,7219.52528638,7912.94957600
1,677,0.000000,0.255000,0.00000000,106.72863180,0.00000000,163.84997865,0.00000000,0.00000000,94.69756566,106.72863180,101.68074366,1745.79450000,7568.68418621,7912.94957600
1,678,0.000000,0.226000,0.00000000,106.72863180,0.00000000,133.07829354,0.00000000,0.00000000,94.69756566,106.72863180,101.68074366,1745.79450000,7917.84308605,7912.94957600
1,679,0.157000,0.412000,70.82644594,35.90218586,0.00000000,401.26796122,0.00000000,0.00000000,94.69756566,106.72863180,101.68074366,1745.79450000,8267.00198588,7912.94957600
1,680,0.356000,0.494000,106.72863180,0.00000000,53.87146218,524.17973947,0.00000000,0.00000000,94.69756566,106.72863180,101.68074366,1745.79450000,8616.16088572,7912.94957600
1,681,0.511000,0.398000,106.72863180,0.00000000,123.79566040,422.31485082,0.00000000,0.00000000,94.69756566,106.72863180,101.68074366,1745.79450000,8965.31978556,7912.94957600
1,682,0.619000,0.289000,106.72863180,0.00000000,172.51703722,306.65575851,0.00000000,0.00000000,94.69756566,106.72863180,101.68074366,1745.79450000,9314.47868539,7912.94957600
1,683,0.667000,0.220000,106.72863180,0.00000000,194.17098248,233.44036980,0.00000000,0.00000000,94.69756566,106.72863180,101.68074366,1745.79450000,9663.63758523,7912.94957600
1,684,0.659000,0.205000,106.72863180,0.00000000,190.56199160,217.52398095,0.00000000,0.00000000,94.69756566,106.72863180,101.68074366,1745.79450000,10012.79648506,7912.94957600
1,685,0.625000,0.245000,89.29817185,0.00000000,192.65424033,259.96768455,0.00000000,0.00000000,78.66539600,89.29817185,84.63532017,1492.48104146,10108.64192636,7912.94957600
1,686,0.514000,0.299000,106.72863180,0.00000000,125.14903198,317.26668441,0.00000000,0.00000000,94.69756566,106.72863180,101.68074366,1745.79450000,10457.80082619,7912.94957600
1,687,0.377000,0.361000,106.72863180,0.00000000,63.34506323,383.05442499,0.00000000,0.00000000,94.69756566,106.72863180,101.68074366,1745.79450000,10806.95972603,7912.94957600
1,688,0.231000,0.431000,0.00000000,106.72863180,104.20961154,350.60227449,0.00000000,0.00000000,94.69756566,106.72863180,101.68074366,1745.79450000,11156.11862586,7912.94957600
1,689,0.085000,0.479000,38.34552806,68.38310374,0.00000000,439.88024687,0.00000000,0.00000000,94.69756566,106.72863180,101.68074366,1745.79450000,11505.27752570,7912.94957600
1,690,0.000000,0.484000,0.00000000,89.29817185,0.00000000,424.27064172,0.00000000,0.00000000,78.66539600,89.29817185,84.63532017,1492.48104146,11601.12296699,7912.94957600
1,691,0.000000,0.462000,0.00000000,106.72863180,0.00000000,383.49614478,0.00000000,0.00000000,94.69756566,106.72863180,101.68074366,1745.79450000,11950.28186683,7912.94957600
1,692,0.000000,0.414000,0.00000000,106.72863180,0.00000000,332.56370046,0.00000000,0.00000000,94.69756566,106.72863180,101.68074366,1745.79450000,12299.44076666,7912.94957600
1,693,0.000000,0.416000,0.00000000,106.72863180,0.00000000,334.68588564,0.00000000,0.00000000,94.69756566,106.72863180,101.68074366,1745.79450000,12648.59966650,7912.94957600
1,694,0.000000,0.459000,0.00000000,106.72863180,0.00000000,380.31286701,0.00000000,0.00000000,94.69756566,106.72863180,101.68074366,1745.79450000,12997.75856634,7912.94957600
1,695,0.000000,0.353000,0.00000000,106.72863180,0.00000000,267.83705247,0.00000000,0.00000000,94.69756566,106.72863180,101.68074366,1745.79450000,13346.91746617,7912.94957600
1,696,0.000000,0.163000,0.00000000,106.72863180,0.00000000,66.22946037,0.00000000,0.00000000,94.69756566,106.72863180,101.68074366,1745.79450000,13696.07636601,7912.94957600
1,697,0.000000,0.113000,0.00000000,106.72863180,0.00000000,13.17483087,0.00000000,0.00000000,94.69756566,106.72863180,101.68074366,1745.79450000,14045.23526584,7912.94957600
1,698,0.000000,0.100000,0.00000000,106.10925900,0.00000000,0.00000000,0.00000000,0.00000000,94.12787961,106.10925900,101.07505272,1736.79327648,14385.39294216,7912.94957600
1,699,0.000000,0.084000,0.00000000,89.13177756,0.00000000,0.00000000,0.16639429,0.00000000,78.66539600,89.29817185,84.63532017,1492.48104146,14481.23838346,7912.94957600
1,700,0.000000,0.067000,0.00000000,2.39428050,0.00000000,68.69892303,0.00000000,0.00000000,0.00000000,2.39428050,0.00000000,0.00000000,13084.60278329,7912.94957600
1,701,0.000000,0.058000,0.00000000,61.54337022,0.00000000,0.00000000,0.00000000,0.00000000,53.27421479,61.54337022,57.53137054,1064.28893594,12752.25611907,7912.94957600
1,702,0.000000,0.057000,0.00000000,57.67001242,0.00000000,2.81226521,0.00000000,0.00000000,49.73928100,57.67001242,53.75120196,1002.98023956,12358.60075846,7912.94957600
1,703,0.039000,0.038000,17.59383052,40.32151842,0.00000000,0.00000000,0.00000000,0.00000000,49.96318191,57.91534894,53.99063592,1006.86350128,11968.82865958,7912.94957600
1,704,0.113000,0.029000,26.89832958,30.77168511,24.07866655,0.00000000,0.00000000,0.00000000,49.73928100,57.67001469,53.75120360,1002.98064984,11575.17370925,7912.94957600
1,705,0.186000,0.021000,83.90903787,22.28294439,0.00000000,0.00000000,0.00000000,0.00000000,94.20396672,106.19198226,101.15594863,1737.99547733,11916.53358641,7912.94957600
1,706,0.246000,0.014000,106.72863180,0.00000000,4.24783763,14.85529626,0.00000000,0.00000000,94.69756566,106.72863180,101.68074366,1745.79450000,12265.69248625,7912.94957600
1,707,0.294000,0.009000,106.72863180,0.00000000,25.90178289,9.54983331,0.00000000,0.00000000,94.69756566,106.72863180,101.68074366,1745.79450000,12614.85138608,7912.94957600
1,708,0.324000,0.006000,106.72863180,0.00000000,39.43549867,6.36655554,0.00000000,0.00000000,94.69756566,106.72863180,101.68074366,1745.79450000,12964.01028592,7912.94957600
1,709,0.317000,0.010000,106.72863180,0.00000000,36.27763166,10.61092590,0.00000000,0.00000000,94.69756566,106.72863180,101.68074366,1745.79450000,13313.16918575,7912.94957600
1,710,0.282000,0.021000,106.72863180,0.00000000,20.48829658,22.28294439,0.00000000,0.00000000,94.69756566,106.72863180,101.68074366,1745.79450000,13662.32808559,7912.94957600
1,711,0.244000,0.045000,106.72863180,0.00000000,3.34558991,47.74916655,0.00000000,0.00000000,94.69756566,106.72863180,101.68074366,1745.79450000,14011.48698543,7912.94957600
1,712,0.177000,0.083000,79.84892313,26.87970867,0.00000000,61.19097630,0.00000000,0.00000000,94.69756566,106.72863180,101.68074366,1745.79450000,14360.64588526,7912.94957600
1,713,0.065000,0.119000,29.32305087,77.40558093,0.00000000,48.86443728,0.00000000,0.00000000,94.69756566,106.72863180,101.68074366,1745.79450000,14709.80478510,7912.94957600
1,714,0.000000,0.173000,0.00000000,106.72863180,0.00000000,76.84038627,0.00000000,0.00000000,94.69756566,106.72863180,101.68074366,1745.79450000,15058.96368493,7912.94957600
1,715,0.000000,0.225000,0.00000000,106.72863180,0.00000000,132.01720095,0.00000000,0.00000000,94.69756566,106.72863180,101.68074366,1745.79450000,15408.12258477,7912.94957600
1,716,0.000000,0.243000,0.00000000,106.72863180,0.00000000,151.11686757,0.00000000,0.00000000,94.69756566,106.72863180,101.68074366,1745.79450000,15757.28148461,7912.94957600
1,717,0.000000,0.214000,0.00000000,106.72863180,0.00000000,120.34518246,0.00000000,0.00000000,94.69756566,106.72863180,101.68074366,1745.79450000,16106.44038444,7912.94957600
1,718,0.000000,0.183000,0.00000000,106.72863180,0.00000000,87.45131217,0.00000000,0.00000000,94.69756566,106.72863180,101.68074366,1745.79450000,16455.59928428,7912.94957600
1,719,0.000000,0.163000,0.00000000,106.72863180,0.00000000,66.22946037,0.00000000,0.00000000,94.69756566,106.72863180,101.68074366,1745.79450000,16804.75818411,7912.94957600
1,720,0.000000,0.152000,0.00000000,106.72863180,0.00000000,54.55744188,0.00000000,0.00000000,94.69756566,106.72863180,101.68074366,1745.79450000,17153.91708395,7912.94957600
1,721,0.000000,0.163000,0.00000000,106.72863180,0.00000000,66.22946037,0.00000000,0.00000000,94.69756566,106.72863180,101.68074366,1745.79450000,17503.07598379,7912.94957600
1,722,0.000000,0.184000,0.00000000,106.72863180,0.00000000,88.51240476,0.00000000,0.00000000,94.69756566,106.72863180,101.68074366,1745.79450000,17852.23488362,7912.94957600
1,723,0.000000,0.202000,0.00000000,106.72863180,0.00000000,107.61207138,0.00000000,0.00000000,94.69756566,106.72863180,101.68074366,1745.79450000,18201.39378346,7912.94957600
1,724,0.000000,0.206000,0.00000000,106.72863180,0.00000000,111.85644174,0.00000000,0.00000000,94.69756566,106.72863180,101.68074366,1745.79450000,18550.55268329,7912.94957600
1,725,0.000000,0.209000,0.00000000,106.72863180,0.00000000,115.03971951,0.00000000,0.00000000,94.69756566,106.72863180,101.68074366,1745.79450000,18899.71158313,7912.94957600
1,726,0.000000,0.209000,0.00000000,106.72863180,0.00000000,115.03971951,0.00000000,0.00000000,94.69756566,106.72863180,101.68074366,1745.79450000,19248.87048297,7912.94957600
1,727,0.076000,0.201000,34.28541332,72.44321848,0.00000000,140.83639211,0.00000000,0.00000000,94.69756566,106.72863180,101.68074366,1745.79450000,19598.02938280,7912.94957600
1,728,0.204000,0.362000,92.02926734,14.69936446,0.00000000,369.41615312,0.00000000,0.00000000,94.69756566,106.72863180,101.68074366,1745.79450000,19947.18828264,7912.94957600
1,729,0.333000,0.391000,106.72863180,0.00000000,43.49561341,414.88720269,0.00000000,0.00000000,94.69756566,106.72863180,101.68074366,1745.79450000,20296.34718247,7912.94957600
1,730,0.435000,0.298000,106.72863180,0.00000000,89.51024708,316.20559182,0.00000000,0.00000000,94.69756566,106.72863180,101.68074366,1745.79450000,20645.50608231,7912.94957600
1,731,0.501000,0.209000,106.72863180,0.00000000,119.28442180,221.76835131,0.00000000,0.00000000,94.69756566,106.72863180,101.68074366,1745.79450000,20994.66498215,7912.94957600
1,732,0.516000,0.154000,106.72863180,0.00000000,126.05127970,163.40825886,0.00000000,0.00000000,94.69756566,106.72863180,101.68074366,1745.79450000,21343.82388198,7912.94957600
1,733,0.500000,0.122000,106.72863180,0.00000000,118.83329794,129.45329598,0.00000000,0.00000000,94.69756566,106.72863180,101.68074366,1745.79450000,21692.98278182,7912.94957600
1,734,0.431000,0.108000,106.72863180,0.00000000,87.70575164,114.59799972,0.00000000,0.00000000,94.69756566,106.72863180,101.68074366,1745.79450000,22042.14168165,7912.94957600
1,735,0.323000,0.109000,106.72863180,0.00000000,38.98437481,115.65909231,0.00000000,0.00000000,94.69756566,106.72863180,101.68074366,1745.79450000,22391.30058149,7912.94957600
1,736,0.176000,0.128000,79.39779927,27.33083253,0.00000000,108.48901899,0.00000000,0.00000000,94.69756566,106.72863180,101.68074366,1745.79450000,22740.45948133,7912.94957600
1,737,0.056000,0.154000,25.26293613,81.46569567,0.00000000,81.94256319,0.00000000,0.00000000,94.69756566,106.72863180,101.68074366,1745.79450000,23089.61838116,7912.94957600
1,738,0.000000,0.206000,0.00000000,106.72863180,0.00000000,111.85644174,0.00000000,0.00000000,94.69756566,106.72863180,101.68074366,1745.79450000,23438.77728100,7912.94957600
1,739,0.000000,0.285000,0.00000000,106.72863180,0.00000000,195.68275635,0.00000000,0.00000000,94.69756566,106.72863180,101.68074366,1745.79450000,23787.93618083,7912.94957600
1,740,0.000000,0.334000,0.00000000,106.72863180,0.00000000,247.67629326,0.00000000,0.00000000,94.69756566,106.72863180,101.68074366,1745.79450000,24137.09508067,7912.94957600
1,741,0.000000,0.344000,0.00000000,106.72863180,0.00000000,258.28721916,0.00000000,0.00000000,94.69756566,106.72863180,101.68074366,1745.79450000,24486.25398051,7912.94957600
1,742,0.000000,0.334000,0.00000000,106.72863180,0.00000000,247.67629326,0.00000000,0.00000000,94.69756566,106.72863180,101.68074366,1745.79450000,24835.41288034,7912.94957600
1,743,0.000000,0.304000,0.00000000,106.72863180,0.00000000,215.84351556,0.00000000,0.00000000,94.69756566,106.72863180,101.68074366,1745.79450000,25184.57178018,7912.94957600
1,744,0.000000,0.266000,0.00000000,106.72863180,0.00000000,175.52199714,0.00000000,0.00000000,94.69756566,106.72863180,101.68074366,1745.79450000,25533.73068001,7912.94957600
2,1,0.000000,0.342000,0.00000000,58.26858255,0.00000000,304.62508324,0.00000000,0.00000000,49.73928100,58.26858255,53.75120196,1002.98023956,24790.91641937,9891.18697000
2,2,0.000000,0.310000,0.00000000,2.99285063,0.00000000,325.94585228,0.00000000,0.00000000,0.00000000,2.99285063,0.00000000,0.00000000,23045.12191916,9891.18697000
2,3,0.000000,0.280000,0.00000000,2.99285063,0.00000000,294.11307458,0.00000000,0.00000000,0.00000000,2.99285063,0.00000000,0.00000000,21299.32741896,9891.18697000
2,4,0.000000,0.277000,0.00000000,2.99285063,0.00000000,290.92979681,0.00000000,0.00000000,0.00000000,2.99285063,0.00000000,0.00000000,19553.53291875,9891.18697000
2,5,0.000000,0.291000,0.00000000,2.99285063,0.00000000,305.78509307,0.00000000,0.00000000,0.00000000,2.99285063,0.00000000,0.00000000,17807.73841855,9891.18697000
2,6,0.000000,0.305000,0.00000000,89.89674172,0.00000000,233.73649824,0.00000000,0.00000000,78.66539600,89.89674172,84.63531998,1492.48099468,17554.42491302,9891.18697000
2,7,0.103000,0.329000,0.00000000,18.95776159,46.46575753,330.14170053,0.00000000,0.00000000,14.20500000,18.95776159,15.48029780,318.82444922,16127.45486203,9891.18697000
2,8,0.282000,0.625000,30.97213678,0.00000000,96.24479160,663.18286876,0.00000000,0.00000000,25.00174700,30.97213678,27.15938407,539.40926699,14921.06962881,9891.18697000
2,9,0.436000,0.730000,30.97213678,0.00000000,165.71786596,774.59759071,0.00000000,0.00000000,25.00174700,30.97213678,27.15938407,539.40926699,13714.68439560,9891.18697000
2,10,0.546000,0.735000,2.99285063,0.00000000,243.32077666,779.90305366,0.00000000,0.00000000,0.00000000,2.99285063,0.00000000,0.00000000,11968.88989540,9891.18697000
2,11,0.606000,0.724000,2.99285063,0.00000000,270.38820823,768.23103517,0.00000000,0.00000000,0.00000000,2.99285063,0.00000000,0.00000000,10223.09539519,9891.18697000
2,12,0.620000,0.711000,44.07720920,0.00000000,235.61958368,754.43683150,0.00000000,0.00000000,36.84682300,44.07720920,39.91750095,767.66948863,9244.97038362,9891.18697000
2,13,0.604000,0.697000,2.99285063,0.00000000,269.48596051,739.58153524,0.00000000,0.00000000,0.00000000,2.99285063,0.00000000,0.00000000,7499.17588342,9891.18697000
2,14,0.535000,0.682000,2.99285063,0.00000000,238.35841420,723.66514639,0.00000000,0.00000000,0.00000000,2.99285063,0.00000000,0.00000000,5753.38138321,9891.18697000
2,15,0.422000,0.674000,89.90747926,0.00000000,100.46678945,715.17640567,0.00000000,0.00000000,78.67527193,89.90747926,84.64582026,1492.63708430,5500.22396730,9891.18697000
2,16,0.265000,0.682000,107.32720193,0.00000000,12.22062084,723.66514639,0.00000000,0.00000000,94.69756566,107.32720193,101.68074366,1745.79450000,5500.22396710,9891.18697000
2,17,0.091000,0.700000,41.05227121,48.84447050,0.00000000,693.92034251,0.00000000,0.00000000,78.66539600,89.89674172,84.63531998,1492.48099468,5246.91046157,9891.18697000
2,18,0.000000,0.679000,0.00000000,107.32720193,0.00000000,613.15466669,0.00000000,0.00000000,94.69756566,107.32720193,101.68074366,1745.79450000,5246.91046136,9891.18697000
2,19,0.000000,0.626000,0.00000000,107.32720193,0.00000000,556.91675942,0.00000000,0.00000000,94.69756566,107.32720193,101.68074366,1745.79450000,5246.91046116,9891.18697000
2,20,0.000000,0.633000,0.00000000,107.32720193,0.00000000,564.34440755,0.00000000,0.00000000,94.69756566,107.32720193,101.68074366,1745.79450000,5246.91046095,9891.18697000
2,21,0.000000,0.594000,0.00000000,107.32720193,0.00000000,522.96179654,0.00000000,0.00000000,94.69756566,107.32720193,101.68074366,1745.79450000,5246.91046075,9891.18697000
2,22,0.000000,0.538000,0.00000000,89.89674197,0.00000000,480.97107145,0.00000000,0.00000000,78.66539600,89.89674197,84.63532017,1492.48104146,4993.59700200,9891.18697000
2,23,0.000000,0.455000,0.00000000,107.32720193,0.00000000,375.46992653,0.00000000,0.00000000,94.69756566,107.32720193,101.68074366,1745.79450000,4993.59700179,9891.18697000
2,24,0.000000,0.359000,0.00000000,89.89674197,0.00000000,291.03549784,0.00000000,0.00000000,78.66539600,89.89674197,84.63532017,1492.48104146,4740.28354304,9891.18697000
2,25,0.000000,0.310000,0.00000000,89.89674197,0.00000000,239.04196093,0.00000000,0.00000000,78.66539600,89.89674197,84.63532017,1492.48104146,4486.97008430,9891.18697000
2,26,0.000000,0.283000,0.00000000,107.32720193,0.00000000,192.96200105,0.00000000,0.00000000,94.69756566,107.32720193,101.68074366,1745.79450000,4486.97008409,9891.18697000
2,27,0.000000,0.278000,0.00000000,107.32720193,0.00000000,187.65653810,0.00000000,0.00000000,94.69756566,107.32720193,101.68074366,1745.79450000,4486.97008389,9891.18697000
2,28,0.000000,0.289000,0.00000000,89.89674197,0.00000000,216.75901654,0.00000000,0.00000000,78.66539600,89.89674197,84.63532017,1492.48104146,4233.65662514,9891.18697000
2,29,0.000000,0.289000,0.00000000,107.32720193,0.00000000,199.32855659,0.00000000,0.00000000,94.69756566,107.32720193,101.68074366,1745.79450000,4233.65662493,9891.18697000
2,30,0.000000,0.268000,0.00000000,107.32720193,0.00000000,177.04561220,0.00000000,0.00000000,94.69756566,107.32720193,101.68074366,1745.79450000,4233.65662473,9891.18697000
2,31,0.106000,0.231000,47.81912911,42.07761261,0.00000000,203.03477568,0.00000000,0.00000000,78.66539600,89.89674172,84.63531998,1492.48099468,3980.34311920,9891.18697000
2,32,0.289000,0.437000,107.32720193,0.00000000,23.04759347,463.69746183,0.00000000,0.00000000,94.69756566,107.32720193,101.68074366,1745.79450000,3980.34311899,9891.18697000
2,33,0.443000,0.388000,18.95776159,0.00000000,180.89010817,411.70392492,0.00000000,0.00000000,14.20500000,18.95776159,15.48029780,318.82444922,2553.37306800,9891.18697000
2,34,0.551000,0.308000,107.32720193,0.00000000,141.24204465,326.81651772,0.00000000,0.00000000,94.69756566,107.32720193,101.68074366,1745.79450000,2553.37306800,9891.18696884
2,35,0.613000,0.263000,107.32720192,0.00000000,169.21172394,279.06735117,0.00000000,0.00000000,94.69756566,107.32720192,101.68074366,1745.79450000,2553.37306841,9891.18696652
2,36,0.630000,0.253000,107.32720193,0.00000000,176.88082955,268.45642527,0.00000000,0.00000000,94.69756566,107.32720193,101.68074366,1745.79450000,2553.37306821,9891.18697000
2,37,0.602000,0.271000,107.32720193,0.00000000,164.24936149,287.55609189,0.00000000,0.00000000,94.69756566,107.32720193,101.68074366,1745.79450000,2553.37306800,9891.18697000
2,38,0.529000,0.300000,106.89294157,0.00000000,131.75158010,318.32777778,0.00000000,0.00000000,94.69756566,106.89294157,101.68074366,1745.79450000,2806.68652675,8455.98323655
2,39,0.415000,0.336000,89.89674197,0.00000000,97.31965971,356.52711024,0.00000000,0.00000000,78.66539600,89.89674197,84.63532017,1492.48104146,2553.37306800,9891.18697000
2,40,0.260000,0.381000,106.89294149,0.00000000,10.39926198,404.27627679,0.00000000,0.00000000,94.69756566,106.89294149,101.68074366,1745.79450000,2806.68657353,8455.98297150
2,41,0.078000,0.444000,0.00000000,89.89674172,35.18766104,381.22836825,0.00000000,0.00000000,78.66539600,89.89674172,84.63531998,1492.48099468,2553.37306800,9891.18697000
2,42,0.000000,0.462000,0.00000000,107.32720192,0.00000000,382.89757466,0.00000000,0.00000000,94.69756566,107.32720192,101.68074366,1745.79450000,2553.37306882,9891.18696419
2,43,0.000000,0.433000,0.00000000,107.32720193,0.00000000,352.12588955,0.00000000,0.00000000,94.69756566,107.32720193,101.68074366,1745.79450000,2553.37306862,9891.18697000
2,44,0.000000,0.391000,0.00000000,107.32720193,0.00000000,307.56000077,0.00000000,0.00000000,94.69756566,107.32720193,101.68074366,1745.79450000,2553.37306841,9891.18697000
2,45,0.000000,0.370000,0.00000000,107.32720193,0.00000000,285.27705638,0.00000000,0.00000000,94.69756566,107.32720193,101.68074366,1745.79450000,2553.37306821,9891.18697000
2,46,0.000000,0.331000,0.00000000,107.32720193,0.00000000,243.89444444,0.00000000,0.00000000,94.69756566,107.32720193,101.68074366,1745.79450000,2553.37306800,9891.18697000
2,47,0.000000,0.328000,0.00000000,107.32720193,0.00000000,240.71116760,0.00000000,0.00000000,94.69756566,107.32720193,101.68074366,1745.79450000,2553.37306780,9891.18697000
2,48,0.000000,0.302000,0.00000000,107.32720195,0.00000000,213.12276023,0.00000000,0.00000000,94.69756569,107.32720195,101.68074369,1745.79450041,2553.37306800,9891.18697000
2,49,0.000000,0.302000,0.00000000,106.72863180,0.00000000,213.72133038,0.00000000,0.00000000,94.69756566,106.72863180,101.68074366,1745.79450000,2902.53196784,7912.94957600
2,50,0.000000,0.296000,0.00000000,107.32720193,0.00000000,206.75620472,0.00000000,0.00000000,94.69756566,107.32720193,101.68074366,1745.79450000,2902.53196763,9891.18697000
2,51,0.000000,0.272000,0.00000000,107.32720193,0.00000000,181.28998256,0.00000000,0.00000000,94.69756566,107.32720193,101.68074366,1745.79450000,2902.53196743,9891.18697000
2,52,0.000000,0.256000,0.00000000,106.72863180,0.00000000,164.91107124,0.00000000,0.00000000,94.69756566,106.72863180,101.68074366,1745.79450000,3251.69086726,7912.94957600
2,53,0.000000,0.257000,0.00000000,106.72863180,0.00000000,165.97216383,0.00000000,0.00000000,94.69756566,106.72863180,101.68074366,1745.79450000,3600.84976710,7912.94957600
2,54,0.000000,0.254000,0.00000000,106.72863180,0.00000000,162.78888606,0.00000000,0.00000000,94.69756566,106.72863180,101.68074366,1745.79450000,3950.00866694,7912.94957600
2,55,0.094000,0.255000,42.40564279,64.32298901,0.00000000,206.25562144,0.00000000,0.00000000,94.69756566,106.72863180,101.68074366,1745.79450000,4299.16756677,7912.94957600
2,56,0.268000,0.425000,107.32720193,0.00000000,13.57399242,450.96435075,0.00000000,0.00000000,94.69756566,107.32720193,101.68074366,1745.79450000,4299.16756657,9891.18697000
2,57,0.418000,0.450000,89.29817185,0.00000000,99.27160142,477.49166550,0.00000000,0.00000000,78.66539600,89.29817185,84.63532017,1492.48104146,4395.01300786,7912.94957600
2,58,0.522000,0.443000,107.32720193,0.00000000,128.15945273,470.06401737,0.00000000,0.00000000,94.69756566,107.32720193,101.68074366,1745.79450000,4395.01300765,9891.18697000
2,59,0.582000,0.448000,107.32720193,0.00000000,155.22688430,475.36948032,0.00000000,0.00000000,94.69756566,107.32720193,101.68074366,1745.79450000,4395.01300745,9891.18697000
2,60,0.596000,0.468000,0.00000000,106.72863180,268.86982026,389.86270032,0.00000000,0.00000000,94.69756566,106.72863180,101.68074366,1745.79450000,4744.17190728,7912.94957600
2,61,0.567000,0.493000,107.32720193,0.00000000,148.46002640,523.11864688,0.00000000,0.00000000,94.69756566,107.32720193,101.68074366,1745.79450000,4744.17190708,9891.18697000
2,62,0.503000,0.517000,107.32720193,0.00000000,119.58809940,548.58486904,0.00000000,0.00000000,94.69756566,107.32720193,101.68074366,1745.79450000,4744.17190687,9891.18697000
2,63,0.394000,0.546000,107.32720193,0.00000000,70.41559871,579.35655415,0.00000000,0.00000000,94.69756566,107.32720193,101.68074366,1745.79450000,4744.17190667,9891.18697000
2,64,0.240000,0.583000,106.72863180,0.00000000,1.54109448,618.61697998,0.00000000,0.00000000,94.69756566,106.72863180,101.68074366,1745.79450000,5093.33080651,7912.94957600
2,65,0.075000,0.606000,33.83428946,56.06245225,0.00000000,586.95965729,0.00000000,0.00000000,78.66539600,89.89674172,84.63531998,1492.48099468,4840.01730098,9891.18697000
2,66,0.000000,0.582000,0.00000000,106.72863180,0.00000000,510.82725559,0.00000000,0.00000000,94.69756566,106.72863180,101.68074366,1745.79450000,5189.17620081,7912.94957600
2,67,0.000000,0.532000,0.00000000,106.72863180,0.00000000,457.77262609,0.00000000,0.00000000,94.69756566,106.72863180,101.68074366,1745.79450000,5538.33510065,7912.94957600
2,68,0.000000,0.487000,0.00000000,107.32720193,0.00000000,409.42488941,0.00000000,0.00000000,94.69756566,107.32720193,101.68074366,1745.79450000,5538.33510044,9891.18697000
2,69,0.000000,0.428000,0.00000000,106.72863180,0.00000000,347.41899672,0.00000000,0.00000000,94.69756566,106.72863180,101.68074366,1745.79450000,5887.49400028,7912.94957600
2,70,0.000000,0.369000,0.00000000,107.32720193,0.00000000,284.21596379,0.00000000,0.00000000,94.69756566,107.32720193,101.68074366,1745.79450000,5887.49400007,9891.18697000
2,71,0.000000,0.327000,0.00000000,107.32720193,0.00000000,239.65007501,0.00000000,0.00000000,94.69756566,107.32720193,101.68074366,1745.79450000,5887.49399987,9891.18697000
2,72,0.000000,0.289000,0.00000000,106.72863180,0.00000000,199.92712671,0.00000000,0.00000000,94.69756566,106.72863180,101.68074366,1745.79450000,6236.65289970,7912.94957600
2,73,0.000000,0.285000,0.00000000,107.32720193,0.00000000,195.08418623,0.00000000,0.00000000,94.69756566,107.32720193,101.68074366,1745.79450000,6236.65289950,9891.18697000
2,74,0.000000,0.304000,0.00000000,58.26858481,0.00000000,264.30356255,0.00000000,0.00000000,49.73928100,58.26858481,53.75120360,1002.98064984,5493.83904913,9891.18697000
2,75,0.000000,0.308000,0.00000000,107.32720193,0.00000000,219.48931580,0.00000000,0.00000000,94.69756566,107.32720193,101.68074366,1745.79450000,5493.83904893,9891.18697000
2,76,0.000000,0.324000,0.00000000,106.72863180,0.00000000,237.06536736,0.00000000,0.00000000,94.69756566,106.72863180,101.68074366,1745.79450000,5842.99794876,7912.94957600
2,77,0.000000,0.331000,0.00000000,107.32720193,0.00000000,243.89444444,0.00000000,0.00000000,94.69756566,107.32720193,101.68074366,1745.79450000,5842.99794856,9891.18697000
2,78,0.000000,0.328000,0.00000000,107.32720193,0.00000000,240.71116760,0.00000000,0.00000000,94.69756566,107.32720193,101.68074366,1745.79450000,5842.99794835,9891.18697000
2,79,0.098000,0.344000,0.00000000,57.67001469,44.21013823,307.34583628,0.00000000,0.00000000,49.73928100,57.67001469,53.75120360,1002.98064984,5449.34299802,7912.94957600
2,80,0.286000,0.470000,0.00000000,89.89674172,129.02142381,408.81677559,0.00000000,0.00000000,78.66539600,89.89674172,84.63531998,1492.48099468,5196.02949249,9891.18697000
2,81,0.444000,0.505000,89.89674197,0.00000000,110.40225164,535.85175796,0.00000000,0.00000000,78.66539600,89.89674197,84.63532017,1492.48104146,4942.71603374,9891.18697000
2,82,0.554000,0.504000,106.72863180,0.00000000,143.19398636,534.79066537,0.00000000,0.00000000,94.69756566,106.72863180,101.68074366,1745.79450000,5291.87493358,7912.94957600
2,83,0.618000,0.498000,0.00000000,57.67001469,278.79454516,470.75409514,0.00000000,0.00000000,49.73928100,57.67001469,53.75120360,1002.98064984,4898.21998325,7912.94957600
2,84,0.635000,0.501000,107.32720193,0.00000000,179.13644885,531.60738760,0.00000000,0.00000000,94.69756566,107.32720193,101.68074366,1745.79450000,4898.21998305,9891.18697000
2,85,0.607000,0.502000,57.67001469,0.00000000,216.16216802,532.66848019,0.00000000,0.00000000,49.73928100,57.67001469,53.75120360,1002.98064984,4504.56503272,7912.94957600
2,86,0.539000,0.516000,107.32720193,0.00000000,135.82855834,547.52377645,0.00000000,0.00000000,94.69756566,107.32720193,101.68074366,1745.79450000,4504.56503251,9891.18697000
2,87,0.425000,0.552000,0.00000000,30.37356422,191.72764028,555.34954546,0.00000000,0.00000000,25.00174700,30.37356422,27.15938231,539.40882693,3647.33825927,7912.94957600
2,88,0.265000,0.590000,107.32720193,0.00000000,12.22062084,626.04462811,0.00000000,0.00000000,94.69756566,107.32720193,101.68074366,1745.79450000,3647.33825907,9891.18697000
2,89,0.084000,0.607000,0.00000000,107.32720193,37.89440420,536.75600021,0.00000000,0.00000000,94.69756566,107.32720193,101.68074366,1745.79450000,3647.33825886,9891.18697000
2,90,0.000000,0.570000,0.00000000,107.06213263,0.00000000,497.76064367,0.00000000,0.00000000,94.69756566,107.06213263,101.68074366,1745.79450000,3801.95890943,9015.14928857
2,91,0.000000,0.517000,0.00000000,57.67001469,0.00000000,490.91485435,0.00000000,0.00000000,49.73928100,57.67001469,53.75120360,1002.98064984,3408.30395910,7912.94957600
2,92,0.000000,0.544000,0.00000000,106.72863180,0.00000000,470.50573717,0.00000000,0.00000000,94.69756566,106.72863180,101.68074366,1745.79450000,3757.46285894,7912.94957600
2,93,0.000000,0.532000,0.00000000,107.32720193,0.00000000,457.17405596,0.00000000,0.00000000,94.69756566,107.32720193,101.68074366,1745.79450000,3757.46285873,9891.18697000
2,94,0.000000,0.466000,0.00000000,106.72863180,0.00000000,387.74051514,0.00000000,0.00000000,94.69756566,106.72863180,101.68074366,1745.79450000,4106.62175857,7912.94957600
2,95,0.000000,0.394000,0.00000000,73.54194353,0.00000000,344.52853693,0.00000000,0.00000000,63.67817400,73.54194353,68.65710075,1244.73168631,3605.55894468,9891.18697000
2,96,0.000000,0.320000,0.00000000,107.32720193,0.00000000,232.22242688,0.00000000,0.00000000,94.69756566,107.32720193,101.68074366,1745.79450000,3605.55894447,9891.18697000
2,97,0.000000,0.280000,0.00000000,73.54194353,0.00000000,223.56398167,0.00000000,0.00000000,63.67817400,73.54194353,68.65710075,1244.73168631,3104.49613058,9891.18697000
2,98,0.000000,0.259000,0.00000000,106.72863180,0.00000000,168.09434901,0.00000000,0.00000000,94.69756566,106.72863180,101.68074366,1745.79450000,3453.65503041,7912.94957600
2,99,0.000000,0.249000,0.00000000,107.32720193,0.00000000,156.88485299,0.00000000,0.00000000,94.69756566,107.32720193,101.68074366,1745.79450000,3453.65503021,9891.18697000
2,100,0.000000,0.251000,0.00000000,107.32720193,0.00000000,159.00703817,0.00000000,0.00000000,94.69756566,107.32720193,101.68074366,1745.79450000,3453.65503000,9891.18697000
2,101,0.000000,0.261000,0.00000000,107.32720193,0.00000000,169.61796407,0.00000000,0.00000000,94.69756566,107.32720193,101.68074366,1745.79450000,3453.65502980,9891.18697000
2,102,0.000000,0.270000,0.00000000,89.89674172,0.00000000,196.59825759,0.00000000,0.00000000,78.66539600,89.89674172,84.63531998,1492.48099468,3200.34152427,9891.18697000
2,103,0.105000,0.339000,47.36800525,42.52873647,0.00000000,317.18165154,0.00000000,0.00000000,78.66539600,89.89674172,84.63531998,1492.48099468,2947.02801874,9891.18697000
2,104,0.287000,0.576000,107.32720193,0.00000000,22.14534575,611.18933185,0.00000000,0.00000000,94.69756566,107.32720193,101.68074366,1745.79450000,2947.02801853,9891.18697000
2,105,0.442000,0.594000,106.72863180,0.00000000,92.66811409,630.28899847,0.00000000,0.00000000,94.69756566,106.72863180,101.68074366,1745.79450000,3296.18691837,7912.94957600
2,106,0.548000,0.548000,0.00000000,58.26858481,247.21587500,523.21015451,0.00000000,0.00000000,49.73928100,58.26858481,53.75120360,1002.98064984,2553.37306800,9891.18697000
2,107,0.609000,0.486000,107.25092145,0.00000000,167.48350898,515.69099875,0.00000000,0.00000000,94.69756566,107.25092145,101.68074366,1745.79450000,2597.86911849,9639.08469976
2,108,0.627000,0.442000,106.72863180,0.00000000,176.12602810,469.00292478,0.00000000,0.00000000,94.69756566,106.72863180,101.68074366,1745.79450000,2947.02801833,7912.94957600
2,109,0.601000,0.428000,0.00000000,57.67001469,271.12543955,396.47761384,0.00000000,0.00000000,49.73928100,57.67001469,53.75120360,1002.98064984,2553.37306800,7912.94957600
2,110,0.537000,0.442000,106.72863180,0.00000000,135.52488075,469.00292478,0.00000000,0.00000000,94.69756566,106.72863180,101.68074366,1745.79450000,2902.53196784,7912.94957600
2,111,0.419000,0.488000,106.72863180,0.00000000,82.29226533,517.81318393,0.00000000,0.00000000,94.69756566,106.72863180,101.68074366,1745.79450000,3251.69086767,7912.94957600
2,112,0.267000,0.550000,106.72863180,0.00000000,13.72143868,583.60092451,0.00000000,0.00000000,94.69756566,106.72863180,101.68074366,1745.79450000,3600.84976751,7912.94957600
2,113,0.090000,0.618000,40.60114735,17.06886733,0.00000000,638.68635329,0.00000000,0.00000000,49.73928100,57.67001469,53.75120360,1002.98064984,3207.19481718,7912.94957600
2,114,0.000000,0.655000,0.00000000,106.72863180,0.00000000,588.28701466,0.00000000,0.00000000,94.69756566,106.72863180,101.68074366,1745.79450000,3556.35371702,7912.94957600
2,115,0.000000,0.669000,0.00000000,57.67001242,0.00000000,652.20093029,0.00000000,0.00000000,49.73928100,57.67001242,53.75120196,1002.98023956,3162.69835641,7912.94957600
2,116,0.000000,0.655000,0.00000000,106.72863180,0.00000000,588.28701466,0.00000000,0.00000000,94.69756566,106.72863180,101.68074366,1745.79450000,3511.85725625,7912.94957600
2,117,0.000000,0.621000,0.00000000,24.85846682,0.00000000,634.08003158,0.00000000,0.00000000,20.04559053,24.85846682,21.79819617,438.15141192,2553.37306800,7912.94957600
2,118,0.000000,0.583000,0.00000000,106.72863180,0.00000000,511.88834818,0.00000000,0.00000000,94.69756566,106.72863180,101.68074366,1745.79450000,2902.53196784,7912.94957600
2,119,0.000000,0.539000,0.00000000,106.72863180,0.00000000,465.20027422,0.00000000,0.00000000,94.69756566,106.72863180,101.68074366,1745.79450000,3251.69086767,7912.94957600
2,120,0.000000,0.477000,0.00000000,106.72863180,0.00000000,399.41253363,0.00000000,0.00000000,94.69756566,106.72863180,101.68074366,1745.79450000,3600.84976751,7912.94957600
2,121,0.000000,0.422000,0.00000000,106.72863180,0.00000000,341.05244118,0.00000000,0.00000000,94.69756566,106.72863180,101.68074366,1745.79450000,3950.00866735,7912.94957600
2,122,0.000000,0.361000,0.00000000,106.72863180,0.00000000,276.32579319,0.00000000,0.00000000,94.69756566,106.72863180,101.68074366,1745.79450000,4299.16756718,7912.94957600
2,123,0.000000,0.305000,0.00000000,106.72863180,0.00000000,216.90460815,0.00000000,0.00000000,94.69756566,106.72863180,101.68074366,1745.79450000,4648.32646702,7912.94957600
2,124,0.000000,0.259000,0.00000000,57.67001469,0.00000000,217.15296613,0.00000000,0.00000000,49.73928100,57.67001469,53.75120360,1002.98064984,4254.67151669,7912.94957600
2,125,0.000000,0.234000,0.00000000,106.72863180,0.00000000,141.56703426,0.00000000,0.00000000,94.69756566,106.72863180,101.68074366,1745.79450000,4603.83041653,7912.94957600
2,126,0.000000,0.221000,0.00000000,30.37356422,0.00000000,204.12789817,0.00000000,0.00000000,25.00174700,30.37356422,27.15938231,539.40882693,3746.60364329,7912.94957600
2,127,0.104000,0.277000,46.91688139,10.75313104,0.00000000,283.16951640,0.00000000,0.00000000,49.73928100,57.67001242,53.75120196,1002.98023956,3352.94828268,7912.94957600
2,128,0.287000,0.467000,89.29817185,0.00000000,40.17437582,495.53023954,0.00000000,0.00000000,78.66539600,89.29817185,84.63532017,1492.48104146,3448.79372397,7912.94957600
2,129,0.442000,0.418000,106.72863180,0.00000000,92.66811409,443.53670262,0.00000000,0.00000000,94.69756566,106.72863180,101.68074366,1745.79450000,3797.95262381,7912.94957600
2,130,0.553000,0.337000,0.00000000,57.67001469,249.47149430,299.91818815,0.00000000,0.00000000,49.73928100,57.67001469,53.75120360,1002.98064984,3404.29767348,7912.94957600
2,131,0.617000,0.265000,89.29817185,0.00000000,189.04524946,281.18953635,0.00000000,0.00000000,78.66539600,89.29817185,84.63532017,1492.48104146,3500.14311477,7912.94957600
2,132,0.635000,0.210000,106.72863180,0.00000000,179.73501898,222.82944390,0.00000000,0.00000000,94.69756566,106.72863180,101.68074366,1745.79450000,3849.30201461,7912.94957600
2,133,0.603000,0.171000,43.47863956,0.00000000,228.54904771,181.44683289,0.00000000,0.00000000,36.84682300,43.47863956,39.91750131,767.66957627,3220.33599071,7912.94957600
2,134,0.531000,0.161000,89.29817185,0.00000000,150.24859754,170.83590699,0.00000000,0.00000000,78.66539600,89.29817185,84.63532017,1492.48104146,3316.18143200,7912.94957600
2,135,0.422000,0.185000,106.72863180,0.00000000,83.64563690,196.30212915,0.00000000,0.00000000,94.69756566,106.72863180,101.68074366,1745.79450000,3665.34033184,7912.94957600
2,136,0.270000,0.254000,72.94337341,0.00000000,48.86006865,269.51751786,0.00000000,0.00000000,63.67817400,72.94337341,68.65710075,1244.73168631,3513.43641799,7912.94957600
2,137,0.088000,0.416000,39.69889964,49.59927221,0.00000000,391.81524523,0.00000000,0.00000000,78.66539600,89.29817185,84.63532017,1492.48104146,3609.28185928,7912.94957600
2,138,0.000000,0.608000,0.00000000,106.72863180,0.00000000,538.41566293,0.00000000,0.00000000,94.69756566,106.72863180,101.68074366,1745.79450000,3958.44075911,7912.94957600
2,139,0.000000,0.654000,0.00000000,106.72863180,0.00000000,587.22592207,0.00000000,0.00000000,94.69756566,106.72863180,101.68074366,1745.79450000,4307.59965895,7912.94957600
2,140,0.000000,0.661000,0.00000000,106.72863180,0.00000000,594.65357020,0.00000000,0.00000000,94.69756566,106.72863180,101.68074366,1745.79450000,4656.75855879,7912.94957600
2,141,0.000000,0.615000,0.00000000,107.32720193,0.00000000,545.24474093,0.00000000,0.00000000,94.69756566,107.32720193,101.68074366,1745.79450000,4656.75855858,9891.18697000
2,142,0.000000,0.556000,0.00000000,107.32720193,0.00000000,482.64027812,0.00000000,0.00000000,94.69756566,107.32720193,101.68074366,1745.79450000,4656.75855838,9891.18697000
2,143,0.000000,0.488000,0.00000000,107.32720193,0.00000000,410.48598200,0.00000000,0.00000000,94.69756566,107.32720193,101.68074366,1745.79450000,4656.75855817,9891.18697000
2,144,0.000000,0.402000,0.00000000,107.32720193,0.00000000,319.23201926,0.00000000,0.00000000,94.69756566,107.32720193,101.68074366,1745.79450000,4656.75855797,9891.18697000
2,145,0.000000,0.283000,0.00000000,73.54194353,0.00000000,226.74725944,0.00000000,0.00000000,63.67817400,73.54194353,68.65710075,1244.73168631,4155.69574407,9891.18697000
2,146,0.000000,0.200000,0.00000000,57.67001469,0.00000000,154.54850331,0.00000000,0.00000000,49.73928100,57.67001469,53.75120360,1002.98064984,3762.04079374,7912.94957600
2,147,0.000000,0.150000,0.00000000,106.72863180,0.00000000,52.43525670,0.00000000,0.00000000,94.69756566,106.72863180,101.68074366,1745.79450000,4111.19969358,7912.94957600
2,148,0.000000,0.159000,0.00000000,72.94337341,0.00000000,95.77034840,0.00000000,0.00000000,63.67817400,72.94337341,68.65710075,1244.73168631,3959.29577973,7912.94957600
2,149,0.000000,0.177000,0.00000000,106.72863180,0.00000000,81.08475663,0.00000000,0.00000000,94.69756566,106.72863180,101.68074366,1745.79450000,4308.45467956,7912.94957600
2,150,0.000000,0.167000,0.00000000,106.72863180,0.00000000,70.47383073,0.00000000,0.00000000,94.69756566,106.72863180,101.68074366,1745.79450000,4657.61357940,7912.94957600
2,151,0.103000,0.171000,0.00000000,89.89674172,46.46575753,91.55009118,0.00000000,0.00000000,78.66539600,89.89674172,84.63531998,1492.48099468,4404.30007387,9891.18697000
2,152,0.287000,0.259000,106.72863180,0.00000000,22.74391587,274.82298081,0.00000000,0.00000000,94.69756566,106.72863180,101.68074366,1745.79450000,4753.45897371,7912.94957600
2,153,0.443000,0.256000,106.72863180,0.00000000,93.11923795,271.63970304,0.00000000,0.00000000,94.69756566,106.72863180,101.68074366,1745.79450000,5102.61787354,7912.94957600
2,154,0.555000,0.237000,0.00000000,44.07720920,250.37374202,207.40173463,0.00000000,0.00000000,36.84682300,44.07720920,39.91750095,767.66948863,4124.49286197,9891.18697000
2,155,0.618000,0.221000,106.72863180,0.00000000,172.06591336,234.50146239,0.00000000,0.00000000,94.69756566,106.72863180,101.68074366,1745.79450000,4473.65176181,7912.94957600
2,156,0.636000,0.208000,0.00000000,57.76051001,286.91477464,162.94674871,0.00000000,0.00000000,49.73928100,57.76051001,53.75120196,1002.98023956,4027.20720033,8212.03853279
2,157,0.611000,0.206000,89.89674197,0.00000000,185.73993617,218.58507354,0.00000000,0.00000000,78.66539600,89.89674197,84.63532017,1492.48104146,3773.89374158,9891.18697000
2,158,0.543000,0.224000,106.72863180,0.00000000,138.23162390,237.68474016,0.00000000,0.00000000,94.69756566,106.72863180,101.68074366,1745.79450000,4123.05264141,7912.94957600
2,159,0.429000,0.264000,0.00000000,58.26858481,193.53213572,221.85985895,0.00000000,0.00000000,49.73928100,58.26858481,53.75120360,1002.98064984,3380.23879105,9891.18697000
2,160,0.264000,0.338000,0.00000000,57.67001469,119.09669891,300.97928074,0.00000000,0.00000000,49.73928100,57.67001469,53.75120360,1002.98064984,2986.58384072,7912.94957600
2,161,0.075000,0.484000,33.83428946,72.89434234,0.00000000,440.67447123,0.00000000,0.00000000,94.69756566,106.72863180,101.68074366,1745.79450000,3335.74274055,7912.94957600
2,162,0.000000,0.633000,0.00000000,106.72863180,0.00000000,564.94297768,0.00000000,0.00000000,94.69756566,106.72863180,101.68074366,1745.79450000,3684.90164039,7912.94957600
2,163,0.000000,0.686000,0.00000000,106.72863180,0.00000000,621.18088495,0.00000000,0.00000000,94.69756566,106.72863180,101.68074366,1745.79450000,4034.06054022,7912.94957600
2,164,0.000000,0.679000,0.00000000,106.72863180,0.00000000,613.75323682,0.00000000,0.00000000,94.69756566,106.72863180,101.68074366,1745.79450000,4383.21944006,7912.94957600
2,165,0.000000,0.622000,0.00000000,106.72863180,0.00000000,553.27095919,0.00000000,0.00000000,94.69756566,106.72863180,101.68074366,1745.79450000,4732.37833990,7912.94957600
2,166,0.000000,0.543000,0.00000000,106.72863180,0.00000000,469.44464458,0.00000000,0.00000000,94.69756566,106.72863180,101.68074366,1745.79450000,5081.53723973,7912.94957600
2,167,0.000000,0.459000,0.00000000,43.47863956,0.00000000,443.56285925,0.00000000,0.00000000,36.84682300,43.47863956,39.91750131,767.66957627,4452.57121584,7912.94957600
2,168,0.000000,0.354000,0.00000000,106.72863180,0.00000000,268.89814506,0.00000000,0.00000000,94.69756566,106.72863180,101.68074366,1745.79450000,4801.73011567,7912.94957600
2,169,0.000000,0.264000,0.00000000,57.67001469,0.00000000,222.45842908,0.00000000,0.00000000,49.73928100,57.67001469,53.75120360,1002.98064984,4408.07516535,7912.94957600
2,170,0.000000,0.210000,0.00000000,106.72863180,0.00000000,116.10081210,0.00000000,0.00000000,94.69756566,106.72863180,101.68074366,1745.79450000,4757.23406518,7912.94957600
2,171,0.000000,0.172000,0.00000000,43.47863956,0.00000000,139.02928592,0.00000000,0.00000000,36.84682300,43.47863956,39.91750131,767.66957627,4128.26804129,7912.94957600
2,172,0.000000,0.176000,0.00000000,72.94337341,0.00000000,113.80892243,0.00000000,0.00000000,63.67817400,72.94337341,68.65710075,1244.73168631,3976.36412743,7912.94957600
2,173,0.000000,0.208000,0.00000000,106.72863180,0.00000000,113.97862692,0.00000000,0.00000000,94.69756566,106.72863180,101.68074366,1745.79450000,4325.52302727,7912.94957600
2,174,0.000000,0.240000,0.00000000,106.72863180,0.00000000,147.93358980,0.00000000,0.00000000,94.69756566,106.72863180,101.68074366,1745.79450000,4674.68192711,7912.94957600
2,175,0.107000,0.383000,0.00000000,72.94337341,48.27025297,333.45508857,0.00000000,0.00000000,63.67817400,72.94337341,68.65710075,1244.73168631,4522.77801325,7912.94957600
2,176,0.293000,0.527000,106.72863180,0.00000000,25.45065903,559.19579494,0.00000000,0.00000000,94.69756566,106.72863180,101.68074366,1745.79450000,4871.93691309,7912.94957600
2,177,0.449000,0.512000,106.72863180,0.00000000,95.82598111,543.27940609,0.00000000,0.00000000,94.69756566,106.72863180,101.68074366,1745.79450000,5221.09581293,7912.94957600
2,178,0.559000,0.459000,0.00000000,30.37356422,252.17823745,456.66793459,0.00000000,0.00000000,25.00174700,30.37356422,27.15938231,539.40882693,4363.86903969,7912.94957600
2,179,0.621000,0.413000,0.00000000,57.67001469,280.14791674,380.56122499,0.00000000,0.00000000,49.73928100,57.67001469,53.75120360,1002.98064984,3970.21408936,7912.94957600
2,180,0.640000,0.386000,0.00000000,43.47863956,288.71927007,366.10310018,0.00000000,0.00000000,36.84682300,43.47863956,39.91750131,767.66957627,3341.24806546,7912.94957600
2,181,0.609000,0.380000,106.72863180,0.00000000,168.00579863,403.21518420,0.00000000,0.00000000,94.69756566,106.72863180,101.68074366,1745.79450000,3690.40696530,7912.94957600
2,182,0.520000,0.394000,0.00000000,43.47863956,234.58440693,374.59184090,0.00000000,0.00000000,36.84682300,43.47863956,39.91750131,767.66957627,3061.44094140,7912.94957600
2,183,0.383000,0.436000,106.72863180,0.00000000,66.05180638,462.63636924,0.00000000,0.00000000,94.69756566,106.72863180,101.68074366,1745.79450000,3410.59984124,7912.94957600
2,184,0.190000,0.538000,0.00000000,30.37356422,85.71353330,540.49424920,0.00000000,0.00000000,25.00174700,30.37356422,27.15938231,539.40882693,2553.37306800,7912.94957600
2,185,0.051000,0.675000,23.00731683,83.72131497,0.00000000,632.51618329,0.00000000,0.00000000,94.69756566,106.72863180,101.68074366,1745.79450000,2902.53196784,7912.94957600
2,186,0.000000,0.762000,0.00000000,106.81666109,0.00000000,701.73589249,0.00000000,0.00000000,94.69756566,106.81666109,101.68074366,1745.79450000,3200.34147708,8203.88096747
2,187,0.000000,0.805000,0.00000000,89.89674197,0.00000000,764.28279298,0.00000000,0.00000000,78.66539600,89.89674197,84.63532017,1492.48104146,2947.02801833,9891.18697000
2,188,0.000000,0.821000,0.00000000,57.67001469,0.00000000,813.48700171,0.00000000,0.00000000,49.73928100,57.67001469,53.75120360,1002.98064984,2553.37306800,7912.94957600
2,189,0.000000,0.795000,0.00000000,107.32720193,0.00000000,736.24140713,0.00000000,0.00000000,94.69756566,107.32720193,101.68074366,1745.79450000,2553.37306821,9891.18696768
2,190,0.000000,0.768000,0.00000000,107.32720193,0.00000000,707.59190720,0.00000000,0.00000000,94.69756566,107.32720193,101.68074366,1745.79450000,2553.37306800,9891.18697000
2,191,0.000000,0.722000,0.00000000,107.32720193,0.00000000,658.78164806,0.00000000,0.00000000,94.69756566,107.32720193,101.68074366,1745.79450000,2553.37306800,9891.18696884
2,192,0.000000,0.672000,0.00000000,106.72863180,0.00000000,606.32558869,0.00000000,0.00000000,94.69756566,106.72863180,101.68074366,1745.79450000,2902.53196784,7912.94957600
2,193,0.000000,0.605000,0.00000000,106.72863180,0.00000000,535.23238516,0.00000000,0.00000000,94.69756566,106.72863180,101.68074366,1745.79450000,3251.69086767,7912.94957600
2,194,0.000000,0.540000,0.00000000,106.72863180,0.00000000,466.26136681,0.00000000,0.00000000,94.69756566,106.72863180,101.68074366,1745.79450000,3600.84976751,7912.94957600
2,195,0.000000,0.469000,0.00000000,72.94337444,0.00000000,424.70905028,0.00000000,0.00000000,63.67817400,72.94337444,68.65710149,1244.73187308,3448.94604043,7912.94957600
2,196,0.000000,0.387000,0.00000000,100.81142716,0.00000000,309.83140517,0.00000000,0.00000000,89.25504556,100.81142716,95.89424925,1659.80092458,3712.11136484,7912.94957600
2,197,0.000000,0.334000,0.00000000,106.72863180,0.00000000,247.67629326,0.00000000,0.00000000,94.69756566,106.72863180,101.68074366,1745.79450000,4061.27026468,7912.94957600
2,198,0.000000,0.282000,0.00000000,89.29817185,0.00000000,209.92993853,0.00000000,0.00000000,78.66539600,89.29817185,84.63532017,1492.48104146,4157.11570597,7912.94957600
2,199,0.105000,0.362000,47.36800525,41.93016634,0.00000000,342.18535124,0.00000000,0.00000000,78.66539600,89.29817159,84.63531998,1492.48099468,4252.96110048,7912.94957600
2,200,0.293000,0.544000,0.00000000,72.94337444,132.17929083,504.29099453,0.00000000,0.00000000,63.67817400,72.94337444,68.65710149,1244.73187308,4101.05737340,7912.94957600
2,201,0.452000,0.535000,107.32720193,0.00000000,96.58078256,567.68453566,0.00000000,0.00000000,94.69756566,107.32720193,101.68074366,1745.79450000,4101.05737320,9891.18697000
2,202,0.562000,0.491000,0.00000000,72.94337341,253.53160903,448.05308829,0.00000000,0.00000000,63.67817400,72.94337341,68.65710075,1244.73168631,3949.15345935,7912.94957600
2,203,0.624000,0.457000,0.00000000,73.54194353,281.50128832,411.37737010,0.00000000,0.00000000,63.67817400,73.54194353,68.65710075,1244.73168631,3448.09064545,9891.18697000
2,204,0.642000,0.441000,0.00000000,72.94337444,289.62151779,394.99845776,0.00000000,0.00000000,63.67817400,72.94337444,68.65710149,1244.73187308,3296.18691837,7912.94957600
2,205,0.617000,0.449000,0.00000000,58.26858481,278.34342131,418.16198810,0.00000000,0.00000000,49.73928100,58.26858481,53.75120360,1002.98064984,2553.37306800,9891.18697000
2,206,0.548000,0.482000,107.32720193,0.00000000,139.88867307,511.44662839,0.00000000,0.00000000,94.69756566,107.32720193,101.68074366,1745.79450000,2553.37306800,9891.18696884
2,207,0.434000,0.540000,89.46248162,0.00000000,106.32527340,572.98999861,0.00000000,0.00000000,78.66539600,89.46248162,84.63532017,1492.48104146,2553.37306800,8455.98323771
2,208,0.278000,0.617000,89.46248128,0.00000000,35.94995166,654.69412804,0.00000000,0.00000000,78.66539600,89.46248128,84.63531998,1492.48099468,2553.37306800,8455.98297267
2,209,0.097000,0.690000,43.75901437,62.96961743,0.00000000,669.18426968,0.00000000,0.00000000,94.69756566,106.72863180,101.68074366,1745.79450000,2902.53196784,7912.94957600
2,210,0.000000,0.692000,0.00000000,103.19528817,0.00000000,631.08078412,0.00000000,0.00000000,91.44767066,103.19528817,98.22545110,1694.44510941,3200.34147708,7912.94957600
2,211,0.000000,0.636000,0.00000000,89.89674197,0.00000000,584.95814527,0.00000000,0.00000000,78.66539600,89.89674197,84.63532017,1492.48104146,2947.02801833,9891.18697000
2,212,0.000000,0.566000,0.00000000,57.67001469,0.00000000,542.90839126,0.00000000,0.00000000,49.73928100,57.67001469,53.75120360,1002.98064984,2553.37306800,7912.94957600
2,213,0.000000,0.512000,0.00000000,107.32720193,0.00000000,435.95220416,0.00000000,0.00000000,94.69756566,107.32720193,101.68074366,1745.79450000,2553.37306800,9891.18696884
2,214,0.000000,0.447000,0.00000000,107.32720193,0.00000000,366.98118581,0.00000000,0.00000000,94.69756566,107.32720193,101.68074366,1745.79450000,2553.37306780,9891.18697000
2,215,0.000000,0.395000,0.00000000,107.32720192,0.00000000,311.80437113,0.00000000,0.00000000,94.69756566,107.32720192,101.68074366,1745.79450000,2553.37306821,9891.18696652
2,216,0.000000,0.334000,0.00000000,107.32720193,0.00000000,247.07772314,0.00000000,0.00000000,94.69756566,107.32720193,101.68074366,1745.79450000,2553.37306800,9891.18697000
2,217,0.000000,0.285000,0.00000000,107.32720193,0.00000000,195.08418623,0.00000000,0.00000000,94.69756566,107.32720193,101.68074366,1745.79450000,2553.37306800,9891.18696884
2,218,0.000000,0.249000,0.00000000,107.32720193,0.00000000,156.88485299,0.00000000,0.00000000,94.69756566,107.32720193,101.68074366,1745.79450000,2553.37306800,9891.18696884
2,219,0.000000,0.217000,0.00000000,106.72863180,0.00000000,123.52846023,0.00000000,0.00000000,94.69756566,106.72863180,101.68074366,1745.79450000,2902.53196784,7912.94957600
2,220,0.000000,0.189000,0.00000000,106.72863180,0.00000000,93.81786771,0.00000000,0.00000000,94.69756566,106.72863180,101.68074366,1745.79450000,3251.69086767,7912.94957600
2,221,0.000000,0.160000,0.00000000,73.54194456,0.00000000,96.23286984,0.00000000,0.00000000,63.67817400,73.54194456,68.65710149,1244.73187308,2750.62824055,9891.18697000
2,222,0.000000,0.140000,0.00000000,106.72863180,0.00000000,41.82433080,0.00000000,0.00000000,94.69756566,106.72863180,101.68074366,1745.79450000,3099.78714039,7912.94957600
2,223,0.079000,0.199000,35.63878490,71.25562277,0.00000000,139.90180264,0.00000000,0.00000000,94.69756566,106.89440767,101.68074366,1745.79450000,3352.24539114,8460.82860765
2,224,0.245000,0.410000,0.00000000,107.32720193,110.52534557,327.72075998,0.00000000,0.00000000,94.69756566,107.32720193,101.68074366,1745.79450000,3352.24539093,9891.18697000
2,225,0.419000,0.476000,0.00000000,72.94337341,189.02089713,432.13669944,0.00000000,0.00000000,63.67817400,72.94337341,68.65710075,1244.73168631,3200.34147708,7912.94957600
2,226,0.545000,0.410000,89.29817185,0.00000000,156.56433157,435.04796190,0.00000000,0.00000000,78.66539600,89.29817185,84.63532017,1492.48104146,3296.18691837,7912.94957600
2,227,0.609000,0.335000,0.00000000,58.26858481,274.73443043,297.19743284,0.00000000,0.00000000,49.73928100,58.26858481,53.75120360,1002.98064984,2553.37306800,9891.18697000
2,228,0.576000,0.308000,106.72863180,0.00000000,153.11871127,326.81651772,0.00000000,0.00000000,94.69756566,106.72863180,101.68074366,1745.79450000,2902.53196784,7912.94957600
2,229,0.476000,0.337000,107.32720193,0.00000000,107.40775519,357.58820283,0.00000000,0.00000000,94.69756566,107.32720193,101.68074366,1745.79450000,2902.53196763,9891.18697000
2,230,0.355000,0.429000,107.32720193,0.00000000,52.82176819,455.20872111,0.00000000,0.00000000,94.69756566,107.32720193,101.68074366,1745.79450000,2902.53196743,9891.18697000
2,231,0.240000,0.567000,106.72863180,0.00000000,1.54109448,601.63949854,0.00000000,0.00000000,94.69756566,106.72863180,101.68074366,1745.79450000,3251.69086726,7912.94957600
2,232,0.123000,0.674000,55.48823472,51.83896721,0.00000000,663.33743846,0.00000000,0.00000000,94.69756566,107.32720193,101.68074366,1745.79450000,3251.69086706,9891.18697000
2,233,0.033000,0.712000,0.00000000,43.52125023,14.88708736,711.97667386,0.00000000,0.00000000,36.84682300,43.52125023,39.91750131,767.66957627,2597.86911931,8053.77520688
2,234,0.000000,0.691000,0.00000000,106.72863180,0.00000000,626.48634790,0.00000000,0.00000000,94.69756566,106.72863180,101.68074366,1745.79450000,2947.02801915,7912.94957600
2,235,0.000000,0.668000,0.00000000,106.72863180,0.00000000,602.08121833,0.00000000,0.00000000,94.69756566,106.72863180,101.68074366,1745.79450000,3296.18691899,7912.94957600
2,236,0.000000,0.642000,0.00000000,107.32720193,0.00000000,573.89424086,0.00000000,0.00000000,94.69756566,107.32720193,101.68074366,1745.79450000,3296.18691878,9891.18697000
2,237,0.000000,0.590000,0.00000000,107.32720193,0.00000000,518.71742618,0.00000000,0.00000000,94.69756566,107.32720193,101.68074366,1745.79450000,3296.18691858,9891.18697000
2,238,0.000000,0.516000,0.00000000,107.32720193,0.00000000,440.19657452,0.00000000,0.00000000,94.69756566,107.32720193,101.68074366,1745.79450000,3296.18691837,9891.18697000
2,239,0.000000,0.422000,0.00000000,58.26858481,0.00000000,389.51248817,0.00000000,0.00000000,49.73928100,58.26858481,53.75120360,1002.98064984,2553.37306800,9891.18697000
2,240,0.000000,0.326000,0.00000000,107.32720192,0.00000000,238.58898242,0.00000000,0.00000000,94.69756566,107.32720192,101.68074366,1745.79450000,2553.37306862,9891.18696535
2,241,0.000000,0.262000,0.00000000,107.32720193,0.00000000,170.67905666,0.00000000,0.00000000,94.69756566,107.32720193,101.68074366,1745.79450000,2553.37306841,9891.18697000
2,242,0.000000,0.237000,0.00000000,107.32720193,0.00000000,144.15174191,0.00000000,0.00000000,94.69756566,107.32720193,101.68074366,1745.79450000,2553.37306821,9891.18697000
2,243,0.000000,0.234000,0.00000000,107.32720193,0.00000000,140.96846414,0.00000000,0.00000000,94.69756566,107.32720193,101.68074366,1745.79450000,2553.37306800,9891.18697000
2,244,0.000000,0.243000,0.00000000,106.72863180,0.00000000,151.11686757,0.00000000,0.00000000,94.69756566,106.72863180,101.68074366,1745.79450000,2902.53196784,7912.94957600
2,245,0.000000,0.251000,0.00000000,107.32720193,0.00000000,159.00703817,0.00000000,0.00000000,94.69756566,107.32720193,101.68074366,1745.79450000,2902.53196763,9891.18697000
2,246,0.000000,0.256000,0.00000000,60.48120764,0.00000000,211.15849540,0.00000000,0.00000000,52.30485575,60.48120764,56.49476256,1047.47670053,2553.37306800,7912.94957600
2,247,0.093000,0.391000,41.95451893,65.20030027,0.00000000,349.68690242,0.00000000,0.00000000,94.69756566,107.15481920,101.68074366,1745.79450000,2653.92763824,9321.47268984
2,248,0.269000,0.631000,0.00000000,106.72863180,121.35231820,562.82079250,0.00000000,0.00000000,94.69756566,106.72863180,101.68074366,1745.79450000,3003.08653808,7912.94957600
2,249,0.426000,0.675000,0.00000000,89.29817159,192.17876414,626.93932667,0.00000000,0.00000000,78.66539600,89.29817159,84.63531998,1492.48099468,3098.93193259,7912.94957600
2,250,0.538000,0.656000,0.00000000,106.72863180,242.70463641,589.34810725,0.00000000,0.00000000,94.69756566,106.72863180,101.68074366,1745.79450000,3448.09083243,7912.94957600
2,251,0.601000,0.635000,107.32720193,0.00000000,163.79823763,673.79379466,0.00000000,0.00000000,94.69756566,107.32720193,101.68074366,1745.79450000,3448.09083222,9891.18697000
2,252,0.616000,0.627000,0.00000000,57.67001469,277.89229745,607.63503925,0.00000000,0.00000000,49.73928100,57.67001469,53.75120360,1002.98064984,3054.43588190,7912.94957600
2,253,0.585000,0.631000,0.00000000,73.54194353,263.90745780,596.00748076,0.00000000,0.00000000,63.67817400,73.54194353,68.65710075,1244.73168631,2553.37306800,9891.18697000
2,254,0.472000,0.644000,0.00000000,82.97107757,212.93046168,600.37255039,0.00000000,0.00000000,72.86736856,82.97107757,78.45391096,1396.63560016,2553.37306800,7912.94957600
2,255,0.358000,0.666000,107.32720193,0.00000000,54.17513977,706.68766495,0.00000000,0.00000000,94.69756566,107.32720193,101.68074366,1745.79450000,2553.37306800,9891.18696884
2,256,0.232000,0.690000,104.66073540,2.06789640,0.00000000,730.08599071,0.00000000,0.00000000,94.69756566,106.72863180,101.68074366,1745.79450000,2902.53196784,7912.94957600
2,257,0.081000,0.707000,36.54103262,36.74049898,0.00000000,713.45196216,0.00000000,0.00000000,63.67817400,73.28153160,68.65710075,1244.73168631,2553.37306800,9030.54156457
2,258,0.000000,0.682000,0.00000000,89.29817185,0.00000000,634.36697454,0.00000000,0.00000000,78.66539600,89.29817185,84.63532017,1492.48104146,2649.21850929,7912.94957600
2,259,0.000000,0.650000,0.00000000,106.81666109,0.00000000,582.89352241,0.00000000,0.00000000,94.69756566,106.81666109,101.68074366,1745.79450000,2947.02801833,8203.88096863
2,260,0.000000,0.641000,0.00000000,57.67001469,0.00000000,622.49033551,0.00000000,0.00000000,49.73928100,57.67001469,53.75120360,1002.98064984,2553.37306800,7912.94957600
2,261,0.000000,0.615000,0.00000000,107.32720193,0.00000000,545.24474093,0.00000000,0.00000000,94.69756566,107.32720193,101.68074366,1745.79450000,2553.37306800,9891.18696884
2,262,0.000000,0.555000,0.00000000,106.72863180,0.00000000,482.17775566,0.00000000,0.00000000,94.69756566,106.72863180,101.68074366,1745.79450000,2902.53196784,7912.94957600
2,263,0.000000,0.492000,0.00000000,107.32720193,0.00000000,414.73035236,0.00000000,0.00000000,94.69756566,107.32720193,101.68074366,1745.79450000,2902.53196763,9891.18697000
2,264,0.000000,0.431000,0.00000000,106.72863180,0.00000000,350.60227449,0.00000000,0.00000000,94.69756566,106.72863180,101.68074366,1745.79450000,3251.69086747,7912.94957600
2,265,0.000000,0.376000,0.00000000,106.84093853,0.00000000,292.12987532,0.00000000,0.00000000,94.69756566,106.84093853,101.68074366,1745.79450000,3535.33882485,8284.11638878
2,266,0.000000,0.316000,0.00000000,106.72863180,0.00000000,228.57662664,0.00000000,0.00000000,94.69756566,106.72863180,101.68074366,1745.79450000,3884.49772468,7912.94957600
2,267,0.000000,0.305000,0.00000000,89.89674172,0.00000000,233.73649824,0.00000000,0.00000000,78.66539600,89.89674172,84.63531998,1492.48099468,3631.18421916,9891.18697000
2,268,0.000000,0.308000,0.00000000,106.72863180,0.00000000,220.08788592,0.00000000,0.00000000,94.69756566,106.72863180,101.68074366,1745.79450000,3980.34311899,7912.94957600
2,269,0.000000,0.309000,0.00000000,18.95776159,0.00000000,308.91984873,0.00000000,0.00000000,14.20500000,18.95776159,15.48029780,318.82444922,2553.37306800,9891.18697000
2,270,0.000000,0.303000,0.00000000,106.72863180,0.00000000,214.78242297,0.00000000,0.00000000,94.69756566,106.72863180,101.68074366,1745.79450000,2902.53196784,7912.94957600
2,271,0.094000,0.341000,42.40564279,64.32298901,0.00000000,297.50958419,0.00000000,0.00000000,94.69756566,106.72863180,101.68074366,1745.79450000,3251.69086767,7912.94957600
2,272,0.289000,0.613000,0.00000000,57.67001469,130.37479539,592.77974299,0.00000000,0.00000000,49.73928100,57.67001469,53.75120360,1002.98064984,2858.03591735,7912.94957600
2,273,0.449000,0.630000,72.94337444,0.00000000,129.61123847,668.48833171,0.00000000,0.00000000,63.67817400,72.94337444,68.65710149,1244.73187308,2706.13219026,7912.94957600
2,274,0.556000,0.583000,106.72863180,0.00000000,144.09623408,618.61697998,0.00000000,0.00000000,94.69756566,106.72863180,101.68074366,1745.79450000,3055.29109010,7912.94957600
2,275,0.615000,0.538000,107.32720193,0.00000000,170.11397166,570.86781343,0.00000000,0.00000000,94.69756566,107.32720193,101.68074366,1745.79450000,3055.29108990,9891.18697000
2,276,0.631000,0.513000,89.29817185,0.00000000,195.36098349,544.34049868,0.00000000,0.00000000,78.66539600,89.29817185,84.63532017,1492.48104146,3151.13653119,7912.94957600
2,277,0.605000,0.503000,0.00000000,57.67001469,272.92993499,476.05955809,0.00000000,0.00000000,49.73928100,57.67001469,53.75120360,1002.98064984,2757.48158086,7912.94957600
2,278,0.537000,0.497000,106.72863180,0.00000000,135.52488075,527.36301724,0.00000000,0.00000000,94.69756566,106.72863180,101.68074366,1745.79450000,3106.64048069,7912.94957600
2,279,0.418000,0.514000,0.00000000,65.26369075,188.56977327,480.13790051,0.00000000,0.00000000,56.66948253,65.26369075,61.16218378,1123.17531153,2833.18019206,7912.94957600
2,280,0.261000,0.557000,106.72863180,0.00000000,11.01469553,591.02857264,0.00000000,0.00000000,94.69756566,106.72863180,101.68074366,1745.79450000,3182.33909190,7912.94957600
2,281,0.080000,0.618000,0.00000000,43.47863956,36.08990876,612.27658107,0.00000000,0.00000000,36.84682300,43.47863956,39.91750131,767.66957627,2553.37306800,7912.94957600
2,282,0.000000,0.639000,0.00000000,107.32720193,0.00000000,570.71096309,0.00000000,0.00000000,94.69756566,107.32720193,101.68074366,1745.79450000,2553.37306780,9891.18697000
2,283,0.000000,0.654000,0.00000000,107.32720193,0.00000000,586.62735194,0.00000000,0.00000000,94.69756566,107.32720193,101.68074366,1745.79450000,2553.37306759,9891.18697000
2,284,0.000000,0.732000,0.00000000,106.72863180,0.00000000,669.99114409,0.00000000,0.00000000,94.69756566,106.72863180,101.68074366,1745.79450000,2902.53196743,7912.94957600
2,285,0.000000,0.716000,0.00000000,106.99050952,0.00000000,652.75178493,0.00000000,0.00000000,94.69756566,106.99050952,101.68074366,1745.79450000,3098.93193218,8778.43929317
2,286,0.000000,0.615000,0.00000000,57.67001469,0.00000000,594.90192817,0.00000000,0.00000000,49.73928100,57.67001469,53.75120360,1002.98064984,2705.27698185,7912.94957600
2,287,0.000000,0.498000,0.00000000,72.94337341,0.00000000,455.48073642,0.00000000,0.00000000,63.67817400,72.94337341,68.65710075,1244.73168631,2553.37306800,7912.94957600
2,288,0.000000,0.381000,0.00000000,107.32720193,0.00000000,296.94907487,0.00000000,0.00000000,94.69756566,107.32720193,101.68074366,1745.79450000,2553.37306780,9891.18697000
2,289,0.000000,0.302000,0.00000000,107.17760810,0.00000000,213.27235408,0.00000000,0.00000000,94.69756566,107.17760810,101.68074366,1745.79450000,2640.63438222,9396.78858684
2,290,0.000000,0.253000,0.00000000,89.29817159,0.00000000,179.15825368,0.00000000,0.00000000,78.66539600,89.29817159,84.63531998,1492.48099468,2736.47977673,7912.94957600
2,291,0.000000,0.241000,0.00000000,106.72863180,0.00000000,148.99468239,0.00000000,0.00000000,94.69756566,106.72863180,101.68074366,1745.79450000,3085.63867657,7912.94957600
2,292,0.000000,0.250000,0.00000000,106.72863180,0.00000000,158.54451570,0.00000000,0.00000000,94.69756566,106.72863180,101.68074366,1745.79450000,3434.79757640,7912.94957600
2,293,0.000000,0.266000,0.00000000,106.72863180,0.00000000,175.52199714,0.00000000,0.00000000,94.69756566,106.72863180,101.68074366,1745.79450000,3783.95647624,7912.94957600
2,294,0.000000,0.274000,0.00000000,106.72863180,0.00000000,184.01073786,0.00000000,0.00000000,94.69756566,106.72863180,101.68074366,1745.79450000,4133.11537607,7912.94957600
2,295,0.099000,0.286000,44.66126209,28.28211132,0.00000000,275.19036942,0.00000000,0.00000000,63.67817400,72.94337341,68.65710075,1244.73168631,3981.21146222,7912.94957600
2,296,0.275000,0.434000,89.29817159,0.00000000,34.76088977,460.51418406,0.00000000,0.00000000,78.66539600,89.29817159,84.63531998,1492.48099468,4077.05685673,7912.94957600
2,297,0.431000,0.494000,106.72863180,0.00000000,87.70575164,524.17973947,0.00000000,0.00000000,94.69756566,106.72863180,101.68074366,1745.79450000,4426.21575657,7912.94957600
2,298,0.547000,0.484000,57.67001469,0.00000000,189.09473645,513.56881357,0.00000000,0.00000000,49.73928100,57.67001469,53.75120360,1002.98064984,4032.56080624,7912.94957600
2,299,0.611000,0.457000,106.72863180,0.00000000,168.90804635,484.91931364,0.00000000,0.00000000,94.69756566,106.72863180,101.68074366,1745.79450000,4381.71970608,7912.94957600
2,300,0.631000,0.432000,106.72863180,0.00000000,177.93052354,458.39199888,0.00000000,0.00000000,94.69756566,106.72863180,101.68074366,1745.79450000,4730.87860591,7912.94957600
2,301,0.607000,0.421000,0.00000000,2.39428050,273.83218271,444.32569989,0.00000000,0.00000000,0.00000000,2.39428050,0.00000000,0.00000000,3334.24300575,7912.94957600
2,302,0.541000,0.425000,0.00000000,43.47863956,244.05800798,407.48571119,0.00000000,0.00000000,36.84682300,43.47863956,39.91750131,767.66957627,2705.27698185,7912.94957600
2,303,0.431000,0.450000,0.00000000,72.94337341,194.43438344,404.54829210,0.00000000,0.00000000,63.67817400,72.94337341,68.65710075,1244.73168631,2553.37306800,7912.94957600
2,304,0.276000,0.495000,89.29817185,0.00000000,35.21201337,525.24083206,0.00000000,0.00000000,78.66539600,89.29817185,84.63532017,1492.48104146,2649.21850929,7912.94957600
2,305,0.092000,0.554000,41.50339507,35.14058539,0.00000000,552.70470947,0.00000000,0.00000000,67.06933829,76.64398047,72.27249893,1300.79015887,2553.37306800,7912.94957600
2,306,0.000000,0.575000,0.00000000,106.72863180,0.00000000,503.39960746,0.00000000,0.00000000,94.69756566,106.72863180,101.68074366,1745.79450000,2902.53196784,7912.94957600
2,307,0.000000,0.527000,0.00000000,106.72863180,0.00000000,452.46716314,0.00000000,0.00000000,94.69756566,106.72863180,101.68074366,1745.79450000,3251.69086767,7912.94957600
2,308,0.000000,0.494000,0.00000000,106.72863180,0.00000000,417.45110766,0.00000000,0.00000000,94.69756566,106.72863180,101.68074366,1745.79450000,3600.84976751,7912.94957600
2,309,0.000000,0.462000,0.00000000,106.72863180,0.00000000,383.49614478,0.00000000,0.00000000,94.69756566,106.72863180,101.68074366,1745.79450000,3950.00866735,7912.94957600
2,310,0.000000,0.398000,0.00000000,44.07720969,0.00000000,378.23764114,0.00000000,0.00000000,36.84682300,44.07720969,39.91750131,767.66957627,2971.88374341,9891.18697000
2,311,0.000000,0.337000,0.00000000,106.72863180,0.00000000,250.85957103,0.00000000,0.00000000,94.69756566,106.72863180,101.68074366,1745.79450000,3321.04264325,7912.94957600
2,312,0.000000,0.311000,0.00000000,69.40393514,0.00000000,260.59586035,0.00000000,0.00000000,59.90171273,69.40393514,64.61864881,1179.23401908,2754.48216212,9891.18697000
2,313,0.000000,0.285000,0.00000000,106.72863180,0.00000000,195.68275635,0.00000000,0.00000000,94.69756566,106.72863180,101.68074366,1745.79450000,3103.64106195,7912.94957600
2,314,0.000000,0.273000,0.00000000,106.72863180,0.00000000,182.94964527,0.00000000,0.00000000,94.69756566,106.72863180,101.68074366,1745.79450000,3452.79996179,7912.94957600
2,315,0.000000,0.227000,0.00000000,57.67001469,0.00000000,183.19800325,0.00000000,0.00000000,49.73928100,57.67001469,53.75120360,1002.98064984,3059.14501146,7912.94957600
2,316,0.000000,0.193000,0.00000000,106.72863180,0.00000000,98.06223807,0.00000000,0.00000000,94.69756566,106.72863180,101.68074366,1745.79450000,3408.30391130,7912.94957600
2,317,0.000000,0.170000,0.00000000,106.72863180,0.00000000,73.65710850,0.00000000,0.00000000,94.69756566,106.72863180,101.68074366,1745.79450000,3757.46281113,7912.94957600
2,318,0.000000,0.167000,0.00000000,106.72863180,0.00000000,70.47383073,0.00000000,0.00000000,94.69756566,106.72863180,101.68074366,1745.79450000,4106.62171097,7912.94957600
2,319,0.100000,0.195000,45.11238595,27.83098746,0.00000000,179.08206759,0.00000000,0.00000000,63.67817400,72.94337341,68.65710075,1244.73168631,3954.71779712,7912.94957600
2,320,0.288000,0.261000,106.72863180,0.00000000,23.19503973,276.94516599,0.00000000,0.00000000,94.69756566,106.72863180,101.68074366,1745.79450000,4303.87669695,7912.94957600
2,321,0.448000,0.247000,0.00000000,89.89674172,202.10348905,172.19312802,0.00000000,0.00000000,78.66539600,89.89674172,84.63531998,1492.48099468,4050.56319142,9891.18697000
2,322,0.552000,0.224000,0.00000000,73.54194353,249.02037044,164.14279663,0.00000000,0.00000000,63.67817400,73.54194353,68.65710075,1244.73168631,3549.50037753,9891.18697000
2,323,0.602000,0.199000,107.32720193,0.00000000,164.24936149,211.15742541,0.00000000,0.00000000,94.69756566,107.32720193,101.68074366,1745.79450000,3549.50037732,9891.18697000
2,324,0.615000,0.182000,107.32720193,0.00000000,170.11397166,193.11885138,0.00000000,0.00000000,94.69756566,107.32720193,101.68074366,1745.79450000,3549.50037712,9891.18697000
2,325,0.577000,0.184000,0.00000000,89.89674197,260.29846693,105.34429459,0.00000000,0.00000000,78.66539600,89.89674197,84.63532017,1492.48104146,3296.18691837,9891.18697000
2,326,0.532000,0.220000,0.00000000,58.26858481,239.99789325,175.17178499,0.00000000,0.00000000,49.73928100,58.26858481,53.75120360,1002.98064984,2553.37306800,9891.18697000
2,327,0.387000,0.298000,106.72863180,0.00000000,67.85630182,316.20559182,0.00000000,0.00000000,94.69756566,106.72863180,101.68074366,1745.79450000,2902.53196784,7912.94957600
2,328,0.261000,0.400000,107.25092145,0.00000000,10.49240588,424.43703600,0.00000000,0.00000000,94.69756566,107.25092145,101.68074366,1745.79450000,2947.02801833,9639.08469976
2,329,0.076000,0.491000,34.28541332,23.38460137,0.00000000,497.61186033,0.00000000,0.00000000,49.73928100,57.67001469,53.75120360,1002.98064984,2553.37306800,7912.94957600
2,330,0.000000,0.528000,0.00000000,106.72863180,0.00000000,453.52825573,0.00000000,0.00000000,94.69756566,106.72863180,101.68074366,1745.79450000,2902.53196784,7912.94957600
2,331,0.000000,0.514000,0.00000000,106.72863180,0.00000000,438.67295946,0.00000000,0.00000000,94.69756566,106.72863180,101.68074366,1745.79450000,3251.69086767,7912.94957600
2,332,0.000000,0.508000,0.00000000,70.52075093,0.00000000,468.51428571,0.00000000,0.00000000,61.46722151,70.52075093,66.29276420,1206.38567389,3061.44094140,7912.94957600
2,333,0.000000,0.504000,0.00000000,106.72863180,0.00000000,428.06203356,0.00000000,0.00000000,94.69756566,106.72863180,101.68074366,1745.79450000,3410.59984124,7912.94957600
2,334,0.000000,0.464000,0.00000000,30.37356422,0.00000000,461.97339754,0.00000000,0.00000000,25.00174700,30.37356422,27.15938231,539.40882693,2553.37306800,7912.94957600
2,335,0.000000,0.388000,0.00000000,96.21731306,0.00000000,315.48661186,0.00000000,0.00000000,85.02947624,96.21731306,91.40161850,1593.03556471,2749.77303255,7912.94957600
2,336,0.000000,0.329000,0.00000000,106.72863180,0.00000000,242.37083031,0.00000000,0.00000000,94.69756566,106.72863180,101.68074366,1745.79450000,3098.93193239,7912.94957600
2,337,0.000000,0.305000,0.00000000,57.67001469,0.00000000,265.96322527,0.00000000,0.00000000,49.73928100,57.67001469,53.75120360,1002.98064984,2705.27698206,7912.94957600
2,338,0.000000,0.305000,0.00000000,106.72863180,0.00000000,216.90460815,0.00000000,0.00000000,94.69756566,106.72863180,101.68074366,1745.79450000,3054.43588190,7912.94957600
2,339,0.000000,0.282000,0.00000000,73.54194353,0.00000000,225.68616685,0.00000000,0.00000000,63.67817400,73.54194353,68.65710075,1244.73168631,2553.37306800,9891.18697000
2,340,0.000000,0.260000,0.00000000,106.72863180,0.00000000,169.15544160,0.00000000,0.00000000,94.69756566,106.72863180,101.68074366,1745.79450000,2902.53196784,7912.94957600
2,341,0.000000,0.239000,0.00000000,107.32720193,0.00000000,146.27392709,0.00000000,0.00000000,94.69756566,107.32720193,101.68074366,1745.79450000,2902.53196763,9891.18697000
2,342,0.000000,0.228000,0.00000000,106.72863180,0.00000000,135.20047872,0.00000000,0.00000000,94.69756566,106.72863180,101.68074366,1745.79450000,3251.69086747,7912.94957600
2,343,0.104000,0.309000,46.91688139,59.81175041,0.00000000,268.06585990,0.00000000,0.00000000,94.69756566,106.72863180,101.68074366,1745.79450000,3600.84976730,7912.94957600
2,344,0.284000,0.505000,0.00000000,57.67001469,128.11917610,478.18174327,0.00000000,0.00000000,49.73928100,57.67001469,53.75120360,1002.98064984,3207.19481698,7912.94957600
2,345,0.434000,0.535000,89.29817185,0.00000000,106.48958317,567.68453566,0.00000000,0.00000000,78.66539600,89.29817185,84.63532017,1492.48104146,3303.04025827,7912.94957600
2,346,0.535000,0.505000,43.47863956,0.00000000,197.87262527,535.85175796,0.00000000,0.00000000,36.84682300,43.47863956,39.91750131,767.66957627,2674.07423437,7912.94957600
2,347,0.592000,0.474000,106.72863180,0.00000000,160.33669302,502.95788767,0.00000000,0.00000000,94.69756566,106.72863180,101.68074366,1745.79450000,3023.23313421,7912.94957600
2,348,0.588000,0.447000,57.67001469,0.00000000,207.59081469,474.30838773,0.00000000,0.00000000,49.73928100,57.67001469,53.75120360,1002.98064984,2629.57818388,7912.94957600
2,349,0.512000,0.425000,89.29817159,0.00000000,141.67724447,450.96435075,0.00000000,0.00000000,78.66539600,89.29817159,84.63531998,1492.48099468,2725.42357839,7912.94957600
2,350,0.451000,0.432000,102.22174734,0.00000000,101.23511329,458.39199888,0.00000000,0.00000000,90.55222833,102.22174734,97.27341565,1680.29683133,3009.08480956,7912.94957600
2,351,0.345000,0.460000,72.94337341,0.00000000,82.69435812,488.10259141,0.00000000,0.00000000,63.67817400,72.94337341,68.65710075,1244.73168631,2857.18089571,7912.94957600
2,352,0.207000,0.506000,72.94337341,0.00000000,20.43926551,536.91285055,0.00000000,0.00000000,63.67817400,72.94337341,68.65710075,1244.73168631,2705.27698185,7912.94957600
2,353,0.072000,0.587000,0.00000000,72.94337341,32.48091788,549.91797693,0.00000000,0.00000000,63.67817400,72.94337341,68.65710075,1244.73168631,2553.37306800,7912.94957600
2,354,0.000000,0.655000,0.00000000,107.32720193,0.00000000,587.68844453,0.00000000,0.00000000,94.69756566,107.32720193,101.68074366,1745.79450000,2553.37306780,9891.18697000
2,355,0.000000,0.748000,0.00000000,107.32720193,0.00000000,686.37005540,0.00000000,0.00000000,94.69756566,107.32720193,101.68074366,1745.79450000,2553.37306759,9891.18697000
2,356,0.000000,0.821000,0.00000000,107.32720193,0.00000000,763.82981447,0.00000000,0.00000000,94.69756566,107.32720193,101.68074366,1745.79450000,2553.37306739,9891.18697000
2,357,0.000000,0.800000,0.00000000,106.72863180,0.00000000,742.14544021,0.00000000,0.00000000,94.69756566,106.72863180,101.68074366,1745.79450000,2902.53196722,7912.94957600
2,358,0.000000,0.759000,0.00000000,89.29817185,0.00000000,716.07110397,0.00000000,0.00000000,78.66539600,89.29817185,84.63532017,1492.48104146,2998.37740851,7912.94957600
2,359,0.000000,0.700000,0.00000000,106.72863180,0.00000000,636.03618121,0.00000000,0.00000000,94.69756566,106.72863180,101.68074366,1745.79450000,3347.53630835,7912.94957600
2,360,0.000000,0.627000,0.00000000,57.67001469,0.00000000,607.63503925,0.00000000,0.00000000,49.73928100,57.67001469,53.75120360,1002.98064984,2953.88135802,7912.94957600
2,361,0.000000,0.566000,0.00000000,106.72863180,0.00000000,493.84977415,0.00000000,0.00000000,94.69756566,106.72863180,101.68074366,1745.79450000,3303.04025786,7912.94957600
2,362,0.000000,0.455000,0.00000000,106.72863180,0.00000000,376.06849665,0.00000000,0.00000000,94.69756566,106.72863180,101.68074366,1745.79450000,3652.19915769,7912.94957600
2,363,0.000000,0.375000,0.00000000,57.67001469,0.00000000,340.23970657,0.00000000,0.00000000,49.73928100,57.67001469,53.75120360,1002.98064984,3258.54420737,7912.94957600
2,364,0.000000,0.311000,0.00000000,39.10348736,0.00000000,290.89630813,0.00000000,0.00000000,32.89232304,39.10348736,35.65818088,691.46446080,2553.37306800,7912.94957600
2,365,0.000000,0.278000,0.00000000,106.72863180,0.00000000,188.25510822,0.00000000,0.00000000,94.69756566,106.72863180,101.68074366,1745.79450000,2902.53196784,7912.94957600
2,366,0.000000,0.261000,0.00000000,106.72863180,0.00000000,170.21653419,0.00000000,0.00000000,94.69756566,106.72863180,101.68074366,1745.79450000,3251.69086767,7912.94957600
2,367,0.111000,0.289000,0.00000000,89.29817159,50.07474840,217.35758692,0.00000000,0.00000000,78.66539600,89.29817159,84.63531998,1492.48099468,3347.53626218,7912.94957600
2,368,0.299000,0.547000,43.47863908,0.00000000,91.40739491,580.41764674,0.00000000,0.00000000,36.84682300,43.47863908,39.91750095,767.66948863,2718.57015066,7912.94957600
2,369,0.457000,0.488000,99.60168605,0.00000000,106.56191774,517.81318393,0.00000000,0.00000000,88.14235118,99.60168605,94.71123116,1642.21999413,2964.15454462,7912.94957600
2,370,0.566000,0.368000,107.32720193,0.00000000,148.00890255,390.48207312,0.00000000,0.00000000,94.69756566,107.32720193,101.68074366,1745.79450000,2964.15454441,9891.18697000
2,371,0.628000,0.269000,89.89674197,0.00000000,193.40904179,285.43390671,0.00000000,0.00000000,78.66539600,89.89674197,84.63532017,1492.48104146,2710.84108566,9891.18697000
2,372,0.644000,0.193000,106.72863180,0.00000000,183.79513371,204.79086987,0.00000000,0.00000000,94.69756566,106.72863180,101.68074366,1745.79450000,3059.99998550,7912.94957600
2,373,0.618000,0.153000,89.89674197,0.00000000,188.89780319,162.34716627,0.00000000,0.00000000,78.66539600,89.89674197,84.63532017,1492.48104146,2806.68652675,9891.18697000
2,374,0.545000,0.148000,89.89674197,0.00000000,155.96576145,157.04170332,0.00000000,0.00000000,78.66539600,89.89674197,84.63532017,1492.48104146,2553.37306800,9891.18697000
2,375,0.419000,0.178000,0.00000000,107.32720194,189.02089713,81.54727908,0.00000000,0.00000000,94.69756567,107.32720194,101.68074367,1745.79450020,2553.37306800,9891.18697000
2,376,0.240000,0.259000,107.32720193,0.00000000,0.94252435,274.82298081,0.00000000,0.00000000,94.69756566,107.32720193,101.68074366,1745.79450000,2553.37306800,9891.18696884
2,377,0.074000,0.407000,33.38316560,56.07931601,0.00000000,375.78536812,0.00000000,0.00000000,78.66539600,89.46248162,84.63532017,1492.48104146,2553.37306800,8455.98323771
2,378,0.000000,0.557000,0.00000000,107.32720192,0.00000000,483.70137071,0.00000000,0.00000000,94.69756566,107.32720192,101.68074366,1745.79450000,2553.37306841,9891.18696652
2,379,0.000000,0.639000,0.00000000,107.32720193,0.00000000,570.71096309,0.00000000,0.00000000,94.69756566,107.32720193,101.68074366,1745.79450000,2553.37306821,9891.18697000
2,380,0.000000,0.697000,0.00000000,107.32720193,0.00000000,632.25433331,0.00000000,0.00000000,94.69756566,107.32720193,101.68074366,1745.79450000,2553.37306800,9891.18697000
2,381,0.000000,0.688000,0.00000000,107.32720193,0.00000000,622.70450000,0.00000000,0.00000000,94.69756566,107.32720193,101.68074366,1745.79450000,2553.37306800,9891.18696884
2,382,0.000000,0.630000,0.00000000,89.46248162,0.00000000,579.02585009,0.00000000,0.00000000,78.66539600,89.46248162,84.63532017,1492.48104146,2553.37306800,8455.98323771
2,383,0.000000,0.550000,0.00000000,106.89294157,0.00000000,476.70798294,0.00000000,0.00000000,94.69756566,106.89294157,101.68074366,1745.79450000,2806.68652716,8455.98323423
2,384,0.000000,0.468000,0.00000000,107.32720193,0.00000000,389.26413020,0.00000000,0.00000000,94.69756566,107.32720193,101.68074366,1745.79450000,2806.68652696,9891.18697000
2,385,0.000000,0.361000,0.00000000,107.32720193,0.00000000,275.72722307,0.00000000,0.00000000,94.69756566,107.32720193,101.68074366,1745.79450000,2806.68652675,9891.18697000
2,386,0.000000,0.287000,0.00000000,89.89674197,0.00000000,214.63683136,0.00000000,0.00000000,78.66539600,89.89674197,84.63532017,1492.48104146,2553.37306800,9891.18697000
2,387,0.000000,0.251000,0.00000000,107.32720193,0.00000000,159.00703817,0.00000000,0.00000000,94.69756566,107.32720193,101.68074366,1745.79450000,2553.37306800,9891.18696884
2,388,0.000000,0.241000,0.00000000,107.32720193,0.00000000,148.39611227,0.00000000,0.00000000,94.69756566,107.32720193,101.68074366,1745.79450000,2553.37306821,9891.18696768
2,389,0.000000,0.233000,0.00000000,107.32720193,0.00000000,139.90737155,0.00000000,0.00000000,94.69756566,107.32720193,101.68074366,1745.79450000,2553.37306800,9891.18697000
2,390,0.000000,0.225000,0.00000000,107.32720193,0.00000000,131.41863083,0.00000000,0.00000000,94.69756566,107.32720193,101.68074366,1745.79450000,2553.37306780,9891.18697000
2,391,0.108000,0.302000,48.72137682,40.74110445,0.00000000,279.70885773,0.00000000,0.00000000,78.66539600,89.46248128,84.63531998,1492.48099468,2553.37306800,8455.98297150
2,392,0.288000,0.558000,107.32720193,0.00000000,22.59646961,592.08966523,0.00000000,0.00000000,94.69756566,107.32720193,101.68074366,1745.79450000,2553.37306800,9891.18696884
2,393,0.437000,0.526000,107.32720193,0.00000000,89.81392467,558.13470235,0.00000000,0.00000000,94.69756566,107.32720193,101.68074366,1745.79450000,2553.37306800,9891.18696884
2,394,0.544000,0.414000,106.72863180,0.00000000,138.68274776,439.29233226,0.00000000,0.00000000,94.69756566,106.72863180,101.68074366,1745.79450000,2902.53196784,7912.94957600
2,395,0.609000,0.310000,107.32720193,0.00000000,167.40722850,328.93870290,0.00000000,0.00000000,94.69756566,107.32720193,101.68074366,1745.79450000,2902.53196763,9891.18697000
2,396,0.632000,0.225000,107.32720192,0.00000000,177.78307727,238.74583275,0.00000000,0.00000000,94.69756566,107.32720192,101.68074366,1745.79450000,2902.53196886,9891.18696187
2,397,0.608000,0.178000,107.32720193,0.00000000,166.95610464,188.87448102,0.00000000,0.00000000,94.69756566,107.32720193,101.68074366,1745.79450000,2902.53196866,9891.18697000
2,398,0.532000,0.170000,106.72863180,0.00000000,133.26926145,180.38574030,0.00000000,0.00000000,94.69756566,106.72863180,101.68074366,1745.79450000,3251.69086849,7912.94957600
2,399,0.416000,0.199000,106.72863180,0.00000000,80.93889375,211.15742541,0.00000000,0.00000000,94.69756566,106.72863180,101.68074366,1745.79450000,3600.84976833,7912.94957600
2,400,0.230000,0.278000,0.00000000,106.72863180,103.75848768,188.25510822,0.00000000,0.00000000,94.69756566,106.72863180,101.68074366,1745.79450000,3950.00866817,7912.94957600
2,401,0.070000,0.412000,0.00000000,2.39428050,31.57867016,434.77586658,0.00000000,0.00000000,0.00000000,2.39428050,0.00000000,0.00000000,2553.37306800,7912.94957600
2,402,0.000000,0.537000,0.00000000,107.32720193,0.00000000,462.47951891,0.00000000,0.00000000,94.69756566,107.32720193,101.68074366,1745.79450000,2553.37306800,9891.18696884
2,403,0.000000,0.628000,0.00000000,107.32720192,0.00000000,559.03894460,0.00000000,0.00000000,94.69756566,107.32720192,101.68074366,1745.79450000,2553.37306862,9891.18696535
2,404,0.000000,0.718000,0.00000000,107.32720193,0.00000000,654.53727770,0.00000000,0.00000000,94.69756566,107.32720193,101.68074366,1745.79450000,2553.37306841,9891.18697000
2,405,0.000000,0.685000,0.00000000,107.32720193,0.00000000,619.52122223,0.00000000,0.00000000,94.69756566,107.32720193,101.68074366,1745.79450000,2553.37306821,9891.18697000
2,406,0.000000,0.684000,0.00000000,107.32720193,0.00000000,618.46012964,0.00000000,0.00000000,94.69756566,107.32720193,101.68074366,1745.79450000,2553.37306800,9891.18697000
2,407,0.000000,0.669000,0.00000000,89.46248162,0.00000000,620.40846110,0.00000000,0.00000000,78.66539600,89.46248162,84.63532017,1492.48104146,2553.37306800,8455.98323771
2,408,0.000000,0.629000,0.00000000,107.32720193,0.00000000,560.10003719,0.00000000,0.00000000,94.69756566,107.32720193,101.68074366,1745.79450000,2553.37306800,9891.18696884
2,409,0.000000,0.583000,0.00000000,89.46248162,0.00000000,529.15449836,0.00000000,0.00000000,78.66539600,89.46248162,84.63532017,1492.48104146,2553.37306800,8455.98323771
2,410,0.000000,0.556000,0.00000000,106.72863180,0.00000000,483.23884825,0.00000000,0.00000000,94.69756566,106.72863180,101.68074366,1745.79450000,2902.53196784,7912.94957600
2,411,0.000000,0.530000,0.00000000,107.32720193,0.00000000,455.05187078,0.00000000,0.00000000,94.69756566,107.32720193,101.68074366,1745.79450000,2902.53196763,9891.18697000
2,412,0.000000,0.517000,0.00000000,89.89674197,0.00000000,458.68812706,0.00000000,0.00000000,78.66539600,89.89674197,84.63532017,1492.48104146,2649.21850888,9891.18697000
2,413,0.000000,0.495000,0.00000000,89.62679138,0.00000000,435.61404067,0.00000000,0.00000000,78.66539600,89.62679138,84.63532017,1492.48104146,2553.37306800,8999.01689710
2,414,0.000000,0.458000,0.00000000,107.32720193,0.00000000,378.65320430,0.00000000,0.00000000,94.69756566,107.32720193,101.68074366,1745.79450000,2553.37306780,9891.18697000
2,415,0.109000,0.580000,49.17250068,58.15470124,0.00000000,557.27900096,0.00000000,0.00000000,94.69756566,107.32720193,101.68074366,1745.79450000,2553.37306759,9891.18697000
2,416,0.298000,0.731000,107.32720193,0.00000000,27.10770820,775.65868330,0.00000000,0.00000000,94.69756566,107.32720193,101.68074366,1745.79450000,2553.37306739,9891.18697000
2,417,0.458000,0.718000,107.32720193,0.00000000,99.28752572,761.86447963,0.00000000,0.00000000,94.69756566,107.32720193,101.68074366,1745.79450000,2553.37306718,9891.18697000
2,418,0.570000,0.636000,0.00000000,106.72863180,257.14059991,568.12625545,0.00000000,0.00000000,94.69756566,106.72863180,101.68074366,1745.79450000,2902.53196702,7912.94957600
2,419,0.633000,0.553000,107.05725133,0.00000000,178.50415172,586.78420228,0.00000000,0.00000000,94.69756566,107.05725133,101.68074366,1745.79450000,3059.99998550,8999.01689245
2,420,0.651000,0.489000,89.89674197,0.00000000,203.78489055,518.87427652,0.00000000,0.00000000,78.66539600,89.89674197,84.63532017,1492.48104146,2806.68652675,9891.18697000
2,421,0.625000,0.464000,89.89674197,0.00000000,192.05567021,492.34696177,0.00000000,0.00000000,78.66539600,89.89674197,84.63532017,1492.48104146,2553.37306800,9891.18697000
2,422,0.555000,0.484000,107.32720193,0.00000000,143.04654009,513.56881357,0.00000000,0.00000000,94.69756566,107.32720193,101.68074366,1745.79450000,2553.37306800,9891.18696884
2,423,0.440000,0.544000,89.29817185,0.00000000,109.19632633,577.23436897,0.00000000,0.00000000,78.66539600,89.29817185,84.63532017,1492.48104146,2649.21850929,7912.94957600
2,424,0.279000,0.630000,100.73209193,0.00000000,25.13146487,668.48833171,0.00000000,0.00000000,88.63152250,100.73209193,95.23131874,1649.94905891,2553.37306800,9891.18697000
2,425,0.094000,0.718000,42.40564279,64.32298901,0.00000000,697.54149062,0.00000000,0.00000000,94.69756566,106.72863180,101.68074366,1745.79450000,2902.53196784,7912.94957600
2,426,0.000000,0.759000,0.00000000,89.89674197,0.00000000,715.47253384,0.00000000,0.00000000,78.66539600,89.89674197,84.63532017,1492.48104146,2649.21850909,9891.18697000
2,427,0.000000,0.791000,0.00000000,89.62679138,0.00000000,749.69744731,0.00000000,0.00000000,78.66539600,89.62679138,84.63532017,1492.48104146,2553.37306800,8999.01689826
2,428,0.000000,0.801000,0.00000000,89.46248162,0.00000000,760.47268298,0.00000000,0.00000000,78.66539600,89.46248162,84.63532017,1492.48104146,2553.37306800,8455.98323771
2,429,0.000000,0.808000,0.00000000,107.32720194,0.00000000,750.03561079,0.00000000,0.00000000,94.69756567,107.32720194,101.68074367,1745.79450020,2553.37306800,9891.18697000
2,430,0.000000,0.780000,0.00000000,107.32720193,0.00000000,720.32501828,0.00000000,0.00000000,94.69756566,107.32720193,101.68074366,1745.79450000,2553.37306800,9891.18696884
2,431,0.000000,0.759000,0.00000000,89.46248162,0.00000000,715.90679420,0.00000000,0.00000000,78.66539600,89.46248162,84.63532017,1492.48104146,2553.37306841,8455.98323539
2,432,0.000000,0.725000,0.00000000,107.32720193,0.00000000,661.96492583,0.00000000,0.00000000,94.69756566,107.32720193,101.68074366,1745.79450000,2553.37306821,9891.18697000
2,433,0.000000,0.682000,0.00000000,107.32720193,0.00000000,616.33794446,0.00000000,0.00000000,94.69756566,107.32720193,101.68074366,1745.79450000,2553.37306800,9891.18697000
2,434,0.000000,0.644000,0.00000000,107.32720194,0.00000000,576.01642603,0.00000000,0.00000000,94.69756567,107.32720194,101.68074367,1745.79450020,2553.37306800,9891.18697000
2,435,0.000000,0.587000,0.00000000,89.46248162,0.00000000,533.39886872,0.00000000,0.00000000,78.66539600,89.46248162,84.63532017,1492.48104146,2553.37306800,8455.98323771
2,436,0.000000,0.547000,0.00000000,89.46248162,0.00000000,490.95516512,0.00000000,0.00000000,78.66539600,89.46248162,84.63532017,1492.48104146,2553.37306800,8455.98323771
2,437,0.000000,0.512000,0.00000000,89.46248162,0.00000000,453.81692447,0.00000000,0.00000000,78.66539600,89.46248162,84.63532017,1492.48104146,2553.37306800,8455.98323771
2,438,0.000000,0.479000,0.00000000,89.46248162,0.00000000,418.80086900,0.00000000,0.00000000,78.66539600,89.46248162,84.63532017,1492.48104146,2553.37306821,8455.98323655
2,439,0.113000,0.476000,50.97699612,56.35020580,0.00000000,448.72986704,0.00000000,0.00000000,94.69756566,107.32720193,101.68074366,1745.79450000,2553.37306800,9891.18697000
2,440,0.305000,0.806000,0.00000000,107.32720194,137.59277714,747.91342561,0.00000000,0.00000000,94.69756567,107.32720194,101.68074367,1745.79450020,2553.37306800,9891.18697000
2,441,0.463000,0.835000,89.46248162,0.00000000,119.40786533,886.01231266,0.00000000,0.00000000,78.66539600,89.46248162,84.63532017,1492.48104146,2553.37306821,8455.98323655
2,442,0.573000,0.801000,107.32720193,0.00000000,151.16676956,849.93516460,0.00000000,0.00000000,94.69756566,107.32720193,101.68074366,1745.79450000,2553.37306800,9891.18697000
2,443,0.635000,0.757000,106.72863180,0.00000000,179.73501898,803.24709064,0.00000000,0.00000000,94.69756566,106.72863180,101.68074366,1745.79450000,2902.53196784,7912.94957600
2,444,0.650000,0.729000,89.29817185,0.00000000,203.93233682,773.53649812,0.00000000,0.00000000,78.66539600,89.29817185,84.63532017,1492.48104146,2998.37740913,7912.94957600
2,445,0.615000,0.724000,89.29817185,0.00000000,188.14300174,768.23103517,0.00000000,0.00000000,78.66539600,89.29817185,84.63532017,1492.48104146,3094.22285042,7912.94957600
2,446,0.530000,0.733000,89.29817185,0.00000000,149.79747368,777.78086848,0.00000000,0.00000000,78.66539600,89.29817185,84.63532017,1492.48104146,3190.06829171,7912.94957600
2,447,0.402000,0.760000,89.29817185,0.00000000,92.05361967,806.43036841,0.00000000,0.00000000,78.66539600,89.29817185,84.63532017,1492.48104146,3285.91373301,7912.94957600
2,448,0.261000,0.806000,89.29817185,0.00000000,28.44515548,855.24062755,0.00000000,0.00000000,78.66539600,89.29817185,84.63532017,1492.48104146,3381.75917430,7912.94957600
2,449,0.085000,0.842000,38.34552806,68.38310374,0.00000000,825.05685705,0.00000000,0.00000000,94.69756566,106.72863180,101.68074366,1745.79450000,3730.91807413,7912.94957600
2,450,0.000000,0.837000,0.00000000,107.32720193,0.00000000,780.80729591,0.00000000,0.00000000,94.69756566,107.32720193,101.68074366,1745.79450000,3730.91807393,9891.18697000
2,451,0.000000,0.820000,0.00000000,107.32720193,0.00000000,762.76872188,0.00000000,0.00000000,94.69756566,107.32720193,101.68074366,1745.79450000,3730.91807372,9891.18697000
2,452,0.000000,0.812000,0.00000000,107.32720193,0.00000000,754.27998116,0.00000000,0.00000000,94.69756566,107.32720193,101.68074366,1745.79450000,3730.91807352,9891.18697000
2,453,0.000000,0.783000,0.00000000,89.89674197,0.00000000,740.93875600,0.00000000,0.00000000,78.66539600,89.89674197,84.63532017,1492.48104146,3477.60461477,9891.18697000
2,454,0.000000,0.731000,0.00000000,89.89674197,0.00000000,685.76194132,0.00000000,0.00000000,78.66539600,89.89674197,84.63532017,1492.48104146,3224.29115602,9891.18697000
2,455,0.000000,0.639000,0.00000000,107.32720193,0.00000000,570.71096309,0.00000000,0.00000000,94.69756566,107.32720193,101.68074366,1745.79450000,3224.29115582,9891.18697000
2,456,0.000000,0.538000,0.00000000,107.32720193,0.00000000,463.54061150,0.00000000,0.00000000,94.69756566,107.32720193,101.68074366,1745.79450000,3224.29115561,9891.18697000
2,457,0.000000,0.484000,0.00000000,107.32720193,0.00000000,406.24161164,0.00000000,0.00000000,94.69756566,107.32720193,101.68074366,1745.79450000,3224.29115541,9891.18697000
2,458,0.000000,0.494000,0.00000000,106.72863180,0.00000000,417.45110766,0.00000000,0.00000000,94.69756566,106.72863180,101.68074366,1745.79450000,3573.45005524,7912.94957600
2,459,0.000000,0.554000,0.00000000,107.32720193,0.00000000,480.51809294,0.00000000,0.00000000,94.69756566,107.32720193,101.68074366,1745.79450000,3573.45005504,9891.18697000
2,460,0.000000,0.600000,0.00000000,107.32720193,0.00000000,529.32835208,0.00000000,0.00000000,94.69756566,107.32720193,101.68074366,1745.79450000,3573.45005483,9891.18697000
2,461,0.000000,0.572000,0.00000000,107.32720193,0.00000000,499.61775956,0.00000000,0.00000000,94.69756566,107.32720193,101.68074366,1745.79450000,3573.45005463,9891.18697000
2,462,0.000000,0.550000,0.00000000,106.85770196,0.00000000,476.74322255,0.00000000,0.00000000,94.26572949,106.85770196,101.22161488,1738.97134899,3566.62690341,9891.18697000
2,463,0.111000,0.519000,50.07474840,39.82199357,0.00000000,510.88506064,0.00000000,0.00000000,78.66539600,89.89674197,84.63532017,1492.48104146,3313.31344466,9891.18697000
2,464,0.297000,0.726000,0.00000000,107.32720193,133.98378627,663.02601842,0.00000000,0.00000000,94.69756566,107.32720193,101.68074366,1745.79450000,3313.31344445,9891.18697000
2,465,0.458000,0.758000,0.00000000,107.32720193,206.61472765,696.98098130,0.00000000,0.00000000,94.69756566,107.32720193,101.68074366,1745.79450000,3313.31344425,9891.18697000
2,466,0.569000,0.736000,89.89674197,0.00000000,166.79273408,780.96414625,0.00000000,0.00000000,78.66539600,89.89674197,84.63532017,1492.48104146,3059.99998550,9891.18697000
2,467,0.631000,0.707000,89.89674197,0.00000000,194.76241336,750.19246114,0.00000000,0.00000000,78.66539600,89.89674197,84.63532017,1492.48104146,2806.68652675,9891.18697000
2,468,0.647000,0.674000,89.89674197,0.00000000,201.98039512,715.17640567,0.00000000,0.00000000,78.66539600,89.89674197,84.63532017,1492.48104146,2553.37306800,9891.18697000
2,469,0.607000,0.661000,107.32720193,0.00000000,166.50498078,701.38220200,0.00000000,0.00000000,94.69756566,107.32720193,101.68074366,1745.79450000,2553.37306800,9891.18696884
2,470,0.515000,0.683000,107.32720193,0.00000000,125.00158571,724.72623898,0.00000000,0.00000000,94.69756566,107.32720193,101.68074366,1745.79450000,2553.37306800,9891.18696884
2,471,0.374000,0.744000,0.00000000,107.32720193,168.72032345,682.12568504,0.00000000,0.00000000,94.69756566,107.32720193,101.68074366,1745.79450000,2553.37306780,9891.18697000
2,472,0.232000,0.794000,104.66073540,2.06789640,0.00000000,840.43962007,0.00000000,0.00000000,94.69756566,106.72863180,101.68074366,1745.79450000,2902.53196763,7912.94957600
2,473,0.077000,0.803000,0.00000000,89.89674172,34.73653718,762.16060806,0.00000000,0.00000000,78.66539600,89.89674172,84.63531998,1492.48099468,2649.21846210,9891.18697000
2,474,0.000000,0.759000,0.00000000,106.72863180,0.00000000,698.64064402,0.00000000,0.00000000,94.69756566,106.72863180,101.68074366,1745.79450000,2998.37736194,7912.94957600
2,475,0.000000,0.692000,0.00000000,94.13698520,0.00000000,640.13908709,0.00000000,0.00000000,82.56548234,94.13698520,88.78189700,1554.10366522,2806.68652696,9891.18697000
2,476,0.000000,0.598000,0.00000000,107.32720193,0.00000000,527.20616690,0.00000000,0.00000000,94.69756566,107.32720193,101.68074366,1745.79450000,2806.68652675,9891.18697000
2,477,0.000000,0.468000,0.00000000,89.89674197,0.00000000,406.69459015,0.00000000,0.00000000,78.66539600,89.89674197,84.63532017,1492.48104146,2553.37306800,9891.18697000
2,478,0.000000,0.362000,0.00000000,107.32720193,0.00000000,276.78831566,0.00000000,0.00000000,94.69756566,107.32720193,101.68074366,1745.79450000,2553.37306800,9891.18696884
2,479,0.000000,0.285000,0.00000000,106.89294157,0.00000000,195.51844659,0.00000000,0.00000000,94.69756566,106.89294157,101.68074366,1745.79450000,2806.68652696,8455.98323539
2,480,0.000000,0.237000,0.00000000,89.89674197,0.00000000,161.58220186,0.00000000,0.00000000,78.66539600,89.89674197,84.63532017,1492.48104146,2553.37306821,9891.18697000
2,481,0.000000,0.218000,0.00000000,107.32720193,0.00000000,123.99098270,0.00000000,0.00000000,94.69756566,107.32720193,101.68074366,1745.79450000,2553.37306800,9891.18697000
2,482,0.000000,0.217000,0.00000000,89.29817185,0.00000000,140.95892018,0.00000000,0.00000000,78.66539600,89.29817185,84.63532017,1492.48104146,2649.21850929,7912.94957600
2,483,0.000000,0.238000,0.00000000,100.73209193,0.00000000,151.80794449,0.00000000,0.00000000,88.63152250,100.73209193,95.23131874,1649.94905891,2553.37306800,9891.18697000
2,484,0.000000,0.229000,0.00000000,107.32720193,0.00000000,135.66300119,0.00000000,0.00000000,94.69756566,107.32720193,101.68074366,1745.79450000,2553.37306821,9891.18696768
2,485,0.000000,0.235000,0.00000000,107.32720193,0.00000000,142.02955673,0.00000000,0.00000000,94.69756566,107.32720193,101.68074366,1745.79450000,2553.37306800,9891.18697000
2,486,0.000000,0.243000,0.00000000,107.32720193,0.00000000,150.51829745,0.00000000,0.00000000,94.69756566,107.32720193,101.68074366,1745.79450000,2553.37306800,9891.18696884
2,487,0.105000,0.260000,47.36800525,41.93016660,0.00000000,233.95390680,0.00000000,0.00000000,78.66539600,89.29817185,84.63532017,1492.48104146,2649.21850929,7912.94957600
2,488,0.295000,0.501000,89.62679138,0.00000000,43.45474717,531.60738760,0.00000000,0.00000000,78.66539600,89.62679138,84.63532017,1492.48104146,2553.37306841,8999.01689710
2,489,0.449000,0.602000,107.32720193,0.00000000,95.22741099,638.77773919,0.00000000,0.00000000,94.69756566,107.32720193,101.68074366,1745.79450000,2553.37306821,9891.18697000
2,490,0.562000,0.615000,0.00000000,107.32720193,253.53160903,545.24474093,0.00000000,0.00000000,94.69756566,107.32720193,101.68074366,1745.79450000,2553.37306800,9891.18697000
2,491,0.632000,0.622000,100.13352186,0.00000000,184.97675734,659.99959099,0.00000000,0.00000000,88.63152255,100.13352186,95.23131879,1649.94905973,2806.68652757,7912.94957600
2,492,0.652000,0.625000,0.00000000,107.32720193,294.13275639,555.85566683,0.00000000,0.00000000,94.69756566,107.32720193,101.68074366,1745.79450000,2806.68652737,9891.18697000
2,493,0.627000,0.638000,107.32720193,0.00000000,175.52745797,676.97707243,0.00000000,0.00000000,94.69756566,107.32720193,101.68074366,1745.79450000,2806.68652716,9891.18697000
2,494,0.558000,0.664000,0.00000000,107.32720193,251.72711360,597.23827784,0.00000000,0.00000000,94.69756566,107.32720193,101.68074366,1745.79450000,2806.68652696,9891.18697000
2,495,0.441000,0.701000,107.32720193,0.00000000,91.61842011,743.82590560,0.00000000,0.00000000,94.69756566,107.32720193,101.68074366,1745.79450000,2806.68652675,9891.18697000
2,496,0.279000,0.738000,0.00000000,89.89674197,125.86355680,693.18958945,0.00000000,0.00000000,78.66539600,89.89674197,84.63532017,1492.48104146,2553.37306800,9891.18697000
2,497,0.092000,0.755000,0.00000000,107.32720193,41.50339507,693.79770353,0.00000000,0.00000000,94.69756566,107.32720193,101.68074366,1745.79450000,2553.37306780,9891.18697000
2,498,0.000000,0.712000,0.00000000,107.32720197,0.00000000,648.17072212,0.00000000,0.00000000,94.69756570,107.32720197,101.68074370,1745.79450061,2553.37306821,9891.18697000
2,499,0.000000,0.639000,0.00000000,107.32720193,0.00000000,570.71096309,0.00000000,0.00000000,94.69756566,107.32720193,101.68074366,1745.79450000,2553.37306800,9891.18697000
2,500,0.000000,0.601000,0.00000000,107.32720193,0.00000000,530.38944467,0.00000000,0.00000000,94.69756566,107.32720193,101.68074366,1745.79450000,2553.37306821,9891.18696768
2,501,0.000000,0.574000,0.00000000,107.32720193,0.00000000,501.73994474,0.00000000,0.00000000,94.69756566,107.32720193,101.68074366,1745.79450000,2553.37306800,9891.18697000
2,502,0.000000,0.532000,0.00000000,107.32720193,0.00000000,457.17405596,0.00000000,0.00000000,94.69756566,107.32720193,101.68074366,1745.79450000,2553.37306800,9891.18696884
2,503,0.000000,0.512000,0.00000000,106.72863180,0.00000000,436.55077428,0.00000000,0.00000000,94.69756566,106.72863180,101.68074366,1745.79450000,2902.53196784,7912.94957600
2,504,0.000000,0.516000,0.00000000,89.89674197,0.00000000,457.62703447,0.00000000,0.00000000,78.66539600,89.89674197,84.63532017,1492.48104146,2649.21850909,9891.18697000
2,505,0.000000,0.541000,0.00000000,107.32720193,0.00000000,466.72388927,0.00000000,0.00000000,94.69756566,107.32720193,101.68074366,1745.79450000,2649.21850888,9891.18697000
2,506,0.000000,0.539000,0.00000000,106.72863180,0.00000000,465.20027422,0.00000000,0.00000000,94.69756566,106.72863180,101.68074366,1745.79450000,2998.37740872,7912.94957600
2,507,0.000000,0.498000,0.00000000,107.32720193,0.00000000,421.09690790,0.00000000,0.00000000,94.69756566,107.32720193,101.68074366,1745.79450000,2998.37740851,9891.18697000
2,508,0.000000,0.479000,0.00000000,107.32720193,0.00000000,400.93614869,0.00000000,0.00000000,94.69756566,107.32720193,101.68074366,1745.79450000,2998.37740831,9891.18697000
2,509,0.000000,0.496000,0.00000000,89.35684071,0.00000000,436.94508393,0.00000000,0.00000000,78.66539600,89.35684071,84.63532017,1492.48104146,3060.00003228,8106.84655799
2,510,0.000000,0.447000,0.00000000,89.89674197,0.00000000,384.41164576,0.00000000,0.00000000,78.66539600,89.89674197,84.63532017,1492.48104146,2806.68657353,9891.18697000
2,511,0.067000,0.473000,0.00000000,89.89674172,30.22529859,412.00005336,0.00000000,0.00000000,78.66539600,89.89674172,84.63531998,1492.48099468,2553.37306800,9891.18697000
2,512,0.211000,0.734000,0.00000000,107.32720193,95.18713435,671.51475914,0.00000000,0.00000000,94.69756566,107.32720193,101.68074366,1745.79450000,2553.37306800,9891.18696884
2,513,0.379000,0.819000,107.32720193,0.00000000,63.64874082,869.03483122,0.00000000,0.00000000,94.69756566,107.32720193,101.68074366,1745.79450000,2553.37306780,9891.18697000
2,514,0.516000,0.793000,107.32720193,0.00000000,125.45270957,841.44642388,0.00000000,0.00000000,94.69756566,107.32720193,101.68074366,1745.79450000,2553.37306800,9891.18696768
2,515,0.605000,0.746000,107.32720193,0.00000000,165.60273307,791.57507215,0.00000000,0.00000000,94.69756566,107.32720193,101.68074366,1745.79450000,2553.37306821,9891.18696768
2,516,0.630000,0.702000,107.32720193,0.00000000,176.88082955,744.88699819,0.00000000,0.00000000,94.69756566,107.32720193,101.68074366,1745.79450000,2553.37306800,9891.18697000
2,517,0.594000,0.679000,106.72863180,0.00000000,161.23894074,720.48186862,0.00000000,0.00000000,94.69756566,106.72863180,101.68074366,1745.79450000,2902.53196866,7912.94957135
2,518,0.519000,0.681000,106.72863180,0.00000000,127.40465127,722.60405380,0.00000000,0.00000000,94.69756566,106.72863180,101.68074366,1745.79450000,3251.69086849,7912.94957600
2,519,0.342000,0.705000,106.72863180,0.00000000,47.55572814,748.07027596,0.00000000,0.00000000,94.69756566,106.72863180,101.68074366,1745.79450000,3600.84976833,7912.94957600
2,520,0.200000,0.748000,90.22477190,16.50385990,0.00000000,777.19339743,0.00000000,0.00000000,94.69756566,106.72863180,101.68074366,1745.79450000,3950.00866817,7912.94957600
2,521,0.057000,0.761000,2.39428050,0.00000000,23.31977949,807.49146100,0.00000000,0.00000000,0.00000000,2.39428050,0.00000000,0.00000000,2553.37306800,7912.94957600
2,522,0.000000,0.684000,0.00000000,107.32720193,0.00000000,618.46012964,0.00000000,0.00000000,94.69756566,107.32720193,101.68074366,1745.79450000,2553.37306780,9891.18697000
2,523,0.000000,0.669000,0.00000000,107.32720193,0.00000000,602.54374079,0.00000000,0.00000000,94.69756566,107.32720193,101.68074366,1745.79450000,2553.37306800,9891.18696768
2,524,0.000000,0.706000,0.00000000,89.46248162,0.00000000,659.66888693,0.00000000,0.00000000,78.66539600,89.46248162,84.63532017,1492.48104146,2553.37306800,8455.98323771
2,525,0.000000,0.644000,0.00000000,89.29817185,0.00000000,594.04545612,0.00000000,0.00000000,78.66539600,89.29817185,84.63532017,1492.48104146,2649.21850929,7912.94957600
2,526,0.000000,0.509000,0.00000000,89.29817185,0.00000000,450.79795647,0.00000000,0.00000000,78.66539600,89.29817185,84.63532017,1492.48104146,2745.06395059,7912.94957600
2,527,0.000000,0.394000,0.00000000,94.13698192,0.00000000,323.93349854,0.00000000,0.00000000,82.56547933,94.13698192,88.78189380,1554.10361762,2553.37306800,9891.18697000
2,528,0.000000,0.296000,0.00000000,107.32720193,0.00000000,206.75620472,0.00000000,0.00000000,94.69756566,107.32720193,101.68074366,1745.79450000,2553.37306800,9891.18696884
2,529,0.000000,0.286000,0.00000000,106.72863180,0.00000000,196.74384894,0.00000000,0.00000000,94.69756566,106.72863180,101.68074366,1745.79450000,2902.53196784,7912.94957600
2,530,0.000000,0.315000,0.00000000,89.62679138,0.00000000,244.61737447,0.00000000,0.00000000,78.66539600,89.62679138,84.63532017,1492.48104146,2806.68652675,8999.01689826
2,531,0.000000,0.358000,0.00000000,89.89674197,0.00000000,289.97440525,0.00000000,0.00000000,78.66539600,89.89674197,84.63532017,1492.48104146,2553.37306800,9891.18697000
2,532,0.000000,0.400000,0.00000000,89.46248162,0.00000000,334.97455439,0.00000000,0.00000000,78.66539600,89.46248162,84.63532017,1492.48104146,2553.37306800,8455.98323771
2,533,0.000000,0.420000,0.00000000,89.29817185,0.00000000,356.36071596,0.00000000,0.00000000,78.66539600,89.29817185,84.63532017,1492.48104146,2649.21850929,7912.94957600
2,534,0.000000,0.420000,0.00000000,106.72863180,0.00000000,338.93025600,0.00000000,0.00000000,94.69756566,106.72863180,101.68074366,1745.79450000,2998.37740913,7912.94957600
2,535,0.086000,0.388000,38.79665192,51.10009006,0.00000000,360.60383487,0.00000000,0.00000000,78.66539600,89.89674197,84.63532017,1492.48104146,2745.06395038,9891.18697000
2,536,0.261000,0.506000,89.79110115,0.00000000,27.95222617,536.91285055,0.00000000,0.00000000,78.66539600,89.79110115,84.63532017,1492.48104146,2553.37306821,9542.05055881
2,537,0.418000,0.622000,107.32720193,0.00000000,81.24257134,659.99959099,0.00000000,0.00000000,94.69756566,107.32720193,101.68074366,1745.79450000,2553.37306800,9891.18697000
2,538,0.512000,0.660000,107.32720193,0.00000000,123.64821413,700.32110941,0.00000000,0.00000000,94.69756566,107.32720193,101.68074366,1745.79450000,2553.37306800,9891.18696884
2,539,0.580000,0.653000,0.00000000,106.72863180,261.65183850,586.16482948,0.00000000,0.00000000,94.69756566,106.72863180,101.68074366,1745.79450000,2902.53196784,7912.94957600
2,540,0.581000,0.626000,89.89674197,0.00000000,172.20622039,664.24396135,0.00000000,0.00000000,78.66539600,89.89674197,84.63532017,1492.48104146,2649.21850909,9891.18697000
2,541,0.584000,0.591000,107.05725134,0.00000000,156.39908261,627.10572070,0.00000000,0.00000000,94.69756566,107.05725134,101.68074366,1745.79450000,2806.68652675,8999.01689710
2,542,0.474000,0.565000,89.89674197,0.00000000,123.93596742,599.51731336,0.00000000,0.00000000,78.66539600,89.89674197,84.63532017,1492.48104146,2553.37306800,9891.18697000
2,543,0.395000,0.561000,106.72863180,0.00000000,71.46529270,595.27294300,0.00000000,0.00000000,94.69756566,106.72863180,101.68074366,1745.79450000,2902.53196784,7912.94957600
2,544,0.237000,0.574000,106.84752294,0.00000000,0.06883175,609.06714667,0.00000000,0.00000000,94.69756566,106.84752294,101.68074366,1745.79450000,3182.33909190,8305.87748409
2,545,0.084000,0.582000,37.89440420,5.58423536,0.00000000,611.97165202,0.00000000,0.00000000,36.84682300,43.47863956,39.91750131,767.66957627,2553.37306800,7912.94957600
2,546,0.000000,0.541000,0.00000000,89.46248162,0.00000000,484.58860958,0.00000000,0.00000000,78.66539600,89.46248162,84.63532017,1492.48104146,2553.37306800,8455.98323771
2,547,0.000000,0.506000,0.00000000,89.46248162,0.00000000,447.45036893,0.00000000,0.00000000,78.66539600,89.46248162,84.63532017,1492.48104146,2553.37306800,8455.98323771
2,548,0.000000,0.505000,0.00000000,89.46248162,0.00000000,446.38927634,0.00000000,0.00000000,78.66539600,89.46248162,84.63532017,1492.48104146,2553.37306800,8455.98323771
2,549,0.000000,0.459000,0.00000000,89.46248162,0.00000000,397.57901720,0.00000000,0.00000000,78.66539600,89.46248162,84.63532017,1492.48104146,2553.37306800,8455.98323771
2,550,0.000000,0.405000,0.00000000,89.29817185,0.00000000,340.44432711,0.00000000,0.00000000,78.66539600,89.29817185,84.63532017,1492.48104146,2649.21850929,7912.94957600
2,551,0.000000,0.356000,0.00000000,107.32720193,0.00000000,270.42176012,0.00000000,0.00000000,94.69756566,107.32720193,101.68074366,1745.79450000,2649.21850909,9891.18697000
2,552,0.000000,0.323000,0.00000000,107.32720193,0.00000000,235.40570465,0.00000000,0.00000000,94.69756566,107.32720193,101.68074366,1745.79450000,2649.21850888,9891.18697000
2,553,0.000000,0.295000,0.00000000,100.73209196,0.00000000,212.29022209,0.00000000,0.00000000,88.63152253,100.73209196,95.23131876,1649.94905932,2553.37306800,9891.18697000
2,554,0.000000,0.278000,0.00000000,89.46248162,0.00000000,205.52125841,0.00000000,0.00000000,78.66539600,89.46248162,84.63532017,1492.48104146,2553.37306841,8455.98323539
2,555,0.000000,0.258000,0.00000000,107.32720193,0.00000000,166.43468630,0.00000000,0.00000000,94.69756566,107.32720193,101.68074366,1745.79450000,2553.37306821,9891.18697000
2,556,0.000000,0.244000,0.00000000,107.32720193,0.00000000,151.57939004,0.00000000,0.00000000,94.69756566,107.32720193,101.68074366,1745.79450000,2553.37306800,9891.18697000
2,557,0.000000,0.240000,0.00000000,107.32720192,0.00000000,147.33501968,0.00000000,0.00000000,94.69756566,107.32720192,101.68074366,1745.79450000,2553.37306862,9891.18696535
2,558,0.000000,0.235000,0.00000000,107.32720193,0.00000000,142.02955673,0.00000000,0.00000000,94.69756566,107.32720193,101.68074366,1745.79450000,2553.37306841,9891.18697000
2,559,0.116000,0.212000,52.33036770,54.99683423,0.00000000,169.95479486,0.00000000,0.00000000,94.69756566,107.32720193,101.68074366,1745.79450000,2553.37306821,9891.18697000
2,560,0.308000,0.369000,107.32720193,0.00000000,31.61894680,391.54316571,0.00000000,0.00000000,94.69756566,107.32720193,101.68074366,1745.79450000,2553.37306800,9891.18697000
2,561,0.468000,0.376000,107.32720193,0.00000000,103.79876432,398.97081384,0.00000000,0.00000000,94.69756566,107.32720193,101.68074366,1745.79450000,2553.37306780,9891.18697000
2,562,0.579000,0.318000,107.32720193,0.00000000,153.87351272,337.42744362,0.00000000,0.00000000,94.69756566,107.32720193,101.68074366,1745.79450000,2553.37306800,9891.18696768
2,563,0.642000,0.248000,100.13352182,0.00000000,189.48799597,263.15096232,0.00000000,0.00000000,88.63152251,100.13352182,95.23131875,1649.94905912,2806.68652696,7912.94957600
2,564,0.660000,0.183000,0.00000000,107.32720193,297.74174726,86.85274205,0.00000000,0.00000000,94.69756566,107.32720193,101.68074366,1745.79450000,2806.68652675,9891.18697000
2,565,0.630000,0.146000,89.89674197,0.00000000,194.31128950,154.91951814,0.00000000,0.00000000,78.66539600,89.89674197,84.63532017,1492.48104146,2553.37306800,9891.18697000
2,566,0.560000,0.132000,107.32720193,0.00000000,145.30215939,140.06422188,0.00000000,0.00000000,94.69756566,107.32720193,101.68074366,1745.79450000,2553.37306821,9891.18696768
2,567,0.444000,0.140000,107.32720193,0.00000000,92.97179169,148.55296260,0.00000000,0.00000000,94.69756566,107.32720193,101.68074366,1745.79450000,2553.37306800,9891.18697000
2,568,0.273000,0.173000,107.32720193,0.00000000,15.82961172,183.56901807,0.00000000,0.00000000,94.69756566,107.32720193,101.68074366,1745.79450000,2553.37306800,9891.18696884
2,569,0.080000,0.255000,36.08990876,53.37257286,0.00000000,217.20603760,0.00000000,0.00000000,78.66539600,89.46248162,84.63532017,1492.48104146,2553.37306800,8455.98323771
2,570,0.000000,0.367000,0.00000000,89.46248162,0.00000000,299.95849892,0.00000000,0.00000000,78.66539600,89.46248162,84.63532017,1492.48104146,2553.37306800,8455.98323771
2,571,0.000000,0.458000,0.00000000,107.32720193,0.00000000,378.65320430,0.00000000,0.00000000,94.69756566,107.32720193,101.68074366,1745.79450000,2553.37306800,9891.18696884
2,572,0.000000,0.504000,0.00000000,89.46248162,0.00000000,445.32818375,0.00000000,0.00000000,78.66539600,89.46248162,84.63532017,1492.48104146,2553.37306800,8455.98323771
2,573,0.000000,0.519000,0.00000000,89.46248162,0.00000000,461.24457260,0.00000000,0.00000000,78.66539600,89.46248162,84.63532017,1492.48104146,2553.37306800,8455.98323771
2,574,0.000000,0.479000,0.00000000,89.46248162,0.00000000,418.80086900,0.00000000,0.00000000,78.66539600,89.46248162,84.63532017,1492.48104146,2553.37306800,8455.98323771
2,575,0.000000,0.443000,0.00000000,89.46248162,0.00000000,380.60153576,0.00000000,0.00000000,78.66539600,89.46248162,84.63532017,1492.48104146,2553.37306800,8455.98323771
2,576,0.000000,0.459000,0.00000000,107.32720193,0.00000000,379.71429689,0.00000000,0.00000000,94.69756566,107.32720193,101.68074366,1745.79450000,2553.37306800,9891.18696884
2,577,0.000000,0.487000,0.00000000,89.46248162,0.00000000,427.28960972,0.00000000,0.00000000,78.66539600,89.46248162,84.63532017,1492.48104146,2553.37306800,8455.98323771
2,578,0.000000,0.501000,0.00000000,107.32720193,0.00000000,424.28018567,0.00000000,0.00000000,94.69756566,107.32720193,101.68074366,1745.79450000,2553.37306821,9891.18696768
2,579,0.000000,0.508000,0.00000000,107.32720193,0.00000000,431.70783380,0.00000000,0.00000000,94.69756566,107.32720193,101.68074366,1745.79450000,2553.37306800,9891.18697000
2,580,0.000000,0.494000,0.00000000,89.29817185,0.00000000,434.88156762,0.00000000,0.00000000,78.66539600,89.29817185,84.63532017,1492.48104146,2649.21850929,7912.94957600
2,581,0.000000,0.466000,0.00000000,89.62679138,0.00000000,404.84235556,0.00000000,0.00000000,78.66539600,89.62679138,84.63532017,1492.48104146,2553.37306800,8999.01689942
2,582,0.000000,0.442000,0.00000000,107.32720193,0.00000000,361.67572286,0.00000000,0.00000000,94.69756566,107.32720193,101.68074366,1745.79450000,2553.37306821,9891.18696768
2,583,0.097000,0.565000,43.75901437,63.56818756,0.00000000,535.94912580,0.00000000,0.00000000,94.69756566,107.32720193,101.68074366,1745.79450000,2553.37306800,9891.18697000
2,584,0.279000,0.756000,107.32720195,0.00000000,18.53635484,802.18599805,0.00000000,0.00000000,94.69756569,107.32720195,101.68074369,1745.79450041,2553.37306821,9891.18697000
2,585,0.438000,0.773000,107.32720193,0.00000000,90.26504853,820.22457208,0.00000000,0.00000000,94.69756566,107.32720193,101.68074366,1745.79450000,2553.37306800,9891.18697000
2,586,0.546000,0.746000,89.46248162,0.00000000,156.85114566,791.57507215,0.00000000,0.00000000,78.66539600,89.46248162,84.63532017,1492.48104146,2553.37306821,8455.98323655
2,587,0.607000,0.720000,107.32720193,0.00000000,166.50498078,763.98666481,0.00000000,0.00000000,94.69756566,107.32720193,101.68074366,1745.79450000,2553.37306800,9891.18697000
2,588,0.625000,0.695000,107.32720193,0.00000000,174.62521026,737.45935006,0.00000000,0.00000000,94.69756566,107.32720193,101.68074366,1745.79450000,2553.37306800,9891.18696884
2,589,0.599000,0.682000,107.32720193,0.00000000,162.89598991,723.66514639,0.00000000,0.00000000,94.69756566,107.32720193,101.68074366,1745.79450000,2553.37306800,9891.18696884
2,590,0.525000,0.683000,107.32720193,0.00000000,129.51282431,724.72623898,0.00000000,0.00000000,94.69756566,107.32720193,101.68074366,1745.79450000,2553.37306800,9891.18696884
2,591,0.414000,0.703000,107.32720193,0.00000000,79.43807590,745.94809078,0.00000000,0.00000000,94.69756566,107.32720193,101.68074366,1745.79450000,2553.37306780,9891.18697000
2,592,0.251000,0.727000,89.46248162,0.00000000,23.76960712,771.41431294,0.00000000,0.00000000,78.66539600,89.46248162,84.63532017,1492.48104146,2553.37306800,8455.98323655
2,593,0.089000,0.746000,40.15002349,67.17717843,0.00000000,724.39789372,0.00000000,0.00000000,94.69756566,107.32720193,101.68074366,1745.79450000,2553.37306780,9891.18697000
2,594,0.000000,0.742000,0.00000000,107.32720195,0.00000000,680.00349983,0.00000000,0.00000000,94.69756569,107.32720195,101.68074369,1745.79450041,2553.37306800,9891.18697000
2,595,0.000000,0.737000,0.00000000,89.46248162,0.00000000,692.56275722,0.00000000,0.00000000,78.66539600,89.46248162,84.63532017,1492.48104146,2553.37306800,8455.98323771
2,596,0.000000,0.799000,0.00000000,89.46248162,0.00000000,758.35049780,0.00000000,0.00000000,78.66539600,89.46248162,84.63532017,1492.48104146,2553.37306800,8455.98323771
2,597,0.000000,0.806000,0.00000000,89.46248162,0.00000000,765.77814593,0.00000000,0.00000000,78.66539600,89.46248162,84.63532017,1492.48104146,2553.37306800,8455.98323771
2,598,0.000000,0.777000,0.00000000,89.46248162,0.00000000,735.00646082,0.00000000,0.00000000,78.66539600,89.46248162,84.63532017,1492.48104146,2553.37306800,8455.98323771
2,599,0.000000,0.742000,0.00000000,107.32720193,0.00000000,680.00349986,0.00000000,0.00000000,94.69756566,107.32720193,101.68074366,1745.79450000,2553.37306800,9891.18696884
2,600,0.000000,0.705000,0.00000000,101.23378099,0.00000000,646.83649497,0.00000000,0.00000000,89.22920363,101.23378099,95.86677408,1659.39261373,2553.37306800,9401.65786818
2,601,0.000000,0.678000,0.00000000,89.46248162,0.00000000,629.95829441,0.00000000,0.00000000,78.66539600,89.46248162,84.63532017,1492.48104146,2553.37306800,8455.98323771
2,602,0.000000,0.617000,0.00000000,89.46248162,0.00000000,565.23164642,0.00000000,0.00000000,78.66539600,89.46248162,84.63532017,1492.48104146,2553.37306800,8455.98323771
2,603,0.000000,0.629000,0.00000000,107.32720193,0.00000000,560.10003719,0.00000000,0.00000000,94.69756566,107.32720193,101.68074366,1745.79450000,2553.37306800,9891.18696884
2,604,0.000000,0.574000,0.00000000,107.32720193,0.00000000,501.73994474,0.00000000,0.00000000,94.69756566,107.32720193,101.68074366,1745.79450000,2553.37306800,9891.18696884
2,605,0.000000,0.514000,0.00000000,107.32720193,0.00000000,438.07438934,0.00000000,0.00000000,94.69756566,107.32720193,101.68074366,1745.79450000,2553.37306800,9891.18696884
2,606,0.000000,0.538000,0.00000000,106.72863180,0.00000000,464.13918163,0.00000000,0.00000000,94.69756566,106.72863180,101.68074366,1745.79450000,2902.53196784,7912.94957600
2,607,0.116000,0.604000,0.00000000,106.72863180,52.33036770,534.17129257,0.00000000,0.00000000,94.69756566,106.72863180,101.68074366,1745.79450000,3251.69086767,7912.94957600
2,608,0.304000,0.825000,107.32720193,0.00000000,29.81445136,875.40138676,0.00000000,0.00000000,94.69756566,107.32720193,101.68074366,1745.79450000,3251.69086747,9891.18697000
2,609,0.461000,0.845000,107.22156110,0.00000000,100.74653812,896.62323856,0.00000000,0.00000000,94.69756566,107.22156110,101.68074366,1745.79450000,3313.31344486,9542.05055300
2,610,0.568000,0.811000,107.32720193,0.00000000,148.91115026,860.54609050,0.00000000,0.00000000,94.69756566,107.32720193,101.68074366,1745.79450000,3313.31344466,9891.18697000
2,611,0.628000,0.766000,89.89674197,0.00000000,193.40904179,812.79692395,0.00000000,0.00000000,78.66539600,89.89674197,84.63532017,1492.48104146,3059.99998591,9891.18697000
2,612,0.642000,0.731000,89.89674197,0.00000000,199.72477582,775.65868330,0.00000000,0.00000000,78.66539600,89.89674197,84.63532017,1492.48104146,2806.68652716,9891.18697000
2,613,0.592000,0.710000,107.32720193,0.00000000,159.73812289,753.37573891,0.00000000,0.00000000,94.69756566,107.32720193,101.68074366,1745.79450000,2806.68652696,9891.18697000
2,614,0.507000,0.692000,89.89674197,0.00000000,138.82305479,734.27607229,0.00000000,0.00000000,78.66539600,89.89674197,84.63532017,1492.48104146,2553.37306821,9891.18697000
2,615,0.385000,0.685000,107.32720193,0.00000000,66.35548398,726.84842416,0.00000000,0.00000000,94.69756566,107.32720193,101.68074366,1745.79450000,2553.37306800,9891.18697000
2,616,0.239000,0.703000,107.32720195,0.00000000,0.49140046,745.94809078,0.00000000,0.00000000,94.69756569,107.32720195,101.68074369,1745.79450041,2553.37306821,9891.18697000
2,617,0.080000,0.739000,36.08990876,71.23729317,0.00000000,712.91013085,0.00000000,0.00000000,94.69756566,107.32720193,101.68074366,1745.79450000,2553.37306800,9891.18697000
2,618,0.000000,0.746000,0.00000000,107.32720193,0.00000000,684.24787022,0.00000000,0.00000000,94.69756566,107.32720193,101.68074366,1745.79450000,2553.37306800,9891.18696884
2,619,0.000000,0.739000,0.00000000,107.32720193,0.00000000,676.82022209,0.00000000,0.00000000,94.69756566,107.32720193,101.68074366,1745.79450000,2553.37306800,9891.18696884
2,620,0.000000,0.769000,0.00000000,107.32720193,0.00000000,708.65299979,0.00000000,0.00000000,94.69756566,107.32720193,101.68074366,1745.79450000,2553.37306800,9891.18696884
2,621,0.000000,0.749000,0.00000000,107.32720193,0.00000000,687.43114799,0.00000000,0.00000000,94.69756566,107.32720193,101.68074366,1745.79450000,2553.37306800,9891.18696884
2,622,0.000000,0.700000,0.00000000,107.32720193,0.00000000,635.43761108,0.00000000,0.00000000,94.69756566,107.32720193,101.68074366,1745.79450000,2553.37306800,9891.18696884
2,623,0.000000,0.661000,0.00000000,107.32720193,0.00000000,594.05500007,0.00000000,0.00000000,94.69756566,107.32720193,101.68074366,1745.79450000,2553.37306800,9891.18696884
2,624,0.000000,0.622000,0.00000000,107.32720193,0.00000000,552.67238906,0.00000000,0.00000000,94.69756566,107.32720193,101.68074366,1745.79450000,2553.37306800,9891.18696884
2,625,0.000000,0.597000,0.00000000,107.32720193,0.00000000,526.14507431,0.00000000,0.00000000,94.69756566,107.32720193,101.68074366,1745.79450000,2553.37306800,9891.18696884
2,626,0.000000,0.526000,0.00000000,107.32720193,0.00000000,450.80750042,0.00000000,0.00000000,94.69756566,107.32720193,101.68074366,1745.79450000,2553.37306800,9891.18696884
2,627,0.000000,0.416000,0.00000000,107.32720193,0.00000000,334.08731552,0.00000000,0.00000000,94.69756566,107.32720193,101.68074366,1745.79450000,2553.37306800,9891.18696884
2,628,0.000000,0.376000,0.00000000,107.32720193,0.00000000,291.64361192,0.00000000,0.00000000,94.69756566,107.32720193,101.68074366,1745.79450000,2553.37306800,9891.18696884
2,629,0.000000,0.379000,0.00000000,107.32720193,0.00000000,294.82688969,0.00000000,0.00000000,94.69756566,107.32720193,101.68074366,1745.79450000,2553.37306800,9891.18696884
2,630,0.000000,0.393000,0.00000000,107.32720193,0.00000000,309.68218595,0.00000000,0.00000000,94.69756566,107.32720193,101.68074366,1745.79450000,2553.37306800,9891.18696884
2,631,0.112000,0.468000,50.52587226,56.80132966,0.00000000,439.79000246,0.00000000,0.00000000,94.69756566,107.32720193,101.68074366,1745.79450000,2553.37306800,9891.18696884
2,632,0.294000,0.729000,107.32720193,0.00000000,25.30321276,773.53649812,0.00000000,0.00000000,94.69756566,107.32720193,101.68074366,1745.79450000,2553.37306800,9891.18696884
2,633,0.445000,0.753000,107.32720193,0.00000000,93.42291555,799.00272028,0.00000000,0.00000000,94.69756566,107.32720193,101.68074366,1745.79450000,2553.37306800,9891.18696884
2,634,0.564000,0.699000,107.32720193,0.00000000,147.10665483,741.70372042,0.00000000,0.00000000,94.69756566,107.32720193,101.68074366,1745.79450000,2553.37306800,9891.18696884
2,635,0.622000,0.632000,107.32720193,0.00000000,173.27183868,670.61051689,0.00000000,0.00000000,94.69756566,107.32720193,101.68074366,1745.79450000,2553.37306800,9891.18696884
2,636,0.634000,0.574000,107.32720193,0.00000000,178.68532499,609.06714667,0.00000000,0.00000000,94.69756566,107.32720193,101.68074366,1745.79450000,2553.37306800,9891.18696884
2,637,0.600000,0.535000,107.32720193,0.00000000,163.34711377,567.68453566,0.00000000,0.00000000,94.69756566,107.32720193,101.68074366,1745.79450000,2553.37306800,9891.18696884
2,638,0.504000,0.527000,107.32720193,0.00000000,120.03922326,559.19579494,0.00000000,0.00000000,94.69756566,107.32720193,101.68074366,1745.79450000,2553.37306800,9891.18696884
2,639,0.398000,0.559000,107.32720193,0.00000000,72.22009415,593.15075782,0.00000000,0.00000000,94.69756566,107.32720193,101.68074366,1745.79450000,2553.37306800,9891.18696884
2,640,0.239000,0.609000,107.32720193,0.00000000,0.49140049,646.20538732,0.00000000,0.00000000,94.69756566,107.32720193,101.68074366,1745.79450000,2553.37306800,9891.18696884
2,641,0.082000,0.657000,36.99215648,70.33504545,0.00000000,626.80278619,0.00000000,0.00000000,94.69756566,107.32720193,101.68074366,1745.79450000,2553.37306780,9891.18697000
2,642,0.000000,0.645000,0.00000000,107.32720193,0.00000000,577.07751863,0.00000000,0.00000000,94.69756566,107.32720193,101.68074366,1745.79450000,2553.37306800,9891.18696768
2,643,0.000000,0.611000,0.00000000,107.32720193,0.00000000,541.00037057,0.00000000,0.00000000,94.69756566,107.32720193,101.68074366,1745.79450000,2553.37306800,9891.18696884
2,644,0.000000,0.627000,0.00000000,107.32720193,0.00000000,557.97785201,0.00000000,0.00000000,94.69756566,107.32720193,101.68074366,1745.79450000,2553.37306800,9891.18696884
2,645,0.000000,0.618000,0.00000000,107.32720193,0.00000000,548.42801870,0.00000000,0.00000000,94.69756566,107.32720193,101.68074366,1745.79450000,2553.37306800,9891.18696884
2,646,0.000000,0.525000,0.00000000,107.32720193,0.00000000,449.74640783,0.00000000,0.00000000,94.69756566,107.32720193,101.68074366,1745.79450000,2553.37306800,9891.18696884
2,647,0.000000,0.413000,0.00000000,107.32720193,0.00000000,330.90403775,0.00000000,0.00000000,94.69756566,107.32720193,101.68074366,1745.79450000,2553.37306800,9891.18696884
2,648,0.000000,0.337000,0.00000000,107.32720193,0.00000000,250.26100091,0.00000000,0.00000000,94.69756566,107.32720193,101.68074366,1745.79450000,2553.37306800,9891.18696884
2,649,0.000000,0.286000,0.00000000,107.32720193,0.00000000,196.14527882,0.00000000,0.00000000,94.69756566,107.32720193,101.68074366,1745.79450000,2553.37306800,9891.18696884
2,650,0.000000,0.264000,0.00000000,107.32720193,0.00000000,172.80124184,0.00000000,0.00000000,94.69756566,107.32720193,101.68074366,1745.79450000,2553.37306800,9891.18696884
2,651,0.000000,0.312000,0.00000000,107.32720193,0.00000000,223.73368616,0.00000000,0.00000000,94.69756566,107.32720193,101.68074366,1745.79450000,2553.37306800,9891.18696884
2,652,0.000000,0.365000,0.00000000,107.32720193,0.00000000,279.97159343,0.00000000,0.00000000,94.69756566,107.32720193,101.68074366,1745.79450000,2553.37306800,9891.18696884
2,653,0.000000,0.453000,0.00000000,107.32720193,0.00000000,373.34774135,0.00000000,0.00000000,94.69756566,107.32720193,101.68074366,1745.79450000,2553.37306800,9891.18696884
2,654,0.000000,0.498000,0.00000000,107.32720193,0.00000000,421.09690790,0.00000000,0.00000000,94.69756566,107.32720193,101.68074366,1745.79450000,2553.37306800,9891.18696884
2,655,0.088000,0.506000,39.69889964,67.02973216,0.00000000,469.88311838,0.00000000,0.00000000,94.69756566,106.72863180,101.68074366,1745.79450000,2902.53196866,7912.94957135
2,656,0.243000,0.680000,106.72863180,0.00000000,2.89446606,721.54296121,0.00000000,0.00000000,94.69756566,106.72863180,101.68074366,1745.79450000,3251.69086849,7912.94957600
2,657,0.415000,0.728000,106.72863180,0.00000000,80.48776989,772.47540553,0.00000000,0.00000000,94.69756566,106.72863180,101.68074366,1745.79450000,3600.84976833,7912.94957600
2,658,0.540000,0.698000,106.72863180,0.00000000,136.87825232,740.64262783,0.00000000,0.00000000,94.69756566,106.72863180,101.68074366,1745.79450000,3950.00866817,7912.94957600
2,659,0.624000,0.650000,2.39428050,0.00000000,279.10700782,689.71018351,0.00000000,0.00000000,0.00000000,2.39428050,0.00000000,0.00000000,2553.37306800,7912.94957600
2,660,0.633000,0.606000,100.13352188,0.00000000,185.42788118,643.02210955,0.00000000,0.00000000,88.63152256,100.13352188,95.23131880,1649.94905994,2806.68652778,7912.94957600
2,661,0.615000,0.574000,107.32720193,0.00000000,170.11397166,609.06714667,0.00000000,0.00000000,94.69756566,107.32720193,101.68074366,1745.79450000,2806.68652757,9891.18697000
2,662,0.532000,0.560000,107.32720193,0.00000000,132.67069132,594.21185041,0.00000000,0.00000000,94.69756566,107.32720193,101.68074366,1745.79450000,2806.68652737,9891.18697000
2,663,0.391000,0.567000,107.32720193,0.00000000,69.06222713,601.63949854,0.00000000,0.00000000,94.69756566,107.32720193,101.68074366,1745.79450000,2806.68652716,9891.18697000
2,664,0.238000,0.616000,0.00000000,107.32720193,107.36747856,546.30583352,0.00000000,0.00000000,94.69756566,107.32720193,101.68074366,1745.79450000,2806.68652696,9891.18697000
2,665,0.088000,0.687000,39.69889964,50.19784234,0.00000000,678.77276700,0.00000000,0.00000000,78.66539600,89.89674197,84.63532017,1492.48104146,2553.37306821,9891.18697000
2,666,0.000000,0.722000,0.00000000,107.32720193,0.00000000,658.78164806,0.00000000,0.00000000,94.69756566,107.32720193,101.68074366,1745.79450000,2553.37306800,9891.18697000
2,667,0.000000,0.767000,0.00000000,89.46248162,0.00000000,724.39553492,0.00000000,0.00000000,78.66539600,89.46248162,84.63532017,1492.48104146,2553.37306882,8455.98323306
2,668,0.000000,0.792000,0.00000000,107.32720193,0.00000000,733.05812936,0.00000000,0.00000000,94.69756566,107.32720193,101.68074366,1745.79450000,2553.37306862,9891.18697000
2,669,0.000000,0.798000,0.00000000,107.32720193,0.00000000,739.42468490,0.00000000,0.00000000,94.69756566,107.32720193,101.68074366,1745.79450000,2553.37306841,9891.18697000
2,670,0.000000,0.772000,0.00000000,107.32720193,0.00000000,711.83627756,0.00000000,0.00000000,94.69756566,107.32720193,101.68074366,1745.79450000,2553.37306821,9891.18697000
2,671,0.000000,0.756000,0.00000000,107.32720193,0.00000000,694.85879612,0.00000000,0.00000000,94.69756566,107.32720193,101.68074366,1745.79450000,2553.37306800,9891.18697000
2,672,0.000000,0.729000,0.00000000,107.00288045,0.00000000,666.53361766,0.00000000,0.00000000,94.69756566,107.00288045,101.68074366,1745.79450000,2742.55679719,8819.32448053
2,673,0.000000,0.700000,0.00000000,107.32720193,0.00000000,635.43761108,0.00000000,0.00000000,94.69756566,107.32720193,101.68074366,1745.79450000,2742.55679698,9891.18697000
2,674,0.000000,0.677000,0.00000000,106.72863180,0.00000000,611.63105164,0.00000000,0.00000000,94.69756566,106.72863180,101.68074366,1745.79450000,3091.71569682,7912.94957600
2,675,0.000000,0.607000,0.00000000,106.72863180,0.00000000,537.35457034,0.00000000,0.00000000,94.69756566,106.72863180,101.68074366,1745.79450000,3440.87459666,7912.94957600
2,676,0.000000,0.562000,0.00000000,106.72863180,0.00000000,489.60540379,0.00000000,0.00000000,94.69756566,106.72863180,101.68074366,1745.79450000,3790.03349649,7912.94957600
2,677,0.000000,0.525000,0.00000000,106.72863180,0.00000000,450.34497796,0.00000000,0.00000000,94.69756566,106.72863180,101.68074366,1745.79450000,4139.19239633,7912.94957600
2,678,0.000000,0.471000,0.00000000,106.72863180,0.00000000,393.04597809,0.00000000,0.00000000,94.69756566,106.72863180,101.68074366,1745.79450000,4488.35129616,7912.94957600
2,679,0.120000,0.529000,54.13486314,52.59376866,0.00000000,508.72421145,0.00000000,0.00000000,94.69756566,106.72863180,101.68074366,1745.79450000,4837.51019600,7912.94957600
2,680,0.314000,0.777000,106.72863180,0.00000000,34.92426008,824.46894244,0.00000000,0.00000000,94.69756566,106.72863180,101.68074366,1745.79450000,5186.66909584,7912.94957600
2,681,0.475000,0.793000,106.72863180,0.00000000,107.55520146,841.44642388,0.00000000,0.00000000,94.69756566,106.72863180,101.68074366,1745.79450000,5535.82799567,7912.94957600
2,682,0.584000,0.721000,106.72863180,0.00000000,156.72770214,765.04775740,0.00000000,0.00000000,94.69756566,106.72863180,101.68074366,1745.79450000,5884.98689551,7912.94957600
2,683,0.641000,0.626000,106.72863180,0.00000000,182.44176213,664.24396135,0.00000000,0.00000000,94.69756566,106.72863180,101.68074366,1745.79450000,6234.14579534,7912.94957600
2,684,0.651000,0.541000,106.72863180,0.00000000,186.95300073,574.05109120,0.00000000,0.00000000,94.69756566,106.72863180,101.68074366,1745.79450000,6583.30469518,7912.94957600
2,685,0.618000,0.464000,106.72863180,0.00000000,172.06591336,492.34696177,0.00000000,0.00000000,94.69756566,106.72863180,101.68074366,1745.79450000,6932.46359502,7912.94957600
2,686,0.548000,0.403000,106.72863180,0.00000000,140.48724320,427.62031377,0.00000000,0.00000000,94.69756566,106.72863180,101.68074366,1745.79450000,7281.62249485,7912.94957600
2,687,0.439000,0.376000,106.72863180,0.00000000,91.31474252,398.97081384,0.00000000,0.00000000,94.69756566,106.72863180,101.68074366,1745.79450000,7630.78139469,7912.94957600
2,688,0.287000,0.396000,106.72863180,0.00000000,22.74391587,420.19266564,0.00000000,0.00000000,94.69756566,106.72863180,101.68074366,1745.79450000,7979.94029452,7912.94957600
2,689,0.101000,0.470000,0.00000000,89.29817159,45.56350981,409.41534571,0.00000000,0.00000000,78.66539600,89.29817159,84.63531998,1492.48099468,8075.78568903,7912.94957600
2,690,0.000000,0.618000,0.00000000,106.72863180,0.00000000,549.02658883,0.00000000,0.00000000,94.69756566,106.72863180,101.68074366,1745.79450000,8424.94458887,7912.94957600
2,691,0.000000,0.746000,0.00000000,106.72863180,0.00000000,684.84644035,0.00000000,0.00000000,94.69756566,106.72863180,101.68074366,1745.79450000,8774.10348871,7912.94957600
2,692,0.000000,0.799000,0.00000000,106.72863180,0.00000000,741.08434762,0.00000000,0.00000000,94.69756566,106.72863180,101.68074366,1745.79450000,9123.26238854,7912.94957600
2,693,0.000000,0.812000,0.00000000,106.72863180,0.00000000,754.87855129,0.00000000,0.00000000,94.69756566,106.72863180,101.68074366,1745.79450000,9472.42128838,7912.94957600
2,694,0.000000,0.797000,0.00000000,106.72863180,0.00000000,738.96216244,0.00000000,0.00000000,94.69756566,106.72863180,101.68074366,1745.79450000,9821.58018821,7912.94957600
2,695,0.000000,0.766000,0.00000000,106.72863180,0.00000000,706.06829215,0.00000000,0.00000000,94.69756566,106.72863180,101.68074366,1745.79450000,10170.73908805,7912.94957600
2,696,0.000000,0.704000,0.00000000,106.72863180,0.00000000,640.28055157,0.00000000,0.00000000,94.69756566,106.72863180,101.68074366,1745.79450000,10519.89798789,7912.94957600
2,697,0.000000,0.631000,0.00000000,106.72863180,0.00000000,562.82079250,0.00000000,0.00000000,94.69756566,106.72863180,101.68074366,1745.79450000,10869.05688772,7912.94957600
2,698,0.000000,0.544000,0.00000000,106.72863180,0.00000000,470.50573717,0.00000000,0.00000000,94.69756566,106.72863180,101.68074366,1745.79450000,11218.21578756,7912.94957600
2,699,0.000000,0.481000,0.00000000,106.72863180,0.00000000,403.65690399,0.00000000,0.00000000,94.69756566,106.72863180,101.68074366,1745.79450000,11567.37468739,7912.94957600
2,700,0.000000,0.406000,0.00000000,106.72863180,0.00000000,324.07495974,0.00000000,0.00000000,94.69756566,106.72863180,101.68074366,1745.79450000,11916.53358723,7912.94957600
2,701,0.000000,0.378000,0.00000000,106.72863180,0.00000000,294.36436722,0.00000000,0.00000000,94.69756566,106.72863180,101.68074366,1745.79450000,12265.69248707,7912.94957600
2,702,0.000000,0.369000,0.00000000,106.72863180,0.00000000,284.81453391,0.00000000,0.00000000,94.69756566,106.72863180,101.68074366,1745.79450000,12614.85138690,7912.94957600
2,703,0.124000,0.367000,55.93935858,50.78927322,0.00000000,338.63170731,0.00000000,0.00000000,94.69756566,106.72863180,101.68074366,1745.79450000,12964.01028674,7912.94957600
2,704,0.320000,0.722000,106.72863180,0.00000000,37.63100324,766.10884999,0.00000000,0.00000000,94.69756566,106.72863180,101.68074366,1745.79450000,13313.16918657,7912.94957600
2,705,0.481000,0.710000,106.72863180,0.00000000,110.26194461,753.37573891,0.00000000,0.00000000,94.69756566,106.72863180,101.68074366,1745.79450000,13662.32808641,7912.94957600
2,706,0.591000,0.615000,106.72863180,0.00000000,159.88556916,652.57194286,0.00000000,0.00000000,94.69756566,106.72863180,101.68074366,1745.79450000,14011.48698625,7912.94957600
2,707,0.648000,0.525000,106.72863180,0.00000000,185.59962915,557.07360976,0.00000000,0.00000000,94.69756566,106.72863180,101.68074366,1745.79450000,14360.64588608,7912.94957600
2,708,0.653000,0.460000,106.72863180,0.00000000,187.85524845,488.10259141,0.00000000,0.00000000,94.69756566,106.72863180,101.68074366,1745.79450000,14709.80478592,7912.94957600
2,709,0.622000,0.414000,106.72863180,0.00000000,173.87040880,439.29233226,0.00000000,0.00000000,94.69756566,106.72863180,101.68074366,1745.79450000,15058.96368575,7912.94957600
2,710,0.563000,0.396000,106.72863180,0.00000000,147.25410109,420.19266564,0.00000000,0.00000000,94.69756566,106.72863180,101.68074366,1745.79450000,15408.12258559,7912.94957600
2,711,0.456000,0.420000,106.72863180,0.00000000,98.98384813,445.65888780,0.00000000,0.00000000,94.69756566,106.72863180,101.68074366,1745.79450000,15757.28148543,7912.94957600
2,712,0.292000,0.475000,106.72863180,0.00000000,24.99953517,504.01898026,0.00000000,0.00000000,94.69756566,106.72863180,101.68074366,1745.79450000,16106.44038526,7912.94957600
2,713,0.101000,0.563000,45.56350981,61.16512199,0.00000000,536.23000618,0.00000000,0.00000000,94.69756566,106.72863180,101.68074366,1745.79450000,16455.59928510,7912.94957600
2,714,0.000000,0.661000,0.00000000,106.72863180,0.00000000,594.65357020,0.00000000,0.00000000,94.69756566,106.72863180,101.68074366,1745.79450000,16804.75818493,7912.94957600
2,715,0.000000,0.715000,0.00000000,106.72863180,0.00000000,651.95257006,0.00000000,0.00000000,94.69756566,106.72863180,101.68074366,1745.79450000,17153.91708477,7912.94957600
2,716,0.000000,0.715000,0.00000000,106.72863180,0.00000000,651.95257006,0.00000000,0.00000000,94.69756566,106.72863180,101.68074366,1745.79450000,17503.07598461,7912.94957600
2,717,0.000000,0.684000,0.00000000,106.72863180,0.00000000,619.05869977,0.00000000,0.00000000,94.69756566,106.72863180,101.68074366,1745.79450000,17852.23488444,7912.94957600
2,718,0.000000,0.610000,0.00000000,106.72863180,0.00000000,540.53784811,0.00000000,0.00000000,94.69756566,106.72863180,101.68074366,1745.79450000,18201.39378428,7912.94957600
2,719,0.000000,0.495000,0.00000000,106.72863180,0.00000000,418.51220025,0.00000000,0.00000000,94.69756566,106.72863180,101.68074366,1745.79450000,18550.55268411,7912.94957600
2,720,0.000000,0.418000,0.00000000,106.72863180,0.00000000,336.80807082,0.00000000,0.00000000,94.69756566,106.72863180,101.68074366,1745.79450000,18899.71158395,7912.94957600
2,721,0.000000,0.369000,0.00000000,106.72863180,0.00000000,284.81453391,0.00000000,0.00000000,94.69756566,106.72863180,101.68074366,1745.79450000,19248.87048379,7912.94957600
2,722,0.000000,0.327000,0.00000000,106.72863180,0.00000000,240.24864513,0.00000000,0.00000000,94.69756566,106.72863180,101.68074366,1745.79450000,19598.02938362,7912.94957600
2,723,0.000000,0.346000,0.00000000,106.72863180,0.00000000,260.40940434,0.00000000,0.00000000,94.69756566,106.72863180,101.68074366,1745.79450000,19947.18828346,7912.94957600
2,724,0.000000,0.364000,0.00000000,106.72863180,0.00000000,279.50907096,0.00000000,0.00000000,94.69756566,106.72863180,101.68074366,1745.79450000,20296.34718329,7912.94957600
2,725,0.000000,0.370000,0.00000000,106.72863180,0.00000000,285.87562650,0.00000000,0.00000000,94.69756566,106.72863180,101.68074366,1745.79450000,20645.50608313,7912.94957600
2,726,0.000000,0.374000,0.00000000,106.72863180,0.00000000,290.11999686,0.00000000,0.00000000,94.69756566,106.72863180,101.68074366,1745.79450000,20994.66498297,7912.94957600
2,727,0.100000,0.406000,45.11238595,61.61624585,0.00000000,369.18734569,0.00000000,0.00000000,94.69756566,106.72863180,101.68074366,1745.79450000,21343.82388280,7912.94957600
2,728,0.293000,0.576000,106.72863180,0.00000000,25.45065903,611.18933185,0.00000000,0.00000000,94.69756566,106.72863180,101.68074366,1745.79450000,21692.98278264,7912.94957600
2,729,0.452000,0.603000,106.72863180,0.00000000,97.17935269,639.83883178,0.00000000,0.00000000,94.69756566,106.72863180,101.68074366,1745.79450000,22042.14168247,7912.94957600
2,730,0.564000,0.580000,106.72863180,0.00000000,147.70522495,615.43370221,0.00000000,0.00000000,94.69756566,106.72863180,101.68074366,1745.79450000,22391.30058231,7912.94957600
2,731,0.624000,0.552000,106.72863180,0.00000000,174.77265652,585.72310969,0.00000000,0.00000000,94.69756566,106.72863180,101.68074366,1745.79450000,22740.45948215,7912.94957600
2,732,0.649000,0.513000,106.72863180,0.00000000,186.05075301,544.34049868,0.00000000,0.00000000,94.69756566,106.72863180,101.68074366,1745.79450000,23089.61838198,7912.94957600
2,733,0.624000,0.477000,106.72863180,0.00000000,174.77265652,506.14116544,0.00000000,0.00000000,94.69756566,106.72863180,101.68074366,1745.79450000,23438.77728182,7912.94957600
2,734,0.557000,0.465000,106.72863180,0.00000000,144.54735793,493.40805436,0.00000000,0.00000000,94.69756566,106.72863180,101.68074366,1745.79450000,23787.93618165,7912.94957600
2,735,0.442000,0.481000,106.72863180,0.00000000,92.66811409,510.38553580,0.00000000,0.00000000,94.69756566,106.72863180,101.68074366,1745.79450000,24137.09508149,7912.94957600
2,736,0.270000,0.535000,106.72863180,0.00000000,15.07481026,567.68453566,0.00000000,0.00000000,94.69756566,106.72863180,101.68074366,1745.79450000,24486.25398133,7912.94957600
2,737,0.104000,0.635000,46.91688139,59.81175041,0.00000000,613.98204424,0.00000000,0.00000000,94.69756566,106.72863180,101.68074366,1745.79450000,24835.41288116,7912.94957600
2,738,0.000000,0.720000,0.00000000,106.72863180,0.00000000,657.25803301,0.00000000,0.00000000,94.69756566,106.72863180,101.68074366,1745.79450000,25184.57178100,7912.94957600
2,739,0.000000,0.798000,0.00000000,106.72863180,0.00000000,740.02325503,0.00000000,0.00000000,94.69756566,106.72863180,101.68074366,1745.79450000,25533.73068083,7912.94957600
2,740,0.000000,0.814000,0.00000000,106.72863180,0.00000000,757.00073647,0.00000000,0.00000000,94.69756566,106.72863180,101.68074366,1745.79450000,25882.88958067,7912.94957600
2,741,0.000000,0.753000,0.00000000,106.72863180,0.00000000,692.27408848,0.00000000,0.00000000,94.69756566,106.72863180,101.68074366,1745.79450000,26232.04848051,7912.94957600
2,742,0.000000,0.668000,0.00000000,106.72863180,0.00000000,602.08121833,0.00000000,0.00000000,94.69756566,106.72863180,101.68074366,1745.79450000,26581.20738034,7912.94957600
2,743,0.000000,0.586000,0.00000000,2.39428050,0.00000000,619.40597725,0.00000000,0.00000000,0.00000000,2.39428050,0.00000000,0.00000000,25184.57178018,7912.94957600
2,744,0.000000,0.506000,0.00000000,106.72863180,0.00000000,430.18421874,0.00000000,0.00000000,94.69756566,106.72863180,101.68074366,1745.79450000,25533.73068001,7912.94957600
3,1,0.000000,0.720000,0.00000000,2.99285063,0.00000000,760.99381418,0.00000000,0.00000000,0.00000000,2.99285063,0.00000000,0.00000000,23787.93617981,9891.18697000
3,2,0.000000,0.648000,0.00000000,2.99285063,0.00000000,684.59514770,0.00000000,0.00000000,0.00000000,2.99285063,0.00000000,0.00000000,22042.14167960,9891.18697000
3,3,0.000000,0.578000,0.00000000,2.99285063,0.00000000,610.31866640,0.00000000,0.00000000,0.00000000,2.99285063,0.00000000,0.00000000,20296.34717940,9891.18697000
3,4,0.000000,0.488000,0.00000000,44.07720969,0.00000000,473.73597424,0.00000000,0.00000000,36.84682300,44.07720969,39.91750131,767.66957627,19318.22225546,9891.18697000
3,5,0.000000,0.399000,0.00000000,2.99285063,0.00000000,420.38309279,0.00000000,0.00000000,0.00000000,2.99285063,0.00000000,0.00000000,17572.42775526,9891.18697000
3,6,0.009000,0.340000,4.06011474,103.26708719,0.00000000,257.50439341,0.00000000,0.00000000,94.69756566,107.32720193,101.68074366,1745.79450000,17572.42775505,9891.18697000
3,7,0.195000,0.540000,87.96915260,1.92758912,0.00000000,571.06240949,0.00000000,0.00000000,78.66539600,89.89674172,84.63531998,1492.48099468,17319.11424952,9891.18697000
3,8,0.409000,0.590000,107.32720193,0.00000000,77.18245661,626.04462811,0.00000000,0.00000000,94.69756566,107.32720193,101.68074366,1745.79450000,17319.11424932,9891.18697000
3,9,0.573000,0.473000,107.32720193,0.00000000,151.16676956,501.89679508,0.00000000,0.00000000,94.69756566,107.32720193,101.68074366,1745.79450000,17319.11424911,9891.18697000
3,10,0.678000,0.341000,107.32720193,0.00000000,198.53477481,361.83257319,0.00000000,0.00000000,94.69756566,107.32720193,101.68074366,1745.79450000,17319.11424891,9891.18697000
3,11,0.739000,0.227000,2.99285063,0.00000000,330.38768154,240.86801793,0.00000000,0.00000000,0.00000000,2.99285063,0.00000000,0.00000000,15573.31974870,9891.18697000
3,12,0.754000,0.149000,107.32720193,0.00000000,232.82018813,158.10279591,0.00000000,0.00000000,94.69756566,107.32720193,101.68074366,1745.79450000,15573.31974850,9891.18697000
3,13,0.726000,0.113000,107.32720193,0.00000000,220.18872006,119.90346267,0.00000000,0.00000000,94.69756566,107.32720193,101.68074366,1745.79450000,15573.31974829,9891.18697000
3,14,0.635000,0.123000,107.32720193,0.00000000,179.13644885,130.51438857,0.00000000,0.00000000,94.69756566,107.32720193,101.68074366,1745.79450000,15573.31974809,9891.18697000
3,15,0.486000,0.176000,107.32720193,0.00000000,111.91899379,186.75229584,0.00000000,0.00000000,94.69756566,107.32720193,101.68074366,1745.79450000,15573.31974788,9891.18697000
3,16,0.305000,0.278000,30.97213678,0.00000000,106.62064037,294.98374002,0.00000000,0.00000000,25.00174700,30.97213678,27.15938407,539.40926699,14366.93451467,9891.18697000
3,17,0.130000,0.499000,0.00000000,89.89674172,58.64610173,439.58846070,0.00000000,0.00000000,78.66539600,89.89674172,84.63531998,1492.48099468,14113.62100914,9891.18697000
3,18,0.000000,0.728000,0.00000000,44.07720920,0.00000000,728.39819633,0.00000000,0.00000000,36.84682300,44.07720920,39.91750095,767.66948863,13135.49599757,9891.18697000
3,19,0.000000,0.812000,0.00000000,107.32720193,0.00000000,754.27998116,0.00000000,0.00000000,94.69756566,107.32720193,101.68074366,1745.79450000,13135.49599737,9891.18697000
3,20,0.000000,0.837000,0.00000000,107.32720193,0.00000000,780.80729591,0.00000000,0.00000000,94.69756566,107.32720193,101.68074366,1745.79450000,13135.49599716,9891.18697000
3,21,0.000000,0.849000,0.00000000,98.81752140,0.00000000,802.05008752,0.00000000,0.00000000,86.87054088,98.81752140,93.35904081,1622.12498063,13011.82647759,9891.18697000
3,22,0.000000,0.864000,0.00000000,107.32720193,0.00000000,809.45679584,0.00000000,0.00000000,94.69756566,107.32720193,101.68074366,1745.79450000,13011.82647738,9891.18697000
3,23,0.000000,0.855000,0.00000000,107.32720193,0.00000000,799.90696253,0.00000000,0.00000000,94.69756566,107.32720193,101.68074366,1745.79450000,13011.82647718,9891.18697000
3,24,0.000000,0.822000,0.00000000,107.32720193,0.00000000,764.89090706,0.00000000,0.00000000,94.69756566,107.32720193,101.68074366,1745.79450000,13011.82647697,9891.18697000
3,25,0.000000,0.768000,0.00000000,107.32720193,0.00000000,707.59190720,0.00000000,0.00000000,94.69756566,107.32720193,101.68074366,1745.79450000,13011.82647677,9891.18697000
3,26,0.000000,0.710000,0.00000000,107.32720193,0.00000000,646.04853698,0.00000000,0.00000000,94.69756566,107.32720193,101.68074366,1745.79450000,13011.82647656,9891.18697000
3,27,0.000000,0.656000,0.00000000,107.32720193,0.00000000,588.74953712,0.00000000,0.00000000,94.69756566,107.32720193,101.68074366,1745.79450000,13011.82647636,9891.18697000
3,28,0.000000,0.586000,0.00000000,2.99285063,0.00000000,618.80740712,0.00000000,0.00000000,0.00000000,2.99285063,0.00000000,0.00000000,11266.03197615,9891.18697000
3,29,0.000000,0.516000,0.00000000,2.99285063,0.00000000,544.53092582,0.00000000,0.00000000,0.00000000,2.99285063,0.00000000,0.00000000,9520.23747595,9891.18697000
3,30,0.008000,0.457000,0.00000000,2.99285063,3.60899088,481.92646301,0.00000000,0.00000000,0.00000000,2.99285063,0.00000000,0.00000000,7774.44297574,9891.18697000
3,31,0.179000,0.603000,80.75117085,26.57603108,0.00000000,613.26280070,0.00000000,0.00000000,94.69756566,107.32720193,101.68074366,1745.79450000,7774.44297554,9891.18697000
3,32,0.391000,0.637000,107.32720193,0.00000000,69.06222713,675.91597984,0.00000000,0.00000000,94.69756566,107.32720193,101.68074366,1745.79450000,7774.44297533,9891.18697000
3,33,0.546000,0.552000,107.32720193,0.00000000,138.98642536,585.72310969,0.00000000,0.00000000,94.69756566,107.32720193,101.68074366,1745.79450000,7774.44297513,9891.18697000
3,34,0.646000,0.441000,107.32720193,0.00000000,184.09881130,467.94183219,0.00000000,0.00000000,94.69756566,107.32720193,101.68074366,1745.79450000,7774.44297492,9891.18697000
3,35,0.699000,0.332000,107.32720193,0.00000000,208.00837586,352.28273988,0.00000000,0.00000000,94.69756566,107.32720193,101.68074366,1745.79450000,7774.44297472,9891.18697000
3,36,0.710000,0.254000,89.89674197,0.00000000,230.40119826,269.51751786,0.00000000,0.00000000,78.66539600,89.89674197,84.63532017,1492.48104146,7521.12951597,9891.18697000
3,37,0.685000,0.220000,107.32720193,0.00000000,201.69264182,233.44036980,0.00000000,0.00000000,94.69756566,107.32720193,101.68074366,1745.79450000,7521.12951576,9891.18697000
3,38,0.626000,0.238000,107.32720193,0.00000000,175.07633411,252.54003642,0.00000000,0.00000000,94.69756566,107.32720193,101.68074366,1745.79450000,7521.12951556,9891.18697000
3,39,0.534000,0.315000,107.32720193,0.00000000,133.57293904,334.24416585,0.00000000,0.00000000,94.69756566,107.32720193,101.68074366,1745.79450000,7521.12951535,9891.18697000
3,40,0.338000,0.472000,107.32720193,0.00000000,45.15266258,500.83570249,0.00000000,0.00000000,94.69756566,107.32720193,101.68074366,1745.79450000,7521.12951515,9891.18697000
3,41,0.145000,0.691000,0.00000000,44.07720969,65.41295963,689.13777001,0.00000000,0.00000000,36.84682300,44.07720969,39.91750131,767.66957627,6543.00459121,9891.18697000
3,42,0.000000,0.845000,0.00000000,107.32720193,0.00000000,789.29603663,0.00000000,0.00000000,94.69756566,107.32720193,101.68074366,1745.79450000,6543.00459101,9891.18697000
3,43,0.000000,0.901000,0.00000000,107.32720193,0.00000000,848.71722167,0.00000000,0.00000000,94.69756566,107.32720193,101.68074366,1745.79450000,6543.00459080,9891.18697000
3,44,0.000000,0.930000,0.00000000,107.32720193,0.00000000,879.48890678,0.00000000,0.00000000,94.69756566,107.32720193,101.68074366,1745.79450000,6543.00459060,9891.18697000
3,45,0.000000,0.930000,0.00000000,107.32720193,0.00000000,879.48890678,0.00000000,0.00000000,94.69756566,107.32720193,101.68074366,1745.79450000,6543.00459039,9891.18697000
3,46,0.000000,0.912000,0.00000000,89.89674197,0.00000000,877.81970012,0.00000000,0.00000000,78.66539600,89.89674197,84.63532017,1492.48104146,6289.69113164,9891.18697000
3,47,0.000000,0.873000,0.00000000,107.32720193,0.00000000,819.00662915,0.00000000,0.00000000,94.69756566,107.32720193,101.68074366,1745.79450000,6289.69113144,9891.18697000
3,48,0.000000,0.797000,0.00000000,107.32720193,0.00000000,738.36359231,0.00000000,0.00000000,94.69756566,107.32720193,101.68074366,1745.79450000,6289.69113123,9891.18697000
3,49,0.000000,0.688000,0.00000000,107.32720193,0.00000000,622.70450000,0.00000000,0.00000000,94.69756566,107.32720193,101.68074366,1745.79450000,6289.69113103,9891.18697000
3,50,0.000000,0.569000,0.00000000,107.32720193,0.00000000,496.43448179,0.00000000,0.00000000,94.69756566,107.32720193,101.68074366,1745.79450000,6289.69113082,9891.18697000
3,51,0.000000,0.476000,0.00000000,107.32720193,0.00000000,397.75287092,0.00000000,0.00000000,94.69756566,107.32720193,101.68074366,1745.79450000,6289.69113062,9891.18697000
3,52,0.000000,0.420000,0.00000000,107.32720193,0.00000000,338.33168588,0.00000000,0.00000000,94.69756566,107.32720193,101.68074366,1745.79450000,6289.69113041,9891.18697000
3,53,0.000000,0.367000,0.00000000,107.32720193,0.00000000,282.09377861,0.00000000,0.00000000,94.69756566,107.32720193,101.68074366,1745.79450000,6289.69113021,9891.18697000
3,54,0.010000,0.307000,4.51123859,102.81596333,0.00000000,222.93946180,0.00000000,0.00000000,94.69756566,107.32720193,101.68074366,1745.79450000,6289.69113000,9891.18697000
3,55,0.190000,0.523000,85.71353330,21.61366862,0.00000000,533.33775595,0.00000000,0.00000000,94.69756566,107.32720193,101.68074366,1745.79450000,6289.69112980,9891.18697000
3,56,0.397000,0.590000,107.32720193,0.00000000,71.76897029,626.04462811,0.00000000,0.00000000,94.69756566,107.32720193,101.68074366,1745.79450000,6289.69112959,9891.18697000
3,57,0.558000,0.538000,107.32720193,0.00000000,144.39991167,570.86781343,0.00000000,0.00000000,94.69756566,107.32720193,101.68074366,1745.79450000,6289.69112939,9891.18697000
3,58,0.670000,0.488000,107.32720193,0.00000000,194.92578393,517.81318393,0.00000000,0.00000000,94.69756566,107.32720193,101.68074366,1745.79450000,6289.69112918,9891.18697000
3,59,0.730000,0.454000,107.32720193,0.00000000,221.99321550,481.73603586,0.00000000,0.00000000,94.69756566,107.32720193,101.68074366,1745.79450000,6289.69112898,9891.18697000
3,60,0.748000,0.457000,107.32720193,0.00000000,230.11344497,484.91931364,0.00000000,0.00000000,94.69756566,107.32720193,101.68074366,1745.79450000,6289.69112877,9891.18697000
3,61,0.713000,0.506000,89.89674197,0.00000000,231.75456984,536.91285055,0.00000000,0.00000000,78.66539600,89.89674197,84.63532017,1492.48104146,6036.37767002,9891.18697000
3,62,0.620000,0.572000,107.32720193,0.00000000,172.36959096,606.94496149,0.00000000,0.00000000,94.69756566,107.32720193,101.68074366,1745.79450000,6036.37766982,9891.18697000
3,63,0.449000,0.630000,107.32720193,0.00000000,95.22741099,668.48833171,0.00000000,0.00000000,94.69756566,107.32720193,101.68074366,1745.79450000,6036.37766961,9891.18697000
3,64,0.277000,0.684000,107.32720193,0.00000000,17.63410715,725.78733157,0.00000000,0.00000000,94.69756566,107.32720193,101.68074366,1745.79450000,6036.37766941,9891.18697000
3,65,0.124000,0.737000,55.93935858,51.38784335,0.00000000,730.63739549,0.00000000,0.00000000,94.69756566,107.32720193,101.68074366,1745.79450000,6036.37766920,9891.18697000
3,66,0.001000,0.776000,0.45112386,43.62608583,0.00000000,779.78176402,0.00000000,0.00000000,36.84682300,44.07720969,39.91750131,767.66957627,5058.25274527,9891.18697000
3,67,0.000000,0.808000,0.00000000,107.32720193,0.00000000,750.03561080,0.00000000,0.00000000,94.69756566,107.32720193,101.68074366,1745.79450000,5058.25274506,9891.18697000
3,68,0.000000,0.834000,0.00000000,107.32720193,0.00000000,777.62401814,0.00000000,0.00000000,94.69756566,107.32720193,101.68074366,1745.79450000,5058.25274486,9891.18697000
3,69,0.000000,0.840000,0.00000000,107.32720193,0.00000000,783.99057368,0.00000000,0.00000000,94.69756566,107.32720193,101.68074366,1745.79450000,5058.25274465,9891.18697000
3,70,0.000000,0.813000,0.00000000,107.32720193,0.00000000,755.34107375,0.00000000,0.00000000,94.69756566,107.32720193,101.68074366,1745.79450000,5058.25274445,9891.18697000
3,71,0.000000,0.720000,0.00000000,107.32720193,0.00000000,656.65946288,0.00000000,0.00000000,94.69756566,107.32720193,101.68074366,1745.79450000,5058.25274424,9891.18697000
3,72,0.000000,0.610000,0.00000000,89.89674197,0.00000000,557.36973793,0.00000000,0.00000000,78.66539600,89.89674197,84.63532017,1492.48104146,4804.93928549,9891.18697000
3,73,0.000000,0.505000,0.00000000,107.32720193,0.00000000,428.52455603,0.00000000,0.00000000,94.69756566,107.32720193,101.68074366,1745.79450000,4804.93928529,9891.18697000
3,74,0.000000,0.429000,0.00000000,107.32720193,0.00000000,347.88151919,0.00000000,0.00000000,94.69756566,107.32720193,101.68074366,1745.79450000,4804.93928508,9891.18697000
3,75,0.000000,0.375000,0.00000000,89.89674197,0.00000000,308.01297928,0.00000000,0.00000000,78.66539600,89.89674197,84.63532017,1492.48104146,4551.62582634,9891.18697000
3,76,0.000000,0.333000,0.00000000,107.32720193,0.00000000,246.01663055,0.00000000,0.00000000,94.69756566,107.32720193,101.68074366,1745.79450000,4551.62582613,9891.18697000
3,77,0.000000,0.346000,0.00000000,107.32720193,0.00000000,259.81083422,0.00000000,0.00000000,94.69756566,107.32720193,101.68074366,1745.79450000,4551.62582593,9891.18697000
3,78,0.007000,0.371000,3.15786702,104.16933491,0.00000000,289.49601598,0.00000000,0.00000000,94.69756566,107.32720193,101.68074366,1745.79450000,4551.62582572,9891.18697000
3,79,0.173000,0.544000,73.54194456,0.00000000,4.50248313,577.23436897,0.00000000,0.00000000,63.67817400,73.54194456,68.65710149,1244.73187308,4050.56319860,9891.18697000
3,80,0.391000,0.583000,107.32720193,0.00000000,69.06222713,618.61697998,0.00000000,0.00000000,94.69756566,107.32720193,101.68074366,1745.79450000,4050.56319839,9891.18697000
3,81,0.560000,0.527000,107.32720193,0.00000000,145.30215939,559.19579494,0.00000000,0.00000000,94.69756566,107.32720193,101.68074366,1745.79450000,4050.56319819,9891.18697000
3,82,0.672000,0.461000,107.32720193,0.00000000,195.82803165,489.16368400,0.00000000,0.00000000,94.69756566,107.32720193,101.68074366,1745.79450000,4050.56319798,9891.18697000
3,83,0.733000,0.420000,107.32720193,0.00000000,223.34658708,445.65888780,0.00000000,0.00000000,94.69756566,107.32720193,101.68074366,1745.79450000,4050.56319778,9891.18697000
3,84,0.750000,0.410000,107.32720193,0.00000000,231.01569269,435.04796190,0.00000000,0.00000000,94.69756566,107.32720193,101.68074366,1745.79450000,4050.56319757,9891.18697000
3,85,0.727000,0.414000,107.32720193,0.00000000,220.63984392,439.29233226,0.00000000,0.00000000,94.69756566,107.32720193,101.68074366,1745.79450000,4050.56319737,9891.18697000
3,86,0.658000,0.447000,107.32720193,0.00000000,189.51229762,474.30838773,0.00000000,0.00000000,94.69756566,107.32720193,101.68074366,1745.79450000,4050.56319716,9891.18697000
3,87,0.535000,0.506000,107.32720193,0.00000000,134.02406290,536.91285055,0.00000000,0.00000000,94.69756566,107.32720193,101.68074366,1745.79450000,4050.56319696,9891.18697000
3,88,0.343000,0.593000,107.32720193,0.00000000,47.40828188,629.22790588,0.00000000,0.00000000,94.69756566,107.32720193,101.68074366,1745.79450000,4050.56319675,9891.18697000
3,89,0.137000,0.702000,0.00000000,73.54194353,61.80396825,671.34505465,0.00000000,0.00000000,63.67817400,73.54194353,68.65710075,1244.73168631,3549.50038286,9891.18697000
3,90,0.001000,0.775000,0.45112386,106.87607807,0.00000000,715.47067919,0.00000000,0.00000000,94.69756566,107.32720193,101.68074366,1745.79450000,3549.50038265,9891.18697000
3,91,0.000000,0.810000,0.00000000,107.32720193,0.00000000,752.15779598,0.00000000,0.00000000,94.69756566,107.32720193,101.68074366,1745.79450000,3549.50038245,9891.18697000
3,92,0.000000,0.841000,0.00000000,107.32720193,0.00000000,785.05166627,0.00000000,0.00000000,94.69756566,107.32720193,101.68074366,1745.79450000,3549.50038224,9891.18697000
3,93,0.000000,0.864000,0.00000000,107.32720193,0.00000000,809.45679584,0.00000000,0.00000000,94.69756566,107.32720193,101.68074366,1745.79450000,3549.50038204,9891.18697000
3,94,0.000000,0.848000,0.00000000,107.32720193,0.00000000,792.47931440,0.00000000,0.00000000,94.69756566,107.32720193,101.68074366,1745.79450000,3549.50038183,9891.18697000
3,95,0.000000,0.802000,0.00000000,107.32720193,0.00000000,743.66905526,0.00000000,0.00000000,94.69756566,107.32720193,101.68074366,1745.79450000,3549.50038163,9891.18697000
3,96,0.000000,0.732000,0.00000000,107.32720193,0.00000000,669.39257396,0.00000000,0.00000000,94.69756566,107.32720193,101.68074366,1745.79450000,3549.50038142,9891.18697000
3,97,0.000000,0.649000,0.00000000,89.89674197,0.00000000,598.75234894,0.00000000,0.00000000,78.66539600,89.89674197,84.63532017,1492.48104146,3296.18692268,9891.18697000
3,98,0.000000,0.568000,0.00000000,107.32720193,0.00000000,495.37338920,0.00000000,0.00000000,94.69756566,107.32720193,101.68074366,1745.79450000,3296.18692247,9891.18697000
3,99,0.000000,0.479000,0.00000000,107.32720193,0.00000000,400.93614869,0.00000000,0.00000000,94.69756566,107.32720193,101.68074366,1745.79450000,3296.18692227,9891.18697000
3,100,0.000000,0.454000,0.00000000,107.32720193,0.00000000,374.40883394,0.00000000,0.00000000,94.69756566,107.32720193,101.68074366,1745.79450000,3296.18692206,9891.18697000
3,101,0.000000,0.427000,0.00000000,107.32720193,0.00000000,345.75933401,0.00000000,0.00000000,94.69756566,107.32720193,101.68074366,1745.79450000,3296.18692186,9891.18697000
3,102,0.009000,0.407000,4.06011474,103.26708719,0.00000000,328.59759694,0.00000000,0.00000000,94.69756566,107.32720193,101.68074366,1745.79450000,3296.18692165,9891.18697000
3,103,0.185000,0.623000,0.00000000,107.32720193,83.45791401,553.73348165,0.00000000,0.00000000,94.69756566,107.32720193,101.68074366,1745.79450000,3296.18692145,9891.18697000
3,104,0.405000,0.693000,0.00000000,107.32720193,182.70516309,628.00996295,0.00000000,0.00000000,94.69756566,107.32720193,101.68074366,1745.79450000,3296.18692124,9891.18697000
3,105,0.569000,0.660000,107.32720193,0.00000000,149.36227412,700.32110941,0.00000000,0.00000000,94.69756566,107.32720193,101.68074366,1745.79450000,3296.18692104,9891.18697000
3,106,0.682000,0.624000,107.32720193,0.00000000,200.33927025,662.12177617,0.00000000,0.00000000,94.69756566,107.32720193,101.68074366,1745.79450000,3296.18692083,9891.18697000
3,107,0.742000,0.594000,107.32720193,0.00000000,227.40670182,630.28899847,0.00000000,0.00000000,94.69756566,107.32720193,101.68074366,1745.79450000,3296.18692063,9891.18697000
3,108,0.759000,0.575000,107.32720193,0.00000000,235.07580743,610.12823926,0.00000000,0.00000000,94.69756566,107.32720193,101.68074366,1745.79450000,3296.18692042,9891.18697000
3,109,0.733000,0.565000,107.32720193,0.00000000,223.34658708,599.51731336,0.00000000,0.00000000,94.69756566,107.32720193,101.68074366,1745.79450000,3296.18692022,9891.18697000
3,110,0.665000,0.567000,107.32720193,0.00000000,192.67016463,601.63949854,0.00000000,0.00000000,94.69756566,107.32720193,101.68074366,1745.79450000,3296.18692001,9891.18697000
3,111,0.550000,0.587000,107.32720193,0.00000000,140.79092079,622.86135034,0.00000000,0.00000000,94.69756566,107.32720193,101.68074366,1745.79450000,3296.18691981,9891.18697000
3,112,0.385000,0.622000,58.26858481,0.00000000,115.41410109,659.99959099,0.00000000,0.00000000,49.73928100,58.26858481,53.75120360,1002.98064984,2553.37306944,9891.18697000
3,113,0.181000,0.674000,0.00000000,107.32720193,81.65341857,607.84920374,0.00000000,0.00000000,94.69756566,107.32720193,101.68074366,1745.79450000,2553.37306923,9891.18697000
3,114,0.002000,0.722000,0.90224772,106.42495421,0.00000000,659.68389578,0.00000000,0.00000000,94.69756566,107.32720193,101.68074366,1745.79450000,2553.37306903,9891.18697000
3,115,0.000000,0.762000,0.00000000,107.32720193,0.00000000,701.22535166,0.00000000,0.00000000,94.69756566,107.32720193,101.68074366,1745.79450000,2553.37306882,9891.18697000
3,116,0.000000,0.806000,0.00000000,107.32720193,0.00000000,747.91342562,0.00000000,0.00000000,94.69756566,107.32720193,101.68074366,1745.79450000,2553.37306862,9891.18697000
3,117,0.000000,0.858000,0.00000000,107.32720193,0.00000000,803.09024030,0.00000000,0.00000000,94.69756566,107.32720193,101.68074366,1745.79450000,2553.37306841,9891.18697000
3,118,0.000000,0.877000,0.00000000,107.32720193,0.00000000,823.25099951,0.00000000,0.00000000,94.69756566,107.32720193,101.68074366,1745.79450000,2553.37306821,9891.18697000
3,119,0.000000,0.852000,0.00000000,107.32720193,0.00000000,796.72368476,0.00000000,0.00000000,94.69756566,107.32720193,101.68074366,1745.79450000,2553.37306800,9891.18697000
3,120,0.000000,0.803000,0.00000000,106.72863180,0.00000000,745.32871798,0.00000000,0.00000000,94.69756566,106.72863180,101.68074366,1745.79450000,2902.53196784,7912.94957600
3,121,0.000000,0.748000,0.00000000,107.32720193,0.00000000,686.37005540,0.00000000,0.00000000,94.69756566,107.32720193,101.68074366,1745.79450000,2902.53196763,9891.18697000
3,122,0.000000,0.693000,0.00000000,107.32720193,0.00000000,628.00996295,0.00000000,0.00000000,94.69756566,107.32720193,101.68074366,1745.79450000,2902.53196743,9891.18697000
3,123,0.000000,0.609000,0.00000000,106.72863180,0.00000000,539.47675552,0.00000000,0.00000000,94.69756566,106.72863180,101.68074366,1745.79450000,3251.69086726,7912.94957600
3,124,0.000000,0.545000,0.00000000,107.32720193,0.00000000,470.96825963,0.00000000,0.00000000,94.69756566,107.32720193,101.68074366,1745.79450000,3251.69086706,9891.18697000
3,125,0.000000,0.500000,0.00000000,107.32720193,0.00000000,423.21909308,0.00000000,0.00000000,94.69756566,107.32720193,101.68074366,1745.79450000,3251.69086685,9891.18697000
3,126,0.008000,0.479000,3.60899088,103.71821105,0.00000000,404.54513957,0.00000000,0.00000000,94.69756566,107.32720193,101.68074366,1745.79450000,3251.69086665,9891.18697000
3,127,0.178000,0.720000,80.30004699,9.59669473,0.00000000,754.38997008,0.00000000,0.00000000,78.66539600,89.89674172,84.63531998,1492.48099468,2998.37736112,9891.18697000
3,128,0.385000,0.812000,107.32720193,0.00000000,66.35548398,861.60718309,0.00000000,0.00000000,94.69756566,107.32720193,101.68074366,1745.79450000,2998.37736091,9891.18697000
3,129,0.549000,0.783000,107.32720193,0.00000000,140.33979693,830.83549798,0.00000000,0.00000000,94.69756566,107.32720193,101.68074366,1745.79450000,2998.37736071,9891.18697000
3,130,0.659000,0.733000,107.32720193,0.00000000,189.96342148,777.78086848,0.00000000,0.00000000,94.69756566,107.32720193,101.68074366,1745.79450000,2998.37736050,9891.18697000
3,131,0.714000,0.683000,107.32720193,0.00000000,214.77523375,724.72623898,0.00000000,0.00000000,94.69756566,107.32720193,101.68074366,1745.79450000,2998.37736030,9891.18697000
3,132,0.720000,0.642000,107.32720193,0.00000000,217.48197691,681.22144279,0.00000000,0.00000000,94.69756566,107.32720193,101.68074366,1745.79450000,2998.37736009,9891.18697000
3,133,0.679000,0.601000,107.32720193,0.00000000,198.98589867,637.71664660,0.00000000,0.00000000,94.69756566,107.32720193,101.68074366,1745.79450000,2998.37735989,9891.18697000
3,134,0.599000,0.580000,107.22156086,0.00000000,163.00163098,615.43370221,0.00000000,0.00000000,94.69756566,107.22156086,101.68074366,1745.79450000,3060.00008009,9542.04974393
3,135,0.483000,0.592000,107.32720193,0.00000000,110.56562221,628.16681329,0.00000000,0.00000000,94.69756566,107.32720193,101.68074366,1745.79450000,3060.00007988,9891.18697000
3,136,0.327000,0.641000,107.32720193,0.00000000,40.19030013,680.16035020,0.00000000,0.00000000,94.69756566,107.32720193,101.68074366,1745.79450000,3060.00007968,9891.18697000
3,137,0.144000,0.711000,64.96183577,42.36536616,0.00000000,712.07146534,0.00000000,0.00000000,94.69756566,107.32720193,101.68074366,1745.79450000,3060.00007947,9891.18697000
3,138,0.001000,0.770000,0.45112386,89.44561786,0.00000000,727.59567645,0.00000000,0.00000000,78.66539600,89.89674172,84.63531998,1492.48099468,2806.68657394,9891.18697000
3,139,0.000000,0.801000,0.00000000,107.32720193,0.00000000,742.60796267,0.00000000,0.00000000,94.69756566,107.32720193,101.68074366,1745.79450000,2806.68657374,9891.18697000
3,140,0.000000,0.847000,0.00000000,89.89674172,0.00000000,808.84868202,0.00000000,0.00000000,78.66539600,89.89674172,84.63531998,1492.48099468,2553.37306821,9891.18697000
3,141,0.000000,0.874000,0.00000000,107.32720193,0.00000000,820.06772174,0.00000000,0.00000000,94.69756566,107.32720193,101.68074366,1745.79450000,2553.37306800,9891.18697000
3,142,0.000000,0.852000,0.00000000,107.32720193,0.00000000,796.72368476,0.00000000,0.00000000,94.69756566,107.32720193,101.68074366,1745.79450000,2553.37306780,9891.18697000
3,143,0.000000,0.806000,0.00000000,107.32720193,0.00000000,747.91342562,0.00000000,0.00000000,94.69756566,107.32720193,101.68074366,1745.79450000,2553.37306759,9891.18697000
3,144,0.000000,0.744000,0.00000000,107.32720193,0.00000000,682.12568504,0.00000000,0.00000000,94.69756566,107.32720193,101.68074366,1745.79450000,2553.37306739,9891.18697000
3,145,0.000000,0.677000,0.00000000,106.89294149,0.00000000,611.46674195,0.00000000,0.00000000,94.69756566,106.89294149,101.68074366,1745.79450000,2806.68657394,8455.98296570
3,146,0.000000,0.624000,0.00000000,107.32720193,0.00000000,554.79457424,0.00000000,0.00000000,94.69756566,107.32720193,101.68074366,1745.79450000,2806.68657374,9891.18697000
3,147,0.000000,0.570000,0.00000000,107.32720193,0.00000000,497.49557438,0.00000000,0.00000000,94.69756566,107.32720193,101.68074366,1745.79450000,2806.68657353,9891.18697000
3,148,0.000000,0.506000,0.00000000,89.89674172,0.00000000,447.01610883,0.00000000,0.00000000,78.66539600,89.89674172,84.63531998,1492.48099468,2553.37306800,9891.18697000
3,149,0.000000,0.459000,0.00000000,107.32720193,0.00000000,379.71429689,0.00000000,0.00000000,94.69756566,107.32720193,101.68074366,1745.79450000,2553.37306800,9891.18696884
3,150,0.011000,0.436000,4.96236245,102.09241862,0.00000000,360.54395062,0.00000000,0.00000000,94.69756566,107.05478108,101.68074366,1745.79450000,2712.28204198,8990.85283866
3,151,0.197000,0.678000,0.00000000,107.32720193,88.87140032,612.09357410,0.00000000,0.00000000,94.69756566,107.32720193,101.68074366,1745.79450000,2712.28204177,9891.18697000
3,152,0.402000,0.753000,107.32720193,0.00000000,74.02458959,799.00272028,0.00000000,0.00000000,94.69756566,107.32720193,101.68074366,1745.79450000,2712.28204157,9891.18697000
3,153,0.564000,0.715000,106.72863180,0.00000000,147.70522495,758.68120186,0.00000000,0.00000000,94.69756566,106.72863180,101.68074366,1745.79450000,3061.44094140,7912.94957600
3,154,0.667000,0.662000,106.72863180,0.00000000,194.17098248,702.44329459,0.00000000,0.00000000,94.69756566,106.72863180,101.68074366,1745.79450000,3410.59984124,7912.94957600
3,155,0.733000,0.615000,30.37356422,0.00000000,300.30022478,652.57194286,0.00000000,0.00000000,25.00174700,30.37356422,27.15938231,539.40882693,2553.37306800,7912.94957600
3,156,0.749000,0.594000,106.72863180,0.00000000,231.16313896,630.28899847,0.00000000,0.00000000,94.69756566,106.72863180,101.68074366,1745.79450000,2902.53196784,7912.94957600
3,157,0.725000,0.593000,106.72863180,0.00000000,220.33616633,629.22790588,0.00000000,0.00000000,94.69756566,106.72863180,101.68074366,1745.79450000,3251.69086767,7912.94957600
3,158,0.660000,0.613000,106.72863180,0.00000000,191.01311546,650.44975768,0.00000000,0.00000000,94.69756566,106.72863180,101.68074366,1745.79450000,3600.84976751,7912.94957600
3,159,0.549000,0.651000,106.72863180,0.00000000,140.93836706,690.77127610,0.00000000,0.00000000,94.69756566,106.72863180,101.68074366,1745.79450000,3950.00866735,7912.94957600
3,160,0.384000,0.703000,106.72863180,0.00000000,66.50293024,745.94809078,0.00000000,0.00000000,94.69756566,106.72863180,101.68074366,1745.79450000,4299.16756718,7912.94957600
3,161,0.181000,0.768000,81.65341857,25.07521323,0.00000000,789.84389590,0.00000000,0.00000000,94.69756566,106.72863180,101.68074366,1745.79450000,4648.32646702,7912.94957600
3,162,0.002000,0.820000,0.90224772,105.82638408,0.00000000,764.26953973,0.00000000,0.00000000,94.69756566,106.72863180,101.68074366,1745.79450000,4997.48536685,7912.94957600
3,163,0.000000,0.869000,0.00000000,107.32720193,0.00000000,814.76225879,0.00000000,0.00000000,94.69756566,107.32720193,101.68074366,1745.79450000,4997.48536665,9891.18697000
3,164,0.000000,0.900000,0.00000000,57.67001469,0.00000000,897.31331632,0.00000000,0.00000000,49.73928100,57.67001469,53.75120360,1002.98064984,4603.83041632,7912.94957600
3,165,0.000000,0.908000,0.00000000,106.72863180,0.00000000,856.74343993,0.00000000,0.00000000,94.69756566,106.72863180,101.68074366,1745.79450000,4952.98931616,7912.94957600
3,166,0.000000,0.897000,0.00000000,106.72863180,0.00000000,845.07142144,0.00000000,0.00000000,94.69756566,106.72863180,101.68074366,1745.79450000,5302.14821599,7912.94957600
3,167,0.000000,0.867000,0.00000000,89.29817185,0.00000000,830.66910369,0.00000000,0.00000000,78.66539600,89.29817185,84.63532017,1492.48104146,5397.99365728,7912.94957600
3,168,0.000000,0.819000,0.00000000,57.67001469,0.00000000,811.36481653,0.00000000,0.00000000,49.73928100,57.67001469,53.75120360,1002.98064984,5004.33870696,7912.94957600
3,169,0.000000,0.765000,0.00000000,89.29817185,0.00000000,722.43765951,0.00000000,0.00000000,78.66539600,89.29817185,84.63532017,1492.48104146,5100.18414825,7912.94957600
3,170,0.000000,0.703000,0.00000000,106.72863180,0.00000000,639.21945898,0.00000000,0.00000000,94.69756566,106.72863180,101.68074366,1745.79450000,5449.34304808,7912.94957600
3,171,0.000000,0.618000,0.00000000,89.29817185,0.00000000,566.45704878,0.00000000,0.00000000,78.66539600,89.29817185,84.63532017,1492.48104146,5545.18848938,7912.94957600
3,172,0.000000,0.522000,0.00000000,106.72863180,0.00000000,447.16170018,0.00000000,0.00000000,94.69756566,106.72863180,101.68074366,1745.79450000,5894.34738921,7912.94957600
3,173,0.000000,0.479000,0.00000000,89.29817185,0.00000000,418.96517877,0.00000000,0.00000000,78.66539600,89.29817185,84.63532017,1492.48104146,5990.19283050,7912.94957600
3,174,0.012000,0.435000,5.41348631,101.31514549,0.00000000,360.26013117,0.00000000,0.00000000,94.69756566,106.72863180,101.68074366,1745.79450000,6339.35173034,7912.94957600
3,175,0.194000,0.669000,0.00000000,106.72863180,87.51802874,603.14231092,0.00000000,0.00000000,94.69756566,106.72863180,101.68074366,1745.79450000,6688.51063018,7912.94957600
3,176,0.404000,0.709000,106.72863180,0.00000000,75.52540743,752.31464632,0.00000000,0.00000000,94.69756566,106.72863180,101.68074366,1745.79450000,7037.66953001,7912.94957600
3,177,0.563000,0.627000,106.72863180,0.00000000,147.25410109,665.30505394,0.00000000,0.00000000,94.69756566,106.72863180,101.68074366,1745.79450000,7386.82842985,7912.94957600
3,178,0.656000,0.556000,106.72863180,0.00000000,189.20862002,589.96748005,0.00000000,0.00000000,94.69756566,106.72863180,101.68074366,1745.79450000,7735.98732968,7912.94957600
3,179,0.699000,0.498000,106.72863180,0.00000000,208.60694598,528.42410983,0.00000000,0.00000000,94.69756566,106.72863180,101.68074366,1745.79450000,8085.14622952,7912.94957600
3,180,0.699000,0.478000,106.72863180,0.00000000,208.60694598,507.20225803,0.00000000,0.00000000,94.69756566,106.72863180,101.68074366,1745.79450000,8434.30512936,7912.94957600
3,181,0.678000,0.484000,106.72863180,0.00000000,199.13334493,513.56881357,0.00000000,0.00000000,94.69756566,106.72863180,101.68074366,1745.79450000,8783.46402919,7912.94957600
3,182,0.616000,0.515000,106.72863180,0.00000000,171.16366564,546.46268386,0.00000000,0.00000000,94.69756566,106.72863180,101.68074366,1745.79450000,9132.62292903,7912.94957600
3,183,0.506000,0.560000,106.72863180,0.00000000,121.54004110,594.21185041,0.00000000,0.00000000,94.69756566,106.72863180,101.68074366,1745.79450000,9481.78182886,7912.94957600
3,184,0.353000,0.630000,106.72863180,0.00000000,52.51809060,668.48833171,0.00000000,0.00000000,94.69756566,106.72863180,101.68074366,1745.79450000,9830.94072870,7912.94957600
3,185,0.172000,0.734000,77.59330383,29.13532797,0.00000000,749.70663310,0.00000000,0.00000000,94.69756566,106.72863180,101.68074366,1745.79450000,10180.09962854,7912.94957600
3,186,0.003000,0.818000,1.35337158,71.59000183,0.00000000,796.38373680,0.00000000,0.00000000,63.67817400,72.94337341,68.65710075,1244.73168631,10028.19571468,7912.94957600
3,187,0.000000,0.862000,0.00000000,89.29817185,0.00000000,825.36364074,0.00000000,0.00000000,78.66539600,89.29817185,84.63532017,1492.48104146,10124.04115597,7912.94957600
3,188,0.000000,0.893000,0.00000000,106.72863180,0.00000000,840.82705108,0.00000000,0.00000000,94.69756566,106.72863180,101.68074366,1745.79450000,10473.20005581,7912.94957600
3,189,0.000000,0.929000,0.00000000,89.29817185,0.00000000,896.45684427,0.00000000,0.00000000,78.66539600,89.29817185,84.63532017,1492.48104146,10569.04549710,7912.94957600
3,190,0.000000,0.914000,0.00000000,89.29817159,0.00000000,880.54045568,0.00000000,0.00000000,78.66539600,89.29817159,84.63531998,1492.48099468,10664.89089161,7912.94957600
3,191,0.000000,0.876000,0.00000000,89.29817185,0.00000000,840.21893700,0.00000000,0.00000000,78.66539600,89.29817185,84.63532017,1492.48104146,10760.73633291,7912.94957600
3,192,0.000000,0.821000,0.00000000,106.72863180,0.00000000,764.42838460,0.00000000,0.00000000,94.69756566,106.72863180,101.68074366,1745.79450000,11109.89523274,7912.94957600
3,193,0.000000,0.751000,0.00000000,30.37356422,0.00000000,766.50697087,0.00000000,0.00000000,25.00174700,30.37356422,27.15938231,539.40882693,10252.66845950,7912.94957600
3,194,0.000000,0.683000,0.00000000,18.35919146,0.00000000,706.36704752,0.00000000,0.00000000,14.20500000,18.35919146,15.48029780,318.82444922,9174.85730855,7912.94957600
3,195,0.000000,0.618000,0.00000000,57.67001469,0.00000000,598.08520594,0.00000000,0.00000000,49.73928100,57.67001469,53.75120360,1002.98064984,8781.20235823,7912.94957600
3,196,0.000000,0.544000,0.00000000,106.72863180,0.00000000,470.50573717,0.00000000,0.00000000,94.69756566,106.72863180,101.68074366,1745.79450000,9130.36125806,7912.94957600
3,197,0.000000,0.479000,0.00000000,106.72863180,0.00000000,401.53471881,0.00000000,0.00000000,94.69756566,106.72863180,101.68074366,1745.79450000,9479.52015790,7912.94957600
3,198,0.008000,0.445000,3.60899088,103.11964092,0.00000000,369.06656163,0.00000000,0.00000000,94.69756566,106.72863180,101.68074366,1745.79450000,9828.67905773,7912.94957600
3,199,0.132000,0.636000,0.00000000,57.67001469,59.54834945,617.18487256,0.00000000,0.00000000,49.73928100,57.67001469,53.75120360,1002.98064984,9435.02410741,7912.94957600
3,200,0.295000,0.703000,106.72863180,0.00000000,26.35290675,745.94809078,0.00000000,0.00000000,94.69756566,106.72863180,101.68074366,1745.79450000,9784.18300724,7912.94957600
3,201,0.466000,0.693000,106.72863180,0.00000000,103.49508672,735.33716488,0.00000000,0.00000000,94.69756566,106.72863180,101.68074366,1745.79450000,10133.34190708,7912.94957600
3,202,0.607000,0.666000,89.29817159,0.00000000,184.53401112,706.68766495,0.00000000,0.00000000,78.66539600,89.29817159,84.63531998,1492.48099468,10229.18730159,7912.94957600
3,203,0.701000,0.631000,106.72863180,0.00000000,209.50919370,669.54942430,0.00000000,0.00000000,94.69756566,106.72863180,101.68074366,1745.79450000,10578.34620142,7912.94957600
3,204,0.737000,0.590000,106.72863180,0.00000000,225.74965264,626.04462811,0.00000000,0.00000000,94.69756566,106.72863180,101.68074366,1745.79450000,10927.50510126,7912.94957600
3,205,0.716000,0.550000,106.72863180,0.00000000,216.27605159,583.60092451,0.00000000,0.00000000,94.69756566,106.72863180,101.68074366,1745.79450000,11276.66400110,7912.94957600
3,206,0.644000,0.529000,0.00000000,57.67001469,290.52376551,503.64796543,0.00000000,0.00000000,49.73928100,57.67001469,53.75120360,1002.98064984,10883.00905077,7912.94957600
3,207,0.518000,0.546000,106.72863180,0.00000000,126.95352741,579.35655415,0.00000000,0.00000000,94.69756566,106.72863180,101.68074366,1745.79450000,11232.16795060,7912.94957600
3,208,0.362000,0.583000,89.29817185,0.00000000,74.00866529,618.61697998,0.00000000,0.00000000,78.66539600,89.29817185,84.63532017,1492.48104146,11328.01339190,7912.94957600
3,209,0.163000,0.630000,73.53318910,33.19544270,0.00000000,635.29288900,0.00000000,0.00000000,94.69756566,106.72863180,101.68074366,1745.79450000,11677.17229173,7912.94957600
3,210,0.000000,0.697000,0.00000000,89.29817185,0.00000000,650.28336339,0.00000000,0.00000000,78.66539600,89.29817185,84.63532017,1492.48104146,11773.01773302,7912.94957600
3,211,0.000000,0.748000,0.00000000,43.47863956,0.00000000,750.21861777,0.00000000,0.00000000,36.84682300,43.47863956,39.91750131,767.66957627,11144.05170913,7912.94957600
3,212,0.000000,0.814000,0.00000000,89.29817185,0.00000000,774.43119642,0.00000000,0.00000000,78.66539600,89.29817185,84.63532017,1492.48104146,11239.89715042,7912.94957600
3,213,0.000000,0.849000,0.00000000,57.67001469,0.00000000,843.19759423,0.00000000,0.00000000,49.73928100,57.67001469,53.75120360,1002.98064984,10846.24220009,7912.94957600
3,214,0.000000,0.856000,0.00000000,106.72863180,0.00000000,801.56662525,0.00000000,0.00000000,94.69756566,106.72863180,101.68074366,1745.79450000,11195.40109993,7912.94957600
3,215,0.000000,0.835000,0.00000000,106.72863180,0.00000000,779.28368086,0.00000000,0.00000000,94.69756566,106.72863180,101.68074366,1745.79450000,11544.55999977,7912.94957600
3,216,0.000000,0.802000,0.00000000,106.72863180,0.00000000,744.26762539,0.00000000,0.00000000,94.69756566,106.72863180,101.68074366,1745.79450000,11893.71889960,7912.94957600
3,217,0.000000,0.758000,0.00000000,106.72863180,0.00000000,697.57955143,0.00000000,0.00000000,94.69756566,106.72863180,101.68074366,1745.79450000,12242.87779944,7912.94957600
3,218,0.000000,0.705000,0.00000000,106.72863180,0.00000000,641.34164416,0.00000000,0.00000000,94.69756566,106.72863180,101.68074366,1745.79450000,12592.03669927,7912.94957600
3,219,0.000000,0.648000,0.00000000,43.47863956,0.00000000,644.10935877,0.00000000,0.00000000,36.84682300,43.47863956,39.91750131,767.66957627,11963.07067538,7912.94957600
3,220,0.000000,0.571000,0.00000000,106.72863180,0.00000000,499.15523710,0.00000000,0.00000000,94.69756566,106.72863180,101.68074366,1745.79450000,12312.22957521,7912.94957600
3,221,0.000000,0.484000,0.00000000,106.72863180,0.00000000,406.84018176,0.00000000,0.00000000,94.69756566,106.72863180,101.68074366,1745.79450000,12661.38847505,7912.94957600
3,222,0.010000,0.403000,4.51123859,13.84795287,0.00000000,413.77236091,0.00000000,0.00000000,14.20500000,18.35919146,15.48029780,318.82444922,11583.57732410,7912.94957600
3,223,0.187000,0.622000,57.67001469,0.00000000,26.69014704,659.99959099,0.00000000,0.00000000,49.73928100,57.67001469,53.75120360,1002.98064984,11189.92237377,7912.94957600
3,224,0.399000,0.677000,106.72863180,0.00000000,73.26978814,718.35968344,0.00000000,0.00000000,94.69756566,106.72863180,101.68074366,1745.79450000,11539.08127361,7912.94957600
3,225,0.567000,0.616000,0.00000000,30.97213435,255.78722833,622.66090110,0.00000000,0.00000000,25.00174700,30.97213435,27.15938231,539.40882693,10332.69560033,9891.18697000
3,226,0.677000,0.540000,106.72863180,0.00000000,198.68222107,572.98999861,0.00000000,0.00000000,94.69756566,106.72863180,101.68074366,1745.79450000,10681.85450016,7912.94957600
3,227,0.737000,0.473000,0.00000000,43.47863956,332.47828444,458.41815551,0.00000000,0.00000000,36.84682300,43.47863956,39.91750131,767.66957627,10052.88847627,7912.94957600
3,228,0.753000,0.433000,106.72863180,0.00000000,232.96763439,459.45309147,0.00000000,0.00000000,94.69756566,106.72863180,101.68074366,1745.79450000,10402.04737611,7912.94957600
3,229,0.728000,0.433000,43.47863956,0.00000000,284.93953015,459.45309147,0.00000000,0.00000000,36.84682300,43.47863956,39.91750131,767.66957627,9773.08135221,7912.94957600
3,230,0.660000,0.464000,106.72863180,0.00000000,191.01311546,492.34696177,0.00000000,0.00000000,94.69756566,106.72863180,101.68074366,1745.79450000,10122.24025205,7912.94957600
3,231,0.546000,0.513000,0.00000000,89.29817159,246.31362728,455.04232708,0.00000000,0.00000000,78.66539600,89.29817159,84.63531998,1492.48099468,10218.08564656,7912.94957600
3,232,0.382000,0.583000,0.00000000,89.29817185,172.32931433,529.31880813,0.00000000,0.00000000,78.66539600,89.29817185,84.63532017,1492.48104146,10313.93108785,7912.94957600
3,233,0.175000,0.669000,78.94667541,27.78195639,0.00000000,682.08898633,0.00000000,0.00000000,94.69756566,106.72863180,101.68074366,1745.79450000,10663.08998769,7912.94957600
3,234,0.003000,0.745000,1.35337158,87.94480001,0.00000000,702.56917955,0.00000000,0.00000000,78.66539600,89.29817159,84.63531998,1492.48099468,10758.93538220,7912.94957600
3,235,0.000000,0.777000,0.00000000,72.94337341,0.00000000,751.52556903,0.00000000,0.00000000,63.67817400,72.94337341,68.65710075,1244.73168631,10607.03146835,7912.94957600
3,236,0.000000,0.820000,0.00000000,18.35919146,0.00000000,851.73673235,0.00000000,0.00000000,14.20500000,18.35919146,15.48029780,318.82444922,9529.22031740,7912.94957600
3,237,0.000000,0.858000,0.00000000,57.67001469,0.00000000,852.74742754,0.00000000,0.00000000,49.73928100,57.67001469,53.75120360,1002.98064984,9135.56536707,7912.94957600
3,238,0.000000,0.880000,0.00000000,89.29817185,0.00000000,844.46330736,0.00000000,0.00000000,78.66539600,89.29817185,84.63532017,1492.48104146,9231.41080836,7912.94957600
3,239,0.000000,0.852000,0.00000000,89.29817159,0.00000000,814.75271510,0.00000000,0.00000000,78.66539600,89.29817159,84.63531998,1492.48099468,9327.25620287,7912.94957600
3,240,0.000000,0.813000,0.00000000,89.29817185,0.00000000,773.37010383,0.00000000,0.00000000,78.66539600,89.29817185,84.63532017,1492.48104146,9423.10164416,7912.94957600
3,241,0.000000,0.760000,0.00000000,106.72863180,0.00000000,699.70173661,0.00000000,0.00000000,94.69756566,106.72863180,101.68074366,1745.79450000,9772.26054400,7912.94957600
3,242,0.000000,0.693000,0.00000000,106.72863180,0.00000000,628.60853308,0.00000000,0.00000000,94.69756566,106.72863180,101.68074366,1745.79450000,10121.41944384,7912.94957600
3,243,0.000000,0.630000,0.00000000,57.67001469,0.00000000,610.81831702,0.00000000,0.00000000,49.73928100,57.67001469,53.75120360,1002.98064984,9727.76449351,7912.94957600
3,244,0.000000,0.574000,0.00000000,106.72863180,0.00000000,502.33851487,0.00000000,0.00000000,94.69756566,106.72863180,101.68074366,1745.79450000,10076.92339334,7912.94957600
3,245,0.000000,0.501000,0.00000000,106.72863180,0.00000000,424.87875579,0.00000000,0.00000000,94.69756566,106.72863180,101.68074366,1745.79450000,10426.08229318,7912.94957600
3,246,0.010000,0.476000,0.00000000,57.67001469,4.51123859,447.41005816,0.00000000,0.00000000,49.73928100,57.67001469,53.75120360,1002.98064984,10032.42734285,7912.94957600
3,247,0.193000,0.710000,0.00000000,89.29817159,87.06690488,664.07756732,0.00000000,0.00000000,78.66539600,89.29817159,84.63531998,1492.48099468,10128.27273736,7912.94957600
3,248,0.408000,0.790000,0.00000000,57.67001469,184.05853467,780.59313142,0.00000000,0.00000000,49.73928100,57.67001469,53.75120360,1002.98064984,9734.61778703,7912.94957600
3,249,0.572000,0.768000,72.94337341,0.00000000,185.09947422,814.91910913,0.00000000,0.00000000,63.67817400,72.94337341,68.65710075,1244.73168631,9582.71387318,7912.94957600
3,250,0.682000,0.727000,0.00000000,72.94337444,307.66647217,698.47093850,0.00000000,0.00000000,63.67817400,72.94337444,68.65710149,1244.73187308,9430.81014610,7912.94957600
3,251,0.744000,0.675000,106.72863180,0.00000000,228.90751966,716.23749826,0.00000000,0.00000000,94.69756566,106.72863180,101.68074366,1745.79450000,9779.96904594,7912.94957600
3,252,0.760000,0.616000,0.00000000,72.94337341,342.85413321,580.68966204,0.00000000,0.00000000,63.67817400,72.94337341,68.65710075,1244.73168631,9628.06513208,7912.94957600
3,253,0.734000,0.575000,0.00000000,57.67001469,331.12491287,552.45822457,0.00000000,0.00000000,49.73928100,57.67001469,53.75120360,1002.98064984,9234.41018176,7912.94957600
3,254,0.664000,0.559000,106.72863180,0.00000000,192.81761090,593.15075782,0.00000000,0.00000000,94.69756566,106.72863180,101.68074366,1745.79450000,9583.56908159,7912.94957600
3,255,0.548000,0.571000,57.67001469,0.00000000,189.54586031,605.88386890,0.00000000,0.00000000,49.73928100,57.67001469,53.75120360,1002.98064984,9189.91413126,7912.94957600
3,256,0.385000,0.610000,106.72863180,0.00000000,66.95405410,647.26647991,0.00000000,0.00000000,94.69756566,106.72863180,101.68074366,1745.79450000,9539.07303110,7912.94957600
3,257,0.180000,0.675000,0.00000000,72.94337341,81.20229471,643.29412485,0.00000000,0.00000000,63.67817400,72.94337341,68.65710075,1244.73168631,9387.16911725,7912.94957600
3,258,0.002000,0.758000,0.90224772,105.82638408,0.00000000,698.48179915,0.00000000,0.00000000,94.69756566,106.72863180,101.68074366,1745.79450000,9736.32801708,7912.94957600
3,259,0.000000,0.809000,0.00000000,57.67001469,0.00000000,800.75389063,0.00000000,0.00000000,49.73928100,57.67001469,53.75120360,1002.98064984,9342.67306675,7912.94957600
3,260,0.000000,0.841000,0.00000000,43.47863956,0.00000000,848.90022864,0.00000000,0.00000000,36.84682300,43.47863956,39.91750131,767.66957627,8713.70704286,7912.94957600
3,261,0.000000,0.894000,0.00000000,89.29817185,0.00000000,859.31860362,0.00000000,0.00000000,78.66539600,89.29817185,84.63532017,1492.48104146,8809.55248415,7912.94957600
3,262,0.000000,0.896000,0.00000000,89.29817185,0.00000000,861.44078880,0.00000000,0.00000000,78.66539600,89.29817185,84.63532017,1492.48104146,8905.39792544,7912.94957600
3,263,0.000000,0.866000,0.00000000,106.72863180,0.00000000,812.17755115,0.00000000,0.00000000,94.69756566,106.72863180,101.68074366,1745.79450000,9254.55682528,7912.94957600
3,264,0.000000,0.839000,0.00000000,57.67001469,0.00000000,832.58666833,0.00000000,0.00000000,49.73928100,57.67001469,53.75120360,1002.98064984,8860.90187495,7912.94957600
3,265,0.000000,0.815000,0.00000000,43.47863956,0.00000000,821.31182130,0.00000000,0.00000000,36.84682300,43.47863956,39.91750131,767.66957627,8231.93585106,7912.94957600
3,266,0.000000,0.780000,0.00000000,30.37356422,0.00000000,797.27865598,0.00000000,0.00000000,25.00174700,30.37356422,27.15938231,539.40882693,7374.70907782,7912.94957600
3,267,0.000000,0.722000,0.00000000,57.67001469,0.00000000,708.43883530,0.00000000,0.00000000,49.73928100,57.67001469,53.75120360,1002.98064984,6981.05412749,7912.94957600
3,268,0.000000,0.654000,0.00000000,89.29817185,0.00000000,604.65638202,0.00000000,0.00000000,78.66539600,89.29817185,84.63532017,1492.48104146,7076.89956878,7912.94957600
3,269,0.000000,0.560000,0.00000000,106.72863180,0.00000000,487.48321861,0.00000000,0.00000000,94.69756566,106.72863180,101.68074366,1745.79450000,7426.05846862,7912.94957600
3,270,0.013000,0.485000,5.86461017,67.07876324,0.00000000,447.55114292,0.00000000,0.00000000,63.67817400,72.94337341,68.65710075,1244.73168631,7274.15455476,7912.94957600
3,271,0.205000,0.679000,92.48039120,14.24824061,0.00000000,706.23362801,0.00000000,0.00000000,94.69756566,106.72863180,101.68074366,1745.79450000,7623.31345460,7912.94957600
3,272,0.415000,0.731000,89.29817159,0.00000000,97.91823010,775.65868330,0.00000000,0.00000000,78.66539600,89.29817159,84.63531998,1492.48099468,7719.15884911,7912.94957600
3,273,0.577000,0.654000,0.00000000,57.67001469,260.29846693,636.28453918,0.00000000,0.00000000,49.73928100,57.67001469,53.75120360,1002.98064984,7325.50389878,7912.94957600
3,274,0.686000,0.566000,106.72863180,0.00000000,202.74233581,600.57840595,0.00000000,0.00000000,94.69756566,106.72863180,101.68074366,1745.79450000,7674.66279862,7912.94957600
3,275,0.745000,0.486000,106.72863180,0.00000000,229.35864352,515.69099875,0.00000000,0.00000000,94.69756566,106.72863180,101.68074366,1745.79450000,8023.82169845,7912.94957600
3,276,0.759000,0.434000,106.72863180,0.00000000,235.67437755,460.51418406,0.00000000,0.00000000,94.69756566,106.72863180,101.68074366,1745.79450000,8372.98059829,7912.94957600
3,277,0.732000,0.416000,106.72863180,0.00000000,223.49403335,441.41451744,0.00000000,0.00000000,94.69756566,106.72863180,101.68074366,1745.79450000,8722.13949813,7912.94957600
3,278,0.662000,0.441000,89.29817159,0.00000000,209.34582339,467.94183219,0.00000000,0.00000000,78.66539600,89.29817159,84.63531998,1492.48099468,8817.98489264,7912.94957600
3,279,0.536000,0.506000,106.72863180,0.00000000,135.07375689,536.91285055,0.00000000,0.00000000,94.69756566,106.72863180,101.68074366,1745.79450000,9167.14379247,7912.94957600
3,280,0.344000,0.599000,0.00000000,57.67001469,155.18660766,577.92444673,0.00000000,0.00000000,49.73928100,57.67001469,53.75120360,1002.98064984,8773.48884215,7912.94957600
3,281,0.131000,0.712000,59.09722559,47.63140621,0.00000000,707.86651788,0.00000000,0.00000000,94.69756566,106.72863180,101.68074366,1745.79450000,9122.64774198,7912.94957600
3,282,0.000000,0.820000,0.00000000,72.94337341,0.00000000,797.15255040,0.00000000,0.00000000,63.67817400,72.94337341,68.65710075,1244.73168631,8970.74382813,7912.94957600
3,283,0.000000,0.896000,0.00000000,89.29817185,0.00000000,861.44078880,0.00000000,0.00000000,78.66539600,89.29817185,84.63532017,1492.48104146,9066.58926942,7912.94957600
3,284,0.000000,0.933000,0.00000000,89.29817185,0.00000000,900.70121463,0.00000000,0.00000000,78.66539600,89.29817185,84.63532017,1492.48104146,9162.43471071,7912.94957600
3,285,0.000000,0.949000,0.00000000,89.29817185,0.00000000,917.67869607,0.00000000,0.00000000,78.66539600,89.29817185,84.63532017,1492.48104146,9258.28015200,7912.94957600
3,286,0.000000,0.942000,0.00000000,43.47863956,0.00000000,956.07058023,0.00000000,0.00000000,36.84682300,43.47863956,39.91750131,767.66957627,8629.31412811,7912.94957600
3,287,0.000000,0.928000,0.00000000,89.29817159,0.00000000,895.39575194,0.00000000,0.00000000,78.66539600,89.29817159,84.63531998,1492.48099468,8725.15952262,7912.94957600
3,288,0.000000,0.906000,0.00000000,30.37356665,0.00000000,930.97631990,0.00000000,0.00000000,25.00174700,30.37356665,27.15938407,539.40926699,7867.93318945,7912.94957600
3,289,0.000000,0.870000,0.00000000,106.72863180,0.00000000,816.42192151,0.00000000,0.00000000,94.69756566,106.72863180,101.68074366,1745.79450000,8217.09208929,7912.94957600
3,290,0.000000,0.817000,0.00000000,57.67001469,0.00000000,809.24263135,0.00000000,0.00000000,49.73928100,57.67001469,53.75120360,1002.98064984,7823.43713896,7912.94957600
3,291,0.000000,0.748000,0.00000000,106.72863180,0.00000000,686.96862553,0.00000000,0.00000000,94.69756566,106.72863180,101.68074366,1745.79450000,8172.59603879,7912.94957600
3,292,0.000000,0.680000,0.00000000,106.72863180,0.00000000,614.81432941,0.00000000,0.00000000,94.69756566,106.72863180,101.68074366,1745.79450000,8521.75493863,7912.94957600
3,293,0.000000,0.613000,0.00000000,89.29817185,0.00000000,561.15158583,0.00000000,0.00000000,78.66539600,89.29817185,84.63532017,1492.48104146,8617.60037992,7912.94957600
3,294,0.008000,0.524000,3.60899088,54.06102381,0.00000000,501.95149335,0.00000000,0.00000000,49.73928100,57.67001469,53.75120360,1002.98064984,8223.94542959,7912.94957600
3,295,0.163000,0.703000,73.53318910,15.76498249,0.00000000,730.18310828,0.00000000,0.00000000,78.66539600,89.29817159,84.63531998,1492.48099468,8319.79082410,7912.94957600
3,296,0.357000,0.759000,89.29817159,0.00000000,71.75304625,805.36927582,0.00000000,0.00000000,78.66539600,89.29817159,84.63531998,1492.48099468,8415.63621862,7912.94957600
3,297,0.526000,0.682000,106.72863180,0.00000000,130.56251829,723.66514639,0.00000000,0.00000000,94.69756566,106.72863180,101.68074366,1745.79450000,8764.79511845,7912.94957600
3,298,0.654000,0.561000,0.00000000,18.35919146,295.03500411,576.91375154,0.00000000,0.00000000,14.20500000,18.35919146,15.48029780,318.82444922,7686.98396750,7912.94957600
3,299,0.724000,0.430000,107.32720193,0.00000000,219.28647234,456.26981370,0.00000000,0.00000000,94.69756566,107.32720193,101.68074366,1745.79450000,7686.98396730,9891.18697000
3,300,0.748000,0.316000,0.00000000,43.47863956,337.44064690,291.82661888,0.00000000,0.00000000,36.84682300,43.47863956,39.91750131,767.66957627,7058.01794340,7912.94957600
3,301,0.726000,0.251000,0.00000000,72.94337444,327.51592199,193.39086565,0.00000000,0.00000000,63.67817400,72.94337444,68.65710149,1244.73187308,6906.11421632,7912.94957600
3,302,0.660000,0.233000,106.72863180,0.00000000,191.01311546,247.23457347,0.00000000,0.00000000,94.69756566,106.72863180,101.68074366,1745.79450000,7255.27311616,7912.94957600
3,303,0.546000,0.255000,106.72863180,0.00000000,139.58499548,270.57861045,0.00000000,0.00000000,94.69756566,106.72863180,101.68074366,1745.79450000,7604.43201599,7912.94957600
3,304,0.383000,0.326000,107.32720193,0.00000000,65.45323626,345.91618434,0.00000000,0.00000000,94.69756566,107.32720193,101.68074366,1745.79450000,7604.43201579,9891.18697000
3,305,0.171000,0.464000,0.00000000,106.72863180,77.14217997,385.61832996,0.00000000,0.00000000,94.69756566,106.72863180,101.68074366,1745.79450000,7953.59091562,7912.94957600
3,306,0.002000,0.662000,0.00000000,89.29817159,0.90224772,613.14512300,0.00000000,0.00000000,78.66539600,89.29817159,84.63531998,1492.48099468,8049.43631014,7912.94957600
3,307,0.000000,0.772000,0.00000000,58.26858481,0.00000000,760.89489468,0.00000000,0.00000000,49.73928100,58.26858481,53.75120360,1002.98064984,7306.62245977,9891.18697000
3,308,0.000000,0.852000,0.00000000,107.32720193,0.00000000,796.72368476,0.00000000,0.00000000,94.69756566,107.32720193,101.68074366,1745.79450000,7306.62245956,9891.18697000
3,309,0.000000,0.886000,0.00000000,107.32720193,0.00000000,832.80083282,0.00000000,0.00000000,94.69756566,107.32720193,101.68074366,1745.79450000,7306.62245936,9891.18697000
3,310,0.000000,0.916000,0.00000000,58.26858481,0.00000000,913.69222764,0.00000000,0.00000000,49.73928100,58.26858481,53.75120360,1002.98064984,6563.80860899,9891.18697000
3,311,0.000000,0.904000,0.00000000,107.32720193,0.00000000,851.90049944,0.00000000,0.00000000,94.69756566,107.32720193,101.68074366,1745.79450000,6563.80860878,9891.18697000
3,312,0.000000,0.881000,0.00000000,89.89674172,0.00000000,844.92583008,0.00000000,0.00000000,78.66539600,89.89674172,84.63531998,1492.48099468,6310.49510325,9891.18697000
3,313,0.000000,0.832000,0.00000000,58.26858481,0.00000000,824.56045008,0.00000000,0.00000000,49.73928100,58.26858481,53.75120360,1002.98064984,5567.68125288,9891.18697000
3,314,0.000000,0.777000,0.00000000,107.32720193,0.00000000,717.14174051,0.00000000,0.00000000,94.69756566,107.32720193,101.68074366,1745.79450000,5567.68125268,9891.18697000
3,315,0.000000,0.720000,0.00000000,73.54194353,0.00000000,690.44472127,0.00000000,0.00000000,63.67817400,73.54194353,68.65710075,1244.73168631,5066.61843878,9891.18697000
3,316,0.000000,0.651000,0.00000000,58.26858481,0.00000000,632.50269128,0.00000000,0.00000000,49.73928100,58.26858481,53.75120360,1002.98064984,4323.80458842,9891.18697000
3,317,0.000000,0.574000,0.00000000,73.05411356,0.00000000,536.01303310,0.00000000,0.00000000,63.67817400,73.05411356,68.65710075,1244.73168631,4107.30354713,8278.93896655
3,318,0.013000,0.532000,0.00000000,106.72863180,5.86461017,457.77262609,0.00000000,0.00000000,94.69756566,106.72863180,101.68074366,1745.79450000,4456.46244697,7912.94957600
3,319,0.201000,0.663000,89.29817159,0.00000000,1.37772417,703.50438718,0.00000000,0.00000000,78.66539600,89.29817159,84.63531998,1492.48099468,4552.30784148,7912.94957600
3,320,0.410000,0.702000,106.72863180,0.00000000,78.23215059,744.88699819,0.00000000,0.00000000,94.69756566,106.72863180,101.68074366,1745.79450000,4901.46674131,7912.94957600
3,321,0.572000,0.636000,0.00000000,30.37356422,258.04284763,644.48132302,0.00000000,0.00000000,25.00174700,30.37356422,27.15938231,539.40882693,4044.23996808,7912.94957600
3,322,0.679000,0.552000,0.00000000,89.29817159,306.31310059,496.42493810,0.00000000,0.00000000,78.66539600,89.29817159,84.63531998,1492.48099468,4140.08536259,7912.94957600
3,323,0.738000,0.466000,106.72863180,0.00000000,226.20077650,494.46914695,0.00000000,0.00000000,94.69756566,106.72863180,101.68074366,1745.79450000,4489.24426242,7912.94957600
3,324,0.754000,0.397000,89.29817185,0.00000000,250.84921821,421.25375823,0.00000000,0.00000000,78.66539600,89.29817185,84.63532017,1492.48104146,4585.08970371,7912.94957600
3,325,0.729000,0.352000,0.00000000,89.29817159,328.86929357,284.20642009,0.00000000,0.00000000,78.66539600,89.29817159,84.63531998,1492.48099468,4680.93509823,7912.94957600
3,326,0.660000,0.339000,106.72863180,0.00000000,191.01311546,359.71038801,0.00000000,0.00000000,94.69756566,106.72863180,101.68074366,1745.79450000,5030.09399806,7912.94957600
3,327,0.543000,0.362000,106.72863180,0.00000000,138.23162390,384.11551758,0.00000000,0.00000000,94.69756566,106.72863180,101.68074366,1745.79450000,5379.25289790,7912.94957600
3,328,0.380000,0.433000,0.00000000,72.94337341,171.42706661,386.50971807,0.00000000,0.00000000,63.67817400,72.94337341,68.65710075,1244.73168631,5227.34898405,7912.94957600
3,329,0.158000,0.580000,71.27756980,35.45106200,0.00000000,579.98264020,0.00000000,0.00000000,94.69756566,106.72863180,101.68074366,1745.79450000,5576.50788388,7912.94957600
3,330,0.002000,0.753000,0.90224772,88.39592413,0.00000000,710.60679615,0.00000000,0.00000000,78.66539600,89.29817185,84.63532017,1492.48104146,5672.35332517,7912.94957600
3,331,0.000000,0.803000,0.00000000,58.26858481,0.00000000,793.78876497,0.00000000,0.00000000,49.73928100,58.26858481,53.75120360,1002.98064984,4929.53947480,9891.18697000
3,332,0.000000,0.876000,0.00000000,106.72863180,0.00000000,822.78847705,0.00000000,0.00000000,94.69756566,106.72863180,101.68074366,1745.79450000,5278.69837464,7912.94957600
3,333,0.000000,0.895000,0.00000000,89.29817185,0.00000000,860.37969621,0.00000000,0.00000000,78.66539600,89.29817185,84.63532017,1492.48104146,5374.54381593,7912.94957600
3,334,0.000000,0.884000,0.00000000,106.72863180,0.00000000,831.27721777,0.00000000,0.00000000,94.69756566,106.72863180,101.68074366,1745.79450000,5723.70271577,7912.94957600
3,335,0.000000,0.853000,0.00000000,43.47863956,0.00000000,861.63333972,0.00000000,0.00000000,36.84682300,43.47863956,39.91750131,767.66957627,5094.73669187,7912.94957600
3,336,0.000000,0.798000,0.00000000,57.67001469,0.00000000,789.08187214,0.00000000,0.00000000,49.73928100,57.67001469,53.75120360,1002.98064984,4701.08174154,7912.94957600
3,337,0.000000,0.725000,0.00000000,89.29817159,0.00000000,679.99395617,0.00000000,0.00000000,78.66539600,89.29817159,84.63531998,1492.48099468,4796.92713606,7912.94957600
3,338,0.000000,0.646000,0.00000000,106.72863180,0.00000000,578.73718135,0.00000000,0.00000000,94.69756566,106.72863180,101.68074366,1745.79450000,5146.08603589,7912.94957600
3,339,0.000000,0.568000,0.00000000,89.89674197,0.00000000,512.80384915,0.00000000,0.00000000,78.66539600,89.89674197,84.63532017,1492.48104146,4892.77257714,9891.18697000
3,340,0.000000,0.494000,0.00000000,106.72863180,0.00000000,417.45110766,0.00000000,0.00000000,94.69756566,106.72863180,101.68074366,1745.79450000,5241.93147698,7912.94957600
3,341,0.000000,0.437000,0.00000000,107.32720193,0.00000000,356.37025991,0.00000000,0.00000000,94.69756566,107.32720193,101.68074366,1745.79450000,5241.93147677,9891.18697000
3,342,0.010000,0.410000,4.51123859,68.43213481,0.00000000,366.61582709,0.00000000,0.00000000,63.67817400,72.94337341,68.65710075,1244.73168631,5090.02756292,7912.94957600
3,343,0.185000,0.575000,83.45791401,23.27071780,0.00000000,586.85752146,0.00000000,0.00000000,94.69756566,106.72863180,101.68074366,1745.79450000,5439.18646276,7912.94957600
3,344,0.403000,0.610000,0.00000000,30.37356665,181.80291537,616.89291325,0.00000000,0.00000000,25.00174700,30.37356665,27.15938407,539.40926699,4581.96012959,7912.94957600
3,345,0.567000,0.534000,0.00000000,73.54194456,255.78722833,493.08149850,0.00000000,0.00000000,63.67817400,73.54194456,68.65710149,1244.73187308,4080.89750246,9891.18697000
3,346,0.675000,0.428000,0.00000000,18.35919146,304.50860516,435.78843706,0.00000000,0.00000000,14.20500000,18.35919146,15.48029780,318.82444922,3003.08635151,7912.94957600
3,347,0.736000,0.310000,106.72863180,0.00000000,225.29852878,328.93870290,0.00000000,0.00000000,94.69756566,106.72863180,101.68074366,1745.79450000,3352.24525135,7912.94957600
3,348,0.753000,0.216000,72.94337444,0.00000000,266.75289176,229.19599944,0.00000000,0.00000000,63.67817400,72.94337444,68.65710149,1244.73187308,3200.34152427,7912.94957600
3,349,0.725000,0.170000,0.00000000,57.67001469,327.06479813,122.71572561,0.00000000,0.00000000,49.73928100,57.67001469,53.75120360,1002.98064984,2806.68657394,7912.94957600
3,350,0.651000,0.172000,0.00000000,89.89674172,293.68163253,92.61118377,0.00000000,0.00000000,78.66539600,89.89674172,84.63531998,1492.48099468,2553.37306841,9891.18697000
3,351,0.536000,0.220000,107.32720193,0.00000000,134.47518676,233.44036980,0.00000000,0.00000000,94.69756566,107.32720193,101.68074366,1745.79450000,2553.37306821,9891.18697000
3,352,0.370000,0.313000,107.32720193,0.00000000,59.58862609,332.12198067,0.00000000,0.00000000,94.69756566,107.32720193,101.68074366,1745.79450000,2553.37306800,9891.18697000
3,353,0.149000,0.494000,67.21745506,39.51117674,0.00000000,484.66856273,0.00000000,0.00000000,94.69756566,106.72863180,101.68074366,1745.79450000,2902.53196784,7912.94957600
3,354,0.002000,0.710000,0.90224772,72.04112569,0.00000000,681.33461322,0.00000000,0.00000000,63.67817400,72.94337341,68.65710075,1244.73168631,2750.62805398,7912.94957600
3,355,0.000000,0.796000,0.00000000,89.29817185,0.00000000,755.33152980,0.00000000,0.00000000,78.66539600,89.29817185,84.63532017,1492.48104146,2846.47349528,7912.94957600
3,356,0.000000,0.827000,0.00000000,106.72863180,0.00000000,770.79494014,0.00000000,0.00000000,94.69756566,106.72863180,101.68074366,1745.79450000,3195.63239511,7912.94957600
3,357,0.000000,0.826000,0.00000000,106.72863180,0.00000000,769.73384755,0.00000000,0.00000000,94.69756566,106.72863180,101.68074366,1745.79450000,3544.79129495,7912.94957600
3,358,0.000000,0.804000,0.00000000,72.94337444,0.00000000,780.17506793,0.00000000,0.00000000,63.67817400,72.94337444,68.65710149,1244.73187308,3392.88756787,7912.94957600
3,359,0.000000,0.770000,0.00000000,89.29817185,0.00000000,727.74312246,0.00000000,0.00000000,78.66539600,89.29817185,84.63532017,1492.48104146,3488.73300916,7912.94957600
3,360,0.000000,0.718000,0.00000000,106.72863180,0.00000000,655.13584783,0.00000000,0.00000000,94.69756566,106.72863180,101.68074366,1745.79450000,3837.89190900,7912.94957600
3,361,0.000000,0.665000,0.00000000,90.26208066,0.00000000,615.36449169,0.00000000,0.00000000,79.55197901,90.26208066,85.57793637,1506.48933936,3947.74564819,7912.94957600
3,362,0.000000,0.622000,0.00000000,30.37356665,0.00000000,629.62602433,0.00000000,0.00000000,25.00174700,30.37356665,27.15938407,539.40926699,3090.51931502,7912.94957600
3,363,0.000000,0.550000,0.00000000,106.72863180,0.00000000,476.87229271,0.00000000,0.00000000,94.69756566,106.72863180,101.68074366,1745.79450000,3439.67821486,7912.94957600
3,364,0.000000,0.482000,0.00000000,57.67001469,0.00000000,453.77661370,0.00000000,0.00000000,49.73928100,57.67001469,53.75120360,1002.98064984,3046.02326453,7912.94957600
3,365,0.000000,0.424000,0.00000000,106.72863180,0.00000000,343.17462636,0.00000000,0.00000000,94.69756566,106.72863180,101.68074366,1745.79450000,3395.18216436,7912.94957600
3,366,0.007000,0.410000,3.15786702,103.57076478,0.00000000,331.47719712,0.00000000,0.00000000,94.69756566,106.72863180,101.68074366,1745.79450000,3744.34106420,7912.94957600
3,367,0.170000,0.519000,76.69105611,30.03757569,0.00000000,520.66947853,0.00000000,0.00000000,94.69756566,106.72863180,101.68074366,1745.79450000,4093.49996404,7912.94957600
3,368,0.389000,0.510000,106.72863180,0.00000000,68.75854954,541.15722091,0.00000000,0.00000000,94.69756566,106.72863180,101.68074366,1745.79450000,4442.65886387,7912.94957600
3,369,0.560000,0.458000,106.72863180,0.00000000,145.90072951,485.98040623,0.00000000,0.00000000,94.69756566,106.72863180,101.68074366,1745.79450000,4791.81776371,7912.94957600
3,370,0.668000,0.413000,0.00000000,57.67001469,301.35073814,380.56122499,0.00000000,0.00000000,49.73928100,57.67001469,53.75120360,1002.98064984,4398.16281338,7912.94957600
3,371,0.726000,0.379000,0.00000000,57.67001469,327.51592199,344.48407693,0.00000000,0.00000000,49.73928100,57.67001469,53.75120360,1002.98064984,4004.50786305,7912.94957600
3,372,0.748000,0.362000,106.72863180,0.00000000,230.71201510,384.11551758,0.00000000,0.00000000,94.69756566,106.72863180,101.68074366,1745.79450000,4353.66676289,7912.94957600
3,373,0.724000,0.362000,106.72863180,0.00000000,219.88504247,384.11551758,0.00000000,0.00000000,94.69756566,106.72863180,101.68074366,1745.79450000,4702.82566272,7912.94957600
3,374,0.641000,0.374000,89.29817159,0.00000000,199.87222222,396.84862866,0.00000000,0.00000000,78.66539600,89.29817159,84.63531998,1492.48099468,4798.67105723,7912.94957600
3,375,0.521000,0.419000,0.00000000,72.94337444,235.03553079,371.65442077,0.00000000,0.00000000,63.67817400,72.94337444,68.65710149,1244.73187308,4646.76733015,7912.94957600
3,376,0.355000,0.509000,0.00000000,73.54194353,160.14897012,466.55418478,0.00000000,0.00000000,63.67817400,73.54194353,68.65710075,1244.73168631,4145.70451626,9891.18697000
3,377,0.165000,0.615000,74.43543682,32.29319498,0.00000000,620.27874787,0.00000000,0.00000000,94.69756566,106.72863180,101.68074366,1745.79450000,4494.86341610,7912.94957600
3,378,0.003000,0.722000,1.35337158,105.37526022,0.00000000,660.73358977,0.00000000,0.00000000,94.69756566,106.72863180,101.68074366,1745.79450000,4844.02231593,7912.94957600
3,379,0.000000,0.777000,0.00000000,58.26858481,0.00000000,766.20035763,0.00000000,0.00000000,49.73928100,58.26858481,53.75120360,1002.98064984,4101.20846556,9891.18697000
3,380,0.000000,0.788000,0.00000000,57.67001469,0.00000000,778.47094624,0.00000000,0.00000000,49.73928100,57.67001469,53.75120360,1002.98064984,3707.55351523,7912.94957600
3,381,0.000000,0.771000,0.00000000,106.72863180,0.00000000,711.37375510,0.00000000,0.00000000,94.69756566,106.72863180,101.68074366,1745.79450000,4056.71241507,7912.94957600
3,382,0.000000,0.739000,0.00000000,72.94337444,0.00000000,711.20404958,0.00000000,0.00000000,63.67817400,72.94337444,68.65710149,1244.73187308,3904.80868799,7912.94957600
3,383,0.000000,0.685000,0.00000000,72.94337444,0.00000000,653.90504972,0.00000000,0.00000000,63.67817400,72.94337444,68.65710149,1244.73187308,3752.90496091,7912.94957600
3,384,0.000000,0.618000,0.00000000,30.37356665,0.00000000,625.38165397,0.00000000,0.00000000,25.00174700,30.37356665,27.15938407,539.40926699,2895.67862774,7912.94957600
3,385,0.000000,0.518000,0.00000000,106.72863180,0.00000000,442.91732982,0.00000000,0.00000000,94.69756566,106.72863180,101.68074366,1745.79450000,3244.83752757,7912.94957600
3,386,0.000000,0.415000,0.00000000,106.72863180,0.00000000,333.62479305,0.00000000,0.00000000,94.69756566,106.72863180,101.68074366,1745.79450000,3593.99642741,7912.94957600
3,387,0.000000,0.352000,0.00000000,58.26858481,0.00000000,315.23600687,0.00000000,0.00000000,49.73928100,58.26858481,53.75120360,1002.98064984,2851.18257704,9891.18697000
3,388,0.000000,0.320000,0.00000000,89.29817185,0.00000000,250.25145695,0.00000000,0.00000000,78.66539600,89.29817185,84.63532017,1492.48104146,2947.02801833,7912.94957600
3,389,0.000000,0.305000,0.00000000,57.67001469,0.00000000,265.96322527,0.00000000,0.00000000,49.73928100,57.67001469,53.75120360,1002.98064984,2553.37306800,7912.94957600
3,390,0.007000,0.311000,3.15786702,103.57076478,0.00000000,226.42903071,0.00000000,0.00000000,94.69756566,106.72863180,101.68074366,1745.79450000,2902.53196784,7912.94957600
3,391,0.159000,0.459000,71.72869366,34.99993814,0.00000000,452.04156067,0.00000000,0.00000000,94.69756566,106.72863180,101.68074366,1745.79450000,3251.69086767,7912.94957600
3,392,0.388000,0.509000,106.72863180,0.00000000,68.30742568,540.09612832,0.00000000,0.00000000,94.69756566,106.72863180,101.68074366,1745.79450000,3600.84976751,7912.94957600
3,393,0.566000,0.498000,0.00000000,106.72863180,255.33610447,421.69547802,0.00000000,0.00000000,94.69756566,106.72863180,101.68074366,1745.79450000,3950.00866735,7912.94957600
3,394,0.675000,0.481000,106.72863180,0.00000000,197.77997335,510.38553580,0.00000000,0.00000000,94.69756566,106.72863180,101.68074366,1745.79450000,4299.16756718,7912.94957600
3,395,0.737000,0.444000,106.72863180,0.00000000,225.74965264,471.12510996,0.00000000,0.00000000,94.69756566,106.72863180,101.68074366,1745.79450000,4648.32646702,7912.94957600
3,396,0.755000,0.397000,106.72863180,0.00000000,233.86988211,421.25375823,0.00000000,0.00000000,94.69756566,106.72863180,101.68074366,1745.79450000,4997.48536685,7912.94957600
3,397,0.713000,0.361000,89.29817185,0.00000000,232.35313997,383.05442499,0.00000000,0.00000000,78.66539600,89.29817185,84.63532017,1492.48104146,5093.33080815,7912.94957600
3,398,0.639000,0.347000,106.72863180,0.00000000,181.53951441,368.19912873,0.00000000,0.00000000,94.69756566,106.72863180,101.68074366,1745.79450000,5442.48970798,7912.94957600
3,399,0.524000,0.358000,0.00000000,57.67001469,236.38890237,322.20113254,0.00000000,0.00000000,49.73928100,57.67001469,53.75120360,1002.98064984,5048.83475765,7912.94957600
3,400,0.377000,0.383000,106.72863180,0.00000000,63.34506323,406.39846197,0.00000000,0.00000000,94.69756566,106.72863180,101.68074366,1745.79450000,5397.99365749,7912.94957600
3,401,0.182000,0.441000,0.00000000,57.67001469,82.10454243,410.27181751,0.00000000,0.00000000,49.73928100,57.67001469,53.75120360,1002.98064984,5004.33870716,7912.94957600
3,402,0.003000,0.547000,1.35337158,87.94480001,0.00000000,492.47284672,0.00000000,0.00000000,78.66539600,89.29817159,84.63531998,1492.48099468,5100.18410167,7912.94957600
3,403,0.000000,0.605000,0.00000000,106.72863180,0.00000000,535.23238516,0.00000000,0.00000000,94.69756566,106.72863180,101.68074366,1745.79450000,5449.34300151,7912.94957600
3,404,0.000000,0.607000,0.00000000,106.72863180,0.00000000,537.35457034,0.00000000,0.00000000,94.69756566,106.72863180,101.68074366,1745.79450000,5798.50190134,7912.94957600
3,405,0.000000,0.592000,0.00000000,106.72863180,0.00000000,521.43818149,0.00000000,0.00000000,94.69756566,106.72863180,101.68074366,1745.79450000,6147.66080118,7912.94957600
3,406,0.000000,0.547000,0.00000000,106.72863180,0.00000000,473.68901494,0.00000000,0.00000000,94.69756566,106.72863180,101.68074366,1745.79450000,6496.81970102,7912.94957600
3,407,0.000000,0.476000,0.00000000,106.72863180,0.00000000,398.35144104,0.00000000,0.00000000,94.69756566,106.72863180,101.68074366,1745.79450000,6845.97860085,7912.94957600
3,408,0.000000,0.395000,0.00000000,106.72863180,0.00000000,312.40294125,0.00000000,0.00000000,94.69756566,106.72863180,101.68074366,1745.79450000,7195.13750069,7912.94957600
3,409,0.000000,0.336000,0.00000000,72.94337341,0.00000000,283.58373683,0.00000000,0.00000000,63.67817400,72.94337341,68.65710075,1244.73168631,7043.23358684,7912.94957600
3,410,0.000000,0.294000,0.00000000,72.94337341,0.00000000,239.01784805,0.00000000,0.00000000,63.67817400,72.94337341,68.65710075,1244.73168631,6891.32967298,7912.94957600
3,411,0.000000,0.277000,0.00000000,106.72863180,0.00000000,187.19401563,0.00000000,0.00000000,94.69756566,106.72863180,101.68074366,1745.79450000,7240.48857282,7912.94957600
3,412,0.000000,0.259000,0.00000000,107.32720193,0.00000000,167.49577889,0.00000000,0.00000000,94.69756566,107.32720193,101.68074366,1745.79450000,7240.48857261,9891.18697000
3,413,0.000000,0.253000,0.00000000,57.67001469,0.00000000,210.78641059,0.00000000,0.00000000,49.73928100,57.67001469,53.75120360,1002.98064984,6846.83362229,7912.94957600
3,414,0.013000,0.264000,5.86461017,100.86402163,0.00000000,179.26442214,0.00000000,0.00000000,94.69756566,106.72863180,101.68074366,1745.79450000,7195.99252212,7912.94957600
3,415,0.196000,0.505000,88.42027646,18.30835534,0.00000000,517.54340261,0.00000000,0.00000000,94.69756566,106.72863180,101.68074366,1745.79450000,7545.15142196,7912.94957600
3,416,0.390000,0.580000,106.72863180,0.00000000,69.20967340,615.43370221,0.00000000,0.00000000,94.69756566,106.72863180,101.68074366,1745.79450000,7894.31032179,7912.94957600
3,417,0.554000,0.556000,57.67001469,0.00000000,192.25260347,589.96748005,0.00000000,0.00000000,49.73928100,57.67001469,53.75120360,1002.98064984,7500.65537147,7912.94957600
3,418,0.659000,0.519000,106.72863180,0.00000000,190.56199160,550.70705422,0.00000000,0.00000000,94.69756566,106.72863180,101.68074366,1745.79450000,7849.81427130,7912.94957600
3,419,0.724000,0.475000,0.00000000,72.94337341,326.61367427,431.07560685,0.00000000,0.00000000,63.67817400,72.94337341,68.65710075,1244.73168631,7697.91035745,7912.94957600
3,420,0.742000,0.454000,106.72863180,0.00000000,228.00527194,481.73603586,0.00000000,0.00000000,94.69756566,106.72863180,101.68074366,1745.79450000,8047.06925728,7912.94957600
3,421,0.719000,0.456000,106.72863180,0.00000000,217.62942317,483.85822104,0.00000000,0.00000000,94.69756566,106.72863180,101.68074366,1745.79450000,8396.22815712,7912.94957600
3,422,0.653000,0.476000,106.72863180,0.00000000,187.85524845,505.08007285,0.00000000,0.00000000,94.69756566,106.72863180,101.68074366,1745.79450000,8745.38705696,7912.94957600
3,423,0.539000,0.519000,106.72863180,0.00000000,136.42712846,550.70705422,0.00000000,0.00000000,94.69756566,106.72863180,101.68074366,1745.79450000,9094.54595679,7912.94957600
3,424,0.377000,0.580000,107.32720193,0.00000000,62.74649310,615.43370221,0.00000000,0.00000000,94.69756566,107.32720193,101.68074366,1745.79450000,9094.54595659,9891.18697000
3,425,0.165000,0.660000,43.47863956,0.00000000,30.95679725,700.32110941,0.00000000,0.00000000,36.84682300,43.47863956,39.91750131,767.66957627,8465.57993269,7912.94957600
3,426,0.002000,0.738000,0.90224772,106.42495421,0.00000000,676.66137722,0.00000000,0.00000000,94.69756566,107.32720193,101.68074366,1745.79450000,8465.57993249,9891.18697000
3,427,0.000000,0.795000,0.00000000,18.35919146,0.00000000,825.20941760,0.00000000,0.00000000,14.20500000,18.35919146,15.48029780,318.82444922,7387.76878154,7912.94957600
3,428,0.000000,0.835000,0.00000000,72.94337341,0.00000000,813.06893925,0.00000000,0.00000000,63.67817400,72.94337341,68.65710075,1244.73168631,7235.86486769,7912.94957600
3,429,0.000000,0.862000,0.00000000,57.67001469,0.00000000,856.99179790,0.00000000,0.00000000,49.73928100,57.67001469,53.75120360,1002.98064984,6842.20991736,7912.94957600
3,430,0.000000,0.872000,0.00000000,89.89674197,0.00000000,835.37599652,0.00000000,0.00000000,78.66539600,89.89674197,84.63532017,1492.48104146,6588.89645861,9891.18697000
3,431,0.000000,0.851000,0.00000000,106.72863180,0.00000000,796.26116230,0.00000000,0.00000000,94.69756566,106.72863180,101.68074366,1745.79450000,6938.05535844,7912.94957600
3,432,0.000000,0.802000,0.00000000,57.67001469,0.00000000,793.32624250,0.00000000,0.00000000,49.73928100,57.67001469,53.75120360,1002.98064984,6544.40040812,7912.94957600
3,433,0.000000,0.740000,0.00000000,107.32720193,0.00000000,677.88131468,0.00000000,0.00000000,94.69756566,107.32720193,101.68074366,1745.79450000,6544.40040791,9891.18697000
3,434,0.000000,0.700000,0.00000000,106.72863180,0.00000000,636.03618121,0.00000000,0.00000000,94.69756566,106.72863180,101.68074366,1745.79450000,6893.55930775,7912.94957600
3,435,0.000000,0.663000,0.00000000,89.89674197,0.00000000,613.60764520,0.00000000,0.00000000,78.66539600,89.89674197,84.63532017,1492.48104146,6640.24584900,9891.18697000
3,436,0.000000,0.622000,0.00000000,89.89674197,0.00000000,570.10284901,0.00000000,0.00000000,78.66539600,89.89674197,84.63532017,1492.48104146,6386.93239025,9891.18697000
3,437,0.000000,0.594000,0.00000000,89.29817185,0.00000000,540.99082662,0.00000000,0.00000000,78.66539600,89.29817185,84.63532017,1492.48104146,6482.77783154,7912.94957600
3,438,0.009000,0.578000,0.00000000,72.94337341,4.06011474,540.36814362,0.00000000,0.00000000,63.67817400,72.94337341,68.65710075,1244.73168631,6330.87391769,7912.94957600
3,439,0.185000,0.727000,83.45791401,23.27071780,0.00000000,748.14359514,0.00000000,0.00000000,94.69756566,106.72863180,101.68074366,1745.79450000,6680.03281752,7912.94957600
3,440,0.393000,0.733000,107.09362074,0.00000000,70.19805604,777.78086848,0.00000000,0.00000000,94.69756566,107.09362074,101.68074366,1745.79450000,6816.28577755,9119.21552392
3,441,0.553000,0.663000,0.00000000,18.95776159,249.47149430,684.54662559,0.00000000,0.00000000,14.20500000,18.95776159,15.48029780,318.82444922,5389.31572656,9891.18697000
3,442,0.663000,0.562000,107.32720193,0.00000000,191.76791692,596.33403559,0.00000000,0.00000000,94.69756566,107.32720193,101.68074366,1745.79450000,5389.31572636,9891.18697000
3,443,0.724000,0.444000,106.72863180,0.00000000,219.88504247,471.12510996,0.00000000,0.00000000,94.69756566,106.72863180,101.68074366,1745.79450000,5738.47462619,7912.94957600
3,444,0.740000,0.343000,0.00000000,72.94337444,333.83165602,291.01138393,0.00000000,0.00000000,63.67817400,72.94337444,68.65710149,1244.73187308,5586.57089911,7912.94957600
3,445,0.688000,0.306000,106.72863180,0.00000000,203.64458353,324.69433254,0.00000000,0.00000000,94.69756566,106.72863180,101.68074366,1745.79450000,5935.72979895,7912.94957600
3,446,0.525000,0.343000,89.29817185,0.00000000,147.54185438,363.95475837,0.00000000,0.00000000,78.66539600,89.29817185,84.63532017,1492.48104146,6031.57524024,7912.94957600
3,447,0.404000,0.431000,0.00000000,57.67001469,182.25403923,399.66089161,0.00000000,0.00000000,49.73928100,57.67001469,53.75120360,1002.98064984,5637.92028991,7912.94957600
3,448,0.266000,0.538000,89.29817185,0.00000000,30.70077478,570.86781343,0.00000000,0.00000000,78.66539600,89.29817185,84.63532017,1492.48104146,5733.76573120,7912.94957600
3,449,0.115000,0.633000,0.00000000,107.32720193,51.87924384,564.34440755,0.00000000,0.00000000,94.69756566,107.32720193,101.68074366,1745.79450000,5733.76573100,9891.18697000
3,450,0.000000,0.730000,0.00000000,106.72863180,0.00000000,667.86895891,0.00000000,0.00000000,94.69756566,106.72863180,101.68074366,1745.79450000,6082.92463083,7912.94957600
3,451,0.000000,0.812000,0.00000000,72.94337444,0.00000000,788.66380865,0.00000000,0.00000000,63.67817400,72.94337444,68.65710149,1244.73187308,5931.02090375,7912.94957600
3,452,0.000000,0.855000,0.00000000,103.18921541,0.00000000,804.04494905,0.00000000,0.00000000,90.89153288,103.18921541,97.63416469,1685.65795289,5870.88435644,9891.18697000
3,453,0.000000,0.856000,0.00000000,107.32720193,0.00000000,800.96805512,0.00000000,0.00000000,94.69756566,107.32720193,101.68074366,1745.79450000,5870.88435623,9891.18697000
3,454,0.000000,0.829000,0.00000000,18.95776159,0.00000000,860.68799553,0.00000000,0.00000000,14.20500000,18.95776159,15.48029780,318.82444922,4443.91430524,9891.18697000
3,455,0.000000,0.791000,0.00000000,30.97213435,0.00000000,808.35210435,0.00000000,0.00000000,25.00174700,30.97213435,27.15938231,539.40882693,3237.52863196,9891.18697000
3,456,0.000000,0.745000,0.00000000,89.89674197,0.00000000,700.61723758,0.00000000,0.00000000,78.66539600,89.89674197,84.63532017,1492.48104146,2984.21517321,9891.18697000
3,457,0.000000,0.687000,0.00000000,89.89674172,0.00000000,639.07386762,0.00000000,0.00000000,78.66539600,89.89674172,84.63531998,1492.48099468,2730.90166768,9891.18697000
3,458,0.000000,0.621000,0.00000000,106.72863180,0.00000000,552.20986660,0.00000000,0.00000000,94.69756566,106.72863180,101.68074366,1745.79450000,3080.06056752,7912.94957600
3,459,0.000000,0.568000,0.00000000,89.29817185,0.00000000,513.40241928,0.00000000,0.00000000,78.66539600,89.29817185,84.63532017,1492.48104146,3175.90600881,7912.94957600
3,460,0.000000,0.519000,0.00000000,106.72863180,0.00000000,443.97842241,0.00000000,0.00000000,94.69756566,106.72863180,101.68074366,1745.79450000,3525.06490865,7912.94957600
3,461,0.000000,0.488000,0.00000000,107.32720193,0.00000000,410.48598200,0.00000000,0.00000000,94.69756566,107.32720193,101.68074366,1745.79450000,3525.06490844,9891.18697000
3,462,0.001000,0.471000,0.45112386,57.81746032,0.00000000,441.95714894,0.00000000,0.00000000,49.73928100,58.26858481,53.75120360,1002.98064984,2782.25105807,9891.18697000
3,463,0.103000,0.568000,46.46575753,60.86144440,0.00000000,541.83914673,0.00000000,0.00000000,94.69756566,107.32720193,101.68074366,1745.79450000,2782.25105787,9891.18697000
3,464,0.275000,0.602000,107.32720193,0.00000000,16.73185943,638.77773919,0.00000000,0.00000000,94.69756566,107.32720193,101.68074366,1745.79450000,2782.25105766,9891.18697000
3,465,0.471000,0.544000,0.00000000,107.32720193,212.47933782,469.90716704,0.00000000,0.00000000,94.69756566,107.32720193,101.68074366,1745.79450000,2782.25105746,9891.18697000
3,466,0.614000,0.454000,107.32720193,0.00000000,169.66284780,481.73603586,0.00000000,0.00000000,94.69756566,107.32720193,101.68074366,1745.79450000,2782.25105725,9891.18697000
3,467,0.701000,0.362000,0.00000000,107.32720193,316.23782550,276.78831566,0.00000000,0.00000000,94.69756566,107.32720193,101.68074366,1745.79450000,2782.25105705,9891.18697000
3,468,0.728000,0.291000,0.00000000,107.32720193,328.41816971,201.45074177,0.00000000,0.00000000,94.69756566,107.32720193,101.68074366,1745.79450000,2782.25105684,9891.18697000
3,469,0.686000,0.257000,0.00000000,107.32720193,309.47096761,165.37359371,0.00000000,0.00000000,94.69756566,107.32720193,101.68074366,1745.79450000,2782.25105664,9891.18697000
3,470,0.572000,0.261000,0.00000000,107.32720193,258.04284763,169.61796407,0.00000000,0.00000000,94.69756566,107.32720193,101.68074366,1745.79450000,2782.25105643,9891.18697000
3,471,0.420000,0.291000,0.00000000,107.32720193,189.47202099,201.45074177,0.00000000,0.00000000,94.69756566,107.32720193,101.68074366,1745.79450000,2782.25105623,9891.18697000
3,472,0.282000,0.374000,107.32720193,0.00000000,19.88972645,396.84862866,0.00000000,0.00000000,94.69756566,107.32720193,101.68074366,1745.79450000,2782.25105602,9891.18697000
3,473,0.113000,0.522000,50.97699612,56.35020580,0.00000000,497.54012618,0.00000000,0.00000000,94.69756566,107.32720193,101.68074366,1745.79450000,2782.25105582,9891.18697000
3,474,0.000000,0.703000,0.00000000,107.32720193,0.00000000,638.62088885,0.00000000,0.00000000,94.69756566,107.32720193,101.68074366,1745.79450000,2782.25105561,9891.18697000
3,475,0.000000,0.810000,0.00000000,107.32720193,0.00000000,752.15779598,0.00000000,0.00000000,94.69756566,107.32720193,101.68074366,1745.79450000,2782.25105541,9891.18697000
3,476,0.000000,0.905000,0.00000000,107.32720193,0.00000000,852.96159203,0.00000000,0.00000000,94.69756566,107.32720193,101.68074366,1745.79450000,2782.25105520,9891.18697000
3,477,0.000000,0.931000,0.00000000,107.32720193,0.00000000,880.55000000,0.00000000,0.00000000,94.69756566,107.32720193,101.68074366,1745.79450000,2782.25105500,9891.18697000
3,478,0.000000,0.923000,0.00000000,107.32720193,0.00000000,872.06125865,0.00000000,0.00000000,94.69756566,107.32720193,101.68074366,1745.79450000,2782.25105479,9891.18697000
3,479,0.000000,0.896000,0.00000000,107.32720193,0.00000000,843.41175872,0.00000000,0.00000000,94.69756566,107.32720193,101.68074366,1745.79450000,2782.25105459,9891.18697000
3,480,0.000000,0.852000,0.00000000,107.32720193,0.00000000,796.72368476,0.00000000,0.00000000,94.69756566,107.32720193,101.68074366,1745.79450000,2782.25105438,9891.18697000
3,481,0.000000,0.792000,0.00000000,107.32720193,0.00000000,733.05812936,0.00000000,0.00000000,94.69756566,107.32720193,101.68074366,1745.79450000,2782.25105418,9891.18697000
3,482,0.000000,0.737000,0.00000000,107.32720193,0.00000000,674.69803691,0.00000000,0.00000000,94.69756566,107.32720193,101.68074366,1745.79450000,2782.25105397,9891.18697000
3,483,0.000000,0.685000,0.00000000,107.32720193,0.00000000,619.52122223,0.00000000,0.00000000,94.69756566,107.32720193,101.68074366,1745.79450000,2782.25105377,9891.18697000
3,484,0.000000,0.644000,0.00000000,107.32720193,0.00000000,576.01642604,0.00000000,0.00000000,94.69756566,107.32720193,101.68074366,1745.79450000,2782.25105356,9891.18697000
3,485,0.000000,0.585000,0.00000000,107.32720193,0.00000000,513.41196323,0.00000000,0.00000000,94.69756566,107.32720193,101.68074366,1745.79450000,2782.25105336,9891.18697000
3,486,0.006000,0.544000,0.00000000,107.32720193,2.70674316,469.90716704,0.00000000,0.00000000,94.69756566,107.32720193,101.68074366,1745.79450000,2782.25105315,9891.18697000
3,487,0.138000,0.679000,62.25509261,45.07210932,0.00000000,675.40975930,0.00000000,0.00000000,94.69756566,107.32720193,101.68074366,1745.79450000,2782.25105295,9891.18697000
3,488,0.312000,0.729000,107.32720193,0.00000000,33.42344223,773.53649812,0.00000000,0.00000000,94.69756566,107.32720193,101.68074366,1745.79450000,2782.25105274,9891.18697000
3,489,0.512000,0.707000,0.00000000,107.32720193,230.97541606,642.86525921,0.00000000,0.00000000,94.69756566,107.32720193,101.68074366,1745.79450000,2782.25105254,9891.18697000
3,490,0.658000,0.658000,107.32720193,0.00000000,189.51229762,698.19892423,0.00000000,0.00000000,94.69756566,107.32720193,101.68074366,1745.79450000,2782.25105233,9891.18697000
3,491,0.737000,0.595000,107.32720193,0.00000000,225.15108252,631.35009106,0.00000000,0.00000000,94.69756566,107.32720193,101.68074366,1745.79450000,2782.25105213,9891.18697000
3,492,0.755000,0.532000,107.32720193,0.00000000,233.27131199,564.50125789,0.00000000,0.00000000,94.69756566,107.32720193,101.68074366,1745.79450000,2782.25105192,9891.18697000
3,493,0.731000,0.465000,0.00000000,107.32720193,329.77154129,386.08085243,0.00000000,0.00000000,94.69756566,107.32720193,101.68074366,1745.79450000,2782.25105172,9891.18697000
3,494,0.664000,0.432000,107.32720193,0.00000000,192.21904078,458.39199888,0.00000000,0.00000000,94.69756566,107.32720193,101.68074366,1745.79450000,2782.25105151,9891.18697000
3,495,0.551000,0.432000,0.00000000,107.32720193,248.56924658,351.06479696,0.00000000,0.00000000,94.69756566,107.32720193,101.68074366,1745.79450000,2782.25105131,9891.18697000
3,496,0.391000,0.457000,107.32720193,0.00000000,69.06222713,484.91931364,0.00000000,0.00000000,94.69756566,107.32720193,101.68074366,1745.79450000,2782.25105110,9891.18697000
3,497,0.189000,0.519000,0.00000000,107.32720193,85.26240944,443.37985229,0.00000000,0.00000000,94.69756566,107.32720193,101.68074366,1745.79450000,2782.25105090,9891.18697000
3,498,0.004000,0.630000,1.80449544,105.52270649,0.00000000,562.96562522,0.00000000,0.00000000,94.69756566,107.32720193,101.68074366,1745.79450000,2782.25105069,9891.18697000
3,499,0.000000,0.737000,0.00000000,107.32720193,0.00000000,674.69803691,0.00000000,0.00000000,94.69756566,107.32720193,101.68074366,1745.79450000,2782.25105049,9891.18697000
3,500,0.000000,0.774000,0.00000000,107.32720193,0.00000000,713.95846274,0.00000000,0.00000000,94.69756566,107.32720193,101.68074366,1745.79450000,2782.25105028,9891.18697000
3,501,0.000000,0.820000,0.00000000,107.32720193,0.00000000,762.76872188,0.00000000,0.00000000,94.69756566,107.32720193,101.68074366,1745.79450000,2782.25105008,9891.18697000
3,502,0.000000,0.849000,0.00000000,107.32720193,0.00000000,793.54040699,0.00000000,0.00000000,94.69756566,107.32720193,101.68074366,1745.79450000,2782.25104987,9891.18697000
3,503,0.000000,0.817000,0.00000000,107.32720193,0.00000000,759.58544411,0.00000000,0.00000000,94.69756566,107.32720193,101.68074366,1745.79450000,2782.25104967,9891.18697000
3,504,0.000000,0.762000,0.00000000,107.32720193,0.00000000,701.22535166,0.00000000,0.00000000,94.69756566,107.32720193,101.68074366,1745.79450000,2782.25104946,9891.18697000
3,505,0.000000,0.697000,0.00000000,107.32720193,0.00000000,632.25433331,0.00000000,0.00000000,94.69756566,107.32720193,101.68074366,1745.79450000,2782.25104926,9891.18697000
3,506,0.000000,0.642000,0.00000000,107.32720193,0.00000000,573.89424086,0.00000000,0.00000000,94.69756566,107.32720193,101.68074366,1745.79450000,2782.25104905,9891.18697000
3,507,0.000000,0.585000,0.00000000,107.32720193,0.00000000,513.41196323,0.00000000,0.00000000,94.69756566,107.32720193,101.68074366,1745.79450000,2782.25104885,9891.18697000
3,508,0.000000,0.517000,0.00000000,107.32720193,0.00000000,441.25766711,0.00000000,0.00000000,94.69756566,107.32720193,101.68074366,1745.79450000,2782.25104864,9891.18697000
3,509,0.000000,0.452000,0.00000000,107.32720193,0.00000000,372.28664876,0.00000000,0.00000000,94.69756566,107.32720193,101.68074366,1745.79450000,2782.25104844,9891.18697000
3,510,0.015000,0.400000,6.76685789,100.56034403,0.00000000,323.87669197,0.00000000,0.00000000,94.69756566,107.32720193,101.68074366,1745.79450000,2782.25104823,9891.18697000
3,511,0.203000,0.580000,91.57814348,0.00000000,0.00000000,615.43370221,0.00000000,0.00000000,80.21191366,91.57814348,86.27957974,1516.91651997,2553.37306800,9891.18697000
3,512,0.412000,0.561000,106.81666101,0.00000000,79.04636910,595.27294300,0.00000000,0.00000000,94.69756566,106.81666101,101.68074366,1745.79450000,2851.18262546,8203.88069429
3,513,0.571000,0.439000,107.32720193,0.00000000,150.26452184,465.81964701,0.00000000,0.00000000,94.69756566,107.32720193,101.68074366,1745.79450000,2851.18262525,9891.18697000
3,514,0.683000,0.337000,107.32720193,0.00000000,200.79039411,357.58820283,0.00000000,0.00000000,94.69756566,107.32720193,101.68074366,1745.79450000,2851.18262505,9891.18697000
3,515,0.743000,0.267000,107.32720193,0.00000000,227.85782567,283.31172153,0.00000000,0.00000000,94.69756566,107.32720193,101.68074366,1745.79450000,2851.18262484,9891.18697000
3,516,0.759000,0.233000,107.32720193,0.00000000,235.07580743,247.23457347,0.00000000,0.00000000,94.69756566,107.32720193,101.68074366,1745.79450000,2851.18262464,9891.18697000
3,517,0.734000,0.241000,107.32720193,0.00000000,223.79771094,255.72331419,0.00000000,0.00000000,94.69756566,107.32720193,101.68074366,1745.79450000,2851.18262443,9891.18697000
3,518,0.666000,0.285000,107.32720193,0.00000000,193.12128849,302.41138815,0.00000000,0.00000000,94.69756566,107.32720193,101.68074366,1745.79450000,2851.18262423,9891.18697000
3,519,0.553000,0.351000,106.72863180,0.00000000,142.74286250,372.44349909,0.00000000,0.00000000,94.69756566,106.72863180,101.68074366,1745.79450000,3200.34152406,7912.94957600
3,520,0.392000,0.426000,106.72863180,0.00000000,70.11192112,452.02544334,0.00000000,0.00000000,94.69756566,106.72863180,101.68074366,1745.79450000,3549.50042390,7912.94957600
3,521,0.190000,0.519000,58.26858481,0.00000000,27.44494849,550.70705422,0.00000000,0.00000000,49.73928100,58.26858481,53.75120360,1002.98064984,2806.68657353,9891.18697000
3,522,0.004000,0.633000,1.80449544,88.09224628,0.00000000,583.57936320,0.00000000,0.00000000,78.66539600,89.89674172,84.63531998,1492.48099468,2553.37306800,9891.18697000
3,523,0.000000,0.701000,0.00000000,107.32720195,0.00000000,636.49870364,0.00000000,0.00000000,94.69756569,107.32720195,101.68074369,1745.79450041,2553.37306821,9891.18697000
3,524,0.000000,0.733000,0.00000000,107.32720193,0.00000000,670.45366655,0.00000000,0.00000000,94.69756566,107.32720193,101.68074366,1745.79450000,2553.37306800,9891.18697000
3,525,0.000000,0.746000,0.00000000,107.32720197,0.00000000,684.24787018,0.00000000,0.00000000,94.69756570,107.32720197,101.68074370,1745.79450061,2553.37306841,9891.18697000
3,526,0.000000,0.732000,0.00000000,107.32720193,0.00000000,669.39257396,0.00000000,0.00000000,94.69756566,107.32720193,101.68074366,1745.79450000,2553.37306821,9891.18697000
3,527,0.000000,0.700000,0.00000000,107.32720193,0.00000000,635.43761108,0.00000000,0.00000000,94.69756566,107.32720193,101.68074366,1745.79450000,2553.37306800,9891.18697000
3,528,0.000000,0.648000,0.00000000,107.32720207,0.00000000,580.26079626,0.00000000,0.00000000,94.69756579,107.32720207,101.68074380,1745.79450205,2553.37306985,9891.18697000
3,529,0.000000,0.580000,0.00000000,107.32720193,0.00000000,508.10650028,0.00000000,0.00000000,94.69756566,107.32720193,101.68074366,1745.79450000,2553.37306964,9891.18697000
3,530,0.000000,0.505000,0.00000000,107.32720193,0.00000000,428.52455603,0.00000000,0.00000000,94.69756566,107.32720193,101.68074366,1745.79450000,2553.37306944,9891.18697000
3,531,0.000000,0.440000,0.00000000,107.32720193,0.00000000,359.55353768,0.00000000,0.00000000,94.69756566,107.32720193,101.68074366,1745.79450000,2553.37306923,9891.18697000
3,532,0.000000,0.367000,0.00000000,107.32720193,0.00000000,282.09377861,0.00000000,0.00000000,94.69756566,107.32720193,101.68074366,1745.79450000,2553.37306903,9891.18697000
3,533,0.000000,0.315000,0.00000000,107.32720193,0.00000000,226.91696393,0.00000000,0.00000000,94.69756566,107.32720193,101.68074366,1745.79450000,2553.37306882,9891.18697000
3,534,0.013000,0.310000,5.86461017,101.46259175,0.00000000,227.47611115,0.00000000,0.00000000,94.69756566,107.32720193,101.68074366,1745.79450000,2553.37306862,9891.18697000
3,535,0.192000,0.459000,86.61578102,20.71142090,0.00000000,466.33007791,0.00000000,0.00000000,94.69756566,107.32720193,101.68074366,1745.79450000,2553.37306841,9891.18697000
3,536,0.384000,0.431000,107.32720193,0.00000000,65.90436012,457.33090629,0.00000000,0.00000000,94.69756566,107.32720193,101.68074366,1745.79450000,2553.37306821,9891.18697000
3,537,0.557000,0.311000,107.32720193,0.00000000,143.94878781,329.99979549,0.00000000,0.00000000,94.69756566,107.32720193,101.68074366,1745.79450000,2553.37306800,9891.18697000
3,538,0.667000,0.201000,107.32720193,0.00000000,193.57241235,213.27961059,0.00000000,0.00000000,94.69756566,107.32720193,101.68074366,1745.79450000,2553.37306800,9891.18696884
3,539,0.727000,0.123000,107.32720193,0.00000000,220.63984392,130.51438857,0.00000000,0.00000000,94.69756566,107.32720193,101.68074366,1745.79450000,2553.37306800,9891.18696884
3,540,0.742000,0.082000,107.32720193,0.00000000,227.40670182,87.00959238,0.00000000,0.00000000,94.69756566,107.32720193,101.68074366,1745.79450000,2553.37306800,9891.18696884
3,541,0.714000,0.080000,107.32720193,0.00000000,214.77523375,84.88740720,0.00000000,0.00000000,94.69756566,107.32720193,101.68074366,1745.79450000,2553.37306800,9891.18696884
3,542,0.641000,0.113000,107.32720193,0.00000000,181.84319201,119.90346267,0.00000000,0.00000000,94.69756566,107.32720193,101.68074366,1745.79450000,2553.37306800,9891.18696884
3,543,0.516000,0.176000,106.72863180,0.00000000,126.05127970,186.75229584,0.00000000,0.00000000,94.69756566,106.72863180,101.68074366,1745.79450000,2902.53196784,7912.94957600
3,544,0.335000,0.281000,107.25092145,0.00000000,43.87557148,298.16701779,0.00000000,0.00000000,94.69756566,107.25092145,101.68074366,1745.79450000,2947.02801833,9639.08469976
3,545,0.144000,0.454000,57.67001469,0.00000000,7.29182108,481.73603586,0.00000000,0.00000000,49.73928100,57.67001469,53.75120360,1002.98064984,2553.37306800,7912.94957600
3,546,0.003000,0.665000,1.35337158,105.97383035,0.00000000,599.65274201,0.00000000,0.00000000,94.69756566,107.32720193,101.68074366,1745.79450000,2553.37306780,9891.18697000
3,547,0.000000,0.763000,0.00000000,107.32720193,0.00000000,702.28644425,0.00000000,0.00000000,94.69756566,107.32720193,101.68074366,1745.79450000,2553.37306759,9891.18697000
3,548,0.000000,0.782000,0.00000000,89.46248162,0.00000000,740.31192377,0.00000000,0.00000000,78.66539600,89.46248162,84.63532017,1492.48104146,2553.37306821,8455.98323423
3,549,0.000000,0.779000,0.00000000,107.32720193,0.00000000,719.26392569,0.00000000,0.00000000,94.69756566,107.32720193,101.68074366,1745.79450000,2553.37306800,9891.18697000
3,550,0.000000,0.752000,0.00000000,107.32720193,0.00000000,690.61442576,0.00000000,0.00000000,94.69756566,107.32720193,101.68074366,1745.79450000,2553.37306800,9891.18696884
3,551,0.000000,0.697000,0.00000000,107.32720193,0.00000000,632.25433331,0.00000000,0.00000000,94.69756566,107.32720193,101.68074366,1745.79450000,2553.37306780,9891.18697000
3,552,0.000000,0.620000,0.00000000,107.32720193,0.00000000,550.55020388,0.00000000,0.00000000,94.69756566,107.32720193,101.68074366,1745.79450000,2553.37306759,9891.18697000
3,553,0.000000,0.544000,0.00000000,89.46248162,0.00000000,487.77188735,0.00000000,0.00000000,78.66539600,89.46248162,84.63532017,1492.48104146,2553.37306841,8455.98323306
3,554,0.000000,0.466000,0.00000000,107.32720193,0.00000000,387.14194502,0.00000000,0.00000000,94.69756566,107.32720193,101.68074366,1745.79450000,2553.37306821,9891.18697000
3,555,0.000000,0.381000,0.00000000,107.32720193,0.00000000,296.94907487,0.00000000,0.00000000,94.69756566,107.32720193,101.68074366,1745.79450000,2553.37306800,9891.18697000
3,556,0.000000,0.315000,0.00000000,107.32720193,0.00000000,226.91696393,0.00000000,0.00000000,94.69756566,107.32720193,101.68074366,1745.79450000,2553.37306800,9891.18696884
3,557,0.000000,0.272000,0.00000000,107.32720193,0.00000000,181.28998256,0.00000000,0.00000000,94.69756566,107.32720193,101.68074366,1745.79450000,2553.37306800,9891.18696884
3,558,0.008000,0.254000,3.60899088,103.71821105,0.00000000,165.79930681,0.00000000,0.00000000,94.69756566,107.32720193,101.68074366,1745.79450000,2553.37306800,9891.18696884
3,559,0.151000,0.320000,68.11970278,39.20749914,0.00000000,300.34212966,0.00000000,0.00000000,94.69756566,107.32720193,101.68074366,1745.79450000,2553.37306821,9891.18696768
3,560,0.369000,0.300000,107.32720193,0.00000000,59.13750223,318.32777778,0.00000000,0.00000000,94.69756566,107.32720193,101.68074366,1745.79450000,2553.37306800,9891.18697000
3,561,0.535000,0.250000,107.32720193,0.00000000,134.02406290,265.27314750,0.00000000,0.00000000,94.69756566,107.32720193,101.68074366,1745.79450000,2553.37306800,9891.18696884
3,562,0.643000,0.206000,107.32720193,0.00000000,182.74543973,218.58507354,0.00000000,0.00000000,94.69756566,107.32720193,101.68074366,1745.79450000,2553.37306800,9891.18696884
3,563,0.703000,0.172000,107.32720193,0.00000000,209.81287130,182.50792548,0.00000000,0.00000000,94.69756566,107.32720193,101.68074366,1745.79450000,2553.37306800,9891.18696884
3,564,0.721000,0.157000,107.32720193,0.00000000,217.93310077,166.59153663,0.00000000,0.00000000,94.69756566,107.32720193,101.68074366,1745.79450000,2553.37306821,9891.18696768
3,565,0.718000,0.166000,107.32720193,0.00000000,216.57972919,176.14136994,0.00000000,0.00000000,94.69756566,107.32720193,101.68074366,1745.79450000,2553.37306800,9891.18697000
3,566,0.653000,0.201000,106.89294149,0.00000000,187.69093876,213.27961059,0.00000000,0.00000000,94.69756566,106.89294149,101.68074366,1745.79450000,2806.68657497,8455.98296337
3,567,0.542000,0.270000,107.32720193,0.00000000,137.18192992,286.49499930,0.00000000,0.00000000,94.69756566,107.32720193,101.68074366,1745.79450000,2806.68657476,9891.18697000
3,568,0.383000,0.371000,107.32720193,0.00000000,65.45323626,393.66535089,0.00000000,0.00000000,94.69756566,107.32720193,101.68074366,1745.79450000,2806.68657456,9891.18697000
3,569,0.185000,0.506000,83.45791401,23.86928792,0.00000000,513.04356263,0.00000000,0.00000000,94.69756566,107.32720193,101.68074366,1745.79450000,2806.68657435,9891.18697000
3,570,0.005000,0.646000,2.25561930,87.64112242,0.00000000,597.82469073,0.00000000,0.00000000,78.66539600,89.89674172,84.63531998,1492.48099468,2553.37306882,9891.18697000
3,571,0.000000,0.692000,0.00000000,107.32720193,0.00000000,626.94887036,0.00000000,0.00000000,94.69756566,107.32720193,101.68074366,1745.79450000,2553.37306862,9891.18697000
3,572,0.000000,0.682000,0.00000000,107.32720193,0.00000000,616.33794446,0.00000000,0.00000000,94.69756566,107.32720193,101.68074366,1745.79450000,2553.37306841,9891.18697000
3,573,0.000000,0.659000,0.00000000,107.32720193,0.00000000,591.93281489,0.00000000,0.00000000,94.69756566,107.32720193,101.68074366,1745.79450000,2553.37306821,9891.18697000
3,574,0.000000,0.615000,0.00000000,107.32720193,0.00000000,545.24474093,0.00000000,0.00000000,94.69756566,107.32720193,101.68074366,1745.79450000,2553.37306800,9891.18697000
3,575,0.000000,0.554000,0.00000000,107.32720195,0.00000000,480.51809291,0.00000000,0.00000000,94.69756569,107.32720195,101.68074369,1745.79450041,2553.37306821,9891.18697000
3,576,0.000000,0.490000,0.00000000,107.32720193,0.00000000,412.60816718,0.00000000,0.00000000,94.69756566,107.32720193,101.68074366,1745.79450000,2553.37306800,9891.18697000
3,577,0.000000,0.438000,0.00000000,107.32720193,0.00000000,357.43135250,0.00000000,0.00000000,94.69756566,107.32720193,101.68074366,1745.79450000,2553.37306800,9891.18696884
3,578,0.000000,0.362000,0.00000000,107.32720193,0.00000000,276.78831566,0.00000000,0.00000000,94.69756566,107.32720193,101.68074366,1745.79450000,2553.37306800,9891.18696884
3,579,0.000000,0.290000,0.00000000,106.72863180,0.00000000,200.98821930,0.00000000,0.00000000,94.69756566,106.72863180,101.68074366,1745.79450000,2902.53196784,7912.94957600
3,580,0.000000,0.230000,0.00000000,106.72863180,0.00000000,137.32266390,0.00000000,0.00000000,94.69756566,106.72863180,101.68074366,1745.79450000,3251.69086767,7912.94957600
3,581,0.000000,0.194000,0.00000000,107.32720193,0.00000000,98.52476054,0.00000000,0.00000000,94.69756566,107.32720193,101.68074366,1745.79450000,3251.69086747,9891.18697000
3,582,0.007000,0.169000,3.15786702,104.09305443,0.00000000,75.23159328,0.00000000,0.00000000,94.69756566,107.25092145,101.68074366,1745.79450000,3296.18691919,9639.08469279
3,583,0.141000,0.201000,58.26858481,0.00000000,5.33987938,213.27961059,0.00000000,0.00000000,49.73928100,58.26858481,53.75120360,1002.98064984,2553.37306882,9891.18697000
3,584,0.326000,0.195000,107.32720193,0.00000000,39.73917627,206.91305505,0.00000000,0.00000000,94.69756566,107.32720193,101.68074366,1745.79450000,2553.37306862,9891.18697000
3,585,0.529000,0.179000,107.32720193,0.00000000,131.31731974,189.93557361,0.00000000,0.00000000,94.69756566,107.32720193,101.68074366,1745.79450000,2553.37306841,9891.18697000
3,586,0.645000,0.179000,107.32720193,0.00000000,183.64768744,189.93557361,0.00000000,0.00000000,94.69756566,107.32720193,101.68074366,1745.79450000,2553.37306821,9891.18697000
3,587,0.696000,0.193000,107.32720193,0.00000000,206.65500428,204.79086987,0.00000000,0.00000000,94.69756566,107.32720193,101.68074366,1745.79450000,2553.37306800,9891.18697000
3,588,0.721000,0.220000,107.32720193,0.00000000,217.93310077,233.44036980,0.00000000,0.00000000,94.69756566,107.32720193,101.68074366,1745.79450000,2553.37306780,9891.18697000
3,589,0.702000,0.242000,107.32720193,0.00000000,209.36174744,256.78440678,0.00000000,0.00000000,94.69756566,107.32720193,101.68074366,1745.79450000,2553.37306759,9891.18697000
3,590,0.633000,0.278000,107.32720193,0.00000000,178.23420113,294.98374002,0.00000000,0.00000000,94.69756566,107.32720193,101.68074366,1745.79450000,2553.37306739,9891.18697000
3,591,0.501000,0.343000,107.32720193,0.00000000,118.68585168,363.95475837,0.00000000,0.00000000,94.69756566,107.32720193,101.68074366,1745.79450000,2553.37306718,9891.18697000
3,592,0.365000,0.431000,89.46248162,0.00000000,75.19772710,457.33090629,0.00000000,0.00000000,78.66539600,89.46248162,84.63532017,1492.48104146,2553.37306800,8455.98323306
3,593,0.166000,0.527000,0.00000000,107.32720192,74.88656068,451.86859301,0.00000000,0.00000000,94.69756566,107.32720192,101.68074366,1745.79450000,2553.37306841,9891.18696652
3,594,0.005000,0.623000,2.25561930,105.07158263,0.00000000,555.98910095,0.00000000,0.00000000,94.69756566,107.32720193,101.68074366,1745.79450000,2553.37306821,9891.18697000
3,595,0.000000,0.685000,0.00000000,107.32720193,0.00000000,619.52122223,0.00000000,0.00000000,94.69756566,107.32720193,101.68074366,1745.79450000,2553.37306800,9891.18697000
3,596,0.000000,0.698000,0.00000000,107.32720193,0.00000000,633.31542590,0.00000000,0.00000000,94.69756566,107.32720193,101.68074366,1745.79450000,2553.37306780,9891.18697000
3,597,0.000000,0.682000,0.00000000,107.32720192,0.00000000,616.33794446,0.00000000,0.00000000,94.69756566,107.32720192,101.68074366,1745.79450000,2553.37306841,9891.18696535
3,598,0.000000,0.652000,0.00000000,107.32720193,0.00000000,584.50516676,0.00000000,0.00000000,94.69756566,107.32720193,101.68074366,1745.79450000,2553.37306821,9891.18697000
3,599,0.000000,0.620000,0.00000000,107.32720193,0.00000000,550.55020388,0.00000000,0.00000000,94.69756566,107.32720193,101.68074366,1745.79450000,2553.37306800,9891.18697000
3,600,0.000000,0.580000,0.00000000,107.32720193,0.00000000,508.10650028,0.00000000,0.00000000,94.69756566,107.32720193,101.68074366,1745.79450000,2553.37306821,9891.18696768
3,601,0.000000,0.520000,0.00000000,107.32720193,0.00000000,444.44094488,0.00000000,0.00000000,94.69756566,107.32720193,101.68074366,1745.79450000,2553.37306800,9891.18697000
3,602,0.000000,0.461000,0.00000000,107.32720193,0.00000000,381.83648207,0.00000000,0.00000000,94.69756566,107.32720193,101.68074366,1745.79450000,2553.37306800,9891.18696884
3,603,0.000000,0.436000,0.00000000,107.32720194,0.00000000,355.30916730,0.00000000,0.00000000,94.69756567,107.32720194,101.68074367,1745.79450020,2553.37306800,9891.18697000
3,604,0.000000,0.425000,0.00000000,106.72863180,0.00000000,344.23571895,0.00000000,0.00000000,94.69756566,106.72863180,101.68074366,1745.79450000,2902.53196784,7912.94957600
3,605,0.000000,0.356000,0.00000000,107.32720193,0.00000000,270.42176012,0.00000000,0.00000000,94.69756566,107.32720193,101.68074366,1745.79450000,2902.53196763,9891.18697000
3,606,0.007000,0.288000,3.15786702,103.90892297,0.00000000,201.68574295,0.00000000,0.00000000,94.69756566,107.06678999,101.68074366,1745.79450000,3054.43588190,9030.54156225
3,607,0.166000,0.405000,0.00000000,73.54194353,74.88656068,356.20055542,0.00000000,0.00000000,63.67817400,73.54194353,68.65710075,1244.73168631,2553.37306800,9891.18697000
3,608,0.361000,0.467000,89.46248162,0.00000000,73.39323166,495.53023954,0.00000000,0.00000000,78.66539600,89.46248162,84.63532017,1492.48104146,2553.37306800,8455.98323771
3,609,0.529000,0.485000,107.32720193,0.00000000,131.31731974,514.62990616,0.00000000,0.00000000,94.69756566,107.32720193,101.68074366,1745.79450000,2553.37306780,9891.18697000
3,610,0.641000,0.414000,107.32720193,0.00000000,181.84319201,439.29233226,0.00000000,0.00000000,94.69756566,107.32720193,101.68074366,1745.79450000,2553.37306759,9891.18697000
3,611,0.711000,0.329000,107.32720193,0.00000000,213.42186217,349.09946211,0.00000000,0.00000000,94.69756566,107.32720193,101.68074366,1745.79450000,2553.37306739,9891.18697000
3,612,0.722000,0.298000,106.89294149,0.00000000,218.81848507,316.20559182,0.00000000,0.00000000,94.69756566,106.89294149,101.68074366,1745.79450000,2806.68657456,8455.98296221
3,613,0.693000,0.328000,107.32720193,0.00000000,205.30163270,348.03836952,0.00000000,0.00000000,94.69756566,107.32720193,101.68074366,1745.79450000,2806.68657435,9891.18697000
3,614,0.623000,0.412000,107.32720193,0.00000000,173.72296254,437.17014708,0.00000000,0.00000000,94.69756566,107.32720193,101.68074366,1745.79450000,2806.68657415,9891.18697000
3,615,0.518000,0.515000,107.32720193,0.00000000,126.35495729,546.46268386,0.00000000,0.00000000,94.69756566,107.32720193,101.68074366,1745.79450000,2806.68657394,9891.18697000
3,616,0.360000,0.620000,107.32720193,0.00000000,55.07738749,657.87740581,0.00000000,0.00000000,94.69756566,107.32720193,101.68074366,1745.79450000,2806.68657374,9891.18697000
3,617,0.160000,0.707000,0.00000000,89.89674172,72.17981752,660.29571942,0.00000000,0.00000000,78.66539600,89.89674172,84.63531998,1492.48099468,2553.37306821,9891.18697000
3,618,0.004000,0.768000,1.80449544,105.52270649,0.00000000,709.39640264,0.00000000,0.00000000,94.69756566,107.32720193,101.68074366,1745.79450000,2553.37306800,9891.18697000
3,619,0.000000,0.788000,0.00000000,107.32720198,0.00000000,728.81375895,0.00000000,0.00000000,94.69756571,107.32720198,101.68074371,1745.79450102,2553.37306882,9891.18697000
3,620,0.000000,0.781000,0.00000000,107.32720193,0.00000000,721.38611087,0.00000000,0.00000000,94.69756566,107.32720193,101.68074366,1745.79450000,2553.37306862,9891.18697000
3,621,0.000000,0.759000,0.00000000,107.32720193,0.00000000,698.04207389,0.00000000,0.00000000,94.69756566,107.32720193,101.68074366,1745.79450000,2553.37306841,9891.18697000
3,622,0.000000,0.730000,0.00000000,107.32720193,0.00000000,667.27038878,0.00000000,0.00000000,94.69756566,107.32720193,101.68074366,1745.79450000,2553.37306821,9891.18697000
3,623,0.000000,0.685000,0.00000000,107.32720193,0.00000000,619.52122223,0.00000000,0.00000000,94.69756566,107.32720193,101.68074366,1745.79450000,2553.37306800,9891.18697000
3,624,0.000000,0.618000,0.00000000,107.32720193,0.00000000,548.42801870,0.00000000,0.00000000,94.69756566,107.32720193,101.68074366,1745.79450000,2553.37306780,9891.18697000
3,625,0.000000,0.545000,0.00000000,107.32720192,0.00000000,470.96825963,0.00000000,0.00000000,94.69756566,107.32720192,101.68074366,1745.79450000,2553.37306903,9891.18696187
3,626,0.000000,0.482000,0.00000000,107.32720193,0.00000000,404.11942646,0.00000000,0.00000000,94.69756566,107.32720193,101.68074366,1745.79450000,2553.37306882,9891.18697000
3,627,0.000000,0.428000,0.00000000,107.32720193,0.00000000,346.82042660,0.00000000,0.00000000,94.69756566,107.32720193,101.68074366,1745.79450000,2553.37306862,9891.18697000
3,628,0.000000,0.367000,0.00000000,107.32720193,0.00000000,282.09377861,0.00000000,0.00000000,94.69756566,107.32720193,101.68074366,1745.79450000,2553.37306841,9891.18697000
3,629,0.000000,0.315000,0.00000000,107.32720193,0.00000000,226.91696393,0.00000000,0.00000000,94.69756566,107.32720193,101.68074366,1745.79450000,2553.37306821,9891.18697000
3,630,0.002000,0.294000,0.00000000,107.32720193,0.90224772,204.63401954,0.00000000,0.00000000,94.69756566,107.32720193,101.68074366,1745.79450000,2553.37306800,9891.18697000
3,631,0.106000,0.417000,47.81912911,59.50807283,0.00000000,382.96753720,0.00000000,0.00000000,94.69756567,107.32720194,101.68074367,1745.79450020,2553.37306800,9891.18697000
3,632,0.263000,0.469000,107.32720193,0.00000000,11.31837312,497.65242472,0.00000000,0.00000000,94.69756566,107.32720193,101.68074366,1745.79450000,2553.37306800,9891.18696884
3,633,0.399000,0.445000,107.32720193,0.00000000,72.67121801,472.18620255,0.00000000,0.00000000,94.69756566,107.32720193,101.68074366,1745.79450000,2553.37306780,9891.18697000
3,634,0.490000,0.394000,107.32720193,0.00000000,113.72348922,418.07048046,0.00000000,0.00000000,94.69756566,107.32720193,101.68074366,1745.79450000,2553.37306800,9891.18696768
3,635,0.527000,0.348000,107.32720193,0.00000000,130.41507203,369.26022132,0.00000000,0.00000000,94.69756566,107.32720193,101.68074366,1745.79450000,2553.37306800,9891.18696884
3,636,0.533000,0.332000,107.32720193,0.00000000,133.12181518,352.28273988,0.00000000,0.00000000,94.69756566,107.32720193,101.68074366,1745.79450000,2553.37306780,9891.18697000
3,637,0.511000,0.348000,107.32720193,0.00000000,123.19709027,369.26022132,0.00000000,0.00000000,94.69756566,107.32720193,101.68074366,1745.79450000,2553.37306800,9891.18696768
3,638,0.481000,0.389000,107.32720193,0.00000000,109.66337449,412.76501751,0.00000000,0.00000000,94.69756566,107.32720193,101.68074366,1745.79450000,2553.37306800,9891.18696884
3,639,0.414000,0.457000,107.32720194,0.00000000,79.43807589,484.91931364,0.00000000,0.00000000,94.69756567,107.32720194,101.68074367,1745.79450020,2553.37306800,9891.18697000
3,640,0.278000,0.561000,107.32720193,0.00000000,18.08523101,595.27294300,0.00000000,0.00000000,94.69756566,107.32720193,101.68074366,1745.79450000,2553.37306800,9891.18696884
3,641,0.137000,0.670000,61.80396825,45.52323318,0.00000000,665.40880213,0.00000000,0.00000000,94.69756566,107.32720193,101.68074366,1745.79450000,2553.37306800,9891.18696884
3,642,0.004000,0.743000,0.00000000,89.29817159,1.80449544,699.09362279,0.00000000,0.00000000,78.66539600,89.29817159,84.63531998,1492.48099468,2649.21846251,7912.94957600
3,643,0.000000,0.732000,0.00000000,107.00288045,0.00000000,669.71689544,0.00000000,0.00000000,94.69756566,107.00288045,101.68074366,1745.79450000,2838.40219272,8819.32447472
3,644,0.000000,0.727000,0.00000000,107.32720193,0.00000000,664.08711101,0.00000000,0.00000000,94.69756566,107.32720193,101.68074366,1745.79450000,2838.40219252,9891.18697000
3,645,0.000000,0.723000,0.00000000,107.32720193,0.00000000,659.84274065,0.00000000,0.00000000,94.69756566,107.32720193,101.68074366,1745.79450000,2838.40219231,9891.18697000
3,646,0.000000,0.720000,0.00000000,106.72863180,0.00000000,657.25803301,0.00000000,0.00000000,94.69756566,106.72863180,101.68074366,1745.79450000,3187.56109215,7912.94957600
3,647,0.000000,0.703000,0.00000000,106.72863180,0.00000000,639.21945898,0.00000000,0.00000000,94.69756566,106.72863180,101.68074366,1745.79450000,3536.71999199,7912.94957600
3,648,0.000000,0.652000,0.00000000,106.72863180,0.00000000,585.10373689,0.00000000,0.00000000,94.69756566,106.72863180,101.68074366,1745.79450000,3885.87889182,7912.94957600
3,649,0.000000,0.593000,0.00000000,106.72863180,0.00000000,522.49927408,0.00000000,0.00000000,94.69756566,106.72863180,101.68074366,1745.79450000,4235.03779166,7912.94957600
3,650,0.000000,0.525000,0.00000000,106.72863180,0.00000000,450.34497796,0.00000000,0.00000000,94.69756566,106.72863180,101.68074366,1745.79450000,4584.19669149,7912.94957600
3,651,0.000000,0.454000,0.00000000,106.72863180,0.00000000,375.00740406,0.00000000,0.00000000,94.69756566,106.72863180,101.68074366,1745.79450000,4933.35559133,7912.94957600
3,652,0.000000,0.408000,0.00000000,106.72863180,0.00000000,326.19714492,0.00000000,0.00000000,94.69756566,106.72863180,101.68074366,1745.79450000,5282.51449117,7912.94957600
3,653,0.000000,0.367000,0.00000000,106.72863180,0.00000000,282.69234873,0.00000000,0.00000000,94.69756566,106.72863180,101.68074366,1745.79450000,5631.67339100,7912.94957600
3,654,0.015000,0.308000,6.76685789,99.96177391,0.00000000,226.85474381,0.00000000,0.00000000,94.69756566,106.72863180,101.68074366,1745.79450000,5980.83229084,7912.94957600
3,655,0.209000,0.480000,94.28488663,12.44374517,0.00000000,496.88069804,0.00000000,0.00000000,94.69756566,106.72863180,101.68074366,1745.79450000,6329.99119067,7912.94957600
3,656,0.416000,0.536000,106.72863180,0.00000000,80.93889375,568.74562825,0.00000000,0.00000000,94.69756566,106.72863180,101.68074366,1745.79450000,6679.15009051,7912.94957600
3,657,0.576000,0.484000,106.72863180,0.00000000,153.11871127,513.56881357,0.00000000,0.00000000,94.69756566,106.72863180,101.68074366,1745.79450000,7028.30899035,7912.94957600
3,658,0.682000,0.426000,106.72863180,0.00000000,200.93784037,452.02544334,0.00000000,0.00000000,94.69756566,106.72863180,101.68074366,1745.79450000,7377.46789018,7912.94957600
3,659,0.741000,0.379000,106.72863180,0.00000000,227.55414808,402.15409161,0.00000000,0.00000000,94.69756566,106.72863180,101.68074366,1745.79450000,7726.62679002,7912.94957600
3,660,0.757000,0.359000,106.72863180,0.00000000,234.77212983,380.93223981,0.00000000,0.00000000,94.69756566,106.72863180,101.68074366,1745.79450000,8075.78568985,7912.94957600
3,661,0.732000,0.372000,106.72863180,0.00000000,223.49403335,394.72644348,0.00000000,0.00000000,94.69756566,106.72863180,101.68074366,1745.79450000,8424.94458969,7912.94957600
3,662,0.664000,0.422000,106.72863180,0.00000000,192.81761090,447.78107298,0.00000000,0.00000000,94.69756566,106.72863180,101.68074366,1745.79450000,8774.10348953,7912.94957600
3,663,0.552000,0.501000,106.72863180,0.00000000,142.29173864,531.60738760,0.00000000,0.00000000,94.69756566,106.72863180,101.68074366,1745.79450000,9123.26238936,7912.94957600
3,664,0.392000,0.588000,106.72863180,0.00000000,70.11192112,623.92244293,0.00000000,0.00000000,94.69756566,106.72863180,101.68074366,1745.79450000,9472.42128920,7912.94957600
3,665,0.191000,0.685000,0.00000000,106.72863180,86.16465716,620.11979236,0.00000000,0.00000000,94.69756566,106.72863180,101.68074366,1745.79450000,9821.58018903,7912.94957600
3,666,0.005000,0.782000,2.25561930,104.47301250,0.00000000,725.30139289,0.00000000,0.00000000,94.69756566,106.72863180,101.68074366,1745.79450000,10170.73908887,7912.94957600
3,667,0.000000,0.827000,0.00000000,106.72863180,0.00000000,770.79494014,0.00000000,0.00000000,94.69756566,106.72863180,101.68074366,1745.79450000,10519.89798871,7912.94957600
3,668,0.000000,0.859000,0.00000000,106.72863180,0.00000000,804.74990302,0.00000000,0.00000000,94.69756566,106.72863180,101.68074366,1745.79450000,10869.05688854,7912.94957600
3,669,0.000000,0.873000,0.00000000,106.72863180,0.00000000,819.60519928,0.00000000,0.00000000,94.69756566,106.72863180,101.68074366,1745.79450000,11218.21578838,7912.94957600
3,670,0.000000,0.857000,0.00000000,106.72863180,0.00000000,802.62771784,0.00000000,0.00000000,94.69756566,106.72863180,101.68074366,1745.79450000,11567.37468821,7912.94957600
3,671,0.000000,0.795000,0.00000000,106.72863180,0.00000000,736.83997726,0.00000000,0.00000000,94.69756566,106.72863180,101.68074366,1745.79450000,11916.53358805,7912.94957600
3,672,0.000000,0.685000,0.00000000,106.72863180,0.00000000,620.11979236,0.00000000,0.00000000,94.69756566,106.72863180,101.68074366,1745.79450000,12265.69248789,7912.94957600
3,673,0.000000,0.544000,0.00000000,106.72863180,0.00000000,470.50573717,0.00000000,0.00000000,94.69756566,106.72863180,101.68074366,1745.79450000,12614.85138772,7912.94957600
3,674,0.000000,0.412000,0.00000000,106.72863180,0.00000000,330.44151528,0.00000000,0.00000000,94.69756566,106.72863180,101.68074366,1745.79450000,12964.01028756,7912.94957600
3,675,0.000000,0.337000,0.00000000,106.72863180,0.00000000,250.85957103,0.00000000,0.00000000,94.69756566,106.72863180,101.68074366,1745.79450000,13313.16918739,7912.94957600
3,676,0.000000,0.265000,0.00000000,106.72863180,0.00000000,174.46090455,0.00000000,0.00000000,94.69756566,106.72863180,101.68074366,1745.79450000,13662.32808723,7912.94957600
3,677,0.000000,0.250000,0.00000000,106.72863180,0.00000000,158.54451570,0.00000000,0.00000000,94.69756566,106.72863180,101.68074366,1745.79450000,14011.48698707,7912.94957600
3,678,0.012000,0.235000,5.41348631,101.31514549,0.00000000,148.04161317,0.00000000,0.00000000,94.69756566,106.72863180,101.68074366,1745.79450000,14360.64588690,7912.94957600
3,679,0.189000,0.386000,85.26240944,21.46622236,0.00000000,388.11551739,0.00000000,0.00000000,94.69756566,106.72863180,101.68074366,1745.79450000,14709.80478674,7912.94957600
3,680,0.403000,0.432000,106.72863180,0.00000000,75.07428357,458.39199888,0.00000000,0.00000000,94.69756566,106.72863180,101.68074366,1745.79450000,15058.96368657,7912.94957600
3,681,0.563000,0.398000,106.72863180,0.00000000,147.25410109,422.31485082,0.00000000,0.00000000,94.69756566,106.72863180,101.68074366,1745.79450000,15408.12258641,7912.94957600
3,682,0.675000,0.365000,2.39428050,0.00000000,302.11432466,387.29879535,0.00000000,0.00000000,0.00000000,2.39428050,0.00000000,0.00000000,14011.48698625,7912.94957600
3,683,0.735000,0.347000,106.72863180,0.00000000,224.84740492,368.19912873,0.00000000,0.00000000,94.69756566,106.72863180,101.68074366,1745.79450000,14360.64588608,7912.94957600
3,684,0.753000,0.352000,106.72863180,0.00000000,232.96763439,373.50459168,0.00000000,0.00000000,94.69756566,106.72863180,101.68074366,1745.79450000,14709.80478592,7912.94957600
3,685,0.729000,0.380000,106.72863180,0.00000000,222.14066177,403.21518420,0.00000000,0.00000000,94.69756566,106.72863180,101.68074366,1745.79450000,15058.96368575,7912.94957600
3,686,0.661000,0.434000,106.72863180,0.00000000,191.46423932,460.51418406,0.00000000,0.00000000,94.69756566,106.72863180,101.68074366,1745.79450000,15408.12258559,7912.94957600
3,687,0.545000,0.509000,106.72863180,0.00000000,139.13387162,540.09612832,0.00000000,0.00000000,94.69756566,106.72863180,101.68074366,1745.79450000,15757.28148543,7912.94957600
3,688,0.376000,0.594000,106.72863180,0.00000000,62.89393937,630.28899847,0.00000000,0.00000000,94.69756566,106.72863180,101.68074366,1745.79450000,16106.44038526,7912.94957600
3,689,0.155000,0.687000,69.92419822,36.80443358,0.00000000,692.16617576,0.00000000,0.00000000,94.69756566,106.72863180,101.68074366,1745.79450000,16455.59928510,7912.94957600
3,690,0.003000,0.765000,1.35337158,105.37526022,0.00000000,706.36057114,0.00000000,0.00000000,94.69756566,106.72863180,101.68074366,1745.79450000,16804.75818493,7912.94957600
3,691,0.000000,0.803000,0.00000000,106.72863180,0.00000000,745.32871798,0.00000000,0.00000000,94.69756566,106.72863180,101.68074366,1745.79450000,17153.91708477,7912.94957600
3,692,0.000000,0.804000,0.00000000,106.72863180,0.00000000,746.38981057,0.00000000,0.00000000,94.69756566,106.72863180,101.68074366,1745.79450000,17503.07598461,7912.94957600
3,693,0.000000,0.783000,0.00000000,106.72863180,0.00000000,724.10686618,0.00000000,0.00000000,94.69756566,106.72863180,101.68074366,1745.79450000,17852.23488444,7912.94957600
3,694,0.000000,0.762000,0.00000000,106.72863180,0.00000000,701.82392179,0.00000000,0.00000000,94.69756566,106.72863180,101.68074366,1745.79450000,18201.39378428,7912.94957600
3,695,0.000000,0.724000,0.00000000,106.72863180,0.00000000,661.50240337,0.00000000,0.00000000,94.69756566,106.72863180,101.68074366,1745.79450000,18550.55268411,7912.94957600
3,696,0.000000,0.639000,0.00000000,106.72863180,0.00000000,571.30953322,0.00000000,0.00000000,94.69756566,106.72863180,101.68074366,1745.79450000,18899.71158395,7912.94957600
3,697,0.000000,0.552000,0.00000000,106.72863180,0.00000000,478.99447789,0.00000000,0.00000000,94.69756566,106.72863180,101.68074366,1745.79450000,19248.87048379,7912.94957600
3,698,0.000000,0.469000,0.00000000,106.72863180,0.00000000,390.92379291,0.00000000,0.00000000,94.69756566,106.72863180,101.68074366,1745.79450000,19598.02938362,7912.94957600
3,699,0.000000,0.398000,0.00000000,106.72863180,0.00000000,315.58621902,0.00000000,0.00000000,94.69756566,106.72863180,101.68074366,1745.79450000,19947.18828346,7912.94957600
3,700,0.000000,0.376000,0.00000000,106.72863180,0.00000000,292.24218204,0.00000000,0.00000000,94.69756566,106.72863180,101.68074366,1745.79450000,20296.34718329,7912.94957600
3,701,0.000000,0.367000,0.00000000,106.72863180,0.00000000,282.69234873,0.00000000,0.00000000,94.69756566,106.72863180,101.68074366,1745.79450000,20645.50608313,7912.94957600
3,702,0.015000,0.330000,6.76685789,99.96177391,0.00000000,250.19878080,0.00000000,0.00000000,94.69756566,106.72863180,101.68074366,1745.79450000,20994.66498297,7912.94957600
3,703,0.210000,0.550000,94.73601049,11.99262131,0.00000000,571.60830320,0.00000000,0.00000000,94.69756566,106.72863180,101.68074366,1745.79450000,21343.82388280,7912.94957600
3,704,0.418000,0.587000,106.72863180,0.00000000,81.84114147,622.86135034,0.00000000,0.00000000,94.69756566,106.72863180,101.68074366,1745.79450000,21692.98278264,7912.94957600
3,705,0.577000,0.505000,106.72863180,0.00000000,153.56983512,535.85175796,0.00000000,0.00000000,94.69756566,106.72863180,101.68074366,1745.79450000,22042.14168247,7912.94957600
3,706,0.684000,0.432000,106.72863180,0.00000000,201.84008809,458.39199888,0.00000000,0.00000000,94.69756566,106.72863180,101.68074366,1745.79450000,22391.30058231,7912.94957600
3,707,0.743000,0.386000,106.72863180,0.00000000,228.45639580,409.58173974,0.00000000,0.00000000,94.69756566,106.72863180,101.68074366,1745.79450000,22740.45948215,7912.94957600
3,708,0.759000,0.377000,106.72863180,0.00000000,235.67437755,400.03190643,0.00000000,0.00000000,94.69756566,106.72863180,101.68074366,1745.79450000,23089.61838198,7912.94957600
3,709,0.734000,0.404000,106.72863180,0.00000000,224.39628106,428.68140636,0.00000000,0.00000000,94.69756566,106.72863180,101.68074366,1745.79450000,23438.77728182,7912.94957600
3,710,0.666000,0.464000,106.72863180,0.00000000,193.71985862,492.34696177,0.00000000,0.00000000,94.69756566,106.72863180,101.68074366,1745.79450000,23787.93618165,7912.94957600
3,711,0.553000,0.541000,106.72863180,0.00000000,142.74286250,574.05109120,0.00000000,0.00000000,94.69756566,106.72863180,101.68074366,1745.79450000,24137.09508149,7912.94957600
3,712,0.392000,0.628000,106.72863180,0.00000000,70.11192112,666.36614653,0.00000000,0.00000000,94.69756566,106.72863180,101.68074366,1745.79450000,24486.25398133,7912.94957600
3,713,0.193000,0.715000,2.39428050,0.00000000,84.67262438,758.68120186,0.00000000,0.00000000,0.00000000,2.39428050,0.00000000,0.00000000,23089.61838116,7912.94957600
3,714,0.006000,0.770000,2.70674316,104.02188864,0.00000000,713.01940566,0.00000000,0.00000000,94.69756566,106.72863180,101.68074366,1745.79450000,23438.77728100,7912.94957600
3,715,0.000000,0.761000,0.00000000,106.72863180,0.00000000,700.76282920,0.00000000,0.00000000,94.69756566,106.72863180,101.68074366,1745.79450000,23787.93618083,7912.94957600
3,716,0.000000,0.757000,0.00000000,106.72863180,0.00000000,696.51845884,0.00000000,0.00000000,94.69756566,106.72863180,101.68074366,1745.79450000,24137.09508067,7912.94957600
3,717,0.000000,0.778000,0.00000000,106.72863180,0.00000000,718.80140323,0.00000000,0.00000000,94.69756566,106.72863180,101.68074366,1745.79450000,24486.25398051,7912.94957600
3,718,0.000000,0.772000,0.00000000,106.72863180,0.00000000,712.43484769,0.00000000,0.00000000,94.69756566,106.72863180,101.68074366,1745.79450000,24835.41288034,7912.94957600
3,719,0.000000,0.708000,0.00000000,106.72863180,0.00000000,644.52492193,0.00000000,0.00000000,94.69756566,106.72863180,101.68074366,1745.79450000,25184.57178018,7912.94957600
3,720,0.000000,0.613000,0.00000000,106.72863180,0.00000000,543.72112588,0.00000000,0.00000000,94.69756566,106.72863180,101.68074366,1745.79450000,25533.73068001,7912.94957600
4,1,0.000000,0.279000,0.00000000,30.97213435,0.00000000,265.07269826,0.00000000,0.00000000,25.00174700,30.97213435,27.15938231,539.40882693,24327.34500674,9891.18697000
4,2,0.000000,0.280000,0.00000000,73.54194353,0.00000000,223.56398167,0.00000000,0.00000000,63.67817400,73.54194353,68.65710075,1244.73168631,23826.28219284,9891.18697000
4,3,0.000000,0.278000,0.00000000,2.99285063,0.00000000,291.99088940,0.00000000,0.00000000,0.00000000,2.99285063,0.00000000,0.00000000,22080.48769264,9891.18697000
4,4,0.000000,0.286000,0.00000000,89.89674172,0.00000000,213.57573903,0.00000000,0.00000000,78.66539600,89.89674172,84.63531998,1492.48099468,21827.17418711,9891.18697000
4,5,0.000000,0.292000,0.00000000,44.07720969,0.00000000,265.76182660,0.00000000,0.00000000,36.84682300,44.07720969,39.91750131,767.66957627,20849.04926317,9891.18697000
4,6,0.000000,0.284000,0.00000000,30.97213435,0.00000000,270.37816121,0.00000000,0.00000000,25.00174700,30.97213435,27.15938231,539.40882693,19642.66358989,9891.18697000
4,7,0.076000,0.236000,0.00000000,44.07720969,34.28541332,206.34064156,0.00000000,0.00000000,36.84682300,44.07720969,39.91750131,767.66957627,18664.53866596,9891.18697000
4,8,0.215000,0.199000,96.99162979,10.33557214,0.00000000,200.82185328,0.00000000,0.00000000,94.69756566,107.32720193,101.68074366,1745.79450000,18664.53866575,9891.18697000
4,9,0.360000,0.251000,73.54194353,0.00000000,88.86264588,266.33424009,0.00000000,0.00000000,63.67817400,73.54194353,68.65710075,1244.73168631,18163.47585186,9891.18697000
4,10,0.469000,0.292000,2.99285063,0.00000000,208.58423948,309.83903628,0.00000000,0.00000000,0.00000000,2.99285063,0.00000000,0.00000000,16417.68135165,9891.18697000
4,11,0.523000,0.282000,2.99285063,0.00000000,232.94492789,299.22811038,0.00000000,0.00000000,0.00000000,2.99285063,0.00000000,0.00000000,14671.88685145,9891.18697000
4,12,0.546000,0.251000,2.99285063,0.00000000,243.32077666,266.33424009,0.00000000,0.00000000,0.00000000,2.99285063,0.00000000,0.00000000,12926.09235124,9891.18697000
4,13,0.548000,0.233000,107.32720193,0.00000000,139.88867307,247.23457347,0.00000000,0.00000000,94.69756566,107.32720193,101.68074366,1745.79450000,12926.09235104,9891.18697000
4,14,0.510000,0.227000,107.32720193,0.00000000,122.74596641,240.86801793,0.00000000,0.00000000,94.69756566,107.32720193,101.68074366,1745.79450000,12926.09235083,9891.18697000
4,15,0.425000,0.236000,107.32720193,0.00000000,84.40043836,250.41785124,0.00000000,0.00000000,94.69756566,107.32720193,101.68074366,1745.79450000,12926.09235063,9891.18697000
4,16,0.268000,0.251000,107.32720193,0.00000000,13.57399242,266.33424009,0.00000000,0.00000000,94.69756566,107.32720193,101.68074366,1745.79450000,12926.09235042,9891.18697000
4,17,0.092000,0.270000,41.50339507,65.82380685,0.00000000,220.67119245,0.00000000,0.00000000,94.69756566,107.32720193,101.68074366,1745.79450000,12926.09235022,9891.18697000
4,18,0.000000,0.360000,0.00000000,107.32720193,0.00000000,274.66613048,0.00000000,0.00000000,94.69756566,107.32720193,101.68074366,1745.79450000,12926.09235001,9891.18697000
4,19,0.000000,0.453000,0.00000000,107.32720193,0.00000000,373.34774135,0.00000000,0.00000000,94.69756566,107.32720193,101.68074366,1745.79450000,12926.09234981,9891.18697000
4,20,0.000000,0.510000,0.00000000,107.32720193,0.00000000,433.83001898,0.00000000,0.00000000,94.69756566,107.32720193,101.68074366,1745.79450000,12926.09234960,9891.18697000
4,21,0.000000,0.508000,0.00000000,107.32720193,0.00000000,431.70783380,0.00000000,0.00000000,94.69756566,107.32720193,101.68074366,1745.79450000,12926.09234940,9891.18697000
4,22,0.000000,0.457000,0.00000000,107.32720193,0.00000000,377.59211171,0.00000000,0.00000000,94.69756566,107.32720193,101.68074366,1745.79450000,12926.09234919,9891.18697000
4,23,0.000000,0.410000,0.00000000,107.32720193,0.00000000,327.72075998,0.00000000,0.00000000,94.69756566,107.32720193,101.68074366,1745.79450000,12926.09234899,9891.18697000
4,24,0.000000,0.384000,0.00000000,107.32720193,0.00000000,300.13235264,0.00000000,0.00000000,94.69756566,107.32720193,101.68074366,1745.79450000,12926.09234878,9891.18697000
4,25,0.000000,0.379000,0.00000000,107.32720193,0.00000000,294.82688969,0.00000000,0.00000000,94.69756566,107.32720193,101.68074366,1745.79450000,12926.09234858,9891.18697000
4,26,0.000000,0.374000,0.00000000,107.32720193,0.00000000,289.52142674,0.00000000,0.00000000,94.69756566,107.32720193,101.68074366,1745.79450000,12926.09234837,9891.18697000
4,27,0.000000,0.354000,0.00000000,107.32720193,0.00000000,268.29957494,0.00000000,0.00000000,94.69756566,107.32720193,101.68074366,1745.79450000,12926.09234817,9891.18697000
4,28,0.000000,0.332000,0.00000000,107.32720193,0.00000000,244.95553796,0.00000000,0.00000000,94.69756566,107.32720193,101.68074366,1745.79450000,12926.09234796,9891.18697000
4,29,0.000000,0.316000,0.00000000,107.32720193,0.00000000,227.97805652,0.00000000,0.00000000,94.69756566,107.32720193,101.68074366,1745.79450000,12926.09234776,9891.18697000
4,30,0.000000,0.305000,0.00000000,107.32720193,0.00000000,216.30603803,0.00000000,0.00000000,94.69756566,107.32720193,101.68074366,1745.79450000,12926.09234755,9891.18697000
4,31,0.122000,0.224000,0.00000000,73.54194353,55.03711086,164.14279663,0.00000000,0.00000000,63.67817400,73.54194353,68.65710075,1244.73168631,12425.02953366,9891.18697000
4,32,0.317000,0.379000,107.32720193,0.00000000,35.67906153,402.15409161,0.00000000,0.00000000,94.69756566,107.32720193,101.68074366,1745.79450000,12425.02953345,9891.18697000
4,33,0.481000,0.447000,107.32720193,0.00000000,109.66337449,474.30838773,0.00000000,0.00000000,94.69756566,107.32720193,101.68074366,1745.79450000,12425.02953325,9891.18697000
4,34,0.595000,0.401000,107.32720193,0.00000000,161.09149447,425.49812859,0.00000000,0.00000000,94.69756566,107.32720193,101.68074366,1745.79450000,12425.02953304,9891.18697000
4,35,0.658000,0.338000,107.32720193,0.00000000,189.51229762,358.64929542,0.00000000,0.00000000,94.69756566,107.32720193,101.68074366,1745.79450000,12425.02953284,9891.18697000
4,36,0.668000,0.280000,107.32720193,0.00000000,194.02353621,297.10592520,0.00000000,0.00000000,94.69756566,107.32720193,101.68074366,1745.79450000,12425.02953263,9891.18697000
4,37,0.640000,0.235000,107.32720193,0.00000000,181.39206815,249.35675865,0.00000000,0.00000000,94.69756566,107.32720193,101.68074366,1745.79450000,12425.02953243,9891.18697000
4,38,0.568000,0.209000,107.32720193,0.00000000,148.91115026,221.76835131,0.00000000,0.00000000,94.69756566,107.32720193,101.68074366,1745.79450000,12425.02953222,9891.18697000
4,39,0.450000,0.209000,107.32720193,0.00000000,95.67853484,221.76835131,0.00000000,0.00000000,94.69756566,107.32720193,101.68074366,1745.79450000,12425.02953202,9891.18697000
4,40,0.274000,0.215000,107.32720193,0.00000000,16.28073557,228.13490685,0.00000000,0.00000000,94.69756566,107.32720193,101.68074366,1745.79450000,12425.02953181,9891.18697000
4,41,0.102000,0.238000,46.01463367,61.31256826,0.00000000,191.22746816,0.00000000,0.00000000,94.69756566,107.32720193,101.68074366,1745.79450000,12425.02953161,9891.18697000
4,42,0.000000,0.305000,0.00000000,107.32720193,0.00000000,216.30603803,0.00000000,0.00000000,94.69756566,107.32720193,101.68074366,1745.79450000,12425.02953140,9891.18697000
4,43,0.000000,0.396000,0.00000000,107.32720193,0.00000000,312.86546372,0.00000000,0.00000000,94.69756566,107.32720193,101.68074366,1745.79450000,12425.02953120,9891.18697000
4,44,0.000000,0.459000,0.00000000,107.32720193,0.00000000,379.71429689,0.00000000,0.00000000,94.69756566,107.32720193,101.68074366,1745.79450000,12425.02953099,9891.18697000
4,45,0.000000,0.485000,0.00000000,107.32720193,0.00000000,407.30270423,0.00000000,0.00000000,94.69756566,107.32720193,101.68074366,1745.79450000,12425.02953079,9891.18697000
4,46,0.000000,0.484000,0.00000000,107.32720193,0.00000000,406.24161164,0.00000000,0.00000000,94.69756566,107.32720193,101.68074366,1745.79450000,12425.02953058,9891.18697000
4,47,0.000000,0.460000,0.00000000,107.32720193,0.00000000,380.77538948,0.00000000,0.00000000,94.69756566,107.32720193,101.68074366,1745.79450000,12425.02953038,9891.18697000
4,48,0.000000,0.433000,0.00000000,107.32720193,0.00000000,352.12588955,0.00000000,0.00000000,94.69756566,107.32720193,101.68074366,1745.79450000,12425.02953017,9891.18697000
4,49,0.000000,0.410000,0.00000000,107.32720193,0.00000000,327.72075998,0.00000000,0.00000000,94.69756566,107.32720193,101.68074366,1745.79450000,12425.02952997,9891.18697000
4,50,0.000000,0.388000,0.00000000,107.32720193,0.00000000,304.37672300,0.00000000,0.00000000,94.69756566,107.32720193,101.68074366,1745.79450000,12425.02952976,9891.18697000
4,51,0.000000,0.377000,0.00000000,107.32720193,0.00000000,292.70470451,0.00000000,0.00000000,94.69756566,107.32720193,101.68074366,1745.79450000,12425.02952956,9891.18697000
4,52,0.000000,0.368000,0.00000000,107.32720193,0.00000000,283.15487120,0.00000000,0.00000000,94.69756566,107.32720193,101.68074366,1745.79450000,12425.02952935,9891.18697000
4,53,0.000000,0.358000,0.00000000,107.32720193,0.00000000,272.54394530,0.00000000,0.00000000,94.69756566,107.32720193,101.68074366,1745.79450000,12425.02952915,9891.18697000
4,54,0.000000,0.355000,0.00000000,107.32720193,0.00000000,269.36066753,0.00000000,0.00000000,94.69756566,107.32720193,101.68074366,1745.79450000,12425.02952894,9891.18697000
4,55,0.127000,0.294000,57.29273016,0.97585466,0.00000000,310.98536681,0.00000000,0.00000000,49.73928100,58.26858481,53.75120360,1002.98064984,11682.21567857,9891.18697000
4,56,0.323000,0.386000,107.32720193,0.00000000,38.38580469,409.58173974,0.00000000,0.00000000,94.69756566,107.32720193,101.68074366,1745.79450000,11682.21567837,9891.18697000
4,57,0.484000,0.482000,107.32720193,0.00000000,111.01674607,511.44662839,0.00000000,0.00000000,94.69756566,107.32720193,101.68074366,1745.79450000,11682.21567816,9891.18697000
4,58,0.597000,0.460000,107.32720193,0.00000000,161.99374219,488.10259141,0.00000000,0.00000000,94.69756566,107.32720193,101.68074366,1745.79450000,11682.21567796,9891.18697000
4,59,0.666000,0.386000,107.32720193,0.00000000,193.12128849,409.58173974,0.00000000,0.00000000,94.69756566,107.32720193,101.68074366,1745.79450000,11682.21567775,9891.18697000
4,60,0.683000,0.312000,107.32720193,0.00000000,200.79039411,331.06088808,0.00000000,0.00000000,94.69756566,107.32720193,101.68074366,1745.79450000,11682.21567755,9891.18697000
4,61,0.657000,0.270000,107.32720193,0.00000000,189.06117376,286.49499930,0.00000000,0.00000000,94.69756566,107.32720193,101.68074366,1745.79450000,11682.21567734,9891.18697000
4,62,0.574000,0.254000,107.32720193,0.00000000,151.61789342,269.51751786,0.00000000,0.00000000,94.69756566,107.32720193,101.68074366,1745.79450000,11682.21567714,9891.18697000
4,63,0.459000,0.243000,107.32720193,0.00000000,99.73864958,257.84549937,0.00000000,0.00000000,94.69756566,107.32720193,101.68074366,1745.79450000,11682.21567693,9891.18697000
4,64,0.263000,0.217000,107.32720193,0.00000000,11.31837312,230.25709203,0.00000000,0.00000000,94.69756566,107.32720193,101.68074366,1745.79450000,11682.21567673,9891.18697000
4,65,0.095000,0.188000,42.85676665,64.47043527,0.00000000,135.01497165,0.00000000,0.00000000,94.69756566,107.32720193,101.68074366,1745.79450000,11682.21567652,9891.18697000
4,66,0.000000,0.233000,0.00000000,107.32720193,0.00000000,139.90737155,0.00000000,0.00000000,94.69756566,107.32720193,101.68074366,1745.79450000,11682.21567632,9891.18697000
4,67,0.000000,0.385000,0.00000000,107.32720193,0.00000000,301.19344523,0.00000000,0.00000000,94.69756566,107.32720193,101.68074366,1745.79450000,11682.21567611,9891.18697000
4,68,0.000000,0.497000,0.00000000,107.32720193,0.00000000,420.03581531,0.00000000,0.00000000,94.69756566,107.32720193,101.68074366,1745.79450000,11682.21567591,9891.18697000
4,69,0.000000,0.535000,0.00000000,107.32720193,0.00000000,460.35733373,0.00000000,0.00000000,94.69756566,107.32720193,101.68074366,1745.79450000,11682.21567570,9891.18697000
4,70,0.000000,0.494000,0.00000000,107.32720193,0.00000000,416.85253754,0.00000000,0.00000000,94.69756566,107.32720193,101.68074366,1745.79450000,11682.21567550,9891.18697000
4,71,0.000000,0.447000,0.00000000,107.32720193,0.00000000,366.98118581,0.00000000,0.00000000,94.69756566,107.32720193,101.68074366,1745.79450000,11682.21567529,9891.18697000
4,72,0.000000,0.425000,0.00000000,107.32720193,0.00000000,343.63714883,0.00000000,0.00000000,94.69756566,107.32720193,101.68074366,1745.79450000,11682.21567509,9891.18697000
4,73,0.000000,0.416000,0.00000000,107.32720193,0.00000000,334.08731552,0.00000000,0.00000000,94.69756566,107.32720193,101.68074366,1745.79450000,11682.21567488,9891.18697000
4,74,0.000000,0.414000,0.00000000,107.32720193,0.00000000,331.96513034,0.00000000,0.00000000,94.69756566,107.32720193,101.68074366,1745.79450000,11682.21567468,9891.18697000
4,75,0.000000,0.417000,0.00000000,107.32720193,0.00000000,335.14840811,0.00000000,0.00000000,94.69756566,107.32720193,101.68074366,1745.79450000,11682.21567447,9891.18697000
4,76,0.000000,0.431000,0.00000000,107.32720193,0.00000000,350.00370437,0.00000000,0.00000000,94.69756566,107.32720193,101.68074366,1745.79450000,11682.21567427,9891.18697000
4,77,0.000000,0.440000,0.00000000,107.32720193,0.00000000,359.55353768,0.00000000,0.00000000,94.69756566,107.32720193,101.68074366,1745.79450000,11682.21567406,9891.18697000
4,78,0.000000,0.440000,0.00000000,2.99285063,0.00000000,463.88788898,0.00000000,0.00000000,0.00000000,2.99285063,0.00000000,0.00000000,9936.42117386,9891.18697000
4,79,0.109000,0.376000,0.00000000,73.54194456,49.17250068,325.42886928,0.00000000,0.00000000,63.67817400,73.54194456,68.65710149,1244.73187308,9435.35854674,9891.18697000
4,80,0.270000,0.599000,2.99285063,0.00000000,118.81059144,635.59446142,0.00000000,0.00000000,0.00000000,2.99285063,0.00000000,0.00000000,7689.56404653,9891.18697000
4,81,0.400000,0.684000,107.32720193,0.00000000,73.12234187,725.78733157,0.00000000,0.00000000,94.69756566,107.32720193,101.68074366,1745.79450000,7689.56404633,9891.18697000
4,82,0.497000,0.686000,107.32720193,0.00000000,116.88135624,727.90951675,0.00000000,0.00000000,94.69756566,107.32720193,101.68074366,1745.79450000,7689.56404612,9891.18697000
4,83,0.554000,0.663000,106.72863180,0.00000000,143.19398636,703.50438718,0.00000000,0.00000000,94.69756566,106.72863180,101.68074366,1745.79450000,8038.72294596,7912.94957600
4,84,0.578000,0.619000,107.32720193,0.00000000,153.42238886,656.81631322,0.00000000,0.00000000,94.69756566,107.32720193,101.68074366,1745.79450000,8038.72294575,9891.18697000
4,85,0.550000,0.569000,107.32720193,0.00000000,140.79092079,603.76168372,0.00000000,0.00000000,94.69756566,107.32720193,101.68074366,1745.79450000,8038.72294555,9891.18697000
4,86,0.479000,0.529000,107.32720193,0.00000000,108.76112677,561.31798012,0.00000000,0.00000000,94.69756566,107.32720193,101.68074366,1745.79450000,8038.72294534,9891.18697000
4,87,0.369000,0.498000,107.32720193,0.00000000,59.13750223,528.42410983,0.00000000,0.00000000,94.69756566,107.32720193,101.68074366,1745.79450000,8038.72294514,9891.18697000
4,88,0.207000,0.451000,0.00000000,107.32720193,93.38263891,371.22555617,0.00000000,0.00000000,94.69756566,107.32720193,101.68074366,1745.79450000,8038.72294493,9891.18697000
4,89,0.069000,0.379000,31.12754630,76.19965562,0.00000000,325.95443599,0.00000000,0.00000000,94.69756566,107.32720193,101.68074366,1745.79450000,8038.72294473,9891.18697000
4,90,0.000000,0.415000,0.00000000,89.89674197,0.00000000,350.45668288,0.00000000,0.00000000,78.66539600,89.89674197,84.63532017,1492.48104146,7785.40948598,9891.18697000
4,91,0.000000,0.465000,0.00000000,89.89674197,0.00000000,403.51131238,0.00000000,0.00000000,78.66539600,89.89674197,84.63532017,1492.48104146,7532.09602723,9891.18697000
4,92,0.000000,0.476000,0.00000000,105.29183975,0.00000000,399.78823310,0.00000000,0.00000000,92.82548243,105.29183975,99.69034235,1716.21498034,7502.51650736,9891.18697000
4,93,0.000000,0.472000,0.00000000,107.32720193,0.00000000,393.50850056,0.00000000,0.00000000,94.69756566,107.32720193,101.68074366,1745.79450000,7502.51650716,9891.18697000
4,94,0.000000,0.466000,0.00000000,107.32720193,0.00000000,387.14194502,0.00000000,0.00000000,94.69756566,107.32720193,101.68074366,1745.79450000,7502.51650695,9891.18697000
4,95,0.000000,0.457000,0.00000000,107.32720193,0.00000000,377.59211171,0.00000000,0.00000000,94.69756566,107.32720193,101.68074366,1745.79450000,7502.51650675,9891.18697000
4,96,0.000000,0.442000,0.00000000,107.32720193,0.00000000,361.67572286,0.00000000,0.00000000,94.69756566,107.32720193,101.68074366,1745.79450000,7502.51650654,9891.18697000
4,97,0.000000,0.428000,0.00000000,107.32720193,0.00000000,346.82042660,0.00000000,0.00000000,94.69756566,107.32720193,101.68074366,1745.79450000,7502.51650634,9891.18697000
4,98,0.000000,0.413000,0.00000000,107.32720193,0.00000000,330.90403775,0.00000000,0.00000000,94.69756566,107.32720193,101.68074366,1745.79450000,7502.51650613,9891.18697000
4,99,0.000000,0.409000,0.00000000,89.89674197,0.00000000,344.09012734,0.00000000,0.00000000,78.66539600,89.89674197,84.63532017,1492.48104146,7249.20304738,9891.18697000
4,100,0.000000,0.398000,0.00000000,107.32720193,0.00000000,314.98764890,0.00000000,0.00000000,94.69756566,107.32720193,101.68074366,1745.79450000,7249.20304718,9891.18697000
4,101,0.000000,0.388000,0.00000000,107.32720193,0.00000000,304.37672300,0.00000000,0.00000000,94.69756566,107.32720193,101.68074366,1745.79450000,7249.20304697,9891.18697000
4,102,0.000000,0.375000,0.00000000,107.32720193,0.00000000,290.58251933,0.00000000,0.00000000,94.69756566,107.32720193,101.68074366,1745.79450000,7249.20304677,9891.18697000
4,103,0.114000,0.307000,51.42811998,38.46862199,0.00000000,287.28680314,0.00000000,0.00000000,78.66539600,89.89674197,84.63532017,1492.48104146,6995.88958802,9891.18697000
4,104,0.298000,0.531000,107.32720193,0.00000000,27.10770820,563.44016530,0.00000000,0.00000000,94.69756566,107.32720193,101.68074366,1745.79450000,6995.88958781,9891.18697000
4,105,0.442000,0.667000,107.32720193,0.00000000,92.06954397,707.74875754,0.00000000,0.00000000,94.69756566,107.32720193,101.68074366,1745.79450000,6995.88958761,9891.18697000
4,106,0.543000,0.700000,107.32720193,0.00000000,137.63305378,742.76481301,0.00000000,0.00000000,94.69756566,107.32720193,101.68074366,1745.79450000,6995.88958740,9891.18697000
4,107,0.602000,0.690000,107.32720193,0.00000000,164.24936149,732.15388711,0.00000000,0.00000000,94.69756566,107.32720193,101.68074366,1745.79450000,6995.88958720,9891.18697000
4,108,0.623000,0.675000,107.32720193,0.00000000,173.72296254,716.23749826,0.00000000,0.00000000,94.69756566,107.32720193,101.68074366,1745.79450000,6995.88958699,9891.18697000
4,109,0.606000,0.676000,107.32720193,0.00000000,166.05385692,717.29859085,0.00000000,0.00000000,94.69756566,107.32720193,101.68074366,1745.79450000,6995.88958679,9891.18697000
4,110,0.545000,0.669000,107.32720193,0.00000000,138.53530150,709.87094272,0.00000000,0.00000000,94.69756566,107.32720193,101.68074366,1745.79450000,6995.88958658,9891.18697000
4,111,0.426000,0.654000,107.32720193,0.00000000,84.85156222,693.95455387,0.00000000,0.00000000,94.69756566,107.32720193,101.68074366,1745.79450000,6995.88958638,9891.18697000
4,112,0.270000,0.612000,89.89674197,0.00000000,31.90670009,649.38866509,0.00000000,0.00000000,78.66539600,89.89674197,84.63532017,1492.48104146,6742.57612763,9891.18697000
4,113,0.094000,0.556000,42.40564279,31.13630074,0.00000000,558.83117930,0.00000000,0.00000000,63.67817400,73.54194353,68.65710075,1244.73168631,6241.51331374,9891.18697000
4,114,0.000000,0.563000,0.00000000,89.89674197,0.00000000,507.49838620,0.00000000,0.00000000,78.66539600,89.89674197,84.63532017,1492.48104146,5988.19985499,9891.18697000
4,115,0.000000,0.592000,0.00000000,107.32720193,0.00000000,520.83961136,0.00000000,0.00000000,94.69756566,107.32720193,101.68074366,1745.79450000,5988.19985478,9891.18697000
4,116,0.000000,0.573000,0.00000000,107.32720193,0.00000000,500.67885215,0.00000000,0.00000000,94.69756566,107.32720193,101.68074366,1745.79450000,5988.19985458,9891.18697000
4,117,0.000000,0.535000,0.00000000,107.32720193,0.00000000,460.35733373,0.00000000,0.00000000,94.69756566,107.32720193,101.68074366,1745.79450000,5988.19985437,9891.18697000
4,118,0.000000,0.510000,0.00000000,107.32720193,0.00000000,433.83001898,0.00000000,0.00000000,94.69756566,107.32720193,101.68074366,1745.79450000,5988.19985417,9891.18697000
4,119,0.000000,0.494000,0.00000000,107.32720193,0.00000000,416.85253754,0.00000000,0.00000000,94.69756566,107.32720193,101.68074366,1745.79450000,5988.19985396,9891.18697000
4,120,0.000000,0.485000,0.00000000,107.32720193,0.00000000,407.30270423,0.00000000,0.00000000,94.69756566,107.32720193,101.68074366,1745.79450000,5988.19985376,9891.18697000
4,121,0.000000,0.474000,0.00000000,107.32720193,0.00000000,395.63068574,0.00000000,0.00000000,94.69756566,107.32720193,101.68074366,1745.79450000,5988.19985355,9891.18697000
4,122,0.000000,0.454000,0.00000000,107.32720193,0.00000000,374.40883394,0.00000000,0.00000000,94.69756566,107.32720193,101.68074366,1745.79450000,5988.19985335,9891.18697000
4,123,0.000000,0.439000,0.00000000,107.32720193,0.00000000,358.49244509,0.00000000,0.00000000,94.69756566,107.32720193,101.68074366,1745.79450000,5988.19985314,9891.18697000
4,124,0.000000,0.433000,0.00000000,107.32720193,0.00000000,352.12588955,0.00000000,0.00000000,94.69756566,107.32720193,101.68074366,1745.79450000,5988.19985294,9891.18697000
4,125,0.000000,0.443000,0.00000000,30.97213678,0.00000000,439.09188060,0.00000000,0.00000000,25.00174700,30.97213678,27.15938407,539.40926699,4781.81461972,9891.18697000
4,126,0.000000,0.451000,0.00000000,107.32720193,0.00000000,371.22555617,0.00000000,0.00000000,94.69756566,107.32720193,101.68074366,1745.79450000,4781.81461952,9891.18697000
4,127,0.127000,0.379000,57.29273016,0.97585466,0.00000000,401.17823696,0.00000000,0.00000000,49.73928100,58.26858481,53.75120360,1002.98064984,4039.00076915,9891.18697000
4,128,0.321000,0.605000,107.32720193,0.00000000,37.48355697,641.96101696,0.00000000,0.00000000,94.69756566,107.32720193,101.68074366,1745.79450000,4039.00076895,9891.18697000
4,129,0.482000,0.721000,0.00000000,58.26858481,217.44170027,706.77917259,0.00000000,0.00000000,49.73928100,58.26858481,53.75120360,1002.98064984,3296.18691858,9891.18697000
4,130,0.594000,0.710000,58.26858481,0.00000000,209.69898772,753.37573891,0.00000000,0.00000000,49.73928100,58.26858481,53.75120360,1002.98064984,2553.37306821,9891.18697000
4,131,0.655000,0.668000,107.32720193,0.00000000,188.15892604,708.80985013,0.00000000,0.00000000,94.69756566,107.32720193,101.68074366,1745.79450000,2553.37306800,9891.18697000
4,132,0.671000,0.618000,107.32720193,0.00000000,195.37690779,655.75522063,0.00000000,0.00000000,94.69756566,107.32720193,101.68074366,1745.79450000,2553.37306821,9891.18696768
4,133,0.639000,0.580000,107.32720193,0.00000000,180.94094429,615.43370221,0.00000000,0.00000000,94.69756566,107.32720193,101.68074366,1745.79450000,2553.37306800,9891.18697000
4,134,0.574000,0.550000,107.32720193,0.00000000,151.61789342,583.60092451,0.00000000,0.00000000,94.69756566,107.32720193,101.68074366,1745.79450000,2553.37306800,9891.18696884
4,135,0.450000,0.541000,107.32720194,0.00000000,95.67853483,574.05109120,0.00000000,0.00000000,94.69756567,107.32720194,101.68074367,1745.79450020,2553.37306800,9891.18697000
4,136,0.270000,0.543000,107.32720193,0.00000000,14.47624014,576.17327638,0.00000000,0.00000000,94.69756566,107.32720193,101.68074366,1745.79450000,2553.37306800,9891.18696884
4,137,0.091000,0.527000,41.05227121,48.41021006,0.00000000,510.78558487,0.00000000,0.00000000,78.66539600,89.46248128,84.63531998,1492.48099468,2553.37306800,8455.98297267
4,138,0.000000,0.581000,0.00000000,107.32720193,0.00000000,509.16759287,0.00000000,0.00000000,94.69756566,107.32720193,101.68074366,1745.79450000,2553.37306800,9891.18696884
4,139,0.000000,0.600000,0.00000000,106.72863180,0.00000000,529.92692221,0.00000000,0.00000000,94.69756566,106.72863180,101.68074366,1745.79450000,2902.53196784,7912.94957600
4,140,0.000000,0.568000,0.00000000,106.72863180,0.00000000,495.97195933,0.00000000,0.00000000,94.69756566,106.72863180,101.68074366,1745.79450000,3251.69086767,7912.94957600
4,141,0.000000,0.515000,0.00000000,107.32720193,0.00000000,439.13548193,0.00000000,0.00000000,94.69756566,107.32720193,101.68074366,1745.79450000,3251.69086747,9891.18697000
4,142,0.000000,0.465000,0.00000000,107.25092145,0.00000000,386.15713291,0.00000000,0.00000000,94.69756566,107.25092145,101.68074366,1745.79450000,3296.18692001,9639.08468814
4,143,0.000000,0.422000,0.00000000,107.32720193,0.00000000,340.45387106,0.00000000,0.00000000,94.69756566,107.32720193,101.68074366,1745.79450000,3296.18691981,9891.18697000
4,144,0.000000,0.388000,0.00000000,107.32720193,0.00000000,304.37672300,0.00000000,0.00000000,94.69756566,107.32720193,101.68074366,1745.79450000,3296.18691960,9891.18697000
4,145,0.000000,0.368000,0.00000000,107.32720193,0.00000000,283.15487120,0.00000000,0.00000000,94.69756566,107.32720193,101.68074366,1745.79450000,3296.18691940,9891.18697000
4,146,0.000000,0.362000,0.00000000,107.32720193,0.00000000,276.78831566,0.00000000,0.00000000,94.69756566,107.32720193,101.68074366,1745.79450000,3296.18691919,9891.18697000
4,147,0.000000,0.368000,0.00000000,107.32720193,0.00000000,283.15487120,0.00000000,0.00000000,94.69756566,107.32720193,101.68074366,1745.79450000,3296.18691899,9891.18697000
4,148,0.000000,0.380000,0.00000000,107.32720193,0.00000000,295.88798228,0.00000000,0.00000000,94.69756566,107.32720193,101.68074366,1745.79450000,3296.18691878,9891.18697000
4,149,0.000000,0.378000,0.00000000,107.32720193,0.00000000,293.76579710,0.00000000,0.00000000,94.69756566,107.32720193,101.68074366,1745.79450000,3296.18691858,9891.18697000
4,150,0.000000,0.364000,0.00000000,58.26858481,0.00000000,327.96911795,0.00000000,0.00000000,49.73928100,58.26858481,53.75120360,1002.98064984,2553.37306821,9891.18697000
4,151,0.121000,0.242000,54.58598700,52.74121493,0.00000000,204.04319186,0.00000000,0.00000000,94.69756566,107.32720193,101.68074366,1745.79450000,2553.37306800,9891.18697000
4,152,0.314000,0.314000,106.72863180,0.00000000,34.92426008,333.18307326,0.00000000,0.00000000,94.69756566,106.72863180,101.68074366,1745.79450000,2902.53196784,7912.94957600
4,153,0.476000,0.549000,106.72863180,0.00000000,108.00632532,582.53983192,0.00000000,0.00000000,94.69756566,106.72863180,101.68074366,1745.79450000,3251.69086767,7912.94957600
4,154,0.592000,0.580000,107.32720193,0.00000000,159.73812289,615.43370221,0.00000000,0.00000000,94.69756566,107.32720193,101.68074366,1745.79450000,3251.69086747,9891.18697000
4,155,0.659000,0.529000,107.32720193,0.00000000,189.96342148,561.31798012,0.00000000,0.00000000,94.69756566,107.32720193,101.68074366,1745.79450000,3251.69086726,9891.18697000
4,156,0.675000,0.469000,107.32720193,0.00000000,197.18140323,497.65242472,0.00000000,0.00000000,94.69756566,107.32720193,101.68074366,1745.79450000,3251.69086706,9891.18697000
4,157,0.651000,0.411000,107.32720193,0.00000000,186.35443060,436.10905449,0.00000000,0.00000000,94.69756566,107.32720193,101.68074366,1745.79450000,3251.69086685,9891.18697000
4,158,0.584000,0.358000,107.32720193,0.00000000,156.12913202,379.87114722,0.00000000,0.00000000,94.69756566,107.32720193,101.68074366,1745.79450000,3251.69086665,9891.18697000
4,159,0.464000,0.342000,107.32720193,0.00000000,101.99426888,362.89366578,0.00000000,0.00000000,94.69756566,107.32720193,101.68074366,1745.79450000,3251.69086644,9891.18697000
4,160,0.298000,0.364000,107.32720193,0.00000000,27.10770820,386.23770276,0.00000000,0.00000000,94.69756566,107.32720193,101.68074366,1745.79450000,3251.69086624,9891.18697000
4,161,0.096000,0.371000,43.30789051,46.58885121,0.00000000,347.07649969,0.00000000,0.00000000,78.66539600,89.89674172,84.63531998,1492.48099468,2998.37736071,9891.18697000
4,162,0.000000,0.451000,0.00000000,107.32720193,0.00000000,371.22555617,0.00000000,0.00000000,94.69756566,107.32720193,101.68074366,1745.79450000,2998.37736050,9891.18697000
4,163,0.000000,0.507000,0.00000000,107.32720193,0.00000000,430.64674121,0.00000000,0.00000000,94.69756566,107.32720193,101.68074366,1745.79450000,2998.37736030,9891.18697000
4,164,0.000000,0.488000,0.00000000,107.32720193,0.00000000,410.48598200,0.00000000,0.00000000,94.69756566,107.32720193,101.68074366,1745.79450000,2998.37736009,9891.18697000
4,165,0.000000,0.457000,0.00000000,107.32720193,0.00000000,377.59211171,0.00000000,0.00000000,94.69756566,107.32720193,101.68074366,1745.79450000,2998.37735989,9891.18697000
4,166,0.000000,0.413000,0.00000000,107.32720193,0.00000000,330.90403775,0.00000000,0.00000000,94.69756566,107.32720193,101.68074366,1745.79450000,2998.37735968,9891.18697000
4,167,0.000000,0.382000,0.00000000,107.32720193,0.00000000,298.01016746,0.00000000,0.00000000,94.69756566,107.32720193,101.68074366,1745.79450000,2998.37735948,9891.18697000
4,168,0.000000,0.362000,0.00000000,107.32720193,0.00000000,276.78831566,0.00000000,0.00000000,94.69756566,107.32720193,101.68074366,1745.79450000,2998.37735927,9891.18697000
4,169,0.000000,0.352000,0.00000000,107.32720193,0.00000000,266.17738976,0.00000000,0.00000000,94.69756566,107.32720193,101.68074366,1745.79450000,2998.37735907,9891.18697000
4,170,0.000000,0.362000,0.00000000,107.32720193,0.00000000,276.78831566,0.00000000,0.00000000,94.69756566,107.32720193,101.68074366,1745.79450000,2998.37735886,9891.18697000
4,171,0.000000,0.398000,0.00000000,107.32720193,0.00000000,314.98764890,0.00000000,0.00000000,94.69756566,107.32720193,101.68074366,1745.79450000,2998.37735866,9891.18697000
4,172,0.000000,0.448000,0.00000000,107.32720193,0.00000000,368.04227840,0.00000000,0.00000000,94.69756566,107.32720193,101.68074366,1745.79450000,2998.37735845,9891.18697000
4,173,0.000000,0.484000,0.00000000,57.75804389,0.00000000,455.81076967,0.00000000,0.00000000,49.73928100,57.75804389,53.75120360,1002.98064984,2553.37306800,8203.88068152
4,174,0.000000,0.444000,0.00000000,107.32720193,0.00000000,363.79790804,0.00000000,0.00000000,94.69756566,107.32720193,101.68074366,1745.79450000,2553.37306800,9891.18696884
4,175,0.126000,0.231000,0.00000000,107.32720193,56.84160630,137.78518637,0.00000000,0.00000000,94.69756566,107.32720193,101.68074366,1745.79450000,2553.37306800,9891.18696884
4,176,0.324000,0.268000,107.32720194,0.00000000,38.83692854,284.37281412,0.00000000,0.00000000,94.69756567,107.32720194,101.68074367,1745.79450020,2553.37306800,9891.18697000
4,177,0.484000,0.469000,107.32720193,0.00000000,111.01674607,497.65242472,0.00000000,0.00000000,94.69756566,107.32720193,101.68074366,1745.79450000,2553.37306780,9891.18697000
4,178,0.592000,0.404000,107.32720193,0.00000000,159.73812289,428.68140636,0.00000000,0.00000000,94.69756566,107.32720193,101.68074366,1745.79450000,2553.37306759,9891.18697000
4,179,0.653000,0.337000,107.32720193,0.00000000,187.25667832,357.58820283,0.00000000,0.00000000,94.69756566,107.32720193,101.68074366,1745.79450000,2553.37306739,9891.18697000
4,180,0.668000,0.274000,0.00000000,106.72863180,301.35073814,184.01073786,0.00000000,0.00000000,94.69756566,106.72863180,101.68074366,1745.79450000,2902.53196722,7912.94957600
4,181,0.638000,0.183000,89.89674197,0.00000000,197.92028038,194.17994397,0.00000000,0.00000000,78.66539600,89.89674197,84.63532017,1492.48104146,2649.21850847,9891.18697000
4,182,0.566000,0.106000,0.00000000,89.29817185,255.33610447,23.17764269,0.00000000,0.00000000,78.66539600,89.29817185,84.63532017,1492.48104146,2745.06394977,7912.94957600
4,183,0.448000,0.084000,106.72863180,0.00000000,95.37485725,89.13177756,0.00000000,0.00000000,94.69756566,106.72863180,101.68074366,1745.79450000,3094.22284960,7912.94957600
4,184,0.290000,0.103000,0.00000000,107.32720193,130.82591925,1.96533485,0.00000000,0.00000000,94.69756566,107.32720193,101.68074366,1745.79450000,3094.22284940,9891.18697000
4,185,0.107000,0.107000,48.27025297,9.57582031,0.00000000,103.96108682,0.00000000,0.00000000,49.73928100,57.84607327,53.75120360,1002.98064984,2597.86911870,8494.81235429
4,186,0.000000,0.105000,0.00000000,106.72863180,0.00000000,4.68609015,0.00000000,0.00000000,94.69756566,106.72863180,101.68074366,1745.79450000,2947.02801853,7912.94957600
4,187,0.000000,0.181000,0.00000000,106.72863180,0.00000000,85.32912699,0.00000000,0.00000000,94.69756566,106.72863180,101.68074366,1745.79450000,3296.18691837,7912.94957600
4,188,0.000000,0.320000,0.00000000,58.26858481,0.00000000,281.28104399,0.00000000,0.00000000,49.73928100,58.26858481,53.75120360,1002.98064984,2553.37306800,9891.18697000
4,189,0.000000,0.442000,0.00000000,107.32720193,0.00000000,361.67572286,0.00000000,0.00000000,94.69756566,107.32720193,101.68074366,1745.79450000,2553.37306821,9891.18696768
4,190,0.000000,0.479000,0.00000000,107.32720193,0.00000000,400.93614869,0.00000000,0.00000000,94.69756566,107.32720193,101.68074366,1745.79450000,2553.37306800,9891.18697000
4,191,0.000000,0.469000,0.00000000,107.32720193,0.00000000,390.32522279,0.00000000,0.00000000,94.69756566,107.32720193,101.68074366,1745.79450000,2553.37306800,9891.18696884
4,192,0.000000,0.444000,0.00000000,106.72863180,0.00000000,364.39647816,0.00000000,0.00000000,94.69756566,106.72863180,101.68074366,1745.79450000,2902.53196784,7912.94957600
4,193,0.000000,0.427000,0.00000000,89.89674197,0.00000000,363.18979396,0.00000000,0.00000000,78.66539600,89.89674197,84.63532017,1492.48104146,2649.21850909,9891.18697000
4,194,0.000000,0.410000,0.00000000,107.32720193,0.00000000,327.72075998,0.00000000,0.00000000,94.69756566,107.32720193,101.68074366,1745.79450000,2649.21850888,9891.18697000
4,195,0.000000,0.405000,0.00000000,100.73209196,0.00000000,329.01040700,0.00000000,0.00000000,88.63152253,100.73209196,95.23131876,1649.94905932,2553.37306800,9891.18697000
4,196,0.000000,0.405000,0.00000000,106.72863180,0.00000000,323.01386715,0.00000000,0.00000000,94.69756566,106.72863180,101.68074366,1745.79450000,2902.53196784,7912.94957600
4,197,0.000000,0.410000,0.00000000,107.32720193,0.00000000,327.72075998,0.00000000,0.00000000,94.69756566,107.32720193,101.68074366,1745.79450000,2902.53196763,9891.18697000
4,198,0.000000,0.413000,0.00000000,89.62679138,0.00000000,348.60444829,0.00000000,0.00000000,78.66539600,89.62679138,84.63532017,1492.48104146,2806.68652696,8999.01689594
4,199,0.104000,0.327000,46.91688139,60.41032054,0.00000000,286.56695639,0.00000000,0.00000000,94.69756566,107.32720193,101.68074366,1745.79450000,2806.68652675,9891.18697000
4,200,0.283000,0.607000,89.89674197,0.00000000,37.77131026,644.08320214,0.00000000,0.00000000,78.66539600,89.89674197,84.63532017,1492.48104146,2553.37306800,9891.18697000
4,201,0.439000,0.716000,106.72863180,0.00000000,91.31474252,759.74229445,0.00000000,0.00000000,94.69756566,106.72863180,101.68074366,1745.79450000,2902.53196784,7912.94957600
4,202,0.540000,0.636000,106.72863180,0.00000000,136.87825232,674.85488725,0.00000000,0.00000000,94.69756566,106.72863180,101.68074366,1745.79450000,3251.69086767,7912.94957600
4,203,0.593000,0.507000,107.32720193,0.00000000,160.18924675,537.97394314,0.00000000,0.00000000,94.69756566,107.32720193,101.68074366,1745.79450000,3251.69086747,9891.18697000
4,204,0.599000,0.378000,106.89440727,0.00000000,163.32878457,401.09299902,0.00000000,0.00000000,94.69756566,106.89440727,101.68074366,1745.79450000,3504.14935218,8460.82728209
4,205,0.534000,0.284000,106.72863180,0.00000000,134.17150917,301.35029556,0.00000000,0.00000000,94.69756566,106.72863180,101.68074366,1745.79450000,3853.30825202,7912.94957600
4,206,0.448000,0.264000,89.29817159,0.00000000,112.80531746,280.12844376,0.00000000,0.00000000,78.66539600,89.29817159,84.63531998,1492.48099468,3949.15364653,7912.94957600
4,207,0.353000,0.314000,106.72863180,0.00000000,52.51809060,333.18307326,0.00000000,0.00000000,94.69756566,106.72863180,101.68074366,1745.79450000,4298.31254636,7912.94957600
4,208,0.215000,0.328000,2.39428050,0.00000000,94.59734929,348.03836952,0.00000000,0.00000000,0.00000000,2.39428050,0.00000000,0.00000000,2901.67694620,7912.94957600
4,209,0.052000,0.272000,23.45844069,49.48493272,0.00000000,239.13225177,0.00000000,0.00000000,63.67817400,72.94337341,68.65710075,1244.73168631,2749.77303235,7912.94957600
4,210,0.000000,0.324000,0.00000000,106.72863180,0.00000000,237.06536736,0.00000000,0.00000000,94.69756566,106.72863180,101.68074366,1745.79450000,3098.93193218,7912.94957600
4,211,0.000000,0.422000,0.00000000,72.94337341,0.00000000,374.83769958,0.00000000,0.00000000,63.67817400,72.94337341,68.65710075,1244.73168631,2947.02801833,7912.94957600
4,212,0.000000,0.498000,0.00000000,57.67001469,0.00000000,470.75409514,0.00000000,0.00000000,49.73928100,57.67001469,53.75120360,1002.98064984,2553.37306800,7912.94957600
4,213,0.000000,0.522000,0.00000000,107.32720194,0.00000000,446.56313005,0.00000000,0.00000000,94.69756567,107.32720194,101.68074367,1745.79450020,2553.37306800,9891.18697000
4,214,0.000000,0.580000,0.00000000,106.72863180,0.00000000,508.70507041,0.00000000,0.00000000,94.69756566,106.72863180,101.68074366,1745.79450000,2902.53196784,7912.94957600
4,215,0.000000,0.552000,0.00000000,106.72863180,0.00000000,478.99447789,0.00000000,0.00000000,94.69756566,106.72863180,101.68074366,1745.79450000,3251.69086767,7912.94957600
4,216,0.000000,0.547000,0.00000000,107.09836050,0.00000000,473.31928623,0.00000000,0.00000000,94.69756566,107.09836050,101.68074366,1745.79450000,3385.17901936,9134.88016044
4,217,0.000000,0.535000,0.00000000,58.26858481,0.00000000,509.41595084,0.00000000,0.00000000,49.73928100,58.26858481,53.75120360,1002.98064984,2642.36516899,9891.18697000
4,218,0.000000,0.540000,0.00000000,106.72863180,0.00000000,466.26136681,0.00000000,0.00000000,94.69756566,106.72863180,101.68074366,1745.79450000,2991.52406882,7912.94957600
4,219,0.000000,0.527000,0.00000000,57.67001469,0.00000000,501.52578025,0.00000000,0.00000000,49.73928100,57.67001469,53.75120360,1002.98064984,2597.86911849,7912.94957600
4,220,0.000000,0.470000,0.00000000,106.72863180,0.00000000,391.98488550,0.00000000,0.00000000,94.69756566,106.72863180,101.68074366,1745.79450000,2947.02801833,7912.94957600
4,221,0.000000,0.415000,0.00000000,57.67001469,0.00000000,382.68341017,0.00000000,0.00000000,49.73928100,57.67001469,53.75120360,1002.98064984,2553.37306800,7912.94957600
4,222,0.000000,0.393000,0.00000000,107.06678999,0.00000000,309.94259788,0.00000000,0.00000000,94.69756566,107.06678999,101.68074366,1745.79450000,2705.27698185,9030.54156457
4,223,0.119000,0.282000,53.68373928,19.25963413,0.00000000,279.96847625,0.00000000,0.00000000,63.67817400,72.94337341,68.65710075,1244.73168631,2553.37306800,7912.94957600
4,224,0.309000,0.415000,107.32720193,0.00000000,32.07007066,440.35342485,0.00000000,0.00000000,94.69756566,107.32720193,101.68074366,1745.79450000,2553.37306800,9891.18696884
4,225,0.463000,0.559000,106.72863180,0.00000000,102.14171514,593.15075782,0.00000000,0.00000000,94.69756566,106.72863180,101.68074366,1745.79450000,2902.53196784,7912.94957600
4,226,0.566000,0.498000,106.72863180,0.00000000,148.60747267,528.42410983,0.00000000,0.00000000,94.69756566,106.72863180,101.68074366,1745.79450000,3251.69086767,7912.94957600
4,227,0.619000,0.407000,0.00000000,106.72863180,279.24566902,325.13605233,0.00000000,0.00000000,94.69756566,106.72863180,101.68074366,1745.79450000,3600.84976751,7912.94957600
4,228,0.639000,0.332000,89.29817185,0.00000000,198.96997436,352.28273988,0.00000000,0.00000000,78.66539600,89.29817185,84.63532017,1492.48104146,3696.69520880,7912.94957600
4,229,0.627000,0.284000,95.49358526,0.00000000,187.36107464,301.35029556,0.00000000,0.00000000,84.36380666,95.49358526,90.69387774,1582.51777035,3882.57737898,7912.94957600
4,230,0.566000,0.259000,106.72863180,0.00000000,148.60747267,274.82298081,0.00000000,0.00000000,94.69756566,106.72863180,101.68074366,1745.79450000,4231.73627882,7912.94957600
4,231,0.453000,0.259000,0.00000000,89.29817185,204.35910835,185.52480896,0.00000000,0.00000000,78.66539600,89.29817185,84.63532017,1492.48104146,4327.58172011,7912.94957600
4,232,0.286000,0.278000,0.00000000,106.72863180,129.02142381,188.25510822,0.00000000,0.00000000,94.69756566,106.72863180,101.68074366,1745.79450000,4676.74061995,7912.94957600
4,233,0.100000,0.297000,43.47863956,0.00000000,1.63374639,315.14449923,0.00000000,0.00000000,36.84682300,43.47863956,39.91750131,767.66957627,4047.77459605,7912.94957600
4,234,0.000000,0.364000,0.00000000,106.72863180,0.00000000,279.50907096,0.00000000,0.00000000,94.69756566,106.72863180,101.68074366,1745.79450000,4396.93349589,7912.94957600
4,235,0.000000,0.444000,0.00000000,57.67001469,0.00000000,413.45509528,0.00000000,0.00000000,49.73928100,57.67001469,53.75120360,1002.98064984,4003.27854556,7912.94957600
4,236,0.000000,0.466000,0.00000000,106.72863180,0.00000000,387.74051514,0.00000000,0.00000000,94.69756566,106.72863180,101.68074366,1745.79450000,4352.43744540,7912.94957600
4,237,0.000000,0.433000,0.00000000,43.47863956,0.00000000,415.97445191,0.00000000,0.00000000,36.84682300,43.47863956,39.91750131,767.66957627,3723.47142150,7912.94957600
4,238,0.000000,0.410000,0.00000000,107.32720193,0.00000000,327.72075998,0.00000000,0.00000000,94.69756566,107.32720193,101.68074366,1745.79450000,3723.47142130,9891.18697000
4,239,0.000000,0.381000,0.00000000,106.72863180,0.00000000,297.54764499,0.00000000,0.00000000,94.69756566,106.72863180,101.68074366,1745.79450000,4072.63032113,7912.94957600
4,240,0.000000,0.355000,0.00000000,106.72863180,0.00000000,269.95923765,0.00000000,0.00000000,94.69756566,106.72863180,101.68074366,1745.79450000,4421.78922097,7912.94957600
4,241,0.000000,0.345000,0.00000000,72.94337341,0.00000000,293.13357015,0.00000000,0.00000000,63.67817400,72.94337341,68.65710075,1244.73168631,4269.88530712,7912.94957600
4,242,0.000000,0.346000,0.00000000,106.72863180,0.00000000,260.40940434,0.00000000,0.00000000,94.69756566,106.72863180,101.68074366,1745.79450000,4619.04420695,7912.94957600
4,243,0.000000,0.355000,0.00000000,57.67001469,0.00000000,319.01785477,0.00000000,0.00000000,49.73928100,57.67001469,53.75120360,1002.98064984,4225.38925662,7912.94957600
4,244,0.000000,0.371000,0.00000000,89.29817159,0.00000000,304.36717930,0.00000000,0.00000000,78.66539600,89.29817159,84.63531998,1492.48099468,4321.23465113,7912.94957600
4,245,0.000000,0.386000,0.00000000,106.72863180,0.00000000,302.85310794,0.00000000,0.00000000,94.69756566,106.72863180,101.68074366,1745.79450000,4670.39355097,7912.94957600
4,246,0.000000,0.388000,0.00000000,107.32720193,0.00000000,304.37672300,0.00000000,0.00000000,94.69756566,107.32720193,101.68074366,1745.79450000,4670.39355077,9891.18697000
4,247,0.113000,0.300000,50.97699612,7.29158869,0.00000000,311.03618831,0.00000000,0.00000000,49.73928100,58.26858481,53.75120360,1002.98064984,3927.57970040,9891.18697000
4,248,0.304000,0.535000,106.72863180,0.00000000,30.41302148,567.68453566,0.00000000,0.00000000,94.69756566,106.72863180,101.68074366,1745.79450000,4276.73860023,7912.94957600
4,249,0.471000,0.633000,0.00000000,89.89674172,212.47933782,581.77486776,0.00000000,0.00000000,78.66539600,89.89674172,84.63531998,1492.48099468,4023.42509470,9891.18697000
4,250,0.591000,0.578000,106.72863180,0.00000000,159.88556916,613.31151703,0.00000000,0.00000000,94.69756566,106.72863180,101.68074366,1745.79450000,4372.58399454,7912.94957600
4,251,0.655000,0.485000,0.00000000,72.94337341,295.48612797,441.68653275,0.00000000,0.00000000,63.67817400,72.94337341,68.65710075,1244.73168631,4220.68008069,7912.94957600
4,252,0.671000,0.401000,43.47863956,0.00000000,259.22547016,425.49812859,0.00000000,0.00000000,36.84682300,43.47863956,39.91750131,767.66957627,3591.71405679,7912.94957600
4,253,0.637000,0.334000,89.29817185,0.00000000,198.06772665,354.40492506,0.00000000,0.00000000,78.66539600,89.29817185,84.63532017,1492.48104146,3687.55949808,7912.94957600
4,254,0.558000,0.286000,106.72863180,0.00000000,144.99848179,303.47248074,0.00000000,0.00000000,94.69756566,106.72863180,101.68074366,1745.79450000,4036.71839792,7912.94957600
4,255,0.430000,0.256000,89.29817185,0.00000000,104.68508773,271.63970304,0.00000000,0.00000000,78.66539600,89.29817185,84.63532017,1492.48104146,4132.56383921,7912.94957600
4,256,0.260000,0.253000,106.72863180,0.00000000,10.56357167,268.45642527,0.00000000,0.00000000,94.69756566,106.72863180,101.68074366,1745.79450000,4481.72273905,7912.94957600
4,257,0.085000,0.272000,38.34552806,50.95264353,0.00000000,237.66454095,0.00000000,0.00000000,78.66539600,89.29817159,84.63531998,1492.48099468,4577.56813356,7912.94957600
4,258,0.000000,0.378000,0.00000000,106.72863180,0.00000000,294.36436722,0.00000000,0.00000000,94.69756566,106.72863180,101.68074366,1745.79450000,4926.72703339,7912.94957600
4,259,0.000000,0.460000,0.00000000,57.67001469,0.00000000,430.43257672,0.00000000,0.00000000,49.73928100,57.67001469,53.75120360,1002.98064984,4533.07208307,7912.94957600
4,260,0.000000,0.489000,0.00000000,106.72863180,0.00000000,412.14564471,0.00000000,0.00000000,94.69756566,106.72863180,101.68074366,1745.79450000,4882.23098290,7912.94957600
4,261,0.000000,0.506000,0.00000000,106.72863180,0.00000000,430.18421874,0.00000000,0.00000000,94.69756566,106.72863180,101.68074366,1745.79450000,5231.38988274,7912.94957600
4,262,0.000000,0.485000,0.00000000,57.67001469,0.00000000,456.95989147,0.00000000,0.00000000,49.73928100,57.67001469,53.75120360,1002.98064984,4837.73493241,7912.94957600
4,263,0.000000,0.432000,0.00000000,106.72863180,0.00000000,351.66336708,0.00000000,0.00000000,94.69756566,106.72863180,101.68074366,1745.79450000,5186.89383225,7912.94957600
4,264,0.000000,0.394000,0.00000000,57.67001469,0.00000000,360.40046578,0.00000000,0.00000000,49.73928100,57.67001469,53.75120360,1002.98064984,4793.23888192,7912.94957600
4,265,0.000000,0.388000,0.00000000,106.72863180,0.00000000,304.97529312,0.00000000,0.00000000,94.69756566,106.72863180,101.68074366,1745.79450000,5142.39778175,7912.94957600
4,266,0.000000,0.391000,0.00000000,89.29817185,0.00000000,325.58903085,0.00000000,0.00000000,78.66539600,89.29817185,84.63532017,1492.48104146,5238.24322304,7912.94957600
4,267,0.000000,0.397000,0.00000000,57.67001469,0.00000000,363.58374355,0.00000000,0.00000000,49.73928100,57.67001469,53.75120360,1002.98064984,4844.58827272,7912.94957600
4,268,0.000000,0.397000,0.00000000,106.72863180,0.00000000,314.52512643,0.00000000,0.00000000,94.69756566,106.72863180,101.68074366,1745.79450000,5193.74717255,7912.94957600
4,269,0.000000,0.386000,0.00000000,72.94337341,0.00000000,336.63836634,0.00000000,0.00000000,63.67817400,72.94337341,68.65710075,1244.73168631,5041.84325870,7912.94957600
4,270,0.000000,0.362000,0.00000000,43.47863956,0.00000000,340.63687802,0.00000000,0.00000000,36.84682300,43.47863956,39.91750131,767.66957627,4412.87723481,7912.94957600
4,271,0.112000,0.261000,50.52587226,38.77229933,0.00000000,238.17286666,0.00000000,0.00000000,78.66539600,89.29817159,84.63531998,1492.48099468,4508.72262932,7912.94957600
4,272,0.314000,0.464000,106.72863180,0.00000000,34.92426008,492.34696177,0.00000000,0.00000000,94.69756566,106.72863180,101.68074366,1745.79450000,4857.88152915,7912.94957600
4,273,0.483000,0.488000,0.00000000,57.67001469,217.89282413,460.14316924,0.00000000,0.00000000,49.73928100,57.67001469,53.75120360,1002.98064984,4464.22657882,7912.94957600
4,274,0.598000,0.435000,30.37356422,0.00000000,239.39850375,461.57527665,0.00000000,0.00000000,25.00174700,30.37356422,27.15938231,539.40882693,3606.99980559,7912.94957600
4,275,0.661000,0.390000,106.72863180,0.00000000,191.46423932,413.82611010,0.00000000,0.00000000,94.69756566,106.72863180,101.68074366,1745.79450000,3956.15870542,7912.94957600
4,276,0.678000,0.363000,30.37356422,0.00000000,275.48841251,385.17661017,0.00000000,0.00000000,25.00174700,30.37356422,27.15938231,539.40882693,3098.93193218,7912.94957600
4,277,0.650000,0.339000,0.00000000,57.67001469,293.23050867,302.04037333,0.00000000,0.00000000,49.73928100,57.67001469,53.75120360,1002.98064984,2705.27698185,7912.94957600
4,278,0.579000,0.320000,72.94337341,0.00000000,188.25734124,339.54962880,0.00000000,0.00000000,63.67817400,72.94337341,68.65710075,1244.73168631,2553.37306800,7912.94957600
4,279,0.456000,0.311000,106.76465805,0.00000000,98.94782187,329.99979549,0.00000000,0.00000000,94.69756566,106.76465805,101.68074366,1745.79450000,2881.51707546,8032.01412202
4,280,0.293000,0.328000,106.72863180,0.00000000,25.45065903,348.03836952,0.00000000,0.00000000,94.69756566,106.72863180,101.68074366,1745.79450000,3230.67597530,7912.94957600
4,281,0.101000,0.366000,45.56350981,61.16512199,0.00000000,327.19476595,0.00000000,0.00000000,94.69756566,106.72863180,101.68074366,1745.79450000,3579.83487514,7912.94957600
4,282,0.000000,0.476000,0.00000000,57.67001469,0.00000000,447.41005816,0.00000000,0.00000000,49.73928100,57.67001469,53.75120360,1002.98064984,3186.17992481,7912.94957600
4,283,0.000000,0.538000,0.00000000,89.29817159,0.00000000,481.56964183,0.00000000,0.00000000,78.66539600,89.29817159,84.63531998,1492.48099468,3282.02531932,7912.94957600
4,284,0.000000,0.522000,0.00000000,106.72863180,0.00000000,447.16170018,0.00000000,0.00000000,94.69756566,106.72863180,101.68074366,1745.79450000,3631.18421916,7912.94957600
4,285,0.000000,0.481000,0.00000000,106.72863180,0.00000000,403.65690399,0.00000000,0.00000000,94.69756566,106.72863180,101.68074366,1745.79450000,3980.34311899,7912.94957600
4,286,0.000000,0.428000,0.00000000,18.95776159,0.00000000,435.18986694,0.00000000,0.00000000,14.20500000,18.95776159,15.48029780,318.82444922,2553.37306800,9891.18697000
4,287,0.000000,0.362000,0.00000000,107.32720195,0.00000000,276.78831564,0.00000000,0.00000000,94.69756568,107.32720195,101.68074368,1745.79450041,2553.37306821,9891.18697000
4,288,0.000000,0.310000,0.00000000,107.32720193,0.00000000,221.61150098,0.00000000,0.00000000,94.69756566,107.32720193,101.68074366,1745.79450000,2553.37306800,9891.18697000
4,289,0.000000,0.280000,0.00000000,107.32720194,0.00000000,189.77872326,0.00000000,0.00000000,94.69756567,107.32720194,101.68074367,1745.79450020,2553.37306800,9891.18697000
4,290,0.000000,0.264000,0.00000000,106.89294149,0.00000000,173.23550228,0.00000000,0.00000000,94.69756566,106.89294149,101.68074366,1745.79450000,2806.68657374,8455.98297034
4,291,0.000000,0.261000,0.00000000,107.32720193,0.00000000,169.61796407,0.00000000,0.00000000,94.69756566,107.32720193,101.68074366,1745.79450000,2806.68657353,9891.18697000
4,292,0.000000,0.263000,0.00000000,89.89674172,0.00000000,189.17060946,0.00000000,0.00000000,78.66539600,89.89674172,84.63531998,1492.48099468,2553.37306800,9891.18697000
4,293,0.000000,0.270000,0.00000000,107.32720193,0.00000000,179.16779738,0.00000000,0.00000000,94.69756566,107.32720193,101.68074366,1745.79450000,2553.37306780,9891.18697000
4,294,0.000000,0.264000,0.00000000,107.18962467,0.00000000,172.93881909,0.00000000,0.00000000,94.69756566,107.18962467,101.68074366,1745.79450000,2633.62485408,9436.50262727
4,295,0.122000,0.177000,55.03711086,52.29009107,0.00000000,135.52329736,0.00000000,0.00000000,94.69756566,107.32720193,101.68074366,1745.79450000,2633.62485388,9891.18697000
4,296,0.316000,0.254000,0.00000000,89.29817159,142.55513960,180.21934627,0.00000000,0.00000000,78.66539600,89.29817159,84.63531998,1492.48099468,2729.47024839,7912.94957600
4,297,0.474000,0.346000,106.72863180,0.00000000,107.10407760,367.13803614,0.00000000,0.00000000,94.69756566,106.72863180,101.68074366,1745.79450000,3078.62914823,7912.94957600
4,298,0.586000,0.348000,106.72863180,0.00000000,157.62994986,369.26022132,0.00000000,0.00000000,94.69756566,106.72863180,101.68074366,1745.79450000,3427.78804806,7912.94957600
4,299,0.650000,0.308000,106.72863180,0.00000000,186.50187687,326.81651772,0.00000000,0.00000000,94.69756566,106.72863180,101.68074366,1745.79450000,3776.94694790,7912.94957600
4,300,0.669000,0.249000,0.00000000,43.47863956,301.80186200,220.73341535,0.00000000,0.00000000,36.84682300,43.47863956,39.91750131,767.66957627,3147.98092400,7912.94957600
4,301,0.645000,0.188000,72.94337341,0.00000000,218.03151596,199.48540692,0.00000000,0.00000000,63.67817400,72.94337341,68.65710075,1244.73168631,2996.07701015,7912.94957600
4,302,0.575000,0.141000,0.00000000,57.67001469,259.39621921,91.94404050,0.00000000,0.00000000,49.73928100,57.67001469,53.75120360,1002.98064984,2602.42205982,7912.94957600
4,303,0.456000,0.115000,106.72863180,0.00000000,98.98384813,122.02564785,0.00000000,0.00000000,94.69756566,106.72863180,101.68074366,1745.79450000,2951.58095966,7912.94957600
4,304,0.295000,0.114000,106.72863180,0.00000000,26.35290675,120.96455526,0.00000000,0.00000000,94.69756566,106.72863180,101.68074366,1745.79450000,3300.73985949,7912.94957600
4,305,0.100000,0.152000,0.00000000,106.72863180,45.11238595,54.55744188,0.00000000,0.00000000,94.69756566,106.72863180,101.68074366,1745.79450000,3649.89875933,7912.94957600
4,306,0.000000,0.266000,0.00000000,106.72863180,0.00000000,175.52199714,0.00000000,0.00000000,94.69756566,106.72863180,101.68074366,1745.79450000,3999.05765917,7912.94957600
4,307,0.000000,0.355000,0.00000000,72.94337341,0.00000000,303.74449605,0.00000000,0.00000000,63.67817400,72.94337341,68.65710075,1244.73168631,3847.15374531,7912.94957600
4,308,0.000000,0.368000,0.00000000,106.72863180,0.00000000,283.75344132,0.00000000,0.00000000,94.69756566,106.72863180,101.68074366,1745.79450000,4196.31264515,7912.94957600
4,309,0.000000,0.388000,0.00000000,106.72863180,0.00000000,304.97529312,0.00000000,0.00000000,94.69756566,106.72863180,101.68074366,1745.79450000,4545.47154499,7912.94957600
4,310,0.000000,0.395000,0.00000000,106.72863180,0.00000000,312.40294125,0.00000000,0.00000000,94.69756566,106.72863180,101.68074366,1745.79450000,4894.63044482,7912.94957600
4,311,0.000000,0.395000,0.00000000,106.72863180,0.00000000,312.40294125,0.00000000,0.00000000,94.69756566,106.72863180,101.68074366,1745.79450000,5243.78934466,7912.94957600
4,312,0.000000,0.383000,0.00000000,106.72863180,0.00000000,299.66983017,0.00000000,0.00000000,94.69756566,106.72863180,101.68074366,1745.79450000,5592.94824449,7912.94957600
4,313,0.000000,0.368000,0.00000000,106.72863180,0.00000000,283.75344132,0.00000000,0.00000000,94.69756566,106.72863180,101.68074366,1745.79450000,5942.10714433,7912.94957600
4,314,0.000000,0.362000,0.00000000,57.67001469,0.00000000,326.44550290,0.00000000,0.00000000,49.73928100,57.67001469,53.75120360,1002.98064984,5548.45219400,7912.94957600
4,315,0.000000,0.363000,0.00000000,43.47863956,0.00000000,341.69797061,0.00000000,0.00000000,36.84682300,43.47863956,39.91750131,767.66957627,4919.48617011,7912.94957600
4,316,0.000000,0.371000,0.00000000,106.72863180,0.00000000,286.93671909,0.00000000,0.00000000,94.69756566,106.72863180,101.68074366,1745.79450000,5268.64506994,7912.94957600
4,317,0.000000,0.377000,0.00000000,106.72863180,0.00000000,293.30327463,0.00000000,0.00000000,94.69756566,106.72863180,101.68074366,1745.79450000,5617.80396978,7912.94957600
4,318,0.000000,0.368000,0.00000000,106.72863180,0.00000000,283.75344132,0.00000000,0.00000000,94.69756566,106.72863180,101.68074366,1745.79450000,5966.96286961,7912.94957600
4,319,0.114000,0.320000,51.42811998,6.24189471,0.00000000,333.30773410,0.00000000,0.00000000,49.73928100,57.67001469,53.75120360,1002.98064984,5573.30791929,7912.94957600
4,320,0.296000,0.547000,0.00000000,89.29817159,133.53266241,491.11947515,0.00000000,0.00000000,78.66539600,89.29817159,84.63531998,1492.48099468,5669.15331380,7912.94957600
4,321,0.442000,0.564000,106.72863180,0.00000000,92.66811409,598.45622077,0.00000000,0.00000000,94.69756566,106.72863180,101.68074366,1745.79450000,6018.31221363,7912.94957600
4,322,0.541000,0.494000,0.00000000,57.67001469,244.05800798,466.50972478,0.00000000,0.00000000,49.73928100,57.67001469,53.75120360,1002.98064984,5624.65726330,7912.94957600
4,323,0.619000,0.408000,106.72863180,0.00000000,172.51703722,432.92577672,0.00000000,0.00000000,94.69756566,106.72863180,101.68074366,1745.79450000,5973.81616314,7912.94957600
4,324,0.645000,0.315000,106.72863180,0.00000000,184.24625757,334.24416585,0.00000000,0.00000000,94.69756566,106.72863180,101.68074366,1745.79450000,6322.97506298,7912.94957600
4,325,0.618000,0.231000,106.72863180,0.00000000,172.06591336,245.11238829,0.00000000,0.00000000,94.69756566,106.72863180,101.68074366,1745.79450000,6672.13396281,7912.94957600
4,326,0.545000,0.165000,106.72863180,0.00000000,139.13387162,175.08027735,0.00000000,0.00000000,94.69756566,106.72863180,101.68074366,1745.79450000,7021.29286265,7912.94957600
4,327,0.428000,0.129000,106.72863180,0.00000000,86.35238095,136.88094411,0.00000000,0.00000000,94.69756566,106.72863180,101.68074366,1745.79450000,7370.45176248,7912.94957600
4,328,0.263000,0.125000,106.72863180,0.00000000,11.91694325,132.63657375,0.00000000,0.00000000,94.69756566,106.72863180,101.68074366,1745.79450000,7719.61066232,7912.94957600
4,329,0.084000,0.184000,0.00000000,57.67001469,37.89440420,137.57102187,0.00000000,0.00000000,49.73928100,57.67001469,53.75120360,1002.98064984,7325.95571199,7912.94957600
4,330,0.000000,0.338000,0.00000000,106.72863180,0.00000000,251.92066362,0.00000000,0.00000000,94.69756566,106.72863180,101.68074366,1745.79450000,7675.11461183,7912.94957600
4,331,0.000000,0.447000,0.00000000,57.67001469,0.00000000,416.63837305,0.00000000,0.00000000,49.73928100,57.67001469,53.75120360,1002.98064984,7281.45966150,7912.94957600
4,332,0.000000,0.457000,0.00000000,89.29817159,0.00000000,395.62114204,0.00000000,0.00000000,78.66539600,89.29817159,84.63531998,1492.48099468,7377.30505601,7912.94957600
4,333,0.000000,0.430000,0.00000000,106.72863180,0.00000000,349.54118190,0.00000000,0.00000000,94.69756566,106.72863180,101.68074366,1745.79450000,7726.46395585,7912.94957600
4,334,0.000000,0.407000,0.00000000,106.72863180,0.00000000,325.13605233,0.00000000,0.00000000,94.69756566,106.72863180,101.68074366,1745.79450000,8075.62285568,7912.94957600
4,335,0.000000,0.391000,0.00000000,106.72863180,0.00000000,308.15857089,0.00000000,0.00000000,94.69756566,106.72863180,101.68074366,1745.79450000,8424.78175552,7912.94957600
4,336,0.000000,0.374000,0.00000000,106.72863180,0.00000000,290.11999686,0.00000000,0.00000000,94.69756566,106.72863180,101.68074366,1745.79450000,8773.94065536,7912.94957600
4,337,0.000000,0.354000,0.00000000,72.94337341,0.00000000,302.68340346,0.00000000,0.00000000,63.67817400,72.94337341,68.65710075,1244.73168631,8622.03674150,7912.94957600
4,338,0.000000,0.337000,0.00000000,106.72863180,0.00000000,250.85957103,0.00000000,0.00000000,94.69756566,106.72863180,101.68074366,1745.79450000,8971.19564134,7912.94957600
4,339,0.000000,0.327000,0.00000000,106.72863180,0.00000000,240.24864513,0.00000000,0.00000000,94.69756566,106.72863180,101.68074366,1745.79450000,9320.35454117,7912.94957600
4,340,0.000000,0.332000,0.00000000,106.72863180,0.00000000,245.55410808,0.00000000,0.00000000,94.69756566,106.72863180,101.68074366,1745.79450000,9669.51344101,7912.94957600
4,341,0.000000,0.320000,0.00000000,106.72863180,0.00000000,232.82099700,0.00000000,0.00000000,94.69756566,106.72863180,101.68074366,1745.79450000,10018.67234085,7912.94957600
4,342,0.000000,0.391000,0.00000000,43.47863956,0.00000000,371.40856313,0.00000000,0.00000000,36.84682300,43.47863956,39.91750131,767.66957627,9389.70631695,7912.94957600
4,343,0.070000,0.297000,31.57867016,57.71950143,0.00000000,257.42499781,0.00000000,0.00000000,78.66539600,89.29817159,84.63531998,1492.48099468,9485.55171146,7912.94957600
4,344,0.216000,0.291000,97.44275365,9.28587815,0.00000000,299.49206554,0.00000000,0.00000000,94.69756566,106.72863180,101.68074366,1745.79450000,9834.71061130,7912.94957600
4,345,0.338000,0.346000,106.72863180,0.00000000,45.75123271,367.13803614,0.00000000,0.00000000,94.69756566,106.72863180,101.68074366,1745.79450000,10183.86951114,7912.94957600
4,346,0.449000,0.290000,106.72863180,0.00000000,95.82598111,307.71685110,0.00000000,0.00000000,94.69756566,106.72863180,101.68074366,1745.79450000,10533.02841097,7912.94957600
4,347,0.494000,0.212000,106.72863180,0.00000000,116.12655479,224.95162908,0.00000000,0.00000000,94.69756566,106.72863180,101.68074366,1745.79450000,10882.18731081,7912.94957600
4,348,0.512000,0.151000,106.72863180,0.00000000,124.24678426,160.22498109,0.00000000,0.00000000,94.69756566,106.72863180,101.68074366,1745.79450000,11231.34621064,7912.94957600
4,349,0.478000,0.121000,106.72863180,0.00000000,108.90857304,128.39220339,0.00000000,0.00000000,94.69756566,106.72863180,101.68074366,1745.79450000,11580.50511048,7912.94957600
4,350,0.399000,0.107000,106.72863180,0.00000000,73.26978814,113.53690713,0.00000000,0.00000000,94.69756566,106.72863180,101.68074366,1745.79450000,11929.66401032,7912.94957600
4,351,0.311000,0.104000,106.72863180,0.00000000,33.57088850,110.35362936,0.00000000,0.00000000,94.69756566,106.72863180,101.68074366,1745.79450000,12278.82291015,7912.94957600
4,352,0.184000,0.113000,0.00000000,106.72863180,83.00679015,13.17483087,0.00000000,0.00000000,94.69756566,106.72863180,101.68074366,1745.79450000,12627.98180999,7912.94957600
4,353,0.064000,0.127000,28.87192701,28.79808768,0.00000000,105.96067125,0.00000000,0.00000000,49.73928100,57.67001469,53.75120360,1002.98064984,12234.32685966,7912.94957600
4,354,0.000000,0.180000,0.00000000,106.72863180,0.00000000,84.26803440,0.00000000,0.00000000,94.69756566,106.72863180,101.68074366,1745.79450000,12583.48575949,7912.94957600
4,355,0.000000,0.261000,0.00000000,106.72863180,0.00000000,170.21653419,0.00000000,0.00000000,94.69756566,106.72863180,101.68074366,1745.79450000,12932.64465933,7912.94957600
4,356,0.000000,0.325000,0.00000000,106.72863180,0.00000000,238.12645995,0.00000000,0.00000000,94.69756566,106.72863180,101.68074366,1745.79450000,13281.80355917,7912.94957600
4,357,0.000000,0.342000,0.00000000,106.72863180,0.00000000,256.16503398,0.00000000,0.00000000,94.69756566,106.72863180,101.68074366,1745.79450000,13630.96245900,7912.94957600
4,358,0.000000,0.368000,0.00000000,106.72863180,0.00000000,283.75344132,0.00000000,0.00000000,94.69756566,106.72863180,101.68074366,1745.79450000,13980.12135884,7912.94957600
4,359,0.000000,0.400000,0.00000000,106.72863180,0.00000000,317.70840420,0.00000000,0.00000000,94.69756566,106.72863180,101.68074366,1745.79450000,14329.28025867,7912.94957600
4,360,0.000000,0.431000,0.00000000,106.72863180,0.00000000,350.60227449,0.00000000,0.00000000,94.69756566,106.72863180,101.68074366,1745.79450000,14678.43915851,7912.94957600
4,361,0.000000,0.447000,0.00000000,106.72863180,0.00000000,367.57975593,0.00000000,0.00000000,94.69756566,106.72863180,101.68074366,1745.79450000,15027.59805835,7912.94957600
4,362,0.000000,0.432000,0.00000000,106.72863180,0.00000000,351.66336708,0.00000000,0.00000000,94.69756566,106.72863180,101.68074366,1745.79450000,15376.75695818,7912.94957600
4,363,0.000000,0.376000,0.00000000,106.72863180,0.00000000,292.24218204,0.00000000,0.00000000,94.69756566,106.72863180,101.68074366,1745.79450000,15725.91585802,7912.94957600
4,364,0.000000,0.236000,0.00000000,106.72863180,0.00000000,143.68921944,0.00000000,0.00000000,94.69756566,106.72863180,101.68074366,1745.79450000,16075.07475785,7912.94957600
4,365,0.000000,0.189000,0.00000000,106.72863180,0.00000000,93.81786771,0.00000000,0.00000000,94.69756566,106.72863180,101.68074366,1745.79450000,16424.23365769,7912.94957600
4,366,0.000000,0.210000,0.00000000,106.72863180,0.00000000,116.10081210,0.00000000,0.00000000,94.69756566,106.72863180,101.68074366,1745.79450000,16773.39255753,7912.94957600
4,367,0.083000,0.162000,37.44328034,69.28535146,0.00000000,102.61164812,0.00000000,0.00000000,94.69756566,106.72863180,101.68074366,1745.79450000,17122.55145736,7912.94957600
4,368,0.236000,0.211000,0.00000000,2.39428050,106.46523084,221.49625599,0.00000000,0.00000000,0.00000000,2.39428050,0.00000000,0.00000000,15725.91585720,7912.94957600
4,369,0.371000,0.284000,106.72863180,0.00000000,60.63832007,301.35029556,0.00000000,0.00000000,94.69756566,106.72863180,101.68074366,1745.79450000,16075.07475703,7912.94957600
4,370,0.470000,0.300000,106.72863180,0.00000000,105.29958216,318.32777778,0.00000000,0.00000000,94.69756566,106.72863180,101.68074366,1745.79450000,16424.23365687,7912.94957600
4,371,0.530000,0.314000,106.72863180,0.00000000,132.36701373,333.18307326,0.00000000,0.00000000,94.69756566,106.72863180,101.68074366,1745.79450000,16773.39255671,7912.94957600
4,372,0.530000,0.294000,106.72863180,0.00000000,132.36701373,311.96122146,0.00000000,0.00000000,94.69756566,106.72863180,101.68074366,1745.79450000,17122.55145654,7912.94957600
4,373,0.481000,0.232000,106.72863180,0.00000000,110.26194461,246.17348088,0.00000000,0.00000000,94.69756566,106.72863180,101.68074366,1745.79450000,17471.71035638,7912.94957600
4,374,0.442000,0.178000,106.72863180,0.00000000,92.66811409,188.87448102,0.00000000,0.00000000,94.69756566,106.72863180,101.68074366,1745.79450000,17820.86925621,7912.94957600
4,375,0.294000,0.151000,106.72863180,0.00000000,25.90178289,160.22498109,0.00000000,0.00000000,94.69756566,106.72863180,101.68074366,1745.79450000,18170.02815605,7912.94957600
4,376,0.194000,0.135000,87.51802874,19.21060306,0.00000000,124.03689659,0.00000000,0.00000000,94.69756566,106.72863180,101.68074366,1745.79450000,18519.18705589,7912.94957600
4,377,0.065000,0.122000,29.32305087,77.40558093,0.00000000,52.04771505,0.00000000,0.00000000,94.69756566,106.72863180,101.68074366,1745.79450000,18868.34595572,7912.94957600
4,378,0.000000,0.124000,0.00000000,106.72863180,0.00000000,24.84684936,0.00000000,0.00000000,94.69756566,106.72863180,101.68074366,1745.79450000,19217.50485556,7912.94957600
4,379,0.000000,0.135000,0.00000000,106.72863180,0.00000000,36.51886785,0.00000000,0.00000000,94.69756566,106.72863180,101.68074366,1745.79450000,19566.66375539,7912.94957600
4,380,0.000000,0.137000,0.00000000,106.72863180,0.00000000,38.64105303,0.00000000,0.00000000,94.69756566,106.72863180,101.68074366,1745.79450000,19915.82265523,7912.94957600
4,381,0.000000,0.133000,0.00000000,106.72863180,0.00000000,34.39668267,0.00000000,0.00000000,94.69756566,106.72863180,101.68074366,1745.79450000,20264.98155507,7912.94957600
4,382,0.000000,0.132000,0.00000000,106.72863180,0.00000000,33.33559008,0.00000000,0.00000000,94.69756566,106.72863180,101.68074366,1745.79450000,20614.14045490,7912.94957600
4,383,0.000000,0.126000,0.00000000,106.72863180,0.00000000,26.96903454,0.00000000,0.00000000,94.69756566,106.72863180,101.68074366,1745.79450000,20963.29935474,7912.94957600
4,384,0.000000,0.110000,0.00000000,106.72863180,0.00000000,9.99155310,0.00000000,0.00000000,94.69756566,106.72863180,101.68074366,1745.79450000,21312.45825457,7912.94957600
4,385,0.000000,0.100000,0.00000000,106.10925900,0.00000000,0.00000000,0.00000000,0.00000000,94.12787961,106.10925900,101.07505272,1736.79327648,21652.61593090,7912.94957600
4,386,0.000000,0.099000,0.00000000,105.04816641,0.00000000,0.00000000,0.00000000,0.00000000,93.15190902,105.04816641,100.03739952,1721.37262582,21977.35295655,7912.94957600
4,387,0.000000,0.106000,0.00000000,43.47863956,0.00000000,68.99717498,0.00000000,0.00000000,36.84682300,43.47863956,39.91750131,767.66957627,21348.38693266,7912.94957600
4,388,0.000000,0.117000,0.00000000,106.72863180,0.00000000,17.41920123,0.00000000,0.00000000,94.69756566,106.72863180,101.68074366,1745.79450000,21697.54583249,7912.94957600
4,389,0.000000,0.128000,0.00000000,106.72863180,0.00000000,29.09121972,0.00000000,0.00000000,94.69756566,106.72863180,101.68074366,1745.79450000,22046.70473233,7912.94957600
4,390,0.000000,0.139000,0.00000000,106.72863180,0.00000000,40.76323821,0.00000000,0.00000000,94.69756566,106.72863180,101.68074366,1745.79450000,22395.86363217,7912.94957600
4,391,0.080000,0.097000,36.08990876,70.63872304,0.00000000,32.28725819,0.00000000,0.00000000,94.69756566,106.72863180,101.68074366,1745.79450000,22745.02253200,7912.94957600
4,392,0.228000,0.102000,0.00000000,57.67001469,102.85623996,50.56142949,0.00000000,0.00000000,49.73928100,57.67001469,53.75120360,1002.98064984,22351.36758167,7912.94957600
4,393,0.353000,0.091000,106.72863180,0.00000000,52.51809060,96.55942569,0.00000000,0.00000000,94.69756566,106.72863180,101.68074366,1745.79450000,22700.52648151,7912.94957600
4,394,0.463000,0.062000,106.72863180,0.00000000,102.14171514,65.78774058,0.00000000,0.00000000,94.69756566,106.72863180,101.68074366,1745.79450000,23049.68538135,7912.94957600
4,395,0.523000,0.042000,106.72863180,0.00000000,129.20914671,44.56588878,0.00000000,0.00000000,94.69756566,106.72863180,101.68074366,1745.79450000,23398.84428118,7912.94957600
4,396,0.544000,0.032000,57.67001469,0.00000000,187.74136487,33.95496288,0.00000000,0.00000000,49.73928100,57.67001469,53.75120360,1002.98064984,23005.18933085,7912.94957600
4,397,0.514000,0.031000,106.72863180,0.00000000,125.14903198,32.89387029,0.00000000,0.00000000,94.69756566,106.72863180,101.68074366,1745.79450000,23354.34823069,7912.94957600
4,398,0.441000,0.044000,106.72863180,0.00000000,92.21699023,46.68807396,0.00000000,0.00000000,94.69756566,106.72863180,101.68074366,1745.79450000,23703.50713052,7912.94957600
4,399,0.328000,0.066000,0.00000000,57.67001469,147.96862591,12.36209625,0.00000000,0.00000000,49.73928100,57.67001469,53.75120360,1002.98064984,23309.85218020,7912.94957600
4,400,0.182000,0.096000,82.10454243,24.62408937,0.00000000,77.24079927,0.00000000,0.00000000,94.69756566,106.72863180,101.68074366,1745.79450000,23659.01108003,7912.94957600
4,401,0.061000,0.130000,27.51855543,79.21007637,0.00000000,58.73196033,0.00000000,0.00000000,94.69756566,106.72863180,101.68074366,1745.79450000,24008.16997987,7912.94957600
4,402,0.000000,0.173000,0.00000000,106.72863180,0.00000000,76.84038627,0.00000000,0.00000000,94.69756566,106.72863180,101.68074366,1745.79450000,24357.32887970,7912.94957600
4,403,0.000000,0.201000,0.00000000,106.72863180,0.00000000,106.55097879,0.00000000,0.00000000,94.69756566,106.72863180,101.68074366,1745.79450000,24706.48777954,7912.94957600
4,404,0.000000,0.203000,0.00000000,106.72863180,0.00000000,108.67316397,0.00000000,0.00000000,94.69756566,106.72863180,101.68074366,1745.79450000,25055.64667938,7912.94957600
4,405,0.000000,0.209000,0.00000000,106.72863180,0.00000000,115.03971951,0.00000000,0.00000000,94.69756566,106.72863180,101.68074366,1745.79450000,25404.80557921,7912.94957600
4,406,0.000000,0.225000,0.00000000,106.72863180,0.00000000,132.01720095,0.00000000,0.00000000,94.69756566,106.72863180,101.68074366,1745.79450000,25753.96447905,7912.94957600
4,407,0.000000,0.243000,0.00000000,106.72863180,0.00000000,151.11686757,0.00000000,0.00000000,94.69756566,106.72863180,101.68074366,1745.79450000,26103.12337888,7912.94957600
4,408,0.000000,0.235000,0.00000000,57.67001469,0.00000000,191.68674397,0.00000000,0.00000000,49.73928100,57.67001469,53.75120360,1002.98064984,25709.46842856,7912.94957600
4,409,0.000000,0.233000,0.00000000,106.72863180,0.00000000,140.50594167,0.00000000,0.00000000,94.69756566,106.72863180,101.68074366,1745.79450000,26058.62732839,7912.94957600
4,410,0.000000,0.249000,0.00000000,106.72863180,0.00000000,157.48342311,0.00000000,0.00000000,94.69756566,106.72863180,101.68074366,1745.79450000,26407.78622823,7912.94957600
4,411,0.000000,0.261000,0.00000000,57.67001469,0.00000000,219.27515131,0.00000000,0.00000000,49.73928100,57.67001469,53.75120360,1002.98064984,26014.13127790,7912.94957600
4,412,0.000000,0.278000,0.00000000,106.72863180,0.00000000,188.25510822,0.00000000,0.00000000,94.69756566,106.72863180,101.68074366,1745.79450000,26363.29017774,7912.94957600
4,413,0.000000,0.291000,0.00000000,106.72863180,0.00000000,202.04931189,0.00000000,0.00000000,94.69756566,106.72863180,101.68074366,1745.79450000,26712.44907757,7912.94957600
4,414,0.000000,0.310000,0.00000000,106.72863180,0.00000000,222.21007110,0.00000000,0.00000000,94.69756566,106.72863180,101.68074366,1745.79450000,27061.60797741,7912.94957600
4,415,0.105000,0.248000,0.00000000,57.67001469,47.36800525,205.48094764,0.00000000,0.00000000,49.73928100,57.67001469,53.75120360,1002.98064984,26667.95302708,7912.94957600
4,416,0.290000,0.355000,106.72863180,0.00000000,24.09728745,376.68786945,0.00000000,0.00000000,94.69756566,106.72863180,101.68074366,1745.79450000,27017.11192691,7912.94957600
4,417,0.450000,0.371000,106.72863180,0.00000000,96.27710497,393.66535089,0.00000000,0.00000000,94.69756566,106.72863180,101.68074366,1745.79450000,27366.27082675,7912.94957600
4,418,0.561000,0.297000,106.72863180,0.00000000,146.35185337,315.14449923,0.00000000,0.00000000,94.69756566,106.72863180,101.68074366,1745.79450000,27715.42972659,7912.94957600
4,419,0.628000,0.235000,0.00000000,57.67001469,283.30578376,191.68674397,0.00000000,0.00000000,49.73928100,57.67001469,53.75120360,1002.98064984,27321.77477626,7912.94957600
4,420,0.645000,0.188000,106.72863180,0.00000000,184.24625757,199.48540692,0.00000000,0.00000000,94.69756566,106.72863180,101.68074366,1745.79450000,27670.93367609,7912.94957600
4,421,0.617000,0.175000,106.72863180,0.00000000,171.61478950,185.69120325,0.00000000,0.00000000,94.69756566,106.72863180,101.68074366,1745.79450000,28020.09257593,7912.94957600
4,422,0.545000,0.181000,106.72863180,0.00000000,139.13387162,192.05775879,0.00000000,0.00000000,94.69756566,106.72863180,101.68074366,1745.79450000,28369.25147577,7912.94957600
4,423,0.422000,0.186000,106.72863180,0.00000000,83.64563690,197.36322174,0.00000000,0.00000000,94.69756566,106.72863180,101.68074366,1745.79450000,28718.41037560,7912.94957600
4,424,0.253000,0.201000,106.72863180,0.00000000,7.40570465,213.27961059,0.00000000,0.00000000,94.69756566,106.72863180,101.68074366,1745.79450000,29067.56927544,7912.94957600
4,425,0.082000,0.225000,0.00000000,89.29817159,36.99215648,149.44766116,0.00000000,0.00000000,78.66539600,89.29817159,84.63531998,1492.48099468,29163.41466995,7912.94957600
4,426,0.000000,0.297000,0.00000000,106.72863180,0.00000000,208.41586743,0.00000000,0.00000000,94.69756566,106.72863180,101.68074366,1745.79450000,29512.57356979,7912.94957600
4,427,0.000000,0.395000,0.00000000,57.67001469,0.00000000,361.46155837,0.00000000,0.00000000,49.73928100,57.67001469,53.75120360,1002.98064984,29118.91861946,7912.94957600
4,428,0.000000,0.440000,0.00000000,106.72863180,0.00000000,360.15210780,0.00000000,0.00000000,94.69756566,106.72863180,101.68074366,1745.79450000,29468.07751929,7912.94957600
4,429,0.000000,0.442000,0.00000000,30.37356422,0.00000000,438.62936056,0.00000000,0.00000000,25.00174700,30.37356422,27.15938231,539.40882693,28610.85074605,7912.94957600
4,430,0.000000,0.449000,0.00000000,106.72863180,0.00000000,369.70194111,0.00000000,0.00000000,94.69756566,106.72863180,101.68074366,1745.79450000,28960.00964589,7912.94957600
4,431,0.000000,0.425000,0.00000000,106.72863180,0.00000000,344.23571895,0.00000000,0.00000000,94.69756566,106.72863180,101.68074366,1745.79450000,29309.16854573,7912.94957600
4,432,0.000000,0.413000,0.00000000,106.72863180,0.00000000,331.50260787,0.00000000,0.00000000,94.69756566,106.72863180,101.68074366,1745.79450000,29658.32744556,7912.94957600
4,433,0.000000,0.405000,0.00000000,57.67001469,0.00000000,372.07248427,0.00000000,0.00000000,49.73928100,57.67001469,53.75120360,1002.98064984,29264.67249523,7912.94957600
4,434,0.000000,0.386000,0.00000000,106.72863180,0.00000000,302.85310794,0.00000000,0.00000000,94.69756566,106.72863180,101.68074366,1745.79450000,29613.83139507,7912.94957600
4,435,0.000000,0.334000,0.00000000,106.72863180,0.00000000,247.67629326,0.00000000,0.00000000,94.69756566,106.72863180,101.68074366,1745.79450000,29962.99029491,7912.94957600
4,436,0.000000,0.283000,0.00000000,106.72863180,0.00000000,193.56057117,0.00000000,0.00000000,94.69756566,106.72863180,101.68074366,1745.79450000,30312.14919474,7912.94957600
4,437,0.000000,0.249000,0.00000000,106.72863180,0.00000000,157.48342311,0.00000000,0.00000000,94.69756566,106.72863180,101.68074366,1745.79450000,30661.30809458,7912.94957600
4,438,0.000000,0.270000,0.00000000,106.72863180,0.00000000,179.76636750,0.00000000,0.00000000,94.69756566,106.72863180,101.68074366,1745.79450000,31010.46699441,7912.94957600
4,439,0.102000,0.227000,0.00000000,43.47863956,46.01463367,197.38937837,0.00000000,0.00000000,36.84682300,43.47863956,39.91750131,767.66957627,30381.50097052,7912.94957600
4,440,0.283000,0.302000,72.94337341,0.00000000,54.72467883,320.44996218,0.00000000,0.00000000,63.67817400,72.94337341,68.65710075,1244.73168631,30229.59705667,7912.94957600
4,441,0.435000,0.398000,43.47863956,0.00000000,152.76023932,422.31485082,0.00000000,0.00000000,36.84682300,43.47863956,39.91750131,767.66957627,29600.63103277,7912.94957600
4,442,0.546000,0.374000,0.00000000,57.67001469,246.31362728,339.17861398,0.00000000,0.00000000,49.73928100,57.67001469,53.75120360,1002.98064984,29206.97608244,7912.94957600
4,443,0.613000,0.330000,0.00000000,72.94337341,276.53892587,277.21718129,0.00000000,0.00000000,63.67817400,72.94337341,68.65710075,1244.73168631,29055.07216859,7912.94957600
4,444,0.630000,0.302000,106.72863180,0.00000000,177.47939968,320.44996218,0.00000000,0.00000000,94.69756566,106.72863180,101.68074366,1745.79450000,29404.23106843,7912.94957600
4,445,0.609000,0.280000,106.72863180,0.00000000,168.00579863,297.10592520,0.00000000,0.00000000,94.69756566,106.72863180,101.68074366,1745.79450000,29753.38996826,7912.94957600
4,446,0.539000,0.272000,106.72863180,0.00000000,136.42712846,288.61718448,0.00000000,0.00000000,94.69756566,106.72863180,101.68074366,1745.79450000,30102.54886810,7912.94957600
4,447,0.426000,0.284000,0.00000000,2.39428050,192.17876414,298.95601506,0.00000000,0.00000000,0.00000000,2.39428050,0.00000000,0.00000000,28705.91326793,7912.94957600
4,448,0.271000,0.308000,106.72863180,0.00000000,15.52593412,326.81651772,0.00000000,0.00000000,94.69756566,106.72863180,101.68074366,1745.79450000,29055.07216777,7912.94957600
4,449,0.087000,0.306000,0.00000000,89.29817159,39.24777578,235.39616095,0.00000000,0.00000000,78.66539600,89.29817159,84.63531998,1492.48099468,29150.91756228,7912.94957600
4,450,0.000000,0.332000,0.00000000,106.72863180,0.00000000,245.55410808,0.00000000,0.00000000,94.69756566,106.72863180,101.68074366,1745.79450000,29500.07646212,7912.94957600
4,451,0.000000,0.401000,0.00000000,57.67001469,0.00000000,367.82811391,0.00000000,0.00000000,49.73928100,57.67001469,53.75120360,1002.98064984,29106.42151179,7912.94957600
4,452,0.000000,0.447000,0.00000000,106.72863180,0.00000000,367.57975593,0.00000000,0.00000000,94.69756566,106.72863180,101.68074366,1745.79450000,29455.58041163,7912.94957600
4,453,0.000000,0.444000,0.00000000,106.72863180,0.00000000,364.39647816,0.00000000,0.00000000,94.69756566,106.72863180,101.68074366,1745.79450000,29804.73931146,7912.94957600
4,454,0.000000,0.422000,0.00000000,106.72863180,0.00000000,341.05244118,0.00000000,0.00000000,94.69756566,106.72863180,101.68074366,1745.79450000,30153.89821130,7912.94957600
4,455,0.000000,0.373000,0.00000000,106.72863180,0.00000000,289.05890427,0.00000000,0.00000000,94.69756566,106.72863180,101.68074366,1745.79450000,30503.05711113,7912.94957600
4,456,0.000000,0.337000,0.00000000,106.72863180,0.00000000,250.85957103,0.00000000,0.00000000,94.69756566,106.72863180,101.68074366,1745.79450000,30852.21601097,7912.94957600
4,457,0.000000,0.320000,0.00000000,106.72863180,0.00000000,232.82099700,0.00000000,0.00000000,94.69756566,106.72863180,101.68074366,1745.79450000,31201.37491081,7912.94957600
4,458,0.000000,0.317000,0.00000000,57.67001469,0.00000000,278.69633635,0.00000000,0.00000000,49.73928100,57.67001469,53.75120360,1002.98064984,30807.71996048,7912.94957600
4,459,0.000000,0.315000,0.00000000,106.72863180,0.00000000,227.51553405,0.00000000,0.00000000,94.69756566,106.72863180,101.68074366,1745.79450000,31156.87886031,7912.94957600
4,460,0.000000,0.311000,0.00000000,72.94337341,0.00000000,257.05642208,0.00000000,0.00000000,63.67817400,72.94337341,68.65710075,1244.73168631,31004.97494646,7912.94957600
4,461,0.000000,0.300000,0.00000000,106.72863180,0.00000000,211.59914520,0.00000000,0.00000000,94.69756566,106.72863180,101.68074366,1745.79450000,31354.13384630,7912.94957600
4,462,0.000000,0.291000,0.00000000,89.29817159,0.00000000,219.47977210,0.00000000,0.00000000,78.66539600,89.29817159,84.63531998,1492.48099468,31449.97924081,7912.94957600
4,463,0.112000,0.227000,0.00000000,106.72863180,50.52587226,134.13938613,0.00000000,0.00000000,94.69756566,106.72863180,101.68074366,1745.79450000,31799.13814064,7912.94957600
4,464,0.290000,0.434000,106.72863180,0.00000000,24.09728745,460.51418406,0.00000000,0.00000000,94.69756566,106.72863180,101.68074366,1745.79450000,32148.29704048,7912.94957600
4,465,0.435000,0.570000,0.00000000,57.67001469,196.23887888,547.15276162,0.00000000,0.00000000,49.73928100,57.67001469,53.75120360,1002.98064984,31754.64209015,7912.94957600
4,466,0.532000,0.587000,106.72863180,0.00000000,133.26926145,622.86135034,0.00000000,0.00000000,94.69756566,106.72863180,101.68074366,1745.79450000,32103.80098999,7912.94957600
4,467,0.587000,0.569000,0.00000000,57.67001469,264.80970552,546.09166903,0.00000000,0.00000000,49.73928100,57.67001469,53.75120360,1002.98064984,31710.14603966,7912.94957600
4,468,0.592000,0.540000,106.72863180,0.00000000,160.33669302,572.98999861,0.00000000,0.00000000,94.69756566,106.72863180,101.68074366,1745.79450000,32059.30493950,7912.94957600
4,469,0.552000,0.519000,106.72863180,0.00000000,142.29173864,550.70705422,0.00000000,0.00000000,94.69756566,106.72863180,101.68074366,1745.79450000,32408.46383933,7912.94957600
4,470,0.413000,0.486000,0.00000000,106.72863180,186.31415397,408.96236694,0.00000000,0.00000000,94.69756566,106.72863180,101.68074366,1745.79450000,32757.62273917,7912.94957600
4,471,0.300000,0.475000,0.00000000,72.94337341,135.33715785,431.07560685,0.00000000,0.00000000,63.67817400,72.94337341,68.65710075,1244.73168631,32605.71882531,7912.94957600
4,472,0.175000,0.481000,78.94667541,27.78195639,0.00000000,482.60357941,0.00000000,0.00000000,94.69756566,106.72863180,101.68074366,1745.79450000,32954.87772515,7912.94957600
4,473,0.057000,0.467000,25.71405999,4.65950423,0.00000000,490.87073530,0.00000000,0.00000000,25.00174700,30.37356422,27.15938231,539.40882693,32097.65095191,7912.94957600
4,474,0.000000,0.505000,0.00000000,72.94337341,0.00000000,462.90838455,0.00000000,0.00000000,63.67817400,72.94337341,68.65710075,1244.73168631,31945.74703806,7912.94957600
4,475,0.000000,0.556000,0.00000000,106.72863180,0.00000000,483.23884825,0.00000000,0.00000000,94.69756566,106.72863180,101.68074366,1745.79450000,32294.90593790,7912.94957600
4,476,0.000000,0.565000,0.00000000,106.72863180,0.00000000,492.78868156,0.00000000,0.00000000,94.69756566,106.72863180,101.68074366,1745.79450000,32644.06483773,7912.94957600
4,477,0.000000,0.535000,0.00000000,106.72863180,0.00000000,460.95590386,0.00000000,0.00000000,94.69756566,106.72863180,101.68074366,1745.79450000,32993.22373757,7912.94957600
4,478,0.000000,0.506000,0.00000000,106.72863180,0.00000000,430.18421874,0.00000000,0.00000000,94.69756566,106.72863180,101.68074366,1745.79450000,33342.38263740,7912.94957600
4,479,0.000000,0.488000,0.00000000,106.72863180,0.00000000,411.08455212,0.00000000,0.00000000,94.69756566,106.72863180,101.68074366,1745.79450000,33691.54153724,7912.94957600
4,480,0.000000,0.476000,0.00000000,106.72863180,0.00000000,398.35144104,0.00000000,0.00000000,94.69756566,106.72863180,101.68074366,1745.79450000,34040.70043708,7912.94957600
4,481,0.000000,0.455000,0.00000000,106.72863180,0.00000000,376.06849665,0.00000000,0.00000000,94.69756566,106.72863180,101.68074366,1745.79450000,34389.85933691,7912.94957600
4,482,0.000000,0.423000,0.00000000,89.29817159,0.00000000,359.54399398,0.00000000,0.00000000,78.66539600,89.29817159,84.63531998,1492.48099468,34485.70473142,7912.94957600
4,483,0.000000,0.391000,0.00000000,89.29817159,0.00000000,325.58903110,0.00000000,0.00000000,78.66539600,89.29817159,84.63531998,1492.48099468,34581.55012593,7912.94957600
4,484,0.000000,0.372000,0.00000000,57.67001469,0.00000000,337.05642880,0.00000000,0.00000000,49.73928100,57.67001469,53.75120360,1002.98064984,34187.89517561,7912.94957600
4,485,0.000000,0.365000,0.00000000,43.47863956,0.00000000,343.82015579,0.00000000,0.00000000,36.84682300,43.47863956,39.91750131,767.66957627,33558.92915171,7912.94957600
4,486,0.000000,0.364000,0.00000000,43.47863956,0.00000000,342.75906320,0.00000000,0.00000000,36.84682300,43.47863956,39.91750131,767.66957627,32929.96312782,7912.94957600
4,487,0.098000,0.315000,44.21013823,45.08803336,0.00000000,289.15613249,0.00000000,0.00000000,78.66539600,89.29817159,84.63531998,1492.48099468,33025.80852233,7912.94957600
4,488,0.283000,0.576000,106.72863180,0.00000000,20.93942043,611.18933185,0.00000000,0.00000000,94.69756566,106.72863180,101.68074366,1745.79450000,33374.96742216,7912.94957600
4,489,0.438000,0.683000,106.72863180,0.00000000,90.86361866,724.72623898,0.00000000,0.00000000,94.69756566,106.72863180,101.68074366,1745.79450000,33724.12632200,7912.94957600
4,490,0.553000,0.667000,106.72863180,0.00000000,142.74286250,707.74875754,0.00000000,0.00000000,94.69756566,106.72863180,101.68074366,1745.79450000,34073.28522184,7912.94957600
4,491,0.620000,0.611000,106.72863180,0.00000000,172.96816108,648.32757250,0.00000000,0.00000000,94.69756566,106.72863180,101.68074366,1745.79450000,34422.44412167,7912.94957600
4,492,0.633000,0.555000,106.72863180,0.00000000,178.83277126,588.90638746,0.00000000,0.00000000,94.69756566,106.72863180,101.68074366,1745.79450000,34771.60302151,7912.94957600
4,493,0.601000,0.526000,106.72863180,0.00000000,164.39680775,558.13470235,0.00000000,0.00000000,94.69756566,106.72863180,101.68074366,1745.79450000,35120.76192134,7912.94957600
4,494,0.530000,0.516000,106.72863180,0.00000000,132.36701373,547.52377645,0.00000000,0.00000000,94.69756566,106.72863180,101.68074366,1745.79450000,35469.92082118,7912.94957600
4,495,0.414000,0.521000,106.72863180,0.00000000,80.03664603,552.82923940,0.00000000,0.00000000,94.69756566,106.72863180,101.68074366,1745.79450000,35819.07972102,7912.94957600
4,496,0.251000,0.535000,106.72863180,0.00000000,6.50345693,567.68453566,0.00000000,0.00000000,94.69756566,106.72863180,101.68074366,1745.79450000,36168.23862085,7912.94957600
4,497,0.090000,0.494000,40.60114735,66.12748445,0.00000000,458.05225502,0.00000000,0.00000000,94.69756566,106.72863180,101.68074366,1745.79450000,36517.39752069,7912.94957600
4,498,0.000000,0.507000,0.00000000,106.72863180,0.00000000,431.24531133,0.00000000,0.00000000,94.69756566,106.72863180,101.68074366,1745.79450000,36866.55642052,7912.94957600
4,499,0.000000,0.506000,0.00000000,106.72863180,0.00000000,430.18421874,0.00000000,0.00000000,94.69756566,106.72863180,101.68074366,1745.79450000,37215.71532036,7912.94957600
4,500,0.000000,0.467000,0.00000000,106.72863180,0.00000000,388.80160773,0.00000000,0.00000000,94.69756566,106.72863180,101.68074366,1745.79450000,37564.87422020,7912.94957600
4,501,0.000000,0.419000,0.00000000,106.72863180,0.00000000,337.86916341,0.00000000,0.00000000,94.69756566,106.72863180,101.68074366,1745.79450000,37914.03312003,7912.94957600
4,502,0.000000,0.372000,0.00000000,106.72863180,0.00000000,287.99781168,0.00000000,0.00000000,94.69756566,106.72863180,101.68074366,1745.79450000,38263.19201987,7912.94957600
4,503,0.000000,0.342000,0.00000000,106.72863180,0.00000000,256.16503398,0.00000000,0.00000000,94.69756566,106.72863180,101.68074366,1745.79450000,38612.35091970,7912.94957600
4,504,0.000000,0.329000,0.00000000,106.72863180,0.00000000,242.37083031,0.00000000,0.00000000,94.69756566,106.72863180,101.68074366,1745.79450000,38961.50981954,7912.94957600
4,505,0.000000,0.334000,0.00000000,106.72863180,0.00000000,247.67629326,0.00000000,0.00000000,94.69756566,106.72863180,101.68074366,1745.79450000,39310.66871938,7912.94957600
4,506,0.000000,0.347000,0.00000000,106.72863180,0.00000000,261.47049693,0.00000000,0.00000000,94.69756566,106.72863180,101.68074366,1745.79450000,39659.82761921,7912.94957600
4,507,0.000000,0.352000,0.00000000,106.72863180,0.00000000,266.77595988,0.00000000,0.00000000,94.69756566,106.72863180,101.68074366,1745.79450000,40008.98651905,7912.94957600
4,508,0.000000,0.339000,0.00000000,106.72863180,0.00000000,252.98175621,0.00000000,0.00000000,94.69756566,106.72863180,101.68074366,1745.79450000,40358.14541888,7912.94957600
4,509,0.000000,0.337000,0.00000000,106.72863180,0.00000000,250.85957103,0.00000000,0.00000000,94.69756566,106.72863180,101.68074366,1745.79450000,40707.30431872,7912.94957600
4,510,0.000000,0.367000,0.00000000,106.72863180,0.00000000,282.69234873,0.00000000,0.00000000,94.69756566,106.72863180,101.68074366,1745.79450000,41056.46321856,7912.94957600
4,511,0.116000,0.320000,52.33036770,36.96780389,0.00000000,302.58182491,0.00000000,0.00000000,78.66539600,89.29817159,84.63531998,1492.48099468,41152.30861307,7912.94957600
4,512,0.302000,0.535000,106.72863180,0.00000000,29.51077377,567.68453566,0.00000000,0.00000000,94.69756566,106.72863180,101.68074366,1745.79450000,41501.46751290,7912.94957600
4,513,0.450000,0.635000,43.47863956,0.00000000,159.52709721,673.79379466,0.00000000,0.00000000,36.84682300,43.47863956,39.91750131,767.66957627,40872.50148901,7912.94957600
4,514,0.553000,0.561000,106.72863180,0.00000000,142.74286250,595.27294300,0.00000000,0.00000000,94.69756566,106.72863180,101.68074366,1745.79450000,41221.66038884,7912.94957600
4,515,0.622000,0.469000,106.72863180,0.00000000,173.87040880,497.65242472,0.00000000,0.00000000,94.69756566,106.72863180,101.68074366,1745.79450000,41570.81928868,7912.94957600
4,516,0.634000,0.392000,106.72863180,0.00000000,179.28389512,415.94829528,0.00000000,0.00000000,94.69756566,106.72863180,101.68074366,1745.79450000,41919.97818852,7912.94957600
4,517,0.608000,0.335000,106.72863180,0.00000000,167.55467477,355.46601765,0.00000000,0.00000000,94.69756566,106.72863180,101.68074366,1745.79450000,42269.13708835,7912.94957600
4,518,0.535000,0.309000,106.72863180,0.00000000,134.62263303,327.87761031,0.00000000,0.00000000,94.69756566,106.72863180,101.68074366,1745.79450000,42618.29598819,7912.94957600
4,519,0.415000,0.298000,106.72863180,0.00000000,80.48776989,316.20559182,0.00000000,0.00000000,94.69756566,106.72863180,101.68074366,1745.79450000,42967.45488802,7912.94957600
4,520,0.239000,0.296000,106.72863180,0.00000000,1.08997062,314.08340664,0.00000000,0.00000000,94.69756566,106.72863180,101.68074366,1745.79450000,43316.61378786,7912.94957600
4,521,0.080000,0.278000,36.08990876,70.63872304,0.00000000,224.34501698,0.00000000,0.00000000,94.69756566,106.72863180,101.68074366,1745.79450000,43665.77268770,7912.94957600
4,522,0.000000,0.300000,0.00000000,106.72863180,0.00000000,211.59914520,0.00000000,0.00000000,94.69756566,106.72863180,101.68074366,1745.79450000,44014.93158753,7912.94957600
4,523,0.000000,0.381000,0.00000000,106.72863180,0.00000000,297.54764499,0.00000000,0.00000000,94.69756566,106.72863180,101.68074366,1745.79450000,44364.09048737,7912.94957600
4,524,0.000000,0.435000,0.00000000,106.72863180,0.00000000,354.84664485,0.00000000,0.00000000,94.69756566,106.72863180,101.68074366,1745.79450000,44713.24938720,7912.94957600
4,525,0.000000,0.433000,0.00000000,106.72863180,0.00000000,352.72445967,0.00000000,0.00000000,94.69756566,106.72863180,101.68074366,1745.79450000,45062.40828704,7912.94957600
4,526,0.000000,0.370000,0.00000000,106.72863180,0.00000000,285.87562650,0.00000000,0.00000000,94.69756566,106.72863180,101.68074366,1745.79450000,45411.56718688,7912.94957600
4,527,0.000000,0.289000,0.00000000,106.72863180,0.00000000,199.92712671,0.00000000,0.00000000,94.69756566,106.72863180,101.68074366,1745.79450000,45760.72608671,7912.94957600
4,528,0.000000,0.233000,0.00000000,106.72863180,0.00000000,140.50594167,0.00000000,0.00000000,94.69756566,106.72863180,101.68074366,1745.79450000,46109.88498655,7912.94957600
4,529,0.000000,0.231000,0.00000000,106.72863180,0.00000000,138.38375649,0.00000000,0.00000000,94.69756566,106.72863180,101.68074366,1745.79450000,46459.04388638,7912.94957600
4,530,0.000000,0.233000,0.00000000,106.72863180,0.00000000,140.50594167,0.00000000,0.00000000,94.69756566,106.72863180,101.68074366,1745.79450000,46808.20278622,7912.94957600
4,531,0.000000,0.217000,0.00000000,106.72863180,0.00000000,123.52846023,0.00000000,0.00000000,94.69756566,106.72863180,101.68074366,1745.79450000,47157.36168606,7912.94957600
4,532,0.000000,0.207000,0.00000000,106.72863180,0.00000000,112.91753433,0.00000000,0.00000000,94.69756566,106.72863180,101.68074366,1745.79450000,47506.52058589,7912.94957600
4,533,0.000000,0.169000,0.00000000,106.72863180,0.00000000,72.59601591,0.00000000,0.00000000,94.69756566,106.72863180,101.68074366,1745.79450000,47855.67948573,7912.94957600
4,534,0.000000,0.105000,0.00000000,106.72863180,0.00000000,4.68609015,0.00000000,0.00000000,94.69756566,106.72863180,101.68074366,1745.79450000,48204.83838556,7912.94957600
4,535,0.044000,0.057000,19.84944982,23.62918974,0.00000000,36.85308789,0.00000000,0.00000000,36.84682300,43.47863956,39.91750131,767.66957627,47575.87236167,7912.94957600
4,536,0.104000,0.058000,46.91688139,59.81175041,0.00000000,1.73161981,0.00000000,0.00000000,94.69756566,106.72863180,101.68074366,1745.79450000,47925.03126151,7912.94957600
4,537,0.186000,0.119000,83.90903787,22.81959394,0.00000000,103.45042428,0.00000000,0.00000000,94.69756566,106.72863180,101.68074366,1745.79450000,48274.19016134,7912.94957600
4,538,0.289000,0.170000,106.72863180,0.00000000,23.64616359,180.38574030,0.00000000,0.00000000,94.69756566,106.72863180,101.68074366,1745.79450000,48623.34906118,7912.94957600
4,539,0.410000,0.182000,106.72863180,0.00000000,78.23215059,193.11885138,0.00000000,0.00000000,94.69756566,106.72863180,101.68074366,1745.79450000,48972.50796101,7912.94957600
4,540,0.485000,0.177000,106.72863180,0.00000000,112.06644005,187.81338843,0.00000000,0.00000000,94.69756566,106.72863180,101.68074366,1745.79450000,49321.66686085,7912.94957600
4,541,0.502000,0.201000,106.72863180,0.00000000,119.73554566,213.27961059,0.00000000,0.00000000,94.69756566,106.72863180,101.68074366,1745.79450000,49670.82576069,7912.94957600
4,542,0.456000,0.231000,106.72863180,0.00000000,98.98384813,245.11238829,0.00000000,0.00000000,94.69756566,106.72863180,101.68074366,1745.79450000,50019.98466052,7912.94957600
4,543,0.390000,0.234000,106.72863180,0.00000000,69.20967340,248.29566606,0.00000000,0.00000000,94.69756566,106.72863180,101.68074366,1745.79450000,50369.14356036,7912.94957600
4,544,0.260000,0.209000,106.72863180,0.00000000,10.56357167,221.76835131,0.00000000,0.00000000,94.69756566,106.72863180,101.68074366,1745.79450000,50718.30246019,7912.94957600
4,545,0.095000,0.170000,42.85676665,63.87186515,0.00000000,116.51387515,0.00000000,0.00000000,94.69756566,106.72863180,101.68074366,1745.79450000,51067.46136003,7912.94957600
4,546,0.000000,0.146000,0.00000000,107.32720193,0.00000000,47.59231622,0.00000000,0.00000000,94.69756566,107.32720193,101.68074366,1745.79450000,51067.46136003,9891.18696884
4,547,0.000000,0.153000,0.00000000,89.46248128,0.00000000,72.88468499,0.00000000,0.00000000,78.66539600,89.46248128,84.63531998,1492.48099468,51067.46136003,8455.98297267
4,548,0.000000,0.141000,0.00000000,107.32720194,0.00000000,42.28685325,0.00000000,0.00000000,94.69756567,107.32720194,101.68074367,1745.79450020,51067.46136003,9891.18697000
4,549,0.000000,0.125000,0.00000000,107.32720193,0.00000000,25.30937183,0.00000000,0.00000000,94.69756566,107.32720193,101.68074366,1745.79450000,51067.46136003,9891.18696884
4,550,0.000000,0.110000,0.00000000,107.32720193,0.00000000,9.39298298,0.00000000,0.00000000,94.69756566,107.32720193,101.68074366,1745.79450000,51067.46136003,9891.18696884
4,551,0.000000,0.094000,0.00000000,30.97213678,0.00000000,68.77056668,0.00000000,0.00000000,25.00174700,30.97213678,27.15938407,539.40926699,49861.07612682,9891.18697000
4,552,0.000000,0.080000,0.00000000,2.39428050,0.00000000,82.49312670,0.00000000,0.00000000,0.00000000,2.39428050,0.00000000,0.00000000,48464.44052665,7912.94957600
4,553,0.000000,0.072000,0.00000000,2.39428050,0.00000000,74.00438598,0.00000000,0.00000000,0.00000000,2.39428050,0.00000000,0.00000000,47067.80492649,7912.94957600
4,554,0.000000,0.072000,0.00000000,72.94337444,0.00000000,3.45529204,0.00000000,0.00000000,63.67817400,72.94337444,68.65710149,1244.73187308,46915.90119941,7912.94957600
4,555,0.000000,0.080000,0.00000000,84.88740720,0.00000000,0.00000000,0.00000000,0.00000000,74.62345623,84.88740720,80.32611599,1425.66494107,46944.93054031,7912.94957600
4,556,0.000000,0.092000,0.00000000,2.99285063,0.00000000,94.62766766,0.00000000,0.00000000,0.00000000,2.99285063,0.00000000,0.00000000,45199.13604011,9891.18697000
4,557,0.000000,0.094000,0.00000000,99.74270346,0.00000000,0.00000000,0.00000000,0.00000000,88.27205602,99.74270346,94.84913351,1644.26937251,45446.76981245,7912.94957600
4,558,0.000000,0.084000,0.00000000,89.13177756,0.00000000,0.00000000,0.00000000,0.00000000,78.51291571,89.13177756,84.47275727,1489.96039021,45540.09460249,7912.94957600
4,559,0.101000,0.043000,45.56350981,44.33323217,0.00000000,1.29374920,0.00000000,0.00000000,78.66539600,89.89674197,84.63532017,1492.48104146,45286.78114374,9891.18697000
4,560,0.274000,0.036000,89.29817185,0.00000000,34.30976565,38.19933324,0.00000000,0.00000000,78.66539600,89.29817185,84.63532017,1492.48104146,45382.62658503,7912.94957600
4,561,0.424000,0.050000,0.00000000,18.95776159,191.27651642,34.09686792,0.00000000,0.00000000,14.20500000,18.95776159,15.48029780,318.82444922,43955.65653404,9891.18697000
4,562,0.539000,0.079000,23.50088731,83.82631461,219.65487295,0.00000000,0.00000000,0.00000000,94.69756566,107.32720193,101.68074366,1745.79450000,43955.65653384,9891.18697000
4,563,0.598000,0.110000,0.00000000,107.32720193,269.77206797,9.39298298,0.00000000,0.00000000,94.69756566,107.32720193,101.68074366,1745.79450000,43955.65653363,9891.18697000
4,564,0.610000,0.127000,107.32720193,0.00000000,167.85835236,134.75875893,0.00000000,0.00000000,94.69756566,107.32720193,101.68074366,1745.79450000,43955.65653343,9891.18697000
4,565,0.580000,0.141000,107.32720193,0.00000000,154.32463658,149.61405519,0.00000000,0.00000000,94.69756566,107.32720193,101.68074366,1745.79450000,43955.65653322,9891.18697000
4,566,0.506000,0.153000,89.29817185,0.00000000,138.97050105,162.34716627,0.00000000,0.00000000,78.66539600,89.29817185,84.63532017,1492.48104146,44051.50197452,7912.94957600
4,567,0.389000,0.166000,107.32720193,0.00000000,68.15997942,176.14136994,0.00000000,0.00000000,94.69756566,107.32720193,101.68074366,1745.79450000,44051.50197431,9891.18697000
4,568,0.237000,0.183000,106.91635470,0.41084723,0.00000000,193.76909675,0.00000000,0.00000000,94.69756566,107.32720193,101.68074366,1745.79450000,44051.50197411,9891.18697000
4,569,0.078000,0.186000,18.35919146,0.00000000,16.82846958,197.36322174,0.00000000,0.00000000,14.20500000,18.35919146,15.48029780,318.82444922,42973.69082316,7912.94957600
4,570,0.000000,0.198000,0.00000000,106.74287491,0.00000000,103.35345791,0.00000000,0.00000000,94.69756566,106.74287491,101.68074366,1745.79450000,43314.54140799,7960.02218223
4,571,0.000000,0.202000,0.00000000,107.32720193,0.00000000,107.01350126,0.00000000,0.00000000,94.69756566,107.32720193,101.68074366,1745.79450000,43314.54140779,9891.18697000
4,572,0.000000,0.192000,0.00000000,89.29817185,0.00000000,114.43160543,0.00000000,0.00000000,78.66539600,89.29817185,84.63532017,1492.48104146,43410.38684908,7912.94957600
4,573,0.000000,0.178000,0.00000000,89.29817185,0.00000000,99.57630917,0.00000000,0.00000000,78.66539600,89.29817185,84.63532017,1492.48104146,43506.23229037,7912.94957600
4,574,0.000000,0.144000,0.00000000,30.97213678,0.00000000,121.82519618,0.00000000,0.00000000,25.00174700,30.97213678,27.15938407,539.40926699,42299.84705716,9891.18697000
4,575,0.000000,0.093000,0.00000000,98.68161087,0.00000000,0.00000000,0.00000000,0.00000000,87.29608543,98.68161087,93.81148031,1628.84872184,42532.06017884,7912.94957600
4,576,0.000000,0.050000,0.00000000,30.37356422,0.00000000,22.68106528,0.00000000,0.00000000,25.00174700,30.37356422,27.15938231,539.40882693,41674.83340560,7912.94957600
4,577,0.000000,0.027000,0.00000000,28.64949993,0.00000000,0.00000000,0.00000000,0.00000000,23.45241219,28.64949993,25.48343193,507.75493562,40785.95274106,7912.94957600
4,578,0.000000,0.020000,0.00000000,2.99285063,0.00000000,18.22900117,0.00000000,0.00000000,0.00000000,2.99285063,0.00000000,0.00000000,39040.15824085,9891.18697000
4,579,0.000000,0.020000,0.00000000,21.22185180,0.00000000,0.00000000,0.00000000,0.00000000,16.77753708,21.22185180,18.26306912,371.38301071,38014.90565139,7912.94957600
4,580,0.000000,0.021000,0.00000000,22.28294439,0.00000000,0.00000000,0.00000000,0.00000000,17.73109067,22.28294439,19.29454952,390.86471427,37009.13476550,7912.94957600
4,581,0.000000,0.026000,0.00000000,27.58840734,0.00000000,0.00000000,0.00000000,0.00000000,21.96095202,27.58840734,23.87008586,477.28345997,35740.62372526,9891.18697000
4,582,0.000000,0.034000,0.00000000,36.07714806,0.00000000,0.00000000,0.00000000,0.00000000,29.61593320,36.07714806,32.12924062,628.32685350,34623.15607855,9891.18697000
4,583,0.092000,0.032000,38.98841053,33.95496288,2.51498454,0.00000000,0.00000000,0.00000000,63.67817400,72.94337341,68.65710075,1244.73168631,34471.25216470,7912.94957600
4,584,0.257000,0.038000,106.72863180,0.00000000,9.21020009,40.32151842,0.00000000,0.00000000,94.69756566,106.72863180,101.68074366,1745.79450000,34820.41106454,7912.94957600
4,585,0.400000,0.046000,107.32720193,0.00000000,73.12234187,48.81025914,0.00000000,0.00000000,94.69756566,107.32720193,101.68074366,1745.79450000,34820.41106433,9891.18697000
4,586,0.502000,0.058000,106.72863180,0.00000000,119.73554566,61.54337022,0.00000000,0.00000000,94.69756566,106.72863180,101.68074366,1745.79450000,35169.56996417,7912.94957600
4,587,0.574000,0.072000,107.32720193,0.00000000,151.61789342,76.39866648,0.00000000,0.00000000,94.69756566,107.32720193,101.68074366,1745.79450000,35169.56996396,9891.18697000
4,588,0.597000,0.085000,107.32720193,0.00000000,161.99374219,90.19287015,0.00000000,0.00000000,94.69756566,107.32720193,101.68074366,1745.79450000,35169.56996376,9891.18697000
4,589,0.577000,0.097000,107.32720193,0.00000000,152.97126500,102.92598123,0.00000000,0.00000000,94.69756566,107.32720193,101.68074366,1745.79450000,35169.56996355,9891.18697000
4,590,0.509000,0.109000,107.32720193,0.00000000,122.29484255,115.65909231,0.00000000,0.00000000,94.69756566,107.32720193,101.68074366,1745.79450000,35169.56996335,9891.18697000
4,591,0.395000,0.124000,106.72863180,0.00000000,71.46529270,131.57548116,0.00000000,0.00000000,94.69756566,106.72863180,101.68074366,1745.79450000,35518.72886318,7912.94957600
4,592,0.237000,0.141000,106.91635470,0.41084723,0.00000000,149.20320796,0.00000000,0.00000000,94.69756566,107.32720193,101.68074366,1745.79450000,35518.72886298,9891.18697000
4,593,0.082000,0.162000,2.99285063,0.00000000,33.99930585,171.89699958,0.00000000,0.00000000,0.00000000,2.99285063,0.00000000,0.00000000,33772.93436277,9891.18697000
4,594,0.000000,0.206000,0.00000000,107.32720193,0.00000000,111.25787162,0.00000000,0.00000000,94.69756566,107.32720193,101.68074366,1745.79450000,33772.93436257,9891.18697000
4,595,0.000000,0.246000,0.00000000,107.32720193,0.00000000,153.70157522,0.00000000,0.00000000,94.69756566,107.32720193,101.68074366,1745.79450000,33772.93436236,9891.18697000
4,596,0.000000,0.256000,0.00000000,107.32720193,0.00000000,164.31250112,0.00000000,0.00000000,94.69756566,107.32720193,101.68074366,1745.79450000,33772.93436216,9891.18697000
4,597,0.000000,0.253000,0.00000000,107.32720193,0.00000000,161.12922335,0.00000000,0.00000000,94.69756566,107.32720193,101.68074366,1745.79450000,33772.93436195,9891.18697000
4,598,0.000000,0.238000,0.00000000,107.32720193,0.00000000,145.21283450,0.00000000,0.00000000,94.69756566,107.32720193,101.68074366,1745.79450000,33772.93436175,9891.18697000
4,599,0.000000,0.208000,0.00000000,107.32720193,0.00000000,113.38005680,0.00000000,0.00000000,94.69756566,107.32720193,101.68074366,1745.79450000,33772.93436154,9891.18697000
4,600,0.000000,0.167000,0.00000000,107.32720193,0.00000000,69.87526061,0.00000000,0.00000000,94.69756566,107.32720193,101.68074366,1745.79450000,33772.93436134,9891.18697000
4,601,0.000000,0.130000,0.00000000,107.32720193,0.00000000,30.61483478,0.00000000,0.00000000,94.69756566,107.32720193,101.68074366,1745.79450000,33772.93436113,9891.18697000
4,602,0.000000,0.103000,0.00000000,107.32720193,0.00000000,1.96533485,0.00000000,0.00000000,94.69756566,107.32720193,101.68074366,1745.79450000,33772.93436093,9891.18697000
4,603,0.000000,0.080000,0.00000000,58.26858481,0.00000000,26.61882239,0.00000000,0.00000000,49.73928100,58.26858481,53.75120360,1002.98064984,33030.12051056,9891.18697000
4,604,0.000000,0.060000,0.00000000,2.99285063,0.00000000,60.67270478,0.00000000,0.00000000,0.00000000,2.99285063,0.00000000,0.00000000,31284.32601035,9891.18697000
4,605,0.000000,0.043000,0.00000000,44.07720920,0.00000000,1.54977217,0.00000000,0.00000000,36.84682300,44.07720920,39.91750095,767.66948863,30306.20099878,9891.18697000
4,606,0.000000,0.035000,0.00000000,30.97213435,0.00000000,6.16610630,0.00000000,0.00000000,25.00174700,30.97213435,27.15938231,539.40882693,29099.81532550,9891.18697000
4,607,0.093000,0.027000,41.95451893,16.31406588,0.00000000,12.33543405,0.00000000,0.00000000,49.73928100,58.26858481,53.75120360,1002.98064984,28357.00147513,9891.18697000
4,608,0.260000,0.037000,107.32720193,0.00000000,9.96500154,39.26042583,0.00000000,0.00000000,94.69756566,107.32720193,101.68074366,1745.79450000,28357.00147493,9891.18697000
4,609,0.410000,0.041000,107.32720193,0.00000000,77.63358046,43.50479619,0.00000000,0.00000000,94.69756566,107.32720193,101.68074366,1745.79450000,28357.00147472,9891.18697000
4,610,0.523000,0.035000,107.32720193,0.00000000,128.61057659,37.13824065,0.00000000,0.00000000,94.69756566,107.32720193,101.68074366,1745.79450000,28357.00147452,9891.18697000
4,611,0.584000,0.035000,107.32720193,0.00000000,156.12913202,37.13824065,0.00000000,0.00000000,94.69756566,107.32720193,101.68074366,1745.79450000,28357.00147431,9891.18697000
4,612,0.602000,0.047000,107.32720193,0.00000000,164.24936149,49.87135173,0.00000000,0.00000000,94.69756566,107.32720193,101.68074366,1745.79450000,28357.00147411,9891.18697000
4,613,0.573000,0.066000,107.32720193,0.00000000,151.16676956,70.03211094,0.00000000,0.00000000,94.69756566,107.32720193,101.68074366,1745.79450000,28357.00147390,9891.18697000
4,614,0.506000,0.084000,18.19542436,89.13177756,210.07324854,0.00000000,0.00000000,0.00000000,94.69756566,107.32720193,101.68074366,1745.79450000,28357.00147370,9891.18697000
4,615,0.401000,0.103000,0.00000000,107.32720193,180.90066766,1.96533485,0.00000000,0.00000000,94.69756566,107.32720193,101.68074366,1745.79450000,28357.00147349,9891.18697000
4,616,0.253000,0.120000,0.00000000,107.32720193,114.13433645,20.00390888,0.00000000,0.00000000,94.69756566,107.32720193,101.68074366,1745.79450000,28357.00147329,9891.18697000
4,617,0.085000,0.145000,38.34552806,68.98167387,0.00000000,84.87675168,0.00000000,0.00000000,94.69756566,107.32720193,101.68074366,1745.79450000,28357.00147308,9891.18697000
4,618,0.000000,0.182000,0.00000000,107.32720193,0.00000000,85.79164946,0.00000000,0.00000000,94.69756566,107.32720193,101.68074366,1745.79450000,28357.00147288,9891.18697000
4,619,0.000000,0.193000,0.00000000,107.32720193,0.00000000,97.46366795,0.00000000,0.00000000,94.69756566,107.32720193,101.68074366,1745.79450000,28357.00147267,9891.18697000
4,620,0.000000,0.164000,0.00000000,107.32720193,0.00000000,66.69198284,0.00000000,0.00000000,94.69756566,107.32720193,101.68074366,1745.79450000,28357.00147247,9891.18697000
4,621,0.000000,0.133000,0.00000000,107.32720193,0.00000000,33.79811255,0.00000000,0.00000000,94.69756566,107.32720193,101.68074366,1745.79450000,28357.00147226,9891.18697000
4,622,0.000000,0.118000,0.00000000,107.32720193,0.00000000,17.88172370,0.00000000,0.00000000,94.69756566,107.32720193,101.68074366,1745.79450000,28357.00147206,9891.18697000
4,623,0.000000,0.119000,0.00000000,107.32720193,0.00000000,18.94281629,0.00000000,0.00000000,94.69756566,107.32720193,101.68074366,1745.79450000,28357.00147185,9891.18697000
4,624,0.000000,0.118000,0.00000000,107.32720193,0.00000000,17.88172370,0.00000000,0.00000000,94.69756566,107.32720193,101.68074366,1745.79450000,28357.00147165,9891.18697000
4,625,0.000000,0.116000,0.00000000,107.32720193,0.00000000,15.75953852,0.00000000,0.00000000,94.69756566,107.32720193,101.68074366,1745.79450000,28357.00147144,9891.18697000
4,626,0.000000,0.122000,0.00000000,107.32720193,0.00000000,22.12609406,0.00000000,0.00000000,94.69756566,107.32720193,101.68074366,1745.79450000,28357.00147124,9891.18697000
4,627,0.000000,0.130000,0.00000000,107.32720193,0.00000000,30.61483478,0.00000000,0.00000000,94.69756566,107.32720193,101.68074366,1745.79450000,28357.00147103,9891.18697000
4,628,0.000000,0.133000,0.00000000,107.32720193,0.00000000,33.79811255,0.00000000,0.00000000,94.69756566,107.32720193,101.68074366,1745.79450000,28357.00147083,9891.18697000
4,629,0.000000,0.140000,0.00000000,107.32720193,0.00000000,41.22576068,0.00000000,0.00000000,94.69756566,107.32720193,101.68074366,1745.79450000,28357.00147062,9891.18697000
4,630,0.000000,0.159000,0.00000000,107.32720193,0.00000000,61.38651989,0.00000000,0.00000000,94.69756566,107.32720193,101.68074366,1745.79450000,28357.00147042,9891.18697000
4,631,0.085000,0.148000,38.34552806,68.98167387,0.00000000,88.06002945,0.00000000,0.00000000,94.69756566,107.32720193,101.68074366,1745.79450000,28357.00147021,9891.18697000
4,632,0.253000,0.183000,89.89674197,0.00000000,24.23759448,194.17994397,0.00000000,0.00000000,78.66539600,89.89674197,84.63532017,1492.48104146,28103.68801146,9891.18697000
4,633,0.422000,0.169000,107.32720193,0.00000000,83.04706678,179.32464771,0.00000000,0.00000000,94.69756566,107.32720193,101.68074366,1745.79450000,28103.68801126,9891.18697000
4,634,0.544000,0.132000,0.00000000,107.32720193,245.41137956,32.73701996,0.00000000,0.00000000,94.69756566,107.32720193,101.68074366,1745.79450000,28103.68801105,9891.18697000
4,635,0.616000,0.100000,107.32720193,0.00000000,170.56509552,106.10925900,0.00000000,0.00000000,94.69756566,107.32720193,101.68074366,1745.79450000,28103.68801085,9891.18697000
4,636,0.638000,0.081000,107.32720193,0.00000000,180.48982043,85.94849979,0.00000000,0.00000000,94.69756566,107.32720193,101.68074366,1745.79450000,28103.68801064,9891.18697000
4,637,0.611000,0.069000,34.11181322,73.21538871,241.52486493,0.00000000,0.00000000,0.00000000,94.69756566,107.32720193,101.68074366,1745.79450000,28103.68801044,9891.18697000
4,638,0.540000,0.066000,107.32720193,0.00000000,136.27968220,70.03211094,0.00000000,0.00000000,94.69756566,107.32720193,101.68074366,1745.79450000,28103.68801023,9891.18697000
4,639,0.420000,0.067000,107.32720193,0.00000000,82.14481906,71.09320353,0.00000000,0.00000000,94.69756566,107.32720193,101.68074366,1745.79450000,28103.68801003,9891.18697000
4,640,0.262000,0.065000,107.32720193,0.00000000,10.86724926,68.97101835,0.00000000,0.00000000,94.69756566,107.32720193,101.68074366,1745.79450000,28103.68800982,9891.18697000
4,641,0.077000,0.083000,34.73653718,72.59066475,0.00000000,15.48002023,0.00000000,0.00000000,94.69756566,107.32720193,101.68074366,1745.79450000,28103.68800962,9891.18697000
4,642,0.000000,0.146000,0.00000000,107.32720193,0.00000000,47.59231622,0.00000000,0.00000000,94.69756566,107.32720193,101.68074366,1745.79450000,28103.68800941,9891.18697000
4,643,0.000000,0.217000,0.00000000,107.32720193,0.00000000,122.92989011,0.00000000,0.00000000,94.69756566,107.32720193,101.68074366,1745.79450000,28103.68800921,9891.18697000
4,644,0.000000,0.253000,0.00000000,107.32720193,0.00000000,161.12922335,0.00000000,0.00000000,94.69756566,107.32720193,101.68074366,1745.79450000,28103.68800900,9891.18697000
4,645,0.000000,0.270000,0.00000000,107.32720193,0.00000000,179.16779738,0.00000000,0.00000000,94.69756566,107.32720193,101.68074366,1745.79450000,28103.68800880,9891.18697000
4,646,0.000000,0.279000,0.00000000,107.32720193,0.00000000,188.71763069,0.00000000,0.00000000,94.69756566,107.32720193,101.68074366,1745.79450000,28103.68800859,9891.18697000
4,647,0.000000,0.280000,0.00000000,107.32720193,0.00000000,189.77872328,0.00000000,0.00000000,94.69756566,107.32720193,101.68074366,1745.79450000,28103.68800839,9891.18697000
4,648,0.000000,0.266000,0.00000000,107.32720193,0.00000000,174.92342702,0.00000000,0.00000000,94.69756566,107.32720193,101.68074366,1745.79450000,28103.68800818,9891.18697000
4,649,0.000000,0.241000,0.00000000,107.32720193,0.00000000,148.39611227,0.00000000,0.00000000,94.69756566,107.32720193,101.68074366,1745.79450000,28103.68800798,9891.18697000
4,650,0.000000,0.225000,0.00000000,107.32720193,0.00000000,131.41863083,0.00000000,0.00000000,94.69756566,107.32720193,101.68074366,1745.79450000,28103.68800777,9891.18697000
4,651,0.000000,0.234000,0.00000000,107.32720193,0.00000000,140.96846414,0.00000000,0.00000000,94.69756566,107.32720193,101.68074366,1745.79450000,28103.68800757,9891.18697000
4,652,0.000000,0.250000,0.00000000,95.24488576,0.00000000,170.02826174,0.00000000,0.00000000,84.13505811,95.24488576,90.45067199,1578.90346930,28285.95587671,7912.94957600
4,653,0.000000,0.272000,0.00000000,107.32720193,0.00000000,181.28998256,0.00000000,0.00000000,94.69756566,107.32720193,101.68074366,1745.79450000,28285.95587650,9891.18697000
4,654,0.000000,0.290000,0.00000000,89.29817185,0.00000000,218.41867925,0.00000000,0.00000000,78.66539600,89.29817185,84.63532017,1492.48104146,28381.80131779,7912.94957600
4,655,0.102000,0.234000,46.01463367,61.31256826,0.00000000,186.98309780,0.00000000,0.00000000,94.69756566,107.32720193,101.68074366,1745.79450000,28381.80131759,9891.18697000
4,656,0.282000,0.303000,89.89674197,0.00000000,37.32018640,321.51105477,0.00000000,0.00000000,78.66539600,89.89674197,84.63532017,1492.48104146,28128.48785884,9891.18697000
4,657,0.440000,0.351000,107.32720193,0.00000000,91.16729625,372.44349909,0.00000000,0.00000000,94.69756566,107.32720193,101.68074366,1745.79450000,28128.48785864,9891.18697000
4,658,0.552000,0.332000,89.29817185,0.00000000,159.72219859,352.28273988,0.00000000,0.00000000,78.66539600,89.29817185,84.63532017,1492.48104146,28224.33329993,7912.94957600
4,659,0.620000,0.301000,107.32720193,0.00000000,172.36959096,319.38886959,0.00000000,0.00000000,94.69756566,107.32720193,101.68074366,1745.79450000,28224.33329972,9891.18697000
4,660,0.644000,0.266000,107.32720193,0.00000000,183.19656359,282.25062894,0.00000000,0.00000000,94.69756566,107.32720193,101.68074366,1745.79450000,28224.33329952,9891.18697000
4,661,0.617000,0.237000,107.32720193,0.00000000,171.01621938,251.47894383,0.00000000,0.00000000,94.69756566,107.32720193,101.68074366,1745.79450000,28224.33329931,9891.18697000
4,662,0.541000,0.227000,107.32720193,0.00000000,136.73080606,240.86801793,0.00000000,0.00000000,94.69756566,107.32720193,101.68074366,1745.79450000,28224.33329911,9891.18697000
4,663,0.417000,0.227000,0.00000000,107.32720193,188.11864941,133.54081601,0.00000000,0.00000000,94.69756566,107.32720193,101.68074366,1745.79450000,28224.33329890,9891.18697000
4,664,0.246000,0.231000,107.32720193,0.00000000,3.64926751,245.11238829,0.00000000,0.00000000,94.69756566,107.32720193,101.68074366,1745.79450000,28224.33329870,9891.18697000
4,665,0.079000,0.233000,35.63878490,71.08984690,0.00000000,176.14472657,0.00000000,0.00000000,94.69756566,106.72863180,101.68074366,1745.79450000,28573.49219853,7912.94957600
4,666,0.000000,0.285000,0.00000000,106.72863180,0.00000000,195.68275635,0.00000000,0.00000000,94.69756566,106.72863180,101.68074366,1745.79450000,28922.65109837,7912.94957600
4,667,0.000000,0.388000,0.00000000,89.89674197,0.00000000,321.80718295,0.00000000,0.00000000,78.66539600,89.89674197,84.63532017,1492.48104146,28669.33763962,9891.18697000
4,668,0.000000,0.454000,0.00000000,89.89674197,0.00000000,391.83929389,0.00000000,0.00000000,78.66539600,89.89674197,84.63532017,1492.48104146,28416.02418087,9891.18697000
4,669,0.000000,0.459000,0.00000000,89.89674197,0.00000000,397.14475684,0.00000000,0.00000000,78.66539600,89.89674197,84.63532017,1492.48104146,28162.71072212,9891.18697000
4,670,0.000000,0.462000,0.00000000,107.32720193,0.00000000,382.89757466,0.00000000,0.00000000,94.69756566,107.32720193,101.68074366,1745.79450000,28162.71072192,9891.18697000
4,671,0.000000,0.452000,0.00000000,107.32720193,0.00000000,372.28664876,0.00000000,0.00000000,94.69756566,107.32720193,101.68074366,1745.79450000,28162.71072171,9891.18697000
4,672,0.000000,0.417000,0.00000000,107.32720193,0.00000000,335.14840811,0.00000000,0.00000000,94.69756566,107.32720193,101.68074366,1745.79450000,28162.71072151,9891.18697000
4,673,0.000000,0.379000,0.00000000,107.32720193,0.00000000,294.82688969,0.00000000,0.00000000,94.69756566,107.32720193,101.68074366,1745.79450000,28162.71072130,9891.18697000
4,674,0.000000,0.362000,0.00000000,89.89674197,0.00000000,294.21877561,0.00000000,0.00000000,78.66539600,89.89674197,84.63532017,1492.48104146,27909.39726255,9891.18697000
4,675,0.000000,0.357000,0.00000000,107.32720193,0.00000000,271.48285271,0.00000000,0.00000000,94.69756566,107.32720193,101.68074366,1745.79450000,27909.39726235,9891.18697000
4,676,0.000000,0.349000,0.00000000,89.89674197,0.00000000,280.42457194,0.00000000,0.00000000,78.66539600,89.89674197,84.63532017,1492.48104146,27656.08380360,9891.18697000
4,677,0.000000,0.301000,0.00000000,107.32720193,0.00000000,212.06166767,0.00000000,0.00000000,94.69756566,107.32720193,101.68074366,1745.79450000,27656.08380339,9891.18697000
4,678,0.000000,0.274000,0.00000000,89.29817185,0.00000000,201.44119781,0.00000000,0.00000000,78.66539600,89.29817185,84.63532017,1492.48104146,27751.92924469,7912.94957600
4,679,0.098000,0.218000,44.21013823,63.11706370,0.00000000,168.20112093,0.00000000,0.00000000,94.69756566,107.32720193,101.68074366,1745.79450000,27751.92924448,9891.18697000
4,680,0.272000,0.399000,107.32720193,0.00000000,15.37848786,423.37594341,0.00000000,0.00000000,94.69756566,107.32720193,101.68074366,1745.79450000,27751.92924428,9891.18697000
4,681,0.412000,0.540000,107.32720193,0.00000000,78.53582818,572.98999861,0.00000000,0.00000000,94.69756566,107.32720193,101.68074366,1745.79450000,27751.92924407,9891.18697000
4,682,0.511000,0.539000,107.32720193,0.00000000,123.19709027,571.92890602,0.00000000,0.00000000,94.69756566,107.32720193,101.68074366,1745.79450000,27751.92924387,9891.18697000
4,683,0.570000,0.481000,89.29817185,0.00000000,167.84242806,510.38553580,0.00000000,0.00000000,78.66539600,89.29817185,84.63532017,1492.48104146,27847.77468516,7912.94957600
4,684,0.574000,0.430000,107.32720193,0.00000000,151.61789342,456.26981370,0.00000000,0.00000000,94.69756566,107.32720193,101.68074366,1745.79450000,27847.77468495,9891.18697000
4,685,0.519000,0.365000,107.32720193,0.00000000,126.80608115,387.29879535,0.00000000,0.00000000,94.69756566,107.32720193,101.68074366,1745.79450000,27847.77468475,9891.18697000
4,686,0.419000,0.291000,89.29817185,0.00000000,99.72272528,308.77794369,0.00000000,0.00000000,78.66539600,89.29817185,84.63532017,1492.48104146,27943.62012604,7912.94957600
4,687,0.302000,0.244000,106.72863180,0.00000000,29.51077377,258.90659196,0.00000000,0.00000000,94.69756566,106.72863180,101.68074366,1745.79450000,28292.77902588,7912.94957600
4,688,0.163000,0.214000,0.00000000,107.32720193,73.53318910,119.74661234,0.00000000,0.00000000,94.69756566,107.32720193,101.68074366,1745.79450000,28292.77902567,9891.18697000
4,689,0.045000,0.176000,20.30057368,87.02662825,0.00000000,99.72566759,0.00000000,0.00000000,94.69756566,107.32720193,101.68074366,1745.79450000,28292.77902547,9891.18697000
4,690,0.000000,0.159000,0.00000000,89.89674197,0.00000000,78.81697984,0.00000000,0.00000000,78.66539600,89.89674197,84.63532017,1492.48104146,28039.46556672,9891.18697000
4,691,0.000000,0.183000,0.00000000,107.32720193,0.00000000,86.85274205,0.00000000,0.00000000,94.69756566,107.32720193,101.68074366,1745.79450000,28039.46556651,9891.18697000
4,692,0.000000,0.227000,0.00000000,107.32720193,0.00000000,133.54081601,0.00000000,0.00000000,94.69756566,107.32720193,101.68074366,1745.79450000,28039.46556631,9891.18697000
4,693,0.000000,0.276000,0.00000000,107.32720193,0.00000000,185.53435292,0.00000000,0.00000000,94.69756566,107.32720193,101.68074366,1745.79450000,28039.46556610,9891.18697000
4,694,0.000000,0.398000,0.00000000,89.89674197,0.00000000,332.41810885,0.00000000,0.00000000,78.66539600,89.89674197,84.63532017,1492.48104146,27786.15210735,9891.18697000
4,695,0.000000,0.399000,0.00000000,107.32720193,0.00000000,316.04874149,0.00000000,0.00000000,94.69756566,107.32720193,101.68074366,1745.79450000,27786.15210715,9891.18697000
4,696,0.000000,0.382000,0.00000000,107.32720193,0.00000000,298.01016746,0.00000000,0.00000000,94.69756566,107.32720193,101.68074366,1745.79450000,27786.15210694,9891.18697000
4,697,0.000000,0.384000,0.00000000,107.32720193,0.00000000,300.13235264,0.00000000,0.00000000,94.69756566,107.32720193,101.68074366,1745.79450000,27786.15210674,9891.18697000
4,698,0.000000,0.386000,0.00000000,107.32720193,0.00000000,302.25453782,0.00000000,0.00000000,94.69756566,107.32720193,101.68074366,1745.79450000,27786.15210653,9891.18697000
4,699,0.000000,0.388000,0.00000000,107.32720193,0.00000000,304.37672300,0.00000000,0.00000000,94.69756566,107.32720193,101.68074366,1745.79450000,27786.15210633,9891.18697000
4,700,0.000000,0.311000,0.00000000,107.32720193,0.00000000,222.67259357,0.00000000,0.00000000,94.69756566,107.32720193,101.68074366,1745.79450000,27786.15210612,9891.18697000
4,701,0.000000,0.212000,0.00000000,107.32720193,0.00000000,117.62442716,0.00000000,0.00000000,94.69756566,107.32720193,101.68074366,1745.79450000,27786.15210592,9891.18697000
4,702,0.000000,0.224000,0.00000000,107.32720193,0.00000000,130.35753824,0.00000000,0.00000000,94.69756566,107.32720193,101.68074366,1745.79450000,27786.15210571,9891.18697000
4,703,0.054000,0.233000,24.36068841,82.96651351,0.00000000,164.26805996,0.00000000,0.00000000,94.69756566,107.32720193,101.68074366,1745.79450000,27786.15210551,9891.18697000
4,704,0.141000,0.299000,63.60846419,26.28827779,0.00000000,290.97840663,0.00000000,0.00000000,78.66539600,89.89674197,84.63532017,1492.48104146,27532.83864676,9891.18697000
4,705,0.237000,0.334000,0.00000000,107.32720193,106.91635470,247.07772314,0.00000000,0.00000000,94.69756566,107.32720193,101.68074366,1745.79450000,27532.83864655,9891.18697000
4,706,0.333000,0.309000,107.32720193,0.00000000,42.89704328,327.87761031,0.00000000,0.00000000,94.69756566,107.32720193,101.68074366,1745.79450000,27532.83864635,9891.18697000
4,707,0.401000,0.259000,107.32720193,0.00000000,73.57346573,274.82298081,0.00000000,0.00000000,94.69756566,107.32720193,101.68074366,1745.79450000,27532.83864614,9891.18697000
4,708,0.457000,0.212000,107.32720193,0.00000000,98.83640186,224.95162908,0.00000000,0.00000000,94.69756566,107.32720193,101.68074366,1745.79450000,27532.83864594,9891.18697000
4,709,0.450000,0.182000,107.32720193,0.00000000,95.67853484,193.11885138,0.00000000,0.00000000,94.69756566,107.32720193,101.68074366,1745.79450000,27532.83864573,9891.18697000
4,710,0.386000,0.167000,107.32720193,0.00000000,66.80660784,177.20246253,0.00000000,0.00000000,94.69756566,107.32720193,101.68074366,1745.79450000,27532.83864553,9891.18697000
4,711,0.282000,0.172000,107.32720193,0.00000000,19.88972645,182.50792548,0.00000000,0.00000000,94.69756566,107.32720193,101.68074366,1745.79450000,27532.83864532,9891.18697000
4,712,0.163000,0.202000,73.53318910,33.79401283,0.00000000,180.54669035,0.00000000,0.00000000,94.69756566,107.32720193,101.68074366,1745.79450000,27532.83864512,9891.18697000
4,713,0.047000,0.237000,21.20282140,86.12438053,0.00000000,165.35456330,0.00000000,0.00000000,94.69756566,107.32720193,101.68074366,1745.79450000,27532.83864491,9891.18697000
4,714,0.000000,0.303000,0.00000000,107.32720193,0.00000000,214.18385285,0.00000000,0.00000000,94.69756566,107.32720193,101.68074366,1745.79450000,27532.83864471,9891.18697000
4,715,0.000000,0.351000,0.00000000,107.32720193,0.00000000,265.11629717,0.00000000,0.00000000,94.69756566,107.32720193,101.68074366,1745.79450000,27532.83864450,9891.18697000
4,716,0.000000,0.349000,0.00000000,107.32720193,0.00000000,262.99411199,0.00000000,0.00000000,94.69756566,107.32720193,101.68074366,1745.79450000,27532.83864430,9891.18697000
4,717,0.000000,0.332000,0.00000000,107.32720193,0.00000000,244.95553796,0.00000000,0.00000000,94.69756566,107.32720193,101.68074366,1745.79450000,27532.83864409,9891.18697000
4,718,0.000000,0.317000,0.00000000,107.32720193,0.00000000,229.03914911,0.00000000,0.00000000,94.69756566,107.32720193,101.68074366,1745.79450000,27532.83864389,9891.18697000
4,719,0.000000,0.291000,0.00000000,107.32720193,0.00000000,201.45074177,0.00000000,0.00000000,94.69756566,107.32720193,101.68074366,1745.79450000,27532.83864368,9891.18697000
4,720,0.000000,0.255000,0.00000000,107.32720193,0.00000000,163.25140853,0.00000000,0.00000000,94.69756566,107.32720193,101.68074366,1745.79450000,27532.83864348,9891.18697000
4,721,0.000000,0.233000,0.00000000,107.32720193,0.00000000,139.90737155,0.00000000,0.00000000,94.69756566,107.32720193,101.68074366,1745.79450000,27532.83864327,9891.18697000
4,722,0.000000,0.231000,0.00000000,107.32720193,0.00000000,137.78518637,0.00000000,0.00000000,94.69756566,107.32720193,101.68074366,1745.79450000,27532.83864307,9891.18697000
4,723,0.000000,0.219000,0.00000000,107.32720193,0.00000000,125.05207529,0.00000000,0.00000000,94.69756566,107.32720193,101.68074366,1745.79450000,27532.83864286,9891.18697000
4,724,0.000000,0.184000,0.00000000,107.32720193,0.00000000,87.91383464,0.00000000,0.00000000,94.69756566,107.32720193,101.68074366,1745.79450000,27532.83864266,9891.18697000
4,725,0.000000,0.138000,0.00000000,107.32720193,0.00000000,39.10357550,0.00000000,0.00000000,94.69756566,107.32720193,101.68074366,1745.79450000,27532.83864245,9891.18697000
4,726,0.000000,0.123000,0.00000000,107.32720193,0.00000000,23.18718665,0.00000000,0.00000000,94.69756566,107.32720193,101.68074366,1745.79450000,27532.83864225,9891.18697000
4,727,0.060000,0.112000,27.06743157,80.25977036,0.00000000,38.58259972,0.00000000,0.00000000,94.69756566,107.32720193,101.68074366,1745.79450000,27532.83864204,9891.18697000
4,728,0.162000,0.090000,73.08206524,34.24513669,0.00000000,61.25319641,0.00000000,0.00000000,94.69756566,107.32720193,101.68074366,1745.79450000,27532.83864184,9891.18697000
4,729,0.282000,0.111000,107.32720193,0.00000000,19.88972645,117.78127749,0.00000000,0.00000000,94.69756566,107.32720193,101.68074366,1745.79450000,27532.83864163,9891.18697000
4,730,0.379000,0.116000,107.32720193,0.00000000,63.64874082,123.08674044,0.00000000,0.00000000,94.69756566,107.32720193,101.68074366,1745.79450000,27532.83864143,9891.18697000
4,731,0.430000,0.104000,0.00000000,107.32720193,193.98325958,3.02642744,0.00000000,0.00000000,94.69756566,107.32720193,101.68074366,1745.79450000,27532.83864122,9891.18697000
4,732,0.434000,0.090000,107.32720193,0.00000000,88.46055309,95.49833310,0.00000000,0.00000000,94.69756566,107.32720193,101.68074366,1745.79450000,27532.83864102,9891.18697000
4,733,0.390000,0.080000,107.32720193,0.00000000,68.61110328,84.88740720,0.00000000,0.00000000,94.69756566,107.32720193,101.68074366,1745.79450000,27532.83864081,9891.18697000
4,734,0.320000,0.074000,107.32720193,0.00000000,37.03243311,78.52085166,0.00000000,0.00000000,94.69756566,107.32720193,101.68074366,1745.79450000,27532.83864061,9891.18697000
4,735,0.226000,0.073000,29.86744286,77.45975907,72.08654939,0.00000000,0.00000000,0.00000000,94.69756566,107.32720193,101.68074366,1745.79450000,27532.83864040,9891.18697000
4,736,0.136000,0.076000,61.35284489,45.97435704,0.00000000,34.66867981,0.00000000,0.00000000,94.69756566,107.32720193,101.68074366,1745.79450000,27532.83864020,9891.18697000
4,737,0.045000,0.089000,20.30057368,69.59616830,0.00000000,24.84107221,0.00000000,0.00000000,78.66539600,89.89674197,84.63532017,1492.48104146,27279.52518145,9891.18697000
4,738,0.000000,0.120000,0.00000000,107.32720193,0.00000000,20.00390888,0.00000000,0.00000000,94.69756566,107.32720193,101.68074366,1745.79450000,27279.52518124,9891.18697000
4,739,0.000000,0.161000,0.00000000,107.32720193,0.00000000,63.50870507,0.00000000,0.00000000,94.69756566,107.32720193,101.68074366,1745.79450000,27279.52518104,9891.18697000
4,740,0.000000,0.212000,0.00000000,107.32720193,0.00000000,117.62442716,0.00000000,0.00000000,94.69756566,107.32720193,101.68074366,1745.79450000,27279.52518083,9891.18697000
4,741,0.000000,0.256000,0.00000000,107.32720193,0.00000000,164.31250112,0.00000000,0.00000000,94.69756566,107.32720193,101.68074366,1745.79450000,27279.52518063,9891.18697000
4,742,0.000000,0.274000,0.00000000,107.32720193,0.00000000,183.41216774,0.00000000,0.00000000,94.69756566,107.32720193,101.68074366,1745.79450000,27279.52518042,9891.18697000
4,743,0.000000,0.266000,0.00000000,107.32720193,0.00000000,174.92342702,0.00000000,0.00000000,94.69756566,107.32720193,101.68074366,1745.79450000,27279.52518022,9891.18697000
4,744,0.000000,0.251000,0.00000000,2.99285063,0.00000000,263.34138947,0.00000000,0.00000000,0.00000000,2.99285063,0.00000000,0.00000000,25533.73068001,9891.18697000
5,1,0.000000,0.156000,0.00000000,106.72863180,0.00000000,58.80181224,0.00000000,0.00000000,94.69756566,106.72863180,101.68074366,1745.79450000,25882.88957985,7912.94957600
5,2,0.000000,0.183000,0.00000000,106.72863180,0.00000000,87.45131217,0.00000000,0.00000000,94.69756566,106.72863180,101.68074366,1745.79450000,26232.04847969,7912.94957600
5,3,0.000000,0.204000,0.00000000,106.72863180,0.00000000,109.73425656,0.00000000,0.00000000,94.69756566,106.72863180,101.68074366,1745.79450000,26581.20737952,7912.94957600
5,4,0.000000,0.214000,0.00000000,106.72863180,0.00000000,120.34518246,0.00000000,0.00000000,94.69756566,106.72863180,101.68074366,1745.79450000,26930.36627936,7912.94957600
5,5,0.000000,0.218000,0.00000000,106.72863180,0.00000000,124.58955282,0.00000000,0.00000000,94.69756566,106.72863180,101.68074366,1745.79450000,27279.52517919,7912.94957600
5,6,0.000000,0.219000,0.00000000,106.72863180,0.00000000,125.65064541,0.00000000,0.00000000,94.69756566,106.72863180,101.68074366,1745.79450000,27628.68407903,7912.94957600
5,7,0.123000,0.166000,55.48823472,51.24039708,0.00000000,124.90097286,0.00000000,0.00000000,94.69756566,106.72863180,101.68074366,1745.79450000,27977.84297887,7912.94957600
5,8,0.302000,0.233000,106.72863180,0.00000000,29.51077377,247.23457347,0.00000000,0.00000000,94.69756566,106.72863180,101.68074366,1745.79450000,28327.00187870,7912.94957600
5,9,0.458000,0.219000,106.72863180,0.00000000,99.88609585,232.37927721,0.00000000,0.00000000,94.69756566,106.72863180,101.68074366,1745.79450000,28676.16077854,7912.94957600
5,10,0.571000,0.154000,106.72863180,0.00000000,150.86309197,163.40825886,0.00000000,0.00000000,94.69756566,106.72863180,101.68074366,1745.79450000,29025.31967837,7912.94957600
5,11,0.643000,0.088000,106.72863180,0.00000000,183.34400985,93.37614792,0.00000000,0.00000000,94.69756566,106.72863180,101.68074366,1745.79450000,29374.47857821,7912.94957600
5,12,0.664000,0.037000,106.72863180,0.00000000,192.81761090,39.26042583,0.00000000,0.00000000,94.69756566,106.72863180,101.68074366,1745.79450000,29723.63747805,7912.94957600
5,13,0.624000,0.010000,106.72863180,0.00000000,174.77265652,10.61092590,0.00000000,0.00000000,94.69756566,106.72863180,101.68074366,1745.79450000,30072.79637788,7912.94957600
5,14,0.559000,0.003000,106.72863180,0.00000000,145.44960565,3.18327777,0.00000000,0.00000000,94.69756566,106.72863180,101.68074366,1745.79450000,30421.95527772,7912.94957600
5,15,0.448000,0.004000,106.72863180,0.00000000,95.37485725,4.24437036,0.00000000,0.00000000,94.69756566,106.72863180,101.68074366,1745.79450000,30771.11417755,7912.94957600
5,16,0.280000,0.010000,106.72863180,0.00000000,19.58604886,10.61092590,0.00000000,0.00000000,94.69756566,106.72863180,101.68074366,1745.79450000,31120.27307739,7912.94957600
5,17,0.107000,0.026000,48.27025297,27.58840734,0.00000000,0.00000000,4.45600109,0.00000000,70.43307980,80.31466140,75.85866031,1356.39512713,31080.03260436,7912.94957600
5,18,0.000000,0.067000,0.00000000,71.09320353,0.00000000,0.00000000,4.34368761,0.00000000,65.96318482,75.43689114,71.09320353,1282.50467865,30965.90168284,7912.94957600
5,19,0.000000,0.126000,0.00000000,106.72863180,0.00000000,26.96903454,0.00000000,0.00000000,94.69756566,106.72863180,101.68074366,1745.79450000,31315.06058268,7912.94957600
5,20,0.000000,0.160000,0.00000000,106.72863180,0.00000000,63.04618260,0.00000000,0.00000000,94.69756566,106.72863180,101.68074366,1745.79450000,31664.21948251,7912.94957600
5,21,0.000000,0.170000,0.00000000,106.72863180,0.00000000,73.65710850,0.00000000,0.00000000,94.69756566,106.72863180,101.68074366,1745.79450000,32013.37838235,7912.94957600
5,22,0.000000,0.174000,0.00000000,106.72863180,0.00000000,77.90147886,0.00000000,0.00000000,94.69756566,106.72863180,101.68074366,1745.79450000,32362.53728218,7912.94957600
5,23,0.000000,0.171000,0.00000000,106.72863180,0.00000000,74.71820109,0.00000000,0.00000000,94.69756566,106.72863180,101.68074366,1745.79450000,32711.69618202,7912.94957600
5,24,0.000000,0.167000,0.00000000,106.72863180,0.00000000,70.47383073,0.00000000,0.00000000,94.69756566,106.72863180,101.68074366,1745.79450000,33060.85508186,7912.94957600
5,25,0.000000,0.173000,0.00000000,106.72863180,0.00000000,76.84038627,0.00000000,0.00000000,94.69756566,106.72863180,101.68074366,1745.79450000,33410.01398169,7912.94957600
5,26,0.000000,0.192000,0.00000000,106.72863180,0.00000000,97.00114548,0.00000000,0.00000000,94.69756566,106.72863180,101.68074366,1745.79450000,33759.17288153,7912.94957600
5,27,0.000000,0.220000,0.00000000,106.72863180,0.00000000,126.71173800,0.00000000,0.00000000,94.69756566,106.72863180,101.68074366,1745.79450000,34108.33178136,7912.94957600
5,28,0.000000,0.236000,0.00000000,106.72863180,0.00000000,143.68921944,0.00000000,0.00000000,94.69756566,106.72863180,101.68074366,1745.79450000,34457.49068120,7912.94957600
5,29,0.000000,0.225000,0.00000000,106.72863180,0.00000000,132.01720095,0.00000000,0.00000000,94.69756566,106.72863180,101.68074366,1745.79450000,34806.64958104,7912.94957600
5,30,0.000000,0.209000,0.00000000,106.72863180,0.00000000,115.03971951,0.00000000,0.00000000,94.69756566,106.72863180,101.68074366,1745.79450000,35155.80848087,7912.94957600
5,31,0.071000,0.158000,32.02979402,74.69883778,0.00000000,92.95379144,0.00000000,0.00000000,94.69756566,106.72863180,101.68074366,1745.79450000,35504.96738071,7912.94957600
5,32,0.182000,0.136000,82.10454243,24.62408937,0.00000000,119.68450287,0.00000000,0.00000000,94.69756566,106.72863180,101.68074366,1745.79450000,35854.12628054,7912.94957600
5,33,0.294000,0.130000,106.72863180,0.00000000,25.90178289,137.94203670,0.00000000,0.00000000,94.69756566,106.72863180,101.68074366,1745.79450000,36203.28518038,7912.94957600
5,34,0.404000,0.089000,106.72863180,0.00000000,75.52540743,94.43724051,0.00000000,0.00000000,94.69756566,106.72863180,101.68074366,1745.79450000,36552.44408022,7912.94957600
5,35,0.470000,0.056000,106.72863180,0.00000000,105.29958216,59.42118504,0.00000000,0.00000000,94.69756566,106.72863180,101.68074366,1745.79450000,36901.60298005,7912.94957600
5,36,0.490000,0.030000,106.72863180,0.00000000,114.32205935,31.83277770,0.00000000,0.00000000,94.69756566,106.72863180,101.68074366,1745.79450000,37250.76187989,7912.94957600
5,37,0.445000,0.015000,106.72863180,0.00000000,94.02148567,15.91638885,0.00000000,0.00000000,94.69756566,106.72863180,101.68074366,1745.79450000,37599.92077972,7912.94957600
5,38,0.395000,0.009000,106.72863180,0.00000000,71.46529270,9.54983331,0.00000000,0.00000000,94.69756566,106.72863180,101.68074366,1745.79450000,37949.07967956,7912.94957600
5,39,0.305000,0.008000,106.72863180,0.00000000,30.86414534,8.48874072,0.00000000,0.00000000,94.69756566,106.72863180,101.68074366,1745.79450000,38298.23857940,7912.94957600
5,40,0.170000,0.014000,76.69105611,14.85529626,0.00000000,0.00000000,4.81896393,0.00000000,85.16560651,96.36531630,91.54635237,1595.18646682,38496.78944606,7912.94957600
5,41,0.062000,0.032000,27.96967929,33.95496288,0.00000000,0.00000000,4.12030320,0.00000000,57.38247717,66.04494537,61.92464217,1135.54124940,38235.69509529,7912.94957600
5,42,0.000000,0.060000,0.00000000,63.66555540,0.00000000,0.00000000,4.16322042,0.00000000,59.01045034,67.82877582,63.66555540,1163.77626552,38002.83576065,7912.94957600
5,43,0.000000,0.088000,0.00000000,93.37614792,0.00000000,0.00000000,4.86029690,0.00000000,86.88663108,98.23644482,93.37614792,1622.37921089,38228.57937138,7912.94957600
5,44,0.000000,0.100000,0.00000000,106.10925900,0.00000000,0.00000000,0.61937280,0.00000000,94.69756566,106.72863180,101.68074366,1745.79450000,38577.73827121,7912.94957600
5,45,0.000000,0.093000,0.00000000,98.68161087,0.00000000,0.00000000,4.98014119,0.00000000,91.87671432,103.66175206,98.68161087,1701.22413777,38882.32680882,7912.94957600
5,46,0.000000,0.077000,0.00000000,81.70412943,0.00000000,0.00000000,4.59376858,0.00000000,75.91600291,86.29789801,81.70412943,1447.03162971,38932.72283837,7912.94957600
5,47,0.000000,0.056000,0.00000000,59.42118504,0.00000000,0.00000000,4.05858764,0.00000000,55.04142941,63.47977268,59.42118504,1094.93890859,38631.02614680,7912.94957600
5,48,0.000000,0.038000,0.00000000,40.32151842,0.00000000,0.00000000,3.57158407,0.00000000,37.22335113,43.89310249,40.32151842,774.54182220,38008.93236883,7912.94957600
5,49,0.000000,0.028000,0.00000000,29.71059252,0.00000000,0.00000000,3.28356243,0.00000000,27.37037690,32.99415495,29.71059252,585.05390401,37197.35067268,7912.94957600
5,50,0.000000,0.024000,0.00000000,25.46622216,0.00000000,0.00000000,3.16557394,0.00000000,23.43650259,28.63179610,25.46622216,507.42989252,36308.14496504,7912.94957600
5,51,0.000000,0.025000,0.00000000,26.52731475,0.00000000,0.00000000,3.19603625,0.00000000,24.41743121,29.72335100,26.52731475,527.47088533,35438.98025020,7912.94957600
5,52,0.000000,0.034000,0.00000000,36.07714806,0.00000000,0.00000000,3.45670025,0.00000000,33.28130662,39.53384831,36.07714806,698.96036134,34741.30501137,7912.94957600
5,53,0.000000,0.047000,0.00000000,49.87135173,0.00000000,0.00000000,3.81849679,0.00000000,46.12341412,53.68984852,49.87135173,936.98440342,34281.65381463,7912.94957600
5,54,0.000000,0.058000,0.00000000,61.54337022,0.00000000,0.00000000,4.11090403,0.00000000,57.02593987,65.65427425,61.54337022,1129.35758706,34014.37580152,7912.94957600
5,55,0.064000,0.046000,28.87192701,48.81025914,0.00000000,0.00000000,4.49897841,0.00000000,72.14350744,82.18116456,77.68218615,1384.66967639,34002.40987775,7912.94957600
5,56,0.214000,0.039000,96.54050593,10.18812587,0.00000000,31.19448514,0.00000000,0.00000000,94.69756566,106.72863180,101.68074366,1745.79450000,34351.56877758,7912.94957600
5,57,0.386000,0.029000,106.72863180,0.00000000,67.40517796,30.77168511,0.00000000,0.00000000,94.69756566,106.72863180,101.68074366,1745.79450000,34700.72767742,7912.94957600
5,58,0.561000,0.019000,106.72863180,0.00000000,146.35185337,20.16075921,0.00000000,0.00000000,94.69756566,106.72863180,101.68074366,1745.79450000,35049.88657726,7912.94957600
5,59,0.658000,0.009000,106.72863180,0.00000000,190.11086774,9.54983331,0.00000000,0.00000000,94.69756566,106.72863180,101.68074366,1745.79450000,35399.04547709,7912.94957600
5,60,0.682000,0.003000,106.72863180,0.00000000,200.93784037,3.18327777,0.00000000,0.00000000,94.69756566,106.72863180,101.68074366,1745.79450000,35748.20437693,7912.94957600
5,61,0.637000,0.001000,106.72863180,0.00000000,180.63726669,1.06109259,0.00000000,0.00000000,94.69756566,106.72863180,101.68074366,1745.79450000,36097.36327676,7912.94957600
5,62,0.544000,0.000000,106.72863180,0.00000000,138.68274776,0.00000000,0.00000000,0.00000000,94.69756566,106.72863180,101.68074366,1745.79450000,36446.52217660,7912.94957600
5,63,0.412000,0.000000,106.72863180,0.00000000,79.13439831,0.00000000,0.00000000,0.00000000,94.69756566,106.72863180,101.68074366,1745.79450000,36795.68107644,7912.94957600
5,64,0.247000,0.000000,106.72863180,0.00000000,4.69896149,0.00000000,0.00000000,0.00000000,94.69756566,106.72863180,101.68074366,1745.79450000,37144.83997627,7912.94957600
5,65,0.084000,0.000000,37.89440420,0.00000000,0.00000000,0.00000000,3.50612034,0.00000000,34.96850988,41.40052454,37.89440420,731.47357940,36479.67795551,7912.94957600
5,66,0.000000,0.001000,0.00000000,1.06109259,0.00000000,0.00000000,1.33318791,0.00000000,0.00000000,2.39428050,0.00000000,0.00000000,35083.04235534,7912.94957600
5,67,0.000000,0.003000,0.00000000,2.39428050,0.00000000,0.78899727,0.00000000,0.00000000,0.00000000,2.39428050,0.00000000,0.00000000,33686.40675518,7912.94957600
5,68,0.000000,0.003000,0.00000000,2.39428050,0.00000000,0.78899727,0.00000000,0.00000000,0.00000000,2.39428050,0.00000000,0.00000000,32289.77115502,7912.94957600
5,69,0.000000,0.001000,0.00000000,1.06109259,0.00000000,0.00000000,1.33318791,0.00000000,0.00000000,2.39428050,0.00000000,0.00000000,30893.13555485,7912.94957600
5,70,0.000000,0.000000,0.00000000,0.00000000,0.00000000,0.00000000,2.39428050,0.00000000,0.00000000,2.39428050,0.00000000,0.00000000,29496.49995469,7912.94957600
5,71,0.000000,0.000000,0.00000000,0.00000000,0.00000000,0.00000000,2.39428050,0.00000000,0.00000000,2.39428050,0.00000000,0.00000000,28099.86435452,7912.94957600
5,72,0.000000,0.000000,0.00000000,0.00000000,0.00000000,0.00000000,2.39428050,0.00000000,0.00000000,2.39428050,0.00000000,0.00000000,26703.22875436,7912.94957600
5,73,0.000000,0.001000,0.00000000,1.06109259,0.00000000,0.00000000,1.33318791,0.00000000,0.00000000,2.39428050,0.00000000,0.00000000,25306.59315420,7912.94957600
5,74,0.000000,0.006000,0.00000000,2.39428050,0.00000000,3.97227504,0.00000000,0.00000000,0.00000000,2.39428050,0.00000000,0.00000000,23909.95755403,7912.94957600
5,75,0.000000,0.017000,0.00000000,18.03857403,0.00000000,0.00000000,2.95233777,0.00000000,16.57000226,20.99091180,18.03857403,367.14294288,22880.46489675,7912.94957600
5,76,0.000000,0.026000,0.00000000,27.58840734,0.00000000,0.00000000,3.22584983,0.00000000,25.40006700,30.81425717,27.58840734,547.08508491,22030.91438149,7912.94957600
5,77,0.000000,0.032000,0.00000000,33.95496288,0.00000000,0.00000000,3.39898764,0.00000000,31.31099671,37.35395052,33.95496288,660.99154223,21295.27032355,7912.94957600
5,78,0.000000,0.038000,0.00000000,40.32151842,0.00000000,0.00000000,3.57158407,0.00000000,37.22335113,43.89310249,40.32151842,774.54182220,20673.17654559,7912.94957600
5,79,0.060000,0.029000,27.06743157,30.77168511,0.00000000,0.00000000,4.01958628,0.00000000,53.56199620,61.85870296,57.83911668,1069.28011937,20345.82106480,7912.94957600
5,80,0.202000,0.031000,91.12701962,15.60161218,0.00000000,17.29225811,0.00000000,0.00000000,94.69756566,106.72863180,101.68074366,1745.79450000,20694.97996464,7912.94957600
5,81,0.391000,0.037000,106.72863180,0.00000000,69.66079726,39.26042583,0.00000000,0.00000000,94.69756566,106.72863180,101.68074366,1745.79450000,21044.13886447,7912.94957600
5,82,0.536000,0.032000,106.72863180,0.00000000,135.07375689,33.95496288,0.00000000,0.00000000,94.69756566,106.72863180,101.68074366,1745.79450000,21393.29776431,7912.94957600
5,83,0.622000,0.021000,106.72863180,0.00000000,173.87040880,22.28294439,0.00000000,0.00000000,94.69756566,106.72863180,101.68074366,1745.79450000,21742.45666414,7912.94957600
5,84,0.647000,0.010000,106.72863180,0.00000000,185.14850529,10.61092590,0.00000000,0.00000000,94.69756566,106.72863180,101.68074366,1745.79450000,22091.61556398,7912.94957600
5,85,0.635000,0.003000,106.72863180,0.00000000,179.73501898,3.18327777,0.00000000,0.00000000,94.69756566,106.72863180,101.68074366,1745.79450000,22440.77446382,7912.94957600
5,86,0.549000,0.001000,106.72863180,0.00000000,140.93836706,1.06109259,0.00000000,0.00000000,94.69756566,106.72863180,101.68074366,1745.79450000,22789.93336365,7912.94957600
5,87,0.418000,0.000000,106.72863180,0.00000000,81.84114147,0.00000000,0.00000000,0.00000000,94.69756566,106.72863180,101.68074366,1745.79450000,23139.09226349,7912.94957600
5,88,0.236000,0.002000,104.60644662,2.12218518,1.85878422,0.00000000,0.00000000,0.00000000,94.69756566,106.72863180,101.68074366,1745.79450000,23488.25116332,7912.94957600
5,89,0.066000,0.015000,29.77417473,15.91638885,0.00000000,0.00000000,3.71040174,0.00000000,42.22708664,49.40096531,45.69056358,865.86923343,22957.48479659,7912.94957600
5,90,0.000000,0.072000,0.00000000,76.39866648,0.00000000,0.00000000,4.46872809,0.00000000,70.93959386,80.86739458,76.39866648,1364.76815418,22925.61735060,7912.94957600
5,91,0.000000,0.152000,0.00000000,106.72863180,0.00000000,54.55744188,0.00000000,0.00000000,94.69756566,106.72863180,101.68074366,1745.79450000,23274.77625044,7912.94957600
5,92,0.000000,0.186000,0.00000000,106.72863180,0.00000000,90.63458994,0.00000000,0.00000000,94.69756566,106.72863180,101.68074366,1745.79450000,23623.93515027,7912.94957600
5,93,0.000000,0.175000,0.00000000,106.72863180,0.00000000,78.96257145,0.00000000,0.00000000,94.69756566,106.72863180,101.68074366,1745.79450000,23973.09405011,7912.94957600
5,94,0.000000,0.148000,0.00000000,106.72863180,0.00000000,50.31307152,0.00000000,0.00000000,94.69756566,106.72863180,101.68074366,1745.79450000,24322.25294995,7912.94957600
5,95,0.000000,0.124000,0.00000000,106.72863180,0.00000000,24.84684936,0.00000000,0.00000000,94.69756566,106.72863180,101.68074366,1745.79450000,24671.41184978,7912.94957600
5,96,0.000000,0.101000,0.00000000,106.72863180,0.00000000,0.44171979,0.00000000,0.00000000,94.69756566,106.72863180,101.68074366,1745.79450000,25020.57074962,7912.94957600
5,97,0.000000,0.099000,0.00000000,105.04816641,0.00000000,0.00000000,1.68046539,0.00000000,94.69756566,106.72863180,101.68074366,1745.79450000,25369.72964945,7912.94957600
5,98,0.000000,0.095000,0.00000000,100.80379605,0.00000000,0.00000000,5.02807891,0.00000000,93.87274762,105.83187496,100.80379605,1732.76210852,25705.85615781,7912.94957600
5,99,0.000000,0.076000,0.00000000,80.64303684,0.00000000,0.00000000,4.56876048,0.00000000,74.92072110,85.21179732,80.64303684,1430.57893461,25739.79949225,7912.94957600
5,100,0.000000,0.061000,0.00000000,64.72664799,0.00000000,0.00000000,4.18937862,0.00000000,60.00270557,68.91602661,64.72664799,1180.98560475,25524.14949684,7912.94957600
5,101,0.000000,0.051000,0.00000000,54.11572209,0.00000000,0.00000000,3.92779666,0.00000000,50.08015324,58.04351875,54.11572209,1008.89221243,25136.40610911,7912.94957600
5,102,0.000000,0.037000,0.00000000,39.26042583,0.00000000,0.00000000,3.54326916,0.00000000,36.23677147,42.80369499,39.26042583,755.91359000,24495.68409895,7912.94957600
5,103,0.031000,0.017000,13.98483964,18.03857403,0.00000000,0.00000000,3.34645936,0.00000000,29.51767982,35.36987304,32.02341367,626.43346356,23725.48196234,7912.94957600
5,104,0.105000,0.012000,47.36800525,12.73311108,0.00000000,0.00000000,4.07534940,0.00000000,55.67725081,64.17646572,60.10111633,1105.96637996,23434.81274214,7912.94957600
5,105,0.180000,0.019000,81.20229471,20.16075921,0.00000000,0.00000000,5.04071190,0.00000000,94.39876077,106.40376581,101.36305392,1741.07328628,23779.25042825,7912.94957600
5,106,0.242000,0.030000,106.72863180,0.00000000,2.44334220,31.83277770,0.00000000,0.00000000,94.69756566,106.72863180,101.68074366,1745.79450000,24128.40932809,7912.94957600
5,107,0.286000,0.034000,106.72863180,0.00000000,22.29279201,36.07714806,0.00000000,0.00000000,94.69756566,106.72863180,101.68074366,1745.79450000,24477.56822792,7912.94957600
5,108,0.293000,0.023000,106.72863180,0.00000000,25.45065903,24.40512957,0.00000000,0.00000000,94.69756566,106.72863180,101.68074366,1745.79450000,24826.72712776,7912.94957600
5,109,0.268000,0.011000,106.72863180,0.00000000,14.17256254,11.67201849,0.00000000,0.00000000,94.69756566,106.72863180,101.68074366,1745.79450000,25175.88602759,7912.94957600
5,110,0.217000,0.004000,97.89387751,4.24437036,0.00000000,0.00000000,4.59038393,0.00000000,94.69756566,106.72863180,101.68074366,1745.79450000,25525.04492743,7912.94957600
5,111,0.155000,0.001000,69.92419822,1.06109259,0.00000000,0.00000000,4.34114430,0.00000000,65.86196503,75.32643511,70.98529081,1280.83144570,25409.24077297,7912.94957600
5,112,0.088000,0.003000,39.69889964,3.18327777,0.00000000,0.00000000,3.63779039,0.00000000,39.60978297,46.51996779,42.88217741,818.09860917,24830.70378198,7912.94957600
5,113,0.023000,0.005000,10.37584877,5.30546295,0.00000000,0.00000000,2.88466446,0.00000000,14.39082762,18.56597618,15.68131172,322.62102511,23756.68920693,7912.94957600
5,114,0.000000,0.011000,0.00000000,2.39428050,0.00000000,9.27773799,0.00000000,0.00000000,0.00000000,2.39428050,0.00000000,0.00000000,22360.05360676,7912.94957600
5,115,0.000000,0.030000,0.00000000,31.83277770,0.00000000,0.00000000,3.34127504,0.00000000,29.34068681,35.17405274,31.83277770,623.02272312,21586.44072972,7912.94957600
5,116,0.000000,0.070000,0.00000000,74.27648130,0.00000000,0.00000000,4.41871190,0.00000000,68.94903024,78.69519320,74.27648130,1331.86276397,21521.66789352,7912.94957600
5,117,0.000000,0.123000,0.00000000,106.72863180,0.00000000,23.78575677,0.00000000,0.00000000,94.69756566,106.72863180,101.68074366,1745.79450000,21870.82679336,7912.94957600
5,118,0.000000,0.144000,0.00000000,106.72863180,0.00000000,46.06870116,0.00000000,0.00000000,94.69756566,106.72863180,101.68074366,1745.79450000,22219.98569320,7912.94957600
5,119,0.000000,0.113000,0.00000000,106.72863180,0.00000000,13.17483087,0.00000000,0.00000000,94.69756566,106.72863180,101.68074366,1745.79450000,22569.14459303,7912.94957600
5,120,0.000000,0.070000,0.00000000,74.27648130,0.00000000,0.00000000,4.41871190,0.00000000,68.94903024,78.69519320,74.27648130,1331.86276397,22504.37175683,7912.94957600
5,121,0.000000,0.027000,0.00000000,28.64949993,0.00000000,0.00000000,3.25470613,0.00000000,26.38522195,31.90420606,28.64949993,566.06949446,21673.80565113,7912.94957600
5,122,0.000000,0.005000,0.00000000,2.39428050,0.00000000,2.91118245,0.00000000,0.00000000,0.00000000,2.39428050,0.00000000,0.00000000,20277.17005096,7912.94957600
5,123,0.000000,0.000000,0.00000000,0.00000000,0.00000000,0.00000000,2.39428050,0.00000000,0.00000000,2.39428050,0.00000000,0.00000000,18880.53445080,7912.94957600
5,124,0.000000,0.000000,0.00000000,0.00000000,0.00000000,0.00000000,2.39428050,0.00000000,0.00000000,2.39428050,0.00000000,0.00000000,17483.89885064,7912.94957600
5,125,0.000000,0.002000,0.00000000,2.12218518,0.00000000,0.00000000,0.27209532,0.00000000,0.00000000,2.39428050,0.00000000,0.00000000,16087.26325047,7912.94957600
5,126,0.000000,0.009000,0.00000000,2.39428050,0.00000000,7.15555281,0.00000000,0.00000000,0.00000000,2.39428050,0.00000000,0.00000000,14690.62765031,7912.94957600
5,127,0.044000,0.055000,19.84944982,58.36009245,0.00000000,0.00000000,4.51140727,0.00000000,72.63815603,82.72094954,78.20954227,1392.84655892,14686.83860906,7912.94957600
5,128,0.106000,0.084000,47.81912911,58.90950269,0.00000000,30.22227487,0.00000000,0.00000000,94.69756566,106.72863180,101.68074366,1745.79450000,15035.99750890,7912.94957600
5,129,0.144000,0.061000,64.96183577,41.76679603,0.00000000,22.95985196,0.00000000,0.00000000,94.69756566,106.72863180,101.68074366,1745.79450000,15385.15640873,7912.94957600
5,130,0.176000,0.021000,79.39779927,22.28294439,0.00000000,0.00000000,5.04788814,0.00000000,94.69756566,106.72863180,101.68074366,1745.79450000,15734.31530857,7912.94957600
5,131,0.206000,0.004000,92.93151505,4.24437036,0.00000000,0.00000000,4.94612859,0.00000000,90.46049571,102.12201400,97.17588541,1678.84742633,16016.52713473,7912.94957600
5,132,0.222000,0.002000,100.14949681,2.12218518,0.00000000,0.00000000,4.45694981,0.00000000,94.69756566,106.72863180,101.68074366,1745.79450000,16365.68603457,7912.94957600
5,133,0.204000,0.006000,92.02926734,6.36655554,0.00000000,0.00000000,4.97368557,0.00000000,91.60791480,103.36950844,98.39582288,1696.97701857,16666.02745297,7912.94957600
5,134,0.194000,0.011000,87.51802874,11.67201849,0.00000000,0.00000000,4.99162618,0.00000000,92.35492702,104.18167341,99.19004723,1708.78005287,16978.17190568,7912.94957600
5,135,0.181000,0.021000,81.65341857,22.28294439,0.00000000,0.00000000,2.79226884,0.00000000,94.69756566,106.72863180,101.68074366,1745.79450000,17327.33080552,7912.94957600
5,136,0.129000,0.034000,58.19497787,36.07714806,0.00000000,0.00000000,4.88053601,0.00000000,87.72934828,99.15266195,94.27212593,1635.69441479,17566.38962015,7912.94957600
5,137,0.046000,0.044000,20.75169754,46.68807396,0.00000000,0.00000000,4.25626290,0.00000000,62.53981781,71.69603440,67.43977150,1224.98842150,17394.74244149,7912.94957600
5,138,0.000000,0.051000,0.00000000,54.11572209,0.00000000,0.00000000,3.92779666,0.00000000,50.08015324,58.04351875,54.11572209,1008.89221243,17006.99905376,7912.94957600
5,139,0.000000,0.039000,0.00000000,41.38261101,0.00000000,0.00000000,3.59901882,0.00000000,38.21224702,44.98162983,41.38261101,792.59099789,16402.95445149,7912.94957600
5,140,0.000000,0.021000,0.00000000,22.28294439,0.00000000,0.00000000,3.07418701,0.00000000,20.49371673,25.35713140,22.28294439,447.30691410,15453.62576543,7912.94957600
5,141,0.000000,0.014000,0.00000000,2.39428050,0.00000000,12.46101576,0.00000000,0.00000000,0.00000000,2.39428050,0.00000000,0.00000000,14056.99016526,7912.94957600
5,142,0.000000,0.013000,0.00000000,2.39428050,0.00000000,11.39992317,0.00000000,0.00000000,0.00000000,2.39428050,0.00000000,0.00000000,12660.35456510,7912.94957600
5,143,0.000000,0.010000,0.00000000,2.39428050,0.00000000,8.21664540,0.00000000,0.00000000,0.00000000,2.39428050,0.00000000,0.00000000,11263.71896493,7912.94957600
5,144,0.000000,0.004000,0.00000000,2.39428050,0.00000000,1.85008986,0.00000000,0.00000000,0.00000000,2.39428050,0.00000000,0.00000000,9867.08336477,7912.94957600
5,145,0.000000,0.001000,0.00000000,1.06109259,0.00000000,0.00000000,1.33318791,0.00000000,0.00000000,2.39428050,0.00000000,0.00000000,8470.44776461,7912.94957600
5,146,0.000000,0.001000,0.00000000,1.06109259,0.00000000,0.00000000,1.33318791,0.00000000,0.00000000,2.39428050,0.00000000,0.00000000,7073.81216444,7912.94957600
5,147,0.000000,0.001000,0.00000000,1.06109259,0.00000000,0.00000000,1.33318791,0.00000000,0.00000000,2.39428050,0.00000000,0.00000000,5677.17656428,7912.94957600
5,148,0.000000,0.004000,0.00000000,2.39428050,0.00000000,1.85008986,0.00000000,0.00000000,0.00000000,2.39428050,0.00000000,0.00000000,4280.54096411,7912.94957600
5,149,0.000000,0.017000,0.00000000,18.03857403,0.00000000,0.00000000,2.95233777,0.00000000,16.57000226,20.99091180,18.03857403,367.14294288,3251.04830683,7912.94957600
5,150,0.000000,0.034000,0.00000000,36.07714806,0.00000000,0.00000000,3.45670025,0.00000000,33.28130662,39.53384831,36.07714806,698.96036134,2553.37306800,7912.94957600
5,151,0.103000,0.035000,46.46575753,37.13824065,0.00000000,0.00000000,4.63854516,0.00000000,77.69803854,88.24254334,83.60399818,1476.48990841,2633.22737624,7912.94957600
5,152,0.289000,0.061000,106.97714075,0.00000000,23.39765464,64.72664799,0.00000000,0.00000000,94.69756566,106.97714075,101.68074366,1745.79450000,2837.42562940,8734.25635604
5,153,0.442000,0.101000,107.32720193,0.00000000,92.06954397,107.17035159,0.00000000,0.00000000,94.69756566,107.32720193,101.68074366,1745.79450000,2837.42562920,9891.18697000
5,154,0.559000,0.139000,107.32720193,0.00000000,144.85103553,147.49187001,0.00000000,0.00000000,94.69756566,107.32720193,101.68074366,1745.79450000,2837.42562899,9891.18697000
5,155,0.623000,0.171000,107.32720193,0.00000000,173.72296254,181.44683289,0.00000000,0.00000000,94.69756566,107.32720193,101.68074366,1745.79450000,2837.42562879,9891.18697000
5,156,0.615000,0.184000,107.32720193,0.00000000,170.11397166,195.24103656,0.00000000,0.00000000,94.69756566,107.32720193,101.68074366,1745.79450000,2837.42562858,9891.18697000
5,157,0.606000,0.177000,107.32720193,0.00000000,166.05385692,187.81338843,0.00000000,0.00000000,94.69756566,107.32720193,101.68074366,1745.79450000,2837.42562838,9891.18697000
5,158,0.520000,0.161000,107.32720193,0.00000000,127.25720501,170.83590699,0.00000000,0.00000000,94.69756566,107.32720193,101.68074366,1745.79450000,2837.42562817,9891.18697000
5,159,0.414000,0.155000,107.32720193,0.00000000,79.43807590,164.46935145,0.00000000,0.00000000,94.69756566,107.32720193,101.68074366,1745.79450000,2837.42562797,9891.18697000
5,160,0.278000,0.169000,107.32720193,0.00000000,18.08523101,179.32464771,0.00000000,0.00000000,94.69756566,107.32720193,101.68074366,1745.79450000,2837.42562776,9891.18697000
5,161,0.102000,0.194000,46.01463367,61.31256826,0.00000000,144.53939420,0.00000000,0.00000000,94.69756566,107.32720193,101.68074366,1745.79450000,2837.42562756,9891.18697000
5,162,0.000000,0.248000,0.00000000,107.32720193,0.00000000,155.82376040,0.00000000,0.00000000,94.69756566,107.32720193,101.68074366,1745.79450000,2837.42562735,9891.18697000
5,163,0.000000,0.297000,0.00000000,107.32720193,0.00000000,207.81729731,0.00000000,0.00000000,94.69756566,107.32720193,101.68074366,1745.79450000,2837.42562715,9891.18697000
5,164,0.000000,0.291000,0.00000000,107.32720193,0.00000000,201.45074177,0.00000000,0.00000000,94.69756566,107.32720193,101.68074366,1745.79450000,2837.42562694,9891.18697000
5,165,0.000000,0.254000,0.00000000,107.32720193,0.00000000,162.19031594,0.00000000,0.00000000,94.69756566,107.32720193,101.68074366,1745.79450000,2837.42562674,9891.18697000
5,166,0.000000,0.212000,0.00000000,107.32720193,0.00000000,117.62442716,0.00000000,0.00000000,94.69756566,107.32720193,101.68074366,1745.79450000,2837.42562653,9891.18697000
5,167,0.000000,0.182000,0.00000000,107.32720193,0.00000000,85.79164946,0.00000000,0.00000000,94.69756566,107.32720193,101.68074366,1745.79450000,2837.42562633,9891.18697000
5,168,0.000000,0.163000,0.00000000,107.32720193,0.00000000,65.63089025,0.00000000,0.00000000,94.69756566,107.32720193,101.68074366,1745.79450000,2837.42562612,9891.18697000
5,169,0.000000,0.153000,0.00000000,107.32720193,0.00000000,55.01996435,0.00000000,0.00000000,94.69756566,107.32720193,101.68074366,1745.79450000,2837.42562592,9891.18697000
5,170,0.000000,0.152000,0.00000000,107.32720193,0.00000000,53.95887176,0.00000000,0.00000000,94.69756566,107.32720193,101.68074366,1745.79450000,2837.42562571,9891.18697000
5,171,0.000000,0.154000,0.00000000,107.32720193,0.00000000,56.08105694,0.00000000,0.00000000,94.69756566,107.32720193,101.68074366,1745.79450000,2837.42562551,9891.18697000
5,172,0.000000,0.145000,0.00000000,107.32720193,0.00000000,46.53122363,0.00000000,0.00000000,94.69756566,107.32720193,101.68074366,1745.79450000,2837.42562530,9891.18697000
5,173,0.000000,0.125000,0.00000000,107.32720193,0.00000000,25.30937183,0.00000000,0.00000000,94.69756566,107.32720193,101.68074366,1745.79450000,2837.42562510,9891.18697000
5,174,0.000000,0.101000,0.00000000,106.72863180,0.00000000,0.44171979,0.00000000,0.00000000,94.69756566,106.72863180,101.68074366,1745.79450000,3186.58452493,7912.94957600
5,175,0.065000,0.065000,29.32305087,68.97101835,0.00000000,0.00000000,4.97138707,0.00000000,91.51220982,103.26545629,98.29406922,1695.46484897,3485.41377374,7912.94957600
5,176,0.190000,0.079000,85.71353330,21.61366862,0.00000000,62.21264599,0.00000000,0.00000000,94.69756566,107.32720193,101.68074366,1745.79450000,3485.41377354,9891.18697000
5,177,0.310000,0.129000,107.32720193,0.00000000,32.52119452,136.88094411,0.00000000,0.00000000,94.69756566,107.32720193,101.68074366,1745.79450000,3485.41377333,9891.18697000
5,178,0.372000,0.137000,107.32720193,0.00000000,60.49087380,145.36968483,0.00000000,0.00000000,94.69756566,107.32720193,101.68074366,1745.79450000,3485.41377313,9891.18697000
5,179,0.429000,0.120000,107.32720193,0.00000000,86.20493380,127.33111080,0.00000000,0.00000000,94.69756566,107.32720193,101.68074366,1745.79450000,3485.41377292,9891.18697000
5,180,0.434000,0.095000,107.32720193,0.00000000,88.46055309,100.80379605,0.00000000,0.00000000,94.69756566,107.32720193,101.68074366,1745.79450000,3485.41377272,9891.18697000
5,181,0.395000,0.067000,107.32720193,0.00000000,70.86672257,71.09320353,0.00000000,0.00000000,94.69756566,107.32720193,101.68074366,1745.79450000,3485.41377251,9891.18697000
5,182,0.315000,0.049000,106.72863180,0.00000000,35.37538394,51.99353691,0.00000000,0.00000000,94.69756566,106.72863180,101.68074366,1745.79450000,3834.57267235,7912.94957600
5,183,0.218000,0.048000,98.34500137,8.98220056,0.00000000,41.95024376,0.00000000,0.00000000,94.69756566,107.32720193,101.68074366,1745.79450000,3834.57267214,9891.18697000
5,184,0.103000,0.068000,46.46575753,60.86144440,0.00000000,11.29285172,0.00000000,0.00000000,94.69756566,107.32720193,101.68074366,1745.79450000,3834.57267194,9891.18697000
5,185,0.032000,0.100000,14.43596350,92.29266830,0.00000000,13.81659070,0.00000000,0.00000000,94.69756566,106.72863180,101.68074366,1745.79450000,4183.73157178,7912.94957600
5,186,0.000000,0.146000,0.00000000,106.72863180,0.00000000,48.19088634,0.00000000,0.00000000,94.69756566,106.72863180,101.68074366,1745.79450000,4532.89047161,7912.94957600
5,187,0.000000,0.181000,0.00000000,106.72863180,0.00000000,85.32912699,0.00000000,0.00000000,94.69756566,106.72863180,101.68074366,1745.79450000,4882.04937145,7912.94957600
5,188,0.000000,0.205000,0.00000000,106.72863180,0.00000000,110.79534915,0.00000000,0.00000000,94.69756566,106.72863180,101.68074366,1745.79450000,5231.20827128,7912.94957600
5,189,0.000000,0.225000,0.00000000,106.72863180,0.00000000,132.01720095,0.00000000,0.00000000,94.69756566,106.72863180,101.68074366,1745.79450000,5580.36717112,7912.94957600
5,190,0.000000,0.207000,0.00000000,106.72863180,0.00000000,112.91753433,0.00000000,0.00000000,94.69756566,106.72863180,101.68074366,1745.79450000,5929.52607096,7912.94957600
5,191,0.000000,0.156000,0.00000000,106.72863180,0.00000000,58.80181224,0.00000000,0.00000000,94.69756566,106.72863180,101.68074366,1745.79450000,6278.68497079,7912.94957600
5,192,0.000000,0.102000,0.00000000,106.72863180,0.00000000,1.50281238,0.00000000,0.00000000,94.69756566,106.72863180,101.68074366,1745.79450000,6627.84387063,7912.94957600
5,193,0.000000,0.070000,0.00000000,74.27648130,0.00000000,0.00000000,4.41871190,0.00000000,68.94903024,78.69519320,74.27648130,1331.86276397,6563.07103443,7912.94957600
5,194,0.000000,0.048000,0.00000000,50.93244432,0.00000000,0.00000000,3.84593154,0.00000000,47.11231000,54.77837586,50.93244432,955.03357911,6121.46901338,7912.94957600
5,195,0.000000,0.034000,0.00000000,36.07714806,0.00000000,0.00000000,3.45670025,0.00000000,33.28130662,39.53384831,36.07714806,698.96036134,5423.79377455,7912.94957600
5,196,0.000000,0.031000,0.00000000,32.89387029,0.00000000,0.00000000,3.37013134,0.00000000,30.32584176,36.26400163,32.89387029,642.00713268,4669.16530706,7912.94957600
5,197,0.000000,0.029000,0.00000000,30.77168511,0.00000000,0.00000000,3.31241874,0.00000000,28.35553186,34.08410385,30.77168511,604.03831357,3876.56802047,7912.94957600
5,198,0.000000,0.025000,0.00000000,26.52731475,0.00000000,0.00000000,3.19603625,0.00000000,24.41743121,29.72335100,26.52731475,527.47088533,3007.40330563,7912.94957600
5,199,0.076000,0.015000,34.28541332,15.91638885,0.00000000,0.00000000,3.82704065,0.00000000,46.43138072,54.02884282,50.20180217,942.60536254,2553.37306800,7912.94957600
5,200,0.213000,0.015000,96.08938207,11.23781985,0.00000000,4.67856900,0.00000000,0.00000000,94.69756566,107.32720193,101.68074366,1745.79450000,2553.37306800,9891.18696884
5,201,0.378000,0.021000,107.32720193,0.00000000,63.19761696,22.28294439,0.00000000,0.00000000,94.69756566,107.32720193,101.68074366,1745.79450000,2553.37306800,9891.18696884
5,202,0.480000,0.049000,107.32720193,0.00000000,109.21225063,51.99353691,0.00000000,0.00000000,94.69756566,107.32720193,101.68074366,1745.79450000,2553.37306780,9891.18697000
5,203,0.537000,0.086000,107.32720193,0.00000000,134.92631062,91.25396274,0.00000000,0.00000000,94.69756566,107.32720193,101.68074366,1745.79450000,2553.37306759,9891.18697000
5,204,0.515000,0.110000,107.32720192,0.00000000,125.00158571,116.72018490,0.00000000,0.00000000,94.69756566,107.32720192,101.68074366,1745.79450000,2553.37306800,9891.18696652
5,205,0.406000,0.117000,107.32720193,0.00000000,75.82908503,124.14783303,0.00000000,0.00000000,94.69756566,107.32720193,101.68074366,1745.79450000,2553.37306800,9891.18696884
5,206,0.323000,0.098000,107.23849772,0.00000000,38.47450889,103.98707382,0.00000000,0.00000000,94.69756566,107.23849772,101.68074366,1745.79450000,2605.11614907,9598.02503645
5,207,0.236000,0.076000,106.46523084,0.26340096,0.00000000,80.37963588,0.00000000,0.00000000,94.69756566,106.72863180,101.68074366,1745.79450000,2954.27504890,7912.94957600
5,208,0.144000,0.062000,64.96183577,42.36536616,0.00000000,23.42237442,0.00000000,0.00000000,94.69756566,107.32720193,101.68074366,1745.79450000,2954.27504870,9891.18697000
5,209,0.047000,0.059000,21.20282140,62.60446281,0.00000000,0.00000000,4.64333626,0.00000000,77.88871643,88.45062046,83.80728421,1479.64194536,3037.28139389,7912.94957600
5,210,0.000000,0.053000,0.00000000,56.23790727,0.00000000,0.00000000,3.98011305,0.00000000,52.06466371,60.21802033,56.23790727,1043.31089090,2683.95668463,7912.94957600
5,211,0.000000,0.066000,0.00000000,70.03211094,0.00000000,0.00000000,4.31867952,0.00000000,64.96790301,74.35079046,70.03211094,1266.05198354,2553.37306800,7912.94957600
5,212,0.000000,0.106000,0.00000000,106.72863180,0.00000000,5.74718274,0.00000000,0.00000000,94.69756566,106.72863180,101.68074366,1745.79450000,2902.53196784,7912.94957600
5,213,0.000000,0.155000,0.00000000,106.72863180,0.00000000,57.74071965,0.00000000,0.00000000,94.69756566,106.72863180,101.68074366,1745.79450000,3251.69086767,7912.94957600
5,214,0.000000,0.183000,0.00000000,107.32720193,0.00000000,86.85274205,0.00000000,0.00000000,94.69756566,107.32720193,101.68074366,1745.79450000,3251.69086747,9891.18697000
5,215,0.000000,0.181000,0.00000000,107.32720193,0.00000000,84.73055687,0.00000000,0.00000000,94.69756566,107.32720193,101.68074366,1745.79450000,3251.69086726,9891.18697000
5,216,0.000000,0.163000,0.00000000,107.32720193,0.00000000,65.63089025,0.00000000,0.00000000,94.69756566,107.32720193,101.68074366,1745.79450000,3251.69086706,9891.18697000
5,217,0.000000,0.155000,0.00000000,107.32720193,0.00000000,57.14214953,0.00000000,0.00000000,94.69756566,107.32720193,101.68074366,1745.79450000,3251.69086685,9891.18697000
5,218,0.000000,0.154000,0.00000000,107.32720193,0.00000000,56.08105694,0.00000000,0.00000000,94.69756566,107.32720193,101.68074366,1745.79450000,3251.69086665,9891.18697000
5,219,0.000000,0.145000,0.00000000,107.32720193,0.00000000,46.53122363,0.00000000,0.00000000,94.69756566,107.32720193,101.68074366,1745.79450000,3251.69086644,9891.18697000
5,220,0.000000,0.140000,0.00000000,107.32720193,0.00000000,41.22576068,0.00000000,0.00000000,94.69756566,107.32720193,101.68074366,1745.79450000,3251.69086624,9891.18697000
5,221,0.000000,0.156000,0.00000000,107.32720193,0.00000000,58.20324212,0.00000000,0.00000000,94.69756566,107.32720193,101.68074366,1745.79450000,3251.69086603,9891.18697000
5,222,0.000000,0.178000,0.00000000,107.32720193,0.00000000,81.54727910,0.00000000,0.00000000,94.69756566,107.32720193,101.68074366,1745.79450000,3251.69086583,9891.18697000
5,223,0.045000,0.141000,20.30057368,87.02662825,0.00000000,62.58742694,0.00000000,0.00000000,94.69756566,107.32720193,101.68074366,1745.79450000,3251.69086562,9891.18697000
5,224,0.166000,0.156000,74.88656068,32.44064125,0.00000000,133.08980279,0.00000000,0.00000000,94.69756566,107.32720193,101.68074366,1745.79450000,3251.69086542,9891.18697000
5,225,0.356000,0.227000,107.32720193,0.00000000,53.27289205,240.86801793,0.00000000,0.00000000,94.69756566,107.32720193,101.68074366,1745.79450000,3251.69086521,9891.18697000
5,226,0.463000,0.210000,107.32720193,0.00000000,101.54314502,222.82944390,0.00000000,0.00000000,94.69756566,107.32720193,101.68074366,1745.79450000,3251.69086501,9891.18697000
5,227,0.510000,0.164000,107.32720193,0.00000000,122.74596641,174.01918476,0.00000000,0.00000000,94.69756566,107.32720193,101.68074366,1745.79450000,3251.69086480,9891.18697000
5,228,0.501000,0.124000,107.32720193,0.00000000,118.68585168,131.57548116,0.00000000,0.00000000,94.69756566,107.32720193,101.68074366,1745.79450000,3251.69086460,9891.18697000
5,229,0.471000,0.090000,107.32720193,0.00000000,105.15213589,95.49833310,0.00000000,0.00000000,94.69756566,107.32720193,101.68074366,1745.79450000,3251.69086439,9891.18697000
5,230,0.405000,0.069000,107.32720193,0.00000000,75.37796117,73.21538871,0.00000000,0.00000000,94.69756566,107.32720193,101.68074366,1745.79450000,3251.69086419,9891.18697000
5,231,0.306000,0.068000,107.32720193,0.00000000,30.71669908,72.15429612,0.00000000,0.00000000,94.69756566,107.32720193,101.68074366,1745.79450000,3251.69086398,9891.18697000
5,232,0.160000,0.093000,72.17981752,35.14738441,0.00000000,63.53422646,0.00000000,0.00000000,94.69756566,107.32720193,101.68074366,1745.79450000,3251.69086378,9891.18697000
5,233,0.047000,0.149000,21.20282140,86.12438053,0.00000000,71.97841538,0.00000000,0.00000000,94.69756566,107.32720193,101.68074366,1745.79450000,3251.69086357,9891.18697000
5,234,0.000000,0.248000,0.00000000,107.32720193,0.00000000,155.82376040,0.00000000,0.00000000,94.69756566,107.32720193,101.68074366,1745.79450000,3251.69086337,9891.18697000
5,235,0.000000,0.333000,0.00000000,107.32720193,0.00000000,246.01663055,0.00000000,0.00000000,94.69756566,107.32720193,101.68074366,1745.79450000,3251.69086316,9891.18697000
5,236,0.000000,0.388000,0.00000000,107.32720193,0.00000000,304.37672300,0.00000000,0.00000000,94.69756566,107.32720193,101.68074366,1745.79450000,3251.69086296,9891.18697000
5,237,0.000000,0.432000,0.00000000,107.32720193,0.00000000,351.06479696,0.00000000,0.00000000,94.69756566,107.32720193,101.68074366,1745.79450000,3251.69086275,9891.18697000
5,238,0.000000,0.450000,0.00000000,107.32720193,0.00000000,370.16446358,0.00000000,0.00000000,94.69756566,107.32720193,101.68074366,1745.79450000,3251.69086255,9891.18697000
5,239,0.000000,0.410000,0.00000000,107.32720193,0.00000000,327.72075998,0.00000000,0.00000000,94.69756566,107.32720193,101.68074366,1745.79450000,3251.69086234,9891.18697000
5,240,0.000000,0.334000,0.00000000,107.32720193,0.00000000,247.07772314,0.00000000,0.00000000,94.69756566,107.32720193,101.68074366,1745.79450000,3251.69086214,9891.18697000
5,241,0.000000,0.288000,0.00000000,107.32720193,0.00000000,198.26746400,0.00000000,0.00000000,94.69756566,107.32720193,101.68074366,1745.79450000,3251.69086193,9891.18697000
5,242,0.000000,0.254000,0.00000000,107.32720193,0.00000000,162.19031594,0.00000000,0.00000000,94.69756566,107.32720193,101.68074366,1745.79450000,3251.69086173,9891.18697000
5,243,0.000000,0.235000,0.00000000,107.32720193,0.00000000,142.02955673,0.00000000,0.00000000,94.69756566,107.32720193,101.68074366,1745.79450000,3251.69086152,9891.18697000
5,244,0.000000,0.228000,0.00000000,107.32720193,0.00000000,134.60190860,0.00000000,0.00000000,94.69756566,107.32720193,101.68074366,1745.79450000,3251.69086132,9891.18697000
5,245,0.000000,0.219000,0.00000000,107.32720193,0.00000000,125.05207529,0.00000000,0.00000000,94.69756566,107.32720193,101.68074366,1745.79450000,3251.69086111,9891.18697000
5,246,0.000000,0.204000,0.00000000,107.32720193,0.00000000,109.13568644,0.00000000,0.00000000,94.69756566,107.32720193,101.68074366,1745.79450000,3251.69086091,9891.18697000
5,247,0.103000,0.138000,46.46575753,60.86144440,0.00000000,85.56933302,0.00000000,0.00000000,94.69756566,107.32720193,101.68074366,1745.79450000,3251.69086070,9891.18697000
5,248,0.274000,0.218000,107.32720193,0.00000000,16.28073557,231.31818462,0.00000000,0.00000000,94.69756566,107.32720193,101.68074366,1745.79450000,3251.69086050,9891.18697000
5,249,0.420000,0.307000,107.32720193,0.00000000,82.14481906,325.75542513,0.00000000,0.00000000,94.69756566,107.32720193,101.68074366,1745.79450000,3251.69086029,9891.18697000
5,250,0.530000,0.285000,107.32720193,0.00000000,131.76844360,302.41138815,0.00000000,0.00000000,94.69756566,107.32720193,101.68074366,1745.79450000,3251.69086009,9891.18697000
5,251,0.594000,0.230000,107.32720193,0.00000000,160.64037061,244.05129570,0.00000000,0.00000000,94.69756566,107.32720193,101.68074366,1745.79450000,3251.69085988,9891.18697000
5,252,0.623000,0.172000,107.32720193,0.00000000,173.72296254,182.50792548,0.00000000,0.00000000,94.69756566,107.32720193,101.68074366,1745.79450000,3251.69085968,9891.18697000
5,253,0.598000,0.126000,107.32720193,0.00000000,162.44486605,133.69766634,0.00000000,0.00000000,94.69756566,107.32720193,101.68074366,1745.79450000,3251.69085947,9891.18697000
5,254,0.530000,0.099000,107.32720193,0.00000000,131.76844360,105.04816641,0.00000000,0.00000000,94.69756566,107.32720193,101.68074366,1745.79450000,3251.69085927,9891.18697000
5,255,0.423000,0.086000,107.32720193,0.00000000,83.49819064,91.25396274,0.00000000,0.00000000,94.69756566,107.32720193,101.68074366,1745.79450000,3251.69085906,9891.18697000
5,256,0.278000,0.095000,107.32720193,0.00000000,18.08523101,100.80379605,0.00000000,0.00000000,94.69756566,107.32720193,101.68074366,1745.79450000,3251.69085886,9891.18697000
5,257,0.095000,0.129000,42.85676665,64.47043527,0.00000000,72.41050884,0.00000000,0.00000000,94.69756566,107.32720193,101.68074366,1745.79450000,3251.69085865,9891.18697000
5,258,0.000000,0.214000,0.00000000,107.32720193,0.00000000,119.74661234,0.00000000,0.00000000,94.69756566,107.32720193,101.68074366,1745.79450000,3251.69085845,9891.18697000
5,259,0.000000,0.306000,0.00000000,107.32720193,0.00000000,217.36713062,0.00000000,0.00000000,94.69756566,107.32720193,101.68074366,1745.79450000,3251.69085824,9891.18697000
5,260,0.000000,0.356000,0.00000000,107.32720193,0.00000000,270.42176012,0.00000000,0.00000000,94.69756566,107.32720193,101.68074366,1745.79450000,3251.69085804,9891.18697000
5,261,0.000000,0.379000,0.00000000,107.32720193,0.00000000,294.82688969,0.00000000,0.00000000,94.69756566,107.32720193,101.68074366,1745.79450000,3251.69085783,9891.18697000
5,262,0.000000,0.355000,0.00000000,107.32720193,0.00000000,269.36066753,0.00000000,0.00000000,94.69756566,107.32720193,101.68074366,1745.79450000,3251.69085763,9891.18697000
5,263,0.000000,0.328000,0.00000000,107.32720193,0.00000000,240.71116760,0.00000000,0.00000000,94.69756566,107.32720193,101.68074366,1745.79450000,3251.69085742,9891.18697000
5,264,0.000000,0.282000,0.00000000,107.32720193,0.00000000,191.90090846,0.00000000,0.00000000,94.69756566,107.32720193,101.68074366,1745.79450000,3251.69085722,9891.18697000
5,265,0.000000,0.239000,0.00000000,107.32720193,0.00000000,146.27392709,0.00000000,0.00000000,94.69756566,107.32720193,101.68074366,1745.79450000,3251.69085701,9891.18697000
5,266,0.000000,0.209000,0.00000000,107.32720193,0.00000000,114.44114939,0.00000000,0.00000000,94.69756566,107.32720193,101.68074366,1745.79450000,3251.69085681,9891.18697000
5,267,0.000000,0.193000,0.00000000,107.32720193,0.00000000,97.46366795,0.00000000,0.00000000,94.69756566,107.32720193,101.68074366,1745.79450000,3251.69085660,9891.18697000
5,268,0.000000,0.187000,0.00000000,107.32720193,0.00000000,91.09711241,0.00000000,0.00000000,94.69756566,107.32720193,101.68074366,1745.79450000,3251.69085640,9891.18697000
5,269,0.000000,0.191000,0.00000000,107.32720193,0.00000000,95.34148277,0.00000000,0.00000000,94.69756566,107.32720193,101.68074366,1745.79450000,3251.69085619,9891.18697000
5,270,0.000000,0.201000,0.00000000,107.32720193,0.00000000,105.95240867,0.00000000,0.00000000,94.69756566,107.32720193,101.68074366,1745.79450000,3251.69085599,9891.18697000
5,271,0.125000,0.176000,56.39048244,50.93671949,0.00000000,135.81557635,0.00000000,0.00000000,94.69756566,107.32720193,101.68074366,1745.79450000,3251.69085578,9891.18697000
5,272,0.324000,0.286000,107.32720193,0.00000000,38.83692855,303.47248074,0.00000000,0.00000000,94.69756566,107.32720193,101.68074366,1745.79450000,3251.69085558,9891.18697000
5,273,0.494000,0.284000,107.32720193,0.00000000,115.52798466,301.35029556,0.00000000,0.00000000,94.69756566,107.32720193,101.68074366,1745.79450000,3251.69085537,9891.18697000
5,274,0.614000,0.231000,107.32720193,0.00000000,169.66284780,245.11238829,0.00000000,0.00000000,94.69756566,107.32720193,101.68074366,1745.79450000,3251.69085517,9891.18697000
5,275,0.683000,0.182000,107.32720193,0.00000000,200.79039411,193.11885138,0.00000000,0.00000000,94.69756566,107.32720193,101.68074366,1745.79450000,3251.69085496,9891.18697000
5,276,0.701000,0.140000,107.32720193,0.00000000,208.91062358,148.55296260,0.00000000,0.00000000,94.69756566,107.32720193,101.68074366,1745.79450000,3251.69085476,9891.18697000
5,277,0.673000,0.099000,107.32720193,0.00000000,196.27915551,105.04816641,0.00000000,0.00000000,94.69756566,107.32720193,101.68074366,1745.79450000,3251.69085455,9891.18697000
5,278,0.603000,0.068000,107.32720193,0.00000000,164.70048535,72.15429612,0.00000000,0.00000000,94.69756566,107.32720193,101.68074366,1745.79450000,3251.69085435,9891.18697000
5,279,0.480000,0.051000,107.32720193,0.00000000,109.21225063,54.11572209,0.00000000,0.00000000,94.69756566,107.32720193,101.68074366,1745.79450000,3251.69085414,9891.18697000
5,280,0.309000,0.045000,107.32720193,0.00000000,32.07007066,47.74916655,0.00000000,0.00000000,94.69756566,107.32720193,101.68074366,1745.79450000,3251.69085394,9891.18697000
5,281,0.114000,0.063000,51.42811998,55.89908194,0.00000000,10.94975123,0.00000000,0.00000000,94.69756566,107.32720193,101.68074366,1745.79450000,3251.69085373,9891.18697000
5,282,0.000000,0.101000,0.00000000,106.72863180,0.00000000,0.44171979,0.00000000,0.00000000,94.69756566,106.72863180,101.68074366,1745.79450000,3600.84975357,7912.94957600
5,283,0.000000,0.179000,0.00000000,107.32720193,0.00000000,82.60837169,0.00000000,0.00000000,94.69756566,107.32720193,101.68074366,1745.79450000,3600.84975336,9891.18697000
5,284,0.000000,0.266000,0.00000000,107.32720193,0.00000000,174.92342702,0.00000000,0.00000000,94.69756566,107.32720193,101.68074366,1745.79450000,3600.84975316,9891.18697000
5,285,0.000000,0.328000,0.00000000,107.32720193,0.00000000,240.71116760,0.00000000,0.00000000,94.69756566,107.32720193,101.68074366,1745.79450000,3600.84975295,9891.18697000
5,286,0.000000,0.373000,0.00000000,107.32720193,0.00000000,288.46033415,0.00000000,0.00000000,94.69756566,107.32720193,101.68074366,1745.79450000,3600.84975275,9891.18697000
5,287,0.000000,0.410000,0.00000000,107.32720193,0.00000000,327.72075998,0.00000000,0.00000000,94.69756566,107.32720193,101.68074366,1745.79450000,3600.84975254,9891.18697000
5,288,0.000000,0.454000,0.00000000,107.32720193,0.00000000,374.40883394,0.00000000,0.00000000,94.69756566,107.32720193,101.68074366,1745.79450000,3600.84975234,9891.18697000
5,289,0.000000,0.487000,0.00000000,107.32720193,0.00000000,409.42488941,0.00000000,0.00000000,94.69756566,107.32720193,101.68074366,1745.79450000,3600.84975213,9891.18697000
5,290,0.000000,0.457000,0.00000000,107.32720193,0.00000000,377.59211171,0.00000000,0.00000000,94.69756566,107.32720193,101.68074366,1745.79450000,3600.84975193,9891.18697000
5,291,0.000000,0.444000,0.00000000,107.32720193,0.00000000,363.79790804,0.00000000,0.00000000,94.69756566,107.32720193,101.68074366,1745.79450000,3600.84975172,9891.18697000
5,292,0.000000,0.433000,0.00000000,107.32720193,0.00000000,352.12588955,0.00000000,0.00000000,94.69756566,107.32720193,101.68074366,1745.79450000,3600.84975152,9891.18697000
5,293,0.000000,0.412000,0.00000000,107.32720193,0.00000000,329.84294516,0.00000000,0.00000000,94.69756566,107.32720193,101.68074366,1745.79450000,3600.84975131,9891.18697000
5,294,0.000000,0.371000,0.00000000,107.32720193,0.00000000,286.33814897,0.00000000,0.00000000,94.69756566,107.32720193,101.68074366,1745.79450000,3600.84975111,9891.18697000
5,295,0.071000,0.311000,32.02979402,75.29740790,0.00000000,254.70238759,0.00000000,0.00000000,94.69756566,107.32720193,101.68074366,1745.79450000,3600.84975090,9891.18697000
5,296,0.190000,0.476000,85.71353330,21.61366862,0.00000000,483.46640422,0.00000000,0.00000000,94.69756566,107.32720193,101.68074366,1745.79450000,3600.84975070,9891.18697000
5,297,0.311000,0.550000,107.32720193,0.00000000,32.97231838,583.60092451,0.00000000,0.00000000,94.69756566,107.32720193,101.68074366,1745.79450000,3600.84975049,9891.18697000
5,298,0.416000,0.526000,107.32720193,0.00000000,80.34032362,558.13470235,0.00000000,0.00000000,94.69756566,107.32720193,101.68074366,1745.79450000,3600.84975029,9891.18697000
5,299,0.500000,0.469000,107.32720193,0.00000000,118.23472782,497.65242472,0.00000000,0.00000000,94.69756566,107.32720193,101.68074366,1745.79450000,3600.84975008,9891.18697000
5,300,0.541000,0.404000,107.32720193,0.00000000,136.73080606,428.68140636,0.00000000,0.00000000,94.69756566,107.32720193,101.68074366,1745.79450000,3600.84974988,9891.18697000
5,301,0.556000,0.355000,107.32720193,0.00000000,143.49766395,376.68786945,0.00000000,0.00000000,94.69756566,107.32720193,101.68074366,1745.79450000,3600.84974967,9891.18697000
5,302,0.535000,0.316000,107.32720193,0.00000000,134.02406290,335.30525844,0.00000000,0.00000000,94.69756566,107.32720193,101.68074366,1745.79450000,3600.84974947,9891.18697000
5,303,0.438000,0.300000,107.32720193,0.00000000,90.26504853,318.32777778,0.00000000,0.00000000,94.69756566,107.32720193,101.68074366,1745.79450000,3600.84974926,9891.18697000
5,304,0.257000,0.314000,107.32720193,0.00000000,8.61162996,333.18307326,0.00000000,0.00000000,94.69756566,107.32720193,101.68074366,1745.79450000,3600.84974906,9891.18697000
5,305,0.090000,0.344000,40.60114735,66.72605457,0.00000000,298.28979639,0.00000000,0.00000000,94.69756566,107.32720193,101.68074366,1745.79450000,3600.84974885,9891.18697000
5,306,0.000000,0.426000,0.00000000,107.32720193,0.00000000,344.69824142,0.00000000,0.00000000,94.69756566,107.32720193,101.68074366,1745.79450000,3600.84974865,9891.18697000
5,307,0.000000,0.454000,0.00000000,107.32720193,0.00000000,374.40883394,0.00000000,0.00000000,94.69756566,107.32720193,101.68074366,1745.79450000,3600.84974844,9891.18697000
5,308,0.000000,0.388000,0.00000000,107.32720193,0.00000000,304.37672300,0.00000000,0.00000000,94.69756566,107.32720193,101.68074366,1745.79450000,3600.84974824,9891.18697000
5,309,0.000000,0.320000,0.00000000,107.32720193,0.00000000,232.22242688,0.00000000,0.00000000,94.69756566,107.32720193,101.68074366,1745.79450000,3600.84974803,9891.18697000
5,310,0.000000,0.251000,0.00000000,107.32720193,0.00000000,159.00703817,0.00000000,0.00000000,94.69756566,107.32720193,101.68074366,1745.79450000,3600.84974783,9891.18697000
5,311,0.000000,0.200000,0.00000000,107.32720193,0.00000000,104.89131608,0.00000000,0.00000000,94.69756566,107.32720193,101.68074366,1745.79450000,3600.84974762,9891.18697000
5,312,0.000000,0.168000,0.00000000,107.32720193,0.00000000,70.93635320,0.00000000,0.00000000,94.69756566,107.32720193,101.68074366,1745.79450000,3600.84974742,9891.18697000
5,313,0.000000,0.179000,0.00000000,107.32720193,0.00000000,82.60837169,0.00000000,0.00000000,94.69756566,107.32720193,101.68074366,1745.79450000,3600.84974721,9891.18697000
5,314,0.000000,0.190000,0.00000000,107.32720193,0.00000000,94.28039018,0.00000000,0.00000000,94.69756566,107.32720193,101.68074366,1745.79450000,3600.84974701,9891.18697000
5,315,0.000000,0.227000,0.00000000,107.32720193,0.00000000,133.54081601,0.00000000,0.00000000,94.69756566,107.32720193,101.68074366,1745.79450000,3600.84974680,9891.18697000
5,316,0.000000,0.251000,0.00000000,107.32720193,0.00000000,159.00703817,0.00000000,0.00000000,94.69756566,107.32720193,101.68074366,1745.79450000,3600.84974660,9891.18697000
5,317,0.000000,0.248000,0.00000000,107.32720193,0.00000000,155.82376040,0.00000000,0.00000000,94.69756566,107.32720193,101.68074366,1745.79450000,3600.84974639,9891.18697000
5,318,0.000000,0.255000,0.00000000,107.32720193,0.00000000,163.25140853,0.00000000,0.00000000,94.69756566,107.32720193,101.68074366,1745.79450000,3600.84974619,9891.18697000
5,319,0.071000,0.208000,32.02979402,75.29740790,0.00000000,145.40985082,0.00000000,0.00000000,94.69756566,107.32720193,101.68074366,1745.79450000,3600.84974598,9891.18697000
5,320,0.188000,0.261000,84.81128558,22.51591634,0.00000000,254.42924965,0.00000000,0.00000000,94.69756566,107.32720193,101.68074366,1745.79450000,3600.84974578,9891.18697000
5,321,0.300000,0.323000,107.32720193,0.00000000,28.00995592,342.73290657,0.00000000,0.00000000,94.69756566,107.32720193,101.68074366,1745.79450000,3600.84974557,9891.18697000
5,322,0.376000,0.317000,107.32720193,0.00000000,62.29536924,336.36635103,0.00000000,0.00000000,94.69756566,107.32720193,101.68074366,1745.79450000,3600.84974537,9891.18697000
5,323,0.407000,0.294000,107.32720193,0.00000000,76.28020889,311.96122146,0.00000000,0.00000000,94.69756566,107.32720193,101.68074366,1745.79450000,3600.84974516,9891.18697000
5,324,0.379000,0.265000,107.32720193,0.00000000,63.64874082,281.18953635,0.00000000,0.00000000,94.69756566,107.32720193,101.68074366,1745.79450000,3600.84974496,9891.18697000
5,325,0.334000,0.243000,107.32720193,0.00000000,43.34816714,257.84549937,0.00000000,0.00000000,94.69756566,107.32720193,101.68074366,1745.79450000,3600.84974475,9891.18697000
5,326,0.259000,0.226000,107.32720193,0.00000000,9.51387768,239.80692534,0.00000000,0.00000000,94.69756566,107.32720193,101.68074366,1745.79450000,3600.84974455,9891.18697000
5,327,0.168000,0.213000,75.78880839,31.53839353,0.00000000,194.47432814,0.00000000,0.00000000,94.69756566,107.32720193,101.68074366,1745.79450000,3600.84974434,9891.18697000
5,328,0.088000,0.200000,39.69889964,67.62830229,0.00000000,144.59021571,0.00000000,0.00000000,94.69756566,107.32720193,101.68074366,1745.79450000,3600.84974414,9891.18697000
5,329,0.021000,0.191000,0.00000000,107.32720193,9.47360105,95.34148277,0.00000000,0.00000000,94.69756566,107.32720193,101.68074366,1745.79450000,3600.84974393,9891.18697000
5,330,0.000000,0.245000,0.00000000,107.32720193,0.00000000,152.64048263,0.00000000,0.00000000,94.69756566,107.32720193,101.68074366,1745.79450000,3600.84974373,9891.18697000
5,331,0.000000,0.320000,0.00000000,107.32720193,0.00000000,232.22242688,0.00000000,0.00000000,94.69756566,107.32720193,101.68074366,1745.79450000,3600.84974352,9891.18697000
5,332,0.000000,0.371000,0.00000000,107.32720193,0.00000000,286.33814897,0.00000000,0.00000000,94.69756566,107.32720193,101.68074366,1745.79450000,3600.84974332,9891.18697000
5,333,0.000000,0.386000,0.00000000,107.32720193,0.00000000,302.25453782,0.00000000,0.00000000,94.69756566,107.32720193,101.68074366,1745.79450000,3600.84974311,9891.18697000
5,334,0.000000,0.353000,0.00000000,107.32720193,0.00000000,267.23848235,0.00000000,0.00000000,94.69756566,107.32720193,101.68074366,1745.79450000,3600.84974291,9891.18697000
5,335,0.000000,0.304000,0.00000000,107.32720193,0.00000000,215.24494544,0.00000000,0.00000000,94.69756566,107.32720193,101.68074366,1745.79450000,3600.84974270,9891.18697000
5,336,0.000000,0.253000,0.00000000,107.32720193,0.00000000,161.12922335,0.00000000,0.00000000,94.69756566,107.32720193,101.68074366,1745.79450000,3600.84974250,9891.18697000
5,337,0.000000,0.230000,0.00000000,107.32720193,0.00000000,136.72409378,0.00000000,0.00000000,94.69756566,107.32720193,101.68074366,1745.79450000,3600.84974229,9891.18697000
5,338,0.000000,0.255000,0.00000000,107.32720193,0.00000000,163.25140853,0.00000000,0.00000000,94.69756566,107.32720193,101.68074366,1745.79450000,3600.84974209,9891.18697000
5,339,0.000000,0.307000,0.00000000,107.32720193,0.00000000,218.42822321,0.00000000,0.00000000,94.69756566,107.32720193,101.68074366,1745.79450000,3600.84974188,9891.18697000
5,340,0.000000,0.349000,0.00000000,107.32720193,0.00000000,262.99411199,0.00000000,0.00000000,94.69756566,107.32720193,101.68074366,1745.79450000,3600.84974168,9891.18697000
5,341,0.000000,0.367000,0.00000000,107.32720193,0.00000000,282.09377861,0.00000000,0.00000000,94.69756566,107.32720193,101.68074366,1745.79450000,3600.84974147,9891.18697000
5,342,0.000000,0.360000,0.00000000,107.32720193,0.00000000,274.66613048,0.00000000,0.00000000,94.69756566,107.32720193,101.68074366,1745.79450000,3600.84974127,9891.18697000
5,343,0.103000,0.309000,46.46575753,60.86144440,0.00000000,267.01616591,0.00000000,0.00000000,94.69756566,107.32720193,101.68074366,1745.79450000,3600.84974106,9891.18697000
5,344,0.280000,0.540000,107.32720193,0.00000000,18.98747873,572.98999861,0.00000000,0.00000000,94.69756566,107.32720193,101.68074366,1745.79450000,3600.84974086,9891.18697000
5,345,0.423000,0.603000,107.32720193,0.00000000,83.49819064,639.83883178,0.00000000,0.00000000,94.69756566,107.32720193,101.68074366,1745.79450000,3600.84974065,9891.18697000
5,346,0.492000,0.539000,107.32720193,0.00000000,114.62573694,571.92890602,0.00000000,0.00000000,94.69756566,107.32720193,101.68074366,1745.79450000,3600.84974045,9891.18697000
5,347,0.490000,0.457000,107.32720193,0.00000000,113.72348922,484.91931364,0.00000000,0.00000000,94.69756566,107.32720193,101.68074366,1745.79450000,3600.84974024,9891.18697000
5,348,0.473000,0.394000,107.32720193,0.00000000,106.05438361,418.07048046,0.00000000,0.00000000,94.69756566,107.32720193,101.68074366,1745.79450000,3600.84974004,9891.18697000
5,349,0.404000,0.337000,107.32720193,0.00000000,74.92683731,357.58820283,0.00000000,0.00000000,94.69756566,107.32720193,101.68074366,1745.79450000,3600.84973983,9891.18697000
5,350,0.323000,0.295000,107.32720193,0.00000000,38.38580469,313.02231405,0.00000000,0.00000000,94.69756566,107.32720193,101.68074366,1745.79450000,3600.84973963,9891.18697000
5,351,0.218000,0.262000,98.34500137,8.98220056,0.00000000,269.02405803,0.00000000,0.00000000,94.69756566,107.32720193,101.68074366,1745.79450000,3600.84973942,9891.18697000
5,352,0.121000,0.219000,54.58598700,52.74121493,0.00000000,179.63806228,0.00000000,0.00000000,94.69756566,107.32720193,101.68074366,1745.79450000,3600.84973922,9891.18697000
5,353,0.036000,0.174000,16.24045894,91.08674298,0.00000000,93.54336768,0.00000000,0.00000000,94.69756566,107.32720193,101.68074366,1745.79450000,3600.84973901,9891.18697000
5,354,0.000000,0.177000,0.00000000,107.32720193,0.00000000,80.48618651,0.00000000,0.00000000,94.69756566,107.32720193,101.68074366,1745.79450000,3600.84973881,9891.18697000
5,355,0.000000,0.201000,0.00000000,107.32720193,0.00000000,105.95240867,0.00000000,0.00000000,94.69756566,107.32720193,101.68074366,1745.79450000,3600.84973860,9891.18697000
5,356,0.000000,0.210000,0.00000000,107.32720193,0.00000000,115.50224198,0.00000000,0.00000000,94.69756566,107.32720193,101.68074366,1745.79450000,3600.84973840,9891.18697000
5,357,0.000000,0.204000,0.00000000,107.32720193,0.00000000,109.13568644,0.00000000,0.00000000,94.69756566,107.32720193,101.68074366,1745.79450000,3600.84973819,9891.18697000
5,358,0.000000,0.182000,0.00000000,107.32720193,0.00000000,85.79164946,0.00000000,0.00000000,94.69756566,107.32720193,101.68074366,1745.79450000,3600.84973799,9891.18697000
5,359,0.000000,0.144000,0.00000000,107.32720193,0.00000000,45.47013104,0.00000000,0.00000000,94.69756566,107.32720193,101.68074366,1745.79450000,3600.84973778,9891.18697000
5,360,0.000000,0.109000,0.00000000,107.32720193,0.00000000,8.33189039,0.00000000,0.00000000,94.69756566,107.32720193,101.68074366,1745.79450000,3600.84973758,9891.18697000
5,361,0.000000,0.104000,0.00000000,106.72863180,0.00000000,3.62499756,0.00000000,0.00000000,94.69756566,106.72863180,101.68074366,1745.79450000,3950.00863742,7912.94957600
5,362,0.000000,0.128000,0.00000000,107.32720193,0.00000000,28.49264960,0.00000000,0.00000000,94.69756566,107.32720193,101.68074366,1745.79450000,3950.00863721,9891.18697000
5,363,0.000000,0.167000,0.00000000,107.32720193,0.00000000,69.87526061,0.00000000,0.00000000,94.69756566,107.32720193,101.68074366,1745.79450000,3950.00863701,9891.18697000
5,364,0.000000,0.192000,0.00000000,107.32720193,0.00000000,96.40257536,0.00000000,0.00000000,94.69756566,107.32720193,101.68074366,1745.79450000,3950.00863680,9891.18697000
5,365,0.000000,0.195000,0.00000000,107.32720193,0.00000000,99.58585313,0.00000000,0.00000000,94.69756566,107.32720193,101.68074366,1745.79450000,3950.00863660,9891.18697000
5,366,0.000000,0.187000,0.00000000,107.32720193,0.00000000,91.09711241,0.00000000,0.00000000,94.69756566,107.32720193,101.68074366,1745.79450000,3950.00863639,9891.18697000
5,367,0.085000,0.127000,38.34552806,68.98167387,0.00000000,65.77708506,0.00000000,0.00000000,94.69756566,107.32720193,101.68074366,1745.79450000,3950.00863619,9891.18697000
5,368,0.235000,0.142000,106.01410698,1.31309495,0.00000000,149.36205284,0.00000000,0.00000000,94.69756566,107.32720193,101.68074366,1745.79450000,3950.00863598,9891.18697000
5,369,0.336000,0.166000,107.32720193,0.00000000,44.25041486,176.14136994,0.00000000,0.00000000,94.69756566,107.32720193,101.68074366,1745.79450000,3950.00863578,9891.18697000
5,370,0.384000,0.159000,106.72863180,0.00000000,66.50293024,168.71372181,0.00000000,0.00000000,94.69756566,106.72863180,101.68074366,1745.79450000,4299.16753561,7912.94957600
5,371,0.361000,0.167000,107.32720193,0.00000000,55.52851135,177.20246253,0.00000000,0.00000000,94.69756566,107.32720193,101.68074366,1745.79450000,4299.16753541,9891.18697000
5,372,0.312000,0.177000,107.32720193,0.00000000,33.42344223,187.81338843,0.00000000,0.00000000,94.69756566,107.32720193,101.68074366,1745.79450000,4299.16753520,9891.18697000
5,373,0.273000,0.206000,106.72863180,0.00000000,16.42818184,218.58507354,0.00000000,0.00000000,94.69756566,106.72863180,101.68074366,1745.79450000,4648.32643504,7912.94957600
5,374,0.239000,0.256000,107.01942293,0.00000000,0.79917949,271.63970304,0.00000000,0.00000000,94.69756566,107.01942293,101.68074366,1745.79450000,4827.86058061,8873.99634234
5,375,0.193000,0.288000,87.06690488,19.66172692,0.00000000,285.93293900,0.00000000,0.00000000,94.69756566,106.72863180,101.68074366,1745.79450000,5177.01948045,7912.94957600
5,376,0.119000,0.290000,53.68373928,53.04489252,0.00000000,254.67195858,0.00000000,0.00000000,94.69756566,106.72863180,101.68074366,1745.79450000,5526.17838029,7912.94957600
5,377,0.039000,0.284000,17.59383052,89.13480128,0.00000000,212.21549428,0.00000000,0.00000000,94.69756566,106.72863180,101.68074366,1745.79450000,5875.33728012,7912.94957600
5,378,0.000000,0.362000,0.00000000,106.72863180,0.00000000,277.38688578,0.00000000,0.00000000,94.69756566,106.72863180,101.68074366,1745.79450000,6224.49617996,7912.94957600
5,379,0.000000,0.395000,0.00000000,106.72863180,0.00000000,312.40294125,0.00000000,0.00000000,94.69756566,106.72863180,101.68074366,1745.79450000,6573.65507979,7912.94957600
5,380,0.000000,0.377000,0.00000000,106.72863180,0.00000000,293.30327463,0.00000000,0.00000000,94.69756566,106.72863180,101.68074366,1745.79450000,6922.81397963,7912.94957600
5,381,0.000000,0.332000,0.00000000,106.72863180,0.00000000,245.55410808,0.00000000,0.00000000,94.69756566,106.72863180,101.68074366,1745.79450000,7271.97287947,7912.94957600
5,382,0.000000,0.253000,0.00000000,106.72863180,0.00000000,161.72779347,0.00000000,0.00000000,94.69756566,106.72863180,101.68074366,1745.79450000,7621.13177930,7912.94957600
5,383,0.000000,0.155000,0.00000000,107.32720193,0.00000000,57.14214953,0.00000000,0.00000000,94.69756566,107.32720193,101.68074366,1745.79450000,7621.13177910,9891.18697000
5,384,0.000000,0.063000,0.00000000,66.84883317,0.00000000,0.00000000,4.24169501,0.00000000,61.98721604,71.09052818,66.84883317,1215.40428321,7439.90046215,7912.94957600
5,385,0.000000,0.015000,0.00000000,15.91638885,0.00000000,0.00000000,2.89141316,0.00000000,14.60814502,18.80780201,15.91638885,327.06095727,6370.32581925,7912.94957600
5,386,0.000000,0.008000,0.00000000,2.39428050,0.00000000,6.09446022,0.00000000,0.00000000,0.00000000,2.39428050,0.00000000,0.00000000,4973.69021909,7912.94957600
5,387,0.000000,0.013000,0.00000000,2.39428050,0.00000000,11.39992317,0.00000000,0.00000000,0.00000000,2.39428050,0.00000000,0.00000000,3577.05461892,7912.94957600
5,388,0.000000,0.030000,0.00000000,31.83277770,0.00000000,0.00000000,3.34127504,0.00000000,29.34068681,35.17405274,31.83277770,623.02272312,2803.44174188,7912.94957600
5,389,0.000000,0.059000,0.00000000,62.60446281,0.00000000,0.00000000,4.13706223,0.00000000,58.01819511,66.74152504,62.60446281,1146.56692629,2553.37306800,7912.94957600
5,390,0.000000,0.084000,0.00000000,89.13177756,0.00000000,0.00000000,4.76442147,0.00000000,82.89456448,93.89619903,89.13177756,1559.30326939,2716.04073723,7912.94957600
5,391,0.052000,0.061000,23.45844069,64.72664799,0.00000000,0.00000000,4.74303686,0.00000000,82.00415090,92.92812554,88.18508868,1545.23444712,2864.63958419,7912.94957600
5,392,0.141000,0.023000,63.60846419,24.40512957,0.00000000,0.00000000,4.73916299,0.00000000,81.84285037,92.75275675,88.01359376,1542.68584674,3010.68983077,7912.94957600
5,393,0.246000,0.012000,106.72863180,0.00000000,4.24783763,12.73311108,0.00000000,0.00000000,94.69756566,106.72863180,101.68074366,1745.79450000,3359.84873060,7912.94957600
5,394,0.372000,0.006000,106.72863180,0.00000000,61.08944393,6.36655554,0.00000000,0.00000000,94.69756566,106.72863180,101.68074366,1745.79450000,3709.00763044,7912.94957600
5,395,0.511000,0.005000,107.27872793,0.00000000,123.24556427,5.30546295,0.00000000,0.00000000,94.69756566,107.27872793,101.68074366,1745.79450000,3737.28356102,9730.98339611
5,396,0.590000,0.008000,107.32720193,0.00000000,158.83587517,8.48874072,0.00000000,0.00000000,94.69756566,107.32720193,101.68074366,1745.79450000,3737.28356082,9891.18697000
5,397,0.579000,0.010000,107.32720193,0.00000000,153.87351272,10.61092590,0.00000000,0.00000000,94.69756566,107.32720193,101.68074366,1745.79450000,3737.28356061,9891.18697000
5,398,0.515000,0.010000,107.32720193,0.00000000,125.00158571,10.61092590,0.00000000,0.00000000,94.69756566,107.32720193,101.68074366,1745.79450000,3737.28356041,9891.18697000
5,399,0.403000,0.010000,107.32720193,0.00000000,74.47571345,10.61092590,0.00000000,0.00000000,94.69756566,107.32720193,101.68074366,1745.79450000,3737.28356020,9891.18697000
5,400,0.246000,0.012000,106.72863180,0.00000000,4.24783763,12.73311108,0.00000000,0.00000000,94.69756566,106.72863180,101.68074366,1745.79450000,4086.44246004,7912.94957600
5,401,0.085000,0.017000,38.34552806,18.03857403,0.00000000,0.00000000,3.98371707,0.00000000,52.20137428,60.36781916,56.38410209,1045.68195277,3735.48881265,7912.94957600
5,402,0.000000,0.028000,0.00000000,29.71059252,0.00000000,0.00000000,3.28356243,0.00000000,27.37037690,32.99415495,29.71059252,585.05390401,2923.90711650,7912.94957600
5,403,0.000000,0.052000,0.00000000,55.17681468,0.00000000,0.00000000,3.95395486,0.00000000,51.07240847,59.13076954,55.17681468,1026.10155167,2553.37306800,7912.94957600
5,404,0.000000,0.075000,0.00000000,79.58194425,0.00000000,0.00000000,4.54375238,0.00000000,73.92543929,84.12569664,79.58194425,1414.12623950,2570.86370734,7912.94957600
5,405,0.000000,0.087000,0.00000000,92.31505533,0.00000000,0.00000000,4.83632804,0.00000000,85.88861443,97.15138337,92.31505533,1606.61022552,2780.83833269,7912.94957600
5,406,0.000000,0.093000,0.00000000,98.68161087,0.00000000,0.00000000,4.98014119,0.00000000,91.87671432,103.66175206,98.68161087,1701.22413777,3085.42687029,7912.94957600
5,407,0.000000,0.091000,0.00000000,96.55942569,0.00000000,0.00000000,4.93220347,0.00000000,89.88068102,101.49162917,96.55942569,1669.68616702,3358.47743715,7912.94957600
5,408,0.000000,0.086000,0.00000000,91.25396274,0.00000000,0.00000000,4.81235919,0.00000000,84.89059778,96.06632193,91.25396274,1590.84124014,3552.68307712,7912.94957600
5,409,0.000000,0.075000,0.00000000,79.58194425,0.00000000,0.00000000,4.54375238,0.00000000,73.92543929,84.12569664,79.58194425,1414.12623950,3570.17371646,7912.94957600
5,410,0.000000,0.073000,0.00000000,77.45975907,0.00000000,0.00000000,4.49373619,0.00000000,71.93487567,81.95349526,77.45975907,1381.22084929,3554.75896558,7912.94957600
5,411,0.000000,0.084000,0.00000000,89.13177756,0.00000000,0.00000000,4.76442147,0.00000000,82.89456448,93.89619903,89.13177756,1559.30326939,3717.42663480,7912.94957600
5,412,0.000000,0.076000,0.00000000,80.64303684,0.00000000,0.00000000,4.56876048,0.00000000,74.92072110,85.21179732,80.64303684,1430.57893461,3751.36996925,7912.94957600
5,413,0.000000,0.061000,0.00000000,64.72664799,0.00000000,0.00000000,4.18937862,0.00000000,60.00270557,68.91602661,64.72664799,1180.98560475,3535.71997383,7912.94957600
5,414,0.000000,0.058000,0.00000000,61.54337022,0.00000000,0.00000000,4.11090403,0.00000000,57.02593987,65.65427425,61.54337022,1129.35758706,3268.44196072,7912.94957600
5,415,0.107000,0.043000,48.27025297,45.62698137,0.00000000,0.00000000,4.87206764,0.00000000,87.37674186,98.76930198,93.89723434,1630.12311951,3501.92948007,7912.94957600
5,416,0.288000,0.035000,107.32720193,0.00000000,22.59646961,37.13824065,0.00000000,0.00000000,94.69756566,107.32720193,101.68074366,1745.79450000,3501.92947987,9891.18697000
5,417,0.451000,0.026000,107.32720193,0.00000000,96.12965870,27.58840734,0.00000000,0.00000000,94.69756566,107.32720193,101.68074366,1745.79450000,3501.92947966,9891.18697000
5,418,0.563000,0.023000,107.32720193,0.00000000,146.65553097,24.40512957,0.00000000,0.00000000,94.69756566,107.32720193,101.68074366,1745.79450000,3501.92947946,9891.18697000
5,419,0.632000,0.023000,107.32720193,0.00000000,177.78307727,24.40512957,0.00000000,0.00000000,94.69756566,107.32720193,101.68074366,1745.79450000,3501.92947925,9891.18697000
5,420,0.651000,0.029000,107.32720193,0.00000000,186.35443060,30.77168511,0.00000000,0.00000000,94.69756566,107.32720193,101.68074366,1745.79450000,3501.92947905,9891.18697000
5,421,0.618000,0.038000,107.32720193,0.00000000,171.46734324,40.32151842,0.00000000,0.00000000,94.69756566,107.32720193,101.68074366,1745.79450000,3501.92947884,9891.18697000
5,422,0.533000,0.052000,107.32720193,0.00000000,133.12181518,55.17681468,0.00000000,0.00000000,94.69756566,107.32720193,101.68074366,1745.79450000,3501.92947864,9891.18697000
5,423,0.412000,0.063000,107.32720193,0.00000000,78.53582818,66.84883317,0.00000000,0.00000000,94.69756566,107.32720193,101.68074366,1745.79450000,3501.92947843,9891.18697000
5,424,0.229000,0.083000,103.30736382,4.01983810,0.00000000,84.05084687,0.00000000,0.00000000,94.69756566,107.32720193,101.68074366,1745.79450000,3501.92947823,9891.18697000
5,425,0.076000,0.114000,34.28541332,73.04178860,0.00000000,47.92276666,0.00000000,0.00000000,94.69756566,107.32720193,101.68074366,1745.79450000,3501.92947802,9891.18697000
5,426,0.000000,0.161000,0.00000000,107.32720193,0.00000000,63.50870507,0.00000000,0.00000000,94.69756566,107.32720193,101.68074366,1745.79450000,3501.92947782,9891.18697000
5,427,0.000000,0.202000,0.00000000,107.32720193,0.00000000,107.01350126,0.00000000,0.00000000,94.69756566,107.32720193,101.68074366,1745.79450000,3501.92947761,9891.18697000
5,428,0.000000,0.216000,0.00000000,107.32720193,0.00000000,121.86879752,0.00000000,0.00000000,94.69756566,107.32720193,101.68074366,1745.79450000,3501.92947741,9891.18697000
5,429,0.000000,0.204000,0.00000000,107.32720193,0.00000000,109.13568644,0.00000000,0.00000000,94.69756566,107.32720193,101.68074366,1745.79450000,3501.92947720,9891.18697000
5,430,0.000000,0.183000,0.00000000,107.32720193,0.00000000,86.85274205,0.00000000,0.00000000,94.69756566,107.32720193,101.68074366,1745.79450000,3501.92947700,9891.18697000
5,431,0.000000,0.158000,0.00000000,107.32720193,0.00000000,60.32542730,0.00000000,0.00000000,94.69756566,107.32720193,101.68074366,1745.79450000,3501.92947679,9891.18697000
5,432,0.000000,0.127000,0.00000000,107.32720193,0.00000000,27.43155701,0.00000000,0.00000000,94.69756566,107.32720193,101.68074366,1745.79450000,3501.92947659,9891.18697000
5,433,0.000000,0.096000,0.00000000,101.86488864,0.00000000,0.00000000,4.86374316,0.00000000,94.69756566,106.72863180,101.68074366,1745.79450000,3851.08837642,7912.94957600
5,434,0.000000,0.075000,0.00000000,79.58194425,0.00000000,0.00000000,4.54375238,0.00000000,73.92543929,84.12569664,79.58194425,1414.12623950,3868.57901576,7912.94957600
5,435,0.000000,0.065000,0.00000000,68.97101835,0.00000000,0.00000000,4.29367142,0.00000000,63.97262120,73.26468977,68.97101835,1249.59928843,3721.54270403,7912.94957600
5,436,0.000000,0.063000,0.00000000,66.84883317,0.00000000,0.00000000,4.24169501,0.00000000,61.98721604,71.09052818,66.84883317,1215.40428321,3540.31138708,7912.94957600
5,437,0.000000,0.065000,0.00000000,68.97101835,0.00000000,0.00000000,4.29367142,0.00000000,63.97262120,73.26468977,68.97101835,1249.59928843,3393.27507534,7912.94957600
5,438,0.000000,0.061000,0.00000000,64.72664799,0.00000000,0.00000000,4.18937862,0.00000000,60.00270557,68.91602661,64.72664799,1180.98560475,3177.62507993,7912.94957600
5,439,0.105000,0.043000,47.36800525,45.62698137,0.00000000,0.00000000,4.85168691,0.00000000,86.52812765,97.84667352,92.99498662,1616.71474100,3397.70422076,7912.94957600
5,440,0.289000,0.048000,106.84261031,0.00000000,23.53218508,50.93244432,0.00000000,0.00000000,94.69756566,106.84261031,101.68074366,1745.79450000,3680.37698853,8289.64154240
5,441,0.459000,0.046000,107.32720193,0.00000000,99.73864958,48.81025914,0.00000000,0.00000000,94.69756566,107.32720193,101.68074366,1745.79450000,3680.37698833,9891.18697000
5,442,0.573000,0.037000,107.32720193,0.00000000,151.16676956,39.26042583,0.00000000,0.00000000,94.69756566,107.32720193,101.68074366,1745.79450000,3680.37698812,9891.18697000
5,443,0.647000,0.031000,107.32720193,0.00000000,184.54993516,32.89387029,0.00000000,0.00000000,94.69756566,107.32720193,101.68074366,1745.79450000,3680.37698792,9891.18697000
5,444,0.680000,0.029000,107.32720193,0.00000000,199.43702253,30.77168511,0.00000000,0.00000000,94.69756566,107.32720193,101.68074366,1745.79450000,3680.37698771,9891.18697000
5,445,0.651000,0.032000,107.32720193,0.00000000,186.35443060,33.95496288,0.00000000,0.00000000,94.69756566,107.32720193,101.68074366,1745.79450000,3680.37698751,9891.18697000
5,446,0.579000,0.037000,107.32720193,0.00000000,153.87351272,39.26042583,0.00000000,0.00000000,94.69756566,107.32720193,101.68074366,1745.79450000,3680.37698730,9891.18697000
5,447,0.452000,0.049000,107.32720193,0.00000000,96.58078256,51.99353691,0.00000000,0.00000000,94.69756566,107.32720193,101.68074366,1745.79450000,3680.37698710,9891.18697000
5,448,0.287000,0.068000,107.32720193,0.00000000,22.14534575,72.15429612,0.00000000,0.00000000,94.69756566,107.32720193,101.68074366,1745.79450000,3680.37698689,9891.18697000
5,449,0.094000,0.107000,42.40564279,64.92155913,0.00000000,48.61534800,0.00000000,0.00000000,94.69756566,107.32720193,101.68074366,1745.79450000,3680.37698669,9891.18697000
5,450,0.000000,0.186000,0.00000000,107.32720193,0.00000000,90.03601982,0.00000000,0.00000000,94.69756566,107.32720193,101.68074366,1745.79450000,3680.37698648,9891.18697000
5,451,0.000000,0.251000,0.00000000,106.72863180,0.00000000,159.60560829,0.00000000,0.00000000,94.69756566,106.72863180,101.68074366,1745.79450000,4029.53588632,7912.94957600
5,452,0.000000,0.251000,0.00000000,106.72863180,0.00000000,159.60560829,0.00000000,0.00000000,94.69756566,106.72863180,101.68074366,1745.79450000,4378.69478615,7912.94957600
5,453,0.000000,0.231000,0.00000000,107.32720193,0.00000000,137.78518637,0.00000000,0.00000000,94.69756566,107.32720193,101.68074366,1745.79450000,4378.69478595,9891.18697000
5,454,0.000000,0.198000,0.00000000,106.72863180,0.00000000,103.36770102,0.00000000,0.00000000,94.69756566,106.72863180,101.68074366,1745.79450000,4727.85368578,7912.94957600
5,455,0.000000,0.146000,0.00000000,106.72863180,0.00000000,48.19088634,0.00000000,0.00000000,94.69756566,106.72863180,101.68074366,1745.79450000,5077.01258562,7912.94957600
5,456,0.000000,0.082000,0.00000000,87.00959238,0.00000000,0.00000000,4.71648375,0.00000000,80.89853119,91.72607614,87.00959238,1527.76529864,5208.14228409,7912.94957600
5,457,0.000000,0.030000,0.00000000,31.83277770,0.00000000,0.00000000,3.34127504,0.00000000,29.34068681,35.17405274,31.83277770,623.02272312,4434.52940705,7912.94957600
5,458,0.000000,0.015000,0.00000000,15.91638885,0.00000000,0.00000000,2.89141316,0.00000000,14.60814502,18.80780201,15.91638885,327.06095727,3364.95476415,7912.94957600
5,459,0.000000,0.028000,0.00000000,29.71059252,0.00000000,0.00000000,3.28356243,0.00000000,27.37037690,32.99415495,29.71059252,585.05390401,2553.37306800,7912.94957600
5,460,0.000000,0.076000,0.00000000,80.64303684,0.00000000,0.00000000,4.56876048,0.00000000,74.92072110,85.21179732,80.64303684,1430.57893461,2587.31640244,7912.94957600
5,461,0.000000,0.122000,0.00000000,107.32720193,0.00000000,22.12609406,0.00000000,0.00000000,94.69756566,107.32720193,101.68074366,1745.79450000,2587.31640224,9891.18697000
5,462,0.000000,0.132000,0.00000000,107.32720193,0.00000000,32.73701996,0.00000000,0.00000000,94.69756566,107.32720193,101.68074366,1745.79450000,2587.31640203,9891.18697000
5,463,0.117000,0.105000,52.78149156,54.54571037,0.00000000,56.86901159,0.00000000,0.00000000,94.69756566,107.32720193,101.68074366,1745.79450000,2587.31640183,9891.18697000
5,464,0.309000,0.103000,107.32720193,0.00000000,32.07007066,109.29253677,0.00000000,0.00000000,94.69756566,107.32720193,101.68074366,1745.79450000,2587.31640162,9891.18697000
5,465,0.465000,0.079000,107.32720193,0.00000000,102.44539274,83.82631461,0.00000000,0.00000000,94.69756566,107.32720193,101.68074366,1745.79450000,2587.31640142,9891.18697000
5,466,0.555000,0.058000,107.32720193,0.00000000,143.04654009,61.54337022,0.00000000,0.00000000,94.69756566,107.32720193,101.68074366,1745.79450000,2587.31640121,9891.18697000
5,467,0.605000,0.049000,107.32720193,0.00000000,165.60273307,51.99353691,0.00000000,0.00000000,94.69756566,107.32720193,101.68074366,1745.79450000,2587.31640101,9891.18697000
5,468,0.599000,0.048000,107.32720193,0.00000000,162.89598991,50.93244432,0.00000000,0.00000000,94.69756566,107.32720193,101.68074366,1745.79450000,2587.31640080,9891.18697000
5,469,0.540000,0.054000,107.32720193,0.00000000,136.27968220,57.29899986,0.00000000,0.00000000,94.69756566,107.32720193,101.68074366,1745.79450000,2587.31640060,9891.18697000
5,470,0.439000,0.070000,107.32720193,0.00000000,90.71617239,74.27648130,0.00000000,0.00000000,94.69756566,107.32720193,101.68074366,1745.79450000,2587.31640039,9891.18697000
5,471,0.309000,0.094000,107.32720193,0.00000000,32.07007066,99.74270346,0.00000000,0.00000000,94.69756566,107.32720193,101.68074366,1745.79450000,2587.31640019,9891.18697000
5,472,0.160000,0.147000,72.17981752,35.14738441,0.00000000,120.83322632,0.00000000,0.00000000,94.69756566,107.32720193,101.68074366,1745.79450000,2587.31639998,9891.18697000
5,473,0.051000,0.220000,23.00731683,84.31988509,0.00000000,149.12048471,0.00000000,0.00000000,94.69756566,107.32720193,101.68074366,1745.79450000,2587.31639978,9891.18697000
5,474,0.000000,0.275000,0.00000000,107.32720193,0.00000000,184.47326033,0.00000000,0.00000000,94.69756566,107.32720193,101.68074366,1745.79450000,2587.31639957,9891.18697000
5,475,0.000000,0.266000,0.00000000,107.32720193,0.00000000,174.92342702,0.00000000,0.00000000,94.69756566,107.32720193,101.68074366,1745.79450000,2587.31639937,9891.18697000
5,476,0.000000,0.220000,0.00000000,107.32720193,0.00000000,126.11316788,0.00000000,0.00000000,94.69756566,107.32720193,101.68074366,1745.79450000,2587.31639916,9891.18697000
5,477,0.000000,0.192000,0.00000000,107.32720193,0.00000000,96.40257536,0.00000000,0.00000000,94.69756566,107.32720193,101.68074366,1745.79450000,2587.31639896,9891.18697000
5,478,0.000000,0.180000,0.00000000,107.32720193,0.00000000,83.66946428,0.00000000,0.00000000,94.69756566,107.32720193,101.68074366,1745.79450000,2587.31639875,9891.18697000
5,479,0.000000,0.173000,0.00000000,107.32720193,0.00000000,76.24181615,0.00000000,0.00000000,94.69756566,107.32720193,101.68074366,1745.79450000,2587.31639855,9891.18697000
5,480,0.000000,0.170000,0.00000000,107.32720193,0.00000000,73.05853838,0.00000000,0.00000000,94.69756566,107.32720193,101.68074366,1745.79450000,2587.31639834,9891.18697000
5,481,0.000000,0.173000,0.00000000,107.32720193,0.00000000,76.24181615,0.00000000,0.00000000,94.69756566,107.32720193,101.68074366,1745.79450000,2587.31639814,9891.18697000
5,482,0.000000,0.183000,0.00000000,107.32720193,0.00000000,86.85274205,0.00000000,0.00000000,94.69756566,107.32720193,101.68074366,1745.79450000,2587.31639793,9891.18697000
5,483,0.000000,0.204000,0.00000000,107.32720193,0.00000000,109.13568644,0.00000000,0.00000000,94.69756566,107.32720193,101.68074366,1745.79450000,2587.31639773,9891.18697000
5,484,0.000000,0.209000,0.00000000,107.32720193,0.00000000,114.44114939,0.00000000,0.00000000,94.69756566,107.32720193,101.68074366,1745.79450000,2587.31639752,9891.18697000
5,485,0.000000,0.205000,0.00000000,107.32720193,0.00000000,110.19677903,0.00000000,0.00000000,94.69756566,107.32720193,101.68074366,1745.79450000,2587.31639732,9891.18697000
5,486,0.000000,0.201000,0.00000000,107.32720193,0.00000000,105.95240867,0.00000000,0.00000000,94.69756566,107.32720193,101.68074366,1745.79450000,2587.31639711,9891.18697000
5,487,0.120000,0.161000,54.13486314,53.19233879,0.00000000,117.64356820,0.00000000,0.00000000,94.69756566,107.32720193,101.68074366,1745.79450000,2587.31639691,9891.18697000
5,488,0.327000,0.220000,107.32720193,0.00000000,40.19030013,233.44036980,0.00000000,0.00000000,94.69756566,107.32720193,101.68074366,1745.79450000,2587.31639670,9891.18697000
5,489,0.504000,0.220000,107.32720193,0.00000000,120.03922326,233.44036980,0.00000000,0.00000000,94.69756566,107.32720193,101.68074366,1745.79450000,2587.31639650,9891.18697000
5,490,0.624000,0.209000,107.32720193,0.00000000,174.17408640,221.76835131,0.00000000,0.00000000,94.69756566,107.32720193,101.68074366,1745.79450000,2587.31639629,9891.18697000
5,491,0.692000,0.200000,107.32720193,0.00000000,204.85050884,212.21851800,0.00000000,0.00000000,94.69756566,107.32720193,101.68074366,1745.79450000,2587.31639609,9891.18697000
5,492,0.713000,0.192000,107.32720193,0.00000000,214.32410989,203.72977728,0.00000000,0.00000000,94.69756566,107.32720193,101.68074366,1745.79450000,2587.31639588,9891.18697000
5,493,0.688000,0.194000,107.32720193,0.00000000,203.04601340,205.85196246,0.00000000,0.00000000,94.69756566,107.32720193,101.68074366,1745.79450000,2587.31639568,9891.18697000
5,494,0.617000,0.207000,107.32720193,0.00000000,171.01621938,219.64616613,0.00000000,0.00000000,94.69756566,107.32720193,101.68074366,1745.79450000,2587.31639547,9891.18697000
5,495,0.495000,0.227000,107.32720193,0.00000000,115.97910852,240.86801793,0.00000000,0.00000000,94.69756566,107.32720193,101.68074366,1745.79450000,2587.31639527,9891.18697000
5,496,0.328000,0.255000,107.32720193,0.00000000,40.64142399,270.57861045,0.00000000,0.00000000,94.69756566,107.32720193,101.68074366,1745.79450000,2587.31639506,9891.18697000
5,497,0.125000,0.289000,56.39048244,50.93671949,0.00000000,255.71903902,0.00000000,0.00000000,94.69756566,107.32720193,101.68074366,1745.79450000,2587.31639486,9891.18697000
5,498,0.000000,0.381000,0.00000000,107.32720193,0.00000000,296.94907487,0.00000000,0.00000000,94.69756566,107.32720193,101.68074366,1745.79450000,2587.31639465,9891.18697000
5,499,0.000000,0.472000,0.00000000,107.32720193,0.00000000,393.50850056,0.00000000,0.00000000,94.69756566,107.32720193,101.68074366,1745.79450000,2587.31639445,9891.18697000
5,500,0.000000,0.544000,0.00000000,107.32720193,0.00000000,469.90716704,0.00000000,0.00000000,94.69756566,107.32720193,101.68074366,1745.79450000,2587.31639424,9891.18697000
5,501,0.000000,0.584000,0.00000000,107.32720193,0.00000000,512.35087064,0.00000000,0.00000000,94.69756566,107.32720193,101.68074366,1745.79450000,2587.31639404,9891.18697000
5,502,0.000000,0.578000,0.00000000,107.32720193,0.00000000,505.98431510,0.00000000,0.00000000,94.69756566,107.32720193,101.68074366,1745.79450000,2587.31639383,9891.18697000
5,503,0.000000,0.539000,0.00000000,107.32720193,0.00000000,464.60170409,0.00000000,0.00000000,94.69756566,107.32720193,101.68074366,1745.79450000,2587.31639363,9891.18697000
5,504,0.000000,0.491000,0.00000000,107.32720193,0.00000000,413.66925977,0.00000000,0.00000000,94.69756566,107.32720193,101.68074366,1745.79450000,2587.31639342,9891.18697000
5,505,0.000000,0.457000,0.00000000,107.32720193,0.00000000,377.59211171,0.00000000,0.00000000,94.69756566,107.32720193,101.68074366,1745.79450000,2587.31639322,9891.18697000
5,506,0.000000,0.447000,0.00000000,107.32720193,0.00000000,366.98118581,0.00000000,0.00000000,94.69756566,107.32720193,101.68074366,1745.79450000,2587.31639301,9891.18697000
5,507,0.000000,0.447000,0.00000000,107.32720193,0.00000000,366.98118581,0.00000000,0.00000000,94.69756566,107.32720193,101.68074366,1745.79450000,2587.31639281,9891.18697000
5,508,0.000000,0.440000,0.00000000,107.32720193,0.00000000,359.55353768,0.00000000,0.00000000,94.69756566,107.32720193,101.68074366,1745.79450000,2587.31639260,9891.18697000
5,509,0.000000,0.425000,0.00000000,107.32720193,0.00000000,343.63714883,0.00000000,0.00000000,94.69756566,107.32720193,101.68074366,1745.79450000,2587.31639240,9891.18697000
5,510,0.000000,0.407000,0.00000000,107.32720193,0.00000000,324.53748221,0.00000000,0.00000000,94.69756566,107.32720193,101.68074366,1745.79450000,2587.31639219,9891.18697000
5,511,0.124000,0.372000,55.93935858,51.38784335,0.00000000,343.33860013,0.00000000,0.00000000,94.69756566,107.32720193,101.68074366,1745.79450000,2587.31639199,9891.18697000
5,512,0.333000,0.665000,107.32720193,0.00000000,42.89704328,705.62657236,0.00000000,0.00000000,94.69756566,107.32720193,101.68074366,1745.79450000,2587.31639178,9891.18697000
5,513,0.517000,0.711000,107.32720193,0.00000000,125.90383343,754.43683150,0.00000000,0.00000000,94.69756566,107.32720193,101.68074366,1745.79450000,2587.31639158,9891.18697000
5,514,0.634000,0.633000,107.32720193,0.00000000,178.68532499,671.67160948,0.00000000,0.00000000,94.69756566,107.32720193,101.68074366,1745.79450000,2587.31639137,9891.18697000
5,515,0.699000,0.532000,107.32720193,0.00000000,208.00837586,564.50125789,0.00000000,0.00000000,94.69756566,107.32720193,101.68074366,1745.79450000,2587.31639117,9891.18697000
5,516,0.716000,0.449000,107.32720193,0.00000000,215.67748147,476.43057291,0.00000000,0.00000000,94.69756566,107.32720193,101.68074366,1745.79450000,2587.31639096,9891.18697000
5,517,0.689000,0.395000,107.32720193,0.00000000,203.49713726,419.13157305,0.00000000,0.00000000,94.69756566,107.32720193,101.68074366,1745.79450000,2587.31639076,9891.18697000
5,518,0.617000,0.380000,107.32720193,0.00000000,171.01621938,403.21518420,0.00000000,0.00000000,94.69756566,107.32720193,101.68074366,1745.79450000,2587.31639055,9891.18697000
5,519,0.496000,0.403000,107.32720193,0.00000000,116.43023238,427.62031377,0.00000000,0.00000000,94.69756566,107.32720193,101.68074366,1745.79450000,2587.31639035,9891.18697000
5,520,0.329000,0.463000,107.32720193,0.00000000,41.09254785,491.28586918,0.00000000,0.00000000,94.69756566,107.32720193,101.68074366,1745.79450000,2587.31639014,9891.18697000
5,521,0.128000,0.503000,57.74385401,49.58334791,0.00000000,484.14622486,0.00000000,0.00000000,94.69756566,107.32720193,101.68074366,1745.79450000,2587.31638994,9891.18697000
5,522,0.000000,0.580000,0.00000000,107.32720193,0.00000000,508.10650028,0.00000000,0.00000000,94.69756566,107.32720193,101.68074366,1745.79450000,2587.31638973,9891.18697000
5,523,0.000000,0.642000,0.00000000,107.32720193,0.00000000,573.89424086,0.00000000,0.00000000,94.69756566,107.32720193,101.68074366,1745.79450000,2587.31638953,9891.18697000
5,524,0.000000,0.642000,0.00000000,107.32720193,0.00000000,573.89424086,0.00000000,0.00000000,94.69756566,107.32720193,101.68074366,1745.79450000,2587.31638932,9891.18697000
5,525,0.000000,0.597000,0.00000000,107.32720193,0.00000000,526.14507431,0.00000000,0.00000000,94.69756566,107.32720193,101.68074366,1745.79450000,2587.31638912,9891.18697000
5,526,0.000000,0.569000,0.00000000,107.32720193,0.00000000,496.43448179,0.00000000,0.00000000,94.69756566,107.32720193,101.68074366,1745.79450000,2587.31638891,9891.18697000
5,527,0.000000,0.540000,0.00000000,107.32720193,0.00000000,465.66279668,0.00000000,0.00000000,94.69756566,107.32720193,101.68074366,1745.79450000,2587.31638871,9891.18697000
5,528,0.000000,0.504000,0.00000000,107.32720193,0.00000000,427.46346344,0.00000000,0.00000000,94.69756566,107.32720193,101.68074366,1745.79450000,2587.31638850,9891.18697000
5,529,0.000000,0.476000,0.00000000,107.32720193,0.00000000,397.75287092,0.00000000,0.00000000,94.69756566,107.32720193,101.68074366,1745.79450000,2587.31638830,9891.18697000
5,530,0.000000,0.467000,0.00000000,107.32720193,0.00000000,388.20303761,0.00000000,0.00000000,94.69756566,107.32720193,101.68074366,1745.79450000,2587.31638809,9891.18697000
5,531,0.000000,0.468000,0.00000000,107.32720193,0.00000000,389.26413020,0.00000000,0.00000000,94.69756566,107.32720193,101.68074366,1745.79450000,2587.31638789,9891.18697000
5,532,0.000000,0.425000,0.00000000,107.32720193,0.00000000,343.63714883,0.00000000,0.00000000,94.69756566,107.32720193,101.68074366,1745.79450000,2587.31638768,9891.18697000
5,533,0.000000,0.382000,0.00000000,107.32720193,0.00000000,298.01016746,0.00000000,0.00000000,94.69756566,107.32720193,101.68074366,1745.79450000,2587.31638748,9891.18697000
5,534,0.000000,0.341000,0.00000000,107.32720193,0.00000000,254.50537127,0.00000000,0.00000000,94.69756566,107.32720193,101.68074366,1745.79450000,2587.31638727,9891.18697000
5,535,0.136000,0.264000,0.00000000,107.32720193,61.35284489,172.80124184,0.00000000,0.00000000,94.69756566,107.32720193,101.68074366,1745.79450000,2587.31638707,9891.18697000
5,536,0.335000,0.538000,107.32720193,0.00000000,43.79929100,570.86781343,0.00000000,0.00000000,94.69756566,107.32720193,101.68074366,1745.79450000,2587.31638686,9891.18697000
5,537,0.501000,0.653000,107.32720193,0.00000000,118.68585168,692.89346128,0.00000000,0.00000000,94.69756566,107.32720193,101.68074366,1745.79450000,2587.31638666,9891.18697000
5,538,0.615000,0.638000,107.32720193,0.00000000,170.11397166,676.97707243,0.00000000,0.00000000,94.69756566,107.32720193,101.68074366,1745.79450000,2587.31638645,9891.18697000
5,539,0.682000,0.592000,107.32720193,0.00000000,200.33927025,628.16681329,0.00000000,0.00000000,94.69756566,107.32720193,101.68074366,1745.79450000,2587.31638625,9891.18697000
5,540,0.702000,0.540000,107.32720193,0.00000000,209.36174744,572.98999861,0.00000000,0.00000000,94.69756566,107.32720193,101.68074366,1745.79450000,2587.31638604,9891.18697000
5,541,0.670000,0.477000,107.32720193,0.00000000,194.92578393,506.14116544,0.00000000,0.00000000,94.69756566,107.32720193,101.68074366,1745.79450000,2587.31638584,9891.18697000
5,542,0.593000,0.417000,107.32720193,0.00000000,160.18924675,442.47561003,0.00000000,0.00000000,94.69756566,107.32720193,101.68074366,1745.79450000,2587.31638563,9891.18697000
5,543,0.475000,0.383000,107.32720193,0.00000000,106.95663133,406.39846197,0.00000000,0.00000000,94.69756566,107.32720193,101.68074366,1745.79450000,2587.31638543,9891.18697000
5,544,0.305000,0.378000,107.32720193,0.00000000,30.26557522,401.09299902,0.00000000,0.00000000,94.69756566,107.32720193,101.68074366,1745.79450000,2587.31638522,9891.18697000
5,545,0.105000,0.388000,47.36800525,59.95919668,0.00000000,351.74472824,0.00000000,0.00000000,94.69756566,107.32720193,101.68074366,1745.79450000,2587.31638502,9891.18697000
5,546,0.000000,0.459000,0.00000000,107.32720193,0.00000000,379.71429689,0.00000000,0.00000000,94.69756566,107.32720193,101.68074366,1745.79450000,2587.31638481,9891.18697000
5,547,0.000000,0.480000,0.00000000,107.32720193,0.00000000,401.99724128,0.00000000,0.00000000,94.69756566,107.32720193,101.68074366,1745.79450000,2587.31638461,9891.18697000
5,548,0.000000,0.451000,0.00000000,107.32720193,0.00000000,371.22555617,0.00000000,0.00000000,94.69756566,107.32720193,101.68074366,1745.79450000,2587.31638440,9891.18697000
5,549,0.000000,0.395000,0.00000000,107.32720193,0.00000000,311.80437113,0.00000000,0.00000000,94.69756566,107.32720193,101.68074366,1745.79450000,2587.31638420,9891.18697000
5,550,0.000000,0.332000,0.00000000,107.32720193,0.00000000,244.95553796,0.00000000,0.00000000,94.69756566,107.32720193,101.68074366,1745.79450000,2587.31638399,9891.18697000
5,551,0.000000,0.284000,0.00000000,107.32720193,0.00000000,194.02309364,0.00000000,0.00000000,94.69756566,107.32720193,101.68074366,1745.79450000,2587.31638379,9891.18697000
5,552,0.000000,0.250000,0.00000000,107.32720193,0.00000000,157.94594558,0.00000000,0.00000000,94.69756566,107.32720193,101.68074366,1745.79450000,2587.31638358,9891.18697000
5,553,0.000000,0.251000,0.00000000,107.32720193,0.00000000,159.00703817,0.00000000,0.00000000,94.69756566,107.32720193,101.68074366,1745.79450000,2587.31638338,9891.18697000
5,554,0.000000,0.279000,0.00000000,107.32720193,0.00000000,188.71763069,0.00000000,0.00000000,94.69756566,107.32720193,101.68074366,1745.79450000,2587.31638317,9891.18697000
5,555,0.000000,0.305000,0.00000000,107.32720193,0.00000000,216.30603803,0.00000000,0.00000000,94.69756566,107.32720193,101.68074366,1745.79450000,2587.31638297,9891.18697000
5,556,0.000000,0.311000,0.00000000,107.32720193,0.00000000,222.67259357,0.00000000,0.00000000,94.69756566,107.32720193,101.68074366,1745.79450000,2587.31638276,9891.18697000
5,557,0.000000,0.302000,0.00000000,107.32720193,0.00000000,213.12276026,0.00000000,0.00000000,94.69756566,107.32720193,101.68074366,1745.79450000,2587.31638256,9891.18697000
5,558,0.000000,0.289000,0.00000000,107.32720193,0.00000000,199.32855659,0.00000000,0.00000000,94.69756566,107.32720193,101.68074366,1745.79450000,2587.31638235,9891.18697000
5,559,0.119000,0.270000,53.68373928,53.64346265,0.00000000,232.85153666,0.00000000,0.00000000,94.69756566,107.32720193,101.68074366,1745.79450000,2587.31638215,9891.18697000
5,560,0.290000,0.458000,107.32720193,0.00000000,23.49871733,485.98040623,0.00000000,0.00000000,94.69756566,107.32720193,101.68074366,1745.79450000,2587.31638194,9891.18697000
5,561,0.440000,0.473000,107.32720193,0.00000000,91.16729625,501.89679508,0.00000000,0.00000000,94.69756566,107.32720193,101.68074366,1745.79450000,2587.31638174,9891.18697000
5,562,0.556000,0.396000,107.32720193,0.00000000,143.49766395,420.19266564,0.00000000,0.00000000,94.69756566,107.32720193,101.68074366,1745.79450000,2587.31638153,9891.18697000
5,563,0.624000,0.302000,107.32720193,0.00000000,174.17408640,320.44996218,0.00000000,0.00000000,94.69756566,107.32720193,101.68074366,1745.79450000,2587.31638133,9891.18697000
5,564,0.645000,0.220000,107.32720193,0.00000000,183.64768744,233.44036980,0.00000000,0.00000000,94.69756566,107.32720193,101.68074366,1745.79450000,2587.31638112,9891.18697000
5,565,0.614000,0.175000,107.32720193,0.00000000,169.66284780,185.69120325,0.00000000,0.00000000,94.69756566,107.32720193,101.68074366,1745.79450000,2587.31638092,9891.18697000
5,566,0.545000,0.157000,107.32720193,0.00000000,138.53530150,166.59153663,0.00000000,0.00000000,94.69756566,107.32720193,101.68074366,1745.79450000,2587.31638071,9891.18697000
5,567,0.415000,0.159000,107.32720193,0.00000000,79.88919976,168.71372181,0.00000000,0.00000000,94.69756566,107.32720193,101.68074366,1745.79450000,2587.31638051,9891.18697000
5,568,0.242000,0.180000,107.32720193,0.00000000,1.84477207,190.99666620,0.00000000,0.00000000,94.69756566,107.32720193,101.68074366,1745.79450000,2587.31638030,9891.18697000
5,569,0.075000,0.223000,33.83428946,73.49291246,0.00000000,163.13073511,0.00000000,0.00000000,94.69756566,107.32720193,101.68074366,1745.79450000,2587.31638010,9891.18697000
5,570,0.000000,0.302000,0.00000000,107.32720193,0.00000000,213.12276026,0.00000000,0.00000000,94.69756566,107.32720193,101.68074366,1745.79450000,2587.31637989,9891.18697000
5,571,0.000000,0.337000,0.00000000,107.32720193,0.00000000,250.26100091,0.00000000,0.00000000,94.69756566,107.32720193,101.68074366,1745.79450000,2587.31637969,9891.18697000
5,572,0.000000,0.350000,0.00000000,107.32720193,0.00000000,264.05520458,0.00000000,0.00000000,94.69756566,107.32720193,101.68074366,1745.79450000,2587.31637948,9891.18697000
5,573,0.000000,0.391000,0.00000000,107.32720193,0.00000000,307.56000077,0.00000000,0.00000000,94.69756566,107.32720193,101.68074366,1745.79450000,2587.31637928,9891.18697000
5,574,0.000000,0.449000,0.00000000,107.32720193,0.00000000,369.10337099,0.00000000,0.00000000,94.69756566,107.32720193,101.68074366,1745.79450000,2587.31637907,9891.18697000
5,575,0.000000,0.472000,0.00000000,107.32720193,0.00000000,393.50850056,0.00000000,0.00000000,94.69756566,107.32720193,101.68074366,1745.79450000,2587.31637887,9891.18697000
5,576,0.000000,0.425000,0.00000000,107.32720193,0.00000000,343.63714883,0.00000000,0.00000000,94.69756566,107.32720193,101.68074366,1745.79450000,2587.31637866,9891.18697000
5,577,0.000000,0.358000,0.00000000,107.32720193,0.00000000,272.54394530,0.00000000,0.00000000,94.69756566,107.32720193,101.68074366,1745.79450000,2587.31637846,9891.18697000
5,578,0.000000,0.351000,0.00000000,107.32720193,0.00000000,265.11629717,0.00000000,0.00000000,94.69756566,107.32720193,101.68074366,1745.79450000,2587.31637825,9891.18697000
5,579,0.000000,0.300000,0.00000000,107.32720193,0.00000000,211.00057508,0.00000000,0.00000000,94.69756566,107.32720193,101.68074366,1745.79450000,2587.31637805,9891.18697000
5,580,0.000000,0.270000,0.00000000,107.32720193,0.00000000,179.16779738,0.00000000,0.00000000,94.69756566,107.32720193,101.68074366,1745.79450000,2587.31637784,9891.18697000
5,581,0.000000,0.233000,0.00000000,107.32720193,0.00000000,139.90737155,0.00000000,0.00000000,94.69756566,107.32720193,101.68074366,1745.79450000,2587.31637764,9891.18697000
5,582,0.000000,0.195000,0.00000000,107.32720193,0.00000000,99.58585313,0.00000000,0.00000000,94.69756566,107.32720193,101.68074366,1745.79450000,2587.31637743,9891.18697000
5,583,0.087000,0.180000,39.24777578,68.07942615,0.00000000,122.91724005,0.00000000,0.00000000,94.69756566,107.32720193,101.68074366,1745.79450000,2587.31637723,9891.18697000
5,584,0.246000,0.265000,107.32720193,0.00000000,3.64926751,281.18953635,0.00000000,0.00000000,94.69756566,107.32720193,101.68074366,1745.79450000,2587.31637702,9891.18697000
5,585,0.395000,0.247000,107.32720193,0.00000000,70.86672257,262.08986973,0.00000000,0.00000000,94.69756566,107.32720193,101.68074366,1745.79450000,2587.31637682,9891.18697000
5,586,0.503000,0.181000,107.32720193,0.00000000,119.58809940,192.05775879,0.00000000,0.00000000,94.69756566,107.32720193,101.68074366,1745.79450000,2587.31637661,9891.18697000
5,587,0.564000,0.126000,107.32720193,0.00000000,147.10665483,133.69766634,0.00000000,0.00000000,94.69756566,107.32720193,101.68074366,1745.79450000,2587.31637641,9891.18697000
5,588,0.570000,0.101000,107.32720193,0.00000000,149.81339798,107.17035159,0.00000000,0.00000000,94.69756566,107.32720193,101.68074366,1745.79450000,2587.31637620,9891.18697000
5,589,0.503000,0.103000,107.32720193,0.00000000,119.58809940,109.29253677,0.00000000,0.00000000,94.69756566,107.32720193,101.68074366,1745.79450000,2587.31637600,9891.18697000
5,590,0.359000,0.133000,107.32720193,0.00000000,54.62626363,141.12531447,0.00000000,0.00000000,94.69756566,107.32720193,101.68074366,1745.79450000,2587.31637579,9891.18697000
5,591,0.219000,0.178000,98.79612523,8.53107670,0.00000000,180.34340432,0.00000000,0.00000000,94.69756566,107.32720193,101.68074366,1745.79450000,2587.31637559,9891.18697000
5,592,0.114000,0.216000,51.42811998,55.89908194,0.00000000,173.29691750,0.00000000,0.00000000,94.69756566,107.32720193,101.68074366,1745.79450000,2587.31637538,9891.18697000
5,593,0.028000,0.225000,12.63146807,94.17963347,0.00000000,144.56619928,0.00000000,0.00000000,94.69756566,106.81110154,101.68074366,1745.79450000,2888.36889489,8185.50697164
5,594,0.000000,0.214000,0.00000000,106.72863180,0.00000000,120.34518246,0.00000000,0.00000000,94.69756566,106.72863180,101.68074366,1745.79450000,3237.52779473,7912.94957600
5,595,0.000000,0.206000,0.00000000,106.72863180,0.00000000,111.85644174,0.00000000,0.00000000,94.69756566,106.72863180,101.68074366,1745.79450000,3586.68669456,7912.94957600
5,596,0.000000,0.214000,0.00000000,106.72863180,0.00000000,120.34518246,0.00000000,0.00000000,94.69756566,106.72863180,101.68074366,1745.79450000,3935.84559440,7912.94957600
5,597,0.000000,0.234000,0.00000000,106.72863180,0.00000000,141.56703426,0.00000000,0.00000000,94.69756566,106.72863180,101.68074366,1745.79450000,4285.00449423,7912.94957600
5,598,0.000000,0.238000,0.00000000,106.72863180,0.00000000,145.81140462,0.00000000,0.00000000,94.69756566,106.72863180,101.68074366,1745.79450000,4634.16339407,7912.94957600
5,599,0.000000,0.258000,0.00000000,106.72863180,0.00000000,167.03325642,0.00000000,0.00000000,94.69756566,106.72863180,101.68074366,1745.79450000,4983.32229391,7912.94957600
5,600,0.000000,0.314000,0.00000000,106.72863180,0.00000000,226.45444146,0.00000000,0.00000000,94.69756566,106.72863180,101.68074366,1745.79450000,5332.48119374,7912.94957600
5,601,0.000000,0.345000,0.00000000,106.72863180,0.00000000,259.34831175,0.00000000,0.00000000,94.69756566,106.72863180,101.68074366,1745.79450000,5681.64009358,7912.94957600
5,602,0.000000,0.360000,0.00000000,106.72863180,0.00000000,275.26470060,0.00000000,0.00000000,94.69756566,106.72863180,101.68074366,1745.79450000,6030.79899341,7912.94957600
5,603,0.000000,0.368000,0.00000000,106.72863180,0.00000000,283.75344132,0.00000000,0.00000000,94.69756566,106.72863180,101.68074366,1745.79450000,6379.95789325,7912.94957600
5,604,0.000000,0.358000,0.00000000,106.72863180,0.00000000,273.14251542,0.00000000,0.00000000,94.69756566,106.72863180,101.68074366,1745.79450000,6729.11679309,7912.94957600
5,605,0.000000,0.325000,0.00000000,106.72863180,0.00000000,238.12645995,0.00000000,0.00000000,94.69756566,106.72863180,101.68074366,1745.79450000,7078.27569292,7912.94957600
5,606,0.000000,0.296000,0.00000000,106.72863180,0.00000000,207.35477484,0.00000000,0.00000000,94.69756566,106.72863180,101.68074366,1745.79450000,7427.43459276,7912.94957600
5,607,0.040000,0.248000,18.04495438,88.68367742,0.00000000,174.46728490,0.00000000,0.00000000,94.69756566,106.72863180,101.68074366,1745.79450000,7776.59349259,7912.94957600
5,608,0.129000,0.452000,58.19497787,48.53365393,0.00000000,431.08019676,0.00000000,0.00000000,94.69756566,106.72863180,101.68074366,1745.79450000,8125.75239243,7912.94957600
5,609,0.231000,0.599000,104.20961154,2.51902026,0.00000000,633.07544116,0.00000000,0.00000000,94.69756566,106.72863180,101.68074366,1745.79450000,8474.91129227,7912.94957600
5,610,0.337000,0.593000,106.72863180,0.00000000,45.30010885,629.22790588,0.00000000,0.00000000,94.69756566,106.72863180,101.68074366,1745.79450000,8824.07019210,7912.94957600
5,611,0.420000,0.535000,106.72863180,0.00000000,82.74338918,567.68453566,0.00000000,0.00000000,94.69756566,106.72863180,101.68074366,1745.79450000,9173.22909194,7912.94957600
5,612,0.440000,0.464000,106.72863180,0.00000000,91.76586637,492.34696177,0.00000000,0.00000000,94.69756566,106.72863180,101.68074366,1745.79450000,9522.38799177,7912.94957600
5,613,0.411000,0.402000,106.72863180,0.00000000,78.68327445,426.55922118,0.00000000,0.00000000,94.69756566,106.72863180,101.68074366,1745.79450000,9871.54689161,7912.94957600
5,614,0.352000,0.358000,106.72863180,0.00000000,52.06696674,379.87114722,0.00000000,0.00000000,94.69756566,106.72863180,101.68074366,1745.79450000,10220.70579145,7912.94957600
5,615,0.254000,0.326000,106.72863180,0.00000000,7.85682851,345.91618434,0.00000000,0.00000000,94.69756566,106.72863180,101.68074366,1745.79450000,10569.86469128,7912.94957600
5,616,0.138000,0.289000,62.25509261,44.47353919,0.00000000,262.18221932,0.00000000,0.00000000,94.69756566,106.72863180,101.68074366,1745.79450000,10919.02359112,7912.94957600
5,617,0.043000,0.264000,19.39832596,87.33030584,0.00000000,192.79813792,0.00000000,0.00000000,94.69756566,106.72863180,101.68074366,1745.79450000,11268.18249095,7912.94957600
5,618,0.000000,0.311000,0.00000000,106.72863180,0.00000000,223.27116369,0.00000000,0.00000000,94.69756566,106.72863180,101.68074366,1745.79450000,11617.34139079,7912.94957600
5,619,0.000000,0.341000,0.00000000,106.72863180,0.00000000,255.10394139,0.00000000,0.00000000,94.69756566,106.72863180,101.68074366,1745.79450000,11966.50029063,7912.94957600
5,620,0.000000,0.341000,0.00000000,106.72863180,0.00000000,255.10394139,0.00000000,0.00000000,94.69756566,106.72863180,101.68074366,1745.79450000,12315.65919046,7912.94957600
5,621,0.000000,0.311000,0.00000000,106.72863180,0.00000000,223.27116369,0.00000000,0.00000000,94.69756566,106.72863180,101.68074366,1745.79450000,12664.81809030,7912.94957600
5,622,0.000000,0.278000,0.00000000,106.72863180,0.00000000,188.25510822,0.00000000,0.00000000,94.69756566,106.72863180,101.68074366,1745.79450000,13013.97699013,7912.94957600
5,623,0.000000,0.243000,0.00000000,106.72863180,0.00000000,151.11686757,0.00000000,0.00000000,94.69756566,106.72863180,101.68074366,1745.79450000,13363.13588997,7912.94957600
5,624,0.000000,0.220000,0.00000000,106.72863180,0.00000000,126.71173800,0.00000000,0.00000000,94.69756566,106.72863180,101.68074366,1745.79450000,13712.29478981,7912.94957600
5,625,0.000000,0.220000,0.00000000,106.72863180,0.00000000,126.71173800,0.00000000,0.00000000,94.69756566,106.72863180,101.68074366,1745.79450000,14061.45368964,7912.94957600
5,626,0.000000,0.227000,0.00000000,106.72863180,0.00000000,134.13938613,0.00000000,0.00000000,94.69756566,106.72863180,101.68074366,1745.79450000,14410.61258948,7912.94957600
5,627,0.000000,0.235000,0.00000000,106.72863180,0.00000000,142.62812685,0.00000000,0.00000000,94.69756566,106.72863180,101.68074366,1745.79450000,14759.77148931,7912.94957600
5,628,0.000000,0.235000,0.00000000,106.72863180,0.00000000,142.62812685,0.00000000,0.00000000,94.69756566,106.72863180,101.68074366,1745.79450000,15108.93038915,7912.94957600
5,629,0.000000,0.241000,0.00000000,106.72863180,0.00000000,148.99468239,0.00000000,0.00000000,94.69756566,106.72863180,101.68074366,1745.79450000,15458.08928899,7912.94957600
5,630,0.000000,0.264000,0.00000000,106.72863180,0.00000000,173.39981196,0.00000000,0.00000000,94.69756566,106.72863180,101.68074366,1745.79450000,15807.24818882,7912.94957600
5,631,0.044000,0.288000,19.84944982,86.87918198,0.00000000,218.71548394,0.00000000,0.00000000,94.69756566,106.72863180,101.68074366,1745.79450000,16156.40708866,7912.94957600
5,632,0.170000,0.414000,76.69105611,30.03757569,0.00000000,409.25475658,0.00000000,0.00000000,94.69756566,106.72863180,101.68074366,1745.79450000,16505.56598849,7912.94957600
5,633,0.323000,0.463000,106.72863180,0.00000000,38.98437481,491.28586918,0.00000000,0.00000000,94.69756566,106.72863180,101.68074366,1745.79450000,16854.72488833,7912.94957600
5,634,0.404000,0.310000,106.72863180,0.00000000,75.52540743,328.93870290,0.00000000,0.00000000,94.69756566,106.72863180,101.68074366,1745.79450000,17203.88378817,7912.94957600
5,635,0.412000,0.206000,106.72863180,0.00000000,79.13439831,218.58507354,0.00000000,0.00000000,94.69756566,106.72863180,101.68074366,1745.79450000,17553.04268800,7912.94957600
5,636,0.382000,0.153000,106.72863180,0.00000000,65.60068252,162.34716627,0.00000000,0.00000000,94.69756566,106.72863180,101.68074366,1745.79450000,17902.20158730,7912.94957600
5,637,0.326000,0.140000,106.72863180,0.00000000,40.33774639,148.55296260,0.00000000,0.00000000,94.69756566,106.72863180,101.68074366,1745.79450000,18251.36048767,7912.94957600
5,638,0.254000,0.136000,106.72863180,0.00000000,7.85682851,144.30859224,0.00000000,0.00000000,94.69756566,106.72863180,101.68074366,1745.79450000,18600.51938751,7912.94957600
5,639,0.164000,0.093000,73.98431296,32.74431884,0.00000000,65.93729203,0.00000000,0.00000000,94.69756566,106.72863180,101.68074366,1745.79450000,18949.67828735,7912.94957600
5,640,0.090000,0.044000,40.60114735,46.68807396,0.00000000,0.00000000,4.72280025,0.00000000,81.16153776,92.01202156,87.28922131,1531.92088751,19084.96357469,7912.94957600
5,641,0.027000,0.021000,12.18034421,22.28294439,0.00000000,0.00000000,3.41281151,0.00000000,31.78294384,37.87610011,34.46328860,670.08619021,18358.41416474,7912.94957600
5,642,0.000000,0.019000,0.00000000,20.16075921,0.00000000,0.00000000,3.01326239,0.00000000,18.53185950,23.17402160,20.16075921,407.22492849,17369.00349307,7912.94957600
5,643,0.000000,0.026000,0.00000000,27.58840734,0.00000000,0.00000000,3.22584983,0.00000000,25.40006700,30.81425717,27.58840734,547.08508491,16519.45297781,7912.94957600
5,644,0.000000,0.049000,0.00000000,51.99353691,0.00000000,0.00000000,3.87336629,0.00000000,48.10120589,55.86690320,51.99353691,973.08275481,16095.90013245,7912.94957600
5,645,0.000000,0.094000,0.00000000,99.74270346,0.00000000,0.00000000,5.00411005,0.00000000,92.87473097,104.74681351,99.74270346,1716.99312315,16416.25765543,7912.94957600
5,646,0.000000,0.111000,0.00000000,106.72863180,0.00000000,11.05264569,0.00000000,0.00000000,94.69756566,106.72863180,101.68074366,1745.79450000,16765.41655527,7912.94957600
5,647,0.000000,0.082000,0.00000000,87.00959238,0.00000000,0.00000000,4.71648375,0.00000000,80.89853119,91.72607614,87.00959238,1527.76529864,16896.54625374,7912.94957600
5,648,0.000000,0.045000,0.00000000,47.74916655,0.00000000,0.00000000,3.76362730,0.00000000,44.14562234,51.51279385,47.74916655,900.88605204,16400.79670562,7912.94957600
5,649,0.000000,0.020000,0.00000000,21.22185180,0.00000000,0.00000000,3.04372470,0.00000000,19.51278812,24.26557650,21.22185180,427.26592130,15431.42702675,7912.94957600
5,650,0.000000,0.006000,0.00000000,2.39428050,0.00000000,3.97227504,0.00000000,0.00000000,0.00000000,2.39428050,0.00000000,0.00000000,14034.79142659,7912.94957600
5,651,0.000000,0.003000,0.00000000,2.39428050,0.00000000,0.78899727,0.00000000,0.00000000,0.00000000,2.39428050,0.00000000,0.00000000,12638.15582642,7912.94957600
5,652,0.000000,0.003000,0.00000000,2.39428050,0.00000000,0.78899727,0.00000000,0.00000000,0.00000000,2.39428050,0.00000000,0.00000000,11241.52022626,7912.94957600
5,653,0.000000,0.007000,0.00000000,2.39428050,0.00000000,5.03336763,0.00000000,0.00000000,0.00000000,2.39428050,0.00000000,0.00000000,9844.88462609,7912.94957600
5,654,0.000000,0.014000,0.00000000,2.39428050,0.00000000,12.46101576,0.00000000,0.00000000,0.00000000,2.39428050,0.00000000,0.00000000,8448.24902593,7912.94957600
5,655,0.036000,0.017000,16.24045894,18.03857403,0.00000000,0.00000000,3.40780070,0.00000000,31.61187456,37.68683367,34.27903297,666.78960302,7718.40302879,7912.94957600
5,656,0.122000,0.027000,55.03711086,28.64949993,0.00000000,0.00000000,4.64049220,0.00000000,77.77552738,88.32710298,83.68661079,1477.77085231,7799.53828093,7912.94957600
5,657,0.216000,0.046000,97.44275365,9.28587815,0.00000000,39.52438099,0.00000000,0.00000000,94.69756566,106.72863180,101.68074366,1745.79450000,8148.69718077,7912.94957600
5,658,0.303000,0.047000,106.72863180,0.00000000,29.96189762,49.87135173,0.00000000,0.00000000,94.69756566,106.72863180,101.68074366,1745.79450000,8497.85608061,7912.94957600
5,659,0.342000,0.034000,106.72863180,0.00000000,47.55572814,36.07714806,0.00000000,0.00000000,94.69756566,106.72863180,101.68074366,1745.79450000,8847.01498044,7912.94957600
5,660,0.351000,0.020000,106.72863180,0.00000000,51.61584288,21.22185180,0.00000000,0.00000000,94.69756566,106.72863180,101.68074366,1745.79450000,9196.17388028,7912.94957600
5,661,0.333000,0.013000,106.72863180,0.00000000,43.49561341,13.79420367,0.00000000,0.00000000,94.69756566,106.72863180,101.68074366,1745.79450000,9545.33278011,7912.94957600
5,662,0.284000,0.012000,106.72863180,0.00000000,21.39054429,12.73311108,0.00000000,0.00000000,94.69756566,106.72863180,101.68074366,1745.79450000,9894.49167995,7912.94957600
5,663,0.211000,0.016000,95.18713435,11.54149745,0.00000000,5.43598399,0.00000000,0.00000000,94.69756566,106.72863180,101.68074366,1745.79450000,10243.65057979,7912.94957600
5,664,0.122000,0.025000,55.03711086,26.52731475,0.00000000,0.00000000,4.59047600,0.00000000,75.78496376,86.15490161,81.56442561,1444.86546210,10291.88044172,7912.94957600
5,665,0.036000,0.050000,16.24045894,53.05462950,0.00000000,0.00000000,4.30130918,0.00000000,64.27659191,73.59639763,69.29508844,1254.62413401,10149.86897557,7912.94957600
5,666,0.000000,0.101000,0.00000000,106.72863180,0.00000000,0.44171979,0.00000000,0.00000000,94.69756566,106.72863180,101.68074366,1745.79450000,10499.02787540,7912.94957600
5,667,0.000000,0.141000,0.00000000,106.72863180,0.00000000,42.88542339,0.00000000,0.00000000,94.69756566,106.72863180,101.68074366,1745.79450000,10848.18677524,7912.94957600
5,668,0.000000,0.148000,0.00000000,106.72863180,0.00000000,50.31307152,0.00000000,0.00000000,94.69756566,106.72863180,101.68074366,1745.79450000,11197.34567508,7912.94957600
5,669,0.000000,0.140000,0.00000000,106.72863180,0.00000000,41.82433080,0.00000000,0.00000000,94.69756566,106.72863180,101.68074366,1745.79450000,11546.50457491,7912.94957600
5,670,0.000000,0.130000,0.00000000,106.72863180,0.00000000,31.21340490,0.00000000,0.00000000,94.69756566,106.72863180,101.68074366,1745.79450000,11895.66347475,7912.94957600
5,671,0.000000,0.120000,0.00000000,106.72863180,0.00000000,20.60247900,0.00000000,0.00000000,94.69756566,106.72863180,101.68074366,1745.79450000,12244.82237458,7912.94957600
5,672,0.000000,0.101000,0.00000000,106.72863180,0.00000000,0.44171979,0.00000000,0.00000000,94.69756566,106.72863180,101.68074366,1745.79450000,12593.98127442,7912.94957600
5,673,0.000000,0.078000,0.00000000,82.76522202,0.00000000,0.00000000,4.61877667,0.00000000,76.91128472,87.38399869,82.76522202,1463.48432482,12660.82999907,7912.94957600
5,674,0.000000,0.056000,0.00000000,59.42118504,0.00000000,0.00000000,4.05858764,0.00000000,55.04142941,63.47977268,59.42118504,1094.93890859,12359.13330750,7912.94957600
5,675,0.000000,0.046000,0.00000000,48.81025914,0.00000000,0.00000000,3.79106205,0.00000000,45.13451823,52.60132119,48.81025914,918.93522773,11881.43293507,7912.94957600
5,676,0.000000,0.047000,0.00000000,49.87135173,0.00000000,0.00000000,3.81849679,0.00000000,46.12341412,53.68984852,49.87135173,936.98440342,11421.78173833,7912.94957600
5,677,0.000000,0.057000,0.00000000,60.48227763,0.00000000,0.00000000,4.08474584,0.00000000,56.03368464,64.56702347,60.48227763,1112.14824782,11137.29438599,7912.94957600
5,678,0.000000,0.071000,0.00000000,75.33757389,0.00000000,0.00000000,4.44372000,0.00000000,69.94431205,79.78129389,75.33757389,1348.31545907,11088.97424490,7912.94957600
5,679,0.035000,0.067000,15.78933508,71.09320353,0.00000000,0.00000000,4.71361376,0.00000000,80.77903004,91.59615237,86.88253861,1525.87714200,11218.21578674,7912.94957600
5,680,0.123000,0.053000,55.48823472,51.24039708,0.00000000,4.99751019,0.00000000,0.00000000,94.69756566,106.72863180,101.68074366,1745.79450000,11567.37468657,7912.94957600
5,681,0.230000,0.071000,103.75848768,2.97014412,0.00000000,72.36742977,0.00000000,0.00000000,94.69756566,106.72863180,101.68074366,1745.79450000,11916.53358641,7912.94957600
5,682,0.333000,0.070000,106.72863180,0.00000000,43.49561341,74.27648130,0.00000000,0.00000000,94.69756566,106.72863180,101.68074366,1745.79450000,12265.69248625,7912.94957600
5,683,0.408000,0.056000,106.72863180,0.00000000,77.32990287,59.42118504,0.00000000,0.00000000,94.69756566,106.72863180,101.68074366,1745.79450000,12614.85138608,7912.94957600
5,684,0.410000,0.040000,106.72863180,0.00000000,78.23215059,42.44370360,0.00000000,0.00000000,94.69756566,106.72863180,101.68074366,1745.79450000,12964.01028592,7912.94957600
5,685,0.390000,0.032000,106.72863180,0.00000000,69.20967340,33.95496288,0.00000000,0.00000000,94.69756566,106.72863180,101.68074366,1745.79450000,13313.16918575,7912.94957600
5,686,0.345000,0.030000,106.72863180,0.00000000,48.90909972,31.83277770,0.00000000,0.00000000,94.69756566,106.72863180,101.68074366,1745.79450000,13662.32808559,7912.94957600
5,687,0.270000,0.035000,106.72863180,0.00000000,15.07481026,37.13824065,0.00000000,0.00000000,94.69756566,106.72863180,101.68074366,1745.79450000,14011.48698543,7912.94957600
5,688,0.161000,0.055000,72.63094138,34.09769042,0.00000000,24.26240203,0.00000000,0.00000000,94.69756566,106.72863180,101.68074366,1745.79450000,14360.64588526,7912.94957600
5,689,0.048000,0.099000,21.65394526,85.07468655,0.00000000,19.97347987,0.00000000,0.00000000,94.69756566,106.72863180,101.68074366,1745.79450000,14709.80478510,7912.94957600
5,690,0.000000,0.178000,0.00000000,106.72863180,0.00000000,82.14584922,0.00000000,0.00000000,94.69756566,106.72863180,101.68074366,1745.79450000,15058.96368493,7912.94957600
5,691,0.000000,0.238000,0.00000000,106.72863180,0.00000000,145.81140462,0.00000000,0.00000000,94.69756566,106.72863180,101.68074366,1745.79450000,15408.12258477,7912.94957600
5,692,0.000000,0.241000,0.00000000,106.72863180,0.00000000,148.99468239,0.00000000,0.00000000,94.69756566,106.72863180,101.68074366,1745.79450000,15757.28148461,7912.94957600
5,693,0.000000,0.236000,0.00000000,106.72863180,0.00000000,143.68921944,0.00000000,0.00000000,94.69756566,106.72863180,101.68074366,1745.79450000,16106.44038444,7912.94957600
5,694,0.000000,0.226000,0.00000000,106.72863180,0.00000000,133.07829354,0.00000000,0.00000000,94.69756566,106.72863180,101.68074366,1745.79450000,16455.59928428,7912.94957600
5,695,0.000000,0.214000,0.00000000,106.72863180,0.00000000,120.34518246,0.00000000,0.00000000,94.69756566,106.72863180,101.68074366,1745.79450000,16804.75818411,7912.94957600
5,696,0.000000,0.205000,0.00000000,106.72863180,0.00000000,110.79534915,0.00000000,0.00000000,94.69756566,106.72863180,101.68074366,1745.79450000,17153.91708395,7912.94957600
5,697,0.000000,0.199000,0.00000000,106.72863180,0.00000000,104.42879361,0.00000000,0.00000000,94.69756566,106.72863180,101.68074366,1745.79450000,17503.07598379,7912.94957600
5,698,0.000000,0.202000,0.00000000,106.72863180,0.00000000,107.61207138,0.00000000,0.00000000,94.69756566,106.72863180,101.68074366,1745.79450000,17852.23488362,7912.94957600
5,699,0.000000,0.221000,0.00000000,106.72863180,0.00000000,127.77283059,0.00000000,0.00000000,94.69756566,106.72863180,101.68074366,1745.79450000,18201.39378346,7912.94957600
5,700,0.000000,0.240000,0.00000000,106.72863180,0.00000000,147.93358980,0.00000000,0.00000000,94.69756566,106.72863180,101.68074366,1745.79450000,18550.55268329,7912.94957600
5,701,0.000000,0.254000,0.00000000,106.72863180,0.00000000,162.78888606,0.00000000,0.00000000,94.69756566,106.72863180,101.68074366,1745.79450000,18899.71158313,7912.94957600
5,702,0.000000,0.262000,0.00000000,106.72863180,0.00000000,171.27762678,0.00000000,0.00000000,94.69756566,106.72863180,101.68074366,1745.79450000,19248.87048297,7912.94957600
5,703,0.094000,0.205000,42.40564279,64.32298901,0.00000000,153.20099194,0.00000000,0.00000000,94.69756566,106.72863180,101.68074366,1745.79450000,19598.02938280,7912.94957600
5,704,0.272000,0.316000,106.72863180,0.00000000,15.97705798,335.30525844,0.00000000,0.00000000,94.69756566,106.72863180,101.68074366,1745.79450000,19947.18828264,7912.94957600
5,705,0.438000,0.345000,106.72863180,0.00000000,90.86361866,366.07694355,0.00000000,0.00000000,94.69756566,106.72863180,101.68074366,1745.79450000,20296.34718247,7912.94957600
5,706,0.556000,0.297000,106.72863180,0.00000000,144.09623408,315.14449923,0.00000000,0.00000000,94.69756566,106.72863180,101.68074366,1745.79450000,20645.50608231,7912.94957600
5,707,0.621000,0.251000,106.72863180,0.00000000,173.41928494,266.33424009,0.00000000,0.00000000,94.69756566,106.72863180,101.68074366,1745.79450000,20994.66498215,7912.94957600
5,708,0.628000,0.214000,106.72863180,0.00000000,176.57715196,227.07381426,0.00000000,0.00000000,94.69756566,106.72863180,101.68074366,1745.79450000,21343.82388198,7912.94957600
5,709,0.587000,0.195000,106.72863180,0.00000000,158.08107372,206.91305505,0.00000000,0.00000000,94.69756566,106.72863180,101.68074366,1745.79450000,21692.98278182,7912.94957600
5,710,0.493000,0.192000,106.72863180,0.00000000,115.67543093,203.72977728,0.00000000,0.00000000,94.69756566,106.72863180,101.68074366,1745.79450000,22042.14168165,7912.94957600
5,711,0.356000,0.210000,106.72863180,0.00000000,53.87146218,222.82944390,0.00000000,0.00000000,94.69756566,106.72863180,101.68074366,1745.79450000,22391.30058149,7912.94957600
5,712,0.201000,0.245000,90.67589576,16.05273604,0.00000000,243.91494851,0.00000000,0.00000000,94.69756566,106.72863180,101.68074366,1745.79450000,22740.45948133,7912.94957600
5,713,0.049000,0.279000,22.10506911,84.62356269,0.00000000,211.42126993,0.00000000,0.00000000,94.69756566,106.72863180,101.68074366,1745.79450000,23089.61838116,7912.94957600
5,714,0.000000,0.348000,0.00000000,106.72863180,0.00000000,262.53158952,0.00000000,0.00000000,94.69756566,106.72863180,101.68074366,1745.79450000,23438.77728100,7912.94957600
5,715,0.000000,0.404000,0.00000000,106.72863180,0.00000000,321.95277456,0.00000000,0.00000000,94.69756566,106.72863180,101.68074366,1745.79450000,23787.93618083,7912.94957600
5,716,0.000000,0.427000,0.00000000,106.72863180,0.00000000,346.35790413,0.00000000,0.00000000,94.69756566,106.72863180,101.68074366,1745.79450000,24137.09508067,7912.94957600
5,717,0.000000,0.391000,0.00000000,106.72863180,0.00000000,308.15857089,0.00000000,0.00000000,94.69756566,106.72863180,101.68074366,1745.79450000,24486.25398051,7912.94957600
5,718,0.000000,0.379000,0.00000000,106.72863180,0.00000000,295.42545981,0.00000000,0.00000000,94.69756566,106.72863180,101.68074366,1745.79450000,24835.41288034,7912.94957600
5,719,0.000000,0.352000,0.00000000,106.72863180,0.00000000,266.77595988,0.00000000,0.00000000,94.69756566,106.72863180,101.68074366,1745.79450000,25184.57178018,7912.94957600
5,720,0.000000,0.317000,0.00000000,106.72863180,0.00000000,229.63771923,0.00000000,0.00000000,94.69756566,106.72863180,101.68074366,1745.79450000,25533.73068001,7912.94957600
6,1,0.000000,0.756000,0.00000000,2.99285063,0.00000000,799.19314742,0.00000000,0.00000000,0.00000000,2.99285063,0.00000000,0.00000000,23787.93617981,9891.18697000
6,2,0.000000,0.643000,0.00000000,107.32720193,0.00000000,574.95533345,0.00000000,0.00000000,94.69756566,107.32720193,101.68074366,1745.79450000,23787.93617960,9891.18697000
6,3,0.000000,0.583000,0.00000000,107.32720193,0.00000000,511.28977805,0.00000000,0.00000000,94.69756566,107.32720193,101.68074366,1745.79450000,23787.93617940,9891.18697000
6,4,0.000000,0.521000,0.00000000,107.32720193,0.00000000,445.50203747,0.00000000,0.00000000,94.69756566,107.32720193,101.68074366,1745.79450000,23787.93617919,9891.18697000
6,5,0.000000,0.466000,0.00000000,107.32720193,0.00000000,387.14194502,0.00000000,0.00000000,94.69756566,107.32720193,101.68074366,1745.79450000,23787.93617899,9891.18697000
6,6,0.000000,0.432000,0.00000000,107.32720193,0.00000000,351.06479696,0.00000000,0.00000000,94.69756566,107.32720193,101.68074366,1745.79450000,23787.93617878,9891.18697000
6,7,0.121000,0.479000,2.39428050,0.00000000,52.19170650,508.26335062,0.00000000,0.00000000,0.00000000,2.39428050,0.00000000,0.00000000,22391.30057862,7912.94957600
6,8,0.315000,0.780000,107.32720193,0.00000000,34.77681381,827.65222021,0.00000000,0.00000000,94.69756566,107.32720193,101.68074366,1745.79450000,22391.30057842,9891.18697000
6,9,0.476000,0.814000,106.72863180,0.00000000,108.00632532,863.72936827,0.00000000,0.00000000,94.69756566,106.72863180,101.68074366,1745.79450000,22740.45947825,7912.94957600
6,10,0.588000,0.785000,2.99285063,0.00000000,262.26797875,832.95768316,0.00000000,0.00000000,0.00000000,2.99285063,0.00000000,0.00000000,20994.66497805,9891.18697000
6,11,0.652000,0.750000,107.23732231,0.00000000,186.89543408,795.81944251,0.00000000,0.00000000,94.69756566,107.23732231,101.68074366,1745.79450000,21047.09370220,9594.14037305
6,12,0.670000,0.717000,107.32720193,0.00000000,194.92578393,760.80338704,0.00000000,0.00000000,94.69756566,107.32720193,101.68074366,1745.79450000,21047.09370200,9891.18697000
6,13,0.644000,0.692000,107.32720193,0.00000000,183.19656359,734.27607229,0.00000000,0.00000000,94.69756566,107.32720193,101.68074366,1745.79450000,21047.09370179,9891.18697000
6,14,0.573000,0.678000,107.32720193,0.00000000,151.16676956,719.42077603,0.00000000,0.00000000,94.69756566,107.32720193,101.68074366,1745.79450000,21047.09370159,9891.18697000
6,15,0.457000,0.692000,2.99285063,0.00000000,203.17075316,734.27607229,0.00000000,0.00000000,0.00000000,2.99285063,0.00000000,0.00000000,19301.29920138,9891.18697000
6,16,0.287000,0.729000,106.72863180,0.00000000,22.74391587,773.53649812,0.00000000,0.00000000,94.69756566,106.72863180,101.68074366,1745.79450000,19650.45810122,7912.94957600
6,17,0.092000,0.776000,30.97213435,0.00000000,10.53126072,823.40784985,0.00000000,0.00000000,25.00174700,30.97213435,27.15938231,539.40882693,18444.07242794,9891.18697000
6,18,0.000000,0.808000,0.00000000,107.32720193,0.00000000,750.03561080,0.00000000,0.00000000,94.69756566,107.32720193,101.68074366,1745.79450000,18444.07242773,9891.18697000
6,19,0.000000,0.821000,0.00000000,44.07720969,0.00000000,827.07980671,0.00000000,0.00000000,36.84682300,44.07720969,39.91750131,767.66957627,17465.94750380,9891.18697000
6,20,0.000000,0.835000,0.00000000,2.99285063,0.00000000,883.01946203,0.00000000,0.00000000,0.00000000,2.99285063,0.00000000,0.00000000,15720.15300359,9891.18697000
6,21,0.000000,0.830000,0.00000000,30.97213678,0.00000000,849.73471293,0.00000000,0.00000000,25.00174700,30.97213678,27.15938407,539.40926699,14513.76777038,9891.18697000
6,22,0.000000,0.816000,0.00000000,2.99285063,0.00000000,862.85870282,0.00000000,0.00000000,0.00000000,2.99285063,0.00000000,0.00000000,12767.97327018,9891.18697000
6,23,0.000000,0.822000,0.00000000,2.99285063,0.00000000,869.22525836,0.00000000,0.00000000,0.00000000,2.99285063,0.00000000,0.00000000,11022.17876997,9891.18697000
6,24,0.000000,0.801000,0.00000000,2.99285063,0.00000000,846.94231397,0.00000000,0.00000000,0.00000000,2.99285063,0.00000000,0.00000000,9276.38426977,9891.18697000
6,25,0.000000,0.763000,0.00000000,2.99285063,0.00000000,806.62079555,0.00000000,0.00000000,0.00000000,2.99285063,0.00000000,0.00000000,7530.58976956,9891.18697000
6,26,0.000000,0.715000,0.00000000,2.99285063,0.00000000,755.68835123,0.00000000,0.00000000,0.00000000,2.99285063,0.00000000,0.00000000,5784.79526936,9891.18697000
6,27,0.000000,0.661000,0.00000000,2.99285063,0.00000000,698.38935137,0.00000000,0.00000000,0.00000000,2.99285063,0.00000000,0.00000000,4039.00076915,9891.18697000
6,28,0.000000,0.582000,0.00000000,106.72863180,0.00000000,510.82725559,0.00000000,0.00000000,94.69756566,106.72863180,101.68074366,1745.79450000,4388.15966899,7912.94957600
6,29,0.000000,0.512000,0.00000000,57.67001469,0.00000000,485.60939140,0.00000000,0.00000000,49.73928100,57.67001469,53.75120360,1002.98064984,3994.50471866,7912.94957600
6,30,0.000000,0.480000,0.00000000,2.39428050,0.00000000,506.93016270,0.00000000,0.00000000,0.00000000,2.39428050,0.00000000,0.00000000,2597.86911849,7912.94957600
6,31,0.120000,0.538000,54.13486314,52.59376866,0.00000000,518.27404476,0.00000000,0.00000000,94.69756566,106.72863180,101.68074366,1745.79450000,2947.02801833,7912.94957600
6,32,0.318000,0.816000,57.67001469,0.00000000,85.78737263,865.85155345,0.00000000,0.00000000,49.73928100,57.67001469,53.75120360,1002.98064984,2553.37306800,7912.94957600
6,33,0.483000,0.821000,89.29817159,0.00000000,128.59465254,871.15701640,0.00000000,0.00000000,78.66539600,89.29817159,84.63531998,1492.48099468,2649.21846251,7912.94957600
6,34,0.599000,0.777000,100.73209515,0.00000000,169.49109668,824.46894244,0.00000000,0.00000000,88.63152546,100.73209515,95.23132188,1649.94910569,2553.37306800,9891.18697000
6,35,0.664000,0.733000,106.72863180,0.00000000,192.81761090,777.78086848,0.00000000,0.00000000,94.69756566,106.72863180,101.68074366,1745.79450000,2902.53196784,7912.94957600
6,36,0.682000,0.695000,89.62679138,0.00000000,218.03968079,737.45935006,0.00000000,0.00000000,78.66539600,89.62679138,84.63532017,1492.48104146,2806.68652675,8999.01689826
6,37,0.653000,0.653000,89.89674197,0.00000000,204.68713827,692.89346128,0.00000000,0.00000000,78.66539600,89.89674197,84.63532017,1492.48104146,2553.37306800,9891.18697000
6,38,0.575000,0.626000,106.72863180,0.00000000,152.66758741,664.24396135,0.00000000,0.00000000,94.69756566,106.72863180,101.68074366,1745.79450000,2902.53196784,7912.94957600
6,39,0.461000,0.636000,107.25092145,0.00000000,100.71717777,674.85488725,0.00000000,0.00000000,94.69756566,107.25092145,101.68074366,1745.79450000,2947.02801874,9639.08469744
6,40,0.286000,0.661000,107.32720193,0.00000000,21.69422189,701.38220200,0.00000000,0.00000000,94.69756566,107.32720193,101.68074366,1745.79450000,2947.02801853,9891.18697000
6,41,0.098000,0.692000,0.00000000,57.67001469,44.21013823,676.60605760,0.00000000,0.00000000,49.73928100,57.67001469,53.75120360,1002.98064984,2553.37306821,7912.94957600
6,42,0.000000,0.690000,0.00000000,107.32720193,0.00000000,624.82668518,0.00000000,0.00000000,94.69756566,107.32720193,101.68074366,1745.79450000,2553.37306800,9891.18697000
6,43,0.000000,0.690000,0.00000000,107.32720193,0.00000000,624.82668518,0.00000000,0.00000000,94.69756566,107.32720193,101.68074366,1745.79450000,2553.37306800,9891.18696884
6,44,0.000000,0.647000,0.00000000,107.32720193,0.00000000,579.19970381,0.00000000,0.00000000,94.69756566,107.32720193,101.68074366,1745.79450000,2553.37306780,9891.18697000
6,45,0.000000,0.633000,0.00000000,107.32720193,0.00000000,564.34440755,0.00000000,0.00000000,94.69756566,107.32720193,101.68074366,1745.79450000,2553.37306759,9891.18697000
6,46,0.000000,0.574000,0.00000000,107.32720192,0.00000000,501.73994474,0.00000000,0.00000000,94.69756566,107.32720192,101.68074366,1745.79450000,2553.37306821,9891.18696535
6,47,0.000000,0.510000,0.00000000,107.32720193,0.00000000,433.83001898,0.00000000,0.00000000,94.69756566,107.32720193,101.68074366,1745.79450000,2553.37306800,9891.18697000
6,48,0.000000,0.488000,0.00000000,107.32720194,0.00000000,410.48598199,0.00000000,0.00000000,94.69756567,107.32720194,101.68074367,1745.79450020,2553.37306800,9891.18697000
6,49,0.000000,0.489000,0.00000000,107.32720193,0.00000000,411.54707459,0.00000000,0.00000000,94.69756566,107.32720193,101.68074366,1745.79450000,2553.37306780,9891.18697000
6,50,0.000000,0.554000,0.00000000,107.32720193,0.00000000,480.51809294,0.00000000,0.00000000,94.69756566,107.32720193,101.68074366,1745.79450000,2553.37306759,9891.18697000
6,51,0.000000,0.586000,0.00000000,107.32720193,0.00000000,514.47305582,0.00000000,0.00000000,94.69756566,107.32720193,101.68074366,1745.79450000,2553.37306739,9891.18697000
6,52,0.000000,0.505000,0.00000000,107.32720192,0.00000000,428.52455603,0.00000000,0.00000000,94.69756566,107.32720192,101.68074366,1745.79450000,2553.37306821,9891.18696419
6,53,0.000000,0.491000,0.00000000,107.32720193,0.00000000,413.66925977,0.00000000,0.00000000,94.69756566,107.32720193,101.68074366,1745.79450000,2553.37306800,9891.18697000
6,54,0.000000,0.491000,0.00000000,106.72863180,0.00000000,414.26782989,0.00000000,0.00000000,94.69756566,106.72863180,101.68074366,1745.79450000,2902.53196784,7912.94957600
6,55,0.102000,0.634000,46.01463367,61.31256826,0.00000000,611.42013381,0.00000000,0.00000000,94.69756566,107.32720193,101.68074366,1745.79450000,2902.53196763,9891.18697000
6,56,0.293000,0.866000,106.72863180,0.00000000,25.45065903,918.90618295,0.00000000,0.00000000,94.69756566,106.72863180,101.68074366,1745.79450000,3251.69086747,7912.94957600
6,57,0.473000,0.869000,106.72863180,0.00000000,106.65295374,922.08946072,0.00000000,0.00000000,94.69756566,106.72863180,101.68074366,1745.79450000,3600.84976730,7912.94957600
6,58,0.584000,0.803000,107.32720193,0.00000000,156.12913202,852.05734978,0.00000000,0.00000000,94.69756566,107.32720193,101.68074366,1745.79450000,3600.84976710,9891.18697000
6,59,0.648000,0.704000,107.17464098,0.00000000,185.15361997,747.00918337,0.00000000,0.00000000,94.69756566,107.17464098,101.68074366,1745.79450000,3689.84186911,9386.98242487
6,60,0.669000,0.624000,107.32720193,0.00000000,194.47466007,662.12177617,0.00000000,0.00000000,94.69756566,107.32720193,101.68074366,1745.79450000,3689.84186890,9891.18697000
6,61,0.646000,0.590000,107.32720193,0.00000000,184.09881130,626.04462811,0.00000000,0.00000000,94.69756566,107.32720193,101.68074366,1745.79450000,3689.84186870,9891.18697000
6,62,0.578000,0.592000,57.67001469,0.00000000,203.07957610,628.16681329,0.00000000,0.00000000,49.73928100,57.67001469,53.75120360,1002.98064984,3296.18691837,7912.94957600
6,63,0.462000,0.624000,58.26858481,0.00000000,150.15063827,662.12177617,0.00000000,0.00000000,49.73928100,58.26858481,53.75120360,1002.98064984,2553.37306800,9891.18697000
6,64,0.301000,0.677000,107.32720193,0.00000000,28.46107978,718.35968344,0.00000000,0.00000000,94.69756566,107.32720193,101.68074366,1745.79450000,2553.37306800,9891.18696884
6,65,0.104000,0.732000,0.00000000,107.32720194,46.91688139,669.39257395,0.00000000,0.00000000,94.69756567,107.32720194,101.68074367,1745.79450020,2553.37306800,9891.18697000
6,66,0.000000,0.777000,0.00000000,107.32720193,0.00000000,717.14174051,0.00000000,0.00000000,94.69756566,107.32720193,101.68074366,1745.79450000,2553.37306780,9891.18697000
6,67,0.000000,0.800000,0.00000000,107.32720193,0.00000000,741.54687008,0.00000000,0.00000000,94.69756566,107.32720193,101.68074366,1745.79450000,2553.37306759,9891.18697000
6,68,0.000000,0.846000,0.00000000,107.32720197,0.00000000,790.35712918,0.00000000,0.00000000,94.69756570,107.32720197,101.68074370,1745.79450061,2553.37306800,9891.18697000
6,69,0.000000,0.872000,0.00000000,107.05725117,0.00000000,818.21548732,0.00000000,0.00000000,94.69756566,107.05725117,101.68074366,1745.79450000,2710.84118066,8999.01635888
6,70,0.000000,0.849000,0.00000000,107.32720193,0.00000000,793.54040699,0.00000000,0.00000000,94.69756566,107.32720193,101.68074366,1745.79450000,2710.84118045,9891.18697000
6,71,0.000000,0.807000,0.00000000,107.32720193,0.00000000,748.97451821,0.00000000,0.00000000,94.69756566,107.32720193,101.68074366,1745.79450000,2710.84118025,9891.18697000
6,72,0.000000,0.744000,0.00000000,106.72863180,0.00000000,682.72425517,0.00000000,0.00000000,94.69756566,106.72863180,101.68074366,1745.79450000,3060.00008009,7912.94957600
6,73,0.000000,0.654000,0.00000000,107.32720193,0.00000000,586.62735194,0.00000000,0.00000000,94.69756566,107.32720193,101.68074366,1745.79450000,3060.00007988,9891.18697000
6,74,0.000000,0.586000,0.00000000,89.89674172,0.00000000,531.90351603,0.00000000,0.00000000,78.66539600,89.89674172,84.63531998,1492.48099468,2806.68657435,9891.18697000
6,75,0.000000,0.556000,0.00000000,107.32720193,0.00000000,482.64027812,0.00000000,0.00000000,94.69756566,107.32720193,101.68074366,1745.79450000,2806.68657415,9891.18697000
6,76,0.000000,0.526000,0.00000000,107.32720193,0.00000000,450.80750042,0.00000000,0.00000000,94.69756566,107.32720193,101.68074366,1745.79450000,2806.68657394,9891.18697000
6,77,0.000000,0.516000,0.00000000,107.32720193,0.00000000,440.19657452,0.00000000,0.00000000,94.69756566,107.32720193,101.68074366,1745.79450000,2806.68657374,9891.18697000
6,78,0.000000,0.488000,0.00000000,107.32720193,0.00000000,410.48598200,0.00000000,0.00000000,94.69756566,107.32720193,101.68074366,1745.79450000,2806.68657353,9891.18697000
6,79,0.127000,0.521000,57.29273016,32.60401156,0.00000000,520.22522783,0.00000000,0.00000000,78.66539600,89.89674172,84.63531998,1492.48099468,2553.37306800,9891.18697000
6,80,0.324000,0.827000,107.32720193,0.00000000,38.83692855,877.52357194,0.00000000,0.00000000,94.69756566,107.32720193,101.68074366,1745.79450000,2553.37306800,9891.18696884
6,81,0.485000,0.846000,107.32720193,0.00000000,111.46786993,897.68433115,0.00000000,0.00000000,94.69756566,107.32720193,101.68074366,1745.79450000,2553.37306800,9891.18696884
6,82,0.596000,0.801000,0.00000000,106.72863180,268.86982026,743.20653280,0.00000000,0.00000000,94.69756566,106.72863180,101.68074366,1745.79450000,2902.53196784,7912.94957600
6,83,0.660000,0.745000,106.72863180,0.00000000,191.01311546,790.51397956,0.00000000,0.00000000,94.69756566,106.72863180,101.68074366,1745.79450000,3251.69086767,7912.94957600
6,84,0.678000,0.685000,106.72863180,0.00000000,199.13334493,726.84842416,0.00000000,0.00000000,94.69756566,106.72863180,101.68074366,1745.79450000,3600.84976751,7912.94957600
6,85,0.651000,0.629000,89.89674197,0.00000000,203.78489055,667.42723912,0.00000000,0.00000000,78.66539600,89.89674197,84.63532017,1492.48104146,3347.53630876,9891.18697000
6,86,0.579000,0.592000,106.72863180,0.00000000,154.47208284,628.16681329,0.00000000,0.00000000,94.69756566,106.72863180,101.68074366,1745.79450000,3696.69520860,7912.94957600
6,87,0.463000,0.598000,107.32720193,0.00000000,101.54314502,634.53336883,0.00000000,0.00000000,94.69756566,107.32720193,101.68074366,1745.79450000,3696.69520839,9891.18697000
6,88,0.293000,0.633000,106.92089503,0.00000000,25.25839580,671.67160948,0.00000000,0.00000000,94.69756566,106.92089503,101.68074366,1745.79450000,3933.70281016,8548.36769537
6,89,0.090000,0.691000,40.60114735,32.34222605,0.00000000,700.87275364,0.00000000,0.00000000,63.67817400,72.94337341,68.65710075,1244.73168631,3781.79889631,7912.94957600
6,90,0.000000,0.739000,0.00000000,89.29817185,0.00000000,694.84925217,0.00000000,0.00000000,78.66539600,89.29817185,84.63532017,1492.48104146,3877.64433760,7912.94957600
6,91,0.000000,0.744000,0.00000000,57.67001469,0.00000000,731.78287228,0.00000000,0.00000000,49.73928100,57.67001469,53.75120360,1002.98064984,3483.98938727,7912.94957600
6,92,0.000000,0.739000,0.00000000,107.32720193,0.00000000,676.82022209,0.00000000,0.00000000,94.69756566,107.32720193,101.68074366,1745.79450000,3483.98938706,9891.18697000
6,93,0.000000,0.750000,0.00000000,106.72863180,0.00000000,689.09081071,0.00000000,0.00000000,94.69756566,106.72863180,101.68074366,1745.79450000,3833.14828690,7912.94957600
6,94,0.000000,0.686000,0.00000000,89.29817185,0.00000000,638.61134490,0.00000000,0.00000000,78.66539600,89.29817185,84.63532017,1492.48104146,3928.99372819,7912.94957600
6,95,0.000000,0.663000,0.00000000,89.29817185,0.00000000,614.20621533,0.00000000,0.00000000,78.66539600,89.29817185,84.63532017,1492.48104146,4024.83916948,7912.94957600
6,96,0.000000,0.656000,0.00000000,18.35919146,0.00000000,677.71754759,0.00000000,0.00000000,14.20500000,18.35919146,15.48029780,318.82444922,2947.02801853,7912.94957600
6,97,0.000000,0.523000,0.00000000,106.72863180,0.00000000,448.22279277,0.00000000,0.00000000,94.69756566,106.72863180,101.68074366,1745.79450000,3296.18691837,7912.94957600
6,98,0.000000,0.438000,0.00000000,58.26858481,0.00000000,406.48996961,0.00000000,0.00000000,49.73928100,58.26858481,53.75120360,1002.98064984,2553.37306800,9891.18697000
6,99,0.000000,0.413000,0.00000000,107.32720193,0.00000000,330.90403775,0.00000000,0.00000000,94.69756566,107.32720193,101.68074366,1745.79450000,2553.37306800,9891.18696884
6,100,0.000000,0.398000,0.00000000,106.72863180,0.00000000,315.58621902,0.00000000,0.00000000,94.69756566,106.72863180,101.68074366,1745.79450000,2902.53196784,7912.94957600
6,101,0.000000,0.391000,0.00000000,106.72863180,0.00000000,308.15857089,0.00000000,0.00000000,94.69756566,106.72863180,101.68074366,1745.79450000,3251.69086767,7912.94957600
6,102,0.000000,0.388000,0.00000000,57.67001469,0.00000000,354.03391024,0.00000000,0.00000000,49.73928100,57.67001469,53.75120360,1002.98064984,2858.03591735,7912.94957600
6,103,0.124000,0.541000,0.00000000,106.72863180,55.93935858,467.32245940,0.00000000,0.00000000,94.69756566,106.72863180,101.68074366,1745.79450000,3207.19481718,7912.94957600
6,104,0.318000,0.814000,106.72863180,0.00000000,36.72875552,863.72936827,0.00000000,0.00000000,94.69756566,106.72863180,101.68074366,1745.79450000,3556.35371702,7912.94957600
6,105,0.477000,0.831000,0.00000000,57.67001469,215.18608098,824.09792761,0.00000000,0.00000000,49.73928100,57.67001469,53.75120360,1002.98064984,3162.69876669,7912.94957600
6,106,0.588000,0.786000,106.72863180,0.00000000,158.53219758,834.01877575,0.00000000,0.00000000,94.69756566,106.72863180,101.68074366,1745.79450000,3511.85766652,7912.94957600
6,107,0.651000,0.725000,106.72863180,0.00000000,186.95300073,769.29212776,0.00000000,0.00000000,94.69756566,106.72863180,101.68074366,1745.79450000,3861.01656636,7912.94957600
6,108,0.670000,0.658000,106.72863180,0.00000000,195.52435406,698.19892423,0.00000000,0.00000000,94.69756566,106.72863180,101.68074366,1745.79450000,4210.17546620,7912.94957600
6,109,0.649000,0.577000,106.72863180,0.00000000,186.05075301,612.25042444,0.00000000,0.00000000,94.69756566,106.72863180,101.68074366,1745.79450000,4559.33436603,7912.94957600
6,110,0.577000,0.516000,30.37356422,0.00000000,229.92490270,547.52377645,0.00000000,0.00000000,25.00174700,30.37356422,27.15938231,539.40882693,3702.10759279,7912.94957600
6,111,0.458000,0.502000,106.72863180,0.00000000,99.88609585,532.66848019,0.00000000,0.00000000,94.69756566,106.72863180,101.68074366,1745.79450000,4051.26649263,7912.94957600
6,112,0.291000,0.544000,43.47863956,0.00000000,87.79840355,577.23436897,0.00000000,0.00000000,36.84682300,43.47863956,39.91750131,767.66957627,3422.30046873,7912.94957600
6,113,0.093000,0.624000,41.95451893,15.71549575,0.00000000,646.40628041,0.00000000,0.00000000,49.73928100,57.67001469,53.75120360,1002.98064984,3028.64551841,7912.94957600
6,114,0.000000,0.688000,0.00000000,89.29817159,0.00000000,640.73353034,0.00000000,0.00000000,78.66539600,89.29817159,84.63531998,1492.48099468,3124.49091292,7912.94957600
6,115,0.000000,0.718000,0.00000000,106.72863180,0.00000000,655.13584783,0.00000000,0.00000000,94.69756566,106.72863180,101.68074366,1745.79450000,3473.64981275,7912.94957600
6,116,0.000000,0.768000,0.00000000,106.72863180,0.00000000,708.19047733,0.00000000,0.00000000,94.69756566,106.72863180,101.68074366,1745.79450000,3822.80871259,7912.94957600
6,117,0.000000,0.811000,0.00000000,106.72863180,0.00000000,753.81745870,0.00000000,0.00000000,94.69756566,106.72863180,101.68074366,1745.79450000,4171.96761243,7912.94957600
6,118,0.000000,0.784000,0.00000000,106.72863180,0.00000000,725.16795877,0.00000000,0.00000000,94.69756566,106.72863180,101.68074366,1745.79450000,4521.12651226,7912.94957600
6,119,0.000000,0.745000,0.00000000,2.39428050,0.00000000,788.11969906,0.00000000,0.00000000,0.00000000,2.39428050,0.00000000,0.00000000,3124.49091210,7912.94957600
6,120,0.000000,0.708000,0.00000000,106.72863180,0.00000000,644.52492193,0.00000000,0.00000000,94.69756566,106.72863180,101.68074366,1745.79450000,3473.64981193,7912.94957600
6,121,0.000000,0.668000,0.00000000,72.94337341,0.00000000,635.86647672,0.00000000,0.00000000,63.67817400,72.94337341,68.65710075,1244.73168631,3321.74589808,7912.94957600
6,122,0.000000,0.643000,0.00000000,35.47489872,0.00000000,646.80763665,0.00000000,0.00000000,29.61260773,35.47489872,32.12565881,628.26277008,2553.37306800,7912.94957600
6,123,0.000000,0.613000,0.00000000,106.72863180,0.00000000,543.72112588,0.00000000,0.00000000,94.69756566,106.72863180,101.68074366,1745.79450000,2902.53196784,7912.94957600
6,124,0.000000,0.583000,0.00000000,106.72863180,0.00000000,511.88834818,0.00000000,0.00000000,94.69756566,106.72863180,101.68074366,1745.79450000,3251.69086767,7912.94957600
6,125,0.000000,0.556000,0.00000000,72.94337341,0.00000000,517.02410664,0.00000000,0.00000000,63.67817400,72.94337341,68.65710075,1244.73168631,3099.78695382,7912.94957600
6,126,0.000000,0.508000,0.00000000,106.72863180,0.00000000,432.30640392,0.00000000,0.00000000,94.69756566,106.72863180,101.68074366,1745.79450000,3448.94585366,7912.94957600
6,127,0.128000,0.613000,57.74385401,15.19951939,0.00000000,635.25023828,0.00000000,0.00000000,63.67817400,72.94337341,68.65710075,1244.73168631,3297.04193980,7912.94957600
6,128,0.326000,0.860000,106.72863180,0.00000000,40.33774639,912.53962741,0.00000000,0.00000000,94.69756566,106.72863180,101.68074366,1745.79450000,3646.20083964,7912.94957600
6,129,0.488000,0.865000,106.72863180,0.00000000,113.41981163,917.84509036,0.00000000,0.00000000,94.69756566,106.72863180,101.68074366,1745.79450000,3995.35973948,7912.94957600
6,130,0.600000,0.822000,106.72863180,0.00000000,163.94568389,872.21810899,0.00000000,0.00000000,94.69756566,106.72863180,101.68074366,1745.79450000,4344.51863931,7912.94957600
6,131,0.663000,0.768000,72.94337341,0.00000000,226.15174543,814.91910913,0.00000000,0.00000000,63.67817400,72.94337341,68.65710075,1244.73168631,4192.61472546,7912.94957600
6,132,0.677000,0.707000,106.72863180,0.00000000,198.68222107,750.19246114,0.00000000,0.00000000,94.69756566,106.72863180,101.68074366,1745.79450000,4541.77362530,7912.94957600
6,133,0.651000,0.654000,57.67001469,0.00000000,236.01161784,693.95455387,0.00000000,0.00000000,49.73928100,57.67001469,53.75120360,1002.98064984,4148.11867497,7912.94957600
6,134,0.562000,0.623000,106.72863180,0.00000000,146.80297723,661.06068358,0.00000000,0.00000000,94.69756566,106.72863180,101.68074366,1745.79450000,4497.27757480,7912.94957600
6,135,0.453000,0.630000,57.67001469,0.00000000,146.68909366,668.48833171,0.00000000,0.00000000,49.73928100,57.67001469,53.75120360,1002.98064984,4103.62262447,7912.94957600
6,136,0.291000,0.668000,72.94337341,0.00000000,58.33366970,708.80985013,0.00000000,0.00000000,63.67817400,72.94337341,68.65710075,1244.73168631,3951.71871062,7912.94957600
6,137,0.103000,0.728000,46.46575753,60.26287427,0.00000000,712.21253125,0.00000000,0.00000000,94.69756566,106.72863180,101.68074366,1745.79450000,4300.87761046,7912.94957600
6,138,0.000000,0.773000,0.00000000,89.29817159,0.00000000,730.92640049,0.00000000,0.00000000,78.66539600,89.29817159,84.63531998,1492.48099468,4396.72300497,7912.94957600
6,139,0.000000,0.811000,0.00000000,106.72863180,0.00000000,753.81745870,0.00000000,0.00000000,94.69756566,106.72863180,101.68074366,1745.79450000,4745.88190481,7912.94957600
6,140,0.000000,0.849000,0.00000000,106.72863180,0.00000000,794.13897712,0.00000000,0.00000000,94.69756566,106.72863180,101.68074366,1745.79450000,5095.04080464,7912.94957600
6,141,0.000000,0.839000,0.00000000,57.67001469,0.00000000,832.58666833,0.00000000,0.00000000,49.73928100,57.67001469,53.75120360,1002.98064984,4701.38585431,7912.94957600
6,142,0.000000,0.788000,0.00000000,89.29817159,0.00000000,746.84278934,0.00000000,0.00000000,78.66539600,89.29817159,84.63531998,1492.48099468,4797.23124882,7912.94957600
6,143,0.000000,0.755000,0.00000000,106.72863180,0.00000000,694.39627366,0.00000000,0.00000000,94.69756566,106.72863180,101.68074366,1745.79450000,5146.39014866,7912.94957600
6,144,0.000000,0.712000,0.00000000,106.72863180,0.00000000,648.76929229,0.00000000,0.00000000,94.69756566,106.72863180,101.68074366,1745.79450000,5495.54904850,7912.94957600
6,145,0.000000,0.666000,0.00000000,77.95910482,0.00000000,628.72856013,0.00000000,0.00000000,68.07685418,77.95910482,73.34663454,1317.44509171,5290.55167611,8625.73634050
6,146,0.000000,0.643000,0.00000000,107.32720193,0.00000000,574.95533345,0.00000000,0.00000000,94.69756566,107.32720193,101.68074366,1745.79450000,5290.55167590,9891.18697000
6,147,0.000000,0.604000,0.00000000,89.29817159,0.00000000,551.60175278,0.00000000,0.00000000,78.66539600,89.29817159,84.63531998,1492.48099468,5386.39707041,7912.94957600
6,148,0.000000,0.557000,0.00000000,2.99285063,0.00000000,588.03572201,0.00000000,0.00000000,0.00000000,2.99285063,0.00000000,0.00000000,3640.60257021,9891.18697000
6,149,0.000000,0.525000,0.00000000,89.29817159,0.00000000,467.77543816,0.00000000,0.00000000,78.66539600,89.29817159,84.63531998,1492.48099468,3736.44796472,7912.94957600
6,150,0.000000,0.491000,0.00000000,89.29817159,0.00000000,431.69829010,0.00000000,0.00000000,78.66539600,89.29817159,84.63531998,1492.48099468,3832.29335923,7912.94957600
6,151,0.096000,0.594000,43.30789051,14.36212418,0.00000000,615.92687429,0.00000000,0.00000000,49.73928100,57.67001469,53.75120360,1002.98064984,3438.63840890,7912.94957600
6,152,0.267000,0.795000,107.32720193,0.00000000,13.12286856,843.56860906,0.00000000,0.00000000,94.69756566,107.32720193,101.68074366,1745.79450000,3438.63840870,9891.18697000
6,153,0.427000,0.806000,0.00000000,72.94337341,192.62988800,782.29725414,0.00000000,0.00000000,63.67817400,72.94337341,68.65710075,1244.73168631,3286.73449485,7912.94957600
6,154,0.546000,0.753000,106.72863180,0.00000000,139.58499548,799.00272028,0.00000000,0.00000000,94.69756566,106.72863180,101.68074366,1745.79450000,3635.89339468,7912.94957600
6,155,0.618000,0.685000,89.29817159,0.00000000,189.49637357,726.84842416,0.00000000,0.00000000,78.66539600,89.29817159,84.63531998,1492.48099468,3731.73878919,7912.94957600
6,156,0.662000,0.607000,73.54194353,0.00000000,225.10205145,644.08320214,0.00000000,0.00000000,63.67817400,73.54194353,68.65710075,1244.73168631,3230.67597530,9891.18697000
6,157,0.640000,0.529000,106.72863180,0.00000000,181.99063827,561.31798012,0.00000000,0.00000000,94.69756566,106.72863180,101.68074366,1745.79450000,3579.83487514,7912.94957600
6,158,0.543000,0.484000,107.32720193,0.00000000,137.63305378,513.56881357,0.00000000,0.00000000,94.69756566,107.32720193,101.68074366,1745.79450000,3579.83487493,9891.18697000
6,159,0.435000,0.491000,106.72863180,0.00000000,89.51024708,520.99646170,0.00000000,0.00000000,94.69756566,106.72863180,101.68074366,1745.79450000,3928.99377477,7912.94957600
6,160,0.276000,0.552000,18.35919146,0.00000000,106.15099376,585.72310969,0.00000000,0.00000000,14.20500000,18.35919146,15.48029780,318.82444922,2851.18262382,7912.94957600
6,161,0.084000,0.674000,37.89440420,51.40376739,0.00000000,663.77263827,0.00000000,0.00000000,78.66539600,89.29817159,84.63531998,1492.48099468,2947.02801833,7912.94957600
6,162,0.000000,0.777000,0.00000000,57.67001469,0.00000000,766.79892775,0.00000000,0.00000000,49.73928100,57.67001469,53.75120360,1002.98064984,2553.37306800,7912.94957600
6,163,0.000000,0.848000,0.00000000,89.46248128,0.00000000,810.34403505,0.00000000,0.00000000,78.66539600,89.46248128,84.63531998,1492.48099468,2553.37306800,8455.98297267
6,164,0.000000,0.878000,0.00000000,106.72863180,0.00000000,824.91066223,0.00000000,0.00000000,94.69756566,106.72863180,101.68074366,1745.79450000,2902.53196784,7912.94957600
6,165,0.000000,0.857000,0.00000000,107.28694770,0.00000000,802.06940194,0.00000000,0.00000000,94.69756566,107.28694770,101.68074366,1745.79450000,2926.01312616,9758.14924462
6,166,0.000000,0.805000,0.00000000,106.72863180,0.00000000,747.45090316,0.00000000,0.00000000,94.69756566,106.72863180,101.68074366,1745.79450000,3275.17202600,7912.94957600
6,167,0.000000,0.756000,0.00000000,57.67001469,0.00000000,744.51598336,0.00000000,0.00000000,49.73928100,57.67001469,53.75120360,1002.98064984,2881.51707567,7912.94957600
6,168,0.000000,0.707000,0.00000000,107.32720193,0.00000000,642.86525921,0.00000000,0.00000000,94.69756566,107.32720193,101.68074366,1745.79450000,2881.51707546,9891.18697000
6,169,0.000000,0.647000,0.00000000,106.72863180,0.00000000,579.79827394,0.00000000,0.00000000,94.69756566,106.72863180,101.68074366,1745.79450000,3230.67597530,7912.94957600
6,170,0.000000,0.556000,0.00000000,107.32720193,0.00000000,482.64027812,0.00000000,0.00000000,94.69756566,107.32720193,101.68074366,1745.79450000,3230.67597510,9891.18697000
6,171,0.000000,0.464000,0.00000000,57.67001469,0.00000000,434.67694708,0.00000000,0.00000000,49.73928100,57.67001469,53.75120360,1002.98064984,2837.02102477,7912.94957600
6,172,0.000000,0.425000,0.00000000,106.72863180,0.00000000,344.23571895,0.00000000,0.00000000,94.69756566,106.72863180,101.68074366,1745.79450000,3186.17992460,7912.94957600
6,173,0.000000,0.407000,0.00000000,89.29817159,0.00000000,342.56651254,0.00000000,0.00000000,78.66539600,89.29817159,84.63531998,1492.48099468,3282.02531911,7912.94957600
6,174,0.000000,0.367000,0.00000000,106.72863180,0.00000000,282.69234873,0.00000000,0.00000000,94.69756566,106.72863180,101.68074366,1745.79450000,3631.18421895,7912.94957600
6,175,0.129000,0.517000,18.35919146,0.00000000,39.83578641,548.58486904,0.00000000,0.00000000,14.20500000,18.35919146,15.48029780,318.82444922,2553.37306800,7912.94957600
6,176,0.326000,0.720000,0.00000000,82.97107757,147.06637819,681.01558723,0.00000000,0.00000000,72.86736856,82.97107757,78.45391096,1396.63560016,2553.37306800,7912.94957600
6,177,0.489000,0.638000,106.72863180,0.00000000,113.87093549,676.97707243,0.00000000,0.00000000,94.69756566,106.72863180,101.68074366,1745.79450000,2902.53196784,7912.94957600
6,178,0.603000,0.503000,106.91422904,0.00000000,165.11345823,533.72957278,0.00000000,0.00000000,94.69756566,106.91422904,101.68074366,1745.79450000,3143.42798267,8526.33702642
6,179,0.666000,0.391000,106.72863180,0.00000000,193.71985862,414.88720269,0.00000000,0.00000000,94.69756566,106.72863180,101.68074366,1745.79450000,3492.58688251,7912.94957600
6,180,0.684000,0.316000,57.67001469,0.00000000,250.89870520,335.30525844,0.00000000,0.00000000,49.73928100,57.67001469,53.75120360,1002.98064984,3098.93193218,7912.94957600
6,181,0.658000,0.286000,0.00000000,57.67001469,296.83949954,245.80246606,0.00000000,0.00000000,49.73928100,57.67001469,53.75120360,1002.98064984,2705.27698185,7912.94957600
6,182,0.587000,0.302000,0.00000000,72.94337341,264.80970552,247.50658877,0.00000000,0.00000000,63.67817400,72.94337341,68.65710075,1244.73168631,2553.37306800,7912.94957600
6,183,0.470000,0.367000,106.72863180,0.00000000,105.29958216,389.42098053,0.00000000,0.00000000,94.69756566,106.72863180,101.68074366,1745.79450000,2902.53196784,7912.94957600
6,184,0.308000,0.479000,106.72863180,0.00000000,32.21751692,508.26335062,0.00000000,0.00000000,94.69756566,106.72863180,101.68074366,1745.79450000,3251.69086767,7912.94957600
6,185,0.115000,0.624000,51.87924384,54.84938796,0.00000000,607.27238821,0.00000000,0.00000000,94.69756566,106.72863180,101.68074366,1745.79450000,3600.84976751,7912.94957600
6,186,0.000000,0.739000,0.00000000,106.72863180,0.00000000,677.41879222,0.00000000,0.00000000,94.69756566,106.72863180,101.68074366,1745.79450000,3950.00866735,7912.94957600
6,187,0.000000,0.750000,0.00000000,106.72863180,0.00000000,689.09081071,0.00000000,0.00000000,94.69756566,106.72863180,101.68074366,1745.79450000,4299.16756718,7912.94957600
6,188,0.000000,0.783000,0.00000000,57.67001469,0.00000000,773.16548329,0.00000000,0.00000000,49.73928100,57.67001469,53.75120360,1002.98064984,3905.51261685,7912.94957600
6,189,0.000000,0.855000,0.00000000,57.67001469,0.00000000,849.56414977,0.00000000,0.00000000,49.73928100,57.67001469,53.75120360,1002.98064984,3511.85766652,7912.94957600
6,190,0.000000,0.829000,0.00000000,57.67001469,0.00000000,821.97574243,0.00000000,0.00000000,49.73928100,57.67001469,53.75120360,1002.98064984,3118.20271620,7912.94957600
6,191,0.000000,0.774000,0.00000000,89.29817159,0.00000000,731.98749308,0.00000000,0.00000000,78.66539600,89.29817159,84.63531998,1492.48099468,3214.04811071,7912.94957600
6,192,0.000000,0.704000,0.00000000,106.72863180,0.00000000,640.28055157,0.00000000,0.00000000,94.69756566,106.72863180,101.68074366,1745.79450000,3563.20701054,7912.94957600
6,193,0.000000,0.635000,0.00000000,43.47863956,0.00000000,630.31515510,0.00000000,0.00000000,36.84682300,43.47863956,39.91750131,767.66957627,2934.24098665,7912.94957600
6,194,0.000000,0.528000,0.00000000,106.72863180,0.00000000,453.52825573,0.00000000,0.00000000,94.69756566,106.72863180,101.68074366,1745.79450000,3283.39988648,7912.94957600
6,195,0.000000,0.364000,0.00000000,57.67001469,0.00000000,328.56768808,0.00000000,0.00000000,49.73928100,57.67001469,53.75120360,1002.98064984,2889.74493616,7912.94957600
6,196,0.000000,0.310000,0.00000000,106.72863180,0.00000000,222.21007110,0.00000000,0.00000000,94.69756566,106.72863180,101.68074366,1745.79450000,3238.90383599,7912.94957600
6,197,0.000000,0.296000,0.00000000,106.72863180,0.00000000,207.35477484,0.00000000,0.00000000,94.69756566,106.72863180,101.68074366,1745.79450000,3588.06273583,7912.94957600
6,198,0.000000,0.300000,0.00000000,106.72863180,0.00000000,211.59914520,0.00000000,0.00000000,94.69756566,106.72863180,101.68074366,1745.79450000,3937.22163566,7912.94957600
6,199,0.128000,0.527000,57.74385401,49.58334791,0.00000000,509.61244702,0.00000000,0.00000000,94.69756566,107.32720193,101.68074366,1745.79450000,3937.22163546,9891.18697000
6,200,0.326000,0.700000,106.72863180,0.00000000,40.33774639,742.76481301,0.00000000,0.00000000,94.69756566,106.72863180,101.68074366,1745.79450000,4286.38053530,7912.94957600
6,201,0.487000,0.635000,106.72863180,0.00000000,112.96868777,673.79379466,0.00000000,0.00000000,94.69756566,106.72863180,101.68074366,1745.79450000,4635.53943513,7912.94957600
6,202,0.600000,0.520000,0.00000000,89.29817159,270.67431569,462.46997521,0.00000000,0.00000000,78.66539600,89.29817159,84.63531998,1492.48099468,4731.38482964,7912.94957600
6,203,0.663000,0.404000,106.72863180,0.00000000,192.36648704,428.68140636,0.00000000,0.00000000,94.69756566,106.72863180,101.68074366,1745.79450000,5080.54372948,7912.94957600
6,204,0.681000,0.317000,0.00000000,43.47863956,307.21534831,292.88771147,0.00000000,0.00000000,36.84682300,43.47863956,39.91750131,767.66957627,4451.57770558,7912.94957600
6,205,0.655000,0.278000,106.72863180,0.00000000,188.75749616,294.98374002,0.00000000,0.00000000,94.69756566,106.72863180,101.68074366,1745.79450000,4800.73660542,7912.94957600
6,206,0.585000,0.284000,106.72863180,0.00000000,157.17882600,301.35029556,0.00000000,0.00000000,94.69756566,106.72863180,101.68074366,1745.79450000,5149.89550526,7912.94957600
6,207,0.469000,0.325000,106.72863180,0.00000000,104.84845830,344.85509175,0.00000000,0.00000000,94.69756566,106.72863180,101.68074366,1745.79450000,5499.05440509,7912.94957600
6,208,0.306000,0.396000,106.72863180,0.00000000,31.31526920,420.19266564,0.00000000,0.00000000,94.69756566,106.72863180,101.68074366,1745.79450000,5848.21330493,7912.94957600
6,209,0.114000,0.501000,51.42811998,6.24189471,0.00000000,525.36549289,0.00000000,0.00000000,49.73928100,57.67001469,53.75120360,1002.98064984,5454.55835460,7912.94957600
6,210,0.000000,0.644000,0.00000000,2.39428050,0.00000000,680.94934747,0.00000000,0.00000000,0.00000000,2.39428050,0.00000000,0.00000000,4057.92275444,7912.94957600
6,211,0.000000,0.718000,0.00000000,57.67001469,0.00000000,704.19446494,0.00000000,0.00000000,49.73928100,57.67001469,53.75120360,1002.98064984,3664.26780411,7912.94957600
6,212,0.000000,0.730000,0.00000000,40.15217913,0.00000000,734.44541158,0.00000000,0.00000000,33.84018756,40.15217913,36.67910862,709.73026583,2977.36246977,7912.94957600
6,213,0.000000,0.784000,0.00000000,106.72863180,0.00000000,725.16795877,0.00000000,0.00000000,94.69756566,106.72863180,101.68074366,1745.79450000,3326.52136961,7912.94957600
6,214,0.000000,0.794000,0.00000000,106.72863180,0.00000000,735.77888467,0.00000000,0.00000000,94.69756566,106.72863180,101.68074366,1745.79450000,3675.68026944,7912.94957600
6,215,0.000000,0.750000,0.00000000,57.67001469,0.00000000,738.14942782,0.00000000,0.00000000,49.73928100,57.67001469,53.75120360,1002.98064984,3282.02531911,7912.94957600
6,216,0.000000,0.682000,0.00000000,106.72863180,0.00000000,616.93651459,0.00000000,0.00000000,94.69756566,106.72863180,101.68074366,1745.79450000,3631.18421895,7912.94957600
6,217,0.000000,0.608000,0.00000000,18.35919146,0.00000000,626.78510327,0.00000000,0.00000000,14.20500000,18.35919146,15.48029780,318.82444922,2553.37306800,7912.94957600
6,218,0.000000,0.523000,0.00000000,106.72863180,0.00000000,448.22279277,0.00000000,0.00000000,94.69756566,106.72863180,101.68074366,1745.79450000,2902.53196784,7912.94957600
6,219,0.000000,0.468000,0.00000000,106.72863180,0.00000000,389.86270032,0.00000000,0.00000000,94.69756566,106.72863180,101.68074366,1745.79450000,3251.69086767,7912.94957600
6,220,0.000000,0.445000,0.00000000,106.72863180,0.00000000,365.45757075,0.00000000,0.00000000,94.69756566,106.72863180,101.68074366,1745.79450000,3600.84976751,7912.94957600
6,221,0.000000,0.374000,0.00000000,107.32720193,0.00000000,289.52142674,0.00000000,0.00000000,94.69756566,107.32720193,101.68074366,1745.79450000,3600.84976730,9891.18697000
6,222,0.000000,0.320000,0.00000000,20.01139101,0.00000000,319.53823779,0.00000000,0.00000000,15.68975338,20.01139101,17.08638898,349.15890086,2553.37306800,7912.94957600
6,223,0.133000,0.463000,0.00000000,107.32720193,59.99947331,383.95866725,0.00000000,0.00000000,94.69756566,107.32720193,101.68074366,1745.79450000,2553.37306800,9891.18696884
6,224,0.333000,0.586000,106.72863180,0.00000000,43.49561341,621.80025775,0.00000000,0.00000000,94.69756566,106.72863180,101.68074366,1745.79450000,2902.53196784,7912.94957600
6,225,0.497000,0.516000,106.72863180,0.00000000,117.47992637,547.52377645,0.00000000,0.00000000,94.69756566,106.72863180,101.68074366,1745.79450000,3251.69086767,7912.94957600
6,226,0.610000,0.414000,106.72863180,0.00000000,168.45692249,439.29233226,0.00000000,0.00000000,94.69756566,106.72863180,101.68074366,1745.79450000,3600.84976751,7912.94957600
6,227,0.672000,0.317000,106.72863180,0.00000000,196.42660178,336.36635103,0.00000000,0.00000000,94.69756566,106.72863180,101.68074366,1745.79450000,3950.00866735,7912.94957600
6,228,0.687000,0.231000,106.72863180,0.00000000,203.19345967,245.11238829,0.00000000,0.00000000,94.69756566,106.72863180,101.68074366,1745.79450000,4299.16756718,7912.94957600
6,229,0.660000,0.167000,0.00000000,72.94337341,297.74174726,104.25908912,0.00000000,0.00000000,63.67817400,72.94337341,68.65710075,1244.73168631,4147.26365333,7912.94957600
6,230,0.590000,0.149000,106.72863180,0.00000000,159.43444530,158.10279591,0.00000000,0.00000000,94.69756566,106.72863180,101.68074366,1745.79450000,4496.42255316,7912.94957600
6,231,0.474000,0.184000,106.72863180,0.00000000,107.10407760,195.24103656,0.00000000,0.00000000,94.69756566,106.72863180,101.68074366,1745.79450000,4845.58145300,7912.94957600
6,232,0.311000,0.272000,106.72863180,0.00000000,33.57088850,288.61718448,0.00000000,0.00000000,94.69756566,106.72863180,101.68074366,1745.79450000,5194.74035284,7912.94957600
6,233,0.117000,0.430000,52.78149156,54.54571037,0.00000000,401.72410334,0.00000000,0.00000000,94.69756566,107.32720193,101.68074366,1745.79450000,5194.74035263,9891.18697000
6,234,0.000000,0.637000,0.00000000,106.73156336,0.00000000,569.18441648,0.00000000,0.00000000,94.69756566,106.73156336,101.68074366,1745.79450000,5542.18921083,7922.63819717
6,235,0.000000,0.697000,0.00000000,58.26858481,0.00000000,681.31295043,0.00000000,0.00000000,49.73928100,58.26858481,53.75120360,1002.98064984,4799.37536046,9891.18697000
6,236,0.000000,0.679000,0.00000000,73.54194353,0.00000000,646.93992508,0.00000000,0.00000000,63.67817400,73.54194353,68.65710075,1244.73168631,4298.31254657,9891.18697000
6,237,0.000000,0.690000,0.00000000,107.32720193,0.00000000,624.82668518,0.00000000,0.00000000,94.69756566,107.32720193,101.68074366,1745.79450000,4298.31254636,9891.18697000
6,238,0.000000,0.637000,0.00000000,73.54194353,0.00000000,602.37403630,0.00000000,0.00000000,63.67817400,73.54194353,68.65710075,1244.73168631,3797.24973247,9891.18697000
6,239,0.000000,0.532000,0.00000000,58.26858481,0.00000000,506.23267307,0.00000000,0.00000000,49.73928100,58.26858481,53.75120360,1002.98064984,3054.43588210,9891.18697000
6,240,0.000000,0.431000,0.00000000,107.32720193,0.00000000,350.00370437,0.00000000,0.00000000,94.69756566,107.32720193,101.68074366,1745.79450000,3054.43588190,9891.18697000
6,241,0.000000,0.362000,0.00000000,73.54194353,0.00000000,310.57357405,0.00000000,0.00000000,63.67817400,73.54194353,68.65710075,1244.73168631,2553.37306800,9891.18697000
6,242,0.000000,0.321000,0.00000000,107.32720193,0.00000000,233.28351947,0.00000000,0.00000000,94.69756566,107.32720193,101.68074366,1745.79450000,2553.37306780,9891.18697000
6,243,0.000000,0.280000,0.00000000,107.32720197,0.00000000,189.77872323,0.00000000,0.00000000,94.69756570,107.32720197,101.68074371,1745.79450082,2553.37306841,9891.18697000
6,244,0.000000,0.287000,0.00000000,107.32720193,0.00000000,197.20637141,0.00000000,0.00000000,94.69756566,107.32720193,101.68074366,1745.79450000,2553.37306821,9891.18697000
6,245,0.000000,0.282000,0.00000000,107.32720193,0.00000000,191.90090846,0.00000000,0.00000000,94.69756566,107.32720193,101.68074366,1745.79450000,2553.37306800,9891.18697000
6,246,0.000000,0.305000,0.00000000,106.72863180,0.00000000,216.90460815,0.00000000,0.00000000,94.69756566,106.72863180,101.68074366,1745.79450000,2902.53196784,7912.94957600
6,247,0.125000,0.425000,56.39048244,50.33814936,0.00000000,400.62620139,0.00000000,0.00000000,94.69756566,106.72863180,101.68074366,1745.79450000,3251.69086767,7912.94957600
6,248,0.325000,0.538000,106.72863180,0.00000000,39.88662253,570.86781343,0.00000000,0.00000000,94.69756566,106.72863180,101.68074366,1745.79450000,3600.84976751,7912.94957600
6,249,0.489000,0.484000,0.00000000,89.29817159,220.59956729,424.27064197,0.00000000,0.00000000,78.66539600,89.29817159,84.63531998,1492.48099468,3696.69516202,7912.94957600
6,250,0.602000,0.400000,106.72863180,0.00000000,164.84793161,424.43703600,0.00000000,0.00000000,94.69756566,106.72863180,101.68074366,1745.79450000,4045.85406186,7912.94957600
6,251,0.665000,0.311000,0.00000000,30.37356665,299.99736656,299.62622884,0.00000000,0.00000000,25.00174700,30.37356665,27.15938407,539.40926699,3188.62772868,7912.94957600
6,252,0.683000,0.237000,0.00000000,89.29817159,308.11759603,162.18077224,0.00000000,0.00000000,78.66539600,89.29817159,84.63531998,1492.48099468,3284.47312320,7912.94957600
6,253,0.655000,0.204000,106.73282812,0.00000000,188.75329985,216.46288836,0.00000000,0.00000000,94.69756566,106.73282812,101.68074366,1745.79450000,3631.18421895,7926.81815437
6,254,0.585000,0.220000,0.00000000,18.35919146,263.90745780,215.08117834,0.00000000,0.00000000,14.20500000,18.35919146,15.48029780,318.82444922,2553.37306800,7912.94957600
6,255,0.468000,0.291000,106.72863180,0.00000000,104.39733444,308.77794369,0.00000000,0.00000000,94.69756566,106.72863180,101.68074366,1745.79450000,2902.53196784,7912.94957600
6,256,0.307000,0.416000,106.72863180,0.00000000,31.76639306,441.41451744,0.00000000,0.00000000,94.69756566,106.72863180,101.68074366,1745.79450000,3251.69086767,7912.94957600
6,257,0.115000,0.590000,51.87924384,5.79077085,0.00000000,620.25385726,0.00000000,0.00000000,49.73928100,57.67001469,53.75120360,1002.98064984,2858.03591735,7912.94957600
6,258,0.000000,0.737000,0.00000000,106.72863180,0.00000000,675.29660704,0.00000000,0.00000000,94.69756566,106.72863180,101.68074366,1745.79450000,3207.19481718,7912.94957600
6,259,0.000000,0.776000,0.00000000,106.72863180,0.00000000,716.67921805,0.00000000,0.00000000,94.69756566,106.72863180,101.68074366,1745.79450000,3556.35371702,7912.94957600
6,260,0.000000,0.814000,0.00000000,106.72863180,0.00000000,757.00073647,0.00000000,0.00000000,94.69756566,106.72863180,101.68074366,1745.79450000,3905.51261685,7912.94957600
6,261,0.000000,0.834000,0.00000000,106.72863180,0.00000000,778.22258827,0.00000000,0.00000000,94.69756566,106.72863180,101.68074366,1745.79450000,4254.67151669,7912.94957600
6,262,0.000000,0.784000,0.00000000,57.67001469,0.00000000,774.22657588,0.00000000,0.00000000,49.73928100,57.67001469,53.75120360,1002.98064984,3861.01656636,7912.94957600
6,263,0.000000,0.682000,0.00000000,57.67001469,0.00000000,665.99513170,0.00000000,0.00000000,49.73928100,57.67001469,53.75120360,1002.98064984,3467.36161603,7912.94957600
6,264,0.000000,0.566000,0.00000000,106.72863180,0.00000000,493.84977415,0.00000000,0.00000000,94.69756566,106.72863180,101.68074366,1745.79450000,3816.52051587,7912.94957600
6,265,0.000000,0.445000,0.00000000,107.32720193,0.00000000,364.85900063,0.00000000,0.00000000,94.69756566,107.32720193,101.68074366,1745.79450000,3816.52051566,9891.18697000
6,266,0.000000,0.350000,0.00000000,107.00372403,0.00000000,264.37868247,0.00000000,0.00000000,94.69756566,107.00372403,101.68074366,1745.79450000,4005.21216587,8822.11246343
6,267,0.000000,0.323000,0.00000000,73.54194353,0.00000000,269.19096304,0.00000000,0.00000000,63.67817400,73.54194353,68.65710075,1244.73168631,3504.14935197,9891.18697000
6,268,0.000000,0.243000,0.00000000,73.54194353,0.00000000,184.30355584,0.00000000,0.00000000,63.67817400,73.54194353,68.65710075,1244.73168631,3003.08653808,9891.18697000
6,269,0.000000,0.241000,0.00000000,107.32720193,0.00000000,148.39611227,0.00000000,0.00000000,94.69756566,107.32720193,101.68074366,1745.79450000,3003.08653788,9891.18697000
6,270,0.000000,0.304000,0.00000000,107.32720193,0.00000000,215.24494544,0.00000000,0.00000000,94.69756566,107.32720193,101.68074366,1745.79450000,3003.08653767,9891.18697000
6,271,0.117000,0.479000,52.78149156,36.51668003,0.00000000,471.74667058,0.00000000,0.00000000,78.66539600,89.29817159,84.63531998,1492.48099468,3098.93193218,7912.94957600
6,272,0.321000,0.630000,0.00000000,72.94337341,144.81075890,595.54495830,0.00000000,0.00000000,63.67817400,72.94337341,68.65710075,1244.73168631,2947.02801833,7912.94957600
6,273,0.485000,0.588000,0.00000000,57.67001469,218.79507185,566.25242824,0.00000000,0.00000000,49.73928100,57.67001469,53.75120360,1002.98064984,2553.37306800,7912.94957600
6,274,0.599000,0.500000,89.46248162,0.00000000,180.76071022,530.54629501,0.00000000,0.00000000,78.66539600,89.46248162,84.63532017,1492.48104146,2553.37306821,8455.98323655
6,275,0.662000,0.398000,107.32720193,0.00000000,191.31679306,422.31485082,0.00000000,0.00000000,94.69756566,107.32720193,101.68074366,1745.79450000,2553.37306800,9891.18697000
6,276,0.680000,0.302000,89.46248162,0.00000000,217.30174284,320.44996218,0.00000000,0.00000000,78.66539600,89.46248162,84.63532017,1492.48104146,2553.37306800,8455.98323771
6,277,0.654000,0.251000,107.32720194,0.00000000,187.70780217,266.33424009,0.00000000,0.00000000,94.69756567,107.32720194,101.68074367,1745.79450020,2553.37306800,9891.18697000
6,278,0.583000,0.251000,89.46248162,0.00000000,173.54272847,266.33424009,0.00000000,0.00000000,78.66539600,89.46248162,84.63532017,1492.48104146,2553.37306800,8455.98323771
6,279,0.465000,0.294000,106.89294157,0.00000000,102.87965309,311.96122146,0.00000000,0.00000000,94.69756566,106.89294157,101.68074366,1745.79450000,2806.68652675,8455.98323655
6,280,0.294000,0.376000,89.89674197,0.00000000,42.73367272,398.97081384,0.00000000,0.00000000,78.66539600,89.89674197,84.63532017,1492.48104146,2553.37306800,9891.18697000
6,281,0.107000,0.494000,48.27025297,59.05694896,0.00000000,465.12279051,0.00000000,0.00000000,94.69756566,107.32720193,101.68074366,1745.79450000,2553.37306800,9891.18696884
6,282,0.000000,0.621000,0.00000000,107.32720193,0.00000000,551.61129647,0.00000000,0.00000000,94.69756566,107.32720193,101.68074366,1745.79450000,2553.37306821,9891.18696768
6,283,0.000000,0.687000,0.00000000,107.32720193,0.00000000,621.64340741,0.00000000,0.00000000,94.69756566,107.32720193,101.68074366,1745.79450000,2553.37306800,9891.18697000
6,284,0.000000,0.697000,0.00000000,107.32720193,0.00000000,632.25433331,0.00000000,0.00000000,94.69756566,107.32720193,101.68074366,1745.79450000,2553.37306780,9891.18697000
6,285,0.000000,0.699000,0.00000000,107.32720192,0.00000000,634.37651849,0.00000000,0.00000000,94.69756566,107.32720192,101.68074366,1745.79450000,2553.37306821,9891.18696652
6,286,0.000000,0.709000,0.00000000,107.32720193,0.00000000,644.98744439,0.00000000,0.00000000,94.69756566,107.32720193,101.68074366,1745.79450000,2553.37306800,9891.18697000
6,287,0.000000,0.644000,0.00000000,107.32720193,0.00000000,576.01642604,0.00000000,0.00000000,94.69756566,107.32720193,101.68074366,1745.79450000,2553.37306821,9891.18696768
6,288,0.000000,0.570000,0.00000000,107.32720193,0.00000000,497.49557438,0.00000000,0.00000000,94.69756566,107.32720193,101.68074366,1745.79450000,2553.37306800,9891.18697000
6,289,0.000000,0.501000,0.00000000,107.32720193,0.00000000,424.28018567,0.00000000,0.00000000,94.69756566,107.32720193,101.68074366,1745.79450000,2553.37306780,9891.18697000
6,290,0.000000,0.445000,0.00000000,107.32720193,0.00000000,364.85900063,0.00000000,0.00000000,94.69756566,107.32720193,101.68074366,1745.79450000,2553.37306759,9891.18697000
6,291,0.000000,0.383000,0.00000000,107.32720192,0.00000000,299.07126005,0.00000000,0.00000000,94.69756566,107.32720192,101.68074366,1745.79450000,2553.37306800,9891.18696652
6,292,0.000000,0.347000,0.00000000,107.32720193,0.00000000,260.87192681,0.00000000,0.00000000,94.69756566,107.32720193,101.68074366,1745.79450000,2553.37306780,9891.18697000
6,293,0.000000,0.325000,0.00000000,107.32720193,0.00000000,237.52788983,0.00000000,0.00000000,94.69756566,107.32720193,101.68074366,1745.79450000,2553.37306759,9891.18697000
6,294,0.000000,0.297000,0.00000000,107.32720193,0.00000000,207.81729731,0.00000000,0.00000000,94.69756566,107.32720193,101.68074366,1745.79450000,2553.37306739,9891.18697000
6,295,0.122000,0.383000,55.03711086,52.29009107,0.00000000,354.10837091,0.00000000,0.00000000,94.69756566,107.32720193,101.68074366,1745.79450000,2553.37306718,9891.18697000
6,296,0.317000,0.602000,107.32720193,0.00000000,35.67906153,638.77773919,0.00000000,0.00000000,94.69756566,107.32720193,101.68074366,1745.79450000,2553.37306698,9891.18697000
6,297,0.481000,0.562000,107.32720193,0.00000000,109.66337449,596.33403559,0.00000000,0.00000000,94.69756566,107.32720193,101.68074366,1745.79450000,2553.37306677,9891.18697000
6,298,0.586000,0.480000,107.32720192,0.00000000,157.03137974,509.32444321,0.00000000,0.00000000,94.69756566,107.32720192,101.68074366,1745.79450000,2553.37306882,9891.18695722
6,299,0.651000,0.407000,107.32720193,0.00000000,186.35443060,431.86468413,0.00000000,0.00000000,94.69756566,107.32720193,101.68074366,1745.79450000,2553.37306862,9891.18697000
6,300,0.667000,0.350000,107.32720193,0.00000000,193.57241235,371.38240650,0.00000000,0.00000000,94.69756566,107.32720193,101.68074366,1745.79450000,2553.37306841,9891.18697000
6,301,0.638000,0.325000,107.32720193,0.00000000,180.48982043,344.85509175,0.00000000,0.00000000,94.69756566,107.32720193,101.68074366,1745.79450000,2553.37306821,9891.18697000
6,302,0.566000,0.343000,107.32720193,0.00000000,148.00890255,363.95475837,0.00000000,0.00000000,94.69756566,107.32720193,101.68074366,1745.79450000,2553.37306800,9891.18697000
6,303,0.447000,0.410000,107.32720193,0.00000000,94.32516327,435.04796190,0.00000000,0.00000000,94.69756566,107.32720193,101.68074366,1745.79450000,2553.37306800,9891.18696884
6,304,0.284000,0.524000,106.72863180,0.00000000,21.39054429,556.01251717,0.00000000,0.00000000,94.69756566,106.72863180,101.68074366,1745.79450000,2902.53196784,7912.94957600
6,305,0.099000,0.656000,44.66126209,62.06736971,0.00000000,634.00936934,0.00000000,0.00000000,94.69756566,106.72863180,101.68074366,1745.79450000,3251.69086767,7912.94957600
6,306,0.000000,0.722000,0.00000000,107.25092144,0.00000000,658.85792854,0.00000000,0.00000000,94.69756566,107.25092144,101.68074366,1745.79450000,3296.18692227,9639.08467653
6,307,0.000000,0.707000,0.00000000,106.72863180,0.00000000,643.46382934,0.00000000,0.00000000,94.69756566,106.72863180,101.68074366,1745.79450000,3645.34582210,7912.94957600
6,308,0.000000,0.734000,0.00000000,106.72863180,0.00000000,672.11332927,0.00000000,0.00000000,94.69756566,106.72863180,101.68074366,1745.79450000,3994.50472194,7912.94957600
6,309,0.000000,0.809000,0.00000000,107.32720193,0.00000000,751.09670339,0.00000000,0.00000000,94.69756566,107.32720193,101.68074366,1745.79450000,3994.50472173,9891.18697000
6,310,0.000000,0.788000,0.00000000,107.32720193,0.00000000,728.81375900,0.00000000,0.00000000,94.69756566,107.32720193,101.68074366,1745.79450000,3994.50472153,9891.18697000
6,311,0.000000,0.739000,0.00000000,107.32720193,0.00000000,676.82022209,0.00000000,0.00000000,94.69756566,107.32720193,101.68074366,1745.79450000,3994.50472132,9891.18697000
6,312,0.000000,0.684000,0.00000000,106.72863180,0.00000000,619.05869977,0.00000000,0.00000000,94.69756566,106.72863180,101.68074366,1745.79450000,4343.66362116,7912.94957600
6,313,0.000000,0.637000,0.00000000,106.72863180,0.00000000,569.18734804,0.00000000,0.00000000,94.69756566,106.72863180,101.68074366,1745.79450000,4692.82252099,7912.94957600
6,314,0.000000,0.570000,0.00000000,106.72863180,0.00000000,498.09414451,0.00000000,0.00000000,94.69756566,106.72863180,101.68074366,1745.79450000,5041.98142083,7912.94957600
6,315,0.000000,0.511000,0.00000000,107.32720193,0.00000000,434.89111157,0.00000000,0.00000000,94.69756566,107.32720193,101.68074366,1745.79450000,5041.98142063,9891.18697000
6,316,0.000000,0.457000,0.00000000,107.32720193,0.00000000,377.59211171,0.00000000,0.00000000,94.69756566,107.32720193,101.68074366,1745.79450000,5041.98142042,9891.18697000
6,317,0.000000,0.407000,0.00000000,107.32720193,0.00000000,324.53748221,0.00000000,0.00000000,94.69756566,107.32720193,101.68074366,1745.79450000,5041.98142022,9891.18697000
6,318,0.000000,0.381000,0.00000000,107.32720193,0.00000000,296.94907487,0.00000000,0.00000000,94.69756566,107.32720193,101.68074366,1745.79450000,5041.98142001,9891.18697000
6,319,0.101000,0.434000,45.56350981,12.70507500,0.00000000,447.80910906,0.00000000,0.00000000,49.73928100,58.26858481,53.75120360,1002.98064984,4299.16756964,9891.18697000
6,320,0.287000,0.797000,107.32720193,0.00000000,22.14534575,845.69079424,0.00000000,0.00000000,94.69756566,107.32720193,101.68074366,1745.79450000,4299.16756944,9891.18697000
6,321,0.453000,0.878000,107.32720193,0.00000000,97.03190642,931.63929403,0.00000000,0.00000000,94.69756566,107.32720193,101.68074366,1745.79450000,4299.16756923,9891.18697000
6,322,0.578000,0.883000,107.32720193,0.00000000,153.42238886,936.94475698,0.00000000,0.00000000,94.69756566,107.32720193,101.68074366,1745.79450000,4299.16756903,9891.18697000
6,323,0.645000,0.873000,107.32720193,0.00000000,183.64768744,926.33383108,0.00000000,0.00000000,94.69756566,107.32720193,101.68074366,1745.79450000,4299.16756882,9891.18697000
6,324,0.669000,0.861000,107.32720193,0.00000000,194.47466007,913.60072000,0.00000000,0.00000000,94.69756566,107.32720193,101.68074366,1745.79450000,4299.16756862,9891.18697000
6,325,0.643000,0.856000,107.32720193,0.00000000,182.74543973,908.29525705,0.00000000,0.00000000,94.69756566,107.32720193,101.68074366,1745.79450000,4299.16756841,9891.18697000
6,326,0.572000,0.857000,107.32720193,0.00000000,150.71564570,909.35634921,0.00000000,0.00000000,94.69756566,107.32720193,101.68074366,1745.79450000,4299.16756821,9891.18697000
6,327,0.455000,0.867000,2.99285063,0.00000000,202.26850544,919.96727554,0.00000000,0.00000000,0.00000000,2.99285063,0.00000000,0.00000000,2553.37306800,9891.18697000
6,328,0.294000,0.882000,106.89294157,0.00000000,25.73747312,935.88366439,0.00000000,0.00000000,94.69756566,106.89294157,101.68074366,1745.79450000,2806.68652716,8455.98323423
6,329,0.106000,0.892000,0.00000000,107.32720193,47.81912911,839.16738836,0.00000000,0.00000000,94.69756566,107.32720193,101.68074366,1745.79450000,2806.68652696,9891.18697000
6,330,0.000000,0.876000,0.00000000,89.89674197,0.00000000,839.62036688,0.00000000,0.00000000,78.66539600,89.89674197,84.63532017,1492.48104146,2553.37306821,9891.18697000
6,331,0.000000,0.863000,0.00000000,107.32720193,0.00000000,808.39570325,0.00000000,0.00000000,94.69756566,107.32720193,101.68074366,1745.79450000,2553.37306800,9891.18697000
6,332,0.000000,0.846000,0.00000000,107.32720193,0.00000000,790.35712922,0.00000000,0.00000000,94.69756566,107.32720193,101.68074366,1745.79450000,2553.37306780,9891.18697000
6,333,0.000000,0.827000,0.00000000,107.32720193,0.00000000,770.19637001,0.00000000,0.00000000,94.69756566,107.32720193,101.68074366,1745.79450000,2553.37306800,9891.18696768
6,334,0.000000,0.800000,0.00000000,107.32720193,0.00000000,741.54687008,0.00000000,0.00000000,94.69756566,107.32720193,101.68074366,1745.79450000,2553.37306780,9891.18697000
6,335,0.000000,0.766000,0.00000000,107.32720193,0.00000000,705.46972202,0.00000000,0.00000000,94.69756566,107.32720193,101.68074366,1745.79450000,2553.37306759,9891.18697000
6,336,0.000000,0.723000,0.00000000,107.32720193,0.00000000,659.84274065,0.00000000,0.00000000,94.69756566,107.32720193,101.68074366,1745.79450000,2553.37306739,9891.18697000
6,337,0.000000,0.666000,0.00000000,107.32720193,0.00000000,599.36046302,0.00000000,0.00000000,94.69756566,107.32720193,101.68074366,1745.79450000,2553.37306718,9891.18697000
6,338,0.000000,0.562000,0.00000000,107.32720200,0.00000000,489.00683359,0.00000000,0.00000000,94.69756573,107.32720200,101.68074373,1745.79450102,2553.37306800,9891.18697000
6,339,0.000000,0.497000,0.00000000,106.72863180,0.00000000,420.63438543,0.00000000,0.00000000,94.69756566,106.72863180,101.68074366,1745.79450000,2902.53196784,7912.94957600
6,340,0.000000,0.463000,0.00000000,93.63756392,0.00000000,397.64830526,0.00000000,0.00000000,82.65667736,93.63756392,88.87885566,1555.54457599,3061.44094366,7912.94957600
6,341,0.000000,0.416000,0.00000000,107.32720193,0.00000000,334.08731552,0.00000000,0.00000000,94.69756566,107.32720193,101.68074366,1745.79450000,3061.44094345,9891.18697000
6,342,0.000000,0.388000,0.00000000,107.32720193,0.00000000,304.37672300,0.00000000,0.00000000,94.69756566,107.32720193,101.68074366,1745.79450000,3061.44094325,9891.18697000
6,343,0.116000,0.523000,52.33036770,54.39826410,0.00000000,500.55316048,0.00000000,0.00000000,94.69756566,106.72863180,101.68074366,1745.79450000,3410.59984309,7912.94957600
6,344,0.308000,0.778000,106.72863180,0.00000000,32.21751692,825.53003503,0.00000000,0.00000000,94.69756566,106.72863180,101.68074366,1745.79450000,3759.75874292,7912.94957600
6,345,0.468000,0.812000,107.32720193,0.00000000,103.79876432,861.60718309,0.00000000,0.00000000,94.69756566,107.32720193,101.68074366,1745.79450000,3759.75874272,9891.18697000
6,346,0.571000,0.791000,107.32720193,0.00000000,150.26452184,839.32423870,0.00000000,0.00000000,94.69756566,107.32720193,101.68074366,1745.79450000,3759.75874251,9891.18697000
6,347,0.637000,0.773000,107.32720193,0.00000000,180.03869657,820.22457208,0.00000000,0.00000000,94.69756566,107.32720193,101.68074366,1745.79450000,3759.75874231,9891.18697000
6,348,0.661000,0.754000,107.32720193,0.00000000,190.86566920,800.06381287,0.00000000,0.00000000,94.69756566,107.32720193,101.68074366,1745.79450000,3759.75874210,9891.18697000
6,349,0.636000,0.731000,107.32720193,0.00000000,179.58757271,775.65868330,0.00000000,0.00000000,94.69756566,107.32720193,101.68074366,1745.79450000,3759.75874190,9891.18697000
6,350,0.563000,0.717000,107.32720193,0.00000000,146.65553097,760.80338704,0.00000000,0.00000000,94.69756566,107.32720193,101.68074366,1745.79450000,3759.75874169,9891.18697000
6,351,0.440000,0.722000,107.32720193,0.00000000,91.16729625,766.10884999,0.00000000,0.00000000,94.69756566,107.32720193,101.68074366,1745.79450000,3759.75874149,9891.18697000
6,352,0.276000,0.752000,107.32720193,0.00000000,17.18298329,797.94162769,0.00000000,0.00000000,94.69756566,107.32720193,101.68074366,1745.79450000,3759.75874128,9891.18697000
6,353,0.096000,0.783000,0.00000000,30.97213435,43.30789051,799.86336363,0.00000000,0.00000000,25.00174700,30.97213435,27.15938231,539.40882693,2553.37306800,9891.18697000
6,354,0.000000,0.785000,0.00000000,107.32720193,0.00000000,725.63048123,0.00000000,0.00000000,94.69756566,107.32720193,101.68074366,1745.79450000,2553.37306800,9891.18696884
6,355,0.000000,0.797000,0.00000000,107.32720193,0.00000000,738.36359231,0.00000000,0.00000000,94.69756566,107.32720193,101.68074366,1745.79450000,2553.37306800,9891.18696884
6,356,0.000000,0.778000,0.00000000,107.32720193,0.00000000,718.20283310,0.00000000,0.00000000,94.69756566,107.32720193,101.68074366,1745.79450000,2553.37306800,9891.18696884
6,357,0.000000,0.768000,0.00000000,107.32720193,0.00000000,707.59190720,0.00000000,0.00000000,94.69756566,107.32720193,101.68074366,1745.79450000,2553.37306800,9891.18696884
6,358,0.000000,0.739000,0.00000000,107.32720193,0.00000000,676.82022209,0.00000000,0.00000000,94.69756566,107.32720193,101.68074366,1745.79450000,2553.37306800,9891.18696884
6,359,0.000000,0.722000,0.00000000,107.32720193,0.00000000,658.78164806,0.00000000,0.00000000,94.69756566,107.32720193,101.68074366,1745.79450000,2553.37306800,9891.18696884
6,360,0.000000,0.700000,0.00000000,107.32720193,0.00000000,635.43761108,0.00000000,0.00000000,94.69756566,107.32720193,101.68074366,1745.79450000,2553.37306800,9891.18696884
6,361,0.000000,0.637000,0.00000000,107.32720193,0.00000000,568.58877791,0.00000000,0.00000000,94.69756566,107.32720193,101.68074366,1745.79450000,2553.37306800,9891.18696884
6,362,0.000000,0.580000,0.00000000,107.32720193,0.00000000,508.10650028,0.00000000,0.00000000,94.69756566,107.32720193,101.68074366,1745.79450000,2553.37306800,9891.18696884
6,363,0.000000,0.544000,0.00000000,107.32720193,0.00000000,469.90716704,0.00000000,0.00000000,94.69756566,107.32720193,101.68074366,1745.79450000,2553.37306800,9891.18696884
6,364,0.000000,0.505000,0.00000000,107.32720193,0.00000000,428.52455603,0.00000000,0.00000000,94.69756566,107.32720193,101.68074366,1745.79450000,2553.37306800,9891.18696884
6,365,0.000000,0.494000,0.00000000,107.32720193,0.00000000,416.85253754,0.00000000,0.00000000,94.69756566,107.32720193,101.68074366,1745.79450000,2553.37306800,9891.18696884
6,366,0.000000,0.488000,0.00000000,107.32720193,0.00000000,410.48598200,0.00000000,0.00000000,94.69756566,107.32720193,101.68074366,1745.79450000,2553.37306800,9891.18696884
6,367,0.119000,0.573000,53.68373928,53.64346265,0.00000000,554.36259143,0.00000000,0.00000000,94.69756566,107.32720193,101.68074366,1745.79450000,2553.37306780,9891.18697000
6,368,0.311000,0.814000,107.32720195,0.00000000,32.97231835,863.72936827,0.00000000,0.00000000,94.69756569,107.32720195,101.68074369,1745.79450041,2553.37306800,9891.18697000
6,369,0.473000,0.832000,107.32720193,0.00000000,106.05438361,882.82903489,0.00000000,0.00000000,94.69756566,107.32720193,101.68074366,1745.79450000,2553.37306780,9891.18697000
6,370,0.579000,0.773000,107.32720193,0.00000000,153.87351272,820.22457208,0.00000000,0.00000000,94.69756566,107.32720193,101.68074366,1745.79450000,2553.37306759,9891.18697000
6,371,0.628000,0.702000,107.32720192,0.00000000,175.97858183,744.88699819,0.00000000,0.00000000,94.69756566,107.32720192,101.68074366,1745.79450000,2553.37306800,9891.18696652
6,372,0.631000,0.644000,89.29817159,0.00000000,195.36098375,683.34362797,0.00000000,0.00000000,78.66539600,89.29817159,84.63531998,1492.48099468,2649.21846251,7912.94957600
6,373,0.572000,0.602000,107.32720193,0.00000000,150.71564570,638.77773919,0.00000000,0.00000000,94.69756566,107.32720193,101.68074366,1745.79450000,2649.21846231,9891.18697000
6,374,0.453000,0.574000,106.72863180,0.00000000,97.63047655,609.06714667,0.00000000,0.00000000,94.69756566,106.72863180,101.68074366,1745.79450000,2998.37736214,7912.94957600
6,375,0.326000,0.574000,106.84093853,0.00000000,40.22543967,609.06714667,0.00000000,0.00000000,94.69756566,106.84093853,101.68074366,1745.79450000,3282.02531911,8284.11639110
6,376,0.226000,0.590000,101.95399224,4.77463956,0.00000000,621.26998855,0.00000000,0.00000000,94.69756566,106.72863180,101.68074366,1745.79450000,3631.18421895,7912.94957600
6,377,0.099000,0.618000,18.35919146,0.00000000,26.30207063,655.75522063,0.00000000,0.00000000,14.20500000,18.35919146,15.48029780,318.82444922,2553.37306800,7912.94957600
6,378,0.000000,0.656000,0.00000000,106.72863180,0.00000000,589.34810725,0.00000000,0.00000000,94.69756566,106.72863180,101.68074366,1745.79450000,2902.53196784,7912.94957600
6,379,0.000000,0.681000,0.00000000,73.28153160,0.00000000,649.32252220,0.00000000,0.00000000,63.67817400,73.28153160,68.65710075,1244.73168631,2553.37306800,9030.54156457
6,380,0.000000,0.669000,0.00000000,107.32720193,0.00000000,602.54374079,0.00000000,0.00000000,94.69756566,107.32720193,101.68074366,1745.79450000,2553.37306800,9891.18696884
6,381,0.000000,0.653000,0.00000000,106.72863180,0.00000000,586.16482948,0.00000000,0.00000000,94.69756566,106.72863180,101.68074366,1745.79450000,2902.53196784,7912.94957600
6,382,0.000000,0.646000,0.00000000,72.94337341,0.00000000,612.52243974,0.00000000,0.00000000,63.67817400,72.94337341,68.65710075,1244.73168631,2750.62805398,7912.94957600
6,383,0.000000,0.614000,0.00000000,107.32720193,0.00000000,544.18364834,0.00000000,0.00000000,94.69756566,107.32720193,101.68074366,1745.79450000,2750.62805378,9891.18697000
6,384,0.000000,0.578000,0.00000000,89.29817159,0.00000000,524.01334544,0.00000000,0.00000000,78.66539600,89.29817159,84.63531998,1492.48099468,2846.47344829,7912.94957600
6,385,0.000000,0.534000,0.00000000,106.72863180,0.00000000,459.89481127,0.00000000,0.00000000,94.69756566,106.72863180,101.68074366,1745.79450000,3195.63234813,7912.94957600
6,386,0.000000,0.501000,0.00000000,89.29817159,0.00000000,442.30921600,0.00000000,0.00000000,78.66539600,89.29817159,84.63531998,1492.48099468,3291.47774264,7912.94957600
6,387,0.000000,0.448000,0.00000000,106.72863180,0.00000000,368.64084852,0.00000000,0.00000000,94.69756566,106.72863180,101.68074366,1745.79450000,3640.63664247,7912.94957600
6,388,0.000000,0.390000,0.00000000,72.94337341,0.00000000,340.88273670,0.00000000,0.00000000,63.67817400,72.94337341,68.65710075,1244.73168631,3488.73272862,7912.94957600
6,389,0.000000,0.368000,0.00000000,72.94337341,0.00000000,317.53869972,0.00000000,0.00000000,63.67817400,72.94337341,68.65710075,1244.73168631,3336.82881477,7912.94957600
6,390,0.000000,0.353000,0.00000000,34.60894562,0.00000000,339.95673865,0.00000000,0.00000000,28.82991233,34.60894562,31.28263175,613.17985340,2553.37306800,7912.94957600
6,391,0.135000,0.383000,60.90172103,45.82691077,0.00000000,360.57155120,0.00000000,0.00000000,94.69756566,106.72863180,101.68074366,1745.79450000,2902.53196784,7912.94957600
6,392,0.338000,0.707000,0.00000000,89.29817159,152.47986451,660.89428955,0.00000000,0.00000000,78.66539600,89.29817159,84.63531998,1492.48099468,2998.37736235,7912.94957600
6,393,0.503000,0.599000,106.72863180,0.00000000,120.18666952,635.59446142,0.00000000,0.00000000,94.69756566,106.72863180,101.68074366,1745.79450000,3347.53626218,7912.94957600
6,394,0.618000,0.438000,106.72863180,0.00000000,172.06591336,464.75855442,0.00000000,0.00000000,94.69756566,106.72863180,101.68074366,1745.79450000,3696.69516202,7912.94957600
6,395,0.682000,0.315000,0.00000000,57.67001469,307.66647217,276.57415117,0.00000000,0.00000000,49.73928100,57.67001469,53.75120360,1002.98064984,3303.04021169,7912.94957600
6,396,0.700000,0.227000,106.72863180,0.00000000,209.05806984,240.86801793,0.00000000,0.00000000,94.69756566,106.72863180,101.68074366,1745.79450000,3652.19911153,7912.94957600
6,397,0.673000,0.160000,106.72863180,0.00000000,196.87772564,169.77481440,0.00000000,0.00000000,94.69756566,106.72863180,101.68074366,1745.79450000,4001.35801136,7912.94957600
6,398,0.601000,0.121000,57.67001469,0.00000000,213.45542487,128.39220339,0.00000000,0.00000000,49.73928100,57.67001469,53.75120360,1002.98064984,3607.70306104,7912.94957600
6,399,0.481000,0.119000,106.72863180,0.00000000,110.26194461,126.27001821,0.00000000,0.00000000,94.69756566,106.72863180,101.68074366,1745.79450000,3956.86196087,7912.94957600
6,400,0.316000,0.131000,106.72863180,0.00000000,35.82650780,139.00312929,0.00000000,0.00000000,94.69756566,106.72863180,101.68074366,1745.79450000,4306.02086071,7912.94957600
6,401,0.119000,0.173000,53.68373928,53.04489252,0.00000000,130.52412555,0.00000000,0.00000000,94.69756566,106.72863180,101.68074366,1745.79450000,4655.17976054,7912.94957600
6,402,0.000000,0.355000,0.00000000,72.94337341,0.00000000,303.74449605,0.00000000,0.00000000,63.67817400,72.94337341,68.65710075,1244.73168631,4503.27584669,7912.94957600
6,403,0.000000,0.574000,0.00000000,106.72863180,0.00000000,502.33851487,0.00000000,0.00000000,94.69756566,106.72863180,101.68074366,1745.79450000,4852.43474653,7912.94957600
6,404,0.000000,0.697000,0.00000000,57.67001469,0.00000000,681.91152055,0.00000000,0.00000000,49.73928100,57.67001469,53.75120360,1002.98064984,4458.77979620,7912.94957600
6,405,0.000000,0.740000,0.00000000,106.72863180,0.00000000,678.47988481,0.00000000,0.00000000,94.69756566,106.72863180,101.68074366,1745.79450000,4807.93869604,7912.94957600
6,406,0.000000,0.740000,0.00000000,106.72863180,0.00000000,678.47988481,0.00000000,0.00000000,94.69756566,106.72863180,101.68074366,1745.79450000,5157.09759587,7912.94957600
6,407,0.000000,0.720000,0.00000000,72.94337341,0.00000000,691.04329140,0.00000000,0.00000000,63.67817400,72.94337341,68.65710075,1244.73168631,5005.19368202,7912.94957600
6,408,0.000000,0.674000,0.00000000,72.94337341,0.00000000,642.23303226,0.00000000,0.00000000,63.67817400,72.94337341,68.65710075,1244.73168631,4853.28976817,7912.94957600
6,409,0.000000,0.606000,0.00000000,106.72863180,0.00000000,536.29347775,0.00000000,0.00000000,94.69756566,106.72863180,101.68074366,1745.79450000,5202.44866800,7912.94957600
6,410,0.000000,0.587000,0.00000000,57.67001469,0.00000000,565.19133565,0.00000000,0.00000000,49.73928100,57.67001469,53.75120360,1002.98064984,4808.79371767,7912.94957600
6,411,0.000000,0.548000,0.00000000,72.94337341,0.00000000,508.53536592,0.00000000,0.00000000,63.67817400,72.94337341,68.65710075,1244.73168631,4656.88980382,7912.94957600
6,412,0.000000,0.429000,0.00000000,106.72863180,0.00000000,348.48008931,0.00000000,0.00000000,94.69756566,106.72863180,101.68074366,1745.79450000,5006.04870366,7912.94957600
6,413,0.000000,0.368000,0.00000000,106.72863180,0.00000000,283.75344132,0.00000000,0.00000000,94.69756566,106.72863180,101.68074366,1745.79450000,5355.20760349,7912.94957600
6,414,0.000000,0.311000,0.00000000,106.72863180,0.00000000,223.27116369,0.00000000,0.00000000,94.69756566,106.72863180,101.68074366,1745.79450000,5704.36650333,7912.94957600
6,415,0.135000,0.439000,0.00000000,30.37356422,60.90172103,435.44608279,0.00000000,0.00000000,25.00174700,30.37356422,27.15938231,539.40882693,4847.13973009,7912.94957600
6,416,0.330000,0.648000,57.67001469,0.00000000,91.20085894,687.58799833,0.00000000,0.00000000,49.73928100,57.67001469,53.75120360,1002.98064984,4453.48477976,7912.94957600
6,417,0.490000,0.538000,0.00000000,89.29817159,221.05069115,481.56964183,0.00000000,0.00000000,78.66539600,89.29817159,84.63531998,1492.48099468,4549.33017427,7912.94957600
6,418,0.606000,0.381000,106.72863180,0.00000000,166.65242705,404.27627679,0.00000000,0.00000000,94.69756566,106.72863180,101.68074366,1745.79450000,4898.48907411,7912.94957600
6,419,0.677000,0.270000,107.32720193,0.00000000,198.08365095,286.49499930,0.00000000,0.00000000,94.69756566,107.32720193,101.68074366,1745.79450000,4898.48907390,9891.18697000
6,420,0.686000,0.199000,0.00000000,34.12601083,309.47096761,177.03141459,0.00000000,0.00000000,28.39340966,34.12601083,30.81248261,604.76823702,4106.62171076,7912.94957600
6,421,0.629000,0.153000,89.29817185,0.00000000,194.45873577,162.34716627,0.00000000,0.00000000,78.66539600,89.29817185,84.63532017,1492.48104146,4202.46715206,7912.94957600
6,422,0.527000,0.137000,0.00000000,72.94337341,237.74227395,72.42631142,0.00000000,0.00000000,63.67817400,72.94337341,68.65710075,1244.73168631,4050.56323820,7912.94957600
6,423,0.369000,0.172000,107.32720193,0.00000000,59.13750223,182.50792548,0.00000000,0.00000000,94.69756566,107.32720193,101.68074366,1745.79450000,4050.56323800,9891.18697000
6,424,0.188000,0.267000,0.00000000,89.89674172,84.81128558,193.41497982,0.00000000,0.00000000,78.66539600,89.89674172,84.63531998,1492.48099468,3797.24973247,9891.18697000
6,425,0.081000,0.400000,36.54103262,37.00091092,0.00000000,387.43612509,0.00000000,0.00000000,63.67817400,73.54194353,68.65710075,1244.73168631,3296.18691858,9891.18697000
6,426,0.000000,0.550000,0.00000000,107.32720193,0.00000000,476.27372258,0.00000000,0.00000000,94.69756566,107.32720193,101.68074366,1745.79450000,3296.18691837,9891.18697000
6,427,0.000000,0.675000,0.00000000,58.26858481,0.00000000,657.96891344,0.00000000,0.00000000,49.73928100,58.26858481,53.75120360,1002.98064984,2553.37306800,9891.18697000
6,428,0.000000,0.711000,0.00000000,107.32720193,0.00000000,647.10962957,0.00000000,0.00000000,94.69756566,107.32720193,101.68074366,1745.79450000,2553.37306780,9891.18697000
6,429,0.000000,0.781000,0.00000000,107.32720193,0.00000000,721.38611087,0.00000000,0.00000000,94.69756566,107.32720193,101.68074366,1745.79450000,2553.37306759,9891.18697000
6,430,0.000000,0.792000,0.00000000,106.72863180,0.00000000,733.65669949,0.00000000,0.00000000,94.69756566,106.72863180,101.68074366,1745.79450000,2902.53196743,7912.94957600
6,431,0.000000,0.749000,0.00000000,89.29817159,0.00000000,705.46017833,0.00000000,0.00000000,78.66539600,89.29817159,84.63531998,1492.48099468,2998.37736194,7912.94957600
6,432,0.000000,0.687000,0.00000000,89.29817159,0.00000000,639.67243775,0.00000000,0.00000000,78.66539600,89.29817159,84.63531998,1492.48099468,3094.22275645,7912.94957600
6,433,0.000000,0.647000,0.00000000,106.72863180,0.00000000,579.79827394,0.00000000,0.00000000,94.69756566,106.72863180,101.68074366,1745.79450000,3443.38165629,7912.94957600
6,434,0.000000,0.606000,0.00000000,57.67001469,0.00000000,585.35209486,0.00000000,0.00000000,49.73928100,57.67001469,53.75120360,1002.98064984,3049.72670596,7912.94957600
6,435,0.000000,0.558000,0.00000000,106.72863180,0.00000000,485.36103343,0.00000000,0.00000000,94.69756566,106.72863180,101.68074366,1745.79450000,3398.88560579,7912.94957600
6,436,0.000000,0.509000,0.00000000,106.72863180,0.00000000,433.36749651,0.00000000,0.00000000,94.69756566,106.72863180,101.68074366,1745.79450000,3748.04450563,7912.94957600
6,437,0.000000,0.454000,0.00000000,106.72863180,0.00000000,375.00740406,0.00000000,0.00000000,94.69756566,106.72863180,101.68074366,1745.79450000,4097.20340547,7912.94957600
6,438,0.000000,0.393000,0.00000000,57.67001469,0.00000000,359.33937319,0.00000000,0.00000000,49.73928100,57.67001469,53.75120360,1002.98064984,3703.54845514,7912.94957600
6,439,0.135000,0.504000,60.90172103,45.82691077,0.00000000,488.96375460,0.00000000,0.00000000,94.69756566,106.72863180,101.68074366,1745.79450000,4052.70735497,7912.94957600
6,440,0.332000,0.642000,106.72863180,0.00000000,43.04448955,681.22144279,0.00000000,0.00000000,94.69756566,106.72863180,101.68074366,1745.79450000,4401.86625481,7912.94957600
6,441,0.494000,0.574000,106.72863180,0.00000000,116.12655479,609.06714667,0.00000000,0.00000000,94.69756566,106.72863180,101.68074366,1745.79450000,4751.02515465,7912.94957600
6,442,0.606000,0.466000,106.72863180,0.00000000,166.65242705,494.46914695,0.00000000,0.00000000,94.69756566,106.72863180,101.68074366,1745.79450000,5100.18405448,7912.94957600
6,443,0.667000,0.381000,43.47863956,0.00000000,257.42097472,404.27627679,0.00000000,0.00000000,36.84682300,43.47863956,39.91750131,767.66957627,4471.21803059,7912.94957600
6,444,0.685000,0.314000,0.00000000,43.47863956,309.01984375,289.70443370,0.00000000,0.00000000,36.84682300,43.47863956,39.91750131,767.66957627,3842.25200669,7912.94957600
6,445,0.661000,0.271000,0.00000000,57.67001469,298.19287112,229.88607721,0.00000000,0.00000000,49.73928100,57.67001469,53.75120360,1002.98064984,3448.59705636,7912.94957600
6,446,0.585000,0.264000,106.72863180,0.00000000,157.17882600,280.12844376,0.00000000,0.00000000,94.69756566,106.72863180,101.68074366,1745.79450000,3797.75595620,7912.94957600
6,447,0.454000,0.295000,0.00000000,72.94337341,204.81023221,240.07894064,0.00000000,0.00000000,63.67817400,72.94337341,68.65710075,1244.73168631,3645.85204235,7912.94957600
6,448,0.273000,0.376000,106.72863180,0.00000000,16.42818184,398.97081384,0.00000000,0.00000000,94.69756566,106.72863180,101.68074366,1745.79450000,3995.01094218,7912.94957600
6,449,0.065000,0.507000,29.32305087,43.62032254,0.00000000,494.35362059,0.00000000,0.00000000,63.67817400,72.94337341,68.65710075,1244.73168631,3843.10702833,7912.94957600
6,450,0.000000,0.621000,0.00000000,43.47863956,0.00000000,615.45985884,0.00000000,0.00000000,36.84682300,43.47863956,39.91750131,767.66957627,3214.14100444,7912.94957600
6,451,0.000000,0.712000,0.00000000,106.72863180,0.00000000,648.76929229,0.00000000,0.00000000,94.69756566,106.72863180,101.68074366,1745.79450000,3563.29990427,7912.94957600
6,452,0.000000,0.800000,0.00000000,106.72863180,0.00000000,742.14544021,0.00000000,0.00000000,94.69756566,106.72863180,101.68074366,1745.79450000,3912.45880411,7912.94957600
6,453,0.000000,0.831000,0.00000000,57.67001469,0.00000000,824.09792761,0.00000000,0.00000000,49.73928100,57.67001469,53.75120360,1002.98064984,3518.80385378,7912.94957600
6,454,0.000000,0.801000,0.00000000,57.67001469,0.00000000,792.26514991,0.00000000,0.00000000,49.73928100,57.67001469,53.75120360,1002.98064984,3125.14890345,7912.94957600
6,455,0.000000,0.722000,0.00000000,106.72863180,0.00000000,659.38021819,0.00000000,0.00000000,94.69756566,106.72863180,101.68074366,1745.79450000,3474.30780329,7912.94957600
6,456,0.000000,0.635000,0.00000000,106.72863180,0.00000000,567.06516286,0.00000000,0.00000000,94.69756566,106.72863180,101.68074366,1745.79450000,3823.46670312,7912.94957600
6,457,0.000000,0.568000,0.00000000,106.72863180,0.00000000,495.97195933,0.00000000,0.00000000,94.69756566,106.72863180,101.68074366,1745.79450000,4172.62560296,7912.94957600
6,458,0.000000,0.525000,0.00000000,106.72863180,0.00000000,450.34497796,0.00000000,0.00000000,94.69756566,106.72863180,101.68074366,1745.79450000,4521.78450279,7912.94957600
6,459,0.000000,0.491000,0.00000000,18.35919146,0.00000000,502.63727024,0.00000000,0.00000000,14.20500000,18.35919146,15.48029780,318.82444922,3443.97335185,7912.94957600
6,460,0.000000,0.457000,0.00000000,43.47863956,0.00000000,441.44067407,0.00000000,0.00000000,36.84682300,43.47863956,39.91750131,767.66957627,2815.00732795,7912.94957600
6,461,0.000000,0.416000,0.00000000,89.29817159,0.00000000,352.11634585,0.00000000,0.00000000,78.66539600,89.29817159,84.63531998,1492.48099468,2910.85272246,7912.94957600
6,462,0.000000,0.328000,0.00000000,106.72863180,0.00000000,241.30973772,0.00000000,0.00000000,94.69756566,106.72863180,101.68074366,1745.79450000,3260.01162230,7912.94957600
6,463,0.132000,0.498000,59.54834945,47.18028235,0.00000000,481.24382748,0.00000000,0.00000000,94.69756566,106.72863180,101.68074366,1745.79450000,3609.17052213,7912.94957600
6,464,0.329000,0.604000,106.72863180,0.00000000,41.69111797,640.89992437,0.00000000,0.00000000,94.69756566,106.72863180,101.68074366,1745.79450000,3958.32942197,7912.94957600
6,465,0.495000,0.553000,0.00000000,72.94337341,223.30631045,513.84082887,0.00000000,0.00000000,63.67817400,72.94337341,68.65710075,1244.73168631,3806.42550812,7912.94957600
6,466,0.609000,0.458000,106.72863180,0.00000000,168.00579863,485.98040623,0.00000000,0.00000000,94.69756566,106.72863180,101.68074366,1745.79450000,4155.58440795,7912.94957600
6,467,0.671000,0.367000,0.00000000,43.47863956,302.70410972,345.94234097,0.00000000,0.00000000,36.84682300,43.47863956,39.91750131,767.66957627,3526.61838406,7912.94957600
6,468,0.689000,0.302000,0.00000000,72.94337341,310.82433919,247.50658877,0.00000000,0.00000000,63.67817400,72.94337341,68.65710075,1244.73168631,3374.71447021,7912.94957600
6,469,0.664000,0.276000,106.72863180,0.00000000,192.81761090,292.86155484,0.00000000,0.00000000,94.69756566,106.72863180,101.68074366,1745.79450000,3723.87337004,7912.94957600
6,470,0.592000,0.280000,0.00000000,89.29817159,267.06532482,207.80775361,0.00000000,0.00000000,78.66539600,89.29817159,84.63531998,1492.48099468,3819.71876455,7912.94957600
6,471,0.474000,0.312000,106.72863180,0.00000000,107.10407760,331.06088808,0.00000000,0.00000000,94.69756566,106.72863180,101.68074366,1745.79450000,4168.87766439,7912.94957600
6,472,0.310000,0.365000,0.00000000,30.37356422,139.84839644,356.92523113,0.00000000,0.00000000,25.00174700,30.37356422,27.15938231,539.40882693,3311.65089115,7912.94957600
6,473,0.116000,0.434000,0.00000000,89.29817159,52.33036770,371.21601247,0.00000000,0.00000000,78.66539600,89.29817159,84.63531998,1492.48099468,3407.49628566,7912.94957600
6,474,0.000000,0.556000,0.00000000,106.72863180,0.00000000,483.23884825,0.00000000,0.00000000,94.69756566,106.72863180,101.68074366,1745.79450000,3756.65518550,7912.94957600
6,475,0.000000,0.657000,0.00000000,106.72863180,0.00000000,590.40919984,0.00000000,0.00000000,94.69756566,106.72863180,101.68074366,1745.79450000,4105.81408533,7912.94957600
6,476,0.000000,0.680000,0.00000000,26.76528144,0.00000000,694.77767977,0.00000000,0.00000000,21.75915439,26.76528144,23.65179682,473.16060673,3182.33909190,7912.94957600
6,477,0.000000,0.702000,0.00000000,43.47863956,0.00000000,701.40835863,0.00000000,0.00000000,36.84682300,43.47863956,39.91750131,767.66957627,2553.37306800,7912.94957600
6,478,0.000000,0.776000,0.00000000,106.72863180,0.00000000,716.67921805,0.00000000,0.00000000,94.69756566,106.72863180,101.68074366,1745.79450000,2902.53196784,7912.94957600
6,479,0.000000,0.751000,0.00000000,106.72863180,0.00000000,690.15190330,0.00000000,0.00000000,94.69756566,106.72863180,101.68074366,1745.79450000,3251.69086767,7912.94957600
6,480,0.000000,0.708000,0.00000000,89.29817159,0.00000000,661.95538214,0.00000000,0.00000000,78.66539600,89.29817159,84.63531998,1492.48099468,3347.53626218,7912.94957600
6,481,0.000000,0.624000,0.00000000,33.99420064,0.00000000,628.12757552,0.00000000,0.00000000,28.27427246,33.99420064,30.68416209,602.47240598,2553.37306800,7912.94957600
6,482,0.000000,0.556000,0.00000000,106.72863180,0.00000000,483.23884825,0.00000000,0.00000000,94.69756566,106.72863180,101.68074366,1745.79450000,2902.53196784,7912.94957600
6,483,0.000000,0.509000,0.00000000,106.72863180,0.00000000,433.36749651,0.00000000,0.00000000,94.69756566,106.72863180,101.68074366,1745.79450000,3251.69086767,7912.94957600
6,484,0.000000,0.465000,0.00000000,89.29817159,0.00000000,404.10988276,0.00000000,0.00000000,78.66539600,89.29817159,84.63531998,1492.48099468,3347.53626218,7912.94957600
6,485,0.000000,0.406000,0.00000000,106.72863180,0.00000000,324.07495974,0.00000000,0.00000000,94.69756566,106.72863180,101.68074366,1745.79450000,3696.69516202,7912.94957600
6,486,0.000000,0.383000,0.00000000,107.04670880,0.00000000,299.35175318,0.00000000,0.00000000,94.69756566,107.04670880,101.68074366,1745.79450000,3860.31287105,8964.17445310
6,487,0.133000,0.590000,59.99947331,29.29869828,0.00000000,596.74592983,0.00000000,0.00000000,78.66539600,89.29817159,84.63531998,1492.48099468,3956.15826556,7912.94957600
6,488,0.333000,0.719000,106.72863180,0.00000000,43.49561341,762.92557222,0.00000000,0.00000000,94.69756566,106.72863180,101.68074366,1745.79450000,4305.31716540,7912.94957600
6,489,0.497000,0.674000,0.00000000,72.94337341,224.20855817,642.23303226,0.00000000,0.00000000,63.67817400,72.94337341,68.65710075,1244.73168631,4153.41325154,7912.94957600
6,490,0.606000,0.590000,0.00000000,58.26858481,273.38105885,567.77604329,0.00000000,0.00000000,49.73928100,58.26858481,53.75120360,1002.98064984,3410.59940117,9891.18697000
6,491,0.669000,0.504000,30.37356665,0.00000000,271.42829534,534.79066537,0.00000000,0.00000000,25.00174700,30.37356665,27.15938407,539.40926699,2553.37306800,7912.94957600
6,492,0.685000,0.442000,107.32720193,0.00000000,201.69264182,469.00292478,0.00000000,0.00000000,94.69756566,107.32720193,101.68074366,1745.79450000,2553.37306800,9891.18696884
6,493,0.657000,0.419000,107.32720193,0.00000000,189.06117376,444.59779521,0.00000000,0.00000000,94.69756566,107.32720193,101.68074366,1745.79450000,2553.37306800,9891.18696884
6,494,0.584000,0.436000,107.32720193,0.00000000,156.12913202,462.63636924,0.00000000,0.00000000,94.69756566,107.32720193,101.68074366,1745.79450000,2553.37306800,9891.18696884
6,495,0.463000,0.495000,107.32720193,0.00000000,101.54314502,525.24083206,0.00000000,0.00000000,94.69756566,107.32720193,101.68074366,1745.79450000,2553.37306821,9891.18696768
6,496,0.302000,0.593000,107.32720193,0.00000000,28.91220364,629.22790588,0.00000000,0.00000000,94.69756566,107.32720193,101.68074366,1745.79450000,2553.37306800,9891.18697000
6,497,0.111000,0.705000,50.07474840,39.38773287,0.00000000,708.68254308,0.00000000,0.00000000,78.66539600,89.46248128,84.63531998,1492.48099468,2553.37306862,8455.98296918
6,498,0.000000,0.772000,0.00000000,107.32720193,0.00000000,711.83627756,0.00000000,0.00000000,94.69756566,107.32720193,101.68074366,1745.79450000,2553.37306841,9891.18697000
6,499,0.000000,0.779000,0.00000000,107.32720193,0.00000000,719.26392569,0.00000000,0.00000000,94.69756566,107.32720193,101.68074366,1745.79450000,2553.37306821,9891.18697000
6,500,0.000000,0.755000,0.00000000,107.32720193,0.00000000,693.79770353,0.00000000,0.00000000,94.69756566,107.32720193,101.68074366,1745.79450000,2553.37306800,9891.18697000
6,501,0.000000,0.798000,0.00000000,107.32720201,0.00000000,739.42468482,0.00000000,0.00000000,94.69756573,107.32720201,101.68074374,1745.79450143,2553.37306923,9891.18697000
6,502,0.000000,0.823000,0.00000000,107.32720193,0.00000000,765.95199965,0.00000000,0.00000000,94.69756566,107.32720193,101.68074366,1745.79450000,2553.37306903,9891.18697000
6,503,0.000000,0.812000,0.00000000,107.32720193,0.00000000,754.27998116,0.00000000,0.00000000,94.69756566,107.32720193,101.68074366,1745.79450000,2553.37306882,9891.18697000
6,504,0.000000,0.787000,0.00000000,107.32720193,0.00000000,727.75266641,0.00000000,0.00000000,94.69756566,107.32720193,101.68074366,1745.79450000,2553.37306862,9891.18697000
6,505,0.000000,0.734000,0.00000000,107.32720193,0.00000000,671.51475914,0.00000000,0.00000000,94.69756566,107.32720193,101.68074366,1745.79450000,2553.37306841,9891.18697000
6,506,0.000000,0.674000,0.00000000,107.32720193,0.00000000,607.84920374,0.00000000,0.00000000,94.69756566,107.32720193,101.68074366,1745.79450000,2553.37306821,9891.18697000
6,507,0.000000,0.590000,0.00000000,107.32720193,0.00000000,518.71742618,0.00000000,0.00000000,94.69756566,107.32720193,101.68074366,1745.79450000,2553.37306800,9891.18697000
6,508,0.000000,0.522000,0.00000000,107.32720195,0.00000000,446.56313003,0.00000000,0.00000000,94.69756569,107.32720195,101.68074369,1745.79450041,2553.37306821,9891.18697000
6,509,0.000000,0.471000,0.00000000,107.32720193,0.00000000,392.44740797,0.00000000,0.00000000,94.69756566,107.32720193,101.68074366,1745.79450000,2553.37306800,9891.18697000
6,510,0.000000,0.425000,0.00000000,107.32720193,0.00000000,343.63714883,0.00000000,0.00000000,94.69756566,107.32720193,101.68074366,1745.79450000,2553.37306800,9891.18696884
6,511,0.129000,0.593000,58.19497787,49.13222405,0.00000000,580.09568183,0.00000000,0.00000000,94.69756566,107.32720193,101.68074366,1745.79450000,2553.37306800,9891.18696884
6,512,0.325000,0.844000,107.32720193,0.00000000,39.28805241,895.56214597,0.00000000,0.00000000,94.69756566,107.32720193,101.68074366,1745.79450000,2553.37306800,9891.18696884
6,513,0.488000,0.882000,107.32720193,0.00000000,112.82124151,935.88366439,0.00000000,0.00000000,94.69756566,107.32720193,101.68074366,1745.79450000,2553.37306800,9891.18696884
6,514,0.598000,0.883000,107.32720193,0.00000000,162.44486605,936.94475698,0.00000000,0.00000000,94.69756566,107.32720193,101.68074366,1745.79450000,2553.37306800,9891.18696884
6,515,0.667000,0.877000,0.00000000,107.32720193,300.89961428,823.25099951,0.00000000,0.00000000,94.69756566,107.32720193,101.68074366,1745.79450000,2553.37306800,9891.18696884
6,516,0.685000,0.876000,107.32720193,0.00000000,201.69264182,929.51710885,0.00000000,0.00000000,94.69756566,107.32720193,101.68074366,1745.79450000,2553.37306800,9891.18696884
6,517,0.657000,0.882000,107.32720193,0.00000000,189.06117376,935.88366439,0.00000000,0.00000000,94.69756566,107.32720193,101.68074366,1745.79450000,2553.37306800,9891.18696884
6,518,0.583000,0.893000,107.32720193,0.00000000,155.67800816,947.55568288,0.00000000,0.00000000,94.69756566,107.32720193,101.68074366,1745.79450000,2553.37306800,9891.18696884
6,519,0.463000,0.910000,107.32720193,0.00000000,101.54314502,965.59425691,0.00000000,0.00000000,94.69756566,107.32720193,101.68074366,1745.79450000,2553.37306800,9891.18696884
6,520,0.298000,0.928000,107.32720192,0.00000000,27.10770820,984.69392353,0.00000000,0.00000000,94.69756566,107.32720192,101.68074366,1745.79450000,2553.37306903,9891.18696303
6,521,0.109000,0.939000,0.00000000,107.32720193,49.17250068,889.03874009,0.00000000,0.00000000,94.69756566,107.32720193,101.68074366,1745.79450000,2553.37306882,9891.18697000
6,522,0.000000,0.929000,0.00000000,107.32720193,0.00000000,878.42781419,0.00000000,0.00000000,94.69756566,107.32720193,101.68074366,1745.79450000,2553.37306862,9891.18697000
6,523,0.000000,0.914000,0.00000000,107.32720193,0.00000000,862.51142534,0.00000000,0.00000000,94.69756566,107.32720193,101.68074366,1745.79450000,2553.37306841,9891.18697000
6,524,0.000000,0.887000,0.00000000,107.32720193,0.00000000,833.86192541,0.00000000,0.00000000,94.69756566,107.32720193,101.68074366,1745.79450000,2553.37306821,9891.18697000
6,525,0.000000,0.846000,0.00000000,107.32720193,0.00000000,790.35712922,0.00000000,0.00000000,94.69756566,107.32720193,101.68074366,1745.79450000,2553.37306800,9891.18697000
6,526,0.000000,0.798000,0.00000000,107.32720193,0.00000000,739.42468490,0.00000000,0.00000000,94.69756566,107.32720193,101.68074366,1745.79450000,2553.37306800,9891.18696884
6,527,0.000000,0.729000,0.00000000,107.32720193,0.00000000,666.20929619,0.00000000,0.00000000,94.69756566,107.32720193,101.68074366,1745.79450000,2553.37306800,9891.18696884
6,528,0.000000,0.653000,0.00000000,107.32720193,0.00000000,585.56625935,0.00000000,0.00000000,94.69756566,107.32720193,101.68074366,1745.79450000,2553.37306800,9891.18696884
6,529,0.000000,0.528000,0.00000000,107.32720193,0.00000000,452.92968560,0.00000000,0.00000000,94.69756566,107.32720193,101.68074366,1745.79450000,2553.37306821,9891.18696768
6,530,0.000000,0.434000,0.00000000,107.32720193,0.00000000,353.18698214,0.00000000,0.00000000,94.69756566,107.32720193,101.68074366,1745.79450000,2553.37306800,9891.18697000
6,531,0.000000,0.343000,0.00000000,107.32720193,0.00000000,256.62755645,0.00000000,0.00000000,94.69756566,107.32720193,101.68074366,1745.79450000,2553.37306780,9891.18697000
6,532,0.000000,0.267000,0.00000000,107.32720198,0.00000000,175.98451955,0.00000000,0.00000000,94.69756571,107.32720198,101.68074371,1745.79450082,2553.37306841,9891.18697000
6,533,0.000000,0.245000,0.00000000,107.32720193,0.00000000,152.64048263,0.00000000,0.00000000,94.69756566,107.32720193,101.68074366,1745.79450000,2553.37306821,9891.18697000
6,534,0.000000,0.225000,0.00000000,107.32720193,0.00000000,131.41863083,0.00000000,0.00000000,94.69756566,107.32720193,101.68074366,1745.79450000,2553.37306800,9891.18697000
6,535,0.119000,0.351000,0.00000000,107.32720193,53.68373928,265.11629717,0.00000000,0.00000000,94.69756566,107.32720193,101.68074366,1745.79450000,2553.37306780,9891.18697000
6,536,0.313000,0.692000,107.32720193,0.00000000,33.87456610,734.27607229,0.00000000,0.00000000,94.69756566,107.32720193,101.68074366,1745.79450000,2553.37306800,9891.18696768
6,537,0.473000,0.793000,0.00000000,107.32720193,213.38158554,734.11922195,0.00000000,0.00000000,94.69756566,107.32720193,101.68074366,1745.79450000,2553.37306800,9891.18696884
6,538,0.575000,0.806000,107.32720192,0.00000000,152.06901728,855.24062755,0.00000000,0.00000000,94.69756566,107.32720192,101.68074366,1745.79450000,2553.37306862,9891.18696535
6,539,0.642000,0.801000,107.32720193,0.00000000,182.29431587,849.93516460,0.00000000,0.00000000,94.69756566,107.32720193,101.68074366,1745.79450000,2553.37306841,9891.18697000
6,540,0.669000,0.791000,107.32720193,0.00000000,194.47466007,839.32423870,0.00000000,0.00000000,94.69756566,107.32720193,101.68074366,1745.79450000,2553.37306821,9891.18697000
6,541,0.637000,0.786000,107.32720193,0.00000000,180.03869657,834.01877575,0.00000000,0.00000000,94.69756566,107.32720193,101.68074366,1745.79450000,2553.37306800,9891.18697000
6,542,0.557000,0.795000,107.32720193,0.00000000,143.94878781,843.56860906,0.00000000,0.00000000,94.69756566,107.32720193,101.68074366,1745.79450000,2553.37306800,9891.18696884
6,543,0.444000,0.802000,107.32720193,0.00000000,92.97179169,850.99625719,0.00000000,0.00000000,94.69756566,107.32720193,101.68074366,1745.79450000,2553.37306800,9891.18696884
6,544,0.270000,0.808000,107.32720193,0.00000000,14.47624014,857.36281273,0.00000000,0.00000000,94.69756566,107.32720193,101.68074366,1745.79450000,2553.37306800,9891.18696884
6,545,0.087000,0.817000,39.24777578,68.07942615,0.00000000,798.83321989,0.00000000,0.00000000,94.69756566,107.32720193,101.68074366,1745.79450000,2553.37306800,9891.18696884
6,546,0.000000,0.809000,0.00000000,107.32720193,0.00000000,751.09670339,0.00000000,0.00000000,94.69756566,107.32720193,101.68074366,1745.79450000,2553.37306780,9891.18697000
6,547,0.000000,0.785000,0.00000000,107.32720192,0.00000000,725.63048123,0.00000000,0.00000000,94.69756566,107.32720192,101.68074366,1745.79450000,2553.37306841,9891.18696535
6,548,0.000000,0.773000,0.00000000,107.32720193,0.00000000,712.89737015,0.00000000,0.00000000,94.69756566,107.32720193,101.68074366,1745.79450000,2553.37306821,9891.18697000
6,549,0.000000,0.744000,0.00000000,107.32720193,0.00000000,682.12568504,0.00000000,0.00000000,94.69756566,107.32720193,101.68074366,1745.79450000,2553.37306800,9891.18697000
6,550,0.000000,0.666000,0.00000000,107.32720192,0.00000000,599.36046302,0.00000000,0.00000000,94.69756566,107.32720192,101.68074366,1745.79450000,2553.37306841,9891.18696652
6,551,0.000000,0.578000,0.00000000,107.32720193,0.00000000,505.98431510,0.00000000,0.00000000,94.69756566,107.32720193,101.68074366,1745.79450000,2553.37306821,9891.18697000
6,552,0.000000,0.486000,0.00000000,107.32720193,0.00000000,408.36379682,0.00000000,0.00000000,94.69756566,107.32720193,101.68074366,1745.79450000,2553.37306800,9891.18697000
6,553,0.000000,0.413000,0.00000000,106.72863180,0.00000000,331.50260787,0.00000000,0.00000000,94.69756566,106.72863180,101.68074366,1745.79450000,2902.53196784,7912.94957600
6,554,0.000000,0.373000,0.00000000,89.89674197,0.00000000,305.89079410,0.00000000,0.00000000,78.66539600,89.89674197,84.63532017,1492.48104146,2649.21850909,9891.18697000
6,555,0.000000,0.333000,0.00000000,100.73209202,0.00000000,252.61174046,0.00000000,0.00000000,88.63152258,100.73209202,95.23131882,1649.94906014,2553.37306903,9891.18697000
6,556,0.000000,0.307000,0.00000000,107.32720193,0.00000000,218.42822321,0.00000000,0.00000000,94.69756566,107.32720193,101.68074366,1745.79450000,2553.37306882,9891.18697000
6,557,0.000000,0.309000,0.00000000,107.32720193,0.00000000,220.55040839,0.00000000,0.00000000,94.69756566,107.32720193,101.68074366,1745.79450000,2553.37306862,9891.18697000
6,558,0.000000,0.318000,0.00000000,107.32720193,0.00000000,230.10024170,0.00000000,0.00000000,94.69756566,107.32720193,101.68074366,1745.79450000,2553.37306841,9891.18697000
6,559,0.105000,0.491000,47.36800525,59.95919668,0.00000000,461.03726502,0.00000000,0.00000000,94.69756566,107.32720193,101.68074366,1745.79450000,2553.37306821,9891.18697000
6,560,0.299000,0.731000,107.32720193,0.00000000,27.55883206,775.65868330,0.00000000,0.00000000,94.69756566,107.32720193,101.68074366,1745.79450000,2553.37306800,9891.18697000
6,561,0.466000,0.745000,107.32720193,0.00000000,102.89651660,790.51397956,0.00000000,0.00000000,94.69756566,107.32720193,101.68074366,1745.79450000,2553.37306780,9891.18697000
6,562,0.580000,0.687000,107.32720193,0.00000000,154.32463658,728.97060934,0.00000000,0.00000000,94.69756566,107.32720193,101.68074366,1745.79450000,2553.37306759,9891.18697000
6,563,0.649000,0.607000,107.32720200,0.00000000,185.45218281,644.08320214,0.00000000,0.00000000,94.69756573,107.32720200,101.68074373,1745.79450102,2553.37306841,9891.18697000
6,564,0.677000,0.532000,107.32720193,0.00000000,198.08365095,564.50125789,0.00000000,0.00000000,94.69756566,107.32720193,101.68074366,1745.79450000,2553.37306821,9891.18697000
6,565,0.650000,0.488000,107.32720193,0.00000000,185.90330674,517.81318393,0.00000000,0.00000000,94.69756566,107.32720193,101.68074366,1745.79450000,2553.37306800,9891.18697000
6,566,0.580000,0.481000,107.32720197,0.00000000,154.32463654,510.38553580,0.00000000,0.00000000,94.69756570,107.32720197,101.68074370,1745.79450061,2553.37306841,9891.18697000
6,567,0.462000,0.501000,107.32720193,0.00000000,101.09202116,531.60738760,0.00000000,0.00000000,94.69756566,107.32720193,101.68074366,1745.79450000,2553.37306821,9891.18697000
6,568,0.292000,0.538000,107.32720193,0.00000000,24.40096505,570.86781343,0.00000000,0.00000000,94.69756566,107.32720193,101.68074366,1745.79450000,2553.37306800,9891.18697000
6,569,0.105000,0.578000,47.36800525,59.95919668,0.00000000,553.35232035,0.00000000,0.00000000,94.69756566,107.32720193,101.68074366,1745.79450000,2553.37306800,9891.18696884
6,570,0.000000,0.610000,0.00000000,107.32720193,0.00000000,539.93927798,0.00000000,0.00000000,94.69756566,107.32720193,101.68074366,1745.79450000,2553.37306780,9891.18697000
6,571,0.000000,0.644000,0.00000000,107.32720193,0.00000000,576.01642604,0.00000000,0.00000000,94.69756566,107.32720193,101.68074366,1745.79450000,2553.37306759,9891.18697000
6,572,0.000000,0.604000,0.00000000,107.32720193,0.00000000,533.57272244,0.00000000,0.00000000,94.69756566,107.32720193,101.68074366,1745.79450000,2553.37306739,9891.18697000
6,573,0.000000,0.587000,0.00000000,107.32720193,0.00000000,515.53414841,0.00000000,0.00000000,94.69756566,107.32720193,101.68074366,1745.79450000,2553.37306718,9891.18697000
6,574,0.000000,0.618000,0.00000000,107.32720219,0.00000000,548.42801843,0.00000000,0.00000000,94.69756591,107.32720219,101.68074392,1745.79450389,2553.37307087,9891.18697000
6,575,0.000000,0.637000,0.00000000,107.32720193,0.00000000,568.58877791,0.00000000,0.00000000,94.69756566,107.32720193,101.68074366,1745.79450000,2553.37307067,9891.18697000
6,576,0.000000,0.610000,0.00000000,107.32720193,0.00000000,539.93927798,0.00000000,0.00000000,94.69756566,107.32720193,101.68074366,1745.79450000,2553.37307046,9891.18697000
6,577,0.000000,0.575000,0.00000000,107.32720193,0.00000000,502.80103733,0.00000000,0.00000000,94.69756566,107.32720193,101.68074366,1745.79450000,2553.37307026,9891.18697000
6,578,0.000000,0.540000,0.00000000,107.32720193,0.00000000,465.66279668,0.00000000,0.00000000,94.69756566,107.32720193,101.68074366,1745.79450000,2553.37307005,9891.18697000
6,579,0.000000,0.514000,0.00000000,107.32720193,0.00000000,438.07438934,0.00000000,0.00000000,94.69756566,107.32720193,101.68074366,1745.79450000,2553.37306985,9891.18697000
6,580,0.000000,0.495000,0.00000000,107.32720193,0.00000000,417.91363013,0.00000000,0.00000000,94.69756566,107.32720193,101.68074366,1745.79450000,2553.37306964,9891.18697000
6,581,0.000000,0.459000,0.00000000,107.32720193,0.00000000,379.71429689,0.00000000,0.00000000,94.69756566,107.32720193,101.68074366,1745.79450000,2553.37306944,9891.18697000
6,582,0.000000,0.420000,0.00000000,107.32720193,0.00000000,338.33168588,0.00000000,0.00000000,94.69756566,107.32720193,101.68074366,1745.79450000,2553.37306923,9891.18697000
6,583,0.117000,0.526000,52.78149156,54.54571037,0.00000000,503.58899198,0.00000000,0.00000000,94.69756566,107.32720193,101.68074366,1745.79450000,2553.37306903,9891.18697000
6,584,0.308000,0.771000,107.32720193,0.00000000,31.61894680,818.10238690,0.00000000,0.00000000,94.69756566,107.32720193,101.68074366,1745.79450000,2553.37306882,9891.18697000
6,585,0.472000,0.735000,0.00000000,107.32720193,212.93046168,672.57585173,0.00000000,0.00000000,94.69756566,107.32720193,101.68074366,1745.79450000,2553.37306862,9891.18697000
6,586,0.607000,0.615000,107.32720193,0.00000000,166.50498078,652.57194286,0.00000000,0.00000000,94.69756566,107.32720193,101.68074366,1745.79450000,2553.37306841,9891.18697000
6,587,0.672000,0.476000,0.00000000,107.32720193,303.15523358,397.75287092,0.00000000,0.00000000,94.69756566,107.32720193,101.68074366,1745.79450000,2553.37306821,9891.18697000
6,588,0.689000,0.341000,107.32720193,0.00000000,203.49713726,361.83257319,0.00000000,0.00000000,94.69756566,107.32720193,101.68074366,1745.79450000,2553.37306800,9891.18697000
6,589,0.660000,0.247000,107.32720193,0.00000000,190.41454534,262.08986973,0.00000000,0.00000000,94.69756566,107.32720193,101.68074366,1745.79450000,2553.37306780,9891.18697000
6,590,0.587000,0.201000,0.00000000,107.32720193,264.80970552,105.95240867,0.00000000,0.00000000,94.69756566,107.32720193,101.68074366,1745.79450000,2553.37306759,9891.18697000
6,591,0.467000,0.195000,107.32720193,0.00000000,103.34764046,206.91305505,0.00000000,0.00000000,94.69756566,107.32720193,101.68074366,1745.79450000,2553.37306739,9891.18697000
6,592,0.302000,0.231000,107.32720193,0.00000000,28.91220364,245.11238829,0.00000000,0.00000000,94.69756566,107.32720193,101.68074366,1745.79450000,2553.37306718,9891.18697000
6,593,0.112000,0.324000,50.52587226,56.80132966,0.00000000,286.99266950,0.00000000,0.00000000,94.69756566,107.32720193,101.68074366,1745.79450000,2553.37306698,9891.18697000
6,594,0.000000,0.538000,0.00000000,107.32720202,0.00000000,463.54061141,0.00000000,0.00000000,94.69756574,107.32720202,101.68074375,1745.79450143,2553.37306821,9891.18697000
6,595,0.000000,0.697000,0.00000000,107.32720193,0.00000000,632.25433331,0.00000000,0.00000000,94.69756566,107.32720193,101.68074366,1745.79450000,2553.37306800,9891.18697000
6,596,0.000000,0.718000,0.00000000,107.32720201,0.00000000,654.53727762,0.00000000,0.00000000,94.69756574,107.32720201,101.68074374,1745.79450123,2553.37306903,9891.18697000
6,597,0.000000,0.793000,0.00000000,107.32720193,0.00000000,734.11922195,0.00000000,0.00000000,94.69756566,107.32720193,101.68074366,1745.79450000,2553.37306882,9891.18697000
6,598,0.000000,0.822000,0.00000000,107.32720193,0.00000000,764.89090706,0.00000000,0.00000000,94.69756566,107.32720193,101.68074366,1745.79450000,2553.37306862,9891.18697000
6,599,0.000000,0.815000,0.00000000,107.32720193,0.00000000,757.46325893,0.00000000,0.00000000,94.69756566,107.32720193,101.68074366,1745.79450000,2553.37306841,9891.18697000
6,600,0.000000,0.772000,0.00000000,107.32720193,0.00000000,711.83627756,0.00000000,0.00000000,94.69756566,107.32720193,101.68074366,1745.79450000,2553.37306821,9891.18697000
6,601,0.000000,0.721000,0.00000000,107.32720193,0.00000000,657.72055547,0.00000000,0.00000000,94.69756566,107.32720193,101.68074366,1745.79450000,2553.37306800,9891.18697000
6,602,0.000000,0.669000,0.00000000,107.32720193,0.00000000,602.54374079,0.00000000,0.00000000,94.69756566,107.32720193,101.68074366,1745.79450000,2553.37306780,9891.18697000
6,603,0.000000,0.615000,0.00000000,107.32720193,0.00000000,545.24474093,0.00000000,0.00000000,94.69756566,107.32720193,101.68074366,1745.79450000,2553.37306759,9891.18697000
6,604,0.000000,0.583000,0.00000000,107.32720193,0.00000000,511.28977805,0.00000000,0.00000000,94.69756566,107.32720193,101.68074366,1745.79450000,2553.37306739,9891.18697000
6,605,0.000000,0.568000,0.00000000,107.32720193,0.00000000,495.37338920,0.00000000,0.00000000,94.69756566,107.32720193,101.68074366,1745.79450000,2553.37306718,9891.18697000
6,606,0.000000,0.505000,0.00000000,107.32720193,0.00000000,428.52455603,0.00000000,0.00000000,94.69756566,107.32720193,101.68074366,1745.79450000,2553.37306698,9891.18697000
6,607,0.131000,0.635000,59.09722559,48.22997644,0.00000000,625.56381822,0.00000000,0.00000000,94.69756575,107.32720203,101.68074376,1745.79450164,2553.37306841,9891.18697000
6,608,0.331000,0.791000,0.00000000,107.32720193,149.32199749,731.99703677,0.00000000,0.00000000,94.69756566,107.32720193,101.68074366,1745.79450000,2553.37306821,9891.18697000
6,609,0.497000,0.700000,107.32720193,0.00000000,116.88135624,742.76481301,0.00000000,0.00000000,94.69756566,107.32720193,101.68074366,1745.79450000,2553.37306800,9891.18697000
6,610,0.613000,0.557000,107.32720193,0.00000000,169.21172394,591.02857264,0.00000000,0.00000000,94.69756566,107.32720193,101.68074366,1745.79450000,2553.37306800,9891.18696884
6,611,0.677000,0.429000,107.32720193,0.00000000,198.08365095,455.20872111,0.00000000,0.00000000,94.69756566,107.32720193,101.68074366,1745.79450000,2553.37306780,9891.18697000
6,612,0.694000,0.323000,107.32720193,0.00000000,205.75275656,342.73290657,0.00000000,0.00000000,94.69756566,107.32720193,101.68074366,1745.79450000,2553.37306759,9891.18697000
6,613,0.666000,0.251000,107.32720193,0.00000000,193.12128849,266.33424009,0.00000000,0.00000000,94.69756566,107.32720193,101.68074366,1745.79450000,2553.37306739,9891.18697000
6,614,0.594000,0.201000,107.32720193,0.00000000,160.64037061,213.27961059,0.00000000,0.00000000,94.69756566,107.32720193,101.68074366,1745.79450000,2553.37306718,9891.18697000
6,615,0.474000,0.182000,107.32720192,0.00000000,106.50550747,193.11885138,0.00000000,0.00000000,94.69756566,107.32720192,101.68074366,1745.79450000,2553.37306841,9891.18696187
6,616,0.306000,0.192000,107.32720193,0.00000000,30.71669908,203.72977728,0.00000000,0.00000000,94.69756566,107.32720193,101.68074366,1745.79450000,2553.37306821,9891.18697000
6,617,0.106000,0.249000,47.81912911,59.50807282,0.00000000,204.70398209,0.00000000,0.00000000,94.69756566,107.32720193,101.68074366,1745.79450000,2553.37306800,9891.18697000
6,618,0.000000,0.452000,0.00000000,107.32720192,0.00000000,372.28664876,0.00000000,0.00000000,94.69756566,107.32720192,101.68074366,1745.79450000,2553.37306862,9891.18696535
6,619,0.000000,0.672000,0.00000000,107.32720193,0.00000000,605.72701856,0.00000000,0.00000000,94.69756566,107.32720193,101.68074366,1745.79450000,2553.37306841,9891.18697000
6,620,0.000000,0.829000,0.00000000,107.32720193,0.00000000,772.31855519,0.00000000,0.00000000,94.69756566,107.32720193,101.68074366,1745.79450000,2553.37306821,9891.18697000
6,621,0.000000,0.893000,0.00000000,107.32720193,0.00000000,840.22848095,0.00000000,0.00000000,94.69756566,107.32720193,101.68074366,1745.79450000,2553.37306800,9891.18697000
6,622,0.000000,0.879000,0.00000000,106.72863180,0.00000000,825.97175482,0.00000000,0.00000000,94.69756566,106.72863180,101.68074366,1745.79450000,2902.53196784,7912.94957600
6,623,0.000000,0.837000,0.00000000,107.32720193,0.00000000,780.80729591,0.00000000,0.00000000,94.69756566,107.32720193,101.68074366,1745.79450000,2902.53196763,9891.18697000
6,624,0.000000,0.772000,0.00000000,106.72863180,0.00000000,712.43484769,0.00000000,0.00000000,94.69756566,106.72863180,101.68074366,1745.79450000,3251.69086747,7912.94957600
6,625,0.000000,0.697000,0.00000000,107.32720193,0.00000000,632.25433331,0.00000000,0.00000000,94.69756566,107.32720193,101.68074366,1745.79450000,3251.69086726,9891.18697000
6,626,0.000000,0.620000,0.00000000,89.89674197,0.00000000,567.98066383,0.00000000,0.00000000,78.66539600,89.89674197,84.63532017,1492.48104146,2998.37740851,9891.18697000
6,627,0.000000,0.518000,0.00000000,107.22156110,0.00000000,442.42440052,0.00000000,0.00000000,94.69756566,107.22156110,101.68074366,1745.79450000,3059.99998591,9542.05055300
6,628,0.000000,0.476000,0.00000000,107.32720193,0.00000000,397.75287092,0.00000000,0.00000000,94.69756566,107.32720193,101.68074366,1745.79450000,3059.99998570,9891.18697000
6,629,0.000000,0.442000,0.00000000,89.89674197,0.00000000,379.10618281,0.00000000,0.00000000,78.66539600,89.89674197,84.63532017,1492.48104146,2806.68652696,9891.18697000
6,630,0.000000,0.441000,0.00000000,89.89674197,0.00000000,378.04509022,0.00000000,0.00000000,78.66539600,89.89674197,84.63532017,1492.48104146,2553.37306821,9891.18697000
6,631,0.134000,0.644000,60.45059717,46.87660475,0.00000000,636.46702321,0.00000000,0.00000000,94.69756566,107.32720193,101.68074366,1745.79450000,2553.37306800,9891.18697000
6,632,0.330000,0.824000,107.32720193,0.00000000,41.54367171,874.34029417,0.00000000,0.00000000,94.69756566,107.32720193,101.68074366,1745.79450000,2553.37306780,9891.18697000
6,633,0.492000,0.792000,107.32720193,0.00000000,114.62573694,840.38533129,0.00000000,0.00000000,94.69756566,107.32720193,101.68074366,1745.79450000,2553.37306800,9891.18696768
6,634,0.599000,0.717000,107.32720193,0.00000000,162.89598991,760.80338704,0.00000000,0.00000000,94.69756566,107.32720193,101.68074366,1745.79450000,2553.37306780,9891.18697000
6,635,0.661000,0.633000,107.32720200,0.00000000,190.86566913,671.67160948,0.00000000,0.00000000,94.69756572,107.32720200,101.68074373,1745.79450123,2553.37306882,9891.18697000
6,636,0.638000,0.558000,107.32720193,0.00000000,180.48982043,592.08966523,0.00000000,0.00000000,94.69756566,107.32720193,101.68074366,1745.79450000,2553.37306862,9891.18697000
6,637,0.617000,0.525000,107.32720193,0.00000000,171.01621938,557.07360976,0.00000000,0.00000000,94.69756566,107.32720193,101.68074366,1745.79450000,2553.37306841,9891.18697000
6,638,0.531000,0.519000,107.32720193,0.00000000,132.21956746,550.70705422,0.00000000,0.00000000,94.69756566,107.32720193,101.68074366,1745.79450000,2553.37306821,9891.18697000
6,639,0.426000,0.550000,107.32720193,0.00000000,84.85156222,583.60092451,0.00000000,0.00000000,94.69756566,107.32720193,101.68074366,1745.79450000,2553.37306800,9891.18697000
6,640,0.269000,0.624000,0.00000000,107.32720193,121.35231820,554.79457424,0.00000000,0.00000000,94.69756566,107.32720193,101.68074366,1745.79450000,2553.37306780,9891.18697000
6,641,0.091000,0.739000,41.05227121,66.27493071,0.00000000,717.87249331,0.00000000,0.00000000,94.69756566,107.32720193,101.68074366,1745.79450000,2553.37306759,9891.18697000
6,642,0.000000,0.836000,0.00000000,107.32720192,0.00000000,779.74620332,0.00000000,0.00000000,94.69756566,107.32720192,101.68074366,1745.79450000,2553.37306800,9891.18696652
6,643,0.000000,0.900000,0.00000000,107.32720193,0.00000000,847.65612908,0.00000000,0.00000000,94.69756566,107.32720193,101.68074366,1745.79450000,2553.37306800,9891.18696884
6,644,0.000000,0.914000,0.00000000,107.32720193,0.00000000,862.51142534,0.00000000,0.00000000,94.69756566,107.32720193,101.68074366,1745.79450000,2553.37306800,9891.18696884
6,645,0.000000,0.914000,0.00000000,107.32720193,0.00000000,862.51142534,0.00000000,0.00000000,94.69756566,107.32720193,101.68074366,1745.79450000,2553.37306800,9891.18696884
6,646,0.000000,0.872000,0.00000000,107.32720193,0.00000000,817.94553656,0.00000000,0.00000000,94.69756566,107.32720193,101.68074366,1745.79450000,2553.37306800,9891.18696884
6,647,0.000000,0.853000,0.00000000,107.32720193,0.00000000,797.78477735,0.00000000,0.00000000,94.69756566,107.32720193,101.68074366,1745.79450000,2553.37306800,9891.18696884
6,648,0.000000,0.822000,0.00000000,107.32720193,0.00000000,764.89090706,0.00000000,0.00000000,94.69756566,107.32720193,101.68074366,1745.79450000,2553.37306800,9891.18696884
6,649,0.000000,0.791000,0.00000000,107.32720193,0.00000000,731.99703677,0.00000000,0.00000000,94.69756566,107.32720193,101.68074366,1745.79450000,2553.37306800,9891.18696884
6,650,0.000000,0.752000,0.00000000,107.32720193,0.00000000,690.61442576,0.00000000,0.00000000,94.69756566,107.32720193,101.68074366,1745.79450000,2553.37306800,9891.18696884
6,651,0.000000,0.708000,0.00000000,107.32720193,0.00000000,643.92635180,0.00000000,0.00000000,94.69756566,107.32720193,101.68074366,1745.79450000,2553.37306800,9891.18696884
6,652,0.000000,0.661000,0.00000000,107.32720193,0.00000000,594.05500007,0.00000000,0.00000000,94.69756566,107.32720193,101.68074366,1745.79450000,2553.37306800,9891.18696884
6,653,0.000000,0.599000,0.00000000,107.32720194,0.00000000,528.26725948,0.00000000,0.00000000,94.69756567,107.32720194,101.68074367,1745.79450020,2553.37306800,9891.18697000
6,654,0.000000,0.481000,0.00000000,107.32720192,0.00000000,403.05833387,0.00000000,0.00000000,94.69756566,107.32720192,101.68074366,1745.79450000,2553.37306841,9891.18696652
6,655,0.147000,0.626000,66.31520734,41.01199458,0.00000000,623.23196677,0.00000000,0.00000000,94.69756566,107.32720193,101.68074366,1745.79450000,2553.37306821,9891.18697000
6,656,0.350000,0.781000,107.32720193,0.00000000,50.56614890,828.71331280,0.00000000,0.00000000,94.69756566,107.32720193,101.68074366,1745.79450000,2553.37306800,9891.18697000
6,657,0.514000,0.752000,107.32720194,0.00000000,124.55046184,797.94162769,0.00000000,0.00000000,94.69756567,107.32720194,101.68074367,1745.79450020,2553.37306800,9891.18697000
6,658,0.622000,0.675000,106.89294157,0.00000000,173.70609903,716.23749826,0.00000000,0.00000000,94.69756566,106.89294157,101.68074366,1745.79450000,2806.68652675,8455.98323655
6,659,0.681000,0.602000,89.89674197,0.00000000,217.31860634,638.77773919,0.00000000,0.00000000,78.66539600,89.89674197,84.63532017,1492.48104146,2553.37306800,9891.18697000
6,660,0.696000,0.556000,89.46248162,0.00000000,224.51972459,589.96748005,0.00000000,0.00000000,78.66539600,89.46248162,84.63532017,1492.48104146,2553.37306800,8455.98323771
6,661,0.661000,0.534000,107.32720193,0.00000000,190.86566920,566.62344307,0.00000000,0.00000000,94.69756566,107.32720193,101.68074366,1745.79450000,2553.37306800,9891.18696884
6,662,0.558000,0.524000,107.32720193,0.00000000,144.39991167,556.01251717,0.00000000,0.00000000,94.69756566,107.32720193,101.68074366,1745.79450000,2553.37306800,9891.18696884
6,663,0.461000,0.540000,107.32720193,0.00000000,100.64089730,572.98999861,0.00000000,0.00000000,94.69756566,107.32720193,101.68074366,1745.79450000,2553.37306800,9891.18696884
6,664,0.281000,0.590000,107.32720193,0.00000000,19.43860259,626.04462811,0.00000000,0.00000000,94.69756566,107.32720193,101.68074366,1745.79450000,2553.37306800,9891.18696884
6,665,0.092000,0.668000,0.00000000,107.32720193,41.50339507,601.48264820,0.00000000,0.00000000,94.69756566,107.32720193,101.68074366,1745.79450000,2553.37306780,9891.18697000
6,666,0.000000,0.741000,0.00000000,107.32720195,0.00000000,678.94240725,0.00000000,0.00000000,94.69756568,107.32720195,101.68074368,1745.79450041,2553.37306800,9891.18697000
6,667,0.000000,0.833000,0.00000000,107.32720193,0.00000000,776.56292555,0.00000000,0.00000000,94.69756566,107.32720193,101.68074366,1745.79450000,2553.37306800,9891.18696884
6,668,0.000000,0.885000,0.00000000,107.32720193,0.00000000,831.73974023,0.00000000,0.00000000,94.69756566,107.32720193,101.68074366,1745.79450000,2553.37306800,9891.18696884
6,669,0.000000,0.906000,0.00000000,107.32720193,0.00000000,854.02268462,0.00000000,0.00000000,94.69756566,107.32720193,101.68074366,1745.79450000,2553.37306800,9891.18696884
6,670,0.000000,0.892000,0.00000000,107.32720193,0.00000000,839.16738836,0.00000000,0.00000000,94.69756566,107.32720193,101.68074366,1745.79450000,2553.37306780,9891.18697000
6,671,0.000000,0.865000,0.00000000,107.32720193,0.00000000,810.51788843,0.00000000,0.00000000,94.69756566,107.32720193,101.68074366,1745.79450000,2553.37306759,9891.18697000
6,672,0.000000,0.829000,0.00000000,107.32720192,0.00000000,772.31855519,0.00000000,0.00000000,94.69756566,107.32720192,101.68074366,1745.79450000,2553.37306800,9891.18696652
6,673,0.000000,0.796000,0.00000000,89.46248162,0.00000000,755.16722003,0.00000000,0.00000000,78.66539600,89.46248162,84.63532017,1492.48104146,2553.37306821,8455.98323655
6,674,0.000000,0.746000,0.00000000,107.32720193,0.00000000,684.24787022,0.00000000,0.00000000,94.69756566,107.32720193,101.68074366,1745.79450000,2553.37306800,9891.18697000
6,675,0.000000,0.689000,0.00000000,107.32720193,0.00000000,623.76559259,0.00000000,0.00000000,94.69756566,107.32720193,101.68074366,1745.79450000,2553.37306800,9891.18696884
6,676,0.000000,0.618000,0.00000000,106.91631702,0.00000000,548.83890360,0.00000000,0.00000000,94.69756566,106.91631702,101.68074366,1745.79450000,2793.05111854,8533.23767398
6,677,0.000000,0.536000,0.00000000,106.72863180,0.00000000,462.01699645,0.00000000,0.00000000,94.69756566,106.72863180,101.68074366,1745.79450000,3142.21001838,7912.94957600
6,678,0.000000,0.446000,0.00000000,106.72863180,0.00000000,366.51866334,0.00000000,0.00000000,94.69756566,106.72863180,101.68074366,1745.79450000,3491.36891822,7912.94957600
6,679,0.149000,0.644000,67.21745506,5.72591834,0.00000000,677.61770962,0.00000000,0.00000000,63.67817400,72.94337341,68.65710075,1244.73168631,3339.46500436,7912.94957600
6,680,0.353000,0.852000,106.72863180,0.00000000,52.51809060,904.05088669,0.00000000,0.00000000,94.69756566,106.72863180,101.68074366,1745.79450000,3688.62390420,7912.94957600
6,681,0.514000,0.868000,106.72863180,0.00000000,125.14903198,921.02836813,0.00000000,0.00000000,94.69756566,106.72863180,101.68074366,1745.79450000,4037.78280404,7912.94957600
6,682,0.624000,0.846000,106.72863180,0.00000000,174.77265652,897.68433115,0.00000000,0.00000000,94.69756566,106.72863180,101.68074366,1745.79450000,4386.94170387,7912.94957600
6,683,0.688000,0.808000,106.72863180,0.00000000,203.64458353,857.36281273,0.00000000,0.00000000,94.69756566,106.72863180,101.68074366,1745.79450000,4736.10060371,7912.94957600
6,684,0.710000,0.748000,106.72863180,0.00000000,213.56930844,793.69725733,0.00000000,0.00000000,94.69756566,106.72863180,101.68074366,1745.79450000,5085.25950354,7912.94957600
6,685,0.683000,0.685000,106.72863180,0.00000000,201.38896423,726.84842416,0.00000000,0.00000000,94.69756566,106.72863180,101.68074366,1745.79450000,5434.41840338,7912.94957600
6,686,0.612000,0.647000,106.72863180,0.00000000,169.35917021,686.52690574,0.00000000,0.00000000,94.69756566,106.72863180,101.68074366,1745.79450000,5783.57730322,7912.94957600
6,687,0.493000,0.657000,106.72863180,0.00000000,115.67543093,697.13783164,0.00000000,0.00000000,94.69756566,106.72863180,101.68074366,1745.79450000,6132.73620305,7912.94957600
6,688,0.324000,0.708000,106.72863180,0.00000000,39.43549867,751.25355373,0.00000000,0.00000000,94.69756566,106.72863180,101.68074366,1745.79450000,6481.89510289,7912.94957600
6,689,0.125000,0.776000,56.39048244,50.33814936,0.00000000,773.06970048,0.00000000,0.00000000,94.69756566,106.72863180,101.68074366,1745.79450000,6831.05400272,7912.94957600
6,690,0.000000,0.814000,0.00000000,106.72863180,0.00000000,757.00073647,0.00000000,0.00000000,94.69756566,106.72863180,101.68074366,1745.79450000,7180.21290256,7912.94957600
6,691,0.000000,0.847000,0.00000000,106.72863180,0.00000000,792.01679194,0.00000000,0.00000000,94.69756566,106.72863180,101.68074366,1745.79450000,7529.37180240,7912.94957600
6,692,0.000000,0.874000,0.00000000,106.72863180,0.00000000,820.66629187,0.00000000,0.00000000,94.69756566,106.72863180,101.68074366,1745.79450000,7878.53070223,7912.94957600
6,693,0.000000,0.902000,0.00000000,106.72863180,0.00000000,850.37688439,0.00000000,0.00000000,94.69756566,106.72863180,101.68074366,1745.79450000,8227.68960207,7912.94957600
6,694,0.000000,0.890000,0.00000000,106.72863180,0.00000000,837.64377331,0.00000000,0.00000000,94.69756566,106.72863180,101.68074366,1745.79450000,8576.84850190,7912.94957600
6,695,0.000000,0.841000,0.00000000,106.72863180,0.00000000,785.65023640,0.00000000,0.00000000,94.69756566,106.72863180,101.68074366,1745.79450000,8926.00740174,7912.94957600
6,696,0.000000,0.782000,0.00000000,106.72863180,0.00000000,723.04577359,0.00000000,0.00000000,94.69756566,106.72863180,101.68074366,1745.79450000,9275.16630158,7912.94957600
6,697,0.000000,0.713000,0.00000000,106.72863180,0.00000000,649.83038488,0.00000000,0.00000000,94.69756566,106.72863180,101.68074366,1745.79450000,9624.32520141,7912.94957600
6,698,0.000000,0.668000,0.00000000,106.72863180,0.00000000,602.08121833,0.00000000,0.00000000,94.69756566,106.72863180,101.68074366,1745.79450000,9973.48410125,7912.94957600
6,699,0.000000,0.603000,0.00000000,106.72863180,0.00000000,533.11019998,0.00000000,0.00000000,94.69756566,106.72863180,101.68074366,1745.79450000,10322.64300108,7912.94957600
6,700,0.000000,0.544000,0.00000000,106.72863180,0.00000000,470.50573717,0.00000000,0.00000000,94.69756566,106.72863180,101.68074366,1745.79450000,10671.80190092,7912.94957600
6,701,0.000000,0.465000,0.00000000,106.72863180,0.00000000,386.67942255,0.00000000,0.00000000,94.69756566,106.72863180,101.68074366,1745.79450000,11020.96080076,7912.94957600
6,702,0.000000,0.432000,0.00000000,106.72863180,0.00000000,351.66336708,0.00000000,0.00000000,94.69756566,106.72863180,101.68074366,1745.79450000,11370.11970059,7912.94957600
6,703,0.138000,0.605000,62.25509261,44.47353919,0.00000000,597.48747777,0.00000000,0.00000000,94.69756566,106.72863180,101.68074366,1745.79450000,11719.27860043,7912.94957600
6,704,0.343000,0.802000,106.72863180,0.00000000,48.00685200,850.99625719,0.00000000,0.00000000,94.69756566,106.72863180,101.68074366,1745.79450000,12068.43750026,7912.94957600
6,705,0.513000,0.791000,106.72863180,0.00000000,124.69790812,839.32423870,0.00000000,0.00000000,94.69756566,106.72863180,101.68074366,1745.79450000,12417.59640010,7912.94957600
6,706,0.631000,0.712000,106.72863180,0.00000000,177.93052354,755.49792409,0.00000000,0.00000000,94.69756566,106.72863180,101.68074366,1745.79450000,12766.75529994,7912.94957600
6,707,0.696000,0.613000,106.72863180,0.00000000,207.25357440,650.44975768,0.00000000,0.00000000,94.69756566,106.72863180,101.68074366,1745.79450000,13115.91419977,7912.94957600
6,708,0.712000,0.510000,106.72863180,0.00000000,214.47155616,541.15722091,0.00000000,0.00000000,94.69756566,106.72863180,101.68074366,1745.79450000,13465.07309961,7912.94957600
6,709,0.682000,0.427000,106.72863180,0.00000000,200.93784037,453.08653593,0.00000000,0.00000000,94.69756566,106.72863180,101.68074366,1745.79450000,13814.23199944,7912.94957600
6,710,0.608000,0.383000,106.72863180,0.00000000,167.55467477,406.39846197,0.00000000,0.00000000,94.69756566,106.72863180,101.68074366,1745.79450000,14163.39089928,7912.94957600
6,711,0.482000,0.396000,106.72863180,0.00000000,110.71306847,420.19266564,0.00000000,0.00000000,94.69756566,106.72863180,101.68074366,1745.79450000,14512.54979912,7912.94957600
6,712,0.302000,0.447000,106.72863180,0.00000000,29.51077377,474.30838773,0.00000000,0.00000000,94.69756566,106.72863180,101.68074366,1745.79450000,14861.70869895,7912.94957600
6,713,0.101000,0.529000,45.56350981,61.16512199,0.00000000,500.15285812,0.00000000,0.00000000,94.69756566,106.72863180,101.68074366,1745.79450000,15210.86759879,7912.94957600
6,714,0.000000,0.629000,0.00000000,106.72863180,0.00000000,560.69860732,0.00000000,0.00000000,94.69756566,106.72863180,101.68074366,1745.79450000,15560.02649862,7912.94957600
6,715,0.000000,0.712000,0.00000000,106.72863180,0.00000000,648.76929229,0.00000000,0.00000000,94.69756566,106.72863180,101.68074366,1745.79450000,15909.18539846,7912.94957600
6,716,0.000000,0.755000,0.00000000,106.72863180,0.00000000,694.39627366,0.00000000,0.00000000,94.69756566,106.72863180,101.68074366,1745.79450000,16258.34429830,7912.94957600
6,717,0.000000,0.815000,0.00000000,106.72863180,0.00000000,758.06182906,0.00000000,0.00000000,94.69756566,106.72863180,101.68074366,1745.79450000,16607.50319813,7912.94957600
6,718,0.000000,0.838000,0.00000000,106.72863180,0.00000000,782.46695863,0.00000000,0.00000000,94.69756566,106.72863180,101.68074366,1745.79450000,16956.66209797,7912.94957600
6,719,0.000000,0.817000,0.00000000,106.72863180,0.00000000,760.18401424,0.00000000,0.00000000,94.69756566,106.72863180,101.68074366,1745.79450000,17305.82099780,7912.94957600
6,720,0.000000,0.788000,0.00000000,106.72863180,0.00000000,729.41232913,0.00000000,0.00000000,94.69756566,106.72863180,101.68074366,1745.79450000,17654.97989764,7912.94957600
6,721,0.000000,0.737000,0.00000000,106.72863180,0.00000000,675.29660704,0.00000000,0.00000000,94.69756566,106.72863180,101.68074366,1745.79450000,18004.13879748,7912.94957600
6,722,0.000000,0.682000,0.00000000,106.72863180,0.00000000,616.93651459,0.00000000,0.00000000,94.69756566,106.72863180,101.68074366,1745.79450000,18353.29769731,7912.94957600
6,723,0.000000,0.615000,0.00000000,106.72863180,0.00000000,545.84331106,0.00000000,0.00000000,94.69756566,106.72863180,101.68074366,1745.79450000,18702.45659715,7912.94957600
6,724,0.000000,0.528000,0.00000000,106.72863180,0.00000000,453.52825573,0.00000000,0.00000000,94.69756566,106.72863180,101.68074366,1745.79450000,19051.61549698,7912.94957600
6,725,0.000000,0.457000,0.00000000,106.72863180,0.00000000,378.19068183,0.00000000,0.00000000,94.69756566,106.72863180,101.68074366,1745.79450000,19400.77439682,7912.94957600
6,726,0.000000,0.365000,0.00000000,106.72863180,0.00000000,280.57016355,0.00000000,0.00000000,94.69756566,106.72863180,101.68074366,1745.79450000,19749.93329666,7912.94957600
6,727,0.147000,0.491000,66.31520734,40.41342446,0.00000000,480.58303724,0.00000000,0.00000000,94.69756566,106.72863180,101.68074366,1745.79450000,20099.09219649,7912.94957600
6,728,0.354000,0.707000,106.72863180,0.00000000,52.96921446,750.19246114,0.00000000,0.00000000,94.69756566,106.72863180,101.68074366,1745.79450000,20448.25109633,7912.94957600
6,729,0.522000,0.618000,0.00000000,106.72863180,235.48665465,549.02658883,0.00000000,0.00000000,94.69756566,106.72863180,101.68074366,1745.79450000,20797.40999616,7912.94957600
6,730,0.638000,0.476000,106.72863180,0.00000000,181.08839055,505.08007285,0.00000000,0.00000000,94.69756566,106.72863180,101.68074366,1745.79450000,21146.56889600,7912.94957600
6,731,0.702000,0.354000,106.72863180,0.00000000,209.96031746,375.62677686,0.00000000,0.00000000,94.69756566,106.72863180,101.68074366,1745.79450000,21495.72779584,7912.94957600
6,732,0.719000,0.255000,106.72863180,0.00000000,217.62942317,270.57861045,0.00000000,0.00000000,94.69756566,106.72863180,101.68074366,1745.79450000,21844.88669567,7912.94957600
6,733,0.692000,0.192000,106.72863180,0.00000000,205.44907897,203.72977728,0.00000000,0.00000000,94.69756566,106.72863180,101.68074366,1745.79450000,22194.04559551,7912.94957600
6,734,0.619000,0.164000,106.72863180,0.00000000,172.51703722,174.01918476,0.00000000,0.00000000,94.69756566,106.72863180,101.68074366,1745.79450000,22543.20449534,7912.94957600
6,735,0.499000,0.176000,106.72863180,0.00000000,118.38217408,186.75229584,0.00000000,0.00000000,94.69756566,106.72863180,101.68074366,1745.79450000,22892.36339518,7912.94957600
6,736,0.329000,0.225000,106.72863180,0.00000000,41.69111797,238.74583275,0.00000000,0.00000000,94.69756566,106.72863180,101.68074366,1745.79450000,23241.52229502,7912.94957600
6,737,0.128000,0.325000,57.74385401,48.98477779,0.00000000,295.87031397,0.00000000,0.00000000,94.69756566,106.72863180,101.68074366,1745.79450000,23590.68119485,7912.94957600
6,738,0.000000,0.531000,0.00000000,106.72863180,0.00000000,456.71153350,0.00000000,0.00000000,94.69756566,106.72863180,101.68074366,1745.79450000,23939.84009469,7912.94957600
6,739,0.000000,0.697000,0.00000000,106.72863180,0.00000000,632.85290344,0.00000000,0.00000000,94.69756566,106.72863180,101.68074366,1745.79450000,24288.99899452,7912.94957600
6,740,0.000000,0.801000,0.00000000,106.72863180,0.00000000,743.20653280,0.00000000,0.00000000,94.69756566,106.72863180,101.68074366,1745.79450000,24638.15789436,7912.94957600
6,741,0.000000,0.849000,0.00000000,106.72863180,0.00000000,794.13897712,0.00000000,0.00000000,94.69756566,106.72863180,101.68074366,1745.79450000,24987.31679420,7912.94957600
6,742,0.000000,0.845000,0.00000000,106.72863180,0.00000000,789.89460676,0.00000000,0.00000000,94.69756566,106.72863180,101.68074366,1745.79450000,25336.47569403,7912.94957600
6,743,0.000000,0.826000,0.00000000,106.72863180,0.00000000,769.73384755,0.00000000,0.00000000,94.69756566,106.72863180,101.68074366,1745.79450000,25685.63459387,7912.94957600
6,744,0.000000,0.799000,0.00000000,72.94337341,0.00000000,774.86960601,0.00000000,0.00000000,63.67817400,72.94337341,68.65710075,1244.73168631,25533.73068001,7912.94957600
