# Auto-generated from Stage-2 baselines using the SAME rounded reference design.
data;

param BASE_P2A :=
  [3,1,1] 106.7286318007
  [3,1,2] 106.7286318007
  [3,1,3] 106.7286318007
  [3,1,4] 87.2092800000
  [3,1,5] 62.7580800000
  [3,1,6] 48.9024000000
  [3,1,7] 59.4979200000
  [3,1,8] 83.1340800000
  [3,1,9] 98.6198400000
  [3,1,10] 106.7286318007
  [3,1,11] 106.7286318007
  [3,1,12] 106.7286318007
  [3,1,13] 106.7286318007
  [3,1,14] 106.7286318007
  [3,1,15] 106.7286318007
  [3,1,16] 106.7286318007
  [3,1,17] 106.7286318007
  [3,1,18] 107.3272019258
  [3,1,19] 106.7286318007
  [3,1,20] 106.7286318007
  [3,1,21] 106.7286318007
  [3,1,22] 106.7286318007
  [3,1,23] 106.7286318007
  [3,1,24] 106.7286318007
  [3,1,25] 106.7286318007
  [3,1,26] 106.7286318007
  [3,1,27] 106.7286318007
  [3,1,28] 106.7286318007
  [3,1,29] 106.7286318007
  [3,1,30] 106.7286318007
  [3,1,31] 98.6198400000
  [3,1,32] 78.6513600000
  [3,1,33] 64.3881600000
  [3,1,34] 79.4200400000
  [3,1,35] 106.7286318007
  [3,1,36] 106.7286318007
  [3,1,37] 106.7286318007
  [3,1,38] 106.7286318007
  [3,1,39] 106.7286318007
  [3,1,40] 106.7286318007
  [3,1,41] 106.7286318007
  [3,1,42] 106.7286318007
  [3,1,43] 106.7286318007
  [3,1,44] 106.7286318007
  [3,1,45] 106.7286318007
  [3,1,46] 106.7286318007
  [3,1,47] 106.7286318007
  [3,1,48] 106.7286318007
  [3,1,49] 106.7286318007
  [3,1,50] 106.7286318007
  [3,1,51] 106.7286318007
  [3,1,52] 106.7286318007
  [3,1,53] 107.3272019258
  [3,1,54] 103.9176000000
  [3,1,55] 101.0649600000
  [3,1,56] 95.7672000000
  [3,1,57] 95.5957200000
  [3,1,58] 107.3272019258
  [3,1,59] 107.3272019258
  [3,1,60] 106.7286318007
  [3,1,61] 106.7286318007
  [3,1,62] 106.7286318007
  [3,1,63] 106.7286318007
  [3,1,64] 106.7286318007
  [3,1,65] 106.7286318007
  [3,1,66] 106.7286318007
  [3,1,67] 106.7286318007
  [3,1,68] 106.7286318007
  [3,1,69] 106.7286318007
  [3,1,70] 106.7286318007
  [3,1,71] 106.7286318007
  [3,1,72] 106.7286318007
  [3,1,73] 106.7286318007
  [3,1,74] 106.7286318007
  [3,1,75] 106.7286318007
  [3,1,76] 106.7286318007
  [3,1,77] 106.7286318007
  [3,1,78] 106.7286318007
  [3,1,79] 106.7286318007
  [3,1,80] 106.7286318007
  [3,1,81] 96.7396000000
  [3,1,82] 106.7286318007
  [3,1,83] 107.3272019258
  [3,1,84] 106.7286318007
  [3,1,85] 106.7286318007
  [3,1,86] 106.7286318007
  [3,1,87] 107.3272019258
  [3,1,88] 106.7286318007
  [3,1,89] 106.7286318007
  [3,1,90] 107.2961819636
  [3,1,91] 107.3272019258
  [3,1,92] 107.3272019258
  [3,1,93] 107.3272019258
  [3,1,94] 107.3272019258
  [3,1,95] 107.3272019258
  [3,1,96] 107.3272019258
  [3,1,97] 107.3272019258
  [3,1,98] 107.3272019258
  [3,1,99] 107.3272019258
  [3,1,100] 107.3272019258
  [3,1,101] 107.3272019258
  [3,1,102] 107.3272019258
  [3,1,103] 107.3272019258
  [3,1,104] 107.3272019258
  [3,1,105] 107.3272019258
  [3,1,106] 107.3272019258
  [3,1,107] 107.3272019258
  [3,1,108] 107.3272019258
  [3,1,109] 107.3272019258
  [3,1,110] 107.3272019258
  [3,1,111] 107.3272019258
  [3,1,112] 107.3272019258
  [3,1,113] 107.3272019258
  [3,1,114] 107.3272019258
  [3,1,115] 107.3272019258
  [3,1,116] 107.3272019258
  [3,1,117] 107.3272019258
  [3,1,118] 107.3272019258
  [3,1,119] 107.3272019258
  [3,1,120] 107.3272019258
  [3,1,121] 107.3272019258
  [3,1,122] 107.3272019258
  [3,1,123] 107.3272019258
  [3,1,124] 107.3272019258
  [3,1,125] 107.3272019258
  [3,1,126] 107.3272019258
  [3,1,127] 107.3272019258
  [3,1,128] 107.3272019258
  [3,1,129] 107.3272019258
  [3,1,130] 107.3272019258
  [3,1,131] 107.3272019258
  [3,1,132] 107.3272019258
  [3,1,133] 107.3272019258
  [3,1,134] 107.3272019258
  [3,1,135] 107.3272019258
  [3,1,136] 107.3272019258
  [3,1,137] 107.3272019258
  [3,1,138] 107.3272019258
  [3,1,139] 107.3272019258
  [3,1,140] 107.3272019258
  [3,1,141] 107.3272019258
  [3,1,142] 107.3272019258
  [3,1,143] 107.3272019258
  [3,1,144] 107.3272019258
  [3,1,145] 107.3272019258
  [3,1,146] 107.3272019258
  [3,1,147] 107.3272019258
  [3,1,148] 107.3272019258
  [3,1,149] 107.3272019258
  [3,1,150] 107.3272019258
  [3,1,151] 101.0649600000
  [3,1,152] 75.7987200000
  [3,1,153] 58.6828800000
  [3,1,154] 107.3272019258
  [3,1,155] 107.3272019258
  [3,1,156] 107.3272019258
  [3,1,157] 107.3272019258
  [3,1,158] 107.3272019258
  [3,1,159] 107.1164434620
  [3,1,160] 107.3272019258
  [3,1,161] 107.3272019258
  [3,1,162] 107.3272019258
  [3,1,163] 107.3272019258
  [3,1,164] 107.3272019258
  [3,1,165] 107.3272019258
  [3,1,166] 107.3272019258
  [3,1,167] 107.3272019258
  [3,1,168] 107.3272019258
  [3,1,169] 107.3272019258
  [3,1,170] 107.3272019258
  [3,1,171] 107.3272019258
  [3,1,172] 107.3272019258
  [3,1,173] 107.3272019258
  [3,1,174] 99.0273600000
  [3,1,175] 84.3566400000
  [3,1,176] 80.2814400000
  [3,1,177] 78.3225200000
  [3,1,178] 107.3272019258
  [3,1,179] 107.3272019258
  [3,1,180] 107.3272019258
  [3,1,181] 107.3272019258
  [3,1,182] 107.3272019258
  [3,1,183] 107.3272019258
  [3,1,184] 107.3272019258
  [3,1,185] 107.3272019258
  [3,1,186] 107.3272019258
  [3,1,187] 107.3272019258
  [3,1,188] 107.3272019258
  [3,1,189] 107.3272019258
  [3,1,190] 107.3272019258
  [3,1,191] 107.3272019258
  [3,1,192] 107.3272019258
  [3,1,193] 107.3272019258
  [3,1,194] 107.3272019258
  [3,1,195] 107.3272019258
  [3,1,196] 107.3272019258
  [3,1,197] 107.3272019258
  [3,1,198] 107.3272019258
  [3,1,199] 107.3272019258
  [3,1,200] 107.3272019258
  [3,1,201] 83.5416000000
  [3,1,202] 107.3272019258
  [3,1,203] 107.3272019258
  [3,1,204] 107.3272019258
  [3,1,205] 107.3272019258
  [3,1,206] 107.3272019258
  [3,1,207] 107.3272019258
  [3,1,208] 107.3272019258
  [3,1,209] 107.3272019258
  [3,1,210] 107.3272019258
  [3,1,211] 107.3272019258
  [3,1,212] 107.3272019258
  [3,1,213] 107.3272019258
  [3,1,214] 107.3272019258
  [3,1,215] 107.3272019258
  [3,1,216] 107.3272019258
  [3,1,217] 96.9897600000
  [3,1,218] 79.8739200000
  [3,1,219] 66.8332800000
  [3,1,220] 60.3129600000
  [3,1,221] 58.6828800000
  [3,1,222] 61.1280000000
  [3,1,223] 63.5731200000
  [3,1,224] 68.8708800000
  [3,1,225] 59.0904000000
  [3,1,226] 44.9866000000
  [3,1,227] 67.2691200000
  [3,1,228] 90.9900800000
  [3,1,229] 105.1080800000
  [3,1,230] 98.4828800000
  [3,1,231] 85.0710400000
  [3,1,232] 71.7358400000
  [3,1,233] 65.6129200000
  [3,1,234] 65.0580800000
  [3,1,235] 69.6214400000
  [3,1,236] 74.1283200000
  [3,1,237] 94.9521600000
  [3,1,238] 106.7286318007
  [3,1,239] 106.7286318007
  [3,1,240] 106.7286318007
  [3,1,241] 107.3272019258
  [3,1,242] 106.7286318007
  [3,1,243] 102.2875200000
  [3,1,244] 89.6544000000
  [3,1,245] 79.4664000000
  [3,1,246] 73.7611200000
  [3,1,247] 72.9460800000
  [3,1,248] 72.9460800000
  [3,1,249] 72.5385600000
  [3,1,250] 90.9294400000
  [3,1,251] 106.7286318007
  [3,1,252] 106.7286318007
  [3,1,253] 106.7286318007
  [3,1,254] 107.2399579829
  [3,1,255] 107.3272019258
  [3,1,256] 107.3272019258
  [3,1,257] 107.3272019258
  [3,1,258] 107.3272019258
  [3,1,259] 107.3272019258
  [3,1,260] 107.3272019258
  [3,1,261] 107.3272019258
  [3,1,262] 107.3272019258
  [3,1,263] 107.3272019258
  [3,1,264] 107.3272019258
  [3,1,265] 107.3272019258
  [3,1,266] 107.3272019258
  [3,1,267] 107.3272019258
  [3,1,268] 107.3272019258
  [3,1,269] 107.3272019258
  [3,1,270] 107.3272019258
  [3,1,271] 107.3272019258
  [3,1,272] 107.3272019258
  [3,1,273] 107.3272019258
  [3,1,274] 107.3272019258
  [3,1,275] 107.3272019258
  [3,1,276] 107.3272019258
  [3,1,277] 107.3272019258
  [3,1,278] 107.3272019258
  [3,1,279] 107.3272019258
  [3,1,280] 107.3272019258
  [3,1,281] 107.3272019258
  [3,1,282] 107.3272019258
  [3,1,283] 107.3272019258
  [3,1,284] 107.3272019258
  [3,1,285] 107.3272019258
  [3,1,286] 107.3272019258
  [3,1,287] 107.3272019258
  [3,1,288] 107.3272019258
  [3,1,289] 107.3272019258
  [3,1,290] 107.3272019258
  [3,1,291] 107.3272019258
  [3,1,292] 107.3272019258
  [3,1,293] 107.3272019258
  [3,1,294] 102.2875200000
  [3,1,295] 100.2499200000
  [3,1,296] 98.6198400000
  [3,1,297] 90.9556400000
  [3,1,298] 107.3272019258
  [3,1,299] 107.3272019258
  [3,1,300] 107.3272019258
  [3,1,301] 107.3272019258
  [3,1,302] 84.9399600000
  [3,1,303] 68.6613600000
  [3,1,304] 61.8969200000
  [3,1,305] 59.2560800000
  [3,1,306] 58.5075600000
  [3,1,307] 67.9591200000
  [3,1,308] 103.1994400000
  [3,1,309] 107.3272019258
  [3,1,310] 107.3272019258
  [3,1,311] 107.3272019258
  [3,1,312] 107.3272019258
  [3,1,313] 99.8424000000
  [3,1,314] 96.9897600000
  [3,1,315] 94.1371200000
  [3,1,316] 83.9491200000
  [3,1,317] 60.7204800000
  [3,1,318] 43.4786395613
  [3,1,319] 43.4786395613
  [3,1,320] 43.4786395613
  [3,1,321] 43.4786395613
  [3,1,322] 43.4786395613
  [3,1,323] 43.4786395613
  [3,1,324] 43.4786395613
  [3,1,325] 43.4786395613
  [3,1,326] 43.4786395613
  [3,1,327] 43.4786395613
  [3,1,328] 43.4786395613
  [3,1,329] 43.4786395613
  [3,1,330] 44.0203200000
  [3,1,331] 43.4786395613
  [3,1,332] 43.4786395613
  [3,1,333] 43.4786395613
  [3,1,334] 43.4786395613
  [3,1,335] 43.4786395613
  [3,1,336] 43.4786395613
  [3,1,337] 43.4786395613
  [3,1,338] 43.4786395613
  [3,1,339] 43.4786395613
  [3,1,340] 43.4786395613
  [3,1,341] 43.4786395613
  [3,1,342] 43.4786395613
  [3,1,343] 43.4786395613
  [3,1,344] 43.4786395613
  [3,1,345] 43.4786395613
  [3,1,346] 43.4786395613
  [3,1,347] 43.4786395613
  [3,1,348] 69.0081600000
  [3,1,349] 81.9943600000
  [3,1,350] 86.3984000000
  [3,1,351] 86.8906400000
  [3,1,352] 80.7334400000
  [3,1,353] 77.8787600000
  [3,1,354] 88.3431200000
  [3,1,355] 102.4469200000
  [3,1,356] 105.2692800000
  [3,1,357] 91.6920000000
  [3,1,358] 72.1310400000
  [3,1,359] 59.0904000000
  [3,1,360] 57.6700146874
  [3,1,361] 50.5324800000
  [3,1,362] 55.8869345533
  [3,1,363] 43.4786395613
  [3,1,364] 43.4786395613
  [3,1,365] 43.4786395613
  [3,1,366] 43.4786395613
  [3,1,367] 43.4786395613
  [3,1,368] 43.4786395613
  [3,1,369] 43.4786395613
  [3,1,370] 43.4786395613
  [3,1,371] 51.2951200000
  [3,1,372] 71.4452000000
  [3,1,373] 93.8608400000
  [3,1,374] 106.7286318007
  [3,1,375] 106.7286318007
  [3,1,376] 106.7286318007
  [3,1,377] 106.7286318007
  [3,1,378] 106.7286318007
  [3,1,379] 106.7286318007
  [3,1,380] 90.7357600000
  [3,1,381] 79.0588800000
  [3,1,382] 77.8363200000
  [3,1,383] 69.6859200000
  [3,1,384] 60.7204800000
  [3,1,385] 49.3099200000
  [3,1,386] 43.4786395613
  [3,1,387] 43.4786395613
  [3,1,388] 43.4786395613
  [3,1,389] 43.4786395613
  [3,1,390] 43.4786395613
  [3,1,391] 43.4786395613
  [3,1,392] 47.6798400000
  [3,1,393] 52.9776000000
  [3,1,394] 52.9594800000
  [3,1,395] 88.1333600000
  [3,1,396] 107.3272019258
  [3,1,397] 106.7286318007
  [3,1,398] 106.7286318007
  [3,1,399] 106.7286318007
  [3,1,400] 106.5989200000
  [3,1,401] 98.4807600000
  [3,1,402] 89.6544800000
  [3,1,403] 84.0601200000
  [3,1,404] 83.2208400000
  [3,1,405] 81.9115200000
  [3,1,406] 89.2468800000
  [3,1,407] 95.7672000000
  [3,1,408] 99.8424000000
  [3,1,409] 102.6950400000
  [3,1,410] 104.3251200000
  [3,1,411] 103.9176000000
  [3,1,412] 101.4724800000
  [3,1,413] 96.9897600000
  [3,1,414] 78.6513600000
  [3,1,415] 60.7204800000
  [3,1,416] 57.6700146874
  [3,1,417] 43.4786395613
  [3,1,418] 43.4786395613
  [3,1,419] 59.5746400000
  [3,1,420] 86.8603600000
  [3,1,421] 92.3256000000
  [3,1,422] 86.7010400000
  [3,1,423] 76.7067200000
  [3,1,424] 62.9720800000
  [3,1,425] 57.6700146874
  [3,1,426] 43.4786395613
  [3,1,427] 43.4786395613
  [3,1,428] 57.6700146874
  [3,1,429] 71.3160000000
  [3,1,430] 93.7296000000
  [3,1,431] 89.6544000000
  [3,1,432] 74.9836800000
  [3,1,433] 59.9054400000
  [3,1,434] 57.6700146874
  [3,1,435] 57.6700146874
  [3,1,436] 43.4786395613
  [3,1,437] 43.4786395613
  [3,1,438] 43.4786395613
  [3,1,439] 57.6700146874
  [3,1,440] 44.0121600000
  [3,1,441] 49.3099200000
  [3,1,442] 55.7556400000
  [3,1,443] 93.0175600000
  [3,1,444] 105.9634400000
  [3,1,445] 100.0403200000
  [3,1,446] 93.4938000000
  [3,1,447] 88.0467600000
  [3,1,448] 81.1754000000
  [3,1,449] 75.9684000000
  [3,1,450] 71.5602800000
  [3,1,451] 69.1736000000
  [3,1,452] 72.1129200000
  [3,1,453] 83.9491200000
  [3,1,454] 101.4724800000
  [3,1,455] 107.3272019258
  [3,1,456] 106.7286318007
  [3,1,457] 105.5476800000
  [3,1,458] 106.3627200000
  [3,1,459] 107.3272019258
  [3,1,460] 103.9176000000
  [3,1,461] 96.5822400000
  [3,1,462] 94.9521600000
  [3,1,463] 105.1401600000
  [3,1,464] 107.3272019258
  [3,1,465] 107.3272019258
  [3,1,466] 107.3272019258
  [3,1,467] 107.3272019258
  [3,1,468] 107.3272019258
  [3,1,469] 107.3272019258
  [3,1,470] 107.3272019258
  [3,1,471] 107.3272019258
  [3,1,472] 107.3272019258
  [3,1,473] 107.3272019258
  [3,1,474] 107.3272019258
  [3,1,475] 107.3272019258
  [3,1,476] 107.3272019258
  [3,1,477] 107.3272019258
  [3,1,478] 107.3272019258
  [3,1,479] 107.3272019258
  [3,1,480] 107.3272019258
  [3,1,481] 107.3272019258
  [3,1,482] 107.3272019258
  [3,1,483] 107.3272019258
  [3,1,484] 95.3596800000
  [3,1,485] 85.9867200000
  [3,1,486] 83.5416000000
  [3,1,487] 86.3942400000
  [3,1,488] 94.1371200000
  [3,1,489] 103.1025600000
  [3,1,490] 107.3272019258
  [3,1,491] 107.3272019258
  [3,1,492] 107.3272019258
  [3,1,493] 107.3272019258
  [3,1,494] 107.3272019258
  [3,1,495] 107.3272019258
  [3,1,496] 107.3272019258
  [3,1,497] 107.3272019258
  [3,1,498] 107.3272019258
  [3,1,499] 107.3272019258
  [3,1,500] 107.3272019258
  [3,1,501] 107.3272019258
  [3,1,502] 107.3272019258
  [3,1,503] 107.3272019258
  [3,1,504] 107.3272019258
  [3,1,505] 107.3272019258
  [3,1,506] 107.3272019258
  [3,1,507] 107.3272019258
  [3,1,508] 101.8800000000
  [3,1,509] 89.6544000000
  [3,1,510] 83.9491200000
  [3,1,511] 82.7265600000
  [3,1,512] 85.9867200000
  [3,1,513] 86.8804400000
  [3,1,514] 107.3272019258
  [3,1,515] 107.3272019258
  [3,1,516] 107.3272019258
  [3,1,517] 107.3272019258
  [3,1,518] 107.3272019258
  [3,1,519] 107.3272019258
  [3,1,520] 107.3272019258
  [3,1,521] 107.3272019258
  [3,1,522] 107.3272019258
  [3,1,523] 107.3272019258
  [3,1,524] 107.3272019258
  [3,1,525] 107.3272019258
  [3,1,526] 107.3272019258
  [3,1,527] 107.3272019258
  [3,1,528] 107.3272019258
  [3,1,529] 107.3272019258
  [3,1,530] 107.3272019258
  [3,1,531] 107.3272019258
  [3,1,532] 107.3272019258
  [3,1,533] 107.3272019258
  [3,1,534] 107.3272019258
  [3,1,535] 107.3272019258
  [3,1,536] 107.3272019258
  [3,1,537] 107.3272019258
  [3,1,538] 107.3272019258
  [3,1,539] 107.3272019258
  [3,1,540] 107.3272019258
  [3,1,541] 107.3272019258
  [3,1,542] 107.3272019258
  [3,1,543] 107.3272019258
  [3,1,544] 107.3272019258
  [3,1,545] 107.3272019258
  [3,1,546] 101.7410000000
  [3,1,547] 106.6674800000
  [3,1,548] 107.3272019258
  [3,1,549] 107.3272019258
  [3,1,550] 107.3272019258
  [3,1,551] 107.3272019258
  [3,1,552] 107.3272019258
  [3,1,553] 107.3272019258
  [3,1,554] 107.3272019258
  [3,1,555] 107.3272019258
  [3,1,556] 100.6574400000
  [3,1,557] 75.3912000000
  [3,1,558] 59.4979200000
  [3,1,559] 58.6828800000
  [3,1,560] 65.2032000000
  [3,1,561] 72.9460800000
  [3,1,562] 107.3272019258
  [3,1,563] 107.3272019258
  [3,1,564] 107.3272019258
  [3,1,565] 107.3272019258
  [3,1,566] 107.3272019258
  [3,1,567] 107.3272019258
  [3,1,568] 106.7286318007
  [3,1,569] 107.3272019258
  [3,1,570] 107.3272019258
  [3,1,571] 107.3272019258
  [3,1,572] 107.3272019258
  [3,1,573] 107.3272019258
  [3,1,574] 107.3272019258
  [3,1,575] 107.3272019258
  [3,1,576] 107.3272019258
  [3,1,577] 107.3272019258
  [3,1,578] 107.3272019258
  [3,1,579] 107.3272019258
  [3,1,580] 107.3272019258
  [3,1,581] 103.5100800000
  [3,1,582] 82.3190400000
  [3,1,583] 69.2784000000
  [3,1,584] 66.8332800000
  [3,1,585] 66.4257600000
  [3,1,586] 101.9143600000
  [3,1,587] 107.3272019258
  [3,1,588] 107.3272019258
  [3,1,589] 107.3272019258
  [3,1,590] 107.3272019258
  [3,1,591] 107.3272019258
  [3,1,592] 107.3272019258
  [3,1,593] 107.3272019258
  [3,1,594] 107.3272019258
  [3,1,595] 107.3272019258
  [3,1,596] 107.3272019258
  [3,1,597] 107.3272019258
  [3,1,598] 107.3272019258
  [3,1,599] 107.3272019258
  [3,1,600] 107.3272019258
  [3,1,601] 107.3272019258
  [3,1,602] 103.5100800000
  [3,1,603] 83.5416000000
  [3,1,604] 72.5385600000
  [3,1,605] 68.4633600000
  [3,1,606] 79.0588800000
  [3,1,607] 92.9145600000
  [3,1,608] 101.0649600000
  [3,1,609] 99.4348800000
  [3,1,610] 107.3272019258
  [3,1,611] 107.3272019258
  [3,1,612] 107.3272019258
  [3,1,613] 107.3272019258
  [3,1,614] 107.3272019258
  [3,1,615] 107.3272019258
  [3,1,616] 107.3272019258
  [3,1,617] 107.3272019258
  [3,1,618] 107.3272019258
  [3,1,619] 107.3272019258
  [3,1,620] 107.3272019258
  [3,1,621] 107.3272019258
  [3,1,622] 107.3272019258
  [3,1,623] 107.3272019258
  [3,1,624] 107.3272019258
  [3,1,625] 107.3272019258
  [3,1,626] 107.3272019258
  [3,1,627] 106.3627200000
  [3,1,628] 92.5070400000
  [3,1,629] 85.5792000000
  [3,1,630] 88.8393600000
  [3,1,631] 93.7296000000
  [3,1,632] 98.2123200000
  [3,1,633] 98.2123200000
  [3,1,634] 107.3272019258
  [3,1,635] 107.3272019258
  [3,1,636] 107.3272019258
  [3,1,637] 107.3272019258
  [3,1,638] 107.3272019258
  [3,1,639] 107.3272019258
  [3,1,640] 107.3272019258
  [3,1,641] 107.3272019258
  [3,1,642] 107.3272019258
  [3,1,643] 107.3272019258
  [3,1,644] 107.3272019258
  [3,1,645] 107.3272019258
  [3,1,646] 107.3272019258
  [3,1,647] 107.3272019258
  [3,1,648] 107.3272019258
  [3,1,649] 107.3272019258
  [3,1,650] 107.3272019258
  [3,1,651] 99.0273600000
  [3,1,652] 85.9867200000
  [3,1,653] 78.2438400000
  [3,1,654] 74.1686400000
  [3,1,655] 72.9460800000
  [3,1,656] 73.7611200000
  [3,1,657] 73.7611200000
  [3,1,658] 105.1523200000
  [3,1,659] 107.3272019258
  [3,1,660] 107.3272019258
  [3,1,661] 107.3272019258
  [3,1,662] 107.3272019258
  [3,1,663] 107.3272019258
  [3,1,664] 107.3272019258
  [3,1,665] 107.3272019258
  [3,1,666] 107.3272019258
  [3,1,667] 107.3272019258
  [3,1,668] 107.3272019258
  [3,1,669] 107.3272019258
  [3,1,670] 107.3272019258
  [3,1,671] 107.3272019258
  [3,1,672] 107.3272019258
  [3,1,673] 107.3272019258
  [3,1,674] 107.3272019258
  [3,1,675] 106.7286318007
  [3,1,676] 84.3566400000
  [3,1,677] 80.6889600000
  [3,1,678] 84.3566400000
  [3,1,679] 95.3596800000
  [3,1,680] 96.1747200000
  [3,1,681] 92.0995200000
  [3,1,682] 101.9143600000
  [3,1,683] 106.7286318007
  [3,1,684] 107.3272019258
  [3,1,685] 107.3272019258
  [3,1,686] 107.3272019258
  [3,1,687] 107.3272019258
  [3,1,688] 107.3272019258
  [3,1,689] 107.3272019258
  [3,1,690] 107.3272019258
  [3,1,691] 107.3272019258
  [3,1,692] 107.3272019258
  [3,1,693] 107.3272019258
  [3,1,694] 107.3272019258
  [3,1,695] 107.3272019258
  [3,1,696] 107.3272019258
  [3,1,697] 107.3272019258
  [3,1,698] 107.3272019258
  [3,1,699] 107.3272019258
  [3,1,700] 102.2875200000
  [3,1,701] 79.0588800000
  [3,1,702] 66.0182400000
  [3,1,703] 68.4633600000
  [3,1,704] 72.5385600000
  [3,1,705] 78.2438400000
  [3,1,706] 107.3272019258
  [3,1,707] 107.3272019258
  [3,1,708] 107.3272019258
  [3,1,709] 107.3272019258
  [3,1,710] 107.3272019258
  [3,1,711] 107.3272019258
  [3,1,712] 107.3272019258
  [3,1,713] 98.1801600000
  [3,1,714] 89.6766800000
  [3,1,715] 88.9584400000
  [3,1,716] 97.3630000000
  [3,1,717] 107.3272019258
  [3,1,718] 107.3272019258
  [3,1,719] 107.3272019258
  [3,1,720] 107.3272019258
  [3,1,721] 107.3272019258
  [3,1,722] 107.3272019258
  [3,1,723] 107.3272019258
  [3,1,724] 107.3272019258
  [3,1,725] 107.3272019258
  [3,1,726] 107.3272019258
  [3,1,727] 107.3272019258
  [3,1,728] 107.0576541697
  [3,1,729] 102.6950400000
  [3,1,730] 106.7286318007
  [3,1,731] 106.7286318007
  [3,1,732] 106.7286318007
  [3,1,733] 106.7286318007
  [3,1,734] 106.7286318007
  [3,1,735] 106.7286318007
  [3,1,736] 106.4859600000
  [3,1,737] 106.7286318007
  [3,1,738] 106.7286318007
  [3,1,739] 106.7286318007
  [3,1,740] 106.7286318007
  [3,1,741] 106.7286318007
  [3,1,742] 106.7286318007
  [3,1,743] 106.7286318007
  [3,1,744] 106.7286318007
  [3,2,1] 107.3272019258
  [3,2,2] 107.3272019258
  [3,2,3] 106.7286318007
  [3,2,4] 87.2092800000
  [3,2,5] 62.7580800000
  [3,2,6] 48.9024000000
  [3,2,7] 59.4979200000
  [3,2,8] 83.1340800000
  [3,2,9] 98.6198400000
  [3,2,10] 107.3272019258
  [3,2,11] 107.3272019258
  [3,2,12] 107.3272019258
  [3,2,13] 107.3272019258
  [3,2,14] 107.3272019258
  [3,2,15] 107.3272019258
  [3,2,16] 107.3272019258
  [3,2,17] 107.3272019258
  [3,2,18] 107.3272019258
  [3,2,19] 106.7286318007
  [3,2,20] 107.3272019258
  [3,2,21] 106.7286318007
  [3,2,22] 106.7286318007
  [3,2,23] 107.3272019258
  [3,2,24] 107.3272019258
  [3,2,25] 107.3272019258
  [3,2,26] 107.3272019258
  [3,2,27] 107.3272019258
  [3,2,28] 107.3272019258
  [3,2,29] 107.3272019258
  [3,2,30] 107.3272019258
  [3,2,31] 98.6198400000
  [3,2,32] 78.6513600000
  [3,2,33] 64.3881600000
  [3,2,34] 79.4200400000
  [3,2,35] 106.7286318007
  [3,2,36] 107.3272019258
  [3,2,37] 107.3272019258
  [3,2,38] 107.3272019258
  [3,2,39] 106.7286318007
  [3,2,40] 106.7286318007
  [3,2,41] 106.7286318007
  [3,2,42] 107.3272019258
  [3,2,43] 107.3272019258
  [3,2,44] 107.3272019258
  [3,2,45] 107.3272019258
  [3,2,46] 107.3272019258
  [3,2,47] 107.3272019258
  [3,2,48] 107.3272019258
  [3,2,49] 106.7286318007
  [3,2,50] 107.3272019258
  [3,2,51] 107.3272019258
  [3,2,52] 107.3272019258
  [3,2,53] 106.7286318007
  [3,2,54] 103.9176000000
  [3,2,55] 101.0649600000
  [3,2,56] 95.7672000000
  [3,2,57] 95.5957200000
  [3,2,58] 107.3272019258
  [3,2,59] 107.3272019258
  [3,2,60] 106.7286318007
  [3,2,61] 107.3272019258
  [3,2,62] 107.3272019258
  [3,2,63] 107.3272019258
  [3,2,64] 107.3272019258
  [3,2,65] 106.7286318007
  [3,2,66] 107.3272019258
  [3,2,67] 107.3272019258
  [3,2,68] 107.3272019258
  [3,2,69] 107.3272019258
  [3,2,70] 107.3272019258
  [3,2,71] 107.3272019258
  [3,2,72] 107.3272019258
  [3,2,73] 107.3272019258
  [3,2,74] 107.3272019258
  [3,2,75] 107.3272019258
  [3,2,76] 106.7286318007
  [3,2,77] 107.3272019258
  [3,2,78] 106.7286318007
  [3,2,79] 107.3272019258
  [3,2,80] 107.3272019258
  [3,2,81] 96.7396000000
  [3,2,82] 107.3272019258
  [3,2,83] 107.3272019258
  [3,2,84] 107.3272019258
  [3,2,85] 107.3272019258
  [3,2,86] 106.7286318007
  [3,2,87] 107.3272019258
  [3,2,88] 106.7286318007
  [3,2,89] 107.3272019258
  [3,2,90] 107.3272019258
  [3,2,91] 107.3272019258
  [3,2,92] 107.3272019258
  [3,2,93] 107.3272019258
  [3,2,94] 107.3272019258
  [3,2,95] 106.7286318007
  [3,2,96] 107.3272019258
  [3,2,97] 107.3272019258
  [3,2,98] 106.7286318007
  [3,2,99] 107.3272019258
  [3,2,100] 107.3272019258
  [3,2,101] 107.3272019258
  [3,2,102] 107.3272019258
  [3,2,103] 106.7286318007
  [3,2,104] 107.3272019258
  [3,2,105] 107.3272019258
  [3,2,106] 107.3272019258
  [3,2,107] 107.3272019258
  [3,2,108] 107.3272019258
  [3,2,109] 107.3272019258
  [3,2,110] 107.3272019258
  [3,2,111] 107.3272019258
  [3,2,112] 107.3272019258
  [3,2,113] 106.7286318007
  [3,2,114] 107.3272019258
  [3,2,115] 106.7286318007
  [3,2,116] 107.3272019258
  [3,2,117] 107.3272019258
  [3,2,118] 107.3272019258
  [3,2,119] 106.7286318007
  [3,2,120] 107.3272019258
  [3,2,121] 107.3272019258
  [3,2,122] 107.3272019258
  [3,2,123] 106.7286318007
  [3,2,124] 107.3272019258
  [3,2,125] 107.3272019258
  [3,2,126] 107.3272019258
  [3,2,127] 106.7286318007
  [3,2,128] 107.3272019258
  [3,2,129] 107.3272019258
  [3,2,130] 107.3272019258
  [3,2,131] 107.3272019258
  [3,2,132] 106.7286318007
  [3,2,133] 107.3272019258
  [3,2,134] 107.3272019258
  [3,2,135] 107.3272019258
  [3,2,136] 107.3272019258
  [3,2,137] 106.7286318007
  [3,2,138] 107.3272019258
  [3,2,139] 107.3272019258
  [3,2,140] 106.7286318007
  [3,2,141] 107.3272019258
  [3,2,142] 107.3272019258
  [3,2,143] 107.3272019258
  [3,2,144] 107.3272019258
  [3,2,145] 107.3272019258
  [3,2,146] 107.3272019258
  [3,2,147] 107.3272019258
  [3,2,148] 107.3272019258
  [3,2,149] 107.3272019258
  [3,2,150] 107.3272019258
  [3,2,151] 101.0649600000
  [3,2,152] 75.7987200000
  [3,2,153] 58.6828800000
  [3,2,154] 107.3272019258
  [3,2,155] 107.3272019258
  [3,2,156] 107.3272019258
  [3,2,157] 106.7286318007
  [3,2,158] 107.3272019258
  [3,2,159] 107.3272019258
  [3,2,160] 107.3272019258
  [3,2,161] 106.7286318007
  [3,2,162] 107.3272019258
  [3,2,163] 107.3272019258
  [3,2,164] 107.3272019258
  [3,2,165] 106.7286318007
  [3,2,166] 107.3272019258
  [3,2,167] 107.3272019258
  [3,2,168] 107.3272019258
  [3,2,169] 106.7286318007
  [3,2,170] 107.3272019258
  [3,2,171] 107.3272019258
  [3,2,172] 106.7286318007
  [3,2,173] 107.3272019258
  [3,2,174] 99.0273600000
  [3,2,175] 84.3566400000
  [3,2,176] 80.2814400000
  [3,2,177] 78.3225200000
  [3,2,178] 107.3272019258
  [3,2,179] 107.3272019258
  [3,2,180] 107.3272019258
  [3,2,181] 106.7286318007
  [3,2,182] 107.3272019258
  [3,2,183] 107.3272019258
  [3,2,184] 107.3272019258
  [3,2,185] 106.7286318007
  [3,2,186] 107.3272019258
  [3,2,187] 107.3272019258
  [3,2,188] 107.3272019258
  [3,2,189] 107.3272019258
  [3,2,190] 107.3272019258
  [3,2,191] 106.7286318007
  [3,2,192] 107.3272019258
  [3,2,193] 107.3272019258
  [3,2,194] 107.3272019258
  [3,2,195] 107.3272019258
  [3,2,196] 106.7286318007
  [3,2,197] 107.3272019258
  [3,2,198] 106.7286318007
  [3,2,199] 107.3272019258
  [3,2,200] 106.7286318007
  [3,2,201] 83.5416000000
  [3,2,202] 107.3272019258
  [3,2,203] 106.7286318007
  [3,2,204] 107.3272019258
  [3,2,205] 106.7286318007
  [3,2,206] 107.3272019258
  [3,2,207] 107.3272019258
  [3,2,208] 107.3272019258
  [3,2,209] 107.3272019258
  [3,2,210] 106.7286318007
  [3,2,211] 107.3272019258
  [3,2,212] 106.7286318007
  [3,2,213] 107.3272019258
  [3,2,214] 107.3272019258
  [3,2,215] 106.7286318007
  [3,2,216] 107.3272019258
  [3,2,217] 96.9897600000
  [3,2,218] 79.8739200000
  [3,2,219] 66.8332800000
  [3,2,220] 60.3129600000
  [3,2,221] 58.6828800000
  [3,2,222] 61.1280000000
  [3,2,223] 63.5731200000
  [3,2,224] 68.8708800000
  [3,2,225] 59.0904000000
  [3,2,226] 57.6700146874
  [3,2,227] 67.2691200000
  [3,2,228] 90.9900800000
  [3,2,229] 105.1080800000
  [3,2,230] 98.4828800000
  [3,2,231] 85.0710400000
  [3,2,232] 71.7358400000
  [3,2,233] 65.6129200000
  [3,2,234] 65.0580800000
  [3,2,235] 69.6214400000
  [3,2,236] 74.1283200000
  [3,2,237] 94.9521600000
  [3,2,238] 107.3272019258
  [3,2,239] 106.7286318007
  [3,2,240] 107.3272019258
  [3,2,241] 107.3272019258
  [3,2,242] 106.7286318007
  [3,2,243] 102.2875200000
  [3,2,244] 89.6544000000
  [3,2,245] 79.4664000000
  [3,2,246] 73.7611200000
  [3,2,247] 72.9460800000
  [3,2,248] 72.9460800000
  [3,2,249] 72.5385600000
  [3,2,250] 90.9294400000
  [3,2,251] 106.7286318007
  [3,2,252] 107.3272019258
  [3,2,253] 106.7286318007
  [3,2,254] 107.3272019258
  [3,2,255] 106.7286318007
  [3,2,256] 107.3272019258
  [3,2,257] 107.3272019258
  [3,2,258] 107.3272019258
  [3,2,259] 107.3272019258
  [3,2,260] 106.7286318007
  [3,2,261] 107.3272019258
  [3,2,262] 106.7286318007
  [3,2,263] 107.3272019258
  [3,2,264] 106.7286318007
  [3,2,265] 106.7286318007
  [3,2,266] 107.3272019258
  [3,2,267] 107.3272019258
  [3,2,268] 106.7286318007
  [3,2,269] 106.7286318007
  [3,2,270] 107.3272019258
  [3,2,271] 107.3272019258
  [3,2,272] 106.7286318007
  [3,2,273] 107.3272019258
  [3,2,274] 106.7286318007
  [3,2,275] 107.3272019258
  [3,2,276] 107.3272019258
  [3,2,277] 106.7286318007
  [3,2,278] 106.7286318007
  [3,2,279] 107.3272019258
  [3,2,280] 107.3272019258
  [3,2,281] 107.3272019258
  [3,2,282] 106.7286318007
  [3,2,283] 107.3272019258
  [3,2,284] 106.7286318007
  [3,2,285] 107.3272019258
  [3,2,286] 106.7286318007
  [3,2,287] 107.3272019258
  [3,2,288] 106.7286318007
  [3,2,289] 106.7286318007
  [3,2,290] 107.3272019258
  [3,2,291] 107.3272019258
  [3,2,292] 107.3272019258
  [3,2,293] 106.7286318007
  [3,2,294] 102.2875200000
  [3,2,295] 100.2499200000
  [3,2,296] 98.6198400000
  [3,2,297] 90.9556400000
  [3,2,298] 107.3272019258
  [3,2,299] 106.7286318007
  [3,2,300] 106.7286318007
  [3,2,301] 107.3272019258
  [3,2,302] 84.9399600000
  [3,2,303] 68.6613600000
  [3,2,304] 61.8969200000
  [3,2,305] 59.2560800000
  [3,2,306] 58.5075600000
  [3,2,307] 67.9591200000
  [3,2,308] 103.1994400000
  [3,2,309] 107.3272019258
  [3,2,310] 106.7286318007
  [3,2,311] 107.3272019258
  [3,2,312] 107.3272019258
  [3,2,313] 99.8424000000
  [3,2,314] 96.9897600000
  [3,2,315] 94.1371200000
  [3,2,316] 83.9491200000
  [3,2,317] 60.7204800000
  [3,2,318] 43.4786395613
  [3,2,319] 43.4786395613
  [3,2,320] 43.4786395613
  [3,2,321] 43.4786395613
  [3,2,322] 43.4786395613
  [3,2,323] 43.4786395613
  [3,2,324] 43.4786395613
  [3,2,325] 43.4786395613
  [3,2,326] 57.6700146874
  [3,2,327] 43.4786395613
  [3,2,328] 43.4786395613
  [3,2,329] 43.4786395613
  [3,2,330] 44.0203200000
  [3,2,331] 43.4786395613
  [3,2,332] 43.4786395613
  [3,2,333] 43.4786395613
  [3,2,334] 57.6700146874
  [3,2,335] 43.4786395613
  [3,2,336] 43.4786395613
  [3,2,337] 43.4786395613
  [3,2,338] 43.4786395613
  [3,2,339] 43.4786395613
  [3,2,340] 43.4786395613
  [3,2,341] 43.4786395613
  [3,2,342] 43.4786395613
  [3,2,343] 43.4786395613
  [3,2,344] 43.4786395613
  [3,2,345] 43.4786395613
  [3,2,346] 56.8010885913
  [3,2,347] 43.4786395613
  [3,2,348] 69.0081600000
  [3,2,349] 81.9943600000
  [3,2,350] 86.3984000000
  [3,2,351] 86.8906400000
  [3,2,352] 80.7334400000
  [3,2,353] 77.8787600000
  [3,2,354] 88.3431200000
  [3,2,355] 102.4469200000
  [3,2,356] 105.2692800000
  [3,2,357] 91.6920000000
  [3,2,358] 72.1310400000
  [3,2,359] 59.0904000000
  [3,2,360] 57.6700146874
  [3,2,361] 50.5324800000
  [3,2,362] 46.4572800000
  [3,2,363] 43.4786395613
  [3,2,364] 43.4786395613
  [3,2,365] 43.4786395613
  [3,2,366] 43.4786395613
  [3,2,367] 43.4786395613
  [3,2,368] 43.4786395613
  [3,2,369] 43.4786395613
  [3,2,370] 57.6700146874
  [3,2,371] 51.2951200000
  [3,2,372] 71.4452000000
  [3,2,373] 93.8608400000
  [3,2,374] 107.3272019258
  [3,2,375] 106.7286318007
  [3,2,376] 106.7286318007
  [3,2,377] 106.7286318007
  [3,2,378] 107.3272019258
  [3,2,379] 106.7286318007
  [3,2,380] 90.7357600000
  [3,2,381] 79.0588800000
  [3,2,382] 77.8363200000
  [3,2,383] 69.6859200000
  [3,2,384] 60.7204800000
  [3,2,385] 49.3099200000
  [3,2,386] 43.4786395613
  [3,2,387] 43.4786395613
  [3,2,388] 43.4786395613
  [3,2,389] 43.4786395613
  [3,2,390] 43.4786395613
  [3,2,391] 43.4786395613
  [3,2,392] 47.6798400000
  [3,2,393] 57.6700146874
  [3,2,394] 57.6700146874
  [3,2,395] 88.1333600000
  [3,2,396] 106.7286318007
  [3,2,397] 107.3272019258
  [3,2,398] 107.3272019258
  [3,2,399] 106.7286318007
  [3,2,400] 106.5989200000
  [3,2,401] 98.4807600000
  [3,2,402] 89.6544800000
  [3,2,403] 84.0601200000
  [3,2,404] 83.2208400000
  [3,2,405] 81.9115200000
  [3,2,406] 89.2468800000
  [3,2,407] 95.7672000000
  [3,2,408] 99.8424000000
  [3,2,409] 102.6950400000
  [3,2,410] 104.3251200000
  [3,2,411] 103.9176000000
  [3,2,412] 101.4724800000
  [3,2,413] 96.9897600000
  [3,2,414] 78.6513600000
  [3,2,415] 60.7204800000
  [3,2,416] 48.0873600000
  [3,2,417] 43.4786395613
  [3,2,418] 43.4786395613
  [3,2,419] 59.5746400000
  [3,2,420] 86.8603600000
  [3,2,421] 92.3256000000
  [3,2,422] 86.7010400000
  [3,2,423] 76.7067200000
  [3,2,424] 62.9720800000
  [3,2,425] 50.2441200000
  [3,2,426] 43.4786395613
  [3,2,427] 43.4786395613
  [3,2,428] 44.6214400000
  [3,2,429] 71.3160000000
  [3,2,430] 93.7296000000
  [3,2,431] 89.6544000000
  [3,2,432] 74.9836800000
  [3,2,433] 59.9054400000
  [3,2,434] 45.6422400000
  [3,2,435] 43.4786395613
  [3,2,436] 43.4786395613
  [3,2,437] 43.4786395613
  [3,2,438] 43.4786395613
  [3,2,439] 43.4786395613
  [3,2,440] 44.0121600000
  [3,2,441] 49.3099200000
  [3,2,442] 57.6700146874
  [3,2,443] 93.0175600000
  [3,2,444] 105.9634400000
  [3,2,445] 100.0403200000
  [3,2,446] 93.4938000000
  [3,2,447] 88.0467600000
  [3,2,448] 81.1754000000
  [3,2,449] 75.9684000000
  [3,2,450] 71.5602800000
  [3,2,451] 69.1736000000
  [3,2,452] 72.1129200000
  [3,2,453] 83.9491200000
  [3,2,454] 101.4724800000
  [3,2,455] 107.3272019258
  [3,2,456] 106.7286318007
  [3,2,457] 105.5476800000
  [3,2,458] 106.3627200000
  [3,2,459] 107.3272019258
  [3,2,460] 103.9176000000
  [3,2,461] 96.5822400000
  [3,2,462] 94.9521600000
  [3,2,463] 105.1401600000
  [3,2,464] 106.7286318007
  [3,2,465] 107.3272019258
  [3,2,466] 107.3272019258
  [3,2,467] 107.3272019258
  [3,2,468] 107.3272019258
  [3,2,469] 107.3272019258
  [3,2,470] 107.3272019258
  [3,2,471] 106.7286318007
  [3,2,472] 107.3272019258
  [3,2,473] 107.3272019258
  [3,2,474] 107.3272019258
  [3,2,475] 107.3272019258
  [3,2,476] 107.3272019258
  [3,2,477] 107.3272019258
  [3,2,478] 107.3272019258
  [3,2,479] 106.7286318007
  [3,2,480] 107.3272019258
  [3,2,481] 107.3272019258
  [3,2,482] 106.7286318007
  [3,2,483] 107.3272019258
  [3,2,484] 95.3596800000
  [3,2,485] 85.9867200000
  [3,2,486] 83.5416000000
  [3,2,487] 86.3942400000
  [3,2,488] 94.1371200000
  [3,2,489] 103.1025600000
  [3,2,490] 107.3272019258
  [3,2,491] 107.3272019258
  [3,2,492] 107.3272019258
  [3,2,493] 107.3272019258
  [3,2,494] 107.3272019258
  [3,2,495] 107.3272019258
  [3,2,496] 107.3272019258
  [3,2,497] 106.7286318007
  [3,2,498] 107.3272019258
  [3,2,499] 107.3272019258
  [3,2,500] 107.3272019258
  [3,2,501] 107.3272019258
  [3,2,502] 106.7286318007
  [3,2,503] 107.3272019258
  [3,2,504] 107.3272019258
  [3,2,505] 107.3272019258
  [3,2,506] 106.7286318007
  [3,2,507] 107.3272019258
  [3,2,508] 101.8800000000
  [3,2,509] 89.6544000000
  [3,2,510] 83.9491200000
  [3,2,511] 82.7265600000
  [3,2,512] 85.9867200000
  [3,2,513] 86.8804400000
  [3,2,514] 107.3272019258
  [3,2,515] 107.3272019258
  [3,2,516] 107.3272019258
  [3,2,517] 107.3272019258
  [3,2,518] 106.7286318007
  [3,2,519] 107.3272019258
  [3,2,520] 107.3272019258
  [3,2,521] 107.3272019258
  [3,2,522] 106.7286318007
  [3,2,523] 107.3272019258
  [3,2,524] 107.3272019258
  [3,2,525] 107.3272019258
  [3,2,526] 107.3272019258
  [3,2,527] 107.3272019258
  [3,2,528] 107.3272019258
  [3,2,529] 107.3272019258
  [3,2,530] 107.3272019258
  [3,2,531] 107.3272019258
  [3,2,532] 107.3272019258
  [3,2,533] 107.3272019258
  [3,2,534] 107.3272019258
  [3,2,535] 107.3272019258
  [3,2,536] 107.3272019258
  [3,2,537] 106.7286318007
  [3,2,538] 107.3272019258
  [3,2,539] 107.3272019258
  [3,2,540] 107.3272019258
  [3,2,541] 106.7286318007
  [3,2,542] 107.3272019258
  [3,2,543] 107.3272019258
  [3,2,544] 107.3272019258
  [3,2,545] 107.3272019258
  [3,2,546] 101.7410000000
  [3,2,547] 106.6674800000
  [3,2,548] 107.3272019258
  [3,2,549] 107.3272019258
  [3,2,550] 106.7286318007
  [3,2,551] 107.3272019258
  [3,2,552] 107.3272019258
  [3,2,553] 107.3272019258
  [3,2,554] 107.3272019258
  [3,2,555] 107.3272019258
  [3,2,556] 100.6574400000
  [3,2,557] 75.3912000000
  [3,2,558] 59.4979200000
  [3,2,559] 58.6828800000
  [3,2,560] 65.2032000000
  [3,2,561] 72.9460800000
  [3,2,562] 107.3272019258
  [3,2,563] 107.3272019258
  [3,2,564] 107.3272019258
  [3,2,565] 107.3272019258
  [3,2,566] 107.3272019258
  [3,2,567] 106.7286318007
  [3,2,568] 107.3272019258
  [3,2,569] 107.3272019258
  [3,2,570] 107.3272019258
  [3,2,571] 107.3272019258
  [3,2,572] 107.3272019258
  [3,2,573] 107.3272019258
  [3,2,574] 106.7286318007
  [3,2,575] 107.3272019258
  [3,2,576] 107.3272019258
  [3,2,577] 107.3272019258
  [3,2,578] 107.3272019258
  [3,2,579] 106.7286318007
  [3,2,580] 107.3272019258
  [3,2,581] 103.5100800000
  [3,2,582] 82.3190400000
  [3,2,583] 69.2784000000
  [3,2,584] 66.8332800000
  [3,2,585] 66.4257600000
  [3,2,586] 101.9143600000
  [3,2,587] 107.3272019258
  [3,2,588] 107.3272019258
  [3,2,589] 107.3272019258
  [3,2,590] 107.3272019258
  [3,2,591] 107.3272019258
  [3,2,592] 106.7286318007
  [3,2,593] 107.3272019258
  [3,2,594] 107.3272019258
  [3,2,595] 107.3272019258
  [3,2,596] 107.3272019258
  [3,2,597] 107.3272019258
  [3,2,598] 107.3272019258
  [3,2,599] 107.3272019258
  [3,2,600] 106.7286318007
  [3,2,601] 107.3272019258
  [3,2,602] 103.5100800000
  [3,2,603] 83.5416000000
  [3,2,604] 72.5385600000
  [3,2,605] 68.4633600000
  [3,2,606] 79.0588800000
  [3,2,607] 92.9145600000
  [3,2,608] 101.0649600000
  [3,2,609] 99.4348800000
  [3,2,610] 107.3272019258
  [3,2,611] 107.3272019258
  [3,2,612] 107.3272019258
  [3,2,613] 107.3272019258
  [3,2,614] 106.7286318007
  [3,2,615] 107.3272019258
  [3,2,616] 107.3272019258
  [3,2,617] 106.7286318007
  [3,2,618] 107.3272019258
  [3,2,619] 107.3272019258
  [3,2,620] 107.3272019258
  [3,2,621] 107.3272019258
  [3,2,622] 107.3272019258
  [3,2,623] 107.3272019258
  [3,2,624] 107.3272019258
  [3,2,625] 107.3272019258
  [3,2,626] 107.3272019258
  [3,2,627] 106.3627200000
  [3,2,628] 92.5070400000
  [3,2,629] 85.5792000000
  [3,2,630] 88.8393600000
  [3,2,631] 93.7296000000
  [3,2,632] 98.2123200000
  [3,2,633] 98.2123200000
  [3,2,634] 107.3272019258
  [3,2,635] 107.3272019258
  [3,2,636] 107.3272019258
  [3,2,637] 107.3272019258
  [3,2,638] 107.3272019258
  [3,2,639] 107.3272019258
  [3,2,640] 107.3272019258
  [3,2,641] 107.3272019258
  [3,2,642] 106.7286318007
  [3,2,643] 107.3272019258
  [3,2,644] 107.3272019258
  [3,2,645] 106.7286318007
  [3,2,646] 107.3272019258
  [3,2,647] 107.3272019258
  [3,2,648] 107.3272019258
  [3,2,649] 107.3272019258
  [3,2,650] 107.3272019258
  [3,2,651] 99.0273600000
  [3,2,652] 85.9867200000
  [3,2,653] 78.2438400000
  [3,2,654] 74.1686400000
  [3,2,655] 72.9460800000
  [3,2,656] 73.7611200000
  [3,2,657] 73.7611200000
  [3,2,658] 105.1523200000
  [3,2,659] 107.3272019258
  [3,2,660] 107.3272019258
  [3,2,661] 107.3272019258
  [3,2,662] 107.3272019258
  [3,2,663] 107.3272019258
  [3,2,664] 107.3272019258
  [3,2,665] 106.7286318007
  [3,2,666] 107.3272019258
  [3,2,667] 107.3272019258
  [3,2,668] 107.3272019258
  [3,2,669] 107.3272019258
  [3,2,670] 107.3272019258
  [3,2,671] 107.3272019258
  [3,2,672] 106.7286318007
  [3,2,673] 107.3272019258
  [3,2,674] 107.3272019258
  [3,2,675] 107.3272019258
  [3,2,676] 84.3566400000
  [3,2,677] 80.6889600000
  [3,2,678] 84.3566400000
  [3,2,679] 95.3596800000
  [3,2,680] 96.1747200000
  [3,2,681] 92.0995200000
  [3,2,682] 101.9143600000
  [3,2,683] 106.7286318007
  [3,2,684] 107.3272019258
  [3,2,685] 107.3272019258
  [3,2,686] 107.3272019258
  [3,2,687] 107.3272019258
  [3,2,688] 107.3272019258
  [3,2,689] 107.3272019258
  [3,2,690] 107.3272019258
  [3,2,691] 107.3272019258
  [3,2,692] 107.3272019258
  [3,2,693] 106.7286318007
  [3,2,694] 107.3272019258
  [3,2,695] 107.3272019258
  [3,2,696] 107.3272019258
  [3,2,697] 107.3272019258
  [3,2,698] 106.7286318007
  [3,2,699] 107.3272019258
  [3,2,700] 102.2875200000
  [3,2,701] 79.0588800000
  [3,2,702] 66.0182400000
  [3,2,703] 68.4633600000
  [3,2,704] 72.5385600000
  [3,2,705] 78.2438400000
  [3,2,706] 107.3272019258
  [3,2,707] 107.3272019258
  [3,2,708] 107.3272019258
  [3,2,709] 107.3272019258
  [3,2,710] 106.7286318007
  [3,2,711] 107.3272019258
  [3,2,712] 107.3272019258
  [3,2,713] 98.1801600000
  [3,2,714] 89.6766800000
  [3,2,715] 88.9584400000
  [3,2,716] 97.3630000000
  [3,2,717] 107.3272019258
  [3,2,718] 107.3272019258
  [3,2,719] 107.3272019258
  [3,2,720] 106.7286318007
  [3,2,721] 107.3272019258
  [3,2,722] 107.3272019258
  [3,2,723] 107.3272019258
  [3,2,724] 107.3272019258
  [3,2,725] 107.3272019258
  [3,2,726] 107.3272019258
  [3,2,727] 107.3272019258
  [3,2,728] 107.3272019258
  [3,2,729] 102.6950400000
  [3,2,730] 107.3272019258
  [3,2,731] 107.3272019258
  [3,2,732] 107.3272019258
  [3,2,733] 107.3272019258
  [3,2,734] 107.3272019258
  [3,2,735] 106.7286318007
  [3,2,736] 106.4859600000
  [3,2,737] 107.3272019258
  [3,2,738] 107.3272019258
  [3,2,739] 107.3272019258
  [3,2,740] 107.3272019258
  [3,2,741] 107.3272019258
  [3,2,742] 107.3272019258
  [3,2,743] 107.3272019258
  [3,2,744] 107.3272019258
  [3,3,1] 106.7286318007
  [3,3,2] 107.3272019258
  [3,3,3] 107.3272019258
  [3,3,4] 91.3653685737
  [3,3,5] 66.8989292197
  [3,3,6] 52.6958443656
  [3,3,7] 63.5583993218
  [3,3,8] 87.7615500115
  [3,3,9] 103.5985858570
  [3,3,10] 107.3272019258
  [3,3,11] 107.3272019258
  [3,3,12] 107.3272019258
  [3,3,13] 107.3272019258
  [3,3,14] 106.7286318007
  [3,3,15] 107.3272019258
  [3,3,16] 107.3272019258
  [3,3,17] 107.3272019258
  [3,3,18] 107.3272019258
  [3,3,19] 107.3272019258
  [3,3,20] 107.3272019258
  [3,3,21] 106.7286318007
  [3,3,22] 107.3272019258
  [3,3,23] 107.3272019258
  [3,3,24] 107.3272019258
  [3,3,25] 107.3272019258
  [3,3,26] 106.7286318007
  [3,3,27] 107.3272019258
  [3,3,28] 107.3272019258
  [3,3,29] 107.3272019258
  [3,3,30] 107.3272019258
  [3,3,31] 103.5985858570
  [3,3,32] 83.1731801411
  [3,3,33] 68.5691941686
  [3,3,34] 83.9599765843
  [3,3,35] 107.3272019258
  [3,3,36] 107.3272019258
  [3,3,37] 107.3272019258
  [3,3,38] 107.3272019258
  [3,3,39] 107.3272019258
  [3,3,40] 107.3272019258
  [3,3,41] 106.7286318007
  [3,3,42] 107.3272019258
  [3,3,43] 107.3272019258
  [3,3,44] 107.3272019258
  [3,3,45] 106.7286318007
  [3,3,46] 107.3272019258
  [3,3,47] 107.3272019258
  [3,3,48] 107.3272019258
  [3,3,49] 107.3272019258
  [3,3,50] 107.3272019258
  [3,3,51] 107.3272019258
  [3,3,52] 107.3272019258
  [3,3,53] 106.7286318007
  [3,3,54] 106.7286318007
  [3,3,55] 106.0989382977
  [3,3,56] 100.6815080096
  [3,3,57] 100.5061544742
  [3,3,58] 107.3272019258
  [3,3,59] 107.3272019258
  [3,3,60] 106.7286318007
  [3,3,61] 106.7286318007
  [3,3,62] 107.3272019258
  [3,3,63] 106.7286318007
  [3,3,64] 106.7286318007
  [3,3,65] 107.3272019258
  [3,3,66] 107.3272019258
  [3,3,67] 107.3272019258
  [3,3,68] 107.3272019258
  [3,3,69] 106.7286318007
  [3,3,70] 107.3272019258
  [3,3,71] 107.3272019258
  [3,3,72] 107.3272019258
  [3,3,73] 107.3272019258
  [3,3,74] 107.3272019258
  [3,3,75] 107.3272019258
  [3,3,76] 107.3272019258
  [3,3,77] 107.3272019258
  [3,3,78] 106.7286318007
  [3,3,79] 106.7286318007
  [3,3,80] 107.3272019258
  [3,3,81] 101.6758734040
  [3,3,82] 107.3272019258
  [3,3,83] 107.3272019258
  [3,3,84] 107.3272019258
  [3,3,85] 107.3272019258
  [3,3,86] 106.7286318007
  [3,3,87] 107.3272019258
  [3,3,88] 107.3272019258
  [3,3,89] 107.3272019258
  [3,3,90] 107.3272019258
  [3,3,91] 106.7286318007
  [3,3,92] 107.3272019258
  [3,3,93] 107.3272019258
  [3,3,94] 106.7286318007
  [3,3,95] 107.3272019258
  [3,3,96] 107.3272019258
  [3,3,97] 107.3272019258
  [3,3,98] 107.3272019258
  [3,3,99] 106.7286318007
  [3,3,100] 107.3272019258
  [3,3,101] 107.3272019258
  [3,3,102] 107.3272019258
  [3,3,103] 106.7286318007
  [3,3,104] 107.3272019258
  [3,3,105] 106.7286318007
  [3,3,106] 106.7286318007
  [3,3,107] 107.3272019258
  [3,3,108] 107.3272019258
  [3,3,109] 107.3272019258
  [3,3,110] 107.3272019258
  [3,3,111] 107.3272019258
  [3,3,112] 107.3272019258
  [3,3,113] 107.3272019258
  [3,3,114] 107.3272019258
  [3,3,115] 107.3272019258
  [3,3,116] 107.3272019258
  [3,3,117] 107.3272019258
  [3,3,118] 107.3272019258
  [3,3,119] 107.3272019258
  [3,3,120] 107.3272019258
  [3,3,121] 107.3272019258
  [3,3,122] 107.3272019258
  [3,3,123] 106.7286318007
  [3,3,124] 107.3272019258
  [3,3,125] 107.3272019258
  [3,3,126] 107.3272019258
  [3,3,127] 107.3272019258
  [3,3,128] 107.3272019258
  [3,3,129] 107.3272019258
  [3,3,130] 107.3272019258
  [3,3,131] 106.7286318007
  [3,3,132] 107.3272019258
  [3,3,133] 107.3272019258
  [3,3,134] 107.3272019258
  [3,3,135] 107.3272019258
  [3,3,136] 107.3272019258
  [3,3,137] 107.3272019258
  [3,3,138] 107.3272019258
  [3,3,139] 107.3272019258
  [3,3,140] 107.3272019258
  [3,3,141] 106.7286318007
  [3,3,142] 107.3272019258
  [3,3,143] 107.3272019258
  [3,3,144] 107.3272019258
  [3,3,145] 106.7286318007
  [3,3,146] 107.3272019258
  [3,3,147] 107.3272019258
  [3,3,148] 107.3272019258
  [3,3,149] 107.3272019258
  [3,3,150] 107.3272019258
  [3,3,151] 106.0989382977
  [3,3,152] 80.2533084054
  [3,3,153] 62.7232668474
  [3,3,154] 107.3272019258
  [3,3,155] 107.3272019258
  [3,3,156] 107.3272019258
  [3,3,157] 107.3272019258
  [3,3,158] 106.7286318007
  [3,3,159] 107.3272019258
  [3,3,160] 107.3272019258
  [3,3,161] 107.3272019258
  [3,3,162] 107.3272019258
  [3,3,163] 106.7286318007
  [3,3,164] 107.3272019258
  [3,3,165] 107.3272019258
  [3,3,166] 107.3272019258
  [3,3,167] 107.3272019258
  [3,3,168] 106.7286318007
  [3,3,169] 107.3272019258
  [3,3,170] 107.3272019258
  [3,3,171] 107.3272019258
  [3,3,172] 106.7286318007
  [3,3,173] 107.3272019258
  [3,3,174] 104.0153112638
  [3,3,175] 89.0129236125
  [3,3,176] 84.8416782758
  [3,3,177] 82.8365899574
  [3,3,178] 107.3272019258
  [3,3,179] 107.3272019258
  [3,3,180] 106.7286318007
  [3,3,181] 107.3272019258
  [3,3,182] 107.3272019258
  [3,3,183] 107.3272019258
  [3,3,184] 107.3272019258
  [3,3,185] 106.7286318007
  [3,3,186] 107.3272019258
  [3,3,187] 107.3272019258
  [3,3,188] 107.3272019258
  [3,3,189] 106.7286318007
  [3,3,190] 107.3272019258
  [3,3,191] 107.3272019258
  [3,3,192] 107.3272019258
  [3,3,193] 106.7286318007
  [3,3,194] 107.3272019258
  [3,3,195] 107.3272019258
  [3,3,196] 107.3272019258
  [3,3,197] 106.7286318007
  [3,3,198] 107.3272019258
  [3,3,199] 107.3272019258
  [3,3,200] 107.3272019258
  [3,3,201] 88.1786745452
  [3,3,202] 107.3272019258
  [3,3,203] 106.7286318007
  [3,3,204] 107.3272019258
  [3,3,205] 107.3272019258
  [3,3,206] 106.7286318007
  [3,3,207] 107.3272019258
  [3,3,208] 107.3272019258
  [3,3,209] 107.3272019258
  [3,3,210] 106.7286318007
  [3,3,211] 107.3272019258
  [3,3,212] 107.3272019258
  [3,3,213] 107.3272019258
  [3,3,214] 106.7286318007
  [3,3,215] 107.3272019258
  [3,3,216] 107.3272019258
  [3,3,217] 101.9316842299
  [3,3,218] 84.4245537421
  [3,3,219] 71.0745915920
  [3,3,220] 64.3935317963
  [3,3,221] 62.7232668474
  [3,3,222] 65.2286642707
  [3,3,223] 67.7340616941
  [3,3,224] 73.1621913330
  [3,3,225] 63.1408330846
  [3,3,226] 48.6788006254
  [3,3,227] 71.5211759776
  [3,3,228] 95.7964783786
  [3,3,229] 106.7286318007
  [3,3,230] 103.4585320886
  [3,3,231] 89.7437340919
  [3,3,232] 76.0946734295
  [3,3,233] 69.8241471150
  [3,3,234] 69.2556291255
  [3,3,235] 73.9304407195
  [3,3,236] 78.5435399988
  [3,3,237] 99.8480571960
  [3,3,238] 107.3272019258
  [3,3,239] 106.7286318007
  [3,3,240] 107.3272019258
  [3,3,241] 107.3272019258
  [3,3,242] 106.7286318007
  [3,3,243] 106.7286318007
  [3,3,244] 94.4306269079
  [3,3,245] 84.0074292085
  [3,3,246] 78.1676857370
  [3,3,247] 77.3334366697
  [3,3,248] 77.3334366697
  [3,3,249] 76.9163121360
  [3,3,250] 95.7344685909
  [3,3,251] 106.7286318007
  [3,3,252] 107.3272019258
  [3,3,253] 107.3272019258
  [3,3,254] 107.3272019258
  [3,3,255] 106.7286318007
  [3,3,256] 107.3272019258
  [3,3,257] 107.3272019258
  [3,3,258] 107.3272019258
  [3,3,259] 106.7286318007
  [3,3,260] 107.3272019258
  [3,3,261] 107.3272019258
  [3,3,262] 107.3272019258
  [3,3,263] 106.7286318007
  [3,3,264] 106.7286318007
  [3,3,265] 107.3272019258
  [3,3,266] 107.3272019258
  [3,3,267] 106.7286318007
  [3,3,268] 107.3272019258
  [3,3,269] 107.3272019258
  [3,3,270] 106.7286318007
  [3,3,271] 107.3272019258
  [3,3,272] 106.7286318007
  [3,3,273] 107.3272019258
  [3,3,274] 107.3272019258
  [3,3,275] 107.3272019258
  [3,3,276] 106.7286318007
  [3,3,277] 106.7286318007
  [3,3,278] 107.3272019258
  [3,3,279] 106.7286318007
  [3,3,280] 107.3272019258
  [3,3,281] 107.3272019258
  [3,3,282] 106.7286318007
  [3,3,283] 107.3272019258
  [3,3,284] 107.3272019258
  [3,3,285] 107.3272019258
  [3,3,286] 106.7286318007
  [3,3,287] 106.7286318007
  [3,3,288] 107.3272019258
  [3,3,289] 107.0827368724
  [3,3,290] 107.3272019258
  [3,3,291] 106.7286318007
  [3,3,292] 106.7286318007
  [3,3,293] 106.7286318007
  [3,3,294] 106.7286318007
  [3,3,295] 105.2654874841
  [3,3,296] 103.5985858570
  [3,3,297] 95.7612604187
  [3,3,298] 106.7286318007
  [3,3,299] 106.7286318007
  [3,3,300] 107.3272019258
  [3,3,301] 106.7286318007
  [3,3,302] 89.6096931458
  [3,3,303] 72.9477333130
  [3,3,304] 66.0165397888
  [3,3,305] 63.3105974500
  [3,3,306] 62.5436248354
  [3,3,307] 72.2281859494
  [3,3,308] 106.7286318007
  [3,3,309] 106.7286318007
  [3,3,310] 106.7286318007
  [3,3,311] 106.7286318007
  [3,3,312] 106.7286318007
  [3,3,313] 104.8487620773
  [3,3,314] 101.9316842299
  [3,3,315] 99.0146063825
  [3,3,316] 88.5957990789
  [3,3,317] 64.8110980335
  [3,3,318] 43.0800249695
  [3,3,319] 28.8452920238
  [3,3,320] 22.5570030942
  [3,3,321] 22.1377838322
  [3,3,322] 34.7245751595
  [3,3,323] 45.1626204216
  [3,3,324] 39.3603879002
  [3,3,325] 35.8603240120
  [3,3,326] 37.6611610157
  [3,3,327] 39.0350958206
  [3,3,328] 41.4057794647
  [3,3,329] 43.6642973701
  [3,3,330] 47.6875372756
  [3,3,331] 44.8749295930
  [3,3,332] 37.5076570104
  [3,3,333] 32.1963609061
  [3,3,334] 26.3299764520
  [3,3,335] 20.4609067843
  [3,3,336] 18.3648104745
  [3,3,337] 2.3942805003
  [3,3,338] 2.3942805003
  [3,3,339] 2.3942805003
  [3,3,340] 2.3942805003
  [3,3,341] 2.3942805003
  [3,3,342] 2.3942805003
  [3,3,343] 2.3942805003
  [3,3,344] 2.3942805003
  [3,3,345] 2.3942805003
  [3,3,346] 2.3942805003
  [3,3,347] 41.5942491842
  [3,3,348] 73.3027067825
  [3,3,349] 86.5949688044
  [3,3,350] 91.1010776233
  [3,3,351] 91.6044367572
  [3,3,352] 85.3043311253
  [3,3,353] 82.3823713103
  [3,3,354] 93.0897266051
  [3,3,355] 106.7286318007
  [3,3,356] 106.7286318007
  [3,3,357] 96.5142539418
  [3,3,358] 76.4991876023
  [3,3,359] 63.1408330846
  [3,3,360] 56.4583529169
  [3,3,361] 54.3680703884
  [3,3,362] 50.1875053314
  [3,3,363] 43.0800249695
  [3,3,364] 40.9870126496
  [3,3,365] 37.6381929378
  [3,3,366] 37.2195904738
  [3,3,367] 35.5451806179
  [3,3,368] 38.8940003297
  [3,3,369] 40.5684101856
  [3,3,370] 40.5995136471
  [3,3,371] 55.1504285880
  [3,3,372] 75.7971835530
  [3,3,373] 98.7320855359
  [3,3,374] 106.7286318007
  [3,3,375] 106.7286318007
  [3,3,376] 106.7286318007
  [3,3,377] 106.7286318007
  [3,3,378] 106.7286318007
  [3,3,379] 106.7286318007
  [3,3,380] 95.5364135831
  [3,3,381] 83.5903046748
  [3,3,382] 82.3389310738
  [3,3,383] 73.9964404003
  [3,3,384] 64.8110980335
  [3,3,385] 53.1139008713
  [3,3,386] 43.4986012403
  [3,3,387] 35.9637830819
  [3,3,388] 32.6149633701
  [3,3,389] 33.4521682980
  [3,3,390] 37.2195904738
  [3,3,391] 43.9166577460
  [3,3,392] 51.4416748485
  [3,3,393] 56.8764094226
  [3,3,394] 56.8578209266
  [3,3,395] 92.8752283686
  [3,3,396] 106.7286318007
  [3,3,397] 106.7286318007
  [3,3,398] 106.7286318007
  [3,3,399] 106.7286318007
  [3,3,400] 106.7286318007
  [3,3,401] 103.4563642002
  [3,3,402] 94.4307087150
  [3,3,403] 88.7094151547
  [3,3,404] 87.8503547930
  [3,3,405] 86.5101764105
  [3,3,406] 94.0139015011
  [3,3,407] 100.6815080096
  [3,3,408] 104.8487620773
  [3,3,409] 106.7286318007
  [3,3,410] 106.7286318007
  [3,3,411] 106.7286318007
  [3,3,412] 106.5156637044
  [3,3,413] 101.9316842299
  [3,3,414] 83.1731801411
  [3,3,415] 64.8110980335
  [3,3,416] 51.8597313542
  [3,3,417] 45.5888837688
  [3,3,418] 40.7611530359
  [3,3,419] 63.6370106335
  [3,3,420] 91.5734727669
  [3,3,421] 97.1621662350
  [3,3,422] 91.4105539119
  [3,3,423] 81.1827083774
  [3,3,424] 67.1182047761
  [3,3,425] 54.0722547867
  [3,3,426] 44.7984007961
  [3,3,427] 41.9175279619
  [3,3,428] 48.3041993454
  [3,3,429] 75.6649385350
  [3,3,430] 98.5978809757
  [3,3,431] 94.4306269079
  [3,3,432] 79.4190593381
  [3,3,433] 63.9759655590
  [3,3,434] 49.3513923200
  [3,3,435] 37.6381929378
  [3,3,436] 31.3591559781
  [3,3,437] 31.3591559781
  [3,3,438] 35.5451806179
  [3,3,439] 41.8242175775
  [3,3,440] 47.6791662973
  [3,3,441] 53.1139008713
  [3,3,442] 59.7238641376
  [3,3,443] 97.8697568133
  [3,3,444] 106.7286318007
  [3,3,445] 105.0511528619
  [3,3,446] 98.3567545257
  [3,3,447] 92.7866721745
  [3,3,448] 85.7567073495
  [3,3,449] 80.4269874662
  [3,3,450] 75.9149757874
  [3,3,451] 73.4720459139
  [3,3,452] 76.4806405456
  [3,3,453] 88.5957990789
  [3,3,454] 106.5156637044
  [3,3,455] 107.1225387799
  [3,3,456] 107.1777600000
  [3,3,457] 106.7286318007
  [3,3,458] 106.7286318007
  [3,3,459] 107.3272019258
  [3,3,460] 106.7286318007
  [3,3,461] 101.5149588231
  [3,3,462] 99.8480571960
  [3,3,463] 106.7286318007
  [3,3,464] 106.7286318007
  [3,3,465] 107.3272019258
  [3,3,466] 107.3272019258
  [3,3,467] 107.3272019258
  [3,3,468] 107.3272019258
  [3,3,469] 107.3272019258
  [3,3,470] 106.7286318007
  [3,3,471] 107.3272019258
  [3,3,472] 107.3272019258
  [3,3,473] 107.3272019258
  [3,3,474] 106.7286318007
  [3,3,475] 107.3272019258
  [3,3,476] 107.3272019258
  [3,3,477] 107.3272019258
  [3,3,478] 107.3272019258
  [3,3,479] 106.7286318007
  [3,3,480] 107.3272019258
  [3,3,481] 107.3272019258
  [3,3,482] 107.3272019258
  [3,3,483] 107.3272019258
  [3,3,484] 100.2647826028
  [3,3,485] 90.6800982469
  [3,3,486] 88.1786745452
  [3,3,487] 91.0968236537
  [3,3,488] 99.0146063825
  [3,3,489] 106.7286318007
  [3,3,490] 107.3272019258
  [3,3,491] 107.3272019258
  [3,3,492] 107.3272019258
  [3,3,493] 107.3272019258
  [3,3,494] 106.7286318007
  [3,3,495] 107.3272019258
  [3,3,496] 107.3272019258
  [3,3,497] 107.3272019258
  [3,3,498] 107.3272019258
  [3,3,499] 107.3272019258
  [3,3,500] 107.3272019258
  [3,3,501] 107.3272019258
  [3,3,502] 107.3272019258
  [3,3,503] 107.3272019258
  [3,3,504] 107.3272019258
  [3,3,505] 106.7286318007
  [3,3,506] 107.3272019258
  [3,3,507] 106.7286318007
  [3,3,508] 106.7286318007
  [3,3,509] 94.4306269079
  [3,3,510] 88.5957990789
  [3,3,511] 87.3444254778
  [3,3,512] 90.6800982469
  [3,3,513] 91.5940063509
  [3,3,514] 107.3272019258
  [3,3,515] 106.7286318007
  [3,3,516] 107.3272019258
  [3,3,517] 107.3272019258
  [3,3,518] 107.3272019258
  [3,3,519] 107.3272019258
  [3,3,520] 107.3272019258
  [3,3,521] 106.7286318007
  [3,3,522] 107.3272019258
  [3,3,523] 107.3272019258
  [3,3,524] 107.3272019258
  [3,3,525] 107.3272019258
  [3,3,526] 107.3272019258
  [3,3,527] 107.3272019258
  [3,3,528] 107.3272019258
  [3,3,529] 107.3272019258
  [3,3,530] 107.3272019258
  [3,3,531] 107.3272019258
  [3,3,532] 106.7286318007
  [3,3,533] 107.3272019258
  [3,3,534] 107.3272019258
  [3,3,535] 107.3272019258
  [3,3,536] 107.3272019258
  [3,3,537] 107.3272019258
  [3,3,538] 107.3272019258
  [3,3,539] 107.3272019258
  [3,3,540] 107.3272019258
  [3,3,541] 107.3272019258
  [3,3,542] 106.7286318007
  [3,3,543] 107.3272019258
  [3,3,544] 107.3272019258
  [3,3,545] 106.7286318007
  [3,3,546] 106.7286318007
  [3,3,547] 106.7286318007
  [3,3,548] 107.3272019258
  [3,3,549] 106.7286318007
  [3,3,550] 107.3272019258
  [3,3,551] 107.3272019258
  [3,3,552] 107.3272019258
  [3,3,553] 107.3272019258
  [3,3,554] 107.3272019258
  [3,3,555] 107.3272019258
  [3,3,556] 105.6822128909
  [3,3,557] 79.8361838717
  [3,3,558] 63.5583993218
  [3,3,559] 62.7232668474
  [3,3,560] 69.4043266431
  [3,3,561] 77.3334366697
  [3,3,562] 107.3272019258
  [3,3,563] 107.3272019258
  [3,3,564] 107.3272019258
  [3,3,565] 106.7286318007
  [3,3,566] 107.3272019258
  [3,3,567] 107.3272019258
  [3,3,568] 107.3272019258
  [3,3,569] 107.3272019258
  [3,3,570] 107.3272019258
  [3,3,571] 107.3272019258
  [3,3,572] 107.3272019258
  [3,3,573] 107.3272019258
  [3,3,574] 107.3272019258
  [3,3,575] 107.3272019258
  [3,3,576] 107.3272019258
  [3,3,577] 107.3272019258
  [3,3,578] 107.3272019258
  [3,3,579] 107.3272019258
  [3,3,580] 106.7286318007
  [3,3,581] 106.7286318007
  [3,3,582] 86.9273009442
  [3,3,583] 73.5793158666
  [3,3,584] 71.0745915920
  [3,3,585] 70.6570253548
  [3,3,586] 106.7286318007
  [3,3,587] 106.7286318007
  [3,3,588] 107.3272019258
  [3,3,589] 107.3272019258
  [3,3,590] 107.3272019258
  [3,3,591] 107.3272019258
  [3,3,592] 107.3272019258
  [3,3,593] 107.3272019258
  [3,3,594] 107.3272019258
  [3,3,595] 107.3272019258
  [3,3,596] 107.3272019258
  [3,3,597] 107.3272019258
  [3,3,598] 107.3272019258
  [3,3,599] 107.3272019258
  [3,3,600] 106.7286318007
  [3,3,601] 107.3272019258
  [3,3,602] 106.7286318007
  [3,3,603] 88.1786745452
  [3,3,604] 76.9163121360
  [3,3,605] 72.7448565409
  [3,3,606] 83.5903046748
  [3,3,607] 97.7644301621
  [3,3,608] 106.0989382977
  [3,3,609] 104.4320366706
  [3,3,610] 107.3272019258
  [3,3,611] 107.3272019258
  [3,3,612] 107.3272019258
  [3,3,613] 107.3272019258
  [3,3,614] 106.7286318007
  [3,3,615] 107.3272019258
  [3,3,616] 107.3272019258
  [3,3,617] 107.3272019258
  [3,3,618] 107.3272019258
  [3,3,619] 107.3272019258
  [3,3,620] 106.7286318007
  [3,3,621] 107.3272019258
  [3,3,622] 107.3272019258
  [3,3,623] 107.3272019258
  [3,3,624] 107.3272019258
  [3,3,625] 106.7286318007
  [3,3,626] 107.3272019258
  [3,3,627] 106.7286318007
  [3,3,628] 97.3477047554
  [3,3,629] 90.2633728402
  [3,3,630] 93.5971760944
  [3,3,631] 98.5978809757
  [3,3,632] 103.1818604502
  [3,3,633] 103.1818604502
  [3,3,634] 107.3272019258
  [3,3,635] 107.3272019258
  [3,3,636] 107.3272019258
  [3,3,637] 107.3272019258
  [3,3,638] 107.3272019258
  [3,3,639] 106.7286318007
  [3,3,640] 107.3272019258
  [3,3,641] 107.3272019258
  [3,3,642] 107.3272019258
  [3,3,643] 106.7286318007
  [3,3,644] 107.3272019258
  [3,3,645] 107.3272019258
  [3,3,646] 107.3272019258
  [3,3,647] 107.3272019258
  [3,3,648] 106.7286318007
  [3,3,649] 107.3272019258
  [3,3,650] 107.3272019258
  [3,3,651] 104.0153112638
  [3,3,652] 90.6800982469
  [3,3,653] 82.7560556074
  [3,3,654] 78.5848102707
  [3,3,655] 77.3334366697
  [3,3,656] 78.1676857370
  [3,3,657] 78.1676857370
  [3,3,658] 106.7286318007
  [3,3,659] 107.3272019258
  [3,3,660] 107.3272019258
  [3,3,661] 107.3272019258
  [3,3,662] 107.3272019258
  [3,3,663] 107.3272019258
  [3,3,664] 107.3272019258
  [3,3,665] 107.3272019258
  [3,3,666] 107.3272019258
  [3,3,667] 107.3272019258
  [3,3,668] 107.3272019258
  [3,3,669] 107.3272019258
  [3,3,670] 107.3272019258
  [3,3,671] 107.3272019258
  [3,3,672] 106.7286318007
  [3,3,673] 107.3272019258
  [3,3,674] 107.3272019258
  [3,3,675] 107.3272019258
  [3,3,676] 89.0129236125
  [3,3,677] 85.2588028095
  [3,3,678] 89.0129236125
  [3,3,679] 100.2647826028
  [3,3,680] 101.0982334164
  [3,3,681] 96.9309793486
  [3,3,682] 106.7286318007
  [3,3,683] 107.3272019258
  [3,3,684] 107.3272019258
  [3,3,685] 106.7286318007
  [3,3,686] 107.3272019258
  [3,3,687] 107.3272019258
  [3,3,688] 107.3272019258
  [3,3,689] 107.3272019258
  [3,3,690] 107.3272019258
  [3,3,691] 107.3272019258
  [3,3,692] 107.3272019258
  [3,3,693] 107.3272019258
  [3,3,694] 107.3272019258
  [3,3,695] 107.3272019258
  [3,3,696] 107.3272019258
  [3,3,697] 107.3272019258
  [3,3,698] 107.3272019258
  [3,3,699] 107.3272019258
  [3,3,700] 106.7286318007
  [3,3,701] 83.5903046748
  [3,3,702] 70.2394591175
  [3,3,703] 72.7448565409
  [3,3,704] 76.9163121360
  [3,3,705] 82.7560556074
  [3,3,706] 107.3272019258
  [3,3,707] 107.3272019258
  [3,3,708] 107.3272019258
  [3,3,709] 107.3272019258
  [3,3,710] 107.3272019258
  [3,3,711] 107.3272019258
  [3,3,712] 107.3272019258
  [3,3,713] 103.1489739929
  [3,3,714] 94.4534101874
  [3,3,715] 93.7189459742
  [3,3,716] 102.3133552910
  [3,3,717] 106.7286318007
  [3,3,718] 107.3272019258
  [3,3,719] 107.3272019258
  [3,3,720] 107.3272019258
  [3,3,721] 107.3272019258
  [3,3,722] 107.3272019258
  [3,3,723] 107.3272019258
  [3,3,724] 107.3272019258
  [3,3,725] 107.3272019258
  [3,3,726] 107.3272019258
  [3,3,727] 107.3272019258
  [3,3,728] 107.3272019258
  [3,3,729] 106.7286318007
  [3,3,730] 106.7286318007
  [3,3,731] 107.3272019258
  [3,3,732] 107.3272019258
  [3,3,733] 107.3272019258
  [3,3,734] 107.3272019258
  [3,3,735] 107.3272019258
  [3,3,736] 106.7286318007
  [3,3,737] 107.3272019258
  [3,3,738] 107.3272019258
  [3,3,739] 107.3272019258
  [3,3,740] 107.3272019258
  [3,3,741] 106.7286318007
  [3,3,742] 107.3272019258
  [3,3,743] 107.3272019258
  [3,3,744] 107.3272019258
  [9,1,1] 89.2981718492
  [9,1,2] 89.2981718492
  [9,1,3] 89.2981718492
  [9,1,4] 89.2981718492
  [9,1,5] 89.2981718492
  [9,1,6] 89.2981718492
  [9,1,7] 89.2981718492
  [9,1,8] 89.2981718492
  [9,1,9] 89.2981718492
  [9,1,10] 89.2981718492
  [9,1,11] 89.2981718492
  [9,1,12] 89.2981718492
  [9,1,13] 89.2981718492
  [9,1,14] 89.2981718492
  [9,1,15] 89.2981718492
  [9,1,16] 89.2981718492
  [9,1,17] 89.2981718492
  [9,1,18] 89.2981718492
  [9,1,19] 89.2981718492
  [9,1,20] 89.2981718492
  [9,1,21] 89.2981718492
  [9,1,22] 89.2981718492
  [9,1,23] 89.2981718492
  [9,1,24] 89.2981718492
  [9,1,25] 89.2981715909
  [9,1,26] 89.2981718492
  [9,1,27] 89.2981718492
  [9,1,28] 89.2981718492
  [9,1,29] 89.2981718492
  [9,1,30] 89.2981718492
  [9,1,31] 89.2981715909
  [9,1,32] 89.2981718492
  [9,1,33] 89.2981718492
  [9,1,34] 89.2981718492
  [9,1,35] 89.2981718492
  [9,1,36] 89.2981715909
  [9,1,37] 89.2981718492
  [9,1,38] 89.2981718492
  [9,1,39] 89.2981718492
  [9,1,40] 89.2981718492
  [9,1,41] 89.2981718492
  [9,1,42] 89.2981718492
  [9,1,43] 89.2981718492
  [9,1,44] 89.2981715909
  [9,1,45] 89.2981718492
  [9,1,46] 89.2981718492
  [9,1,47] 89.2981718492
  [9,1,48] 89.2981718492
  [9,1,49] 89.2981718492
  [9,1,50] 89.2981715909
  [9,1,51] 89.2981718492
  [9,1,52] 89.2981718492
  [9,1,53] 89.2981718492
  [9,1,54] 89.2981715909
  [9,1,55] 89.2981718492
  [9,1,56] 89.2981718492
  [9,1,57] 89.2981718492
  [9,1,58] 89.2981718492
  [9,1,59] 89.2981718492
  [9,1,60] 89.2981715909
  [9,1,61] 89.2981718492
  [9,1,62] 89.2981718492
  [9,1,63] 89.2981718492
  [9,1,64] 89.2981718492
  [9,1,65] 89.2981718492
  [9,1,66] 89.2981715909
  [9,1,67] 89.2981718492
  [9,1,68] 89.2981718492
  [9,1,69] 89.2981718492
  [9,1,70] 89.2981718492
  [9,1,71] 89.2981718492
  [9,1,72] 89.2981715909
  [9,1,73] 89.2981718492
  [9,1,74] 89.2981718492
  [9,1,75] 89.2981718492
  [9,1,76] 89.2981715909
  [9,1,77] 89.2981718492
  [9,1,78] 89.2981718492
  [9,1,79] 89.2981718492
  [9,1,80] 89.2981718492
  [9,1,81] 89.2981718492
  [9,1,82] 89.2981718492
  [9,1,83] 89.2981715909
  [9,1,84] 89.2981718492
  [9,1,85] 89.2981718492
  [9,1,86] 89.2981718492
  [9,1,87] 89.2981718492
  [9,1,88] 89.2981718492
  [9,1,89] 89.2981715909
  [9,1,90] 89.2981718492
  [9,1,91] 89.2981718492
  [9,1,92] 89.2981718492
  [9,1,93] 89.2981718492
  [9,1,94] 89.2981718492
  [9,1,95] 89.2981715909
  [9,1,96] 89.2981718492
  [9,1,97] 89.2981718492
  [9,1,98] 89.2981718492
  [9,1,99] 89.2981718492
  [9,1,100] 89.2981718492
  [9,1,101] 89.2981718492
  [9,1,102] 89.2981718492
  [9,1,103] 89.2981718492
  [9,1,104] 89.2981718492
  [9,1,105] 89.2981718492
  [9,1,106] 89.2981718492
  [9,1,107] 89.2981715909
  [9,1,108] 89.2981718492
  [9,1,109] 89.2981718492
  [9,1,110] 89.2981718492
  [9,1,111] 89.2981718492
  [9,1,112] 89.2981718492
  [9,1,113] 89.2981718492
  [9,1,114] 89.2981718492
  [9,1,115] 89.2981718492
  [9,1,116] 89.2981718492
  [9,1,117] 89.2981718492
  [9,1,118] 89.2981718492
  [9,1,119] 89.2981715909
  [9,1,120] 89.2981718492
  [9,1,121] 89.2981718492
  [9,1,122] 89.2981718492
  [9,1,123] 89.2981718492
  [9,1,124] 89.2981718492
  [9,1,125] 89.2981718492
  [9,1,126] 89.2981718492
  [9,1,127] 89.2981718492
  [9,1,128] 89.2981718492
  [9,1,129] 88.8393600000
  [9,1,130] 89.2981718492
  [9,1,131] 89.2981718492
  [9,1,132] 89.2981718492
  [9,1,133] 89.2981718492
  [9,1,134] 89.2981718492
  [9,1,135] 89.2981718492
  [9,1,136] 89.2981718492
  [9,1,137] 89.2981718492
  [9,1,138] 89.2981718492
  [9,1,139] 89.2981718492
  [9,1,140] 89.2981718492
  [9,1,141] 89.2981715909
  [9,1,142] 89.2981718492
  [9,1,143] 89.2981718492
  [9,1,144] 89.2981715909
  [9,1,145] 89.2981718492
  [9,1,146] 89.2981718492
  [9,1,147] 89.2981718492
  [9,1,148] 89.2981718492
  [9,1,149] 89.2981718492
  [9,1,150] 89.2981718492
  [9,1,151] 89.2981718492
  [9,1,152] 89.2981718492
  [9,1,153] 89.2981718492
  [9,1,154] 89.2981718492
  [9,1,155] 89.2981718492
  [9,1,156] 89.2981718492
  [9,1,157] 89.2981718492
  [9,1,158] 89.2981718492
  [9,1,159] 89.2981718492
  [9,1,160] 89.2981718492
  [9,1,161] 89.2981718492
  [9,1,162] 89.2981718492
  [9,1,163] 89.2981718492
  [9,1,164] 89.2981718492
  [9,1,165] 89.2981715909
  [9,1,166] 89.2981718492
  [9,1,167] 89.2981718492
  [9,1,168] 89.2981718492
  [9,1,169] 89.2981718492
  [9,1,170] 89.2981718492
  [9,1,171] 89.2981718492
  [9,1,172] 89.2981718492
  [9,1,173] 89.2981718492
  [9,1,174] 89.2981718492
  [9,1,175] 89.2981718492
  [9,1,176] 89.2981718492
  [9,1,177] 89.2981718492
  [9,1,178] 89.2981718492
  [9,1,179] 89.2981718492
  [9,1,180] 89.2981715909
  [9,1,181] 89.2981718492
  [9,1,182] 89.2981718492
  [9,1,183] 89.2981718492
  [9,1,184] 89.2981718492
  [9,1,185] 89.2981718492
  [9,1,186] 89.2981718492
  [9,1,187] 89.2981718492
  [9,1,188] 89.2981718492
  [9,1,189] 89.2981715909
  [9,1,190] 89.2981718492
  [9,1,191] 89.2981718492
  [9,1,192] 89.2981718492
  [9,1,193] 89.2981718492
  [9,1,194] 89.2981718492
  [9,1,195] 89.2981718492
  [9,1,196] 89.2981718492
  [9,1,197] 89.2981718492
  [9,1,198] 89.2981718492
  [9,1,199] 89.2981718492
  [9,1,200] 89.2981718492
  [9,1,201] 89.2981718492
  [9,1,202] 89.2981718492
  [9,1,203] 89.2981718492
  [9,1,204] 89.2981715909
  [9,1,205] 89.2981718492
  [9,1,206] 89.2981718492
  [9,1,207] 89.2981718492
  [9,1,208] 89.2981718492
  [9,1,209] 89.2981718492
  [9,1,210] 89.2981718492
  [9,1,211] 89.2981718492
  [9,1,212] 89.2981718492
  [9,1,213] 89.2981718492
  [9,1,214] 89.2981718492
  [9,1,215] 89.2981718492
  [9,1,216] 89.2981715909
  [9,1,217] 89.2981718492
  [9,1,218] 89.2981718492
  [9,1,219] 89.2981718492
  [9,1,220] 89.2981718492
  [9,1,221] 89.2981718492
  [9,1,222] 89.2981715909
  [9,1,223] 89.2981718492
  [9,1,224] 89.2981718492
  [9,1,225] 89.2981718492
  [9,1,226] 89.2981718492
  [9,1,227] 89.2981718492
  [9,1,228] 89.2981715909
  [9,1,229] 89.2981718492
  [9,1,230] 89.2981718492
  [9,1,231] 89.2981718492
  [9,1,232] 89.2981718492
  [9,1,233] 89.2981718492
  [9,1,234] 89.2981718492
  [9,1,235] 89.2981718492
  [9,1,236] 89.2981718492
  [9,1,237] 89.2981718492
  [9,1,238] 89.2981718492
  [9,1,239] 89.2981718492
  [9,1,240] 89.2981718492
  [9,1,241] 89.2981718492
  [9,1,242] 89.2981718492
  [9,1,243] 89.2981718492
  [9,1,244] 89.2981718492
  [9,1,245] 89.2981718492
  [9,1,246] 89.2981718492
  [9,1,247] 89.2981718492
  [9,1,248] 89.2981718492
  [9,1,249] 89.2981718492
  [9,1,250] 89.2981718492
  [9,1,251] 89.2981718492
  [9,1,252] 89.3943448156
  [9,1,253] 89.4624816169
  [9,1,254] 89.4624816169
  [9,1,255] 89.4624816169
  [9,1,256] 89.4624816169
  [9,1,257] 89.4624816169
  [9,1,258] 89.4624816169
  [9,1,259] 89.4624816169
  [9,1,260] 89.4624816169
  [9,1,261] 89.4624816169
  [9,1,262] 89.4624816169
  [9,1,263] 89.4624816169
  [9,1,264] 89.4624816169
  [9,1,265] 89.4624816169
  [9,1,266] 89.4624816169
  [9,1,267] 89.4624816169
  [9,1,268] 89.4624816169
  [9,1,269] 89.4624816169
  [9,1,270] 89.4624816169
  [9,1,271] 89.4624816169
  [9,1,272] 89.4624816169
  [9,1,273] 89.4624816169
  [9,1,274] 89.4624816169
  [9,1,275] 89.4624816169
  [9,1,276] 89.4624816169
  [9,1,277] 89.4624816169
  [9,1,278] 89.4624816169
  [9,1,279] 89.4624816169
  [9,1,280] 89.4624816169
  [9,1,281] 89.4624816169
  [9,1,282] 89.4624816169
  [9,1,283] 89.4624816169
  [9,1,284] 89.4624816169
  [9,1,285] 89.4624816169
  [9,1,286] 89.4624816169
  [9,1,287] 89.4624816169
  [9,1,288] 89.4624816169
  [9,1,289] 89.4624816169
  [9,1,290] 89.4624816169
  [9,1,291] 89.4624816169
  [9,1,292] 89.4624816169
  [9,1,293] 89.4624816169
  [9,1,294] 89.4624816169
  [9,1,295] 89.4624816169
  [9,1,296] 89.7911010723
  [9,1,297] 89.2981715909
  [9,1,298] 89.2981718492
  [9,1,299] 89.4624816169
  [9,1,300] 89.4624816169
  [9,1,301] 89.8967419743
  [9,1,302] 89.2981718492
  [9,1,303] 89.2981718492
  [9,1,304] 89.3568407952
  [9,1,305] 89.4624816169
  [9,1,306] 89.4624816169
  [9,1,307] 89.4624816169
  [9,1,308] 89.6854601704
  [9,1,309] 89.8967417160
  [9,1,310] 89.2981718492
  [9,1,311] 89.2981718492
  [9,1,312] 89.2981715909
  [9,1,313] 89.2981718492
  [9,1,314] 89.8967419743
  [9,1,315] 89.8967419743
  [9,1,316] 89.8967419743
  [9,1,317] 89.8967419743
  [9,1,318] 89.8967419743
  [9,1,319] 89.8967419743
  [9,1,320] 89.8967419743
  [9,1,321] 89.8967419743
  [9,1,322] 89.8967419743
  [9,1,323] 89.2981718492
  [9,1,324] 89.8967419743
  [9,1,325] 107.3272019258
  [9,1,326] 107.3272019258
  [9,1,327] 107.3272019258
  [9,1,328] 107.3272019258
  [9,1,329] 107.3272019258
  [9,1,330] 107.3272019258
  [9,1,331] 107.3272019258
  [9,1,332] 107.3272019258
  [9,1,333] 107.3272019258
  [9,1,334] 107.3272019258
  [9,1,335] 107.3272019258
  [9,1,336] 89.8967419743
  [9,1,337] 107.3272019258
  [9,1,338] 107.3272019258
  [9,1,339] 107.3272019258
  [9,1,340] 107.3272019258
  [9,1,341] 107.3272019258
  [9,1,342] 89.8967417160
  [9,1,343] 107.3272019258
  [9,1,344] 107.3272019258
  [9,1,345] 89.8967419743
  [9,1,346] 107.3272019258
  [9,1,347] 89.8967419743
  [9,1,348] 89.8967417160
  [9,1,349] 107.3272019258
  [9,1,350] 107.3272019258
  [9,1,351] 107.3272019258
  [9,1,352] 107.3272019258
  [9,1,353] 107.3272019258
  [9,1,354] 107.3272019258
  [9,1,355] 89.8967419743
  [9,1,356] 89.8967419743
  [9,1,357] 89.8967417160
  [9,1,358] 89.8967419743
  [9,1,359] 104.4281160854
  [9,1,360] 89.2981718492
  [9,1,361] 89.2981718492
  [9,1,362] 89.2981718492
  [9,1,363] 89.2981718492
  [9,1,364] 89.2981718492
  [9,1,365] 89.2981718492
  [9,1,366] 89.2981718492
  [9,1,367] 89.2981718492
  [9,1,368] 89.2981718492
  [9,1,369] 89.2981718492
  [9,1,370] 89.2981718492
  [9,1,371] 89.2981718492
  [9,1,372] 89.2981718492
  [9,1,373] 89.2981718492
  [9,1,374] 89.2981718492
  [9,1,375] 89.2981718492
  [9,1,376] 89.2981718492
  [9,1,377] 89.2981718492
  [9,1,378] 89.2981718492
  [9,1,379] 89.2981718492
  [9,1,380] 89.2981718492
  [9,1,381] 89.2981718492
  [9,1,382] 89.2981718492
  [9,1,383] 89.2981718492
  [9,1,384] 89.2981718492
  [9,1,385] 89.2981718492
  [9,1,386] 89.2981718492
  [9,1,387] 89.2981718492
  [9,1,388] 89.2981718492
  [9,1,389] 89.2981718492
  [9,1,390] 89.2981718492
  [9,1,391] 89.2981718492
  [9,1,392] 89.2981718492
  [9,1,393] 89.2981718492
  [9,1,394] 89.2981718492
  [9,1,395] 89.2981718492
  [9,1,396] 89.2981718492
  [9,1,397] 89.2981718492
  [9,1,398] 89.2981718492
  [9,1,399] 89.2981718492
  [9,1,400] 89.2981718492
  [9,1,401] 89.2981718492
  [9,1,402] 89.2981718492
  [9,1,403] 89.2981718492
  [9,1,404] 89.2981718492
  [9,1,405] 89.2981718492
  [9,1,406] 89.2981718492
  [9,1,407] 89.2981718492
  [9,1,408] 89.2981715909
  [9,1,409] 89.3547954154
  [9,1,410] 89.8967419743
  [9,1,411] 89.2981718492
  [9,1,412] 89.8967419743
  [9,1,413] 89.8967419743
  [9,1,414] 89.8967417160
  [9,1,415] 107.3272019258
  [9,1,416] 107.3272019258
  [9,1,417] 107.3272019258
  [9,1,418] 107.3272019258
  [9,1,419] 107.3272019258
  [9,1,420] 89.8967417160
  [9,1,421] 107.3272019258
  [9,1,422] 107.3272019258
  [9,1,423] 107.3272019258
  [9,1,424] 107.3272019258
  [9,1,425] 107.3272019258
  [9,1,426] 107.3272019258
  [9,1,427] 107.3272019258
  [9,1,428] 107.3272019258
  [9,1,429] 107.3272019258
  [9,1,430] 107.3272019258
  [9,1,431] 107.3272019258
  [9,1,432] 89.8967417160
  [9,1,433] 107.3272019258
  [9,1,434] 107.3272019258
  [9,1,435] 107.3272019258
  [9,1,436] 107.3272019258
  [9,1,437] 107.3272019258
  [9,1,438] 89.8967417160
  [9,1,439] 107.3272019258
  [9,1,440] 107.3272019258
  [9,1,441] 107.3272019258
  [9,1,442] 107.3272019258
  [9,1,443] 107.3272019258
  [9,1,444] 107.3272019258
  [9,1,445] 107.3272019258
  [9,1,446] 107.3272019258
  [9,1,447] 107.3272019258
  [9,1,448] 107.3272019258
  [9,1,449] 107.3272019258
  [9,1,450] 89.8967417160
  [9,1,451] 107.3272019258
  [9,1,452] 107.3272019258
  [9,1,453] 107.3272019258
  [9,1,454] 107.3272019258
  [9,1,455] 107.3272019258
  [9,1,456] 107.3272019258
  [9,1,457] 107.3272019258
  [9,1,458] 107.3272019258
  [9,1,459] 107.3272019258
  [9,1,460] 107.3272019258
  [9,1,461] 107.3272019258
  [9,1,462] 107.3272019258
  [9,1,463] 107.3272019258
  [9,1,464] 106.7286318007
  [9,1,465] 89.8967419743
  [9,1,466] 107.3272019258
  [9,1,467] 107.3272019258
  [9,1,468] 89.8967419743
  [9,1,469] 107.3272019258
  [9,1,470] 107.3272019258
  [9,1,471] 107.3272019258
  [9,1,472] 107.3272019258
  [9,1,473] 107.3272019258
  [9,1,474] 107.3272019258
  [9,1,475] 107.3272019258
  [9,1,476] 107.3272019258
  [9,1,477] 107.3272019258
  [9,1,478] 107.3272019258
  [9,1,479] 107.3272019258
  [9,1,480] 107.3272019258
  [9,1,481] 107.3272019258
  [9,1,482] 107.3272019258
  [9,1,483] 107.3272019258
  [9,1,484] 107.3272019258
  [9,1,485] 107.3272019258
  [9,1,486] 89.8967419743
  [9,1,487] 107.3272019258
  [9,1,488] 107.3272019258
  [9,1,489] 107.3272019258
  [9,1,490] 107.3272019258
  [9,1,491] 107.3272019258
  [9,1,492] 107.3272019258
  [9,1,493] 107.3272019258
  [9,1,494] 107.3272019258
  [9,1,495] 107.3272019258
  [9,1,496] 107.3272019258
  [9,1,497] 107.3272019258
  [9,1,498] 89.8967419743
  [9,1,499] 107.3272019258
  [9,1,500] 107.3272019258
  [9,1,501] 107.3272019258
  [9,1,502] 107.3272019258
  [9,1,503] 107.3272019258
  [9,1,504] 89.8967419743
  [9,1,505] 107.3272019258
  [9,1,506] 107.3272019258
  [9,1,507] 107.3272019258
  [9,1,508] 107.3272019258
  [9,1,509] 107.3272019258
  [9,1,510] 107.3272019258
  [9,1,511] 107.3272019258
  [9,1,512] 107.3272019258
  [9,1,513] 89.8967419743
  [9,1,514] 107.3272019258
  [9,1,515] 107.3272019258
  [9,1,516] 107.3272019258
  [9,1,517] 107.3272019258
  [9,1,518] 107.3272019258
  [9,1,519] 107.3272019258
  [9,1,520] 107.3272019258
  [9,1,521] 107.3272019258
  [9,1,522] 107.3272019258
  [9,1,523] 107.3272019258
  [9,1,524] 107.3272019258
  [9,1,525] 89.8967419743
  [9,1,526] 107.3272019258
  [9,1,527] 107.3272019258
  [9,1,528] 89.8967419743
  [9,1,529] 107.3272019258
  [9,1,530] 107.3272019258
  [9,1,531] 107.3272019258
  [9,1,532] 107.3272019258
  [9,1,533] 107.3272019258
  [9,1,534] 107.3272019258
  [9,1,535] 107.3272019258
  [9,1,536] 107.3272019258
  [9,1,537] 107.3272019258
  [9,1,538] 107.3272019258
  [9,1,539] 107.3272019258
  [9,1,540] 89.8967419743
  [9,1,541] 107.3272019258
  [9,1,542] 107.3272019258
  [9,1,543] 107.3272019258
  [9,1,544] 107.3272019258
  [9,1,545] 107.3272019258
  [9,1,546] 89.8967419743
  [9,1,547] 107.3272019258
  [9,1,548] 107.3272019258
  [9,1,549] 107.3272019258
  [9,1,550] 107.3272019258
  [9,1,551] 107.3272019258
  [9,1,552] 107.3272019258
  [9,1,553] 107.3272019258
  [9,1,554] 107.3272019258
  [9,1,555] 107.3272019258
  [9,1,556] 107.3272019258
  [9,1,557] 107.3272019258
  [9,1,558] 107.3272019258
  [9,1,559] 107.3272019258
  [9,1,560] 107.3272019258
  [9,1,561] 89.8967419743
  [9,1,562] 107.3272019258
  [9,1,563] 107.3272019258
  [9,1,564] 89.8967419743
  [9,1,565] 107.3272019258
  [9,1,566] 107.3272019258
  [9,1,567] 107.3272019258
  [9,1,568] 107.3272019258
  [9,1,569] 107.3272019258
  [9,1,570] 107.3272019258
  [9,1,571] 107.3272019258
  [9,1,572] 107.3272019258
  [9,1,573] 107.3272019258
  [9,1,574] 107.3272019258
  [9,1,575] 107.3272019258
  [9,1,576] 107.3272019258
  [9,1,577] 107.3272019258
  [9,1,578] 107.3272019258
  [9,1,579] 107.3272019258
  [9,1,580] 107.3272019258
  [9,1,581] 107.3272019258
  [9,1,582] 107.3272019258
  [9,1,583] 107.3272019258
  [9,1,584] 107.3272019258
  [9,1,585] 89.8967419743
  [9,1,586] 107.3272019258
  [9,1,587] 107.3272019258
  [9,1,588] 107.3272019258
  [9,1,589] 107.3272019258
  [9,1,590] 107.3272019258
  [9,1,591] 107.3272019258
  [9,1,592] 107.3272019258
  [9,1,593] 107.3272019258
  [9,1,594] 107.3272019258
  [9,1,595] 107.3272019258
  [9,1,596] 107.3272019258
  [9,1,597] 107.3272019258
  [9,1,598] 107.3272019258
  [9,1,599] 107.3272019258
  [9,1,600] 89.8967419743
  [9,1,601] 107.3272019258
  [9,1,602] 107.3272019258
  [9,1,603] 107.3272019258
  [9,1,604] 107.3272019258
  [9,1,605] 107.3272019258
  [9,1,606] 107.3272019258
  [9,1,607] 107.3272019258
  [9,1,608] 107.3272019258
  [9,1,609] 89.8967419743
  [9,1,610] 107.3272019258
  [9,1,611] 107.3272019258
  [9,1,612] 107.3272019258
  [9,1,613] 107.3272019258
  [9,1,614] 107.3272019258
  [9,1,615] 107.3272019258
  [9,1,616] 107.3272019258
  [9,1,617] 107.3272019258
  [9,1,618] 107.3272019258
  [9,1,619] 107.3272019258
  [9,1,620] 107.3272019258
  [9,1,621] 89.8967419743
  [9,1,622] 107.3272019258
  [9,1,623] 107.3272019258
  [9,1,624] 89.8967419743
  [9,1,625] 107.3272019258
  [9,1,626] 107.3272019258
  [9,1,627] 107.3272019258
  [9,1,628] 107.3272019258
  [9,1,629] 107.3272019258
  [9,1,630] 107.3272019258
  [9,1,631] 107.3272019258
  [9,1,632] 107.3272019258
  [9,1,633] 89.8967419743
  [9,1,634] 107.0076085845
  [9,1,635] 89.8967419743
  [9,1,636] 89.8967419743
  [9,1,637] 89.8967419743
  [9,1,638] 89.8967419743
  [9,1,639] 89.8967419743
  [9,1,640] 89.8967419743
  [9,1,641] 89.8967419743
  [9,1,642] 89.8967419743
  [9,1,643] 89.8967419743
  [9,1,644] 89.8967419743
  [9,1,645] 89.8967419743
  [9,1,646] 89.8967419743
  [9,1,647] 89.8967419743
  [9,1,648] 89.8967419743
  [9,1,649] 89.8967419743
  [9,1,650] 89.8967419743
  [9,1,651] 89.8967419743
  [9,1,652] 89.8967419743
  [9,1,653] 89.8967419743
  [9,1,654] 89.8967419743
  [9,1,655] 89.8967419743
  [9,1,656] 89.8967419743
  [9,1,657] 89.8967419743
  [9,1,658] 89.8967419743
  [9,1,659] 89.8967419743
  [9,1,660] 89.8967419743
  [9,1,661] 89.8967419743
  [9,1,662] 89.8967419743
  [9,1,663] 89.8967419743
  [9,1,664] 89.8967419743
  [9,1,665] 89.8967419743
  [9,1,666] 89.8967419743
  [9,1,667] 89.8967419743
  [9,1,668] 89.8967419743
  [9,1,669] 89.8967419743
  [9,1,670] 89.8967419743
  [9,1,671] 89.8967419743
  [9,1,672] 89.8967419743
  [9,1,673] 89.8967419743
  [9,1,674] 89.8967419743
  [9,1,675] 89.8967419743
  [9,1,676] 89.8967419743
  [9,1,677] 89.8967419743
  [9,1,678] 89.8967419743
  [9,1,679] 89.8967419743
  [9,1,680] 89.8967419743
  [9,1,681] 89.8967419743
  [9,1,682] 89.8967419743
  [9,1,683] 89.8967419743
  [9,1,684] 89.8967419743
  [9,1,685] 89.8967419743
  [9,1,686] 89.8967419743
  [9,1,687] 89.8967419743
  [9,1,688] 89.8967419743
  [9,1,689] 89.8967419743
  [9,1,690] 89.8967419743
  [9,1,691] 89.8967419743
  [9,1,692] 89.8967419743
  [9,1,693] 89.8967419743
  [9,1,694] 89.8967419743
  [9,1,695] 89.8967419743
  [9,1,696] 89.8967419743
  [9,1,697] 89.8967419743
  [9,1,698] 89.8967419743
  [9,1,699] 89.8967419743
  [9,1,700] 89.8967419743
  [9,1,701] 89.8967419743
  [9,1,702] 89.8967419743
  [9,1,703] 89.8967419743
  [9,1,704] 89.8967419743
  [9,1,705] 89.8967419743
  [9,1,706] 89.8967419743
  [9,1,707] 89.8967419743
  [9,1,708] 89.8967419743
  [9,1,709] 89.8967419743
  [9,1,710] 89.2981718492
  [9,1,711] 89.2981718492
  [9,1,712] 89.2981718492
  [9,1,713] 89.2981718492
  [9,1,714] 89.2981718492
  [9,1,715] 89.2981718492
  [9,1,716] 89.2981718492
  [9,1,717] 89.2981718492
  [9,1,718] 89.2981718492
  [9,1,719] 89.2981718492
  [9,1,720] 89.2981718492
  [9,2,1] 106.3721636047
  [9,2,2] 89.8967419743
  [9,2,3] 89.8967419743
  [9,2,4] 106.7286318007
  [9,2,5] 89.8967419743
  [9,2,6] 89.8967419743
  [9,2,7] 106.7286318007
  [9,2,8] 89.8967419743
  [9,2,9] 89.8967419743
  [9,2,10] 107.3272019258
  [9,2,11] 89.8967419743
  [9,2,12] 89.8967419743
  [9,2,13] 107.3272019258
  [9,2,14] 89.2981718492
  [9,2,15] 107.3272019258
  [9,2,16] 107.3272019258
  [9,2,17] 89.8967419743
  [9,2,18] 89.2981718492
  [9,2,19] 107.3272019258
  [9,2,20] 89.8967419743
  [9,2,21] 89.2981718492
  [9,2,22] 89.8967419743
  [9,2,23] 106.7286318007
  [9,2,24] 89.2981718492
  [9,2,25] 89.8967419743
  [9,2,26] 89.8967419743
  [9,2,27] 106.7286318007
  [9,2,28] 89.2981718492
  [9,2,29] 89.8967419743
  [9,2,30] 89.2981718492
  [9,2,31] 107.3272019258
  [9,2,32] 106.7286318007
  [9,2,33] 89.8967419743
  [9,2,34] 89.2981718492
  [9,2,35] 107.3272019258
  [9,2,36] 89.8967419743
  [9,2,37] 89.8967419743
  [9,2,38] 107.3272019258
  [9,2,39] 89.2981718492
  [9,2,40] 89.8967419743
  [9,2,41] 106.7286318007
  [9,2,42] 89.8967419743
  [9,2,43] 89.2981718492
  [9,2,44] 107.3272019258
  [9,2,45] 89.8967419743
  [9,2,46] 89.2981718492
  [9,2,47] 106.7286318007
  [9,2,48] 89.8967419743
  [9,2,49] 89.8967419743
  [9,2,50] 106.7286318007
  [9,2,51] 89.8967419743
  [9,2,52] 89.8967419743
  [9,2,53] 89.8967419743
  [9,2,54] 106.7286318007
  [9,2,55] 89.2981718492
  [9,2,56] 89.8967419743
  [9,2,57] 89.2981718492
  [9,2,58] 106.7286318007
  [9,2,59] 89.2981718492
  [9,2,60] 89.2981718492
  [9,2,61] 106.7286318007
  [9,2,62] 89.8967419743
  [9,2,63] 89.2981718492
  [9,2,64] 106.7286318007
  [9,2,65] 89.8967419743
  [9,2,66] 89.2981718492
  [9,2,67] 106.7286318007
  [9,2,68] 89.2981718492
  [9,2,69] 89.2981718492
  [9,2,70] 107.3272019258
  [9,2,71] 89.2981718492
  [9,2,72] 89.2981718492
  [9,2,73] 106.7286318007
  [9,2,74] 89.8967419743
  [9,2,75] 89.2981718492
  [9,2,76] 106.7286318007
  [9,2,77] 89.2981718492
  [9,2,78] 89.8967419743
  [9,2,79] 89.2981718492
  [9,2,80] 106.7286318007
  [9,2,81] 106.7286318007
  [9,2,82] 89.2981718492
  [9,2,83] 89.8967419743
  [9,2,84] 107.3272019258
  [9,2,85] 89.2981718492
  [9,2,86] 89.8967419743
  [9,2,87] 89.8967419743
  [9,2,88] 107.3272019258
  [9,2,89] 89.8967419743
  [9,2,90] 89.2981718492
  [9,2,91] 89.8967419743
  [9,2,92] 106.7286318007
  [9,2,93] 89.2981718492
  [9,2,94] 89.2981718492
  [9,2,95] 89.2981718492
  [9,2,96] 107.3272019258
  [9,2,97] 107.3272019258
  [9,2,98] 89.2981718492
  [9,2,99] 89.8967419743
  [9,2,100] 107.3272019258
  [9,2,101] 89.2981718492
  [9,2,102] 89.2981718492
  [9,2,103] 89.2981718492
  [9,2,104] 107.3272019258
  [9,2,105] 89.2981718492
  [9,2,106] 89.2981718492
  [9,2,107] 89.8967419743
  [9,2,108] 106.7286318007
  [9,2,109] 89.8967419743
  [9,2,110] 89.2981718492
  [9,2,111] 89.2981718492
  [9,2,112] 107.3272019258
  [9,2,113] 107.3272019258
  [9,2,114] 89.2981718492
  [9,2,115] 89.8967419743
  [9,2,116] 107.3272019258
  [9,2,117] 89.2981718492
  [9,2,118] 89.2981718492
  [9,2,119] 89.8967419743
  [9,2,120] 106.7286318007
  [9,2,121] 89.2981718492
  [9,2,122] 89.2981718492
  [9,2,123] 89.8967419743
  [9,2,124] 106.7286318007
  [9,2,125] 89.8967419743
  [9,2,126] 89.8967419743
  [9,2,127] 89.8967419743
  [9,2,128] 91.6920000000
  [9,2,129] 88.8393600000
  [9,2,130] 107.3272019258
  [9,2,131] 89.8967419743
  [9,2,132] 89.2981718492
  [9,2,133] 107.3272019258
  [9,2,134] 106.7286318007
  [9,2,135] 89.2981718492
  [9,2,136] 89.8967419743
  [9,2,137] 107.3272019258
  [9,2,138] 89.2981718492
  [9,2,139] 89.2981718492
  [9,2,140] 89.8967419743
  [9,2,141] 89.2981715909
  [9,2,142] 89.8967419743
  [9,2,143] 89.2981718492
  [9,2,144] 89.2981718492
  [9,2,145] 107.3272019258
  [9,2,146] 106.7286318007
  [9,2,147] 89.8967419743
  [9,2,148] 89.2981718492
  [9,2,149] 107.3272019258
  [9,2,150] 89.2981718492
  [9,2,151] 89.8967419743
  [9,2,152] 89.2981718492
  [9,2,153] 107.3272019258
  [9,2,154] 89.2981718492
  [9,2,155] 89.2981718492
  [9,2,156] 89.8967419743
  [9,2,157] 106.7286318007
  [9,2,158] 89.8967419743
  [9,2,159] 89.2981718492
  [9,2,160] 89.2981718492
  [9,2,161] 106.7286318007
  [9,2,162] 107.3272019258
  [9,2,163] 89.2981718492
  [9,2,164] 89.8967419743
  [9,2,165] 106.7286318007
  [9,2,166] 89.8967419743
  [9,2,167] 89.2981718492
  [9,2,168] 89.8967419743
  [9,2,169] 106.7286318007
  [9,2,170] 89.2981718492
  [9,2,171] 89.8967419743
  [9,2,172] 89.2981718492
  [9,2,173] 107.3272019258
  [9,2,174] 89.2981718492
  [9,2,175] 89.8967419743
  [9,2,176] 89.8967419743
  [9,2,177] 107.3272019258
  [9,2,178] 106.7286318007
  [9,2,179] 89.8967419743
  [9,2,180] 89.2981718492
  [9,2,181] 107.3272019258
  [9,2,182] 89.2981718492
  [9,2,183] 89.8967419743
  [9,2,184] 89.2981718492
  [9,2,185] 107.3272019258
  [9,2,186] 89.2981718492
  [9,2,187] 89.8967419743
  [9,2,188] 89.2981718492
  [9,2,189] 107.3272019258
  [9,2,190] 89.2981718492
  [9,2,191] 89.8967419743
  [9,2,192] 89.2981718492
  [9,2,193] 107.3272019258
  [9,2,194] 106.7286318007
  [9,2,195] 89.8967419743
  [9,2,196] 89.2981718492
  [9,2,197] 107.3272019258
  [9,2,198] 89.2981718492
  [9,2,199] 89.8967419743
  [9,2,200] 89.2981718492
  [9,2,201] 107.3272019258
  [9,2,202] 89.8967419743
  [9,2,203] 89.2981718492
  [9,2,204] 89.8967419743
  [9,2,205] 106.7286318007
  [9,2,206] 89.8967419743
  [9,2,207] 89.2981718492
  [9,2,208] 89.8967419743
  [9,2,209] 106.7286318007
  [9,2,210] 107.3272019258
  [9,2,211] 89.2981718492
  [9,2,212] 89.8967419743
  [9,2,213] 106.7286318007
  [9,2,214] 89.8967419743
  [9,2,215] 89.2981718492
  [9,2,216] 89.8967419743
  [9,2,217] 106.7286318007
  [9,2,218] 89.8967419743
  [9,2,219] 89.2981718492
  [9,2,220] 89.8967419743
  [9,2,221] 106.7286318007
  [9,2,222] 89.8967419743
  [9,2,223] 89.2981718492
  [9,2,224] 89.8967419743
  [9,2,225] 106.7286318007
  [9,2,226] 107.3272019258
  [9,2,227] 89.2981718492
  [9,2,228] 89.8967419743
  [9,2,229] 106.7286318007
  [9,2,230] 89.8967419743
  [9,2,231] 89.2981718492
  [9,2,232] 89.8967419743
  [9,2,233] 106.7286318007
  [9,2,234] 89.2981718492
  [9,2,235] 89.8967419743
  [9,2,236] 89.2981718492
  [9,2,237] 107.3272019258
  [9,2,238] 89.2981718492
  [9,2,239] 89.8967419743
  [9,2,240] 89.2981718492
  [9,2,241] 107.3272019258
  [9,2,242] 106.7286318007
  [9,2,243] 89.8967419743
  [9,2,244] 89.2981718492
  [9,2,245] 107.3272019258
  [9,2,246] 89.2981718492
  [9,2,247] 89.8967419743
  [9,2,248] 89.8967419743
  [9,2,249] 101.4724800000
  [9,2,250] 89.2981718492
  [9,2,251] 89.8967419743
  [9,2,252] 106.7286318007
  [9,2,253] 89.8967419743
  [9,2,254] 89.2981718492
  [9,2,255] 89.8967419743
  [9,2,256] 106.7286318007
  [9,2,257] 89.8967419743
  [9,2,258] 89.2981718492
  [9,2,259] 89.8967419743
  [9,2,260] 106.7286318007
  [9,2,261] 107.3272019258
  [9,2,262] 89.2981718492
  [9,2,263] 89.8967419743
  [9,2,264] 106.7286318007
  [9,2,265] 89.8967419743
  [9,2,266] 89.2981718492
  [9,2,267] 89.8967419743
  [9,2,268] 106.7286318007
  [9,2,269] 89.8967419743
  [9,2,270] 89.2981718492
  [9,2,271] 89.8967419743
  [9,2,272] 106.7286318007
  [9,2,273] 89.8967419743
  [9,2,274] 89.2981718492
  [9,2,275] 89.8967419743
  [9,2,276] 106.7286318007
  [9,2,277] 107.3272019258
  [9,2,278] 89.2981718492
  [9,2,279] 89.8967419743
  [9,2,280] 106.7286318007
  [9,2,281] 89.8967419743
  [9,2,282] 89.2981718492
  [9,2,283] 89.8967419743
  [9,2,284] 106.7286318007
  [9,2,285] 89.8967419743
  [9,2,286] 89.2981718492
  [9,2,287] 89.8967419743
  [9,2,288] 106.7286318007
  [9,2,289] 89.8967419743
  [9,2,290] 89.2981718492
  [9,2,291] 89.8967419743
  [9,2,292] 106.7286318007
  [9,2,293] 107.3272019258
  [9,2,294] 89.2981718492
  [9,2,295] 89.8967419743
  [9,2,296] 106.7286318007
  [9,2,297] 107.3272019258
  [9,2,298] 89.2981718492
  [9,2,299] 89.8967419743
  [9,2,300] 106.7286318007
  [9,2,301] 89.8967419743
  [9,2,302] 89.2981718492
  [9,2,303] 89.8967419743
  [9,2,304] 106.7286318007
  [9,2,305] 89.8967419743
  [9,2,306] 89.2981718492
  [9,2,307] 89.8967419743
  [9,2,308] 106.7286318007
  [9,2,309] 89.8967419743
  [9,2,310] 89.2981718492
  [9,2,311] 89.8967419743
  [9,2,312] 106.7286318007
  [9,2,313] 107.3272019258
  [9,2,314] 89.2981718492
  [9,2,315] 89.8967419743
  [9,2,316] 106.7286318007
  [9,2,317] 89.8967419743
  [9,2,318] 89.2981718492
  [9,2,319] 89.8967419743
  [9,2,320] 106.7286318007
  [9,2,321] 89.2981718492
  [9,2,322] 89.8967419743
  [9,2,323] 89.2981718492
  [9,2,324] 107.3272019258
  [9,2,325] 89.2981718492
  [9,2,326] 89.8967419743
  [9,2,327] 89.2981718492
  [9,2,328] 107.3272019258
  [9,2,329] 106.7286318007
  [9,2,330] 89.8967419743
  [9,2,331] 89.2981718492
  [9,2,332] 107.3272019258
  [9,2,333] 89.2981718492
  [9,2,334] 89.8967419743
  [9,2,335] 89.2981718492
  [9,2,336] 107.3272019258
  [9,2,337] 89.2981718492
  [9,2,338] 89.8967419743
  [9,2,339] 89.2981718492
  [9,2,340] 107.3272019258
  [9,2,341] 89.2981718492
  [9,2,342] 89.8967419743
  [9,2,343] 89.2981718492
  [9,2,344] 107.3272019258
  [9,2,345] 106.7286318007
  [9,2,346] 89.8967419743
  [9,2,347] 89.2981718492
  [9,2,348] 107.3272019258
  [9,2,349] 89.2981718492
  [9,2,350] 89.8967419743
  [9,2,351] 89.2981718492
  [9,2,352] 107.3272019258
  [9,2,353] 89.2981718492
  [9,2,354] 89.8967419743
  [9,2,355] 89.2981718492
  [9,2,356] 107.3272019258
  [9,2,357] 89.2981718492
  [9,2,358] 89.8967419743
  [9,2,359] 89.2981718492
  [9,2,360] 107.3272019258
  [9,2,361] 106.7286318007
  [9,2,362] 89.8967419743
  [9,2,363] 89.2981718492
  [9,2,364] 107.3272019258
  [9,2,365] 89.2981718492
  [9,2,366] 89.8967419743
  [9,2,367] 89.2981718492
  [9,2,368] 107.3272019258
  [9,2,369] 89.2981718492
  [9,2,370] 89.8967419743
  [9,2,371] 89.2981718492
  [9,2,372] 107.3272019258
  [9,2,373] 89.2981718492
  [9,2,374] 89.8967419743
  [9,2,375] 89.2981718492
  [9,2,376] 107.3272019258
  [9,2,377] 106.7286318007
  [9,2,378] 89.8967419743
  [9,2,379] 89.2981718492
  [9,2,380] 107.3272019258
  [9,2,381] 89.2981718492
  [9,2,382] 89.8967419743
  [9,2,383] 89.2981718492
  [9,2,384] 107.3272019258
  [9,2,385] 89.2981718492
  [9,2,386] 89.8967419743
  [9,2,387] 89.2981718492
  [9,2,388] 107.3272019258
  [9,2,389] 89.2981718492
  [9,2,390] 89.8967419743
  [9,2,391] 89.2981718492
  [9,2,392] 107.3272019258
  [9,2,393] 106.7286318007
  [9,2,394] 89.8967419743
  [9,2,395] 89.2981718492
  [9,2,396] 107.3272019258
  [9,2,397] 89.2981718492
  [9,2,398] 89.8967419743
  [9,2,399] 89.2981718492
  [9,2,400] 107.3272019258
  [9,2,401] 89.2981718492
  [9,2,402] 89.8967419743
  [9,2,403] 89.2981718492
  [9,2,404] 107.3272019258
  [9,2,405] 89.2981718492
  [9,2,406] 89.8967419743
  [9,2,407] 89.2981718492
  [9,2,408] 107.3272019258
  [9,2,409] 106.7286318007
  [9,2,410] 89.8967419743
  [9,2,411] 89.2981718492
  [9,2,412] 107.3272019258
  [9,2,413] 89.2981718492
  [9,2,414] 89.8967419743
  [9,2,415] 89.2981718492
  [9,2,416] 107.3272019258
  [9,2,417] 89.2981718492
  [9,2,418] 89.8967419743
  [9,2,419] 89.2981718492
  [9,2,420] 107.3272019258
  [9,2,421] 89.2981718492
  [9,2,422] 89.8967419743
  [9,2,423] 89.2981718492
  [9,2,424] 107.3272019258
  [9,2,425] 106.7286318007
  [9,2,426] 89.8967419743
  [9,2,427] 89.2981718492
  [9,2,428] 107.3272019258
  [9,2,429] 89.2981718492
  [9,2,430] 89.8967419743
  [9,2,431] 89.2981718492
  [9,2,432] 107.3272019258
  [9,2,433] 89.2981718492
  [9,2,434] 89.8967419743
  [9,2,435] 89.2981718492
  [9,2,436] 107.3272019258
  [9,2,437] 89.2981718492
  [9,2,438] 89.8967419743
  [9,2,439] 89.2981718492
  [9,2,440] 107.3272019258
  [9,2,441] 106.7286318007
  [9,2,442] 89.8967419743
  [9,2,443] 89.2981718492
  [9,2,444] 107.3272019258
  [9,2,445] 89.2981718492
  [9,2,446] 89.8967419743
  [9,2,447] 89.8967419743
  [9,2,448] 106.7286318007
  [9,2,449] 89.8967419743
  [9,2,450] 89.2981718492
  [9,2,451] 89.8967419743
  [9,2,452] 106.7286318007
  [9,2,453] 89.8967419743
  [9,2,454] 89.2981718492
  [9,2,455] 89.8967419743
  [9,2,456] 106.7286318007
  [9,2,457] 107.3272019258
  [9,2,458] 89.2981718492
  [9,2,459] 89.8967419743
  [9,2,460] 106.7286318007
  [9,2,461] 89.8967419743
  [9,2,462] 89.2981718492
  [9,2,463] 89.8967419743
  [9,2,464] 106.7286318007
  [9,2,465] 89.8967419743
  [9,2,466] 89.2981718492
  [9,2,467] 89.8967419743
  [9,2,468] 106.7286318007
  [9,2,469] 89.8967419743
  [9,2,470] 89.2981718492
  [9,2,471] 89.8967419743
  [9,2,472] 106.7286318007
  [9,2,473] 107.3272019258
  [9,2,474] 89.2981718492
  [9,2,475] 89.8967419743
  [9,2,476] 106.7286318007
  [9,2,477] 89.8967419743
  [9,2,478] 89.2981718492
  [9,2,479] 89.8967419743
  [9,2,480] 106.7286318007
  [9,2,481] 89.8967419743
  [9,2,482] 89.2981718492
  [9,2,483] 89.8967419743
  [9,2,484] 106.7286318007
  [9,2,485] 89.8967419743
  [9,2,486] 89.2981718492
  [9,2,487] 89.8967419743
  [9,2,488] 106.7286318007
  [9,2,489] 107.3272019258
  [9,2,490] 89.2981718492
  [9,2,491] 89.8967419743
  [9,2,492] 106.7286318007
  [9,2,493] 89.8967419743
  [9,2,494] 89.2981718492
  [9,2,495] 89.8967419743
  [9,2,496] 106.7286318007
  [9,2,497] 89.8967419743
  [9,2,498] 89.2981718492
  [9,2,499] 89.8967419743
  [9,2,500] 106.7286318007
  [9,2,501] 89.8967419743
  [9,2,502] 89.2981718492
  [9,2,503] 89.8967419743
  [9,2,504] 106.7286318007
  [9,2,505] 107.3272019258
  [9,2,506] 89.2981718492
  [9,2,507] 89.8967419743
  [9,2,508] 106.7286318007
  [9,2,509] 89.8967419743
  [9,2,510] 89.2981718492
  [9,2,511] 89.8967419743
  [9,2,512] 106.7286318007
  [9,2,513] 89.8967419743
  [9,2,514] 89.2981718492
  [9,2,515] 89.8967419743
  [9,2,516] 106.7286318007
  [9,2,517] 89.8967419743
  [9,2,518] 89.2981718492
  [9,2,519] 89.8967419743
  [9,2,520] 106.7286318007
  [9,2,521] 107.3272019258
  [9,2,522] 89.2981718492
  [9,2,523] 89.8967419743
  [9,2,524] 106.7286318007
  [9,2,525] 89.8967419743
  [9,2,526] 89.2981718492
  [9,2,527] 89.8967419743
  [9,2,528] 106.7286318007
  [9,2,529] 89.8967419743
  [9,2,530] 89.2981718492
  [9,2,531] 89.8967419743
  [9,2,532] 106.7286318007
  [9,2,533] 89.8967419743
  [9,2,534] 89.2981718492
  [9,2,535] 89.8967419743
  [9,2,536] 106.7286318007
  [9,2,537] 107.3272019258
  [9,2,538] 89.2981718492
  [9,2,539] 89.8967419743
  [9,2,540] 106.7286318007
  [9,2,541] 89.8967419743
  [9,2,542] 89.2981718492
  [9,2,543] 89.8967419743
  [9,2,544] 106.7286318007
  [9,2,545] 89.8967419743
  [9,2,546] 89.2981718492
  [9,2,547] 89.8967419743
  [9,2,548] 106.7286318007
  [9,2,549] 89.8967419743
  [9,2,550] 89.2981718492
  [9,2,551] 89.8967419743
  [9,2,552] 106.7286318007
  [9,2,553] 107.3272019258
  [9,2,554] 89.2981718492
  [9,2,555] 89.8967419743
  [9,2,556] 106.7286318007
  [9,2,557] 89.8967419743
  [9,2,558] 89.2981718492
  [9,2,559] 89.8967419743
  [9,2,560] 106.7286318007
  [9,2,561] 89.8967419743
  [9,2,562] 89.2981718492
  [9,2,563] 89.8967419743
  [9,2,564] 106.7286318007
  [9,2,565] 89.8967419743
  [9,2,566] 89.2981718492
  [9,2,567] 89.8967419743
  [9,2,568] 106.7286318007
  [9,2,569] 107.3272019258
  [9,2,570] 89.2981718492
  [9,2,571] 89.8967419743
  [9,2,572] 106.7286318007
  [9,2,573] 107.3272019258
  [9,2,574] 89.2981718492
  [9,2,575] 89.8967419743
  [9,2,576] 106.7286318007
  [9,2,577] 89.8967419743
  [9,2,578] 89.2981718492
  [9,2,579] 89.8967419743
  [9,2,580] 106.7286318007
  [9,2,581] 89.8967419743
  [9,2,582] 89.8967419743
  [9,2,583] 89.8967419743
  [9,2,584] 106.7286318007
  [9,2,585] 107.3272019258
  [9,2,586] 89.2981718492
  [9,2,587] 89.8967419743
  [9,2,588] 106.7286318007
  [9,2,589] 89.8967419743
  [9,2,590] 89.2981718492
  [9,2,591] 89.8967419743
  [9,2,592] 106.7286318007
  [9,2,593] 89.8967419743
  [9,2,594] 89.2981718492
  [9,2,595] 89.8967419743
  [9,2,596] 106.7286318007
  [9,2,597] 89.8967419743
  [9,2,598] 89.2981718492
  [9,2,599] 89.8967419743
  [9,2,600] 106.7286318007
  [9,2,601] 107.3272019258
  [9,2,602] 89.2981718492
  [9,2,603] 89.8967419743
  [9,2,604] 106.7286318007
  [9,2,605] 89.8967419743
  [9,2,606] 89.2981718492
  [9,2,607] 89.8967419743
  [9,2,608] 106.7286318007
  [9,2,609] 89.8967419743
  [9,2,610] 89.2981718492
  [9,2,611] 89.8967419743
  [9,2,612] 106.7286318007
  [9,2,613] 89.8967419743
  [9,2,614] 89.2981718492
  [9,2,615] 89.8967419743
  [9,2,616] 106.7286318007
  [9,2,617] 107.3272019258
  [9,2,618] 89.2981718492
  [9,2,619] 89.8967419743
  [9,2,620] 106.7286318007
  [9,2,621] 89.8967419743
  [9,2,622] 89.2981718492
  [9,2,623] 89.8967419743
  [9,2,624] 106.7286318007
  [9,2,625] 89.8967419743
  [9,2,626] 89.2981718492
  [9,2,627] 89.8967419743
  [9,2,628] 106.7286318007
  [9,2,629] 89.8967419743
  [9,2,630] 89.2981718492
  [9,2,631] 89.8967419743
  [9,2,632] 106.7286318007
  [9,2,633] 107.3272019258
  [9,2,634] 89.2981718492
  [9,2,635] 89.8967419743
  [9,2,636] 106.7286318007
  [9,2,637] 89.8967419743
  [9,2,638] 89.2981718492
  [9,2,639] 89.8967419743
  [9,2,640] 106.7286318007
  [9,2,641] 89.8967419743
  [9,2,642] 89.2981718492
  [9,2,643] 89.8967419743
  [9,2,644] 106.7286318007
  [9,2,645] 89.8967419743
  [9,2,646] 89.2981718492
  [9,2,647] 89.8967419743
  [9,2,648] 106.7286318007
  [9,2,649] 107.3272019258
  [9,2,650] 89.2981718492
  [9,2,651] 89.8967419743
  [9,2,652] 106.7286318007
  [9,2,653] 89.8967419743
  [9,2,654] 89.2981718492
  [9,2,655] 89.8967419743
  [9,2,656] 106.7286318007
  [9,2,657] 89.2981718492
  [9,2,658] 89.2981718492
  [9,2,659] 89.8967419743
  [9,2,660] 106.7286318007
  [9,2,661] 89.2981718492
  [9,2,662] 89.8967419743
  [9,2,663] 89.2981718492
  [9,2,664] 107.3272019258
  [9,2,665] 107.3272019258
  [9,2,666] 89.8967419743
  [9,2,667] 89.8967419743
  [9,2,668] 107.3272019258
  [9,2,669] 89.8967419743
  [9,2,670] 89.2981718492
  [9,2,671] 89.2981718492
  [9,2,672] 106.7286318007
  [9,2,673] 89.2981718492
  [9,2,674] 89.8967419743
  [9,2,675] 89.8967419743
  [9,2,676] 106.7286318007
  [9,2,677] 89.2981718492
  [9,2,678] 89.2981718492
  [9,2,679] 89.2981718492
  [9,2,680] 107.3272019258
  [9,2,681] 89.2981718492
  [9,2,682] 89.2981718492
  [9,2,683] 89.8967419743
  [9,2,684] 107.3272019258
  [9,2,685] 89.8967419743
  [9,2,686] 89.8967419743
  [9,2,687] 89.2981718492
  [9,2,688] 106.7286318007
  [9,2,689] 106.7286318007
  [9,2,690] 89.8967419743
  [9,2,691] 89.8967419743
  [9,2,692] 107.3272019258
  [9,2,693] 89.2981718492
  [9,2,694] 89.8967419743
  [9,2,695] 89.2981718492
  [9,2,696] 107.3272019258
  [9,2,697] 89.2981718492
  [9,2,698] 89.2981718492
  [9,2,699] 89.8967419743
  [9,2,700] 106.7286318007
  [9,2,701] 89.2981718492
  [9,2,702] 89.2981718492
  [9,2,703] 89.8967419743
  [9,2,704] 106.7286318007
  [9,2,705] 89.8967419743
  [9,2,706] 89.8967419743
  [9,2,707] 89.8967419743
  [9,2,708] 89.2981718492
  [9,2,709] 89.2981718492
  [9,2,710] 106.7286318007
  [9,2,711] 89.8967419743
  [9,2,712] 89.8967419743
  [9,2,713] 89.2981718492
  [9,2,714] 107.3272019258
  [9,2,715] 89.8967419743
  [9,2,716] 89.8967419743
  [9,2,717] 89.8967419743
  [9,2,718] 89.8967419743
  [9,2,719] 89.8967419743
  [9,2,720] 89.8967419743
  [9,3,1] 106.9707305108
  [9,3,2] 89.2981718492
  [9,3,3] 89.2981718492
  [9,3,4] 107.3272019258
  [9,3,5] 89.8967419743
  [9,3,6] 89.8967419743
  [9,3,7] 106.7286318007
  [9,3,8] 89.2981718492
  [9,3,9] 89.8967419743
  [9,3,10] 89.8967419743
  [9,3,11] 89.2981718492
  [9,3,12] 107.3272019258
  [9,3,13] 89.8967419743
  [9,3,14] 89.8967419743
  [9,3,15] 107.3272019258
  [9,3,16] 107.3272019258
  [9,3,17] 89.2981718492
  [9,3,18] 89.8967419743
  [9,3,19] 107.3272019258
  [9,3,20] 89.8967419743
  [9,3,21] 89.2981718492
  [9,3,22] 89.8967419743
  [9,3,23] 106.7286318007
  [9,3,24] 107.3272019258
  [9,3,25] 89.2981718492
  [9,3,26] 89.8967419743
  [9,3,27] 106.7286318007
  [9,3,28] 89.8967419743
  [9,3,29] 89.8967419743
  [9,3,30] 89.8967419743
  [9,3,31] 106.7286318007
  [9,3,32] 89.2981718492
  [9,3,33] 89.2981718492
  [9,3,34] 89.8967419743
  [9,3,35] 106.7286318007
  [9,3,36] 89.8967419743
  [9,3,37] 89.8967419743
  [9,3,38] 89.2981718492
  [9,3,39] 106.7286318007
  [9,3,40] 107.3272019258
  [9,3,41] 89.8967419743
  [9,3,42] 89.8967419743
  [9,3,43] 106.7286318007
  [9,3,44] 89.8967419743
  [9,3,45] 89.8967419743
  [9,3,46] 89.2981718492
  [9,3,47] 107.3272019258
  [9,3,48] 89.8967419743
  [9,3,49] 89.2981718492
  [9,3,50] 89.8967419743
  [9,3,51] 106.7286318007
  [9,3,52] 89.8967419743
  [9,3,53] 89.2981718492
  [9,3,54] 89.2981718492
  [9,3,55] 107.3272019258
  [9,3,56] 107.3272019258
  [9,3,57] 89.2981718492
  [9,3,58] 89.8967419743
  [9,3,59] 107.3272019258
  [9,3,60] 89.2981718492
  [9,3,61] 89.2981718492
  [9,3,62] 89.2981718492
  [9,3,63] 106.7286318007
  [9,3,64] 89.8967419743
  [9,3,65] 89.2981718492
  [9,3,66] 89.2981718492
  [9,3,67] 106.7286318007
  [9,3,68] 89.2981718492
  [9,3,69] 89.2981718492
  [9,3,70] 89.2981718492
  [9,3,71] 106.7286318007
  [9,3,72] 107.3272019258
  [9,3,73] 89.8967419743
  [9,3,74] 89.2981718492
  [9,3,75] 107.3272019258
  [9,3,76] 89.2981718492
  [9,3,77] 89.8967419743
  [9,3,78] 89.8967419743
  [9,3,79] 107.3272019258
  [9,3,80] 89.2981718492
  [9,3,81] 89.8967419743
  [9,3,82] 89.2981718492
  [9,3,83] 107.3272019258
  [9,3,84] 89.2981718492
  [9,3,85] 89.8967419743
  [9,3,86] 89.2981718492
  [9,3,87] 107.3272019258
  [9,3,88] 106.7286318007
  [9,3,89] 89.2981718492
  [9,3,90] 89.8967419743
  [9,3,91] 107.3272019258
  [9,3,92] 106.7286318007
  [9,3,93] 89.8967419743
  [9,3,94] 89.2981718492
  [9,3,95] 106.7286318007
  [9,3,96] 89.8967419743
  [9,3,97] 89.2981718492
  [9,3,98] 89.2981718492
  [9,3,99] 107.3272019258
  [9,3,100] 89.8967419743
  [9,3,101] 89.2981718492
  [9,3,102] 89.2981718492
  [9,3,103] 107.3272019258
  [9,3,104] 89.2981718492
  [9,3,105] 89.2981718492
  [9,3,106] 89.2981718492
  [9,3,107] 106.7286318007
  [9,3,108] 106.7286318007
  [9,3,109] 89.8967419743
  [9,3,110] 89.2981718492
  [9,3,111] 107.3272019258
  [9,3,112] 89.8967419743
  [9,3,113] 89.8967419743
  [9,3,114] 89.2981718492
  [9,3,115] 107.3272019258
  [9,3,116] 89.8967419743
  [9,3,117] 89.2981718492
  [9,3,118] 89.2981718492
  [9,3,119] 106.7286318007
  [9,3,120] 89.2981718492
  [9,3,121] 89.8967419743
  [9,3,122] 89.2981718492
  [9,3,123] 106.7286318007
  [9,3,124] 107.3272019258
  [9,3,125] 89.2981718492
  [9,3,126] 89.8967419743
  [9,3,127] 89.8967419743
  [9,3,128] 91.6920000000
  [9,3,129] 88.8393600000
  [9,3,130] 89.8967419743
  [9,3,131] 89.2981718492
  [9,3,132] 89.2981718492
  [9,3,133] 106.7286318007
  [9,3,134] 107.3272019258
  [9,3,135] 89.8967419743
  [9,3,136] 89.8967419743
  [9,3,137] 106.7286318007
  [9,3,138] 89.8967419743
  [9,3,139] 89.8967419743
  [9,3,140] 89.8967419743
  [9,3,141] 107.3272019258
  [9,3,142] 89.8967419743
  [9,3,143] 89.2981718492
  [9,3,144] 89.8967419743
  [9,3,145] 106.7286318007
  [9,3,146] 89.8967419743
  [9,3,147] 89.2981718492
  [9,3,148] 89.8967419743
  [9,3,149] 107.3272019258
  [9,3,150] 106.7286318007
  [9,3,151] 89.2981718492
  [9,3,152] 89.2981718492
  [9,3,153] 107.3272019258
  [9,3,154] 89.2981718492
  [9,3,155] 89.8967419743
  [9,3,156] 89.2981718492
  [9,3,157] 106.7286318007
  [9,3,158] 89.8967419743
  [9,3,159] 89.8967419743
  [9,3,160] 89.2981718492
  [9,3,161] 107.3272019258
  [9,3,162] 89.2981718492
  [9,3,163] 89.2981718492
  [9,3,164] 89.2981718492
  [9,3,165] 107.3272019258
  [9,3,166] 106.7286318007
  [9,3,167] 89.8967419743
  [9,3,168] 89.2981718492
  [9,3,169] 107.3272019258
  [9,3,170] 89.2981718492
  [9,3,171] 89.8967419743
  [9,3,172] 89.2981718492
  [9,3,173] 107.3272019258
  [9,3,174] 89.2981718492
  [9,3,175] 89.8967419743
  [9,3,176] 89.2981718492
  [9,3,177] 106.7286318007
  [9,3,178] 89.8967419743
  [9,3,179] 89.2981718492
  [9,3,180] 89.8967419743
  [9,3,181] 106.7286318007
  [9,3,182] 107.3272019258
  [9,3,183] 89.2981718492
  [9,3,184] 89.8967419743
  [9,3,185] 106.7286318007
  [9,3,186] 89.8967419743
  [9,3,187] 89.2981718492
  [9,3,188] 89.8967419743
  [9,3,189] 106.7286318007
  [9,3,190] 89.8967419743
  [9,3,191] 89.2981718492
  [9,3,192] 89.8967419743
  [9,3,193] 106.7286318007
  [9,3,194] 89.8967419743
  [9,3,195] 89.2981718492
  [9,3,196] 89.8967419743
  [9,3,197] 106.7286318007
  [9,3,198] 107.3272019258
  [9,3,199] 89.2981718492
  [9,3,200] 89.8967419743
  [9,3,201] 107.3272019258
  [9,3,202] 89.8967419743
  [9,3,203] 89.2981718492
  [9,3,204] 89.8967419743
  [9,3,205] 106.7286318007
  [9,3,206] 89.8967419743
  [9,3,207] 89.2981718492
  [9,3,208] 89.8967419743
  [9,3,209] 106.7286318007
  [9,3,210] 89.8967419743
  [9,3,211] 89.2981718492
  [9,3,212] 89.8967419743
  [9,3,213] 106.7286318007
  [9,3,214] 89.8967419743
  [9,3,215] 89.2981718492
  [9,3,216] 89.8967419743
  [9,3,217] 106.7286318007
  [9,3,218] 107.3272019258
  [9,3,219] 89.2981718492
  [9,3,220] 89.2981718492
  [9,3,221] 107.3272019258
  [9,3,222] 106.7286318007
  [9,3,223] 89.8967419743
  [9,3,224] 89.2981718492
  [9,3,225] 107.3272019258
  [9,3,226] 89.2981718492
  [9,3,227] 89.8967419743
  [9,3,228] 89.2981718492
  [9,3,229] 107.3272019258
  [9,3,230] 89.2981718492
  [9,3,231] 89.8967419743
  [9,3,232] 89.2981718492
  [9,3,233] 107.3272019258
  [9,3,234] 89.2981718492
  [9,3,235] 89.8967419743
  [9,3,236] 89.2981718492
  [9,3,237] 107.3272019258
  [9,3,238] 106.7286318007
  [9,3,239] 89.8967419743
  [9,3,240] 89.2981718492
  [9,3,241] 107.3272019258
  [9,3,242] 89.2981718492
  [9,3,243] 89.8967419743
  [9,3,244] 89.2981718492
  [9,3,245] 107.3272019258
  [9,3,246] 89.2981718492
  [9,3,247] 89.8967419743
  [9,3,248] 89.2981718492
  [9,3,249] 101.4724800000
  [9,3,250] 89.8967419743
  [9,3,251] 89.8967419743
  [9,3,252] 106.7286318007
  [9,3,253] 89.8967419743
  [9,3,254] 89.2981718492
  [9,3,255] 89.8967419743
  [9,3,256] 106.7286318007
  [9,3,257] 89.2981718492
  [9,3,258] 89.8967419743
  [9,3,259] 89.8967419743
  [9,3,260] 106.7286318007
  [9,3,261] 107.3272019258
  [9,3,262] 89.2981718492
  [9,3,263] 89.8967419743
  [9,3,264] 106.7286318007
  [9,3,265] 89.8967419743
  [9,3,266] 89.2981718492
  [9,3,267] 89.8967419743
  [9,3,268] 106.7286318007
  [9,3,269] 89.8967419743
  [9,3,270] 89.2981718492
  [9,3,271] 89.8967419743
  [9,3,272] 106.7286318007
  [9,3,273] 89.2981718492
  [9,3,274] 89.8967419743
  [9,3,275] 89.2981718492
  [9,3,276] 107.3272019258
  [9,3,277] 89.2981718492
  [9,3,278] 89.8967419743
  [9,3,279] 89.2981718492
  [9,3,280] 107.3272019258
  [9,3,281] 106.7286318007
  [9,3,282] 89.8967419743
  [9,3,283] 89.2981718492
  [9,3,284] 107.3272019258
  [9,3,285] 89.2981718492
  [9,3,286] 89.8967419743
  [9,3,287] 89.2981718492
  [9,3,288] 107.3272019258
  [9,3,289] 89.2981718492
  [9,3,290] 89.2981718492
  [9,3,291] 89.8967419743
  [9,3,292] 106.7286318007
  [9,3,293] 89.8967419743
  [9,3,294] 89.2981718492
  [9,3,295] 89.8967419743
  [9,3,296] 107.3272019258
  [9,3,297] 89.8967419743
  [9,3,298] 89.2981718492
  [9,3,299] 89.8967419743
  [9,3,300] 106.7286318007
  [9,3,301] 107.3272019258
  [9,3,302] 89.2981718492
  [9,3,303] 89.8967419743
  [9,3,304] 106.7286318007
  [9,3,305] 89.8967419743
  [9,3,306] 89.2981718492
  [9,3,307] 89.8967419743
  [9,3,308] 106.7286318007
  [9,3,309] 89.8967419743
  [9,3,310] 89.2981718492
  [9,3,311] 89.8967419743
  [9,3,312] 106.7286318007
  [9,3,313] 89.8967419743
  [9,3,314] 89.2981718492
  [9,3,315] 89.8967419743
  [9,3,316] 106.7286318007
  [9,3,317] 89.8967419743
  [9,3,318] 89.2981718492
  [9,3,319] 89.8967419743
  [9,3,320] 106.7286318007
  [9,3,321] 107.3272019258
  [9,3,322] 89.2981718492
  [9,3,323] 89.8967419743
  [9,3,324] 106.7286318007
  [9,3,325] 89.8967419743
  [9,3,326] 89.2981718492
  [9,3,327] 89.8967419743
  [9,3,328] 106.7286318007
  [9,3,329] 89.8967419743
  [9,3,330] 89.2981718492
  [9,3,331] 89.8967419743
  [9,3,332] 106.7286318007
  [9,3,333] 89.8967419743
  [9,3,334] 89.2981718492
  [9,3,335] 89.8967419743
  [9,3,336] 106.7286318007
  [9,3,337] 89.8967419743
  [9,3,338] 89.2981718492
  [9,3,339] 89.8967419743
  [9,3,340] 106.7286318007
  [9,3,341] 107.3272019258
  [9,3,342] 89.2981718492
  [9,3,343] 89.8967419743
  [9,3,344] 106.7286318007
  [9,3,345] 107.3272019258
  [9,3,346] 89.2981718492
  [9,3,347] 89.8967419743
  [9,3,348] 106.7286318007
  [9,3,349] 89.8967419743
  [9,3,350] 89.2981718492
  [9,3,351] 89.8967419743
  [9,3,352] 106.7286318007
  [9,3,353] 89.8967419743
  [9,3,354] 89.2981718492
  [9,3,355] 89.8967419743
  [9,3,356] 106.7286318007
  [9,3,357] 107.3272019258
  [9,3,358] 89.2981718492
  [9,3,359] 89.8967419743
  [9,3,360] 106.7286318007
  [9,3,361] 89.8967419743
  [9,3,362] 89.2981718492
  [9,3,363] 89.8967419743
  [9,3,364] 106.7286318007
  [9,3,365] 89.8967419743
  [9,3,366] 89.2981718492
  [9,3,367] 89.8967419743
  [9,3,368] 106.7286318007
  [9,3,369] 89.8967419743
  [9,3,370] 89.2981718492
  [9,3,371] 89.8967419743
  [9,3,372] 106.7286318007
  [9,3,373] 107.3272019258
  [9,3,374] 89.2981718492
  [9,3,375] 89.8967419743
  [9,3,376] 106.7286318007
  [9,3,377] 89.8967419743
  [9,3,378] 89.2981718492
  [9,3,379] 89.8967419743
  [9,3,380] 106.7286318007
  [9,3,381] 89.8967419743
  [9,3,382] 89.2981718492
  [9,3,383] 89.8967419743
  [9,3,384] 106.7286318007
  [9,3,385] 89.8967419743
  [9,3,386] 89.2981718492
  [9,3,387] 89.8967419743
  [9,3,388] 106.7286318007
  [9,3,389] 107.3272019258
  [9,3,390] 89.2981718492
  [9,3,391] 89.8967419743
  [9,3,392] 106.7286318007
  [9,3,393] 89.8967419743
  [9,3,394] 89.2981718492
  [9,3,395] 89.8967419743
  [9,3,396] 106.7286318007
  [9,3,397] 89.8967419743
  [9,3,398] 89.2981718492
  [9,3,399] 89.8967419743
  [9,3,400] 106.7286318007
  [9,3,401] 89.8967419743
  [9,3,402] 89.2981718492
  [9,3,403] 89.8967419743
  [9,3,404] 106.7286318007
  [9,3,405] 89.8967419743
  [9,3,406] 89.2981718492
  [9,3,407] 89.8967419743
  [9,3,408] 106.7286318007
  [9,3,409] 107.3272019258
  [9,3,410] 89.2981718492
  [9,3,411] 89.8967419743
  [9,3,412] 106.7286318007
  [9,3,413] 89.8967419743
  [9,3,414] 89.2981718492
  [9,3,415] 89.8967419743
  [9,3,416] 106.7286318007
  [9,3,417] 89.8967419743
  [9,3,418] 89.2981718492
  [9,3,419] 89.8967419743
  [9,3,420] 106.7286318007
  [9,3,421] 89.8967419743
  [9,3,422] 89.2981718492
  [9,3,423] 89.8967419743
  [9,3,424] 106.7286318007
  [9,3,425] 107.3272019258
  [9,3,426] 89.2981718492
  [9,3,427] 89.8967419743
  [9,3,428] 106.7286318007
  [9,3,429] 89.8967419743
  [9,3,430] 89.2981718492
  [9,3,431] 89.8967419743
  [9,3,432] 106.7286318007
  [9,3,433] 89.8967419743
  [9,3,434] 89.2981718492
  [9,3,435] 89.8967419743
  [9,3,436] 106.7286318007
  [9,3,437] 89.8967419743
  [9,3,438] 89.2981718492
  [9,3,439] 89.8967419743
  [9,3,440] 106.7286318007
  [9,3,441] 107.3272019258
  [9,3,442] 89.2981718492
  [9,3,443] 89.8967419743
  [9,3,444] 106.7286318007
  [9,3,445] 89.8967419743
  [9,3,446] 89.2981718492
  [9,3,447] 89.8967419743
  [9,3,448] 106.7286318007
  [9,3,449] 89.8967419743
  [9,3,450] 89.2981718492
  [9,3,451] 89.8967419743
  [9,3,452] 106.7286318007
  [9,3,453] 89.8967419743
  [9,3,454] 89.2981718492
  [9,3,455] 89.8967419743
  [9,3,456] 106.7286318007
  [9,3,457] 107.3272019258
  [9,3,458] 89.2981718492
  [9,3,459] 89.8967419743
  [9,3,460] 106.7286318007
  [9,3,461] 89.8967419743
  [9,3,462] 89.2981718492
  [9,3,463] 89.8967419743
  [9,3,464] 106.7286318007
  [9,3,465] 89.8967419743
  [9,3,466] 89.2981718492
  [9,3,467] 89.8967419743
  [9,3,468] 106.7286318007
  [9,3,469] 89.8967419743
  [9,3,470] 89.2981718492
  [9,3,471] 89.8967419743
  [9,3,472] 106.7286318007
  [9,3,473] 107.3272019258
  [9,3,474] 89.2981718492
  [9,3,475] 89.8967419743
  [9,3,476] 106.7286318007
  [9,3,477] 89.8967419743
  [9,3,478] 89.2981718492
  [9,3,479] 89.8967419743
  [9,3,480] 106.7286318007
  [9,3,481] 89.8967419743
  [9,3,482] 89.2981718492
  [9,3,483] 89.8967419743
  [9,3,484] 106.7286318007
  [9,3,485] 89.8967419743
  [9,3,486] 89.2981718492
  [9,3,487] 89.8967419743
  [9,3,488] 106.7286318007
  [9,3,489] 89.2981718492
  [9,3,490] 89.8967419743
  [9,3,491] 89.2981718492
  [9,3,492] 107.3272019258
  [9,3,493] 106.7286318007
  [9,3,494] 89.8967419743
  [9,3,495] 89.2981718492
  [9,3,496] 107.3272019258
  [9,3,497] 89.2981718492
  [9,3,498] 89.8967419743
  [9,3,499] 89.2981718492
  [9,3,500] 107.3272019258
  [9,3,501] 89.2981718492
  [9,3,502] 89.8967419743
  [9,3,503] 89.2981718492
  [9,3,504] 107.3272019258
  [9,3,505] 89.2981718492
  [9,3,506] 89.8967419743
  [9,3,507] 89.2981718492
  [9,3,508] 107.3272019258
  [9,3,509] 89.2981718492
  [9,3,510] 89.8967419743
  [9,3,511] 89.2981718492
  [9,3,512] 107.3272019258
  [9,3,513] 106.7286318007
  [9,3,514] 89.8967419743
  [9,3,515] 89.2981718492
  [9,3,516] 107.3272019258
  [9,3,517] 89.2981718492
  [9,3,518] 89.8967419743
  [9,3,519] 89.2981718492
  [9,3,520] 107.3272019258
  [9,3,521] 89.2981718492
  [9,3,522] 89.8967419743
  [9,3,523] 89.2981718492
  [9,3,524] 107.3272019258
  [9,3,525] 89.2981718492
  [9,3,526] 89.8967419743
  [9,3,527] 89.2981718492
  [9,3,528] 107.3272019258
  [9,3,529] 89.2981718492
  [9,3,530] 89.8967419743
  [9,3,531] 89.2981718492
  [9,3,532] 107.3272019258
  [9,3,533] 106.7286318007
  [9,3,534] 89.8967419743
  [9,3,535] 89.2981718492
  [9,3,536] 107.3272019258
  [9,3,537] 106.7286318007
  [9,3,538] 89.8967419743
  [9,3,539] 89.2981718492
  [9,3,540] 107.3272019258
  [9,3,541] 89.2981718492
  [9,3,542] 89.8967419743
  [9,3,543] 89.2981718492
  [9,3,544] 107.3272019258
  [9,3,545] 89.2981718492
  [9,3,546] 89.8967419743
  [9,3,547] 89.2981718492
  [9,3,548] 107.3272019258
  [9,3,549] 89.2981718492
  [9,3,550] 89.8967419743
  [9,3,551] 89.2981718492
  [9,3,552] 107.3272019258
  [9,3,553] 106.7286318007
  [9,3,554] 89.8967419743
  [9,3,555] 89.2981718492
  [9,3,556] 107.3272019258
  [9,3,557] 89.2981718492
  [9,3,558] 89.8967419743
  [9,3,559] 89.2981718492
  [9,3,560] 107.3272019258
  [9,3,561] 89.2981718492
  [9,3,562] 89.8967419743
  [9,3,563] 89.2981718492
  [9,3,564] 107.3272019258
  [9,3,565] 89.2981718492
  [9,3,566] 89.8967419743
  [9,3,567] 89.2981718492
  [9,3,568] 107.3272019258
  [9,3,569] 89.2981718492
  [9,3,570] 89.8967419743
  [9,3,571] 89.2981718492
  [9,3,572] 107.3272019258
  [9,3,573] 106.7286318007
  [9,3,574] 89.8967419743
  [9,3,575] 89.2981718492
  [9,3,576] 107.3272019258
  [9,3,577] 89.2981718492
  [9,3,578] 89.8967419743
  [9,3,579] 89.2981718492
  [9,3,580] 107.3272019258
  [9,3,581] 89.2981718492
  [9,3,582] 89.8967419743
  [9,3,583] 89.2981718492
  [9,3,584] 107.3272019258
  [9,3,585] 89.2981718492
  [9,3,586] 89.8967419743
  [9,3,587] 89.2981718492
  [9,3,588] 107.3272019258
  [9,3,589] 106.7286318007
  [9,3,590] 89.8967419743
  [9,3,591] 89.2981718492
  [9,3,592] 107.3272019258
  [9,3,593] 89.8967419743
  [9,3,594] 89.2981718492
  [9,3,595] 89.8967419743
  [9,3,596] 106.7286318007
  [9,3,597] 89.8967419743
  [9,3,598] 89.2981718492
  [9,3,599] 89.8967419743
  [9,3,600] 106.7286318007
  [9,3,601] 89.8967419743
  [9,3,602] 89.2981718492
  [9,3,603] 89.8967419743
  [9,3,604] 106.7286318007
  [9,3,605] 107.3272019258
  [9,3,606] 89.2981718492
  [9,3,607] 89.8967419743
  [9,3,608] 106.7286318007
  [9,3,609] 89.8967419743
  [9,3,610] 89.2981718492
  [9,3,611] 89.8967419743
  [9,3,612] 106.7286318007
  [9,3,613] 89.8967419743
  [9,3,614] 89.2981718492
  [9,3,615] 89.8967419743
  [9,3,616] 106.7286318007
  [9,3,617] 89.8967419743
  [9,3,618] 89.2981718492
  [9,3,619] 89.8967419743
  [9,3,620] 106.7286318007
  [9,3,621] 107.3272019258
  [9,3,622] 89.2981718492
  [9,3,623] 89.8967419743
  [9,3,624] 106.7286318007
  [9,3,625] 89.8967419743
  [9,3,626] 89.2981718492
  [9,3,627] 89.8967419743
  [9,3,628] 106.7286318007
  [9,3,629] 89.8967419743
  [9,3,630] 89.2981718492
  [9,3,631] 89.8967419743
  [9,3,632] 106.7286318007
  [9,3,633] 89.8967419743
  [9,3,634] 89.2981718492
  [9,3,635] 89.8967419743
  [9,3,636] 106.7286318007
  [9,3,637] 107.3272019258
  [9,3,638] 89.2981718492
  [9,3,639] 89.8967419743
  [9,3,640] 106.7286318007
  [9,3,641] 89.8967419743
  [9,3,642] 89.2981718492
  [9,3,643] 89.8967419743
  [9,3,644] 106.7286318007
  [9,3,645] 89.8967419743
  [9,3,646] 89.2981718492
  [9,3,647] 89.8967419743
  [9,3,648] 106.7286318007
  [9,3,649] 89.8967419743
  [9,3,650] 89.2981718492
  [9,3,651] 89.8967419743
  [9,3,652] 106.7286318007
  [9,3,653] 107.3272019258
  [9,3,654] 89.2981718492
  [9,3,655] 89.8967419743
  [9,3,656] 106.7286318007
  [9,3,657] 89.8967419743
  [9,3,658] 89.2981718492
  [9,3,659] 89.8967419743
  [9,3,660] 106.7286318007
  [9,3,661] 89.8967419743
  [9,3,662] 89.2981718492
  [9,3,663] 89.8967419743
  [9,3,664] 106.7286318007
  [9,3,665] 89.2981718492
  [9,3,666] 89.8967419743
  [9,3,667] 89.2981718492
  [9,3,668] 107.3272019258
  [9,3,669] 107.3272019258
  [9,3,670] 89.8967419743
  [9,3,671] 89.2981718492
  [9,3,672] 107.3272019258
  [9,3,673] 89.2981718492
  [9,3,674] 89.8967419743
  [9,3,675] 89.2981718492
  [9,3,676] 106.7286318007
  [9,3,677] 89.2981718492
  [9,3,678] 89.2981718492
  [9,3,679] 89.8967419743
  [9,3,680] 107.3272019258
  [9,3,681] 89.2981718492
  [9,3,682] 89.2981718492
  [9,3,683] 89.8967419743
  [9,3,684] 106.7286318007
  [9,3,685] 89.8967419743
  [9,3,686] 89.2981718492
  [9,3,687] 89.8967419743
  [9,3,688] 106.7286318007
  [9,3,689] 107.3272019258
  [9,3,690] 89.8967419743
  [9,3,691] 89.2981718492
  [9,3,692] 106.7286318007
  [9,3,693] 89.2981718492
  [9,3,694] 89.8967419743
  [9,3,695] 89.2981718492
  [9,3,696] 107.3272019258
  [9,3,697] 89.2981718492
  [9,3,698] 89.2981718492
  [9,3,699] 89.2981718492
  [9,3,700] 107.3272019258
  [9,3,701] 89.8967419743
  [9,3,702] 89.8967419743
  [9,3,703] 89.2981718492
  [9,3,704] 106.7286318007
  [9,3,705] 89.8967419743
  [9,3,706] 89.2981718492
  [9,3,707] 106.7286318007
  [9,3,708] 89.8967419743
  [9,3,709] 89.8967419743
  [9,3,710] 106.7286318007
  [9,3,711] 89.2981718492
  [9,3,712] 89.8967419743
  [9,3,713] 89.8967419743
  [9,3,714] 107.3272019258
  [9,3,715] 89.8967419743
  [9,3,716] 89.8967419743
  [9,3,717] 89.8967419743
  [9,3,718] 106.7286318007
  [9,3,719] 89.2981718492
  [9,3,720] 89.8967419743
;

param BASE_PEL :=
  [3,1,1] 94.6975656604
  [3,1,2] 94.6975656604
  [3,1,3] 94.6975656604
  [3,1,4] 76.7511758652
  [3,1,5] 54.3827926411
  [3,1,6] 41.7741543466
  [3,1,7] 51.4074801709
  [3,1,8] 73.0167408533
  [3,1,9] 87.2392698810
  [3,1,10] 94.6975656604
  [3,1,11] 94.6975656604
  [3,1,12] 94.6975656604
  [3,1,13] 94.6975656604
  [3,1,14] 94.6975656604
  [3,1,15] 94.6975656604
  [3,1,16] 94.6975656604
  [3,1,17] 94.6975656604
  [3,1,18] 94.6975656604
  [3,1,19] 94.6975656604
  [3,1,20] 94.6975656604
  [3,1,21] 94.6975656604
  [3,1,22] 94.6975656604
  [3,1,23] 94.6975656604
  [3,1,24] 94.6975656604
  [3,1,25] 94.6975656604
  [3,1,26] 94.6975656604
  [3,1,27] 94.6975656604
  [3,1,28] 94.6975656604
  [3,1,29] 94.6975656604
  [3,1,30] 94.6975656604
  [3,1,31] 87.2392698810
  [3,1,32] 68.9088623402
  [3,1,33] 55.8704488761
  [3,1,34] 69.6132659289
  [3,1,35] 94.6975656604
  [3,1,36] 94.6975656604
  [3,1,37] 94.6975656604
  [3,1,38] 94.6975656604
  [3,1,39] 94.6975656604
  [3,1,40] 94.6975656604
  [3,1,41] 94.6975656604
  [3,1,42] 94.6975656604
  [3,1,43] 94.6975656604
  [3,1,44] 94.6975656604
  [3,1,45] 94.6975656604
  [3,1,46] 94.6975656604
  [3,1,47] 94.6975656604
  [3,1,48] 94.6975656604
  [3,1,49] 94.6975656604
  [3,1,50] 94.6975656604
  [3,1,51] 94.6975656604
  [3,1,52] 94.6975656604
  [3,1,53] 94.6975656604
  [3,1,54] 92.1120378616
  [3,1,55] 89.4882397182
  [3,1,56] 84.6154717375
  [3,1,57] 84.4577480480
  [3,1,58] 94.6975656604
  [3,1,59] 94.6975656604
  [3,1,60] 94.6975656604
  [3,1,61] 94.6975656604
  [3,1,62] 94.6975656604
  [3,1,63] 94.6975656604
  [3,1,64] 94.6975656604
  [3,1,65] 94.6975656604
  [3,1,66] 94.6975656604
  [3,1,67] 94.6975656604
  [3,1,68] 94.6975656604
  [3,1,69] 94.6975656604
  [3,1,70] 94.6975656604
  [3,1,71] 94.6975656604
  [3,1,72] 94.6975656604
  [3,1,73] 94.6975656604
  [3,1,74] 94.6975656604
  [3,1,75] 94.6975656604
  [3,1,76] 94.6975656604
  [3,1,77] 94.6975656604
  [3,1,78] 94.6975656604
  [3,1,79] 94.6975656604
  [3,1,80] 94.6975656604
  [3,1,81] 85.5098647611
  [3,1,82] 94.6975656604
  [3,1,83] 94.6975656604
  [3,1,84] 94.6975656604
  [3,1,85] 94.6975656604
  [3,1,86] 94.6975656604
  [3,1,87] 94.6975656604
  [3,1,88] 94.6975656604
  [3,1,89] 94.6975656604
  [3,1,90] 94.6975656604
  [3,1,91] 94.6975656604
  [3,1,92] 94.6975656604
  [3,1,93] 94.6975656604
  [3,1,94] 94.6975656604
  [3,1,95] 94.6975656604
  [3,1,96] 94.6975656604
  [3,1,97] 94.6975656604
  [3,1,98] 94.6975656604
  [3,1,99] 94.6975656604
  [3,1,100] 94.6975656604
  [3,1,101] 94.6975656604
  [3,1,102] 94.6975656604
  [3,1,103] 94.6975656604
  [3,1,104] 94.6975656604
  [3,1,105] 94.6975656604
  [3,1,106] 94.6975656604
  [3,1,107] 94.6975656604
  [3,1,108] 94.6975656604
  [3,1,109] 94.6975656604
  [3,1,110] 94.6975656604
  [3,1,111] 94.6975656604
  [3,1,112] 94.6975656604
  [3,1,113] 94.6975656604
  [3,1,114] 94.6975656604
  [3,1,115] 94.6975656604
  [3,1,116] 94.6975656604
  [3,1,117] 94.6975656604
  [3,1,118] 94.6975656604
  [3,1,119] 94.6975656604
  [3,1,120] 94.6975656604
  [3,1,121] 94.6975656604
  [3,1,122] 94.6975656604
  [3,1,123] 94.6975656604
  [3,1,124] 94.6975656604
  [3,1,125] 94.6975656604
  [3,1,126] 94.6975656604
  [3,1,127] 94.6975656604
  [3,1,128] 94.6975656604
  [3,1,129] 94.6975656604
  [3,1,130] 94.6975656604
  [3,1,131] 94.6975656604
  [3,1,132] 94.6975656604
  [3,1,133] 94.6975656604
  [3,1,134] 94.6975656604
  [3,1,135] 94.6975656604
  [3,1,136] 94.6975656604
  [3,1,137] 94.6975656604
  [3,1,138] 94.6975656604
  [3,1,139] 94.6975656604
  [3,1,140] 94.6975656604
  [3,1,141] 94.6975656604
  [3,1,142] 94.6975656604
  [3,1,143] 94.6975656604
  [3,1,144] 94.6975656604
  [3,1,145] 94.6975656604
  [3,1,146] 94.6975656604
  [3,1,147] 94.6975656604
  [3,1,148] 94.6975656604
  [3,1,149] 94.6975656604
  [3,1,150] 94.6975656604
  [3,1,151] 89.4882397182
  [3,1,152] 66.2947578318
  [3,1,153] 50.6636520534
  [3,1,154] 94.6975656604
  [3,1,155] 94.6975656604
  [3,1,156] 94.6975656604
  [3,1,157] 94.6975656604
  [3,1,158] 94.6975656604
  [3,1,159] 94.6975656604
  [3,1,160] 94.6975656604
  [3,1,161] 94.6975656604
  [3,1,162] 94.6975656604
  [3,1,163] 94.6975656604
  [3,1,164] 94.6975656604
  [3,1,165] 94.6975656604
  [3,1,166] 94.6975656604
  [3,1,167] 94.6975656604
  [3,1,168] 94.6975656604
  [3,1,169] 94.6975656604
  [3,1,170] 94.6975656604
  [3,1,171] 94.6975656604
  [3,1,172] 94.6975656604
  [3,1,173] 94.6975656604
  [3,1,174] 87.6140981872
  [3,1,175] 74.1370713569
  [3,1,176] 70.4026363449
  [3,1,177] 68.6075196798
  [3,1,178] 94.6975656604
  [3,1,179] 94.6975656604
  [3,1,180] 94.6975656604
  [3,1,181] 94.6975656604
  [3,1,182] 94.6975656604
  [3,1,183] 94.6975656604
  [3,1,184] 94.6975656604
  [3,1,185] 94.6975656604
  [3,1,186] 94.6975656604
  [3,1,187] 94.6975656604
  [3,1,188] 94.6975656604
  [3,1,189] 94.6975656604
  [3,1,190] 94.6975656604
  [3,1,191] 94.6975656604
  [3,1,192] 94.6975656604
  [3,1,193] 94.6975656604
  [3,1,194] 94.6975656604
  [3,1,195] 94.6975656604
  [3,1,196] 94.6975656604
  [3,1,197] 94.6975656604
  [3,1,198] 94.6975656604
  [3,1,199] 94.6975656604
  [3,1,200] 94.6975656604
  [3,1,201] 73.3901843545
  [3,1,202] 94.6975656604
  [3,1,203] 94.6975656604
  [3,1,204] 94.6975656604
  [3,1,205] 94.6975656604
  [3,1,206] 94.6975656604
  [3,1,207] 94.6975656604
  [3,1,208] 94.6975656604
  [3,1,209] 94.6975656604
  [3,1,210] 94.6975656604
  [3,1,211] 94.6975656604
  [3,1,212] 94.6975656604
  [3,1,213] 94.6975656604
  [3,1,214] 94.6975656604
  [3,1,215] 94.6975656604
  [3,1,216] 94.6975656604
  [3,1,217] 85.7399566562
  [3,1,218] 70.0291928437
  [3,1,219] 58.1019332287
  [3,1,220] 52.1513082885
  [3,1,221] 50.6636520534
  [3,1,222] 52.8951364060
  [3,1,223] 55.1266207586
  [3,1,224] 59.9615035226
  [3,1,225] 51.0355661122
  [3,1,226] 38.2167622781
  [3,1,227] 58.4996929053
  [3,1,228] 80.2215774547
  [3,1,229] 93.2070162724
  [3,1,230] 87.1132969598
  [3,1,231] 74.7917337961
  [3,1,232] 62.5761455078
  [3,1,233] 56.9881988335
  [3,1,234] 56.4818364553
  [3,1,235] 60.6464854031
  [3,1,236] 64.7640353534
  [3,1,237] 83.8658151251
  [3,1,238] 94.6975656604
  [3,1,239] 94.6975656604
  [3,1,240] 94.6975656604
  [3,1,241] 94.6975656604
  [3,1,242] 94.6975656604
  [3,1,243] 90.6127246368
  [3,1,244] 78.9930471445
  [3,1,245] 69.6557493425
  [3,1,246] 64.4275403258
  [3,1,247] 63.6806533235
  [3,1,248] 63.6806533235
  [3,1,249] 63.3087300515
  [3,1,250] 80.1658020609
  [3,1,251] 94.6975656604
  [3,1,252] 94.6975656604
  [3,1,253] 94.6975656604
  [3,1,254] 94.6975656604
  [3,1,255] 94.6975656604
  [3,1,256] 94.6975656604
  [3,1,257] 94.6975656604
  [3,1,258] 94.6975656604
  [3,1,259] 94.6975656604
  [3,1,260] 94.6975656604
  [3,1,261] 94.6975656604
  [3,1,262] 94.6975656604
  [3,1,263] 94.6975656604
  [3,1,264] 94.6975656604
  [3,1,265] 94.6975656604
  [3,1,266] 94.6975656604
  [3,1,267] 94.6975656604
  [3,1,268] 94.6975656604
  [3,1,269] 94.6975656604
  [3,1,270] 94.6975656604
  [3,1,271] 94.6975656604
  [3,1,272] 94.6975656604
  [3,1,273] 94.6975656604
  [3,1,274] 94.6975656604
  [3,1,275] 94.6975656604
  [3,1,276] 94.6975656604
  [3,1,277] 94.6975656604
  [3,1,278] 94.6975656604
  [3,1,279] 94.6975656604
  [3,1,280] 94.6975656604
  [3,1,281] 94.6975656604
  [3,1,282] 94.6975656604
  [3,1,283] 94.6975656604
  [3,1,284] 94.6975656604
  [3,1,285] 94.6975656604
  [3,1,286] 94.6975656604
  [3,1,287] 94.6975656604
  [3,1,288] 94.6975656604
  [3,1,289] 94.6975656604
  [3,1,290] 94.6975656604
  [3,1,291] 94.6975656604
  [3,1,292] 94.6975656604
  [3,1,293] 94.6975656604
  [3,1,294] 90.6127246368
  [3,1,295] 88.7385831058
  [3,1,296] 87.2392698810
  [3,1,297] 80.1899002687
  [3,1,298] 94.6975656604
  [3,1,299] 94.6975656604
  [3,1,300] 94.6975656604
  [3,1,301] 94.6975656604
  [3,1,302] 74.6716146016
  [3,1,303] 59.7702897574
  [3,1,304] 53.5968741319
  [3,1,305] 51.1867702770
  [3,1,306] 50.5036501571
  [3,1,307] 59.1294060495
  [3,1,308] 91.4514894312
  [3,1,309] 94.6975656604
  [3,1,310] 94.6975656604
  [3,1,311] 94.6975656604
  [3,1,312] 94.6975656604
  [3,1,313] 88.3637547996
  [3,1,314] 85.7399566562
  [3,1,315] 83.1161585127
  [3,1,316] 73.7636278557
  [3,1,317] 52.5232223472
  [3,1,318] 36.8468230000
  [3,1,319] 36.8468230000
  [3,1,320] 36.8468230000
  [3,1,321] 36.8468230000
  [3,1,322] 36.8468230000
  [3,1,323] 36.8468230000
  [3,1,324] 36.8468230000
  [3,1,325] 36.8468230000
  [3,1,326] 36.8468230000
  [3,1,327] 36.8468230000
  [3,1,328] 36.8468230000
  [3,1,329] 36.8468230000
  [3,1,330] 37.3389245928
  [3,1,331] 36.8468230000
  [3,1,332] 36.8468230000
  [3,1,333] 36.8468230000
  [3,1,334] 36.8468230000
  [3,1,335] 36.8468230000
  [3,1,336] 36.8468230000
  [3,1,337] 36.8468230000
  [3,1,338] 36.8468230000
  [3,1,339] 36.8468230000
  [3,1,340] 36.8468230000
  [3,1,341] 36.8468230000
  [3,1,342] 36.8468230000
  [3,1,343] 36.8468230000
  [3,1,344] 36.8468230000
  [3,1,345] 36.8468230000
  [3,1,346] 36.8468230000
  [3,1,347] 36.8468230000
  [3,1,348] 60.0867890594
  [3,1,349] 71.9723233347
  [3,1,350] 76.0081010069
  [3,1,351] 76.4591802890
  [3,1,352] 70.8168404638
  [3,1,353] 68.2008665387
  [3,1,354] 77.7902050647
  [3,1,355] 90.7593373969
  [3,1,356] 93.3552846346
  [3,1,357] 80.8671886755
  [3,1,358] 62.9368159927
  [3,1,359] 51.0355661122
  [3,1,360] 49.7392810000
  [3,1,361] 43.2550353066
  [3,1,362] 48.1194038033
  [3,1,363] 36.8468230000
  [3,1,364] 36.8468230000
  [3,1,365] 36.8468230000
  [3,1,366] 36.8468230000
  [3,1,367] 36.8468230000
  [3,1,368] 36.8468230000
  [3,1,369] 36.8468230000
  [3,1,370] 36.8468230000
  [3,1,371] 43.9478718885
  [3,1,372] 62.3108993799
  [3,1,373] 82.8620419922
  [3,1,374] 94.6975656604
  [3,1,375] 94.6975656604
  [3,1,376] 94.6975656604
  [3,1,377] 94.6975656604
  [3,1,378] 94.6975656604
  [3,1,379] 94.6975656604
  [3,1,380] 79.9876592793
  [3,1,381] 69.2823058413
  [3,1,382] 68.1619753378
  [3,1,383] 60.7053316401
  [3,1,384] 52.5232223472
  [3,1,385] 42.1443745866
  [3,1,386] 36.8468230000
  [3,1,387] 36.8468230000
  [3,1,388] 36.8468230000
  [3,1,389] 36.8468230000
  [3,1,390] 36.8468230000
  [3,1,391] 36.8468230000
  [3,1,392] 40.6634936266
  [3,1,393] 45.4763567466
  [3,1,394] 45.4598952459
  [3,1,395] 77.5979850294
  [3,1,396] 94.6975656604
  [3,1,397] 94.6975656604
  [3,1,398] 94.6975656604
  [3,1,399] 94.6975656604
  [3,1,400] 94.5782594802
  [3,1,401] 87.1113470285
  [3,1,402] 78.9931207268
  [3,1,403] 73.8653461238
  [3,1,404] 73.0962460510
  [3,1,405] 71.8964103497
  [3,1,406] 78.6183933712
  [3,1,407] 84.6154717375
  [3,1,408] 88.3637547996
  [3,1,409] 90.9875529430
  [3,1,410] 92.4868661678
  [3,1,411] 92.1120378616
  [3,1,412] 89.8630680244
  [3,1,413] 85.7399566562
  [3,1,414] 68.9088623402
  [3,1,415] 52.5232223472
  [3,1,416] 49.7392810000
  [3,1,417] 36.8468230000
  [3,1,418] 36.8468230000
  [3,1,419] 51.4774969715
  [3,1,420] 76.4314322785
  [3,1,421] 81.4499606003
  [3,1,422] 76.2854344904
  [3,1,423] 67.1268315928
  [3,1,424] 54.5780949786
  [3,1,425] 49.7392810000
  [3,1,426] 36.8468230000
  [3,1,427] 36.8468230000
  [3,1,428] 49.7392810000
  [3,1,429] 62.1929878752
  [3,1,430] 82.7413302065
  [3,1,431] 78.9930471445
  [3,1,432] 65.5478708294
  [3,1,433] 51.7793942297
  [3,1,434] 49.7392810000
  [3,1,435] 49.7392810000
  [3,1,436] 36.8468230000
  [3,1,437] 36.8468230000
  [3,1,438] 36.8468230000
  [3,1,439] 49.7392810000
  [3,1,440] 37.3315114667
  [3,1,441] 42.1443745866
  [3,1,442] 48.0001264647
  [3,1,443] 82.0864108231
  [3,1,444] 93.9937583710
  [3,1,445] 88.5457974438
  [3,1,446] 82.5244463368
  [3,1,447] 77.5186264526
  [3,1,448] 71.2218441196
  [3,1,449] 66.4502493249
  [3,1,450] 62.4159245808
  [3,1,451] 60.2377741936
  [3,1,452] 62.9202791780
  [3,1,453] 73.7636278557
  [3,1,454] 89.8630680244
  [3,1,455] 94.6975656604
  [3,1,456] 94.6975656604
  [3,1,457] 93.6113510864
  [3,1,458] 94.3610076989
  [3,1,459] 94.6975656604
  [3,1,460] 92.1120378616
  [3,1,461] 85.3651283500
  [3,1,462] 83.8658151251
  [3,1,463] 93.2365227802
  [3,1,464] 94.6975656604
  [3,1,465] 94.6975656604
  [3,1,466] 94.6975656604
  [3,1,467] 94.6975656604
  [3,1,468] 94.6975656604
  [3,1,469] 94.6975656604
  [3,1,470] 94.6975656604
  [3,1,471] 94.6975656604
  [3,1,472] 94.6975656604
  [3,1,473] 94.6975656604
  [3,1,474] 94.6975656604
  [3,1,475] 94.6975656604
  [3,1,476] 94.6975656604
  [3,1,477] 94.6975656604
  [3,1,478] 94.6975656604
  [3,1,479] 94.6975656604
  [3,1,480] 94.6975656604
  [3,1,481] 94.6975656604
  [3,1,482] 94.6975656604
  [3,1,483] 94.6975656604
  [3,1,484] 84.2406434313
  [3,1,485] 75.6308453616
  [3,1,486] 73.3901843545
  [3,1,487] 76.0042888628
  [3,1,488] 83.1161585127
  [3,1,489] 91.3623812492
  [3,1,490] 94.6975656604
  [3,1,491] 94.6975656604
  [3,1,492] 94.6975656604
  [3,1,493] 94.6975656604
  [3,1,494] 94.6975656604
  [3,1,495] 94.6975656604
  [3,1,496] 94.6975656604
  [3,1,497] 94.6975656604
  [3,1,498] 94.6975656604
  [3,1,499] 94.6975656604
  [3,1,500] 94.6975656604
  [3,1,501] 94.6975656604
  [3,1,502] 94.6975656604
  [3,1,503] 94.6975656604
  [3,1,504] 94.6975656604
  [3,1,505] 94.6975656604
  [3,1,506] 94.6975656604
  [3,1,507] 94.6975656604
  [3,1,508] 90.2378963306
  [3,1,509] 78.9930471445
  [3,1,510] 73.7636278557
  [3,1,511] 72.6432973521
  [3,1,512] 75.6308453616
  [3,1,513] 76.4498332049
  [3,1,514] 94.6975656604
  [3,1,515] 94.6975656604
  [3,1,516] 94.6975656604
  [3,1,517] 94.6975656604
  [3,1,518] 94.6975656604
  [3,1,519] 94.6975656604
  [3,1,520] 94.6975656604
  [3,1,521] 94.6975656604
  [3,1,522] 94.6975656604
  [3,1,523] 94.6975656604
  [3,1,524] 94.6975656604
  [3,1,525] 94.6975656604
  [3,1,526] 94.6975656604
  [3,1,527] 94.6975656604
  [3,1,528] 94.6975656604
  [3,1,529] 94.6975656604
  [3,1,530] 94.6975656604
  [3,1,531] 94.6975656604
  [3,1,532] 94.6975656604
  [3,1,533] 94.6975656604
  [3,1,534] 94.6975656604
  [3,1,535] 94.6975656604
  [3,1,536] 94.6975656604
  [3,1,537] 94.6975656604
  [3,1,538] 94.6975656604
  [3,1,539] 94.6975656604
  [3,1,540] 94.6975656604
  [3,1,541] 94.6975656604
  [3,1,542] 94.6975656604
  [3,1,543] 94.6975656604
  [3,1,544] 94.6975656604
  [3,1,545] 94.6975656604
  [3,1,546] 90.1100470605
  [3,1,547] 94.6413195231
  [3,1,548] 94.6975656604
  [3,1,549] 94.6975656604
  [3,1,550] 94.6975656604
  [3,1,551] 94.6975656604
  [3,1,552] 94.6975656604
  [3,1,553] 94.6975656604
  [3,1,554] 94.6975656604
  [3,1,555] 94.6975656604
  [3,1,556] 89.1134114120
  [3,1,557] 65.9213143306
  [3,1,558] 51.4074801709
  [3,1,559] 50.6636520534
  [3,1,560] 56.6142769937
  [3,1,561] 63.6806533235
  [3,1,562] 94.6975656604
  [3,1,563] 94.6975656604
  [3,1,564] 94.6975656604
  [3,1,565] 94.6975656604
  [3,1,566] 94.6975656604
  [3,1,567] 94.6975656604
  [3,1,568] 94.6975656604
  [3,1,569] 94.6975656604
  [3,1,570] 94.6975656604
  [3,1,571] 94.6975656604
  [3,1,572] 94.6975656604
  [3,1,573] 94.6975656604
  [3,1,574] 94.6975656604
  [3,1,575] 94.6975656604
  [3,1,576] 94.6975656604
  [3,1,577] 94.6975656604
  [3,1,578] 94.6975656604
  [3,1,579] 94.6975656604
  [3,1,580] 94.6975656604
  [3,1,581] 91.7372095554
  [3,1,582] 72.2698538509
  [3,1,583] 60.3334175813
  [3,1,584] 58.1019332287
  [3,1,585] 57.7300191700
  [3,1,586] 90.2694999344
  [3,1,587] 94.6975656604
  [3,1,588] 94.6975656604
  [3,1,589] 94.6975656604
  [3,1,590] 94.6975656604
  [3,1,591] 94.6975656604
  [3,1,592] 94.6975656604
  [3,1,593] 94.6975656604
  [3,1,594] 94.6975656604
  [3,1,595] 94.6975656604
  [3,1,596] 94.6975656604
  [3,1,597] 94.6975656604
  [3,1,598] 94.6975656604
  [3,1,599] 94.6975656604
  [3,1,600] 94.6975656604
  [3,1,601] 94.6975656604
  [3,1,602] 91.7372095554
  [3,1,603] 73.3901843545
  [3,1,604] 63.3087300515
  [3,1,605] 59.5895894638
  [3,1,606] 69.2823058413
  [3,1,607] 81.9916735941
  [3,1,608] 89.4882397182
  [3,1,609] 87.9889264934
  [3,1,610] 94.6975656604
  [3,1,611] 94.6975656604
  [3,1,612] 94.6975656604
  [3,1,613] 94.6975656604
  [3,1,614] 94.6975656604
  [3,1,615] 94.6975656604
  [3,1,616] 94.6975656604
  [3,1,617] 94.6975656604
  [3,1,618] 94.6975656604
  [3,1,619] 94.6975656604
  [3,1,620] 94.6975656604
  [3,1,621] 94.6975656604
  [3,1,622] 94.6975656604
  [3,1,623] 94.6975656604
  [3,1,624] 94.6975656604
  [3,1,625] 94.6975656604
  [3,1,626] 94.6975656604
  [3,1,627] 94.3610076989
  [3,1,628] 81.6168452879
  [3,1,629] 75.2574018604
  [3,1,630] 78.2449498700
  [3,1,631] 82.7413302065
  [3,1,632] 86.8644415748
  [3,1,633] 86.8644415748
  [3,1,634] 94.6975656604
  [3,1,635] 94.6975656604
  [3,1,636] 94.6975656604
  [3,1,637] 94.6975656604
  [3,1,638] 94.6975656604
  [3,1,639] 94.6975656604
  [3,1,640] 94.6975656604
  [3,1,641] 94.6975656604
  [3,1,642] 94.6975656604
  [3,1,643] 94.6975656604
  [3,1,644] 94.6975656604
  [3,1,645] 94.6975656604
  [3,1,646] 94.6975656604
  [3,1,647] 94.6975656604
  [3,1,648] 94.6975656604
  [3,1,649] 94.6975656604
  [3,1,650] 94.6975656604
  [3,1,651] 87.6140981872
  [3,1,652] 75.6308453616
  [3,1,653] 68.5354188390
  [3,1,654] 64.8009838270
  [3,1,655] 63.6806533235
  [3,1,656] 64.4275403258
  [3,1,657] 64.4275403258
  [3,1,658] 93.2477072919
  [3,1,659] 94.6975656604
  [3,1,660] 94.6975656604
  [3,1,661] 94.6975656604
  [3,1,662] 94.6975656604
  [3,1,663] 94.6975656604
  [3,1,664] 94.6975656604
  [3,1,665] 94.6975656604
  [3,1,666] 94.6975656604
  [3,1,667] 94.6975656604
  [3,1,668] 94.6975656604
  [3,1,669] 94.6975656604
  [3,1,670] 94.6975656604
  [3,1,671] 94.6975656604
  [3,1,672] 94.6975656604
  [3,1,673] 94.6975656604
  [3,1,674] 94.6975656604
  [3,1,675] 94.6975656604
  [3,1,676] 74.1370713569
  [3,1,677] 70.7760798461
  [3,1,678] 74.1370713569
  [3,1,679] 84.2406434313
  [3,1,680] 84.9903000437
  [3,1,681] 81.2420169817
  [3,1,682] 90.2694999344
  [3,1,683] 94.6975656604
  [3,1,684] 94.6975656604
  [3,1,685] 94.6975656604
  [3,1,686] 94.6975656604
  [3,1,687] 94.6975656604
  [3,1,688] 94.6975656604
  [3,1,689] 94.6975656604
  [3,1,690] 94.6975656604
  [3,1,691] 94.6975656604
  [3,1,692] 94.6975656604
  [3,1,693] 94.6975656604
  [3,1,694] 94.6975656604
  [3,1,695] 94.6975656604
  [3,1,696] 94.6975656604
  [3,1,697] 94.6975656604
  [3,1,698] 94.6975656604
  [3,1,699] 94.6975656604
  [3,1,700] 90.6127246368
  [3,1,701] 69.2823058413
  [3,1,702] 57.3581051112
  [3,1,703] 59.5895894638
  [3,1,704] 63.3087300515
  [3,1,705] 68.5354188390
  [3,1,706] 94.6975656604
  [3,1,707] 94.6975656604
  [3,1,708] 94.6975656604
  [3,1,709] 94.6975656604
  [3,1,710] 94.6975656604
  [3,1,711] 94.6975656604
  [3,1,712] 94.6975656604
  [3,1,713] 86.8348614846
  [3,1,714] 79.0135398189
  [3,1,715] 78.3540724949
  [3,1,716] 86.0832549409
  [3,1,717] 94.6975656604
  [3,1,718] 94.6975656604
  [3,1,719] 94.6975656604
  [3,1,720] 94.6975656604
  [3,1,721] 94.6975656604
  [3,1,722] 94.6975656604
  [3,1,723] 94.6975656604
  [3,1,724] 94.6975656604
  [3,1,725] 94.6975656604
  [3,1,726] 94.6975656604
  [3,1,727] 94.6975656604
  [3,1,728] 94.6975656604
  [3,1,729] 90.9875529430
  [3,1,730] 94.6975656604
  [3,1,731] 94.6975656604
  [3,1,732] 94.6975656604
  [3,1,733] 94.6975656604
  [3,1,734] 94.6975656604
  [3,1,735] 94.6975656604
  [3,1,736] 94.4743612532
  [3,1,737] 94.6975656604
  [3,1,738] 94.6975656604
  [3,1,739] 94.6975656604
  [3,1,740] 94.6975656604
  [3,1,741] 94.6975656604
  [3,1,742] 94.6975656604
  [3,1,743] 94.6975656604
  [3,1,744] 94.6975656604
  [3,2,1] 94.6975656604
  [3,2,2] 94.6975656604
  [3,2,3] 94.6975656604
  [3,2,4] 76.7511758652
  [3,2,5] 54.3827926411
  [3,2,6] 41.7741543466
  [3,2,7] 51.4074801709
  [3,2,8] 73.0167408533
  [3,2,9] 87.2392698810
  [3,2,10] 94.6975656604
  [3,2,11] 94.6975656604
  [3,2,12] 94.6975656604
  [3,2,13] 94.6975656604
  [3,2,14] 94.6975656604
  [3,2,15] 94.6975656604
  [3,2,16] 94.6975656604
  [3,2,17] 94.6975656604
  [3,2,18] 94.6975656604
  [3,2,19] 94.6975656604
  [3,2,20] 94.6975656604
  [3,2,21] 94.6975656604
  [3,2,22] 94.6975656604
  [3,2,23] 94.6975656604
  [3,2,24] 94.6975656604
  [3,2,25] 94.6975656604
  [3,2,26] 94.6975656604
  [3,2,27] 94.6975656604
  [3,2,28] 94.6975656604
  [3,2,29] 94.6975656604
  [3,2,30] 94.6975656604
  [3,2,31] 87.2392698810
  [3,2,32] 68.9088623402
  [3,2,33] 55.8704488761
  [3,2,34] 69.6132659289
  [3,2,35] 94.6975656604
  [3,2,36] 94.6975656604
  [3,2,37] 94.6975656604
  [3,2,38] 94.6975656604
  [3,2,39] 94.6975656604
  [3,2,40] 94.6975656604
  [3,2,41] 94.6975656604
  [3,2,42] 94.6975656604
  [3,2,43] 94.6975656604
  [3,2,44] 94.6975656604
  [3,2,45] 94.6975656604
  [3,2,46] 94.6975656604
  [3,2,47] 94.6975656604
  [3,2,48] 94.6975656604
  [3,2,49] 94.6975656604
  [3,2,50] 94.6975656604
  [3,2,51] 94.6975656604
  [3,2,52] 94.6975656604
  [3,2,53] 94.6975656604
  [3,2,54] 92.1120378616
  [3,2,55] 89.4882397182
  [3,2,56] 84.6154717375
  [3,2,57] 84.4577480480
  [3,2,58] 94.6975656604
  [3,2,59] 94.6975656604
  [3,2,60] 94.6975656604
  [3,2,61] 94.6975656604
  [3,2,62] 94.6975656604
  [3,2,63] 94.6975656604
  [3,2,64] 94.6975656604
  [3,2,65] 94.6975656604
  [3,2,66] 94.6975656604
  [3,2,67] 94.6975656604
  [3,2,68] 94.6975656604
  [3,2,69] 94.6975656604
  [3,2,70] 94.6975656604
  [3,2,71] 94.6975656604
  [3,2,72] 94.6975656604
  [3,2,73] 94.6975656604
  [3,2,74] 94.6975656604
  [3,2,75] 94.6975656604
  [3,2,76] 94.6975656604
  [3,2,77] 94.6975656604
  [3,2,78] 94.6975656604
  [3,2,79] 94.6975656604
  [3,2,80] 94.6975656604
  [3,2,81] 85.5098647611
  [3,2,82] 94.6975656604
  [3,2,83] 94.6975656604
  [3,2,84] 94.6975656604
  [3,2,85] 94.6975656604
  [3,2,86] 94.6975656604
  [3,2,87] 94.6975656604
  [3,2,88] 94.6975656604
  [3,2,89] 94.6975656604
  [3,2,90] 94.6975656604
  [3,2,91] 94.6975656604
  [3,2,92] 94.6975656604
  [3,2,93] 94.6975656604
  [3,2,94] 94.6975656604
  [3,2,95] 94.6975656604
  [3,2,96] 94.6975656604
  [3,2,97] 94.6975656604
  [3,2,98] 94.6975656604
  [3,2,99] 94.6975656604
  [3,2,100] 94.6975656604
  [3,2,101] 94.6975656604
  [3,2,102] 94.6975656604
  [3,2,103] 94.6975656604
  [3,2,104] 94.6975656604
  [3,2,105] 94.6975656604
  [3,2,106] 94.6975656604
  [3,2,107] 94.6975656604
  [3,2,108] 94.6975656604
  [3,2,109] 94.6975656604
  [3,2,110] 94.6975656604
  [3,2,111] 94.6975656604
  [3,2,112] 94.6975656604
  [3,2,113] 94.6975656604
  [3,2,114] 94.6975656604
  [3,2,115] 94.6975656604
  [3,2,116] 94.6975656604
  [3,2,117] 94.6975656604
  [3,2,118] 94.6975656604
  [3,2,119] 94.6975656604
  [3,2,120] 94.6975656604
  [3,2,121] 94.6975656604
  [3,2,122] 94.6975656604
  [3,2,123] 94.6975656604
  [3,2,124] 94.6975656604
  [3,2,125] 94.6975656604
  [3,2,126] 94.6975656604
  [3,2,127] 94.6975656604
  [3,2,128] 94.6975656604
  [3,2,129] 94.6975656604
  [3,2,130] 94.6975656604
  [3,2,131] 94.6975656604
  [3,2,132] 94.6975656604
  [3,2,133] 94.6975656604
  [3,2,134] 94.6975656604
  [3,2,135] 94.6975656604
  [3,2,136] 94.6975656604
  [3,2,137] 94.6975656604
  [3,2,138] 94.6975656604
  [3,2,139] 94.6975656604
  [3,2,140] 94.6975656604
  [3,2,141] 94.6975656604
  [3,2,142] 94.6975656604
  [3,2,143] 94.6975656604
  [3,2,144] 94.6975656604
  [3,2,145] 94.6975656604
  [3,2,146] 94.6975656604
  [3,2,147] 94.6975656604
  [3,2,148] 94.6975656604
  [3,2,149] 94.6975656604
  [3,2,150] 94.6975656604
  [3,2,151] 89.4882397182
  [3,2,152] 66.2947578318
  [3,2,153] 50.6636520534
  [3,2,154] 94.6975656604
  [3,2,155] 94.6975656604
  [3,2,156] 94.6975656604
  [3,2,157] 94.6975656604
  [3,2,158] 94.6975656604
  [3,2,159] 94.6975656604
  [3,2,160] 94.6975656604
  [3,2,161] 94.6975656604
  [3,2,162] 94.6975656604
  [3,2,163] 94.6975656604
  [3,2,164] 94.6975656604
  [3,2,165] 94.6975656604
  [3,2,166] 94.6975656604
  [3,2,167] 94.6975656604
  [3,2,168] 94.6975656604
  [3,2,169] 94.6975656604
  [3,2,170] 94.6975656604
  [3,2,171] 94.6975656604
  [3,2,172] 94.6975656604
  [3,2,173] 94.6975656604
  [3,2,174] 87.6140981872
  [3,2,175] 74.1370713569
  [3,2,176] 70.4026363449
  [3,2,177] 68.6075196798
  [3,2,178] 94.6975656604
  [3,2,179] 94.6975656604
  [3,2,180] 94.6975656604
  [3,2,181] 94.6975656604
  [3,2,182] 94.6975656604
  [3,2,183] 94.6975656604
  [3,2,184] 94.6975656604
  [3,2,185] 94.6975656604
  [3,2,186] 94.6975656604
  [3,2,187] 94.6975656604
  [3,2,188] 94.6975656604
  [3,2,189] 94.6975656604
  [3,2,190] 94.6975656604
  [3,2,191] 94.6975656604
  [3,2,192] 94.6975656604
  [3,2,193] 94.6975656604
  [3,2,194] 94.6975656604
  [3,2,195] 94.6975656604
  [3,2,196] 94.6975656604
  [3,2,197] 94.6975656604
  [3,2,198] 94.6975656604
  [3,2,199] 94.6975656604
  [3,2,200] 94.6975656604
  [3,2,201] 73.3901843545
  [3,2,202] 94.6975656604
  [3,2,203] 94.6975656604
  [3,2,204] 94.6975656604
  [3,2,205] 94.6975656604
  [3,2,206] 94.6975656604
  [3,2,207] 94.6975656604
  [3,2,208] 94.6975656604
  [3,2,209] 94.6975656604
  [3,2,210] 94.6975656604
  [3,2,211] 94.6975656604
  [3,2,212] 94.6975656604
  [3,2,213] 94.6975656604
  [3,2,214] 94.6975656604
  [3,2,215] 94.6975656604
  [3,2,216] 94.6975656604
  [3,2,217] 85.7399566562
  [3,2,218] 70.0291928437
  [3,2,219] 58.1019332287
  [3,2,220] 52.1513082885
  [3,2,221] 50.6636520534
  [3,2,222] 52.8951364060
  [3,2,223] 55.1266207586
  [3,2,224] 59.9615035226
  [3,2,225] 51.0355661122
  [3,2,226] 49.7392810000
  [3,2,227] 58.4996929053
  [3,2,228] 80.2215774547
  [3,2,229] 93.2070162724
  [3,2,230] 87.1132969598
  [3,2,231] 74.7917337961
  [3,2,232] 62.5761455078
  [3,2,233] 56.9881988335
  [3,2,234] 56.4818364553
  [3,2,235] 60.6464854031
  [3,2,236] 64.7640353534
  [3,2,237] 83.8658151251
  [3,2,238] 94.6975656604
  [3,2,239] 94.6975656604
  [3,2,240] 94.6975656604
  [3,2,241] 94.6975656604
  [3,2,242] 94.6975656604
  [3,2,243] 90.6127246368
  [3,2,244] 78.9930471445
  [3,2,245] 69.6557493425
  [3,2,246] 64.4275403258
  [3,2,247] 63.6806533235
  [3,2,248] 63.6806533235
  [3,2,249] 63.3087300515
  [3,2,250] 80.1658020609
  [3,2,251] 94.6975656604
  [3,2,252] 94.6975656604
  [3,2,253] 94.6975656604
  [3,2,254] 94.6975656604
  [3,2,255] 94.6975656604
  [3,2,256] 94.6975656604
  [3,2,257] 94.6975656604
  [3,2,258] 94.6975656604
  [3,2,259] 94.6975656604
  [3,2,260] 94.6975656604
  [3,2,261] 94.6975656604
  [3,2,262] 94.6975656604
  [3,2,263] 94.6975656604
  [3,2,264] 94.6975656604
  [3,2,265] 94.6975656604
  [3,2,266] 94.6975656604
  [3,2,267] 94.6975656604
  [3,2,268] 94.6975656604
  [3,2,269] 94.6975656604
  [3,2,270] 94.6975656604
  [3,2,271] 94.6975656604
  [3,2,272] 94.6975656604
  [3,2,273] 94.6975656604
  [3,2,274] 94.6975656604
  [3,2,275] 94.6975656604
  [3,2,276] 94.6975656604
  [3,2,277] 94.6975656604
  [3,2,278] 94.6975656604
  [3,2,279] 94.6975656604
  [3,2,280] 94.6975656604
  [3,2,281] 94.6975656604
  [3,2,282] 94.6975656604
  [3,2,283] 94.6975656604
  [3,2,284] 94.6975656604
  [3,2,285] 94.6975656604
  [3,2,286] 94.6975656604
  [3,2,287] 94.6975656604
  [3,2,288] 94.6975656604
  [3,2,289] 94.6975656604
  [3,2,290] 94.6975656604
  [3,2,291] 94.6975656604
  [3,2,292] 94.6975656604
  [3,2,293] 94.6975656604
  [3,2,294] 90.6127246368
  [3,2,295] 88.7385831058
  [3,2,296] 87.2392698810
  [3,2,297] 80.1899002687
  [3,2,298] 94.6975656604
  [3,2,299] 94.6975656604
  [3,2,300] 94.6975656604
  [3,2,301] 94.6975656604
  [3,2,302] 74.6716146016
  [3,2,303] 59.7702897574
  [3,2,304] 53.5968741319
  [3,2,305] 51.1867702770
  [3,2,306] 50.5036501571
  [3,2,307] 59.1294060495
  [3,2,308] 91.4514894312
  [3,2,309] 94.6975656604
  [3,2,310] 94.6975656604
  [3,2,311] 94.6975656604
  [3,2,312] 94.6975656604
  [3,2,313] 88.3637547996
  [3,2,314] 85.7399566562
  [3,2,315] 83.1161585127
  [3,2,316] 73.7636278557
  [3,2,317] 52.5232223472
  [3,2,318] 36.8468230000
  [3,2,319] 36.8468230000
  [3,2,320] 36.8468230000
  [3,2,321] 36.8468230000
  [3,2,322] 36.8468230000
  [3,2,323] 36.8468230000
  [3,2,324] 36.8468230000
  [3,2,325] 36.8468230000
  [3,2,326] 49.7392810000
  [3,2,327] 36.8468230000
  [3,2,328] 36.8468230000
  [3,2,329] 36.8468230000
  [3,2,330] 37.3389245928
  [3,2,331] 36.8468230000
  [3,2,332] 36.8468230000
  [3,2,333] 36.8468230000
  [3,2,334] 49.7392810000
  [3,2,335] 36.8468230000
  [3,2,336] 36.8468230000
  [3,2,337] 36.8468230000
  [3,2,338] 36.8468230000
  [3,2,339] 36.8468230000
  [3,2,340] 36.8468230000
  [3,2,341] 36.8468230000
  [3,2,342] 36.8468230000
  [3,2,343] 36.8468230000
  [3,2,344] 36.8468230000
  [3,2,345] 36.8468230000
  [3,2,346] 48.9498865461
  [3,2,347] 36.8468230000
  [3,2,348] 60.0867890594
  [3,2,349] 71.9723233347
  [3,2,350] 76.0081010069
  [3,2,351] 76.4591802890
  [3,2,352] 70.8168404638
  [3,2,353] 68.2008665387
  [3,2,354] 77.7902050647
  [3,2,355] 90.7593373969
  [3,2,356] 93.3552846346
  [3,2,357] 80.8671886755
  [3,2,358] 62.9368159927
  [3,2,359] 51.0355661122
  [3,2,360] 49.7392810000
  [3,2,361] 43.2550353066
  [3,2,362] 39.5528329066
  [3,2,363] 36.8468230000
  [3,2,364] 36.8468230000
  [3,2,365] 36.8468230000
  [3,2,366] 36.8468230000
  [3,2,367] 36.8468230000
  [3,2,368] 36.8468230000
  [3,2,369] 36.8468230000
  [3,2,370] 49.7392810000
  [3,2,371] 43.9478718885
  [3,2,372] 62.3108993799
  [3,2,373] 82.8620419922
  [3,2,374] 94.6975656604
  [3,2,375] 94.6975656604
  [3,2,376] 94.6975656604
  [3,2,377] 94.6975656604
  [3,2,378] 94.6975656604
  [3,2,379] 94.6975656604
  [3,2,380] 79.9876592793
  [3,2,381] 69.2823058413
  [3,2,382] 68.1619753378
  [3,2,383] 60.7053316401
  [3,2,384] 52.5232223472
  [3,2,385] 42.1443745866
  [3,2,386] 36.8468230000
  [3,2,387] 36.8468230000
  [3,2,388] 36.8468230000
  [3,2,389] 36.8468230000
  [3,2,390] 36.8468230000
  [3,2,391] 36.8468230000
  [3,2,392] 40.6634936266
  [3,2,393] 49.7392810000
  [3,2,394] 49.7392810000
  [3,2,395] 77.5979850294
  [3,2,396] 94.6975656604
  [3,2,397] 94.6975656604
  [3,2,398] 94.6975656604
  [3,2,399] 94.6975656604
  [3,2,400] 94.5782594802
  [3,2,401] 87.1113470285
  [3,2,402] 78.9931207268
  [3,2,403] 73.8653461238
  [3,2,404] 73.0962460510
  [3,2,405] 71.8964103497
  [3,2,406] 78.6183933712
  [3,2,407] 84.6154717375
  [3,2,408] 88.3637547996
  [3,2,409] 90.9875529430
  [3,2,410] 92.4868661678
  [3,2,411] 92.1120378616
  [3,2,412] 89.8630680244
  [3,2,413] 85.7399566562
  [3,2,414] 68.9088623402
  [3,2,415] 52.5232223472
  [3,2,416] 41.0337138666
  [3,2,417] 36.8468230000
  [3,2,418] 36.8468230000
  [3,2,419] 51.4774969715
  [3,2,420] 76.4314322785
  [3,2,421] 81.4499606003
  [3,2,422] 76.2854344904
  [3,2,423] 67.1268315928
  [3,2,424] 54.5780949786
  [3,2,425] 42.9930685114
  [3,2,426] 36.8468230000
  [3,2,427] 36.8468230000
  [3,2,428] 37.8850248840
  [3,2,429] 62.1929878752
  [3,2,430] 82.7413302065
  [3,2,431] 78.9930471445
  [3,2,432] 65.5478708294
  [3,2,433] 51.7793942297
  [3,2,434] 38.8123924267
  [3,2,435] 36.8468230000
  [3,2,436] 36.8468230000
  [3,2,437] 36.8468230000
  [3,2,438] 36.8468230000
  [3,2,439] 36.8468230000
  [3,2,440] 37.3315114667
  [3,2,441] 42.1443745866
  [3,2,442] 49.7392810000
  [3,2,443] 82.0864108231
  [3,2,444] 93.9937583710
  [3,2,445] 88.5457974438
  [3,2,446] 82.5244463368
  [3,2,447] 77.5186264526
  [3,2,448] 71.2218441196
  [3,2,449] 66.4502493249
  [3,2,450] 62.4159245808
  [3,2,451] 60.2377741936
  [3,2,452] 62.9202791780
  [3,2,453] 73.7636278557
  [3,2,454] 89.8630680244
  [3,2,455] 94.6975656604
  [3,2,456] 94.6975656604
  [3,2,457] 93.6113510864
  [3,2,458] 94.3610076989
  [3,2,459] 94.6975656604
  [3,2,460] 92.1120378616
  [3,2,461] 85.3651283500
  [3,2,462] 83.8658151251
  [3,2,463] 93.2365227802
  [3,2,464] 94.6975656604
  [3,2,465] 94.6975656604
  [3,2,466] 94.6975656604
  [3,2,467] 94.6975656604
  [3,2,468] 94.6975656604
  [3,2,469] 94.6975656604
  [3,2,470] 94.6975656604
  [3,2,471] 94.6975656604
  [3,2,472] 94.6975656604
  [3,2,473] 94.6975656604
  [3,2,474] 94.6975656604
  [3,2,475] 94.6975656604
  [3,2,476] 94.6975656604
  [3,2,477] 94.6975656604
  [3,2,478] 94.6975656604
  [3,2,479] 94.6975656604
  [3,2,480] 94.6975656604
  [3,2,481] 94.6975656604
  [3,2,482] 94.6975656604
  [3,2,483] 94.6975656604
  [3,2,484] 84.2406434313
  [3,2,485] 75.6308453616
  [3,2,486] 73.3901843545
  [3,2,487] 76.0042888628
  [3,2,488] 83.1161585127
  [3,2,489] 91.3623812492
  [3,2,490] 94.6975656604
  [3,2,491] 94.6975656604
  [3,2,492] 94.6975656604
  [3,2,493] 94.6975656604
  [3,2,494] 94.6975656604
  [3,2,495] 94.6975656604
  [3,2,496] 94.6975656604
  [3,2,497] 94.6975656604
  [3,2,498] 94.6975656604
  [3,2,499] 94.6975656604
  [3,2,500] 94.6975656604
  [3,2,501] 94.6975656604
  [3,2,502] 94.6975656604
  [3,2,503] 94.6975656604
  [3,2,504] 94.6975656604
  [3,2,505] 94.6975656604
  [3,2,506] 94.6975656604
  [3,2,507] 94.6975656604
  [3,2,508] 90.2378963306
  [3,2,509] 78.9930471445
  [3,2,510] 73.7636278557
  [3,2,511] 72.6432973521
  [3,2,512] 75.6308453616
  [3,2,513] 76.4498332049
  [3,2,514] 94.6975656604
  [3,2,515] 94.6975656604
  [3,2,516] 94.6975656604
  [3,2,517] 94.6975656604
  [3,2,518] 94.6975656604
  [3,2,519] 94.6975656604
  [3,2,520] 94.6975656604
  [3,2,521] 94.6975656604
  [3,2,522] 94.6975656604
  [3,2,523] 94.6975656604
  [3,2,524] 94.6975656604
  [3,2,525] 94.6975656604
  [3,2,526] 94.6975656604
  [3,2,527] 94.6975656604
  [3,2,528] 94.6975656604
  [3,2,529] 94.6975656604
  [3,2,530] 94.6975656604
  [3,2,531] 94.6975656604
  [3,2,532] 94.6975656604
  [3,2,533] 94.6975656604
  [3,2,534] 94.6975656604
  [3,2,535] 94.6975656604
  [3,2,536] 94.6975656604
  [3,2,537] 94.6975656604
  [3,2,538] 94.6975656604
  [3,2,539] 94.6975656604
  [3,2,540] 94.6975656604
  [3,2,541] 94.6975656604
  [3,2,542] 94.6975656604
  [3,2,543] 94.6975656604
  [3,2,544] 94.6975656604
  [3,2,545] 94.6975656604
  [3,2,546] 90.1100470605
  [3,2,547] 94.6413195231
  [3,2,548] 94.6975656604
  [3,2,549] 94.6975656604
  [3,2,550] 94.6975656604
  [3,2,551] 94.6975656604
  [3,2,552] 94.6975656604
  [3,2,553] 94.6975656604
  [3,2,554] 94.6975656604
  [3,2,555] 94.6975656604
  [3,2,556] 89.1134114120
  [3,2,557] 65.9213143306
  [3,2,558] 51.4074801709
  [3,2,559] 50.6636520534
  [3,2,560] 56.6142769937
  [3,2,561] 63.6806533235
  [3,2,562] 94.6975656604
  [3,2,563] 94.6975656604
  [3,2,564] 94.6975656604
  [3,2,565] 94.6975656604
  [3,2,566] 94.6975656604
  [3,2,567] 94.6975656604
  [3,2,568] 94.6975656604
  [3,2,569] 94.6975656604
  [3,2,570] 94.6975656604
  [3,2,571] 94.6975656604
  [3,2,572] 94.6975656604
  [3,2,573] 94.6975656604
  [3,2,574] 94.6975656604
  [3,2,575] 94.6975656604
  [3,2,576] 94.6975656604
  [3,2,577] 94.6975656604
  [3,2,578] 94.6975656604
  [3,2,579] 94.6975656604
  [3,2,580] 94.6975656604
  [3,2,581] 91.7372095554
  [3,2,582] 72.2698538509
  [3,2,583] 60.3334175813
  [3,2,584] 58.1019332287
  [3,2,585] 57.7300191700
  [3,2,586] 90.2694999344
  [3,2,587] 94.6975656604
  [3,2,588] 94.6975656604
  [3,2,589] 94.6975656604
  [3,2,590] 94.6975656604
  [3,2,591] 94.6975656604
  [3,2,592] 94.6975656604
  [3,2,593] 94.6975656604
  [3,2,594] 94.6975656604
  [3,2,595] 94.6975656604
  [3,2,596] 94.6975656604
  [3,2,597] 94.6975656604
  [3,2,598] 94.6975656604
  [3,2,599] 94.6975656604
  [3,2,600] 94.6975656604
  [3,2,601] 94.6975656604
  [3,2,602] 91.7372095554
  [3,2,603] 73.3901843545
  [3,2,604] 63.3087300515
  [3,2,605] 59.5895894638
  [3,2,606] 69.2823058413
  [3,2,607] 81.9916735941
  [3,2,608] 89.4882397182
  [3,2,609] 87.9889264934
  [3,2,610] 94.6975656604
  [3,2,611] 94.6975656604
  [3,2,612] 94.6975656604
  [3,2,613] 94.6975656604
  [3,2,614] 94.6975656604
  [3,2,615] 94.6975656604
  [3,2,616] 94.6975656604
  [3,2,617] 94.6975656604
  [3,2,618] 94.6975656604
  [3,2,619] 94.6975656604
  [3,2,620] 94.6975656604
  [3,2,621] 94.6975656604
  [3,2,622] 94.6975656604
  [3,2,623] 94.6975656604
  [3,2,624] 94.6975656604
  [3,2,625] 94.6975656604
  [3,2,626] 94.6975656604
  [3,2,627] 94.3610076989
  [3,2,628] 81.6168452879
  [3,2,629] 75.2574018604
  [3,2,630] 78.2449498700
  [3,2,631] 82.7413302065
  [3,2,632] 86.8644415748
  [3,2,633] 86.8644415748
  [3,2,634] 94.6975656604
  [3,2,635] 94.6975656604
  [3,2,636] 94.6975656604
  [3,2,637] 94.6975656604
  [3,2,638] 94.6975656604
  [3,2,639] 94.6975656604
  [3,2,640] 94.6975656604
  [3,2,641] 94.6975656604
  [3,2,642] 94.6975656604
  [3,2,643] 94.6975656604
  [3,2,644] 94.6975656604
  [3,2,645] 94.6975656604
  [3,2,646] 94.6975656604
  [3,2,647] 94.6975656604
  [3,2,648] 94.6975656604
  [3,2,649] 94.6975656604
  [3,2,650] 94.6975656604
  [3,2,651] 87.6140981872
  [3,2,652] 75.6308453616
  [3,2,653] 68.5354188390
  [3,2,654] 64.8009838270
  [3,2,655] 63.6806533235
  [3,2,656] 64.4275403258
  [3,2,657] 64.4275403258
  [3,2,658] 93.2477072919
  [3,2,659] 94.6975656604
  [3,2,660] 94.6975656604
  [3,2,661] 94.6975656604
  [3,2,662] 94.6975656604
  [3,2,663] 94.6975656604
  [3,2,664] 94.6975656604
  [3,2,665] 94.6975656604
  [3,2,666] 94.6975656604
  [3,2,667] 94.6975656604
  [3,2,668] 94.6975656604
  [3,2,669] 94.6975656604
  [3,2,670] 94.6975656604
  [3,2,671] 94.6975656604
  [3,2,672] 94.6975656604
  [3,2,673] 94.6975656604
  [3,2,674] 94.6975656604
  [3,2,675] 94.6975656604
  [3,2,676] 74.1370713569
  [3,2,677] 70.7760798461
  [3,2,678] 74.1370713569
  [3,2,679] 84.2406434313
  [3,2,680] 84.9903000437
  [3,2,681] 81.2420169817
  [3,2,682] 90.2694999344
  [3,2,683] 94.6975656604
  [3,2,684] 94.6975656604
  [3,2,685] 94.6975656604
  [3,2,686] 94.6975656604
  [3,2,687] 94.6975656604
  [3,2,688] 94.6975656604
  [3,2,689] 94.6975656604
  [3,2,690] 94.6975656604
  [3,2,691] 94.6975656604
  [3,2,692] 94.6975656604
  [3,2,693] 94.6975656604
  [3,2,694] 94.6975656604
  [3,2,695] 94.6975656604
  [3,2,696] 94.6975656604
  [3,2,697] 94.6975656604
  [3,2,698] 94.6975656604
  [3,2,699] 94.6975656604
  [3,2,700] 90.6127246368
  [3,2,701] 69.2823058413
  [3,2,702] 57.3581051112
  [3,2,703] 59.5895894638
  [3,2,704] 63.3087300515
  [3,2,705] 68.5354188390
  [3,2,706] 94.6975656604
  [3,2,707] 94.6975656604
  [3,2,708] 94.6975656604
  [3,2,709] 94.6975656604
  [3,2,710] 94.6975656604
  [3,2,711] 94.6975656604
  [3,2,712] 94.6975656604
  [3,2,713] 86.8348614846
  [3,2,714] 79.0135398189
  [3,2,715] 78.3540724949
  [3,2,716] 86.0832549409
  [3,2,717] 94.6975656604
  [3,2,718] 94.6975656604
  [3,2,719] 94.6975656604
  [3,2,720] 94.6975656604
  [3,2,721] 94.6975656604
  [3,2,722] 94.6975656604
  [3,2,723] 94.6975656604
  [3,2,724] 94.6975656604
  [3,2,725] 94.6975656604
  [3,2,726] 94.6975656604
  [3,2,727] 94.6975656604
  [3,2,728] 94.6975656604
  [3,2,729] 90.9875529430
  [3,2,730] 94.6975656604
  [3,2,731] 94.6975656604
  [3,2,732] 94.6975656604
  [3,2,733] 94.6975656604
  [3,2,734] 94.6975656604
  [3,2,735] 94.6975656604
  [3,2,736] 94.4743612532
  [3,2,737] 94.6975656604
  [3,2,738] 94.6975656604
  [3,2,739] 94.6975656604
  [3,2,740] 94.6975656604
  [3,2,741] 94.6975656604
  [3,2,742] 94.6975656604
  [3,2,743] 94.6975656604
  [3,2,744] 94.6975656604
  [3,3,1] 94.6975656604
  [3,3,2] 94.6975656604
  [3,3,3] 94.6975656604
  [3,3,4] 80.5667599744
  [3,3,5] 58.1618465281
  [3,3,6] 45.2203898282
  [3,3,7] 55.1131862593
  [3,3,8] 77.2572654969
  [3,3,9] 91.8186153772
  [3,3,10] 94.6975656604
  [3,3,11] 94.6975656604
  [3,3,12] 94.6975656604
  [3,3,13] 94.6975656604
  [3,3,14] 94.6975656604
  [3,3,15] 94.6975656604
  [3,3,16] 94.6975656604
  [3,3,17] 94.6975656604
  [3,3,18] 94.6975656604
  [3,3,19] 94.6975656604
  [3,3,20] 94.6975656604
  [3,3,21] 94.6975656604
  [3,3,22] 94.6975656604
  [3,3,23] 94.6975656604
  [3,3,24] 94.6975656604
  [3,3,25] 94.6975656604
  [3,3,26] 94.6975656604
  [3,3,27] 94.6975656604
  [3,3,28] 94.6975656604
  [3,3,29] 94.6975656604
  [3,3,30] 94.6975656604
  [3,3,31] 91.8186153772
  [3,3,32] 73.0525714716
  [3,3,33] 59.6861766625
  [3,3,34] 73.7735766210
  [3,3,35] 94.6975656604
  [3,3,36] 94.6975656604
  [3,3,37] 94.6975656604
  [3,3,38] 94.6975656604
  [3,3,39] 94.6975656604
  [3,3,40] 94.6975656604
  [3,3,41] 94.6975656604
  [3,3,42] 94.6975656604
  [3,3,43] 94.6975656604
  [3,3,44] 94.6975656604
  [3,3,45] 94.6975656604
  [3,3,46] 94.6975656604
  [3,3,47] 94.6975656604
  [3,3,48] 94.6975656604
  [3,3,49] 94.6975656604
  [3,3,50] 94.6975656604
  [3,3,51] 94.6975656604
  [3,3,52] 94.6975656604
  [3,3,53] 94.6975656604
  [3,3,54] 94.6975656604
  [3,3,55] 94.1183868491
  [3,3,56] 89.1355486599
  [3,3,57] 88.9742621742
  [3,3,58] 94.6975656604
  [3,3,59] 94.6975656604
  [3,3,60] 94.6975656604
  [3,3,61] 94.6975656604
  [3,3,62] 94.6975656604
  [3,3,63] 94.6975656604
  [3,3,64] 94.6975656604
  [3,3,65] 94.6975656604
  [3,3,66] 94.6975656604
  [3,3,67] 94.6975656604
  [3,3,68] 94.6975656604
  [3,3,69] 94.6975656604
  [3,3,70] 94.6975656604
  [3,3,71] 94.6975656604
  [3,3,72] 94.6975656604
  [3,3,73] 94.6975656604
  [3,3,74] 94.6975656604
  [3,3,75] 94.6975656604
  [3,3,76] 94.6975656604
  [3,3,77] 94.6975656604
  [3,3,78] 94.6975656604
  [3,3,79] 94.6975656604
  [3,3,80] 94.6975656604
  [3,3,81] 90.0501449903
  [3,3,82] 94.6975656604
  [3,3,83] 94.6975656604
  [3,3,84] 94.6975656604
  [3,3,85] 94.6975656604
  [3,3,86] 94.6975656604
  [3,3,87] 94.6975656604
  [3,3,88] 94.6975656604
  [3,3,89] 94.6975656604
  [3,3,90] 94.6975656604
  [3,3,91] 94.6975656604
  [3,3,92] 94.6975656604
  [3,3,93] 94.6975656604
  [3,3,94] 94.6975656604
  [3,3,95] 94.6975656604
  [3,3,96] 94.6975656604
  [3,3,97] 94.6975656604
  [3,3,98] 94.6975656604
  [3,3,99] 94.6975656604
  [3,3,100] 94.6975656604
  [3,3,101] 94.6975656604
  [3,3,102] 94.6975656604
  [3,3,103] 94.6975656604
  [3,3,104] 94.6975656604
  [3,3,105] 94.6975656604
  [3,3,106] 94.6975656604
  [3,3,107] 94.6975656604
  [3,3,108] 94.6975656604
  [3,3,109] 94.6975656604
  [3,3,110] 94.6975656604
  [3,3,111] 94.6975656604
  [3,3,112] 94.6975656604
  [3,3,113] 94.6975656604
  [3,3,114] 94.6975656604
  [3,3,115] 94.6975656604
  [3,3,116] 94.6975656604
  [3,3,117] 94.6975656604
  [3,3,118] 94.6975656604
  [3,3,119] 94.6975656604
  [3,3,120] 94.6975656604
  [3,3,121] 94.6975656604
  [3,3,122] 94.6975656604
  [3,3,123] 94.6975656604
  [3,3,124] 94.6975656604
  [3,3,125] 94.6975656604
  [3,3,126] 94.6975656604
  [3,3,127] 94.6975656604
  [3,3,128] 94.6975656604
  [3,3,129] 94.6975656604
  [3,3,130] 94.6975656604
  [3,3,131] 94.6975656604
  [3,3,132] 94.6975656604
  [3,3,133] 94.6975656604
  [3,3,134] 94.6975656604
  [3,3,135] 94.6975656604
  [3,3,136] 94.6975656604
  [3,3,137] 94.6975656604
  [3,3,138] 94.6975656604
  [3,3,139] 94.6975656604
  [3,3,140] 94.6975656604
  [3,3,141] 94.6975656604
  [3,3,142] 94.6975656604
  [3,3,143] 94.6975656604
  [3,3,144] 94.6975656604
  [3,3,145] 94.6975656604
  [3,3,146] 94.6975656604
  [3,3,147] 94.6975656604
  [3,3,148] 94.6975656604
  [3,3,149] 94.6975656604
  [3,3,150] 94.6975656604
  [3,3,151] 94.1183868491
  [3,3,152] 70.3768570919
  [3,3,153] 54.3510211921
  [3,3,154] 94.6975656604
  [3,3,155] 94.6975656604
  [3,3,156] 94.6975656604
  [3,3,157] 94.6975656604
  [3,3,158] 94.6975656604
  [3,3,159] 94.6975656604
  [3,3,160] 94.6975656604
  [3,3,161] 94.6975656604
  [3,3,162] 94.6975656604
  [3,3,163] 94.6975656604
  [3,3,164] 94.6975656604
  [3,3,165] 94.6975656604
  [3,3,166] 94.6975656604
  [3,3,167] 94.6975656604
  [3,3,168] 94.6975656604
  [3,3,169] 94.6975656604
  [3,3,170] 94.6975656604
  [3,3,171] 94.6975656604
  [3,3,172] 94.6975656604
  [3,3,173] 94.6975656604
  [3,3,174] 92.2019106225
  [3,3,175] 78.4040002310
  [3,3,176] 74.5815511172
  [3,3,177] 72.7441266918
  [3,3,178] 94.6975656604
  [3,3,179] 94.6975656604
  [3,3,180] 94.6975656604
  [3,3,181] 94.6975656604
  [3,3,182] 94.6975656604
  [3,3,183] 94.6975656604
  [3,3,184] 94.6975656604
  [3,3,185] 94.6975656604
  [3,3,186] 94.6975656604
  [3,3,187] 94.6975656604
  [3,3,188] 94.6975656604
  [3,3,189] 94.6975656604
  [3,3,190] 94.6975656604
  [3,3,191] 94.6975656604
  [3,3,192] 94.6975656604
  [3,3,193] 94.6975656604
  [3,3,194] 94.6975656604
  [3,3,195] 94.6975656604
  [3,3,196] 94.6975656604
  [3,3,197] 94.6975656604
  [3,3,198] 94.6975656604
  [3,3,199] 94.6975656604
  [3,3,200] 94.6975656604
  [3,3,201] 77.6395104083
  [3,3,202] 94.6975656604
  [3,3,203] 94.6975656604
  [3,3,204] 94.6975656604
  [3,3,205] 94.6975656604
  [3,3,206] 94.6975656604
  [3,3,207] 94.6975656604
  [3,3,208] 94.6975656604
  [3,3,209] 94.6975656604
  [3,3,210] 94.6975656604
  [3,3,211] 94.6975656604
  [3,3,212] 94.6975656604
  [3,3,213] 94.6975656604
  [3,3,214] 94.6975656604
  [3,3,215] 94.6975656604
  [3,3,216] 94.6975656604
  [3,3,217] 90.2854343959
  [3,3,218] 74.1993062058
  [3,3,219] 61.9726718641
  [3,3,220] 55.8753513265
  [3,3,221] 54.3510211921
  [3,3,222] 56.6375163937
  [3,3,223] 58.9240115953
  [3,3,224] 63.8786935984
  [3,3,225] 54.7321037257
  [3,3,226] 41.5710207234
  [3,3,227] 62.3802371650
  [3,3,228] 84.6424013730
  [3,3,229] 94.6975656604
  [3,3,230] 91.6897968730
  [3,3,231] 79.0752147592
  [3,3,232] 66.5659638705
  [3,3,233] 60.8314815404
  [3,3,234] 60.3126362495
  [3,3,235] 64.5827025812
  [3,3,236] 68.8100581619
  [3,3,237] 88.3689581692
  [3,3,238] 94.6975656604
  [3,3,239] 94.6975656604
  [3,3,240] 94.6975656604
  [3,3,241] 94.6975656604
  [3,3,242] 94.6975656604
  [3,3,243] 94.6975656604
  [3,3,244] 83.3861199800
  [3,3,245] 73.8170612944
  [3,3,246] 68.4656325350
  [3,3,247] 67.7011427122
  [3,3,248] 67.7011427122
  [3,3,249] 67.3188978008
  [3,3,250] 84.5853660774
  [3,3,251] 94.6975656604
  [3,3,252] 94.6975656604
  [3,3,253] 94.6975656604
  [3,3,254] 94.6975656604
  [3,3,255] 94.6975656604
  [3,3,256] 94.6975656604
  [3,3,257] 94.6975656604
  [3,3,258] 94.6975656604
  [3,3,259] 94.6975656604
  [3,3,260] 94.6975656604
  [3,3,261] 94.6975656604
  [3,3,262] 94.6975656604
  [3,3,263] 94.6975656604
  [3,3,264] 94.6975656604
  [3,3,265] 94.6975656604
  [3,3,266] 94.6975656604
  [3,3,267] 94.6975656604
  [3,3,268] 94.6975656604
  [3,3,269] 94.6975656604
  [3,3,270] 94.6975656604
  [3,3,271] 94.6975656604
  [3,3,272] 94.6975656604
  [3,3,273] 94.6975656604
  [3,3,274] 94.6975656604
  [3,3,275] 94.6975656604
  [3,3,276] 94.6975656604
  [3,3,277] 94.6975656604
  [3,3,278] 94.6975656604
  [3,3,279] 94.6975656604
  [3,3,280] 94.6975656604
  [3,3,281] 94.6975656604
  [3,3,282] 94.6975656604
  [3,3,283] 94.6975656604
  [3,3,284] 94.6975656604
  [3,3,285] 94.6975656604
  [3,3,286] 94.6975656604
  [3,3,287] 94.6975656604
  [3,3,288] 94.6975656604
  [3,3,289] 94.6975656604
  [3,3,290] 94.6975656604
  [3,3,291] 94.6975656604
  [3,3,292] 94.6975656604
  [3,3,293] 94.6975656604
  [3,3,294] 94.6975656604
  [3,3,295] 93.3517963585
  [3,3,296] 91.8186153772
  [3,3,297] 84.6100086359
  [3,3,298] 94.6975656604
  [3,3,299] 94.6975656604
  [3,3,300] 94.6975656604
  [3,3,301] 94.6975656604
  [3,3,302] 78.9519267224
  [3,3,303] 63.6821683877
  [3,3,304] 57.3565534513
  [3,3,305] 54.8870353957
  [3,3,306] 54.1870749077
  [3,3,307] 63.0254740815
  [3,3,308] 94.6975656604
  [3,3,309] 94.6975656604
  [3,3,310] 94.6975656604
  [3,3,311] 94.6975656604
  [3,3,312] 94.6975656604
  [3,3,313] 92.9685011131
  [3,3,314] 90.2854343959
  [3,3,315] 87.6023676786
  [3,3,316] 78.0217553197
  [3,3,317] 56.2564338601
  [3,3,318] 36.4865335023
  [3,3,319] 23.6283612540
  [3,3,320] 17.9773742267
  [3,3,321] 17.6006417582
  [3,3,322] 28.9344245812
  [3,3,323] 38.3766717861
  [3,3,324] 33.1245236844
  [3,3,325] 29.9609760220
  [3,3,326] 31.5886702228
  [3,3,327] 32.8305070519
  [3,3,328] 34.9732595673
  [3,3,329] 37.0154882375
  [3,3,330] 40.6704863809
  [3,3,331] 38.1153129139
  [3,3,332] 31.4499249735
  [3,3,333] 26.6492873533
  [3,3,334] 21.3679664431
  [3,3,335] 16.0937118842
  [3,3,336] 14.2100495418
  [3,3,337] 0.0000000000
  [3,3,338] 0.0000000000
  [3,3,339] 0.0000000000
  [3,3,340] 0.0000000000
  [3,3,341] 0.0000000000
  [3,3,342] 0.0000000000
  [3,3,343] 0.0000000000
  [3,3,344] 0.0000000000
  [3,3,345] 0.0000000000
  [3,3,346] 0.0000000000
  [3,3,347] 35.1436087265
  [3,3,348] 64.0074592575
  [3,3,349] 76.1882328840
  [3,3,350] 80.3236707290
  [3,3,351] 80.7866498504
  [3,3,352] 75.0055173028
  [3,3,353] 72.3278894473
  [3,3,354] 82.1527881453
  [3,3,355] 94.6975656604
  [3,3,356] 94.6975656604
  [3,3,357] 85.3025962066
  [3,3,358] 66.9366528894
  [3,3,359] 54.7321037257
  [3,3,360] 48.6385210091
  [3,3,361] 46.7395592419
  [3,3,362] 42.9416357076
  [3,3,363] 36.4865335023
  [3,3,364] 34.5947553967
  [3,3,365] 31.5679104278
  [3,3,366] 31.1895548066
  [3,3,367] 29.6761323222
  [3,3,368] 32.7029772911
  [3,3,369] 34.2163997756
  [3,3,370] 34.2445127718
  [3,3,371] 47.4503092430
  [3,3,372] 66.2933498613
  [3,3,373] 87.3425109590
  [3,3,374] 94.6975656604
  [3,3,375] 94.6975656604
  [3,3,376] 94.6975656604
  [3,3,377] 94.6975656604
  [3,3,378] 94.6975656604
  [3,3,379] 94.6975656604
  [3,3,380] 84.4031992559
  [3,3,381] 73.4348163830
  [3,3,382] 72.2880816489
  [3,3,383] 64.6431834211
  [3,3,384] 56.2564338601
  [3,3,385] 45.6001821816
  [3,3,386] 36.8649580527
  [3,3,387] 30.0544879433
  [3,3,388] 27.0276429744
  [3,3,389] 27.7843542166
  [3,3,390] 31.1895548066
  [3,3,391] 37.2447504061
  [3,3,392] 44.0810127679
  [3,3,393] 49.0183133625
  [3,3,394] 49.0014262467
  [3,3,395] 81.9554971886
  [3,3,396] 94.6975656604
  [3,3,397] 94.6975656604
  [3,3,398] 94.6975656604
  [3,3,399] 94.6975656604
  [3,3,400] 94.6975656604
  [3,3,401] 91.6878028950
  [3,3,402] 83.3861952245
  [3,3,403] 78.1258709095
  [3,3,404] 77.3386444930
  [3,3,405] 76.1105307627
  [3,3,406] 83.0028247347
  [3,3,407] 89.1355486599
  [3,3,408] 92.9685011131
  [3,3,409] 94.6975656604
  [3,3,410] 94.6975656604
  [3,3,411] 94.6975656604
  [3,3,412] 94.5016820944
  [3,3,413] 90.2854343959
  [3,3,414] 73.0525714716
  [3,3,415] 56.2564338601
  [3,3,416] 44.4608051213
  [3,3,417] 38.7639198199
  [3,3,418] 34.3906112222
  [3,3,419] 55.1849291234
  [3,3,420] 80.7581698248
  [3,3,421] 85.8985322771
  [3,3,422] 80.6083204960
  [3,3,423] 71.2285413762
  [3,3,424] 58.3619634848
  [3,3,425] 46.4708192463
  [3,3,426] 38.0457886953
  [3,3,427] 35.4358056275
  [3,3,428] 41.2307061971
  [3,3,429] 66.1721630667
  [3,3,430] 87.2190724333
  [3,3,431] 83.3861199800
  [3,3,432] 69.6123672692
  [3,3,433] 55.4942687929
  [3,3,434] 42.1820510007
  [3,3,435] 31.5679104278
  [3,3,436] 25.8925761110
  [3,3,437] 25.8925761110
  [3,3,438] 29.6761323222
  [3,3,439] 35.3514666389
  [3,3,440] 40.6628815870
  [3,3,441] 45.6001821816
  [3,3,442] 51.6136830598
  [3,3,443] 86.5493591763
  [3,3,444] 94.6975656604
  [3,3,445] 93.1546558907
  [3,3,446] 86.9972894070
  [3,3,447] 81.8740450679
  [3,3,448] 75.4200661863
  [3,3,449] 70.5360132476
  [3,3,450] 66.4012924025
  [3,3,451] 64.1626383853
  [3,3,452] 66.9196567229
  [3,3,453] 78.0217553197
  [3,3,454] 94.5016820944
  [3,3,455] 94.6975656604
  [3,3,456] 94.6975656604
  [3,3,457] 94.6975656604
  [3,3,458] 94.6975656604
  [3,3,459] 94.6975656604
  [3,3,460] 94.6975656604
  [3,3,461] 89.9021391505
  [3,3,462] 88.3689581692
  [3,3,463] 94.6975656604
  [3,3,464] 94.6975656604
  [3,3,465] 94.6975656604
  [3,3,466] 94.6975656604
  [3,3,467] 94.6975656604
  [3,3,468] 94.6975656604
  [3,3,469] 94.6975656604
  [3,3,470] 94.6975656604
  [3,3,471] 94.6975656604
  [3,3,472] 94.6975656604
  [3,3,473] 94.6975656604
  [3,3,474] 94.6975656604
  [3,3,475] 94.6975656604
  [3,3,476] 94.6975656604
  [3,3,477] 94.6975656604
  [3,3,478] 94.6975656604
  [3,3,479] 94.6975656604
  [3,3,480] 94.6975656604
  [3,3,481] 94.6975656604
  [3,3,482] 94.6975656604
  [3,3,483] 94.6975656604
  [3,3,484] 88.7522534146
  [3,3,485] 79.9364627721
  [3,3,486] 77.6395104083
  [3,3,487] 80.3197580174
  [3,3,488] 87.6023676786
  [3,3,489] 94.6975656604
  [3,3,490] 94.6975656604
  [3,3,491] 94.6975656604
  [3,3,492] 94.6975656604
  [3,3,493] 94.6975656604
  [3,3,494] 94.6975656604
  [3,3,495] 94.6975656604
  [3,3,496] 94.6975656604
  [3,3,497] 94.6975656604
  [3,3,498] 94.6975656604
  [3,3,499] 94.6975656604
  [3,3,500] 94.6975656604
  [3,3,501] 94.6975656604
  [3,3,502] 94.6975656604
  [3,3,503] 94.6975656604
  [3,3,504] 94.6975656604
  [3,3,505] 94.6975656604
  [3,3,506] 94.6975656604
  [3,3,507] 94.6975656604
  [3,3,508] 94.6975656604
  [3,3,509] 83.3861199800
  [3,3,510] 78.0217553197
  [3,3,511] 76.8750205855
  [3,3,512] 79.9364627721
  [3,3,513] 80.7770561826
  [3,3,514] 94.6975656604
  [3,3,515] 94.6975656604
  [3,3,516] 94.6975656604
  [3,3,517] 94.6975656604
  [3,3,518] 94.6975656604
  [3,3,519] 94.6975656604
  [3,3,520] 94.6975656604
  [3,3,521] 94.6975656604
  [3,3,522] 94.6975656604
  [3,3,523] 94.6975656604
  [3,3,524] 94.6975656604
  [3,3,525] 94.6975656604
  [3,3,526] 94.6975656604
  [3,3,527] 94.6975656604
  [3,3,528] 94.6975656604
  [3,3,529] 94.6975656604
  [3,3,530] 94.6975656604
  [3,3,531] 94.6975656604
  [3,3,532] 94.6975656604
  [3,3,533] 94.6975656604
  [3,3,534] 94.6975656604
  [3,3,535] 94.6975656604
  [3,3,536] 94.6975656604
  [3,3,537] 94.6975656604
  [3,3,538] 94.6975656604
  [3,3,539] 94.6975656604
  [3,3,540] 94.6975656604
  [3,3,541] 94.6975656604
  [3,3,542] 94.6975656604
  [3,3,543] 94.6975656604
  [3,3,544] 94.6975656604
  [3,3,545] 94.6975656604
  [3,3,546] 94.6975656604
  [3,3,547] 94.6975656604
  [3,3,548] 94.6975656604
  [3,3,549] 94.6975656604
  [3,3,550] 94.6975656604
  [3,3,551] 94.6975656604
  [3,3,552] 94.6975656604
  [3,3,553] 94.6975656604
  [3,3,554] 94.6975656604
  [3,3,555] 94.6975656604
  [3,3,556] 93.7350916038
  [3,3,557] 69.9946121805
  [3,3,558] 55.1131862593
  [3,3,559] 54.3510211921
  [3,3,560] 60.4483417297
  [3,3,561] 67.7011427122
  [3,3,562] 94.6975656604
  [3,3,563] 94.6975656604
  [3,3,564] 94.6975656604
  [3,3,565] 94.6975656604
  [3,3,566] 94.6975656604
  [3,3,567] 94.6975656604
  [3,3,568] 94.6975656604
  [3,3,569] 94.6975656604
  [3,3,570] 94.6975656604
  [3,3,571] 94.6975656604
  [3,3,572] 94.6975656604
  [3,3,573] 94.6975656604
  [3,3,574] 94.6975656604
  [3,3,575] 94.6975656604
  [3,3,576] 94.6975656604
  [3,3,577] 94.6975656604
  [3,3,578] 94.6975656604
  [3,3,579] 94.6975656604
  [3,3,580] 94.6975656604
  [3,3,581] 94.6975656604
  [3,3,582] 76.4927756741
  [3,3,583] 64.2609385097
  [3,3,584] 61.9726718641
  [3,3,585] 61.5915893305
  [3,3,586] 94.6975656604
  [3,3,587] 94.6975656604
  [3,3,588] 94.6975656604
  [3,3,589] 94.6975656604
  [3,3,590] 94.6975656604
  [3,3,591] 94.6975656604
  [3,3,592] 94.6975656604
  [3,3,593] 94.6975656604
  [3,3,594] 94.6975656604
  [3,3,595] 94.6975656604
  [3,3,596] 94.6975656604
  [3,3,597] 94.6975656604
  [3,3,598] 94.6975656604
  [3,3,599] 94.6975656604
  [3,3,600] 94.6975656604
  [3,3,601] 94.6975656604
  [3,3,602] 94.6975656604
  [3,3,603] 77.6395104083
  [3,3,604] 67.3188978008
  [3,3,605] 63.4970019985
  [3,3,606] 73.4348163830
  [3,3,607] 86.4524819426
  [3,3,608] 94.1183868491
  [3,3,609] 92.5852058678
  [3,3,610] 94.6975656604
  [3,3,611] 94.6975656604
  [3,3,612] 94.6975656604
  [3,3,613] 94.6975656604
  [3,3,614] 94.6975656604
  [3,3,615] 94.6975656604
  [3,3,616] 94.6975656604
  [3,3,617] 94.6975656604
  [3,3,618] 94.6975656604
  [3,3,619] 94.6975656604
  [3,3,620] 94.6975656604
  [3,3,621] 94.6975656604
  [3,3,622] 94.6975656604
  [3,3,623] 94.6975656604
  [3,3,624] 94.6975656604
  [3,3,625] 94.6975656604
  [3,3,626] 94.6975656604
  [3,3,627] 94.6975656604
  [3,3,628] 86.0691866973
  [3,3,629] 79.5531675268
  [3,3,630] 82.6195294894
  [3,3,631] 87.2190724333
  [3,3,632] 91.4353201318
  [3,3,633] 91.4353201318
  [3,3,634] 94.6975656604
  [3,3,635] 94.6975656604
  [3,3,636] 94.6975656604
  [3,3,637] 94.6975656604
  [3,3,638] 94.6975656604
  [3,3,639] 94.6975656604
  [3,3,640] 94.6975656604
  [3,3,641] 94.6975656604
  [3,3,642] 94.6975656604
  [3,3,643] 94.6975656604
  [3,3,644] 94.6975656604
  [3,3,645] 94.6975656604
  [3,3,646] 94.6975656604
  [3,3,647] 94.6975656604
  [3,3,648] 94.6975656604
  [3,3,649] 94.6975656604
  [3,3,650] 94.6975656604
  [3,3,651] 92.2019106225
  [3,3,652] 79.9364627721
  [3,3,653] 72.6703265602
  [3,3,654] 68.8478774464
  [3,3,655] 67.7011427122
  [3,3,656] 68.4656325350
  [3,3,657] 68.4656325350
  [3,3,658] 94.6975656604
  [3,3,659] 94.6975656604
  [3,3,660] 94.6975656604
  [3,3,661] 94.6975656604
  [3,3,662] 94.6975656604
  [3,3,663] 94.6975656604
  [3,3,664] 94.6975656604
  [3,3,665] 94.6975656604
  [3,3,666] 94.6975656604
  [3,3,667] 94.6975656604
  [3,3,668] 94.6975656604
  [3,3,669] 94.6975656604
  [3,3,670] 94.6975656604
  [3,3,671] 94.6975656604
  [3,3,672] 94.6975656604
  [3,3,673] 94.6975656604
  [3,3,674] 94.6975656604
  [3,3,675] 94.6975656604
  [3,3,676] 78.4040002310
  [3,3,677] 74.9637960286
  [3,3,678] 78.4040002310
  [3,3,679] 88.7522534146
  [3,3,680] 89.5188439052
  [3,3,681] 85.6858914520
  [3,3,682] 94.6975656604
  [3,3,683] 94.6975656604
  [3,3,684] 94.6975656604
  [3,3,685] 94.6975656604
  [3,3,686] 94.6975656604
  [3,3,687] 94.6975656604
  [3,3,688] 94.6975656604
  [3,3,689] 94.6975656604
  [3,3,690] 94.6975656604
  [3,3,691] 94.6975656604
  [3,3,692] 94.6975656604
  [3,3,693] 94.6975656604
  [3,3,694] 94.6975656604
  [3,3,695] 94.6975656604
  [3,3,696] 94.6975656604
  [3,3,697] 94.6975656604
  [3,3,698] 94.6975656604
  [3,3,699] 94.6975656604
  [3,3,700] 94.6975656604
  [3,3,701] 73.4348163830
  [3,3,702] 61.2105067969
  [3,3,703] 63.4970019985
  [3,3,704] 67.3188978008
  [3,3,705] 72.6703265602
  [3,3,706] 94.6975656604
  [3,3,707] 94.6975656604
  [3,3,708] 94.6975656604
  [3,3,709] 94.6975656604
  [3,3,710] 94.6975656604
  [3,3,711] 94.6975656604
  [3,3,712] 94.6975656604
  [3,3,713] 91.4050718616
  [3,3,714] 83.4070755603
  [3,3,715] 82.7315308582
  [3,3,716] 90.6364873929
  [3,3,717] 94.6975656604
  [3,3,718] 94.6975656604
  [3,3,719] 94.6975656604
  [3,3,720] 94.6975656604
  [3,3,721] 94.6975656604
  [3,3,722] 94.6975656604
  [3,3,723] 94.6975656604
  [3,3,724] 94.6975656604
  [3,3,725] 94.6975656604
  [3,3,726] 94.6975656604
  [3,3,727] 94.6975656604
  [3,3,728] 94.6975656604
  [3,3,729] 94.6975656604
  [3,3,730] 94.6975656604
  [3,3,731] 94.6975656604
  [3,3,732] 94.6975656604
  [3,3,733] 94.6975656604
  [3,3,734] 94.6975656604
  [3,3,735] 94.6975656604
  [3,3,736] 94.6975656604
  [3,3,737] 94.6975656604
  [3,3,738] 94.6975656604
  [3,3,739] 94.6975656604
  [3,3,740] 94.6975656604
  [3,3,741] 94.6975656604
  [3,3,742] 94.6975656604
  [3,3,743] 94.6975656604
  [3,3,744] 94.6975656604
  [9,1,1] 78.6653960000
  [9,1,2] 78.6653960000
  [9,1,3] 78.6653960000
  [9,1,4] 78.6653960000
  [9,1,5] 78.6653960000
  [9,1,6] 78.6653960000
  [9,1,7] 78.6653960000
  [9,1,8] 78.6653960000
  [9,1,9] 78.6653960000
  [9,1,10] 78.6653960000
  [9,1,11] 78.6653960000
  [9,1,12] 78.6653960000
  [9,1,13] 78.6653960000
  [9,1,14] 78.6653960000
  [9,1,15] 78.6653960000
  [9,1,16] 78.6653960000
  [9,1,17] 78.6653960000
  [9,1,18] 78.6653960000
  [9,1,19] 78.6653960000
  [9,1,20] 78.6653960000
  [9,1,21] 78.6653960000
  [9,1,22] 78.6653960000
  [9,1,23] 78.6653960000
  [9,1,24] 78.6653960000
  [9,1,25] 78.6653960000
  [9,1,26] 78.6653960000
  [9,1,27] 78.6653960000
  [9,1,28] 78.6653960000
  [9,1,29] 78.6653960000
  [9,1,30] 78.6653960000
  [9,1,31] 78.6653960000
  [9,1,32] 78.6653960000
  [9,1,33] 78.6653960000
  [9,1,34] 78.6653960000
  [9,1,35] 78.6653960000
  [9,1,36] 78.6653960000
  [9,1,37] 78.6653960000
  [9,1,38] 78.6653960000
  [9,1,39] 78.6653960000
  [9,1,40] 78.6653960000
  [9,1,41] 78.6653960000
  [9,1,42] 78.6653960000
  [9,1,43] 78.6653960000
  [9,1,44] 78.6653960000
  [9,1,45] 78.6653960000
  [9,1,46] 78.6653960000
  [9,1,47] 78.6653960000
  [9,1,48] 78.6653960000
  [9,1,49] 78.6653960000
  [9,1,50] 78.6653960000
  [9,1,51] 78.6653960000
  [9,1,52] 78.6653960000
  [9,1,53] 78.6653960000
  [9,1,54] 78.6653960000
  [9,1,55] 78.6653960000
  [9,1,56] 78.6653960000
  [9,1,57] 78.6653960000
  [9,1,58] 78.6653960000
  [9,1,59] 78.6653960000
  [9,1,60] 78.6653960000
  [9,1,61] 78.6653960000
  [9,1,62] 78.6653960000
  [9,1,63] 78.6653960000
  [9,1,64] 78.6653960000
  [9,1,65] 78.6653960000
  [9,1,66] 78.6653960000
  [9,1,67] 78.6653960000
  [9,1,68] 78.6653960000
  [9,1,69] 78.6653960000
  [9,1,70] 78.6653960000
  [9,1,71] 78.6653960000
  [9,1,72] 78.6653960000
  [9,1,73] 78.6653960000
  [9,1,74] 78.6653960000
  [9,1,75] 78.6653960000
  [9,1,76] 78.6653960000
  [9,1,77] 78.6653960000
  [9,1,78] 78.6653960000
  [9,1,79] 78.6653960000
  [9,1,80] 78.6653960000
  [9,1,81] 78.6653960000
  [9,1,82] 78.6653960000
  [9,1,83] 78.6653960000
  [9,1,84] 78.6653960000
  [9,1,85] 78.6653960000
  [9,1,86] 78.6653960000
  [9,1,87] 78.6653960000
  [9,1,88] 78.6653960000
  [9,1,89] 78.6653960000
  [9,1,90] 78.6653960000
  [9,1,91] 78.6653960000
  [9,1,92] 78.6653960000
  [9,1,93] 78.6653960000
  [9,1,94] 78.6653960000
  [9,1,95] 78.6653960000
  [9,1,96] 78.6653960000
  [9,1,97] 78.6653960000
  [9,1,98] 78.6653960000
  [9,1,99] 78.6653960000
  [9,1,100] 78.6653960000
  [9,1,101] 78.6653960000
  [9,1,102] 78.6653960000
  [9,1,103] 78.6653960000
  [9,1,104] 78.6653960000
  [9,1,105] 78.6653960000
  [9,1,106] 78.6653960000
  [9,1,107] 78.6653960000
  [9,1,108] 78.6653960000
  [9,1,109] 78.6653960000
  [9,1,110] 78.6653960000
  [9,1,111] 78.6653960000
  [9,1,112] 78.6653960000
  [9,1,113] 78.6653960000
  [9,1,114] 78.6653960000
  [9,1,115] 78.6653960000
  [9,1,116] 78.6653960000
  [9,1,117] 78.6653960000
  [9,1,118] 78.6653960000
  [9,1,119] 78.6653960000
  [9,1,120] 78.6653960000
  [9,1,121] 78.6653960000
  [9,1,122] 78.6653960000
  [9,1,123] 78.6653960000
  [9,1,124] 78.6653960000
  [9,1,125] 78.6653960000
  [9,1,126] 78.6653960000
  [9,1,127] 78.6653960000
  [9,1,128] 78.6653960000
  [9,1,129] 78.2449498700
  [9,1,130] 78.6653960000
  [9,1,131] 78.6653960000
  [9,1,132] 78.6653960000
  [9,1,133] 78.6653960000
  [9,1,134] 78.6653960000
  [9,1,135] 78.6653960000
  [9,1,136] 78.6653960000
  [9,1,137] 78.6653960000
  [9,1,138] 78.6653960000
  [9,1,139] 78.6653960000
  [9,1,140] 78.6653960000
  [9,1,141] 78.6653960000
  [9,1,142] 78.6653960000
  [9,1,143] 78.6653960000
  [9,1,144] 78.6653960000
  [9,1,145] 78.6653960000
  [9,1,146] 78.6653960000
  [9,1,147] 78.6653960000
  [9,1,148] 78.6653960000
  [9,1,149] 78.6653960000
  [9,1,150] 78.6653960000
  [9,1,151] 78.6653960000
  [9,1,152] 78.6653960000
  [9,1,153] 78.6653960000
  [9,1,154] 78.6653960000
  [9,1,155] 78.6653960000
  [9,1,156] 78.6653960000
  [9,1,157] 78.6653960000
  [9,1,158] 78.6653960000
  [9,1,159] 78.6653960000
  [9,1,160] 78.6653960000
  [9,1,161] 78.6653960000
  [9,1,162] 78.6653960000
  [9,1,163] 78.6653960000
  [9,1,164] 78.6653960000
  [9,1,165] 78.6653960000
  [9,1,166] 78.6653960000
  [9,1,167] 78.6653960000
  [9,1,168] 78.6653960000
  [9,1,169] 78.6653960000
  [9,1,170] 78.6653960000
  [9,1,171] 78.6653960000
  [9,1,172] 78.6653960000
  [9,1,173] 78.6653960000
  [9,1,174] 78.6653960000
  [9,1,175] 78.6653960000
  [9,1,176] 78.6653960000
  [9,1,177] 78.6653960000
  [9,1,178] 78.6653960000
  [9,1,179] 78.6653960000
  [9,1,180] 78.6653960000
  [9,1,181] 78.6653960000
  [9,1,182] 78.6653960000
  [9,1,183] 78.6653960000
  [9,1,184] 78.6653960000
  [9,1,185] 78.6653960000
  [9,1,186] 78.6653960000
  [9,1,187] 78.6653960000
  [9,1,188] 78.6653960000
  [9,1,189] 78.6653960000
  [9,1,190] 78.6653960000
  [9,1,191] 78.6653960000
  [9,1,192] 78.6653960000
  [9,1,193] 78.6653960000
  [9,1,194] 78.6653960000
  [9,1,195] 78.6653960000
  [9,1,196] 78.6653960000
  [9,1,197] 78.6653960000
  [9,1,198] 78.6653960000
  [9,1,199] 78.6653960000
  [9,1,200] 78.6653960000
  [9,1,201] 78.6653960000
  [9,1,202] 78.6653960000
  [9,1,203] 78.6653960000
  [9,1,204] 78.6653960000
  [9,1,205] 78.6653960000
  [9,1,206] 78.6653960000
  [9,1,207] 78.6653960000
  [9,1,208] 78.6653960000
  [9,1,209] 78.6653960000
  [9,1,210] 78.6653960000
  [9,1,211] 78.6653960000
  [9,1,212] 78.6653960000
  [9,1,213] 78.6653960000
  [9,1,214] 78.6653960000
  [9,1,215] 78.6653960000
  [9,1,216] 78.6653960000
  [9,1,217] 78.6653960000
  [9,1,218] 78.6653960000
  [9,1,219] 78.6653960000
  [9,1,220] 78.6653960000
  [9,1,221] 78.6653960000
  [9,1,222] 78.6653960000
  [9,1,223] 78.6653960000
  [9,1,224] 78.6653960000
  [9,1,225] 78.6653960000
  [9,1,226] 78.6653960000
  [9,1,227] 78.6653960000
  [9,1,228] 78.6653960000
  [9,1,229] 78.6653960000
  [9,1,230] 78.6653960000
  [9,1,231] 78.6653960000
  [9,1,232] 78.6653960000
  [9,1,233] 78.6653960000
  [9,1,234] 78.6653960000
  [9,1,235] 78.6653960000
  [9,1,236] 78.6653960000
  [9,1,237] 78.6653960000
  [9,1,238] 78.6653960000
  [9,1,239] 78.6653960000
  [9,1,240] 78.6653960000
  [9,1,241] 78.6653960000
  [9,1,242] 78.6653960000
  [9,1,243] 78.6653960000
  [9,1,244] 78.6653960000
  [9,1,245] 78.6653960000
  [9,1,246] 78.6653960000
  [9,1,247] 78.6653960000
  [9,1,248] 78.6653960000
  [9,1,249] 78.6653960000
  [9,1,250] 78.6653960000
  [9,1,251] 78.6653960000
  [9,1,252] 78.6653960000
  [9,1,253] 78.6653960000
  [9,1,254] 78.6653960000
  [9,1,255] 78.6653960000
  [9,1,256] 78.6653960000
  [9,1,257] 78.6653960000
  [9,1,258] 78.6653960000
  [9,1,259] 78.6653960000
  [9,1,260] 78.6653960000
  [9,1,261] 78.6653960000
  [9,1,262] 78.6653960000
  [9,1,263] 78.6653960000
  [9,1,264] 78.6653960000
  [9,1,265] 78.6653960000
  [9,1,266] 78.6653960000
  [9,1,267] 78.6653960000
  [9,1,268] 78.6653960000
  [9,1,269] 78.6653960000
  [9,1,270] 78.6653960000
  [9,1,271] 78.6653960000
  [9,1,272] 78.6653960000
  [9,1,273] 78.6653960000
  [9,1,274] 78.6653960000
  [9,1,275] 78.6653960000
  [9,1,276] 78.6653960000
  [9,1,277] 78.6653960000
  [9,1,278] 78.6653960000
  [9,1,279] 78.6653960000
  [9,1,280] 78.6653960000
  [9,1,281] 78.6653960000
  [9,1,282] 78.6653960000
  [9,1,283] 78.6653960000
  [9,1,284] 78.6653960000
  [9,1,285] 78.6653960000
  [9,1,286] 78.6653960000
  [9,1,287] 78.6653960000
  [9,1,288] 78.6653960000
  [9,1,289] 78.6653960000
  [9,1,290] 78.6653960000
  [9,1,291] 78.6653960000
  [9,1,292] 78.6653960000
  [9,1,293] 78.6653960000
  [9,1,294] 78.6653960000
  [9,1,295] 78.6653960000
  [9,1,296] 78.6653960000
  [9,1,297] 78.6653960000
  [9,1,298] 78.6653960000
  [9,1,299] 78.6653960000
  [9,1,300] 78.6653960000
  [9,1,301] 78.6653960000
  [9,1,302] 78.6653960000
  [9,1,303] 78.6653960000
  [9,1,304] 78.6653960000
  [9,1,305] 78.6653960000
  [9,1,306] 78.6653960000
  [9,1,307] 78.6653960000
  [9,1,308] 78.6653960000
  [9,1,309] 78.6653960000
  [9,1,310] 78.6653960000
  [9,1,311] 78.6653960000
  [9,1,312] 78.6653960000
  [9,1,313] 78.6653960000
  [9,1,314] 78.6653960000
  [9,1,315] 78.6653960000
  [9,1,316] 78.6653960000
  [9,1,317] 78.6653960000
  [9,1,318] 78.6653960000
  [9,1,319] 78.6653960000
  [9,1,320] 78.6653960000
  [9,1,321] 78.6653960000
  [9,1,322] 78.6653960000
  [9,1,323] 78.6653960000
  [9,1,324] 78.6653960000
  [9,1,325] 94.6975656604
  [9,1,326] 94.6975656604
  [9,1,327] 94.6975656604
  [9,1,328] 94.6975656604
  [9,1,329] 94.6975656604
  [9,1,330] 94.6975656604
  [9,1,331] 94.6975656604
  [9,1,332] 94.6975656604
  [9,1,333] 94.6975656604
  [9,1,334] 94.6975656604
  [9,1,335] 94.6975656604
  [9,1,336] 78.6653960000
  [9,1,337] 94.6975656604
  [9,1,338] 94.6975656604
  [9,1,339] 94.6975656604
  [9,1,340] 94.6975656604
  [9,1,341] 94.6975656604
  [9,1,342] 78.6653960000
  [9,1,343] 94.6975656604
  [9,1,344] 94.6975656604
  [9,1,345] 78.6653960000
  [9,1,346] 94.6975656604
  [9,1,347] 78.6653960000
  [9,1,348] 78.6653960000
  [9,1,349] 94.6975656604
  [9,1,350] 94.6975656604
  [9,1,351] 94.6975656604
  [9,1,352] 94.6975656604
  [9,1,353] 94.6975656604
  [9,1,354] 94.6975656604
  [9,1,355] 78.6653960000
  [9,1,356] 78.6653960000
  [9,1,357] 78.6653960000
  [9,1,358] 78.6653960000
  [9,1,359] 92.0310476119
  [9,1,360] 78.6653960000
  [9,1,361] 78.6653960000
  [9,1,362] 78.6653960000
  [9,1,363] 78.6653960000
  [9,1,364] 78.6653960000
  [9,1,365] 78.6653960000
  [9,1,366] 78.6653960000
  [9,1,367] 78.6653960000
  [9,1,368] 78.6653960000
  [9,1,369] 78.6653960000
  [9,1,370] 78.6653960000
  [9,1,371] 78.6653960000
  [9,1,372] 78.6653960000
  [9,1,373] 78.6653960000
  [9,1,374] 78.6653960000
  [9,1,375] 78.6653960000
  [9,1,376] 78.6653960000
  [9,1,377] 78.6653960000
  [9,1,378] 78.6653960000
  [9,1,379] 78.6653960000
  [9,1,380] 78.6653960000
  [9,1,381] 78.6653960000
  [9,1,382] 78.6653960000
  [9,1,383] 78.6653960000
  [9,1,384] 78.6653960000
  [9,1,385] 78.6653960000
  [9,1,386] 78.6653960000
  [9,1,387] 78.6653960000
  [9,1,388] 78.6653960000
  [9,1,389] 78.6653960000
  [9,1,390] 78.6653960000
  [9,1,391] 78.6653960000
  [9,1,392] 78.6653960000
  [9,1,393] 78.6653960000
  [9,1,394] 78.6653960000
  [9,1,395] 78.6653960000
  [9,1,396] 78.6653960000
  [9,1,397] 78.6653960000
  [9,1,398] 78.6653960000
  [9,1,399] 78.6653960000
  [9,1,400] 78.6653960000
  [9,1,401] 78.6653960000
  [9,1,402] 78.6653960000
  [9,1,403] 78.6653960000
  [9,1,404] 78.6653960000
  [9,1,405] 78.6653960000
  [9,1,406] 78.6653960000
  [9,1,407] 78.6653960000
  [9,1,408] 78.6653960000
  [9,1,409] 78.6653960000
  [9,1,410] 78.6653960000
  [9,1,411] 78.6653960000
  [9,1,412] 78.6653960000
  [9,1,413] 78.6653960000
  [9,1,414] 78.6653960000
  [9,1,415] 94.6975656604
  [9,1,416] 94.6975656604
  [9,1,417] 94.6975656604
  [9,1,418] 94.6975656604
  [9,1,419] 94.6975656604
  [9,1,420] 78.6653960000
  [9,1,421] 94.6975656604
  [9,1,422] 94.6975656604
  [9,1,423] 94.6975656604
  [9,1,424] 94.6975656604
  [9,1,425] 94.6975656604
  [9,1,426] 94.6975656604
  [9,1,427] 94.6975656604
  [9,1,428] 94.6975656604
  [9,1,429] 94.6975656604
  [9,1,430] 94.6975656604
  [9,1,431] 94.6975656604
  [9,1,432] 78.6653960000
  [9,1,433] 94.6975656604
  [9,1,434] 94.6975656604
  [9,1,435] 94.6975656604
  [9,1,436] 94.6975656604
  [9,1,437] 94.6975656604
  [9,1,438] 78.6653960000
  [9,1,439] 94.6975656604
  [9,1,440] 94.6975656604
  [9,1,441] 94.6975656604
  [9,1,442] 94.6975656604
  [9,1,443] 94.6975656604
  [9,1,444] 94.6975656604
  [9,1,445] 94.6975656604
  [9,1,446] 94.6975656604
  [9,1,447] 94.6975656604
  [9,1,448] 94.6975656604
  [9,1,449] 94.6975656604
  [9,1,450] 78.6653960000
  [9,1,451] 94.6975656604
  [9,1,452] 94.6975656604
  [9,1,453] 94.6975656604
  [9,1,454] 94.6975656604
  [9,1,455] 94.6975656604
  [9,1,456] 94.6975656604
  [9,1,457] 94.6975656604
  [9,1,458] 94.6975656604
  [9,1,459] 94.6975656604
  [9,1,460] 94.6975656604
  [9,1,461] 94.6975656604
  [9,1,462] 94.6975656604
  [9,1,463] 94.6975656604
  [9,1,464] 94.6975656604
  [9,1,465] 78.6653960000
  [9,1,466] 94.6975656604
  [9,1,467] 94.6975656604
  [9,1,468] 78.6653960000
  [9,1,469] 94.6975656604
  [9,1,470] 94.6975656604
  [9,1,471] 94.6975656604
  [9,1,472] 94.6975656604
  [9,1,473] 94.6975656604
  [9,1,474] 94.6975656604
  [9,1,475] 94.6975656604
  [9,1,476] 94.6975656604
  [9,1,477] 94.6975656604
  [9,1,478] 94.6975656604
  [9,1,479] 94.6975656604
  [9,1,480] 94.6975656604
  [9,1,481] 94.6975656604
  [9,1,482] 94.6975656604
  [9,1,483] 94.6975656604
  [9,1,484] 94.6975656604
  [9,1,485] 94.6975656604
  [9,1,486] 78.6653960000
  [9,1,487] 94.6975656604
  [9,1,488] 94.6975656604
  [9,1,489] 94.6975656604
  [9,1,490] 94.6975656604
  [9,1,491] 94.6975656604
  [9,1,492] 94.6975656604
  [9,1,493] 94.6975656604
  [9,1,494] 94.6975656604
  [9,1,495] 94.6975656604
  [9,1,496] 94.6975656604
  [9,1,497] 94.6975656604
  [9,1,498] 78.6653960000
  [9,1,499] 94.6975656604
  [9,1,500] 94.6975656604
  [9,1,501] 94.6975656604
  [9,1,502] 94.6975656604
  [9,1,503] 94.6975656604
  [9,1,504] 78.6653960000
  [9,1,505] 94.6975656604
  [9,1,506] 94.6975656604
  [9,1,507] 94.6975656604
  [9,1,508] 94.6975656604
  [9,1,509] 94.6975656604
  [9,1,510] 94.6975656604
  [9,1,511] 94.6975656604
  [9,1,512] 94.6975656604
  [9,1,513] 78.6653960000
  [9,1,514] 94.6975656604
  [9,1,515] 94.6975656604
  [9,1,516] 94.6975656604
  [9,1,517] 94.6975656604
  [9,1,518] 94.6975656604
  [9,1,519] 94.6975656604
  [9,1,520] 94.6975656604
  [9,1,521] 94.6975656604
  [9,1,522] 94.6975656604
  [9,1,523] 94.6975656604
  [9,1,524] 94.6975656604
  [9,1,525] 78.6653960000
  [9,1,526] 94.6975656604
  [9,1,527] 94.6975656604
  [9,1,528] 78.6653960000
  [9,1,529] 94.6975656604
  [9,1,530] 94.6975656604
  [9,1,531] 94.6975656604
  [9,1,532] 94.6975656604
  [9,1,533] 94.6975656604
  [9,1,534] 94.6975656604
  [9,1,535] 94.6975656604
  [9,1,536] 94.6975656604
  [9,1,537] 94.6975656604
  [9,1,538] 94.6975656604
  [9,1,539] 94.6975656604
  [9,1,540] 78.6653960000
  [9,1,541] 94.6975656604
  [9,1,542] 94.6975656604
  [9,1,543] 94.6975656604
  [9,1,544] 94.6975656604
  [9,1,545] 94.6975656604
  [9,1,546] 78.6653960000
  [9,1,547] 94.6975656604
  [9,1,548] 94.6975656604
  [9,1,549] 94.6975656604
  [9,1,550] 94.6975656604
  [9,1,551] 94.6975656604
  [9,1,552] 94.6975656604
  [9,1,553] 94.6975656604
  [9,1,554] 94.6975656604
  [9,1,555] 94.6975656604
  [9,1,556] 94.6975656604
  [9,1,557] 94.6975656604
  [9,1,558] 94.6975656604
  [9,1,559] 94.6975656604
  [9,1,560] 94.6975656604
  [9,1,561] 78.6653960000
  [9,1,562] 94.6975656604
  [9,1,563] 94.6975656604
  [9,1,564] 78.6653960000
  [9,1,565] 94.6975656604
  [9,1,566] 94.6975656604
  [9,1,567] 94.6975656604
  [9,1,568] 94.6975656604
  [9,1,569] 94.6975656604
  [9,1,570] 94.6975656604
  [9,1,571] 94.6975656604
  [9,1,572] 94.6975656604
  [9,1,573] 94.6975656604
  [9,1,574] 94.6975656604
  [9,1,575] 94.6975656604
  [9,1,576] 94.6975656604
  [9,1,577] 94.6975656604
  [9,1,578] 94.6975656604
  [9,1,579] 94.6975656604
  [9,1,580] 94.6975656604
  [9,1,581] 94.6975656604
  [9,1,582] 94.6975656604
  [9,1,583] 94.6975656604
  [9,1,584] 94.6975656604
  [9,1,585] 78.6653960000
  [9,1,586] 94.6975656604
  [9,1,587] 94.6975656604
  [9,1,588] 94.6975656604
  [9,1,589] 94.6975656604
  [9,1,590] 94.6975656604
  [9,1,591] 94.6975656604
  [9,1,592] 94.6975656604
  [9,1,593] 94.6975656604
  [9,1,594] 94.6975656604
  [9,1,595] 94.6975656604
  [9,1,596] 94.6975656604
  [9,1,597] 94.6975656604
  [9,1,598] 94.6975656604
  [9,1,599] 94.6975656604
  [9,1,600] 78.6653960000
  [9,1,601] 94.6975656604
  [9,1,602] 94.6975656604
  [9,1,603] 94.6975656604
  [9,1,604] 94.6975656604
  [9,1,605] 94.6975656604
  [9,1,606] 94.6975656604
  [9,1,607] 94.6975656604
  [9,1,608] 94.6975656604
  [9,1,609] 78.6653960000
  [9,1,610] 94.6975656604
  [9,1,611] 94.6975656604
  [9,1,612] 94.6975656604
  [9,1,613] 94.6975656604
  [9,1,614] 94.6975656604
  [9,1,615] 94.6975656604
  [9,1,616] 94.6975656604
  [9,1,617] 94.6975656604
  [9,1,618] 94.6975656604
  [9,1,619] 94.6975656604
  [9,1,620] 94.6975656604
  [9,1,621] 78.6653960000
  [9,1,622] 94.6975656604
  [9,1,623] 94.6975656604
  [9,1,624] 78.6653960000
  [9,1,625] 94.6975656604
  [9,1,626] 94.6975656604
  [9,1,627] 94.6975656604
  [9,1,628] 94.6975656604
  [9,1,629] 94.6975656604
  [9,1,630] 94.6975656604
  [9,1,631] 94.6975656604
  [9,1,632] 94.6975656604
  [9,1,633] 78.6653960000
  [9,1,634] 94.4036104415
  [9,1,635] 78.6653960000
  [9,1,636] 78.6653960000
  [9,1,637] 78.6653960000
  [9,1,638] 78.6653960000
  [9,1,639] 78.6653960000
  [9,1,640] 78.6653960000
  [9,1,641] 78.6653960000
  [9,1,642] 78.6653960000
  [9,1,643] 78.6653960000
  [9,1,644] 78.6653960000
  [9,1,645] 78.6653960000
  [9,1,646] 78.6653960000
  [9,1,647] 78.6653960000
  [9,1,648] 78.6653960000
  [9,1,649] 78.6653960000
  [9,1,650] 78.6653960000
  [9,1,651] 78.6653960000
  [9,1,652] 78.6653960000
  [9,1,653] 78.6653960000
  [9,1,654] 78.6653960000
  [9,1,655] 78.6653960000
  [9,1,656] 78.6653960000
  [9,1,657] 78.6653960000
  [9,1,658] 78.6653960000
  [9,1,659] 78.6653960000
  [9,1,660] 78.6653960000
  [9,1,661] 78.6653960000
  [9,1,662] 78.6653960000
  [9,1,663] 78.6653960000
  [9,1,664] 78.6653960000
  [9,1,665] 78.6653960000
  [9,1,666] 78.6653960000
  [9,1,667] 78.6653960000
  [9,1,668] 78.6653960000
  [9,1,669] 78.6653960000
  [9,1,670] 78.6653960000
  [9,1,671] 78.6653960000
  [9,1,672] 78.6653960000
  [9,1,673] 78.6653960000
  [9,1,674] 78.6653960000
  [9,1,675] 78.6653960000
  [9,1,676] 78.6653960000
  [9,1,677] 78.6653960000
  [9,1,678] 78.6653960000
  [9,1,679] 78.6653960000
  [9,1,680] 78.6653960000
  [9,1,681] 78.6653960000
  [9,1,682] 78.6653960000
  [9,1,683] 78.6653960000
  [9,1,684] 78.6653960000
  [9,1,685] 78.6653960000
  [9,1,686] 78.6653960000
  [9,1,687] 78.6653960000
  [9,1,688] 78.6653960000
  [9,1,689] 78.6653960000
  [9,1,690] 78.6653960000
  [9,1,691] 78.6653960000
  [9,1,692] 78.6653960000
  [9,1,693] 78.6653960000
  [9,1,694] 78.6653960000
  [9,1,695] 78.6653960000
  [9,1,696] 78.6653960000
  [9,1,697] 78.6653960000
  [9,1,698] 78.6653960000
  [9,1,699] 78.6653960000
  [9,1,700] 78.6653960000
  [9,1,701] 78.6653960000
  [9,1,702] 78.6653960000
  [9,1,703] 78.6653960000
  [9,1,704] 78.6653960000
  [9,1,705] 78.6653960000
  [9,1,706] 78.6653960000
  [9,1,707] 78.6653960000
  [9,1,708] 78.6653960000
  [9,1,709] 78.6653960000
  [9,1,710] 78.6653960000
  [9,1,711] 78.6653960000
  [9,1,712] 78.6653960000
  [9,1,713] 78.6653960000
  [9,1,714] 78.6653960000
  [9,1,715] 78.6653960000
  [9,1,716] 78.6653960000
  [9,1,717] 78.6653960000
  [9,1,718] 78.6653960000
  [9,1,719] 78.6653960000
  [9,1,720] 78.6653960000
  [9,2,1] 94.3696937274
  [9,2,2] 78.6653960000
  [9,2,3] 78.6653960000
  [9,2,4] 94.6975656604
  [9,2,5] 78.6653960000
  [9,2,6] 78.6653960000
  [9,2,7] 94.6975656604
  [9,2,8] 78.6653960000
  [9,2,9] 78.6653960000
  [9,2,10] 94.6975656604
  [9,2,11] 78.6653960000
  [9,2,12] 78.6653960000
  [9,2,13] 94.6975656604
  [9,2,14] 78.6653960000
  [9,2,15] 94.6975656604
  [9,2,16] 94.6975656604
  [9,2,17] 78.6653960000
  [9,2,18] 78.6653960000
  [9,2,19] 94.6975656604
  [9,2,20] 78.6653960000
  [9,2,21] 78.6653960000
  [9,2,22] 78.6653960000
  [9,2,23] 94.6975656604
  [9,2,24] 78.6653960000
  [9,2,25] 78.6653960000
  [9,2,26] 78.6653960000
  [9,2,27] 94.6975656604
  [9,2,28] 78.6653960000
  [9,2,29] 78.6653960000
  [9,2,30] 78.6653960000
  [9,2,31] 94.6975656604
  [9,2,32] 94.6975656604
  [9,2,33] 78.6653960000
  [9,2,34] 78.6653960000
  [9,2,35] 94.6975656604
  [9,2,36] 78.6653960000
  [9,2,37] 78.6653960000
  [9,2,38] 94.6975656604
  [9,2,39] 78.6653960000
  [9,2,40] 78.6653960000
  [9,2,41] 94.6975656604
  [9,2,42] 78.6653960000
  [9,2,43] 78.6653960000
  [9,2,44] 94.6975656604
  [9,2,45] 78.6653960000
  [9,2,46] 78.6653960000
  [9,2,47] 94.6975656604
  [9,2,48] 78.6653960000
  [9,2,49] 78.6653960000
  [9,2,50] 94.6975656604
  [9,2,51] 78.6653960000
  [9,2,52] 78.6653960000
  [9,2,53] 78.6653960000
  [9,2,54] 94.6975656604
  [9,2,55] 78.6653960000
  [9,2,56] 78.6653960000
  [9,2,57] 78.6653960000
  [9,2,58] 94.6975656604
  [9,2,59] 78.6653960000
  [9,2,60] 78.6653960000
  [9,2,61] 94.6975656604
  [9,2,62] 78.6653960000
  [9,2,63] 78.6653960000
  [9,2,64] 94.6975656604
  [9,2,65] 78.6653960000
  [9,2,66] 78.6653960000
  [9,2,67] 94.6975656604
  [9,2,68] 78.6653960000
  [9,2,69] 78.6653960000
  [9,2,70] 94.6975656604
  [9,2,71] 78.6653960000
  [9,2,72] 78.6653960000
  [9,2,73] 94.6975656604
  [9,2,74] 78.6653960000
  [9,2,75] 78.6653960000
  [9,2,76] 94.6975656604
  [9,2,77] 78.6653960000
  [9,2,78] 78.6653960000
  [9,2,79] 78.6653960000
  [9,2,80] 94.6975656604
  [9,2,81] 94.6975656604
  [9,2,82] 78.6653960000
  [9,2,83] 78.6653960000
  [9,2,84] 94.6975656604
  [9,2,85] 78.6653960000
  [9,2,86] 78.6653960000
  [9,2,87] 78.6653960000
  [9,2,88] 94.6975656604
  [9,2,89] 78.6653960000
  [9,2,90] 78.6653960000
  [9,2,91] 78.6653960000
  [9,2,92] 94.6975656604
  [9,2,93] 78.6653960000
  [9,2,94] 78.6653960000
  [9,2,95] 78.6653960000
  [9,2,96] 94.6975656604
  [9,2,97] 94.6975656604
  [9,2,98] 78.6653960000
  [9,2,99] 78.6653960000
  [9,2,100] 94.6975656604
  [9,2,101] 78.6653960000
  [9,2,102] 78.6653960000
  [9,2,103] 78.6653960000
  [9,2,104] 94.6975656604
  [9,2,105] 78.6653960000
  [9,2,106] 78.6653960000
  [9,2,107] 78.6653960000
  [9,2,108] 94.6975656604
  [9,2,109] 78.6653960000
  [9,2,110] 78.6653960000
  [9,2,111] 78.6653960000
  [9,2,112] 94.6975656604
  [9,2,113] 94.6975656604
  [9,2,114] 78.6653960000
  [9,2,115] 78.6653960000
  [9,2,116] 94.6975656604
  [9,2,117] 78.6653960000
  [9,2,118] 78.6653960000
  [9,2,119] 78.6653960000
  [9,2,120] 94.6975656604
  [9,2,121] 78.6653960000
  [9,2,122] 78.6653960000
  [9,2,123] 78.6653960000
  [9,2,124] 94.6975656604
  [9,2,125] 78.6653960000
  [9,2,126] 78.6653960000
  [9,2,127] 78.6653960000
  [9,2,128] 80.8671886755
  [9,2,129] 78.2449498700
  [9,2,130] 94.6975656604
  [9,2,131] 78.6653960000
  [9,2,132] 78.6653960000
  [9,2,133] 94.6975656604
  [9,2,134] 94.6975656604
  [9,2,135] 78.6653960000
  [9,2,136] 78.6653960000
  [9,2,137] 94.6975656604
  [9,2,138] 78.6653960000
  [9,2,139] 78.6653960000
  [9,2,140] 78.6653960000
  [9,2,141] 78.6653960000
  [9,2,142] 78.6653960000
  [9,2,143] 78.6653960000
  [9,2,144] 78.6653960000
  [9,2,145] 94.6975656604
  [9,2,146] 94.6975656604
  [9,2,147] 78.6653960000
  [9,2,148] 78.6653960000
  [9,2,149] 94.6975656604
  [9,2,150] 78.6653960000
  [9,2,151] 78.6653960000
  [9,2,152] 78.6653960000
  [9,2,153] 94.6975656604
  [9,2,154] 78.6653960000
  [9,2,155] 78.6653960000
  [9,2,156] 78.6653960000
  [9,2,157] 94.6975656604
  [9,2,158] 78.6653960000
  [9,2,159] 78.6653960000
  [9,2,160] 78.6653960000
  [9,2,161] 94.6975656604
  [9,2,162] 94.6975656604
  [9,2,163] 78.6653960000
  [9,2,164] 78.6653960000
  [9,2,165] 94.6975656604
  [9,2,166] 78.6653960000
  [9,2,167] 78.6653960000
  [9,2,168] 78.6653960000
  [9,2,169] 94.6975656604
  [9,2,170] 78.6653960000
  [9,2,171] 78.6653960000
  [9,2,172] 78.6653960000
  [9,2,173] 94.6975656604
  [9,2,174] 78.6653960000
  [9,2,175] 78.6653960000
  [9,2,176] 78.6653960000
  [9,2,177] 94.6975656604
  [9,2,178] 94.6975656604
  [9,2,179] 78.6653960000
  [9,2,180] 78.6653960000
  [9,2,181] 94.6975656604
  [9,2,182] 78.6653960000
  [9,2,183] 78.6653960000
  [9,2,184] 78.6653960000
  [9,2,185] 94.6975656604
  [9,2,186] 78.6653960000
  [9,2,187] 78.6653960000
  [9,2,188] 78.6653960000
  [9,2,189] 94.6975656604
  [9,2,190] 78.6653960000
  [9,2,191] 78.6653960000
  [9,2,192] 78.6653960000
  [9,2,193] 94.6975656604
  [9,2,194] 94.6975656604
  [9,2,195] 78.6653960000
  [9,2,196] 78.6653960000
  [9,2,197] 94.6975656604
  [9,2,198] 78.6653960000
  [9,2,199] 78.6653960000
  [9,2,200] 78.6653960000
  [9,2,201] 94.6975656604
  [9,2,202] 78.6653960000
  [9,2,203] 78.6653960000
  [9,2,204] 78.6653960000
  [9,2,205] 94.6975656604
  [9,2,206] 78.6653960000
  [9,2,207] 78.6653960000
  [9,2,208] 78.6653960000
  [9,2,209] 94.6975656604
  [9,2,210] 94.6975656604
  [9,2,211] 78.6653960000
  [9,2,212] 78.6653960000
  [9,2,213] 94.6975656604
  [9,2,214] 78.6653960000
  [9,2,215] 78.6653960000
  [9,2,216] 78.6653960000
  [9,2,217] 94.6975656604
  [9,2,218] 78.6653960000
  [9,2,219] 78.6653960000
  [9,2,220] 78.6653960000
  [9,2,221] 94.6975656604
  [9,2,222] 78.6653960000
  [9,2,223] 78.6653960000
  [9,2,224] 78.6653960000
  [9,2,225] 94.6975656604
  [9,2,226] 94.6975656604
  [9,2,227] 78.6653960000
  [9,2,228] 78.6653960000
  [9,2,229] 94.6975656604
  [9,2,230] 78.6653960000
  [9,2,231] 78.6653960000
  [9,2,232] 78.6653960000
  [9,2,233] 94.6975656604
  [9,2,234] 78.6653960000
  [9,2,235] 78.6653960000
  [9,2,236] 78.6653960000
  [9,2,237] 94.6975656604
  [9,2,238] 78.6653960000
  [9,2,239] 78.6653960000
  [9,2,240] 78.6653960000
  [9,2,241] 94.6975656604
  [9,2,242] 94.6975656604
  [9,2,243] 78.6653960000
  [9,2,244] 78.6653960000
  [9,2,245] 94.6975656604
  [9,2,246] 78.6653960000
  [9,2,247] 78.6653960000
  [9,2,248] 78.6653960000
  [9,2,249] 89.8630680244
  [9,2,250] 78.6653960000
  [9,2,251] 78.6653960000
  [9,2,252] 94.6975656604
  [9,2,253] 78.6653960000
  [9,2,254] 78.6653960000
  [9,2,255] 78.6653960000
  [9,2,256] 94.6975656604
  [9,2,257] 78.6653960000
  [9,2,258] 78.6653960000
  [9,2,259] 78.6653960000
  [9,2,260] 94.6975656604
  [9,2,261] 94.6975656604
  [9,2,262] 78.6653960000
  [9,2,263] 78.6653960000
  [9,2,264] 94.6975656604
  [9,2,265] 78.6653960000
  [9,2,266] 78.6653960000
  [9,2,267] 78.6653960000
  [9,2,268] 94.6975656604
  [9,2,269] 78.6653960000
  [9,2,270] 78.6653960000
  [9,2,271] 78.6653960000
  [9,2,272] 94.6975656604
  [9,2,273] 78.6653960000
  [9,2,274] 78.6653960000
  [9,2,275] 78.6653960000
  [9,2,276] 94.6975656604
  [9,2,277] 94.6975656604
  [9,2,278] 78.6653960000
  [9,2,279] 78.6653960000
  [9,2,280] 94.6975656604
  [9,2,281] 78.6653960000
  [9,2,282] 78.6653960000
  [9,2,283] 78.6653960000
  [9,2,284] 94.6975656604
  [9,2,285] 78.6653960000
  [9,2,286] 78.6653960000
  [9,2,287] 78.6653960000
  [9,2,288] 94.6975656604
  [9,2,289] 78.6653960000
  [9,2,290] 78.6653960000
  [9,2,291] 78.6653960000
  [9,2,292] 94.6975656604
  [9,2,293] 94.6975656604
  [9,2,294] 78.6653960000
  [9,2,295] 78.6653960000
  [9,2,296] 94.6975656604
  [9,2,297] 94.6975656604
  [9,2,298] 78.6653960000
  [9,2,299] 78.6653960000
  [9,2,300] 94.6975656604
  [9,2,301] 78.6653960000
  [9,2,302] 78.6653960000
  [9,2,303] 78.6653960000
  [9,2,304] 94.6975656604
  [9,2,305] 78.6653960000
  [9,2,306] 78.6653960000
  [9,2,307] 78.6653960000
  [9,2,308] 94.6975656604
  [9,2,309] 78.6653960000
  [9,2,310] 78.6653960000
  [9,2,311] 78.6653960000
  [9,2,312] 94.6975656604
  [9,2,313] 94.6975656604
  [9,2,314] 78.6653960000
  [9,2,315] 78.6653960000
  [9,2,316] 94.6975656604
  [9,2,317] 78.6653960000
  [9,2,318] 78.6653960000
  [9,2,319] 78.6653960000
  [9,2,320] 94.6975656604
  [9,2,321] 78.6653960000
  [9,2,322] 78.6653960000
  [9,2,323] 78.6653960000
  [9,2,324] 94.6975656604
  [9,2,325] 78.6653960000
  [9,2,326] 78.6653960000
  [9,2,327] 78.6653960000
  [9,2,328] 94.6975656604
  [9,2,329] 94.6975656604
  [9,2,330] 78.6653960000
  [9,2,331] 78.6653960000
  [9,2,332] 94.6975656604
  [9,2,333] 78.6653960000
  [9,2,334] 78.6653960000
  [9,2,335] 78.6653960000
  [9,2,336] 94.6975656604
  [9,2,337] 78.6653960000
  [9,2,338] 78.6653960000
  [9,2,339] 78.6653960000
  [9,2,340] 94.6975656604
  [9,2,341] 78.6653960000
  [9,2,342] 78.6653960000
  [9,2,343] 78.6653960000
  [9,2,344] 94.6975656604
  [9,2,345] 94.6975656604
  [9,2,346] 78.6653960000
  [9,2,347] 78.6653960000
  [9,2,348] 94.6975656604
  [9,2,349] 78.6653960000
  [9,2,350] 78.6653960000
  [9,2,351] 78.6653960000
  [9,2,352] 94.6975656604
  [9,2,353] 78.6653960000
  [9,2,354] 78.6653960000
  [9,2,355] 78.6653960000
  [9,2,356] 94.6975656604
  [9,2,357] 78.6653960000
  [9,2,358] 78.6653960000
  [9,2,359] 78.6653960000
  [9,2,360] 94.6975656604
  [9,2,361] 94.6975656604
  [9,2,362] 78.6653960000
  [9,2,363] 78.6653960000
  [9,2,364] 94.6975656604
  [9,2,365] 78.6653960000
  [9,2,366] 78.6653960000
  [9,2,367] 78.6653960000
  [9,2,368] 94.6975656604
  [9,2,369] 78.6653960000
  [9,2,370] 78.6653960000
  [9,2,371] 78.6653960000
  [9,2,372] 94.6975656604
  [9,2,373] 78.6653960000
  [9,2,374] 78.6653960000
  [9,2,375] 78.6653960000
  [9,2,376] 94.6975656604
  [9,2,377] 94.6975656604
  [9,2,378] 78.6653960000
  [9,2,379] 78.6653960000
  [9,2,380] 94.6975656604
  [9,2,381] 78.6653960000
  [9,2,382] 78.6653960000
  [9,2,383] 78.6653960000
  [9,2,384] 94.6975656604
  [9,2,385] 78.6653960000
  [9,2,386] 78.6653960000
  [9,2,387] 78.6653960000
  [9,2,388] 94.6975656604
  [9,2,389] 78.6653960000
  [9,2,390] 78.6653960000
  [9,2,391] 78.6653960000
  [9,2,392] 94.6975656604
  [9,2,393] 94.6975656604
  [9,2,394] 78.6653960000
  [9,2,395] 78.6653960000
  [9,2,396] 94.6975656604
  [9,2,397] 78.6653960000
  [9,2,398] 78.6653960000
  [9,2,399] 78.6653960000
  [9,2,400] 94.6975656604
  [9,2,401] 78.6653960000
  [9,2,402] 78.6653960000
  [9,2,403] 78.6653960000
  [9,2,404] 94.6975656604
  [9,2,405] 78.6653960000
  [9,2,406] 78.6653960000
  [9,2,407] 78.6653960000
  [9,2,408] 94.6975656604
  [9,2,409] 94.6975656604
  [9,2,410] 78.6653960000
  [9,2,411] 78.6653960000
  [9,2,412] 94.6975656604
  [9,2,413] 78.6653960000
  [9,2,414] 78.6653960000
  [9,2,415] 78.6653960000
  [9,2,416] 94.6975656604
  [9,2,417] 78.6653960000
  [9,2,418] 78.6653960000
  [9,2,419] 78.6653960000
  [9,2,420] 94.6975656604
  [9,2,421] 78.6653960000
  [9,2,422] 78.6653960000
  [9,2,423] 78.6653960000
  [9,2,424] 94.6975656604
  [9,2,425] 94.6975656604
  [9,2,426] 78.6653960000
  [9,2,427] 78.6653960000
  [9,2,428] 94.6975656604
  [9,2,429] 78.6653960000
  [9,2,430] 78.6653960000
  [9,2,431] 78.6653960000
  [9,2,432] 94.6975656604
  [9,2,433] 78.6653960000
  [9,2,434] 78.6653960000
  [9,2,435] 78.6653960000
  [9,2,436] 94.6975656604
  [9,2,437] 78.6653960000
  [9,2,438] 78.6653960000
  [9,2,439] 78.6653960000
  [9,2,440] 94.6975656604
  [9,2,441] 94.6975656604
  [9,2,442] 78.6653960000
  [9,2,443] 78.6653960000
  [9,2,444] 94.6975656604
  [9,2,445] 78.6653960000
  [9,2,446] 78.6653960000
  [9,2,447] 78.6653960000
  [9,2,448] 94.6975656604
  [9,2,449] 78.6653960000
  [9,2,450] 78.6653960000
  [9,2,451] 78.6653960000
  [9,2,452] 94.6975656604
  [9,2,453] 78.6653960000
  [9,2,454] 78.6653960000
  [9,2,455] 78.6653960000
  [9,2,456] 94.6975656604
  [9,2,457] 94.6975656604
  [9,2,458] 78.6653960000
  [9,2,459] 78.6653960000
  [9,2,460] 94.6975656604
  [9,2,461] 78.6653960000
  [9,2,462] 78.6653960000
  [9,2,463] 78.6653960000
  [9,2,464] 94.6975656604
  [9,2,465] 78.6653960000
  [9,2,466] 78.6653960000
  [9,2,467] 78.6653960000
  [9,2,468] 94.6975656604
  [9,2,469] 78.6653960000
  [9,2,470] 78.6653960000
  [9,2,471] 78.6653960000
  [9,2,472] 94.6975656604
  [9,2,473] 94.6975656604
  [9,2,474] 78.6653960000
  [9,2,475] 78.6653960000
  [9,2,476] 94.6975656604
  [9,2,477] 78.6653960000
  [9,2,478] 78.6653960000
  [9,2,479] 78.6653960000
  [9,2,480] 94.6975656604
  [9,2,481] 78.6653960000
  [9,2,482] 78.6653960000
  [9,2,483] 78.6653960000
  [9,2,484] 94.6975656604
  [9,2,485] 78.6653960000
  [9,2,486] 78.6653960000
  [9,2,487] 78.6653960000
  [9,2,488] 94.6975656604
  [9,2,489] 94.6975656604
  [9,2,490] 78.6653960000
  [9,2,491] 78.6653960000
  [9,2,492] 94.6975656604
  [9,2,493] 78.6653960000
  [9,2,494] 78.6653960000
  [9,2,495] 78.6653960000
  [9,2,496] 94.6975656604
  [9,2,497] 78.6653960000
  [9,2,498] 78.6653960000
  [9,2,499] 78.6653960000
  [9,2,500] 94.6975656604
  [9,2,501] 78.6653960000
  [9,2,502] 78.6653960000
  [9,2,503] 78.6653960000
  [9,2,504] 94.6975656604
  [9,2,505] 94.6975656604
  [9,2,506] 78.6653960000
  [9,2,507] 78.6653960000
  [9,2,508] 94.6975656604
  [9,2,509] 78.6653960000
  [9,2,510] 78.6653960000
  [9,2,511] 78.6653960000
  [9,2,512] 94.6975656604
  [9,2,513] 78.6653960000
  [9,2,514] 78.6653960000
  [9,2,515] 78.6653960000
  [9,2,516] 94.6975656604
  [9,2,517] 78.6653960000
  [9,2,518] 78.6653960000
  [9,2,519] 78.6653960000
  [9,2,520] 94.6975656604
  [9,2,521] 94.6975656604
  [9,2,522] 78.6653960000
  [9,2,523] 78.6653960000
  [9,2,524] 94.6975656604
  [9,2,525] 78.6653960000
  [9,2,526] 78.6653960000
  [9,2,527] 78.6653960000
  [9,2,528] 94.6975656604
  [9,2,529] 78.6653960000
  [9,2,530] 78.6653960000
  [9,2,531] 78.6653960000
  [9,2,532] 94.6975656604
  [9,2,533] 78.6653960000
  [9,2,534] 78.6653960000
  [9,2,535] 78.6653960000
  [9,2,536] 94.6975656604
  [9,2,537] 94.6975656604
  [9,2,538] 78.6653960000
  [9,2,539] 78.6653960000
  [9,2,540] 94.6975656604
  [9,2,541] 78.6653960000
  [9,2,542] 78.6653960000
  [9,2,543] 78.6653960000
  [9,2,544] 94.6975656604
  [9,2,545] 78.6653960000
  [9,2,546] 78.6653960000
  [9,2,547] 78.6653960000
  [9,2,548] 94.6975656604
  [9,2,549] 78.6653960000
  [9,2,550] 78.6653960000
  [9,2,551] 78.6653960000
  [9,2,552] 94.6975656604
  [9,2,553] 94.6975656604
  [9,2,554] 78.6653960000
  [9,2,555] 78.6653960000
  [9,2,556] 94.6975656604
  [9,2,557] 78.6653960000
  [9,2,558] 78.6653960000
  [9,2,559] 78.6653960000
  [9,2,560] 94.6975656604
  [9,2,561] 78.6653960000
  [9,2,562] 78.6653960000
  [9,2,563] 78.6653960000
  [9,2,564] 94.6975656604
  [9,2,565] 78.6653960000
  [9,2,566] 78.6653960000
  [9,2,567] 78.6653960000
  [9,2,568] 94.6975656604
  [9,2,569] 94.6975656604
  [9,2,570] 78.6653960000
  [9,2,571] 78.6653960000
  [9,2,572] 94.6975656604
  [9,2,573] 94.6975656604
  [9,2,574] 78.6653960000
  [9,2,575] 78.6653960000
  [9,2,576] 94.6975656604
  [9,2,577] 78.6653960000
  [9,2,578] 78.6653960000
  [9,2,579] 78.6653960000
  [9,2,580] 94.6975656604
  [9,2,581] 78.6653960000
  [9,2,582] 78.6653960000
  [9,2,583] 78.6653960000
  [9,2,584] 94.6975656604
  [9,2,585] 94.6975656604
  [9,2,586] 78.6653960000
  [9,2,587] 78.6653960000
  [9,2,588] 94.6975656604
  [9,2,589] 78.6653960000
  [9,2,590] 78.6653960000
  [9,2,591] 78.6653960000
  [9,2,592] 94.6975656604
  [9,2,593] 78.6653960000
  [9,2,594] 78.6653960000
  [9,2,595] 78.6653960000
  [9,2,596] 94.6975656604
  [9,2,597] 78.6653960000
  [9,2,598] 78.6653960000
  [9,2,599] 78.6653960000
  [9,2,600] 94.6975656604
  [9,2,601] 94.6975656604
  [9,2,602] 78.6653960000
  [9,2,603] 78.6653960000
  [9,2,604] 94.6975656604
  [9,2,605] 78.6653960000
  [9,2,606] 78.6653960000
  [9,2,607] 78.6653960000
  [9,2,608] 94.6975656604
  [9,2,609] 78.6653960000
  [9,2,610] 78.6653960000
  [9,2,611] 78.6653960000
  [9,2,612] 94.6975656604
  [9,2,613] 78.6653960000
  [9,2,614] 78.6653960000
  [9,2,615] 78.6653960000
  [9,2,616] 94.6975656604
  [9,2,617] 94.6975656604
  [9,2,618] 78.6653960000
  [9,2,619] 78.6653960000
  [9,2,620] 94.6975656604
  [9,2,621] 78.6653960000
  [9,2,622] 78.6653960000
  [9,2,623] 78.6653960000
  [9,2,624] 94.6975656604
  [9,2,625] 78.6653960000
  [9,2,626] 78.6653960000
  [9,2,627] 78.6653960000
  [9,2,628] 94.6975656604
  [9,2,629] 78.6653960000
  [9,2,630] 78.6653960000
  [9,2,631] 78.6653960000
  [9,2,632] 94.6975656604
  [9,2,633] 94.6975656604
  [9,2,634] 78.6653960000
  [9,2,635] 78.6653960000
  [9,2,636] 94.6975656604
  [9,2,637] 78.6653960000
  [9,2,638] 78.6653960000
  [9,2,639] 78.6653960000
  [9,2,640] 94.6975656604
  [9,2,641] 78.6653960000
  [9,2,642] 78.6653960000
  [9,2,643] 78.6653960000
  [9,2,644] 94.6975656604
  [9,2,645] 78.6653960000
  [9,2,646] 78.6653960000
  [9,2,647] 78.6653960000
  [9,2,648] 94.6975656604
  [9,2,649] 94.6975656604
  [9,2,650] 78.6653960000
  [9,2,651] 78.6653960000
  [9,2,652] 94.6975656604
  [9,2,653] 78.6653960000
  [9,2,654] 78.6653960000
  [9,2,655] 78.6653960000
  [9,2,656] 94.6975656604
  [9,2,657] 78.6653960000
  [9,2,658] 78.6653960000
  [9,2,659] 78.6653960000
  [9,2,660] 94.6975656604
  [9,2,661] 78.6653960000
  [9,2,662] 78.6653960000
  [9,2,663] 78.6653960000
  [9,2,664] 94.6975656604
  [9,2,665] 94.6975656604
  [9,2,666] 78.6653960000
  [9,2,667] 78.6653960000
  [9,2,668] 94.6975656604
  [9,2,669] 78.6653960000
  [9,2,670] 78.6653960000
  [9,2,671] 78.6653960000
  [9,2,672] 94.6975656604
  [9,2,673] 78.6653960000
  [9,2,674] 78.6653960000
  [9,2,675] 78.6653960000
  [9,2,676] 94.6975656604
  [9,2,677] 78.6653960000
  [9,2,678] 78.6653960000
  [9,2,679] 78.6653960000
  [9,2,680] 94.6975656604
  [9,2,681] 78.6653960000
  [9,2,682] 78.6653960000
  [9,2,683] 78.6653960000
  [9,2,684] 94.6975656604
  [9,2,685] 78.6653960000
  [9,2,686] 78.6653960000
  [9,2,687] 78.6653960000
  [9,2,688] 94.6975656604
  [9,2,689] 94.6975656604
  [9,2,690] 78.6653960000
  [9,2,691] 78.6653960000
  [9,2,692] 94.6975656604
  [9,2,693] 78.6653960000
  [9,2,694] 78.6653960000
  [9,2,695] 78.6653960000
  [9,2,696] 94.6975656604
  [9,2,697] 78.6653960000
  [9,2,698] 78.6653960000
  [9,2,699] 78.6653960000
  [9,2,700] 94.6975656604
  [9,2,701] 78.6653960000
  [9,2,702] 78.6653960000
  [9,2,703] 78.6653960000
  [9,2,704] 94.6975656604
  [9,2,705] 78.6653960000
  [9,2,706] 78.6653960000
  [9,2,707] 78.6653960000
  [9,2,708] 78.6653960000
  [9,2,709] 78.6653960000
  [9,2,710] 94.6975656604
  [9,2,711] 78.6653960000
  [9,2,712] 78.6653960000
  [9,2,713] 78.6653960000
  [9,2,714] 94.6975656604
  [9,2,715] 78.6653960000
  [9,2,716] 78.6653960000
  [9,2,717] 78.6653960000
  [9,2,718] 78.6653960000
  [9,2,719] 78.6653960000
  [9,2,720] 78.6653960000
  [9,3,1] 94.3696907667
  [9,3,2] 78.6653960000
  [9,3,3] 78.6653960000
  [9,3,4] 94.6975656604
  [9,3,5] 78.6653960000
  [9,3,6] 78.6653960000
  [9,3,7] 94.6975656604
  [9,3,8] 78.6653960000
  [9,3,9] 78.6653960000
  [9,3,10] 78.6653960000
  [9,3,11] 78.6653960000
  [9,3,12] 94.6975656604
  [9,3,13] 78.6653960000
  [9,3,14] 78.6653960000
  [9,3,15] 94.6975656604
  [9,3,16] 94.6975656604
  [9,3,17] 78.6653960000
  [9,3,18] 78.6653960000
  [9,3,19] 94.6975656604
  [9,3,20] 78.6653960000
  [9,3,21] 78.6653960000
  [9,3,22] 78.6653960000
  [9,3,23] 94.6975656604
  [9,3,24] 94.6975656604
  [9,3,25] 78.6653960000
  [9,3,26] 78.6653960000
  [9,3,27] 94.6975656604
  [9,3,28] 78.6653960000
  [9,3,29] 78.6653960000
  [9,3,30] 78.6653960000
  [9,3,31] 94.6975656604
  [9,3,32] 78.6653960000
  [9,3,33] 78.6653960000
  [9,3,34] 78.6653960000
  [9,3,35] 94.6975656604
  [9,3,36] 78.6653960000
  [9,3,37] 78.6653960000
  [9,3,38] 78.6653960000
  [9,3,39] 94.6975656604
  [9,3,40] 94.6975656604
  [9,3,41] 78.6653960000
  [9,3,42] 78.6653960000
  [9,3,43] 94.6975656604
  [9,3,44] 78.6653960000
  [9,3,45] 78.6653960000
  [9,3,46] 78.6653960000
  [9,3,47] 94.6975656604
  [9,3,48] 78.6653960000
  [9,3,49] 78.6653960000
  [9,3,50] 78.6653960000
  [9,3,51] 94.6975656604
  [9,3,52] 78.6653960000
  [9,3,53] 78.6653960000
  [9,3,54] 78.6653960000
  [9,3,55] 94.6975656604
  [9,3,56] 94.6975656604
  [9,3,57] 78.6653960000
  [9,3,58] 78.6653960000
  [9,3,59] 94.6975656604
  [9,3,60] 78.6653960000
  [9,3,61] 78.6653960000
  [9,3,62] 78.6653960000
  [9,3,63] 94.6975656604
  [9,3,64] 78.6653960000
  [9,3,65] 78.6653960000
  [9,3,66] 78.6653960000
  [9,3,67] 94.6975656604
  [9,3,68] 78.6653960000
  [9,3,69] 78.6653960000
  [9,3,70] 78.6653960000
  [9,3,71] 94.6975656604
  [9,3,72] 94.6975656604
  [9,3,73] 78.6653960000
  [9,3,74] 78.6653960000
  [9,3,75] 94.6975656604
  [9,3,76] 78.6653960000
  [9,3,77] 78.6653960000
  [9,3,78] 78.6653960000
  [9,3,79] 94.6975656604
  [9,3,80] 78.6653960000
  [9,3,81] 78.6653960000
  [9,3,82] 78.6653960000
  [9,3,83] 94.6975656604
  [9,3,84] 78.6653960000
  [9,3,85] 78.6653960000
  [9,3,86] 78.6653960000
  [9,3,87] 94.6975656604
  [9,3,88] 94.6975656604
  [9,3,89] 78.6653960000
  [9,3,90] 78.6653960000
  [9,3,91] 94.6975656604
  [9,3,92] 94.6975656604
  [9,3,93] 78.6653960000
  [9,3,94] 78.6653960000
  [9,3,95] 94.6975656604
  [9,3,96] 78.6653960000
  [9,3,97] 78.6653960000
  [9,3,98] 78.6653960000
  [9,3,99] 94.6975656604
  [9,3,100] 78.6653960000
  [9,3,101] 78.6653960000
  [9,3,102] 78.6653960000
  [9,3,103] 94.6975656604
  [9,3,104] 78.6653960000
  [9,3,105] 78.6653960000
  [9,3,106] 78.6653960000
  [9,3,107] 94.6975656604
  [9,3,108] 94.6975656604
  [9,3,109] 78.6653960000
  [9,3,110] 78.6653960000
  [9,3,111] 94.6975656604
  [9,3,112] 78.6653960000
  [9,3,113] 78.6653960000
  [9,3,114] 78.6653960000
  [9,3,115] 94.6975656604
  [9,3,116] 78.6653960000
  [9,3,117] 78.6653960000
  [9,3,118] 78.6653960000
  [9,3,119] 94.6975656604
  [9,3,120] 78.6653960000
  [9,3,121] 78.6653960000
  [9,3,122] 78.6653960000
  [9,3,123] 94.6975656604
  [9,3,124] 94.6975656604
  [9,3,125] 78.6653960000
  [9,3,126] 78.6653960000
  [9,3,127] 78.6653960000
  [9,3,128] 80.8671886755
  [9,3,129] 78.2449498700
  [9,3,130] 78.6653960000
  [9,3,131] 78.6653960000
  [9,3,132] 78.6653960000
  [9,3,133] 94.6975656604
  [9,3,134] 94.6975656604
  [9,3,135] 78.6653960000
  [9,3,136] 78.6653960000
  [9,3,137] 94.6975656604
  [9,3,138] 78.6653960000
  [9,3,139] 78.6653960000
  [9,3,140] 78.6653960000
  [9,3,141] 94.6975656604
  [9,3,142] 78.6653960000
  [9,3,143] 78.6653960000
  [9,3,144] 78.6653960000
  [9,3,145] 94.6975656604
  [9,3,146] 78.6653960000
  [9,3,147] 78.6653960000
  [9,3,148] 78.6653960000
  [9,3,149] 94.6975656604
  [9,3,150] 94.6975656604
  [9,3,151] 78.6653960000
  [9,3,152] 78.6653960000
  [9,3,153] 94.6975656604
  [9,3,154] 78.6653960000
  [9,3,155] 78.6653960000
  [9,3,156] 78.6653960000
  [9,3,157] 94.6975656604
  [9,3,158] 78.6653960000
  [9,3,159] 78.6653960000
  [9,3,160] 78.6653960000
  [9,3,161] 94.6975656604
  [9,3,162] 78.6653960000
  [9,3,163] 78.6653960000
  [9,3,164] 78.6653960000
  [9,3,165] 94.6975656604
  [9,3,166] 94.6975656604
  [9,3,167] 78.6653960000
  [9,3,168] 78.6653960000
  [9,3,169] 94.6975656604
  [9,3,170] 78.6653960000
  [9,3,171] 78.6653960000
  [9,3,172] 78.6653960000
  [9,3,173] 94.6975656604
  [9,3,174] 78.6653960000
  [9,3,175] 78.6653960000
  [9,3,176] 78.6653960000
  [9,3,177] 94.6975656604
  [9,3,178] 78.6653960000
  [9,3,179] 78.6653960000
  [9,3,180] 78.6653960000
  [9,3,181] 94.6975656604
  [9,3,182] 94.6975656604
  [9,3,183] 78.6653960000
  [9,3,184] 78.6653960000
  [9,3,185] 94.6975656604
  [9,3,186] 78.6653960000
  [9,3,187] 78.6653960000
  [9,3,188] 78.6653960000
  [9,3,189] 94.6975656604
  [9,3,190] 78.6653960000
  [9,3,191] 78.6653960000
  [9,3,192] 78.6653960000
  [9,3,193] 94.6975656604
  [9,3,194] 78.6653960000
  [9,3,195] 78.6653960000
  [9,3,196] 78.6653960000
  [9,3,197] 94.6975656604
  [9,3,198] 94.6975656604
  [9,3,199] 78.6653960000
  [9,3,200] 78.6653960000
  [9,3,201] 94.6975656604
  [9,3,202] 78.6653960000
  [9,3,203] 78.6653960000
  [9,3,204] 78.6653960000
  [9,3,205] 94.6975656604
  [9,3,206] 78.6653960000
  [9,3,207] 78.6653960000
  [9,3,208] 78.6653960000
  [9,3,209] 94.6975656604
  [9,3,210] 78.6653960000
  [9,3,211] 78.6653960000
  [9,3,212] 78.6653960000
  [9,3,213] 94.6975656604
  [9,3,214] 78.6653960000
  [9,3,215] 78.6653960000
  [9,3,216] 78.6653960000
  [9,3,217] 94.6975656604
  [9,3,218] 94.6975656604
  [9,3,219] 78.6653960000
  [9,3,220] 78.6653960000
  [9,3,221] 94.6975656604
  [9,3,222] 94.6975656604
  [9,3,223] 78.6653960000
  [9,3,224] 78.6653960000
  [9,3,225] 94.6975656604
  [9,3,226] 78.6653960000
  [9,3,227] 78.6653960000
  [9,3,228] 78.6653960000
  [9,3,229] 94.6975656604
  [9,3,230] 78.6653960000
  [9,3,231] 78.6653960000
  [9,3,232] 78.6653960000
  [9,3,233] 94.6975656604
  [9,3,234] 78.6653960000
  [9,3,235] 78.6653960000
  [9,3,236] 78.6653960000
  [9,3,237] 94.6975656604
  [9,3,238] 94.6975656604
  [9,3,239] 78.6653960000
  [9,3,240] 78.6653960000
  [9,3,241] 94.6975656604
  [9,3,242] 78.6653960000
  [9,3,243] 78.6653960000
  [9,3,244] 78.6653960000
  [9,3,245] 94.6975656604
  [9,3,246] 78.6653960000
  [9,3,247] 78.6653960000
  [9,3,248] 78.6653960000
  [9,3,249] 89.8630680244
  [9,3,250] 78.6653960000
  [9,3,251] 78.6653960000
  [9,3,252] 94.6975656604
  [9,3,253] 78.6653960000
  [9,3,254] 78.6653960000
  [9,3,255] 78.6653960000
  [9,3,256] 94.6975656604
  [9,3,257] 78.6653960000
  [9,3,258] 78.6653960000
  [9,3,259] 78.6653960000
  [9,3,260] 94.6975656604
  [9,3,261] 94.6975656604
  [9,3,262] 78.6653960000
  [9,3,263] 78.6653960000
  [9,3,264] 94.6975656604
  [9,3,265] 78.6653960000
  [9,3,266] 78.6653960000
  [9,3,267] 78.6653960000
  [9,3,268] 94.6975656604
  [9,3,269] 78.6653960000
  [9,3,270] 78.6653960000
  [9,3,271] 78.6653960000
  [9,3,272] 94.6975656604
  [9,3,273] 78.6653960000
  [9,3,274] 78.6653960000
  [9,3,275] 78.6653960000
  [9,3,276] 94.6975656604
  [9,3,277] 78.6653960000
  [9,3,278] 78.6653960000
  [9,3,279] 78.6653960000
  [9,3,280] 94.6975656604
  [9,3,281] 94.6975656604
  [9,3,282] 78.6653960000
  [9,3,283] 78.6653960000
  [9,3,284] 94.6975656604
  [9,3,285] 78.6653960000
  [9,3,286] 78.6653960000
  [9,3,287] 78.6653960000
  [9,3,288] 94.6975656604
  [9,3,289] 78.6653960000
  [9,3,290] 78.6653960000
  [9,3,291] 78.6653960000
  [9,3,292] 94.6975656604
  [9,3,293] 78.6653960000
  [9,3,294] 78.6653960000
  [9,3,295] 78.6653960000
  [9,3,296] 94.6975656604
  [9,3,297] 78.6653960000
  [9,3,298] 78.6653960000
  [9,3,299] 78.6653960000
  [9,3,300] 94.6975656604
  [9,3,301] 94.6975656604
  [9,3,302] 78.6653960000
  [9,3,303] 78.6653960000
  [9,3,304] 94.6975656604
  [9,3,305] 78.6653960000
  [9,3,306] 78.6653960000
  [9,3,307] 78.6653960000
  [9,3,308] 94.6975656604
  [9,3,309] 78.6653960000
  [9,3,310] 78.6653960000
  [9,3,311] 78.6653960000
  [9,3,312] 94.6975656604
  [9,3,313] 78.6653960000
  [9,3,314] 78.6653960000
  [9,3,315] 78.6653960000
  [9,3,316] 94.6975656604
  [9,3,317] 78.6653960000
  [9,3,318] 78.6653960000
  [9,3,319] 78.6653960000
  [9,3,320] 94.6975656604
  [9,3,321] 94.6975656604
  [9,3,322] 78.6653960000
  [9,3,323] 78.6653960000
  [9,3,324] 94.6975656604
  [9,3,325] 78.6653960000
  [9,3,326] 78.6653960000
  [9,3,327] 78.6653960000
  [9,3,328] 94.6975656604
  [9,3,329] 78.6653960000
  [9,3,330] 78.6653960000
  [9,3,331] 78.6653960000
  [9,3,332] 94.6975656604
  [9,3,333] 78.6653960000
  [9,3,334] 78.6653960000
  [9,3,335] 78.6653960000
  [9,3,336] 94.6975656604
  [9,3,337] 78.6653960000
  [9,3,338] 78.6653960000
  [9,3,339] 78.6653960000
  [9,3,340] 94.6975656604
  [9,3,341] 94.6975656604
  [9,3,342] 78.6653960000
  [9,3,343] 78.6653960000
  [9,3,344] 94.6975656604
  [9,3,345] 94.6975656604
  [9,3,346] 78.6653960000
  [9,3,347] 78.6653960000
  [9,3,348] 94.6975656604
  [9,3,349] 78.6653960000
  [9,3,350] 78.6653960000
  [9,3,351] 78.6653960000
  [9,3,352] 94.6975656604
  [9,3,353] 78.6653960000
  [9,3,354] 78.6653960000
  [9,3,355] 78.6653960000
  [9,3,356] 94.6975656604
  [9,3,357] 94.6975656604
  [9,3,358] 78.6653960000
  [9,3,359] 78.6653960000
  [9,3,360] 94.6975656604
  [9,3,361] 78.6653960000
  [9,3,362] 78.6653960000
  [9,3,363] 78.6653960000
  [9,3,364] 94.6975656604
  [9,3,365] 78.6653960000
  [9,3,366] 78.6653960000
  [9,3,367] 78.6653960000
  [9,3,368] 94.6975656604
  [9,3,369] 78.6653960000
  [9,3,370] 78.6653960000
  [9,3,371] 78.6653960000
  [9,3,372] 94.6975656604
  [9,3,373] 94.6975656604
  [9,3,374] 78.6653960000
  [9,3,375] 78.6653960000
  [9,3,376] 94.6975656604
  [9,3,377] 78.6653960000
  [9,3,378] 78.6653960000
  [9,3,379] 78.6653960000
  [9,3,380] 94.6975656604
  [9,3,381] 78.6653960000
  [9,3,382] 78.6653960000
  [9,3,383] 78.6653960000
  [9,3,384] 94.6975656604
  [9,3,385] 78.6653960000
  [9,3,386] 78.6653960000
  [9,3,387] 78.6653960000
  [9,3,388] 94.6975656604
  [9,3,389] 94.6975656604
  [9,3,390] 78.6653960000
  [9,3,391] 78.6653960000
  [9,3,392] 94.6975656604
  [9,3,393] 78.6653960000
  [9,3,394] 78.6653960000
  [9,3,395] 78.6653960000
  [9,3,396] 94.6975656604
  [9,3,397] 78.6653960000
  [9,3,398] 78.6653960000
  [9,3,399] 78.6653960000
  [9,3,400] 94.6975656604
  [9,3,401] 78.6653960000
  [9,3,402] 78.6653960000
  [9,3,403] 78.6653960000
  [9,3,404] 94.6975656604
  [9,3,405] 78.6653960000
  [9,3,406] 78.6653960000
  [9,3,407] 78.6653960000
  [9,3,408] 94.6975656604
  [9,3,409] 94.6975656604
  [9,3,410] 78.6653960000
  [9,3,411] 78.6653960000
  [9,3,412] 94.6975656604
  [9,3,413] 78.6653960000
  [9,3,414] 78.6653960000
  [9,3,415] 78.6653960000
  [9,3,416] 94.6975656604
  [9,3,417] 78.6653960000
  [9,3,418] 78.6653960000
  [9,3,419] 78.6653960000
  [9,3,420] 94.6975656604
  [9,3,421] 78.6653960000
  [9,3,422] 78.6653960000
  [9,3,423] 78.6653960000
  [9,3,424] 94.6975656604
  [9,3,425] 94.6975656604
  [9,3,426] 78.6653960000
  [9,3,427] 78.6653960000
  [9,3,428] 94.6975656604
  [9,3,429] 78.6653960000
  [9,3,430] 78.6653960000
  [9,3,431] 78.6653960000
  [9,3,432] 94.6975656604
  [9,3,433] 78.6653960000
  [9,3,434] 78.6653960000
  [9,3,435] 78.6653960000
  [9,3,436] 94.6975656604
  [9,3,437] 78.6653960000
  [9,3,438] 78.6653960000
  [9,3,439] 78.6653960000
  [9,3,440] 94.6975656604
  [9,3,441] 94.6975656604
  [9,3,442] 78.6653960000
  [9,3,443] 78.6653960000
  [9,3,444] 94.6975656604
  [9,3,445] 78.6653960000
  [9,3,446] 78.6653960000
  [9,3,447] 78.6653960000
  [9,3,448] 94.6975656604
  [9,3,449] 78.6653960000
  [9,3,450] 78.6653960000
  [9,3,451] 78.6653960000
  [9,3,452] 94.6975656604
  [9,3,453] 78.6653960000
  [9,3,454] 78.6653960000
  [9,3,455] 78.6653960000
  [9,3,456] 94.6975656604
  [9,3,457] 94.6975656604
  [9,3,458] 78.6653960000
  [9,3,459] 78.6653960000
  [9,3,460] 94.6975656604
  [9,3,461] 78.6653960000
  [9,3,462] 78.6653960000
  [9,3,463] 78.6653960000
  [9,3,464] 94.6975656604
  [9,3,465] 78.6653960000
  [9,3,466] 78.6653960000
  [9,3,467] 78.6653960000
  [9,3,468] 94.6975656604
  [9,3,469] 78.6653960000
  [9,3,470] 78.6653960000
  [9,3,471] 78.6653960000
  [9,3,472] 94.6975656604
  [9,3,473] 94.6975656604
  [9,3,474] 78.6653960000
  [9,3,475] 78.6653960000
  [9,3,476] 94.6975656604
  [9,3,477] 78.6653960000
  [9,3,478] 78.6653960000
  [9,3,479] 78.6653960000
  [9,3,480] 94.6975656604
  [9,3,481] 78.6653960000
  [9,3,482] 78.6653960000
  [9,3,483] 78.6653960000
  [9,3,484] 94.6975656604
  [9,3,485] 78.6653960000
  [9,3,486] 78.6653960000
  [9,3,487] 78.6653960000
  [9,3,488] 94.6975656604
  [9,3,489] 78.6653960000
  [9,3,490] 78.6653960000
  [9,3,491] 78.6653960000
  [9,3,492] 94.6975656604
  [9,3,493] 94.6975656604
  [9,3,494] 78.6653960000
  [9,3,495] 78.6653960000
  [9,3,496] 94.6975656604
  [9,3,497] 78.6653960000
  [9,3,498] 78.6653960000
  [9,3,499] 78.6653960000
  [9,3,500] 94.6975656604
  [9,3,501] 78.6653960000
  [9,3,502] 78.6653960000
  [9,3,503] 78.6653960000
  [9,3,504] 94.6975656604
  [9,3,505] 78.6653960000
  [9,3,506] 78.6653960000
  [9,3,507] 78.6653960000
  [9,3,508] 94.6975656604
  [9,3,509] 78.6653960000
  [9,3,510] 78.6653960000
  [9,3,511] 78.6653960000
  [9,3,512] 94.6975656604
  [9,3,513] 94.6975656604
  [9,3,514] 78.6653960000
  [9,3,515] 78.6653960000
  [9,3,516] 94.6975656604
  [9,3,517] 78.6653960000
  [9,3,518] 78.6653960000
  [9,3,519] 78.6653960000
  [9,3,520] 94.6975656604
  [9,3,521] 78.6653960000
  [9,3,522] 78.6653960000
  [9,3,523] 78.6653960000
  [9,3,524] 94.6975656604
  [9,3,525] 78.6653960000
  [9,3,526] 78.6653960000
  [9,3,527] 78.6653960000
  [9,3,528] 94.6975656604
  [9,3,529] 78.6653960000
  [9,3,530] 78.6653960000
  [9,3,531] 78.6653960000
  [9,3,532] 94.6975656604
  [9,3,533] 94.6975656604
  [9,3,534] 78.6653960000
  [9,3,535] 78.6653960000
  [9,3,536] 94.6975656604
  [9,3,537] 94.6975656604
  [9,3,538] 78.6653960000
  [9,3,539] 78.6653960000
  [9,3,540] 94.6975656604
  [9,3,541] 78.6653960000
  [9,3,542] 78.6653960000
  [9,3,543] 78.6653960000
  [9,3,544] 94.6975656604
  [9,3,545] 78.6653960000
  [9,3,546] 78.6653960000
  [9,3,547] 78.6653960000
  [9,3,548] 94.6975656604
  [9,3,549] 78.6653960000
  [9,3,550] 78.6653960000
  [9,3,551] 78.6653960000
  [9,3,552] 94.6975656604
  [9,3,553] 94.6975656604
  [9,3,554] 78.6653960000
  [9,3,555] 78.6653960000
  [9,3,556] 94.6975656604
  [9,3,557] 78.6653960000
  [9,3,558] 78.6653960000
  [9,3,559] 78.6653960000
  [9,3,560] 94.6975656604
  [9,3,561] 78.6653960000
  [9,3,562] 78.6653960000
  [9,3,563] 78.6653960000
  [9,3,564] 94.6975656604
  [9,3,565] 78.6653960000
  [9,3,566] 78.6653960000
  [9,3,567] 78.6653960000
  [9,3,568] 94.6975656604
  [9,3,569] 78.6653960000
  [9,3,570] 78.6653960000
  [9,3,571] 78.6653960000
  [9,3,572] 94.6975656604
  [9,3,573] 94.6975656604
  [9,3,574] 78.6653960000
  [9,3,575] 78.6653960000
  [9,3,576] 94.6975656604
  [9,3,577] 78.6653960000
  [9,3,578] 78.6653960000
  [9,3,579] 78.6653960000
  [9,3,580] 94.6975656604
  [9,3,581] 78.6653960000
  [9,3,582] 78.6653960000
  [9,3,583] 78.6653960000
  [9,3,584] 94.6975656604
  [9,3,585] 78.6653960000
  [9,3,586] 78.6653960000
  [9,3,587] 78.6653960000
  [9,3,588] 94.6975656604
  [9,3,589] 94.6975656604
  [9,3,590] 78.6653960000
  [9,3,591] 78.6653960000
  [9,3,592] 94.6975656604
  [9,3,593] 78.6653960000
  [9,3,594] 78.6653960000
  [9,3,595] 78.6653960000
  [9,3,596] 94.6975656604
  [9,3,597] 78.6653960000
  [9,3,598] 78.6653960000
  [9,3,599] 78.6653960000
  [9,3,600] 94.6975656604
  [9,3,601] 78.6653960000
  [9,3,602] 78.6653960000
  [9,3,603] 78.6653960000
  [9,3,604] 94.6975656604
  [9,3,605] 94.6975656604
  [9,3,606] 78.6653960000
  [9,3,607] 78.6653960000
  [9,3,608] 94.6975656604
  [9,3,609] 78.6653960000
  [9,3,610] 78.6653960000
  [9,3,611] 78.6653960000
  [9,3,612] 94.6975656604
  [9,3,613] 78.6653960000
  [9,3,614] 78.6653960000
  [9,3,615] 78.6653960000
  [9,3,616] 94.6975656604
  [9,3,617] 78.6653960000
  [9,3,618] 78.6653960000
  [9,3,619] 78.6653960000
  [9,3,620] 94.6975656604
  [9,3,621] 94.6975656604
  [9,3,622] 78.6653960000
  [9,3,623] 78.6653960000
  [9,3,624] 94.6975656604
  [9,3,625] 78.6653960000
  [9,3,626] 78.6653960000
  [9,3,627] 78.6653960000
  [9,3,628] 94.6975656604
  [9,3,629] 78.6653960000
  [9,3,630] 78.6653960000
  [9,3,631] 78.6653960000
  [9,3,632] 94.6975656604
  [9,3,633] 78.6653960000
  [9,3,634] 78.6653960000
  [9,3,635] 78.6653960000
  [9,3,636] 94.6975656604
  [9,3,637] 94.6975656604
  [9,3,638] 78.6653960000
  [9,3,639] 78.6653960000
  [9,3,640] 94.6975656604
  [9,3,641] 78.6653960000
  [9,3,642] 78.6653960000
  [9,3,643] 78.6653960000
  [9,3,644] 94.6975656604
  [9,3,645] 78.6653960000
  [9,3,646] 78.6653960000
  [9,3,647] 78.6653960000
  [9,3,648] 94.6975656604
  [9,3,649] 78.6653960000
  [9,3,650] 78.6653960000
  [9,3,651] 78.6653960000
  [9,3,652] 94.6975656604
  [9,3,653] 94.6975656604
  [9,3,654] 78.6653960000
  [9,3,655] 78.6653960000
  [9,3,656] 94.6975656604
  [9,3,657] 78.6653960000
  [9,3,658] 78.6653960000
  [9,3,659] 78.6653960000
  [9,3,660] 94.6975656604
  [9,3,661] 78.6653960000
  [9,3,662] 78.6653960000
  [9,3,663] 78.6653960000
  [9,3,664] 94.6975656604
  [9,3,665] 78.6653960000
  [9,3,666] 78.6653960000
  [9,3,667] 78.6653960000
  [9,3,668] 94.6975656604
  [9,3,669] 94.6975656604
  [9,3,670] 78.6653960000
  [9,3,671] 78.6653960000
  [9,3,672] 94.6975656604
  [9,3,673] 78.6653960000
  [9,3,674] 78.6653960000
  [9,3,675] 78.6653960000
  [9,3,676] 94.6975656604
  [9,3,677] 78.6653960000
  [9,3,678] 78.6653960000
  [9,3,679] 78.6653960000
  [9,3,680] 94.6975656604
  [9,3,681] 78.6653960000
  [9,3,682] 78.6653960000
  [9,3,683] 78.6653960000
  [9,3,684] 94.6975656604
  [9,3,685] 78.6653960000
  [9,3,686] 78.6653960000
  [9,3,687] 78.6653960000
  [9,3,688] 94.6975656604
  [9,3,689] 94.6975656604
  [9,3,690] 78.6653960000
  [9,3,691] 78.6653960000
  [9,3,692] 94.6975656604
  [9,3,693] 78.6653960000
  [9,3,694] 78.6653960000
  [9,3,695] 78.6653960000
  [9,3,696] 94.6975656604
  [9,3,697] 78.6653960000
  [9,3,698] 78.6653960000
  [9,3,699] 78.6653960000
  [9,3,700] 94.6975656604
  [9,3,701] 78.6653960000
  [9,3,702] 78.6653960000
  [9,3,703] 78.6653960000
  [9,3,704] 94.6975656604
  [9,3,705] 78.6653960000
  [9,3,706] 78.6653960000
  [9,3,707] 94.6975656604
  [9,3,708] 78.6653960000
  [9,3,709] 78.6653960000
  [9,3,710] 94.6975656604
  [9,3,711] 78.6653960000
  [9,3,712] 78.6653960000
  [9,3,713] 78.6653960000
  [9,3,714] 94.6975656604
  [9,3,715] 78.6653960000
  [9,3,716] 78.6653960000
  [9,3,717] 78.6653960000
  [9,3,718] 94.6975656604
  [9,3,719] 78.6653960000
  [9,3,720] 78.6653960000
;

param BASE_H2PROD :=
  [3,1,1] 1745.7945000000
  [3,1,2] 1745.7945000000
  [3,1,3] 1745.7945000000
  [3,1,4] 1460.8376149397
  [3,1,5] 1083.5157352552
  [3,1,6] 857.6023827965
  [3,1,7] 1031.9129218750
  [3,1,8] 1399.1048272456
  [3,1,9] 1627.9510178794
  [3,1,10] 1745.7945000000
  [3,1,11] 1745.7945000000
  [3,1,12] 1745.7945000000
  [3,1,13] 1745.7945000000
  [3,1,14] 1745.7945000000
  [3,1,15] 1745.7945000000
  [3,1,16] 1745.7945000000
  [3,1,17] 1745.7945000000
  [3,1,18] 1745.7945000000
  [3,1,19] 1745.7945000000
  [3,1,20] 1745.7945000000
  [3,1,21] 1745.7945000000
  [3,1,22] 1745.7945000000
  [3,1,23] 1745.7945000000
  [3,1,24] 1745.7945000000
  [3,1,25] 1745.7945000000
  [3,1,26] 1745.7945000000
  [3,1,27] 1745.7945000000
  [3,1,28] 1745.7945000000
  [3,1,29] 1745.7945000000
  [3,1,30] 1745.7945000000
  [3,1,31] 1627.9510178794
  [3,1,32] 1331.1987607821
  [3,1,33] 1109.3171419453
  [3,1,34] 1342.8430381783
  [3,1,35] 1745.7945000000
  [3,1,36] 1745.7945000000
  [3,1,37] 1745.7945000000
  [3,1,38] 1745.7945000000
  [3,1,39] 1745.7945000000
  [3,1,40] 1745.7945000000
  [3,1,41] 1745.7945000000
  [3,1,42] 1745.7945000000
  [3,1,43] 1745.7945000000
  [3,1,44] 1745.7945000000
  [3,1,45] 1745.7945000000
  [3,1,46] 1745.7945000000
  [3,1,47] 1745.7945000000
  [3,1,48] 1745.7945000000
  [3,1,49] 1745.7945000000
  [3,1,50] 1745.7945000000
  [3,1,51] 1745.7945000000
  [3,1,52] 1745.7945000000
  [3,1,53] 1745.7945000000
  [3,1,54] 1704.9423257316
  [3,1,55] 1663.4854676573
  [3,1,56] 1586.4941598051
  [3,1,57] 1584.0020745709
  [3,1,58] 1745.7945000000
  [3,1,59] 1745.7945000000
  [3,1,60] 1745.7945000000
  [3,1,61] 1745.7945000000
  [3,1,62] 1745.7945000000
  [3,1,63] 1745.7945000000
  [3,1,64] 1745.7945000000
  [3,1,65] 1745.7945000000
  [3,1,66] 1745.7945000000
  [3,1,67] 1745.7945000000
  [3,1,68] 1745.7945000000
  [3,1,69] 1745.7945000000
  [3,1,70] 1745.7945000000
  [3,1,71] 1745.7945000000
  [3,1,72] 1745.7945000000
  [3,1,73] 1745.7945000000
  [3,1,74] 1745.7945000000
  [3,1,75] 1745.7945000000
  [3,1,76] 1745.7945000000
  [3,1,77] 1745.7945000000
  [3,1,78] 1745.7945000000
  [3,1,79] 1745.7945000000
  [3,1,80] 1745.7945000000
  [3,1,81] 1600.6258584391
  [3,1,82] 1745.7945000000
  [3,1,83] 1745.7945000000
  [3,1,84] 1745.7945000000
  [3,1,85] 1745.7945000000
  [3,1,86] 1745.7945000000
  [3,1,87] 1745.7945000000
  [3,1,88] 1745.7945000000
  [3,1,89] 1745.7945000000
  [3,1,90] 1745.7945000000
  [3,1,91] 1745.7945000000
  [3,1,92] 1745.7945000000
  [3,1,93] 1745.7945000000
  [3,1,94] 1745.7945000000
  [3,1,95] 1745.7945000000
  [3,1,96] 1745.7945000000
  [3,1,97] 1745.7945000000
  [3,1,98] 1745.7945000000
  [3,1,99] 1745.7945000000
  [3,1,100] 1745.7945000000
  [3,1,101] 1745.7945000000
  [3,1,102] 1745.7945000000
  [3,1,103] 1745.7945000000
  [3,1,104] 1745.7945000000
  [3,1,105] 1745.7945000000
  [3,1,106] 1745.7945000000
  [3,1,107] 1745.7945000000
  [3,1,108] 1745.7945000000
  [3,1,109] 1745.7945000000
  [3,1,110] 1745.7945000000
  [3,1,111] 1745.7945000000
  [3,1,112] 1745.7945000000
  [3,1,113] 1745.7945000000
  [3,1,114] 1745.7945000000
  [3,1,115] 1745.7945000000
  [3,1,116] 1745.7945000000
  [3,1,117] 1745.7945000000
  [3,1,118] 1745.7945000000
  [3,1,119] 1745.7945000000
  [3,1,120] 1745.7945000000
  [3,1,121] 1745.7945000000
  [3,1,122] 1745.7945000000
  [3,1,123] 1745.7945000000
  [3,1,124] 1745.7945000000
  [3,1,125] 1745.7945000000
  [3,1,126] 1745.7945000000
  [3,1,127] 1745.7945000000
  [3,1,128] 1745.7945000000
  [3,1,129] 1745.7945000000
  [3,1,130] 1745.7945000000
  [3,1,131] 1745.7945000000
  [3,1,132] 1745.7945000000
  [3,1,133] 1745.7945000000
  [3,1,134] 1745.7945000000
  [3,1,135] 1745.7945000000
  [3,1,136] 1745.7945000000
  [3,1,137] 1745.7945000000
  [3,1,138] 1745.7945000000
  [3,1,139] 1745.7945000000
  [3,1,140] 1745.7945000000
  [3,1,141] 1745.7945000000
  [3,1,142] 1745.7945000000
  [3,1,143] 1745.7945000000
  [3,1,144] 1745.7945000000
  [3,1,145] 1745.7945000000
  [3,1,146] 1745.7945000000
  [3,1,147] 1745.7945000000
  [3,1,148] 1745.7945000000
  [3,1,149] 1745.7945000000
  [3,1,150] 1745.7945000000
  [3,1,151] 1663.4854676573
  [3,1,152] 1287.9858093963
  [3,1,153] 1019.0122185299
  [3,1,154] 1745.7945000000
  [3,1,155] 1745.7945000000
  [3,1,156] 1745.7945000000
  [3,1,157] 1745.7945000000
  [3,1,158] 1745.7945000000
  [3,1,159] 1745.7945000000
  [3,1,160] 1745.7945000000
  [3,1,161] 1745.7945000000
  [3,1,162] 1745.7945000000
  [3,1,163] 1745.7945000000
  [3,1,164] 1745.7945000000
  [3,1,165] 1745.7945000000
  [3,1,166] 1745.7945000000
  [3,1,167] 1745.7945000000
  [3,1,168] 1745.7945000000
  [3,1,169] 1745.7945000000
  [3,1,170] 1745.7945000000
  [3,1,171] 1745.7945000000
  [3,1,172] 1745.7945000000
  [3,1,173] 1745.7945000000
  [3,1,174] 1633.8734261757
  [3,1,175] 1417.6246635538
  [3,1,176] 1355.8918758598
  [3,1,177] 1326.2173586656
  [3,1,178] 1745.7945000000
  [3,1,179] 1745.7945000000
  [3,1,180] 1745.7945000000
  [3,1,181] 1745.7945000000
  [3,1,182] 1745.7945000000
  [3,1,183] 1745.7945000000
  [3,1,184] 1745.7945000000
  [3,1,185] 1745.7945000000
  [3,1,186] 1745.7945000000
  [3,1,187] 1745.7945000000
  [3,1,188] 1745.7945000000
  [3,1,189] 1745.7945000000
  [3,1,190] 1745.7945000000
  [3,1,191] 1745.7945000000
  [3,1,192] 1745.7945000000
  [3,1,193] 1745.7945000000
  [3,1,194] 1745.7945000000
  [3,1,195] 1745.7945000000
  [3,1,196] 1745.7945000000
  [3,1,197] 1745.7945000000
  [3,1,198] 1745.7945000000
  [3,1,199] 1745.7945000000
  [3,1,200] 1745.7945000000
  [3,1,201] 1405.2781060150
  [3,1,202] 1745.7945000000
  [3,1,203] 1745.7945000000
  [3,1,204] 1745.7945000000
  [3,1,205] 1745.7945000000
  [3,1,206] 1745.7945000000
  [3,1,207] 1745.7945000000
  [3,1,208] 1745.7945000000
  [3,1,209] 1745.7945000000
  [3,1,210] 1745.7945000000
  [3,1,211] 1745.7945000000
  [3,1,212] 1745.7945000000
  [3,1,213] 1745.7945000000
  [3,1,214] 1745.7945000000
  [3,1,215] 1745.7945000000
  [3,1,216] 1745.7945000000
  [3,1,217] 1604.2613846941
  [3,1,218] 1349.7185970904
  [3,1,219] 1148.0192519805
  [3,1,220] 1044.8136252200
  [3,1,221] 1019.0122185299
  [3,1,222] 1057.7143285651
  [3,1,223] 1096.4164386003
  [3,1,224] 1180.2710103431
  [3,1,225] 1025.4625702025
  [3,1,226] 792.6734097101
  [3,1,227] 1154.9178613075
  [3,1,228] 1517.0692110405
  [3,1,229] 1722.2433382675
  [3,1,230] 1625.9606050401
  [3,1,231] 1428.4466854248
  [3,1,232] 1225.6184767932
  [3,1,233] 1128.7030192383
  [3,1,234] 1119.9208413771
  [3,1,235] 1192.1511044522
  [3,1,236] 1262.6819105535
  [3,1,237] 1574.6493432124
  [3,1,238] 1745.7945000000
  [3,1,239] 1745.7945000000
  [3,1,240] 1745.7945000000
  [3,1,241] 1745.7945000000
  [3,1,242] 1745.7945000000
  [3,1,243] 1681.2526925463
  [3,1,244] 1497.6580353602
  [3,1,245] 1343.5453183210
  [3,1,246] 1257.1194155493
  [3,1,247] 1244.7728580105
  [3,1,248] 1244.7728580105
  [3,1,249] 1238.3241753959
  [3,1,250] 1516.1879418044
  [3,1,251] 1745.7945000000
  [3,1,252] 1745.7945000000
  [3,1,253] 1745.7945000000
  [3,1,254] 1745.7945000000
  [3,1,255] 1745.7945000000
  [3,1,256] 1745.7945000000
  [3,1,257] 1745.7945000000
  [3,1,258] 1745.7945000000
  [3,1,259] 1745.7945000000
  [3,1,260] 1745.7945000000
  [3,1,261] 1745.7945000000
  [3,1,262] 1745.7945000000
  [3,1,263] 1745.7945000000
  [3,1,264] 1745.7945000000
  [3,1,265] 1745.7945000000
  [3,1,266] 1745.7945000000
  [3,1,267] 1745.7945000000
  [3,1,268] 1745.7945000000
  [3,1,269] 1745.7945000000
  [3,1,270] 1745.7945000000
  [3,1,271] 1745.7945000000
  [3,1,272] 1745.7945000000
  [3,1,273] 1745.7945000000
  [3,1,274] 1745.7945000000
  [3,1,275] 1745.7945000000
  [3,1,276] 1745.7945000000
  [3,1,277] 1745.7945000000
  [3,1,278] 1745.7945000000
  [3,1,279] 1745.7945000000
  [3,1,280] 1745.7945000000
  [3,1,281] 1745.7945000000
  [3,1,282] 1745.7945000000
  [3,1,283] 1745.7945000000
  [3,1,284] 1745.7945000000
  [3,1,285] 1745.7945000000
  [3,1,286] 1745.7945000000
  [3,1,287] 1745.7945000000
  [3,1,288] 1745.7945000000
  [3,1,289] 1745.7945000000
  [3,1,290] 1745.7945000000
  [3,1,291] 1745.7945000000
  [3,1,292] 1745.7945000000
  [3,1,293] 1745.7945000000
  [3,1,294] 1681.2526925463
  [3,1,295] 1651.6406510647
  [3,1,296] 1627.9510178794
  [3,1,297] 1516.5687012699
  [3,1,298] 1745.7945000000
  [3,1,299] 1745.7945000000
  [3,1,300] 1745.7945000000
  [3,1,301] 1745.7945000000
  [3,1,302] 1426.4610322517
  [3,1,303] 1176.9546634585
  [3,1,304] 1069.8850303909
  [3,1,305] 1028.0850041078
  [3,1,306] 1016.2371997450
  [3,1,307] 1165.8393931441
  [3,1,308] 1694.5054471929
  [3,1,309] 1745.7945000000
  [3,1,310] 1745.7945000000
  [3,1,311] 1745.7945000000
  [3,1,312] 1745.7945000000
  [3,1,313] 1645.7182427684
  [3,1,314] 1604.2613846941
  [3,1,315] 1562.8045266198
  [3,1,316] 1411.4513847844
  [3,1,317] 1051.2639768926
  [3,1,318] 767.6695762691
  [3,1,319] 767.6695762691
  [3,1,320] 767.6695762691
  [3,1,321] 767.6695762691
  [3,1,322] 767.6695762691
  [3,1,323] 767.6695762691
  [3,1,324] 767.6695762691
  [3,1,325] 767.6695762691
  [3,1,326] 767.6695762691
  [3,1,327] 767.6695762691
  [3,1,328] 767.6695762691
  [3,1,329] 767.6695762691
  [3,1,330] 776.6512512460
  [3,1,331] 767.6695762691
  [3,1,332] 767.6695762691
  [3,1,333] 767.6695762691
  [3,1,334] 767.6695762691
  [3,1,335] 767.6695762691
  [3,1,336] 767.6695762691
  [3,1,337] 767.6695762691
  [3,1,338] 767.6695762691
  [3,1,339] 767.6695762691
  [3,1,340] 767.6695762691
  [3,1,341] 767.6695762691
  [3,1,342] 767.6695762691
  [3,1,343] 767.6695762691
  [3,1,344] 767.6695762691
  [3,1,345] 767.6695762691
  [3,1,346] 767.6695762691
  [3,1,347] 767.6695762691
  [3,1,348] 1182.4439203294
  [3,1,349] 1381.8398849629
  [3,1,350] 1448.5540747735
  [3,1,351] 1456.0107265733
  [3,1,352] 1362.7389557669
  [3,1,353] 1319.4951016311
  [3,1,354] 1478.0134845900
  [3,1,355] 1683.5692215079
  [3,1,356] 1724.5860262763
  [3,1,357] 1527.2700768418
  [3,1,358] 1231.8738237233
  [3,1,359] 1025.4625702025
  [3,1,360] 1002.9806498356
  [3,1,361] 884.6311943927
  [3,1,362] 973.4149002975
  [3,1,363] 767.6695762691
  [3,1,364] 767.6695762691
  [3,1,365] 767.6695762691
  [3,1,366] 767.6695762691
  [3,1,367] 767.6695762691
  [3,1,368] 767.6695762691
  [3,1,369] 767.6695762691
  [3,1,370] 767.6695762691
  [3,1,371] 897.2767411609
  [3,1,372] 1221.0181376439
  [3,1,373] 1558.7894035237
  [3,1,374] 1745.7945000000
  [3,1,375] 1745.7945000000
  [3,1,376] 1745.7945000000
  [3,1,377] 1745.7945000000
  [3,1,378] 1745.7945000000
  [3,1,379] 1745.7945000000
  [3,1,380] 1513.3732283208
  [3,1,381] 1337.3720395516
  [3,1,382] 1318.8522032433
  [3,1,383] 1193.1717136882
  [3,1,384] 1051.2639768926
  [3,1,385] 864.3595856955
  [3,1,386] 767.6695762691
  [3,1,387] 767.6695762691
  [3,1,388] 767.6695762691
  [3,1,389] 767.6695762691
  [3,1,390] 767.6695762691
  [3,1,391] 767.6695762691
  [3,1,392] 837.3307740993
  [3,1,393] 925.1744117871
  [3,1,394] 924.8739590081
  [3,1,395] 1474.8359547641
  [3,1,396] 1745.7945000000
  [3,1,397] 1745.7945000000
  [3,1,398] 1745.7945000000
  [3,1,399] 1745.7945000000
  [3,1,400] 1743.9094238203
  [3,1,401] 1625.9297954956
  [3,1,402] 1497.6591979845
  [3,1,403] 1413.1328579475
  [3,1,404] 1400.4191030260
  [3,1,405] 1380.5849909374
  [3,1,406] 1491.7040087867
  [3,1,407] 1586.4941598051
  [3,1,408] 1645.7182427684
  [3,1,409] 1687.1751008426
  [3,1,410] 1710.8647340279
  [3,1,411] 1704.9423257316
  [3,1,412] 1669.4078759537
  [3,1,413] 1604.2613846941
  [3,1,414] 1331.1987607821
  [3,1,415] 1051.2639768926
  [3,1,416] 1002.9806498355
  [3,1,417] 767.6695762691
  [3,1,418] 767.6695762691
  [3,1,419] 1033.1272695888
  [3,1,420] 1455.5520328131
  [3,1,421] 1536.4780614722
  [3,1,422] 1453.1385886299
  [3,1,423] 1301.7405628381
  [3,1,424] 1086.9029929552
  [3,1,425] 1002.9806498355
  [3,1,426] 767.6695762691
  [3,1,427] 767.6695762691
  [3,1,428] 1002.9806498355
  [3,1,429] 1218.9731203783
  [3,1,430] 1556.8821183235
  [3,1,431] 1497.6580353602
  [3,1,432] 1275.6392518575
  [3,1,433] 1038.3632735475
  [3,1,434] 1002.9806498355
  [3,1,435] 1002.9806498355
  [3,1,436] 767.6695762691
  [3,1,437] 767.6695762691
  [3,1,438] 767.6695762691
  [3,1,439] 1002.9806498355
  [3,1,440] 776.5159480077
  [3,1,441] 864.3595856955
  [3,1,442] 971.2378686524
  [3,1,443] 1546.5341805454
  [3,1,444] 1734.6741175184
  [3,1,445] 1648.5945753410
  [3,1,446] 1553.4552831343
  [3,1,447] 1473.5241027287
  [3,1,448] 1369.4339456691
  [3,1,449] 1290.5561910747
  [3,1,450] 1222.8396592146
  [3,1,451] 1185.0625554410
  [3,1,452] 1231.5870148003
  [3,1,453] 1411.4513847844
  [3,1,454] 1669.4078759537
  [3,1,455] 1745.7945000000
  [3,1,456] 1745.7945000000
  [3,1,457] 1728.6319589169
  [3,1,458] 1740.4767755096
  [3,1,459] 1745.7945000000
  [3,1,460] 1704.9423257316
  [3,1,461] 1598.3389763977
  [3,1,462] 1574.6493432124
  [3,1,463] 1722.7095506206
  [3,1,464] 1745.7945000000
  [3,1,465] 1745.7945000000
  [3,1,466] 1745.7945000000
  [3,1,467] 1745.7945000000
  [3,1,468] 1745.7945000000
  [3,1,469] 1745.7945000000
  [3,1,470] 1745.7945000000
  [3,1,471] 1745.7945000000
  [3,1,472] 1745.7945000000
  [3,1,473] 1745.7945000000
  [3,1,474] 1745.7945000000
  [3,1,475] 1745.7945000000
  [3,1,476] 1745.7945000000
  [3,1,477] 1745.7945000000
  [3,1,478] 1745.7945000000
  [3,1,479] 1745.7945000000
  [3,1,480] 1745.7945000000
  [3,1,481] 1745.7945000000
  [3,1,482] 1745.7945000000
  [3,1,483] 1745.7945000000
  [3,1,484] 1580.5717515088
  [3,1,485] 1442.3177786315
  [3,1,486] 1405.2781060150
  [3,1,487] 1448.4910574009
  [3,1,488] 1562.8045266198
  [3,1,489] 1693.0975091390
  [3,1,490] 1745.7945000000
  [3,1,491] 1745.7945000000
  [3,1,492] 1745.7945000000
  [3,1,493] 1745.7945000000
  [3,1,494] 1745.7945000000
  [3,1,495] 1745.7945000000
  [3,1,496] 1745.7945000000
  [3,1,497] 1745.7945000000
  [3,1,498] 1745.7945000000
  [3,1,499] 1745.7945000000
  [3,1,500] 1745.7945000000
  [3,1,501] 1745.7945000000
  [3,1,502] 1745.7945000000
  [3,1,503] 1745.7945000000
  [3,1,504] 1745.7945000000
  [3,1,505] 1745.7945000000
  [3,1,506] 1745.7945000000
  [3,1,507] 1745.7945000000
  [3,1,508] 1675.3302842500
  [3,1,509] 1497.6580353602
  [3,1,510] 1411.4513847844
  [3,1,511] 1392.9315484762
  [3,1,512] 1442.3177786315
  [3,1,513] 1455.8562128231
  [3,1,514] 1745.7945000000
  [3,1,515] 1745.7945000000
  [3,1,516] 1745.7945000000
  [3,1,517] 1745.7945000000
  [3,1,518] 1745.7945000000
  [3,1,519] 1745.7945000000
  [3,1,520] 1745.7945000000
  [3,1,521] 1745.7945000000
  [3,1,522] 1745.7945000000
  [3,1,523] 1745.7945000000
  [3,1,524] 1745.7945000000
  [3,1,525] 1745.7945000000
  [3,1,526] 1745.7945000000
  [3,1,527] 1745.7945000000
  [3,1,528] 1745.7945000000
  [3,1,529] 1745.7945000000
  [3,1,530] 1745.7945000000
  [3,1,531] 1745.7945000000
  [3,1,532] 1745.7945000000
  [3,1,533] 1745.7945000000
  [3,1,534] 1745.7945000000
  [3,1,535] 1745.7945000000
  [3,1,536] 1745.7945000000
  [3,1,537] 1745.7945000000
  [3,1,538] 1745.7945000000
  [3,1,539] 1745.7945000000
  [3,1,540] 1745.7945000000
  [3,1,541] 1745.7945000000
  [3,1,542] 1745.7945000000
  [3,1,543] 1745.7945000000
  [3,1,544] 1745.7945000000
  [3,1,545] 1745.7945000000
  [3,1,546] 1673.3102244905
  [3,1,547] 1744.9057928643
  [3,1,548] 1745.7945000000
  [3,1,549] 1745.7945000000
  [3,1,550] 1745.7945000000
  [3,1,551] 1745.7945000000
  [3,1,552] 1745.7945000000
  [3,1,553] 1745.7945000000
  [3,1,554] 1745.7945000000
  [3,1,555] 1745.7945000000
  [3,1,556] 1657.5630593610
  [3,1,557] 1281.8125306269
  [3,1,558] 1031.9129218750
  [3,1,559] 1019.0122185299
  [3,1,560] 1122.2178452904
  [3,1,561] 1244.7728580105
  [3,1,562] 1745.7945000000
  [3,1,563] 1745.7945000000
  [3,1,564] 1745.7945000000
  [3,1,565] 1745.7945000000
  [3,1,566] 1745.7945000000
  [3,1,567] 1745.7945000000
  [3,1,568] 1745.7945000000
  [3,1,569] 1745.7945000000
  [3,1,570] 1745.7945000000
  [3,1,571] 1745.7945000000
  [3,1,572] 1745.7945000000
  [3,1,573] 1745.7945000000
  [3,1,574] 1745.7945000000
  [3,1,575] 1745.7945000000
  [3,1,576] 1745.7945000000
  [3,1,577] 1745.7945000000
  [3,1,578] 1745.7945000000
  [3,1,579] 1745.7945000000
  [3,1,580] 1745.7945000000
  [3,1,581] 1699.0199174353
  [3,1,582] 1386.7582697068
  [3,1,583] 1186.7213620156
  [3,1,584] 1148.0192519805
  [3,1,585] 1141.5689003079
  [3,1,586] 1675.8296313963
  [3,1,587] 1745.7945000000
  [3,1,588] 1745.7945000000
  [3,1,589] 1745.7945000000
  [3,1,590] 1745.7945000000
  [3,1,591] 1745.7945000000
  [3,1,592] 1745.7945000000
  [3,1,593] 1745.7945000000
  [3,1,594] 1745.7945000000
  [3,1,595] 1745.7945000000
  [3,1,596] 1745.7945000000
  [3,1,597] 1745.7945000000
  [3,1,598] 1745.7945000000
  [3,1,599] 1745.7945000000
  [3,1,600] 1745.7945000000
  [3,1,601] 1745.7945000000
  [3,1,602] 1699.0199174353
  [3,1,603] 1405.2781060150
  [3,1,604] 1238.3241753959
  [3,1,605] 1173.8206586706
  [3,1,606] 1337.3720395516
  [3,1,607] 1545.0373017308
  [3,1,608] 1663.4854676573
  [3,1,609] 1639.7958344720
  [3,1,610] 1745.7945000000
  [3,1,611] 1745.7945000000
  [3,1,612] 1745.7945000000
  [3,1,613] 1745.7945000000
  [3,1,614] 1745.7945000000
  [3,1,615] 1745.7945000000
  [3,1,616] 1745.7945000000
  [3,1,617] 1745.7945000000
  [3,1,618] 1745.7945000000
  [3,1,619] 1745.7945000000
  [3,1,620] 1745.7945000000
  [3,1,621] 1745.7945000000
  [3,1,622] 1745.7945000000
  [3,1,623] 1745.7945000000
  [3,1,624] 1745.7945000000
  [3,1,625] 1745.7945000000
  [3,1,626] 1745.7945000000
  [3,1,627] 1740.4767755096
  [3,1,628] 1539.1148934345
  [3,1,629] 1436.1444998621
  [3,1,630] 1485.5307300173
  [3,1,631] 1556.8821183235
  [3,1,632] 1622.0286095831
  [3,1,633] 1622.0286095831
  [3,1,634] 1745.7945000000
  [3,1,635] 1745.7945000000
  [3,1,636] 1745.7945000000
  [3,1,637] 1745.7945000000
  [3,1,638] 1745.7945000000
  [3,1,639] 1745.7945000000
  [3,1,640] 1745.7945000000
  [3,1,641] 1745.7945000000
  [3,1,642] 1745.7945000000
  [3,1,643] 1745.7945000000
  [3,1,644] 1745.7945000000
  [3,1,645] 1745.7945000000
  [3,1,646] 1745.7945000000
  [3,1,647] 1745.7945000000
  [3,1,648] 1745.7945000000
  [3,1,649] 1745.7945000000
  [3,1,650] 1745.7945000000
  [3,1,651] 1633.8734261757
  [3,1,652] 1442.3177786315
  [3,1,653] 1325.0254820127
  [3,1,654] 1263.2926943187
  [3,1,655] 1244.7728580105
  [3,1,656] 1257.1194155493
  [3,1,657] 1257.1194155493
  [3,1,658] 1722.8862695175
  [3,1,659] 1745.7945000000
  [3,1,660] 1745.7945000000
  [3,1,661] 1745.7945000000
  [3,1,662] 1745.7945000000
  [3,1,663] 1745.7945000000
  [3,1,664] 1745.7945000000
  [3,1,665] 1745.7945000000
  [3,1,666] 1745.7945000000
  [3,1,667] 1745.7945000000
  [3,1,668] 1745.7945000000
  [3,1,669] 1745.7945000000
  [3,1,670] 1745.7945000000
  [3,1,671] 1745.7945000000
  [3,1,672] 1745.7945000000
  [3,1,673] 1745.7945000000
  [3,1,674] 1745.7945000000
  [3,1,675] 1745.7945000000
  [3,1,676] 1417.6246635538
  [3,1,677] 1362.0651546292
  [3,1,678] 1417.6246635538
  [3,1,679] 1580.5717515088
  [3,1,680] 1592.4165681014
  [3,1,681] 1533.1924851382
  [3,1,682] 1675.8296313963
  [3,1,683] 1745.7945000000
  [3,1,684] 1745.7945000000
  [3,1,685] 1745.7945000000
  [3,1,686] 1745.7945000000
  [3,1,687] 1745.7945000000
  [3,1,688] 1745.7945000000
  [3,1,689] 1745.7945000000
  [3,1,690] 1745.7945000000
  [3,1,691] 1745.7945000000
  [3,1,692] 1745.7945000000
  [3,1,693] 1745.7945000000
  [3,1,694] 1745.7945000000
  [3,1,695] 1745.7945000000
  [3,1,696] 1745.7945000000
  [3,1,697] 1745.7945000000
  [3,1,698] 1745.7945000000
  [3,1,699] 1745.7945000000
  [3,1,700] 1681.2526925463
  [3,1,701] 1337.3720395516
  [3,1,702] 1135.1185486354
  [3,1,703] 1173.8206586706
  [3,1,704] 1238.3241753959
  [3,1,705] 1325.0254820127
  [3,1,706] 1745.7945000000
  [3,1,707] 1745.7945000000
  [3,1,708] 1745.7945000000
  [3,1,709] 1745.7945000000
  [3,1,710] 1745.7945000000
  [3,1,711] 1745.7945000000
  [3,1,712] 1745.7945000000
  [3,1,713] 1621.5612346056
  [3,1,714] 1497.9818262339
  [3,1,715] 1487.3346023079
  [3,1,716] 1609.6856084684
  [3,1,717] 1745.7945000000
  [3,1,718] 1745.7945000000
  [3,1,719] 1745.7945000000
  [3,1,720] 1745.7945000000
  [3,1,721] 1745.7945000000
  [3,1,722] 1745.7945000000
  [3,1,723] 1745.7945000000
  [3,1,724] 1745.7945000000
  [3,1,725] 1745.7945000000
  [3,1,726] 1745.7945000000
  [3,1,727] 1745.7945000000
  [3,1,728] 1745.7945000000
  [3,1,729] 1687.1751008426
  [3,1,730] 1745.7945000000
  [3,1,731] 1745.7945000000
  [3,1,732] 1745.7945000000
  [3,1,733] 1745.7945000000
  [3,1,734] 1745.7945000000
  [3,1,735] 1745.7945000000
  [3,1,736] 1742.2677982776
  [3,1,737] 1745.7945000000
  [3,1,738] 1745.7945000000
  [3,1,739] 1745.7945000000
  [3,1,740] 1745.7945000000
  [3,1,741] 1745.7945000000
  [3,1,742] 1745.7945000000
  [3,1,743] 1745.7945000000
  [3,1,744] 1745.7945000000
  [3,2,1] 1745.7945000000
  [3,2,2] 1745.7945000000
  [3,2,3] 1745.7945000000
  [3,2,4] 1460.8376149397
  [3,2,5] 1083.5157352552
  [3,2,6] 857.6023827965
  [3,2,7] 1031.9129218750
  [3,2,8] 1399.1048272456
  [3,2,9] 1627.9510178794
  [3,2,10] 1745.7945000000
  [3,2,11] 1745.7945000000
  [3,2,12] 1745.7945000000
  [3,2,13] 1745.7945000000
  [3,2,14] 1745.7945000000
  [3,2,15] 1745.7945000000
  [3,2,16] 1745.7945000000
  [3,2,17] 1745.7945000000
  [3,2,18] 1745.7945000000
  [3,2,19] 1745.7945000000
  [3,2,20] 1745.7945000000
  [3,2,21] 1745.7945000000
  [3,2,22] 1745.7945000000
  [3,2,23] 1745.7945000000
  [3,2,24] 1745.7945000000
  [3,2,25] 1745.7945000000
  [3,2,26] 1745.7945000000
  [3,2,27] 1745.7945000000
  [3,2,28] 1745.7945000000
  [3,2,29] 1745.7945000000
  [3,2,30] 1745.7945000000
  [3,2,31] 1627.9510178794
  [3,2,32] 1331.1987607821
  [3,2,33] 1109.3171419453
  [3,2,34] 1342.8430381783
  [3,2,35] 1745.7945000000
  [3,2,36] 1745.7945000000
  [3,2,37] 1745.7945000000
  [3,2,38] 1745.7945000000
  [3,2,39] 1745.7945000000
  [3,2,40] 1745.7945000000
  [3,2,41] 1745.7945000000
  [3,2,42] 1745.7945000000
  [3,2,43] 1745.7945000000
  [3,2,44] 1745.7945000000
  [3,2,45] 1745.7945000000
  [3,2,46] 1745.7945000000
  [3,2,47] 1745.7945000000
  [3,2,48] 1745.7945000000
  [3,2,49] 1745.7945000000
  [3,2,50] 1745.7945000000
  [3,2,51] 1745.7945000000
  [3,2,52] 1745.7945000000
  [3,2,53] 1745.7945000000
  [3,2,54] 1704.9423257316
  [3,2,55] 1663.4854676573
  [3,2,56] 1586.4941598051
  [3,2,57] 1584.0020745709
  [3,2,58] 1745.7945000000
  [3,2,59] 1745.7945000000
  [3,2,60] 1745.7945000000
  [3,2,61] 1745.7945000000
  [3,2,62] 1745.7945000000
  [3,2,63] 1745.7945000000
  [3,2,64] 1745.7945000000
  [3,2,65] 1745.7945000000
  [3,2,66] 1745.7945000000
  [3,2,67] 1745.7945000000
  [3,2,68] 1745.7945000000
  [3,2,69] 1745.7945000000
  [3,2,70] 1745.7945000000
  [3,2,71] 1745.7945000000
  [3,2,72] 1745.7945000000
  [3,2,73] 1745.7945000000
  [3,2,74] 1745.7945000000
  [3,2,75] 1745.7945000000
  [3,2,76] 1745.7945000000
  [3,2,77] 1745.7945000000
  [3,2,78] 1745.7945000000
  [3,2,79] 1745.7945000000
  [3,2,80] 1745.7945000000
  [3,2,81] 1600.6258584391
  [3,2,82] 1745.7945000000
  [3,2,83] 1745.7945000000
  [3,2,84] 1745.7945000000
  [3,2,85] 1745.7945000000
  [3,2,86] 1745.7945000000
  [3,2,87] 1745.7945000000
  [3,2,88] 1745.7945000000
  [3,2,89] 1745.7945000000
  [3,2,90] 1745.7945000000
  [3,2,91] 1745.7945000000
  [3,2,92] 1745.7945000000
  [3,2,93] 1745.7945000000
  [3,2,94] 1745.7945000000
  [3,2,95] 1745.7945000000
  [3,2,96] 1745.7945000000
  [3,2,97] 1745.7945000000
  [3,2,98] 1745.7945000000
  [3,2,99] 1745.7945000000
  [3,2,100] 1745.7945000000
  [3,2,101] 1745.7945000000
  [3,2,102] 1745.7945000000
  [3,2,103] 1745.7945000000
  [3,2,104] 1745.7945000000
  [3,2,105] 1745.7945000000
  [3,2,106] 1745.7945000000
  [3,2,107] 1745.7945000000
  [3,2,108] 1745.7945000000
  [3,2,109] 1745.7945000000
  [3,2,110] 1745.7945000000
  [3,2,111] 1745.7945000000
  [3,2,112] 1745.7945000000
  [3,2,113] 1745.7945000000
  [3,2,114] 1745.7945000000
  [3,2,115] 1745.7945000000
  [3,2,116] 1745.7945000000
  [3,2,117] 1745.7945000000
  [3,2,118] 1745.7945000000
  [3,2,119] 1745.7945000000
  [3,2,120] 1745.7945000000
  [3,2,121] 1745.7945000000
  [3,2,122] 1745.7945000000
  [3,2,123] 1745.7945000000
  [3,2,124] 1745.7945000000
  [3,2,125] 1745.7945000000
  [3,2,126] 1745.7945000000
  [3,2,127] 1745.7945000000
  [3,2,128] 1745.7945000000
  [3,2,129] 1745.7945000000
  [3,2,130] 1745.7945000000
  [3,2,131] 1745.7945000000
  [3,2,132] 1745.7945000000
  [3,2,133] 1745.7945000000
  [3,2,134] 1745.7945000000
  [3,2,135] 1745.7945000000
  [3,2,136] 1745.7945000000
  [3,2,137] 1745.7945000000
  [3,2,138] 1745.7945000000
  [3,2,139] 1745.7945000000
  [3,2,140] 1745.7945000000
  [3,2,141] 1745.7945000000
  [3,2,142] 1745.7945000000
  [3,2,143] 1745.7945000000
  [3,2,144] 1745.7945000000
  [3,2,145] 1745.7945000000
  [3,2,146] 1745.7945000000
  [3,2,147] 1745.7945000000
  [3,2,148] 1745.7945000000
  [3,2,149] 1745.7945000000
  [3,2,150] 1745.7945000000
  [3,2,151] 1663.4854676573
  [3,2,152] 1287.9858093963
  [3,2,153] 1019.0122185299
  [3,2,154] 1745.7945000000
  [3,2,155] 1745.7945000000
  [3,2,156] 1745.7945000000
  [3,2,157] 1745.7945000000
  [3,2,158] 1745.7945000000
  [3,2,159] 1745.7945000000
  [3,2,160] 1745.7945000000
  [3,2,161] 1745.7945000000
  [3,2,162] 1745.7945000000
  [3,2,163] 1745.7945000000
  [3,2,164] 1745.7945000000
  [3,2,165] 1745.7945000000
  [3,2,166] 1745.7945000000
  [3,2,167] 1745.7945000000
  [3,2,168] 1745.7945000000
  [3,2,169] 1745.7945000000
  [3,2,170] 1745.7945000000
  [3,2,171] 1745.7945000000
  [3,2,172] 1745.7945000000
  [3,2,173] 1745.7945000000
  [3,2,174] 1633.8734261757
  [3,2,175] 1417.6246635538
  [3,2,176] 1355.8918758598
  [3,2,177] 1326.2173586656
  [3,2,178] 1745.7945000000
  [3,2,179] 1745.7945000000
  [3,2,180] 1745.7945000000
  [3,2,181] 1745.7945000000
  [3,2,182] 1745.7945000000
  [3,2,183] 1745.7945000000
  [3,2,184] 1745.7945000000
  [3,2,185] 1745.7945000000
  [3,2,186] 1745.7945000000
  [3,2,187] 1745.7945000000
  [3,2,188] 1745.7945000000
  [3,2,189] 1745.7945000000
  [3,2,190] 1745.7945000000
  [3,2,191] 1745.7945000000
  [3,2,192] 1745.7945000000
  [3,2,193] 1745.7945000000
  [3,2,194] 1745.7945000000
  [3,2,195] 1745.7945000000
  [3,2,196] 1745.7945000000
  [3,2,197] 1745.7945000000
  [3,2,198] 1745.7945000000
  [3,2,199] 1745.7945000000
  [3,2,200] 1745.7945000000
  [3,2,201] 1405.2781060150
  [3,2,202] 1745.7945000000
  [3,2,203] 1745.7945000000
  [3,2,204] 1745.7945000000
  [3,2,205] 1745.7945000000
  [3,2,206] 1745.7945000000
  [3,2,207] 1745.7945000000
  [3,2,208] 1745.7945000000
  [3,2,209] 1745.7945000000
  [3,2,210] 1745.7945000000
  [3,2,211] 1745.7945000000
  [3,2,212] 1745.7945000000
  [3,2,213] 1745.7945000000
  [3,2,214] 1745.7945000000
  [3,2,215] 1745.7945000000
  [3,2,216] 1745.7945000000
  [3,2,217] 1604.2613846941
  [3,2,218] 1349.7185970904
  [3,2,219] 1148.0192519805
  [3,2,220] 1044.8136252200
  [3,2,221] 1019.0122185299
  [3,2,222] 1057.7143285651
  [3,2,223] 1096.4164386003
  [3,2,224] 1180.2710103431
  [3,2,225] 1025.4625702025
  [3,2,226] 1002.9806498355
  [3,2,227] 1154.9178613075
  [3,2,228] 1517.0692110405
  [3,2,229] 1722.2433382675
  [3,2,230] 1625.9606050401
  [3,2,231] 1428.4466854248
  [3,2,232] 1225.6184767932
  [3,2,233] 1128.7030192383
  [3,2,234] 1119.9208413771
  [3,2,235] 1192.1511044522
  [3,2,236] 1262.6819105535
  [3,2,237] 1574.6493432124
  [3,2,238] 1745.7945000000
  [3,2,239] 1745.7945000000
  [3,2,240] 1745.7945000000
  [3,2,241] 1745.7945000000
  [3,2,242] 1745.7945000000
  [3,2,243] 1681.2526925463
  [3,2,244] 1497.6580353602
  [3,2,245] 1343.5453183210
  [3,2,246] 1257.1194155493
  [3,2,247] 1244.7728580105
  [3,2,248] 1244.7728580105
  [3,2,249] 1238.3241753959
  [3,2,250] 1516.1879418044
  [3,2,251] 1745.7945000000
  [3,2,252] 1745.7945000000
  [3,2,253] 1745.7945000000
  [3,2,254] 1745.7945000000
  [3,2,255] 1745.7945000000
  [3,2,256] 1745.7945000000
  [3,2,257] 1745.7945000000
  [3,2,258] 1745.7945000000
  [3,2,259] 1745.7945000000
  [3,2,260] 1745.7945000000
  [3,2,261] 1745.7945000000
  [3,2,262] 1745.7945000000
  [3,2,263] 1745.7945000000
  [3,2,264] 1745.7945000000
  [3,2,265] 1745.7945000000
  [3,2,266] 1745.7945000000
  [3,2,267] 1745.7945000000
  [3,2,268] 1745.7945000000
  [3,2,269] 1745.7945000000
  [3,2,270] 1745.7945000000
  [3,2,271] 1745.7945000000
  [3,2,272] 1745.7945000000
  [3,2,273] 1745.7945000000
  [3,2,274] 1745.7945000000
  [3,2,275] 1745.7945000000
  [3,2,276] 1745.7945000000
  [3,2,277] 1745.7945000000
  [3,2,278] 1745.7945000000
  [3,2,279] 1745.7945000000
  [3,2,280] 1745.7945000000
  [3,2,281] 1745.7945000000
  [3,2,282] 1745.7945000000
  [3,2,283] 1745.7945000000
  [3,2,284] 1745.7945000000
  [3,2,285] 1745.7945000000
  [3,2,286] 1745.7945000000
  [3,2,287] 1745.7945000000
  [3,2,288] 1745.7945000000
  [3,2,289] 1745.7945000000
  [3,2,290] 1745.7945000000
  [3,2,291] 1745.7945000000
  [3,2,292] 1745.7945000000
  [3,2,293] 1745.7945000000
  [3,2,294] 1681.2526925463
  [3,2,295] 1651.6406510647
  [3,2,296] 1627.9510178794
  [3,2,297] 1516.5687012699
  [3,2,298] 1745.7945000000
  [3,2,299] 1745.7945000000
  [3,2,300] 1745.7945000000
  [3,2,301] 1745.7945000000
  [3,2,302] 1426.4610322517
  [3,2,303] 1176.9546634585
  [3,2,304] 1069.8850303909
  [3,2,305] 1028.0850041078
  [3,2,306] 1016.2371997450
  [3,2,307] 1165.8393931441
  [3,2,308] 1694.5054471929
  [3,2,309] 1745.7945000000
  [3,2,310] 1745.7945000000
  [3,2,311] 1745.7945000000
  [3,2,312] 1745.7945000000
  [3,2,313] 1645.7182427684
  [3,2,314] 1604.2613846941
  [3,2,315] 1562.8045266198
  [3,2,316] 1411.4513847844
  [3,2,317] 1051.2639768926
  [3,2,318] 767.6695762691
  [3,2,319] 767.6695762691
  [3,2,320] 767.6695762691
  [3,2,321] 767.6695762691
  [3,2,322] 767.6695762691
  [3,2,323] 767.6695762691
  [3,2,324] 767.6695762691
  [3,2,325] 767.6695762691
  [3,2,326] 1002.9806498355
  [3,2,327] 767.6695762691
  [3,2,328] 767.6695762691
  [3,2,329] 767.6695762691
  [3,2,330] 776.6512512460
  [3,2,331] 767.6695762691
  [3,2,332] 767.6695762691
  [3,2,333] 767.6695762691
  [3,2,334] 1002.9806498355
  [3,2,335] 767.6695762691
  [3,2,336] 767.6695762691
  [3,2,337] 767.6695762691
  [3,2,338] 767.6695762691
  [3,2,339] 767.6695762691
  [3,2,340] 767.6695762691
  [3,2,341] 767.6695762691
  [3,2,342] 767.6695762691
  [3,2,343] 767.6695762691
  [3,2,344] 767.6695762691
  [3,2,345] 767.6695762691
  [3,2,346] 988.5727436319
  [3,2,347] 767.6695762691
  [3,2,348] 1182.4439203294
  [3,2,349] 1381.8398849629
  [3,2,350] 1448.5540747735
  [3,2,351] 1456.0107265733
  [3,2,352] 1362.7389557669
  [3,2,353] 1319.4951016311
  [3,2,354] 1478.0134845900
  [3,2,355] 1683.5692215079
  [3,2,356] 1724.5860262763
  [3,2,357] 1527.2700768418
  [3,2,358] 1231.8738237233
  [3,2,359] 1025.4625702025
  [3,2,360] 1002.9806498355
  [3,2,361] 884.6311943927
  [3,2,362] 817.0591654021
  [3,2,363] 767.6695762691
  [3,2,364] 767.6695762691
  [3,2,365] 767.6695762691
  [3,2,366] 767.6695762691
  [3,2,367] 767.6695762691
  [3,2,368] 767.6695762691
  [3,2,369] 767.6695762691
  [3,2,370] 1002.9806498355
  [3,2,371] 897.2767411609
  [3,2,372] 1221.0181376439
  [3,2,373] 1558.7894035237
  [3,2,374] 1745.7945000000
  [3,2,375] 1745.7945000000
  [3,2,376] 1745.7945000000
  [3,2,377] 1745.7945000000
  [3,2,378] 1745.7945000000
  [3,2,379] 1745.7945000000
  [3,2,380] 1513.3732283208
  [3,2,381] 1337.3720395515
  [3,2,382] 1318.8522032433
  [3,2,383] 1193.1717136882
  [3,2,384] 1051.2639768926
  [3,2,385] 864.3595856955
  [3,2,386] 767.6695762691
  [3,2,387] 767.6695762691
  [3,2,388] 767.6695762691
  [3,2,389] 767.6695762691
  [3,2,390] 767.6695762691
  [3,2,391] 767.6695762691
  [3,2,392] 837.3307740993
  [3,2,393] 1002.9806498355
  [3,2,394] 1002.9806498355
  [3,2,395] 1474.8359547641
  [3,2,396] 1745.7945000000
  [3,2,397] 1745.7945000000
  [3,2,398] 1745.7945000000
  [3,2,399] 1745.7945000000
  [3,2,400] 1743.9094238203
  [3,2,401] 1625.9297954956
  [3,2,402] 1497.6591979845
  [3,2,403] 1413.1328579475
  [3,2,404] 1400.4191030260
  [3,2,405] 1380.5849909374
  [3,2,406] 1491.7040087867
  [3,2,407] 1586.4941598051
  [3,2,408] 1645.7182427684
  [3,2,409] 1687.1751008426
  [3,2,410] 1710.8647340279
  [3,2,411] 1704.9423257316
  [3,2,412] 1669.4078759537
  [3,2,413] 1604.2613846941
  [3,2,414] 1331.1987607821
  [3,2,415] 1051.2639768926
  [3,2,416] 844.0879769984
  [3,2,417] 767.6695762691
  [3,2,418] 767.6695762691
  [3,2,419] 1033.1272695888
  [3,2,420] 1455.5520328131
  [3,2,421] 1536.4780614722
  [3,2,422] 1453.1385886299
  [3,2,423] 1301.7405628381
  [3,2,424] 1086.9029929552
  [3,2,425] 879.8498167230
  [3,2,426] 767.6695762691
  [3,2,427] 767.6695762691
  [3,2,428] 786.6185897979
  [3,2,429] 1218.9731203783
  [3,2,430] 1556.8821183235
  [3,2,431] 1497.6580353602
  [3,2,432] 1275.6392518575
  [3,2,433] 1038.3632735475
  [3,2,434] 803.5447596040
  [3,2,435] 767.6695762691
  [3,2,436] 767.6695762691
  [3,2,437] 767.6695762691
  [3,2,438] 767.6695762691
  [3,2,439] 767.6695762691
  [3,2,440] 776.5159480077
  [3,2,441] 864.3595856955
  [3,2,442] 1002.9806498355
  [3,2,443] 1546.5341805454
  [3,2,444] 1734.6741175184
  [3,2,445] 1648.5945753410
  [3,2,446] 1553.4552831343
  [3,2,447] 1473.5241027287
  [3,2,448] 1369.4339456691
  [3,2,449] 1290.5561910747
  [3,2,450] 1222.8396592146
  [3,2,451] 1185.0625554410
  [3,2,452] 1231.5870148003
  [3,2,453] 1411.4513847844
  [3,2,454] 1669.4078759537
  [3,2,455] 1745.7945000000
  [3,2,456] 1745.7945000000
  [3,2,457] 1728.6319589169
  [3,2,458] 1740.4767755096
  [3,2,459] 1745.7945000000
  [3,2,460] 1704.9423257316
  [3,2,461] 1598.3389763977
  [3,2,462] 1574.6493432124
  [3,2,463] 1722.7095506206
  [3,2,464] 1745.7945000000
  [3,2,465] 1745.7945000000
  [3,2,466] 1745.7945000000
  [3,2,467] 1745.7945000000
  [3,2,468] 1745.7945000000
  [3,2,469] 1745.7945000000
  [3,2,470] 1745.7945000000
  [3,2,471] 1745.7945000000
  [3,2,472] 1745.7945000000
  [3,2,473] 1745.7945000000
  [3,2,474] 1745.7945000000
  [3,2,475] 1745.7945000000
  [3,2,476] 1745.7945000000
  [3,2,477] 1745.7945000000
  [3,2,478] 1745.7945000000
  [3,2,479] 1745.7945000000
  [3,2,480] 1745.7945000000
  [3,2,481] 1745.7945000000
  [3,2,482] 1745.7945000000
  [3,2,483] 1745.7945000000
  [3,2,484] 1580.5717515088
  [3,2,485] 1442.3177786315
  [3,2,486] 1405.2781060150
  [3,2,487] 1448.4910574009
  [3,2,488] 1562.8045266198
  [3,2,489] 1693.0975091390
  [3,2,490] 1745.7945000000
  [3,2,491] 1745.7945000000
  [3,2,492] 1745.7945000000
  [3,2,493] 1745.7945000000
  [3,2,494] 1745.7945000000
  [3,2,495] 1745.7945000000
  [3,2,496] 1745.7945000000
  [3,2,497] 1745.7945000000
  [3,2,498] 1745.7945000000
  [3,2,499] 1745.7945000000
  [3,2,500] 1745.7945000000
  [3,2,501] 1745.7945000000
  [3,2,502] 1745.7945000000
  [3,2,503] 1745.7945000000
  [3,2,504] 1745.7945000000
  [3,2,505] 1745.7945000000
  [3,2,506] 1745.7945000000
  [3,2,507] 1745.7945000000
  [3,2,508] 1675.3302842500
  [3,2,509] 1497.6580353602
  [3,2,510] 1411.4513847844
  [3,2,511] 1392.9315484762
  [3,2,512] 1442.3177786315
  [3,2,513] 1455.8562128231
  [3,2,514] 1745.7945000000
  [3,2,515] 1745.7945000000
  [3,2,516] 1745.7945000000
  [3,2,517] 1745.7945000000
  [3,2,518] 1745.7945000000
  [3,2,519] 1745.7945000000
  [3,2,520] 1745.7945000000
  [3,2,521] 1745.7945000000
  [3,2,522] 1745.7945000000
  [3,2,523] 1745.7945000000
  [3,2,524] 1745.7945000000
  [3,2,525] 1745.7945000000
  [3,2,526] 1745.7945000000
  [3,2,527] 1745.7945000000
  [3,2,528] 1745.7945000000
  [3,2,529] 1745.7945000000
  [3,2,530] 1745.7945000000
  [3,2,531] 1745.7945000000
  [3,2,532] 1745.7945000000
  [3,2,533] 1745.7945000000
  [3,2,534] 1745.7945000000
  [3,2,535] 1745.7945000000
  [3,2,536] 1745.7945000000
  [3,2,537] 1745.7945000000
  [3,2,538] 1745.7945000000
  [3,2,539] 1745.7945000000
  [3,2,540] 1745.7945000000
  [3,2,541] 1745.7945000000
  [3,2,542] 1745.7945000000
  [3,2,543] 1745.7945000000
  [3,2,544] 1745.7945000000
  [3,2,545] 1745.7945000000
  [3,2,546] 1673.3102244905
  [3,2,547] 1744.9057928643
  [3,2,548] 1745.7945000000
  [3,2,549] 1745.7945000000
  [3,2,550] 1745.7945000000
  [3,2,551] 1745.7945000000
  [3,2,552] 1745.7945000000
  [3,2,553] 1745.7945000000
  [3,2,554] 1745.7945000000
  [3,2,555] 1745.7945000000
  [3,2,556] 1657.5630593610
  [3,2,557] 1281.8125306269
  [3,2,558] 1031.9129218750
  [3,2,559] 1019.0122185299
  [3,2,560] 1122.2178452904
  [3,2,561] 1244.7728580105
  [3,2,562] 1745.7945000000
  [3,2,563] 1745.7945000000
  [3,2,564] 1745.7945000000
  [3,2,565] 1745.7945000000
  [3,2,566] 1745.7945000000
  [3,2,567] 1745.7945000000
  [3,2,568] 1745.7945000000
  [3,2,569] 1745.7945000000
  [3,2,570] 1745.7945000000
  [3,2,571] 1745.7945000000
  [3,2,572] 1745.7945000000
  [3,2,573] 1745.7945000000
  [3,2,574] 1745.7945000000
  [3,2,575] 1745.7945000000
  [3,2,576] 1745.7945000000
  [3,2,577] 1745.7945000000
  [3,2,578] 1745.7945000000
  [3,2,579] 1745.7945000000
  [3,2,580] 1745.7945000000
  [3,2,581] 1699.0199174353
  [3,2,582] 1386.7582697068
  [3,2,583] 1186.7213620156
  [3,2,584] 1148.0192519805
  [3,2,585] 1141.5689003079
  [3,2,586] 1675.8296313963
  [3,2,587] 1745.7945000000
  [3,2,588] 1745.7945000000
  [3,2,589] 1745.7945000000
  [3,2,590] 1745.7945000000
  [3,2,591] 1745.7945000000
  [3,2,592] 1745.7945000000
  [3,2,593] 1745.7945000000
  [3,2,594] 1745.7945000000
  [3,2,595] 1745.7945000000
  [3,2,596] 1745.7945000000
  [3,2,597] 1745.7945000000
  [3,2,598] 1745.7945000000
  [3,2,599] 1745.7945000000
  [3,2,600] 1745.7945000000
  [3,2,601] 1745.7945000000
  [3,2,602] 1699.0199174353
  [3,2,603] 1405.2781060150
  [3,2,604] 1238.3241753959
  [3,2,605] 1173.8206586706
  [3,2,606] 1337.3720395515
  [3,2,607] 1545.0373017308
  [3,2,608] 1663.4854676573
  [3,2,609] 1639.7958344720
  [3,2,610] 1745.7945000000
  [3,2,611] 1745.7945000000
  [3,2,612] 1745.7945000000
  [3,2,613] 1745.7945000000
  [3,2,614] 1745.7945000000
  [3,2,615] 1745.7945000000
  [3,2,616] 1745.7945000000
  [3,2,617] 1745.7945000000
  [3,2,618] 1745.7945000000
  [3,2,619] 1745.7945000000
  [3,2,620] 1745.7945000000
  [3,2,621] 1745.7945000000
  [3,2,622] 1745.7945000000
  [3,2,623] 1745.7945000000
  [3,2,624] 1745.7945000000
  [3,2,625] 1745.7945000000
  [3,2,626] 1745.7945000000
  [3,2,627] 1740.4767755096
  [3,2,628] 1539.1148934345
  [3,2,629] 1436.1444998620
  [3,2,630] 1485.5307300173
  [3,2,631] 1556.8821183235
  [3,2,632] 1622.0286095831
  [3,2,633] 1622.0286095831
  [3,2,634] 1745.7945000000
  [3,2,635] 1745.7945000000
  [3,2,636] 1745.7945000000
  [3,2,637] 1745.7945000000
  [3,2,638] 1745.7945000000
  [3,2,639] 1745.7945000000
  [3,2,640] 1745.7945000000
  [3,2,641] 1745.7945000000
  [3,2,642] 1745.7945000000
  [3,2,643] 1745.7945000000
  [3,2,644] 1745.7945000000
  [3,2,645] 1745.7945000000
  [3,2,646] 1745.7945000000
  [3,2,647] 1745.7945000000
  [3,2,648] 1745.7945000000
  [3,2,649] 1745.7945000000
  [3,2,650] 1745.7945000000
  [3,2,651] 1633.8734261757
  [3,2,652] 1442.3177786315
  [3,2,653] 1325.0254820127
  [3,2,654] 1263.2926943187
  [3,2,655] 1244.7728580105
  [3,2,656] 1257.1194155493
  [3,2,657] 1257.1194155493
  [3,2,658] 1722.8862695175
  [3,2,659] 1745.7945000000
  [3,2,660] 1745.7945000000
  [3,2,661] 1745.7945000000
  [3,2,662] 1745.7945000000
  [3,2,663] 1745.7945000000
  [3,2,664] 1745.7945000000
  [3,2,665] 1745.7945000000
  [3,2,666] 1745.7945000000
  [3,2,667] 1745.7945000000
  [3,2,668] 1745.7945000000
  [3,2,669] 1745.7945000000
  [3,2,670] 1745.7945000000
  [3,2,671] 1745.7945000000
  [3,2,672] 1745.7945000000
  [3,2,673] 1745.7945000000
  [3,2,674] 1745.7945000000
  [3,2,675] 1745.7945000000
  [3,2,676] 1417.6246635538
  [3,2,677] 1362.0651546292
  [3,2,678] 1417.6246635538
  [3,2,679] 1580.5717515088
  [3,2,680] 1592.4165681014
  [3,2,681] 1533.1924851382
  [3,2,682] 1675.8296313963
  [3,2,683] 1745.7945000000
  [3,2,684] 1745.7945000000
  [3,2,685] 1745.7945000000
  [3,2,686] 1745.7945000000
  [3,2,687] 1745.7945000000
  [3,2,688] 1745.7945000000
  [3,2,689] 1745.7945000000
  [3,2,690] 1745.7945000000
  [3,2,691] 1745.7945000000
  [3,2,692] 1745.7945000000
  [3,2,693] 1745.7945000000
  [3,2,694] 1745.7945000000
  [3,2,695] 1745.7945000000
  [3,2,696] 1745.7945000000
  [3,2,697] 1745.7945000000
  [3,2,698] 1745.7945000000
  [3,2,699] 1745.7945000000
  [3,2,700] 1681.2526925463
  [3,2,701] 1337.3720395515
  [3,2,702] 1135.1185486354
  [3,2,703] 1173.8206586706
  [3,2,704] 1238.3241753959
  [3,2,705] 1325.0254820127
  [3,2,706] 1745.7945000000
  [3,2,707] 1745.7945000000
  [3,2,708] 1745.7945000000
  [3,2,709] 1745.7945000000
  [3,2,710] 1745.7945000000
  [3,2,711] 1745.7945000000
  [3,2,712] 1745.7945000000
  [3,2,713] 1621.5612346056
  [3,2,714] 1497.9818262339
  [3,2,715] 1487.3346023079
  [3,2,716] 1609.6856084684
  [3,2,717] 1745.7945000000
  [3,2,718] 1745.7945000000
  [3,2,719] 1745.7945000000
  [3,2,720] 1745.7945000000
  [3,2,721] 1745.7945000000
  [3,2,722] 1745.7945000000
  [3,2,723] 1745.7945000000
  [3,2,724] 1745.7945000000
  [3,2,725] 1745.7945000000
  [3,2,726] 1745.7945000000
  [3,2,727] 1745.7945000000
  [3,2,728] 1745.7945000000
  [3,2,729] 1687.1751008426
  [3,2,730] 1745.7945000000
  [3,2,731] 1745.7945000000
  [3,2,732] 1745.7945000000
  [3,2,733] 1745.7945000000
  [3,2,734] 1745.7945000000
  [3,2,735] 1745.7945000000
  [3,2,736] 1742.2677982776
  [3,2,737] 1745.7945000000
  [3,2,738] 1745.7945000000
  [3,2,739] 1745.7945000000
  [3,2,740] 1745.7945000000
  [3,2,741] 1745.7945000000
  [3,2,742] 1745.7945000000
  [3,2,743] 1745.7945000000
  [3,2,744] 1745.7945000000
  [3,3,1] 1745.7945000000
  [3,3,2] 1745.7945000000
  [3,3,3] 1745.7945000000
  [3,3,4] 1522.5232063349
  [3,3,5] 1149.0583679843
  [3,3,6] 920.5025429475
  [3,3,7] 1096.1834351866
  [3,3,8] 1469.2036257786
  [3,3,9] 1700.3061557103
  [3,3,10] 1745.7945000000
  [3,3,11] 1745.7945000000
  [3,3,12] 1745.7945000000
  [3,3,13] 1745.7945000000
  [3,3,14] 1745.7945000000
  [3,3,15] 1745.7945000000
  [3,3,16] 1745.7945000000
  [3,3,17] 1745.7945000000
  [3,3,18] 1745.7945000000
  [3,3,19] 1745.7945000000
  [3,3,20] 1745.7945000000
  [3,3,21] 1745.7945000000
  [3,3,22] 1745.7945000000
  [3,3,23] 1745.7945000000
  [3,3,24] 1745.7945000000
  [3,3,25] 1745.7945000000
  [3,3,26] 1745.7945000000
  [3,3,27] 1745.7945000000
  [3,3,28] 1745.7945000000
  [3,3,29] 1745.7945000000
  [3,3,30] 1745.7945000000
  [3,3,31] 1700.3061557103
  [3,3,32] 1399.6971320920
  [3,3,33] 1175.4958343832
  [3,3,34] 1411.6158447413
  [3,3,35] 1745.7945000000
  [3,3,36] 1745.7945000000
  [3,3,37] 1745.7945000000
  [3,3,38] 1745.7945000000
  [3,3,39] 1745.7945000000
  [3,3,40] 1745.7945000000
  [3,3,41] 1745.7945000000
  [3,3,42] 1745.7945000000
  [3,3,43] 1745.7945000000
  [3,3,44] 1745.7945000000
  [3,3,45] 1745.7945000000
  [3,3,46] 1745.7945000000
  [3,3,47] 1745.7945000000
  [3,3,48] 1745.7945000000
  [3,3,49] 1745.7945000000
  [3,3,50] 1745.7945000000
  [3,3,51] 1745.7945000000
  [3,3,52] 1745.7945000000
  [3,3,53] 1745.7945000000
  [3,3,54] 1745.7945000000
  [3,3,55] 1736.6432877242
  [3,3,56] 1657.9128350274
  [3,3,57] 1655.3644564621
  [3,3,58] 1745.7945000000
  [3,3,59] 1745.7945000000
  [3,3,60] 1745.7945000000
  [3,3,61] 1745.7945000000
  [3,3,62] 1745.7945000000
  [3,3,63] 1745.7945000000
  [3,3,64] 1745.7945000000
  [3,3,65] 1745.7945000000
  [3,3,66] 1745.7945000000
  [3,3,67] 1745.7945000000
  [3,3,68] 1745.7945000000
  [3,3,69] 1745.7945000000
  [3,3,70] 1745.7945000000
  [3,3,71] 1745.7945000000
  [3,3,72] 1745.7945000000
  [3,3,73] 1745.7945000000
  [3,3,74] 1745.7945000000
  [3,3,75] 1745.7945000000
  [3,3,76] 1745.7945000000
  [3,3,77] 1745.7945000000
  [3,3,78] 1745.7945000000
  [3,3,79] 1745.7945000000
  [3,3,80] 1745.7945000000
  [3,3,81] 1672.3637524345
  [3,3,82] 1745.7945000000
  [3,3,83] 1745.7945000000
  [3,3,84] 1745.7945000000
  [3,3,85] 1745.7945000000
  [3,3,86] 1745.7945000000
  [3,3,87] 1745.7945000000
  [3,3,88] 1745.7945000000
  [3,3,89] 1745.7945000000
  [3,3,90] 1745.7945000000
  [3,3,91] 1745.7945000000
  [3,3,92] 1745.7945000000
  [3,3,93] 1745.7945000000
  [3,3,94] 1745.7945000000
  [3,3,95] 1745.7945000000
  [3,3,96] 1745.7945000000
  [3,3,97] 1745.7945000000
  [3,3,98] 1745.7945000000
  [3,3,99] 1745.7945000000
  [3,3,100] 1745.7945000000
  [3,3,101] 1745.7945000000
  [3,3,102] 1745.7945000000
  [3,3,103] 1745.7945000000
  [3,3,104] 1745.7945000000
  [3,3,105] 1745.7945000000
  [3,3,106] 1745.7945000000
  [3,3,107] 1745.7945000000
  [3,3,108] 1745.7945000000
  [3,3,109] 1745.7945000000
  [3,3,110] 1745.7945000000
  [3,3,111] 1745.7945000000
  [3,3,112] 1745.7945000000
  [3,3,113] 1745.7945000000
  [3,3,114] 1745.7945000000
  [3,3,115] 1745.7945000000
  [3,3,116] 1745.7945000000
  [3,3,117] 1745.7945000000
  [3,3,118] 1745.7945000000
  [3,3,119] 1745.7945000000
  [3,3,120] 1745.7945000000
  [3,3,121] 1745.7945000000
  [3,3,122] 1745.7945000000
  [3,3,123] 1745.7945000000
  [3,3,124] 1745.7945000000
  [3,3,125] 1745.7945000000
  [3,3,126] 1745.7945000000
  [3,3,127] 1745.7945000000
  [3,3,128] 1745.7945000000
  [3,3,129] 1745.7945000000
  [3,3,130] 1745.7945000000
  [3,3,131] 1745.7945000000
  [3,3,132] 1745.7945000000
  [3,3,133] 1745.7945000000
  [3,3,134] 1745.7945000000
  [3,3,135] 1745.7945000000
  [3,3,136] 1745.7945000000
  [3,3,137] 1745.7945000000
  [3,3,138] 1745.7945000000
  [3,3,139] 1745.7945000000
  [3,3,140] 1745.7945000000
  [3,3,141] 1745.7945000000
  [3,3,142] 1745.7945000000
  [3,3,143] 1745.7945000000
  [3,3,144] 1745.7945000000
  [3,3,145] 1745.7945000000
  [3,3,146] 1745.7945000000
  [3,3,147] 1745.7945000000
  [3,3,148] 1745.7945000000
  [3,3,149] 1745.7945000000
  [3,3,150] 1745.7945000000
  [3,3,151] 1736.6432877242
  [3,3,152] 1355.4657270188
  [3,3,153] 1082.9647019871
  [3,3,154] 1745.7945000000
  [3,3,155] 1745.7945000000
  [3,3,156] 1745.7945000000
  [3,3,157] 1745.7945000000
  [3,3,158] 1745.7945000000
  [3,3,159] 1745.7945000000
  [3,3,160] 1745.7945000000
  [3,3,161] 1745.7945000000
  [3,3,162] 1745.7945000000
  [3,3,163] 1745.7945000000
  [3,3,164] 1745.7945000000
  [3,3,165] 1745.7945000000
  [3,3,166] 1745.7945000000
  [3,3,167] 1745.7945000000
  [3,3,168] 1745.7945000000
  [3,3,169] 1745.7945000000
  [3,3,170] 1745.7945000000
  [3,3,171] 1745.7945000000
  [3,3,172] 1745.7945000000
  [3,3,173] 1745.7945000000
  [3,3,174] 1706.3623443793
  [3,3,175] 1488.1599422385
  [3,3,176] 1424.9722207053
  [3,3,177] 1394.5983270398
  [3,3,178] 1745.7945000000
  [3,3,179] 1745.7945000000
  [3,3,180] 1745.7945000000
  [3,3,181] 1745.7945000000
  [3,3,182] 1745.7945000000
  [3,3,183] 1745.7945000000
  [3,3,184] 1745.7945000000
  [3,3,185] 1745.7945000000
  [3,3,186] 1745.7945000000
  [3,3,187] 1745.7945000000
  [3,3,188] 1745.7945000000
  [3,3,189] 1745.7945000000
  [3,3,190] 1745.7945000000
  [3,3,191] 1745.7945000000
  [3,3,192] 1745.7945000000
  [3,3,193] 1745.7945000000
  [3,3,194] 1745.7945000000
  [3,3,195] 1745.7945000000
  [3,3,196] 1745.7945000000
  [3,3,197] 1745.7945000000
  [3,3,198] 1745.7945000000
  [3,3,199] 1745.7945000000
  [3,3,200] 1745.7945000000
  [3,3,201] 1475.5223979319
  [3,3,202] 1745.7945000000
  [3,3,203] 1745.7945000000
  [3,3,204] 1745.7945000000
  [3,3,205] 1745.7945000000
  [3,3,206] 1745.7945000000
  [3,3,207] 1745.7945000000
  [3,3,208] 1745.7945000000
  [3,3,209] 1745.7945000000
  [3,3,210] 1745.7945000000
  [3,3,211] 1745.7945000000
  [3,3,212] 1745.7945000000
  [3,3,213] 1745.7945000000
  [3,3,214] 1745.7945000000
  [3,3,215] 1745.7945000000
  [3,3,216] 1745.7945000000
  [3,3,217] 1676.0814010344
  [3,3,218] 1418.6534485520
  [3,3,219] 1215.1520339815
  [3,3,220] 1109.4021683860
  [3,3,221] 1082.9647019871
  [3,3,222] 1122.6209015854
  [3,3,223] 1162.2771011838
  [3,3,224] 1248.0466004123
  [3,3,225] 1089.5740685868
  [3,3,226] 853.8948191379
  [3,3,227] 1222.2207087430
  [3,3,228] 1586.9196567432
  [3,3,229] 1745.7945000000
  [3,3,230] 1698.2707817407
  [3,3,231] 1498.9563102098
  [3,3,232] 1292.4690323626
  [3,3,233] 1195.3596149011
  [3,3,234] 1186.3609376235
  [3,3,235] 1259.6843547001
  [3,3,236] 1329.5654595352
  [3,3,237] 1645.8004576894
  [3,3,238] 1745.7945000000
  [3,3,239] 1745.7945000000
  [3,3,240] 1745.7945000000
  [3,3,241] 1745.7945000000
  [3,3,242] 1745.7945000000
  [3,3,243] 1745.7945000000
  [3,3,244] 1567.0700049926
  [3,3,245] 1412.3346763987
  [3,3,246] 1323.8718662521
  [3,3,247] 1311.2343219455
  [3,3,248] 1311.2343219455
  [3,3,249] 1304.9155497922
  [3,3,250] 1586.0184806515
  [3,3,251] 1745.7945000000
  [3,3,252] 1745.7945000000
  [3,3,253] 1745.7945000000
  [3,3,254] 1745.7945000000
  [3,3,255] 1745.7945000000
  [3,3,256] 1745.7945000000
  [3,3,257] 1745.7945000000
  [3,3,258] 1745.7945000000
  [3,3,259] 1745.7945000000
  [3,3,260] 1745.7945000000
  [3,3,261] 1745.7945000000
  [3,3,262] 1745.7945000000
  [3,3,263] 1745.7945000000
  [3,3,264] 1745.7945000000
  [3,3,265] 1745.7945000000
  [3,3,266] 1745.7945000000
  [3,3,267] 1745.7945000000
  [3,3,268] 1745.7945000000
  [3,3,269] 1745.7945000000
  [3,3,270] 1745.7945000000
  [3,3,271] 1745.7945000000
  [3,3,272] 1745.7945000000
  [3,3,273] 1745.7945000000
  [3,3,274] 1745.7945000000
  [3,3,275] 1745.7945000000
  [3,3,276] 1745.7945000000
  [3,3,277] 1745.7945000000
  [3,3,278] 1745.7945000000
  [3,3,279] 1745.7945000000
  [3,3,280] 1745.7945000000
  [3,3,281] 1745.7945000000
  [3,3,282] 1745.7945000000
  [3,3,283] 1745.7945000000
  [3,3,284] 1745.7945000000
  [3,3,285] 1745.7945000000
  [3,3,286] 1745.7945000000
  [3,3,287] 1745.7945000000
  [3,3,288] 1745.7945000000
  [3,3,289] 1745.7945000000
  [3,3,290] 1745.7945000000
  [3,3,291] 1745.7945000000
  [3,3,292] 1745.7945000000
  [3,3,293] 1745.7945000000
  [3,3,294] 1745.7945000000
  [3,3,295] 1724.5309103863
  [3,3,296] 1700.3061557103
  [3,3,297] 1586.4078410341
  [3,3,298] 1745.7945000000
  [3,3,299] 1745.7945000000
  [3,3,300] 1745.7945000000
  [3,3,301] 1745.7945000000
  [3,3,302] 1497.0083194101
  [3,3,303] 1244.7979030684
  [3,3,304] 1135.0916371711
  [3,3,305] 1092.2611510815
  [3,3,306] 1080.1212730701
  [3,3,307] 1233.4114796348
  [3,3,308] 1745.7945000000
  [3,3,309] 1745.7945000000
  [3,3,310] 1745.7945000000
  [3,3,311] 1745.7945000000
  [3,3,312] 1745.7945000000
  [3,3,313] 1718.4747217173
  [3,3,314] 1676.0814010344
  [3,3,315] 1633.6880803515
  [3,3,316] 1481.8411700852
  [3,3,317] 1116.0115349857
  [3,3,318] 760.7266244315
  [3,3,319] 511.3496865061
  [3,3,320] 395.8964433332
  [3,3,321] 388.1995604550
  [3,3,322] 615.1938546954
  [3,3,323] 795.5920534653
  [3,3,324] 695.9390788885
  [3,3,325] 634.9759944948
  [3,3,326] 666.3424442910
  [3,3,327] 690.2732370250
  [3,3,328] 731.5651081684
  [3,3,329] 770.7479406180
  [3,3,330] 837.4584047749
  [3,3,331] 790.8217715139
  [3,3,332] 663.6687566313
  [3,3,333] 571.1581616870
  [3,3,334] 465.1683892369
  [3,3,335] 357.4120289422
  [3,3,336] 318.9276145512
  [3,3,337] 0.0000000000
  [3,3,338] 0.0000000000
  [3,3,339] 0.0000000000
  [3,3,340] 0.0000000000
  [3,3,341] 0.0000000000
  [3,3,342] 0.0000000000
  [3,3,343] 0.0000000000
  [3,3,344] 0.0000000000
  [3,3,345] 0.0000000000
  [3,3,346] 0.0000000000
  [3,3,347] 734.8478183652
  [3,3,348] 1250.1751856135
  [3,3,349] 1451.5317790015
  [3,3,350] 1518.6823177473
  [3,3,351] 1525.9975373940
  [3,3,352] 1431.9806743108
  [3,3,353] 1387.7176381637
  [3,3,354] 1547.5829636747
  [3,3,355] 1745.7945000000
  [3,3,356] 1745.7945000000
  [3,3,357] 1597.3509483376
  [3,3,358] 1298.5967776388
  [3,3,359] 1089.5740685868
  [3,3,360] 982.8897477236
  [3,3,361] 948.2301895147
  [3,3,362] 878.9110730969
  [3,3,363] 760.7266244315
  [3,3,364] 724.2711508268
  [3,3,365] 665.9423930593
  [3,3,366] 658.6512983383
  [3,3,367] 629.4869194546
  [3,3,368] 687.8156772221
  [3,3,369] 716.9800561059
  [3,3,370] 717.5218070583
  [3,3,371] 961.2026892558
  [3,3,372] 1287.9625346725
  [3,3,373] 1629.5822602556
  [3,3,374] 1745.7945000000
  [3,3,375] 1745.7945000000
  [3,3,376] 1745.7945000000
  [3,3,377] 1745.7945000000
  [3,3,378] 1745.7945000000
  [3,3,379] 1745.7945000000
  [3,3,380] 1583.1401860367
  [3,3,381] 1406.0159042453
  [3,3,382] 1387.0595877854
  [3,3,383] 1260.6841447189
  [3,3,384] 1116.0115349857
  [3,3,385] 927.4344545893
  [3,3,386] 768.0004868283
  [3,3,387] 636.7780141755
  [3,3,388] 578.4492564080
  [3,3,389] 593.0314458499
  [3,3,390] 658.6512983383
  [3,3,391] 774.9323984701
  [3,3,392] 899.7068080222
  [3,3,393] 989.8216593654
  [3,3,394] 989.5134383236
  [3,3,395] 1544.4657028404
  [3,3,396] 1745.7945000000
  [3,3,397] 1745.7945000000
  [3,3,398] 1745.7945000000
  [3,3,399] 1745.7945000000
  [3,3,400] 1745.7945000000
  [3,3,401] 1698.2392762441
  [3,3,402] 1567.0711938793
  [3,3,403] 1483.5622726299
  [3,3,404] 1470.5488767405
  [3,3,405] 1450.2473093186
  [3,3,406] 1561.0138163236
  [3,3,407] 1657.9128350274
  [3,3,408] 1718.4747217173
  [3,3,409] 1745.7945000000
  [3,3,410] 1745.7945000000
  [3,3,411] 1745.7945000000
  [3,3,412] 1742.6994763932
  [3,3,413] 1676.0814010344
  [3,3,414] 1399.6971320920
  [3,3,415] 1116.0115349857
  [3,3,416] 906.6387196640
  [3,3,417] 802.6600450372
  [3,3,418] 720.3371944388
  [3,3,419] 1097.4277191617
  [3,3,420] 1525.5475437915
  [3,3,421] 1606.7669307204
  [3,3,422] 1523.1798759991
  [3,3,423] 1369.5446559430
  [3,3,424] 1152.5291288116
  [3,3,425] 943.3251884325
  [3,3,426] 789.5528261653
  [3,3,427] 740.4785931261
  [3,3,428] 847.6834507263
  [3,3,429] 1285.9592333322
  [3,3,430] 1627.6318916825
  [3,3,431] 1567.0700049926
  [3,3,432] 1342.8281827121
  [3,3,433] 1102.7928017863
  [3,3,434] 865.0472498133
  [3,3,435] 665.9423930593
  [3,3,436] 556.5759722452
  [3,3,437] 556.5759722452
  [3,3,438] 629.4869194546
  [3,3,439] 738.8533402687
  [3,3,440] 837.3196032462
  [3,3,441] 927.4344545893
  [3,3,442] 1035.4892350521
  [3,3,443] 1617.0502059251
  [3,3,444] 1745.7945000000
  [3,3,445] 1721.4160273253
  [3,3,446] 1624.1276482389
  [3,3,447] 1543.1787330261
  [3,3,448] 1438.8334534158
  [3,3,449] 1358.0966880979
  [3,3,450] 1289.7468993648
  [3,3,451] 1252.7404036765
  [3,3,452] 1298.3158192775
  [3,3,453] 1481.8411700852
  [3,3,454] 1742.6994763932
  [3,3,455] 1745.7945000000
  [3,3,456] 1745.7945000000
  [3,3,457] 1745.7945000000
  [3,3,458] 1745.7945000000
  [3,3,459] 1745.7945000000
  [3,3,460] 1745.7945000000
  [3,3,461] 1670.0252123654
  [3,3,462] 1645.8004576894
  [3,3,463] 1745.7945000000
  [3,3,464] 1745.7945000000
  [3,3,465] 1745.7945000000
  [3,3,466] 1745.7945000000
  [3,3,467] 1745.7945000000
  [3,3,468] 1745.7945000000
  [3,3,469] 1745.7945000000
  [3,3,470] 1745.7945000000
  [3,3,471] 1745.7945000000
  [3,3,472] 1745.7945000000
  [3,3,473] 1745.7945000000
  [3,3,474] 1745.7945000000
  [3,3,475] 1745.7945000000
  [3,3,476] 1745.7945000000
  [3,3,477] 1745.7945000000
  [3,3,478] 1745.7945000000
  [3,3,479] 1745.7945000000
  [3,3,480] 1745.7945000000
  [3,3,481] 1745.7945000000
  [3,3,482] 1745.7945000000
  [3,3,483] 1745.7945000000
  [3,3,484] 1651.8566463584
  [3,3,485] 1512.5643069718
  [3,3,486] 1475.5223979319
  [3,3,487] 1518.6204956408
  [3,3,488] 1633.6880803515
  [3,3,489] 1745.7945000000
  [3,3,490] 1745.7945000000
  [3,3,491] 1745.7945000000
  [3,3,492] 1745.7945000000
  [3,3,493] 1745.7945000000
  [3,3,494] 1745.7945000000
  [3,3,495] 1745.7945000000
  [3,3,496] 1745.7945000000
  [3,3,497] 1745.7945000000
  [3,3,498] 1745.7945000000
  [3,3,499] 1745.7945000000
  [3,3,500] 1745.7945000000
  [3,3,501] 1745.7945000000
  [3,3,502] 1745.7945000000
  [3,3,503] 1745.7945000000
  [3,3,504] 1745.7945000000
  [3,3,505] 1745.7945000000
  [3,3,506] 1745.7945000000
  [3,3,507] 1745.7945000000
  [3,3,508] 1745.7945000000
  [3,3,509] 1567.0700049926
  [3,3,510] 1481.8411700852
  [3,3,511] 1462.8848536253
  [3,3,512] 1512.5643069718
  [3,3,513] 1525.8459543443
  [3,3,514] 1745.7945000000
  [3,3,515] 1745.7945000000
  [3,3,516] 1745.7945000000
  [3,3,517] 1745.7945000000
  [3,3,518] 1745.7945000000
  [3,3,519] 1745.7945000000
  [3,3,520] 1745.7945000000
  [3,3,521] 1745.7945000000
  [3,3,522] 1745.7945000000
  [3,3,523] 1745.7945000000
  [3,3,524] 1745.7945000000
  [3,3,525] 1745.7945000000
  [3,3,526] 1745.7945000000
  [3,3,527] 1745.7945000000
  [3,3,528] 1745.7945000000
  [3,3,529] 1745.7945000000
  [3,3,530] 1745.7945000000
  [3,3,531] 1745.7945000000
  [3,3,532] 1745.7945000000
  [3,3,533] 1745.7945000000
  [3,3,534] 1745.7945000000
  [3,3,535] 1745.7945000000
  [3,3,536] 1745.7945000000
  [3,3,537] 1745.7945000000
  [3,3,538] 1745.7945000000
  [3,3,539] 1745.7945000000
  [3,3,540] 1745.7945000000
  [3,3,541] 1745.7945000000
  [3,3,542] 1745.7945000000
  [3,3,543] 1745.7945000000
  [3,3,544] 1745.7945000000
  [3,3,545] 1745.7945000000
  [3,3,546] 1745.7945000000
  [3,3,547] 1745.7945000000
  [3,3,548] 1745.7945000000
  [3,3,549] 1745.7945000000
  [3,3,550] 1745.7945000000
  [3,3,551] 1745.7945000000
  [3,3,552] 1745.7945000000
  [3,3,553] 1745.7945000000
  [3,3,554] 1745.7945000000
  [3,3,555] 1745.7945000000
  [3,3,556] 1730.5870990552
  [3,3,557] 1349.1469548654
  [3,3,558] 1096.1834351866
  [3,3,559] 1082.9647019871
  [3,3,560] 1188.7145675826
  [3,3,561] 1311.2343219455
  [3,3,562] 1745.7945000000
  [3,3,563] 1745.7945000000
  [3,3,564] 1745.7945000000
  [3,3,565] 1745.7945000000
  [3,3,566] 1745.7945000000
  [3,3,567] 1745.7945000000
  [3,3,568] 1745.7945000000
  [3,3,569] 1745.7945000000
  [3,3,570] 1745.7945000000
  [3,3,571] 1745.7945000000
  [3,3,572] 1745.7945000000
  [3,3,573] 1745.7945000000
  [3,3,574] 1745.7945000000
  [3,3,575] 1745.7945000000
  [3,3,576] 1745.7945000000
  [3,3,577] 1745.7945000000
  [3,3,578] 1745.7945000000
  [3,3,579] 1745.7945000000
  [3,3,580] 1745.7945000000
  [3,3,581] 1745.7945000000
  [3,3,582] 1456.5660814719
  [3,3,583] 1254.3653725656
  [3,3,584] 1215.1520339815
  [3,3,585] 1208.5426673818
  [3,3,586] 1745.7945000000
  [3,3,587] 1745.7945000000
  [3,3,588] 1745.7945000000
  [3,3,589] 1745.7945000000
  [3,3,590] 1745.7945000000
  [3,3,591] 1745.7945000000
  [3,3,592] 1745.7945000000
  [3,3,593] 1745.7945000000
  [3,3,594] 1745.7945000000
  [3,3,595] 1745.7945000000
  [3,3,596] 1745.7945000000
  [3,3,597] 1745.7945000000
  [3,3,598] 1745.7945000000
  [3,3,599] 1745.7945000000
  [3,3,600] 1745.7945000000
  [3,3,601] 1745.7945000000
  [3,3,602] 1745.7945000000
  [3,3,603] 1475.5223979319
  [3,3,604] 1304.9155497922
  [3,3,605] 1241.5895003804
  [3,3,606] 1406.0159042453
  [3,3,607] 1615.5195143445
  [3,3,608] 1736.6432877242
  [3,3,609] 1712.4185330483
  [3,3,610] 1745.7945000000
  [3,3,611] 1745.7945000000
  [3,3,612] 1745.7945000000
  [3,3,613] 1745.7945000000
  [3,3,614] 1745.7945000000
  [3,3,615] 1745.7945000000
  [3,3,616] 1745.7945000000
  [3,3,617] 1745.7945000000
  [3,3,618] 1745.7945000000
  [3,3,619] 1745.7945000000
  [3,3,620] 1745.7945000000
  [3,3,621] 1745.7945000000
  [3,3,622] 1745.7945000000
  [3,3,623] 1745.7945000000
  [3,3,624] 1745.7945000000
  [3,3,625] 1745.7945000000
  [3,3,626] 1745.7945000000
  [3,3,627] 1745.7945000000
  [3,3,628] 1609.4633256755
  [3,3,629] 1506.5081183028
  [3,3,630] 1554.9576276547
  [3,3,631] 1627.6318916825
  [3,3,632] 1694.2499670413
  [3,3,633] 1694.2499670413
  [3,3,634] 1745.7945000000
  [3,3,635] 1745.7945000000
  [3,3,636] 1745.7945000000
  [3,3,637] 1745.7945000000
  [3,3,638] 1745.7945000000
  [3,3,639] 1745.7945000000
  [3,3,640] 1745.7945000000
  [3,3,641] 1745.7945000000
  [3,3,642] 1745.7945000000
  [3,3,643] 1745.7945000000
  [3,3,644] 1745.7945000000
  [3,3,645] 1745.7945000000
  [3,3,646] 1745.7945000000
  [3,3,647] 1745.7945000000
  [3,3,648] 1745.7945000000
  [3,3,649] 1745.7945000000
  [3,3,650] 1745.7945000000
  [3,3,651] 1706.3623443793
  [3,3,652] 1512.5643069718
  [3,3,653] 1393.3783599387
  [3,3,654] 1330.1906384055
  [3,3,655] 1311.2343219455
  [3,3,656] 1323.8718662521
  [3,3,657] 1323.8718662521
  [3,3,658] 1745.7945000000
  [3,3,659] 1745.7945000000
  [3,3,660] 1745.7945000000
  [3,3,661] 1745.7945000000
  [3,3,662] 1745.7945000000
  [3,3,663] 1745.7945000000
  [3,3,664] 1745.7945000000
  [3,3,665] 1745.7945000000
  [3,3,666] 1745.7945000000
  [3,3,667] 1745.7945000000
  [3,3,668] 1745.7945000000
  [3,3,669] 1745.7945000000
  [3,3,670] 1745.7945000000
  [3,3,671] 1745.7945000000
  [3,3,672] 1745.7945000000
  [3,3,673] 1745.7945000000
  [3,3,674] 1745.7945000000
  [3,3,675] 1745.7945000000
  [3,3,676] 1488.1599422385
  [3,3,677] 1431.2909928586
  [3,3,678] 1488.1599422385
  [3,3,679] 1651.8566463584
  [3,3,680] 1663.9690236964
  [3,3,681] 1603.4071370065
  [3,3,682] 1745.7945000000
  [3,3,683] 1745.7945000000
  [3,3,684] 1745.7945000000
  [3,3,685] 1745.7945000000
  [3,3,686] 1745.7945000000
  [3,3,687] 1745.7945000000
  [3,3,688] 1745.7945000000
  [3,3,689] 1745.7945000000
  [3,3,690] 1745.7945000000
  [3,3,691] 1745.7945000000
  [3,3,692] 1745.7945000000
  [3,3,693] 1745.7945000000
  [3,3,694] 1745.7945000000
  [3,3,695] 1745.7945000000
  [3,3,696] 1745.7945000000
  [3,3,697] 1745.7945000000
  [3,3,698] 1745.7945000000
  [3,3,699] 1745.7945000000
  [3,3,700] 1745.7945000000
  [3,3,701] 1406.0159042453
  [3,3,702] 1201.9333007821
  [3,3,703] 1241.5895003804
  [3,3,704] 1304.9155497922
  [3,3,705] 1393.3783599387
  [3,3,706] 1745.7945000000
  [3,3,707] 1745.7945000000
  [3,3,708] 1745.7945000000
  [3,3,709] 1745.7945000000
  [3,3,710] 1745.7945000000
  [3,3,711] 1745.7945000000
  [3,3,712] 1745.7945000000
  [3,3,713] 1693.7720346022
  [3,3,714] 1567.4011099287
  [3,3,715] 1556.7272854548
  [3,3,716] 1681.6281517676
  [3,3,717] 1745.7945000000
  [3,3,718] 1745.7945000000
  [3,3,719] 1745.7945000000
  [3,3,720] 1745.7945000000
  [3,3,721] 1745.7945000000
  [3,3,722] 1745.7945000000
  [3,3,723] 1745.7945000000
  [3,3,724] 1745.7945000000
  [3,3,725] 1745.7945000000
  [3,3,726] 1745.7945000000
  [3,3,727] 1745.7945000000
  [3,3,728] 1745.7945000000
  [3,3,729] 1745.7945000000
  [3,3,730] 1745.7945000000
  [3,3,731] 1745.7945000000
  [3,3,732] 1745.7945000000
  [3,3,733] 1745.7945000000
  [3,3,734] 1745.7945000000
  [3,3,735] 1745.7945000000
  [3,3,736] 1745.7945000000
  [3,3,737] 1745.7945000000
  [3,3,738] 1745.7945000000
  [3,3,739] 1745.7945000000
  [3,3,740] 1745.7945000000
  [3,3,741] 1745.7945000000
  [3,3,742] 1745.7945000000
  [3,3,743] 1745.7945000000
  [3,3,744] 1745.7945000000
  [9,1,1] 1492.4810414559
  [9,1,2] 1492.4810414559
  [9,1,3] 1492.4810414559
  [9,1,4] 1492.4810414559
  [9,1,5] 1492.4810414559
  [9,1,6] 1492.4810414559
  [9,1,7] 1492.4810414559
  [9,1,8] 1492.4810414559
  [9,1,9] 1492.4810414559
  [9,1,10] 1492.4810414559
  [9,1,11] 1492.4810414559
  [9,1,12] 1492.4810414559
  [9,1,13] 1492.4810414559
  [9,1,14] 1492.4810414559
  [9,1,15] 1492.4810414559
  [9,1,16] 1492.4810414559
  [9,1,17] 1492.4810414559
  [9,1,18] 1492.4810414559
  [9,1,19] 1492.4810414559
  [9,1,20] 1492.4810414559
  [9,1,21] 1492.4810414559
  [9,1,22] 1492.4810414559
  [9,1,23] 1492.4810414559
  [9,1,24] 1492.4810414559
  [9,1,25] 1492.4809946755
  [9,1,26] 1492.4810414559
  [9,1,27] 1492.4810414559
  [9,1,28] 1492.4810414559
  [9,1,29] 1492.4810414559
  [9,1,30] 1492.4810414559
  [9,1,31] 1492.4809946755
  [9,1,32] 1492.4810414559
  [9,1,33] 1492.4810414559
  [9,1,34] 1492.4810414559
  [9,1,35] 1492.4810414559
  [9,1,36] 1492.4809946755
  [9,1,37] 1492.4810414559
  [9,1,38] 1492.4810414559
  [9,1,39] 1492.4810414559
  [9,1,40] 1492.4810414559
  [9,1,41] 1492.4810414559
  [9,1,42] 1492.4810414559
  [9,1,43] 1492.4810414559
  [9,1,44] 1492.4809946755
  [9,1,45] 1492.4810414559
  [9,1,46] 1492.4810414559
  [9,1,47] 1492.4810414559
  [9,1,48] 1492.4810414559
  [9,1,49] 1492.4810414559
  [9,1,50] 1492.4809946755
  [9,1,51] 1492.4810414559
  [9,1,52] 1492.4810414559
  [9,1,53] 1492.4810414559
  [9,1,54] 1492.4809946755
  [9,1,55] 1492.4810414559
  [9,1,56] 1492.4810414559
  [9,1,57] 1492.4810414559
  [9,1,58] 1492.4810414559
  [9,1,59] 1492.4810414559
  [9,1,60] 1492.4809946755
  [9,1,61] 1492.4810414559
  [9,1,62] 1492.4810414559
  [9,1,63] 1492.4810414559
  [9,1,64] 1492.4810414559
  [9,1,65] 1492.4810414559
  [9,1,66] 1492.4809946755
  [9,1,67] 1492.4810414559
  [9,1,68] 1492.4810414559
  [9,1,69] 1492.4810414559
  [9,1,70] 1492.4810414559
  [9,1,71] 1492.4810414559
  [9,1,72] 1492.4809946755
  [9,1,73] 1492.4810414559
  [9,1,74] 1492.4810414559
  [9,1,75] 1492.4810414559
  [9,1,76] 1492.4809946755
  [9,1,77] 1492.4810414559
  [9,1,78] 1492.4810414559
  [9,1,79] 1492.4810414559
  [9,1,80] 1492.4810414559
  [9,1,81] 1492.4810414559
  [9,1,82] 1492.4810414559
  [9,1,83] 1492.4809946755
  [9,1,84] 1492.4810414559
  [9,1,85] 1492.4810414559
  [9,1,86] 1492.4810414559
  [9,1,87] 1492.4810414559
  [9,1,88] 1492.4810414559
  [9,1,89] 1492.4809946755
  [9,1,90] 1492.4810414559
  [9,1,91] 1492.4810414559
  [9,1,92] 1492.4810414559
  [9,1,93] 1492.4810414559
  [9,1,94] 1492.4810414559
  [9,1,95] 1492.4809946755
  [9,1,96] 1492.4810414559
  [9,1,97] 1492.4810414559
  [9,1,98] 1492.4810414559
  [9,1,99] 1492.4810414559
  [9,1,100] 1492.4810414559
  [9,1,101] 1492.4810414559
  [9,1,102] 1492.4810414559
  [9,1,103] 1492.4810414559
  [9,1,104] 1492.4810414559
  [9,1,105] 1492.4810414559
  [9,1,106] 1492.4810414559
  [9,1,107] 1492.4809946755
  [9,1,108] 1492.4810414559
  [9,1,109] 1492.4810414559
  [9,1,110] 1492.4810414559
  [9,1,111] 1492.4810414559
  [9,1,112] 1492.4810414559
  [9,1,113] 1492.4810414559
  [9,1,114] 1492.4810414559
  [9,1,115] 1492.4810414559
  [9,1,116] 1492.4810414559
  [9,1,117] 1492.4810414559
  [9,1,118] 1492.4810414559
  [9,1,119] 1492.4809946755
  [9,1,120] 1492.4810414559
  [9,1,121] 1492.4810414559
  [9,1,122] 1492.4810414559
  [9,1,123] 1492.4810414559
  [9,1,124] 1492.4810414559
  [9,1,125] 1492.4810414559
  [9,1,126] 1492.4810414559
  [9,1,127] 1492.4810414559
  [9,1,128] 1492.4810414559
  [9,1,129] 1485.5307300173
  [9,1,130] 1492.4810414559
  [9,1,131] 1492.4810414559
  [9,1,132] 1492.4810414559
  [9,1,133] 1492.4810414559
  [9,1,134] 1492.4810414559
  [9,1,135] 1492.4810414559
  [9,1,136] 1492.4810414559
  [9,1,137] 1492.4810414559
  [9,1,138] 1492.4810414559
  [9,1,139] 1492.4810414559
  [9,1,140] 1492.4810414559
  [9,1,141] 1492.4809946755
  [9,1,142] 1492.4810414559
  [9,1,143] 1492.4810414559
  [9,1,144] 1492.4809946755
  [9,1,145] 1492.4810414559
  [9,1,146] 1492.4810414559
  [9,1,147] 1492.4810414559
  [9,1,148] 1492.4810414559
  [9,1,149] 1492.4810414559
  [9,1,150] 1492.4810414559
  [9,1,151] 1492.4810414559
  [9,1,152] 1492.4810414559
  [9,1,153] 1492.4810414559
  [9,1,154] 1492.4810414559
  [9,1,155] 1492.4810414559
  [9,1,156] 1492.4810414559
  [9,1,157] 1492.4810414559
  [9,1,158] 1492.4810414559
  [9,1,159] 1492.4810414559
  [9,1,160] 1492.4810414559
  [9,1,161] 1492.4810414559
  [9,1,162] 1492.4810414559
  [9,1,163] 1492.4810414559
  [9,1,164] 1492.4810414559
  [9,1,165] 1492.4809946755
  [9,1,166] 1492.4810414559
  [9,1,167] 1492.4810414559
  [9,1,168] 1492.4810414559
  [9,1,169] 1492.4810414559
  [9,1,170] 1492.4810414559
  [9,1,171] 1492.4810414559
  [9,1,172] 1492.4810414559
  [9,1,173] 1492.4810414559
  [9,1,174] 1492.4810414559
  [9,1,175] 1492.4810414559
  [9,1,176] 1492.4810414559
  [9,1,177] 1492.4810414559
  [9,1,178] 1492.4810414559
  [9,1,179] 1492.4810414559
  [9,1,180] 1492.4809946755
  [9,1,181] 1492.4810414559
  [9,1,182] 1492.4810414559
  [9,1,183] 1492.4810414559
  [9,1,184] 1492.4810414559
  [9,1,185] 1492.4810414559
  [9,1,186] 1492.4810414559
  [9,1,187] 1492.4810414559
  [9,1,188] 1492.4810414559
  [9,1,189] 1492.4809946755
  [9,1,190] 1492.4810414559
  [9,1,191] 1492.4810414559
  [9,1,192] 1492.4810414559
  [9,1,193] 1492.4810414559
  [9,1,194] 1492.4810414559
  [9,1,195] 1492.4810414559
  [9,1,196] 1492.4810414559
  [9,1,197] 1492.4810414559
  [9,1,198] 1492.4810414559
  [9,1,199] 1492.4810414559
  [9,1,200] 1492.4810414559
  [9,1,201] 1492.4810414559
  [9,1,202] 1492.4810414559
  [9,1,203] 1492.4810414559
  [9,1,204] 1492.4809946755
  [9,1,205] 1492.4810414559
  [9,1,206] 1492.4810414559
  [9,1,207] 1492.4810414559
  [9,1,208] 1492.4810414559
  [9,1,209] 1492.4810414559
  [9,1,210] 1492.4810414559
  [9,1,211] 1492.4810414559
  [9,1,212] 1492.4810414559
  [9,1,213] 1492.4810414559
  [9,1,214] 1492.4810414559
  [9,1,215] 1492.4810414559
  [9,1,216] 1492.4809946755
  [9,1,217] 1492.4810414559
  [9,1,218] 1492.4810414559
  [9,1,219] 1492.4810414559
  [9,1,220] 1492.4810414559
  [9,1,221] 1492.4810414559
  [9,1,222] 1492.4809946755
  [9,1,223] 1492.4810414559
  [9,1,224] 1492.4810414559
  [9,1,225] 1492.4810414559
  [9,1,226] 1492.4810414559
  [9,1,227] 1492.4810414559
  [9,1,228] 1492.4809946755
  [9,1,229] 1492.4810414559
  [9,1,230] 1492.4810414559
  [9,1,231] 1492.4810414559
  [9,1,232] 1492.4810414559
  [9,1,233] 1492.4810414559
  [9,1,234] 1492.4810414559
  [9,1,235] 1492.4810414559
  [9,1,236] 1492.4810414559
  [9,1,237] 1492.4810414559
  [9,1,238] 1492.4810414559
  [9,1,239] 1492.4810414559
  [9,1,240] 1492.4810414559
  [9,1,241] 1492.4810414559
  [9,1,242] 1492.4810414559
  [9,1,243] 1492.4810414559
  [9,1,244] 1492.4810414559
  [9,1,245] 1492.4810414559
  [9,1,246] 1492.4810414559
  [9,1,247] 1492.4810414559
  [9,1,248] 1492.4810414559
  [9,1,249] 1492.4810414559
  [9,1,250] 1492.4810414559
  [9,1,251] 1492.4810414559
  [9,1,252] 1492.4810414559
  [9,1,253] 1492.4810414559
  [9,1,254] 1492.4810414559
  [9,1,255] 1492.4810414559
  [9,1,256] 1492.4810414559
  [9,1,257] 1492.4810414559
  [9,1,258] 1492.4810414559
  [9,1,259] 1492.4810414559
  [9,1,260] 1492.4810414559
  [9,1,261] 1492.4810414559
  [9,1,262] 1492.4810414559
  [9,1,263] 1492.4810414559
  [9,1,264] 1492.4810414559
  [9,1,265] 1492.4810414559
  [9,1,266] 1492.4810414559
  [9,1,267] 1492.4810414559
  [9,1,268] 1492.4810414559
  [9,1,269] 1492.4810414559
  [9,1,270] 1492.4810414559
  [9,1,271] 1492.4810414559
  [9,1,272] 1492.4810414559
  [9,1,273] 1492.4810414559
  [9,1,274] 1492.4810414559
  [9,1,275] 1492.4810414559
  [9,1,276] 1492.4810414559
  [9,1,277] 1492.4810414559
  [9,1,278] 1492.4810414559
  [9,1,279] 1492.4810414559
  [9,1,280] 1492.4810414559
  [9,1,281] 1492.4810414559
  [9,1,282] 1492.4810414559
  [9,1,283] 1492.4810414559
  [9,1,284] 1492.4810414559
  [9,1,285] 1492.4810414559
  [9,1,286] 1492.4810414559
  [9,1,287] 1492.4810414559
  [9,1,288] 1492.4810414559
  [9,1,289] 1492.4810414559
  [9,1,290] 1492.4810414559
  [9,1,291] 1492.4810414559
  [9,1,292] 1492.4810414559
  [9,1,293] 1492.4810414559
  [9,1,294] 1492.4810414559
  [9,1,295] 1492.4810414559
  [9,1,296] 1492.4810414559
  [9,1,297] 1492.4809946755
  [9,1,298] 1492.4810414559
  [9,1,299] 1492.4810414559
  [9,1,300] 1492.4810414559
  [9,1,301] 1492.4810414559
  [9,1,302] 1492.4810414559
  [9,1,303] 1492.4810414559
  [9,1,304] 1492.4810414559
  [9,1,305] 1492.4810414559
  [9,1,306] 1492.4810414559
  [9,1,307] 1492.4810414559
  [9,1,308] 1492.4810414559
  [9,1,309] 1492.4809946755
  [9,1,310] 1492.4810414559
  [9,1,311] 1492.4810414559
  [9,1,312] 1492.4809946755
  [9,1,313] 1492.4810414559
  [9,1,314] 1492.4810414559
  [9,1,315] 1492.4810414559
  [9,1,316] 1492.4810414559
  [9,1,317] 1492.4810414559
  [9,1,318] 1492.4810414559
  [9,1,319] 1492.4810414559
  [9,1,320] 1492.4810414559
  [9,1,321] 1492.4810414559
  [9,1,322] 1492.4810414559
  [9,1,323] 1492.4810414559
  [9,1,324] 1492.4810414559
  [9,1,325] 1745.7945000000
  [9,1,326] 1745.7945000000
  [9,1,327] 1745.7945000000
  [9,1,328] 1745.7945000000
  [9,1,329] 1745.7945000000
  [9,1,330] 1745.7945000000
  [9,1,331] 1745.7945000000
  [9,1,332] 1745.7945000000
  [9,1,333] 1745.7945000000
  [9,1,334] 1745.7945000000
  [9,1,335] 1745.7945000000
  [9,1,336] 1492.4810414559
  [9,1,337] 1745.7945000000
  [9,1,338] 1745.7945000000
  [9,1,339] 1745.7945000000
  [9,1,340] 1745.7945000000
  [9,1,341] 1745.7945000000
  [9,1,342] 1492.4809946755
  [9,1,343] 1745.7945000000
  [9,1,344] 1745.7945000000
  [9,1,345] 1492.4810414559
  [9,1,346] 1745.7945000000
  [9,1,347] 1492.4810414559
  [9,1,348] 1492.4809946755
  [9,1,349] 1745.7945000000
  [9,1,350] 1745.7945000000
  [9,1,351] 1745.7945000000
  [9,1,352] 1745.7945000000
  [9,1,353] 1745.7945000000
  [9,1,354] 1745.7945000000
  [9,1,355] 1492.4810414559
  [9,1,356] 1492.4810414559
  [9,1,357] 1492.4809946755
  [9,1,358] 1492.4810414559
  [9,1,359] 1703.6626536287
  [9,1,360] 1492.4810414559
  [9,1,361] 1492.4810414559
  [9,1,362] 1492.4810414559
  [9,1,363] 1492.4810414559
  [9,1,364] 1492.4810414559
  [9,1,365] 1492.4810414559
  [9,1,366] 1492.4810414559
  [9,1,367] 1492.4810414559
  [9,1,368] 1492.4810414559
  [9,1,369] 1492.4810414559
  [9,1,370] 1492.4810414559
  [9,1,371] 1492.4810414559
  [9,1,372] 1492.4810414559
  [9,1,373] 1492.4810414559
  [9,1,374] 1492.4810414559
  [9,1,375] 1492.4810414559
  [9,1,376] 1492.4810414559
  [9,1,377] 1492.4810414559
  [9,1,378] 1492.4810414559
  [9,1,379] 1492.4810414559
  [9,1,380] 1492.4810414559
  [9,1,381] 1492.4810414559
  [9,1,382] 1492.4810414559
  [9,1,383] 1492.4810414559
  [9,1,384] 1492.4810414559
  [9,1,385] 1492.4810414559
  [9,1,386] 1492.4810414559
  [9,1,387] 1492.4810414559
  [9,1,388] 1492.4810414559
  [9,1,389] 1492.4810414559
  [9,1,390] 1492.4810414559
  [9,1,391] 1492.4810414559
  [9,1,392] 1492.4810414559
  [9,1,393] 1492.4810414559
  [9,1,394] 1492.4810414559
  [9,1,395] 1492.4810414559
  [9,1,396] 1492.4810414559
  [9,1,397] 1492.4810414559
  [9,1,398] 1492.4810414559
  [9,1,399] 1492.4810414559
  [9,1,400] 1492.4810414559
  [9,1,401] 1492.4810414559
  [9,1,402] 1492.4810414559
  [9,1,403] 1492.4810414559
  [9,1,404] 1492.4810414559
  [9,1,405] 1492.4810414559
  [9,1,406] 1492.4810414559
  [9,1,407] 1492.4810414559
  [9,1,408] 1492.4809946755
  [9,1,409] 1492.4810414559
  [9,1,410] 1492.4810414559
  [9,1,411] 1492.4810414559
  [9,1,412] 1492.4810414559
  [9,1,413] 1492.4810414559
  [9,1,414] 1492.4809946755
  [9,1,415] 1745.7945000000
  [9,1,416] 1745.7945000000
  [9,1,417] 1745.7945000000
  [9,1,418] 1745.7945000000
  [9,1,419] 1745.7945000000
  [9,1,420] 1492.4809946755
  [9,1,421] 1745.7945000000
  [9,1,422] 1745.7945000000
  [9,1,423] 1745.7945000000
  [9,1,424] 1745.7945000000
  [9,1,425] 1745.7945000000
  [9,1,426] 1745.7945000000
  [9,1,427] 1745.7945000000
  [9,1,428] 1745.7945000000
  [9,1,429] 1745.7945000000
  [9,1,430] 1745.7945000000
  [9,1,431] 1745.7945000000
  [9,1,432] 1492.4809946755
  [9,1,433] 1745.7945000000
  [9,1,434] 1745.7945000000
  [9,1,435] 1745.7945000000
  [9,1,436] 1745.7945000000
  [9,1,437] 1745.7945000000
  [9,1,438] 1492.4809946755
  [9,1,439] 1745.7945000000
  [9,1,440] 1745.7945000000
  [9,1,441] 1745.7945000000
  [9,1,442] 1745.7945000000
  [9,1,443] 1745.7945000000
  [9,1,444] 1745.7945000000
  [9,1,445] 1745.7945000000
  [9,1,446] 1745.7945000000
  [9,1,447] 1745.7945000000
  [9,1,448] 1745.7945000000
  [9,1,449] 1745.7945000000
  [9,1,450] 1492.4809946755
  [9,1,451] 1745.7945000000
  [9,1,452] 1745.7945000000
  [9,1,453] 1745.7945000000
  [9,1,454] 1745.7945000000
  [9,1,455] 1745.7945000000
  [9,1,456] 1745.7945000000
  [9,1,457] 1745.7945000000
  [9,1,458] 1745.7945000000
  [9,1,459] 1745.7945000000
  [9,1,460] 1745.7945000000
  [9,1,461] 1745.7945000000
  [9,1,462] 1745.7945000000
  [9,1,463] 1745.7945000000
  [9,1,464] 1745.7945000000
  [9,1,465] 1492.4810414559
  [9,1,466] 1745.7945000000
  [9,1,467] 1745.7945000000
  [9,1,468] 1492.4810414559
  [9,1,469] 1745.7945000000
  [9,1,470] 1745.7945000000
  [9,1,471] 1745.7945000000
  [9,1,472] 1745.7945000000
  [9,1,473] 1745.7945000000
  [9,1,474] 1745.7945000000
  [9,1,475] 1745.7945000000
  [9,1,476] 1745.7945000000
  [9,1,477] 1745.7945000000
  [9,1,478] 1745.7945000000
  [9,1,479] 1745.7945000000
  [9,1,480] 1745.7945000000
  [9,1,481] 1745.7945000000
  [9,1,482] 1745.7945000000
  [9,1,483] 1745.7945000000
  [9,1,484] 1745.7945000000
  [9,1,485] 1745.7945000000
  [9,1,486] 1492.4810414559
  [9,1,487] 1745.7945000000
  [9,1,488] 1745.7945000000
  [9,1,489] 1745.7945000000
  [9,1,490] 1745.7945000000
  [9,1,491] 1745.7945000000
  [9,1,492] 1745.7945000000
  [9,1,493] 1745.7945000000
  [9,1,494] 1745.7945000000
  [9,1,495] 1745.7945000000
  [9,1,496] 1745.7945000000
  [9,1,497] 1745.7945000000
  [9,1,498] 1492.4810414559
  [9,1,499] 1745.7945000000
  [9,1,500] 1745.7945000000
  [9,1,501] 1745.7945000000
  [9,1,502] 1745.7945000000
  [9,1,503] 1745.7945000000
  [9,1,504] 1492.4810414559
  [9,1,505] 1745.7945000000
  [9,1,506] 1745.7945000000
  [9,1,507] 1745.7945000000
  [9,1,508] 1745.7945000000
  [9,1,509] 1745.7945000000
  [9,1,510] 1745.7945000000
  [9,1,511] 1745.7945000000
  [9,1,512] 1745.7945000000
  [9,1,513] 1492.4810414559
  [9,1,514] 1745.7945000000
  [9,1,515] 1745.7945000000
  [9,1,516] 1745.7945000000
  [9,1,517] 1745.7945000000
  [9,1,518] 1745.7945000000
  [9,1,519] 1745.7945000000
  [9,1,520] 1745.7945000000
  [9,1,521] 1745.7945000000
  [9,1,522] 1745.7945000000
  [9,1,523] 1745.7945000000
  [9,1,524] 1745.7945000000
  [9,1,525] 1492.4810414559
  [9,1,526] 1745.7945000000
  [9,1,527] 1745.7945000000
  [9,1,528] 1492.4810414559
  [9,1,529] 1745.7945000000
  [9,1,530] 1745.7945000000
  [9,1,531] 1745.7945000000
  [9,1,532] 1745.7945000000
  [9,1,533] 1745.7945000000
  [9,1,534] 1745.7945000000
  [9,1,535] 1745.7945000000
  [9,1,536] 1745.7945000000
  [9,1,537] 1745.7945000000
  [9,1,538] 1745.7945000000
  [9,1,539] 1745.7945000000
  [9,1,540] 1492.4810414559
  [9,1,541] 1745.7945000000
  [9,1,542] 1745.7945000000
  [9,1,543] 1745.7945000000
  [9,1,544] 1745.7945000000
  [9,1,545] 1745.7945000000
  [9,1,546] 1492.4810414559
  [9,1,547] 1745.7945000000
  [9,1,548] 1745.7945000000
  [9,1,549] 1745.7945000000
  [9,1,550] 1745.7945000000
  [9,1,551] 1745.7945000000
  [9,1,552] 1745.7945000000
  [9,1,553] 1745.7945000000
  [9,1,554] 1745.7945000000
  [9,1,555] 1745.7945000000
  [9,1,556] 1745.7945000000
  [9,1,557] 1745.7945000000
  [9,1,558] 1745.7945000000
  [9,1,559] 1745.7945000000
  [9,1,560] 1745.7945000000
  [9,1,561] 1492.4810414559
  [9,1,562] 1745.7945000000
  [9,1,563] 1745.7945000000
  [9,1,564] 1492.4810414559
  [9,1,565] 1745.7945000000
  [9,1,566] 1745.7945000000
  [9,1,567] 1745.7945000000
  [9,1,568] 1745.7945000000
  [9,1,569] 1745.7945000000
  [9,1,570] 1745.7945000000
  [9,1,571] 1745.7945000000
  [9,1,572] 1745.7945000000
  [9,1,573] 1745.7945000000
  [9,1,574] 1745.7945000000
  [9,1,575] 1745.7945000000
  [9,1,576] 1745.7945000000
  [9,1,577] 1745.7945000000
  [9,1,578] 1745.7945000000
  [9,1,579] 1745.7945000000
  [9,1,580] 1745.7945000000
  [9,1,581] 1745.7945000000
  [9,1,582] 1745.7945000000
  [9,1,583] 1745.7945000000
  [9,1,584] 1745.7945000000
  [9,1,585] 1492.4810414559
  [9,1,586] 1745.7945000000
  [9,1,587] 1745.7945000000
  [9,1,588] 1745.7945000000
  [9,1,589] 1745.7945000000
  [9,1,590] 1745.7945000000
  [9,1,591] 1745.7945000000
  [9,1,592] 1745.7945000000
  [9,1,593] 1745.7945000000
  [9,1,594] 1745.7945000000
  [9,1,595] 1745.7945000000
  [9,1,596] 1745.7945000000
  [9,1,597] 1745.7945000000
  [9,1,598] 1745.7945000000
  [9,1,599] 1745.7945000000
  [9,1,600] 1492.4810414559
  [9,1,601] 1745.7945000000
  [9,1,602] 1745.7945000000
  [9,1,603] 1745.7945000000
  [9,1,604] 1745.7945000000
  [9,1,605] 1745.7945000000
  [9,1,606] 1745.7945000000
  [9,1,607] 1745.7945000000
  [9,1,608] 1745.7945000000
  [9,1,609] 1492.4810414559
  [9,1,610] 1745.7945000000
  [9,1,611] 1745.7945000000
  [9,1,612] 1745.7945000000
  [9,1,613] 1745.7945000000
  [9,1,614] 1745.7945000000
  [9,1,615] 1745.7945000000
  [9,1,616] 1745.7945000000
  [9,1,617] 1745.7945000000
  [9,1,618] 1745.7945000000
  [9,1,619] 1745.7945000000
  [9,1,620] 1745.7945000000
  [9,1,621] 1492.4810414559
  [9,1,622] 1745.7945000000
  [9,1,623] 1745.7945000000
  [9,1,624] 1492.4810414559
  [9,1,625] 1745.7945000000
  [9,1,626] 1745.7945000000
  [9,1,627] 1745.7945000000
  [9,1,628] 1745.7945000000
  [9,1,629] 1745.7945000000
  [9,1,630] 1745.7945000000
  [9,1,631] 1745.7945000000
  [9,1,632] 1745.7945000000
  [9,1,633] 1492.4810414559
  [9,1,634] 1741.1499126024
  [9,1,635] 1492.4810414559
  [9,1,636] 1492.4810414559
  [9,1,637] 1492.4810414559
  [9,1,638] 1492.4810414559
  [9,1,639] 1492.4810414559
  [9,1,640] 1492.4810414559
  [9,1,641] 1492.4810414559
  [9,1,642] 1492.4810414559
  [9,1,643] 1492.4810414559
  [9,1,644] 1492.4810414559
  [9,1,645] 1492.4810414559
  [9,1,646] 1492.4810414559
  [9,1,647] 1492.4810414559
  [9,1,648] 1492.4810414559
  [9,1,649] 1492.4810414559
  [9,1,650] 1492.4810414559
  [9,1,651] 1492.4810414559
  [9,1,652] 1492.4810414559
  [9,1,653] 1492.4810414559
  [9,1,654] 1492.4810414559
  [9,1,655] 1492.4810414559
  [9,1,656] 1492.4810414559
  [9,1,657] 1492.4810414559
  [9,1,658] 1492.4810414559
  [9,1,659] 1492.4810414559
  [9,1,660] 1492.4810414559
  [9,1,661] 1492.4810414559
  [9,1,662] 1492.4810414559
  [9,1,663] 1492.4810414559
  [9,1,664] 1492.4810414559
  [9,1,665] 1492.4810414559
  [9,1,666] 1492.4810414559
  [9,1,667] 1492.4810414559
  [9,1,668] 1492.4810414559
  [9,1,669] 1492.4810414559
  [9,1,670] 1492.4810414559
  [9,1,671] 1492.4810414559
  [9,1,672] 1492.4810414559
  [9,1,673] 1492.4810414559
  [9,1,674] 1492.4810414559
  [9,1,675] 1492.4810414559
  [9,1,676] 1492.4810414559
  [9,1,677] 1492.4810414559
  [9,1,678] 1492.4810414559
  [9,1,679] 1492.4810414559
  [9,1,680] 1492.4810414559
  [9,1,681] 1492.4810414559
  [9,1,682] 1492.4810414559
  [9,1,683] 1492.4810414559
  [9,1,684] 1492.4810414559
  [9,1,685] 1492.4810414559
  [9,1,686] 1492.4810414559
  [9,1,687] 1492.4810414559
  [9,1,688] 1492.4810414559
  [9,1,689] 1492.4810414559
  [9,1,690] 1492.4810414559
  [9,1,691] 1492.4810414559
  [9,1,692] 1492.4810414559
  [9,1,693] 1492.4810414559
  [9,1,694] 1492.4810414559
  [9,1,695] 1492.4810414559
  [9,1,696] 1492.4810414559
  [9,1,697] 1492.4810414559
  [9,1,698] 1492.4810414559
  [9,1,699] 1492.4810414559
  [9,1,700] 1492.4810414559
  [9,1,701] 1492.4810414559
  [9,1,702] 1492.4810414559
  [9,1,703] 1492.4810414559
  [9,1,704] 1492.4810414559
  [9,1,705] 1492.4810414559
  [9,1,706] 1492.4810414559
  [9,1,707] 1492.4810414559
  [9,1,708] 1492.4810414559
  [9,1,709] 1492.4810414559
  [9,1,710] 1492.4810414559
  [9,1,711] 1492.4810414559
  [9,1,712] 1492.4810414559
  [9,1,713] 1492.4810414559
  [9,1,714] 1492.4810414559
  [9,1,715] 1492.4810414559
  [9,1,716] 1492.4810414559
  [9,1,717] 1492.4810414559
  [9,1,718] 1492.4810414559
  [9,1,719] 1492.4810414559
  [9,1,720] 1492.4810414559
  [9,2,1] 1740.6140175657
  [9,2,2] 1492.4810414559
  [9,2,3] 1492.4810414559
  [9,2,4] 1745.7945000000
  [9,2,5] 1492.4810414559
  [9,2,6] 1492.4810414559
  [9,2,7] 1745.7945000000
  [9,2,8] 1492.4810414559
  [9,2,9] 1492.4810414559
  [9,2,10] 1745.7945000000
  [9,2,11] 1492.4810414559
  [9,2,12] 1492.4810414559
  [9,2,13] 1745.7945000000
  [9,2,14] 1492.4810414559
  [9,2,15] 1745.7945000000
  [9,2,16] 1745.7945000000
  [9,2,17] 1492.4810414559
  [9,2,18] 1492.4810414559
  [9,2,19] 1745.7945000000
  [9,2,20] 1492.4810414559
  [9,2,21] 1492.4810414559
  [9,2,22] 1492.4810414559
  [9,2,23] 1745.7945000000
  [9,2,24] 1492.4810414559
  [9,2,25] 1492.4810414559
  [9,2,26] 1492.4810414559
  [9,2,27] 1745.7945000000
  [9,2,28] 1492.4810414559
  [9,2,29] 1492.4810414559
  [9,2,30] 1492.4810414559
  [9,2,31] 1745.7945000000
  [9,2,32] 1745.7945000000
  [9,2,33] 1492.4810414559
  [9,2,34] 1492.4810414559
  [9,2,35] 1745.7945000000
  [9,2,36] 1492.4810414559
  [9,2,37] 1492.4810414559
  [9,2,38] 1745.7945000000
  [9,2,39] 1492.4810414559
  [9,2,40] 1492.4810414559
  [9,2,41] 1745.7945000000
  [9,2,42] 1492.4810414559
  [9,2,43] 1492.4810414559
  [9,2,44] 1745.7945000000
  [9,2,45] 1492.4810414559
  [9,2,46] 1492.4810414559
  [9,2,47] 1745.7945000000
  [9,2,48] 1492.4810414559
  [9,2,49] 1492.4810414559
  [9,2,50] 1745.7945000000
  [9,2,51] 1492.4810414559
  [9,2,52] 1492.4810414559
  [9,2,53] 1492.4810414559
  [9,2,54] 1745.7945000000
  [9,2,55] 1492.4810414559
  [9,2,56] 1492.4810414559
  [9,2,57] 1492.4810414559
  [9,2,58] 1745.7945000000
  [9,2,59] 1492.4810414559
  [9,2,60] 1492.4810414559
  [9,2,61] 1745.7945000000
  [9,2,62] 1492.4810414559
  [9,2,63] 1492.4810414559
  [9,2,64] 1745.7945000000
  [9,2,65] 1492.4810414559
  [9,2,66] 1492.4810414559
  [9,2,67] 1745.7945000000
  [9,2,68] 1492.4810414559
  [9,2,69] 1492.4810414559
  [9,2,70] 1745.7945000000
  [9,2,71] 1492.4810414559
  [9,2,72] 1492.4810414559
  [9,2,73] 1745.7945000000
  [9,2,74] 1492.4810414559
  [9,2,75] 1492.4810414559
  [9,2,76] 1745.7945000000
  [9,2,77] 1492.4810414559
  [9,2,78] 1492.4810414559
  [9,2,79] 1492.4810414559
  [9,2,80] 1745.7945000000
  [9,2,81] 1745.7945000000
  [9,2,82] 1492.4810414559
  [9,2,83] 1492.4810414559
  [9,2,84] 1745.7945000000
  [9,2,85] 1492.4810414559
  [9,2,86] 1492.4810414559
  [9,2,87] 1492.4810414559
  [9,2,88] 1745.7945000000
  [9,2,89] 1492.4810414559
  [9,2,90] 1492.4810414559
  [9,2,91] 1492.4810414559
  [9,2,92] 1745.7945000000
  [9,2,93] 1492.4810414559
  [9,2,94] 1492.4810414559
  [9,2,95] 1492.4810414559
  [9,2,96] 1745.7945000000
  [9,2,97] 1745.7945000000
  [9,2,98] 1492.4810414559
  [9,2,99] 1492.4810414559
  [9,2,100] 1745.7945000000
  [9,2,101] 1492.4810414559
  [9,2,102] 1492.4810414559
  [9,2,103] 1492.4810414559
  [9,2,104] 1745.7945000000
  [9,2,105] 1492.4810414559
  [9,2,106] 1492.4810414559
  [9,2,107] 1492.4810414559
  [9,2,108] 1745.7945000000
  [9,2,109] 1492.4810414559
  [9,2,110] 1492.4810414559
  [9,2,111] 1492.4810414559
  [9,2,112] 1745.7945000000
  [9,2,113] 1745.7945000000
  [9,2,114] 1492.4810414559
  [9,2,115] 1492.4810414559
  [9,2,116] 1745.7945000000
  [9,2,117] 1492.4810414559
  [9,2,118] 1492.4810414559
  [9,2,119] 1492.4810414559
  [9,2,120] 1745.7945000000
  [9,2,121] 1492.4810414559
  [9,2,122] 1492.4810414559
  [9,2,123] 1492.4810414559
  [9,2,124] 1745.7945000000
  [9,2,125] 1492.4810414559
  [9,2,126] 1492.4810414559
  [9,2,127] 1492.4810414559
  [9,2,128] 1527.2700768418
  [9,2,129] 1485.5307300173
  [9,2,130] 1745.7945000000
  [9,2,131] 1492.4810414559
  [9,2,132] 1492.4810414559
  [9,2,133] 1745.7945000000
  [9,2,134] 1745.7945000000
  [9,2,135] 1492.4810414559
  [9,2,136] 1492.4810414559
  [9,2,137] 1745.7945000000
  [9,2,138] 1492.4810414559
  [9,2,139] 1492.4810414559
  [9,2,140] 1492.4810414559
  [9,2,141] 1492.4809946755
  [9,2,142] 1492.4810414559
  [9,2,143] 1492.4810414559
  [9,2,144] 1492.4810414559
  [9,2,145] 1745.7945000000
  [9,2,146] 1745.7945000000
  [9,2,147] 1492.4810414559
  [9,2,148] 1492.4810414559
  [9,2,149] 1745.7945000000
  [9,2,150] 1492.4810414559
  [9,2,151] 1492.4810414559
  [9,2,152] 1492.4810414559
  [9,2,153] 1745.7945000000
  [9,2,154] 1492.4810414559
  [9,2,155] 1492.4810414559
  [9,2,156] 1492.4810414559
  [9,2,157] 1745.7945000000
  [9,2,158] 1492.4810414559
  [9,2,159] 1492.4810414559
  [9,2,160] 1492.4810414559
  [9,2,161] 1745.7945000000
  [9,2,162] 1745.7945000000
  [9,2,163] 1492.4810414559
  [9,2,164] 1492.4810414559
  [9,2,165] 1745.7945000000
  [9,2,166] 1492.4810414559
  [9,2,167] 1492.4810414559
  [9,2,168] 1492.4810414559
  [9,2,169] 1745.7945000000
  [9,2,170] 1492.4810414559
  [9,2,171] 1492.4810414559
  [9,2,172] 1492.4810414559
  [9,2,173] 1745.7945000000
  [9,2,174] 1492.4810414559
  [9,2,175] 1492.4810414559
  [9,2,176] 1492.4810414559
  [9,2,177] 1745.7945000000
  [9,2,178] 1745.7945000000
  [9,2,179] 1492.4810414559
  [9,2,180] 1492.4810414559
  [9,2,181] 1745.7945000000
  [9,2,182] 1492.4810414559
  [9,2,183] 1492.4810414559
  [9,2,184] 1492.4810414559
  [9,2,185] 1745.7945000000
  [9,2,186] 1492.4810414559
  [9,2,187] 1492.4810414559
  [9,2,188] 1492.4810414559
  [9,2,189] 1745.7945000000
  [9,2,190] 1492.4810414559
  [9,2,191] 1492.4810414559
  [9,2,192] 1492.4810414559
  [9,2,193] 1745.7945000000
  [9,2,194] 1745.7945000000
  [9,2,195] 1492.4810414559
  [9,2,196] 1492.4810414559
  [9,2,197] 1745.7945000000
  [9,2,198] 1492.4810414559
  [9,2,199] 1492.4810414559
  [9,2,200] 1492.4810414559
  [9,2,201] 1745.7945000000
  [9,2,202] 1492.4810414559
  [9,2,203] 1492.4810414559
  [9,2,204] 1492.4810414559
  [9,2,205] 1745.7945000000
  [9,2,206] 1492.4810414559
  [9,2,207] 1492.4810414559
  [9,2,208] 1492.4810414559
  [9,2,209] 1745.7945000000
  [9,2,210] 1745.7945000000
  [9,2,211] 1492.4810414559
  [9,2,212] 1492.4810414559
  [9,2,213] 1745.7945000000
  [9,2,214] 1492.4810414559
  [9,2,215] 1492.4810414559
  [9,2,216] 1492.4810414559
  [9,2,217] 1745.7945000000
  [9,2,218] 1492.4810414559
  [9,2,219] 1492.4810414559
  [9,2,220] 1492.4810414559
  [9,2,221] 1745.7945000000
  [9,2,222] 1492.4810414559
  [9,2,223] 1492.4810414559
  [9,2,224] 1492.4810414559
  [9,2,225] 1745.7945000000
  [9,2,226] 1745.7945000000
  [9,2,227] 1492.4810414559
  [9,2,228] 1492.4810414559
  [9,2,229] 1745.7945000000
  [9,2,230] 1492.4810414559
  [9,2,231] 1492.4810414559
  [9,2,232] 1492.4810414559
  [9,2,233] 1745.7945000000
  [9,2,234] 1492.4810414559
  [9,2,235] 1492.4810414559
  [9,2,236] 1492.4810414559
  [9,2,237] 1745.7945000000
  [9,2,238] 1492.4810414559
  [9,2,239] 1492.4810414559
  [9,2,240] 1492.4810414559
  [9,2,241] 1745.7945000000
  [9,2,242] 1745.7945000000
  [9,2,243] 1492.4810414559
  [9,2,244] 1492.4810414559
  [9,2,245] 1745.7945000000
  [9,2,246] 1492.4810414559
  [9,2,247] 1492.4810414559
  [9,2,248] 1492.4810414559
  [9,2,249] 1669.4078759537
  [9,2,250] 1492.4810414559
  [9,2,251] 1492.4810414559
  [9,2,252] 1745.7945000000
  [9,2,253] 1492.4810414559
  [9,2,254] 1492.4810414559
  [9,2,255] 1492.4810414559
  [9,2,256] 1745.7945000000
  [9,2,257] 1492.4810414559
  [9,2,258] 1492.4810414559
  [9,2,259] 1492.4810414559
  [9,2,260] 1745.7945000000
  [9,2,261] 1745.7945000000
  [9,2,262] 1492.4810414559
  [9,2,263] 1492.4810414559
  [9,2,264] 1745.7945000000
  [9,2,265] 1492.4810414559
  [9,2,266] 1492.4810414559
  [9,2,267] 1492.4810414559
  [9,2,268] 1745.7945000000
  [9,2,269] 1492.4810414559
  [9,2,270] 1492.4810414559
  [9,2,271] 1492.4810414559
  [9,2,272] 1745.7945000000
  [9,2,273] 1492.4810414559
  [9,2,274] 1492.4810414559
  [9,2,275] 1492.4810414559
  [9,2,276] 1745.7945000000
  [9,2,277] 1745.7945000000
  [9,2,278] 1492.4810414559
  [9,2,279] 1492.4810414559
  [9,2,280] 1745.7945000000
  [9,2,281] 1492.4810414559
  [9,2,282] 1492.4810414559
  [9,2,283] 1492.4810414559
  [9,2,284] 1745.7945000000
  [9,2,285] 1492.4810414559
  [9,2,286] 1492.4810414559
  [9,2,287] 1492.4810414559
  [9,2,288] 1745.7945000000
  [9,2,289] 1492.4810414559
  [9,2,290] 1492.4810414559
  [9,2,291] 1492.4810414559
  [9,2,292] 1745.7945000000
  [9,2,293] 1745.7945000000
  [9,2,294] 1492.4810414559
  [9,2,295] 1492.4810414559
  [9,2,296] 1745.7945000000
  [9,2,297] 1745.7945000000
  [9,2,298] 1492.4810414559
  [9,2,299] 1492.4810414559
  [9,2,300] 1745.7945000000
  [9,2,301] 1492.4810414559
  [9,2,302] 1492.4810414559
  [9,2,303] 1492.4810414559
  [9,2,304] 1745.7945000000
  [9,2,305] 1492.4810414559
  [9,2,306] 1492.4810414559
  [9,2,307] 1492.4810414559
  [9,2,308] 1745.7945000000
  [9,2,309] 1492.4810414559
  [9,2,310] 1492.4810414559
  [9,2,311] 1492.4810414559
  [9,2,312] 1745.7945000000
  [9,2,313] 1745.7945000000
  [9,2,314] 1492.4810414559
  [9,2,315] 1492.4810414559
  [9,2,316] 1745.7945000000
  [9,2,317] 1492.4810414559
  [9,2,318] 1492.4810414559
  [9,2,319] 1492.4810414559
  [9,2,320] 1745.7945000000
  [9,2,321] 1492.4810414559
  [9,2,322] 1492.4810414559
  [9,2,323] 1492.4810414559
  [9,2,324] 1745.7945000000
  [9,2,325] 1492.4810414559
  [9,2,326] 1492.4810414559
  [9,2,327] 1492.4810414559
  [9,2,328] 1745.7945000000
  [9,2,329] 1745.7945000000
  [9,2,330] 1492.4810414559
  [9,2,331] 1492.4810414559
  [9,2,332] 1745.7945000000
  [9,2,333] 1492.4810414559
  [9,2,334] 1492.4810414559
  [9,2,335] 1492.4810414559
  [9,2,336] 1745.7945000000
  [9,2,337] 1492.4810414559
  [9,2,338] 1492.4810414559
  [9,2,339] 1492.4810414559
  [9,2,340] 1745.7945000000
  [9,2,341] 1492.4810414559
  [9,2,342] 1492.4810414559
  [9,2,343] 1492.4810414559
  [9,2,344] 1745.7945000000
  [9,2,345] 1745.7945000000
  [9,2,346] 1492.4810414559
  [9,2,347] 1492.4810414559
  [9,2,348] 1745.7945000000
  [9,2,349] 1492.4810414559
  [9,2,350] 1492.4810414559
  [9,2,351] 1492.4810414559
  [9,2,352] 1745.7945000000
  [9,2,353] 1492.4810414559
  [9,2,354] 1492.4810414559
  [9,2,355] 1492.4810414559
  [9,2,356] 1745.7945000000
  [9,2,357] 1492.4810414559
  [9,2,358] 1492.4810414559
  [9,2,359] 1492.4810414559
  [9,2,360] 1745.7945000000
  [9,2,361] 1745.7945000000
  [9,2,362] 1492.4810414559
  [9,2,363] 1492.4810414559
  [9,2,364] 1745.7945000000
  [9,2,365] 1492.4810414559
  [9,2,366] 1492.4810414559
  [9,2,367] 1492.4810414559
  [9,2,368] 1745.7945000000
  [9,2,369] 1492.4810414559
  [9,2,370] 1492.4810414559
  [9,2,371] 1492.4810414559
  [9,2,372] 1745.7945000000
  [9,2,373] 1492.4810414559
  [9,2,374] 1492.4810414559
  [9,2,375] 1492.4810414559
  [9,2,376] 1745.7945000000
  [9,2,377] 1745.7945000000
  [9,2,378] 1492.4810414559
  [9,2,379] 1492.4810414559
  [9,2,380] 1745.7945000000
  [9,2,381] 1492.4810414559
  [9,2,382] 1492.4810414559
  [9,2,383] 1492.4810414559
  [9,2,384] 1745.7945000000
  [9,2,385] 1492.4810414559
  [9,2,386] 1492.4810414559
  [9,2,387] 1492.4810414559
  [9,2,388] 1745.7945000000
  [9,2,389] 1492.4810414559
  [9,2,390] 1492.4810414559
  [9,2,391] 1492.4810414559
  [9,2,392] 1745.7945000000
  [9,2,393] 1745.7945000000
  [9,2,394] 1492.4810414559
  [9,2,395] 1492.4810414559
  [9,2,396] 1745.7945000000
  [9,2,397] 1492.4810414559
  [9,2,398] 1492.4810414559
  [9,2,399] 1492.4810414559
  [9,2,400] 1745.7945000000
  [9,2,401] 1492.4810414559
  [9,2,402] 1492.4810414559
  [9,2,403] 1492.4810414559
  [9,2,404] 1745.7945000000
  [9,2,405] 1492.4810414559
  [9,2,406] 1492.4810414559
  [9,2,407] 1492.4810414559
  [9,2,408] 1745.7945000000
  [9,2,409] 1745.7945000000
  [9,2,410] 1492.4810414559
  [9,2,411] 1492.4810414559
  [9,2,412] 1745.7945000000
  [9,2,413] 1492.4810414559
  [9,2,414] 1492.4810414559
  [9,2,415] 1492.4810414559
  [9,2,416] 1745.7945000000
  [9,2,417] 1492.4810414559
  [9,2,418] 1492.4810414559
  [9,2,419] 1492.4810414559
  [9,2,420] 1745.7945000000
  [9,2,421] 1492.4810414559
  [9,2,422] 1492.4810414559
  [9,2,423] 1492.4810414559
  [9,2,424] 1745.7945000000
  [9,2,425] 1745.7945000000
  [9,2,426] 1492.4810414559
  [9,2,427] 1492.4810414559
  [9,2,428] 1745.7945000000
  [9,2,429] 1492.4810414559
  [9,2,430] 1492.4810414559
  [9,2,431] 1492.4810414559
  [9,2,432] 1745.7945000000
  [9,2,433] 1492.4810414559
  [9,2,434] 1492.4810414559
  [9,2,435] 1492.4810414559
  [9,2,436] 1745.7945000000
  [9,2,437] 1492.4810414559
  [9,2,438] 1492.4810414559
  [9,2,439] 1492.4810414559
  [9,2,440] 1745.7945000000
  [9,2,441] 1745.7945000000
  [9,2,442] 1492.4810414559
  [9,2,443] 1492.4810414559
  [9,2,444] 1745.7945000000
  [9,2,445] 1492.4810414559
  [9,2,446] 1492.4810414559
  [9,2,447] 1492.4810414559
  [9,2,448] 1745.7945000000
  [9,2,449] 1492.4810414559
  [9,2,450] 1492.4810414559
  [9,2,451] 1492.4810414559
  [9,2,452] 1745.7945000000
  [9,2,453] 1492.4810414559
  [9,2,454] 1492.4810414559
  [9,2,455] 1492.4810414559
  [9,2,456] 1745.7945000000
  [9,2,457] 1745.7945000000
  [9,2,458] 1492.4810414559
  [9,2,459] 1492.4810414559
  [9,2,460] 1745.7945000000
  [9,2,461] 1492.4810414559
  [9,2,462] 1492.4810414559
  [9,2,463] 1492.4810414559
  [9,2,464] 1745.7945000000
  [9,2,465] 1492.4810414559
  [9,2,466] 1492.4810414559
  [9,2,467] 1492.4810414559
  [9,2,468] 1745.7945000000
  [9,2,469] 1492.4810414559
  [9,2,470] 1492.4810414559
  [9,2,471] 1492.4810414559
  [9,2,472] 1745.7945000000
  [9,2,473] 1745.7945000000
  [9,2,474] 1492.4810414559
  [9,2,475] 1492.4810414559
  [9,2,476] 1745.7945000000
  [9,2,477] 1492.4810414559
  [9,2,478] 1492.4810414559
  [9,2,479] 1492.4810414559
  [9,2,480] 1745.7945000000
  [9,2,481] 1492.4810414559
  [9,2,482] 1492.4810414559
  [9,2,483] 1492.4810414559
  [9,2,484] 1745.7945000000
  [9,2,485] 1492.4810414559
  [9,2,486] 1492.4810414559
  [9,2,487] 1492.4810414559
  [9,2,488] 1745.7945000000
  [9,2,489] 1745.7945000000
  [9,2,490] 1492.4810414559
  [9,2,491] 1492.4810414559
  [9,2,492] 1745.7945000000
  [9,2,493] 1492.4810414559
  [9,2,494] 1492.4810414559
  [9,2,495] 1492.4810414559
  [9,2,496] 1745.7945000000
  [9,2,497] 1492.4810414559
  [9,2,498] 1492.4810414559
  [9,2,499] 1492.4810414559
  [9,2,500] 1745.7945000000
  [9,2,501] 1492.4810414559
  [9,2,502] 1492.4810414559
  [9,2,503] 1492.4810414559
  [9,2,504] 1745.7945000000
  [9,2,505] 1745.7945000000
  [9,2,506] 1492.4810414559
  [9,2,507] 1492.4810414559
  [9,2,508] 1745.7945000000
  [9,2,509] 1492.4810414559
  [9,2,510] 1492.4810414559
  [9,2,511] 1492.4810414559
  [9,2,512] 1745.7945000000
  [9,2,513] 1492.4810414559
  [9,2,514] 1492.4810414559
  [9,2,515] 1492.4810414559
  [9,2,516] 1745.7945000000
  [9,2,517] 1492.4810414559
  [9,2,518] 1492.4810414559
  [9,2,519] 1492.4810414559
  [9,2,520] 1745.7945000000
  [9,2,521] 1745.7945000000
  [9,2,522] 1492.4810414559
  [9,2,523] 1492.4810414559
  [9,2,524] 1745.7945000000
  [9,2,525] 1492.4810414559
  [9,2,526] 1492.4810414559
  [9,2,527] 1492.4810414559
  [9,2,528] 1745.7945000000
  [9,2,529] 1492.4810414559
  [9,2,530] 1492.4810414559
  [9,2,531] 1492.4810414559
  [9,2,532] 1745.7945000000
  [9,2,533] 1492.4810414559
  [9,2,534] 1492.4810414559
  [9,2,535] 1492.4810414559
  [9,2,536] 1745.7945000000
  [9,2,537] 1745.7945000000
  [9,2,538] 1492.4810414559
  [9,2,539] 1492.4810414559
  [9,2,540] 1745.7945000000
  [9,2,541] 1492.4810414559
  [9,2,542] 1492.4810414559
  [9,2,543] 1492.4810414559
  [9,2,544] 1745.7945000000
  [9,2,545] 1492.4810414559
  [9,2,546] 1492.4810414559
  [9,2,547] 1492.4810414559
  [9,2,548] 1745.7945000000
  [9,2,549] 1492.4810414559
  [9,2,550] 1492.4810414559
  [9,2,551] 1492.4810414559
  [9,2,552] 1745.7945000000
  [9,2,553] 1745.7945000000
  [9,2,554] 1492.4810414559
  [9,2,555] 1492.4810414559
  [9,2,556] 1745.7945000000
  [9,2,557] 1492.4810414559
  [9,2,558] 1492.4810414559
  [9,2,559] 1492.4810414559
  [9,2,560] 1745.7945000000
  [9,2,561] 1492.4810414559
  [9,2,562] 1492.4810414559
  [9,2,563] 1492.4810414559
  [9,2,564] 1745.7945000000
  [9,2,565] 1492.4810414559
  [9,2,566] 1492.4810414559
  [9,2,567] 1492.4810414559
  [9,2,568] 1745.7945000000
  [9,2,569] 1745.7945000000
  [9,2,570] 1492.4810414559
  [9,2,571] 1492.4810414559
  [9,2,572] 1745.7945000000
  [9,2,573] 1745.7945000000
  [9,2,574] 1492.4810414559
  [9,2,575] 1492.4810414559
  [9,2,576] 1745.7945000000
  [9,2,577] 1492.4810414559
  [9,2,578] 1492.4810414559
  [9,2,579] 1492.4810414559
  [9,2,580] 1745.7945000000
  [9,2,581] 1492.4810414559
  [9,2,582] 1492.4810414559
  [9,2,583] 1492.4810414559
  [9,2,584] 1745.7945000000
  [9,2,585] 1745.7945000000
  [9,2,586] 1492.4810414559
  [9,2,587] 1492.4810414559
  [9,2,588] 1745.7945000000
  [9,2,589] 1492.4810414559
  [9,2,590] 1492.4810414559
  [9,2,591] 1492.4810414559
  [9,2,592] 1745.7945000000
  [9,2,593] 1492.4810414559
  [9,2,594] 1492.4810414559
  [9,2,595] 1492.4810414559
  [9,2,596] 1745.7945000000
  [9,2,597] 1492.4810414559
  [9,2,598] 1492.4810414559
  [9,2,599] 1492.4810414559
  [9,2,600] 1745.7945000000
  [9,2,601] 1745.7945000000
  [9,2,602] 1492.4810414559
  [9,2,603] 1492.4810414559
  [9,2,604] 1745.7945000000
  [9,2,605] 1492.4810414559
  [9,2,606] 1492.4810414559
  [9,2,607] 1492.4810414559
  [9,2,608] 1745.7945000000
  [9,2,609] 1492.4810414559
  [9,2,610] 1492.4810414559
  [9,2,611] 1492.4810414559
  [9,2,612] 1745.7945000000
  [9,2,613] 1492.4810414559
  [9,2,614] 1492.4810414559
  [9,2,615] 1492.4810414559
  [9,2,616] 1745.7945000000
  [9,2,617] 1745.7945000000
  [9,2,618] 1492.4810414559
  [9,2,619] 1492.4810414559
  [9,2,620] 1745.7945000000
  [9,2,621] 1492.4810414559
  [9,2,622] 1492.4810414559
  [9,2,623] 1492.4810414559
  [9,2,624] 1745.7945000000
  [9,2,625] 1492.4810414559
  [9,2,626] 1492.4810414559
  [9,2,627] 1492.4810414559
  [9,2,628] 1745.7945000000
  [9,2,629] 1492.4810414559
  [9,2,630] 1492.4810414559
  [9,2,631] 1492.4810414559
  [9,2,632] 1745.7945000000
  [9,2,633] 1745.7945000000
  [9,2,634] 1492.4810414559
  [9,2,635] 1492.4810414559
  [9,2,636] 1745.7945000000
  [9,2,637] 1492.4810414559
  [9,2,638] 1492.4810414559
  [9,2,639] 1492.4810414559
  [9,2,640] 1745.7945000000
  [9,2,641] 1492.4810414559
  [9,2,642] 1492.4810414559
  [9,2,643] 1492.4810414559
  [9,2,644] 1745.7945000000
  [9,2,645] 1492.4810414559
  [9,2,646] 1492.4810414559
  [9,2,647] 1492.4810414559
  [9,2,648] 1745.7945000000
  [9,2,649] 1745.7945000000
  [9,2,650] 1492.4810414559
  [9,2,651] 1492.4810414559
  [9,2,652] 1745.7945000000
  [9,2,653] 1492.4810414559
  [9,2,654] 1492.4810414559
  [9,2,655] 1492.4810414559
  [9,2,656] 1745.7945000000
  [9,2,657] 1492.4810414559
  [9,2,658] 1492.4810414559
  [9,2,659] 1492.4810414559
  [9,2,660] 1745.7945000000
  [9,2,661] 1492.4810414559
  [9,2,662] 1492.4810414559
  [9,2,663] 1492.4810414559
  [9,2,664] 1745.7945000000
  [9,2,665] 1745.7945000000
  [9,2,666] 1492.4810414559
  [9,2,667] 1492.4810414559
  [9,2,668] 1745.7945000000
  [9,2,669] 1492.4810414559
  [9,2,670] 1492.4810414559
  [9,2,671] 1492.4810414559
  [9,2,672] 1745.7945000000
  [9,2,673] 1492.4810414559
  [9,2,674] 1492.4810414559
  [9,2,675] 1492.4810414559
  [9,2,676] 1745.7945000000
  [9,2,677] 1492.4810414559
  [9,2,678] 1492.4810414559
  [9,2,679] 1492.4810414559
  [9,2,680] 1745.7945000000
  [9,2,681] 1492.4810414559
  [9,2,682] 1492.4810414559
  [9,2,683] 1492.4810414559
  [9,2,684] 1745.7945000000
  [9,2,685] 1492.4810414559
  [9,2,686] 1492.4810414559
  [9,2,687] 1492.4810414559
  [9,2,688] 1745.7945000000
  [9,2,689] 1745.7945000000
  [9,2,690] 1492.4810414559
  [9,2,691] 1492.4810414559
  [9,2,692] 1745.7945000000
  [9,2,693] 1492.4810414559
  [9,2,694] 1492.4810414559
  [9,2,695] 1492.4810414559
  [9,2,696] 1745.7945000000
  [9,2,697] 1492.4810414559
  [9,2,698] 1492.4810414559
  [9,2,699] 1492.4810414559
  [9,2,700] 1745.7945000000
  [9,2,701] 1492.4810414559
  [9,2,702] 1492.4810414559
  [9,2,703] 1492.4810414559
  [9,2,704] 1745.7945000000
  [9,2,705] 1492.4810414559
  [9,2,706] 1492.4810414559
  [9,2,707] 1492.4810414559
  [9,2,708] 1492.4810414559
  [9,2,709] 1492.4810414559
  [9,2,710] 1745.7945000000
  [9,2,711] 1492.4810414559
  [9,2,712] 1492.4810414559
  [9,2,713] 1492.4810414559
  [9,2,714] 1745.7945000000
  [9,2,715] 1492.4810414559
  [9,2,716] 1492.4810414559
  [9,2,717] 1492.4810414559
  [9,2,718] 1492.4810414559
  [9,2,719] 1492.4810414559
  [9,2,720] 1492.4810414559
  [9,3,1] 1740.6139707852
  [9,3,2] 1492.4810414559
  [9,3,3] 1492.4810414559
  [9,3,4] 1745.7945000000
  [9,3,5] 1492.4810414559
  [9,3,6] 1492.4810414559
  [9,3,7] 1745.7945000000
  [9,3,8] 1492.4810414559
  [9,3,9] 1492.4810414559
  [9,3,10] 1492.4810414559
  [9,3,11] 1492.4810414559
  [9,3,12] 1745.7945000000
  [9,3,13] 1492.4810414559
  [9,3,14] 1492.4810414559
  [9,3,15] 1745.7945000000
  [9,3,16] 1745.7945000000
  [9,3,17] 1492.4810414559
  [9,3,18] 1492.4810414559
  [9,3,19] 1745.7945000000
  [9,3,20] 1492.4810414559
  [9,3,21] 1492.4810414559
  [9,3,22] 1492.4810414559
  [9,3,23] 1745.7945000000
  [9,3,24] 1745.7945000000
  [9,3,25] 1492.4810414559
  [9,3,26] 1492.4810414559
  [9,3,27] 1745.7945000000
  [9,3,28] 1492.4810414559
  [9,3,29] 1492.4810414559
  [9,3,30] 1492.4810414559
  [9,3,31] 1745.7945000000
  [9,3,32] 1492.4810414559
  [9,3,33] 1492.4810414559
  [9,3,34] 1492.4810414559
  [9,3,35] 1745.7945000000
  [9,3,36] 1492.4810414559
  [9,3,37] 1492.4810414559
  [9,3,38] 1492.4810414559
  [9,3,39] 1745.7945000000
  [9,3,40] 1745.7945000000
  [9,3,41] 1492.4810414559
  [9,3,42] 1492.4810414559
  [9,3,43] 1745.7945000000
  [9,3,44] 1492.4810414559
  [9,3,45] 1492.4810414559
  [9,3,46] 1492.4810414559
  [9,3,47] 1745.7945000000
  [9,3,48] 1492.4810414559
  [9,3,49] 1492.4810414559
  [9,3,50] 1492.4810414559
  [9,3,51] 1745.7945000000
  [9,3,52] 1492.4810414559
  [9,3,53] 1492.4810414559
  [9,3,54] 1492.4810414559
  [9,3,55] 1745.7945000000
  [9,3,56] 1745.7945000000
  [9,3,57] 1492.4810414559
  [9,3,58] 1492.4810414559
  [9,3,59] 1745.7945000000
  [9,3,60] 1492.4810414559
  [9,3,61] 1492.4810414559
  [9,3,62] 1492.4810414559
  [9,3,63] 1745.7945000000
  [9,3,64] 1492.4810414559
  [9,3,65] 1492.4810414559
  [9,3,66] 1492.4810414559
  [9,3,67] 1745.7945000000
  [9,3,68] 1492.4810414559
  [9,3,69] 1492.4810414559
  [9,3,70] 1492.4810414559
  [9,3,71] 1745.7945000000
  [9,3,72] 1745.7945000000
  [9,3,73] 1492.4810414559
  [9,3,74] 1492.4810414559
  [9,3,75] 1745.7945000000
  [9,3,76] 1492.4810414559
  [9,3,77] 1492.4810414559
  [9,3,78] 1492.4810414559
  [9,3,79] 1745.7945000000
  [9,3,80] 1492.4810414559
  [9,3,81] 1492.4810414559
  [9,3,82] 1492.4810414559
  [9,3,83] 1745.7945000000
  [9,3,84] 1492.4810414559
  [9,3,85] 1492.4810414559
  [9,3,86] 1492.4810414559
  [9,3,87] 1745.7945000000
  [9,3,88] 1745.7945000000
  [9,3,89] 1492.4810414559
  [9,3,90] 1492.4810414559
  [9,3,91] 1745.7945000000
  [9,3,92] 1745.7945000000
  [9,3,93] 1492.4810414559
  [9,3,94] 1492.4810414559
  [9,3,95] 1745.7945000000
  [9,3,96] 1492.4810414559
  [9,3,97] 1492.4810414559
  [9,3,98] 1492.4810414559
  [9,3,99] 1745.7945000000
  [9,3,100] 1492.4810414559
  [9,3,101] 1492.4810414559
  [9,3,102] 1492.4810414559
  [9,3,103] 1745.7945000000
  [9,3,104] 1492.4810414559
  [9,3,105] 1492.4810414559
  [9,3,106] 1492.4810414559
  [9,3,107] 1745.7945000000
  [9,3,108] 1745.7945000000
  [9,3,109] 1492.4810414559
  [9,3,110] 1492.4810414559
  [9,3,111] 1745.7945000000
  [9,3,112] 1492.4810414559
  [9,3,113] 1492.4810414559
  [9,3,114] 1492.4810414559
  [9,3,115] 1745.7945000000
  [9,3,116] 1492.4810414559
  [9,3,117] 1492.4810414559
  [9,3,118] 1492.4810414559
  [9,3,119] 1745.7945000000
  [9,3,120] 1492.4810414559
  [9,3,121] 1492.4810414559
  [9,3,122] 1492.4810414559
  [9,3,123] 1745.7945000000
  [9,3,124] 1745.7945000000
  [9,3,125] 1492.4810414559
  [9,3,126] 1492.4810414559
  [9,3,127] 1492.4810414559
  [9,3,128] 1527.2700768418
  [9,3,129] 1485.5307300173
  [9,3,130] 1492.4810414559
  [9,3,131] 1492.4810414559
  [9,3,132] 1492.4810414559
  [9,3,133] 1745.7945000000
  [9,3,134] 1745.7945000000
  [9,3,135] 1492.4810414559
  [9,3,136] 1492.4810414559
  [9,3,137] 1745.7945000000
  [9,3,138] 1492.4810414559
  [9,3,139] 1492.4810414559
  [9,3,140] 1492.4810414559
  [9,3,141] 1745.7945000000
  [9,3,142] 1492.4810414559
  [9,3,143] 1492.4810414559
  [9,3,144] 1492.4810414559
  [9,3,145] 1745.7945000000
  [9,3,146] 1492.4810414559
  [9,3,147] 1492.4810414559
  [9,3,148] 1492.4810414559
  [9,3,149] 1745.7945000000
  [9,3,150] 1745.7945000000
  [9,3,151] 1492.4810414559
  [9,3,152] 1492.4810414559
  [9,3,153] 1745.7945000000
  [9,3,154] 1492.4810414559
  [9,3,155] 1492.4810414559
  [9,3,156] 1492.4810414559
  [9,3,157] 1745.7945000000
  [9,3,158] 1492.4810414559
  [9,3,159] 1492.4810414559
  [9,3,160] 1492.4810414559
  [9,3,161] 1745.7945000000
  [9,3,162] 1492.4810414559
  [9,3,163] 1492.4810414559
  [9,3,164] 1492.4810414559
  [9,3,165] 1745.7945000000
  [9,3,166] 1745.7945000000
  [9,3,167] 1492.4810414559
  [9,3,168] 1492.4810414559
  [9,3,169] 1745.7945000000
  [9,3,170] 1492.4810414559
  [9,3,171] 1492.4810414559
  [9,3,172] 1492.4810414559
  [9,3,173] 1745.7945000000
  [9,3,174] 1492.4810414559
  [9,3,175] 1492.4810414559
  [9,3,176] 1492.4810414559
  [9,3,177] 1745.7945000000
  [9,3,178] 1492.4810414559
  [9,3,179] 1492.4810414559
  [9,3,180] 1492.4810414559
  [9,3,181] 1745.7945000000
  [9,3,182] 1745.7945000000
  [9,3,183] 1492.4810414559
  [9,3,184] 1492.4810414559
  [9,3,185] 1745.7945000000
  [9,3,186] 1492.4810414559
  [9,3,187] 1492.4810414559
  [9,3,188] 1492.4810414559
  [9,3,189] 1745.7945000000
  [9,3,190] 1492.4810414559
  [9,3,191] 1492.4810414559
  [9,3,192] 1492.4810414559
  [9,3,193] 1745.7945000000
  [9,3,194] 1492.4810414559
  [9,3,195] 1492.4810414559
  [9,3,196] 1492.4810414559
  [9,3,197] 1745.7945000000
  [9,3,198] 1745.7945000000
  [9,3,199] 1492.4810414559
  [9,3,200] 1492.4810414559
  [9,3,201] 1745.7945000000
  [9,3,202] 1492.4810414559
  [9,3,203] 1492.4810414559
  [9,3,204] 1492.4810414559
  [9,3,205] 1745.7945000000
  [9,3,206] 1492.4810414559
  [9,3,207] 1492.4810414559
  [9,3,208] 1492.4810414559
  [9,3,209] 1745.7945000000
  [9,3,210] 1492.4810414559
  [9,3,211] 1492.4810414559
  [9,3,212] 1492.4810414559
  [9,3,213] 1745.7945000000
  [9,3,214] 1492.4810414559
  [9,3,215] 1492.4810414559
  [9,3,216] 1492.4810414559
  [9,3,217] 1745.7945000000
  [9,3,218] 1745.7945000000
  [9,3,219] 1492.4810414559
  [9,3,220] 1492.4810414559
  [9,3,221] 1745.7945000000
  [9,3,222] 1745.7945000000
  [9,3,223] 1492.4810414559
  [9,3,224] 1492.4810414559
  [9,3,225] 1745.7945000000
  [9,3,226] 1492.4810414559
  [9,3,227] 1492.4810414559
  [9,3,228] 1492.4810414559
  [9,3,229] 1745.7945000000
  [9,3,230] 1492.4810414559
  [9,3,231] 1492.4810414559
  [9,3,232] 1492.4810414559
  [9,3,233] 1745.7945000000
  [9,3,234] 1492.4810414559
  [9,3,235] 1492.4810414559
  [9,3,236] 1492.4810414559
  [9,3,237] 1745.7945000000
  [9,3,238] 1745.7945000000
  [9,3,239] 1492.4810414559
  [9,3,240] 1492.4810414559
  [9,3,241] 1745.7945000000
  [9,3,242] 1492.4810414559
  [9,3,243] 1492.4810414559
  [9,3,244] 1492.4810414559
  [9,3,245] 1745.7945000000
  [9,3,246] 1492.4810414559
  [9,3,247] 1492.4810414559
  [9,3,248] 1492.4810414559
  [9,3,249] 1669.4078759537
  [9,3,250] 1492.4810414559
  [9,3,251] 1492.4810414559
  [9,3,252] 1745.7945000000
  [9,3,253] 1492.4810414559
  [9,3,254] 1492.4810414559
  [9,3,255] 1492.4810414559
  [9,3,256] 1745.7945000000
  [9,3,257] 1492.4810414559
  [9,3,258] 1492.4810414559
  [9,3,259] 1492.4810414559
  [9,3,260] 1745.7945000000
  [9,3,261] 1745.7945000000
  [9,3,262] 1492.4810414559
  [9,3,263] 1492.4810414559
  [9,3,264] 1745.7945000000
  [9,3,265] 1492.4810414559
  [9,3,266] 1492.4810414559
  [9,3,267] 1492.4810414559
  [9,3,268] 1745.7945000000
  [9,3,269] 1492.4810414559
  [9,3,270] 1492.4810414559
  [9,3,271] 1492.4810414559
  [9,3,272] 1745.7945000000
  [9,3,273] 1492.4810414559
  [9,3,274] 1492.4810414559
  [9,3,275] 1492.4810414559
  [9,3,276] 1745.7945000000
  [9,3,277] 1492.4810414559
  [9,3,278] 1492.4810414559
  [9,3,279] 1492.4810414559
  [9,3,280] 1745.7945000000
  [9,3,281] 1745.7945000000
  [9,3,282] 1492.4810414559
  [9,3,283] 1492.4810414559
  [9,3,284] 1745.7945000000
  [9,3,285] 1492.4810414559
  [9,3,286] 1492.4810414559
  [9,3,287] 1492.4810414559
  [9,3,288] 1745.7945000000
  [9,3,289] 1492.4810414559
  [9,3,290] 1492.4810414559
  [9,3,291] 1492.4810414559
  [9,3,292] 1745.7945000000
  [9,3,293] 1492.4810414559
  [9,3,294] 1492.4810414559
  [9,3,295] 1492.4810414559
  [9,3,296] 1745.7945000000
  [9,3,297] 1492.4810414559
  [9,3,298] 1492.4810414559
  [9,3,299] 1492.4810414559
  [9,3,300] 1745.7945000000
  [9,3,301] 1745.7945000000
  [9,3,302] 1492.4810414559
  [9,3,303] 1492.4810414559
  [9,3,304] 1745.7945000000
  [9,3,305] 1492.4810414559
  [9,3,306] 1492.4810414559
  [9,3,307] 1492.4810414559
  [9,3,308] 1745.7945000000
  [9,3,309] 1492.4810414559
  [9,3,310] 1492.4810414559
  [9,3,311] 1492.4810414559
  [9,3,312] 1745.7945000000
  [9,3,313] 1492.4810414559
  [9,3,314] 1492.4810414559
  [9,3,315] 1492.4810414559
  [9,3,316] 1745.7945000000
  [9,3,317] 1492.4810414559
  [9,3,318] 1492.4810414559
  [9,3,319] 1492.4810414559
  [9,3,320] 1745.7945000000
  [9,3,321] 1745.7945000000
  [9,3,322] 1492.4810414559
  [9,3,323] 1492.4810414559
  [9,3,324] 1745.7945000000
  [9,3,325] 1492.4810414559
  [9,3,326] 1492.4810414559
  [9,3,327] 1492.4810414559
  [9,3,328] 1745.7945000000
  [9,3,329] 1492.4810414559
  [9,3,330] 1492.4810414559
  [9,3,331] 1492.4810414559
  [9,3,332] 1745.7945000000
  [9,3,333] 1492.4810414559
  [9,3,334] 1492.4810414559
  [9,3,335] 1492.4810414559
  [9,3,336] 1745.7945000000
  [9,3,337] 1492.4810414559
  [9,3,338] 1492.4810414559
  [9,3,339] 1492.4810414559
  [9,3,340] 1745.7945000000
  [9,3,341] 1745.7945000000
  [9,3,342] 1492.4810414559
  [9,3,343] 1492.4810414559
  [9,3,344] 1745.7945000000
  [9,3,345] 1745.7945000000
  [9,3,346] 1492.4810414559
  [9,3,347] 1492.4810414559
  [9,3,348] 1745.7945000000
  [9,3,349] 1492.4810414559
  [9,3,350] 1492.4810414559
  [9,3,351] 1492.4810414559
  [9,3,352] 1745.7945000000
  [9,3,353] 1492.4810414559
  [9,3,354] 1492.4810414559
  [9,3,355] 1492.4810414559
  [9,3,356] 1745.7945000000
  [9,3,357] 1745.7945000000
  [9,3,358] 1492.4810414559
  [9,3,359] 1492.4810414559
  [9,3,360] 1745.7945000000
  [9,3,361] 1492.4810414559
  [9,3,362] 1492.4810414559
  [9,3,363] 1492.4810414559
  [9,3,364] 1745.7945000000
  [9,3,365] 1492.4810414559
  [9,3,366] 1492.4810414559
  [9,3,367] 1492.4810414559
  [9,3,368] 1745.7945000000
  [9,3,369] 1492.4810414559
  [9,3,370] 1492.4810414559
  [9,3,371] 1492.4810414559
  [9,3,372] 1745.7945000000
  [9,3,373] 1745.7945000000
  [9,3,374] 1492.4810414559
  [9,3,375] 1492.4810414559
  [9,3,376] 1745.7945000000
  [9,3,377] 1492.4810414559
  [9,3,378] 1492.4810414559
  [9,3,379] 1492.4810414559
  [9,3,380] 1745.7945000000
  [9,3,381] 1492.4810414559
  [9,3,382] 1492.4810414559
  [9,3,383] 1492.4810414559
  [9,3,384] 1745.7945000000
  [9,3,385] 1492.4810414559
  [9,3,386] 1492.4810414559
  [9,3,387] 1492.4810414559
  [9,3,388] 1745.7945000000
  [9,3,389] 1745.7945000000
  [9,3,390] 1492.4810414559
  [9,3,391] 1492.4810414559
  [9,3,392] 1745.7945000000
  [9,3,393] 1492.4810414559
  [9,3,394] 1492.4810414559
  [9,3,395] 1492.4810414559
  [9,3,396] 1745.7945000000
  [9,3,397] 1492.4810414559
  [9,3,398] 1492.4810414559
  [9,3,399] 1492.4810414559
  [9,3,400] 1745.7945000000
  [9,3,401] 1492.4810414559
  [9,3,402] 1492.4810414559
  [9,3,403] 1492.4810414559
  [9,3,404] 1745.7945000000
  [9,3,405] 1492.4810414559
  [9,3,406] 1492.4810414559
  [9,3,407] 1492.4810414559
  [9,3,408] 1745.7945000000
  [9,3,409] 1745.7945000000
  [9,3,410] 1492.4810414559
  [9,3,411] 1492.4810414559
  [9,3,412] 1745.7945000000
  [9,3,413] 1492.4810414559
  [9,3,414] 1492.4810414559
  [9,3,415] 1492.4810414559
  [9,3,416] 1745.7945000000
  [9,3,417] 1492.4810414559
  [9,3,418] 1492.4810414559
  [9,3,419] 1492.4810414559
  [9,3,420] 1745.7945000000
  [9,3,421] 1492.4810414559
  [9,3,422] 1492.4810414559
  [9,3,423] 1492.4810414559
  [9,3,424] 1745.7945000000
  [9,3,425] 1745.7945000000
  [9,3,426] 1492.4810414559
  [9,3,427] 1492.4810414559
  [9,3,428] 1745.7945000000
  [9,3,429] 1492.4810414559
  [9,3,430] 1492.4810414559
  [9,3,431] 1492.4810414559
  [9,3,432] 1745.7945000000
  [9,3,433] 1492.4810414559
  [9,3,434] 1492.4810414559
  [9,3,435] 1492.4810414559
  [9,3,436] 1745.7945000000
  [9,3,437] 1492.4810414559
  [9,3,438] 1492.4810414559
  [9,3,439] 1492.4810414559
  [9,3,440] 1745.7945000000
  [9,3,441] 1745.7945000000
  [9,3,442] 1492.4810414559
  [9,3,443] 1492.4810414559
  [9,3,444] 1745.7945000000
  [9,3,445] 1492.4810414559
  [9,3,446] 1492.4810414559
  [9,3,447] 1492.4810414559
  [9,3,448] 1745.7945000000
  [9,3,449] 1492.4810414559
  [9,3,450] 1492.4810414559
  [9,3,451] 1492.4810414559
  [9,3,452] 1745.7945000000
  [9,3,453] 1492.4810414559
  [9,3,454] 1492.4810414559
  [9,3,455] 1492.4810414559
  [9,3,456] 1745.7945000000
  [9,3,457] 1745.7945000000
  [9,3,458] 1492.4810414559
  [9,3,459] 1492.4810414559
  [9,3,460] 1745.7945000000
  [9,3,461] 1492.4810414559
  [9,3,462] 1492.4810414559
  [9,3,463] 1492.4810414559
  [9,3,464] 1745.7945000000
  [9,3,465] 1492.4810414559
  [9,3,466] 1492.4810414559
  [9,3,467] 1492.4810414559
  [9,3,468] 1745.7945000000
  [9,3,469] 1492.4810414559
  [9,3,470] 1492.4810414559
  [9,3,471] 1492.4810414559
  [9,3,472] 1745.7945000000
  [9,3,473] 1745.7945000000
  [9,3,474] 1492.4810414559
  [9,3,475] 1492.4810414559
  [9,3,476] 1745.7945000000
  [9,3,477] 1492.4810414559
  [9,3,478] 1492.4810414559
  [9,3,479] 1492.4810414559
  [9,3,480] 1745.7945000000
  [9,3,481] 1492.4810414559
  [9,3,482] 1492.4810414559
  [9,3,483] 1492.4810414559
  [9,3,484] 1745.7945000000
  [9,3,485] 1492.4810414559
  [9,3,486] 1492.4810414559
  [9,3,487] 1492.4810414559
  [9,3,488] 1745.7945000000
  [9,3,489] 1492.4810414559
  [9,3,490] 1492.4810414559
  [9,3,491] 1492.4810414559
  [9,3,492] 1745.7945000000
  [9,3,493] 1745.7945000000
  [9,3,494] 1492.4810414559
  [9,3,495] 1492.4810414559
  [9,3,496] 1745.7945000000
  [9,3,497] 1492.4810414559
  [9,3,498] 1492.4810414559
  [9,3,499] 1492.4810414559
  [9,3,500] 1745.7945000000
  [9,3,501] 1492.4810414559
  [9,3,502] 1492.4810414559
  [9,3,503] 1492.4810414559
  [9,3,504] 1745.7945000000
  [9,3,505] 1492.4810414559
  [9,3,506] 1492.4810414559
  [9,3,507] 1492.4810414559
  [9,3,508] 1745.7945000000
  [9,3,509] 1492.4810414559
  [9,3,510] 1492.4810414559
  [9,3,511] 1492.4810414559
  [9,3,512] 1745.7945000000
  [9,3,513] 1745.7945000000
  [9,3,514] 1492.4810414559
  [9,3,515] 1492.4810414559
  [9,3,516] 1745.7945000000
  [9,3,517] 1492.4810414559
  [9,3,518] 1492.4810414559
  [9,3,519] 1492.4810414559
  [9,3,520] 1745.7945000000
  [9,3,521] 1492.4810414559
  [9,3,522] 1492.4810414559
  [9,3,523] 1492.4810414559
  [9,3,524] 1745.7945000000
  [9,3,525] 1492.4810414559
  [9,3,526] 1492.4810414559
  [9,3,527] 1492.4810414559
  [9,3,528] 1745.7945000000
  [9,3,529] 1492.4810414559
  [9,3,530] 1492.4810414559
  [9,3,531] 1492.4810414559
  [9,3,532] 1745.7945000000
  [9,3,533] 1745.7945000000
  [9,3,534] 1492.4810414559
  [9,3,535] 1492.4810414559
  [9,3,536] 1745.7945000000
  [9,3,537] 1745.7945000000
  [9,3,538] 1492.4810414559
  [9,3,539] 1492.4810414559
  [9,3,540] 1745.7945000000
  [9,3,541] 1492.4810414559
  [9,3,542] 1492.4810414559
  [9,3,543] 1492.4810414559
  [9,3,544] 1745.7945000000
  [9,3,545] 1492.4810414559
  [9,3,546] 1492.4810414559
  [9,3,547] 1492.4810414559
  [9,3,548] 1745.7945000000
  [9,3,549] 1492.4810414559
  [9,3,550] 1492.4810414559
  [9,3,551] 1492.4810414559
  [9,3,552] 1745.7945000000
  [9,3,553] 1745.7945000000
  [9,3,554] 1492.4810414559
  [9,3,555] 1492.4810414559
  [9,3,556] 1745.7945000000
  [9,3,557] 1492.4810414559
  [9,3,558] 1492.4810414559
  [9,3,559] 1492.4810414559
  [9,3,560] 1745.7945000000
  [9,3,561] 1492.4810414559
  [9,3,562] 1492.4810414559
  [9,3,563] 1492.4810414559
  [9,3,564] 1745.7945000000
  [9,3,565] 1492.4810414559
  [9,3,566] 1492.4810414559
  [9,3,567] 1492.4810414559
  [9,3,568] 1745.7945000000
  [9,3,569] 1492.4810414559
  [9,3,570] 1492.4810414559
  [9,3,571] 1492.4810414559
  [9,3,572] 1745.7945000000
  [9,3,573] 1745.7945000000
  [9,3,574] 1492.4810414559
  [9,3,575] 1492.4810414559
  [9,3,576] 1745.7945000000
  [9,3,577] 1492.4810414559
  [9,3,578] 1492.4810414559
  [9,3,579] 1492.4810414559
  [9,3,580] 1745.7945000000
  [9,3,581] 1492.4810414559
  [9,3,582] 1492.4810414559
  [9,3,583] 1492.4810414559
  [9,3,584] 1745.7945000000
  [9,3,585] 1492.4810414559
  [9,3,586] 1492.4810414559
  [9,3,587] 1492.4810414559
  [9,3,588] 1745.7945000000
  [9,3,589] 1745.7945000000
  [9,3,590] 1492.4810414559
  [9,3,591] 1492.4810414559
  [9,3,592] 1745.7945000000
  [9,3,593] 1492.4810414559
  [9,3,594] 1492.4810414559
  [9,3,595] 1492.4810414559
  [9,3,596] 1745.7945000000
  [9,3,597] 1492.4810414559
  [9,3,598] 1492.4810414559
  [9,3,599] 1492.4810414559
  [9,3,600] 1745.7945000000
  [9,3,601] 1492.4810414559
  [9,3,602] 1492.4810414559
  [9,3,603] 1492.4810414559
  [9,3,604] 1745.7945000000
  [9,3,605] 1745.7945000000
  [9,3,606] 1492.4810414559
  [9,3,607] 1492.4810414559
  [9,3,608] 1745.7945000000
  [9,3,609] 1492.4810414559
  [9,3,610] 1492.4810414559
  [9,3,611] 1492.4810414559
  [9,3,612] 1745.7945000000
  [9,3,613] 1492.4810414559
  [9,3,614] 1492.4810414559
  [9,3,615] 1492.4810414559
  [9,3,616] 1745.7945000000
  [9,3,617] 1492.4810414559
  [9,3,618] 1492.4810414559
  [9,3,619] 1492.4810414559
  [9,3,620] 1745.7945000000
  [9,3,621] 1745.7945000000
  [9,3,622] 1492.4810414559
  [9,3,623] 1492.4810414559
  [9,3,624] 1745.7945000000
  [9,3,625] 1492.4810414559
  [9,3,626] 1492.4810414559
  [9,3,627] 1492.4810414559
  [9,3,628] 1745.7945000000
  [9,3,629] 1492.4810414559
  [9,3,630] 1492.4810414559
  [9,3,631] 1492.4810414559
  [9,3,632] 1745.7945000000
  [9,3,633] 1492.4810414559
  [9,3,634] 1492.4810414559
  [9,3,635] 1492.4810414559
  [9,3,636] 1745.7945000000
  [9,3,637] 1745.7945000000
  [9,3,638] 1492.4810414559
  [9,3,639] 1492.4810414559
  [9,3,640] 1745.7945000000
  [9,3,641] 1492.4810414559
  [9,3,642] 1492.4810414559
  [9,3,643] 1492.4810414559
  [9,3,644] 1745.7945000000
  [9,3,645] 1492.4810414559
  [9,3,646] 1492.4810414559
  [9,3,647] 1492.4810414559
  [9,3,648] 1745.7945000000
  [9,3,649] 1492.4810414559
  [9,3,650] 1492.4810414559
  [9,3,651] 1492.4810414559
  [9,3,652] 1745.7945000000
  [9,3,653] 1745.7945000000
  [9,3,654] 1492.4810414559
  [9,3,655] 1492.4810414559
  [9,3,656] 1745.7945000000
  [9,3,657] 1492.4810414559
  [9,3,658] 1492.4810414559
  [9,3,659] 1492.4810414559
  [9,3,660] 1745.7945000000
  [9,3,661] 1492.4810414559
  [9,3,662] 1492.4810414559
  [9,3,663] 1492.4810414559
  [9,3,664] 1745.7945000000
  [9,3,665] 1492.4810414559
  [9,3,666] 1492.4810414559
  [9,3,667] 1492.4810414559
  [9,3,668] 1745.7945000000
  [9,3,669] 1745.7945000000
  [9,3,670] 1492.4810414559
  [9,3,671] 1492.4810414559
  [9,3,672] 1745.7945000000
  [9,3,673] 1492.4810414559
  [9,3,674] 1492.4810414559
  [9,3,675] 1492.4810414559
  [9,3,676] 1745.7945000000
  [9,3,677] 1492.4810414559
  [9,3,678] 1492.4810414559
  [9,3,679] 1492.4810414559
  [9,3,680] 1745.7945000000
  [9,3,681] 1492.4810414559
  [9,3,682] 1492.4810414559
  [9,3,683] 1492.4810414559
  [9,3,684] 1745.7945000000
  [9,3,685] 1492.4810414559
  [9,3,686] 1492.4810414559
  [9,3,687] 1492.4810414559
  [9,3,688] 1745.7945000000
  [9,3,689] 1745.7945000000
  [9,3,690] 1492.4810414559
  [9,3,691] 1492.4810414559
  [9,3,692] 1745.7945000000
  [9,3,693] 1492.4810414559
  [9,3,694] 1492.4810414559
  [9,3,695] 1492.4810414559
  [9,3,696] 1745.7945000000
  [9,3,697] 1492.4810414559
  [9,3,698] 1492.4810414559
  [9,3,699] 1492.4810414559
  [9,3,700] 1745.7945000000
  [9,3,701] 1492.4810414559
  [9,3,702] 1492.4810414559
  [9,3,703] 1492.4810414559
  [9,3,704] 1745.7945000000
  [9,3,705] 1492.4810414559
  [9,3,706] 1492.4810414559
  [9,3,707] 1745.7945000000
  [9,3,708] 1492.4810414559
  [9,3,709] 1492.4810414559
  [9,3,710] 1745.7945000000
  [9,3,711] 1492.4810414559
  [9,3,712] 1492.4810414559
  [9,3,713] 1492.4810414559
  [9,3,714] 1745.7945000000
  [9,3,715] 1492.4810414559
  [9,3,716] 1492.4810414559
  [9,3,717] 1492.4810414559
  [9,3,718] 1745.7945000000
  [9,3,719] 1492.4810414559
  [9,3,720] 1492.4810414559
;

param BASE_NH3 :=
  [3,1,1] 7912.9495760000
  [3,1,2] 7912.9495760000
  [3,1,3] 7912.9495760000
  [3,1,4] 7912.9495760000
  [3,1,5] 7912.9495760000
  [3,1,6] 7912.9495760000
  [3,1,7] 7912.9495760000
  [3,1,8] 7912.9495760000
  [3,1,9] 7912.9495760000
  [3,1,10] 7912.9495760000
  [3,1,11] 7912.9495760000
  [3,1,12] 7912.9495760000
  [3,1,13] 7912.9495760000
  [3,1,14] 7912.9495760000
  [3,1,15] 7912.9495760000
  [3,1,16] 7912.9495760000
  [3,1,17] 7912.9495760000
  [3,1,18] 9891.1869700000
  [3,1,19] 7912.9495760000
  [3,1,20] 7912.9495760000
  [3,1,21] 7912.9495760000
  [3,1,22] 7912.9495760000
  [3,1,23] 7912.9495760000
  [3,1,24] 7912.9495760000
  [3,1,25] 7912.9495760000
  [3,1,26] 7912.9495760000
  [3,1,27] 7912.9495760000
  [3,1,28] 7912.9495760000
  [3,1,29] 7912.9495760000
  [3,1,30] 7912.9495760000
  [3,1,31] 7912.9495760000
  [3,1,32] 7912.9495760000
  [3,1,33] 7912.9495760000
  [3,1,34] 7912.9495760000
  [3,1,35] 7912.9495760000
  [3,1,36] 7912.9495760000
  [3,1,37] 7912.9495760000
  [3,1,38] 7912.9495760000
  [3,1,39] 7912.9495760000
  [3,1,40] 7912.9495760000
  [3,1,41] 7912.9495760000
  [3,1,42] 7912.9495760000
  [3,1,43] 7912.9495760000
  [3,1,44] 7912.9495760000
  [3,1,45] 7912.9495760000
  [3,1,46] 7912.9495760000
  [3,1,47] 7912.9495760000
  [3,1,48] 7912.9495760000
  [3,1,49] 7912.9495760000
  [3,1,50] 7912.9495760000
  [3,1,51] 7912.9495760000
  [3,1,52] 7912.9495760000
  [3,1,53] 9891.1869700000
  [3,1,54] 7912.9495760000
  [3,1,55] 7912.9495760000
  [3,1,56] 7912.9495760000
  [3,1,57] 7912.9495760000
  [3,1,58] 9891.1869700000
  [3,1,59] 9891.1869700000
  [3,1,60] 7912.9495760000
  [3,1,61] 7912.9495760000
  [3,1,62] 7912.9495760000
  [3,1,63] 7912.9495760000
  [3,1,64] 7912.9495760000
  [3,1,65] 7912.9495760000
  [3,1,66] 7912.9495760000
  [3,1,67] 7912.9495760000
  [3,1,68] 7912.9495760000
  [3,1,69] 7912.9495760000
  [3,1,70] 7912.9495760000
  [3,1,71] 7912.9495760000
  [3,1,72] 7912.9495760000
  [3,1,73] 7912.9495760000
  [3,1,74] 7912.9495760000
  [3,1,75] 7912.9495760000
  [3,1,76] 7912.9495760000
  [3,1,77] 7912.9495760000
  [3,1,78] 7912.9495760000
  [3,1,79] 7912.9495760000
  [3,1,80] 7912.9495760000
  [3,1,81] 7912.9495760000
  [3,1,82] 7912.9495760000
  [3,1,83] 9891.1869700000
  [3,1,84] 7912.9495760000
  [3,1,85] 7912.9495760000
  [3,1,86] 7912.9495760000
  [3,1,87] 9891.1869700000
  [3,1,88] 7912.9495760000
  [3,1,89] 7912.9495760000
  [3,1,90] 9788.6679055635
  [3,1,91] 9891.1869700000
  [3,1,92] 9891.1869700000
  [3,1,93] 9891.1869700000
  [3,1,94] 9891.1869700000
  [3,1,95] 9891.1869700000
  [3,1,96] 9891.1869700000
  [3,1,97] 9891.1869700000
  [3,1,98] 9891.1869700000
  [3,1,99] 9891.1869700000
  [3,1,100] 9891.1869700000
  [3,1,101] 9891.1869700000
  [3,1,102] 9891.1869700000
  [3,1,103] 9891.1869700000
  [3,1,104] 9891.1869700000
  [3,1,105] 9891.1869700000
  [3,1,106] 9891.1869700000
  [3,1,107] 9891.1869700000
  [3,1,108] 9891.1869700000
  [3,1,109] 9891.1869700000
  [3,1,110] 9891.1869700000
  [3,1,111] 9891.1869700000
  [3,1,112] 9891.1869700000
  [3,1,113] 9891.1869700000
  [3,1,114] 9891.1869700000
  [3,1,115] 9891.1869700000
  [3,1,116] 9891.1869700000
  [3,1,117] 9891.1869700000
  [3,1,118] 9891.1869700000
  [3,1,119] 9891.1869700000
  [3,1,120] 9891.1869700000
  [3,1,121] 9891.1869700000
  [3,1,122] 9891.1869700000
  [3,1,123] 9891.1869700000
  [3,1,124] 9891.1869700000
  [3,1,125] 9891.1869700000
  [3,1,126] 9891.1869700000
  [3,1,127] 9891.1869700000
  [3,1,128] 9891.1869700000
  [3,1,129] 9891.1869700000
  [3,1,130] 9891.1869700000
  [3,1,131] 9891.1869700000
  [3,1,132] 9891.1869700000
  [3,1,133] 9891.1869700000
  [3,1,134] 9891.1869700000
  [3,1,135] 9891.1869700000
  [3,1,136] 9891.1869700000
  [3,1,137] 9891.1869700000
  [3,1,138] 9891.1869700000
  [3,1,139] 9891.1869700000
  [3,1,140] 9891.1869700000
  [3,1,141] 9891.1869700000
  [3,1,142] 9891.1869700000
  [3,1,143] 9891.1869700000
  [3,1,144] 9891.1869700000
  [3,1,145] 9891.1869700000
  [3,1,146] 9891.1869700000
  [3,1,147] 9891.1869700000
  [3,1,148] 9891.1869700000
  [3,1,149] 9891.1869700000
  [3,1,150] 9891.1869700000
  [3,1,151] 7912.9495760000
  [3,1,152] 7912.9495760000
  [3,1,153] 7912.9495760000
  [3,1,154] 9891.1869700000
  [3,1,155] 9891.1869700000
  [3,1,156] 9891.1869700000
  [3,1,157] 9891.1869700000
  [3,1,158] 9891.1869700000
  [3,1,159] 9194.6432288568
  [3,1,160] 9891.1869700000
  [3,1,161] 9891.1869700000
  [3,1,162] 9891.1869700000
  [3,1,163] 9891.1869700000
  [3,1,164] 9891.1869700000
  [3,1,165] 9891.1869700000
  [3,1,166] 9891.1869700000
  [3,1,167] 9891.1869700000
  [3,1,168] 9891.1869700000
  [3,1,169] 9891.1869700000
  [3,1,170] 9891.1869700000
  [3,1,171] 9891.1869700000
  [3,1,172] 9891.1869700000
  [3,1,173] 9891.1869700000
  [3,1,174] 7912.9495760000
  [3,1,175] 7912.9495760000
  [3,1,176] 7912.9495760000
  [3,1,177] 7912.9495760000
  [3,1,178] 9891.1869700000
  [3,1,179] 9891.1869700000
  [3,1,180] 9891.1869700000
  [3,1,181] 9891.1869700000
  [3,1,182] 9891.1869700000
  [3,1,183] 9891.1869700000
  [3,1,184] 9891.1869700000
  [3,1,185] 9891.1869700000
  [3,1,186] 9891.1869700000
  [3,1,187] 9891.1869700000
  [3,1,188] 9891.1869700000
  [3,1,189] 9891.1869700000
  [3,1,190] 9891.1869700000
  [3,1,191] 9891.1869700000
  [3,1,192] 9891.1869700000
  [3,1,193] 9891.1869700000
  [3,1,194] 9891.1869700000
  [3,1,195] 9891.1869700000
  [3,1,196] 9891.1869700000
  [3,1,197] 9891.1869700000
  [3,1,198] 9891.1869700000
  [3,1,199] 9891.1869700000
  [3,1,200] 9891.1869700000
  [3,1,201] 7912.9495760000
  [3,1,202] 9891.1869700000
  [3,1,203] 9891.1869700000
  [3,1,204] 9891.1869700000
  [3,1,205] 9891.1869700000
  [3,1,206] 9891.1869700000
  [3,1,207] 9891.1869700000
  [3,1,208] 9891.1869700000
  [3,1,209] 9891.1869700000
  [3,1,210] 9891.1869700000
  [3,1,211] 9891.1869700000
  [3,1,212] 9891.1869700000
  [3,1,213] 9891.1869700000
  [3,1,214] 9891.1869700000
  [3,1,215] 9891.1869700000
  [3,1,216] 9891.1869700000
  [3,1,217] 7912.9495760000
  [3,1,218] 7912.9495760000
  [3,1,219] 7912.9495760000
  [3,1,220] 7912.9495760000
  [3,1,221] 7912.9495760000
  [3,1,222] 7912.9495760000
  [3,1,223] 7912.9495760000
  [3,1,224] 7912.9495760000
  [3,1,225] 7912.9495760000
  [3,1,226] 7912.9495760000
  [3,1,227] 7912.9495760000
  [3,1,228] 7912.9495760000
  [3,1,229] 7912.9495760000
  [3,1,230] 7912.9495760000
  [3,1,231] 7912.9495760000
  [3,1,232] 7912.9495760000
  [3,1,233] 7912.9495760000
  [3,1,234] 7912.9495760000
  [3,1,235] 7912.9495760000
  [3,1,236] 7912.9495760000
  [3,1,237] 7912.9495760000
  [3,1,238] 7912.9495760000
  [3,1,239] 7912.9495760000
  [3,1,240] 7912.9495760000
  [3,1,241] 9891.1869700000
  [3,1,242] 7912.9495760000
  [3,1,243] 7912.9495760000
  [3,1,244] 7912.9495760000
  [3,1,245] 7912.9495760000
  [3,1,246] 7912.9495760000
  [3,1,247] 7912.9495760000
  [3,1,248] 7912.9495760000
  [3,1,249] 7912.9495760000
  [3,1,250] 7912.9495760000
  [3,1,251] 7912.9495760000
  [3,1,252] 7912.9495760000
  [3,1,253] 7912.9495760000
  [3,1,254] 9602.8511126281
  [3,1,255] 9891.1869700000
  [3,1,256] 9891.1869700000
  [3,1,257] 9891.1869700000
  [3,1,258] 9891.1869700000
  [3,1,259] 9891.1869700000
  [3,1,260] 9891.1869700000
  [3,1,261] 9891.1869700000
  [3,1,262] 9891.1869700000
  [3,1,263] 9891.1869700000
  [3,1,264] 9891.1869700000
  [3,1,265] 9891.1869700000
  [3,1,266] 9891.1869700000
  [3,1,267] 9891.1869700000
  [3,1,268] 9891.1869700000
  [3,1,269] 9891.1869700000
  [3,1,270] 9891.1869700000
  [3,1,271] 9891.1869700000
  [3,1,272] 9891.1869700000
  [3,1,273] 9891.1869700000
  [3,1,274] 9891.1869700000
  [3,1,275] 9891.1869700000
  [3,1,276] 9891.1869700000
  [3,1,277] 9891.1869700000
  [3,1,278] 9891.1869700000
  [3,1,279] 9891.1869700000
  [3,1,280] 9891.1869700000
  [3,1,281] 9891.1869700000
  [3,1,282] 9891.1869700000
  [3,1,283] 9891.1869700000
  [3,1,284] 9891.1869700000
  [3,1,285] 9891.1869700000
  [3,1,286] 9891.1869700000
  [3,1,287] 9891.1869700000
  [3,1,288] 9891.1869700000
  [3,1,289] 9891.1869700000
  [3,1,290] 9891.1869700000
  [3,1,291] 9891.1869700000
  [3,1,292] 9891.1869700000
  [3,1,293] 9891.1869700000
  [3,1,294] 7912.9495760000
  [3,1,295] 7912.9495760000
  [3,1,296] 7912.9495760000
  [3,1,297] 7912.9495760000
  [3,1,298] 9891.1869700000
  [3,1,299] 9891.1869700000
  [3,1,300] 9891.1869700000
  [3,1,301] 9891.1869700000
  [3,1,302] 7912.9495760000
  [3,1,303] 7912.9495760000
  [3,1,304] 7912.9495760000
  [3,1,305] 7912.9495760000
  [3,1,306] 7912.9495760000
  [3,1,307] 7912.9495760000
  [3,1,308] 7912.9495760000
  [3,1,309] 9891.1869700000
  [3,1,310] 9891.1869700000
  [3,1,311] 9891.1869700000
  [3,1,312] 9891.1869700000
  [3,1,313] 7912.9495760000
  [3,1,314] 7912.9495760000
  [3,1,315] 7912.9495760000
  [3,1,316] 7912.9495760000
  [3,1,317] 7912.9495760000
  [3,1,318] 7912.9495760000
  [3,1,319] 7912.9495760000
  [3,1,320] 7912.9495760000
  [3,1,321] 7912.9495760000
  [3,1,322] 7912.9495760000
  [3,1,323] 7912.9495760000
  [3,1,324] 7912.9495760000
  [3,1,325] 7912.9495760000
  [3,1,326] 7912.9495760000
  [3,1,327] 7912.9495760000
  [3,1,328] 7912.9495760000
  [3,1,329] 7912.9495760000
  [3,1,330] 7912.9495760000
  [3,1,331] 7912.9495760000
  [3,1,332] 7912.9495760000
  [3,1,333] 7912.9495760000
  [3,1,334] 7912.9495760000
  [3,1,335] 7912.9495760000
  [3,1,336] 7912.9495760000
  [3,1,337] 7912.9495760000
  [3,1,338] 7912.9495760000
  [3,1,339] 7912.9495760000
  [3,1,340] 7912.9495760000
  [3,1,341] 7912.9495760000
  [3,1,342] 7912.9495760000
  [3,1,343] 7912.9495760000
  [3,1,344] 7912.9495760000
  [3,1,345] 7912.9495760000
  [3,1,346] 7912.9495760000
  [3,1,347] 7912.9495760000
  [3,1,348] 7912.9495760000
  [3,1,349] 7912.9495760000
  [3,1,350] 7912.9495760000
  [3,1,351] 7912.9495760000
  [3,1,352] 7912.9495760000
  [3,1,353] 7912.9495760000
  [3,1,354] 7912.9495760000
  [3,1,355] 7912.9495760000
  [3,1,356] 7912.9495760000
  [3,1,357] 7912.9495760000
  [3,1,358] 7912.9495760000
  [3,1,359] 7912.9495760000
  [3,1,360] 7912.9495760000
  [3,1,361] 7912.9495760000
  [3,1,362] 7912.9495760000
  [3,1,363] 7912.9495760000
  [3,1,364] 7912.9495760000
  [3,1,365] 7912.9495760000
  [3,1,366] 7912.9495760000
  [3,1,367] 7912.9495760000
  [3,1,368] 7912.9495760000
  [3,1,369] 7912.9495760000
  [3,1,370] 7912.9495760000
  [3,1,371] 7912.9495760000
  [3,1,372] 7912.9495760000
  [3,1,373] 7912.9495760000
  [3,1,374] 7912.9495760000
  [3,1,375] 7912.9495760000
  [3,1,376] 7912.9495760000
  [3,1,377] 7912.9495760000
  [3,1,378] 7912.9495760000
  [3,1,379] 7912.9495760000
  [3,1,380] 7912.9495760000
  [3,1,381] 7912.9495760000
  [3,1,382] 7912.9495760000
  [3,1,383] 7912.9495760000
  [3,1,384] 7912.9495760000
  [3,1,385] 7912.9495760000
  [3,1,386] 7912.9495760000
  [3,1,387] 7912.9495760000
  [3,1,388] 7912.9495760000
  [3,1,389] 7912.9495760000
  [3,1,390] 7912.9495760000
  [3,1,391] 7912.9495760000
  [3,1,392] 7912.9495760000
  [3,1,393] 7912.9495760000
  [3,1,394] 7912.9495760000
  [3,1,395] 7912.9495760000
  [3,1,396] 9891.1869700000
  [3,1,397] 7912.9495760000
  [3,1,398] 7912.9495760000
  [3,1,399] 7912.9495760000
  [3,1,400] 7912.9495760000
  [3,1,401] 7912.9495760000
  [3,1,402] 7912.9495760000
  [3,1,403] 7912.9495760000
  [3,1,404] 7912.9495760000
  [3,1,405] 7912.9495760000
  [3,1,406] 7912.9495760000
  [3,1,407] 7912.9495760000
  [3,1,408] 7912.9495760000
  [3,1,409] 7912.9495760000
  [3,1,410] 7912.9495760000
  [3,1,411] 7912.9495760000
  [3,1,412] 7912.9495760000
  [3,1,413] 7912.9495760000
  [3,1,414] 7912.9495760000
  [3,1,415] 7912.9495760000
  [3,1,416] 7912.9495760000
  [3,1,417] 7912.9495760000
  [3,1,418] 7912.9495760000
  [3,1,419] 7912.9495760000
  [3,1,420] 7912.9495760000
  [3,1,421] 7912.9495760000
  [3,1,422] 7912.9495760000
  [3,1,423] 7912.9495760000
  [3,1,424] 7912.9495760000
  [3,1,425] 7912.9495760000
  [3,1,426] 7912.9495760000
  [3,1,427] 7912.9495760000
  [3,1,428] 7912.9495760000
  [3,1,429] 7912.9495760000
  [3,1,430] 7912.9495760000
  [3,1,431] 7912.9495760000
  [3,1,432] 7912.9495760000
  [3,1,433] 7912.9495760000
  [3,1,434] 7912.9495760000
  [3,1,435] 7912.9495760000
  [3,1,436] 7912.9495760000
  [3,1,437] 7912.9495760000
  [3,1,438] 7912.9495760000
  [3,1,439] 7912.9495760000
  [3,1,440] 7912.9495760000
  [3,1,441] 7912.9495760000
  [3,1,442] 7912.9495760000
  [3,1,443] 7912.9495760000
  [3,1,444] 7912.9495760000
  [3,1,445] 7912.9495760000
  [3,1,446] 7912.9495760000
  [3,1,447] 7912.9495760000
  [3,1,448] 7912.9495760000
  [3,1,449] 7912.9495760000
  [3,1,450] 7912.9495760000
  [3,1,451] 7912.9495760000
  [3,1,452] 7912.9495760000
  [3,1,453] 7912.9495760000
  [3,1,454] 7912.9495760000
  [3,1,455] 9891.1869700000
  [3,1,456] 7912.9495760000
  [3,1,457] 7912.9495760000
  [3,1,458] 7912.9495760000
  [3,1,459] 9891.1869700000
  [3,1,460] 7912.9495760000
  [3,1,461] 7912.9495760000
  [3,1,462] 7912.9495760000
  [3,1,463] 7912.9495760000
  [3,1,464] 9891.1869700000
  [3,1,465] 9891.1869700000
  [3,1,466] 9891.1869700000
  [3,1,467] 9891.1869700000
  [3,1,468] 9891.1869700000
  [3,1,469] 9891.1869700000
  [3,1,470] 9891.1869700000
  [3,1,471] 9891.1869700000
  [3,1,472] 9891.1869700000
  [3,1,473] 9891.1869700000
  [3,1,474] 9891.1869700000
  [3,1,475] 9891.1869700000
  [3,1,476] 9891.1869700000
  [3,1,477] 9891.1869700000
  [3,1,478] 9891.1869700000
  [3,1,479] 9891.1869700000
  [3,1,480] 9891.1869700000
  [3,1,481] 9891.1869700000
  [3,1,482] 9891.1869700000
  [3,1,483] 9891.1869700000
  [3,1,484] 7912.9495760000
  [3,1,485] 7912.9495760000
  [3,1,486] 7912.9495760000
  [3,1,487] 7912.9495760000
  [3,1,488] 7912.9495760000
  [3,1,489] 7912.9495760000
  [3,1,490] 9891.1869700000
  [3,1,491] 9891.1869700000
  [3,1,492] 9891.1869700000
  [3,1,493] 9891.1869700000
  [3,1,494] 9891.1869700000
  [3,1,495] 9891.1869700000
  [3,1,496] 9891.1869700000
  [3,1,497] 9891.1869700000
  [3,1,498] 9891.1869700000
  [3,1,499] 9891.1869700000
  [3,1,500] 9891.1869700000
  [3,1,501] 9891.1869700000
  [3,1,502] 9891.1869700000
  [3,1,503] 9891.1869700000
  [3,1,504] 9891.1869700000
  [3,1,505] 9891.1869700000
  [3,1,506] 9891.1869700000
  [3,1,507] 9891.1869700000
  [3,1,508] 7912.9495760000
  [3,1,509] 7912.9495760000
  [3,1,510] 7912.9495760000
  [3,1,511] 7912.9495760000
  [3,1,512] 7912.9495760000
  [3,1,513] 7912.9495760000
  [3,1,514] 9891.1869700000
  [3,1,515] 9891.1869700000
  [3,1,516] 9891.1869700000
  [3,1,517] 9891.1869700000
  [3,1,518] 9891.1869700000
  [3,1,519] 9891.1869700000
  [3,1,520] 9891.1869700000
  [3,1,521] 9891.1869700000
  [3,1,522] 9891.1869700000
  [3,1,523] 9891.1869700000
  [3,1,524] 9891.1869700000
  [3,1,525] 9891.1869700000
  [3,1,526] 9891.1869700000
  [3,1,527] 9891.1869700000
  [3,1,528] 9891.1869700000
  [3,1,529] 9891.1869700000
  [3,1,530] 9891.1869700000
  [3,1,531] 9891.1869700000
  [3,1,532] 9891.1869700000
  [3,1,533] 9891.1869700000
  [3,1,534] 9891.1869700000
  [3,1,535] 9891.1869700000
  [3,1,536] 9891.1869700000
  [3,1,537] 9891.1869700000
  [3,1,538] 9891.1869700000
  [3,1,539] 9891.1869700000
  [3,1,540] 9891.1869700000
  [3,1,541] 9891.1869700000
  [3,1,542] 9891.1869700000
  [3,1,543] 9891.1869700000
  [3,1,544] 9891.1869700000
  [3,1,545] 9891.1869700000
  [3,1,546] 7912.9495760000
  [3,1,547] 7912.9495760000
  [3,1,548] 9891.1869700000
  [3,1,549] 9891.1869700000
  [3,1,550] 9891.1869700000
  [3,1,551] 9891.1869700000
  [3,1,552] 9891.1869700000
  [3,1,553] 9891.1869700000
  [3,1,554] 9891.1869700000
  [3,1,555] 9891.1869700000
  [3,1,556] 7912.9495760000
  [3,1,557] 7912.9495760000
  [3,1,558] 7912.9495760000
  [3,1,559] 7912.9495760000
  [3,1,560] 7912.9495760000
  [3,1,561] 7912.9495760000
  [3,1,562] 9891.1869700000
  [3,1,563] 9891.1869700000
  [3,1,564] 9891.1869700000
  [3,1,565] 9891.1869700000
  [3,1,566] 9891.1869700000
  [3,1,567] 9891.1869700000
  [3,1,568] 7912.9495760000
  [3,1,569] 9891.1869700000
  [3,1,570] 9891.1869700000
  [3,1,571] 9891.1869700000
  [3,1,572] 9891.1869700000
  [3,1,573] 9891.1869700000
  [3,1,574] 9891.1869700000
  [3,1,575] 9891.1869700000
  [3,1,576] 9891.1869700000
  [3,1,577] 9891.1869700000
  [3,1,578] 9891.1869700000
  [3,1,579] 9891.1869700000
  [3,1,580] 9891.1869700000
  [3,1,581] 7912.9495760000
  [3,1,582] 7912.9495760000
  [3,1,583] 7912.9495760000
  [3,1,584] 7912.9495760000
  [3,1,585] 7912.9495760000
  [3,1,586] 7912.9495760000
  [3,1,587] 9891.1869700000
  [3,1,588] 9891.1869700000
  [3,1,589] 9891.1869700000
  [3,1,590] 9891.1869700000
  [3,1,591] 9891.1869700000
  [3,1,592] 9891.1869700000
  [3,1,593] 9891.1869700000
  [3,1,594] 9891.1869700000
  [3,1,595] 9891.1869700000
  [3,1,596] 9891.1869700000
  [3,1,597] 9891.1869700000
  [3,1,598] 9891.1869700000
  [3,1,599] 9891.1869700000
  [3,1,600] 9891.1869700000
  [3,1,601] 9891.1869700000
  [3,1,602] 7912.9495760000
  [3,1,603] 7912.9495760000
  [3,1,604] 7912.9495760000
  [3,1,605] 7912.9495760000
  [3,1,606] 7912.9495760000
  [3,1,607] 7912.9495760000
  [3,1,608] 7912.9495760000
  [3,1,609] 7912.9495760000
  [3,1,610] 9891.1869700000
  [3,1,611] 9891.1869700000
  [3,1,612] 9891.1869700000
  [3,1,613] 9891.1869700000
  [3,1,614] 9891.1869700000
  [3,1,615] 9891.1869700000
  [3,1,616] 9891.1869700000
  [3,1,617] 9891.1869700000
  [3,1,618] 9891.1869700000
  [3,1,619] 9891.1869700000
  [3,1,620] 9891.1869700000
  [3,1,621] 9891.1869700000
  [3,1,622] 9891.1869700000
  [3,1,623] 9891.1869700000
  [3,1,624] 9891.1869700000
  [3,1,625] 9891.1869700000
  [3,1,626] 9891.1869700000
  [3,1,627] 7912.9495760000
  [3,1,628] 7912.9495760000
  [3,1,629] 7912.9495760000
  [3,1,630] 7912.9495760000
  [3,1,631] 7912.9495760000
  [3,1,632] 7912.9495760000
  [3,1,633] 7912.9495760000
  [3,1,634] 9891.1869700000
  [3,1,635] 9891.1869700000
  [3,1,636] 9891.1869700000
  [3,1,637] 9891.1869700000
  [3,1,638] 9891.1869700000
  [3,1,639] 9891.1869700000
  [3,1,640] 9891.1869700000
  [3,1,641] 9891.1869700000
  [3,1,642] 9891.1869700000
  [3,1,643] 9891.1869700000
  [3,1,644] 9891.1869700000
  [3,1,645] 9891.1869700000
  [3,1,646] 9891.1869700000
  [3,1,647] 9891.1869700000
  [3,1,648] 9891.1869700000
  [3,1,649] 9891.1869700000
  [3,1,650] 9891.1869700000
  [3,1,651] 7912.9495760000
  [3,1,652] 7912.9495760000
  [3,1,653] 7912.9495760000
  [3,1,654] 7912.9495760000
  [3,1,655] 7912.9495760000
  [3,1,656] 7912.9495760000
  [3,1,657] 7912.9495760000
  [3,1,658] 7912.9495760000
  [3,1,659] 9891.1869700000
  [3,1,660] 9891.1869700000
  [3,1,661] 9891.1869700000
  [3,1,662] 9891.1869700000
  [3,1,663] 9891.1869700000
  [3,1,664] 9891.1869700000
  [3,1,665] 9891.1869700000
  [3,1,666] 9891.1869700000
  [3,1,667] 9891.1869700000
  [3,1,668] 9891.1869700000
  [3,1,669] 9891.1869700000
  [3,1,670] 9891.1869700000
  [3,1,671] 9891.1869700000
  [3,1,672] 9891.1869700000
  [3,1,673] 9891.1869700000
  [3,1,674] 9891.1869700000
  [3,1,675] 7912.9495760000
  [3,1,676] 7912.9495760000
  [3,1,677] 7912.9495760000
  [3,1,678] 7912.9495760000
  [3,1,679] 7912.9495760000
  [3,1,680] 7912.9495760000
  [3,1,681] 7912.9495760000
  [3,1,682] 7912.9495760000
  [3,1,683] 7912.9495760000
  [3,1,684] 9891.1869700000
  [3,1,685] 9891.1869700000
  [3,1,686] 9891.1869700000
  [3,1,687] 9891.1869700000
  [3,1,688] 9891.1869700000
  [3,1,689] 9891.1869700000
  [3,1,690] 9891.1869700000
  [3,1,691] 9891.1869700000
  [3,1,692] 9891.1869700000
  [3,1,693] 9891.1869700000
  [3,1,694] 9891.1869700000
  [3,1,695] 9891.1869700000
  [3,1,696] 9891.1869700000
  [3,1,697] 9891.1869700000
  [3,1,698] 9891.1869700000
  [3,1,699] 9891.1869700000
  [3,1,700] 7912.9495760000
  [3,1,701] 7912.9495760000
  [3,1,702] 7912.9495760000
  [3,1,703] 7912.9495760000
  [3,1,704] 7912.9495760000
  [3,1,705] 7912.9495760000
  [3,1,706] 9891.1869700000
  [3,1,707] 9891.1869700000
  [3,1,708] 9891.1869700000
  [3,1,709] 9891.1869700000
  [3,1,710] 9891.1869700000
  [3,1,711] 9891.1869700000
  [3,1,712] 9891.1869700000
  [3,1,713] 7912.9495760000
  [3,1,714] 7912.9495760000
  [3,1,715] 7912.9495760000
  [3,1,716] 7912.9495760000
  [3,1,717] 9891.1869700000
  [3,1,718] 9891.1869700000
  [3,1,719] 9891.1869700000
  [3,1,720] 9891.1869700000
  [3,1,721] 9891.1869700000
  [3,1,722] 9891.1869700000
  [3,1,723] 9891.1869700000
  [3,1,724] 9891.1869700000
  [3,1,725] 9891.1869700000
  [3,1,726] 9891.1869700000
  [3,1,727] 9891.1869700000
  [3,1,728] 9000.3482389236
  [3,1,729] 7912.9495760000
  [3,1,730] 7912.9495760000
  [3,1,731] 7912.9495760000
  [3,1,732] 7912.9495760000
  [3,1,733] 7912.9495760000
  [3,1,734] 7912.9495760000
  [3,1,735] 7912.9495760000
  [3,1,736] 7912.9495760000
  [3,1,737] 7912.9495760000
  [3,1,738] 7912.9495760000
  [3,1,739] 7912.9495760000
  [3,1,740] 7912.9495760000
  [3,1,741] 7912.9495760000
  [3,1,742] 7912.9495760000
  [3,1,743] 7912.9495760000
  [3,1,744] 7912.9495760000
  [3,2,1] 9891.1869700000
  [3,2,2] 9891.1869700000
  [3,2,3] 7912.9495760000
  [3,2,4] 7912.9495760000
  [3,2,5] 7912.9495760000
  [3,2,6] 7912.9495760000
  [3,2,7] 7912.9495760000
  [3,2,8] 7912.9495760000
  [3,2,9] 7912.9495760000
  [3,2,10] 9891.1869700000
  [3,2,11] 9891.1869700000
  [3,2,12] 9891.1869700000
  [3,2,13] 9891.1869700000
  [3,2,14] 9891.1869700000
  [3,2,15] 9891.1869700000
  [3,2,16] 9891.1869700000
  [3,2,17] 9891.1869700000
  [3,2,18] 9891.1869700000
  [3,2,19] 7912.9495760000
  [3,2,20] 9891.1869700000
  [3,2,21] 7912.9495760000
  [3,2,22] 7912.9495760000
  [3,2,23] 9891.1869700000
  [3,2,24] 9891.1869700000
  [3,2,25] 9891.1869700000
  [3,2,26] 9891.1869700000
  [3,2,27] 9891.1869700000
  [3,2,28] 9891.1869700000
  [3,2,29] 9891.1869700000
  [3,2,30] 9891.1869700000
  [3,2,31] 7912.9495760000
  [3,2,32] 7912.9495760000
  [3,2,33] 7912.9495760000
  [3,2,34] 7912.9495760000
  [3,2,35] 7912.9495760000
  [3,2,36] 9891.1869700000
  [3,2,37] 9891.1869700000
  [3,2,38] 9891.1869700000
  [3,2,39] 7912.9495760000
  [3,2,40] 7912.9495760000
  [3,2,41] 7912.9495760000
  [3,2,42] 9891.1869700000
  [3,2,43] 9891.1869700000
  [3,2,44] 9891.1869700000
  [3,2,45] 9891.1869700000
  [3,2,46] 9891.1869700000
  [3,2,47] 9891.1869700000
  [3,2,48] 9891.1869700000
  [3,2,49] 7912.9495760000
  [3,2,50] 9891.1869700000
  [3,2,51] 9891.1869700000
  [3,2,52] 9891.1869700000
  [3,2,53] 7912.9495760000
  [3,2,54] 7912.9495760000
  [3,2,55] 7912.9495760000
  [3,2,56] 7912.9495760000
  [3,2,57] 7912.9495760000
  [3,2,58] 9891.1869700000
  [3,2,59] 9891.1869700000
  [3,2,60] 7912.9495760000
  [3,2,61] 9891.1869700000
  [3,2,62] 9891.1869700000
  [3,2,63] 9891.1869700000
  [3,2,64] 9891.1869700000
  [3,2,65] 7912.9495760000
  [3,2,66] 9891.1869700000
  [3,2,67] 9891.1869700000
  [3,2,68] 9891.1869700000
  [3,2,69] 9891.1869700000
  [3,2,70] 9891.1869700000
  [3,2,71] 9891.1869700000
  [3,2,72] 9891.1869700000
  [3,2,73] 9891.1869700000
  [3,2,74] 9891.1869700000
  [3,2,75] 9891.1869700000
  [3,2,76] 7912.9495760000
  [3,2,77] 9891.1869700000
  [3,2,78] 7912.9495760000
  [3,2,79] 9891.1869700000
  [3,2,80] 9891.1869700000
  [3,2,81] 7912.9495760000
  [3,2,82] 9891.1869700000
  [3,2,83] 9891.1869700000
  [3,2,84] 9891.1869700000
  [3,2,85] 9891.1869700000
  [3,2,86] 7912.9495760000
  [3,2,87] 9891.1869700000
  [3,2,88] 7912.9495760000
  [3,2,89] 9891.1869700000
  [3,2,90] 9891.1869700000
  [3,2,91] 9891.1869700000
  [3,2,92] 9891.1869700000
  [3,2,93] 9891.1869700000
  [3,2,94] 9891.1869700000
  [3,2,95] 7912.9495760000
  [3,2,96] 9891.1869700000
  [3,2,97] 9891.1869700000
  [3,2,98] 7912.9495760000
  [3,2,99] 9891.1869700000
  [3,2,100] 9891.1869700000
  [3,2,101] 9891.1869700000
  [3,2,102] 9891.1869700000
  [3,2,103] 7912.9495760000
  [3,2,104] 9891.1869700000
  [3,2,105] 9891.1869700000
  [3,2,106] 9891.1869700000
  [3,2,107] 9891.1869700000
  [3,2,108] 9891.1869700000
  [3,2,109] 9891.1869700000
  [3,2,110] 9891.1869700000
  [3,2,111] 9891.1869700000
  [3,2,112] 9891.1869700000
  [3,2,113] 7912.9495760000
  [3,2,114] 9891.1869700000
  [3,2,115] 7912.9495760000
  [3,2,116] 9891.1869700000
  [3,2,117] 9891.1869700000
  [3,2,118] 9891.1869700000
  [3,2,119] 7912.9495760000
  [3,2,120] 9891.1869700000
  [3,2,121] 9891.1869700000
  [3,2,122] 9891.1869700000
  [3,2,123] 7912.9495760000
  [3,2,124] 9891.1869700000
  [3,2,125] 9891.1869700000
  [3,2,126] 9891.1869700000
  [3,2,127] 7912.9495760000
  [3,2,128] 9891.1869700000
  [3,2,129] 9891.1869700000
  [3,2,130] 9891.1869700000
  [3,2,131] 9891.1869700000
  [3,2,132] 7912.9495760000
  [3,2,133] 9891.1869700000
  [3,2,134] 9891.1869700000
  [3,2,135] 9891.1869700000
  [3,2,136] 9891.1869700000
  [3,2,137] 7912.9495760000
  [3,2,138] 9891.1869700000
  [3,2,139] 9891.1869700000
  [3,2,140] 7912.9495760000
  [3,2,141] 9891.1869700000
  [3,2,142] 9891.1869700000
  [3,2,143] 9891.1869700000
  [3,2,144] 9891.1869700000
  [3,2,145] 9891.1869700000
  [3,2,146] 9891.1869700000
  [3,2,147] 9891.1869700000
  [3,2,148] 9891.1869700000
  [3,2,149] 9891.1869700000
  [3,2,150] 9891.1869700000
  [3,2,151] 7912.9495760000
  [3,2,152] 7912.9495760000
  [3,2,153] 7912.9495760000
  [3,2,154] 9891.1869700000
  [3,2,155] 9891.1869700000
  [3,2,156] 9891.1869700000
  [3,2,157] 7912.9495760000
  [3,2,158] 9891.1869700000
  [3,2,159] 9891.1869700000
  [3,2,160] 9891.1869700000
  [3,2,161] 7912.9495760000
  [3,2,162] 9891.1869700000
  [3,2,163] 9891.1869700000
  [3,2,164] 9891.1869700000
  [3,2,165] 7912.9495760000
  [3,2,166] 9891.1869700000
  [3,2,167] 9891.1869700000
  [3,2,168] 9891.1869700000
  [3,2,169] 7912.9495760000
  [3,2,170] 9891.1869700000
  [3,2,171] 9891.1869700000
  [3,2,172] 7912.9495760000
  [3,2,173] 9891.1869700000
  [3,2,174] 7912.9495760000
  [3,2,175] 7912.9495760000
  [3,2,176] 7912.9495760000
  [3,2,177] 7912.9495760000
  [3,2,178] 9891.1869700000
  [3,2,179] 9891.1869700000
  [3,2,180] 9891.1869700000
  [3,2,181] 7912.9495760000
  [3,2,182] 9891.1869700000
  [3,2,183] 9891.1869700000
  [3,2,184] 9891.1869700000
  [3,2,185] 7912.9495760000
  [3,2,186] 9891.1869700000
  [3,2,187] 9891.1869700000
  [3,2,188] 9891.1869700000
  [3,2,189] 9891.1869700000
  [3,2,190] 9891.1869700000
  [3,2,191] 7912.9495760000
  [3,2,192] 9891.1869700000
  [3,2,193] 9891.1869700000
  [3,2,194] 9891.1869700000
  [3,2,195] 9891.1869700000
  [3,2,196] 7912.9495760000
  [3,2,197] 9891.1869700000
  [3,2,198] 7912.9495760000
  [3,2,199] 9891.1869700000
  [3,2,200] 7912.9495760000
  [3,2,201] 7912.9495760000
  [3,2,202] 9891.1869700000
  [3,2,203] 7912.9495760000
  [3,2,204] 9891.1869700000
  [3,2,205] 7912.9495760000
  [3,2,206] 9891.1869700000
  [3,2,207] 9891.1869700000
  [3,2,208] 9891.1869700000
  [3,2,209] 9891.1869700000
  [3,2,210] 7912.9495760000
  [3,2,211] 9891.1869700000
  [3,2,212] 7912.9495760000
  [3,2,213] 9891.1869700000
  [3,2,214] 9891.1869700000
  [3,2,215] 7912.9495760000
  [3,2,216] 9891.1869700000
  [3,2,217] 7912.9495760000
  [3,2,218] 7912.9495760000
  [3,2,219] 7912.9495760000
  [3,2,220] 7912.9495760000
  [3,2,221] 7912.9495760000
  [3,2,222] 7912.9495760000
  [3,2,223] 7912.9495760000
  [3,2,224] 7912.9495760000
  [3,2,225] 7912.9495760000
  [3,2,226] 7912.9495760000
  [3,2,227] 7912.9495760000
  [3,2,228] 7912.9495760000
  [3,2,229] 7912.9495760000
  [3,2,230] 7912.9495760000
  [3,2,231] 7912.9495760000
  [3,2,232] 7912.9495760000
  [3,2,233] 7912.9495760000
  [3,2,234] 7912.9495760000
  [3,2,235] 7912.9495760000
  [3,2,236] 7912.9495760000
  [3,2,237] 7912.9495760000
  [3,2,238] 9891.1869700000
  [3,2,239] 7912.9495760000
  [3,2,240] 9891.1869700000
  [3,2,241] 9891.1869700000
  [3,2,242] 7912.9495760000
  [3,2,243] 7912.9495760000
  [3,2,244] 7912.9495760000
  [3,2,245] 7912.9495760000
  [3,2,246] 7912.9495760000
  [3,2,247] 7912.9495760000
  [3,2,248] 7912.9495760000
  [3,2,249] 7912.9495760000
  [3,2,250] 7912.9495760000
  [3,2,251] 7912.9495760000
  [3,2,252] 9891.1869700000
  [3,2,253] 7912.9495760000
  [3,2,254] 9891.1869700000
  [3,2,255] 7912.9495760000
  [3,2,256] 9891.1869700000
  [3,2,257] 9891.1869700000
  [3,2,258] 9891.1869700000
  [3,2,259] 9891.1869700000
  [3,2,260] 7912.9495760000
  [3,2,261] 9891.1869700000
  [3,2,262] 7912.9495760000
  [3,2,263] 9891.1869700000
  [3,2,264] 7912.9495760000
  [3,2,265] 7912.9495760000
  [3,2,266] 9891.1869700000
  [3,2,267] 9891.1869700000
  [3,2,268] 7912.9495760000
  [3,2,269] 7912.9495760000
  [3,2,270] 9891.1869700000
  [3,2,271] 9891.1869700000
  [3,2,272] 7912.9495760000
  [3,2,273] 9891.1869700000
  [3,2,274] 7912.9495760000
  [3,2,275] 9891.1869700000
  [3,2,276] 9891.1869700000
  [3,2,277] 7912.9495760000
  [3,2,278] 7912.9495760000
  [3,2,279] 9891.1869700000
  [3,2,280] 9891.1869700000
  [3,2,281] 9891.1869700000
  [3,2,282] 7912.9495760000
  [3,2,283] 9891.1869700000
  [3,2,284] 7912.9495760000
  [3,2,285] 9891.1869700000
  [3,2,286] 7912.9495760000
  [3,2,287] 9891.1869700000
  [3,2,288] 7912.9495760000
  [3,2,289] 7912.9495760000
  [3,2,290] 9891.1869700000
  [3,2,291] 9891.1869700000
  [3,2,292] 9891.1869700000
  [3,2,293] 7912.9495760000
  [3,2,294] 7912.9495760000
  [3,2,295] 7912.9495760000
  [3,2,296] 7912.9495760000
  [3,2,297] 7912.9495760000
  [3,2,298] 9891.1869700000
  [3,2,299] 7912.9495759567
  [3,2,300] 7912.9495760000
  [3,2,301] 9891.1869700000
  [3,2,302] 7912.9495760000
  [3,2,303] 7912.9495760000
  [3,2,304] 7912.9495760000
  [3,2,305] 7912.9495760000
  [3,2,306] 7912.9495760000
  [3,2,307] 7912.9495760000
  [3,2,308] 7912.9495760000
  [3,2,309] 9891.1869700000
  [3,2,310] 7912.9495760000
  [3,2,311] 9891.1869700000
  [3,2,312] 9891.1869700000
  [3,2,313] 7912.9495760000
  [3,2,314] 7912.9495760000
  [3,2,315] 7912.9495760000
  [3,2,316] 7912.9495760000
  [3,2,317] 7912.9495760000
  [3,2,318] 7912.9495760000
  [3,2,319] 7912.9495760000
  [3,2,320] 7912.9495760000
  [3,2,321] 7912.9495760000
  [3,2,322] 7912.9495760000
  [3,2,323] 7912.9495760000
  [3,2,324] 7912.9495760000
  [3,2,325] 7912.9495760000
  [3,2,326] 7912.9495760000
  [3,2,327] 7912.9495760000
  [3,2,328] 7912.9495760000
  [3,2,329] 7912.9495760000
  [3,2,330] 7912.9495760000
  [3,2,331] 7912.9495760000
  [3,2,332] 7912.9495760000
  [3,2,333] 7912.9495760000
  [3,2,334] 7912.9495760000
  [3,2,335] 7912.9495760000
  [3,2,336] 7912.9495760000
  [3,2,337] 7912.9495760000
  [3,2,338] 7912.9495760000
  [3,2,339] 7912.9495760000
  [3,2,340] 7912.9495760000
  [3,2,341] 7912.9495760000
  [3,2,342] 7912.9495760000
  [3,2,343] 7912.9495760000
  [3,2,344] 7912.9495760000
  [3,2,345] 7912.9495760000
  [3,2,346] 7912.9495760000
  [3,2,347] 7912.9495760000
  [3,2,348] 7912.9495760000
  [3,2,349] 7912.9495760000
  [3,2,350] 7912.9495760000
  [3,2,351] 7912.9495760000
  [3,2,352] 7912.9495760000
  [3,2,353] 7912.9495760000
  [3,2,354] 7912.9495760000
  [3,2,355] 7912.9495760000
  [3,2,356] 7912.9495760000
  [3,2,357] 7912.9495760000
  [3,2,358] 7912.9495760000
  [3,2,359] 7912.9495760000
  [3,2,360] 7912.9495760000
  [3,2,361] 7912.9495760000
  [3,2,362] 7912.9495760000
  [3,2,363] 7912.9495760000
  [3,2,364] 7912.9495760000
  [3,2,365] 7912.9495760000
  [3,2,366] 7912.9495760000
  [3,2,367] 7912.9495760000
  [3,2,368] 7912.9495760000
  [3,2,369] 7912.9495760000
  [3,2,370] 7912.9495760000
  [3,2,371] 7912.9495760000
  [3,2,372] 7912.9495760000
  [3,2,373] 7912.9495760000
  [3,2,374] 9891.1869700000
  [3,2,375] 7912.9495760000
  [3,2,376] 7912.9495760000
  [3,2,377] 7912.9495760000
  [3,2,378] 9891.1869700000
  [3,2,379] 7912.9495760000
  [3,2,380] 7912.9495760000
  [3,2,381] 7912.9495760000
  [3,2,382] 7912.9495760000
  [3,2,383] 7912.9495760000
  [3,2,384] 7912.9495760000
  [3,2,385] 7912.9495760000
  [3,2,386] 7912.9495760000
  [3,2,387] 7912.9495760000
  [3,2,388] 7912.9495760000
  [3,2,389] 7912.9495760000
  [3,2,390] 7912.9495760000
  [3,2,391] 7912.9495760000
  [3,2,392] 7912.9495760000
  [3,2,393] 7912.9495760000
  [3,2,394] 7912.9495760000
  [3,2,395] 7912.9495760000
  [3,2,396] 7912.9495760000
  [3,2,397] 9891.1869700000
  [3,2,398] 9891.1869700000
  [3,2,399] 7912.9495760000
  [3,2,400] 7912.9495760000
  [3,2,401] 7912.9495760000
  [3,2,402] 7912.9495760000
  [3,2,403] 7912.9495760000
  [3,2,404] 7912.9495760000
  [3,2,405] 7912.9495760000
  [3,2,406] 7912.9495760000
  [3,2,407] 7912.9495760000
  [3,2,408] 7912.9495760000
  [3,2,409] 7912.9495760000
  [3,2,410] 7912.9495760000
  [3,2,411] 7912.9495760000
  [3,2,412] 7912.9495760000
  [3,2,413] 7912.9495760000
  [3,2,414] 7912.9495760000
  [3,2,415] 7912.9495760000
  [3,2,416] 7912.9495760000
  [3,2,417] 7912.9495760000
  [3,2,418] 7912.9495760000
  [3,2,419] 7912.9495760000
  [3,2,420] 7912.9495760000
  [3,2,421] 7912.9495760000
  [3,2,422] 7912.9495760000
  [3,2,423] 7912.9495760000
  [3,2,424] 7912.9495760000
  [3,2,425] 7912.9495760000
  [3,2,426] 7912.9495760000
  [3,2,427] 7912.9495760000
  [3,2,428] 7912.9495760000
  [3,2,429] 7912.9495760000
  [3,2,430] 7912.9495760000
  [3,2,431] 7912.9495760000
  [3,2,432] 7912.9495760000
  [3,2,433] 7912.9495760000
  [3,2,434] 7912.9495760000
  [3,2,435] 7912.9495760000
  [3,2,436] 7912.9495760000
  [3,2,437] 7912.9495760000
  [3,2,438] 7912.9495760000
  [3,2,439] 7912.9495760000
  [3,2,440] 7912.9495760000
  [3,2,441] 7912.9495760000
  [3,2,442] 7912.9495760000
  [3,2,443] 7912.9495760000
  [3,2,444] 7912.9495760000
  [3,2,445] 7912.9495760000
  [3,2,446] 7912.9495760000
  [3,2,447] 7912.9495760000
  [3,2,448] 7912.9495760000
  [3,2,449] 7912.9495760000
  [3,2,450] 7912.9495760000
  [3,2,451] 7912.9495760000
  [3,2,452] 7912.9495760000
  [3,2,453] 7912.9495760000
  [3,2,454] 7912.9495760000
  [3,2,455] 9891.1869700000
  [3,2,456] 7912.9495760000
  [3,2,457] 7912.9495760000
  [3,2,458] 7912.9495760000
  [3,2,459] 9891.1869700000
  [3,2,460] 7912.9495760000
  [3,2,461] 7912.9495760000
  [3,2,462] 7912.9495760000
  [3,2,463] 7912.9495760000
  [3,2,464] 7912.9495760000
  [3,2,465] 9891.1869700000
  [3,2,466] 9891.1869700000
  [3,2,467] 9891.1869700000
  [3,2,468] 9891.1869700000
  [3,2,469] 9891.1869700000
  [3,2,470] 9891.1869700000
  [3,2,471] 7912.9495760000
  [3,2,472] 9891.1869700000
  [3,2,473] 9891.1869700000
  [3,2,474] 9891.1869700000
  [3,2,475] 9891.1869700000
  [3,2,476] 9891.1869700000
  [3,2,477] 9891.1869700000
  [3,2,478] 9891.1869700000
  [3,2,479] 7912.9495760000
  [3,2,480] 9891.1869700000
  [3,2,481] 9891.1869700000
  [3,2,482] 7912.9495760000
  [3,2,483] 9891.1869700000
  [3,2,484] 7912.9495760000
  [3,2,485] 7912.9495760000
  [3,2,486] 7912.9495760000
  [3,2,487] 7912.9495760000
  [3,2,488] 7912.9495760000
  [3,2,489] 7912.9495760000
  [3,2,490] 9891.1869700000
  [3,2,491] 9891.1869700000
  [3,2,492] 9891.1869700000
  [3,2,493] 9891.1869700000
  [3,2,494] 9891.1869700000
  [3,2,495] 9891.1869700000
  [3,2,496] 9891.1869700000
  [3,2,497] 7912.9495760000
  [3,2,498] 9891.1869700000
  [3,2,499] 9891.1869700000
  [3,2,500] 9891.1869700000
  [3,2,501] 9891.1869700000
  [3,2,502] 7912.9495760000
  [3,2,503] 9891.1869700000
  [3,2,504] 9891.1869700000
  [3,2,505] 9891.1869700000
  [3,2,506] 7912.9495760000
  [3,2,507] 9891.1869700000
  [3,2,508] 7912.9495760000
  [3,2,509] 7912.9495760000
  [3,2,510] 7912.9495760000
  [3,2,511] 7912.9495760000
  [3,2,512] 7912.9495760000
  [3,2,513] 7912.9495760000
  [3,2,514] 9891.1869700000
  [3,2,515] 9891.1869700000
  [3,2,516] 9891.1869700000
  [3,2,517] 9891.1869700000
  [3,2,518] 7912.9495760000
  [3,2,519] 9891.1869700000
  [3,2,520] 9891.1869700000
  [3,2,521] 9891.1869700000
  [3,2,522] 7912.9495760000
  [3,2,523] 9891.1869700000
  [3,2,524] 9891.1869700000
  [3,2,525] 9891.1869700000
  [3,2,526] 9891.1869700000
  [3,2,527] 9891.1869700000
  [3,2,528] 9891.1869700000
  [3,2,529] 9891.1869700000
  [3,2,530] 9891.1869700000
  [3,2,531] 9891.1869700000
  [3,2,532] 9891.1869700000
  [3,2,533] 9891.1869700000
  [3,2,534] 9891.1869700000
  [3,2,535] 9891.1869700000
  [3,2,536] 9891.1869700000
  [3,2,537] 7912.9495760000
  [3,2,538] 9891.1869700000
  [3,2,539] 9891.1869700000
  [3,2,540] 9891.1869700000
  [3,2,541] 7912.9495760000
  [3,2,542] 9891.1869700000
  [3,2,543] 9891.1869700000
  [3,2,544] 9891.1869700000
  [3,2,545] 9891.1869700000
  [3,2,546] 7912.9495760000
  [3,2,547] 7912.9495760000
  [3,2,548] 9891.1869700000
  [3,2,549] 9891.1869700000
  [3,2,550] 7912.9495760000
  [3,2,551] 9891.1869700000
  [3,2,552] 9891.1869700000
  [3,2,553] 9891.1869700000
  [3,2,554] 9891.1869700000
  [3,2,555] 9891.1869700000
  [3,2,556] 7912.9495760000
  [3,2,557] 7912.9495760000
  [3,2,558] 7912.9495760000
  [3,2,559] 7912.9495760000
  [3,2,560] 7912.9495760000
  [3,2,561] 7912.9495760000
  [3,2,562] 9891.1869700000
  [3,2,563] 9891.1869700000
  [3,2,564] 9891.1869700000
  [3,2,565] 9891.1869700000
  [3,2,566] 9891.1869700000
  [3,2,567] 7912.9495760000
  [3,2,568] 9891.1869700000
  [3,2,569] 9891.1869700000
  [3,2,570] 9891.1869700000
  [3,2,571] 9891.1869700000
  [3,2,572] 9891.1869700000
  [3,2,573] 9891.1869700000
  [3,2,574] 7912.9495760000
  [3,2,575] 9891.1869700000
  [3,2,576] 9891.1869700000
  [3,2,577] 9891.1869700000
  [3,2,578] 9891.1869700000
  [3,2,579] 7912.9495760000
  [3,2,580] 9891.1869700000
  [3,2,581] 7912.9495760000
  [3,2,582] 7912.9495760000
  [3,2,583] 7912.9495760000
  [3,2,584] 7912.9495760000
  [3,2,585] 7912.9495760000
  [3,2,586] 7912.9495760000
  [3,2,587] 9891.1869700000
  [3,2,588] 9891.1869700000
  [3,2,589] 9891.1869700000
  [3,2,590] 9891.1869700000
  [3,2,591] 9891.1869700000
  [3,2,592] 7912.9495760000
  [3,2,593] 9891.1869700000
  [3,2,594] 9891.1869700000
  [3,2,595] 9891.1869700000
  [3,2,596] 9891.1869700000
  [3,2,597] 9891.1869700000
  [3,2,598] 9891.1869700000
  [3,2,599] 9891.1869700000
  [3,2,600] 7912.9495760000
  [3,2,601] 9891.1869700000
  [3,2,602] 7912.9495760000
  [3,2,603] 7912.9495760000
  [3,2,604] 7912.9495760000
  [3,2,605] 7912.9495760000
  [3,2,606] 7912.9495760000
  [3,2,607] 7912.9495760000
  [3,2,608] 7912.9495760000
  [3,2,609] 7912.9495760000
  [3,2,610] 9891.1869700000
  [3,2,611] 9891.1869700000
  [3,2,612] 9891.1869700000
  [3,2,613] 9891.1869700000
  [3,2,614] 7912.9495760000
  [3,2,615] 9891.1869700000
  [3,2,616] 9891.1869700000
  [3,2,617] 7912.9495760000
  [3,2,618] 9891.1869700000
  [3,2,619] 9891.1869700000
  [3,2,620] 9891.1869700000
  [3,2,621] 9891.1869700000
  [3,2,622] 9891.1869700000
  [3,2,623] 9891.1869700000
  [3,2,624] 9891.1869700000
  [3,2,625] 9891.1869700000
  [3,2,626] 9891.1869700000
  [3,2,627] 7912.9495760000
  [3,2,628] 7912.9495760000
  [3,2,629] 7912.9495760000
  [3,2,630] 7912.9495760000
  [3,2,631] 7912.9495760000
  [3,2,632] 7912.9495760000
  [3,2,633] 7912.9495760000
  [3,2,634] 9891.1869700000
  [3,2,635] 9891.1869700000
  [3,2,636] 9891.1869700000
  [3,2,637] 9891.1869700000
  [3,2,638] 9891.1869700000
  [3,2,639] 9891.1869700000
  [3,2,640] 9891.1869700000
  [3,2,641] 9891.1869700000
  [3,2,642] 7912.9495760000
  [3,2,643] 9891.1869700000
  [3,2,644] 9891.1869700000
  [3,2,645] 7912.9495760000
  [3,2,646] 9891.1869700000
  [3,2,647] 9891.1869700000
  [3,2,648] 9891.1869700000
  [3,2,649] 9891.1869700000
  [3,2,650] 9891.1869700000
  [3,2,651] 7912.9495760000
  [3,2,652] 7912.9495760000
  [3,2,653] 7912.9495760000
  [3,2,654] 7912.9495760000
  [3,2,655] 7912.9495760000
  [3,2,656] 7912.9495760000
  [3,2,657] 7912.9495760000
  [3,2,658] 7912.9495760000
  [3,2,659] 9891.1869700000
  [3,2,660] 9891.1869700000
  [3,2,661] 9891.1869700000
  [3,2,662] 9891.1869700000
  [3,2,663] 9891.1869700000
  [3,2,664] 9891.1869700000
  [3,2,665] 7912.9495760000
  [3,2,666] 9891.1869700000
  [3,2,667] 9891.1869700000
  [3,2,668] 9891.1869700000
  [3,2,669] 9891.1869700000
  [3,2,670] 9891.1869700000
  [3,2,671] 9891.1869700000
  [3,2,672] 7912.9495760000
  [3,2,673] 9891.1869700000
  [3,2,674] 9891.1869700000
  [3,2,675] 9891.1869700000
  [3,2,676] 7912.9495760000
  [3,2,677] 7912.9495760000
  [3,2,678] 7912.9495760000
  [3,2,679] 7912.9495760000
  [3,2,680] 7912.9495760000
  [3,2,681] 7912.9495760000
  [3,2,682] 7912.9495760000
  [3,2,683] 7912.9495760000
  [3,2,684] 9891.1869700000
  [3,2,685] 9891.1869700000
  [3,2,686] 9891.1869700000
  [3,2,687] 9891.1869700000
  [3,2,688] 9891.1869700000
  [3,2,689] 9891.1869700000
  [3,2,690] 9891.1869700000
  [3,2,691] 9891.1869700000
  [3,2,692] 9891.1869700000
  [3,2,693] 7912.9495760000
  [3,2,694] 9891.1869700000
  [3,2,695] 9891.1869700000
  [3,2,696] 9891.1869700000
  [3,2,697] 9891.1869700000
  [3,2,698] 7912.9495760000
  [3,2,699] 9891.1869700000
  [3,2,700] 7912.9495760000
  [3,2,701] 7912.9495760000
  [3,2,702] 7912.9495760000
  [3,2,703] 7912.9495760000
  [3,2,704] 7912.9495760000
  [3,2,705] 7912.9495760000
  [3,2,706] 9891.1869700000
  [3,2,707] 9891.1869700000
  [3,2,708] 9891.1869700000
  [3,2,709] 9891.1869700000
  [3,2,710] 7912.9495760000
  [3,2,711] 9891.1869700000
  [3,2,712] 9891.1869700000
  [3,2,713] 7912.9495760000
  [3,2,714] 7912.9495760000
  [3,2,715] 7912.9495760000
  [3,2,716] 7912.9495760000
  [3,2,717] 9891.1869700000
  [3,2,718] 9891.1869700000
  [3,2,719] 9891.1869700000
  [3,2,720] 7912.9495760000
  [3,2,721] 9891.1869700000
  [3,2,722] 9891.1869700000
  [3,2,723] 9891.1869700000
  [3,2,724] 9891.1869700000
  [3,2,725] 9891.1869700000
  [3,2,726] 9891.1869700000
  [3,2,727] 9891.1869700000
  [3,2,728] 9891.1869700000
  [3,2,729] 7912.9495760000
  [3,2,730] 9891.1869700000
  [3,2,731] 9891.1869700000
  [3,2,732] 9891.1869700000
  [3,2,733] 9891.1869700000
  [3,2,734] 9891.1869700000
  [3,2,735] 7912.9495760000
  [3,2,736] 7912.9495760000
  [3,2,737] 9891.1869700000
  [3,2,738] 9891.1869700000
  [3,2,739] 9891.1869700000
  [3,2,740] 9891.1869700000
  [3,2,741] 9891.1869700000
  [3,2,742] 9891.1869700000
  [3,2,743] 9891.1869700000
  [3,2,744] 9891.1869700000
  [3,3,1] 7912.9495760000
  [3,3,2] 9891.1869700000
  [3,3,3] 9891.1869700000
  [3,3,4] 7912.9495760000
  [3,3,5] 7912.9495760000
  [3,3,6] 7912.9495760000
  [3,3,7] 7912.9495760000
  [3,3,8] 7912.9495760000
  [3,3,9] 7912.9495760000
  [3,3,10] 9891.1869700000
  [3,3,11] 9891.1869700000
  [3,3,12] 9891.1869700000
  [3,3,13] 9891.1869700000
  [3,3,14] 7912.9495760000
  [3,3,15] 9891.1869700000
  [3,3,16] 9891.1869700000
  [3,3,17] 9891.1869700000
  [3,3,18] 9891.1869700000
  [3,3,19] 9891.1869700000
  [3,3,20] 9891.1869700000
  [3,3,21] 7912.9495760000
  [3,3,22] 9891.1869700000
  [3,3,23] 9891.1869700000
  [3,3,24] 9891.1869700000
  [3,3,25] 9891.1869700000
  [3,3,26] 7912.9495760000
  [3,3,27] 9891.1869700000
  [3,3,28] 9891.1869700000
  [3,3,29] 9891.1869700000
  [3,3,30] 9891.1869700000
  [3,3,31] 7912.9495760000
  [3,3,32] 7912.9495760000
  [3,3,33] 7912.9495760000
  [3,3,34] 7912.9495760000
  [3,3,35] 9891.1869700000
  [3,3,36] 9891.1869700000
  [3,3,37] 9891.1869700000
  [3,3,38] 9891.1869700000
  [3,3,39] 9891.1869700000
  [3,3,40] 9891.1869700000
  [3,3,41] 7912.9495760000
  [3,3,42] 9891.1869700000
  [3,3,43] 9891.1869700000
  [3,3,44] 9891.1869700000
  [3,3,45] 7912.9495760000
  [3,3,46] 9891.1869700000
  [3,3,47] 9891.1869700000
  [3,3,48] 9891.1869700000
  [3,3,49] 9891.1869700000
  [3,3,50] 9891.1869700000
  [3,3,51] 9891.1869700000
  [3,3,52] 9891.1869700000
  [3,3,53] 7912.9495760000
  [3,3,54] 7912.9495760000
  [3,3,55] 7912.9495760000
  [3,3,56] 7912.9495760000
  [3,3,57] 7912.9495760000
  [3,3,58] 9891.1869700000
  [3,3,59] 9891.1869700000
  [3,3,60] 7912.9495760000
  [3,3,61] 7912.9495760000
  [3,3,62] 9891.1869700000
  [3,3,63] 7912.9495760000
  [3,3,64] 7912.9495760000
  [3,3,65] 9891.1869700000
  [3,3,66] 9891.1869700000
  [3,3,67] 9891.1869700000
  [3,3,68] 9891.1869700000
  [3,3,69] 7912.9495760000
  [3,3,70] 9891.1869700000
  [3,3,71] 9891.1869700000
  [3,3,72] 9891.1869700000
  [3,3,73] 9891.1869700000
  [3,3,74] 9891.1869700000
  [3,3,75] 9891.1869700000
  [3,3,76] 9891.1869700000
  [3,3,77] 9891.1869700000
  [3,3,78] 7912.9495760000
  [3,3,79] 7912.9495760000
  [3,3,80] 9891.1869700000
  [3,3,81] 7912.9495760000
  [3,3,82] 9891.1869700000
  [3,3,83] 9891.1869700000
  [3,3,84] 9891.1869700000
  [3,3,85] 9891.1869700000
  [3,3,86] 7912.9495760000
  [3,3,87] 9891.1869700000
  [3,3,88] 9891.1869700000
  [3,3,89] 9891.1869700000
  [3,3,90] 9891.1869700000
  [3,3,91] 7912.9495760000
  [3,3,92] 9891.1869700000
  [3,3,93] 9891.1869700000
  [3,3,94] 7912.9495760000
  [3,3,95] 9891.1869700000
  [3,3,96] 9891.1869700000
  [3,3,97] 9891.1869700000
  [3,3,98] 9891.1869700000
  [3,3,99] 7912.9495760000
  [3,3,100] 9891.1869700000
  [3,3,101] 9891.1869700000
  [3,3,102] 9891.1869700000
  [3,3,103] 7912.9495760000
  [3,3,104] 9891.1869700000
  [3,3,105] 7912.9495760000
  [3,3,106] 7912.9495760000
  [3,3,107] 9891.1869700000
  [3,3,108] 9891.1869700000
  [3,3,109] 9891.1869700000
  [3,3,110] 9891.1869700000
  [3,3,111] 9891.1869700000
  [3,3,112] 9891.1869700000
  [3,3,113] 9891.1869700000
  [3,3,114] 9891.1869700000
  [3,3,115] 9891.1869700000
  [3,3,116] 9891.1869700000
  [3,3,117] 9891.1869700000
  [3,3,118] 9891.1869700000
  [3,3,119] 9891.1869700000
  [3,3,120] 9891.1869700000
  [3,3,121] 9891.1869700000
  [3,3,122] 9891.1869700000
  [3,3,123] 7912.9495760000
  [3,3,124] 9891.1869700000
  [3,3,125] 9891.1869700000
  [3,3,126] 9891.1869700000
  [3,3,127] 9891.1869700000
  [3,3,128] 9891.1869700000
  [3,3,129] 9891.1869700000
  [3,3,130] 9891.1869700000
  [3,3,131] 7912.9495760000
  [3,3,132] 9891.1869700000
  [3,3,133] 9891.1869700000
  [3,3,134] 9891.1869700000
  [3,3,135] 9891.1869700000
  [3,3,136] 9891.1869700000
  [3,3,137] 9891.1869700000
  [3,3,138] 9891.1869700000
  [3,3,139] 9891.1869700000
  [3,3,140] 9891.1869700000
  [3,3,141] 7912.9495760000
  [3,3,142] 9891.1869700000
  [3,3,143] 9891.1869700000
  [3,3,144] 9891.1869700000
  [3,3,145] 7912.9495760000
  [3,3,146] 9891.1869700000
  [3,3,147] 9891.1869700000
  [3,3,148] 9891.1869700000
  [3,3,149] 9891.1869700000
  [3,3,150] 9891.1869700000
  [3,3,151] 7912.9495760000
  [3,3,152] 7912.9495760000
  [3,3,153] 7912.9495760000
  [3,3,154] 9891.1869700000
  [3,3,155] 9891.1869700000
  [3,3,156] 9891.1869700000
  [3,3,157] 9891.1869700000
  [3,3,158] 7912.9495760000
  [3,3,159] 9891.1869700000
  [3,3,160] 9891.1869700000
  [3,3,161] 9891.1869700000
  [3,3,162] 9891.1869700000
  [3,3,163] 7912.9495760000
  [3,3,164] 9891.1869700000
  [3,3,165] 9891.1869700000
  [3,3,166] 9891.1869700000
  [3,3,167] 9891.1869700000
  [3,3,168] 7912.9495760000
  [3,3,169] 9891.1869700000
  [3,3,170] 9891.1869700000
  [3,3,171] 9891.1869700000
  [3,3,172] 7912.9495760000
  [3,3,173] 9891.1869700000
  [3,3,174] 7912.9495760000
  [3,3,175] 7912.9495760000
  [3,3,176] 7912.9495760000
  [3,3,177] 7912.9495760000
  [3,3,178] 9891.1869700000
  [3,3,179] 9891.1869700000
  [3,3,180] 7912.9495760000
  [3,3,181] 9891.1869700000
  [3,3,182] 9891.1869700000
  [3,3,183] 9891.1869700000
  [3,3,184] 9891.1869700000
  [3,3,185] 7912.9495760000
  [3,3,186] 9891.1869700000
  [3,3,187] 9891.1869700000
  [3,3,188] 9891.1869700000
  [3,3,189] 7912.9495760000
  [3,3,190] 9891.1869700000
  [3,3,191] 9891.1869700000
  [3,3,192] 9891.1869700000
  [3,3,193] 7912.9495760000
  [3,3,194] 9891.1869700000
  [3,3,195] 9891.1869700000
  [3,3,196] 9891.1869700000
  [3,3,197] 7912.9495760000
  [3,3,198] 9891.1869700000
  [3,3,199] 9891.1869700000
  [3,3,200] 9891.1869700000
  [3,3,201] 7912.9495760000
  [3,3,202] 9891.1869700000
  [3,3,203] 7912.9495760000
  [3,3,204] 9891.1869700000
  [3,3,205] 9891.1869700000
  [3,3,206] 7912.9495760000
  [3,3,207] 9891.1869700000
  [3,3,208] 9891.1869700000
  [3,3,209] 9891.1869700000
  [3,3,210] 7912.9495760000
  [3,3,211] 9891.1869700000
  [3,3,212] 9891.1869700000
  [3,3,213] 9891.1869700000
  [3,3,214] 7912.9495760000
  [3,3,215] 9891.1869700000
  [3,3,216] 9891.1869700000
  [3,3,217] 7912.9495760000
  [3,3,218] 7912.9495760000
  [3,3,219] 7912.9495760000
  [3,3,220] 7912.9495760000
  [3,3,221] 7912.9495760000
  [3,3,222] 7912.9495760000
  [3,3,223] 7912.9495760000
  [3,3,224] 7912.9495760000
  [3,3,225] 7912.9495760000
  [3,3,226] 7912.9495760000
  [3,3,227] 7912.9495760000
  [3,3,228] 7912.9495760000
  [3,3,229] 7912.9495760000
  [3,3,230] 7912.9495760000
  [3,3,231] 7912.9495760000
  [3,3,232] 7912.9495760000
  [3,3,233] 7912.9495760000
  [3,3,234] 7912.9495760000
  [3,3,235] 7912.9495760000
  [3,3,236] 7912.9495760000
  [3,3,237] 7912.9495760000
  [3,3,238] 9891.1869700000
  [3,3,239] 7912.9495760000
  [3,3,240] 9891.1869700000
  [3,3,241] 9891.1869700000
  [3,3,242] 7912.9495760000
  [3,3,243] 7912.9495760000
  [3,3,244] 7912.9495760000
  [3,3,245] 7912.9495760000
  [3,3,246] 7912.9495760000
  [3,3,247] 7912.9495760000
  [3,3,248] 7912.9495760000
  [3,3,249] 7912.9495760000
  [3,3,250] 7912.9495760000
  [3,3,251] 7912.9495760000
  [3,3,252] 9891.1869700000
  [3,3,253] 9891.1869700000
  [3,3,254] 9891.1869700000
  [3,3,255] 7912.9495760000
  [3,3,256] 9891.1869700000
  [3,3,257] 9891.1869700000
  [3,3,258] 9891.1869700000
  [3,3,259] 7912.9495760000
  [3,3,260] 9891.1869700000
  [3,3,261] 9891.1869700000
  [3,3,262] 9891.1869700000
  [3,3,263] 7912.9495760000
  [3,3,264] 7912.9495760000
  [3,3,265] 9891.1869700000
  [3,3,266] 9891.1869700000
  [3,3,267] 7912.9495760000
  [3,3,268] 9891.1869700000
  [3,3,269] 9891.1869700000
  [3,3,270] 7912.9495760000
  [3,3,271] 9891.1869700000
  [3,3,272] 7912.9495760000
  [3,3,273] 9891.1869700000
  [3,3,274] 9891.1869700000
  [3,3,275] 9891.1869700000
  [3,3,276] 7912.9495760000
  [3,3,277] 7912.9495760000
  [3,3,278] 9891.1869700000
  [3,3,279] 7912.9495760000
  [3,3,280] 9891.1869700000
  [3,3,281] 9891.1869700000
  [3,3,282] 7912.9495760000
  [3,3,283] 9891.1869700000
  [3,3,284] 9891.1869700000
  [3,3,285] 9891.1869700000
  [3,3,286] 7912.9495760000
  [3,3,287] 7912.9495760000
  [3,3,288] 9891.1869700000
  [3,3,289] 9083.2450264432
  [3,3,290] 9891.1869700000
  [3,3,291] 7912.9495760000
  [3,3,292] 7912.9495760000
  [3,3,293] 7912.9495760000
  [3,3,294] 7912.9495760000
  [3,3,295] 7912.9495760000
  [3,3,296] 7912.9495760000
  [3,3,297] 7912.9495760000
  [3,3,298] 7912.9495760000
  [3,3,299] 7912.9495760000
  [3,3,300] 9891.1869700000
  [3,3,301] 7912.9495760000
  [3,3,302] 7912.9495760000
  [3,3,303] 7912.9495760000
  [3,3,304] 7912.9495760000
  [3,3,305] 7912.9495760000
  [3,3,306] 7912.9495760000
  [3,3,307] 7912.9495760000
  [3,3,308] 7912.9495760000
  [3,3,309] 7912.9495760000
  [3,3,310] 7912.9495760000
  [3,3,311] 7912.9495760000
  [3,3,312] 7912.9495760000
  [3,3,313] 7912.9495760000
  [3,3,314] 7912.9495760000
  [3,3,315] 7912.9495760000
  [3,3,316] 7912.9495760000
  [3,3,317] 7912.9495760000
  [3,3,318] 7912.9495760000
  [3,3,319] 7912.9495760000
  [3,3,320] 7912.9495760000
  [3,3,321] 7912.9495760000
  [3,3,322] 7912.9495760000
  [3,3,323] 7912.9495760000
  [3,3,324] 7912.9495760000
  [3,3,325] 7912.9495760000
  [3,3,326] 7912.9495760000
  [3,3,327] 7912.9495760000
  [3,3,328] 7912.9495760000
  [3,3,329] 7912.9495760000
  [3,3,330] 7912.9495760000
  [3,3,331] 7912.9495760000
  [3,3,332] 7912.9495760000
  [3,3,333] 7912.9495760000
  [3,3,334] 7912.9495760000
  [3,3,335] 7912.9495760000
  [3,3,336] 7912.9495760000
  [3,3,337] 7912.9495760000
  [3,3,338] 7912.9495760000
  [3,3,339] 7912.9495760000
  [3,3,340] 7912.9495760000
  [3,3,341] 7912.9495760000
  [3,3,342] 7912.9495760000
  [3,3,343] 7912.9495760000
  [3,3,344] 7912.9495760000
  [3,3,345] 7912.9495760000
  [3,3,346] 7912.9495760000
  [3,3,347] 7912.9495760000
  [3,3,348] 7912.9495760000
  [3,3,349] 7912.9495760000
  [3,3,350] 7912.9495760000
  [3,3,351] 7912.9495760000
  [3,3,352] 7912.9495760000
  [3,3,353] 7912.9495760000
  [3,3,354] 7912.9495760000
  [3,3,355] 7912.9495760000
  [3,3,356] 7912.9495760000
  [3,3,357] 7912.9495760000
  [3,3,358] 7912.9495760000
  [3,3,359] 7912.9495760000
  [3,3,360] 7912.9495760000
  [3,3,361] 7912.9495760000
  [3,3,362] 7912.9495760000
  [3,3,363] 7912.9495760000
  [3,3,364] 7912.9495760000
  [3,3,365] 7912.9495760000
  [3,3,366] 7912.9495760000
  [3,3,367] 7912.9495760000
  [3,3,368] 7912.9495760000
  [3,3,369] 7912.9495760000
  [3,3,370] 7912.9495760000
  [3,3,371] 7912.9495760000
  [3,3,372] 7912.9495760000
  [3,3,373] 7912.9495760000
  [3,3,374] 7912.9495760000
  [3,3,375] 7912.9495760000
  [3,3,376] 7912.9495760000
  [3,3,377] 7912.9495760000
  [3,3,378] 7912.9495760000
  [3,3,379] 7912.9495760000
  [3,3,380] 7912.9495760000
  [3,3,381] 7912.9495760000
  [3,3,382] 7912.9495760000
  [3,3,383] 7912.9495760000
  [3,3,384] 7912.9495760000
  [3,3,385] 7912.9495760000
  [3,3,386] 7912.9495760000
  [3,3,387] 7912.9495760000
  [3,3,388] 7912.9495760000
  [3,3,389] 7912.9495760000
  [3,3,390] 7912.9495760000
  [3,3,391] 7912.9495760000
  [3,3,392] 7912.9495760000
  [3,3,393] 7912.9495760000
  [3,3,394] 7912.9495760000
  [3,3,395] 7912.9495760000
  [3,3,396] 7912.9495760000
  [3,3,397] 7912.9495760000
  [3,3,398] 7912.9495760000
  [3,3,399] 7912.9495760000
  [3,3,400] 7912.9495760000
  [3,3,401] 7912.9495760000
  [3,3,402] 7912.9495760000
  [3,3,403] 7912.9495760000
  [3,3,404] 7912.9495760000
  [3,3,405] 7912.9495760000
  [3,3,406] 7912.9495760000
  [3,3,407] 7912.9495760000
  [3,3,408] 7912.9495760000
  [3,3,409] 7912.9495760000
  [3,3,410] 7912.9495760000
  [3,3,411] 7912.9495760000
  [3,3,412] 7912.9495760000
  [3,3,413] 7912.9495760000
  [3,3,414] 7912.9495760000
  [3,3,415] 7912.9495760000
  [3,3,416] 7912.9495760000
  [3,3,417] 7912.9495760000
  [3,3,418] 7912.9495760000
  [3,3,419] 7912.9495760000
  [3,3,420] 7912.9495760000
  [3,3,421] 7912.9495760000
  [3,3,422] 7912.9495760000
  [3,3,423] 7912.9495760000
  [3,3,424] 7912.9495760000
  [3,3,425] 7912.9495760000
  [3,3,426] 7912.9495760000
  [3,3,427] 7912.9495760000
  [3,3,428] 7912.9495760000
  [3,3,429] 7912.9495760000
  [3,3,430] 7912.9495760000
  [3,3,431] 7912.9495760000
  [3,3,432] 7912.9495760000
  [3,3,433] 7912.9495760000
  [3,3,434] 7912.9495760000
  [3,3,435] 7912.9495760000
  [3,3,436] 7912.9495760000
  [3,3,437] 7912.9495760000
  [3,3,438] 7912.9495760000
  [3,3,439] 7912.9495760000
  [3,3,440] 7912.9495760000
  [3,3,441] 7912.9495760000
  [3,3,442] 7912.9495760000
  [3,3,443] 7912.9495760000
  [3,3,444] 7912.9495760000
  [3,3,445] 7912.9495760000
  [3,3,446] 7912.9495760000
  [3,3,447] 7912.9495760000
  [3,3,448] 7912.9495760000
  [3,3,449] 7912.9495760000
  [3,3,450] 7912.9495760000
  [3,3,451] 7912.9495760000
  [3,3,452] 7912.9495760000
  [3,3,453] 7912.9495760000
  [3,3,454] 7912.9495760000
  [3,3,455] 9214.7878793153
  [3,3,456] 9397.2906101954
  [3,3,457] 7912.9495760000
  [3,3,458] 7912.9495760000
  [3,3,459] 9891.1869700000
  [3,3,460] 7912.9495760000
  [3,3,461] 7912.9495760000
  [3,3,462] 7912.9495760000
  [3,3,463] 7912.9495760000
  [3,3,464] 7912.9495760000
  [3,3,465] 9891.1869700000
  [3,3,466] 9891.1869700000
  [3,3,467] 9891.1869700000
  [3,3,468] 9891.1869700000
  [3,3,469] 9891.1869700000
  [3,3,470] 7912.9495760000
  [3,3,471] 9891.1869700000
  [3,3,472] 9891.1869700000
  [3,3,473] 9891.1869700000
  [3,3,474] 7912.9495760000
  [3,3,475] 9891.1869700000
  [3,3,476] 9891.1869700000
  [3,3,477] 9891.1869700000
  [3,3,478] 9891.1869700000
  [3,3,479] 7912.9495760000
  [3,3,480] 9891.1869700000
  [3,3,481] 9891.1869700000
  [3,3,482] 9891.1869700000
  [3,3,483] 9891.1869700000
  [3,3,484] 7912.9495760000
  [3,3,485] 7912.9495760000
  [3,3,486] 7912.9495760000
  [3,3,487] 7912.9495760000
  [3,3,488] 7912.9495760000
  [3,3,489] 7912.9495760000
  [3,3,490] 9891.1869700000
  [3,3,491] 9891.1869700000
  [3,3,492] 9891.1869700000
  [3,3,493] 9891.1869700000
  [3,3,494] 7912.9495760000
  [3,3,495] 9891.1869700000
  [3,3,496] 9891.1869700000
  [3,3,497] 9891.1869700000
  [3,3,498] 9891.1869700000
  [3,3,499] 9891.1869700000
  [3,3,500] 9891.1869700000
  [3,3,501] 9891.1869700000
  [3,3,502] 9891.1869700000
  [3,3,503] 9891.1869700000
  [3,3,504] 9891.1869700000
  [3,3,505] 7912.9495760000
  [3,3,506] 9891.1869700000
  [3,3,507] 7912.9495760000
  [3,3,508] 7912.9495760000
  [3,3,509] 7912.9495760000
  [3,3,510] 7912.9495760000
  [3,3,511] 7912.9495760000
  [3,3,512] 7912.9495760000
  [3,3,513] 7912.9495760000
  [3,3,514] 9891.1869700000
  [3,3,515] 7912.9495760000
  [3,3,516] 9891.1869700000
  [3,3,517] 9891.1869700000
  [3,3,518] 9891.1869700000
  [3,3,519] 9891.1869700000
  [3,3,520] 9891.1869700000
  [3,3,521] 7912.9495760000
  [3,3,522] 9891.1869700000
  [3,3,523] 9891.1869700000
  [3,3,524] 9891.1869700000
  [3,3,525] 9891.1869700000
  [3,3,526] 9891.1869700000
  [3,3,527] 9891.1869700000
  [3,3,528] 9891.1869700000
  [3,3,529] 9891.1869700000
  [3,3,530] 9891.1869700000
  [3,3,531] 9891.1869700000
  [3,3,532] 7912.9495760000
  [3,3,533] 9891.1869700000
  [3,3,534] 9891.1869700000
  [3,3,535] 9891.1869700000
  [3,3,536] 9891.1869700000
  [3,3,537] 9891.1869700000
  [3,3,538] 9891.1869700000
  [3,3,539] 9891.1869700000
  [3,3,540] 9891.1869700000
  [3,3,541] 9891.1869700000
  [3,3,542] 7912.9495760000
  [3,3,543] 9891.1869700000
  [3,3,544] 9891.1869700000
  [3,3,545] 7912.9495760000
  [3,3,546] 7912.9495760000
  [3,3,547] 7912.9495760000
  [3,3,548] 9891.1869700000
  [3,3,549] 7912.9495760000
  [3,3,550] 9891.1869700000
  [3,3,551] 9891.1869700000
  [3,3,552] 9891.1869700000
  [3,3,553] 9891.1869700000
  [3,3,554] 9891.1869700000
  [3,3,555] 9891.1869700000
  [3,3,556] 7912.9495760000
  [3,3,557] 7912.9495760000
  [3,3,558] 7912.9495760000
  [3,3,559] 7912.9495760000
  [3,3,560] 7912.9495760000
  [3,3,561] 7912.9495760000
  [3,3,562] 9891.1869700000
  [3,3,563] 9891.1869700000
  [3,3,564] 9891.1869700000
  [3,3,565] 7912.9495760000
  [3,3,566] 9891.1869700000
  [3,3,567] 9891.1869700000
  [3,3,568] 9891.1869700000
  [3,3,569] 9891.1869700000
  [3,3,570] 9891.1869700000
  [3,3,571] 9891.1869700000
  [3,3,572] 9891.1869700000
  [3,3,573] 9891.1869700000
  [3,3,574] 9891.1869700000
  [3,3,575] 9891.1869700000
  [3,3,576] 9891.1869700000
  [3,3,577] 9891.1869700000
  [3,3,578] 9891.1869700000
  [3,3,579] 9891.1869700000
  [3,3,580] 7912.9495760000
  [3,3,581] 7912.9495760000
  [3,3,582] 7912.9495760000
  [3,3,583] 7912.9495760000
  [3,3,584] 7912.9495760000
  [3,3,585] 7912.9495760000
  [3,3,586] 7912.9495760000
  [3,3,587] 7912.9495760000
  [3,3,588] 9891.1869700000
  [3,3,589] 9891.1869700000
  [3,3,590] 9891.1869700000
  [3,3,591] 9891.1869700000
  [3,3,592] 9891.1869700000
  [3,3,593] 9891.1869700000
  [3,3,594] 9891.1869700000
  [3,3,595] 9891.1869700000
  [3,3,596] 9891.1869700000
  [3,3,597] 9891.1869700000
  [3,3,598] 9891.1869700000
  [3,3,599] 9891.1869700000
  [3,3,600] 7912.9495760000
  [3,3,601] 9891.1869700000
  [3,3,602] 7912.9495760000
  [3,3,603] 7912.9495760000
  [3,3,604] 7912.9495760000
  [3,3,605] 7912.9495760000
  [3,3,606] 7912.9495760000
  [3,3,607] 7912.9495760000
  [3,3,608] 7912.9495760000
  [3,3,609] 7912.9495760000
  [3,3,610] 9891.1869700000
  [3,3,611] 9891.1869700000
  [3,3,612] 9891.1869700000
  [3,3,613] 9891.1869700000
  [3,3,614] 7912.9495760000
  [3,3,615] 9891.1869700000
  [3,3,616] 9891.1869700000
  [3,3,617] 9891.1869700000
  [3,3,618] 9891.1869700000
  [3,3,619] 9891.1869700000
  [3,3,620] 7912.9495760000
  [3,3,621] 9891.1869700000
  [3,3,622] 9891.1869700000
  [3,3,623] 9891.1869700000
  [3,3,624] 9891.1869700000
  [3,3,625] 7912.9495760000
  [3,3,626] 9891.1869700000
  [3,3,627] 7912.9495760000
  [3,3,628] 7912.9495760000
  [3,3,629] 7912.9495760000
  [3,3,630] 7912.9495760000
  [3,3,631] 7912.9495760000
  [3,3,632] 7912.9495760000
  [3,3,633] 7912.9495760000
  [3,3,634] 9891.1869700000
  [3,3,635] 9891.1869700000
  [3,3,636] 9891.1869700000
  [3,3,637] 9891.1869700000
  [3,3,638] 9891.1869700000
  [3,3,639] 7912.9495760000
  [3,3,640] 9891.1869700000
  [3,3,641] 9891.1869700000
  [3,3,642] 9891.1869700000
  [3,3,643] 7912.9495760000
  [3,3,644] 9891.1869700000
  [3,3,645] 9891.1869700000
  [3,3,646] 9891.1869700000
  [3,3,647] 9891.1869700000
  [3,3,648] 7912.9495760000
  [3,3,649] 9891.1869700000
  [3,3,650] 9891.1869700000
  [3,3,651] 7912.9495760000
  [3,3,652] 7912.9495760000
  [3,3,653] 7912.9495760000
  [3,3,654] 7912.9495760000
  [3,3,655] 7912.9495760000
  [3,3,656] 7912.9495760000
  [3,3,657] 7912.9495760000
  [3,3,658] 7912.9495760000
  [3,3,659] 9891.1869700000
  [3,3,660] 9891.1869700000
  [3,3,661] 9891.1869700000
  [3,3,662] 9891.1869700000
  [3,3,663] 9891.1869700000
  [3,3,664] 9891.1869700000
  [3,3,665] 9891.1869700000
  [3,3,666] 9891.1869700000
  [3,3,667] 9891.1869700000
  [3,3,668] 9891.1869700000
  [3,3,669] 9891.1869700000
  [3,3,670] 9891.1869700000
  [3,3,671] 9891.1869700000
  [3,3,672] 7912.9495760000
  [3,3,673] 9891.1869700000
  [3,3,674] 9891.1869700000
  [3,3,675] 9891.1869700000
  [3,3,676] 7912.9495760000
  [3,3,677] 7912.9495760000
  [3,3,678] 7912.9495760000
  [3,3,679] 7912.9495760000
  [3,3,680] 7912.9495760000
  [3,3,681] 7912.9495760000
  [3,3,682] 7912.9495760000
  [3,3,683] 9891.1869700000
  [3,3,684] 9891.1869700000
  [3,3,685] 7912.9495760000
  [3,3,686] 9891.1869700000
  [3,3,687] 9891.1869700000
  [3,3,688] 9891.1869700000
  [3,3,689] 9891.1869700000
  [3,3,690] 9891.1869700000
  [3,3,691] 9891.1869700000
  [3,3,692] 9891.1869700000
  [3,3,693] 9891.1869700000
  [3,3,694] 9891.1869700000
  [3,3,695] 9891.1869700000
  [3,3,696] 9891.1869700000
  [3,3,697] 9891.1869700000
  [3,3,698] 9891.1869700000
  [3,3,699] 9891.1869700000
  [3,3,700] 7912.9495760000
  [3,3,701] 7912.9495760000
  [3,3,702] 7912.9495760000
  [3,3,703] 7912.9495760000
  [3,3,704] 7912.9495760000
  [3,3,705] 7912.9495760000
  [3,3,706] 9891.1869700000
  [3,3,707] 9891.1869700000
  [3,3,708] 9891.1869700000
  [3,3,709] 9891.1869700000
  [3,3,710] 9891.1869700000
  [3,3,711] 9891.1869700000
  [3,3,712] 9891.1869700000
  [3,3,713] 7912.9495760000
  [3,3,714] 7912.9495760000
  [3,3,715] 7912.9495760000
  [3,3,716] 7912.9495760000
  [3,3,717] 7912.9495760000
  [3,3,718] 9891.1869700000
  [3,3,719] 9891.1869700000
  [3,3,720] 9891.1869700000
  [3,3,721] 9891.1869700000
  [3,3,722] 9891.1869700000
  [3,3,723] 9891.1869700000
  [3,3,724] 9891.1869700000
  [3,3,725] 9891.1869700000
  [3,3,726] 9891.1869700000
  [3,3,727] 9891.1869700000
  [3,3,728] 9891.1869700000
  [3,3,729] 7912.9495760000
  [3,3,730] 7912.9495760000
  [3,3,731] 9891.1869700000
  [3,3,732] 9891.1869700000
  [3,3,733] 9891.1869700000
  [3,3,734] 9891.1869700000
  [3,3,735] 9891.1869700000
  [3,3,736] 7912.9495760000
  [3,3,737] 9891.1869700000
  [3,3,738] 9891.1869700000
  [3,3,739] 9891.1869700000
  [3,3,740] 9891.1869700000
  [3,3,741] 7912.9495760000
  [3,3,742] 9891.1869700000
  [3,3,743] 9891.1869700000
  [3,3,744] 9891.1869700000
  [9,1,1] 7912.9495760000
  [9,1,2] 7912.9495760000
  [9,1,3] 7912.9495760000
  [9,1,4] 7912.9495760000
  [9,1,5] 7912.9495760000
  [9,1,6] 7912.9495760000
  [9,1,7] 7912.9495760000
  [9,1,8] 7912.9495760000
  [9,1,9] 7912.9495760000
  [9,1,10] 7912.9495760000
  [9,1,11] 7912.9495760000
  [9,1,12] 7912.9495760000
  [9,1,13] 7912.9495760000
  [9,1,14] 7912.9495760000
  [9,1,15] 7912.9495760000
  [9,1,16] 7912.9495760000
  [9,1,17] 7912.9495760000
  [9,1,18] 7912.9495760000
  [9,1,19] 7912.9495760000
  [9,1,20] 7912.9495760000
  [9,1,21] 7912.9495760000
  [9,1,22] 7912.9495760000
  [9,1,23] 7912.9495760000
  [9,1,24] 7912.9495760000
  [9,1,25] 7912.9495760000
  [9,1,26] 7912.9495760000
  [9,1,27] 7912.9495760000
  [9,1,28] 7912.9495760000
  [9,1,29] 7912.9495760000
  [9,1,30] 7912.9495760000
  [9,1,31] 7912.9495760000
  [9,1,32] 7912.9495760000
  [9,1,33] 7912.9495760000
  [9,1,34] 7912.9495760000
  [9,1,35] 7912.9495760000
  [9,1,36] 7912.9495760000
  [9,1,37] 7912.9495760000
  [9,1,38] 7912.9495760000
  [9,1,39] 7912.9495760000
  [9,1,40] 7912.9495760000
  [9,1,41] 7912.9495760000
  [9,1,42] 7912.9495760000
  [9,1,43] 7912.9495760000
  [9,1,44] 7912.9495760000
  [9,1,45] 7912.9495760000
  [9,1,46] 7912.9495760000
  [9,1,47] 7912.9495760000
  [9,1,48] 7912.9495760000
  [9,1,49] 7912.9495760000
  [9,1,50] 7912.9495760000
  [9,1,51] 7912.9495760000
  [9,1,52] 7912.9495760000
  [9,1,53] 7912.9495760000
  [9,1,54] 7912.9495760000
  [9,1,55] 7912.9495760000
  [9,1,56] 7912.9495760000
  [9,1,57] 7912.9495760000
  [9,1,58] 7912.9495760000
  [9,1,59] 7912.9495760000
  [9,1,60] 7912.9495760000
  [9,1,61] 7912.9495760000
  [9,1,62] 7912.9495760000
  [9,1,63] 7912.9495760000
  [9,1,64] 7912.9495760000
  [9,1,65] 7912.9495760000
  [9,1,66] 7912.9495760000
  [9,1,67] 7912.9495760000
  [9,1,68] 7912.9495760000
  [9,1,69] 7912.9495760000
  [9,1,70] 7912.9495760000
  [9,1,71] 7912.9495760000
  [9,1,72] 7912.9495760000
  [9,1,73] 7912.9495760000
  [9,1,74] 7912.9495760000
  [9,1,75] 7912.9495760000
  [9,1,76] 7912.9495760000
  [9,1,77] 7912.9495760000
  [9,1,78] 7912.9495760000
  [9,1,79] 7912.9495760000
  [9,1,80] 7912.9495760000
  [9,1,81] 7912.9495760000
  [9,1,82] 7912.9495760000
  [9,1,83] 7912.9495760000
  [9,1,84] 7912.9495760000
  [9,1,85] 7912.9495760000
  [9,1,86] 7912.9495760000
  [9,1,87] 7912.9495760000
  [9,1,88] 7912.9495760000
  [9,1,89] 7912.9495760000
  [9,1,90] 7912.9495760000
  [9,1,91] 7912.9495760000
  [9,1,92] 7912.9495760000
  [9,1,93] 7912.9495760000
  [9,1,94] 7912.9495760000
  [9,1,95] 7912.9495760000
  [9,1,96] 7912.9495760000
  [9,1,97] 7912.9495760000
  [9,1,98] 7912.9495760000
  [9,1,99] 7912.9495760000
  [9,1,100] 7912.9495760000
  [9,1,101] 7912.9495760000
  [9,1,102] 7912.9495760000
  [9,1,103] 7912.9495760000
  [9,1,104] 7912.9495760000
  [9,1,105] 7912.9495760000
  [9,1,106] 7912.9495760000
  [9,1,107] 7912.9495760000
  [9,1,108] 7912.9495760000
  [9,1,109] 7912.9495760000
  [9,1,110] 7912.9495760000
  [9,1,111] 7912.9495760000
  [9,1,112] 7912.9495760000
  [9,1,113] 7912.9495760000
  [9,1,114] 7912.9495760000
  [9,1,115] 7912.9495760000
  [9,1,116] 7912.9495760000
  [9,1,117] 7912.9495760000
  [9,1,118] 7912.9495760000
  [9,1,119] 7912.9495760000
  [9,1,120] 7912.9495760000
  [9,1,121] 7912.9495760000
  [9,1,122] 7912.9495760000
  [9,1,123] 7912.9495760000
  [9,1,124] 7912.9495760000
  [9,1,125] 7912.9495760000
  [9,1,126] 7912.9495760000
  [9,1,127] 7912.9495760000
  [9,1,128] 7912.9495760000
  [9,1,129] 7912.9495760000
  [9,1,130] 7912.9495760000
  [9,1,131] 7912.9495760000
  [9,1,132] 7912.9495760000
  [9,1,133] 7912.9495760000
  [9,1,134] 7912.9495760000
  [9,1,135] 7912.9495760000
  [9,1,136] 7912.9495760000
  [9,1,137] 7912.9495760000
  [9,1,138] 7912.9495760000
  [9,1,139] 7912.9495760000
  [9,1,140] 7912.9495760000
  [9,1,141] 7912.9495760000
  [9,1,142] 7912.9495760000
  [9,1,143] 7912.9495760000
  [9,1,144] 7912.9495760000
  [9,1,145] 7912.9495760000
  [9,1,146] 7912.9495760000
  [9,1,147] 7912.9495760000
  [9,1,148] 7912.9495760000
  [9,1,149] 7912.9495760000
  [9,1,150] 7912.9495760000
  [9,1,151] 7912.9495760000
  [9,1,152] 7912.9495760000
  [9,1,153] 7912.9495760000
  [9,1,154] 7912.9495760000
  [9,1,155] 7912.9495760000
  [9,1,156] 7912.9495760000
  [9,1,157] 7912.9495760000
  [9,1,158] 7912.9495760000
  [9,1,159] 7912.9495760000
  [9,1,160] 7912.9495760000
  [9,1,161] 7912.9495760000
  [9,1,162] 7912.9495760000
  [9,1,163] 7912.9495760000
  [9,1,164] 7912.9495760000
  [9,1,165] 7912.9495760000
  [9,1,166] 7912.9495760000
  [9,1,167] 7912.9495760000
  [9,1,168] 7912.9495760000
  [9,1,169] 7912.9495760000
  [9,1,170] 7912.9495760000
  [9,1,171] 7912.9495760000
  [9,1,172] 7912.9495760000
  [9,1,173] 7912.9495760000
  [9,1,174] 7912.9495760000
  [9,1,175] 7912.9495760000
  [9,1,176] 7912.9495760000
  [9,1,177] 7912.9495760000
  [9,1,178] 7912.9495760000
  [9,1,179] 7912.9495760000
  [9,1,180] 7912.9495760000
  [9,1,181] 7912.9495760000
  [9,1,182] 7912.9495760000
  [9,1,183] 7912.9495760000
  [9,1,184] 7912.9495760000
  [9,1,185] 7912.9495760000
  [9,1,186] 7912.9495760000
  [9,1,187] 7912.9495760000
  [9,1,188] 7912.9495760000
  [9,1,189] 7912.9495760000
  [9,1,190] 7912.9495760000
  [9,1,191] 7912.9495760000
  [9,1,192] 7912.9495760000
  [9,1,193] 7912.9495760000
  [9,1,194] 7912.9495760000
  [9,1,195] 7912.9495760000
  [9,1,196] 7912.9495760000
  [9,1,197] 7912.9495760000
  [9,1,198] 7912.9495760000
  [9,1,199] 7912.9495760000
  [9,1,200] 7912.9495760000
  [9,1,201] 7912.9495760000
  [9,1,202] 7912.9495760000
  [9,1,203] 7912.9495760000
  [9,1,204] 7912.9495760000
  [9,1,205] 7912.9495760000
  [9,1,206] 7912.9495760000
  [9,1,207] 7912.9495760000
  [9,1,208] 7912.9495760000
  [9,1,209] 7912.9495760000
  [9,1,210] 7912.9495760000
  [9,1,211] 7912.9495760000
  [9,1,212] 7912.9495760000
  [9,1,213] 7912.9495760000
  [9,1,214] 7912.9495760000
  [9,1,215] 7912.9495760000
  [9,1,216] 7912.9495760000
  [9,1,217] 7912.9495760000
  [9,1,218] 7912.9495760000
  [9,1,219] 7912.9495760000
  [9,1,220] 7912.9495760000
  [9,1,221] 7912.9495760000
  [9,1,222] 7912.9495760000
  [9,1,223] 7912.9495760000
  [9,1,224] 7912.9495760000
  [9,1,225] 7912.9495760000
  [9,1,226] 7912.9495760000
  [9,1,227] 7912.9495760000
  [9,1,228] 7912.9495760000
  [9,1,229] 7912.9495760000
  [9,1,230] 7912.9495760000
  [9,1,231] 7912.9495760000
  [9,1,232] 7912.9495760000
  [9,1,233] 7912.9495760000
  [9,1,234] 7912.9495760000
  [9,1,235] 7912.9495760000
  [9,1,236] 7912.9495760000
  [9,1,237] 7912.9495760000
  [9,1,238] 7912.9495760000
  [9,1,239] 7912.9495760000
  [9,1,240] 7912.9495760000
  [9,1,241] 7912.9495760000
  [9,1,242] 7912.9495760000
  [9,1,243] 7912.9495760000
  [9,1,244] 7912.9495760000
  [9,1,245] 7912.9495760000
  [9,1,246] 7912.9495760000
  [9,1,247] 7912.9495760000
  [9,1,248] 7912.9495760000
  [9,1,249] 7912.9495760000
  [9,1,250] 7912.9495760000
  [9,1,251] 7912.9495760000
  [9,1,252] 8230.7953063182
  [9,1,253] 8455.9832377107
  [9,1,254] 8455.9832377107
  [9,1,255] 8455.9832377107
  [9,1,256] 8455.9832377107
  [9,1,257] 8455.9832377107
  [9,1,258] 8455.9832377107
  [9,1,259] 8455.9832377107
  [9,1,260] 8455.9832377107
  [9,1,261] 8455.9832377107
  [9,1,262] 8455.9832377107
  [9,1,263] 8455.9832377107
  [9,1,264] 8455.9832377107
  [9,1,265] 8455.9832377107
  [9,1,266] 8455.9832377107
  [9,1,267] 8455.9832377107
  [9,1,268] 8455.9832377107
  [9,1,269] 8455.9832377107
  [9,1,270] 8455.9832377107
  [9,1,271] 8455.9832377107
  [9,1,272] 8455.9832377107
  [9,1,273] 8455.9832377107
  [9,1,274] 8455.9832377107
  [9,1,275] 8455.9832377107
  [9,1,276] 8455.9832377107
  [9,1,277] 8455.9832377107
  [9,1,278] 8455.9832377107
  [9,1,279] 8455.9832377107
  [9,1,280] 8455.9832377107
  [9,1,281] 8455.9832377107
  [9,1,282] 8455.9832377107
  [9,1,283] 8455.9832377107
  [9,1,284] 8455.9832377107
  [9,1,285] 8455.9832377107
  [9,1,286] 8455.9832377107
  [9,1,287] 8455.9832377107
  [9,1,288] 8455.9832377107
  [9,1,289] 8455.9832377107
  [9,1,290] 8455.9832377107
  [9,1,291] 8455.9832377107
  [9,1,292] 8455.9832377107
  [9,1,293] 8455.9832377107
  [9,1,294] 8455.9832377107
  [9,1,295] 8455.9832377107
  [9,1,296] 9542.0502960873
  [9,1,297] 7912.9495760000
  [9,1,298] 7912.9495760000
  [9,1,299] 8455.9832377107
  [9,1,300] 8455.9832377107
  [9,1,301] 9891.1869700000
  [9,1,302] 7912.9495760000
  [9,1,303] 7912.9495760000
  [9,1,304] 8106.8468288430
  [9,1,305] 8455.9832377107
  [9,1,306] 8455.9832377107
  [9,1,307] 8455.9832377107
  [9,1,308] 9192.9136221746
  [9,1,309] 9891.1869700000
  [9,1,310] 7912.9495760000
  [9,1,311] 7912.9495760000
  [9,1,312] 7912.9495760000
  [9,1,313] 7912.9495760000
  [9,1,314] 9891.1869700000
  [9,1,315] 9891.1869700000
  [9,1,316] 9891.1869700000
  [9,1,317] 9891.1869700000
  [9,1,318] 9891.1869700000
  [9,1,319] 9891.1869700000
  [9,1,320] 9891.1869700000
  [9,1,321] 9891.1869700000
  [9,1,322] 9891.1869700000
  [9,1,323] 7912.9495760000
  [9,1,324] 9891.1869700000
  [9,1,325] 9891.1869700000
  [9,1,326] 9891.1869700000
  [9,1,327] 9891.1869700000
  [9,1,328] 9891.1869700000
  [9,1,329] 9891.1869700000
  [9,1,330] 9891.1869700000
  [9,1,331] 9891.1869700000
  [9,1,332] 9891.1869700000
  [9,1,333] 9891.1869700000
  [9,1,334] 9891.1869700000
  [9,1,335] 9891.1869700000
  [9,1,336] 9891.1869700000
  [9,1,337] 9891.1869700000
  [9,1,338] 9891.1869700000
  [9,1,339] 9891.1869700000
  [9,1,340] 9891.1869700000
  [9,1,341] 9891.1869700000
  [9,1,342] 9891.1869700000
  [9,1,343] 9891.1869700000
  [9,1,344] 9891.1869700000
  [9,1,345] 9891.1869700000
  [9,1,346] 9891.1869700000
  [9,1,347] 9891.1869700000
  [9,1,348] 9891.1869700000
  [9,1,349] 9891.1869700000
  [9,1,350] 9891.1869700000
  [9,1,351] 9891.1869700000
  [9,1,352] 9891.1869700000
  [9,1,353] 9891.1869700000
  [9,1,354] 9891.1869700000
  [9,1,355] 9891.1869700000
  [9,1,356] 9891.1869700000
  [9,1,357] 9891.1869700000
  [9,1,358] 9891.1869700000
  [9,1,359] 9891.1869700000
  [9,1,360] 7912.9495760000
  [9,1,361] 7912.9495760000
  [9,1,362] 7912.9495760000
  [9,1,363] 7912.9495760000
  [9,1,364] 7912.9495760000
  [9,1,365] 7912.9495760000
  [9,1,366] 7912.9495760000
  [9,1,367] 7912.9495760000
  [9,1,368] 7912.9495760000
  [9,1,369] 7912.9495760000
  [9,1,370] 7912.9495760000
  [9,1,371] 7912.9495760000
  [9,1,372] 7912.9495760000
  [9,1,373] 7912.9495760000
  [9,1,374] 7912.9495760000
  [9,1,375] 7912.9495760000
  [9,1,376] 7912.9495760000
  [9,1,377] 7912.9495760000
  [9,1,378] 7912.9495760000
  [9,1,379] 7912.9495760000
  [9,1,380] 7912.9495760000
  [9,1,381] 7912.9495760000
  [9,1,382] 7912.9495760000
  [9,1,383] 7912.9495760000
  [9,1,384] 7912.9495760000
  [9,1,385] 7912.9495760000
  [9,1,386] 7912.9495760000
  [9,1,387] 7912.9495760000
  [9,1,388] 7912.9495760000
  [9,1,389] 7912.9495760000
  [9,1,390] 7912.9495760000
  [9,1,391] 7912.9495760000
  [9,1,392] 7912.9495760000
  [9,1,393] 7912.9495760000
  [9,1,394] 7912.9495760000
  [9,1,395] 7912.9495760000
  [9,1,396] 7912.9495760000
  [9,1,397] 7912.9495760000
  [9,1,398] 7912.9495760000
  [9,1,399] 7912.9495760000
  [9,1,400] 7912.9495760000
  [9,1,401] 7912.9495760000
  [9,1,402] 7912.9495760000
  [9,1,403] 7912.9495760000
  [9,1,404] 7912.9495760000
  [9,1,405] 7912.9495760000
  [9,1,406] 7912.9495760000
  [9,1,407] 7912.9495760000
  [9,1,408] 7912.9495760000
  [9,1,409] 8100.0869744933
  [9,1,410] 9891.1869700000
  [9,1,411] 7912.9495760000
  [9,1,412] 9891.1869700000
  [9,1,413] 9891.1869700000
  [9,1,414] 9891.1869700000
  [9,1,415] 9891.1869700000
  [9,1,416] 9891.1869700000
  [9,1,417] 9891.1869700000
  [9,1,418] 9891.1869700000
  [9,1,419] 9891.1869700000
  [9,1,420] 9891.1869700000
  [9,1,421] 9891.1869700000
  [9,1,422] 9891.1869700000
  [9,1,423] 9891.1869700000
  [9,1,424] 9891.1869700000
  [9,1,425] 9891.1869700000
  [9,1,426] 9891.1869700000
  [9,1,427] 9891.1869700000
  [9,1,428] 9891.1869700000
  [9,1,429] 9891.1869700000
  [9,1,430] 9891.1869700000
  [9,1,431] 9891.1869700000
  [9,1,432] 9891.1869700000
  [9,1,433] 9891.1869700000
  [9,1,434] 9891.1869700000
  [9,1,435] 9891.1869700000
  [9,1,436] 9891.1869700000
  [9,1,437] 9891.1869700000
  [9,1,438] 9891.1869700000
  [9,1,439] 9891.1869700000
  [9,1,440] 9891.1869700000
  [9,1,441] 9891.1869700000
  [9,1,442] 9891.1869700000
  [9,1,443] 9891.1869700000
  [9,1,444] 9891.1869700000
  [9,1,445] 9891.1869700000
  [9,1,446] 9891.1869700000
  [9,1,447] 9891.1869700000
  [9,1,448] 9891.1869700000
  [9,1,449] 9891.1869700000
  [9,1,450] 9891.1869700000
  [9,1,451] 9891.1869700000
  [9,1,452] 9891.1869700000
  [9,1,453] 9891.1869700000
  [9,1,454] 9891.1869700000
  [9,1,455] 9891.1869700000
  [9,1,456] 9891.1869700000
  [9,1,457] 9891.1869700000
  [9,1,458] 9891.1869700000
  [9,1,459] 9891.1869700000
  [9,1,460] 9891.1869700000
  [9,1,461] 9891.1869700000
  [9,1,462] 9891.1869700000
  [9,1,463] 9891.1869700000
  [9,1,464] 7912.9495760000
  [9,1,465] 9891.1869700000
  [9,1,466] 9891.1869700000
  [9,1,467] 9891.1869700000
  [9,1,468] 9891.1869700000
  [9,1,469] 9891.1869700000
  [9,1,470] 9891.1869700000
  [9,1,471] 9891.1869700000
  [9,1,472] 9891.1869700000
  [9,1,473] 9891.1869700000
  [9,1,474] 9891.1869700000
  [9,1,475] 9891.1869700000
  [9,1,476] 9891.1869700000
  [9,1,477] 9891.1869700000
  [9,1,478] 9891.1869700000
  [9,1,479] 9891.1869700000
  [9,1,480] 9891.1869700000
  [9,1,481] 9891.1869700000
  [9,1,482] 9891.1869700000
  [9,1,483] 9891.1869700000
  [9,1,484] 9891.1869700000
  [9,1,485] 9891.1869700000
  [9,1,486] 9891.1869700000
  [9,1,487] 9891.1869700000
  [9,1,488] 9891.1869700000
  [9,1,489] 9891.1869700000
  [9,1,490] 9891.1869700000
  [9,1,491] 9891.1869700000
  [9,1,492] 9891.1869700000
  [9,1,493] 9891.1869700000
  [9,1,494] 9891.1869700000
  [9,1,495] 9891.1869700000
  [9,1,496] 9891.1869700000
  [9,1,497] 9891.1869700000
  [9,1,498] 9891.1869700000
  [9,1,499] 9891.1869700000
  [9,1,500] 9891.1869700000
  [9,1,501] 9891.1869700000
  [9,1,502] 9891.1869700000
  [9,1,503] 9891.1869700000
  [9,1,504] 9891.1869700000
  [9,1,505] 9891.1869700000
  [9,1,506] 9891.1869700000
  [9,1,507] 9891.1869700000
  [9,1,508] 9891.1869700000
  [9,1,509] 9891.1869700000
  [9,1,510] 9891.1869700000
  [9,1,511] 9891.1869700000
  [9,1,512] 9891.1869700000
  [9,1,513] 9891.1869700000
  [9,1,514] 9891.1869700000
  [9,1,515] 9891.1869700000
  [9,1,516] 9891.1869700000
  [9,1,517] 9891.1869700000
  [9,1,518] 9891.1869700000
  [9,1,519] 9891.1869700000
  [9,1,520] 9891.1869700000
  [9,1,521] 9891.1869700000
  [9,1,522] 9891.1869700000
  [9,1,523] 9891.1869700000
  [9,1,524] 9891.1869700000
  [9,1,525] 9891.1869700000
  [9,1,526] 9891.1869700000
  [9,1,527] 9891.1869700000
  [9,1,528] 9891.1869700000
  [9,1,529] 9891.1869700000
  [9,1,530] 9891.1869700000
  [9,1,531] 9891.1869700000
  [9,1,532] 9891.1869700000
  [9,1,533] 9891.1869700000
  [9,1,534] 9891.1869700000
  [9,1,535] 9891.1869700000
  [9,1,536] 9891.1869700000
  [9,1,537] 9891.1869700000
  [9,1,538] 9891.1869700000
  [9,1,539] 9891.1869700000
  [9,1,540] 9891.1869700000
  [9,1,541] 9891.1869700000
  [9,1,542] 9891.1869700000
  [9,1,543] 9891.1869700000
  [9,1,544] 9891.1869700000
  [9,1,545] 9891.1869700000
  [9,1,546] 9891.1869700000
  [9,1,547] 9891.1869700000
  [9,1,548] 9891.1869700000
  [9,1,549] 9891.1869700000
  [9,1,550] 9891.1869700000
  [9,1,551] 9891.1869700000
  [9,1,552] 9891.1869700000
  [9,1,553] 9891.1869700000
  [9,1,554] 9891.1869700000
  [9,1,555] 9891.1869700000
  [9,1,556] 9891.1869700000
  [9,1,557] 9891.1869700000
  [9,1,558] 9891.1869700000
  [9,1,559] 9891.1869700000
  [9,1,560] 9891.1869700000
  [9,1,561] 9891.1869700000
  [9,1,562] 9891.1869700000
  [9,1,563] 9891.1869700000
  [9,1,564] 9891.1869700000
  [9,1,565] 9891.1869700000
  [9,1,566] 9891.1869700000
  [9,1,567] 9891.1869700000
  [9,1,568] 9891.1869700000
  [9,1,569] 9891.1869700000
  [9,1,570] 9891.1869700000
  [9,1,571] 9891.1869700000
  [9,1,572] 9891.1869700000
  [9,1,573] 9891.1869700000
  [9,1,574] 9891.1869700000
  [9,1,575] 9891.1869700000
  [9,1,576] 9891.1869700000
  [9,1,577] 9891.1869700000
  [9,1,578] 9891.1869700000
  [9,1,579] 9891.1869700000
  [9,1,580] 9891.1869700000
  [9,1,581] 9891.1869700000
  [9,1,582] 9891.1869700000
  [9,1,583] 9891.1869700000
  [9,1,584] 9891.1869700000
  [9,1,585] 9891.1869700000
  [9,1,586] 9891.1869700000
  [9,1,587] 9891.1869700000
  [9,1,588] 9891.1869700000
  [9,1,589] 9891.1869700000
  [9,1,590] 9891.1869700000
  [9,1,591] 9891.1869700000
  [9,1,592] 9891.1869700000
  [9,1,593] 9891.1869700000
  [9,1,594] 9891.1869700000
  [9,1,595] 9891.1869700000
  [9,1,596] 9891.1869700000
  [9,1,597] 9891.1869700000
  [9,1,598] 9891.1869700000
  [9,1,599] 9891.1869700000
  [9,1,600] 9891.1869700000
  [9,1,601] 9891.1869700000
  [9,1,602] 9891.1869700000
  [9,1,603] 9891.1869700000
  [9,1,604] 9891.1869700000
  [9,1,605] 9891.1869700000
  [9,1,606] 9891.1869700000
  [9,1,607] 9891.1869700000
  [9,1,608] 9891.1869700000
  [9,1,609] 9891.1869700000
  [9,1,610] 9891.1869700000
  [9,1,611] 9891.1869700000
  [9,1,612] 9891.1869700000
  [9,1,613] 9891.1869700000
  [9,1,614] 9891.1869700000
  [9,1,615] 9891.1869700000
  [9,1,616] 9891.1869700000
  [9,1,617] 9891.1869700000
  [9,1,618] 9891.1869700000
  [9,1,619] 9891.1869700000
  [9,1,620] 9891.1869700000
  [9,1,621] 9891.1869700000
  [9,1,622] 9891.1869700000
  [9,1,623] 9891.1869700000
  [9,1,624] 9891.1869700000
  [9,1,625] 9891.1869700000
  [9,1,626] 9891.1869700000
  [9,1,627] 9891.1869700000
  [9,1,628] 9891.1869700000
  [9,1,629] 9891.1869700000
  [9,1,630] 9891.1869700000
  [9,1,631] 9891.1869700000
  [9,1,632] 9891.1869700000
  [9,1,633] 9891.1869700000
  [9,1,634] 9891.1869700000
  [9,1,635] 9891.1869700000
  [9,1,636] 9891.1869700000
  [9,1,637] 9891.1869700000
  [9,1,638] 9891.1869700000
  [9,1,639] 9891.1869700000
  [9,1,640] 9891.1869700000
  [9,1,641] 9891.1869700000
  [9,1,642] 9891.1869700000
  [9,1,643] 9891.1869700000
  [9,1,644] 9891.1869700000
  [9,1,645] 9891.1869700000
  [9,1,646] 9891.1869700000
  [9,1,647] 9891.1869700000
  [9,1,648] 9891.1869700000
  [9,1,649] 9891.1869700000
  [9,1,650] 9891.1869700000
  [9,1,651] 9891.1869700000
  [9,1,652] 9891.1869700000
  [9,1,653] 9891.1869700000
  [9,1,654] 9891.1869700000
  [9,1,655] 9891.1869700000
  [9,1,656] 9891.1869700000
  [9,1,657] 9891.1869700000
  [9,1,658] 9891.1869700000
  [9,1,659] 9891.1869700000
  [9,1,660] 9891.1869700000
  [9,1,661] 9891.1869700000
  [9,1,662] 9891.1869700000
  [9,1,663] 9891.1869700000
  [9,1,664] 9891.1869700000
  [9,1,665] 9891.1869700000
  [9,1,666] 9891.1869700000
  [9,1,667] 9891.1869700000
  [9,1,668] 9891.1869700000
  [9,1,669] 9891.1869700000
  [9,1,670] 9891.1869700000
  [9,1,671] 9891.1869700000
  [9,1,672] 9891.1869700000
  [9,1,673] 9891.1869700000
  [9,1,674] 9891.1869700000
  [9,1,675] 9891.1869700000
  [9,1,676] 9891.1869700000
  [9,1,677] 9891.1869700000
  [9,1,678] 9891.1869700000
  [9,1,679] 9891.1869700000
  [9,1,680] 9891.1869700000
  [9,1,681] 9891.1869700000
  [9,1,682] 9891.1869700000
  [9,1,683] 9891.1869700000
  [9,1,684] 9891.1869700000
  [9,1,685] 9891.1869700000
  [9,1,686] 9891.1869700000
  [9,1,687] 9891.1869700000
  [9,1,688] 9891.1869700000
  [9,1,689] 9891.1869700000
  [9,1,690] 9891.1869700000
  [9,1,691] 9891.1869700000
  [9,1,692] 9891.1869700000
  [9,1,693] 9891.1869700000
  [9,1,694] 9891.1869700000
  [9,1,695] 9891.1869700000
  [9,1,696] 9891.1869700000
  [9,1,697] 9891.1869700000
  [9,1,698] 9891.1869700000
  [9,1,699] 9891.1869700000
  [9,1,700] 9891.1869700000
  [9,1,701] 9891.1869700000
  [9,1,702] 9891.1869700000
  [9,1,703] 9891.1869700000
  [9,1,704] 9891.1869700000
  [9,1,705] 9891.1869700000
  [9,1,706] 9891.1869700000
  [9,1,707] 9891.1869700000
  [9,1,708] 9891.1869700000
  [9,1,709] 9891.1869700000
  [9,1,710] 7912.9495760000
  [9,1,711] 7912.9495760000
  [9,1,712] 7912.9495760000
  [9,1,713] 7912.9495760000
  [9,1,714] 7912.9495760000
  [9,1,715] 7912.9495760000
  [9,1,716] 7912.9495760000
  [9,1,717] 7912.9495760000
  [9,1,718] 7912.9495760000
  [9,1,719] 7912.9495760000
  [9,1,720] 7912.9495760000
  [9,2,1] 7912.9495760000
  [9,2,2] 9891.1869700000
  [9,2,3] 9891.1869700000
  [9,2,4] 7912.9495760000
  [9,2,5] 9891.1869700000
  [9,2,6] 9891.1869700000
  [9,2,7] 7912.9495760000
  [9,2,8] 9891.1869700000
  [9,2,9] 9891.1869700000
  [9,2,10] 9891.1869700000
  [9,2,11] 9891.1869700000
  [9,2,12] 9891.1869700000
  [9,2,13] 9891.1869700000
  [9,2,14] 7912.9495760000
  [9,2,15] 9891.1869700000
  [9,2,16] 9891.1869700000
  [9,2,17] 9891.1869700000
  [9,2,18] 7912.9495760000
  [9,2,19] 9891.1869700000
  [9,2,20] 9891.1869700000
  [9,2,21] 7912.9495760000
  [9,2,22] 9891.1869700000
  [9,2,23] 7912.9495760000
  [9,2,24] 7912.9495760000
  [9,2,25] 9891.1869700000
  [9,2,26] 9891.1869700000
  [9,2,27] 7912.9495760000
  [9,2,28] 7912.9495760000
  [9,2,29] 9891.1869700000
  [9,2,30] 7912.9495760000
  [9,2,31] 9891.1869700000
  [9,2,32] 7912.9495760000
  [9,2,33] 9891.1869700000
  [9,2,34] 7912.9495760000
  [9,2,35] 9891.1869700000
  [9,2,36] 9891.1869700000
  [9,2,37] 9891.1869700000
  [9,2,38] 9891.1869700000
  [9,2,39] 7912.9495760000
  [9,2,40] 9891.1869700000
  [9,2,41] 7912.9495760000
  [9,2,42] 9891.1869700000
  [9,2,43] 7912.9495760000
  [9,2,44] 9891.1869700000
  [9,2,45] 9891.1869700000
  [9,2,46] 7912.9495760000
  [9,2,47] 7912.9495760000
  [9,2,48] 9891.1869700000
  [9,2,49] 9891.1869700000
  [9,2,50] 7912.9495760000
  [9,2,51] 9891.1869700000
  [9,2,52] 9891.1869700000
  [9,2,53] 9891.1869700000
  [9,2,54] 7912.9495760000
  [9,2,55] 7912.9495760000
  [9,2,56] 9891.1869700000
  [9,2,57] 7912.9495760000
  [9,2,58] 7912.9495760000
  [9,2,59] 7912.9495760000
  [9,2,60] 7912.9495760000
  [9,2,61] 7912.9495760000
  [9,2,62] 9891.1869700000
  [9,2,63] 7912.9495760000
  [9,2,64] 7912.9495760000
  [9,2,65] 9891.1869700000
  [9,2,66] 7912.9495760000
  [9,2,67] 7912.9495760000
  [9,2,68] 7912.9495760000
  [9,2,69] 7912.9495760000
  [9,2,70] 9891.1869700000
  [9,2,71] 7912.9495760000
  [9,2,72] 7912.9495760000
  [9,2,73] 7912.9495760000
  [9,2,74] 9891.1869700000
  [9,2,75] 7912.9495760000
  [9,2,76] 7912.9495760000
  [9,2,77] 7912.9495760000
  [9,2,78] 9891.1869700000
  [9,2,79] 7912.9495760000
  [9,2,80] 7912.9495760000
  [9,2,81] 7912.9495760000
  [9,2,82] 7912.9495760000
  [9,2,83] 9891.1869700000
  [9,2,84] 9891.1869700000
  [9,2,85] 7912.9495760000
  [9,2,86] 9891.1869700000
  [9,2,87] 9891.1869700000
  [9,2,88] 9891.1869700000
  [9,2,89] 9891.1869700000
  [9,2,90] 7912.9495760000
  [9,2,91] 9891.1869700000
  [9,2,92] 7912.9495760000
  [9,2,93] 7912.9495760000
  [9,2,94] 7912.9495760000
  [9,2,95] 7912.9495760000
  [9,2,96] 9891.1869700000
  [9,2,97] 9891.1869700000
  [9,2,98] 7912.9495760000
  [9,2,99] 9891.1869700000
  [9,2,100] 9891.1869700000
  [9,2,101] 7912.9495760000
  [9,2,102] 7912.9495760000
  [9,2,103] 7912.9495760000
  [9,2,104] 9891.1869700000
  [9,2,105] 7912.9495760000
  [9,2,106] 7912.9495760000
  [9,2,107] 9891.1869700000
  [9,2,108] 7912.9495760000
  [9,2,109] 9891.1869700000
  [9,2,110] 7912.9495760000
  [9,2,111] 7912.9495760000
  [9,2,112] 9891.1869700000
  [9,2,113] 9891.1869700000
  [9,2,114] 7912.9495760000
  [9,2,115] 9891.1869700000
  [9,2,116] 9891.1869700000
  [9,2,117] 7912.9495760000
  [9,2,118] 7912.9495760000
  [9,2,119] 9891.1869700000
  [9,2,120] 7912.9495760000
  [9,2,121] 7912.9495760000
  [9,2,122] 7912.9495760000
  [9,2,123] 9891.1869700000
  [9,2,124] 7912.9495760000
  [9,2,125] 9891.1869700000
  [9,2,126] 9891.1869700000
  [9,2,127] 9891.1869700000
  [9,2,128] 7912.9495760000
  [9,2,129] 7912.9495760000
  [9,2,130] 9891.1869700000
  [9,2,131] 9891.1869700000
  [9,2,132] 7912.9495760000
  [9,2,133] 9891.1869700000
  [9,2,134] 7912.9495760000
  [9,2,135] 7912.9495760000
  [9,2,136] 9891.1869700000
  [9,2,137] 9891.1869700000
  [9,2,138] 7912.9495760000
  [9,2,139] 7912.9495760000
  [9,2,140] 9891.1869700000
  [9,2,141] 7912.9495760000
  [9,2,142] 9891.1869700000
  [9,2,143] 7912.9495760000
  [9,2,144] 7912.9495760000
  [9,2,145] 9891.1869700000
  [9,2,146] 7912.9495760000
  [9,2,147] 9891.1869700000
  [9,2,148] 7912.9495760000
  [9,2,149] 9891.1869700000
  [9,2,150] 7912.9495760000
  [9,2,151] 9891.1869700000
  [9,2,152] 7912.9495760000
  [9,2,153] 9891.1869700000
  [9,2,154] 7912.9495760000
  [9,2,155] 7912.9495760000
  [9,2,156] 9891.1869700000
  [9,2,157] 7912.9495760000
  [9,2,158] 9891.1869700000
  [9,2,159] 7912.9495760000
  [9,2,160] 7912.9495760000
  [9,2,161] 7912.9495760000
  [9,2,162] 9891.1869700000
  [9,2,163] 7912.9495760000
  [9,2,164] 9891.1869700000
  [9,2,165] 7912.9495760000
  [9,2,166] 9891.1869700000
  [9,2,167] 7912.9495760000
  [9,2,168] 9891.1869700000
  [9,2,169] 7912.9495760000
  [9,2,170] 7912.9495760000
  [9,2,171] 9891.1869700000
  [9,2,172] 7912.9495760000
  [9,2,173] 9891.1869700000
  [9,2,174] 7912.9495760000
  [9,2,175] 9891.1869700000
  [9,2,176] 9891.1869700000
  [9,2,177] 9891.1869700000
  [9,2,178] 7912.9495760000
  [9,2,179] 9891.1869700000
  [9,2,180] 7912.9495760000
  [9,2,181] 9891.1869700000
  [9,2,182] 7912.9495760000
  [9,2,183] 9891.1869700000
  [9,2,184] 7912.9495760000
  [9,2,185] 9891.1869700000
  [9,2,186] 7912.9495760000
  [9,2,187] 9891.1869700000
  [9,2,188] 7912.9495760000
  [9,2,189] 9891.1869700000
  [9,2,190] 7912.9495760000
  [9,2,191] 9891.1869700000
  [9,2,192] 7912.9495760000
  [9,2,193] 9891.1869700000
  [9,2,194] 7912.9495760000
  [9,2,195] 9891.1869700000
  [9,2,196] 7912.9495760000
  [9,2,197] 9891.1869700000
  [9,2,198] 7912.9495760000
  [9,2,199] 9891.1869700000
  [9,2,200] 7912.9495760000
  [9,2,201] 9891.1869700000
  [9,2,202] 9891.1869700000
  [9,2,203] 7912.9495760000
  [9,2,204] 9891.1869700000
  [9,2,205] 7912.9495760000
  [9,2,206] 9891.1869700000
  [9,2,207] 7912.9495760000
  [9,2,208] 9891.1869700000
  [9,2,209] 7912.9495760000
  [9,2,210] 9891.1869700000
  [9,2,211] 7912.9495760000
  [9,2,212] 9891.1869700000
  [9,2,213] 7912.9495760000
  [9,2,214] 9891.1869700000
  [9,2,215] 7912.9495760000
  [9,2,216] 9891.1869700000
  [9,2,217] 7912.9495760000
  [9,2,218] 9891.1869700000
  [9,2,219] 7912.9495760000
  [9,2,220] 9891.1869700000
  [9,2,221] 7912.9495760000
  [9,2,222] 9891.1869700000
  [9,2,223] 7912.9495760000
  [9,2,224] 9891.1869700000
  [9,2,225] 7912.9495760000
  [9,2,226] 9891.1869700000
  [9,2,227] 7912.9495760000
  [9,2,228] 9891.1869700000
  [9,2,229] 7912.9495760000
  [9,2,230] 9891.1869700000
  [9,2,231] 7912.9495760000
  [9,2,232] 9891.1869700000
  [9,2,233] 7912.9495760000
  [9,2,234] 7912.9495760000
  [9,2,235] 9891.1869700000
  [9,2,236] 7912.9495760000
  [9,2,237] 9891.1869700000
  [9,2,238] 7912.9495760000
  [9,2,239] 9891.1869700000
  [9,2,240] 7912.9495760000
  [9,2,241] 9891.1869700000
  [9,2,242] 7912.9495760000
  [9,2,243] 9891.1869700000
  [9,2,244] 7912.9495760000
  [9,2,245] 9891.1869700000
  [9,2,246] 7912.9495760000
  [9,2,247] 9891.1869700000
  [9,2,248] 9891.1869700000
  [9,2,249] 7912.9495760000
  [9,2,250] 7912.9495760000
  [9,2,251] 9891.1869700000
  [9,2,252] 7912.9495760000
  [9,2,253] 9891.1869700000
  [9,2,254] 7912.9495760000
  [9,2,255] 9891.1869700000
  [9,2,256] 7912.9495760000
  [9,2,257] 9891.1869700000
  [9,2,258] 7912.9495760000
  [9,2,259] 9891.1869700000
  [9,2,260] 7912.9495760000
  [9,2,261] 9891.1869700000
  [9,2,262] 7912.9495760000
  [9,2,263] 9891.1869700000
  [9,2,264] 7912.9495760000
  [9,2,265] 9891.1869700000
  [9,2,266] 7912.9495760000
  [9,2,267] 9891.1869700000
  [9,2,268] 7912.9495760000
  [9,2,269] 9891.1869700000
  [9,2,270] 7912.9495760000
  [9,2,271] 9891.1869700000
  [9,2,272] 7912.9495760000
  [9,2,273] 9891.1869700000
  [9,2,274] 7912.9495760000
  [9,2,275] 9891.1869700000
  [9,2,276] 7912.9495760000
  [9,2,277] 9891.1869700000
  [9,2,278] 7912.9495760000
  [9,2,279] 9891.1869700000
  [9,2,280] 7912.9495760000
  [9,2,281] 9891.1869700000
  [9,2,282] 7912.9495760000
  [9,2,283] 9891.1869700000
  [9,2,284] 7912.9495760000
  [9,2,285] 9891.1869700000
  [9,2,286] 7912.9495760000
  [9,2,287] 9891.1869700000
  [9,2,288] 7912.9495760000
  [9,2,289] 9891.1869700000
  [9,2,290] 7912.9495760000
  [9,2,291] 9891.1869700000
  [9,2,292] 7912.9495760000
  [9,2,293] 9891.1869700000
  [9,2,294] 7912.9495760000
  [9,2,295] 9891.1869700000
  [9,2,296] 7912.9495760000
  [9,2,297] 9891.1869700000
  [9,2,298] 7912.9495760000
  [9,2,299] 9891.1869700000
  [9,2,300] 7912.9495760000
  [9,2,301] 9891.1869700000
  [9,2,302] 7912.9495760000
  [9,2,303] 9891.1869700000
  [9,2,304] 7912.9495760000
  [9,2,305] 9891.1869700000
  [9,2,306] 7912.9495760000
  [9,2,307] 9891.1869700000
  [9,2,308] 7912.9495760000
  [9,2,309] 9891.1869700000
  [9,2,310] 7912.9495760000
  [9,2,311] 9891.1869700000
  [9,2,312] 7912.9495760000
  [9,2,313] 9891.1869700000
  [9,2,314] 7912.9495760000
  [9,2,315] 9891.1869700000
  [9,2,316] 7912.9495760000
  [9,2,317] 9891.1869700000
  [9,2,318] 7912.9495760000
  [9,2,319] 9891.1869700000
  [9,2,320] 7912.9495760000
  [9,2,321] 7912.9495760000
  [9,2,322] 9891.1869700000
  [9,2,323] 7912.9495760000
  [9,2,324] 9891.1869700000
  [9,2,325] 7912.9495760000
  [9,2,326] 9891.1869700000
  [9,2,327] 7912.9495760000
  [9,2,328] 9891.1869700000
  [9,2,329] 7912.9495760000
  [9,2,330] 9891.1869700000
  [9,2,331] 7912.9495760000
  [9,2,332] 9891.1869700000
  [9,2,333] 7912.9495760000
  [9,2,334] 9891.1869700000
  [9,2,335] 7912.9495760000
  [9,2,336] 9891.1869700000
  [9,2,337] 7912.9495760000
  [9,2,338] 9891.1869700000
  [9,2,339] 7912.9495760000
  [9,2,340] 9891.1869700000
  [9,2,341] 7912.9495760000
  [9,2,342] 9891.1869700000
  [9,2,343] 7912.9495760000
  [9,2,344] 9891.1869700000
  [9,2,345] 7912.9495760000
  [9,2,346] 9891.1869700000
  [9,2,347] 7912.9495760000
  [9,2,348] 9891.1869700000
  [9,2,349] 7912.9495760000
  [9,2,350] 9891.1869700000
  [9,2,351] 7912.9495760000
  [9,2,352] 9891.1869700000
  [9,2,353] 7912.9495760000
  [9,2,354] 9891.1869700000
  [9,2,355] 7912.9495760000
  [9,2,356] 9891.1869700000
  [9,2,357] 7912.9495760000
  [9,2,358] 9891.1869700000
  [9,2,359] 7912.9495760000
  [9,2,360] 9891.1869700000
  [9,2,361] 7912.9495760000
  [9,2,362] 9891.1869700000
  [9,2,363] 7912.9495760000
  [9,2,364] 9891.1869700000
  [9,2,365] 7912.9495760000
  [9,2,366] 9891.1869700000
  [9,2,367] 7912.9495760000
  [9,2,368] 9891.1869700000
  [9,2,369] 7912.9495760000
  [9,2,370] 9891.1869700000
  [9,2,371] 7912.9495760000
  [9,2,372] 9891.1869700000
  [9,2,373] 7912.9495760000
  [9,2,374] 9891.1869700000
  [9,2,375] 7912.9495760000
  [9,2,376] 9891.1869700000
  [9,2,377] 7912.9495760000
  [9,2,378] 9891.1869700000
  [9,2,379] 7912.9495760000
  [9,2,380] 9891.1869700000
  [9,2,381] 7912.9495760000
  [9,2,382] 9891.1869700000
  [9,2,383] 7912.9495760000
  [9,2,384] 9891.1869700000
  [9,2,385] 7912.9495760000
  [9,2,386] 9891.1869700000
  [9,2,387] 7912.9495760000
  [9,2,388] 9891.1869700000
  [9,2,389] 7912.9495760000
  [9,2,390] 9891.1869700000
  [9,2,391] 7912.9495760000
  [9,2,392] 9891.1869700000
  [9,2,393] 7912.9495760000
  [9,2,394] 9891.1869700000
  [9,2,395] 7912.9495760000
  [9,2,396] 9891.1869700000
  [9,2,397] 7912.9495760000
  [9,2,398] 9891.1869700000
  [9,2,399] 7912.9495760000
  [9,2,400] 9891.1869700000
  [9,2,401] 7912.9495760000
  [9,2,402] 9891.1869700000
  [9,2,403] 7912.9495760000
  [9,2,404] 9891.1869700000
  [9,2,405] 7912.9495760000
  [9,2,406] 9891.1869700000
  [9,2,407] 7912.9495760000
  [9,2,408] 9891.1869700000
  [9,2,409] 7912.9495760000
  [9,2,410] 9891.1869700000
  [9,2,411] 7912.9495760000
  [9,2,412] 9891.1869700000
  [9,2,413] 7912.9495760000
  [9,2,414] 9891.1869700000
  [9,2,415] 7912.9495760000
  [9,2,416] 9891.1869700000
  [9,2,417] 7912.9495760000
  [9,2,418] 9891.1869700000
  [9,2,419] 7912.9495760000
  [9,2,420] 9891.1869700000
  [9,2,421] 7912.9495760000
  [9,2,422] 9891.1869700000
  [9,2,423] 7912.9495760000
  [9,2,424] 9891.1869700000
  [9,2,425] 7912.9495760000
  [9,2,426] 9891.1869700000
  [9,2,427] 7912.9495760000
  [9,2,428] 9891.1869700000
  [9,2,429] 7912.9495760000
  [9,2,430] 9891.1869700000
  [9,2,431] 7912.9495760000
  [9,2,432] 9891.1869700000
  [9,2,433] 7912.9495760000
  [9,2,434] 9891.1869700000
  [9,2,435] 7912.9495760000
  [9,2,436] 9891.1869700000
  [9,2,437] 7912.9495760000
  [9,2,438] 9891.1869700000
  [9,2,439] 7912.9495760000
  [9,2,440] 9891.1869700000
  [9,2,441] 7912.9495760000
  [9,2,442] 9891.1869700000
  [9,2,443] 7912.9495760000
  [9,2,444] 9891.1869700000
  [9,2,445] 7912.9495760000
  [9,2,446] 9891.1869700000
  [9,2,447] 9891.1869700000
  [9,2,448] 7912.9495760000
  [9,2,449] 9891.1869700000
  [9,2,450] 7912.9495760000
  [9,2,451] 9891.1869700000
  [9,2,452] 7912.9495760000
  [9,2,453] 9891.1869700000
  [9,2,454] 7912.9495760000
  [9,2,455] 9891.1869700000
  [9,2,456] 7912.9495760000
  [9,2,457] 9891.1869700000
  [9,2,458] 7912.9495760000
  [9,2,459] 9891.1869700000
  [9,2,460] 7912.9495760000
  [9,2,461] 9891.1869700000
  [9,2,462] 7912.9495760000
  [9,2,463] 9891.1869700000
  [9,2,464] 7912.9495760000
  [9,2,465] 9891.1869700000
  [9,2,466] 7912.9495760000
  [9,2,467] 9891.1869700000
  [9,2,468] 7912.9495760000
  [9,2,469] 9891.1869700000
  [9,2,470] 7912.9495760000
  [9,2,471] 9891.1869700000
  [9,2,472] 7912.9495760000
  [9,2,473] 9891.1869700000
  [9,2,474] 7912.9495760000
  [9,2,475] 9891.1869700000
  [9,2,476] 7912.9495760000
  [9,2,477] 9891.1869700000
  [9,2,478] 7912.9495760000
  [9,2,479] 9891.1869700000
  [9,2,480] 7912.9495760000
  [9,2,481] 9891.1869700000
  [9,2,482] 7912.9495760000
  [9,2,483] 9891.1869700000
  [9,2,484] 7912.9495760000
  [9,2,485] 9891.1869700000
  [9,2,486] 7912.9495760000
  [9,2,487] 9891.1869700000
  [9,2,488] 7912.9495760000
  [9,2,489] 9891.1869700000
  [9,2,490] 7912.9495760000
  [9,2,491] 9891.1869700000
  [9,2,492] 7912.9495760000
  [9,2,493] 9891.1869700000
  [9,2,494] 7912.9495760000
  [9,2,495] 9891.1869700000
  [9,2,496] 7912.9495760000
  [9,2,497] 9891.1869700000
  [9,2,498] 7912.9495760000
  [9,2,499] 9891.1869700000
  [9,2,500] 7912.9495760000
  [9,2,501] 9891.1869700000
  [9,2,502] 7912.9495760000
  [9,2,503] 9891.1869700000
  [9,2,504] 7912.9495760000
  [9,2,505] 9891.1869700000
  [9,2,506] 7912.9495760000
  [9,2,507] 9891.1869700000
  [9,2,508] 7912.9495760000
  [9,2,509] 9891.1869700000
  [9,2,510] 7912.9495760000
  [9,2,511] 9891.1869700000
  [9,2,512] 7912.9495760000
  [9,2,513] 9891.1869700000
  [9,2,514] 7912.9495760000
  [9,2,515] 9891.1869700000
  [9,2,516] 7912.9495760000
  [9,2,517] 9891.1869700000
  [9,2,518] 7912.9495760000
  [9,2,519] 9891.1869700000
  [9,2,520] 7912.9495760000
  [9,2,521] 9891.1869700000
  [9,2,522] 7912.9495760000
  [9,2,523] 9891.1869700000
  [9,2,524] 7912.9495760000
  [9,2,525] 9891.1869700000
  [9,2,526] 7912.9495760000
  [9,2,527] 9891.1869700000
  [9,2,528] 7912.9495760000
  [9,2,529] 9891.1869700000
  [9,2,530] 7912.9495760000
  [9,2,531] 9891.1869700000
  [9,2,532] 7912.9495760000
  [9,2,533] 9891.1869700000
  [9,2,534] 7912.9495760000
  [9,2,535] 9891.1869700000
  [9,2,536] 7912.9495760000
  [9,2,537] 9891.1869700000
  [9,2,538] 7912.9495760000
  [9,2,539] 9891.1869700000
  [9,2,540] 7912.9495760000
  [9,2,541] 9891.1869700000
  [9,2,542] 7912.9495760000
  [9,2,543] 9891.1869700000
  [9,2,544] 7912.9495760000
  [9,2,545] 9891.1869700000
  [9,2,546] 7912.9495760000
  [9,2,547] 9891.1869700000
  [9,2,548] 7912.9495760000
  [9,2,549] 9891.1869700000
  [9,2,550] 7912.9495760000
  [9,2,551] 9891.1869700000
  [9,2,552] 7912.9495760000
  [9,2,553] 9891.1869700000
  [9,2,554] 7912.9495760000
  [9,2,555] 9891.1869700000
  [9,2,556] 7912.9495760000
  [9,2,557] 9891.1869700000
  [9,2,558] 7912.9495760000
  [9,2,559] 9891.1869700000
  [9,2,560] 7912.9495760000
  [9,2,561] 9891.1869700000
  [9,2,562] 7912.9495760000
  [9,2,563] 9891.1869700000
  [9,2,564] 7912.9495760000
  [9,2,565] 9891.1869700000
  [9,2,566] 7912.9495760000
  [9,2,567] 9891.1869700000
  [9,2,568] 7912.9495760000
  [9,2,569] 9891.1869700000
  [9,2,570] 7912.9495760000
  [9,2,571] 9891.1869700000
  [9,2,572] 7912.9495760000
  [9,2,573] 9891.1869700000
  [9,2,574] 7912.9495760000
  [9,2,575] 9891.1869700000
  [9,2,576] 7912.9495760000
  [9,2,577] 9891.1869700000
  [9,2,578] 7912.9495760000
  [9,2,579] 9891.1869700000
  [9,2,580] 7912.9495760000
  [9,2,581] 9891.1869700000
  [9,2,582] 9891.1869700000
  [9,2,583] 9891.1869700000
  [9,2,584] 7912.9495759751
  [9,2,585] 9891.1869700000
  [9,2,586] 7912.9495760000
  [9,2,587] 9891.1869700000
  [9,2,588] 7912.9495760000
  [9,2,589] 9891.1869700000
  [9,2,590] 7912.9495760000
  [9,2,591] 9891.1869700000
  [9,2,592] 7912.9495760000
  [9,2,593] 9891.1869700000
  [9,2,594] 7912.9495760000
  [9,2,595] 9891.1869700000
  [9,2,596] 7912.9495760000
  [9,2,597] 9891.1869700000
  [9,2,598] 7912.9495760000
  [9,2,599] 9891.1869700000
  [9,2,600] 7912.9495760000
  [9,2,601] 9891.1869700000
  [9,2,602] 7912.9495760000
  [9,2,603] 9891.1869700000
  [9,2,604] 7912.9495760000
  [9,2,605] 9891.1869700000
  [9,2,606] 7912.9495760000
  [9,2,607] 9891.1869700000
  [9,2,608] 7912.9495760000
  [9,2,609] 9891.1869700000
  [9,2,610] 7912.9495760000
  [9,2,611] 9891.1869700000
  [9,2,612] 7912.9495760000
  [9,2,613] 9891.1869700000
  [9,2,614] 7912.9495760000
  [9,2,615] 9891.1869700000
  [9,2,616] 7912.9495760000
  [9,2,617] 9891.1869700000
  [9,2,618] 7912.9495760000
  [9,2,619] 9891.1869700000
  [9,2,620] 7912.9495760000
  [9,2,621] 9891.1869700000
  [9,2,622] 7912.9495760000
  [9,2,623] 9891.1869700000
  [9,2,624] 7912.9495760000
  [9,2,625] 9891.1869700000
  [9,2,626] 7912.9495760000
  [9,2,627] 9891.1869700000
  [9,2,628] 7912.9495760000
  [9,2,629] 9891.1869700000
  [9,2,630] 7912.9495760000
  [9,2,631] 9891.1869700000
  [9,2,632] 7912.9495760000
  [9,2,633] 9891.1869700000
  [9,2,634] 7912.9495760000
  [9,2,635] 9891.1869700000
  [9,2,636] 7912.9495760000
  [9,2,637] 9891.1869700000
  [9,2,638] 7912.9495760000
  [9,2,639] 9891.1869700000
  [9,2,640] 7912.9495760000
  [9,2,641] 9891.1869700000
  [9,2,642] 7912.9495760000
  [9,2,643] 9891.1869700000
  [9,2,644] 7912.9495760000
  [9,2,645] 9891.1869700000
  [9,2,646] 7912.9495760000
  [9,2,647] 9891.1869700000
  [9,2,648] 7912.9495760000
  [9,2,649] 9891.1869700000
  [9,2,650] 7912.9495760000
  [9,2,651] 9891.1869700000
  [9,2,652] 7912.9495760000
  [9,2,653] 9891.1869700000
  [9,2,654] 7912.9495760000
  [9,2,655] 9891.1869700000
  [9,2,656] 7912.9495760000
  [9,2,657] 7912.9495760000
  [9,2,658] 7912.9495760000
  [9,2,659] 9891.1869700000
  [9,2,660] 7912.9495760000
  [9,2,661] 7912.9495760000
  [9,2,662] 9891.1869700000
  [9,2,663] 7912.9495760000
  [9,2,664] 9891.1869700000
  [9,2,665] 9891.1869700000
  [9,2,666] 9891.1869700000
  [9,2,667] 9891.1869700000
  [9,2,668] 9891.1869700000
  [9,2,669] 9891.1869700000
  [9,2,670] 7912.9495760000
  [9,2,671] 7912.9495760000
  [9,2,672] 7912.9495760000
  [9,2,673] 7912.9495760000
  [9,2,674] 9891.1869700000
  [9,2,675] 9891.1869700000
  [9,2,676] 7912.9495760000
  [9,2,677] 7912.9495760000
  [9,2,678] 7912.9495760000
  [9,2,679] 7912.9495760000
  [9,2,680] 9891.1869700000
  [9,2,681] 7912.9495760000
  [9,2,682] 7912.9495760000
  [9,2,683] 9891.1869700000
  [9,2,684] 9891.1869700000
  [9,2,685] 9891.1869700000
  [9,2,686] 9891.1869700000
  [9,2,687] 7912.9495760000
  [9,2,688] 7912.9495760000
  [9,2,689] 7912.9495760000
  [9,2,690] 9891.1869700000
  [9,2,691] 9891.1869700000
  [9,2,692] 9891.1869700000
  [9,2,693] 7912.9495760000
  [9,2,694] 9891.1869700000
  [9,2,695] 7912.9495760000
  [9,2,696] 9891.1869700000
  [9,2,697] 7912.9495760000
  [9,2,698] 7912.9495760000
  [9,2,699] 9891.1869700000
  [9,2,700] 7912.9495760000
  [9,2,701] 7912.9495760000
  [9,2,702] 7912.9495760000
  [9,2,703] 9891.1869700000
  [9,2,704] 7912.9495760000
  [9,2,705] 9891.1869700000
  [9,2,706] 9891.1869700000
  [9,2,707] 9891.1869700000
  [9,2,708] 7912.9495760000
  [9,2,709] 7912.9495760000
  [9,2,710] 7912.9495760000
  [9,2,711] 9891.1869700000
  [9,2,712] 9891.1869700000
  [9,2,713] 7912.9495760000
  [9,2,714] 9891.1869700000
  [9,2,715] 9891.1869700000
  [9,2,716] 9891.1869700000
  [9,2,717] 9891.1869700000
  [9,2,718] 9891.1869700000
  [9,2,719] 9891.1869700000
  [9,2,720] 9891.1869700000
  [9,3,1] 9891.1869700000
  [9,3,2] 7912.9495760000
  [9,3,3] 7912.9495760000
  [9,3,4] 9891.1869700000
  [9,3,5] 9891.1869700000
  [9,3,6] 9891.1869700000
  [9,3,7] 7912.9495760000
  [9,3,8] 7912.9495760000
  [9,3,9] 9891.1869700000
  [9,3,10] 9891.1869700000
  [9,3,11] 7912.9495760000
  [9,3,12] 9891.1869700000
  [9,3,13] 9891.1869700000
  [9,3,14] 9891.1869700000
  [9,3,15] 9891.1869700000
  [9,3,16] 9891.1869700000
  [9,3,17] 7912.9495760000
  [9,3,18] 9891.1869700000
  [9,3,19] 9891.1869700000
  [9,3,20] 9891.1869700000
  [9,3,21] 7912.9495760000
  [9,3,22] 9891.1869700000
  [9,3,23] 7912.9495760000
  [9,3,24] 9891.1869700000
  [9,3,25] 7912.9495760000
  [9,3,26] 9891.1869700000
  [9,3,27] 7912.9495760000
  [9,3,28] 9891.1869700000
  [9,3,29] 9891.1869700000
  [9,3,30] 9891.1869700000
  [9,3,31] 7912.9495760000
  [9,3,32] 7912.9495760000
  [9,3,33] 7912.9495760000
  [9,3,34] 9891.1869700000
  [9,3,35] 7912.9495760000
  [9,3,36] 9891.1869700000
  [9,3,37] 9891.1869700000
  [9,3,38] 7912.9495760000
  [9,3,39] 7912.9495760000
  [9,3,40] 9891.1869700000
  [9,3,41] 9891.1869700000
  [9,3,42] 9891.1869700000
  [9,3,43] 7912.9495760000
  [9,3,44] 9891.1869700000
  [9,3,45] 9891.1869700000
  [9,3,46] 7912.9495760000
  [9,3,47] 9891.1869700000
  [9,3,48] 9891.1869700000
  [9,3,49] 7912.9495760000
  [9,3,50] 9891.1869700000
  [9,3,51] 7912.9495760000
  [9,3,52] 9891.1869700000
  [9,3,53] 7912.9495760000
  [9,3,54] 7912.9495760000
  [9,3,55] 9891.1869700000
  [9,3,56] 9891.1869700000
  [9,3,57] 7912.9495760000
  [9,3,58] 9891.1869700000
  [9,3,59] 9891.1869700000
  [9,3,60] 7912.9495760000
  [9,3,61] 7912.9495760000
  [9,3,62] 7912.9495760000
  [9,3,63] 7912.9495760000
  [9,3,64] 9891.1869700000
  [9,3,65] 7912.9495760000
  [9,3,66] 7912.9495760000
  [9,3,67] 7912.9495760000
  [9,3,68] 7912.9495760000
  [9,3,69] 7912.9495760000
  [9,3,70] 7912.9495760000
  [9,3,71] 7912.9495760000
  [9,3,72] 9891.1869700000
  [9,3,73] 9891.1869700000
  [9,3,74] 7912.9495760000
  [9,3,75] 9891.1869700000
  [9,3,76] 7912.9495760000
  [9,3,77] 9891.1869700000
  [9,3,78] 9891.1869700000
  [9,3,79] 9891.1869700000
  [9,3,80] 7912.9495760000
  [9,3,81] 9891.1869700000
  [9,3,82] 7912.9495760000
  [9,3,83] 9891.1869700000
  [9,3,84] 7912.9495760000
  [9,3,85] 9891.1869700000
  [9,3,86] 7912.9495760000
  [9,3,87] 9891.1869700000
  [9,3,88] 7912.9495760000
  [9,3,89] 7912.9495760000
  [9,3,90] 9891.1869700000
  [9,3,91] 9891.1869700000
  [9,3,92] 7912.9495760000
  [9,3,93] 9891.1869700000
  [9,3,94] 7912.9495760000
  [9,3,95] 7912.9495760000
  [9,3,96] 9891.1869700000
  [9,3,97] 7912.9495760000
  [9,3,98] 7912.9495760000
  [9,3,99] 9891.1869700000
  [9,3,100] 9891.1869700000
  [9,3,101] 7912.9495760000
  [9,3,102] 7912.9495760000
  [9,3,103] 9891.1869700000
  [9,3,104] 7912.9495760000
  [9,3,105] 7912.9495760000
  [9,3,106] 7912.9495760000
  [9,3,107] 7912.9495760000
  [9,3,108] 7912.9495760000
  [9,3,109] 9891.1869700000
  [9,3,110] 7912.9495760000
  [9,3,111] 9891.1869700000
  [9,3,112] 9891.1869700000
  [9,3,113] 9891.1869700000
  [9,3,114] 7912.9495760000
  [9,3,115] 9891.1869700000
  [9,3,116] 9891.1869700000
  [9,3,117] 7912.9495760000
  [9,3,118] 7912.9495760000
  [9,3,119] 7912.9495760000
  [9,3,120] 7912.9495760000
  [9,3,121] 9891.1869700000
  [9,3,122] 7912.9495760000
  [9,3,123] 7912.9495760000
  [9,3,124] 9891.1869700000
  [9,3,125] 7912.9495760000
  [9,3,126] 9891.1869700000
  [9,3,127] 9891.1869700000
  [9,3,128] 7912.9495760000
  [9,3,129] 7912.9495760000
  [9,3,130] 9891.1869700000
  [9,3,131] 7912.9495760000
  [9,3,132] 7912.9495760000
  [9,3,133] 7912.9495760000
  [9,3,134] 9891.1869700000
  [9,3,135] 9891.1869700000
  [9,3,136] 9891.1869700000
  [9,3,137] 7912.9495760000
  [9,3,138] 9891.1869700000
  [9,3,139] 9891.1869700000
  [9,3,140] 9891.1869700000
  [9,3,141] 9891.1869700000
  [9,3,142] 9891.1869700000
  [9,3,143] 7912.9495760000
  [9,3,144] 9891.1869700000
  [9,3,145] 7912.9495760000
  [9,3,146] 9891.1869700000
  [9,3,147] 7912.9495760000
  [9,3,148] 9891.1869700000
  [9,3,149] 9891.1869700000
  [9,3,150] 7912.9495760000
  [9,3,151] 7912.9495760000
  [9,3,152] 7912.9495760000
  [9,3,153] 9891.1869700000
  [9,3,154] 7912.9495760000
  [9,3,155] 9891.1869700000
  [9,3,156] 7912.9495760000
  [9,3,157] 7912.9495760000
  [9,3,158] 9891.1869700000
  [9,3,159] 9891.1869700000
  [9,3,160] 7912.9495760000
  [9,3,161] 9891.1869700000
  [9,3,162] 7912.9495760000
  [9,3,163] 7912.9495760000
  [9,3,164] 7912.9495760000
  [9,3,165] 9891.1869700000
  [9,3,166] 7912.9495760000
  [9,3,167] 9891.1869700000
  [9,3,168] 7912.9495760000
  [9,3,169] 9891.1869700000
  [9,3,170] 7912.9495760000
  [9,3,171] 9891.1869700000
  [9,3,172] 7912.9495760000
  [9,3,173] 9891.1869700000
  [9,3,174] 7912.9495760000
  [9,3,175] 9891.1869700000
  [9,3,176] 7912.9495760000
  [9,3,177] 7912.9495760000
  [9,3,178] 9891.1869700000
  [9,3,179] 7912.9495760000
  [9,3,180] 9891.1869700000
  [9,3,181] 7912.9495760000
  [9,3,182] 9891.1869700000
  [9,3,183] 7912.9495760000
  [9,3,184] 9891.1869700000
  [9,3,185] 7912.9495760000
  [9,3,186] 9891.1869700000
  [9,3,187] 7912.9495760000
  [9,3,188] 9891.1869700000
  [9,3,189] 7912.9495760000
  [9,3,190] 9891.1869700000
  [9,3,191] 7912.9495760000
  [9,3,192] 9891.1869700000
  [9,3,193] 7912.9495760000
  [9,3,194] 9891.1869700000
  [9,3,195] 7912.9495760000
  [9,3,196] 9891.1869700000
  [9,3,197] 7912.9495760000
  [9,3,198] 9891.1869700000
  [9,3,199] 7912.9495760000
  [9,3,200] 9891.1869700000
  [9,3,201] 9891.1869700000
  [9,3,202] 9891.1869700000
  [9,3,203] 7912.9495760000
  [9,3,204] 9891.1869700000
  [9,3,205] 7912.9495760000
  [9,3,206] 9891.1869700000
  [9,3,207] 7912.9495760000
  [9,3,208] 9891.1869700000
  [9,3,209] 7912.9495760000
  [9,3,210] 9891.1869700000
  [9,3,211] 7912.9495760000
  [9,3,212] 9891.1869700000
  [9,3,213] 7912.9495760000
  [9,3,214] 9891.1869700000
  [9,3,215] 7912.9495760000
  [9,3,216] 9891.1869700000
  [9,3,217] 7912.9495760000
  [9,3,218] 9891.1869700000
  [9,3,219] 7912.9495760000
  [9,3,220] 7912.9495760000
  [9,3,221] 9891.1869700000
  [9,3,222] 7912.9495760000
  [9,3,223] 9891.1869700000
  [9,3,224] 7912.9495760000
  [9,3,225] 9891.1869700000
  [9,3,226] 7912.9495760000
  [9,3,227] 9891.1869700000
  [9,3,228] 7912.9495760000
  [9,3,229] 9891.1869700000
  [9,3,230] 7912.9495760000
  [9,3,231] 9891.1869700000
  [9,3,232] 7912.9495760000
  [9,3,233] 9891.1869700000
  [9,3,234] 7912.9495760000
  [9,3,235] 9891.1869700000
  [9,3,236] 7912.9495760000
  [9,3,237] 9891.1869700000
  [9,3,238] 7912.9495760000
  [9,3,239] 9891.1869700000
  [9,3,240] 7912.9495760000
  [9,3,241] 9891.1869700000
  [9,3,242] 7912.9495760000
  [9,3,243] 9891.1869700000
  [9,3,244] 7912.9495760000
  [9,3,245] 9891.1869700000
  [9,3,246] 7912.9495760000
  [9,3,247] 9891.1869700000
  [9,3,248] 7912.9495760000
  [9,3,249] 7912.9495760000
  [9,3,250] 9891.1869700000
  [9,3,251] 9891.1869700000
  [9,3,252] 7912.9495760000
  [9,3,253] 9891.1869700000
  [9,3,254] 7912.9495760000
  [9,3,255] 9891.1869700000
  [9,3,256] 7912.9495760000
  [9,3,257] 7912.9495760000
  [9,3,258] 9891.1869700000
  [9,3,259] 9891.1869700000
  [9,3,260] 7912.9495760000
  [9,3,261] 9891.1869700000
  [9,3,262] 7912.9495760000
  [9,3,263] 9891.1869700000
  [9,3,264] 7912.9495760000
  [9,3,265] 9891.1869700000
  [9,3,266] 7912.9495760000
  [9,3,267] 9891.1869700000
  [9,3,268] 7912.9495760000
  [9,3,269] 9891.1869700000
  [9,3,270] 7912.9495760000
  [9,3,271] 9891.1869700000
  [9,3,272] 7912.9495760000
  [9,3,273] 7912.9495760000
  [9,3,274] 9891.1869700000
  [9,3,275] 7912.9495760000
  [9,3,276] 9891.1869700000
  [9,3,277] 7912.9495760000
  [9,3,278] 9891.1869700000
  [9,3,279] 7912.9495760000
  [9,3,280] 9891.1869700000
  [9,3,281] 7912.9495760000
  [9,3,282] 9891.1869700000
  [9,3,283] 7912.9495760000
  [9,3,284] 9891.1869700000
  [9,3,285] 7912.9495760000
  [9,3,286] 9891.1869700000
  [9,3,287] 7912.9495760000
  [9,3,288] 9891.1869700000
  [9,3,289] 7912.9495760000
  [9,3,290] 7912.9495760000
  [9,3,291] 9891.1869700000
  [9,3,292] 7912.9495760000
  [9,3,293] 9891.1869700000
  [9,3,294] 7912.9495760000
  [9,3,295] 9891.1869700000
  [9,3,296] 9891.1869700000
  [9,3,297] 9891.1869700000
  [9,3,298] 7912.9495760000
  [9,3,299] 9891.1869700000
  [9,3,300] 7912.9495760000
  [9,3,301] 9891.1869700000
  [9,3,302] 7912.9495760000
  [9,3,303] 9891.1869700000
  [9,3,304] 7912.9495760000
  [9,3,305] 9891.1869700000
  [9,3,306] 7912.9495760000
  [9,3,307] 9891.1869700000
  [9,3,308] 7912.9495760000
  [9,3,309] 9891.1869700000
  [9,3,310] 7912.9495760000
  [9,3,311] 9891.1869700000
  [9,3,312] 7912.9495760000
  [9,3,313] 9891.1869700000
  [9,3,314] 7912.9495760000
  [9,3,315] 9891.1869700000
  [9,3,316] 7912.9495760000
  [9,3,317] 9891.1869700000
  [9,3,318] 7912.9495760000
  [9,3,319] 9891.1869700000
  [9,3,320] 7912.9495760000
  [9,3,321] 9891.1869700000
  [9,3,322] 7912.9495760000
  [9,3,323] 9891.1869700000
  [9,3,324] 7912.9495760000
  [9,3,325] 9891.1869700000
  [9,3,326] 7912.9495760000
  [9,3,327] 9891.1869700000
  [9,3,328] 7912.9495760000
  [9,3,329] 9891.1869700000
  [9,3,330] 7912.9495760000
  [9,3,331] 9891.1869700000
  [9,3,332] 7912.9495760000
  [9,3,333] 9891.1869700000
  [9,3,334] 7912.9495760000
  [9,3,335] 9891.1869700000
  [9,3,336] 7912.9495760000
  [9,3,337] 9891.1869700000
  [9,3,338] 7912.9495760000
  [9,3,339] 9891.1869700000
  [9,3,340] 7912.9495760000
  [9,3,341] 9891.1869700000
  [9,3,342] 7912.9495760000
  [9,3,343] 9891.1869700000
  [9,3,344] 7912.9495760000
  [9,3,345] 9891.1869700000
  [9,3,346] 7912.9495760000
  [9,3,347] 9891.1869700000
  [9,3,348] 7912.9495760000
  [9,3,349] 9891.1869700000
  [9,3,350] 7912.9495760000
  [9,3,351] 9891.1869700000
  [9,3,352] 7912.9495760000
  [9,3,353] 9891.1869700000
  [9,3,354] 7912.9495760000
  [9,3,355] 9891.1869700000
  [9,3,356] 7912.9495760000
  [9,3,357] 9891.1869700000
  [9,3,358] 7912.9495760000
  [9,3,359] 9891.1869700000
  [9,3,360] 7912.9495760000
  [9,3,361] 9891.1869700000
  [9,3,362] 7912.9495760000
  [9,3,363] 9891.1869700000
  [9,3,364] 7912.9495760000
  [9,3,365] 9891.1869700000
  [9,3,366] 7912.9495760000
  [9,3,367] 9891.1869700000
  [9,3,368] 7912.9495760000
  [9,3,369] 9891.1869700000
  [9,3,370] 7912.9495760000
  [9,3,371] 9891.1869700000
  [9,3,372] 7912.9495760000
  [9,3,373] 9891.1869700000
  [9,3,374] 7912.9495760000
  [9,3,375] 9891.1869700000
  [9,3,376] 7912.9495760000
  [9,3,377] 9891.1869700000
  [9,3,378] 7912.9495760000
  [9,3,379] 9891.1869700000
  [9,3,380] 7912.9495760000
  [9,3,381] 9891.1869700000
  [9,3,382] 7912.9495760000
  [9,3,383] 9891.1869700000
  [9,3,384] 7912.9495760000
  [9,3,385] 9891.1869700000
  [9,3,386] 7912.9495760000
  [9,3,387] 9891.1869700000
  [9,3,388] 7912.9495760000
  [9,3,389] 9891.1869700000
  [9,3,390] 7912.9495760000
  [9,3,391] 9891.1869700000
  [9,3,392] 7912.9495760000
  [9,3,393] 9891.1869700000
  [9,3,394] 7912.9495760000
  [9,3,395] 9891.1869700000
  [9,3,396] 7912.9495760000
  [9,3,397] 9891.1869700000
  [9,3,398] 7912.9495760000
  [9,3,399] 9891.1869700000
  [9,3,400] 7912.9495760000
  [9,3,401] 9891.1869700000
  [9,3,402] 7912.9495760000
  [9,3,403] 9891.1869700000
  [9,3,404] 7912.9495760000
  [9,3,405] 9891.1869700000
  [9,3,406] 7912.9495760000
  [9,3,407] 9891.1869700000
  [9,3,408] 7912.9495760000
  [9,3,409] 9891.1869700000
  [9,3,410] 7912.9495760000
  [9,3,411] 9891.1869700000
  [9,3,412] 7912.9495760000
  [9,3,413] 9891.1869700000
  [9,3,414] 7912.9495760000
  [9,3,415] 9891.1869700000
  [9,3,416] 7912.9495760000
  [9,3,417] 9891.1869700000
  [9,3,418] 7912.9495760000
  [9,3,419] 9891.1869700000
  [9,3,420] 7912.9495760000
  [9,3,421] 9891.1869700000
  [9,3,422] 7912.9495760000
  [9,3,423] 9891.1869700000
  [9,3,424] 7912.9495760000
  [9,3,425] 9891.1869700000
  [9,3,426] 7912.9495760000
  [9,3,427] 9891.1869700000
  [9,3,428] 7912.9495760000
  [9,3,429] 9891.1869700000
  [9,3,430] 7912.9495760000
  [9,3,431] 9891.1869700000
  [9,3,432] 7912.9495760000
  [9,3,433] 9891.1869700000
  [9,3,434] 7912.9495760000
  [9,3,435] 9891.1869700000
  [9,3,436] 7912.9495760000
  [9,3,437] 9891.1869700000
  [9,3,438] 7912.9495760000
  [9,3,439] 9891.1869700000
  [9,3,440] 7912.9495760000
  [9,3,441] 9891.1869700000
  [9,3,442] 7912.9495760000
  [9,3,443] 9891.1869700000
  [9,3,444] 7912.9495760000
  [9,3,445] 9891.1869700000
  [9,3,446] 7912.9495760000
  [9,3,447] 9891.1869700000
  [9,3,448] 7912.9495760000
  [9,3,449] 9891.1869700000
  [9,3,450] 7912.9495760000
  [9,3,451] 9891.1869700000
  [9,3,452] 7912.9495760000
  [9,3,453] 9891.1869700000
  [9,3,454] 7912.9495760000
  [9,3,455] 9891.1869700000
  [9,3,456] 7912.9495760000
  [9,3,457] 9891.1869700000
  [9,3,458] 7912.9495760000
  [9,3,459] 9891.1869700000
  [9,3,460] 7912.9495760000
  [9,3,461] 9891.1869700000
  [9,3,462] 7912.9495760000
  [9,3,463] 9891.1869700000
  [9,3,464] 7912.9495760000
  [9,3,465] 9891.1869700000
  [9,3,466] 7912.9495760000
  [9,3,467] 9891.1869700000
  [9,3,468] 7912.9495760000
  [9,3,469] 9891.1869700000
  [9,3,470] 7912.9495760000
  [9,3,471] 9891.1869700000
  [9,3,472] 7912.9495760000
  [9,3,473] 9891.1869700000
  [9,3,474] 7912.9495760000
  [9,3,475] 9891.1869700000
  [9,3,476] 7912.9495760000
  [9,3,477] 9891.1869700000
  [9,3,478] 7912.9495760000
  [9,3,479] 9891.1869700000
  [9,3,480] 7912.9495760000
  [9,3,481] 9891.1869700000
  [9,3,482] 7912.9495760000
  [9,3,483] 9891.1869700000
  [9,3,484] 7912.9495760000
  [9,3,485] 9891.1869700000
  [9,3,486] 7912.9495760000
  [9,3,487] 9891.1869700000
  [9,3,488] 7912.9495760000
  [9,3,489] 7912.9495760000
  [9,3,490] 9891.1869700000
  [9,3,491] 7912.9495760000
  [9,3,492] 9891.1869700000
  [9,3,493] 7912.9495760000
  [9,3,494] 9891.1869700000
  [9,3,495] 7912.9495760000
  [9,3,496] 9891.1869700000
  [9,3,497] 7912.9495760000
  [9,3,498] 9891.1869700000
  [9,3,499] 7912.9495760000
  [9,3,500] 9891.1869700000
  [9,3,501] 7912.9495760000
  [9,3,502] 9891.1869700000
  [9,3,503] 7912.9495760000
  [9,3,504] 9891.1869700000
  [9,3,505] 7912.9495760000
  [9,3,506] 9891.1869700000
  [9,3,507] 7912.9495760000
  [9,3,508] 9891.1869700000
  [9,3,509] 7912.9495760000
  [9,3,510] 9891.1869700000
  [9,3,511] 7912.9495760000
  [9,3,512] 9891.1869700000
  [9,3,513] 7912.9495760000
  [9,3,514] 9891.1869700000
  [9,3,515] 7912.9495760000
  [9,3,516] 9891.1869700000
  [9,3,517] 7912.9495760000
  [9,3,518] 9891.1869700000
  [9,3,519] 7912.9495760000
  [9,3,520] 9891.1869700000
  [9,3,521] 7912.9495760000
  [9,3,522] 9891.1869700000
  [9,3,523] 7912.9495760000
  [9,3,524] 9891.1869700000
  [9,3,525] 7912.9495760000
  [9,3,526] 9891.1869700000
  [9,3,527] 7912.9495760000
  [9,3,528] 9891.1869700000
  [9,3,529] 7912.9495760000
  [9,3,530] 9891.1869700000
  [9,3,531] 7912.9495760000
  [9,3,532] 9891.1869700000
  [9,3,533] 7912.9495760000
  [9,3,534] 9891.1869700000
  [9,3,535] 7912.9495760000
  [9,3,536] 9891.1869700000
  [9,3,537] 7912.9495760000
  [9,3,538] 9891.1869700000
  [9,3,539] 7912.9495760000
  [9,3,540] 9891.1869700000
  [9,3,541] 7912.9495760000
  [9,3,542] 9891.1869700000
  [9,3,543] 7912.9495760000
  [9,3,544] 9891.1869700000
  [9,3,545] 7912.9495760000
  [9,3,546] 9891.1869700000
  [9,3,547] 7912.9495760000
  [9,3,548] 9891.1869700000
  [9,3,549] 7912.9495760000
  [9,3,550] 9891.1869700000
  [9,3,551] 7912.9495760000
  [9,3,552] 9891.1869700000
  [9,3,553] 7912.9495760000
  [9,3,554] 9891.1869700000
  [9,3,555] 7912.9495760000
  [9,3,556] 9891.1869700000
  [9,3,557] 7912.9495760000
  [9,3,558] 9891.1869700000
  [9,3,559] 7912.9495760000
  [9,3,560] 9891.1869700000
  [9,3,561] 7912.9495760000
  [9,3,562] 9891.1869700000
  [9,3,563] 7912.9495760000
  [9,3,564] 9891.1869700000
  [9,3,565] 7912.9495760000
  [9,3,566] 9891.1869700000
  [9,3,567] 7912.9495760000
  [9,3,568] 9891.1869700000
  [9,3,569] 7912.9495760000
  [9,3,570] 9891.1869700000
  [9,3,571] 7912.9495760000
  [9,3,572] 9891.1869700000
  [9,3,573] 7912.9495760000
  [9,3,574] 9891.1869700000
  [9,3,575] 7912.9495760000
  [9,3,576] 9891.1869700000
  [9,3,577] 7912.9495760000
  [9,3,578] 9891.1869700000
  [9,3,579] 7912.9495760000
  [9,3,580] 9891.1869700000
  [9,3,581] 7912.9495760000
  [9,3,582] 9891.1869700000
  [9,3,583] 7912.9495760000
  [9,3,584] 9891.1869700000
  [9,3,585] 7912.9495760000
  [9,3,586] 9891.1869700000
  [9,3,587] 7912.9495760000
  [9,3,588] 9891.1869700000
  [9,3,589] 7912.9495760000
  [9,3,590] 9891.1869700000
  [9,3,591] 7912.9495760000
  [9,3,592] 9891.1869700000
  [9,3,593] 9891.1869700000
  [9,3,594] 7912.9495760000
  [9,3,595] 9891.1869700000
  [9,3,596] 7912.9495760000
  [9,3,597] 9891.1869700000
  [9,3,598] 7912.9495760000
  [9,3,599] 9891.1869700000
  [9,3,600] 7912.9495760000
  [9,3,601] 9891.1869700000
  [9,3,602] 7912.9495760000
  [9,3,603] 9891.1869700000
  [9,3,604] 7912.9495760000
  [9,3,605] 9891.1869700000
  [9,3,606] 7912.9495760000
  [9,3,607] 9891.1869700000
  [9,3,608] 7912.9495760000
  [9,3,609] 9891.1869700000
  [9,3,610] 7912.9495760000
  [9,3,611] 9891.1869700000
  [9,3,612] 7912.9495760000
  [9,3,613] 9891.1869700000
  [9,3,614] 7912.9495760000
  [9,3,615] 9891.1869700000
  [9,3,616] 7912.9495760000
  [9,3,617] 9891.1869700000
  [9,3,618] 7912.9495760000
  [9,3,619] 9891.1869700000
  [9,3,620] 7912.9495760000
  [9,3,621] 9891.1869700000
  [9,3,622] 7912.9495760000
  [9,3,623] 9891.1869700000
  [9,3,624] 7912.9495760000
  [9,3,625] 9891.1869700000
  [9,3,626] 7912.9495760000
  [9,3,627] 9891.1869700000
  [9,3,628] 7912.9495760000
  [9,3,629] 9891.1869700000
  [9,3,630] 7912.9495760000
  [9,3,631] 9891.1869700000
  [9,3,632] 7912.9495760000
  [9,3,633] 9891.1869700000
  [9,3,634] 7912.9495760000
  [9,3,635] 9891.1869700000
  [9,3,636] 7912.9495760000
  [9,3,637] 9891.1869700000
  [9,3,638] 7912.9495760000
  [9,3,639] 9891.1869700000
  [9,3,640] 7912.9495760000
  [9,3,641] 9891.1869700000
  [9,3,642] 7912.9495760000
  [9,3,643] 9891.1869700000
  [9,3,644] 7912.9495760000
  [9,3,645] 9891.1869700000
  [9,3,646] 7912.9495760000
  [9,3,647] 9891.1869700000
  [9,3,648] 7912.9495760000
  [9,3,649] 9891.1869700000
  [9,3,650] 7912.9495760000
  [9,3,651] 9891.1869700000
  [9,3,652] 7912.9495760000
  [9,3,653] 9891.1869700000
  [9,3,654] 7912.9495760000
  [9,3,655] 9891.1869700000
  [9,3,656] 7912.9495760000
  [9,3,657] 9891.1869700000
  [9,3,658] 7912.9495760000
  [9,3,659] 9891.1869700000
  [9,3,660] 7912.9495760000
  [9,3,661] 9891.1869700000
  [9,3,662] 7912.9495760000
  [9,3,663] 9891.1869700000
  [9,3,664] 7912.9495760000
  [9,3,665] 7912.9495760000
  [9,3,666] 9891.1869700000
  [9,3,667] 7912.9495760000
  [9,3,668] 9891.1869700000
  [9,3,669] 9891.1869700000
  [9,3,670] 9891.1869700000
  [9,3,671] 7912.9495760000
  [9,3,672] 9891.1869700000
  [9,3,673] 7912.9495760000
  [9,3,674] 9891.1869700000
  [9,3,675] 7912.9495760000
  [9,3,676] 7912.9495760000
  [9,3,677] 7912.9495760000
  [9,3,678] 7912.9495760000
  [9,3,679] 9891.1869700000
  [9,3,680] 9891.1869700000
  [9,3,681] 7912.9495760000
  [9,3,682] 7912.9495760000
  [9,3,683] 9891.1869700000
  [9,3,684] 7912.9495760000
  [9,3,685] 9891.1869700000
  [9,3,686] 7912.9495760000
  [9,3,687] 9891.1869700000
  [9,3,688] 7912.9495759737
  [9,3,689] 9891.1869700000
  [9,3,690] 9891.1869700000
  [9,3,691] 7912.9495760000
  [9,3,692] 7912.9495760000
  [9,3,693] 7912.9495760000
  [9,3,694] 9891.1869700000
  [9,3,695] 7912.9495760000
  [9,3,696] 9891.1869700000
  [9,3,697] 7912.9495760000
  [9,3,698] 7912.9495760000
  [9,3,699] 7912.9495760000
  [9,3,700] 9891.1869700000
  [9,3,701] 9891.1869700000
  [9,3,702] 9891.1869700000
  [9,3,703] 7912.9495760000
  [9,3,704] 7912.9495760000
  [9,3,705] 9891.1869700000
  [9,3,706] 7912.9495760000
  [9,3,707] 7912.9495760000
  [9,3,708] 9891.1869700000
  [9,3,709] 9891.1869700000
  [9,3,710] 7912.9495760000
  [9,3,711] 7912.9495760000
  [9,3,712] 9891.1869700000
  [9,3,713] 9891.1869700000
  [9,3,714] 9891.1869700000
  [9,3,715] 9891.1869700000
  [9,3,716] 9891.1869700000
  [9,3,717] 9891.1869700000
  [9,3,718] 7912.9495760000
  [9,3,719] 7912.9495760000
  [9,3,720] 9891.1869700000
;

param BASE_PV :=
  [3,1,1] 0.0000000000
  [3,1,2] 0.0000000000
  [3,1,3] 0.0000000000
  [3,1,4] 0.0000000000
  [3,1,5] 0.0000000000
  [3,1,6] 0.0000000000
  [3,1,7] 0.0000000000
  [3,1,8] 0.0000000000
  [3,1,9] 0.0000000000
  [3,1,10] 0.0000000000
  [3,1,11] 0.0000000000
  [3,1,12] 0.0000000000
  [3,1,13] 0.0000000000
  [3,1,14] 0.0000000000
  [3,1,15] 0.0000000000
  [3,1,16] 0.0000000000
  [3,1,17] 0.0000000000
  [3,1,18] 0.0000000000
  [3,1,19] 0.0000000000
  [3,1,20] 0.0000000000
  [3,1,21] 0.0000000000
  [3,1,22] 0.0000000000
  [3,1,23] 0.0000000000
  [3,1,24] 0.0000000000
  [3,1,25] 0.0000000000
  [3,1,26] 0.0000000000
  [3,1,27] 0.0000000000
  [3,1,28] 0.0000000000
  [3,1,29] 0.0000000000
  [3,1,30] 0.0000000000
  [3,1,31] 0.0000000000
  [3,1,32] 0.0000000000
  [3,1,33] 0.0000000000
  [3,1,34] 8.1040400000
  [3,1,35] 0.0000000000
  [3,1,36] 0.0000000000
  [3,1,37] 13.8140718007
  [3,1,38] 54.7612800000
  [3,1,39] 47.2307118007
  [3,1,40] 54.5252400000
  [3,1,41] 40.3028718007
  [3,1,42] 35.7207200000
  [3,1,43] 5.2561518007
  [3,1,44] 0.0000000000
  [3,1,45] 0.0000000000
  [3,1,46] 0.0000000000
  [3,1,47] 0.0000000000
  [3,1,48] 0.0000000000
  [3,1,49] 0.0000000000
  [3,1,50] 0.0000000000
  [3,1,51] 0.0000000000
  [3,1,52] 0.0000000000
  [3,1,53] 0.0000000000
  [3,1,54] 0.0000000000
  [3,1,55] 0.0000000000
  [3,1,56] 0.0000000000
  [3,1,57] 0.2360400000
  [3,1,58] 0.0000000000
  [3,1,59] 0.0000000000
  [3,1,60] 0.0000000000
  [3,1,61] 0.0000000000
  [3,1,62] 0.0000000000
  [3,1,63] 0.0000000000
  [3,1,64] 55.0760000000
  [3,1,65] 49.0963200000
  [3,1,66] 36.8222400000
  [3,1,67] 0.0000000000
  [3,1,68] 0.0000000000
  [3,1,69] 0.0000000000
  [3,1,70] 0.0000000000
  [3,1,71] 0.0000000000
  [3,1,72] 0.0000000000
  [3,1,73] 0.0000000000
  [3,1,74] 0.0000000000
  [3,1,75] 0.0000000000
  [3,1,76] 0.0000000000
  [3,1,77] 0.0000000000
  [3,1,78] 0.0000000000
  [3,1,79] 0.0000000000
  [3,1,80] 0.0000000000
  [3,1,81] 0.1573600000
  [3,1,82] 0.0000000000
  [3,1,83] 0.0000000000
  [3,1,84] 0.0000000000
  [3,1,85] 0.0000000000
  [3,1,86] 0.0000000000
  [3,1,87] 0.0000000000
  [3,1,88] 0.0000000000
  [3,1,89] 0.0000000000
  [3,1,90] 0.0000000000
  [3,1,91] 0.0000000000
  [3,1,92] 0.0000000000
  [3,1,93] 0.0000000000
  [3,1,94] 0.0000000000
  [3,1,95] 0.0000000000
  [3,1,96] 0.0000000000
  [3,1,97] 0.0000000000
  [3,1,98] 0.0000000000
  [3,1,99] 0.0000000000
  [3,1,100] 0.0000000000
  [3,1,101] 0.0000000000
  [3,1,102] 0.0000000000
  [3,1,103] 0.0000000000
  [3,1,104] 0.0000000000
  [3,1,105] 0.0000000000
  [3,1,106] 0.0000000000
  [3,1,107] 0.0000000000
  [3,1,108] 0.0000000000
  [3,1,109] 0.0000000000
  [3,1,110] 0.0000000000
  [3,1,111] 0.0000000000
  [3,1,112] 0.0000000000
  [3,1,113] 0.0000000000
  [3,1,114] 0.0000000000
  [3,1,115] 0.0000000000
  [3,1,116] 0.0000000000
  [3,1,117] 0.0000000000
  [3,1,118] 0.0000000000
  [3,1,119] 0.0000000000
  [3,1,120] 0.0000000000
  [3,1,121] 0.0000000000
  [3,1,122] 0.0000000000
  [3,1,123] 0.0000000000
  [3,1,124] 0.0000000000
  [3,1,125] 0.0000000000
  [3,1,126] 0.0000000000
  [3,1,127] 0.0000000000
  [3,1,128] 0.0000000000
  [3,1,129] 0.0000000000
  [3,1,130] 0.0000000000
  [3,1,131] 0.0000000000
  [3,1,132] 0.0000000000
  [3,1,133] 0.0000000000
  [3,1,134] 0.0000000000
  [3,1,135] 0.0000000000
  [3,1,136] 0.0000000000
  [3,1,137] 0.0000000000
  [3,1,138] 0.0000000000
  [3,1,139] 0.0000000000
  [3,1,140] 0.0000000000
  [3,1,141] 0.0000000000
  [3,1,142] 0.0000000000
  [3,1,143] 0.0000000000
  [3,1,144] 0.0000000000
  [3,1,145] 0.0000000000
  [3,1,146] 0.0000000000
  [3,1,147] 0.0000000000
  [3,1,148] 0.0000000000
  [3,1,149] 0.0000000000
  [3,1,150] 0.0000000000
  [3,1,151] 0.0000000000
  [3,1,152] 0.0000000000
  [3,1,153] 0.0000000000
  [3,1,154] 0.0000000000
  [3,1,155] 0.0000000000
  [3,1,156] 0.0000000000
  [3,1,157] 0.0000000000
  [3,1,158] 16.0427219258
  [3,1,159] 34.5778834620
  [3,1,160] 55.4694000000
  [3,1,161] 48.9389600000
  [3,1,162] 5.0396819258
  [3,1,163] 0.0000000000
  [3,1,164] 0.0000000000
  [3,1,165] 0.0000000000
  [3,1,166] 0.0000000000
  [3,1,167] 0.0000000000
  [3,1,168] 0.0000000000
  [3,1,169] 0.0000000000
  [3,1,170] 0.0000000000
  [3,1,171] 0.0000000000
  [3,1,172] 0.0000000000
  [3,1,173] 0.0000000000
  [3,1,174] 0.0000000000
  [3,1,175] 0.0000000000
  [3,1,176] 0.0000000000
  [3,1,177] 0.0786800000
  [3,1,178] 0.0000000000
  [3,1,179] 0.0000000000
  [3,1,180] 0.0000000000
  [3,1,181] 0.0000000000
  [3,1,182] 0.0000000000
  [3,1,183] 0.0000000000
  [3,1,184] 0.0000000000
  [3,1,185] 0.0000000000
  [3,1,186] 0.0000000000
  [3,1,187] 0.0000000000
  [3,1,188] 0.0000000000
  [3,1,189] 0.0000000000
  [3,1,190] 0.0000000000
  [3,1,191] 0.0000000000
  [3,1,192] 0.0000000000
  [3,1,193] 0.0000000000
  [3,1,194] 0.0000000000
  [3,1,195] 0.0000000000
  [3,1,196] 0.0000000000
  [3,1,197] 0.0000000000
  [3,1,198] 0.0000000000
  [3,1,199] 0.0000000000
  [3,1,200] 0.0000000000
  [3,1,201] 0.0000000000
  [3,1,202] 0.0000000000
  [3,1,203] 0.0000000000
  [3,1,204] 0.0000000000
  [3,1,205] 0.0000000000
  [3,1,206] 49.0176400000
  [3,1,207] 19.7104019258
  [3,1,208] 46.8932800000
  [3,1,209] 12.7825619258
  [3,1,210] 0.0000000000
  [3,1,211] 0.0000000000
  [3,1,212] 0.0000000000
  [3,1,213] 0.0000000000
  [3,1,214] 0.0000000000
  [3,1,215] 0.0000000000
  [3,1,216] 0.0000000000
  [3,1,217] 0.0000000000
  [3,1,218] 0.0000000000
  [3,1,219] 0.0000000000
  [3,1,220] 0.0000000000
  [3,1,221] 0.0000000000
  [3,1,222] 0.0000000000
  [3,1,223] 0.0000000000
  [3,1,224] 0.0000000000
  [3,1,225] 0.0000000000
  [3,1,226] 4.6421200000
  [3,1,227] 15.1065600000
  [3,1,228] 28.6395200000
  [3,1,229] 39.4973600000
  [3,1,230] 44.6902400000
  [3,1,231] 45.9491200000
  [3,1,232] 42.8019200000
  [3,1,233] 36.2714800000
  [3,1,234] 26.7512000000
  [3,1,235] 15.4212800000
  [3,1,236] 5.6649600000
  [3,1,237] 0.0000000000
  [3,1,238] 0.0000000000
  [3,1,239] 0.0000000000
  [3,1,240] 0.0000000000
  [3,1,241] 0.0000000000
  [3,1,242] 0.0000000000
  [3,1,243] 0.0000000000
  [3,1,244] 0.0000000000
  [3,1,245] 0.0000000000
  [3,1,246] 0.0000000000
  [3,1,247] 0.0000000000
  [3,1,248] 0.0000000000
  [3,1,249] 0.0000000000
  [3,1,250] 5.3502400000
  [3,1,251] 0.0000000000
  [3,1,252] 0.0000000000
  [3,1,253] 0.0000000000
  [3,1,254] 34.6192000000
  [3,1,255] 27.4532819258
  [3,1,256] 36.6648800000
  [3,1,257] 34.2258000000
  [3,1,258] 29.2689600000
  [3,1,259] 0.0000000000
  [3,1,260] 0.0000000000
  [3,1,261] 0.0000000000
  [3,1,262] 0.0000000000
  [3,1,263] 0.0000000000
  [3,1,264] 0.0000000000
  [3,1,265] 0.0000000000
  [3,1,266] 0.0000000000
  [3,1,267] 0.0000000000
  [3,1,268] 0.0000000000
  [3,1,269] 0.0000000000
  [3,1,270] 0.0000000000
  [3,1,271] 0.0000000000
  [3,1,272] 0.0000000000
  [3,1,273] 0.0000000000
  [3,1,274] 0.0000000000
  [3,1,275] 0.0000000000
  [3,1,276] 0.0000000000
  [3,1,277] 0.0000000000
  [3,1,278] 0.0000000000
  [3,1,279] 0.0000000000
  [3,1,280] 0.0000000000
  [3,1,281] 0.0000000000
  [3,1,282] 0.0000000000
  [3,1,283] 0.0000000000
  [3,1,284] 0.0000000000
  [3,1,285] 0.0000000000
  [3,1,286] 0.0000000000
  [3,1,287] 0.0000000000
  [3,1,288] 0.0000000000
  [3,1,289] 0.0000000000
  [3,1,290] 0.0000000000
  [3,1,291] 0.0000000000
  [3,1,292] 0.0000000000
  [3,1,293] 0.0000000000
  [3,1,294] 0.0000000000
  [3,1,295] 0.0000000000
  [3,1,296] 0.0000000000
  [3,1,297] 0.0786800000
  [3,1,298] 0.0000000000
  [3,1,299] 0.0000000000
  [3,1,300] 0.0000000000
  [3,1,301] 51.5354000000
  [3,1,302] 56.4135600000
  [3,1,303] 58.0658400000
  [3,1,304] 55.7841200000
  [3,1,305] 49.8831200000
  [3,1,306] 38.9466000000
  [3,1,307] 23.1319200000
  [3,1,308] 8.6548000000
  [3,1,309] 0.0000000000
  [3,1,310] 0.0000000000
  [3,1,311] 0.0000000000
  [3,1,312] 0.0000000000
  [3,1,313] 0.0000000000
  [3,1,314] 0.0000000000
  [3,1,315] 0.0000000000
  [3,1,316] 0.0000000000
  [3,1,317] 0.0000000000
  [3,1,318] 0.0000000000
  [3,1,319] 0.0000000000
  [3,1,320] 0.0000000000
  [3,1,321] 0.0000000000
  [3,1,322] 4.0913600000
  [3,1,323] 13.8476800000
  [3,1,324] 23.6826800000
  [3,1,325] 30.0557600000
  [3,1,326] 33.4390000000
  [3,1,327] 34.7765600000
  [3,1,328] 31.7867200000
  [3,1,329] 25.0202400000
  [3,1,330] 17.9390400000
  [3,1,331] 10.3070800000
  [3,1,332] 3.5406000000
  [3,1,333] 0.0000000000
  [3,1,334] 0.0000000000
  [3,1,335] 0.0000000000
  [3,1,336] 0.0000000000
  [3,1,337] 0.0000000000
  [3,1,338] 0.0000000000
  [3,1,339] 0.0000000000
  [3,1,340] 0.0000000000
  [3,1,341] 0.0000000000
  [3,1,342] 0.0000000000
  [3,1,343] 0.0000000000
  [3,1,344] 0.0000000000
  [3,1,345] 0.0000000000
  [3,1,346] 3.1472000000
  [3,1,347] 10.7791600000
  [3,1,348] 18.8832000000
  [3,1,349] 24.9415600000
  [3,1,350] 24.8628800000
  [3,1,351] 22.5024800000
  [3,1,352] 19.1979200000
  [3,1,353] 14.7131600000
  [3,1,354] 9.2842400000
  [3,1,355] 4.6421200000
  [3,1,356] 0.9441600000
  [3,1,357] 0.0000000000
  [3,1,358] 0.0000000000
  [3,1,359] 0.0000000000
  [3,1,360] 0.0000000000
  [3,1,361] 0.0000000000
  [3,1,362] 0.0000000000
  [3,1,363] 0.0000000000
  [3,1,364] 0.0000000000
  [3,1,365] 0.0000000000
  [3,1,366] 0.0000000000
  [3,1,367] 0.0000000000
  [3,1,368] 0.0000000000
  [3,1,369] 0.0000000000
  [3,1,370] 3.6979600000
  [3,1,371] 10.5431200000
  [3,1,372] 16.8375200000
  [3,1,373] 21.3222800000
  [3,1,374] 25.1776000000
  [3,1,375] 7.7012718007
  [3,1,376] 27.9314000000
  [3,1,377] 23.8400400000
  [3,1,378] 18.4111200000
  [3,1,379] 11.0152000000
  [3,1,380] 3.9340000000
  [3,1,381] 0.0000000000
  [3,1,382] 0.0000000000
  [3,1,383] 0.0000000000
  [3,1,384] 0.0000000000
  [3,1,385] 0.0000000000
  [3,1,386] 0.0000000000
  [3,1,387] 0.0000000000
  [3,1,388] 0.0000000000
  [3,1,389] 0.0000000000
  [3,1,390] 0.0000000000
  [3,1,391] 0.0000000000
  [3,1,392] 0.0000000000
  [3,1,393] 0.0000000000
  [3,1,394] 7.3172400000
  [3,1,395] 19.6700000000
  [3,1,396] 29.0833619258
  [3,1,397] 30.1148718007
  [3,1,398] 37.5303600000
  [3,1,399] 37.2156400000
  [3,1,400] 32.0227600000
  [3,1,401] 24.3121200000
  [3,1,402] 15.8933600000
  [3,1,403] 8.2614000000
  [3,1,404] 2.1243600000
  [3,1,405] 0.0000000000
  [3,1,406] 0.0000000000
  [3,1,407] 0.0000000000
  [3,1,408] 0.0000000000
  [3,1,409] 0.0000000000
  [3,1,410] 0.0000000000
  [3,1,411] 0.0000000000
  [3,1,412] 0.0000000000
  [3,1,413] 0.0000000000
  [3,1,414] 0.0000000000
  [3,1,415] 0.0000000000
  [3,1,416] 0.0000000000
  [3,1,417] 0.0000000000
  [3,1,418] 3.8553200000
  [3,1,419] 11.4872800000
  [3,1,420] 18.8045200000
  [3,1,421] 25.4923200000
  [3,1,422] 30.0557600000
  [3,1,423] 31.4720000000
  [3,1,424] 30.3704800000
  [3,1,425] 26.2004400000
  [3,1,426] 19.1979200000
  [3,1,427] 11.0938800000
  [3,1,428] 3.4619200000
  [3,1,429] 0.0000000000
  [3,1,430] 0.0000000000
  [3,1,431] 0.0000000000
  [3,1,432] 0.0000000000
  [3,1,433] 0.0000000000
  [3,1,434] 0.0000000000
  [3,1,435] 0.0000000000
  [3,1,436] 0.0000000000
  [3,1,437] 0.0000000000
  [3,1,438] 0.0000000000
  [3,1,439] 0.0000000000
  [3,1,440] 0.0000000000
  [3,1,441] 0.0000000000
  [3,1,442] 8.8908400000
  [3,1,443] 22.1090800000
  [3,1,444] 33.8324000000
  [3,1,445] 42.1724800000
  [3,1,446] 47.4440400000
  [3,1,447] 49.3323600000
  [3,1,448] 47.7587600000
  [3,1,449] 42.9592800000
  [3,1,450] 34.0684400000
  [3,1,451] 21.0862400000
  [3,1,452] 7.3172400000
  [3,1,453] 0.0000000000
  [3,1,454] 0.0000000000
  [3,1,455] 0.0000000000
  [3,1,456] 0.0000000000
  [3,1,457] 0.0000000000
  [3,1,458] 0.0000000000
  [3,1,459] 0.0000000000
  [3,1,460] 0.0000000000
  [3,1,461] 0.0000000000
  [3,1,462] 0.0000000000
  [3,1,463] 0.0000000000
  [3,1,464] 0.0000000000
  [3,1,465] 0.0000000000
  [3,1,466] 10.2284000000
  [3,1,467] 0.0000000000
  [3,1,468] 0.0000000000
  [3,1,469] 0.0000000000
  [3,1,470] 11.1524819258
  [3,1,471] 57.2790400000
  [3,1,472] 7.4848019258
  [3,1,473] 0.0000000000
  [3,1,474] 0.0000000000
  [3,1,475] 0.0000000000
  [3,1,476] 0.0000000000
  [3,1,477] 0.0000000000
  [3,1,478] 0.0000000000
  [3,1,479] 0.0000000000
  [3,1,480] 0.0000000000
  [3,1,481] 0.0000000000
  [3,1,482] 0.0000000000
  [3,1,483] 0.0000000000
  [3,1,484] 0.0000000000
  [3,1,485] 0.0000000000
  [3,1,486] 0.0000000000
  [3,1,487] 0.0000000000
  [3,1,488] 0.0000000000
  [3,1,489] 0.0000000000
  [3,1,490] 0.0000000000
  [3,1,491] 0.0000000000
  [3,1,492] 0.0000000000
  [3,1,493] 0.0000000000
  [3,1,494] 0.0000000000
  [3,1,495] 0.0000000000
  [3,1,496] 0.0000000000
  [3,1,497] 0.0000000000
  [3,1,498] 0.0000000000
  [3,1,499] 0.0000000000
  [3,1,500] 0.0000000000
  [3,1,501] 0.0000000000
  [3,1,502] 0.0000000000
  [3,1,503] 0.0000000000
  [3,1,504] 0.0000000000
  [3,1,505] 0.0000000000
  [3,1,506] 0.0000000000
  [3,1,507] 0.0000000000
  [3,1,508] 0.0000000000
  [3,1,509] 0.0000000000
  [3,1,510] 0.0000000000
  [3,1,511] 0.0000000000
  [3,1,512] 0.0000000000
  [3,1,513] 0.0786800000
  [3,1,514] 13.6116400000
  [3,1,515] 0.0000000000
  [3,1,516] 0.0000000000
  [3,1,517] 0.0000000000
  [3,1,518] 57.5937600000
  [3,1,519] 58.9313200000
  [3,1,520] 56.8069600000
  [3,1,521] 50.7486000000
  [3,1,522] 2.1870419258
  [3,1,523] 0.0000000000
  [3,1,524] 0.0000000000
  [3,1,525] 0.0000000000
  [3,1,526] 0.0000000000
  [3,1,527] 0.0000000000
  [3,1,528] 0.0000000000
  [3,1,529] 0.0000000000
  [3,1,530] 0.0000000000
  [3,1,531] 0.0000000000
  [3,1,532] 0.0000000000
  [3,1,533] 0.0000000000
  [3,1,534] 0.0000000000
  [3,1,535] 0.0000000000
  [3,1,536] 0.0000000000
  [3,1,537] 0.0000000000
  [3,1,538] 0.0000000000
  [3,1,539] 0.0000000000
  [3,1,540] 0.0000000000
  [3,1,541] 0.0000000000
  [3,1,542] 57.1216800000
  [3,1,543] 34.3811219258
  [3,1,544] 56.5709200000
  [3,1,545] 49.8831200000
  [3,1,546] 40.2054800000
  [3,1,547] 25.5710000000
  [3,1,548] 0.0000000000
  [3,1,549] 0.0000000000
  [3,1,550] 0.0000000000
  [3,1,551] 0.0000000000
  [3,1,552] 0.0000000000
  [3,1,553] 0.0000000000
  [3,1,554] 0.0000000000
  [3,1,555] 0.0000000000
  [3,1,556] 0.0000000000
  [3,1,557] 0.0000000000
  [3,1,558] 0.0000000000
  [3,1,559] 0.0000000000
  [3,1,560] 0.0000000000
  [3,1,561] 0.0000000000
  [3,1,562] 0.0000000000
  [3,1,563] 0.0000000000
  [3,1,564] 0.0000000000
  [3,1,565] 52.3222000000
  [3,1,566] 21.7480019258
  [3,1,567] 58.6952800000
  [3,1,568] 56.5709200000
  [3,1,569] 36.0112019258
  [3,1,570] 41.1496400000
  [3,1,571] 0.0000000000
  [3,1,572] 0.0000000000
  [3,1,573] 0.0000000000
  [3,1,574] 0.0000000000
  [3,1,575] 0.0000000000
  [3,1,576] 0.0000000000
  [3,1,577] 0.0000000000
  [3,1,578] 0.0000000000
  [3,1,579] 0.0000000000
  [3,1,580] 0.0000000000
  [3,1,581] 0.0000000000
  [3,1,582] 0.0000000000
  [3,1,583] 0.0000000000
  [3,1,584] 0.0000000000
  [3,1,585] 0.0000000000
  [3,1,586] 12.6674800000
  [3,1,587] 0.0000000000
  [3,1,588] 40.9922800000
  [3,1,589] 50.8272800000
  [3,1,590] 20.1179219258
  [3,1,591] 22.5630419258
  [3,1,592] 56.1775200000
  [3,1,593] 50.5125600000
  [3,1,594] 0.0000000000
  [3,1,595] 0.0000000000
  [3,1,596] 0.0000000000
  [3,1,597] 0.0000000000
  [3,1,598] 0.0000000000
  [3,1,599] 0.0000000000
  [3,1,600] 0.0000000000
  [3,1,601] 0.0000000000
  [3,1,602] 0.0000000000
  [3,1,603] 0.0000000000
  [3,1,604] 0.0000000000
  [3,1,605] 0.0000000000
  [3,1,606] 0.0000000000
  [3,1,607] 0.0000000000
  [3,1,608] 0.0000000000
  [3,1,609] 0.0000000000
  [3,1,610] 0.0000000000
  [3,1,611] 0.0000000000
  [3,1,612] 0.0000000000
  [3,1,613] 10.7449619258
  [3,1,614] 56.0988400000
  [3,1,615] 38.0488019258
  [3,1,616] 32.7510419258
  [3,1,617] 14.4126419258
  [3,1,618] 0.0000000000
  [3,1,619] 0.0000000000
  [3,1,620] 0.0000000000
  [3,1,621] 0.0000000000
  [3,1,622] 0.0000000000
  [3,1,623] 0.0000000000
  [3,1,624] 0.0000000000
  [3,1,625] 0.0000000000
  [3,1,626] 0.0000000000
  [3,1,627] 0.0000000000
  [3,1,628] 0.0000000000
  [3,1,629] 0.0000000000
  [3,1,630] 0.0000000000
  [3,1,631] 0.0000000000
  [3,1,632] 0.0000000000
  [3,1,633] 0.0000000000
  [3,1,634] 0.0000000000
  [3,1,635] 0.0000000000
  [3,1,636] 0.0000000000
  [3,1,637] 0.0000000000
  [3,1,638] 0.0000000000
  [3,1,639] 0.0000000000
  [3,1,640] 0.0000000000
  [3,1,641] 0.0000000000
  [3,1,642] 0.0000000000
  [3,1,643] 0.0000000000
  [3,1,644] 0.0000000000
  [3,1,645] 0.0000000000
  [3,1,646] 0.0000000000
  [3,1,647] 0.0000000000
  [3,1,648] 0.0000000000
  [3,1,649] 0.0000000000
  [3,1,650] 0.0000000000
  [3,1,651] 0.0000000000
  [3,1,652] 0.0000000000
  [3,1,653] 0.0000000000
  [3,1,654] 0.0000000000
  [3,1,655] 0.0000000000
  [3,1,656] 0.0000000000
  [3,1,657] 0.0000000000
  [3,1,658] 11.0152000000
  [3,1,659] 0.0000000000
  [3,1,660] 0.0000000000
  [3,1,661] 46.8932800000
  [3,1,662] 25.0081619258
  [3,1,663] 54.5252400000
  [3,1,664] 35.6036819258
  [3,1,665] 31.5284819258
  [3,1,666] 18.0803219258
  [3,1,667] 0.0000000000
  [3,1,668] 0.0000000000
  [3,1,669] 0.0000000000
  [3,1,670] 0.0000000000
  [3,1,671] 0.0000000000
  [3,1,672] 0.0000000000
  [3,1,673] 0.0000000000
  [3,1,674] 0.0000000000
  [3,1,675] 0.0000000000
  [3,1,676] 0.0000000000
  [3,1,677] 0.0000000000
  [3,1,678] 0.0000000000
  [3,1,679] 0.0000000000
  [3,1,680] 0.0000000000
  [3,1,681] 0.0000000000
  [3,1,682] 12.6674800000
  [3,1,683] 0.0000000000
  [3,1,684] 0.0000000000
  [3,1,685] 0.0000000000
  [3,1,686] 55.0760000000
  [3,1,687] 26.2307219258
  [3,1,688] 54.6826000000
  [3,1,689] 48.7029200000
  [3,1,690] 39.3400000000
  [3,1,691] 0.0000000000
  [3,1,692] 0.0000000000
  [3,1,693] 0.0000000000
  [3,1,694] 0.0000000000
  [3,1,695] 0.0000000000
  [3,1,696] 0.0000000000
  [3,1,697] 0.0000000000
  [3,1,698] 0.0000000000
  [3,1,699] 0.0000000000
  [3,1,700] 0.0000000000
  [3,1,701] 0.0000000000
  [3,1,702] 0.0000000000
  [3,1,703] 0.0000000000
  [3,1,704] 0.0000000000
  [3,1,705] 0.0000000000
  [3,1,706] 7.3959200000
  [3,1,707] 0.0000000000
  [3,1,708] 0.0000000000
  [3,1,709] 0.0000000000
  [3,1,710] 9.1148819258
  [3,1,711] 20.1179219258
  [3,1,712] 25.8232019258
  [3,1,713] 23.6040000000
  [3,1,714] 17.5456400000
  [3,1,715] 10.3070800000
  [3,1,716] 3.2258800000
  [3,1,717] 0.0000000000
  [3,1,718] 0.0000000000
  [3,1,719] 0.0000000000
  [3,1,720] 0.0000000000
  [3,1,721] 0.0000000000
  [3,1,722] 0.0000000000
  [3,1,723] 0.0000000000
  [3,1,724] 0.0000000000
  [3,1,725] 0.0000000000
  [3,1,726] 0.0000000000
  [3,1,727] 0.0000000000
  [3,1,728] 0.0000000000
  [3,1,729] 0.0000000000
  [3,1,730] 0.0000000000
  [3,1,731] 0.0000000000
  [3,1,732] 0.0000000000
  [3,1,733] 0.0000000000
  [3,1,734] 15.8516718007
  [3,1,735] 32.9675118007
  [3,1,736] 35.1699600000
  [3,1,737] 22.7795118007
  [3,1,738] 0.0000000000
  [3,1,739] 0.0000000000
  [3,1,740] 0.0000000000
  [3,1,741] 0.0000000000
  [3,1,742] 0.0000000000
  [3,1,743] 0.0000000000
  [3,1,744] 0.0000000000
  [3,2,1] 0.0000000000
  [3,2,2] 0.0000000000
  [3,2,3] 0.0000000000
  [3,2,4] 0.0000000000
  [3,2,5] 0.0000000000
  [3,2,6] 0.0000000000
  [3,2,7] 0.0000000000
  [3,2,8] 0.0000000000
  [3,2,9] 0.0000000000
  [3,2,10] 0.0000000000
  [3,2,11] 0.0000000000
  [3,2,12] 0.0000000000
  [3,2,13] 0.0000000000
  [3,2,14] 0.0000000000
  [3,2,15] 0.0000000000
  [3,2,16] 0.0000000000
  [3,2,17] 0.0000000000
  [3,2,18] 0.0000000000
  [3,2,19] 0.0000000000
  [3,2,20] 0.0000000000
  [3,2,21] 0.0000000000
  [3,2,22] 0.0000000000
  [3,2,23] 0.0000000000
  [3,2,24] 0.0000000000
  [3,2,25] 0.0000000000
  [3,2,26] 0.0000000000
  [3,2,27] 0.0000000000
  [3,2,28] 0.0000000000
  [3,2,29] 0.0000000000
  [3,2,30] 0.0000000000
  [3,2,31] 0.0000000000
  [3,2,32] 0.0000000000
  [3,2,33] 0.0000000000
  [3,2,34] 8.1040400000
  [3,2,35] 0.0000000000
  [3,2,36] 0.0000000000
  [3,2,37] 48.8602800000
  [3,2,38] 54.7612800000
  [3,2,39] 56.5709200000
  [3,2,40] 54.5252400000
  [3,2,41] 47.9948000000
  [3,2,42] 35.7207200000
  [3,2,43] 5.8547219258
  [3,2,44] 0.0000000000
  [3,2,45] 0.0000000000
  [3,2,46] 0.0000000000
  [3,2,47] 0.0000000000
  [3,2,48] 0.0000000000
  [3,2,49] 0.0000000000
  [3,2,50] 0.0000000000
  [3,2,51] 0.0000000000
  [3,2,52] 0.0000000000
  [3,2,53] 0.0000000000
  [3,2,54] 0.0000000000
  [3,2,55] 0.0000000000
  [3,2,56] 0.0000000000
  [3,2,57] 0.2360400000
  [3,2,58] 0.0000000000
  [3,2,59] 0.0000000000
  [3,2,60] 0.0000000000
  [3,2,61] 0.0000000000
  [3,2,62] 0.0000000000
  [3,2,63] 0.0000000000
  [3,2,64] 55.0760000000
  [3,2,65] 49.0963200000
  [3,2,66] 36.8222400000
  [3,2,67] 0.0000000000
  [3,2,68] 0.0000000000
  [3,2,69] 0.0000000000
  [3,2,70] 0.0000000000
  [3,2,71] 0.0000000000
  [3,2,72] 0.0000000000
  [3,2,73] 0.0000000000
  [3,2,74] 0.0000000000
  [3,2,75] 0.0000000000
  [3,2,76] 0.0000000000
  [3,2,77] 0.0000000000
  [3,2,78] 0.0000000000
  [3,2,79] 0.0000000000
  [3,2,80] 0.0000000000
  [3,2,81] 0.1573600000
  [3,2,82] 0.0000000000
  [3,2,83] 0.0000000000
  [3,2,84] 0.0000000000
  [3,2,85] 0.0000000000
  [3,2,86] 0.0000000000
  [3,2,87] 0.0000000000
  [3,2,88] 0.0000000000
  [3,2,89] 0.0000000000
  [3,2,90] 0.0000000000
  [3,2,91] 0.0000000000
  [3,2,92] 0.0000000000
  [3,2,93] 0.0000000000
  [3,2,94] 0.0000000000
  [3,2,95] 0.0000000000
  [3,2,96] 0.0000000000
  [3,2,97] 0.0000000000
  [3,2,98] 0.0000000000
  [3,2,99] 0.0000000000
  [3,2,100] 0.0000000000
  [3,2,101] 0.0000000000
  [3,2,102] 0.0000000000
  [3,2,103] 0.0000000000
  [3,2,104] 0.0000000000
  [3,2,105] 0.0000000000
  [3,2,106] 0.0000000000
  [3,2,107] 0.0000000000
  [3,2,108] 0.0000000000
  [3,2,109] 0.0000000000
  [3,2,110] 0.0000000000
  [3,2,111] 0.0000000000
  [3,2,112] 0.0000000000
  [3,2,113] 0.0000000000
  [3,2,114] 0.0000000000
  [3,2,115] 0.0000000000
  [3,2,116] 0.0000000000
  [3,2,117] 0.0000000000
  [3,2,118] 0.0000000000
  [3,2,119] 0.0000000000
  [3,2,120] 0.0000000000
  [3,2,121] 0.0000000000
  [3,2,122] 0.0000000000
  [3,2,123] 0.0000000000
  [3,2,124] 0.0000000000
  [3,2,125] 0.0000000000
  [3,2,126] 0.0000000000
  [3,2,127] 0.0000000000
  [3,2,128] 0.0000000000
  [3,2,129] 0.0000000000
  [3,2,130] 0.0000000000
  [3,2,131] 0.0000000000
  [3,2,132] 0.0000000000
  [3,2,133] 0.0000000000
  [3,2,134] 0.0000000000
  [3,2,135] 0.0000000000
  [3,2,136] 0.0000000000
  [3,2,137] 0.0000000000
  [3,2,138] 0.0000000000
  [3,2,139] 0.0000000000
  [3,2,140] 0.0000000000
  [3,2,141] 0.0000000000
  [3,2,142] 0.0000000000
  [3,2,143] 0.0000000000
  [3,2,144] 0.0000000000
  [3,2,145] 0.0000000000
  [3,2,146] 0.0000000000
  [3,2,147] 0.0000000000
  [3,2,148] 0.0000000000
  [3,2,149] 0.0000000000
  [3,2,150] 0.0000000000
  [3,2,151] 0.0000000000
  [3,2,152] 0.0000000000
  [3,2,153] 0.0000000000
  [3,2,154] 0.0000000000
  [3,2,155] 0.0000000000
  [3,2,156] 0.0000000000
  [3,2,157] 0.0000000000
  [3,2,158] 55.7841200000
  [3,2,159] 57.5150800000
  [3,2,160] 55.4694000000
  [3,2,161] 28.4847918007
  [3,2,162] 37.4516800000
  [3,2,163] 0.0000000000
  [3,2,164] 0.0000000000
  [3,2,165] 0.0000000000
  [3,2,166] 0.0000000000
  [3,2,167] 0.0000000000
  [3,2,168] 0.0000000000
  [3,2,169] 0.0000000000
  [3,2,170] 0.0000000000
  [3,2,171] 0.0000000000
  [3,2,172] 0.0000000000
  [3,2,173] 0.0000000000
  [3,2,174] 0.0000000000
  [3,2,175] 0.0000000000
  [3,2,176] 0.0000000000
  [3,2,177] 0.0786800000
  [3,2,178] 0.0000000000
  [3,2,179] 0.0000000000
  [3,2,180] 0.0000000000
  [3,2,181] 0.0000000000
  [3,2,182] 0.0000000000
  [3,2,183] 0.0000000000
  [3,2,184] 0.0000000000
  [3,2,185] 0.0000000000
  [3,2,186] 0.0000000000
  [3,2,187] 0.0000000000
  [3,2,188] 0.0000000000
  [3,2,189] 0.0000000000
  [3,2,190] 0.0000000000
  [3,2,191] 0.0000000000
  [3,2,192] 0.0000000000
  [3,2,193] 0.0000000000
  [3,2,194] 0.0000000000
  [3,2,195] 0.0000000000
  [3,2,196] 0.0000000000
  [3,2,197] 0.0000000000
  [3,2,198] 0.0000000000
  [3,2,199] 0.0000000000
  [3,2,200] 0.0000000000
  [3,2,201] 0.0000000000
  [3,2,202] 0.0000000000
  [3,2,203] 0.0000000000
  [3,2,204] 0.0000000000
  [3,2,205] 0.0000000000
  [3,2,206] 49.0176400000
  [3,2,207] 19.7104019258
  [3,2,208] 20.1179219258
  [3,2,209] 12.7825619258
  [3,2,210] 0.0000000000
  [3,2,211] 0.0000000000
  [3,2,212] 0.0000000000
  [3,2,213] 0.0000000000
  [3,2,214] 0.0000000000
  [3,2,215] 0.0000000000
  [3,2,216] 0.0000000000
  [3,2,217] 0.0000000000
  [3,2,218] 0.0000000000
  [3,2,219] 0.0000000000
  [3,2,220] 0.0000000000
  [3,2,221] 0.0000000000
  [3,2,222] 0.0000000000
  [3,2,223] 0.0000000000
  [3,2,224] 0.0000000000
  [3,2,225] 0.0000000000
  [3,2,226] 4.6421200000
  [3,2,227] 15.1065600000
  [3,2,228] 28.6395200000
  [3,2,229] 39.4973600000
  [3,2,230] 44.6902400000
  [3,2,231] 45.9491200000
  [3,2,232] 42.8019200000
  [3,2,233] 36.2714800000
  [3,2,234] 26.7512000000
  [3,2,235] 15.4212800000
  [3,2,236] 5.6649600000
  [3,2,237] 0.0000000000
  [3,2,238] 0.0000000000
  [3,2,239] 0.0000000000
  [3,2,240] 0.0000000000
  [3,2,241] 0.0000000000
  [3,2,242] 0.0000000000
  [3,2,243] 0.0000000000
  [3,2,244] 0.0000000000
  [3,2,245] 0.0000000000
  [3,2,246] 0.0000000000
  [3,2,247] 0.0000000000
  [3,2,248] 0.0000000000
  [3,2,249] 0.0000000000
  [3,2,250] 5.3502400000
  [3,2,251] 0.0000000000
  [3,2,252] 0.0000000000
  [3,2,253] 0.0000000000
  [3,2,254] 7.8923219258
  [3,2,255] 36.8222400000
  [3,2,256] 33.5660819258
  [3,2,257] 34.2258000000
  [3,2,258] 29.2689600000
  [3,2,259] 0.0000000000
  [3,2,260] 0.0000000000
  [3,2,261] 0.0000000000
  [3,2,262] 0.0000000000
  [3,2,263] 0.0000000000
  [3,2,264] 0.0000000000
  [3,2,265] 0.0000000000
  [3,2,266] 0.0000000000
  [3,2,267] 0.0000000000
  [3,2,268] 0.0000000000
  [3,2,269] 0.0000000000
  [3,2,270] 0.0000000000
  [3,2,271] 0.0000000000
  [3,2,272] 0.0000000000
  [3,2,273] 0.0000000000
  [3,2,274] 0.0000000000
  [3,2,275] 0.0000000000
  [3,2,276] 0.0000000000
  [3,2,277] 0.0000000000
  [3,2,278] 0.0000000000
  [3,2,279] 0.0000000000
  [3,2,280] 0.0000000000
  [3,2,281] 0.0000000000
  [3,2,282] 0.0000000000
  [3,2,283] 0.0000000000
  [3,2,284] 0.0000000000
  [3,2,285] 0.0000000000
  [3,2,286] 0.0000000000
  [3,2,287] 0.0000000000
  [3,2,288] 0.0000000000
  [3,2,289] 0.0000000000
  [3,2,290] 0.0000000000
  [3,2,291] 0.0000000000
  [3,2,292] 0.0000000000
  [3,2,293] 0.0000000000
  [3,2,294] 0.0000000000
  [3,2,295] 0.0000000000
  [3,2,296] 0.0000000000
  [3,2,297] 0.0786800000
  [3,2,298] 0.0000000000
  [3,2,299] 0.0000000000
  [3,2,300] 0.0000000000
  [3,2,301] 44.5691219258
  [3,2,302] 56.4135600000
  [3,2,303] 58.0658400000
  [3,2,304] 55.7841200000
  [3,2,305] 49.8831200000
  [3,2,306] 38.9466000000
  [3,2,307] 23.1319200000
  [3,2,308] 8.6548000000
  [3,2,309] 0.0000000000
  [3,2,310] 0.0000000000
  [3,2,311] 0.0000000000
  [3,2,312] 0.0000000000
  [3,2,313] 0.0000000000
  [3,2,314] 0.0000000000
  [3,2,315] 0.0000000000
  [3,2,316] 0.0000000000
  [3,2,317] 0.0000000000
  [3,2,318] 0.0000000000
  [3,2,319] 0.0000000000
  [3,2,320] 0.0000000000
  [3,2,321] 0.0000000000
  [3,2,322] 4.0913600000
  [3,2,323] 13.8476800000
  [3,2,324] 23.6826800000
  [3,2,325] 30.0557600000
  [3,2,326] 33.4390000000
  [3,2,327] 34.7765600000
  [3,2,328] 31.7867200000
  [3,2,329] 25.0202400000
  [3,2,330] 17.9390400000
  [3,2,331] 10.3070800000
  [3,2,332] 3.5406000000
  [3,2,333] 0.0000000000
  [3,2,334] 0.0000000000
  [3,2,335] 0.0000000000
  [3,2,336] 0.0000000000
  [3,2,337] 0.0000000000
  [3,2,338] 0.0000000000
  [3,2,339] 0.0000000000
  [3,2,340] 0.0000000000
  [3,2,341] 0.0000000000
  [3,2,342] 0.0000000000
  [3,2,343] 0.0000000000
  [3,2,344] 0.0000000000
  [3,2,345] 0.0000000000
  [3,2,346] 3.1472000000
  [3,2,347] 10.7791600000
  [3,2,348] 18.8832000000
  [3,2,349] 24.9415600000
  [3,2,350] 24.8628800000
  [3,2,351] 22.5024800000
  [3,2,352] 19.1979200000
  [3,2,353] 14.7131600000
  [3,2,354] 9.2842400000
  [3,2,355] 4.6421200000
  [3,2,356] 0.9441600000
  [3,2,357] 0.0000000000
  [3,2,358] 0.0000000000
  [3,2,359] 0.0000000000
  [3,2,360] 0.0000000000
  [3,2,361] 0.0000000000
  [3,2,362] 0.0000000000
  [3,2,363] 0.0000000000
  [3,2,364] 0.0000000000
  [3,2,365] 0.0000000000
  [3,2,366] 0.0000000000
  [3,2,367] 0.0000000000
  [3,2,368] 0.0000000000
  [3,2,369] 0.0000000000
  [3,2,370] 3.6979600000
  [3,2,371] 10.5431200000
  [3,2,372] 16.8375200000
  [3,2,373] 21.3222800000
  [3,2,374] 20.5254419258
  [3,2,375] 7.7012718007
  [3,2,376] 0.3659118007
  [3,2,377] 0.3659118007
  [3,2,378] 3.8171219258
  [3,2,379] 6.0711918007
  [3,2,380] 3.9340000000
  [3,2,381] 0.0000000000
  [3,2,382] 0.0000000000
  [3,2,383] 0.0000000000
  [3,2,384] 0.0000000000
  [3,2,385] 0.0000000000
  [3,2,386] 0.0000000000
  [3,2,387] 0.0000000000
  [3,2,388] 0.0000000000
  [3,2,389] 0.0000000000
  [3,2,390] 0.0000000000
  [3,2,391] 0.0000000000
  [3,2,392] 0.0000000000
  [3,2,393] 0.0000000000
  [3,2,394] 7.3172400000
  [3,2,395] 19.6700000000
  [3,2,396] 28.4847918007
  [3,2,397] 36.3501600000
  [3,2,398] 37.5303600000
  [3,2,399] 37.2156400000
  [3,2,400] 32.0227600000
  [3,2,401] 24.3121200000
  [3,2,402] 15.8933600000
  [3,2,403] 8.2614000000
  [3,2,404] 2.1243600000
  [3,2,405] 0.0000000000
  [3,2,406] 0.0000000000
  [3,2,407] 0.0000000000
  [3,2,408] 0.0000000000
  [3,2,409] 0.0000000000
  [3,2,410] 0.0000000000
  [3,2,411] 0.0000000000
  [3,2,412] 0.0000000000
  [3,2,413] 0.0000000000
  [3,2,414] 0.0000000000
  [3,2,415] 0.0000000000
  [3,2,416] 0.0000000000
  [3,2,417] 0.0000000000
  [3,2,418] 3.8553200000
  [3,2,419] 11.4872800000
  [3,2,420] 18.8045200000
  [3,2,421] 25.4923200000
  [3,2,422] 30.0557600000
  [3,2,423] 31.4720000000
  [3,2,424] 30.3704800000
  [3,2,425] 26.2004400000
  [3,2,426] 19.1979200000
  [3,2,427] 11.0938800000
  [3,2,428] 3.4619200000
  [3,2,429] 0.0000000000
  [3,2,430] 0.0000000000
  [3,2,431] 0.0000000000
  [3,2,432] 0.0000000000
  [3,2,433] 0.0000000000
  [3,2,434] 0.0000000000
  [3,2,435] 0.0000000000
  [3,2,436] 0.0000000000
  [3,2,437] 0.0000000000
  [3,2,438] 0.0000000000
  [3,2,439] 0.0000000000
  [3,2,440] 0.0000000000
  [3,2,441] 0.0000000000
  [3,2,442] 8.8908400000
  [3,2,443] 22.1090800000
  [3,2,444] 33.8324000000
  [3,2,445] 42.1724800000
  [3,2,446] 47.4440400000
  [3,2,447] 49.3323600000
  [3,2,448] 47.7587600000
  [3,2,449] 42.9592800000
  [3,2,450] 34.0684400000
  [3,2,451] 21.0862400000
  [3,2,452] 7.3172400000
  [3,2,453] 0.0000000000
  [3,2,454] 0.0000000000
  [3,2,455] 0.0000000000
  [3,2,456] 0.0000000000
  [3,2,457] 0.0000000000
  [3,2,458] 0.0000000000
  [3,2,459] 0.0000000000
  [3,2,460] 0.0000000000
  [3,2,461] 0.0000000000
  [3,2,462] 0.0000000000
  [3,2,463] 0.0000000000
  [3,2,464] 0.0000000000
  [3,2,465] 0.0000000000
  [3,2,466] 10.2284000000
  [3,2,467] 0.0000000000
  [3,2,468] 0.0000000000
  [3,2,469] 0.0000000000
  [3,2,470] 11.1524819258
  [3,2,471] 57.2790400000
  [3,2,472] 55.1546800000
  [3,2,473] 0.0000000000
  [3,2,474] 0.0000000000
  [3,2,475] 0.0000000000
  [3,2,476] 0.0000000000
  [3,2,477] 0.0000000000
  [3,2,478] 0.0000000000
  [3,2,479] 0.0000000000
  [3,2,480] 0.0000000000
  [3,2,481] 0.0000000000
  [3,2,482] 0.0000000000
  [3,2,483] 0.0000000000
  [3,2,484] 0.0000000000
  [3,2,485] 0.0000000000
  [3,2,486] 0.0000000000
  [3,2,487] 0.0000000000
  [3,2,488] 0.0000000000
  [3,2,489] 0.0000000000
  [3,2,490] 0.0000000000
  [3,2,491] 0.0000000000
  [3,2,492] 0.0000000000
  [3,2,493] 0.0000000000
  [3,2,494] 0.0000000000
  [3,2,495] 0.0000000000
  [3,2,496] 0.0000000000
  [3,2,497] 0.0000000000
  [3,2,498] 0.0000000000
  [3,2,499] 0.0000000000
  [3,2,500] 0.0000000000
  [3,2,501] 0.0000000000
  [3,2,502] 0.0000000000
  [3,2,503] 0.0000000000
  [3,2,504] 0.0000000000
  [3,2,505] 0.0000000000
  [3,2,506] 0.0000000000
  [3,2,507] 0.0000000000
  [3,2,508] 0.0000000000
  [3,2,509] 0.0000000000
  [3,2,510] 0.0000000000
  [3,2,511] 0.0000000000
  [3,2,512] 0.0000000000
  [3,2,513] 0.0786800000
  [3,2,514] 13.6116400000
  [3,2,515] 0.0000000000
  [3,2,516] 0.0000000000
  [3,2,517] 0.0000000000
  [3,2,518] 57.5937600000
  [3,2,519] 58.9313200000
  [3,2,520] 56.8069600000
  [3,2,521] 20.5254419258
  [3,2,522] 40.5202000000
  [3,2,523] 0.0000000000
  [3,2,524] 0.0000000000
  [3,2,525] 0.0000000000
  [3,2,526] 0.0000000000
  [3,2,527] 0.0000000000
  [3,2,528] 0.0000000000
  [3,2,529] 0.0000000000
  [3,2,530] 0.0000000000
  [3,2,531] 0.0000000000
  [3,2,532] 0.0000000000
  [3,2,533] 0.0000000000
  [3,2,534] 0.0000000000
  [3,2,535] 0.0000000000
  [3,2,536] 0.0000000000
  [3,2,537] 0.0000000000
  [3,2,538] 0.0000000000
  [3,2,539] 0.0000000000
  [3,2,540] 0.0000000000
  [3,2,541] 0.0000000000
  [3,2,542] 15.6352019258
  [3,2,543] 58.5379200000
  [3,2,544] 56.5709200000
  [3,2,545] 49.0518419258
  [3,2,546] 40.2054800000
  [3,2,547] 25.5710000000
  [3,2,548] 0.0000000000
  [3,2,549] 0.0000000000
  [3,2,550] 0.0000000000
  [3,2,551] 0.0000000000
  [3,2,552] 0.0000000000
  [3,2,553] 0.0000000000
  [3,2,554] 0.0000000000
  [3,2,555] 0.0000000000
  [3,2,556] 0.0000000000
  [3,2,557] 0.0000000000
  [3,2,558] 0.0000000000
  [3,2,559] 0.0000000000
  [3,2,560] 0.0000000000
  [3,2,561] 0.0000000000
  [3,2,562] 0.0000000000
  [3,2,563] 0.0000000000
  [3,2,564] 0.0000000000
  [3,2,565] 0.9644819258
  [3,2,566] 21.7480019258
  [3,2,567] 58.6952800000
  [3,2,568] 56.5709200000
  [3,2,569] 36.0112019258
  [3,2,570] 20.5254419258
  [3,2,571] 0.0000000000
  [3,2,572] 0.0000000000
  [3,2,573] 0.0000000000
  [3,2,574] 0.0000000000
  [3,2,575] 0.0000000000
  [3,2,576] 0.0000000000
  [3,2,577] 0.0000000000
  [3,2,578] 0.0000000000
  [3,2,579] 0.0000000000
  [3,2,580] 0.0000000000
  [3,2,581] 0.0000000000
  [3,2,582] 0.0000000000
  [3,2,583] 0.0000000000
  [3,2,584] 0.0000000000
  [3,2,585] 0.0000000000
  [3,2,586] 12.6674800000
  [3,2,587] 0.0000000000
  [3,2,588] 40.9922800000
  [3,2,589] 50.8272800000
  [3,2,590] 55.7054400000
  [3,2,591] 58.1445200000
  [3,2,592] 56.1775200000
  [3,2,593] 50.5125600000
  [3,2,594] 0.0000000000
  [3,2,595] 0.0000000000
  [3,2,596] 0.0000000000
  [3,2,597] 0.0000000000
  [3,2,598] 0.0000000000
  [3,2,599] 0.0000000000
  [3,2,600] 0.0000000000
  [3,2,601] 0.0000000000
  [3,2,602] 0.0000000000
  [3,2,603] 0.0000000000
  [3,2,604] 0.0000000000
  [3,2,605] 0.0000000000
  [3,2,606] 0.0000000000
  [3,2,607] 0.0000000000
  [3,2,608] 0.0000000000
  [3,2,609] 0.0000000000
  [3,2,610] 0.0000000000
  [3,2,611] 0.0000000000
  [3,2,612] 0.0000000000
  [3,2,613] 51.2206800000
  [3,2,614] 30.1148718007
  [3,2,615] 57.3577200000
  [3,2,616] 32.7510419258
  [3,2,617] 13.8140718007
  [3,2,618] 0.0000000000
  [3,2,619] 0.0000000000
  [3,2,620] 0.0000000000
  [3,2,621] 0.0000000000
  [3,2,622] 0.0000000000
  [3,2,623] 0.0000000000
  [3,2,624] 0.0000000000
  [3,2,625] 0.0000000000
  [3,2,626] 0.0000000000
  [3,2,627] 0.0000000000
  [3,2,628] 0.0000000000
  [3,2,629] 0.0000000000
  [3,2,630] 0.0000000000
  [3,2,631] 0.0000000000
  [3,2,632] 0.0000000000
  [3,2,633] 0.0000000000
  [3,2,634] 0.0000000000
  [3,2,635] 0.0000000000
  [3,2,636] 0.0000000000
  [3,2,637] 0.0000000000
  [3,2,638] 0.0000000000
  [3,2,639] 0.0000000000
  [3,2,640] 0.0000000000
  [3,2,641] 0.0000000000
  [3,2,642] 0.0000000000
  [3,2,643] 0.0000000000
  [3,2,644] 0.0000000000
  [3,2,645] 0.0000000000
  [3,2,646] 0.0000000000
  [3,2,647] 0.0000000000
  [3,2,648] 0.0000000000
  [3,2,649] 0.0000000000
  [3,2,650] 0.0000000000
  [3,2,651] 0.0000000000
  [3,2,652] 0.0000000000
  [3,2,653] 0.0000000000
  [3,2,654] 0.0000000000
  [3,2,655] 0.0000000000
  [3,2,656] 0.0000000000
  [3,2,657] 0.0000000000
  [3,2,658] 11.0152000000
  [3,2,659] 0.0000000000
  [3,2,660] 0.0000000000
  [3,2,661] 46.8932800000
  [3,2,662] 52.8729600000
  [3,2,663] 54.5252400000
  [3,2,664] 52.6369200000
  [3,2,665] 47.2080000000
  [3,2,666] 18.0803219258
  [3,2,667] 0.0000000000
  [3,2,668] 0.0000000000
  [3,2,669] 0.0000000000
  [3,2,670] 0.0000000000
  [3,2,671] 0.0000000000
  [3,2,672] 0.0000000000
  [3,2,673] 0.0000000000
  [3,2,674] 0.0000000000
  [3,2,675] 0.0000000000
  [3,2,676] 0.0000000000
  [3,2,677] 0.0000000000
  [3,2,678] 0.0000000000
  [3,2,679] 0.0000000000
  [3,2,680] 0.0000000000
  [3,2,681] 0.0000000000
  [3,2,682] 12.6674800000
  [3,2,683] 0.0000000000
  [3,2,684] 0.0000000000
  [3,2,685] 0.0000000000
  [3,2,686] 55.0760000000
  [3,2,687] 26.2307219258
  [3,2,688] 54.6826000000
  [3,2,689] 33.9736019258
  [3,2,690] 39.3400000000
  [3,2,691] 0.0000000000
  [3,2,692] 0.0000000000
  [3,2,693] 0.0000000000
  [3,2,694] 0.0000000000
  [3,2,695] 0.0000000000
  [3,2,696] 0.0000000000
  [3,2,697] 0.0000000000
  [3,2,698] 0.0000000000
  [3,2,699] 0.0000000000
  [3,2,700] 0.0000000000
  [3,2,701] 0.0000000000
  [3,2,702] 0.0000000000
  [3,2,703] 0.0000000000
  [3,2,704] 0.0000000000
  [3,2,705] 0.0000000000
  [3,2,706] 7.3959200000
  [3,2,707] 0.0000000000
  [3,2,708] 0.0000000000
  [3,2,709] 0.0000000000
  [3,2,710] 8.5163118007
  [3,2,711] 30.9212400000
  [3,2,712] 27.4593200000
  [3,2,713] 23.6040000000
  [3,2,714] 17.5456400000
  [3,2,715] 10.3070800000
  [3,2,716] 3.2258800000
  [3,2,717] 0.0000000000
  [3,2,718] 0.0000000000
  [3,2,719] 0.0000000000
  [3,2,720] 0.0000000000
  [3,2,721] 0.0000000000
  [3,2,722] 0.0000000000
  [3,2,723] 0.0000000000
  [3,2,724] 0.0000000000
  [3,2,725] 0.0000000000
  [3,2,726] 0.0000000000
  [3,2,727] 0.0000000000
  [3,2,728] 0.0000000000
  [3,2,729] 0.0000000000
  [3,2,730] 0.0000000000
  [3,2,731] 0.0000000000
  [3,2,732] 0.0000000000
  [3,2,733] 0.0000000000
  [3,2,734] 44.3755200000
  [3,2,735] 40.7562400000
  [3,2,736] 35.1699600000
  [3,2,737] 23.3780819258
  [3,2,738] 0.0000000000
  [3,2,739] 0.0000000000
  [3,2,740] 0.0000000000
  [3,2,741] 0.0000000000
  [3,2,742] 0.0000000000
  [3,2,743] 0.0000000000
  [3,2,744] 0.0000000000
  [3,3,1] 0.0000000000
  [3,3,2] 0.0000000000
  [3,3,3] 0.0000000000
  [3,3,4] 0.0000000000
  [3,3,5] 0.0000000000
  [3,3,6] 0.0000000000
  [3,3,7] 0.0000000000
  [3,3,8] 0.0000000000
  [3,3,9] 0.0000000000
  [3,3,10] 0.0000000000
  [3,3,11] 0.0000000000
  [3,3,12] 0.0000000000
  [3,3,13] 0.0000000000
  [3,3,14] 0.0000000000
  [3,3,15] 0.0000000000
  [3,3,16] 0.0000000000
  [3,3,17] 0.0000000000
  [3,3,18] 0.0000000000
  [3,3,19] 0.0000000000
  [3,3,20] 0.0000000000
  [3,3,21] 0.0000000000
  [3,3,22] 0.0000000000
  [3,3,23] 0.0000000000
  [3,3,24] 0.0000000000
  [3,3,25] 0.0000000000
  [3,3,26] 0.0000000000
  [3,3,27] 0.0000000000
  [3,3,28] 0.0000000000
  [3,3,29] 0.0000000000
  [3,3,30] 0.0000000000
  [3,3,31] 0.0000000000
  [3,3,32] 0.0000000000
  [3,3,33] 0.0000000000
  [3,3,34] 8.1040400000
  [3,3,35] 0.0000000000
  [3,3,36] 0.0000000000
  [3,3,37] 48.8602800000
  [3,3,38] 34.3811219258
  [3,3,39] 56.5709200000
  [3,3,40] 49.8668819258
  [3,3,41] 40.3028718007
  [3,3,42] 25.0081619258
  [3,3,43] 5.8547219258
  [3,3,44] 0.0000000000
  [3,3,45] 0.0000000000
  [3,3,46] 0.0000000000
  [3,3,47] 0.0000000000
  [3,3,48] 0.0000000000
  [3,3,49] 0.0000000000
  [3,3,50] 0.0000000000
  [3,3,51] 0.0000000000
  [3,3,52] 0.0000000000
  [3,3,53] 0.0000000000
  [3,3,54] 0.0000000000
  [3,3,55] 0.0000000000
  [3,3,56] 0.0000000000
  [3,3,57] 0.2360400000
  [3,3,58] 0.0000000000
  [3,3,59] 0.0000000000
  [3,3,60] 0.0000000000
  [3,3,61] 0.0000000000
  [3,3,62] 0.0000000000
  [3,3,63] 0.0000000000
  [3,3,64] 55.0760000000
  [3,3,65] 18.4878419258
  [3,3,66] 36.8222400000
  [3,3,67] 0.0000000000
  [3,3,68] 0.0000000000
  [3,3,69] 0.0000000000
  [3,3,70] 0.0000000000
  [3,3,71] 0.0000000000
  [3,3,72] 0.0000000000
  [3,3,73] 0.0000000000
  [3,3,74] 0.0000000000
  [3,3,75] 0.0000000000
  [3,3,76] 0.0000000000
  [3,3,77] 0.0000000000
  [3,3,78] 0.0000000000
  [3,3,79] 0.0000000000
  [3,3,80] 0.0000000000
  [3,3,81] 0.1573600000
  [3,3,82] 0.0000000000
  [3,3,83] 0.0000000000
  [3,3,84] 0.0000000000
  [3,3,85] 0.0000000000
  [3,3,86] 0.0000000000
  [3,3,87] 0.0000000000
  [3,3,88] 0.0000000000
  [3,3,89] 0.0000000000
  [3,3,90] 0.0000000000
  [3,3,91] 0.0000000000
  [3,3,92] 0.0000000000
  [3,3,93] 0.0000000000
  [3,3,94] 0.0000000000
  [3,3,95] 0.0000000000
  [3,3,96] 0.0000000000
  [3,3,97] 0.0000000000
  [3,3,98] 0.0000000000
  [3,3,99] 0.0000000000
  [3,3,100] 0.0000000000
  [3,3,101] 0.0000000000
  [3,3,102] 0.0000000000
  [3,3,103] 0.0000000000
  [3,3,104] 0.0000000000
  [3,3,105] 0.0000000000
  [3,3,106] 0.0000000000
  [3,3,107] 0.0000000000
  [3,3,108] 0.0000000000
  [3,3,109] 0.0000000000
  [3,3,110] 0.0000000000
  [3,3,111] 0.0000000000
  [3,3,112] 0.0000000000
  [3,3,113] 0.0000000000
  [3,3,114] 0.0000000000
  [3,3,115] 0.0000000000
  [3,3,116] 0.0000000000
  [3,3,117] 0.0000000000
  [3,3,118] 0.0000000000
  [3,3,119] 0.0000000000
  [3,3,120] 0.0000000000
  [3,3,121] 0.0000000000
  [3,3,122] 0.0000000000
  [3,3,123] 0.0000000000
  [3,3,124] 0.0000000000
  [3,3,125] 0.0000000000
  [3,3,126] 0.0000000000
  [3,3,127] 0.0000000000
  [3,3,128] 0.0000000000
  [3,3,129] 0.0000000000
  [3,3,130] 0.0000000000
  [3,3,131] 0.0000000000
  [3,3,132] 0.0000000000
  [3,3,133] 0.0000000000
  [3,3,134] 0.0000000000
  [3,3,135] 0.0000000000
  [3,3,136] 0.0000000000
  [3,3,137] 0.0000000000
  [3,3,138] 0.0000000000
  [3,3,139] 0.0000000000
  [3,3,140] 0.0000000000
  [3,3,141] 0.0000000000
  [3,3,142] 0.0000000000
  [3,3,143] 0.0000000000
  [3,3,144] 0.0000000000
  [3,3,145] 0.0000000000
  [3,3,146] 0.0000000000
  [3,3,147] 0.0000000000
  [3,3,148] 0.0000000000
  [3,3,149] 0.0000000000
  [3,3,150] 0.0000000000
  [3,3,151] 0.0000000000
  [3,3,152] 0.0000000000
  [3,3,153] 0.0000000000
  [3,3,154] 0.0000000000
  [3,3,155] 0.0000000000
  [3,3,156] 0.0000000000
  [3,3,157] 0.0000000000
  [3,3,158] 55.7841200000
  [3,3,159] 34.7886419258
  [3,3,160] 55.4694000000
  [3,3,161] 48.9389600000
  [3,3,162] 5.0396819258
  [3,3,163] 0.0000000000
  [3,3,164] 0.0000000000
  [3,3,165] 0.0000000000
  [3,3,166] 0.0000000000
  [3,3,167] 0.0000000000
  [3,3,168] 0.0000000000
  [3,3,169] 0.0000000000
  [3,3,170] 0.0000000000
  [3,3,171] 0.0000000000
  [3,3,172] 0.0000000000
  [3,3,173] 0.0000000000
  [3,3,174] 0.0000000000
  [3,3,175] 0.0000000000
  [3,3,176] 0.0000000000
  [3,3,177] 0.0786800000
  [3,3,178] 0.0000000000
  [3,3,179] 0.0000000000
  [3,3,180] 0.0000000000
  [3,3,181] 0.0000000000
  [3,3,182] 0.0000000000
  [3,3,183] 0.0000000000
  [3,3,184] 0.0000000000
  [3,3,185] 0.0000000000
  [3,3,186] 0.0000000000
  [3,3,187] 0.0000000000
  [3,3,188] 0.0000000000
  [3,3,189] 0.0000000000
  [3,3,190] 0.0000000000
  [3,3,191] 0.0000000000
  [3,3,192] 0.0000000000
  [3,3,193] 0.0000000000
  [3,3,194] 0.0000000000
  [3,3,195] 0.0000000000
  [3,3,196] 0.0000000000
  [3,3,197] 0.0000000000
  [3,3,198] 0.0000000000
  [3,3,199] 0.0000000000
  [3,3,200] 0.0000000000
  [3,3,201] 0.0000000000
  [3,3,202] 0.0000000000
  [3,3,203] 0.0000000000
  [3,3,204] 0.0000000000
  [3,3,205] 0.0000000000
  [3,3,206] 8.9238318007
  [3,3,207] 49.3323600000
  [3,3,208] 46.8932800000
  [3,3,209] 12.7825619258
  [3,3,210] 0.0000000000
  [3,3,211] 0.0000000000
  [3,3,212] 0.0000000000
  [3,3,213] 0.0000000000
  [3,3,214] 0.0000000000
  [3,3,215] 0.0000000000
  [3,3,216] 0.0000000000
  [3,3,217] 0.0000000000
  [3,3,218] 0.0000000000
  [3,3,219] 0.0000000000
  [3,3,220] 0.0000000000
  [3,3,221] 0.0000000000
  [3,3,222] 0.0000000000
  [3,3,223] 0.0000000000
  [3,3,224] 0.0000000000
  [3,3,225] 0.0000000000
  [3,3,226] 4.6421200000
  [3,3,227] 15.1065600000
  [3,3,228] 28.6395200000
  [3,3,229] 39.4973600000
  [3,3,230] 44.6902400000
  [3,3,231] 45.9491200000
  [3,3,232] 42.8019200000
  [3,3,233] 36.2714800000
  [3,3,234] 26.7512000000
  [3,3,235] 15.4212800000
  [3,3,236] 5.6649600000
  [3,3,237] 0.0000000000
  [3,3,238] 0.0000000000
  [3,3,239] 0.0000000000
  [3,3,240] 0.0000000000
  [3,3,241] 0.0000000000
  [3,3,242] 0.0000000000
  [3,3,243] 0.0000000000
  [3,3,244] 0.0000000000
  [3,3,245] 0.0000000000
  [3,3,246] 0.0000000000
  [3,3,247] 0.0000000000
  [3,3,248] 0.0000000000
  [3,3,249] 0.0000000000
  [3,3,250] 5.3502400000
  [3,3,251] 0.0000000000
  [3,3,252] 0.0000000000
  [3,3,253] 0.0000000000
  [3,3,254] 34.6192000000
  [3,3,255] 26.8547118007
  [3,3,256] 33.5660819258
  [3,3,257] 29.0833619258
  [3,3,258] 29.2689600000
  [3,3,259] 0.0000000000
  [3,3,260] 0.0000000000
  [3,3,261] 0.0000000000
  [3,3,262] 0.0000000000
  [3,3,263] 0.0000000000
  [3,3,264] 0.0000000000
  [3,3,265] 0.0000000000
  [3,3,266] 0.0000000000
  [3,3,267] 0.0000000000
  [3,3,268] 0.0000000000
  [3,3,269] 0.0000000000
  [3,3,270] 0.0000000000
  [3,3,271] 0.0000000000
  [3,3,272] 0.0000000000
  [3,3,273] 0.0000000000
  [3,3,274] 0.0000000000
  [3,3,275] 0.0000000000
  [3,3,276] 0.0000000000
  [3,3,277] 0.0000000000
  [3,3,278] 0.0000000000
  [3,3,279] 0.0000000000
  [3,3,280] 0.0000000000
  [3,3,281] 0.0000000000
  [3,3,282] 0.0000000000
  [3,3,283] 0.0000000000
  [3,3,284] 0.0000000000
  [3,3,285] 0.0000000000
  [3,3,286] 0.0000000000
  [3,3,287] 0.0000000000
  [3,3,288] 0.0000000000
  [3,3,289] 0.0000000000
  [3,3,290] 0.0000000000
  [3,3,291] 0.0000000000
  [3,3,292] 0.0000000000
  [3,3,293] 0.0000000000
  [3,3,294] 0.0000000000
  [3,3,295] 0.0000000000
  [3,3,296] 0.0000000000
  [3,3,297] 0.0786800000
  [3,3,298] 0.0000000000
  [3,3,299] 0.0000000000
  [3,3,300] 0.0000000000
  [3,3,301] 51.5354000000
  [3,3,302] 56.4135600000
  [3,3,303] 58.0658400000
  [3,3,304] 55.7841200000
  [3,3,305] 49.8831200000
  [3,3,306] 38.9466000000
  [3,3,307] 23.1319200000
  [3,3,308] 8.6548000000
  [3,3,309] 0.0000000000
  [3,3,310] 0.0000000000
  [3,3,311] 0.0000000000
  [3,3,312] 0.0000000000
  [3,3,313] 0.0000000000
  [3,3,314] 0.0000000000
  [3,3,315] 0.0000000000
  [3,3,316] 0.0000000000
  [3,3,317] 0.0000000000
  [3,3,318] 0.0000000000
  [3,3,319] 0.0000000000
  [3,3,320] 0.0000000000
  [3,3,321] 0.0000000000
  [3,3,322] 4.0913600000
  [3,3,323] 13.8476800000
  [3,3,324] 23.6826800000
  [3,3,325] 30.0557600000
  [3,3,326] 33.4390000000
  [3,3,327] 34.7765600000
  [3,3,328] 31.7867200000
  [3,3,329] 25.0202400000
  [3,3,330] 17.9390400000
  [3,3,331] 10.3070800000
  [3,3,332] 3.5406000000
  [3,3,333] 0.0000000000
  [3,3,334] 0.0000000000
  [3,3,335] 0.0000000000
  [3,3,336] 0.0000000000
  [3,3,337] 0.0000000000
  [3,3,338] 0.0000000000
  [3,3,339] 0.0000000000
  [3,3,340] 0.0000000000
  [3,3,341] 0.0000000000
  [3,3,342] 0.0000000000
  [3,3,343] 0.0000000000
  [3,3,344] 0.0000000000
  [3,3,345] 0.0000000000
  [3,3,346] 2.3942805003
  [3,3,347] 10.7791600000
  [3,3,348] 18.8832000000
  [3,3,349] 24.9415600000
  [3,3,350] 24.8628800000
  [3,3,351] 22.5024800000
  [3,3,352] 19.1979200000
  [3,3,353] 14.7131600000
  [3,3,354] 9.2842400000
  [3,3,355] 4.6421200000
  [3,3,356] 0.9441600000
  [3,3,357] 0.0000000000
  [3,3,358] 0.0000000000
  [3,3,359] 0.0000000000
  [3,3,360] 0.0000000000
  [3,3,361] 0.0000000000
  [3,3,362] 0.0000000000
  [3,3,363] 0.0000000000
  [3,3,364] 0.0000000000
  [3,3,365] 0.0000000000
  [3,3,366] 0.0000000000
  [3,3,367] 0.0000000000
  [3,3,368] 0.0000000000
  [3,3,369] 0.0000000000
  [3,3,370] 3.6979600000
  [3,3,371] 10.5431200000
  [3,3,372] 16.8375200000
  [3,3,373] 21.3222800000
  [3,3,374] 19.9268718007
  [3,3,375] 28.0887600000
  [3,3,376] 27.9314000000
  [3,3,377] 23.8400400000
  [3,3,378] 3.2185518007
  [3,3,379] 11.0152000000
  [3,3,380] 3.9340000000
  [3,3,381] 0.0000000000
  [3,3,382] 0.0000000000
  [3,3,383] 0.0000000000
  [3,3,384] 0.0000000000
  [3,3,385] 0.0000000000
  [3,3,386] 0.0000000000
  [3,3,387] 0.0000000000
  [3,3,388] 0.0000000000
  [3,3,389] 0.0000000000
  [3,3,390] 0.0000000000
  [3,3,391] 0.0000000000
  [3,3,392] 0.0000000000
  [3,3,393] 0.0000000000
  [3,3,394] 7.3172400000
  [3,3,395] 19.6700000000
  [3,3,396] 28.4847918007
  [3,3,397] 30.1148718007
  [3,3,398] 37.5303600000
  [3,3,399] 37.2156400000
  [3,3,400] 32.0227600000
  [3,3,401] 24.3121200000
  [3,3,402] 15.8933600000
  [3,3,403] 8.2614000000
  [3,3,404] 2.1243600000
  [3,3,405] 0.0000000000
  [3,3,406] 0.0000000000
  [3,3,407] 0.0000000000
  [3,3,408] 0.0000000000
  [3,3,409] 0.0000000000
  [3,3,410] 0.0000000000
  [3,3,411] 0.0000000000
  [3,3,412] 0.0000000000
  [3,3,413] 0.0000000000
  [3,3,414] 0.0000000000
  [3,3,415] 0.0000000000
  [3,3,416] 0.0000000000
  [3,3,417] 0.0000000000
  [3,3,418] 3.8553200000
  [3,3,419] 11.4872800000
  [3,3,420] 18.8045200000
  [3,3,421] 25.4923200000
  [3,3,422] 30.0557600000
  [3,3,423] 31.4720000000
  [3,3,424] 30.3704800000
  [3,3,425] 26.2004400000
  [3,3,426] 19.1979200000
  [3,3,427] 11.0938800000
  [3,3,428] 3.4619200000
  [3,3,429] 0.0000000000
  [3,3,430] 0.0000000000
  [3,3,431] 0.0000000000
  [3,3,432] 0.0000000000
  [3,3,433] 0.0000000000
  [3,3,434] 0.0000000000
  [3,3,435] 0.0000000000
  [3,3,436] 0.0000000000
  [3,3,437] 0.0000000000
  [3,3,438] 0.0000000000
  [3,3,439] 0.0000000000
  [3,3,440] 0.0000000000
  [3,3,441] 0.0000000000
  [3,3,442] 8.8908400000
  [3,3,443] 22.1090800000
  [3,3,444] 33.8324000000
  [3,3,445] 42.1724800000
  [3,3,446] 47.4440400000
  [3,3,447] 49.3323600000
  [3,3,448] 47.7587600000
  [3,3,449] 42.9592800000
  [3,3,450] 34.0684400000
  [3,3,451] 21.0862400000
  [3,3,452] 7.3172400000
  [3,3,453] 0.0000000000
  [3,3,454] 0.0000000000
  [3,3,455] 0.0000000000
  [3,3,456] 0.0000000000
  [3,3,457] 0.0000000000
  [3,3,458] 0.0000000000
  [3,3,459] 0.0000000000
  [3,3,460] 0.0000000000
  [3,3,461] 0.0000000000
  [3,3,462] 0.0000000000
  [3,3,463] 0.0000000000
  [3,3,464] 0.0000000000
  [3,3,465] 0.0000000000
  [3,3,466] 5.0396819258
  [3,3,467] 0.0000000000
  [3,3,468] 0.0000000000
  [3,3,469] 0.0000000000
  [3,3,470] 55.6267600000
  [3,3,471] 57.2790400000
  [3,3,472] 55.1546800000
  [3,3,473] 0.0000000000
  [3,3,474] 0.0000000000
  [3,3,475] 0.0000000000
  [3,3,476] 0.0000000000
  [3,3,477] 0.0000000000
  [3,3,478] 0.0000000000
  [3,3,479] 0.0000000000
  [3,3,480] 0.0000000000
  [3,3,481] 0.0000000000
  [3,3,482] 0.0000000000
  [3,3,483] 0.0000000000
  [3,3,484] 0.0000000000
  [3,3,485] 0.0000000000
  [3,3,486] 0.0000000000
  [3,3,487] 0.0000000000
  [3,3,488] 0.0000000000
  [3,3,489] 0.0000000000
  [3,3,490] 0.0000000000
  [3,3,491] 0.0000000000
  [3,3,492] 0.0000000000
  [3,3,493] 0.0000000000
  [3,3,494] 0.0000000000
  [3,3,495] 0.0000000000
  [3,3,496] 0.0000000000
  [3,3,497] 0.0000000000
  [3,3,498] 0.0000000000
  [3,3,499] 0.0000000000
  [3,3,500] 0.0000000000
  [3,3,501] 0.0000000000
  [3,3,502] 0.0000000000
  [3,3,503] 0.0000000000
  [3,3,504] 0.0000000000
  [3,3,505] 0.0000000000
  [3,3,506] 0.0000000000
  [3,3,507] 0.0000000000
  [3,3,508] 0.0000000000
  [3,3,509] 0.0000000000
  [3,3,510] 0.0000000000
  [3,3,511] 0.0000000000
  [3,3,512] 0.0000000000
  [3,3,513] 0.0786800000
  [3,3,514] 1.7795219258
  [3,3,515] 0.0000000000
  [3,3,516] 0.0000000000
  [3,3,517] 0.0000000000
  [3,3,518] 14.4126419258
  [3,3,519] 25.4156819258
  [3,3,520] 56.8069600000
  [3,3,521] 19.9268718007
  [3,3,522] 2.1870419258
  [3,3,523] 0.0000000000
  [3,3,524] 0.0000000000
  [3,3,525] 0.0000000000
  [3,3,526] 0.0000000000
  [3,3,527] 0.0000000000
  [3,3,528] 0.0000000000
  [3,3,529] 0.0000000000
  [3,3,530] 0.0000000000
  [3,3,531] 0.0000000000
  [3,3,532] 0.0000000000
  [3,3,533] 0.0000000000
  [3,3,534] 0.0000000000
  [3,3,535] 0.0000000000
  [3,3,536] 0.0000000000
  [3,3,537] 0.0000000000
  [3,3,538] 0.0000000000
  [3,3,539] 0.0000000000
  [3,3,540] 0.0000000000
  [3,3,541] 0.0000000000
  [3,3,542] 15.0366318007
  [3,3,543] 58.5379200000
  [3,3,544] 45.7916819258
  [3,3,545] 49.8831200000
  [3,3,546] 40.2054800000
  [3,3,547] 25.5710000000
  [3,3,548] 0.0000000000
  [3,3,549] 0.0000000000
  [3,3,550] 0.0000000000
  [3,3,551] 0.0000000000
  [3,3,552] 0.0000000000
  [3,3,553] 0.0000000000
  [3,3,554] 0.0000000000
  [3,3,555] 0.0000000000
  [3,3,556] 0.0000000000
  [3,3,557] 0.0000000000
  [3,3,558] 0.0000000000
  [3,3,559] 0.0000000000
  [3,3,560] 0.0000000000
  [3,3,561] 0.0000000000
  [3,3,562] 0.0000000000
  [3,3,563] 0.0000000000
  [3,3,564] 0.0000000000
  [3,3,565] 52.3222000000
  [3,3,566] 57.2790400000
  [3,3,567] 58.6952800000
  [3,3,568] 56.5709200000
  [3,3,569] 50.9059600000
  [3,3,570] 41.1496400000
  [3,3,571] 0.0000000000
  [3,3,572] 0.0000000000
  [3,3,573] 0.0000000000
  [3,3,574] 0.0000000000
  [3,3,575] 0.0000000000
  [3,3,576] 0.0000000000
  [3,3,577] 0.0000000000
  [3,3,578] 0.0000000000
  [3,3,579] 0.0000000000
  [3,3,580] 0.0000000000
  [3,3,581] 0.0000000000
  [3,3,582] 0.0000000000
  [3,3,583] 0.0000000000
  [3,3,584] 0.0000000000
  [3,3,585] 0.0000000000
  [3,3,586] 12.6674800000
  [3,3,587] 0.0000000000
  [3,3,588] 3.4096019258
  [3,3,589] 50.8272800000
  [3,3,590] 55.7054400000
  [3,3,591] 22.5630419258
  [3,3,592] 21.3404819258
  [3,3,593] 50.5125600000
  [3,3,594] 0.0000000000
  [3,3,595] 0.0000000000
  [3,3,596] 0.0000000000
  [3,3,597] 0.0000000000
  [3,3,598] 0.0000000000
  [3,3,599] 0.0000000000
  [3,3,600] 0.0000000000
  [3,3,601] 0.0000000000
  [3,3,602] 0.0000000000
  [3,3,603] 0.0000000000
  [3,3,604] 0.0000000000
  [3,3,605] 0.0000000000
  [3,3,606] 0.0000000000
  [3,3,607] 0.0000000000
  [3,3,608] 0.0000000000
  [3,3,609] 0.0000000000
  [3,3,610] 0.0000000000
  [3,3,611] 0.0000000000
  [3,3,612] 0.0000000000
  [3,3,613] 51.2206800000
  [3,3,614] 56.0988400000
  [3,3,615] 57.3577200000
  [3,3,616] 54.1318400000
  [3,3,617] 45.3196800000
  [3,3,618] 0.0000000000
  [3,3,619] 0.0000000000
  [3,3,620] 0.0000000000
  [3,3,621] 0.0000000000
  [3,3,622] 0.0000000000
  [3,3,623] 0.0000000000
  [3,3,624] 0.0000000000
  [3,3,625] 0.0000000000
  [3,3,626] 0.0000000000
  [3,3,627] 0.0000000000
  [3,3,628] 0.0000000000
  [3,3,629] 0.0000000000
  [3,3,630] 0.0000000000
  [3,3,631] 0.0000000000
  [3,3,632] 0.0000000000
  [3,3,633] 0.0000000000
  [3,3,634] 0.0000000000
  [3,3,635] 0.0000000000
  [3,3,636] 0.0000000000
  [3,3,637] 0.0000000000
  [3,3,638] 0.0000000000
  [3,3,639] 0.0000000000
  [3,3,640] 0.0000000000
  [3,3,641] 0.0000000000
  [3,3,642] 0.0000000000
  [3,3,643] 0.0000000000
  [3,3,644] 0.0000000000
  [3,3,645] 0.0000000000
  [3,3,646] 0.0000000000
  [3,3,647] 0.0000000000
  [3,3,648] 0.0000000000
  [3,3,649] 0.0000000000
  [3,3,650] 0.0000000000
  [3,3,651] 0.0000000000
  [3,3,652] 0.0000000000
  [3,3,653] 0.0000000000
  [3,3,654] 0.0000000000
  [3,3,655] 0.0000000000
  [3,3,656] 0.0000000000
  [3,3,657] 0.0000000000
  [3,3,658] 11.0152000000
  [3,3,659] 0.0000000000
  [3,3,660] 0.0000000000
  [3,3,661] 46.8932800000
  [3,3,662] 25.0081619258
  [3,3,663] 33.9736019258
  [3,3,664] 52.6369200000
  [3,3,665] 31.5284819258
  [3,3,666] 18.0803219258
  [3,3,667] 0.0000000000
  [3,3,668] 0.0000000000
  [3,3,669] 0.0000000000
  [3,3,670] 0.0000000000
  [3,3,671] 0.0000000000
  [3,3,672] 0.0000000000
  [3,3,673] 0.0000000000
  [3,3,674] 0.0000000000
  [3,3,675] 0.0000000000
  [3,3,676] 0.0000000000
  [3,3,677] 0.0000000000
  [3,3,678] 0.0000000000
  [3,3,679] 0.0000000000
  [3,3,680] 0.0000000000
  [3,3,681] 0.0000000000
  [3,3,682] 12.6674800000
  [3,3,683] 0.0000000000
  [3,3,684] 0.0000000000
  [3,3,685] 0.0000000000
  [3,3,686] 8.7073619258
  [3,3,687] 26.2307219258
  [3,3,688] 54.6826000000
  [3,3,689] 48.7029200000
  [3,3,690] 39.3400000000
  [3,3,691] 0.0000000000
  [3,3,692] 0.0000000000
  [3,3,693] 0.0000000000
  [3,3,694] 0.0000000000
  [3,3,695] 0.0000000000
  [3,3,696] 0.0000000000
  [3,3,697] 0.0000000000
  [3,3,698] 0.0000000000
  [3,3,699] 0.0000000000
  [3,3,700] 0.0000000000
  [3,3,701] 0.0000000000
  [3,3,702] 0.0000000000
  [3,3,703] 0.0000000000
  [3,3,704] 0.0000000000
  [3,3,705] 0.0000000000
  [3,3,706] 7.3959200000
  [3,3,707] 0.0000000000
  [3,3,708] 0.0000000000
  [3,3,709] 0.0000000000
  [3,3,710] 33.4390000000
  [3,3,711] 20.1179219258
  [3,3,712] 27.4593200000
  [3,3,713] 23.6040000000
  [3,3,714] 17.5456400000
  [3,3,715] 10.3070800000
  [3,3,716] 3.2258800000
  [3,3,717] 0.0000000000
  [3,3,718] 0.0000000000
  [3,3,719] 0.0000000000
  [3,3,720] 0.0000000000
  [3,3,721] 0.0000000000
  [3,3,722] 0.0000000000
  [3,3,723] 0.0000000000
  [3,3,724] 0.0000000000
  [3,3,725] 0.0000000000
  [3,3,726] 0.0000000000
  [3,3,727] 0.0000000000
  [3,3,728] 0.0000000000
  [3,3,729] 0.0000000000
  [3,3,730] 0.0000000000
  [3,3,731] 0.0000000000
  [3,3,732] 0.0000000000
  [3,3,733] 0.0000000000
  [3,3,734] 44.3755200000
  [3,3,735] 33.5660819258
  [3,3,736] 35.1699600000
  [3,3,737] 23.3780819258
  [3,3,738] 0.0000000000
  [3,3,739] 0.0000000000
  [3,3,740] 0.0000000000
  [3,3,741] 0.0000000000
  [3,3,742] 0.0000000000
  [3,3,743] 0.0000000000
  [3,3,744] 0.0000000000
  [9,1,1] 0.0000000000
  [9,1,2] 0.0000000000
  [9,1,3] 0.0000000000
  [9,1,4] 0.0000000000
  [9,1,5] 0.0000000000
  [9,1,6] 0.0000000000
  [9,1,7] 0.0000000000
  [9,1,8] 0.0000000000
  [9,1,9] 0.0000000000
  [9,1,10] 0.0000000000
  [9,1,11] 0.0000000000
  [9,1,12] 0.0000000000
  [9,1,13] 0.0000000000
  [9,1,14] 0.0000000000
  [9,1,15] 0.0000000000
  [9,1,16] 0.0000000000
  [9,1,17] 0.0000000000
  [9,1,18] 0.0000000000
  [9,1,19] 0.0000000000
  [9,1,20] 0.0000000000
  [9,1,21] 0.0000000000
  [9,1,22] 0.0000000000
  [9,1,23] 0.0000000000
  [9,1,24] 0.0000000000
  [9,1,25] 0.0000000000
  [9,1,26] 0.0000000000
  [9,1,27] 0.0000000000
  [9,1,28] 0.0000000000
  [9,1,29] 0.0000000000
  [9,1,30] 0.0000000000
  [9,1,31] 0.0000000000
  [9,1,32] 0.0000000000
  [9,1,33] 0.0000000000
  [9,1,34] 0.0000000000
  [9,1,35] 0.0000000000
  [9,1,36] 0.0000000000
  [9,1,37] 0.0000000000
  [9,1,38] 0.0000000000
  [9,1,39] 0.0000000000
  [9,1,40] 0.0000000000
  [9,1,41] 0.0000000000
  [9,1,42] 0.0000000000
  [9,1,43] 0.0000000000
  [9,1,44] 0.0000000000
  [9,1,45] 0.0000000000
  [9,1,46] 0.0000000000
  [9,1,47] 0.0000000000
  [9,1,48] 0.0000000000
  [9,1,49] 0.0000000000
  [9,1,50] 0.0000000000
  [9,1,51] 0.0000000000
  [9,1,52] 0.0000000000
  [9,1,53] 0.0000000000
  [9,1,54] 0.0000000000
  [9,1,55] 0.0000000000
  [9,1,56] 0.0000000000
  [9,1,57] 0.0000000000
  [9,1,58] 0.0000000000
  [9,1,59] 0.0000000000
  [9,1,60] 0.0000000000
  [9,1,61] 0.0000000000
  [9,1,62] 0.0000000000
  [9,1,63] 0.0000000000
  [9,1,64] 0.0000000000
  [9,1,65] 0.0000000000
  [9,1,66] 0.0000000000
  [9,1,67] 0.0000000000
  [9,1,68] 0.0000000000
  [9,1,69] 0.0000000000
  [9,1,70] 0.0000000000
  [9,1,71] 0.0000000000
  [9,1,72] 0.0000000000
  [9,1,73] 0.0000000000
  [9,1,74] 0.0000000000
  [9,1,75] 0.0000000000
  [9,1,76] 0.0000000000
  [9,1,77] 0.0000000000
  [9,1,78] 0.0000000000
  [9,1,79] 0.0000000000
  [9,1,80] 0.0000000000
  [9,1,81] 0.0000000000
  [9,1,82] 0.0000000000
  [9,1,83] 0.0000000000
  [9,1,84] 0.0000000000
  [9,1,85] 0.0000000000
  [9,1,86] 0.0000000000
  [9,1,87] 0.0000000000
  [9,1,88] 0.0000000000
  [9,1,89] 0.0000000000
  [9,1,90] 0.0000000000
  [9,1,91] 0.0000000000
  [9,1,92] 0.0000000000
  [9,1,93] 0.0000000000
  [9,1,94] 0.0000000000
  [9,1,95] 0.0000000000
  [9,1,96] 0.0000000000
  [9,1,97] 0.0000000000
  [9,1,98] 0.0000000000
  [9,1,99] 0.0000000000
  [9,1,100] 0.0000000000
  [9,1,101] 0.0000000000
  [9,1,102] 0.0000000000
  [9,1,103] 0.0000000000
  [9,1,104] 0.0000000000
  [9,1,105] 0.0000000000
  [9,1,106] 0.0000000000
  [9,1,107] 0.0000000000
  [9,1,108] 0.0000000000
  [9,1,109] 0.0000000000
  [9,1,110] 0.0000000000
  [9,1,111] 0.0000000000
  [9,1,112] 0.0000000000
  [9,1,113] 0.0000000000
  [9,1,114] 0.0000000000
  [9,1,115] 0.0000000000
  [9,1,116] 0.0000000000
  [9,1,117] 0.0000000000
  [9,1,118] 0.0000000000
  [9,1,119] 0.0000000000
  [9,1,120] 0.0000000000
  [9,1,121] 0.0000000000
  [9,1,122] 0.0000000000
  [9,1,123] 0.0000000000
  [9,1,124] 0.0000000000
  [9,1,125] 0.0000000000
  [9,1,126] 0.0000000000
  [9,1,127] 0.0000000000
  [9,1,128] 0.0000000000
  [9,1,129] 0.0000000000
  [9,1,130] 0.0000000000
  [9,1,131] 0.0000000000
  [9,1,132] 0.0000000000
  [9,1,133] 0.0000000000
  [9,1,134] 0.0000000000
  [9,1,135] 0.0000000000
  [9,1,136] 0.0000000000
  [9,1,137] 0.0000000000
  [9,1,138] 0.0000000000
  [9,1,139] 0.0000000000
  [9,1,140] 0.0000000000
  [9,1,141] 0.0000000000
  [9,1,142] 0.0000000000
  [9,1,143] 0.0000000000
  [9,1,144] 0.0000000000
  [9,1,145] 0.0000000000
  [9,1,146] 0.0000000000
  [9,1,147] 0.0000000000
  [9,1,148] 0.0000000000
  [9,1,149] 0.0000000000
  [9,1,150] 0.0000000000
  [9,1,151] 0.0000000000
  [9,1,152] 0.0000000000
  [9,1,153] 0.0000000000
  [9,1,154] 0.0000000000
  [9,1,155] 0.0000000000
  [9,1,156] 0.0000000000
  [9,1,157] 0.0000000000
  [9,1,158] 0.0000000000
  [9,1,159] 0.0000000000
  [9,1,160] 0.0000000000
  [9,1,161] 0.0000000000
  [9,1,162] 0.0000000000
  [9,1,163] 0.0000000000
  [9,1,164] 0.0000000000
  [9,1,165] 0.0000000000
  [9,1,166] 0.0000000000
  [9,1,167] 0.0000000000
  [9,1,168] 0.0000000000
  [9,1,169] 0.0000000000
  [9,1,170] 0.0000000000
  [9,1,171] 0.0000000000
  [9,1,172] 0.0000000000
  [9,1,173] 0.0000000000
  [9,1,174] 0.0000000000
  [9,1,175] 0.0000000000
  [9,1,176] 0.0000000000
  [9,1,177] 0.0000000000
  [9,1,178] 0.0000000000
  [9,1,179] 0.0000000000
  [9,1,180] 0.0000000000
  [9,1,181] 0.0000000000
  [9,1,182] 0.0000000000
  [9,1,183] 0.0000000000
  [9,1,184] 0.0000000000
  [9,1,185] 0.0000000000
  [9,1,186] 0.0000000000
  [9,1,187] 0.0000000000
  [9,1,188] 0.0000000000
  [9,1,189] 0.0000000000
  [9,1,190] 0.0000000000
  [9,1,191] 0.0000000000
  [9,1,192] 0.0000000000
  [9,1,193] 0.0000000000
  [9,1,194] 0.0000000000
  [9,1,195] 0.0000000000
  [9,1,196] 0.0000000000
  [9,1,197] 0.0000000000
  [9,1,198] 0.0000000000
  [9,1,199] 0.0000000000
  [9,1,200] 0.0000000000
  [9,1,201] 0.0000000000
  [9,1,202] 0.0000000000
  [9,1,203] 0.0000000000
  [9,1,204] 0.0000000000
  [9,1,205] 0.0000000000
  [9,1,206] 0.0000000000
  [9,1,207] 0.0000000000
  [9,1,208] 0.0000000000
  [9,1,209] 0.0000000000
  [9,1,210] 0.0000000000
  [9,1,211] 0.0000000000
  [9,1,212] 0.0000000000
  [9,1,213] 0.0000000000
  [9,1,214] 0.0000000000
  [9,1,215] 0.0000000000
  [9,1,216] 0.0000000000
  [9,1,217] 0.0000000000
  [9,1,218] 0.0000000000
  [9,1,219] 0.0000000000
  [9,1,220] 0.0000000000
  [9,1,221] 0.0000000000
  [9,1,222] 0.0000000000
  [9,1,223] 0.0000000000
  [9,1,224] 0.0000000000
  [9,1,225] 0.0000000000
  [9,1,226] 0.0000000000
  [9,1,227] 0.0000000000
  [9,1,228] 0.0000000000
  [9,1,229] 0.0000000000
  [9,1,230] 0.0000000000
  [9,1,231] 0.0000000000
  [9,1,232] 0.0000000000
  [9,1,233] 0.0000000000
  [9,1,234] 0.0000000000
  [9,1,235] 0.0000000000
  [9,1,236] 0.0000000000
  [9,1,237] 0.0000000000
  [9,1,238] 0.0000000000
  [9,1,239] 0.0000000000
  [9,1,240] 0.0000000000
  [9,1,241] 0.0000000000
  [9,1,242] 0.0000000000
  [9,1,243] 0.0000000000
  [9,1,244] 0.0000000000
  [9,1,245] 0.0000000000
  [9,1,246] 0.0000000000
  [9,1,247] 0.0000000000
  [9,1,248] 0.0000000000
  [9,1,249] 0.0000000000
  [9,1,250] 0.0000000000
  [9,1,251] 0.0000000000
  [9,1,252] 0.0000000000
  [9,1,253] 0.0000000000
  [9,1,254] 0.0000000000
  [9,1,255] 0.0000000000
  [9,1,256] 0.0000000000
  [9,1,257] 0.0000000000
  [9,1,258] 0.0000000000
  [9,1,259] 0.0000000000
  [9,1,260] 0.0000000000
  [9,1,261] 0.0000000000
  [9,1,262] 0.0000000000
  [9,1,263] 0.0000000000
  [9,1,264] 0.0000000000
  [9,1,265] 0.0000000000
  [9,1,266] 0.0000000000
  [9,1,267] 0.0000000000
  [9,1,268] 0.0000000000
  [9,1,269] 0.0000000000
  [9,1,270] 0.0000000000
  [9,1,271] 0.0000000000
  [9,1,272] 0.0000000000
  [9,1,273] 0.0000000000
  [9,1,274] 0.0000000000
  [9,1,275] 0.0000000000
  [9,1,276] 0.0000000000
  [9,1,277] 0.0000000000
  [9,1,278] 0.0000000000
  [9,1,279] 0.0000000000
  [9,1,280] 0.0000000000
  [9,1,281] 0.0000000000
  [9,1,282] 0.0000000000
  [9,1,283] 0.0000000000
  [9,1,284] 0.0000000000
  [9,1,285] 0.0000000000
  [9,1,286] 0.0000000000
  [9,1,287] 0.0000000000
  [9,1,288] 0.0000000000
  [9,1,289] 0.0000000000
  [9,1,290] 0.0000000000
  [9,1,291] 0.0000000000
  [9,1,292] 0.0000000000
  [9,1,293] 0.0000000000
  [9,1,294] 0.0000000000
  [9,1,295] 0.0000000000
  [9,1,296] 0.0000000000
  [9,1,297] 0.0000000000
  [9,1,298] 0.0000000000
  [9,1,299] 0.0000000000
  [9,1,300] 0.0000000000
  [9,1,301] 0.0000000000
  [9,1,302] 0.0000000000
  [9,1,303] 0.0000000000
  [9,1,304] 0.0000000000
  [9,1,305] 0.0000000000
  [9,1,306] 0.0000000000
  [9,1,307] 0.0000000000
  [9,1,308] 0.0000000000
  [9,1,309] 0.0000000000
  [9,1,310] 0.0000000000
  [9,1,311] 0.0000000000
  [9,1,312] 0.0000000000
  [9,1,313] 0.0000000000
  [9,1,314] 0.0000000000
  [9,1,315] 0.0000000000
  [9,1,316] 0.0000000000
  [9,1,317] 0.0000000000
  [9,1,318] 0.0000000000
  [9,1,319] 0.0000000000
  [9,1,320] 0.0000000000
  [9,1,321] 0.0000000000
  [9,1,322] 0.0000000000
  [9,1,323] 0.0000000000
  [9,1,324] 0.0000000000
  [9,1,325] 0.0000000000
  [9,1,326] 0.0000000000
  [9,1,327] 0.0000000000
  [9,1,328] 0.0000000000
  [9,1,329] 2.5945619258
  [9,1,330] 0.0000000000
  [9,1,331] 0.0000000000
  [9,1,332] 0.0000000000
  [9,1,333] 0.0000000000
  [9,1,334] 0.0000000000
  [9,1,335] 0.0000000000
  [9,1,336] 0.0000000000
  [9,1,337] 0.0000000000
  [9,1,338] 0.0000000000
  [9,1,339] 0.0000000000
  [9,1,340] 0.0000000000
  [9,1,341] 0.0000000000
  [9,1,342] 0.0000000000
  [9,1,343] 0.0000000000
  [9,1,344] 0.0000000000
  [9,1,345] 0.0000000000
  [9,1,346] 0.0000000000
  [9,1,347] 0.0000000000
  [9,1,348] 0.0000000000
  [9,1,349] 0.0000000000
  [9,1,350] 0.0000000000
  [9,1,351] 0.0000000000
  [9,1,352] 0.0000000000
  [9,1,353] 0.0000000000
  [9,1,354] 0.0000000000
  [9,1,355] 0.0000000000
  [9,1,356] 0.0000000000
  [9,1,357] 0.0000000000
  [9,1,358] 0.0000000000
  [9,1,359] 0.0000000000
  [9,1,360] 0.0000000000
  [9,1,361] 0.0000000000
  [9,1,362] 0.0000000000
  [9,1,363] 0.0000000000
  [9,1,364] 0.0000000000
  [9,1,365] 0.0000000000
  [9,1,366] 0.0000000000
  [9,1,367] 0.0000000000
  [9,1,368] 0.0000000000
  [9,1,369] 0.0000000000
  [9,1,370] 0.0000000000
  [9,1,371] 0.0000000000
  [9,1,372] 0.0000000000
  [9,1,373] 0.0000000000
  [9,1,374] 0.0000000000
  [9,1,375] 0.0000000000
  [9,1,376] 0.0000000000
  [9,1,377] 0.0000000000
  [9,1,378] 0.0000000000
  [9,1,379] 0.0000000000
  [9,1,380] 0.0000000000
  [9,1,381] 0.0000000000
  [9,1,382] 0.0000000000
  [9,1,383] 0.0000000000
  [9,1,384] 0.0000000000
  [9,1,385] 0.0000000000
  [9,1,386] 0.0000000000
  [9,1,387] 0.0000000000
  [9,1,388] 0.0000000000
  [9,1,389] 0.0000000000
  [9,1,390] 0.0000000000
  [9,1,391] 0.0000000000
  [9,1,392] 0.0000000000
  [9,1,393] 0.0000000000
  [9,1,394] 0.0000000000
  [9,1,395] 0.0000000000
  [9,1,396] 0.0000000000
  [9,1,397] 0.0000000000
  [9,1,398] 0.0000000000
  [9,1,399] 0.0000000000
  [9,1,400] 0.0000000000
  [9,1,401] 0.0000000000
  [9,1,402] 0.0000000000
  [9,1,403] 0.0000000000
  [9,1,404] 0.0000000000
  [9,1,405] 0.0000000000
  [9,1,406] 0.0000000000
  [9,1,407] 0.0000000000
  [9,1,408] 0.0000000000
  [9,1,409] 0.0000000000
  [9,1,410] 0.0000000000
  [9,1,411] 0.0000000000
  [9,1,412] 0.0000000000
  [9,1,413] 0.0000000000
  [9,1,414] 0.0000000000
  [9,1,415] 0.0000000000
  [9,1,416] 0.0000000000
  [9,1,417] 0.0000000000
  [9,1,418] 0.0000000000
  [9,1,419] 0.0000000000
  [9,1,420] 0.0000000000
  [9,1,421] 0.0000000000
  [9,1,422] 0.0000000000
  [9,1,423] 0.0000000000
  [9,1,424] 0.0000000000
  [9,1,425] 0.0000000000
  [9,1,426] 0.0000000000
  [9,1,427] 0.0000000000
  [9,1,428] 0.0000000000
  [9,1,429] 0.0000000000
  [9,1,430] 0.0000000000
  [9,1,431] 0.0000000000
  [9,1,432] 0.0000000000
  [9,1,433] 0.0000000000
  [9,1,434] 0.0000000000
  [9,1,435] 0.0000000000
  [9,1,436] 0.0000000000
  [9,1,437] 0.0000000000
  [9,1,438] 0.0000000000
  [9,1,439] 0.0000000000
  [9,1,440] 0.0000000000
  [9,1,441] 0.0000000000
  [9,1,442] 0.0000000000
  [9,1,443] 0.0000000000
  [9,1,444] 0.0000000000
  [9,1,445] 0.0000000000
  [9,1,446] 0.0000000000
  [9,1,447] 0.0000000000
  [9,1,448] 0.0000000000
  [9,1,449] 0.0000000000
  [9,1,450] 0.0000000000
  [9,1,451] 0.0000000000
  [9,1,452] 0.0000000000
  [9,1,453] 0.0000000000
  [9,1,454] 0.0000000000
  [9,1,455] 0.0000000000
  [9,1,456] 0.0000000000
  [9,1,457] 0.0000000000
  [9,1,458] 0.0000000000
  [9,1,459] 0.0000000000
  [9,1,460] 0.0000000000
  [9,1,461] 0.0000000000
  [9,1,462] 0.0000000000
  [9,1,463] 0.0000000000
  [9,1,464] 0.0000000000
  [9,1,465] 0.0000000000
  [9,1,466] 0.0000000000
  [9,1,467] 0.0000000000
  [9,1,468] 0.0000000000
  [9,1,469] 0.0000000000
  [9,1,470] 0.0000000000
  [9,1,471] 0.0000000000
  [9,1,472] 0.0000000000
  [9,1,473] 0.0000000000
  [9,1,474] 0.0000000000
  [9,1,475] 0.0000000000
  [9,1,476] 0.0000000000
  [9,1,477] 0.0000000000
  [9,1,478] 0.0000000000
  [9,1,479] 0.0000000000
  [9,1,480] 0.0000000000
  [9,1,481] 0.0000000000
  [9,1,482] 0.0000000000
  [9,1,483] 0.0000000000
  [9,1,484] 0.0000000000
  [9,1,485] 0.0000000000
  [9,1,486] 0.0000000000
  [9,1,487] 0.0000000000
  [9,1,488] 0.0000000000
  [9,1,489] 0.0000000000
  [9,1,490] 0.0000000000
  [9,1,491] 0.0000000000
  [9,1,492] 0.0000000000
  [9,1,493] 0.0000000000
  [9,1,494] 0.0000000000
  [9,1,495] 0.0000000000
  [9,1,496] 0.0000000000
  [9,1,497] 0.0000000000
  [9,1,498] 0.0000000000
  [9,1,499] 0.0000000000
  [9,1,500] 0.0000000000
  [9,1,501] 0.0000000000
  [9,1,502] 0.0000000000
  [9,1,503] 0.0000000000
  [9,1,504] 0.0000000000
  [9,1,505] 0.0000000000
  [9,1,506] 0.0000000000
  [9,1,507] 0.0000000000
  [9,1,508] 0.0000000000
  [9,1,509] 0.0000000000
  [9,1,510] 0.0000000000
  [9,1,511] 0.0000000000
  [9,1,512] 0.0000000000
  [9,1,513] 0.0000000000
  [9,1,514] 0.0000000000
  [9,1,515] 0.0000000000
  [9,1,516] 0.0000000000
  [9,1,517] 0.0000000000
  [9,1,518] 0.0000000000
  [9,1,519] 0.0000000000
  [9,1,520] 0.0000000000
  [9,1,521] 0.0000000000
  [9,1,522] 0.0000000000
  [9,1,523] 0.0000000000
  [9,1,524] 0.0000000000
  [9,1,525] 0.0000000000
  [9,1,526] 0.0000000000
  [9,1,527] 0.0000000000
  [9,1,528] 0.0000000000
  [9,1,529] 0.0000000000
  [9,1,530] 0.0000000000
  [9,1,531] 0.0000000000
  [9,1,532] 0.0000000000
  [9,1,533] 0.0000000000
  [9,1,534] 0.0000000000
  [9,1,535] 0.0000000000
  [9,1,536] 0.0000000000
  [9,1,537] 0.0000000000
  [9,1,538] 0.0000000000
  [9,1,539] 0.0000000000
  [9,1,540] 0.0000000000
  [9,1,541] 0.0000000000
  [9,1,542] 0.0000000000
  [9,1,543] 0.0000000000
  [9,1,544] 0.0000000000
  [9,1,545] 0.0000000000
  [9,1,546] 0.0000000000
  [9,1,547] 0.0000000000
  [9,1,548] 0.0000000000
  [9,1,549] 0.0000000000
  [9,1,550] 0.0000000000
  [9,1,551] 0.0000000000
  [9,1,552] 0.0000000000
  [9,1,553] 0.0000000000
  [9,1,554] 0.0000000000
  [9,1,555] 0.0000000000
  [9,1,556] 0.0000000000
  [9,1,557] 0.0000000000
  [9,1,558] 0.0000000000
  [9,1,559] 0.0000000000
  [9,1,560] 0.0000000000
  [9,1,561] 0.0000000000
  [9,1,562] 0.0000000000
  [9,1,563] 0.0000000000
  [9,1,564] 0.0000000000
  [9,1,565] 0.0000000000
  [9,1,566] 0.0000000000
  [9,1,567] 0.0000000000
  [9,1,568] 0.0000000000
  [9,1,569] 0.0000000000
  [9,1,570] 0.0000000000
  [9,1,571] 0.0000000000
  [9,1,572] 0.0000000000
  [9,1,573] 0.0000000000
  [9,1,574] 0.0000000000
  [9,1,575] 0.0000000000
  [9,1,576] 0.0000000000
  [9,1,577] 0.0000000000
  [9,1,578] 0.0000000000
  [9,1,579] 0.0000000000
  [9,1,580] 0.0000000000
  [9,1,581] 0.0000000000
  [9,1,582] 0.0000000000
  [9,1,583] 0.0000000000
  [9,1,584] 0.0000000000
  [9,1,585] 0.0000000000
  [9,1,586] 0.0000000000
  [9,1,587] 0.0000000000
  [9,1,588] 0.0000000000
  [9,1,589] 0.0000000000
  [9,1,590] 0.0000000000
  [9,1,591] 0.0000000000
  [9,1,592] 0.0000000000
  [9,1,593] 0.0000000000
  [9,1,594] 0.0000000000
  [9,1,595] 0.0000000000
  [9,1,596] 0.0000000000
  [9,1,597] 0.0000000000
  [9,1,598] 0.0000000000
  [9,1,599] 0.0000000000
  [9,1,600] 0.0000000000
  [9,1,601] 0.0000000000
  [9,1,602] 0.0000000000
  [9,1,603] 0.0000000000
  [9,1,604] 0.0000000000
  [9,1,605] 0.0000000000
  [9,1,606] 0.0000000000
  [9,1,607] 0.0000000000
  [9,1,608] 0.0000000000
  [9,1,609] 0.0000000000
  [9,1,610] 0.0000000000
  [9,1,611] 0.0000000000
  [9,1,612] 0.0000000000
  [9,1,613] 0.0000000000
  [9,1,614] 0.0000000000
  [9,1,615] 0.0000000000
  [9,1,616] 0.0000000000
  [9,1,617] 0.0000000000
  [9,1,618] 0.0000000000
  [9,1,619] 0.0000000000
  [9,1,620] 0.0000000000
  [9,1,621] 0.0000000000
  [9,1,622] 0.0000000000
  [9,1,623] 0.0000000000
  [9,1,624] 0.0000000000
  [9,1,625] 0.0000000000
  [9,1,626] 0.0000000000
  [9,1,627] 0.0000000000
  [9,1,628] 0.0000000000
  [9,1,629] 0.0000000000
  [9,1,630] 0.0000000000
  [9,1,631] 0.0000000000
  [9,1,632] 0.0000000000
  [9,1,633] 0.0000000000
  [9,1,634] 0.0000000000
  [9,1,635] 0.0000000000
  [9,1,636] 0.0000000000
  [9,1,637] 0.0000000000
  [9,1,638] 0.0000000000
  [9,1,639] 0.0000000000
  [9,1,640] 0.0000000000
  [9,1,641] 0.0000000000
  [9,1,642] 0.0000000000
  [9,1,643] 0.0000000000
  [9,1,644] 0.0000000000
  [9,1,645] 0.0000000000
  [9,1,646] 0.0000000000
  [9,1,647] 0.0000000000
  [9,1,648] 0.0000000000
  [9,1,649] 0.0000000000
  [9,1,650] 0.0000000000
  [9,1,651] 0.0000000000
  [9,1,652] 0.0000000000
  [9,1,653] 0.0000000000
  [9,1,654] 0.0000000000
  [9,1,655] 0.0000000000
  [9,1,656] 0.0000000000
  [9,1,657] 0.0000000000
  [9,1,658] 0.0000000000
  [9,1,659] 0.0000000000
  [9,1,660] 0.0000000000
  [9,1,661] 0.0000000000
  [9,1,662] 0.0000000000
  [9,1,663] 0.0000000000
  [9,1,664] 0.0000000000
  [9,1,665] 0.0000000000
  [9,1,666] 0.0000000000
  [9,1,667] 0.0000000000
  [9,1,668] 0.0000000000
  [9,1,669] 0.0000000000
  [9,1,670] 0.0000000000
  [9,1,671] 0.0000000000
  [9,1,672] 0.0000000000
  [9,1,673] 0.0000000000
  [9,1,674] 0.0000000000
  [9,1,675] 0.0000000000
  [9,1,676] 0.0000000000
  [9,1,677] 0.0000000000
  [9,1,678] 0.0000000000
  [9,1,679] 0.0000000000
  [9,1,680] 0.0000000000
  [9,1,681] 0.0000000000
  [9,1,682] 0.0000000000
  [9,1,683] 0.0000000000
  [9,1,684] 0.0000000000
  [9,1,685] 0.0000000000
  [9,1,686] 0.0000000000
  [9,1,687] 0.0000000000
  [9,1,688] 0.0000000000
  [9,1,689] 0.0000000000
  [9,1,690] 0.0000000000
  [9,1,691] 0.0000000000
  [9,1,692] 0.0000000000
  [9,1,693] 0.0000000000
  [9,1,694] 0.0000000000
  [9,1,695] 0.0000000000
  [9,1,696] 0.0000000000
  [9,1,697] 0.0000000000
  [9,1,698] 0.0000000000
  [9,1,699] 0.0000000000
  [9,1,700] 0.0000000000
  [9,1,701] 0.0000000000
  [9,1,702] 0.0000000000
  [9,1,703] 0.0000000000
  [9,1,704] 0.0000000000
  [9,1,705] 0.0000000000
  [9,1,706] 0.0000000000
  [9,1,707] 0.0000000000
  [9,1,708] 0.0000000000
  [9,1,709] 0.0000000000
  [9,1,710] 0.0000000000
  [9,1,711] 0.0000000000
  [9,1,712] 0.0000000000
  [9,1,713] 0.0000000000
  [9,1,714] 0.0000000000
  [9,1,715] 0.0000000000
  [9,1,716] 0.0000000000
  [9,1,717] 0.0000000000
  [9,1,718] 0.0000000000
  [9,1,719] 0.0000000000
  [9,1,720] 0.0000000000
  [9,2,1] 0.0000000000
  [9,2,2] 0.0000000000
  [9,2,3] 0.0000000000
  [9,2,4] 0.0000000000
  [9,2,5] 0.0000000000
  [9,2,6] 0.0000000000
  [9,2,7] 0.0000000000
  [9,2,8] 0.0000000000
  [9,2,9] 0.0000000000
  [9,2,10] 0.0000000000
  [9,2,11] 0.0000000000
  [9,2,12] 0.0000000000
  [9,2,13] 0.0000000000
  [9,2,14] 0.0000000000
  [9,2,15] 0.0000000000
  [9,2,16] 0.0000000000
  [9,2,17] 0.0000000000
  [9,2,18] 0.0000000000
  [9,2,19] 0.0000000000
  [9,2,20] 0.0000000000
  [9,2,21] 0.0000000000
  [9,2,22] 0.0000000000
  [9,2,23] 0.0000000000
  [9,2,24] 0.0000000000
  [9,2,25] 0.0000000000
  [9,2,26] 0.0000000000
  [9,2,27] 0.0000000000
  [9,2,28] 0.0000000000
  [9,2,29] 0.0000000000
  [9,2,30] 0.0000000000
  [9,2,31] 0.0000000000
  [9,2,32] 0.0000000000
  [9,2,33] 0.0000000000
  [9,2,34] 0.0000000000
  [9,2,35] 0.0000000000
  [9,2,36] 0.0000000000
  [9,2,37] 0.0000000000
  [9,2,38] 0.0000000000
  [9,2,39] 0.0000000000
  [9,2,40] 0.0000000000
  [9,2,41] 0.0000000000
  [9,2,42] 0.0000000000
  [9,2,43] 0.0000000000
  [9,2,44] 0.0000000000
  [9,2,45] 0.0000000000
  [9,2,46] 0.0000000000
  [9,2,47] 0.0000000000
  [9,2,48] 0.0000000000
  [9,2,49] 0.0000000000
  [9,2,50] 0.0000000000
  [9,2,51] 0.0000000000
  [9,2,52] 0.0000000000
  [9,2,53] 0.0000000000
  [9,2,54] 0.0000000000
  [9,2,55] 0.0000000000
  [9,2,56] 0.0000000000
  [9,2,57] 0.0000000000
  [9,2,58] 0.0000000000
  [9,2,59] 0.0000000000
  [9,2,60] 0.0000000000
  [9,2,61] 0.0000000000
  [9,2,62] 0.0000000000
  [9,2,63] 0.0000000000
  [9,2,64] 0.0000000000
  [9,2,65] 0.0000000000
  [9,2,66] 0.0000000000
  [9,2,67] 0.0000000000
  [9,2,68] 0.0000000000
  [9,2,69] 0.0000000000
  [9,2,70] 0.0000000000
  [9,2,71] 0.0000000000
  [9,2,72] 0.0000000000
  [9,2,73] 0.0000000000
  [9,2,74] 0.0000000000
  [9,2,75] 0.0000000000
  [9,2,76] 0.0000000000
  [9,2,77] 0.0000000000
  [9,2,78] 0.0000000000
  [9,2,79] 0.0000000000
  [9,2,80] 0.0000000000
  [9,2,81] 0.0000000000
  [9,2,82] 0.0000000000
  [9,2,83] 0.0000000000
  [9,2,84] 0.0000000000
  [9,2,85] 0.0000000000
  [9,2,86] 0.0000000000
  [9,2,87] 0.0000000000
  [9,2,88] 0.0000000000
  [9,2,89] 0.0000000000
  [9,2,90] 0.0000000000
  [9,2,91] 0.0000000000
  [9,2,92] 0.0000000000
  [9,2,93] 0.0000000000
  [9,2,94] 0.0000000000
  [9,2,95] 0.0000000000
  [9,2,96] 0.0000000000
  [9,2,97] 0.0000000000
  [9,2,98] 0.0000000000
  [9,2,99] 0.0000000000
  [9,2,100] 0.0000000000
  [9,2,101] 0.0000000000
  [9,2,102] 0.0000000000
  [9,2,103] 0.0000000000
  [9,2,104] 0.0000000000
  [9,2,105] 0.0000000000
  [9,2,106] 0.0000000000
  [9,2,107] 0.0000000000
  [9,2,108] 0.0000000000
  [9,2,109] 0.0000000000
  [9,2,110] 0.0000000000
  [9,2,111] 0.0000000000
  [9,2,112] 0.0000000000
  [9,2,113] 0.0000000000
  [9,2,114] 0.0000000000
  [9,2,115] 0.0000000000
  [9,2,116] 0.0000000000
  [9,2,117] 0.0000000000
  [9,2,118] 0.0000000000
  [9,2,119] 0.0000000000
  [9,2,120] 0.0000000000
  [9,2,121] 0.0000000000
  [9,2,122] 0.0000000000
  [9,2,123] 0.0000000000
  [9,2,124] 0.0000000000
  [9,2,125] 0.0000000000
  [9,2,126] 0.0000000000
  [9,2,127] 0.0000000000
  [9,2,128] 0.0000000000
  [9,2,129] 0.0000000000
  [9,2,130] 0.0000000000
  [9,2,131] 0.0000000000
  [9,2,132] 0.0000000000
  [9,2,133] 0.0000000000
  [9,2,134] 0.0000000000
  [9,2,135] 0.0000000000
  [9,2,136] 0.0000000000
  [9,2,137] 0.0000000000
  [9,2,138] 0.0000000000
  [9,2,139] 0.0000000000
  [9,2,140] 0.0000000000
  [9,2,141] 0.0000000000
  [9,2,142] 0.0000000000
  [9,2,143] 0.0000000000
  [9,2,144] 0.0000000000
  [9,2,145] 0.0000000000
  [9,2,146] 0.0000000000
  [9,2,147] 0.0000000000
  [9,2,148] 0.0000000000
  [9,2,149] 0.0000000000
  [9,2,150] 0.0000000000
  [9,2,151] 0.0000000000
  [9,2,152] 0.0000000000
  [9,2,153] 0.0000000000
  [9,2,154] 0.0000000000
  [9,2,155] 0.0000000000
  [9,2,156] 0.0000000000
  [9,2,157] 0.0000000000
  [9,2,158] 0.0000000000
  [9,2,159] 0.0000000000
  [9,2,160] 0.0000000000
  [9,2,161] 0.0000000000
  [9,2,162] 0.0000000000
  [9,2,163] 0.0000000000
  [9,2,164] 0.0000000000
  [9,2,165] 0.0000000000
  [9,2,166] 0.0000000000
  [9,2,167] 0.0000000000
  [9,2,168] 0.0000000000
  [9,2,169] 0.0000000000
  [9,2,170] 0.0000000000
  [9,2,171] 0.0000000000
  [9,2,172] 0.0000000000
  [9,2,173] 0.0000000000
  [9,2,174] 0.0000000000
  [9,2,175] 0.0000000000
  [9,2,176] 0.0000000000
  [9,2,177] 0.0000000000
  [9,2,178] 0.0000000000
  [9,2,179] 0.0000000000
  [9,2,180] 0.0000000000
  [9,2,181] 0.0000000000
  [9,2,182] 0.0000000000
  [9,2,183] 0.0000000000
  [9,2,184] 0.0000000000
  [9,2,185] 0.0000000000
  [9,2,186] 0.0000000000
  [9,2,187] 0.0000000000
  [9,2,188] 0.0000000000
  [9,2,189] 0.0000000000
  [9,2,190] 0.0000000000
  [9,2,191] 0.0000000000
  [9,2,192] 0.0000000000
  [9,2,193] 0.0000000000
  [9,2,194] 0.0000000000
  [9,2,195] 0.0000000000
  [9,2,196] 0.0000000000
  [9,2,197] 0.0000000000
  [9,2,198] 0.0000000000
  [9,2,199] 0.0000000000
  [9,2,200] 0.0000000000
  [9,2,201] 0.0000000000
  [9,2,202] 0.0000000000
  [9,2,203] 0.0000000000
  [9,2,204] 0.0000000000
  [9,2,205] 0.0000000000
  [9,2,206] 0.0000000000
  [9,2,207] 0.0000000000
  [9,2,208] 0.0000000000
  [9,2,209] 0.0000000000
  [9,2,210] 0.0000000000
  [9,2,211] 0.0000000000
  [9,2,212] 0.0000000000
  [9,2,213] 0.0000000000
  [9,2,214] 0.0000000000
  [9,2,215] 0.0000000000
  [9,2,216] 0.0000000000
  [9,2,217] 0.0000000000
  [9,2,218] 0.0000000000
  [9,2,219] 0.0000000000
  [9,2,220] 0.0000000000
  [9,2,221] 0.0000000000
  [9,2,222] 0.0000000000
  [9,2,223] 0.0000000000
  [9,2,224] 0.0000000000
  [9,2,225] 0.0000000000
  [9,2,226] 0.0000000000
  [9,2,227] 0.0000000000
  [9,2,228] 0.0000000000
  [9,2,229] 0.0000000000
  [9,2,230] 0.0000000000
  [9,2,231] 0.0000000000
  [9,2,232] 0.0000000000
  [9,2,233] 0.0000000000
  [9,2,234] 0.0000000000
  [9,2,235] 0.0000000000
  [9,2,236] 0.0000000000
  [9,2,237] 0.0000000000
  [9,2,238] 0.0000000000
  [9,2,239] 0.0000000000
  [9,2,240] 0.0000000000
  [9,2,241] 0.0000000000
  [9,2,242] 0.0000000000
  [9,2,243] 0.0000000000
  [9,2,244] 0.0000000000
  [9,2,245] 0.0000000000
  [9,2,246] 0.0000000000
  [9,2,247] 0.0000000000
  [9,2,248] 0.0000000000
  [9,2,249] 0.0000000000
  [9,2,250] 0.0000000000
  [9,2,251] 0.0000000000
  [9,2,252] 0.0000000000
  [9,2,253] 0.0000000000
  [9,2,254] 0.0000000000
  [9,2,255] 0.0000000000
  [9,2,256] 0.0000000000
  [9,2,257] 0.0000000000
  [9,2,258] 0.0000000000
  [9,2,259] 0.0000000000
  [9,2,260] 0.0000000000
  [9,2,261] 0.0000000000
  [9,2,262] 0.0000000000
  [9,2,263] 0.0000000000
  [9,2,264] 0.0000000000
  [9,2,265] 0.0000000000
  [9,2,266] 0.0000000000
  [9,2,267] 0.0000000000
  [9,2,268] 0.0000000000
  [9,2,269] 0.0000000000
  [9,2,270] 0.0000000000
  [9,2,271] 0.0000000000
  [9,2,272] 0.0000000000
  [9,2,273] 0.0000000000
  [9,2,274] 0.0000000000
  [9,2,275] 0.0000000000
  [9,2,276] 0.0000000000
  [9,2,277] 0.0000000000
  [9,2,278] 0.0000000000
  [9,2,279] 0.0000000000
  [9,2,280] 0.0000000000
  [9,2,281] 0.0000000000
  [9,2,282] 0.0000000000
  [9,2,283] 0.0000000000
  [9,2,284] 0.0000000000
  [9,2,285] 0.0000000000
  [9,2,286] 0.0000000000
  [9,2,287] 0.0000000000
  [9,2,288] 0.0000000000
  [9,2,289] 0.0000000000
  [9,2,290] 0.0000000000
  [9,2,291] 0.0000000000
  [9,2,292] 0.0000000000
  [9,2,293] 0.0000000000
  [9,2,294] 0.0000000000
  [9,2,295] 0.0000000000
  [9,2,296] 0.0000000000
  [9,2,297] 0.0000000000
  [9,2,298] 0.0000000000
  [9,2,299] 0.0000000000
  [9,2,300] 0.0000000000
  [9,2,301] 0.0000000000
  [9,2,302] 0.0000000000
  [9,2,303] 0.0000000000
  [9,2,304] 3.6260718007
  [9,2,305] 0.0000000000
  [9,2,306] 0.0000000000
  [9,2,307] 0.0000000000
  [9,2,308] 0.0000000000
  [9,2,309] 0.0000000000
  [9,2,310] 0.0000000000
  [9,2,311] 0.0000000000
  [9,2,312] 0.0000000000
  [9,2,313] 0.0000000000
  [9,2,314] 0.0000000000
  [9,2,315] 0.0000000000
  [9,2,316] 0.0000000000
  [9,2,317] 0.0000000000
  [9,2,318] 0.0000000000
  [9,2,319] 0.0000000000
  [9,2,320] 0.0000000000
  [9,2,321] 0.0000000000
  [9,2,322] 0.0000000000
  [9,2,323] 0.0000000000
  [9,2,324] 0.0000000000
  [9,2,325] 0.0000000000
  [9,2,326] 0.0000000000
  [9,2,327] 0.0000000000
  [9,2,328] 0.0000000000
  [9,2,329] 1.9959918007
  [9,2,330] 0.0000000000
  [9,2,331] 0.0000000000
  [9,2,332] 0.0000000000
  [9,2,333] 0.0000000000
  [9,2,334] 0.0000000000
  [9,2,335] 0.0000000000
  [9,2,336] 0.0000000000
  [9,2,337] 0.0000000000
  [9,2,338] 0.0000000000
  [9,2,339] 0.0000000000
  [9,2,340] 0.0000000000
  [9,2,341] 0.0000000000
  [9,2,342] 0.0000000000
  [9,2,343] 0.0000000000
  [9,2,344] 0.0000000000
  [9,2,345] 0.0000000000
  [9,2,346] 0.0000000000
  [9,2,347] 0.0000000000
  [9,2,348] 0.0000000000
  [9,2,349] 0.0000000000
  [9,2,350] 0.0000000000
  [9,2,351] 0.0000000000
  [9,2,352] 0.0000000000
  [9,2,353] 0.0000000000
  [9,2,354] 0.0000000000
  [9,2,355] 0.0000000000
  [9,2,356] 0.0000000000
  [9,2,357] 0.0000000000
  [9,2,358] 0.0000000000
  [9,2,359] 0.0000000000
  [9,2,360] 0.0000000000
  [9,2,361] 0.0000000000
  [9,2,362] 0.0000000000
  [9,2,363] 0.0000000000
  [9,2,364] 0.0000000000
  [9,2,365] 0.0000000000
  [9,2,366] 0.0000000000
  [9,2,367] 0.0000000000
  [9,2,368] 0.0000000000
  [9,2,369] 0.0000000000
  [9,2,370] 0.0000000000
  [9,2,371] 0.0000000000
  [9,2,372] 0.0000000000
  [9,2,373] 0.0000000000
  [9,2,374] 0.0000000000
  [9,2,375] 0.0000000000
  [9,2,376] 0.0000000000
  [9,2,377] 0.0000000000
  [9,2,378] 0.0000000000
  [9,2,379] 0.0000000000
  [9,2,380] 0.0000000000
  [9,2,381] 0.0000000000
  [9,2,382] 0.0000000000
  [9,2,383] 0.0000000000
  [9,2,384] 0.0000000000
  [9,2,385] 0.0000000000
  [9,2,386] 0.0000000000
  [9,2,387] 0.0000000000
  [9,2,388] 0.0000000000
  [9,2,389] 0.0000000000
  [9,2,390] 0.0000000000
  [9,2,391] 0.0000000000
  [9,2,392] 0.0000000000
  [9,2,393] 0.0000000000
  [9,2,394] 0.0000000000
  [9,2,395] 0.0000000000
  [9,2,396] 0.0000000000
  [9,2,397] 0.0000000000
  [9,2,398] 0.0000000000
  [9,2,399] 0.0000000000
  [9,2,400] 0.0000000000
  [9,2,401] 0.0000000000
  [9,2,402] 0.0000000000
  [9,2,403] 0.0000000000
  [9,2,404] 0.0000000000
  [9,2,405] 0.0000000000
  [9,2,406] 0.0000000000
  [9,2,407] 0.0000000000
  [9,2,408] 0.0000000000
  [9,2,409] 0.0000000000
  [9,2,410] 0.0000000000
  [9,2,411] 0.0000000000
  [9,2,412] 0.0000000000
  [9,2,413] 0.0000000000
  [9,2,414] 0.0000000000
  [9,2,415] 0.0000000000
  [9,2,416] 0.0000000000
  [9,2,417] 0.0000000000
  [9,2,418] 0.0000000000
  [9,2,419] 0.0000000000
  [9,2,420] 0.0000000000
  [9,2,421] 0.0000000000
  [9,2,422] 0.0000000000
  [9,2,423] 0.0000000000
  [9,2,424] 0.0000000000
  [9,2,425] 0.0000000000
  [9,2,426] 0.0000000000
  [9,2,427] 0.0000000000
  [9,2,428] 0.0000000000
  [9,2,429] 0.0000000000
  [9,2,430] 0.0000000000
  [9,2,431] 0.0000000000
  [9,2,432] 0.0000000000
  [9,2,433] 0.0000000000
  [9,2,434] 0.0000000000
  [9,2,435] 0.0000000000
  [9,2,436] 0.0000000000
  [9,2,437] 0.0000000000
  [9,2,438] 0.0000000000
  [9,2,439] 0.0000000000
  [9,2,440] 0.0000000000
  [9,2,441] 0.0000000000
  [9,2,442] 0.0000000000
  [9,2,443] 0.0000000000
  [9,2,444] 0.0000000000
  [9,2,445] 0.0000000000
  [9,2,446] 0.0000000000
  [9,2,447] 0.0000000000
  [9,2,448] 0.0000000000
  [9,2,449] 0.0000000000
  [9,2,450] 0.0000000000
  [9,2,451] 0.0000000000
  [9,2,452] 0.0000000000
  [9,2,453] 0.0000000000
  [9,2,454] 0.0000000000
  [9,2,455] 0.0000000000
  [9,2,456] 0.0000000000
  [9,2,457] 0.0000000000
  [9,2,458] 0.0000000000
  [9,2,459] 0.0000000000
  [9,2,460] 0.0000000000
  [9,2,461] 0.0000000000
  [9,2,462] 0.0000000000
  [9,2,463] 0.0000000000
  [9,2,464] 0.0000000000
  [9,2,465] 0.0000000000
  [9,2,466] 0.0000000000
  [9,2,467] 0.0000000000
  [9,2,468] 0.0000000000
  [9,2,469] 0.0000000000
  [9,2,470] 0.0000000000
  [9,2,471] 0.0000000000
  [9,2,472] 0.0000000000
  [9,2,473] 0.0000000000
  [9,2,474] 0.0000000000
  [9,2,475] 0.0000000000
  [9,2,476] 0.0000000000
  [9,2,477] 0.0000000000
  [9,2,478] 0.0000000000
  [9,2,479] 0.0000000000
  [9,2,480] 0.0000000000
  [9,2,481] 0.0000000000
  [9,2,482] 0.0000000000
  [9,2,483] 0.0000000000
  [9,2,484] 0.0000000000
  [9,2,485] 0.0000000000
  [9,2,486] 0.0000000000
  [9,2,487] 0.0000000000
  [9,2,488] 0.0000000000
  [9,2,489] 0.0000000000
  [9,2,490] 0.0000000000
  [9,2,491] 0.0000000000
  [9,2,492] 0.0000000000
  [9,2,493] 0.0000000000
  [9,2,494] 0.0000000000
  [9,2,495] 0.0000000000
  [9,2,496] 0.0000000000
  [9,2,497] 0.0000000000
  [9,2,498] 0.0000000000
  [9,2,499] 0.0000000000
  [9,2,500] 0.0000000000
  [9,2,501] 0.0000000000
  [9,2,502] 0.0000000000
  [9,2,503] 0.0000000000
  [9,2,504] 0.0000000000
  [9,2,505] 0.0000000000
  [9,2,506] 0.0000000000
  [9,2,507] 0.0000000000
  [9,2,508] 0.0000000000
  [9,2,509] 0.0000000000
  [9,2,510] 0.0000000000
  [9,2,511] 0.0000000000
  [9,2,512] 0.0000000000
  [9,2,513] 0.0000000000
  [9,2,514] 0.0000000000
  [9,2,515] 0.0000000000
  [9,2,516] 0.0000000000
  [9,2,517] 0.0000000000
  [9,2,518] 0.0000000000
  [9,2,519] 0.0000000000
  [9,2,520] 0.0000000000
  [9,2,521] 0.0000000000
  [9,2,522] 0.0000000000
  [9,2,523] 0.0000000000
  [9,2,524] 0.0000000000
  [9,2,525] 0.0000000000
  [9,2,526] 0.0000000000
  [9,2,527] 0.0000000000
  [9,2,528] 0.0000000000
  [9,2,529] 0.0000000000
  [9,2,530] 0.0000000000
  [9,2,531] 0.0000000000
  [9,2,532] 0.0000000000
  [9,2,533] 0.0000000000
  [9,2,534] 0.0000000000
  [9,2,535] 0.0000000000
  [9,2,536] 0.0000000000
  [9,2,537] 0.0000000000
  [9,2,538] 0.0000000000
  [9,2,539] 0.0000000000
  [9,2,540] 0.0000000000
  [9,2,541] 0.0000000000
  [9,2,542] 0.0000000000
  [9,2,543] 0.0000000000
  [9,2,544] 0.0000000000
  [9,2,545] 0.0000000000
  [9,2,546] 0.0000000000
  [9,2,547] 0.0000000000
  [9,2,548] 0.0000000000
  [9,2,549] 0.0000000000
  [9,2,550] 0.0000000000
  [9,2,551] 0.0000000000
  [9,2,552] 0.0000000000
  [9,2,553] 0.0000000000
  [9,2,554] 0.0000000000
  [9,2,555] 0.0000000000
  [9,2,556] 0.0000000000
  [9,2,557] 0.0000000000
  [9,2,558] 0.0000000000
  [9,2,559] 0.0000000000
  [9,2,560] 0.0000000000
  [9,2,561] 0.0000000000
  [9,2,562] 0.0000000000
  [9,2,563] 0.0000000000
  [9,2,564] 0.0000000000
  [9,2,565] 0.0000000000
  [9,2,566] 0.0000000000
  [9,2,567] 0.0000000000
  [9,2,568] 0.0000000000
  [9,2,569] 0.0000000000
  [9,2,570] 0.0000000000
  [9,2,571] 0.0000000000
  [9,2,572] 0.0000000000
  [9,2,573] 0.0000000000
  [9,2,574] 0.0000000000
  [9,2,575] 0.0000000000
  [9,2,576] 0.0000000000
  [9,2,577] 0.0000000000
  [9,2,578] 0.0000000000
  [9,2,579] 0.0000000000
  [9,2,580] 0.0000000000
  [9,2,581] 0.0000000000
  [9,2,582] 0.0000000000
  [9,2,583] 0.0000000000
  [9,2,584] 0.0000000000
  [9,2,585] 0.0000000000
  [9,2,586] 0.0000000000
  [9,2,587] 0.0000000000
  [9,2,588] 0.0000000000
  [9,2,589] 0.0000000000
  [9,2,590] 0.0000000000
  [9,2,591] 0.0000000000
  [9,2,592] 0.0000000000
  [9,2,593] 0.0000000000
  [9,2,594] 0.0000000000
  [9,2,595] 0.0000000000
  [9,2,596] 0.0000000000
  [9,2,597] 0.0000000000
  [9,2,598] 0.0000000000
  [9,2,599] 0.0000000000
  [9,2,600] 0.0000000000
  [9,2,601] 0.0000000000
  [9,2,602] 0.0000000000
  [9,2,603] 0.0000000000
  [9,2,604] 0.0000000000
  [9,2,605] 0.0000000000
  [9,2,606] 0.0000000000
  [9,2,607] 0.0000000000
  [9,2,608] 0.0000000000
  [9,2,609] 0.0000000000
  [9,2,610] 0.0000000000
  [9,2,611] 0.0000000000
  [9,2,612] 0.0000000000
  [9,2,613] 0.0000000000
  [9,2,614] 0.0000000000
  [9,2,615] 0.0000000000
  [9,2,616] 0.0000000000
  [9,2,617] 0.0000000000
  [9,2,618] 0.0000000000
  [9,2,619] 0.0000000000
  [9,2,620] 0.0000000000
  [9,2,621] 0.0000000000
  [9,2,622] 0.0000000000
  [9,2,623] 0.0000000000
  [9,2,624] 0.0000000000
  [9,2,625] 0.0000000000
  [9,2,626] 0.0000000000
  [9,2,627] 0.0000000000
  [9,2,628] 0.0000000000
  [9,2,629] 0.0000000000
  [9,2,630] 0.0000000000
  [9,2,631] 0.0000000000
  [9,2,632] 0.0000000000
  [9,2,633] 0.0000000000
  [9,2,634] 0.0000000000
  [9,2,635] 0.0000000000
  [9,2,636] 0.0000000000
  [9,2,637] 0.0000000000
  [9,2,638] 0.0000000000
  [9,2,639] 0.0000000000
  [9,2,640] 0.0000000000
  [9,2,641] 0.0000000000
  [9,2,642] 0.0000000000
  [9,2,643] 0.0000000000
  [9,2,644] 0.0000000000
  [9,2,645] 0.0000000000
  [9,2,646] 0.0000000000
  [9,2,647] 0.0000000000
  [9,2,648] 0.0000000000
  [9,2,649] 0.0000000000
  [9,2,650] 0.0000000000
  [9,2,651] 0.0000000000
  [9,2,652] 0.0000000000
  [9,2,653] 0.0000000000
  [9,2,654] 0.0000000000
  [9,2,655] 0.0000000000
  [9,2,656] 0.0000000000
  [9,2,657] 0.0000000000
  [9,2,658] 0.0000000000
  [9,2,659] 0.0000000000
  [9,2,660] 0.0000000000
  [9,2,661] 0.0000000000
  [9,2,662] 0.0000000000
  [9,2,663] 0.0000000000
  [9,2,664] 0.0000000000
  [9,2,665] 0.0000000000
  [9,2,666] 0.0000000000
  [9,2,667] 0.0000000000
  [9,2,668] 0.0000000000
  [9,2,669] 0.0000000000
  [9,2,670] 0.0000000000
  [9,2,671] 0.0000000000
  [9,2,672] 0.0000000000
  [9,2,673] 0.0000000000
  [9,2,674] 0.0000000000
  [9,2,675] 0.0000000000
  [9,2,676] 0.0000000000
  [9,2,677] 0.0000000000
  [9,2,678] 0.0000000000
  [9,2,679] 0.0000000000
  [9,2,680] 0.0000000000
  [9,2,681] 0.0000000000
  [9,2,682] 0.0000000000
  [9,2,683] 0.0000000000
  [9,2,684] 0.0000000000
  [9,2,685] 0.0000000000
  [9,2,686] 0.0000000000
  [9,2,687] 0.0000000000
  [9,2,688] 0.0000000000
  [9,2,689] 0.0000000000
  [9,2,690] 0.0000000000
  [9,2,691] 0.0000000000
  [9,2,692] 0.0000000000
  [9,2,693] 0.0000000000
  [9,2,694] 0.0000000000
  [9,2,695] 0.0000000000
  [9,2,696] 0.0000000000
  [9,2,697] 0.0000000000
  [9,2,698] 0.0000000000
  [9,2,699] 0.0000000000
  [9,2,700] 0.0000000000
  [9,2,701] 0.0000000000
  [9,2,702] 0.0000000000
  [9,2,703] 0.0000000000
  [9,2,704] 0.0000000000
  [9,2,705] 0.0000000000
  [9,2,706] 0.0000000000
  [9,2,707] 0.0000000000
  [9,2,708] 0.0000000000
  [9,2,709] 0.0000000000
  [9,2,710] 0.0000000000
  [9,2,711] 0.0000000000
  [9,2,712] 0.0000000000
  [9,2,713] 0.0000000000
  [9,2,714] 0.0000000000
  [9,2,715] 0.0000000000
  [9,2,716] 0.0000000000
  [9,2,717] 0.0000000000
  [9,2,718] 0.0000000000
  [9,2,719] 0.0000000000
  [9,2,720] 0.0000000000
  [9,3,1] 0.0000000000
  [9,3,2] 0.0000000000
  [9,3,3] 0.0000000000
  [9,3,4] 0.0000000000
  [9,3,5] 0.0000000000
  [9,3,6] 0.0000000000
  [9,3,7] 0.0000000000
  [9,3,8] 0.0000000000
  [9,3,9] 0.0000000000
  [9,3,10] 0.0000000000
  [9,3,11] 0.0000000000
  [9,3,12] 0.0000000000
  [9,3,13] 0.0000000000
  [9,3,14] 0.0000000000
  [9,3,15] 0.0000000000
  [9,3,16] 0.0000000000
  [9,3,17] 0.0000000000
  [9,3,18] 0.0000000000
  [9,3,19] 0.0000000000
  [9,3,20] 0.0000000000
  [9,3,21] 0.0000000000
  [9,3,22] 0.0000000000
  [9,3,23] 0.0000000000
  [9,3,24] 0.0000000000
  [9,3,25] 0.0000000000
  [9,3,26] 0.0000000000
  [9,3,27] 0.0000000000
  [9,3,28] 0.0000000000
  [9,3,29] 0.0000000000
  [9,3,30] 0.0000000000
  [9,3,31] 0.0000000000
  [9,3,32] 0.0000000000
  [9,3,33] 0.0000000000
  [9,3,34] 0.0000000000
  [9,3,35] 0.0000000000
  [9,3,36] 0.0000000000
  [9,3,37] 0.0000000000
  [9,3,38] 0.0000000000
  [9,3,39] 0.0000000000
  [9,3,40] 0.0000000000
  [9,3,41] 0.0000000000
  [9,3,42] 0.0000000000
  [9,3,43] 0.0000000000
  [9,3,44] 0.0000000000
  [9,3,45] 0.0000000000
  [9,3,46] 0.0000000000
  [9,3,47] 0.0000000000
  [9,3,48] 0.0000000000
  [9,3,49] 0.0000000000
  [9,3,50] 0.0000000000
  [9,3,51] 0.0000000000
  [9,3,52] 0.0000000000
  [9,3,53] 0.0000000000
  [9,3,54] 0.0000000000
  [9,3,55] 0.0000000000
  [9,3,56] 0.0000000000
  [9,3,57] 0.0000000000
  [9,3,58] 0.0000000000
  [9,3,59] 0.0000000000
  [9,3,60] 0.0000000000
  [9,3,61] 0.0000000000
  [9,3,62] 0.0000000000
  [9,3,63] 0.0000000000
  [9,3,64] 0.0000000000
  [9,3,65] 0.0000000000
  [9,3,66] 0.0000000000
  [9,3,67] 0.0000000000
  [9,3,68] 0.0000000000
  [9,3,69] 0.0000000000
  [9,3,70] 0.0000000000
  [9,3,71] 0.0000000000
  [9,3,72] 0.0000000000
  [9,3,73] 0.0000000000
  [9,3,74] 0.0000000000
  [9,3,75] 0.0000000000
  [9,3,76] 0.0000000000
  [9,3,77] 0.0000000000
  [9,3,78] 0.0000000000
  [9,3,79] 0.0000000000
  [9,3,80] 0.0000000000
  [9,3,81] 0.0000000000
  [9,3,82] 0.0000000000
  [9,3,83] 0.0000000000
  [9,3,84] 0.0000000000
  [9,3,85] 0.0000000000
  [9,3,86] 0.0000000000
  [9,3,87] 0.0000000000
  [9,3,88] 0.0000000000
  [9,3,89] 0.0000000000
  [9,3,90] 0.0000000000
  [9,3,91] 0.0000000000
  [9,3,92] 0.0000000000
  [9,3,93] 0.0000000000
  [9,3,94] 0.0000000000
  [9,3,95] 0.0000000000
  [9,3,96] 0.0000000000
  [9,3,97] 0.0000000000
  [9,3,98] 0.0000000000
  [9,3,99] 0.0000000000
  [9,3,100] 0.0000000000
  [9,3,101] 0.0000000000
  [9,3,102] 0.0000000000
  [9,3,103] 0.0000000000
  [9,3,104] 0.0000000000
  [9,3,105] 0.0000000000
  [9,3,106] 0.0000000000
  [9,3,107] 0.0000000000
  [9,3,108] 0.0000000000
  [9,3,109] 0.0000000000
  [9,3,110] 0.0000000000
  [9,3,111] 0.0000000000
  [9,3,112] 0.0000000000
  [9,3,113] 0.0000000000
  [9,3,114] 0.0000000000
  [9,3,115] 0.0000000000
  [9,3,116] 0.0000000000
  [9,3,117] 0.0000000000
  [9,3,118] 0.0000000000
  [9,3,119] 0.0000000000
  [9,3,120] 0.0000000000
  [9,3,121] 0.0000000000
  [9,3,122] 0.0000000000
  [9,3,123] 0.0000000000
  [9,3,124] 0.0000000000
  [9,3,125] 0.0000000000
  [9,3,126] 0.0000000000
  [9,3,127] 0.0000000000
  [9,3,128] 0.0000000000
  [9,3,129] 0.0000000000
  [9,3,130] 0.0000000000
  [9,3,131] 0.0000000000
  [9,3,132] 0.0000000000
  [9,3,133] 0.0000000000
  [9,3,134] 0.0000000000
  [9,3,135] 0.0000000000
  [9,3,136] 0.0000000000
  [9,3,137] 0.0000000000
  [9,3,138] 0.0000000000
  [9,3,139] 0.0000000000
  [9,3,140] 0.0000000000
  [9,3,141] 0.0000000000
  [9,3,142] 0.0000000000
  [9,3,143] 0.0000000000
  [9,3,144] 0.0000000000
  [9,3,145] 0.0000000000
  [9,3,146] 0.0000000000
  [9,3,147] 0.0000000000
  [9,3,148] 0.0000000000
  [9,3,149] 0.0000000000
  [9,3,150] 0.0000000000
  [9,3,151] 0.0000000000
  [9,3,152] 0.0000000000
  [9,3,153] 0.0000000000
  [9,3,154] 0.0000000000
  [9,3,155] 0.0000000000
  [9,3,156] 0.0000000000
  [9,3,157] 0.0000000000
  [9,3,158] 0.0000000000
  [9,3,159] 0.0000000000
  [9,3,160] 0.0000000000
  [9,3,161] 0.0000000000
  [9,3,162] 0.0000000000
  [9,3,163] 0.0000000000
  [9,3,164] 0.0000000000
  [9,3,165] 0.0000000000
  [9,3,166] 0.0000000000
  [9,3,167] 0.0000000000
  [9,3,168] 0.0000000000
  [9,3,169] 0.0000000000
  [9,3,170] 0.0000000000
  [9,3,171] 0.0000000000
  [9,3,172] 0.0000000000
  [9,3,173] 0.0000000000
  [9,3,174] 0.0000000000
  [9,3,175] 0.0000000000
  [9,3,176] 0.0000000000
  [9,3,177] 0.0000000000
  [9,3,178] 0.0000000000
  [9,3,179] 0.0000000000
  [9,3,180] 0.0000000000
  [9,3,181] 0.0000000000
  [9,3,182] 0.0000000000
  [9,3,183] 0.0000000000
  [9,3,184] 0.0000000000
  [9,3,185] 0.0000000000
  [9,3,186] 0.0000000000
  [9,3,187] 0.0000000000
  [9,3,188] 0.0000000000
  [9,3,189] 0.0000000000
  [9,3,190] 0.0000000000
  [9,3,191] 0.0000000000
  [9,3,192] 0.0000000000
  [9,3,193] 0.0000000000
  [9,3,194] 0.0000000000
  [9,3,195] 0.0000000000
  [9,3,196] 0.0000000000
  [9,3,197] 0.0000000000
  [9,3,198] 0.0000000000
  [9,3,199] 0.0000000000
  [9,3,200] 0.0000000000
  [9,3,201] 0.0000000000
  [9,3,202] 0.0000000000
  [9,3,203] 0.0000000000
  [9,3,204] 0.0000000000
  [9,3,205] 0.0000000000
  [9,3,206] 0.0000000000
  [9,3,207] 0.0000000000
  [9,3,208] 0.0000000000
  [9,3,209] 0.0000000000
  [9,3,210] 0.0000000000
  [9,3,211] 0.0000000000
  [9,3,212] 0.0000000000
  [9,3,213] 0.0000000000
  [9,3,214] 0.0000000000
  [9,3,215] 0.0000000000
  [9,3,216] 0.0000000000
  [9,3,217] 0.0000000000
  [9,3,218] 0.0000000000
  [9,3,219] 0.0000000000
  [9,3,220] 0.0000000000
  [9,3,221] 0.0000000000
  [9,3,222] 0.0000000000
  [9,3,223] 0.0000000000
  [9,3,224] 0.0000000000
  [9,3,225] 0.0000000000
  [9,3,226] 0.0000000000
  [9,3,227] 0.0000000000
  [9,3,228] 0.0000000000
  [9,3,229] 0.0000000000
  [9,3,230] 0.0000000000
  [9,3,231] 0.0000000000
  [9,3,232] 0.0000000000
  [9,3,233] 0.0000000000
  [9,3,234] 0.0000000000
  [9,3,235] 0.0000000000
  [9,3,236] 0.0000000000
  [9,3,237] 0.0000000000
  [9,3,238] 0.0000000000
  [9,3,239] 0.0000000000
  [9,3,240] 0.0000000000
  [9,3,241] 0.0000000000
  [9,3,242] 0.0000000000
  [9,3,243] 0.0000000000
  [9,3,244] 0.0000000000
  [9,3,245] 0.0000000000
  [9,3,246] 0.0000000000
  [9,3,247] 0.0000000000
  [9,3,248] 0.0000000000
  [9,3,249] 0.0000000000
  [9,3,250] 0.0000000000
  [9,3,251] 0.0000000000
  [9,3,252] 0.0000000000
  [9,3,253] 0.0000000000
  [9,3,254] 0.0000000000
  [9,3,255] 0.0000000000
  [9,3,256] 0.0000000000
  [9,3,257] 0.0000000000
  [9,3,258] 0.0000000000
  [9,3,259] 0.0000000000
  [9,3,260] 0.0000000000
  [9,3,261] 0.0000000000
  [9,3,262] 0.0000000000
  [9,3,263] 0.0000000000
  [9,3,264] 0.0000000000
  [9,3,265] 0.0000000000
  [9,3,266] 0.0000000000
  [9,3,267] 0.0000000000
  [9,3,268] 0.0000000000
  [9,3,269] 0.0000000000
  [9,3,270] 0.0000000000
  [9,3,271] 0.0000000000
  [9,3,272] 0.0000000000
  [9,3,273] 0.0000000000
  [9,3,274] 0.0000000000
  [9,3,275] 0.0000000000
  [9,3,276] 0.0000000000
  [9,3,277] 0.0000000000
  [9,3,278] 0.0000000000
  [9,3,279] 0.0000000000
  [9,3,280] 0.0000000000
  [9,3,281] 0.0000000000
  [9,3,282] 0.0000000000
  [9,3,283] 0.0000000000
  [9,3,284] 0.0000000000
  [9,3,285] 0.0000000000
  [9,3,286] 0.0000000000
  [9,3,287] 0.0000000000
  [9,3,288] 0.0000000000
  [9,3,289] 0.0000000000
  [9,3,290] 0.0000000000
  [9,3,291] 0.0000000000
  [9,3,292] 0.0000000000
  [9,3,293] 0.0000000000
  [9,3,294] 0.0000000000
  [9,3,295] 0.0000000000
  [9,3,296] 0.0000000000
  [9,3,297] 0.0000000000
  [9,3,298] 0.0000000000
  [9,3,299] 0.0000000000
  [9,3,300] 0.0000000000
  [9,3,301] 0.0000000000
  [9,3,302] 0.0000000000
  [9,3,303] 0.0000000000
  [9,3,304] 55.0760000000
  [9,3,305] 0.0000000000
  [9,3,306] 0.0000000000
  [9,3,307] 0.0000000000
  [9,3,308] 0.0000000000
  [9,3,309] 0.0000000000
  [9,3,310] 0.0000000000
  [9,3,311] 0.0000000000
  [9,3,312] 0.0000000000
  [9,3,313] 0.0000000000
  [9,3,314] 0.0000000000
  [9,3,315] 0.0000000000
  [9,3,316] 0.0000000000
  [9,3,317] 0.0000000000
  [9,3,318] 0.0000000000
  [9,3,319] 0.0000000000
  [9,3,320] 0.0000000000
  [9,3,321] 0.0000000000
  [9,3,322] 0.0000000000
  [9,3,323] 0.0000000000
  [9,3,324] 0.0000000000
  [9,3,325] 0.0000000000
  [9,3,326] 0.0000000000
  [9,3,327] 0.0000000000
  [9,3,328] 0.0000000000
  [9,3,329] 0.0000000000
  [9,3,330] 0.0000000000
  [9,3,331] 0.0000000000
  [9,3,332] 0.0000000000
  [9,3,333] 0.0000000000
  [9,3,334] 0.0000000000
  [9,3,335] 0.0000000000
  [9,3,336] 0.0000000000
  [9,3,337] 0.0000000000
  [9,3,338] 0.0000000000
  [9,3,339] 0.0000000000
  [9,3,340] 0.0000000000
  [9,3,341] 0.0000000000
  [9,3,342] 0.0000000000
  [9,3,343] 0.0000000000
  [9,3,344] 0.0000000000
  [9,3,345] 0.0000000000
  [9,3,346] 0.0000000000
  [9,3,347] 0.0000000000
  [9,3,348] 0.0000000000
  [9,3,349] 0.0000000000
  [9,3,350] 0.0000000000
  [9,3,351] 0.0000000000
  [9,3,352] 0.0000000000
  [9,3,353] 0.0000000000
  [9,3,354] 0.0000000000
  [9,3,355] 0.0000000000
  [9,3,356] 0.0000000000
  [9,3,357] 0.0000000000
  [9,3,358] 0.0000000000
  [9,3,359] 0.0000000000
  [9,3,360] 0.0000000000
  [9,3,361] 0.0000000000
  [9,3,362] 0.0000000000
  [9,3,363] 0.0000000000
  [9,3,364] 0.0000000000
  [9,3,365] 0.0000000000
  [9,3,366] 0.0000000000
  [9,3,367] 0.0000000000
  [9,3,368] 0.0000000000
  [9,3,369] 0.0000000000
  [9,3,370] 0.0000000000
  [9,3,371] 0.0000000000
  [9,3,372] 0.0000000000
  [9,3,373] 0.0000000000
  [9,3,374] 0.0000000000
  [9,3,375] 0.0000000000
  [9,3,376] 0.0000000000
  [9,3,377] 0.0000000000
  [9,3,378] 0.0000000000
  [9,3,379] 0.0000000000
  [9,3,380] 0.0000000000
  [9,3,381] 0.0000000000
  [9,3,382] 0.0000000000
  [9,3,383] 0.0000000000
  [9,3,384] 0.0000000000
  [9,3,385] 0.0000000000
  [9,3,386] 0.0000000000
  [9,3,387] 0.0000000000
  [9,3,388] 0.0000000000
  [9,3,389] 0.0000000000
  [9,3,390] 0.0000000000
  [9,3,391] 0.0000000000
  [9,3,392] 0.0000000000
  [9,3,393] 0.0000000000
  [9,3,394] 0.0000000000
  [9,3,395] 0.0000000000
  [9,3,396] 0.0000000000
  [9,3,397] 0.0000000000
  [9,3,398] 0.0000000000
  [9,3,399] 0.0000000000
  [9,3,400] 0.0000000000
  [9,3,401] 0.0000000000
  [9,3,402] 0.0000000000
  [9,3,403] 0.0000000000
  [9,3,404] 0.0000000000
  [9,3,405] 0.0000000000
  [9,3,406] 0.0000000000
  [9,3,407] 0.0000000000
  [9,3,408] 0.0000000000
  [9,3,409] 0.0000000000
  [9,3,410] 0.0000000000
  [9,3,411] 0.0000000000
  [9,3,412] 0.0000000000
  [9,3,413] 0.0000000000
  [9,3,414] 0.0000000000
  [9,3,415] 0.0000000000
  [9,3,416] 0.0000000000
  [9,3,417] 0.0000000000
  [9,3,418] 0.0000000000
  [9,3,419] 0.0000000000
  [9,3,420] 0.0000000000
  [9,3,421] 0.0000000000
  [9,3,422] 0.0000000000
  [9,3,423] 0.0000000000
  [9,3,424] 0.0000000000
  [9,3,425] 0.0000000000
  [9,3,426] 0.0000000000
  [9,3,427] 0.0000000000
  [9,3,428] 0.0000000000
  [9,3,429] 0.0000000000
  [9,3,430] 0.0000000000
  [9,3,431] 0.0000000000
  [9,3,432] 0.0000000000
  [9,3,433] 0.0000000000
  [9,3,434] 0.0000000000
  [9,3,435] 0.0000000000
  [9,3,436] 0.0000000000
  [9,3,437] 0.0000000000
  [9,3,438] 0.0000000000
  [9,3,439] 0.0000000000
  [9,3,440] 0.0000000000
  [9,3,441] 0.0000000000
  [9,3,442] 0.0000000000
  [9,3,443] 0.0000000000
  [9,3,444] 0.0000000000
  [9,3,445] 0.0000000000
  [9,3,446] 0.0000000000
  [9,3,447] 0.0000000000
  [9,3,448] 0.0000000000
  [9,3,449] 0.0000000000
  [9,3,450] 0.0000000000
  [9,3,451] 0.0000000000
  [9,3,452] 0.0000000000
  [9,3,453] 0.0000000000
  [9,3,454] 0.0000000000
  [9,3,455] 0.0000000000
  [9,3,456] 0.0000000000
  [9,3,457] 0.0000000000
  [9,3,458] 0.0000000000
  [9,3,459] 0.0000000000
  [9,3,460] 0.0000000000
  [9,3,461] 0.0000000000
  [9,3,462] 0.0000000000
  [9,3,463] 0.0000000000
  [9,3,464] 0.0000000000
  [9,3,465] 0.0000000000
  [9,3,466] 0.0000000000
  [9,3,467] 0.0000000000
  [9,3,468] 0.0000000000
  [9,3,469] 0.0000000000
  [9,3,470] 0.0000000000
  [9,3,471] 0.0000000000
  [9,3,472] 0.0000000000
  [9,3,473] 0.0000000000
  [9,3,474] 0.0000000000
  [9,3,475] 0.0000000000
  [9,3,476] 0.0000000000
  [9,3,477] 0.0000000000
  [9,3,478] 0.0000000000
  [9,3,479] 0.0000000000
  [9,3,480] 0.0000000000
  [9,3,481] 0.0000000000
  [9,3,482] 0.0000000000
  [9,3,483] 0.0000000000
  [9,3,484] 0.0000000000
  [9,3,485] 0.0000000000
  [9,3,486] 0.0000000000
  [9,3,487] 0.0000000000
  [9,3,488] 0.0000000000
  [9,3,489] 0.0000000000
  [9,3,490] 0.0000000000
  [9,3,491] 0.0000000000
  [9,3,492] 0.0000000000
  [9,3,493] 0.0000000000
  [9,3,494] 0.0000000000
  [9,3,495] 0.0000000000
  [9,3,496] 0.0000000000
  [9,3,497] 0.0000000000
  [9,3,498] 0.0000000000
  [9,3,499] 0.0000000000
  [9,3,500] 0.0000000000
  [9,3,501] 0.0000000000
  [9,3,502] 0.0000000000
  [9,3,503] 0.0000000000
  [9,3,504] 0.0000000000
  [9,3,505] 0.0000000000
  [9,3,506] 0.0000000000
  [9,3,507] 0.0000000000
  [9,3,508] 0.0000000000
  [9,3,509] 0.0000000000
  [9,3,510] 0.0000000000
  [9,3,511] 0.0000000000
  [9,3,512] 0.0000000000
  [9,3,513] 0.0000000000
  [9,3,514] 0.0000000000
  [9,3,515] 0.0000000000
  [9,3,516] 0.0000000000
  [9,3,517] 0.0000000000
  [9,3,518] 0.0000000000
  [9,3,519] 0.0000000000
  [9,3,520] 0.0000000000
  [9,3,521] 0.0000000000
  [9,3,522] 0.0000000000
  [9,3,523] 0.0000000000
  [9,3,524] 0.0000000000
  [9,3,525] 0.0000000000
  [9,3,526] 0.0000000000
  [9,3,527] 0.0000000000
  [9,3,528] 0.0000000000
  [9,3,529] 0.0000000000
  [9,3,530] 0.0000000000
  [9,3,531] 0.0000000000
  [9,3,532] 0.0000000000
  [9,3,533] 0.0000000000
  [9,3,534] 0.0000000000
  [9,3,535] 0.0000000000
  [9,3,536] 0.0000000000
  [9,3,537] 0.0000000000
  [9,3,538] 0.0000000000
  [9,3,539] 0.0000000000
  [9,3,540] 0.0000000000
  [9,3,541] 0.0000000000
  [9,3,542] 0.0000000000
  [9,3,543] 0.0000000000
  [9,3,544] 0.0000000000
  [9,3,545] 0.0000000000
  [9,3,546] 0.0000000000
  [9,3,547] 0.0000000000
  [9,3,548] 0.0000000000
  [9,3,549] 0.0000000000
  [9,3,550] 0.0000000000
  [9,3,551] 0.0000000000
  [9,3,552] 0.0000000000
  [9,3,553] 0.0000000000
  [9,3,554] 0.0000000000
  [9,3,555] 0.0000000000
  [9,3,556] 0.0000000000
  [9,3,557] 0.0000000000
  [9,3,558] 0.0000000000
  [9,3,559] 0.0000000000
  [9,3,560] 0.0000000000
  [9,3,561] 0.0000000000
  [9,3,562] 0.0000000000
  [9,3,563] 0.0000000000
  [9,3,564] 0.0000000000
  [9,3,565] 0.0000000000
  [9,3,566] 0.0000000000
  [9,3,567] 0.0000000000
  [9,3,568] 0.0000000000
  [9,3,569] 0.0000000000
  [9,3,570] 0.0000000000
  [9,3,571] 0.0000000000
  [9,3,572] 0.0000000000
  [9,3,573] 0.0000000000
  [9,3,574] 0.0000000000
  [9,3,575] 0.0000000000
  [9,3,576] 0.0000000000
  [9,3,577] 0.0000000000
  [9,3,578] 0.0000000000
  [9,3,579] 0.0000000000
  [9,3,580] 0.0000000000
  [9,3,581] 0.0000000000
  [9,3,582] 0.0000000000
  [9,3,583] 0.0000000000
  [9,3,584] 0.0000000000
  [9,3,585] 0.0000000000
  [9,3,586] 0.0000000000
  [9,3,587] 0.0000000000
  [9,3,588] 0.0000000000
  [9,3,589] 0.0000000000
  [9,3,590] 0.0000000000
  [9,3,591] 0.0000000000
  [9,3,592] 0.0000000000
  [9,3,593] 0.0000000000
  [9,3,594] 0.0000000000
  [9,3,595] 0.0000000000
  [9,3,596] 0.0000000000
  [9,3,597] 0.0000000000
  [9,3,598] 0.0000000000
  [9,3,599] 0.0000000000
  [9,3,600] 0.0000000000
  [9,3,601] 0.0000000000
  [9,3,602] 0.0000000000
  [9,3,603] 0.0000000000
  [9,3,604] 0.0000000000
  [9,3,605] 0.0000000000
  [9,3,606] 0.0000000000
  [9,3,607] 0.0000000000
  [9,3,608] 0.0000000000
  [9,3,609] 0.0000000000
  [9,3,610] 0.0000000000
  [9,3,611] 0.0000000000
  [9,3,612] 0.0000000000
  [9,3,613] 0.0000000000
  [9,3,614] 0.0000000000
  [9,3,615] 0.0000000000
  [9,3,616] 0.0000000000
  [9,3,617] 0.0000000000
  [9,3,618] 0.0000000000
  [9,3,619] 0.0000000000
  [9,3,620] 0.0000000000
  [9,3,621] 0.0000000000
  [9,3,622] 0.0000000000
  [9,3,623] 0.0000000000
  [9,3,624] 0.0000000000
  [9,3,625] 0.0000000000
  [9,3,626] 0.0000000000
  [9,3,627] 0.0000000000
  [9,3,628] 0.0000000000
  [9,3,629] 0.0000000000
  [9,3,630] 0.0000000000
  [9,3,631] 0.0000000000
  [9,3,632] 0.0000000000
  [9,3,633] 0.0000000000
  [9,3,634] 0.0000000000
  [9,3,635] 0.0000000000
  [9,3,636] 0.0000000000
  [9,3,637] 0.0000000000
  [9,3,638] 0.0000000000
  [9,3,639] 0.0000000000
  [9,3,640] 0.0000000000
  [9,3,641] 0.0000000000
  [9,3,642] 0.0000000000
  [9,3,643] 0.0000000000
  [9,3,644] 0.0000000000
  [9,3,645] 0.0000000000
  [9,3,646] 0.0000000000
  [9,3,647] 0.0000000000
  [9,3,648] 0.0000000000
  [9,3,649] 0.0000000000
  [9,3,650] 0.0000000000
  [9,3,651] 0.0000000000
  [9,3,652] 0.0000000000
  [9,3,653] 0.0000000000
  [9,3,654] 0.0000000000
  [9,3,655] 0.0000000000
  [9,3,656] 0.0000000000
  [9,3,657] 0.0000000000
  [9,3,658] 0.0000000000
  [9,3,659] 0.0000000000
  [9,3,660] 0.0000000000
  [9,3,661] 0.0000000000
  [9,3,662] 0.0000000000
  [9,3,663] 0.0000000000
  [9,3,664] 0.0000000000
  [9,3,665] 0.0000000000
  [9,3,666] 0.0000000000
  [9,3,667] 0.0000000000
  [9,3,668] 0.0000000000
  [9,3,669] 0.0000000000
  [9,3,670] 0.0000000000
  [9,3,671] 0.0000000000
  [9,3,672] 0.0000000000
  [9,3,673] 0.0000000000
  [9,3,674] 0.0000000000
  [9,3,675] 0.0000000000
  [9,3,676] 0.0000000000
  [9,3,677] 0.0000000000
  [9,3,678] 0.0000000000
  [9,3,679] 0.0000000000
  [9,3,680] 0.0000000000
  [9,3,681] 0.0000000000
  [9,3,682] 0.0000000000
  [9,3,683] 0.0000000000
  [9,3,684] 0.0000000000
  [9,3,685] 0.0000000000
  [9,3,686] 0.0000000000
  [9,3,687] 0.0000000000
  [9,3,688] 0.0000000000
  [9,3,689] 0.0000000000
  [9,3,690] 0.0000000000
  [9,3,691] 0.0000000000
  [9,3,692] 0.0000000000
  [9,3,693] 0.0000000000
  [9,3,694] 0.0000000000
  [9,3,695] 0.0000000000
  [9,3,696] 0.0000000000
  [9,3,697] 0.0000000000
  [9,3,698] 0.0000000000
  [9,3,699] 0.0000000000
  [9,3,700] 0.0000000000
  [9,3,701] 0.0000000000
  [9,3,702] 0.0000000000
  [9,3,703] 0.0000000000
  [9,3,704] 0.0000000000
  [9,3,705] 0.0000000000
  [9,3,706] 0.0000000000
  [9,3,707] 0.0000000000
  [9,3,708] 0.0000000000
  [9,3,709] 0.0000000000
  [9,3,710] 0.0000000000
  [9,3,711] 0.0000000000
  [9,3,712] 0.0000000000
  [9,3,713] 0.0000000000
  [9,3,714] 0.0000000000
  [9,3,715] 0.0000000000
  [9,3,716] 0.0000000000
  [9,3,717] 0.0000000000
  [9,3,718] 0.0000000000
  [9,3,719] 0.0000000000
  [9,3,720] 0.0000000000
;

param BASE_WD :=
  [3,1,1] 106.7286318007
  [3,1,2] 106.7286318007
  [3,1,3] 106.7286318007
  [3,1,4] 87.2092800000
  [3,1,5] 62.7580800000
  [3,1,6] 48.9024000000
  [3,1,7] 59.4979200000
  [3,1,8] 83.1340800000
  [3,1,9] 98.6198400000
  [3,1,10] 106.7286318007
  [3,1,11] 106.7286318007
  [3,1,12] 106.7286318007
  [3,1,13] 106.7286318007
  [3,1,14] 106.7286318007
  [3,1,15] 106.7286318007
  [3,1,16] 106.7286318007
  [3,1,17] 106.7286318007
  [3,1,18] 107.3272019258
  [3,1,19] 106.7286318007
  [3,1,20] 106.7286318007
  [3,1,21] 106.7286318007
  [3,1,22] 106.7286318007
  [3,1,23] 106.7286318007
  [3,1,24] 106.7286318007
  [3,1,25] 106.7286318007
  [3,1,26] 106.7286318007
  [3,1,27] 106.7286318007
  [3,1,28] 106.7286318007
  [3,1,29] 106.7286318007
  [3,1,30] 106.7286318007
  [3,1,31] 98.6198400000
  [3,1,32] 78.6513600000
  [3,1,33] 64.3881600000
  [3,1,34] 71.3160000000
  [3,1,35] 106.7286318007
  [3,1,36] 106.7286318007
  [3,1,37] 92.9145600000
  [3,1,38] 51.9673518007
  [3,1,39] 59.4979200000
  [3,1,40] 52.2033918007
  [3,1,41] 66.4257600000
  [3,1,42] 71.0079118007
  [3,1,43] 101.4724800000
  [3,1,44] 106.7286318007
  [3,1,45] 106.7286318007
  [3,1,46] 106.7286318007
  [3,1,47] 106.7286318007
  [3,1,48] 106.7286318007
  [3,1,49] 106.7286318007
  [3,1,50] 106.7286318007
  [3,1,51] 106.7286318007
  [3,1,52] 106.7286318007
  [3,1,53] 107.3272019258
  [3,1,54] 103.9176000000
  [3,1,55] 101.0649600000
  [3,1,56] 95.7672000000
  [3,1,57] 95.3596800000
  [3,1,58] 107.3272019258
  [3,1,59] 107.3272019258
  [3,1,60] 106.7286318007
  [3,1,61] 106.7286318007
  [3,1,62] 106.7286318007
  [3,1,63] 106.7286318007
  [3,1,64] 51.6526318007
  [3,1,65] 57.6323118007
  [3,1,66] 69.9063918007
  [3,1,67] 106.7286318007
  [3,1,68] 106.7286318007
  [3,1,69] 106.7286318007
  [3,1,70] 106.7286318007
  [3,1,71] 106.7286318007
  [3,1,72] 106.7286318007
  [3,1,73] 106.7286318007
  [3,1,74] 106.7286318007
  [3,1,75] 106.7286318007
  [3,1,76] 106.7286318007
  [3,1,77] 106.7286318007
  [3,1,78] 106.7286318007
  [3,1,79] 106.7286318007
  [3,1,80] 106.7286318007
  [3,1,81] 96.5822400000
  [3,1,82] 106.7286318007
  [3,1,83] 107.3272019258
  [3,1,84] 106.7286318007
  [3,1,85] 106.7286318007
  [3,1,86] 106.7286318007
  [3,1,87] 107.3272019258
  [3,1,88] 106.7286318007
  [3,1,89] 106.7286318007
  [3,1,90] 107.2961819636
  [3,1,91] 107.3272019258
  [3,1,92] 107.3272019258
  [3,1,93] 107.3272019258
  [3,1,94] 107.3272019258
  [3,1,95] 107.3272019258
  [3,1,96] 107.3272019258
  [3,1,97] 107.3272019258
  [3,1,98] 107.3272019258
  [3,1,99] 107.3272019258
  [3,1,100] 107.3272019258
  [3,1,101] 107.3272019258
  [3,1,102] 107.3272019258
  [3,1,103] 107.3272019258
  [3,1,104] 107.3272019258
  [3,1,105] 107.3272019258
  [3,1,106] 107.3272019258
  [3,1,107] 107.3272019258
  [3,1,108] 107.3272019258
  [3,1,109] 107.3272019258
  [3,1,110] 107.3272019258
  [3,1,111] 107.3272019258
  [3,1,112] 107.3272019258
  [3,1,113] 107.3272019258
  [3,1,114] 107.3272019258
  [3,1,115] 107.3272019258
  [3,1,116] 107.3272019258
  [3,1,117] 107.3272019258
  [3,1,118] 107.3272019258
  [3,1,119] 107.3272019258
  [3,1,120] 107.3272019258
  [3,1,121] 107.3272019258
  [3,1,122] 107.3272019258
  [3,1,123] 107.3272019258
  [3,1,124] 107.3272019258
  [3,1,125] 107.3272019258
  [3,1,126] 107.3272019258
  [3,1,127] 107.3272019258
  [3,1,128] 107.3272019258
  [3,1,129] 107.3272019258
  [3,1,130] 107.3272019258
  [3,1,131] 107.3272019258
  [3,1,132] 107.3272019258
  [3,1,133] 107.3272019258
  [3,1,134] 107.3272019258
  [3,1,135] 107.3272019258
  [3,1,136] 107.3272019258
  [3,1,137] 107.3272019258
  [3,1,138] 107.3272019258
  [3,1,139] 107.3272019258
  [3,1,140] 107.3272019258
  [3,1,141] 107.3272019258
  [3,1,142] 107.3272019258
  [3,1,143] 107.3272019258
  [3,1,144] 107.3272019258
  [3,1,145] 107.3272019258
  [3,1,146] 107.3272019258
  [3,1,147] 107.3272019258
  [3,1,148] 107.3272019258
  [3,1,149] 107.3272019258
  [3,1,150] 107.3272019258
  [3,1,151] 101.0649600000
  [3,1,152] 75.7987200000
  [3,1,153] 58.6828800000
  [3,1,154] 107.3272019258
  [3,1,155] 107.3272019258
  [3,1,156] 107.3272019258
  [3,1,157] 107.3272019258
  [3,1,158] 91.2844800000
  [3,1,159] 72.5385600000
  [3,1,160] 51.8578019258
  [3,1,161] 58.3882419258
  [3,1,162] 102.2875200000
  [3,1,163] 107.3272019258
  [3,1,164] 107.3272019258
  [3,1,165] 107.3272019258
  [3,1,166] 107.3272019258
  [3,1,167] 107.3272019258
  [3,1,168] 107.3272019258
  [3,1,169] 107.3272019258
  [3,1,170] 107.3272019258
  [3,1,171] 107.3272019258
  [3,1,172] 107.3272019258
  [3,1,173] 107.3272019258
  [3,1,174] 99.0273600000
  [3,1,175] 84.3566400000
  [3,1,176] 80.2814400000
  [3,1,177] 78.2438400000
  [3,1,178] 107.3272019258
  [3,1,179] 107.3272019258
  [3,1,180] 107.3272019258
  [3,1,181] 107.3272019258
  [3,1,182] 107.3272019258
  [3,1,183] 107.3272019258
  [3,1,184] 107.3272019258
  [3,1,185] 107.3272019258
  [3,1,186] 107.3272019258
  [3,1,187] 107.3272019258
  [3,1,188] 107.3272019258
  [3,1,189] 107.3272019258
  [3,1,190] 107.3272019258
  [3,1,191] 107.3272019258
  [3,1,192] 107.3272019258
  [3,1,193] 107.3272019258
  [3,1,194] 107.3272019258
  [3,1,195] 107.3272019258
  [3,1,196] 107.3272019258
  [3,1,197] 107.3272019258
  [3,1,198] 107.3272019258
  [3,1,199] 107.3272019258
  [3,1,200] 107.3272019258
  [3,1,201] 83.5416000000
  [3,1,202] 107.3272019258
  [3,1,203] 107.3272019258
  [3,1,204] 107.3272019258
  [3,1,205] 107.3272019258
  [3,1,206] 58.3095619258
  [3,1,207] 87.6168000000
  [3,1,208] 60.4339219258
  [3,1,209] 94.5446400000
  [3,1,210] 107.3272019258
  [3,1,211] 107.3272019258
  [3,1,212] 107.3272019258
  [3,1,213] 107.3272019258
  [3,1,214] 107.3272019258
  [3,1,215] 107.3272019258
  [3,1,216] 107.3272019258
  [3,1,217] 96.9897600000
  [3,1,218] 79.8739200000
  [3,1,219] 66.8332800000
  [3,1,220] 60.3129600000
  [3,1,221] 58.6828800000
  [3,1,222] 61.1280000000
  [3,1,223] 63.5731200000
  [3,1,224] 68.8708800000
  [3,1,225] 59.0904000000
  [3,1,226] 40.3444800000
  [3,1,227] 52.1625600000
  [3,1,228] 62.3505600000
  [3,1,229] 65.6107200000
  [3,1,230] 53.7926400000
  [3,1,231] 39.1219200000
  [3,1,232] 28.9339200000
  [3,1,233] 29.3414400000
  [3,1,234] 38.3068800000
  [3,1,235] 54.2001600000
  [3,1,236] 68.4633600000
  [3,1,237] 94.9521600000
  [3,1,238] 106.7286318007
  [3,1,239] 106.7286318007
  [3,1,240] 106.7286318007
  [3,1,241] 107.3272019258
  [3,1,242] 106.7286318007
  [3,1,243] 102.2875200000
  [3,1,244] 89.6544000000
  [3,1,245] 79.4664000000
  [3,1,246] 73.7611200000
  [3,1,247] 72.9460800000
  [3,1,248] 72.9460800000
  [3,1,249] 72.5385600000
  [3,1,250] 85.5792000000
  [3,1,251] 106.7286318007
  [3,1,252] 106.7286318007
  [3,1,253] 106.7286318007
  [3,1,254] 72.6207579829
  [3,1,255] 79.8739200000
  [3,1,256] 70.6623219258
  [3,1,257] 73.1014019258
  [3,1,258] 78.0582419258
  [3,1,259] 107.3272019258
  [3,1,260] 107.3272019258
  [3,1,261] 107.3272019258
  [3,1,262] 107.3272019258
  [3,1,263] 107.3272019258
  [3,1,264] 107.3272019258
  [3,1,265] 107.3272019258
  [3,1,266] 107.3272019258
  [3,1,267] 107.3272019258
  [3,1,268] 107.3272019258
  [3,1,269] 107.3272019258
  [3,1,270] 107.3272019258
  [3,1,271] 107.3272019258
  [3,1,272] 107.3272019258
  [3,1,273] 107.3272019258
  [3,1,274] 107.3272019258
  [3,1,275] 107.3272019258
  [3,1,276] 107.3272019258
  [3,1,277] 107.3272019258
  [3,1,278] 107.3272019258
  [3,1,279] 107.3272019258
  [3,1,280] 107.3272019258
  [3,1,281] 107.3272019258
  [3,1,282] 107.3272019258
  [3,1,283] 107.3272019258
  [3,1,284] 107.3272019258
  [3,1,285] 107.3272019258
  [3,1,286] 107.3272019258
  [3,1,287] 107.3272019258
  [3,1,288] 107.3272019258
  [3,1,289] 107.3272019258
  [3,1,290] 107.3272019258
  [3,1,291] 107.3272019258
  [3,1,292] 107.3272019258
  [3,1,293] 107.3272019258
  [3,1,294] 102.2875200000
  [3,1,295] 100.2499200000
  [3,1,296] 98.6198400000
  [3,1,297] 90.8769600000
  [3,1,298] 107.3272019258
  [3,1,299] 107.3272019258
  [3,1,300] 107.3272019258
  [3,1,301] 55.7918019258
  [3,1,302] 28.5264000000
  [3,1,303] 10.5955200000
  [3,1,304] 6.1128000000
  [3,1,305] 9.3729600000
  [3,1,306] 19.5609600000
  [3,1,307] 44.8272000000
  [3,1,308] 94.5446400000
  [3,1,309] 107.3272019258
  [3,1,310] 107.3272019258
  [3,1,311] 107.3272019258
  [3,1,312] 107.3272019258
  [3,1,313] 99.8424000000
  [3,1,314] 96.9897600000
  [3,1,315] 94.1371200000
  [3,1,316] 83.9491200000
  [3,1,317] 60.7204800000
  [3,1,318] 39.5294400000
  [3,1,319] 25.6737600000
  [3,1,320] 19.5609600000
  [3,1,321] 19.1534400000
  [3,1,322] 27.3038400000
  [3,1,323] 27.7113600000
  [3,1,324] 12.2256000000
  [3,1,325] 2.4451200000
  [3,1,326] 0.8150400000
  [3,1,327] 0.8150400000
  [3,1,328] 6.1128000000
  [3,1,329] 15.0782400000
  [3,1,330] 26.0812800000
  [3,1,331] 30.9715200000
  [3,1,332] 30.5640000000
  [3,1,333] 28.9339200000
  [3,1,334] 23.2286400000
  [3,1,335] 17.5233600000
  [3,1,336] 15.4857600000
  [3,1,337] 13.8556800000
  [3,1,338] 8.5579200000
  [3,1,339] 2.8526400000
  [3,1,340] 0.8150400000
  [3,1,341] 0.4075200000
  [3,1,342] 0.0000000000
  [3,1,343] 0.4075200000
  [3,1,344] 0.8150400000
  [3,1,345] 2.4451200000
  [3,1,346] 6.5203200000
  [3,1,347] 27.3038400000
  [3,1,348] 50.1249600000
  [3,1,349] 57.0528000000
  [3,1,350] 61.5355200000
  [3,1,351] 64.3881600000
  [3,1,352] 61.5355200000
  [3,1,353] 63.1656000000
  [3,1,354] 79.0588800000
  [3,1,355] 97.8048000000
  [3,1,356] 104.3251200000
  [3,1,357] 91.6920000000
  [3,1,358] 72.1310400000
  [3,1,359] 59.0904000000
  [3,1,360] 52.5700800000
  [3,1,361] 50.5324800000
  [3,1,362] 46.4572800000
  [3,1,363] 39.5294400000
  [3,1,364] 37.4918400000
  [3,1,365] 34.2316800000
  [3,1,366] 33.8241600000
  [3,1,367] 32.1940800000
  [3,1,368] 35.4542400000
  [3,1,369] 37.0843200000
  [3,1,370] 33.4166400000
  [3,1,371] 40.7520000000
  [3,1,372] 54.6076800000
  [3,1,373] 72.5385600000
  [3,1,374] 81.5510318007
  [3,1,375] 99.0273600000
  [3,1,376] 78.7972318007
  [3,1,377] 82.8885918007
  [3,1,378] 88.3175118007
  [3,1,379] 95.7134318007
  [3,1,380] 86.8017600000
  [3,1,381] 79.0588800000
  [3,1,382] 77.8363200000
  [3,1,383] 69.6859200000
  [3,1,384] 60.7204800000
  [3,1,385] 49.3099200000
  [3,1,386] 39.9369600000
  [3,1,387] 32.6016000000
  [3,1,388] 29.3414400000
  [3,1,389] 30.1564800000
  [3,1,390] 33.8241600000
  [3,1,391] 40.3444800000
  [3,1,392] 47.6798400000
  [3,1,393] 52.9776000000
  [3,1,394] 45.6422400000
  [3,1,395] 68.4633600000
  [3,1,396] 78.2438400000
  [3,1,397] 76.6137600000
  [3,1,398] 69.1982718007
  [3,1,399] 69.5129918007
  [3,1,400] 74.5761600000
  [3,1,401] 74.1686400000
  [3,1,402] 73.7611200000
  [3,1,403] 75.7987200000
  [3,1,404] 81.0964800000
  [3,1,405] 81.9115200000
  [3,1,406] 89.2468800000
  [3,1,407] 95.7672000000
  [3,1,408] 99.8424000000
  [3,1,409] 102.6950400000
  [3,1,410] 104.3251200000
  [3,1,411] 103.9176000000
  [3,1,412] 101.4724800000
  [3,1,413] 96.9897600000
  [3,1,414] 78.6513600000
  [3,1,415] 60.7204800000
  [3,1,416] 48.0873600000
  [3,1,417] 41.9745600000
  [3,1,418] 33.4166400000
  [3,1,419] 48.0873600000
  [3,1,420] 68.0558400000
  [3,1,421] 66.8332800000
  [3,1,422] 56.6452800000
  [3,1,423] 45.2347200000
  [3,1,424] 32.6016000000
  [3,1,425] 24.0436800000
  [3,1,426] 22.0060800000
  [3,1,427] 27.3038400000
  [3,1,428] 41.1595200000
  [3,1,429] 71.3160000000
  [3,1,430] 93.7296000000
  [3,1,431] 89.6544000000
  [3,1,432] 74.9836800000
  [3,1,433] 59.9054400000
  [3,1,434] 45.6422400000
  [3,1,435] 34.2316800000
  [3,1,436] 28.1188800000
  [3,1,437] 28.1188800000
  [3,1,438] 32.1940800000
  [3,1,439] 38.3068800000
  [3,1,440] 44.0121600000
  [3,1,441] 49.3099200000
  [3,1,442] 46.8648000000
  [3,1,443] 70.9084800000
  [3,1,444] 72.1310400000
  [3,1,445] 57.8678400000
  [3,1,446] 46.0497600000
  [3,1,447] 38.7144000000
  [3,1,448] 33.4166400000
  [3,1,449] 33.0091200000
  [3,1,450] 37.4918400000
  [3,1,451] 48.0873600000
  [3,1,452] 64.7956800000
  [3,1,453] 83.9491200000
  [3,1,454] 101.4724800000
  [3,1,455] 107.3272019258
  [3,1,456] 106.7286318007
  [3,1,457] 105.5476800000
  [3,1,458] 106.3627200000
  [3,1,459] 107.3272019258
  [3,1,460] 103.9176000000
  [3,1,461] 96.5822400000
  [3,1,462] 94.9521600000
  [3,1,463] 105.1401600000
  [3,1,464] 107.3272019258
  [3,1,465] 107.3272019258
  [3,1,466] 97.0988019258
  [3,1,467] 107.3272019258
  [3,1,468] 107.3272019258
  [3,1,469] 107.3272019258
  [3,1,470] 96.1747200000
  [3,1,471] 50.0481619258
  [3,1,472] 99.8424000000
  [3,1,473] 107.3272019258
  [3,1,474] 107.3272019258
  [3,1,475] 107.3272019258
  [3,1,476] 107.3272019258
  [3,1,477] 107.3272019258
  [3,1,478] 107.3272019258
  [3,1,479] 107.3272019258
  [3,1,480] 107.3272019258
  [3,1,481] 107.3272019258
  [3,1,482] 107.3272019258
  [3,1,483] 107.3272019258
  [3,1,484] 95.3596800000
  [3,1,485] 85.9867200000
  [3,1,486] 83.5416000000
  [3,1,487] 86.3942400000
  [3,1,488] 94.1371200000
  [3,1,489] 103.1025600000
  [3,1,490] 107.3272019258
  [3,1,491] 107.3272019258
  [3,1,492] 107.3272019258
  [3,1,493] 107.3272019258
  [3,1,494] 107.3272019258
  [3,1,495] 107.3272019258
  [3,1,496] 107.3272019258
  [3,1,497] 107.3272019258
  [3,1,498] 107.3272019258
  [3,1,499] 107.3272019258
  [3,1,500] 107.3272019258
  [3,1,501] 107.3272019258
  [3,1,502] 107.3272019258
  [3,1,503] 107.3272019258
  [3,1,504] 107.3272019258
  [3,1,505] 107.3272019258
  [3,1,506] 107.3272019258
  [3,1,507] 107.3272019258
  [3,1,508] 101.8800000000
  [3,1,509] 89.6544000000
  [3,1,510] 83.9491200000
  [3,1,511] 82.7265600000
  [3,1,512] 85.9867200000
  [3,1,513] 86.8017600000
  [3,1,514] 93.7155619258
  [3,1,515] 107.3272019258
  [3,1,516] 107.3272019258
  [3,1,517] 107.3272019258
  [3,1,518] 49.7334419258
  [3,1,519] 48.3958819258
  [3,1,520] 50.5202419258
  [3,1,521] 56.5786019258
  [3,1,522] 105.1401600000
  [3,1,523] 107.3272019258
  [3,1,524] 107.3272019258
  [3,1,525] 107.3272019258
  [3,1,526] 107.3272019258
  [3,1,527] 107.3272019258
  [3,1,528] 107.3272019258
  [3,1,529] 107.3272019258
  [3,1,530] 107.3272019258
  [3,1,531] 107.3272019258
  [3,1,532] 107.3272019258
  [3,1,533] 107.3272019258
  [3,1,534] 107.3272019258
  [3,1,535] 107.3272019258
  [3,1,536] 107.3272019258
  [3,1,537] 107.3272019258
  [3,1,538] 107.3272019258
  [3,1,539] 107.3272019258
  [3,1,540] 107.3272019258
  [3,1,541] 107.3272019258
  [3,1,542] 50.2055219258
  [3,1,543] 72.9460800000
  [3,1,544] 50.7562819258
  [3,1,545] 57.4440819258
  [3,1,546] 61.5355200000
  [3,1,547] 81.0964800000
  [3,1,548] 107.3272019258
  [3,1,549] 107.3272019258
  [3,1,550] 107.3272019258
  [3,1,551] 107.3272019258
  [3,1,552] 107.3272019258
  [3,1,553] 107.3272019258
  [3,1,554] 107.3272019258
  [3,1,555] 107.3272019258
  [3,1,556] 100.6574400000
  [3,1,557] 75.3912000000
  [3,1,558] 59.4979200000
  [3,1,559] 58.6828800000
  [3,1,560] 65.2032000000
  [3,1,561] 72.9460800000
  [3,1,562] 107.3272019258
  [3,1,563] 107.3272019258
  [3,1,564] 107.3272019258
  [3,1,565] 55.0050019258
  [3,1,566] 85.5792000000
  [3,1,567] 48.6319219258
  [3,1,568] 50.1577118007
  [3,1,569] 71.3160000000
  [3,1,570] 66.1775619258
  [3,1,571] 107.3272019258
  [3,1,572] 107.3272019258
  [3,1,573] 107.3272019258
  [3,1,574] 107.3272019258
  [3,1,575] 107.3272019258
  [3,1,576] 107.3272019258
  [3,1,577] 107.3272019258
  [3,1,578] 107.3272019258
  [3,1,579] 107.3272019258
  [3,1,580] 107.3272019258
  [3,1,581] 103.5100800000
  [3,1,582] 82.3190400000
  [3,1,583] 69.2784000000
  [3,1,584] 66.8332800000
  [3,1,585] 66.4257600000
  [3,1,586] 89.2468800000
  [3,1,587] 107.3272019258
  [3,1,588] 66.3349219258
  [3,1,589] 56.4999219258
  [3,1,590] 87.2092800000
  [3,1,591] 84.7641600000
  [3,1,592] 51.1496819258
  [3,1,593] 56.8146419258
  [3,1,594] 107.3272019258
  [3,1,595] 107.3272019258
  [3,1,596] 107.3272019258
  [3,1,597] 107.3272019258
  [3,1,598] 107.3272019258
  [3,1,599] 107.3272019258
  [3,1,600] 107.3272019258
  [3,1,601] 107.3272019258
  [3,1,602] 103.5100800000
  [3,1,603] 83.5416000000
  [3,1,604] 72.5385600000
  [3,1,605] 68.4633600000
  [3,1,606] 79.0588800000
  [3,1,607] 92.9145600000
  [3,1,608] 101.0649600000
  [3,1,609] 99.4348800000
  [3,1,610] 107.3272019258
  [3,1,611] 107.3272019258
  [3,1,612] 107.3272019258
  [3,1,613] 96.5822400000
  [3,1,614] 51.2283619258
  [3,1,615] 69.2784000000
  [3,1,616] 74.5761600000
  [3,1,617] 92.9145600000
  [3,1,618] 107.3272019258
  [3,1,619] 107.3272019258
  [3,1,620] 107.3272019258
  [3,1,621] 107.3272019258
  [3,1,622] 107.3272019258
  [3,1,623] 107.3272019258
  [3,1,624] 107.3272019258
  [3,1,625] 107.3272019258
  [3,1,626] 107.3272019258
  [3,1,627] 106.3627200000
  [3,1,628] 92.5070400000
  [3,1,629] 85.5792000000
  [3,1,630] 88.8393600000
  [3,1,631] 93.7296000000
  [3,1,632] 98.2123200000
  [3,1,633] 98.2123200000
  [3,1,634] 107.3272019258
  [3,1,635] 107.3272019258
  [3,1,636] 107.3272019258
  [3,1,637] 107.3272019258
  [3,1,638] 107.3272019258
  [3,1,639] 107.3272019258
  [3,1,640] 107.3272019258
  [3,1,641] 107.3272019258
  [3,1,642] 107.3272019258
  [3,1,643] 107.3272019258
  [3,1,644] 107.3272019258
  [3,1,645] 107.3272019258
  [3,1,646] 107.3272019258
  [3,1,647] 107.3272019258
  [3,1,648] 107.3272019258
  [3,1,649] 107.3272019258
  [3,1,650] 107.3272019258
  [3,1,651] 99.0273600000
  [3,1,652] 85.9867200000
  [3,1,653] 78.2438400000
  [3,1,654] 74.1686400000
  [3,1,655] 72.9460800000
  [3,1,656] 73.7611200000
  [3,1,657] 73.7611200000
  [3,1,658] 94.1371200000
  [3,1,659] 107.3272019258
  [3,1,660] 107.3272019258
  [3,1,661] 60.4339219258
  [3,1,662] 82.3190400000
  [3,1,663] 52.8019619258
  [3,1,664] 71.7235200000
  [3,1,665] 75.7987200000
  [3,1,666] 89.2468800000
  [3,1,667] 107.3272019258
  [3,1,668] 107.3272019258
  [3,1,669] 107.3272019258
  [3,1,670] 107.3272019258
  [3,1,671] 107.3272019258
  [3,1,672] 107.3272019258
  [3,1,673] 107.3272019258
  [3,1,674] 107.3272019258
  [3,1,675] 106.7286318007
  [3,1,676] 84.3566400000
  [3,1,677] 80.6889600000
  [3,1,678] 84.3566400000
  [3,1,679] 95.3596800000
  [3,1,680] 96.1747200000
  [3,1,681] 92.0995200000
  [3,1,682] 89.2468800000
  [3,1,683] 106.7286318007
  [3,1,684] 107.3272019258
  [3,1,685] 107.3272019258
  [3,1,686] 52.2512019258
  [3,1,687] 81.0964800000
  [3,1,688] 52.6446019258
  [3,1,689] 58.6242819258
  [3,1,690] 67.9872019258
  [3,1,691] 107.3272019258
  [3,1,692] 107.3272019258
  [3,1,693] 107.3272019258
  [3,1,694] 107.3272019258
  [3,1,695] 107.3272019258
  [3,1,696] 107.3272019258
  [3,1,697] 107.3272019258
  [3,1,698] 107.3272019258
  [3,1,699] 107.3272019258
  [3,1,700] 102.2875200000
  [3,1,701] 79.0588800000
  [3,1,702] 66.0182400000
  [3,1,703] 68.4633600000
  [3,1,704] 72.5385600000
  [3,1,705] 78.2438400000
  [3,1,706] 99.9312819258
  [3,1,707] 107.3272019258
  [3,1,708] 107.3272019258
  [3,1,709] 107.3272019258
  [3,1,710] 98.2123200000
  [3,1,711] 87.2092800000
  [3,1,712] 81.5040000000
  [3,1,713] 74.5761600000
  [3,1,714] 72.1310400000
  [3,1,715] 78.6513600000
  [3,1,716] 94.1371200000
  [3,1,717] 107.3272019258
  [3,1,718] 107.3272019258
  [3,1,719] 107.3272019258
  [3,1,720] 107.3272019258
  [3,1,721] 107.3272019258
  [3,1,722] 107.3272019258
  [3,1,723] 107.3272019258
  [3,1,724] 107.3272019258
  [3,1,725] 107.3272019258
  [3,1,726] 107.3272019258
  [3,1,727] 107.3272019258
  [3,1,728] 107.0576541697
  [3,1,729] 102.6950400000
  [3,1,730] 106.7286318007
  [3,1,731] 106.7286318007
  [3,1,732] 106.7286318007
  [3,1,733] 106.7286318007
  [3,1,734] 90.8769600000
  [3,1,735] 73.7611200000
  [3,1,736] 71.3160000000
  [3,1,737] 83.9491200000
  [3,1,738] 106.7286318007
  [3,1,739] 106.7286318007
  [3,1,740] 106.7286318007
  [3,1,741] 106.7286318007
  [3,1,742] 106.7286318007
  [3,1,743] 106.7286318007
  [3,1,744] 106.7286318007
  [3,2,1] 107.3272019258
  [3,2,2] 107.3272019258
  [3,2,3] 106.7286318007
  [3,2,4] 87.2092800000
  [3,2,5] 62.7580800000
  [3,2,6] 48.9024000000
  [3,2,7] 59.4979200000
  [3,2,8] 83.1340800000
  [3,2,9] 98.6198400000
  [3,2,10] 107.3272019258
  [3,2,11] 107.3272019258
  [3,2,12] 107.3272019258
  [3,2,13] 107.3272019258
  [3,2,14] 107.3272019258
  [3,2,15] 107.3272019258
  [3,2,16] 107.3272019258
  [3,2,17] 107.3272019258
  [3,2,18] 107.3272019258
  [3,2,19] 106.7286318007
  [3,2,20] 107.3272019258
  [3,2,21] 106.7286318007
  [3,2,22] 106.7286318007
  [3,2,23] 107.3272019258
  [3,2,24] 107.3272019258
  [3,2,25] 107.3272019258
  [3,2,26] 107.3272019258
  [3,2,27] 107.3272019258
  [3,2,28] 107.3272019258
  [3,2,29] 107.3272019258
  [3,2,30] 107.3272019258
  [3,2,31] 98.6198400000
  [3,2,32] 78.6513600000
  [3,2,33] 64.3881600000
  [3,2,34] 71.3160000000
  [3,2,35] 106.7286318007
  [3,2,36] 107.3272019258
  [3,2,37] 58.4669219258
  [3,2,38] 52.5659219258
  [3,2,39] 50.1577118007
  [3,2,40] 52.2033918007
  [3,2,41] 58.7338318007
  [3,2,42] 71.6064819258
  [3,2,43] 101.4724800000
  [3,2,44] 107.3272019258
  [3,2,45] 107.3272019258
  [3,2,46] 107.3272019258
  [3,2,47] 107.3272019258
  [3,2,48] 107.3272019258
  [3,2,49] 106.7286318007
  [3,2,50] 107.3272019258
  [3,2,51] 107.3272019258
  [3,2,52] 107.3272019258
  [3,2,53] 106.7286318007
  [3,2,54] 103.9176000000
  [3,2,55] 101.0649600000
  [3,2,56] 95.7672000000
  [3,2,57] 95.3596800000
  [3,2,58] 107.3272019258
  [3,2,59] 107.3272019258
  [3,2,60] 106.7286318007
  [3,2,61] 107.3272019258
  [3,2,62] 107.3272019258
  [3,2,63] 107.3272019258
  [3,2,64] 52.2512019258
  [3,2,65] 57.6323118007
  [3,2,66] 70.5049619258
  [3,2,67] 107.3272019258
  [3,2,68] 107.3272019258
  [3,2,69] 107.3272019258
  [3,2,70] 107.3272019258
  [3,2,71] 107.3272019258
  [3,2,72] 107.3272019258
  [3,2,73] 107.3272019258
  [3,2,74] 107.3272019258
  [3,2,75] 107.3272019258
  [3,2,76] 106.7286318007
  [3,2,77] 107.3272019258
  [3,2,78] 106.7286318007
  [3,2,79] 107.3272019258
  [3,2,80] 107.3272019258
  [3,2,81] 96.5822400000
  [3,2,82] 107.3272019258
  [3,2,83] 107.3272019258
  [3,2,84] 107.3272019258
  [3,2,85] 107.3272019258
  [3,2,86] 106.7286318007
  [3,2,87] 107.3272019258
  [3,2,88] 106.7286318007
  [3,2,89] 107.3272019258
  [3,2,90] 107.3272019258
  [3,2,91] 107.3272019258
  [3,2,92] 107.3272019258
  [3,2,93] 107.3272019258
  [3,2,94] 107.3272019258
  [3,2,95] 106.7286318007
  [3,2,96] 107.3272019258
  [3,2,97] 107.3272019258
  [3,2,98] 106.7286318007
  [3,2,99] 107.3272019258
  [3,2,100] 107.3272019258
  [3,2,101] 107.3272019258
  [3,2,102] 107.3272019258
  [3,2,103] 106.7286318007
  [3,2,104] 107.3272019258
  [3,2,105] 107.3272019258
  [3,2,106] 107.3272019258
  [3,2,107] 107.3272019258
  [3,2,108] 107.3272019258
  [3,2,109] 107.3272019258
  [3,2,110] 107.3272019258
  [3,2,111] 107.3272019258
  [3,2,112] 107.3272019258
  [3,2,113] 106.7286318007
  [3,2,114] 107.3272019258
  [3,2,115] 106.7286318007
  [3,2,116] 107.3272019258
  [3,2,117] 107.3272019258
  [3,2,118] 107.3272019258
  [3,2,119] 106.7286318007
  [3,2,120] 107.3272019258
  [3,2,121] 107.3272019258
  [3,2,122] 107.3272019258
  [3,2,123] 106.7286318007
  [3,2,124] 107.3272019258
  [3,2,125] 107.3272019258
  [3,2,126] 107.3272019258
  [3,2,127] 106.7286318007
  [3,2,128] 107.3272019258
  [3,2,129] 107.3272019258
  [3,2,130] 107.3272019258
  [3,2,131] 107.3272019258
  [3,2,132] 106.7286318007
  [3,2,133] 107.3272019258
  [3,2,134] 107.3272019258
  [3,2,135] 107.3272019258
  [3,2,136] 107.3272019258
  [3,2,137] 106.7286318007
  [3,2,138] 107.3272019258
  [3,2,139] 107.3272019258
  [3,2,140] 106.7286318007
  [3,2,141] 107.3272019258
  [3,2,142] 107.3272019258
  [3,2,143] 107.3272019258
  [3,2,144] 107.3272019258
  [3,2,145] 107.3272019258
  [3,2,146] 107.3272019258
  [3,2,147] 107.3272019258
  [3,2,148] 107.3272019258
  [3,2,149] 107.3272019258
  [3,2,150] 107.3272019258
  [3,2,151] 101.0649600000
  [3,2,152] 75.7987200000
  [3,2,153] 58.6828800000
  [3,2,154] 107.3272019258
  [3,2,155] 107.3272019258
  [3,2,156] 107.3272019258
  [3,2,157] 106.7286318007
  [3,2,158] 51.5430819258
  [3,2,159] 49.8121219258
  [3,2,160] 51.8578019258
  [3,2,161] 78.2438400000
  [3,2,162] 69.8755219258
  [3,2,163] 107.3272019258
  [3,2,164] 107.3272019258
  [3,2,165] 106.7286318007
  [3,2,166] 107.3272019258
  [3,2,167] 107.3272019258
  [3,2,168] 107.3272019258
  [3,2,169] 106.7286318007
  [3,2,170] 107.3272019258
  [3,2,171] 107.3272019258
  [3,2,172] 106.7286318007
  [3,2,173] 107.3272019258
  [3,2,174] 99.0273600000
  [3,2,175] 84.3566400000
  [3,2,176] 80.2814400000
  [3,2,177] 78.2438400000
  [3,2,178] 107.3272019258
  [3,2,179] 107.3272019258
  [3,2,180] 107.3272019258
  [3,2,181] 106.7286318007
  [3,2,182] 107.3272019258
  [3,2,183] 107.3272019258
  [3,2,184] 107.3272019258
  [3,2,185] 106.7286318007
  [3,2,186] 107.3272019258
  [3,2,187] 107.3272019258
  [3,2,188] 107.3272019258
  [3,2,189] 107.3272019258
  [3,2,190] 107.3272019258
  [3,2,191] 106.7286318007
  [3,2,192] 107.3272019258
  [3,2,193] 107.3272019258
  [3,2,194] 107.3272019258
  [3,2,195] 107.3272019258
  [3,2,196] 106.7286318007
  [3,2,197] 107.3272019258
  [3,2,198] 106.7286318007
  [3,2,199] 107.3272019258
  [3,2,200] 106.7286318007
  [3,2,201] 83.5416000000
  [3,2,202] 107.3272019258
  [3,2,203] 106.7286318007
  [3,2,204] 107.3272019258
  [3,2,205] 106.7286318007
  [3,2,206] 58.3095619258
  [3,2,207] 87.6168000000
  [3,2,208] 87.2092800000
  [3,2,209] 94.5446400000
  [3,2,210] 106.7286318007
  [3,2,211] 107.3272019258
  [3,2,212] 106.7286318007
  [3,2,213] 107.3272019258
  [3,2,214] 107.3272019258
  [3,2,215] 106.7286318007
  [3,2,216] 107.3272019258
  [3,2,217] 96.9897600000
  [3,2,218] 79.8739200000
  [3,2,219] 66.8332800000
  [3,2,220] 60.3129600000
  [3,2,221] 58.6828800000
  [3,2,222] 61.1280000000
  [3,2,223] 63.5731200000
  [3,2,224] 68.8708800000
  [3,2,225] 59.0904000000
  [3,2,226] 40.3444800000
  [3,2,227] 52.1625600000
  [3,2,228] 62.3505600000
  [3,2,229] 65.6107200000
  [3,2,230] 53.7926400000
  [3,2,231] 39.1219200000
  [3,2,232] 28.9339200000
  [3,2,233] 29.3414400000
  [3,2,234] 38.3068800000
  [3,2,235] 54.2001600000
  [3,2,236] 68.4633600000
  [3,2,237] 94.9521600000
  [3,2,238] 107.3272019258
  [3,2,239] 106.7286318007
  [3,2,240] 107.3272019258
  [3,2,241] 107.3272019258
  [3,2,242] 106.7286318007
  [3,2,243] 102.2875200000
  [3,2,244] 89.6544000000
  [3,2,245] 79.4664000000
  [3,2,246] 73.7611200000
  [3,2,247] 72.9460800000
  [3,2,248] 72.9460800000
  [3,2,249] 72.5385600000
  [3,2,250] 85.5792000000
  [3,2,251] 106.7286318007
  [3,2,252] 107.3272019258
  [3,2,253] 106.7286318007
  [3,2,254] 99.4348800000
  [3,2,255] 69.9063918007
  [3,2,256] 73.7611200000
  [3,2,257] 73.1014019258
  [3,2,258] 78.0582419258
  [3,2,259] 107.3272019258
  [3,2,260] 106.7286318007
  [3,2,261] 107.3272019258
  [3,2,262] 106.7286318007
  [3,2,263] 107.3272019258
  [3,2,264] 106.7286318007
  [3,2,265] 106.7286318007
  [3,2,266] 107.3272019258
  [3,2,267] 107.3272019258
  [3,2,268] 106.7286318007
  [3,2,269] 106.7286318007
  [3,2,270] 107.3272019258
  [3,2,271] 107.3272019258
  [3,2,272] 106.7286318007
  [3,2,273] 107.3272019258
  [3,2,274] 106.7286318007
  [3,2,275] 107.3272019258
  [3,2,276] 107.3272019258
  [3,2,277] 106.7286318007
  [3,2,278] 106.7286318007
  [3,2,279] 107.3272019258
  [3,2,280] 107.3272019258
  [3,2,281] 107.3272019258
  [3,2,282] 106.7286318007
  [3,2,283] 107.3272019258
  [3,2,284] 106.7286318007
  [3,2,285] 107.3272019258
  [3,2,286] 106.7286318007
  [3,2,287] 107.3272019258
  [3,2,288] 106.7286318007
  [3,2,289] 106.7286318007
  [3,2,290] 107.3272019258
  [3,2,291] 107.3272019258
  [3,2,292] 107.3272019258
  [3,2,293] 106.7286318007
  [3,2,294] 102.2875200000
  [3,2,295] 100.2499200000
  [3,2,296] 98.6198400000
  [3,2,297] 90.8769600000
  [3,2,298] 107.3272019258
  [3,2,299] 106.7286318007
  [3,2,300] 106.7286318007
  [3,2,301] 62.7580800000
  [3,2,302] 28.5264000000
  [3,2,303] 10.5955200000
  [3,2,304] 6.1128000000
  [3,2,305] 9.3729600000
  [3,2,306] 19.5609600000
  [3,2,307] 44.8272000000
  [3,2,308] 94.5446400000
  [3,2,309] 107.3272019258
  [3,2,310] 106.7286318007
  [3,2,311] 107.3272019258
  [3,2,312] 107.3272019258
  [3,2,313] 99.8424000000
  [3,2,314] 96.9897600000
  [3,2,315] 94.1371200000
  [3,2,316] 83.9491200000
  [3,2,317] 60.7204800000
  [3,2,318] 39.5294400000
  [3,2,319] 25.6737600000
  [3,2,320] 19.5609600000
  [3,2,321] 19.1534400000
  [3,2,322] 27.3038400000
  [3,2,323] 27.7113600000
  [3,2,324] 12.2256000000
  [3,2,325] 2.4451200000
  [3,2,326] 0.8150400000
  [3,2,327] 0.8150400000
  [3,2,328] 6.1128000000
  [3,2,329] 15.0782400000
  [3,2,330] 26.0812800000
  [3,2,331] 30.9715200000
  [3,2,332] 30.5640000000
  [3,2,333] 28.9339200000
  [3,2,334] 23.2286400000
  [3,2,335] 17.5233600000
  [3,2,336] 15.4857600000
  [3,2,337] 13.8556800000
  [3,2,338] 8.5579200000
  [3,2,339] 2.8526400000
  [3,2,340] 0.8150400000
  [3,2,341] 0.4075200000
  [3,2,342] 0.0000000000
  [3,2,343] 0.4075200000
  [3,2,344] 0.8150400000
  [3,2,345] 2.4451200000
  [3,2,346] 6.5203200000
  [3,2,347] 27.3038400000
  [3,2,348] 50.1249600000
  [3,2,349] 57.0528000000
  [3,2,350] 61.5355200000
  [3,2,351] 64.3881600000
  [3,2,352] 61.5355200000
  [3,2,353] 63.1656000000
  [3,2,354] 79.0588800000
  [3,2,355] 97.8048000000
  [3,2,356] 104.3251200000
  [3,2,357] 91.6920000000
  [3,2,358] 72.1310400000
  [3,2,359] 59.0904000000
  [3,2,360] 52.5700800000
  [3,2,361] 50.5324800000
  [3,2,362] 46.4572800000
  [3,2,363] 39.5294400000
  [3,2,364] 37.4918400000
  [3,2,365] 34.2316800000
  [3,2,366] 33.8241600000
  [3,2,367] 32.1940800000
  [3,2,368] 35.4542400000
  [3,2,369] 37.0843200000
  [3,2,370] 33.4166400000
  [3,2,371] 40.7520000000
  [3,2,372] 54.6076800000
  [3,2,373] 72.5385600000
  [3,2,374] 86.8017600000
  [3,2,375] 99.0273600000
  [3,2,376] 106.3627200000
  [3,2,377] 106.3627200000
  [3,2,378] 103.5100800000
  [3,2,379] 100.6574400000
  [3,2,380] 86.8017600000
  [3,2,381] 79.0588800000
  [3,2,382] 77.8363200000
  [3,2,383] 69.6859200000
  [3,2,384] 60.7204800000
  [3,2,385] 49.3099200000
  [3,2,386] 39.9369600000
  [3,2,387] 32.6016000000
  [3,2,388] 29.3414400000
  [3,2,389] 30.1564800000
  [3,2,390] 33.8241600000
  [3,2,391] 40.3444800000
  [3,2,392] 47.6798400000
  [3,2,393] 52.9776000000
  [3,2,394] 45.6422400000
  [3,2,395] 68.4633600000
  [3,2,396] 78.2438400000
  [3,2,397] 70.9770419258
  [3,2,398] 69.7968419258
  [3,2,399] 69.5129918007
  [3,2,400] 74.5761600000
  [3,2,401] 74.1686400000
  [3,2,402] 73.7611200000
  [3,2,403] 75.7987200000
  [3,2,404] 81.0964800000
  [3,2,405] 81.9115200000
  [3,2,406] 89.2468800000
  [3,2,407] 95.7672000000
  [3,2,408] 99.8424000000
  [3,2,409] 102.6950400000
  [3,2,410] 104.3251200000
  [3,2,411] 103.9176000000
  [3,2,412] 101.4724800000
  [3,2,413] 96.9897600000
  [3,2,414] 78.6513600000
  [3,2,415] 60.7204800000
  [3,2,416] 48.0873600000
  [3,2,417] 41.9745600000
  [3,2,418] 33.4166400000
  [3,2,419] 48.0873600000
  [3,2,420] 68.0558400000
  [3,2,421] 66.8332800000
  [3,2,422] 56.6452800000
  [3,2,423] 45.2347200000
  [3,2,424] 32.6016000000
  [3,2,425] 24.0436800000
  [3,2,426] 22.0060800000
  [3,2,427] 27.3038400000
  [3,2,428] 41.1595200000
  [3,2,429] 71.3160000000
  [3,2,430] 93.7296000000
  [3,2,431] 89.6544000000
  [3,2,432] 74.9836800000
  [3,2,433] 59.9054400000
  [3,2,434] 45.6422400000
  [3,2,435] 34.2316800000
  [3,2,436] 28.1188800000
  [3,2,437] 28.1188800000
  [3,2,438] 32.1940800000
  [3,2,439] 38.3068800000
  [3,2,440] 44.0121600000
  [3,2,441] 49.3099200000
  [3,2,442] 46.8648000000
  [3,2,443] 70.9084800000
  [3,2,444] 72.1310400000
  [3,2,445] 57.8678400000
  [3,2,446] 46.0497600000
  [3,2,447] 38.7144000000
  [3,2,448] 33.4166400000
  [3,2,449] 33.0091200000
  [3,2,450] 37.4918400000
  [3,2,451] 48.0873600000
  [3,2,452] 64.7956800000
  [3,2,453] 83.9491200000
  [3,2,454] 101.4724800000
  [3,2,455] 107.3272019258
  [3,2,456] 106.7286318007
  [3,2,457] 105.5476800000
  [3,2,458] 106.3627200000
  [3,2,459] 107.3272019258
  [3,2,460] 103.9176000000
  [3,2,461] 96.5822400000
  [3,2,462] 94.9521600000
  [3,2,463] 105.1401600000
  [3,2,464] 106.7286318007
  [3,2,465] 107.3272019258
  [3,2,466] 97.0988019258
  [3,2,467] 107.3272019258
  [3,2,468] 107.3272019258
  [3,2,469] 107.3272019258
  [3,2,470] 96.1747200000
  [3,2,471] 49.4495918007
  [3,2,472] 52.1725219258
  [3,2,473] 107.3272019258
  [3,2,474] 107.3272019258
  [3,2,475] 107.3272019258
  [3,2,476] 107.3272019258
  [3,2,477] 107.3272019258
  [3,2,478] 107.3272019258
  [3,2,479] 106.7286318007
  [3,2,480] 107.3272019258
  [3,2,481] 107.3272019258
  [3,2,482] 106.7286318007
  [3,2,483] 107.3272019258
  [3,2,484] 95.3596800000
  [3,2,485] 85.9867200000
  [3,2,486] 83.5416000000
  [3,2,487] 86.3942400000
  [3,2,488] 94.1371200000
  [3,2,489] 103.1025600000
  [3,2,490] 107.3272019258
  [3,2,491] 107.3272019258
  [3,2,492] 107.3272019258
  [3,2,493] 107.3272019258
  [3,2,494] 107.3272019258
  [3,2,495] 107.3272019258
  [3,2,496] 107.3272019258
  [3,2,497] 106.7286318007
  [3,2,498] 107.3272019258
  [3,2,499] 107.3272019258
  [3,2,500] 107.3272019258
  [3,2,501] 107.3272019258
  [3,2,502] 106.7286318007
  [3,2,503] 107.3272019258
  [3,2,504] 107.3272019258
  [3,2,505] 107.3272019258
  [3,2,506] 106.7286318007
  [3,2,507] 107.3272019258
  [3,2,508] 101.8800000000
  [3,2,509] 89.6544000000
  [3,2,510] 83.9491200000
  [3,2,511] 82.7265600000
  [3,2,512] 85.9867200000
  [3,2,513] 86.8017600000
  [3,2,514] 93.7155619258
  [3,2,515] 107.3272019258
  [3,2,516] 107.3272019258
  [3,2,517] 107.3272019258
  [3,2,518] 49.1348718007
  [3,2,519] 48.3958819258
  [3,2,520] 50.5202419258
  [3,2,521] 86.8017600000
  [3,2,522] 66.2084318007
  [3,2,523] 107.3272019258
  [3,2,524] 107.3272019258
  [3,2,525] 107.3272019258
  [3,2,526] 107.3272019258
  [3,2,527] 107.3272019258
  [3,2,528] 107.3272019258
  [3,2,529] 107.3272019258
  [3,2,530] 107.3272019258
  [3,2,531] 107.3272019258
  [3,2,532] 107.3272019258
  [3,2,533] 107.3272019258
  [3,2,534] 107.3272019258
  [3,2,535] 107.3272019258
  [3,2,536] 107.3272019258
  [3,2,537] 106.7286318007
  [3,2,538] 107.3272019258
  [3,2,539] 107.3272019258
  [3,2,540] 107.3272019258
  [3,2,541] 106.7286318007
  [3,2,542] 91.6920000000
  [3,2,543] 48.7892819258
  [3,2,544] 50.7562819258
  [3,2,545] 58.2753600000
  [3,2,546] 61.5355200000
  [3,2,547] 81.0964800000
  [3,2,548] 107.3272019258
  [3,2,549] 107.3272019258
  [3,2,550] 106.7286318007
  [3,2,551] 107.3272019258
  [3,2,552] 107.3272019258
  [3,2,553] 107.3272019258
  [3,2,554] 107.3272019258
  [3,2,555] 107.3272019258
  [3,2,556] 100.6574400000
  [3,2,557] 75.3912000000
  [3,2,558] 59.4979200000
  [3,2,559] 58.6828800000
  [3,2,560] 65.2032000000
  [3,2,561] 72.9460800000
  [3,2,562] 107.3272019258
  [3,2,563] 107.3272019258
  [3,2,564] 107.3272019258
  [3,2,565] 106.3627200000
  [3,2,566] 85.5792000000
  [3,2,567] 48.0333518007
  [3,2,568] 50.7562819258
  [3,2,569] 71.3160000000
  [3,2,570] 86.8017600000
  [3,2,571] 107.3272019258
  [3,2,572] 107.3272019258
  [3,2,573] 107.3272019258
  [3,2,574] 106.7286318007
  [3,2,575] 107.3272019258
  [3,2,576] 107.3272019258
  [3,2,577] 107.3272019258
  [3,2,578] 107.3272019258
  [3,2,579] 106.7286318007
  [3,2,580] 107.3272019258
  [3,2,581] 103.5100800000
  [3,2,582] 82.3190400000
  [3,2,583] 69.2784000000
  [3,2,584] 66.8332800000
  [3,2,585] 66.4257600000
  [3,2,586] 89.2468800000
  [3,2,587] 107.3272019258
  [3,2,588] 66.3349219258
  [3,2,589] 56.4999219258
  [3,2,590] 51.6217619258
  [3,2,591] 49.1826819258
  [3,2,592] 50.5511118007
  [3,2,593] 56.8146419258
  [3,2,594] 107.3272019258
  [3,2,595] 107.3272019258
  [3,2,596] 107.3272019258
  [3,2,597] 107.3272019258
  [3,2,598] 107.3272019258
  [3,2,599] 107.3272019258
  [3,2,600] 106.7286318007
  [3,2,601] 107.3272019258
  [3,2,602] 103.5100800000
  [3,2,603] 83.5416000000
  [3,2,604] 72.5385600000
  [3,2,605] 68.4633600000
  [3,2,606] 79.0588800000
  [3,2,607] 92.9145600000
  [3,2,608] 101.0649600000
  [3,2,609] 99.4348800000
  [3,2,610] 107.3272019258
  [3,2,611] 107.3272019258
  [3,2,612] 107.3272019258
  [3,2,613] 56.1065219258
  [3,2,614] 76.6137600000
  [3,2,615] 49.9694819258
  [3,2,616] 74.5761600000
  [3,2,617] 92.9145600000
  [3,2,618] 107.3272019258
  [3,2,619] 107.3272019258
  [3,2,620] 107.3272019258
  [3,2,621] 107.3272019258
  [3,2,622] 107.3272019258
  [3,2,623] 107.3272019258
  [3,2,624] 107.3272019258
  [3,2,625] 107.3272019258
  [3,2,626] 107.3272019258
  [3,2,627] 106.3627200000
  [3,2,628] 92.5070400000
  [3,2,629] 85.5792000000
  [3,2,630] 88.8393600000
  [3,2,631] 93.7296000000
  [3,2,632] 98.2123200000
  [3,2,633] 98.2123200000
  [3,2,634] 107.3272019258
  [3,2,635] 107.3272019258
  [3,2,636] 107.3272019258
  [3,2,637] 107.3272019258
  [3,2,638] 107.3272019258
  [3,2,639] 107.3272019258
  [3,2,640] 107.3272019258
  [3,2,641] 107.3272019258
  [3,2,642] 106.7286318007
  [3,2,643] 107.3272019258
  [3,2,644] 107.3272019258
  [3,2,645] 106.7286318007
  [3,2,646] 107.3272019258
  [3,2,647] 107.3272019258
  [3,2,648] 107.3272019258
  [3,2,649] 107.3272019258
  [3,2,650] 107.3272019258
  [3,2,651] 99.0273600000
  [3,2,652] 85.9867200000
  [3,2,653] 78.2438400000
  [3,2,654] 74.1686400000
  [3,2,655] 72.9460800000
  [3,2,656] 73.7611200000
  [3,2,657] 73.7611200000
  [3,2,658] 94.1371200000
  [3,2,659] 107.3272019258
  [3,2,660] 107.3272019258
  [3,2,661] 60.4339219258
  [3,2,662] 54.4542419258
  [3,2,663] 52.8019619258
  [3,2,664] 54.6902819258
  [3,2,665] 59.5206318007
  [3,2,666] 89.2468800000
  [3,2,667] 107.3272019258
  [3,2,668] 107.3272019258
  [3,2,669] 107.3272019258
  [3,2,670] 107.3272019258
  [3,2,671] 107.3272019258
  [3,2,672] 106.7286318007
  [3,2,673] 107.3272019258
  [3,2,674] 107.3272019258
  [3,2,675] 107.3272019258
  [3,2,676] 84.3566400000
  [3,2,677] 80.6889600000
  [3,2,678] 84.3566400000
  [3,2,679] 95.3596800000
  [3,2,680] 96.1747200000
  [3,2,681] 92.0995200000
  [3,2,682] 89.2468800000
  [3,2,683] 106.7286318007
  [3,2,684] 107.3272019258
  [3,2,685] 107.3272019258
  [3,2,686] 52.2512019258
  [3,2,687] 81.0964800000
  [3,2,688] 52.6446019258
  [3,2,689] 73.3536000000
  [3,2,690] 67.9872019258
  [3,2,691] 107.3272019258
  [3,2,692] 107.3272019258
  [3,2,693] 106.7286318007
  [3,2,694] 107.3272019258
  [3,2,695] 107.3272019258
  [3,2,696] 107.3272019258
  [3,2,697] 107.3272019258
  [3,2,698] 106.7286318007
  [3,2,699] 107.3272019258
  [3,2,700] 102.2875200000
  [3,2,701] 79.0588800000
  [3,2,702] 66.0182400000
  [3,2,703] 68.4633600000
  [3,2,704] 72.5385600000
  [3,2,705] 78.2438400000
  [3,2,706] 99.9312819258
  [3,2,707] 107.3272019258
  [3,2,708] 107.3272019258
  [3,2,709] 107.3272019258
  [3,2,710] 98.2123200000
  [3,2,711] 76.4059619258
  [3,2,712] 79.8678819258
  [3,2,713] 74.5761600000
  [3,2,714] 72.1310400000
  [3,2,715] 78.6513600000
  [3,2,716] 94.1371200000
  [3,2,717] 107.3272019258
  [3,2,718] 107.3272019258
  [3,2,719] 107.3272019258
  [3,2,720] 106.7286318007
  [3,2,721] 107.3272019258
  [3,2,722] 107.3272019258
  [3,2,723] 107.3272019258
  [3,2,724] 107.3272019258
  [3,2,725] 107.3272019258
  [3,2,726] 107.3272019258
  [3,2,727] 107.3272019258
  [3,2,728] 107.3272019258
  [3,2,729] 102.6950400000
  [3,2,730] 107.3272019258
  [3,2,731] 107.3272019258
  [3,2,732] 107.3272019258
  [3,2,733] 107.3272019258
  [3,2,734] 62.9516819258
  [3,2,735] 65.9723918007
  [3,2,736] 71.3160000000
  [3,2,737] 83.9491200000
  [3,2,738] 107.3272019258
  [3,2,739] 107.3272019258
  [3,2,740] 107.3272019258
  [3,2,741] 107.3272019258
  [3,2,742] 107.3272019258
  [3,2,743] 107.3272019258
  [3,2,744] 107.3272019258
  [3,3,1] 106.7286318007
  [3,3,2] 107.3272019258
  [3,3,3] 107.3272019258
  [3,3,4] 87.2092800000
  [3,3,5] 62.7580800000
  [3,3,6] 48.9024000000
  [3,3,7] 59.4979200000
  [3,3,8] 83.1340800000
  [3,3,9] 98.6198400000
  [3,3,10] 107.3272019258
  [3,3,11] 107.3272019258
  [3,3,12] 107.3272019258
  [3,3,13] 107.3272019258
  [3,3,14] 106.7286318007
  [3,3,15] 107.3272019258
  [3,3,16] 107.3272019258
  [3,3,17] 107.3272019258
  [3,3,18] 107.3272019258
  [3,3,19] 107.3272019258
  [3,3,20] 107.3272019258
  [3,3,21] 106.7286318007
  [3,3,22] 107.3272019258
  [3,3,23] 107.3272019258
  [3,3,24] 107.3272019258
  [3,3,25] 107.3272019258
  [3,3,26] 106.7286318007
  [3,3,27] 107.3272019258
  [3,3,28] 107.3272019258
  [3,3,29] 107.3272019258
  [3,3,30] 107.3272019258
  [3,3,31] 98.6198400000
  [3,3,32] 78.6513600000
  [3,3,33] 64.3881600000
  [3,3,34] 71.3160000000
  [3,3,35] 107.3272019258
  [3,3,36] 107.3272019258
  [3,3,37] 58.4669219258
  [3,3,38] 72.9460800000
  [3,3,39] 50.7562819258
  [3,3,40] 57.4603200000
  [3,3,41] 66.4257600000
  [3,3,42] 82.3190400000
  [3,3,43] 101.4724800000
  [3,3,44] 107.3272019258
  [3,3,45] 106.7286318007
  [3,3,46] 107.3272019258
  [3,3,47] 107.3272019258
  [3,3,48] 107.3272019258
  [3,3,49] 107.3272019258
  [3,3,50] 107.3272019258
  [3,3,51] 107.3272019258
  [3,3,52] 107.3272019258
  [3,3,53] 106.7286318007
  [3,3,54] 103.9176000000
  [3,3,55] 101.0649600000
  [3,3,56] 95.7672000000
  [3,3,57] 95.3596800000
  [3,3,58] 107.3272019258
  [3,3,59] 107.3272019258
  [3,3,60] 106.7286318007
  [3,3,61] 106.7286318007
  [3,3,62] 107.3272019258
  [3,3,63] 106.7286318007
  [3,3,64] 51.6526318007
  [3,3,65] 88.8393600000
  [3,3,66] 70.5049619258
  [3,3,67] 107.3272019258
  [3,3,68] 107.3272019258
  [3,3,69] 106.7286318007
  [3,3,70] 107.3272019258
  [3,3,71] 107.3272019258
  [3,3,72] 107.3272019258
  [3,3,73] 107.3272019258
  [3,3,74] 107.3272019258
  [3,3,75] 107.3272019258
  [3,3,76] 107.3272019258
  [3,3,77] 107.3272019258
  [3,3,78] 106.7286318007
  [3,3,79] 106.7286318007
  [3,3,80] 107.3272019258
  [3,3,81] 96.5822400000
  [3,3,82] 107.3272019258
  [3,3,83] 107.3272019258
  [3,3,84] 107.3272019258
  [3,3,85] 107.3272019258
  [3,3,86] 106.7286318007
  [3,3,87] 107.3272019258
  [3,3,88] 107.3272019258
  [3,3,89] 107.3272019258
  [3,3,90] 107.3272019258
  [3,3,91] 106.7286318007
  [3,3,92] 107.3272019258
  [3,3,93] 107.3272019258
  [3,3,94] 106.7286318007
  [3,3,95] 107.3272019258
  [3,3,96] 107.3272019258
  [3,3,97] 107.3272019258
  [3,3,98] 107.3272019258
  [3,3,99] 106.7286318007
  [3,3,100] 107.3272019258
  [3,3,101] 107.3272019258
  [3,3,102] 107.3272019258
  [3,3,103] 106.7286318007
  [3,3,104] 107.3272019258
  [3,3,105] 106.7286318007
  [3,3,106] 106.7286318007
  [3,3,107] 107.3272019258
  [3,3,108] 107.3272019258
  [3,3,109] 107.3272019258
  [3,3,110] 107.3272019258
  [3,3,111] 107.3272019258
  [3,3,112] 107.3272019258
  [3,3,113] 107.3272019258
  [3,3,114] 107.3272019258
  [3,3,115] 107.3272019258
  [3,3,116] 107.3272019258
  [3,3,117] 107.3272019258
  [3,3,118] 107.3272019258
  [3,3,119] 107.3272019258
  [3,3,120] 107.3272019258
  [3,3,121] 107.3272019258
  [3,3,122] 107.3272019258
  [3,3,123] 106.7286318007
  [3,3,124] 107.3272019258
  [3,3,125] 107.3272019258
  [3,3,126] 107.3272019258
  [3,3,127] 107.3272019258
  [3,3,128] 107.3272019258
  [3,3,129] 107.3272019258
  [3,3,130] 107.3272019258
  [3,3,131] 106.7286318007
  [3,3,132] 107.3272019258
  [3,3,133] 107.3272019258
  [3,3,134] 107.3272019258
  [3,3,135] 107.3272019258
  [3,3,136] 107.3272019258
  [3,3,137] 107.3272019258
  [3,3,138] 107.3272019258
  [3,3,139] 107.3272019258
  [3,3,140] 107.3272019258
  [3,3,141] 106.7286318007
  [3,3,142] 107.3272019258
  [3,3,143] 107.3272019258
  [3,3,144] 107.3272019258
  [3,3,145] 106.7286318007
  [3,3,146] 107.3272019258
  [3,3,147] 107.3272019258
  [3,3,148] 107.3272019258
  [3,3,149] 107.3272019258
  [3,3,150] 107.3272019258
  [3,3,151] 101.0649600000
  [3,3,152] 75.7987200000
  [3,3,153] 58.6828800000
  [3,3,154] 107.3272019258
  [3,3,155] 107.3272019258
  [3,3,156] 107.3272019258
  [3,3,157] 107.3272019258
  [3,3,158] 50.9445118007
  [3,3,159] 72.5385600000
  [3,3,160] 51.8578019258
  [3,3,161] 58.3882419258
  [3,3,162] 102.2875200000
  [3,3,163] 106.7286318007
  [3,3,164] 107.3272019258
  [3,3,165] 107.3272019258
  [3,3,166] 107.3272019258
  [3,3,167] 107.3272019258
  [3,3,168] 106.7286318007
  [3,3,169] 107.3272019258
  [3,3,170] 107.3272019258
  [3,3,171] 107.3272019258
  [3,3,172] 106.7286318007
  [3,3,173] 107.3272019258
  [3,3,174] 99.0273600000
  [3,3,175] 84.3566400000
  [3,3,176] 80.2814400000
  [3,3,177] 78.2438400000
  [3,3,178] 107.3272019258
  [3,3,179] 107.3272019258
  [3,3,180] 106.7286318007
  [3,3,181] 107.3272019258
  [3,3,182] 107.3272019258
  [3,3,183] 107.3272019258
  [3,3,184] 107.3272019258
  [3,3,185] 106.7286318007
  [3,3,186] 107.3272019258
  [3,3,187] 107.3272019258
  [3,3,188] 107.3272019258
  [3,3,189] 106.7286318007
  [3,3,190] 107.3272019258
  [3,3,191] 107.3272019258
  [3,3,192] 107.3272019258
  [3,3,193] 106.7286318007
  [3,3,194] 107.3272019258
  [3,3,195] 107.3272019258
  [3,3,196] 107.3272019258
  [3,3,197] 106.7286318007
  [3,3,198] 107.3272019258
  [3,3,199] 107.3272019258
  [3,3,200] 107.3272019258
  [3,3,201] 83.5416000000
  [3,3,202] 107.3272019258
  [3,3,203] 106.7286318007
  [3,3,204] 107.3272019258
  [3,3,205] 107.3272019258
  [3,3,206] 97.8048000000
  [3,3,207] 57.9948419258
  [3,3,208] 60.4339219258
  [3,3,209] 94.5446400000
  [3,3,210] 106.7286318007
  [3,3,211] 107.3272019258
  [3,3,212] 107.3272019258
  [3,3,213] 107.3272019258
  [3,3,214] 106.7286318007
  [3,3,215] 107.3272019258
  [3,3,216] 107.3272019258
  [3,3,217] 96.9897600000
  [3,3,218] 79.8739200000
  [3,3,219] 66.8332800000
  [3,3,220] 60.3129600000
  [3,3,221] 58.6828800000
  [3,3,222] 61.1280000000
  [3,3,223] 63.5731200000
  [3,3,224] 68.8708800000
  [3,3,225] 59.0904000000
  [3,3,226] 40.3444800000
  [3,3,227] 52.1625600000
  [3,3,228] 62.3505600000
  [3,3,229] 65.6107200000
  [3,3,230] 53.7926400000
  [3,3,231] 39.1219200000
  [3,3,232] 28.9339200000
  [3,3,233] 29.3414400000
  [3,3,234] 38.3068800000
  [3,3,235] 54.2001600000
  [3,3,236] 68.4633600000
  [3,3,237] 94.9521600000
  [3,3,238] 107.3272019258
  [3,3,239] 106.7286318007
  [3,3,240] 107.3272019258
  [3,3,241] 107.3272019258
  [3,3,242] 106.7286318007
  [3,3,243] 102.2875200000
  [3,3,244] 89.6544000000
  [3,3,245] 79.4664000000
  [3,3,246] 73.7611200000
  [3,3,247] 72.9460800000
  [3,3,248] 72.9460800000
  [3,3,249] 72.5385600000
  [3,3,250] 85.5792000000
  [3,3,251] 106.7286318007
  [3,3,252] 107.3272019258
  [3,3,253] 107.3272019258
  [3,3,254] 72.7080019258
  [3,3,255] 79.8739200000
  [3,3,256] 73.7611200000
  [3,3,257] 78.2438400000
  [3,3,258] 78.0582419258
  [3,3,259] 106.7286318007
  [3,3,260] 107.3272019258
  [3,3,261] 107.3272019258
  [3,3,262] 107.3272019258
  [3,3,263] 106.7286318007
  [3,3,264] 106.7286318007
  [3,3,265] 107.3272019258
  [3,3,266] 107.3272019258
  [3,3,267] 106.7286318007
  [3,3,268] 107.3272019258
  [3,3,269] 107.3272019258
  [3,3,270] 106.7286318007
  [3,3,271] 107.3272019258
  [3,3,272] 106.7286318007
  [3,3,273] 107.3272019258
  [3,3,274] 107.3272019258
  [3,3,275] 107.3272019258
  [3,3,276] 106.7286318007
  [3,3,277] 106.7286318007
  [3,3,278] 107.3272019258
  [3,3,279] 106.7286318007
  [3,3,280] 107.3272019258
  [3,3,281] 107.3272019258
  [3,3,282] 106.7286318007
  [3,3,283] 107.3272019258
  [3,3,284] 107.3272019258
  [3,3,285] 107.3272019258
  [3,3,286] 106.7286318007
  [3,3,287] 106.7286318007
  [3,3,288] 107.3272019258
  [3,3,289] 107.0827368724
  [3,3,290] 107.3272019258
  [3,3,291] 106.7286318007
  [3,3,292] 106.7286318007
  [3,3,293] 106.7286318007
  [3,3,294] 102.2875200000
  [3,3,295] 100.2499200000
  [3,3,296] 98.6198400000
  [3,3,297] 90.8769600000
  [3,3,298] 106.7286318007
  [3,3,299] 106.7286318007
  [3,3,300] 107.3272019258
  [3,3,301] 55.1932318007
  [3,3,302] 28.5264000000
  [3,3,303] 10.5955200000
  [3,3,304] 6.1128000000
  [3,3,305] 9.3729600000
  [3,3,306] 19.5609600000
  [3,3,307] 44.8272000000
  [3,3,308] 94.5446400000
  [3,3,309] 106.7286318007
  [3,3,310] 106.7286318007
  [3,3,311] 106.7286318007
  [3,3,312] 106.7286318007
  [3,3,313] 99.8424000000
  [3,3,314] 96.9897600000
  [3,3,315] 94.1371200000
  [3,3,316] 83.9491200000
  [3,3,317] 60.7204800000
  [3,3,318] 39.5294400000
  [3,3,319] 25.6737600000
  [3,3,320] 19.5609600000
  [3,3,321] 19.1534400000
  [3,3,322] 27.3038400000
  [3,3,323] 27.7113600000
  [3,3,324] 12.2256000000
  [3,3,325] 2.4451200000
  [3,3,326] 0.8150400000
  [3,3,327] 0.8150400000
  [3,3,328] 6.1128000000
  [3,3,329] 15.0782400000
  [3,3,330] 26.0812800000
  [3,3,331] 30.9715200000
  [3,3,332] 30.5640000000
  [3,3,333] 28.9339200000
  [3,3,334] 23.2286400000
  [3,3,335] 17.5233600000
  [3,3,336] 15.4857600000
  [3,3,337] 2.3942805003
  [3,3,338] 2.3942805003
  [3,3,339] 2.3942805003
  [3,3,340] 0.8150400000
  [3,3,341] 0.4075200000
  [3,3,342] 0.0000000000
  [3,3,343] 0.4075200000
  [3,3,344] 0.8150400000
  [3,3,345] 2.3942805003
  [3,3,346] 0.0000000000
  [3,3,347] 27.3038400000
  [3,3,348] 50.1249600000
  [3,3,349] 57.0528000000
  [3,3,350] 61.5355200000
  [3,3,351] 64.3881600000
  [3,3,352] 61.5355200000
  [3,3,353] 63.1656000000
  [3,3,354] 79.0588800000
  [3,3,355] 97.8048000000
  [3,3,356] 104.3251200000
  [3,3,357] 91.6920000000
  [3,3,358] 72.1310400000
  [3,3,359] 59.0904000000
  [3,3,360] 52.5700800000
  [3,3,361] 50.5324800000
  [3,3,362] 46.4572800000
  [3,3,363] 39.5294400000
  [3,3,364] 37.4918400000
  [3,3,365] 34.2316800000
  [3,3,366] 33.8241600000
  [3,3,367] 32.1940800000
  [3,3,368] 35.4542400000
  [3,3,369] 37.0843200000
  [3,3,370] 33.4166400000
  [3,3,371] 40.7520000000
  [3,3,372] 54.6076800000
  [3,3,373] 72.5385600000
  [3,3,374] 86.8017600000
  [3,3,375] 78.6398718007
  [3,3,376] 78.7972318007
  [3,3,377] 82.8885918007
  [3,3,378] 103.5100800000
  [3,3,379] 95.7134318007
  [3,3,380] 86.8017600000
  [3,3,381] 79.0588800000
  [3,3,382] 77.8363200000
  [3,3,383] 69.6859200000
  [3,3,384] 60.7204800000
  [3,3,385] 49.3099200000
  [3,3,386] 39.9369600000
  [3,3,387] 32.6016000000
  [3,3,388] 29.3414400000
  [3,3,389] 30.1564800000
  [3,3,390] 33.8241600000
  [3,3,391] 40.3444800000
  [3,3,392] 47.6798400000
  [3,3,393] 52.9776000000
  [3,3,394] 45.6422400000
  [3,3,395] 68.4633600000
  [3,3,396] 78.2438400000
  [3,3,397] 76.6137600000
  [3,3,398] 69.1982718007
  [3,3,399] 69.5129918007
  [3,3,400] 74.5761600000
  [3,3,401] 74.1686400000
  [3,3,402] 73.7611200000
  [3,3,403] 75.7987200000
  [3,3,404] 81.0964800000
  [3,3,405] 81.9115200000
  [3,3,406] 89.2468800000
  [3,3,407] 95.7672000000
  [3,3,408] 99.8424000000
  [3,3,409] 102.6950400000
  [3,3,410] 104.3251200000
  [3,3,411] 103.9176000000
  [3,3,412] 101.4724800000
  [3,3,413] 96.9897600000
  [3,3,414] 78.6513600000
  [3,3,415] 60.7204800000
  [3,3,416] 48.0873600000
  [3,3,417] 41.9745600000
  [3,3,418] 33.4166400000
  [3,3,419] 48.0873600000
  [3,3,420] 68.0558400000
  [3,3,421] 66.8332800000
  [3,3,422] 56.6452800000
  [3,3,423] 45.2347200000
  [3,3,424] 32.6016000000
  [3,3,425] 24.0436800000
  [3,3,426] 22.0060800000
  [3,3,427] 27.3038400000
  [3,3,428] 41.1595200000
  [3,3,429] 71.3160000000
  [3,3,430] 93.7296000000
  [3,3,431] 89.6544000000
  [3,3,432] 74.9836800000
  [3,3,433] 59.9054400000
  [3,3,434] 45.6422400000
  [3,3,435] 34.2316800000
  [3,3,436] 28.1188800000
  [3,3,437] 28.1188800000
  [3,3,438] 32.1940800000
  [3,3,439] 38.3068800000
  [3,3,440] 44.0121600000
  [3,3,441] 49.3099200000
  [3,3,442] 46.8648000000
  [3,3,443] 70.9084800000
  [3,3,444] 72.1310400000
  [3,3,445] 57.8678400000
  [3,3,446] 46.0497600000
  [3,3,447] 38.7144000000
  [3,3,448] 33.4166400000
  [3,3,449] 33.0091200000
  [3,3,450] 37.4918400000
  [3,3,451] 48.0873600000
  [3,3,452] 64.7956800000
  [3,3,453] 83.9491200000
  [3,3,454] 101.4724800000
  [3,3,455] 107.1225387799
  [3,3,456] 107.1777600000
  [3,3,457] 105.5476800000
  [3,3,458] 106.3627200000
  [3,3,459] 107.3272019258
  [3,3,460] 103.9176000000
  [3,3,461] 96.5822400000
  [3,3,462] 94.9521600000
  [3,3,463] 105.1401600000
  [3,3,464] 106.7286318007
  [3,3,465] 107.3272019258
  [3,3,466] 102.2875200000
  [3,3,467] 107.3272019258
  [3,3,468] 107.3272019258
  [3,3,469] 107.3272019258
  [3,3,470] 51.1018718007
  [3,3,471] 50.0481619258
  [3,3,472] 52.1725219258
  [3,3,473] 107.3272019258
  [3,3,474] 106.7286318007
  [3,3,475] 107.3272019258
  [3,3,476] 107.3272019258
  [3,3,477] 107.3272019258
  [3,3,478] 107.3272019258
  [3,3,479] 106.7286318007
  [3,3,480] 107.3272019258
  [3,3,481] 107.3272019258
  [3,3,482] 107.3272019258
  [3,3,483] 107.3272019258
  [3,3,484] 95.3596800000
  [3,3,485] 85.9867200000
  [3,3,486] 83.5416000000
  [3,3,487] 86.3942400000
  [3,3,488] 94.1371200000
  [3,3,489] 103.1025600000
  [3,3,490] 107.3272019258
  [3,3,491] 107.3272019258
  [3,3,492] 107.3272019258
  [3,3,493] 107.3272019258
  [3,3,494] 106.7286318007
  [3,3,495] 107.3272019258
  [3,3,496] 107.3272019258
  [3,3,497] 107.3272019258
  [3,3,498] 107.3272019258
  [3,3,499] 107.3272019258
  [3,3,500] 107.3272019258
  [3,3,501] 107.3272019258
  [3,3,502] 107.3272019258
  [3,3,503] 107.3272019258
  [3,3,504] 107.3272019258
  [3,3,505] 106.7286318007
  [3,3,506] 107.3272019258
  [3,3,507] 106.7286318007
  [3,3,508] 101.8800000000
  [3,3,509] 89.6544000000
  [3,3,510] 83.9491200000
  [3,3,511] 82.7265600000
  [3,3,512] 85.9867200000
  [3,3,513] 86.8017600000
  [3,3,514] 105.5476800000
  [3,3,515] 106.7286318007
  [3,3,516] 107.3272019258
  [3,3,517] 107.3272019258
  [3,3,518] 92.9145600000
  [3,3,519] 81.9115200000
  [3,3,520] 50.5202419258
  [3,3,521] 86.8017600000
  [3,3,522] 105.1401600000
  [3,3,523] 107.3272019258
  [3,3,524] 107.3272019258
  [3,3,525] 107.3272019258
  [3,3,526] 107.3272019258
  [3,3,527] 107.3272019258
  [3,3,528] 107.3272019258
  [3,3,529] 107.3272019258
  [3,3,530] 107.3272019258
  [3,3,531] 107.3272019258
  [3,3,532] 106.7286318007
  [3,3,533] 107.3272019258
  [3,3,534] 107.3272019258
  [3,3,535] 107.3272019258
  [3,3,536] 107.3272019258
  [3,3,537] 107.3272019258
  [3,3,538] 107.3272019258
  [3,3,539] 107.3272019258
  [3,3,540] 107.3272019258
  [3,3,541] 107.3272019258
  [3,3,542] 91.6920000000
  [3,3,543] 48.7892819258
  [3,3,544] 61.5355200000
  [3,3,545] 56.8455118007
  [3,3,546] 61.5355200000
  [3,3,547] 81.0964800000
  [3,3,548] 107.3272019258
  [3,3,549] 106.7286318007
  [3,3,550] 107.3272019258
  [3,3,551] 107.3272019258
  [3,3,552] 107.3272019258
  [3,3,553] 107.3272019258
  [3,3,554] 107.3272019258
  [3,3,555] 107.3272019258
  [3,3,556] 100.6574400000
  [3,3,557] 75.3912000000
  [3,3,558] 59.4979200000
  [3,3,559] 58.6828800000
  [3,3,560] 65.2032000000
  [3,3,561] 72.9460800000
  [3,3,562] 107.3272019258
  [3,3,563] 107.3272019258
  [3,3,564] 107.3272019258
  [3,3,565] 54.4064318007
  [3,3,566] 50.0481619258
  [3,3,567] 48.6319219258
  [3,3,568] 50.7562819258
  [3,3,569] 56.4212419258
  [3,3,570] 66.1775619258
  [3,3,571] 107.3272019258
  [3,3,572] 107.3272019258
  [3,3,573] 107.3272019258
  [3,3,574] 107.3272019258
  [3,3,575] 107.3272019258
  [3,3,576] 107.3272019258
  [3,3,577] 107.3272019258
  [3,3,578] 107.3272019258
  [3,3,579] 107.3272019258
  [3,3,580] 106.7286318007
  [3,3,581] 103.5100800000
  [3,3,582] 82.3190400000
  [3,3,583] 69.2784000000
  [3,3,584] 66.8332800000
  [3,3,585] 66.4257600000
  [3,3,586] 89.2468800000
  [3,3,587] 106.7286318007
  [3,3,588] 103.9176000000
  [3,3,589] 56.4999219258
  [3,3,590] 51.6217619258
  [3,3,591] 84.7641600000
  [3,3,592] 85.9867200000
  [3,3,593] 56.8146419258
  [3,3,594] 107.3272019258
  [3,3,595] 107.3272019258
  [3,3,596] 107.3272019258
  [3,3,597] 107.3272019258
  [3,3,598] 107.3272019258
  [3,3,599] 107.3272019258
  [3,3,600] 106.7286318007
  [3,3,601] 107.3272019258
  [3,3,602] 103.5100800000
  [3,3,603] 83.5416000000
  [3,3,604] 72.5385600000
  [3,3,605] 68.4633600000
  [3,3,606] 79.0588800000
  [3,3,607] 92.9145600000
  [3,3,608] 101.0649600000
  [3,3,609] 99.4348800000
  [3,3,610] 107.3272019258
  [3,3,611] 107.3272019258
  [3,3,612] 107.3272019258
  [3,3,613] 56.1065219258
  [3,3,614] 50.6297918007
  [3,3,615] 49.9694819258
  [3,3,616] 53.1953619258
  [3,3,617] 62.0075219258
  [3,3,618] 107.3272019258
  [3,3,619] 107.3272019258
  [3,3,620] 106.7286318007
  [3,3,621] 107.3272019258
  [3,3,622] 107.3272019258
  [3,3,623] 107.3272019258
  [3,3,624] 107.3272019258
  [3,3,625] 106.7286318007
  [3,3,626] 107.3272019258
  [3,3,627] 106.3627200000
  [3,3,628] 92.5070400000
  [3,3,629] 85.5792000000
  [3,3,630] 88.8393600000
  [3,3,631] 93.7296000000
  [3,3,632] 98.2123200000
  [3,3,633] 98.2123200000
  [3,3,634] 107.3272019258
  [3,3,635] 107.3272019258
  [3,3,636] 107.3272019258
  [3,3,637] 107.3272019258
  [3,3,638] 107.3272019258
  [3,3,639] 106.7286318007
  [3,3,640] 107.3272019258
  [3,3,641] 107.3272019258
  [3,3,642] 107.3272019258
  [3,3,643] 106.7286318007
  [3,3,644] 107.3272019258
  [3,3,645] 107.3272019258
  [3,3,646] 107.3272019258
  [3,3,647] 107.3272019258
  [3,3,648] 106.7286318007
  [3,3,649] 107.3272019258
  [3,3,650] 107.3272019258
  [3,3,651] 99.0273600000
  [3,3,652] 85.9867200000
  [3,3,653] 78.2438400000
  [3,3,654] 74.1686400000
  [3,3,655] 72.9460800000
  [3,3,656] 73.7611200000
  [3,3,657] 73.7611200000
  [3,3,658] 94.1371200000
  [3,3,659] 107.3272019258
  [3,3,660] 107.3272019258
  [3,3,661] 60.4339219258
  [3,3,662] 82.3190400000
  [3,3,663] 73.3536000000
  [3,3,664] 54.6902819258
  [3,3,665] 75.7987200000
  [3,3,666] 89.2468800000
  [3,3,667] 107.3272019258
  [3,3,668] 107.3272019258
  [3,3,669] 107.3272019258
  [3,3,670] 107.3272019258
  [3,3,671] 107.3272019258
  [3,3,672] 106.7286318007
  [3,3,673] 107.3272019258
  [3,3,674] 107.3272019258
  [3,3,675] 107.3272019258
  [3,3,676] 84.3566400000
  [3,3,677] 80.6889600000
  [3,3,678] 84.3566400000
  [3,3,679] 95.3596800000
  [3,3,680] 96.1747200000
  [3,3,681] 92.0995200000
  [3,3,682] 89.2468800000
  [3,3,683] 107.3272019258
  [3,3,684] 107.3272019258
  [3,3,685] 106.7286318007
  [3,3,686] 98.6198400000
  [3,3,687] 81.0964800000
  [3,3,688] 52.6446019258
  [3,3,689] 58.6242819258
  [3,3,690] 67.9872019258
  [3,3,691] 107.3272019258
  [3,3,692] 107.3272019258
  [3,3,693] 107.3272019258
  [3,3,694] 107.3272019258
  [3,3,695] 107.3272019258
  [3,3,696] 107.3272019258
  [3,3,697] 107.3272019258
  [3,3,698] 107.3272019258
  [3,3,699] 107.3272019258
  [3,3,700] 102.2875200000
  [3,3,701] 79.0588800000
  [3,3,702] 66.0182400000
  [3,3,703] 68.4633600000
  [3,3,704] 72.5385600000
  [3,3,705] 78.2438400000
  [3,3,706] 99.9312819258
  [3,3,707] 107.3272019258
  [3,3,708] 107.3272019258
  [3,3,709] 107.3272019258
  [3,3,710] 73.8882019258
  [3,3,711] 87.2092800000
  [3,3,712] 79.8678819258
  [3,3,713] 74.5761600000
  [3,3,714] 72.1310400000
  [3,3,715] 78.6513600000
  [3,3,716] 94.1371200000
  [3,3,717] 106.7286318007
  [3,3,718] 107.3272019258
  [3,3,719] 107.3272019258
  [3,3,720] 107.3272019258
  [3,3,721] 107.3272019258
  [3,3,722] 107.3272019258
  [3,3,723] 107.3272019258
  [3,3,724] 107.3272019258
  [3,3,725] 107.3272019258
  [3,3,726] 107.3272019258
  [3,3,727] 107.3272019258
  [3,3,728] 107.3272019258
  [3,3,729] 102.6950400000
  [3,3,730] 106.7286318007
  [3,3,731] 107.3272019258
  [3,3,732] 107.3272019258
  [3,3,733] 107.3272019258
  [3,3,734] 62.9516819258
  [3,3,735] 73.7611200000
  [3,3,736] 71.3160000000
  [3,3,737] 83.9491200000
  [3,3,738] 107.3272019258
  [3,3,739] 107.3272019258
  [3,3,740] 107.3272019258
  [3,3,741] 106.7286318007
  [3,3,742] 107.3272019258
  [3,3,743] 107.3272019258
  [3,3,744] 107.3272019258
  [9,1,1] 89.2981718492
  [9,1,2] 89.2981718492
  [9,1,3] 89.2981718492
  [9,1,4] 89.2981718492
  [9,1,5] 89.2981718492
  [9,1,6] 89.2981718492
  [9,1,7] 89.2981718492
  [9,1,8] 89.2981718492
  [9,1,9] 89.2981718492
  [9,1,10] 89.2981718492
  [9,1,11] 89.2981718492
  [9,1,12] 89.2981718492
  [9,1,13] 89.2981718492
  [9,1,14] 89.2981718492
  [9,1,15] 89.2981718492
  [9,1,16] 89.2981718492
  [9,1,17] 89.2981718492
  [9,1,18] 89.2981718492
  [9,1,19] 89.2981718492
  [9,1,20] 89.2981718492
  [9,1,21] 89.2981718492
  [9,1,22] 89.2981718492
  [9,1,23] 89.2981718492
  [9,1,24] 89.2981718492
  [9,1,25] 89.2981715909
  [9,1,26] 89.2981718492
  [9,1,27] 89.2981718492
  [9,1,28] 89.2981718492
  [9,1,29] 89.2981718492
  [9,1,30] 89.2981718492
  [9,1,31] 89.2981715909
  [9,1,32] 89.2981718492
  [9,1,33] 89.2981718492
  [9,1,34] 89.2981718492
  [9,1,35] 89.2981718492
  [9,1,36] 89.2981715909
  [9,1,37] 89.2981718492
  [9,1,38] 89.2981718492
  [9,1,39] 89.2981718492
  [9,1,40] 89.2981718492
  [9,1,41] 89.2981718492
  [9,1,42] 89.2981718492
  [9,1,43] 89.2981718492
  [9,1,44] 89.2981715909
  [9,1,45] 89.2981718492
  [9,1,46] 89.2981718492
  [9,1,47] 89.2981718492
  [9,1,48] 89.2981718492
  [9,1,49] 89.2981718492
  [9,1,50] 89.2981715909
  [9,1,51] 89.2981718492
  [9,1,52] 89.2981718492
  [9,1,53] 89.2981718492
  [9,1,54] 89.2981715909
  [9,1,55] 89.2981718492
  [9,1,56] 89.2981718492
  [9,1,57] 89.2981718492
  [9,1,58] 89.2981718492
  [9,1,59] 89.2981718492
  [9,1,60] 89.2981715909
  [9,1,61] 89.2981718492
  [9,1,62] 89.2981718492
  [9,1,63] 89.2981718492
  [9,1,64] 89.2981718492
  [9,1,65] 89.2981718492
  [9,1,66] 89.2981715909
  [9,1,67] 89.2981718492
  [9,1,68] 89.2981718492
  [9,1,69] 89.2981718492
  [9,1,70] 89.2981718492
  [9,1,71] 89.2981718492
  [9,1,72] 89.2981715909
  [9,1,73] 89.2981718492
  [9,1,74] 89.2981718492
  [9,1,75] 89.2981718492
  [9,1,76] 89.2981715909
  [9,1,77] 89.2981718492
  [9,1,78] 89.2981718492
  [9,1,79] 89.2981718492
  [9,1,80] 89.2981718492
  [9,1,81] 89.2981718492
  [9,1,82] 89.2981718492
  [9,1,83] 89.2981715909
  [9,1,84] 89.2981718492
  [9,1,85] 89.2981718492
  [9,1,86] 89.2981718492
  [9,1,87] 89.2981718492
  [9,1,88] 89.2981718492
  [9,1,89] 89.2981715909
  [9,1,90] 89.2981718492
  [9,1,91] 89.2981718492
  [9,1,92] 89.2981718492
  [9,1,93] 89.2981718492
  [9,1,94] 89.2981718492
  [9,1,95] 89.2981715909
  [9,1,96] 89.2981718492
  [9,1,97] 89.2981718492
  [9,1,98] 89.2981718492
  [9,1,99] 89.2981718492
  [9,1,100] 89.2981718492
  [9,1,101] 89.2981718492
  [9,1,102] 89.2981718492
  [9,1,103] 89.2981718492
  [9,1,104] 89.2981718492
  [9,1,105] 89.2981718492
  [9,1,106] 89.2981718492
  [9,1,107] 89.2981715909
  [9,1,108] 89.2981718492
  [9,1,109] 89.2981718492
  [9,1,110] 89.2981718492
  [9,1,111] 89.2981718492
  [9,1,112] 89.2981718492
  [9,1,113] 89.2981718492
  [9,1,114] 89.2981718492
  [9,1,115] 89.2981718492
  [9,1,116] 89.2981718492
  [9,1,117] 89.2981718492
  [9,1,118] 89.2981718492
  [9,1,119] 89.2981715909
  [9,1,120] 89.2981718492
  [9,1,121] 89.2981718492
  [9,1,122] 89.2981718492
  [9,1,123] 89.2981718492
  [9,1,124] 89.2981718492
  [9,1,125] 89.2981718492
  [9,1,126] 89.2981718492
  [9,1,127] 89.2981718492
  [9,1,128] 89.2981718492
  [9,1,129] 88.8393600000
  [9,1,130] 89.2981718492
  [9,1,131] 89.2981718492
  [9,1,132] 89.2981718492
  [9,1,133] 89.2981718492
  [9,1,134] 89.2981718492
  [9,1,135] 89.2981718492
  [9,1,136] 89.2981718492
  [9,1,137] 89.2981718492
  [9,1,138] 89.2981718492
  [9,1,139] 89.2981718492
  [9,1,140] 89.2981718492
  [9,1,141] 89.2981715909
  [9,1,142] 89.2981718492
  [9,1,143] 89.2981718492
  [9,1,144] 89.2981715909
  [9,1,145] 89.2981718492
  [9,1,146] 89.2981718492
  [9,1,147] 89.2981718492
  [9,1,148] 89.2981718492
  [9,1,149] 89.2981718492
  [9,1,150] 89.2981718492
  [9,1,151] 89.2981718492
  [9,1,152] 89.2981718492
  [9,1,153] 89.2981718492
  [9,1,154] 89.2981718492
  [9,1,155] 89.2981718492
  [9,1,156] 89.2981718492
  [9,1,157] 89.2981718492
  [9,1,158] 89.2981718492
  [9,1,159] 89.2981718492
  [9,1,160] 89.2981718492
  [9,1,161] 89.2981718492
  [9,1,162] 89.2981718492
  [9,1,163] 89.2981718492
  [9,1,164] 89.2981718492
  [9,1,165] 89.2981715909
  [9,1,166] 89.2981718492
  [9,1,167] 89.2981718492
  [9,1,168] 89.2981718492
  [9,1,169] 89.2981718492
  [9,1,170] 89.2981718492
  [9,1,171] 89.2981718492
  [9,1,172] 89.2981718492
  [9,1,173] 89.2981718492
  [9,1,174] 89.2981718492
  [9,1,175] 89.2981718492
  [9,1,176] 89.2981718492
  [9,1,177] 89.2981718492
  [9,1,178] 89.2981718492
  [9,1,179] 89.2981718492
  [9,1,180] 89.2981715909
  [9,1,181] 89.2981718492
  [9,1,182] 89.2981718492
  [9,1,183] 89.2981718492
  [9,1,184] 89.2981718492
  [9,1,185] 89.2981718492
  [9,1,186] 89.2981718492
  [9,1,187] 89.2981718492
  [9,1,188] 89.2981718492
  [9,1,189] 89.2981715909
  [9,1,190] 89.2981718492
  [9,1,191] 89.2981718492
  [9,1,192] 89.2981718492
  [9,1,193] 89.2981718492
  [9,1,194] 89.2981718492
  [9,1,195] 89.2981718492
  [9,1,196] 89.2981718492
  [9,1,197] 89.2981718492
  [9,1,198] 89.2981718492
  [9,1,199] 89.2981718492
  [9,1,200] 89.2981718492
  [9,1,201] 89.2981718492
  [9,1,202] 89.2981718492
  [9,1,203] 89.2981718492
  [9,1,204] 89.2981715909
  [9,1,205] 89.2981718492
  [9,1,206] 89.2981718492
  [9,1,207] 89.2981718492
  [9,1,208] 89.2981718492
  [9,1,209] 89.2981718492
  [9,1,210] 89.2981718492
  [9,1,211] 89.2981718492
  [9,1,212] 89.2981718492
  [9,1,213] 89.2981718492
  [9,1,214] 89.2981718492
  [9,1,215] 89.2981718492
  [9,1,216] 89.2981715909
  [9,1,217] 89.2981718492
  [9,1,218] 89.2981718492
  [9,1,219] 89.2981718492
  [9,1,220] 89.2981718492
  [9,1,221] 89.2981718492
  [9,1,222] 89.2981715909
  [9,1,223] 89.2981718492
  [9,1,224] 89.2981718492
  [9,1,225] 89.2981718492
  [9,1,226] 89.2981718492
  [9,1,227] 89.2981718492
  [9,1,228] 89.2981715909
  [9,1,229] 89.2981718492
  [9,1,230] 89.2981718492
  [9,1,231] 89.2981718492
  [9,1,232] 89.2981718492
  [9,1,233] 89.2981718492
  [9,1,234] 89.2981718492
  [9,1,235] 89.2981718492
  [9,1,236] 89.2981718492
  [9,1,237] 89.2981718492
  [9,1,238] 89.2981718492
  [9,1,239] 89.2981718492
  [9,1,240] 89.2981718492
  [9,1,241] 89.2981718492
  [9,1,242] 89.2981718492
  [9,1,243] 89.2981718492
  [9,1,244] 89.2981718492
  [9,1,245] 89.2981718492
  [9,1,246] 89.2981718492
  [9,1,247] 89.2981718492
  [9,1,248] 89.2981718492
  [9,1,249] 89.2981718492
  [9,1,250] 89.2981718492
  [9,1,251] 89.2981718492
  [9,1,252] 89.3943448156
  [9,1,253] 89.4624816169
  [9,1,254] 89.4624816169
  [9,1,255] 89.4624816169
  [9,1,256] 89.4624816169
  [9,1,257] 89.4624816169
  [9,1,258] 89.4624816169
  [9,1,259] 89.4624816169
  [9,1,260] 89.4624816169
  [9,1,261] 89.4624816169
  [9,1,262] 89.4624816169
  [9,1,263] 89.4624816169
  [9,1,264] 89.4624816169
  [9,1,265] 89.4624816169
  [9,1,266] 89.4624816169
  [9,1,267] 89.4624816169
  [9,1,268] 89.4624816169
  [9,1,269] 89.4624816169
  [9,1,270] 89.4624816169
  [9,1,271] 89.4624816169
  [9,1,272] 89.4624816169
  [9,1,273] 89.4624816169
  [9,1,274] 89.4624816169
  [9,1,275] 89.4624816169
  [9,1,276] 89.4624816169
  [9,1,277] 89.4624816169
  [9,1,278] 89.4624816169
  [9,1,279] 89.4624816169
  [9,1,280] 89.4624816169
  [9,1,281] 89.4624816169
  [9,1,282] 89.4624816169
  [9,1,283] 89.4624816169
  [9,1,284] 89.4624816169
  [9,1,285] 89.4624816169
  [9,1,286] 89.4624816169
  [9,1,287] 89.4624816169
  [9,1,288] 89.4624816169
  [9,1,289] 89.4624816169
  [9,1,290] 89.4624816169
  [9,1,291] 89.4624816169
  [9,1,292] 89.4624816169
  [9,1,293] 89.4624816169
  [9,1,294] 89.4624816169
  [9,1,295] 89.4624816169
  [9,1,296] 89.7911010723
  [9,1,297] 89.2981715909
  [9,1,298] 89.2981718492
  [9,1,299] 89.4624816169
  [9,1,300] 89.4624816169
  [9,1,301] 89.8967419743
  [9,1,302] 89.2981718492
  [9,1,303] 89.2981718492
  [9,1,304] 89.3568407952
  [9,1,305] 89.4624816169
  [9,1,306] 89.4624816169
  [9,1,307] 89.4624816169
  [9,1,308] 89.6854601704
  [9,1,309] 89.8967417160
  [9,1,310] 89.2981718492
  [9,1,311] 89.2981718492
  [9,1,312] 89.2981715909
  [9,1,313] 89.2981718492
  [9,1,314] 89.8967419743
  [9,1,315] 89.8967419743
  [9,1,316] 89.8967419743
  [9,1,317] 89.8967419743
  [9,1,318] 89.8967419743
  [9,1,319] 89.8967419743
  [9,1,320] 89.8967419743
  [9,1,321] 89.8967419743
  [9,1,322] 89.8967419743
  [9,1,323] 89.2981718492
  [9,1,324] 89.8967419743
  [9,1,325] 107.3272019258
  [9,1,326] 107.3272019258
  [9,1,327] 107.3272019258
  [9,1,328] 107.3272019258
  [9,1,329] 104.7326400000
  [9,1,330] 107.3272019258
  [9,1,331] 107.3272019258
  [9,1,332] 107.3272019258
  [9,1,333] 107.3272019258
  [9,1,334] 107.3272019258
  [9,1,335] 107.3272019258
  [9,1,336] 89.8967419743
  [9,1,337] 107.3272019258
  [9,1,338] 107.3272019258
  [9,1,339] 107.3272019258
  [9,1,340] 107.3272019258
  [9,1,341] 107.3272019258
  [9,1,342] 89.8967417160
  [9,1,343] 107.3272019258
  [9,1,344] 107.3272019258
  [9,1,345] 89.8967419743
  [9,1,346] 107.3272019258
  [9,1,347] 89.8967419743
  [9,1,348] 89.8967417160
  [9,1,349] 107.3272019258
  [9,1,350] 107.3272019258
  [9,1,351] 107.3272019258
  [9,1,352] 107.3272019258
  [9,1,353] 107.3272019258
  [9,1,354] 107.3272019258
  [9,1,355] 89.8967419743
  [9,1,356] 89.8967419743
  [9,1,357] 89.8967417160
  [9,1,358] 89.8967419743
  [9,1,359] 104.4281160854
  [9,1,360] 89.2981718492
  [9,1,361] 89.2981718492
  [9,1,362] 89.2981718492
  [9,1,363] 89.2981718492
  [9,1,364] 89.2981718492
  [9,1,365] 89.2981718492
  [9,1,366] 89.2981718492
  [9,1,367] 89.2981718492
  [9,1,368] 89.2981718492
  [9,1,369] 89.2981718492
  [9,1,370] 89.2981718492
  [9,1,371] 89.2981718492
  [9,1,372] 89.2981718492
  [9,1,373] 89.2981718492
  [9,1,374] 89.2981718492
  [9,1,375] 89.2981718492
  [9,1,376] 89.2981718492
  [9,1,377] 89.2981718492
  [9,1,378] 89.2981718492
  [9,1,379] 89.2981718492
  [9,1,380] 89.2981718492
  [9,1,381] 89.2981718492
  [9,1,382] 89.2981718492
  [9,1,383] 89.2981718492
  [9,1,384] 89.2981718492
  [9,1,385] 89.2981718492
  [9,1,386] 89.2981718492
  [9,1,387] 89.2981718492
  [9,1,388] 89.2981718492
  [9,1,389] 89.2981718492
  [9,1,390] 89.2981718492
  [9,1,391] 89.2981718492
  [9,1,392] 89.2981718492
  [9,1,393] 89.2981718492
  [9,1,394] 89.2981718492
  [9,1,395] 89.2981718492
  [9,1,396] 89.2981718492
  [9,1,397] 89.2981718492
  [9,1,398] 89.2981718492
  [9,1,399] 89.2981718492
  [9,1,400] 89.2981718492
  [9,1,401] 89.2981718492
  [9,1,402] 89.2981718492
  [9,1,403] 89.2981718492
  [9,1,404] 89.2981718492
  [9,1,405] 89.2981718492
  [9,1,406] 89.2981718492
  [9,1,407] 89.2981718492
  [9,1,408] 89.2981715909
  [9,1,409] 89.3547954154
  [9,1,410] 89.8967419743
  [9,1,411] 89.2981718492
  [9,1,412] 89.8967419743
  [9,1,413] 89.8967419743
  [9,1,414] 89.8967417160
  [9,1,415] 107.3272019258
  [9,1,416] 107.3272019258
  [9,1,417] 107.3272019258
  [9,1,418] 107.3272019258
  [9,1,419] 107.3272019258
  [9,1,420] 89.8967417160
  [9,1,421] 107.3272019258
  [9,1,422] 107.3272019258
  [9,1,423] 107.3272019258
  [9,1,424] 107.3272019258
  [9,1,425] 107.3272019258
  [9,1,426] 107.3272019258
  [9,1,427] 107.3272019258
  [9,1,428] 107.3272019258
  [9,1,429] 107.3272019258
  [9,1,430] 107.3272019258
  [9,1,431] 107.3272019258
  [9,1,432] 89.8967417160
  [9,1,433] 107.3272019258
  [9,1,434] 107.3272019258
  [9,1,435] 107.3272019258
  [9,1,436] 107.3272019258
  [9,1,437] 107.3272019258
  [9,1,438] 89.8967417160
  [9,1,439] 107.3272019258
  [9,1,440] 107.3272019258
  [9,1,441] 107.3272019258
  [9,1,442] 107.3272019258
  [9,1,443] 107.3272019258
  [9,1,444] 107.3272019258
  [9,1,445] 107.3272019258
  [9,1,446] 107.3272019258
  [9,1,447] 107.3272019258
  [9,1,448] 107.3272019258
  [9,1,449] 107.3272019258
  [9,1,450] 89.8967417160
  [9,1,451] 107.3272019258
  [9,1,452] 107.3272019258
  [9,1,453] 107.3272019258
  [9,1,454] 107.3272019258
  [9,1,455] 107.3272019258
  [9,1,456] 107.3272019258
  [9,1,457] 107.3272019258
  [9,1,458] 107.3272019258
  [9,1,459] 107.3272019258
  [9,1,460] 107.3272019258
  [9,1,461] 107.3272019258
  [9,1,462] 107.3272019258
  [9,1,463] 107.3272019258
  [9,1,464] 106.7286318007
  [9,1,465] 89.8967419743
  [9,1,466] 107.3272019258
  [9,1,467] 107.3272019258
  [9,1,468] 89.8967419743
  [9,1,469] 107.3272019258
  [9,1,470] 107.3272019258
  [9,1,471] 107.3272019258
  [9,1,472] 107.3272019258
  [9,1,473] 107.3272019258
  [9,1,474] 107.3272019258
  [9,1,475] 107.3272019258
  [9,1,476] 107.3272019258
  [9,1,477] 107.3272019258
  [9,1,478] 107.3272019258
  [9,1,479] 107.3272019258
  [9,1,480] 107.3272019258
  [9,1,481] 107.3272019258
  [9,1,482] 107.3272019258
  [9,1,483] 107.3272019258
  [9,1,484] 107.3272019258
  [9,1,485] 107.3272019258
  [9,1,486] 89.8967419743
  [9,1,487] 107.3272019258
  [9,1,488] 107.3272019258
  [9,1,489] 107.3272019258
  [9,1,490] 107.3272019258
  [9,1,491] 107.3272019258
  [9,1,492] 107.3272019258
  [9,1,493] 107.3272019258
  [9,1,494] 107.3272019258
  [9,1,495] 107.3272019258
  [9,1,496] 107.3272019258
  [9,1,497] 107.3272019258
  [9,1,498] 89.8967419743
  [9,1,499] 107.3272019258
  [9,1,500] 107.3272019258
  [9,1,501] 107.3272019258
  [9,1,502] 107.3272019258
  [9,1,503] 107.3272019258
  [9,1,504] 89.8967419743
  [9,1,505] 107.3272019258
  [9,1,506] 107.3272019258
  [9,1,507] 107.3272019258
  [9,1,508] 107.3272019258
  [9,1,509] 107.3272019258
  [9,1,510] 107.3272019258
  [9,1,511] 107.3272019258
  [9,1,512] 107.3272019258
  [9,1,513] 89.8967419743
  [9,1,514] 107.3272019258
  [9,1,515] 107.3272019258
  [9,1,516] 107.3272019258
  [9,1,517] 107.3272019258
  [9,1,518] 107.3272019258
  [9,1,519] 107.3272019258
  [9,1,520] 107.3272019258
  [9,1,521] 107.3272019258
  [9,1,522] 107.3272019258
  [9,1,523] 107.3272019258
  [9,1,524] 107.3272019258
  [9,1,525] 89.8967419743
  [9,1,526] 107.3272019258
  [9,1,527] 107.3272019258
  [9,1,528] 89.8967419743
  [9,1,529] 107.3272019258
  [9,1,530] 107.3272019258
  [9,1,531] 107.3272019258
  [9,1,532] 107.3272019258
  [9,1,533] 107.3272019258
  [9,1,534] 107.3272019258
  [9,1,535] 107.3272019258
  [9,1,536] 107.3272019258
  [9,1,537] 107.3272019258
  [9,1,538] 107.3272019258
  [9,1,539] 107.3272019258
  [9,1,540] 89.8967419743
  [9,1,541] 107.3272019258
  [9,1,542] 107.3272019258
  [9,1,543] 107.3272019258
  [9,1,544] 107.3272019258
  [9,1,545] 107.3272019258
  [9,1,546] 89.8967419743
  [9,1,547] 107.3272019258
  [9,1,548] 107.3272019258
  [9,1,549] 107.3272019258
  [9,1,550] 107.3272019258
  [9,1,551] 107.3272019258
  [9,1,552] 107.3272019258
  [9,1,553] 107.3272019258
  [9,1,554] 107.3272019258
  [9,1,555] 107.3272019258
  [9,1,556] 107.3272019258
  [9,1,557] 107.3272019258
  [9,1,558] 107.3272019258
  [9,1,559] 107.3272019258
  [9,1,560] 107.3272019258
  [9,1,561] 89.8967419743
  [9,1,562] 107.3272019258
  [9,1,563] 107.3272019258
  [9,1,564] 89.8967419743
  [9,1,565] 107.3272019258
  [9,1,566] 107.3272019258
  [9,1,567] 107.3272019258
  [9,1,568] 107.3272019258
  [9,1,569] 107.3272019258
  [9,1,570] 107.3272019258
  [9,1,571] 107.3272019258
  [9,1,572] 107.3272019258
  [9,1,573] 107.3272019258
  [9,1,574] 107.3272019258
  [9,1,575] 107.3272019258
  [9,1,576] 107.3272019258
  [9,1,577] 107.3272019258
  [9,1,578] 107.3272019258
  [9,1,579] 107.3272019258
  [9,1,580] 107.3272019258
  [9,1,581] 107.3272019258
  [9,1,582] 107.3272019258
  [9,1,583] 107.3272019258
  [9,1,584] 107.3272019258
  [9,1,585] 89.8967419743
  [9,1,586] 107.3272019258
  [9,1,587] 107.3272019258
  [9,1,588] 107.3272019258
  [9,1,589] 107.3272019258
  [9,1,590] 107.3272019258
  [9,1,591] 107.3272019258
  [9,1,592] 107.3272019258
  [9,1,593] 107.3272019258
  [9,1,594] 107.3272019258
  [9,1,595] 107.3272019258
  [9,1,596] 107.3272019258
  [9,1,597] 107.3272019258
  [9,1,598] 107.3272019258
  [9,1,599] 107.3272019258
  [9,1,600] 89.8967419743
  [9,1,601] 107.3272019258
  [9,1,602] 107.3272019258
  [9,1,603] 107.3272019258
  [9,1,604] 107.3272019258
  [9,1,605] 107.3272019258
  [9,1,606] 107.3272019258
  [9,1,607] 107.3272019258
  [9,1,608] 107.3272019258
  [9,1,609] 89.8967419743
  [9,1,610] 107.3272019258
  [9,1,611] 107.3272019258
  [9,1,612] 107.3272019258
  [9,1,613] 107.3272019258
  [9,1,614] 107.3272019258
  [9,1,615] 107.3272019258
  [9,1,616] 107.3272019258
  [9,1,617] 107.3272019258
  [9,1,618] 107.3272019258
  [9,1,619] 107.3272019258
  [9,1,620] 107.3272019258
  [9,1,621] 89.8967419743
  [9,1,622] 107.3272019258
  [9,1,623] 107.3272019258
  [9,1,624] 89.8967419743
  [9,1,625] 107.3272019258
  [9,1,626] 107.3272019258
  [9,1,627] 107.3272019258
  [9,1,628] 107.3272019258
  [9,1,629] 107.3272019258
  [9,1,630] 107.3272019258
  [9,1,631] 107.3272019258
  [9,1,632] 107.3272019258
  [9,1,633] 89.8967419743
  [9,1,634] 107.0076085845
  [9,1,635] 89.8967419743
  [9,1,636] 89.8967419743
  [9,1,637] 89.8967419743
  [9,1,638] 89.8967419743
  [9,1,639] 89.8967419743
  [9,1,640] 89.8967419743
  [9,1,641] 89.8967419743
  [9,1,642] 89.8967419743
  [9,1,643] 89.8967419743
  [9,1,644] 89.8967419743
  [9,1,645] 89.8967419743
  [9,1,646] 89.8967419743
  [9,1,647] 89.8967419743
  [9,1,648] 89.8967419743
  [9,1,649] 89.8967419743
  [9,1,650] 89.8967419743
  [9,1,651] 89.8967419743
  [9,1,652] 89.8967419743
  [9,1,653] 89.8967419743
  [9,1,654] 89.8967419743
  [9,1,655] 89.8967419743
  [9,1,656] 89.8967419743
  [9,1,657] 89.8967419743
  [9,1,658] 89.8967419743
  [9,1,659] 89.8967419743
  [9,1,660] 89.8967419743
  [9,1,661] 89.8967419743
  [9,1,662] 89.8967419743
  [9,1,663] 89.8967419743
  [9,1,664] 89.8967419743
  [9,1,665] 89.8967419743
  [9,1,666] 89.8967419743
  [9,1,667] 89.8967419743
  [9,1,668] 89.8967419743
  [9,1,669] 89.8967419743
  [9,1,670] 89.8967419743
  [9,1,671] 89.8967419743
  [9,1,672] 89.8967419743
  [9,1,673] 89.8967419743
  [9,1,674] 89.8967419743
  [9,1,675] 89.8967419743
  [9,1,676] 89.8967419743
  [9,1,677] 89.8967419743
  [9,1,678] 89.8967419743
  [9,1,679] 89.8967419743
  [9,1,680] 89.8967419743
  [9,1,681] 89.8967419743
  [9,1,682] 89.8967419743
  [9,1,683] 89.8967419743
  [9,1,684] 89.8967419743
  [9,1,685] 89.8967419743
  [9,1,686] 89.8967419743
  [9,1,687] 89.8967419743
  [9,1,688] 89.8967419743
  [9,1,689] 89.8967419743
  [9,1,690] 89.8967419743
  [9,1,691] 89.8967419743
  [9,1,692] 89.8967419743
  [9,1,693] 89.8967419743
  [9,1,694] 89.8967419743
  [9,1,695] 89.8967419743
  [9,1,696] 89.8967419743
  [9,1,697] 89.8967419743
  [9,1,698] 89.8967419743
  [9,1,699] 89.8967419743
  [9,1,700] 89.8967419743
  [9,1,701] 89.8967419743
  [9,1,702] 89.8967419743
  [9,1,703] 89.8967419743
  [9,1,704] 89.8967419743
  [9,1,705] 89.8967419743
  [9,1,706] 89.8967419743
  [9,1,707] 89.8967419743
  [9,1,708] 89.8967419743
  [9,1,709] 89.8967419743
  [9,1,710] 89.2981718492
  [9,1,711] 89.2981718492
  [9,1,712] 89.2981718492
  [9,1,713] 89.2981718492
  [9,1,714] 89.2981718492
  [9,1,715] 89.2981718492
  [9,1,716] 89.2981718492
  [9,1,717] 89.2981718492
  [9,1,718] 89.2981718492
  [9,1,719] 89.2981718492
  [9,1,720] 89.2981718492
  [9,2,1] 106.3721636047
  [9,2,2] 89.8967419743
  [9,2,3] 89.8967419743
  [9,2,4] 106.7286318007
  [9,2,5] 89.8967419743
  [9,2,6] 89.8967419743
  [9,2,7] 106.7286318007
  [9,2,8] 89.8967419743
  [9,2,9] 89.8967419743
  [9,2,10] 107.3272019258
  [9,2,11] 89.8967419743
  [9,2,12] 89.8967419743
  [9,2,13] 107.3272019258
  [9,2,14] 89.2981718492
  [9,2,15] 107.3272019258
  [9,2,16] 107.3272019258
  [9,2,17] 89.8967419743
  [9,2,18] 89.2981718492
  [9,2,19] 107.3272019258
  [9,2,20] 89.8967419743
  [9,2,21] 89.2981718492
  [9,2,22] 89.8967419743
  [9,2,23] 106.7286318007
  [9,2,24] 89.2981718492
  [9,2,25] 89.8967419743
  [9,2,26] 89.8967419743
  [9,2,27] 106.7286318007
  [9,2,28] 89.2981718492
  [9,2,29] 89.8967419743
  [9,2,30] 89.2981718492
  [9,2,31] 107.3272019258
  [9,2,32] 106.7286318007
  [9,2,33] 89.8967419743
  [9,2,34] 89.2981718492
  [9,2,35] 107.3272019258
  [9,2,36] 89.8967419743
  [9,2,37] 89.8967419743
  [9,2,38] 107.3272019258
  [9,2,39] 89.2981718492
  [9,2,40] 89.8967419743
  [9,2,41] 106.7286318007
  [9,2,42] 89.8967419743
  [9,2,43] 89.2981718492
  [9,2,44] 107.3272019258
  [9,2,45] 89.8967419743
  [9,2,46] 89.2981718492
  [9,2,47] 106.7286318007
  [9,2,48] 89.8967419743
  [9,2,49] 89.8967419743
  [9,2,50] 106.7286318007
  [9,2,51] 89.8967419743
  [9,2,52] 89.8967419743
  [9,2,53] 89.8967419743
  [9,2,54] 106.7286318007
  [9,2,55] 89.2981718492
  [9,2,56] 89.8967419743
  [9,2,57] 89.2981718492
  [9,2,58] 106.7286318007
  [9,2,59] 89.2981718492
  [9,2,60] 89.2981718492
  [9,2,61] 106.7286318007
  [9,2,62] 89.8967419743
  [9,2,63] 89.2981718492
  [9,2,64] 106.7286318007
  [9,2,65] 89.8967419743
  [9,2,66] 89.2981718492
  [9,2,67] 106.7286318007
  [9,2,68] 89.2981718492
  [9,2,69] 89.2981718492
  [9,2,70] 107.3272019258
  [9,2,71] 89.2981718492
  [9,2,72] 89.2981718492
  [9,2,73] 106.7286318007
  [9,2,74] 89.8967419743
  [9,2,75] 89.2981718492
  [9,2,76] 106.7286318007
  [9,2,77] 89.2981718492
  [9,2,78] 89.8967419743
  [9,2,79] 89.2981718492
  [9,2,80] 106.7286318007
  [9,2,81] 106.7286318007
  [9,2,82] 89.2981718492
  [9,2,83] 89.8967419743
  [9,2,84] 107.3272019258
  [9,2,85] 89.2981718492
  [9,2,86] 89.8967419743
  [9,2,87] 89.8967419743
  [9,2,88] 107.3272019258
  [9,2,89] 89.8967419743
  [9,2,90] 89.2981718492
  [9,2,91] 89.8967419743
  [9,2,92] 106.7286318007
  [9,2,93] 89.2981718492
  [9,2,94] 89.2981718492
  [9,2,95] 89.2981718492
  [9,2,96] 107.3272019258
  [9,2,97] 107.3272019258
  [9,2,98] 89.2981718492
  [9,2,99] 89.8967419743
  [9,2,100] 107.3272019258
  [9,2,101] 89.2981718492
  [9,2,102] 89.2981718492
  [9,2,103] 89.2981718492
  [9,2,104] 107.3272019258
  [9,2,105] 89.2981718492
  [9,2,106] 89.2981718492
  [9,2,107] 89.8967419743
  [9,2,108] 106.7286318007
  [9,2,109] 89.8967419743
  [9,2,110] 89.2981718492
  [9,2,111] 89.2981718492
  [9,2,112] 107.3272019258
  [9,2,113] 107.3272019258
  [9,2,114] 89.2981718492
  [9,2,115] 89.8967419743
  [9,2,116] 107.3272019258
  [9,2,117] 89.2981718492
  [9,2,118] 89.2981718492
  [9,2,119] 89.8967419743
  [9,2,120] 106.7286318007
  [9,2,121] 89.2981718492
  [9,2,122] 89.2981718492
  [9,2,123] 89.8967419743
  [9,2,124] 106.7286318007
  [9,2,125] 89.8967419743
  [9,2,126] 89.8967419743
  [9,2,127] 89.8967419743
  [9,2,128] 91.6920000000
  [9,2,129] 88.8393600000
  [9,2,130] 107.3272019258
  [9,2,131] 89.8967419743
  [9,2,132] 89.2981718492
  [9,2,133] 107.3272019258
  [9,2,134] 106.7286318007
  [9,2,135] 89.2981718492
  [9,2,136] 89.8967419743
  [9,2,137] 107.3272019258
  [9,2,138] 89.2981718492
  [9,2,139] 89.2981718492
  [9,2,140] 89.8967419743
  [9,2,141] 89.2981715909
  [9,2,142] 89.8967419743
  [9,2,143] 89.2981718492
  [9,2,144] 89.2981718492
  [9,2,145] 107.3272019258
  [9,2,146] 106.7286318007
  [9,2,147] 89.8967419743
  [9,2,148] 89.2981718492
  [9,2,149] 107.3272019258
  [9,2,150] 89.2981718492
  [9,2,151] 89.8967419743
  [9,2,152] 89.2981718492
  [9,2,153] 107.3272019258
  [9,2,154] 89.2981718492
  [9,2,155] 89.2981718492
  [9,2,156] 89.8967419743
  [9,2,157] 106.7286318007
  [9,2,158] 89.8967419743
  [9,2,159] 89.2981718492
  [9,2,160] 89.2981718492
  [9,2,161] 106.7286318007
  [9,2,162] 107.3272019258
  [9,2,163] 89.2981718492
  [9,2,164] 89.8967419743
  [9,2,165] 106.7286318007
  [9,2,166] 89.8967419743
  [9,2,167] 89.2981718492
  [9,2,168] 89.8967419743
  [9,2,169] 106.7286318007
  [9,2,170] 89.2981718492
  [9,2,171] 89.8967419743
  [9,2,172] 89.2981718492
  [9,2,173] 107.3272019258
  [9,2,174] 89.2981718492
  [9,2,175] 89.8967419743
  [9,2,176] 89.8967419743
  [9,2,177] 107.3272019258
  [9,2,178] 106.7286318007
  [9,2,179] 89.8967419743
  [9,2,180] 89.2981718492
  [9,2,181] 107.3272019258
  [9,2,182] 89.2981718492
  [9,2,183] 89.8967419743
  [9,2,184] 89.2981718492
  [9,2,185] 107.3272019258
  [9,2,186] 89.2981718492
  [9,2,187] 89.8967419743
  [9,2,188] 89.2981718492
  [9,2,189] 107.3272019258
  [9,2,190] 89.2981718492
  [9,2,191] 89.8967419743
  [9,2,192] 89.2981718492
  [9,2,193] 107.3272019258
  [9,2,194] 106.7286318007
  [9,2,195] 89.8967419743
  [9,2,196] 89.2981718492
  [9,2,197] 107.3272019258
  [9,2,198] 89.2981718492
  [9,2,199] 89.8967419743
  [9,2,200] 89.2981718492
  [9,2,201] 107.3272019258
  [9,2,202] 89.8967419743
  [9,2,203] 89.2981718492
  [9,2,204] 89.8967419743
  [9,2,205] 106.7286318007
  [9,2,206] 89.8967419743
  [9,2,207] 89.2981718492
  [9,2,208] 89.8967419743
  [9,2,209] 106.7286318007
  [9,2,210] 107.3272019258
  [9,2,211] 89.2981718492
  [9,2,212] 89.8967419743
  [9,2,213] 106.7286318007
  [9,2,214] 89.8967419743
  [9,2,215] 89.2981718492
  [9,2,216] 89.8967419743
  [9,2,217] 106.7286318007
  [9,2,218] 89.8967419743
  [9,2,219] 89.2981718492
  [9,2,220] 89.8967419743
  [9,2,221] 106.7286318007
  [9,2,222] 89.8967419743
  [9,2,223] 89.2981718492
  [9,2,224] 89.8967419743
  [9,2,225] 106.7286318007
  [9,2,226] 107.3272019258
  [9,2,227] 89.2981718492
  [9,2,228] 89.8967419743
  [9,2,229] 106.7286318007
  [9,2,230] 89.8967419743
  [9,2,231] 89.2981718492
  [9,2,232] 89.8967419743
  [9,2,233] 106.7286318007
  [9,2,234] 89.2981718492
  [9,2,235] 89.8967419743
  [9,2,236] 89.2981718492
  [9,2,237] 107.3272019258
  [9,2,238] 89.2981718492
  [9,2,239] 89.8967419743
  [9,2,240] 89.2981718492
  [9,2,241] 107.3272019258
  [9,2,242] 106.7286318007
  [9,2,243] 89.8967419743
  [9,2,244] 89.2981718492
  [9,2,245] 107.3272019258
  [9,2,246] 89.2981718492
  [9,2,247] 89.8967419743
  [9,2,248] 89.8967419743
  [9,2,249] 101.4724800000
  [9,2,250] 89.2981718492
  [9,2,251] 89.8967419743
  [9,2,252] 106.7286318007
  [9,2,253] 89.8967419743
  [9,2,254] 89.2981718492
  [9,2,255] 89.8967419743
  [9,2,256] 106.7286318007
  [9,2,257] 89.8967419743
  [9,2,258] 89.2981718492
  [9,2,259] 89.8967419743
  [9,2,260] 106.7286318007
  [9,2,261] 107.3272019258
  [9,2,262] 89.2981718492
  [9,2,263] 89.8967419743
  [9,2,264] 106.7286318007
  [9,2,265] 89.8967419743
  [9,2,266] 89.2981718492
  [9,2,267] 89.8967419743
  [9,2,268] 106.7286318007
  [9,2,269] 89.8967419743
  [9,2,270] 89.2981718492
  [9,2,271] 89.8967419743
  [9,2,272] 106.7286318007
  [9,2,273] 89.8967419743
  [9,2,274] 89.2981718492
  [9,2,275] 89.8967419743
  [9,2,276] 106.7286318007
  [9,2,277] 107.3272019258
  [9,2,278] 89.2981718492
  [9,2,279] 89.8967419743
  [9,2,280] 106.7286318007
  [9,2,281] 89.8967419743
  [9,2,282] 89.2981718492
  [9,2,283] 89.8967419743
  [9,2,284] 106.7286318007
  [9,2,285] 89.8967419743
  [9,2,286] 89.2981718492
  [9,2,287] 89.8967419743
  [9,2,288] 106.7286318007
  [9,2,289] 89.8967419743
  [9,2,290] 89.2981718492
  [9,2,291] 89.8967419743
  [9,2,292] 106.7286318007
  [9,2,293] 107.3272019258
  [9,2,294] 89.2981718492
  [9,2,295] 89.8967419743
  [9,2,296] 106.7286318007
  [9,2,297] 107.3272019258
  [9,2,298] 89.2981718492
  [9,2,299] 89.8967419743
  [9,2,300] 106.7286318007
  [9,2,301] 89.8967419743
  [9,2,302] 89.2981718492
  [9,2,303] 89.8967419743
  [9,2,304] 103.1025600000
  [9,2,305] 89.8967419743
  [9,2,306] 89.2981718492
  [9,2,307] 89.8967419743
  [9,2,308] 106.7286318007
  [9,2,309] 89.8967419743
  [9,2,310] 89.2981718492
  [9,2,311] 89.8967419743
  [9,2,312] 106.7286318007
  [9,2,313] 107.3272019258
  [9,2,314] 89.2981718492
  [9,2,315] 89.8967419743
  [9,2,316] 106.7286318007
  [9,2,317] 89.8967419743
  [9,2,318] 89.2981718492
  [9,2,319] 89.8967419743
  [9,2,320] 106.7286318007
  [9,2,321] 89.2981718492
  [9,2,322] 89.8967419743
  [9,2,323] 89.2981718492
  [9,2,324] 107.3272019258
  [9,2,325] 89.2981718492
  [9,2,326] 89.8967419743
  [9,2,327] 89.2981718492
  [9,2,328] 107.3272019258
  [9,2,329] 104.7326400000
  [9,2,330] 89.8967419743
  [9,2,331] 89.2981718492
  [9,2,332] 107.3272019258
  [9,2,333] 89.2981718492
  [9,2,334] 89.8967419743
  [9,2,335] 89.2981718492
  [9,2,336] 107.3272019258
  [9,2,337] 89.2981718492
  [9,2,338] 89.8967419743
  [9,2,339] 89.2981718492
  [9,2,340] 107.3272019258
  [9,2,341] 89.2981718492
  [9,2,342] 89.8967419743
  [9,2,343] 89.2981718492
  [9,2,344] 107.3272019258
  [9,2,345] 106.7286318007
  [9,2,346] 89.8967419743
  [9,2,347] 89.2981718492
  [9,2,348] 107.3272019258
  [9,2,349] 89.2981718492
  [9,2,350] 89.8967419743
  [9,2,351] 89.2981718492
  [9,2,352] 107.3272019258
  [9,2,353] 89.2981718492
  [9,2,354] 89.8967419743
  [9,2,355] 89.2981718492
  [9,2,356] 107.3272019258
  [9,2,357] 89.2981718492
  [9,2,358] 89.8967419743
  [9,2,359] 89.2981718492
  [9,2,360] 107.3272019258
  [9,2,361] 106.7286318007
  [9,2,362] 89.8967419743
  [9,2,363] 89.2981718492
  [9,2,364] 107.3272019258
  [9,2,365] 89.2981718492
  [9,2,366] 89.8967419743
  [9,2,367] 89.2981718492
  [9,2,368] 107.3272019258
  [9,2,369] 89.2981718492
  [9,2,370] 89.8967419743
  [9,2,371] 89.2981718492
  [9,2,372] 107.3272019258
  [9,2,373] 89.2981718492
  [9,2,374] 89.8967419743
  [9,2,375] 89.2981718492
  [9,2,376] 107.3272019258
  [9,2,377] 106.7286318007
  [9,2,378] 89.8967419743
  [9,2,379] 89.2981718492
  [9,2,380] 107.3272019258
  [9,2,381] 89.2981718492
  [9,2,382] 89.8967419743
  [9,2,383] 89.2981718492
  [9,2,384] 107.3272019258
  [9,2,385] 89.2981718492
  [9,2,386] 89.8967419743
  [9,2,387] 89.2981718492
  [9,2,388] 107.3272019258
  [9,2,389] 89.2981718492
  [9,2,390] 89.8967419743
  [9,2,391] 89.2981718492
  [9,2,392] 107.3272019258
  [9,2,393] 106.7286318007
  [9,2,394] 89.8967419743
  [9,2,395] 89.2981718492
  [9,2,396] 107.3272019258
  [9,2,397] 89.2981718492
  [9,2,398] 89.8967419743
  [9,2,399] 89.2981718492
  [9,2,400] 107.3272019258
  [9,2,401] 89.2981718492
  [9,2,402] 89.8967419743
  [9,2,403] 89.2981718492
  [9,2,404] 107.3272019258
  [9,2,405] 89.2981718492
  [9,2,406] 89.8967419743
  [9,2,407] 89.2981718492
  [9,2,408] 107.3272019258
  [9,2,409] 106.7286318007
  [9,2,410] 89.8967419743
  [9,2,411] 89.2981718492
  [9,2,412] 107.3272019258
  [9,2,413] 89.2981718492
  [9,2,414] 89.8967419743
  [9,2,415] 89.2981718492
  [9,2,416] 107.3272019258
  [9,2,417] 89.2981718492
  [9,2,418] 89.8967419743
  [9,2,419] 89.2981718492
  [9,2,420] 107.3272019258
  [9,2,421] 89.2981718492
  [9,2,422] 89.8967419743
  [9,2,423] 89.2981718492
  [9,2,424] 107.3272019258
  [9,2,425] 106.7286318007
  [9,2,426] 89.8967419743
  [9,2,427] 89.2981718492
  [9,2,428] 107.3272019258
  [9,2,429] 89.2981718492
  [9,2,430] 89.8967419743
  [9,2,431] 89.2981718492
  [9,2,432] 107.3272019258
  [9,2,433] 89.2981718492
  [9,2,434] 89.8967419743
  [9,2,435] 89.2981718492
  [9,2,436] 107.3272019258
  [9,2,437] 89.2981718492
  [9,2,438] 89.8967419743
  [9,2,439] 89.2981718492
  [9,2,440] 107.3272019258
  [9,2,441] 106.7286318007
  [9,2,442] 89.8967419743
  [9,2,443] 89.2981718492
  [9,2,444] 107.3272019258
  [9,2,445] 89.2981718492
  [9,2,446] 89.8967419743
  [9,2,447] 89.8967419743
  [9,2,448] 106.7286318007
  [9,2,449] 89.8967419743
  [9,2,450] 89.2981718492
  [9,2,451] 89.8967419743
  [9,2,452] 106.7286318007
  [9,2,453] 89.8967419743
  [9,2,454] 89.2981718492
  [9,2,455] 89.8967419743
  [9,2,456] 106.7286318007
  [9,2,457] 107.3272019258
  [9,2,458] 89.2981718492
  [9,2,459] 89.8967419743
  [9,2,460] 106.7286318007
  [9,2,461] 89.8967419743
  [9,2,462] 89.2981718492
  [9,2,463] 89.8967419743
  [9,2,464] 106.7286318007
  [9,2,465] 89.8967419743
  [9,2,466] 89.2981718492
  [9,2,467] 89.8967419743
  [9,2,468] 106.7286318007
  [9,2,469] 89.8967419743
  [9,2,470] 89.2981718492
  [9,2,471] 89.8967419743
  [9,2,472] 106.7286318007
  [9,2,473] 107.3272019258
  [9,2,474] 89.2981718492
  [9,2,475] 89.8967419743
  [9,2,476] 106.7286318007
  [9,2,477] 89.8967419743
  [9,2,478] 89.2981718492
  [9,2,479] 89.8967419743
  [9,2,480] 106.7286318007
  [9,2,481] 89.8967419743
  [9,2,482] 89.2981718492
  [9,2,483] 89.8967419743
  [9,2,484] 106.7286318007
  [9,2,485] 89.8967419743
  [9,2,486] 89.2981718492
  [9,2,487] 89.8967419743
  [9,2,488] 106.7286318007
  [9,2,489] 107.3272019258
  [9,2,490] 89.2981718492
  [9,2,491] 89.8967419743
  [9,2,492] 106.7286318007
  [9,2,493] 89.8967419743
  [9,2,494] 89.2981718492
  [9,2,495] 89.8967419743
  [9,2,496] 106.7286318007
  [9,2,497] 89.8967419743
  [9,2,498] 89.2981718492
  [9,2,499] 89.8967419743
  [9,2,500] 106.7286318007
  [9,2,501] 89.8967419743
  [9,2,502] 89.2981718492
  [9,2,503] 89.8967419743
  [9,2,504] 106.7286318007
  [9,2,505] 107.3272019258
  [9,2,506] 89.2981718492
  [9,2,507] 89.8967419743
  [9,2,508] 106.7286318007
  [9,2,509] 89.8967419743
  [9,2,510] 89.2981718492
  [9,2,511] 89.8967419743
  [9,2,512] 106.7286318007
  [9,2,513] 89.8967419743
  [9,2,514] 89.2981718492
  [9,2,515] 89.8967419743
  [9,2,516] 106.7286318007
  [9,2,517] 89.8967419743
  [9,2,518] 89.2981718492
  [9,2,519] 89.8967419743
  [9,2,520] 106.7286318007
  [9,2,521] 107.3272019258
  [9,2,522] 89.2981718492
  [9,2,523] 89.8967419743
  [9,2,524] 106.7286318007
  [9,2,525] 89.8967419743
  [9,2,526] 89.2981718492
  [9,2,527] 89.8967419743
  [9,2,528] 106.7286318007
  [9,2,529] 89.8967419743
  [9,2,530] 89.2981718492
  [9,2,531] 89.8967419743
  [9,2,532] 106.7286318007
  [9,2,533] 89.8967419743
  [9,2,534] 89.2981718492
  [9,2,535] 89.8967419743
  [9,2,536] 106.7286318007
  [9,2,537] 107.3272019258
  [9,2,538] 89.2981718492
  [9,2,539] 89.8967419743
  [9,2,540] 106.7286318007
  [9,2,541] 89.8967419743
  [9,2,542] 89.2981718492
  [9,2,543] 89.8967419743
  [9,2,544] 106.7286318007
  [9,2,545] 89.8967419743
  [9,2,546] 89.2981718492
  [9,2,547] 89.8967419743
  [9,2,548] 106.7286318007
  [9,2,549] 89.8967419743
  [9,2,550] 89.2981718492
  [9,2,551] 89.8967419743
  [9,2,552] 106.7286318007
  [9,2,553] 107.3272019258
  [9,2,554] 89.2981718492
  [9,2,555] 89.8967419743
  [9,2,556] 106.7286318007
  [9,2,557] 89.8967419743
  [9,2,558] 89.2981718492
  [9,2,559] 89.8967419743
  [9,2,560] 106.7286318007
  [9,2,561] 89.8967419743
  [9,2,562] 89.2981718492
  [9,2,563] 89.8967419743
  [9,2,564] 106.7286318007
  [9,2,565] 89.8967419743
  [9,2,566] 89.2981718492
  [9,2,567] 89.8967419743
  [9,2,568] 106.7286318007
  [9,2,569] 107.3272019258
  [9,2,570] 89.2981718492
  [9,2,571] 89.8967419743
  [9,2,572] 106.7286318007
  [9,2,573] 107.3272019258
  [9,2,574] 89.2981718492
  [9,2,575] 89.8967419743
  [9,2,576] 106.7286318007
  [9,2,577] 89.8967419743
  [9,2,578] 89.2981718492
  [9,2,579] 89.8967419743
  [9,2,580] 106.7286318007
  [9,2,581] 89.8967419743
  [9,2,582] 89.8967419743
  [9,2,583] 89.8967419743
  [9,2,584] 106.7286318007
  [9,2,585] 107.3272019258
  [9,2,586] 89.2981718492
  [9,2,587] 89.8967419743
  [9,2,588] 106.7286318007
  [9,2,589] 89.8967419743
  [9,2,590] 89.2981718492
  [9,2,591] 89.8967419743
  [9,2,592] 106.7286318007
  [9,2,593] 89.8967419743
  [9,2,594] 89.2981718492
  [9,2,595] 89.8967419743
  [9,2,596] 106.7286318007
  [9,2,597] 89.8967419743
  [9,2,598] 89.2981718492
  [9,2,599] 89.8967419743
  [9,2,600] 106.7286318007
  [9,2,601] 107.3272019258
  [9,2,602] 89.2981718492
  [9,2,603] 89.8967419743
  [9,2,604] 106.7286318007
  [9,2,605] 89.8967419743
  [9,2,606] 89.2981718492
  [9,2,607] 89.8967419743
  [9,2,608] 106.7286318007
  [9,2,609] 89.8967419743
  [9,2,610] 89.2981718492
  [9,2,611] 89.8967419743
  [9,2,612] 106.7286318007
  [9,2,613] 89.8967419743
  [9,2,614] 89.2981718492
  [9,2,615] 89.8967419743
  [9,2,616] 106.7286318007
  [9,2,617] 107.3272019258
  [9,2,618] 89.2981718492
  [9,2,619] 89.8967419743
  [9,2,620] 106.7286318007
  [9,2,621] 89.8967419743
  [9,2,622] 89.2981718492
  [9,2,623] 89.8967419743
  [9,2,624] 106.7286318007
  [9,2,625] 89.8967419743
  [9,2,626] 89.2981718492
  [9,2,627] 89.8967419743
  [9,2,628] 106.7286318007
  [9,2,629] 89.8967419743
  [9,2,630] 89.2981718492
  [9,2,631] 89.8967419743
  [9,2,632] 106.7286318007
  [9,2,633] 107.3272019258
  [9,2,634] 89.2981718492
  [9,2,635] 89.8967419743
  [9,2,636] 106.7286318007
  [9,2,637] 89.8967419743
  [9,2,638] 89.2981718492
  [9,2,639] 89.8967419743
  [9,2,640] 106.7286318007
  [9,2,641] 89.8967419743
  [9,2,642] 89.2981718492
  [9,2,643] 89.8967419743
  [9,2,644] 106.7286318007
  [9,2,645] 89.8967419743
  [9,2,646] 89.2981718492
  [9,2,647] 89.8967419743
  [9,2,648] 106.7286318007
  [9,2,649] 107.3272019258
  [9,2,650] 89.2981718492
  [9,2,651] 89.8967419743
  [9,2,652] 106.7286318007
  [9,2,653] 89.8967419743
  [9,2,654] 89.2981718492
  [9,2,655] 89.8967419743
  [9,2,656] 106.7286318007
  [9,2,657] 89.2981718492
  [9,2,658] 89.2981718492
  [9,2,659] 89.8967419743
  [9,2,660] 106.7286318007
  [9,2,661] 89.2981718492
  [9,2,662] 89.8967419743
  [9,2,663] 89.2981718492
  [9,2,664] 107.3272019258
  [9,2,665] 107.3272019258
  [9,2,666] 89.8967419743
  [9,2,667] 89.8967419743
  [9,2,668] 107.3272019258
  [9,2,669] 89.8967419743
  [9,2,670] 89.2981718492
  [9,2,671] 89.2981718492
  [9,2,672] 106.7286318007
  [9,2,673] 89.2981718492
  [9,2,674] 89.8967419743
  [9,2,675] 89.8967419743
  [9,2,676] 106.7286318007
  [9,2,677] 89.2981718492
  [9,2,678] 89.2981718492
  [9,2,679] 89.2981718492
  [9,2,680] 107.3272019258
  [9,2,681] 89.2981718492
  [9,2,682] 89.2981718492
  [9,2,683] 89.8967419743
  [9,2,684] 107.3272019258
  [9,2,685] 89.8967419743
  [9,2,686] 89.8967419743
  [9,2,687] 89.2981718492
  [9,2,688] 106.7286318007
  [9,2,689] 106.7286318007
  [9,2,690] 89.8967419743
  [9,2,691] 89.8967419743
  [9,2,692] 107.3272019258
  [9,2,693] 89.2981718492
  [9,2,694] 89.8967419743
  [9,2,695] 89.2981718492
  [9,2,696] 107.3272019258
  [9,2,697] 89.2981718492
  [9,2,698] 89.2981718492
  [9,2,699] 89.8967419743
  [9,2,700] 106.7286318007
  [9,2,701] 89.2981718492
  [9,2,702] 89.2981718492
  [9,2,703] 89.8967419743
  [9,2,704] 106.7286318007
  [9,2,705] 89.8967419743
  [9,2,706] 89.8967419743
  [9,2,707] 89.8967419743
  [9,2,708] 89.2981718492
  [9,2,709] 89.2981718492
  [9,2,710] 106.7286318007
  [9,2,711] 89.8967419743
  [9,2,712] 89.8967419743
  [9,2,713] 89.2981718492
  [9,2,714] 107.3272019258
  [9,2,715] 89.8967419743
  [9,2,716] 89.8967419743
  [9,2,717] 89.8967419743
  [9,2,718] 89.8967419743
  [9,2,719] 89.8967419743
  [9,2,720] 89.8967419743
  [9,3,1] 106.9707305108
  [9,3,2] 89.2981718492
  [9,3,3] 89.2981718492
  [9,3,4] 107.3272019258
  [9,3,5] 89.8967419743
  [9,3,6] 89.8967419743
  [9,3,7] 106.7286318007
  [9,3,8] 89.2981718492
  [9,3,9] 89.8967419743
  [9,3,10] 89.8967419743
  [9,3,11] 89.2981718492
  [9,3,12] 107.3272019258
  [9,3,13] 89.8967419743
  [9,3,14] 89.8967419743
  [9,3,15] 107.3272019258
  [9,3,16] 107.3272019258
  [9,3,17] 89.2981718492
  [9,3,18] 89.8967419743
  [9,3,19] 107.3272019258
  [9,3,20] 89.8967419743
  [9,3,21] 89.2981718492
  [9,3,22] 89.8967419743
  [9,3,23] 106.7286318007
  [9,3,24] 107.3272019258
  [9,3,25] 89.2981718492
  [9,3,26] 89.8967419743
  [9,3,27] 106.7286318007
  [9,3,28] 89.8967419743
  [9,3,29] 89.8967419743
  [9,3,30] 89.8967419743
  [9,3,31] 106.7286318007
  [9,3,32] 89.2981718492
  [9,3,33] 89.2981718492
  [9,3,34] 89.8967419743
  [9,3,35] 106.7286318007
  [9,3,36] 89.8967419743
  [9,3,37] 89.8967419743
  [9,3,38] 89.2981718492
  [9,3,39] 106.7286318007
  [9,3,40] 107.3272019258
  [9,3,41] 89.8967419743
  [9,3,42] 89.8967419743
  [9,3,43] 106.7286318007
  [9,3,44] 89.8967419743
  [9,3,45] 89.8967419743
  [9,3,46] 89.2981718492
  [9,3,47] 107.3272019258
  [9,3,48] 89.8967419743
  [9,3,49] 89.2981718492
  [9,3,50] 89.8967419743
  [9,3,51] 106.7286318007
  [9,3,52] 89.8967419743
  [9,3,53] 89.2981718492
  [9,3,54] 89.2981718492
  [9,3,55] 107.3272019258
  [9,3,56] 107.3272019258
  [9,3,57] 89.2981718492
  [9,3,58] 89.8967419743
  [9,3,59] 107.3272019258
  [9,3,60] 89.2981718492
  [9,3,61] 89.2981718492
  [9,3,62] 89.2981718492
  [9,3,63] 106.7286318007
  [9,3,64] 89.8967419743
  [9,3,65] 89.2981718492
  [9,3,66] 89.2981718492
  [9,3,67] 106.7286318007
  [9,3,68] 89.2981718492
  [9,3,69] 89.2981718492
  [9,3,70] 89.2981718492
  [9,3,71] 106.7286318007
  [9,3,72] 107.3272019258
  [9,3,73] 89.8967419743
  [9,3,74] 89.2981718492
  [9,3,75] 107.3272019258
  [9,3,76] 89.2981718492
  [9,3,77] 89.8967419743
  [9,3,78] 89.8967419743
  [9,3,79] 107.3272019258
  [9,3,80] 89.2981718492
  [9,3,81] 89.8967419743
  [9,3,82] 89.2981718492
  [9,3,83] 107.3272019258
  [9,3,84] 89.2981718492
  [9,3,85] 89.8967419743
  [9,3,86] 89.2981718492
  [9,3,87] 107.3272019258
  [9,3,88] 106.7286318007
  [9,3,89] 89.2981718492
  [9,3,90] 89.8967419743
  [9,3,91] 107.3272019258
  [9,3,92] 106.7286318007
  [9,3,93] 89.8967419743
  [9,3,94] 89.2981718492
  [9,3,95] 106.7286318007
  [9,3,96] 89.8967419743
  [9,3,97] 89.2981718492
  [9,3,98] 89.2981718492
  [9,3,99] 107.3272019258
  [9,3,100] 89.8967419743
  [9,3,101] 89.2981718492
  [9,3,102] 89.2981718492
  [9,3,103] 107.3272019258
  [9,3,104] 89.2981718492
  [9,3,105] 89.2981718492
  [9,3,106] 89.2981718492
  [9,3,107] 106.7286318007
  [9,3,108] 106.7286318007
  [9,3,109] 89.8967419743
  [9,3,110] 89.2981718492
  [9,3,111] 107.3272019258
  [9,3,112] 89.8967419743
  [9,3,113] 89.8967419743
  [9,3,114] 89.2981718492
  [9,3,115] 107.3272019258
  [9,3,116] 89.8967419743
  [9,3,117] 89.2981718492
  [9,3,118] 89.2981718492
  [9,3,119] 106.7286318007
  [9,3,120] 89.2981718492
  [9,3,121] 89.8967419743
  [9,3,122] 89.2981718492
  [9,3,123] 106.7286318007
  [9,3,124] 107.3272019258
  [9,3,125] 89.2981718492
  [9,3,126] 89.8967419743
  [9,3,127] 89.8967419743
  [9,3,128] 91.6920000000
  [9,3,129] 88.8393600000
  [9,3,130] 89.8967419743
  [9,3,131] 89.2981718492
  [9,3,132] 89.2981718492
  [9,3,133] 106.7286318007
  [9,3,134] 107.3272019258
  [9,3,135] 89.8967419743
  [9,3,136] 89.8967419743
  [9,3,137] 106.7286318007
  [9,3,138] 89.8967419743
  [9,3,139] 89.8967419743
  [9,3,140] 89.8967419743
  [9,3,141] 107.3272019258
  [9,3,142] 89.8967419743
  [9,3,143] 89.2981718492
  [9,3,144] 89.8967419743
  [9,3,145] 106.7286318007
  [9,3,146] 89.8967419743
  [9,3,147] 89.2981718492
  [9,3,148] 89.8967419743
  [9,3,149] 107.3272019258
  [9,3,150] 106.7286318007
  [9,3,151] 89.2981718492
  [9,3,152] 89.2981718492
  [9,3,153] 107.3272019258
  [9,3,154] 89.2981718492
  [9,3,155] 89.8967419743
  [9,3,156] 89.2981718492
  [9,3,157] 106.7286318007
  [9,3,158] 89.8967419743
  [9,3,159] 89.8967419743
  [9,3,160] 89.2981718492
  [9,3,161] 107.3272019258
  [9,3,162] 89.2981718492
  [9,3,163] 89.2981718492
  [9,3,164] 89.2981718492
  [9,3,165] 107.3272019258
  [9,3,166] 106.7286318007
  [9,3,167] 89.8967419743
  [9,3,168] 89.2981718492
  [9,3,169] 107.3272019258
  [9,3,170] 89.2981718492
  [9,3,171] 89.8967419743
  [9,3,172] 89.2981718492
  [9,3,173] 107.3272019258
  [9,3,174] 89.2981718492
  [9,3,175] 89.8967419743
  [9,3,176] 89.2981718492
  [9,3,177] 106.7286318007
  [9,3,178] 89.8967419743
  [9,3,179] 89.2981718492
  [9,3,180] 89.8967419743
  [9,3,181] 106.7286318007
  [9,3,182] 107.3272019258
  [9,3,183] 89.2981718492
  [9,3,184] 89.8967419743
  [9,3,185] 106.7286318007
  [9,3,186] 89.8967419743
  [9,3,187] 89.2981718492
  [9,3,188] 89.8967419743
  [9,3,189] 106.7286318007
  [9,3,190] 89.8967419743
  [9,3,191] 89.2981718492
  [9,3,192] 89.8967419743
  [9,3,193] 106.7286318007
  [9,3,194] 89.8967419743
  [9,3,195] 89.2981718492
  [9,3,196] 89.8967419743
  [9,3,197] 106.7286318007
  [9,3,198] 107.3272019258
  [9,3,199] 89.2981718492
  [9,3,200] 89.8967419743
  [9,3,201] 107.3272019258
  [9,3,202] 89.8967419743
  [9,3,203] 89.2981718492
  [9,3,204] 89.8967419743
  [9,3,205] 106.7286318007
  [9,3,206] 89.8967419743
  [9,3,207] 89.2981718492
  [9,3,208] 89.8967419743
  [9,3,209] 106.7286318007
  [9,3,210] 89.8967419743
  [9,3,211] 89.2981718492
  [9,3,212] 89.8967419743
  [9,3,213] 106.7286318007
  [9,3,214] 89.8967419743
  [9,3,215] 89.2981718492
  [9,3,216] 89.8967419743
  [9,3,217] 106.7286318007
  [9,3,218] 107.3272019258
  [9,3,219] 89.2981718492
  [9,3,220] 89.2981718492
  [9,3,221] 107.3272019258
  [9,3,222] 106.7286318007
  [9,3,223] 89.8967419743
  [9,3,224] 89.2981718492
  [9,3,225] 107.3272019258
  [9,3,226] 89.2981718492
  [9,3,227] 89.8967419743
  [9,3,228] 89.2981718492
  [9,3,229] 107.3272019258
  [9,3,230] 89.2981718492
  [9,3,231] 89.8967419743
  [9,3,232] 89.2981718492
  [9,3,233] 107.3272019258
  [9,3,234] 89.2981718492
  [9,3,235] 89.8967419743
  [9,3,236] 89.2981718492
  [9,3,237] 107.3272019258
  [9,3,238] 106.7286318007
  [9,3,239] 89.8967419743
  [9,3,240] 89.2981718492
  [9,3,241] 107.3272019258
  [9,3,242] 89.2981718492
  [9,3,243] 89.8967419743
  [9,3,244] 89.2981718492
  [9,3,245] 107.3272019258
  [9,3,246] 89.2981718492
  [9,3,247] 89.8967419743
  [9,3,248] 89.2981718492
  [9,3,249] 101.4724800000
  [9,3,250] 89.8967419743
  [9,3,251] 89.8967419743
  [9,3,252] 106.7286318007
  [9,3,253] 89.8967419743
  [9,3,254] 89.2981718492
  [9,3,255] 89.8967419743
  [9,3,256] 106.7286318007
  [9,3,257] 89.2981718492
  [9,3,258] 89.8967419743
  [9,3,259] 89.8967419743
  [9,3,260] 106.7286318007
  [9,3,261] 107.3272019258
  [9,3,262] 89.2981718492
  [9,3,263] 89.8967419743
  [9,3,264] 106.7286318007
  [9,3,265] 89.8967419743
  [9,3,266] 89.2981718492
  [9,3,267] 89.8967419743
  [9,3,268] 106.7286318007
  [9,3,269] 89.8967419743
  [9,3,270] 89.2981718492
  [9,3,271] 89.8967419743
  [9,3,272] 106.7286318007
  [9,3,273] 89.2981718492
  [9,3,274] 89.8967419743
  [9,3,275] 89.2981718492
  [9,3,276] 107.3272019258
  [9,3,277] 89.2981718492
  [9,3,278] 89.8967419743
  [9,3,279] 89.2981718492
  [9,3,280] 107.3272019258
  [9,3,281] 106.7286318007
  [9,3,282] 89.8967419743
  [9,3,283] 89.2981718492
  [9,3,284] 107.3272019258
  [9,3,285] 89.2981718492
  [9,3,286] 89.8967419743
  [9,3,287] 89.2981718492
  [9,3,288] 107.3272019258
  [9,3,289] 89.2981718492
  [9,3,290] 89.2981718492
  [9,3,291] 89.8967419743
  [9,3,292] 106.7286318007
  [9,3,293] 89.8967419743
  [9,3,294] 89.2981718492
  [9,3,295] 89.8967419743
  [9,3,296] 107.3272019258
  [9,3,297] 89.8967419743
  [9,3,298] 89.2981718492
  [9,3,299] 89.8967419743
  [9,3,300] 106.7286318007
  [9,3,301] 107.3272019258
  [9,3,302] 89.2981718492
  [9,3,303] 89.8967419743
  [9,3,304] 51.6526318007
  [9,3,305] 89.8967419743
  [9,3,306] 89.2981718492
  [9,3,307] 89.8967419743
  [9,3,308] 106.7286318007
  [9,3,309] 89.8967419743
  [9,3,310] 89.2981718492
  [9,3,311] 89.8967419743
  [9,3,312] 106.7286318007
  [9,3,313] 89.8967419743
  [9,3,314] 89.2981718492
  [9,3,315] 89.8967419743
  [9,3,316] 106.7286318007
  [9,3,317] 89.8967419743
  [9,3,318] 89.2981718492
  [9,3,319] 89.8967419743
  [9,3,320] 106.7286318007
  [9,3,321] 107.3272019258
  [9,3,322] 89.2981718492
  [9,3,323] 89.8967419743
  [9,3,324] 106.7286318007
  [9,3,325] 89.8967419743
  [9,3,326] 89.2981718492
  [9,3,327] 89.8967419743
  [9,3,328] 106.7286318007
  [9,3,329] 89.8967419743
  [9,3,330] 89.2981718492
  [9,3,331] 89.8967419743
  [9,3,332] 106.7286318007
  [9,3,333] 89.8967419743
  [9,3,334] 89.2981718492
  [9,3,335] 89.8967419743
  [9,3,336] 106.7286318007
  [9,3,337] 89.8967419743
  [9,3,338] 89.2981718492
  [9,3,339] 89.8967419743
  [9,3,340] 106.7286318007
  [9,3,341] 107.3272019258
  [9,3,342] 89.2981718492
  [9,3,343] 89.8967419743
  [9,3,344] 106.7286318007
  [9,3,345] 107.3272019258
  [9,3,346] 89.2981718492
  [9,3,347] 89.8967419743
  [9,3,348] 106.7286318007
  [9,3,349] 89.8967419743
  [9,3,350] 89.2981718492
  [9,3,351] 89.8967419743
  [9,3,352] 106.7286318007
  [9,3,353] 89.8967419743
  [9,3,354] 89.2981718492
  [9,3,355] 89.8967419743
  [9,3,356] 106.7286318007
  [9,3,357] 107.3272019258
  [9,3,358] 89.2981718492
  [9,3,359] 89.8967419743
  [9,3,360] 106.7286318007
  [9,3,361] 89.8967419743
  [9,3,362] 89.2981718492
  [9,3,363] 89.8967419743
  [9,3,364] 106.7286318007
  [9,3,365] 89.8967419743
  [9,3,366] 89.2981718492
  [9,3,367] 89.8967419743
  [9,3,368] 106.7286318007
  [9,3,369] 89.8967419743
  [9,3,370] 89.2981718492
  [9,3,371] 89.8967419743
  [9,3,372] 106.7286318007
  [9,3,373] 107.3272019258
  [9,3,374] 89.2981718492
  [9,3,375] 89.8967419743
  [9,3,376] 106.7286318007
  [9,3,377] 89.8967419743
  [9,3,378] 89.2981718492
  [9,3,379] 89.8967419743
  [9,3,380] 106.7286318007
  [9,3,381] 89.8967419743
  [9,3,382] 89.2981718492
  [9,3,383] 89.8967419743
  [9,3,384] 106.7286318007
  [9,3,385] 89.8967419743
  [9,3,386] 89.2981718492
  [9,3,387] 89.8967419743
  [9,3,388] 106.7286318007
  [9,3,389] 107.3272019258
  [9,3,390] 89.2981718492
  [9,3,391] 89.8967419743
  [9,3,392] 106.7286318007
  [9,3,393] 89.8967419743
  [9,3,394] 89.2981718492
  [9,3,395] 89.8967419743
  [9,3,396] 106.7286318007
  [9,3,397] 89.8967419743
  [9,3,398] 89.2981718492
  [9,3,399] 89.8967419743
  [9,3,400] 106.7286318007
  [9,3,401] 89.8967419743
  [9,3,402] 89.2981718492
  [9,3,403] 89.8967419743
  [9,3,404] 106.7286318007
  [9,3,405] 89.8967419743
  [9,3,406] 89.2981718492
  [9,3,407] 89.8967419743
  [9,3,408] 106.7286318007
  [9,3,409] 107.3272019258
  [9,3,410] 89.2981718492
  [9,3,411] 89.8967419743
  [9,3,412] 106.7286318007
  [9,3,413] 89.8967419743
  [9,3,414] 89.2981718492
  [9,3,415] 89.8967419743
  [9,3,416] 106.7286318007
  [9,3,417] 89.8967419743
  [9,3,418] 89.2981718492
  [9,3,419] 89.8967419743
  [9,3,420] 106.7286318007
  [9,3,421] 89.8967419743
  [9,3,422] 89.2981718492
  [9,3,423] 89.8967419743
  [9,3,424] 106.7286318007
  [9,3,425] 107.3272019258
  [9,3,426] 89.2981718492
  [9,3,427] 89.8967419743
  [9,3,428] 106.7286318007
  [9,3,429] 89.8967419743
  [9,3,430] 89.2981718492
  [9,3,431] 89.8967419743
  [9,3,432] 106.7286318007
  [9,3,433] 89.8967419743
  [9,3,434] 89.2981718492
  [9,3,435] 89.8967419743
  [9,3,436] 106.7286318007
  [9,3,437] 89.8967419743
  [9,3,438] 89.2981718492
  [9,3,439] 89.8967419743
  [9,3,440] 106.7286318007
  [9,3,441] 107.3272019258
  [9,3,442] 89.2981718492
  [9,3,443] 89.8967419743
  [9,3,444] 106.7286318007
  [9,3,445] 89.8967419743
  [9,3,446] 89.2981718492
  [9,3,447] 89.8967419743
  [9,3,448] 106.7286318007
  [9,3,449] 89.8967419743
  [9,3,450] 89.2981718492
  [9,3,451] 89.8967419743
  [9,3,452] 106.7286318007
  [9,3,453] 89.8967419743
  [9,3,454] 89.2981718492
  [9,3,455] 89.8967419743
  [9,3,456] 106.7286318007
  [9,3,457] 107.3272019258
  [9,3,458] 89.2981718492
  [9,3,459] 89.8967419743
  [9,3,460] 106.7286318007
  [9,3,461] 89.8967419743
  [9,3,462] 89.2981718492
  [9,3,463] 89.8967419743
  [9,3,464] 106.7286318007
  [9,3,465] 89.8967419743
  [9,3,466] 89.2981718492
  [9,3,467] 89.8967419743
  [9,3,468] 106.7286318007
  [9,3,469] 89.8967419743
  [9,3,470] 89.2981718492
  [9,3,471] 89.8967419743
  [9,3,472] 106.7286318007
  [9,3,473] 107.3272019258
  [9,3,474] 89.2981718492
  [9,3,475] 89.8967419743
  [9,3,476] 106.7286318007
  [9,3,477] 89.8967419743
  [9,3,478] 89.2981718492
  [9,3,479] 89.8967419743
  [9,3,480] 106.7286318007
  [9,3,481] 89.8967419743
  [9,3,482] 89.2981718492
  [9,3,483] 89.8967419743
  [9,3,484] 106.7286318007
  [9,3,485] 89.8967419743
  [9,3,486] 89.2981718492
  [9,3,487] 89.8967419743
  [9,3,488] 106.7286318007
  [9,3,489] 89.2981718492
  [9,3,490] 89.8967419743
  [9,3,491] 89.2981718492
  [9,3,492] 107.3272019258
  [9,3,493] 106.7286318007
  [9,3,494] 89.8967419743
  [9,3,495] 89.2981718492
  [9,3,496] 107.3272019258
  [9,3,497] 89.2981718492
  [9,3,498] 89.8967419743
  [9,3,499] 89.2981718492
  [9,3,500] 107.3272019258
  [9,3,501] 89.2981718492
  [9,3,502] 89.8967419743
  [9,3,503] 89.2981718492
  [9,3,504] 107.3272019258
  [9,3,505] 89.2981718492
  [9,3,506] 89.8967419743
  [9,3,507] 89.2981718492
  [9,3,508] 107.3272019258
  [9,3,509] 89.2981718492
  [9,3,510] 89.8967419743
  [9,3,511] 89.2981718492
  [9,3,512] 107.3272019258
  [9,3,513] 106.7286318007
  [9,3,514] 89.8967419743
  [9,3,515] 89.2981718492
  [9,3,516] 107.3272019258
  [9,3,517] 89.2981718492
  [9,3,518] 89.8967419743
  [9,3,519] 89.2981718492
  [9,3,520] 107.3272019258
  [9,3,521] 89.2981718492
  [9,3,522] 89.8967419743
  [9,3,523] 89.2981718492
  [9,3,524] 107.3272019258
  [9,3,525] 89.2981718492
  [9,3,526] 89.8967419743
  [9,3,527] 89.2981718492
  [9,3,528] 107.3272019258
  [9,3,529] 89.2981718492
  [9,3,530] 89.8967419743
  [9,3,531] 89.2981718492
  [9,3,532] 107.3272019258
  [9,3,533] 106.7286318007
  [9,3,534] 89.8967419743
  [9,3,535] 89.2981718492
  [9,3,536] 107.3272019258
  [9,3,537] 106.7286318007
  [9,3,538] 89.8967419743
  [9,3,539] 89.2981718492
  [9,3,540] 107.3272019258
  [9,3,541] 89.2981718492
  [9,3,542] 89.8967419743
  [9,3,543] 89.2981718492
  [9,3,544] 107.3272019258
  [9,3,545] 89.2981718492
  [9,3,546] 89.8967419743
  [9,3,547] 89.2981718492
  [9,3,548] 107.3272019258
  [9,3,549] 89.2981718492
  [9,3,550] 89.8967419743
  [9,3,551] 89.2981718492
  [9,3,552] 107.3272019258
  [9,3,553] 106.7286318007
  [9,3,554] 89.8967419743
  [9,3,555] 89.2981718492
  [9,3,556] 107.3272019258
  [9,3,557] 89.2981718492
  [9,3,558] 89.8967419743
  [9,3,559] 89.2981718492
  [9,3,560] 107.3272019258
  [9,3,561] 89.2981718492
  [9,3,562] 89.8967419743
  [9,3,563] 89.2981718492
  [9,3,564] 107.3272019258
  [9,3,565] 89.2981718492
  [9,3,566] 89.8967419743
  [9,3,567] 89.2981718492
  [9,3,568] 107.3272019258
  [9,3,569] 89.2981718492
  [9,3,570] 89.8967419743
  [9,3,571] 89.2981718492
  [9,3,572] 107.3272019258
  [9,3,573] 106.7286318007
  [9,3,574] 89.8967419743
  [9,3,575] 89.2981718492
  [9,3,576] 107.3272019258
  [9,3,577] 89.2981718492
  [9,3,578] 89.8967419743
  [9,3,579] 89.2981718492
  [9,3,580] 107.3272019258
  [9,3,581] 89.2981718492
  [9,3,582] 89.8967419743
  [9,3,583] 89.2981718492
  [9,3,584] 107.3272019258
  [9,3,585] 89.2981718492
  [9,3,586] 89.8967419743
  [9,3,587] 89.2981718492
  [9,3,588] 107.3272019258
  [9,3,589] 106.7286318007
  [9,3,590] 89.8967419743
  [9,3,591] 89.2981718492
  [9,3,592] 107.3272019258
  [9,3,593] 89.8967419743
  [9,3,594] 89.2981718492
  [9,3,595] 89.8967419743
  [9,3,596] 106.7286318007
  [9,3,597] 89.8967419743
  [9,3,598] 89.2981718492
  [9,3,599] 89.8967419743
  [9,3,600] 106.7286318007
  [9,3,601] 89.8967419743
  [9,3,602] 89.2981718492
  [9,3,603] 89.8967419743
  [9,3,604] 106.7286318007
  [9,3,605] 107.3272019258
  [9,3,606] 89.2981718492
  [9,3,607] 89.8967419743
  [9,3,608] 106.7286318007
  [9,3,609] 89.8967419743
  [9,3,610] 89.2981718492
  [9,3,611] 89.8967419743
  [9,3,612] 106.7286318007
  [9,3,613] 89.8967419743
  [9,3,614] 89.2981718492
  [9,3,615] 89.8967419743
  [9,3,616] 106.7286318007
  [9,3,617] 89.8967419743
  [9,3,618] 89.2981718492
  [9,3,619] 89.8967419743
  [9,3,620] 106.7286318007
  [9,3,621] 107.3272019258
  [9,3,622] 89.2981718492
  [9,3,623] 89.8967419743
  [9,3,624] 106.7286318007
  [9,3,625] 89.8967419743
  [9,3,626] 89.2981718492
  [9,3,627] 89.8967419743
  [9,3,628] 106.7286318007
  [9,3,629] 89.8967419743
  [9,3,630] 89.2981718492
  [9,3,631] 89.8967419743
  [9,3,632] 106.7286318007
  [9,3,633] 89.8967419743
  [9,3,634] 89.2981718492
  [9,3,635] 89.8967419743
  [9,3,636] 106.7286318007
  [9,3,637] 107.3272019258
  [9,3,638] 89.2981718492
  [9,3,639] 89.8967419743
  [9,3,640] 106.7286318007
  [9,3,641] 89.8967419743
  [9,3,642] 89.2981718492
  [9,3,643] 89.8967419743
  [9,3,644] 106.7286318007
  [9,3,645] 89.8967419743
  [9,3,646] 89.2981718492
  [9,3,647] 89.8967419743
  [9,3,648] 106.7286318007
  [9,3,649] 89.8967419743
  [9,3,650] 89.2981718492
  [9,3,651] 89.8967419743
  [9,3,652] 106.7286318007
  [9,3,653] 107.3272019258
  [9,3,654] 89.2981718492
  [9,3,655] 89.8967419743
  [9,3,656] 106.7286318007
  [9,3,657] 89.8967419743
  [9,3,658] 89.2981718492
  [9,3,659] 89.8967419743
  [9,3,660] 106.7286318007
  [9,3,661] 89.8967419743
  [9,3,662] 89.2981718492
  [9,3,663] 89.8967419743
  [9,3,664] 106.7286318007
  [9,3,665] 89.2981718492
  [9,3,666] 89.8967419743
  [9,3,667] 89.2981718492
  [9,3,668] 107.3272019258
  [9,3,669] 107.3272019258
  [9,3,670] 89.8967419743
  [9,3,671] 89.2981718492
  [9,3,672] 107.3272019258
  [9,3,673] 89.2981718492
  [9,3,674] 89.8967419743
  [9,3,675] 89.2981718492
  [9,3,676] 106.7286318007
  [9,3,677] 89.2981718492
  [9,3,678] 89.2981718492
  [9,3,679] 89.8967419743
  [9,3,680] 107.3272019258
  [9,3,681] 89.2981718492
  [9,3,682] 89.2981718492
  [9,3,683] 89.8967419743
  [9,3,684] 106.7286318007
  [9,3,685] 89.8967419743
  [9,3,686] 89.2981718492
  [9,3,687] 89.8967419743
  [9,3,688] 106.7286318007
  [9,3,689] 107.3272019258
  [9,3,690] 89.8967419743
  [9,3,691] 89.2981718492
  [9,3,692] 106.7286318007
  [9,3,693] 89.2981718492
  [9,3,694] 89.8967419743
  [9,3,695] 89.2981718492
  [9,3,696] 107.3272019258
  [9,3,697] 89.2981718492
  [9,3,698] 89.2981718492
  [9,3,699] 89.2981718492
  [9,3,700] 107.3272019258
  [9,3,701] 89.8967419743
  [9,3,702] 89.8967419743
  [9,3,703] 89.2981718492
  [9,3,704] 106.7286318007
  [9,3,705] 89.8967419743
  [9,3,706] 89.2981718492
  [9,3,707] 106.7286318007
  [9,3,708] 89.8967419743
  [9,3,709] 89.8967419743
  [9,3,710] 106.7286318007
  [9,3,711] 89.2981718492
  [9,3,712] 89.8967419743
  [9,3,713] 89.8967419743
  [9,3,714] 107.3272019258
  [9,3,715] 89.8967419743
  [9,3,716] 89.8967419743
  [9,3,717] 89.8967419743
  [9,3,718] 106.7286318007
  [9,3,719] 89.2981718492
  [9,3,720] 89.8967419743
;

param BASE_H2ST :=
  [3,1,0] 24090.0000000000
  [3,1,1] 24439.1588998360
  [3,1,2] 24788.3177996721
  [3,1,3] 25137.4766995081
  [3,1,4] 25201.6787142838
  [3,1,5] 24888.5588493750
  [3,1,6] 24349.5256320075
  [3,1,7] 23984.8029537184
  [3,1,8] 23987.2721808001
  [3,1,9] 24218.5875985154
  [3,1,10] 24567.7464983514
  [3,1,11] 24916.9053981874
  [3,1,12] 25266.0642980234
  [3,1,13] 25615.2231978594
  [3,1,14] 25964.3820976954
  [3,1,15] 26313.5409975314
  [3,1,16] 26662.6998973674
  [3,1,17] 27011.8587972034
  [3,1,18] 27011.8587969984
  [3,1,19] 27361.0176968344
  [3,1,20] 27710.1765966704
  [3,1,21] 28059.3354965064
  [3,1,22] 28408.4943963424
  [3,1,23] 28757.6532961784
  [3,1,24] 29106.8121960144
  [3,1,25] 29455.9710958504
  [3,1,26] 29805.1299956864
  [3,1,27] 30154.2888955224
  [3,1,28] 30503.4477953584
  [3,1,29] 30852.6066951944
  [3,1,30] 31201.7655950304
  [3,1,31] 31433.0810127458
  [3,1,32] 31367.6441733639
  [3,1,33] 31080.3257151452
  [3,1,34] 31026.5331531595
  [3,1,35] 31375.6920529955
  [3,1,36] 31724.8509528315
  [3,1,37] 32074.0098526675
  [3,1,38] 32423.1687525035
  [3,1,39] 32772.3276523395
  [3,1,40] 33121.4865521755
  [3,1,41] 33470.6454520115
  [3,1,42] 33819.8043518475
  [3,1,43] 34168.9632516835
  [3,1,44] 34518.1221515195
  [3,1,45] 34867.2810513555
  [3,1,46] 35216.4399511915
  [3,1,47] 35565.5988510275
  [3,1,48] 35914.7577508635
  [3,1,49] 36263.9166506995
  [3,1,50] 36613.0755505355
  [3,1,51] 36962.2344503715
  [3,1,52] 37311.3933502075
  [3,1,53] 37311.3933500025
  [3,1,54] 37619.7000755701
  [3,1,55] 37886.5499430635
  [3,1,56] 38076.4085027046
  [3,1,57] 38263.7749771114
  [3,1,58] 38263.7749769064
  [3,1,59] 38263.7749767014
  [3,1,60] 38612.9338765374
  [3,1,61] 38962.0927763734
  [3,1,62] 39311.2516762094
  [3,1,63] 39660.4105760454
  [3,1,64] 40009.5694758814
  [3,1,65] 40358.7283757174
  [3,1,66] 40707.8872755534
  [3,1,67] 41057.0461753894
  [3,1,68] 41406.2050752255
  [3,1,69] 41755.3639750615
  [3,1,70] 42104.5228748975
  [3,1,71] 42453.6817747335
  [3,1,72] 42802.8406745695
  [3,1,73] 43151.9995744055
  [3,1,74] 43501.1584742415
  [3,1,75] 43850.3173740775
  [3,1,76] 44199.4762739135
  [3,1,77] 44548.6351737495
  [3,1,78] 44897.7940735855
  [3,1,79] 45246.9529734215
  [3,1,80] 45596.1118732575
  [3,1,81] 45800.1021315326
  [3,1,82] 46149.2610313686
  [3,1,83] 46149.2610311636
  [3,1,84] 46498.4199309996
  [3,1,85] 46847.5788308356
  [3,1,86] 47196.7377306716
  [3,1,87] 47196.7377304666
  [3,1,88] 47545.8966303026
  [3,1,89] 47895.0555301386
  [3,1,90] 47913.1501448067
  [3,1,91] 47913.1501446017
  [3,1,92] 47913.1501443967
  [3,1,93] 47913.1501441917
  [3,1,94] 47913.1501439867
  [3,1,95] 47913.1501437817
  [3,1,96] 47913.1501435767
  [3,1,97] 47913.1501433717
  [3,1,98] 47913.1501431667
  [3,1,99] 47913.1501429617
  [3,1,100] 47913.1501427567
  [3,1,101] 47913.1501425517
  [3,1,102] 47913.1501423467
  [3,1,103] 47913.1501421417
  [3,1,104] 47913.1501419367
  [3,1,105] 47913.1501417317
  [3,1,106] 47913.1501415267
  [3,1,107] 47913.1501413217
  [3,1,108] 47913.1501411167
  [3,1,109] 47913.1501409117
  [3,1,110] 47913.1501407067
  [3,1,111] 47913.1501405017
  [3,1,112] 47913.1501402967
  [3,1,113] 47913.1501400917
  [3,1,114] 47913.1501398867
  [3,1,115] 47913.1501396817
  [3,1,116] 47913.1501394767
  [3,1,117] 47913.1501392717
  [3,1,118] 47913.1501390667
  [3,1,119] 47913.1501388617
  [3,1,120] 47913.1501386567
  [3,1,121] 47913.1501384517
  [3,1,122] 47913.1501382467
  [3,1,123] 47913.1501380417
  [3,1,124] 47913.1501378367
  [3,1,125] 47913.1501376317
  [3,1,126] 47913.1501374267
  [3,1,127] 47913.1501372217
  [3,1,128] 47913.1501370167
  [3,1,129] 47913.1501368117
  [3,1,130] 47913.1501366067
  [3,1,131] 47913.1501364017
  [3,1,132] 47913.1501361967
  [3,1,133] 47913.1501359917
  [3,1,134] 47913.1501357867
  [3,1,135] 47913.1501355817
  [3,1,136] 47913.1501353767
  [3,1,137] 47913.1501351717
  [3,1,138] 47913.1501349667
  [3,1,139] 47913.1501347617
  [3,1,140] 47913.1501345567
  [3,1,141] 47913.1501343517
  [3,1,142] 47913.1501341467
  [3,1,143] 47913.1501339417
  [3,1,144] 47913.1501337367
  [3,1,145] 47913.1501335317
  [3,1,146] 47913.1501333267
  [3,1,147] 47913.1501331217
  [3,1,148] 47913.1501329167
  [3,1,149] 47913.1501327117
  [3,1,150] 47913.1501325067
  [3,1,151] 48180.0000000000
  [3,1,152] 48071.3502092323
  [3,1,153] 47693.7268275982
  [3,1,154] 47693.7268273932
  [3,1,155] 47693.7268271882
  [3,1,156] 47693.7268269832
  [3,1,157] 47693.7268267782
  [3,1,158] 47693.7268265732
  [3,1,159] 47816.6667966800
  [3,1,160] 47816.6667964750
  [3,1,161] 47816.6667962700
  [3,1,162] 47816.6667960650
  [3,1,163] 47816.6667958600
  [3,1,164] 47816.6667956550
  [3,1,165] 47816.6667954500
  [3,1,166] 47816.6667952450
  [3,1,167] 47816.6667950400
  [3,1,168] 47816.6667948350
  [3,1,169] 47816.6667946300
  [3,1,170] 47816.6667944250
  [3,1,171] 47816.6667942200
  [3,1,172] 47816.6667940150
  [3,1,173] 47816.6667938100
  [3,1,174] 48053.9046198217
  [3,1,175] 48074.8936832115
  [3,1,176] 48034.1499589073
  [3,1,177] 47963.7317174089
  [3,1,178] 47963.7317172039
  [3,1,179] 47963.7317169989
  [3,1,180] 47963.7317167939
  [3,1,181] 47963.7317165889
  [3,1,182] 47963.7317163839
  [3,1,183] 47963.7317161789
  [3,1,184] 47963.7317159739
  [3,1,185] 47963.7317157689
  [3,1,186] 47963.7317155639
  [3,1,187] 47963.7317153589
  [3,1,188] 47963.7317151539
  [3,1,189] 47963.7317149489
  [3,1,190] 47963.7317147439
  [3,1,191] 47963.7317145389
  [3,1,192] 47963.7317143339
  [3,1,193] 47963.7317141289
  [3,1,194] 47963.7317139239
  [3,1,195] 47963.7317137189
  [3,1,196] 47963.7317135139
  [3,1,197] 47963.7317133089
  [3,1,198] 47963.7317131039
  [3,1,199] 47963.7317128989
  [3,1,200] 47963.7317126939
  [3,1,201] 47972.3742185449
  [3,1,202] 47972.3742183399
  [3,1,203] 47972.3742181349
  [3,1,204] 47972.3742179299
  [3,1,205] 47972.3742177249
  [3,1,206] 47972.3742175199
  [3,1,207] 47972.3742173149
  [3,1,208] 47972.3742171099
  [3,1,209] 47972.3742169049
  [3,1,210] 47972.3742166999
  [3,1,211] 47972.3742164949
  [3,1,212] 47972.3742162899
  [3,1,213] 47972.3742160849
  [3,1,214] 47972.3742158799
  [3,1,215] 47972.3742156749
  [3,1,216] 47972.3742154699
  [3,1,217] 48180.0000000000
  [3,1,218] 48133.0829969264
  [3,1,219] 47884.4666487428
  [3,1,220] 47532.6446737989
  [3,1,221] 47155.0212921648
  [3,1,222] 46816.1000205659
  [3,1,223] 46515.8808590021
  [3,1,224] 46299.5162691812
  [3,1,225] 45928.3432392197
  [3,1,226] 45324.3810487658
  [3,1,227] 45082.6633099093
  [3,1,228] 45203.0969207858
  [3,1,229] 45528.7046588893
  [3,1,230] 45758.0296637654
  [3,1,231] 45789.8407490262
  [3,1,232] 45618.8236256553
  [3,1,233] 45350.8910447296
  [3,1,234] 45074.1762859428
  [3,1,235] 44869.6917902310
  [3,1,236] 44735.7381006205
  [3,1,237] 44913.7518436689
  [3,1,238] 45262.9107435049
  [3,1,239] 45612.0696433409
  [3,1,240] 45961.2285431769
  [3,1,241] 45961.2285429719
  [3,1,242] 46310.3874428079
  [3,1,243] 46595.0045351902
  [3,1,244] 46696.0269703864
  [3,1,245] 46642.9366885434
  [3,1,246] 46503.4205039287
  [3,1,247] 46351.5577617751
  [3,1,248] 46199.6950196216
  [3,1,249] 46041.3835948534
  [3,1,250] 46160.9359364939
  [3,1,251] 46510.0948363299
  [3,1,252] 46859.2537361659
  [3,1,253] 47208.4126360019
  [3,1,254] 47259.3039146230
  [3,1,255] 47259.3039144180
  [3,1,256] 47259.3039142130
  [3,1,257] 47259.3039140080
  [3,1,258] 47259.3039138030
  [3,1,259] 47259.3039135980
  [3,1,260] 47259.3039133930
  [3,1,261] 47259.3039131880
  [3,1,262] 47259.3039129830
  [3,1,263] 47259.3039127780
  [3,1,264] 47259.3039125730
  [3,1,265] 47259.3039123680
  [3,1,266] 47259.3039121630
  [3,1,267] 47259.3039119580
  [3,1,268] 47259.3039117530
  [3,1,269] 47259.3039115480
  [3,1,270] 47259.3039113430
  [3,1,271] 47259.3039111380
  [3,1,272] 47259.3039109330
  [3,1,273] 47259.3039107280
  [3,1,274] 47259.3039105230
  [3,1,275] 47259.3039103180
  [3,1,276] 47259.3039101130
  [3,1,277] 47259.3039099080
  [3,1,278] 47259.3039097030
  [3,1,279] 47259.3039094980
  [3,1,280] 47259.3039092930
  [3,1,281] 47259.3039090880
  [3,1,282] 47259.3039088830
  [3,1,283] 47259.3039086780
  [3,1,284] 47259.3039084730
  [3,1,285] 47259.3039082680
  [3,1,286] 47259.3039080630
  [3,1,287] 47259.3039078580
  [3,1,288] 47259.3039076530
  [3,1,289] 47259.3039074480
  [3,1,290] 47259.3039072430
  [3,1,291] 47259.3039070380
  [3,1,292] 47259.3039068330
  [3,1,293] 47259.3039066280
  [3,1,294] 47543.9209990103
  [3,1,295] 47798.9260499110
  [3,1,296] 48030.2414676264
  [3,1,297] 48150.1745687323
  [3,1,298] 48150.1745685273
  [3,1,299] 48150.1745683223
  [3,1,300] 48150.1745681173
  [3,1,301] 48150.1745679123
  [3,1,302] 48180.0000000000
  [3,1,303] 47960.3190632945
  [3,1,304] 47633.5684935213
  [3,1,305] 47265.0178974651
  [3,1,306] 46884.6194970461
  [3,1,307] 46653.8232900262
  [3,1,308] 46951.6931370551
  [3,1,309] 46951.6931368501
  [3,1,310] 46951.6931366452
  [3,1,311] 46951.6931364402
  [3,1,312] 46951.6931362352
  [3,1,313] 47200.7757788395
  [3,1,314] 47408.4015633696
  [3,1,315] 47574.5704898254
  [3,1,316] 47589.3862744458
  [3,1,317] 47244.0146511744
  [3,1,318] 46615.0486272795
  [3,1,319] 45986.0826033847
  [3,1,320] 45357.1165794898
  [3,1,321] 44728.1505555950
  [3,1,322] 44099.1845317001
  [3,1,323] 43470.2185078052
  [3,1,324] 42841.2524839104
  [3,1,325] 42212.2864600155
  [3,1,326] 41583.3204361206
  [3,1,327] 40954.3544122257
  [3,1,328] 40325.3883883308
  [3,1,329] 39696.4223644360
  [3,1,330] 39076.4380155179
  [3,1,331] 38447.4719916231
  [3,1,332] 37818.5059677281
  [3,1,333] 37189.5399438333
  [3,1,334] 36560.5739199384
  [3,1,335] 35931.6078960435
  [3,1,336] 35302.6418721487
  [3,1,337] 34673.6758482538
  [3,1,338] 34044.7098243589
  [3,1,339] 33415.7438004640
  [3,1,340] 32786.7777765692
  [3,1,341] 32157.8117526743
  [3,1,342] 31528.8457287794
  [3,1,343] 30899.8797048846
  [3,1,344] 30270.9136809897
  [3,1,345] 29641.9476570948
  [3,1,346] 29012.9816332000
  [3,1,347] 28384.0156093051
  [3,1,348] 28169.8239294705
  [3,1,349] 28155.0282142693
  [3,1,350] 28206.9466888788
  [3,1,351] 28266.3218152880
  [3,1,352] 28232.4251708910
  [3,1,353] 28155.2846723580
  [3,1,354] 28236.6625567840
  [3,1,355] 28523.5961781280
  [3,1,356] 28851.5466042403
  [3,1,357] 28982.1810809181
  [3,1,358] 28817.4193044774
  [3,1,359] 28446.2462745159
  [3,1,360] 28052.5913241875
  [3,1,361] 27540.5869184162
  [3,1,362] 27117.3662185497
  [3,1,363] 26488.4001946549
  [3,1,364] 25859.4341707600
  [3,1,365] 25230.4681468651
  [3,1,366] 24601.5021229703
  [3,1,367] 23972.5360990754
  [3,1,368] 23343.5700751805
  [3,1,369] 22714.6040512856
  [3,1,370] 22085.6380273908
  [3,1,371] 21586.2791683876
  [3,1,372] 21410.6617058675
  [3,1,373] 21572.8155092273
  [3,1,374] 21921.9744090633
  [3,1,375] 22271.1333088993
  [3,1,376] 22620.2922087352
  [3,1,377] 22969.4511085713
  [3,1,378] 23318.6100084072
  [3,1,379] 23667.7689082433
  [3,1,380] 23784.5065364001
  [3,1,381] 23725.2429757876
  [3,1,382] 23647.4595788670
  [3,1,383] 23443.9956923911
  [3,1,384] 23098.6240691197
  [3,1,385] 22566.3480546512
  [3,1,386] 21937.3820307564
  [3,1,387] 21308.4160068615
  [3,1,388] 20679.4499829666
  [3,1,389] 20050.4839590717
  [3,1,390] 19421.5179351769
  [3,1,391] 18792.5519112820
  [3,1,392] 18233.2470852173
  [3,1,393] 17761.7858968404
  [3,1,394] 17290.0242556845
  [3,1,395] 17368.2246102846
  [3,1,396] 17368.2246100796
  [3,1,397] 17717.3835099156
  [3,1,398] 18066.5424097515
  [3,1,399] 18415.7013095876
  [3,1,400] 18762.9751332439
  [3,1,401] 18992.2693285754
  [3,1,402] 19093.2929263959
  [3,1,403] 19109.7901841794
  [3,1,404] 19113.5736870415
  [3,1,405] 19097.5230778148
  [3,1,406] 19192.5914864376
  [3,1,407] 19382.4500460787
  [3,1,408] 19631.5326886830
  [3,1,409] 19922.0721893616
  [3,1,410] 20236.3013232256
  [3,1,411] 20544.6080487932
  [3,1,412] 20817.3803245828
  [3,1,413] 21025.0061091129
  [3,1,414] 20959.5692697311
  [3,1,415] 20614.1976464596
  [3,1,416] 20220.5426961312
  [3,1,417] 19591.5766722363
  [3,1,418] 18962.6106483414
  [3,1,419] 18599.1023177662
  [3,1,420] 18658.0187504153
  [3,1,421] 18797.8612117235
  [3,1,422] 18854.3642001894
  [3,1,423] 18759.4691628635
  [3,1,424] 18449.7365556547
  [3,1,425] 18056.0816053263
  [3,1,426] 17427.1155814314
  [3,1,427] 16798.1495575366
  [3,1,428] 16404.4946072081
  [3,1,429] 16226.8321274224
  [3,1,430] 16387.0786455818
  [3,1,431] 16488.1010807781
  [3,1,432] 16367.1047324715
  [3,1,433] 16008.8324058550
  [3,1,434] 15615.1774555266
  [3,1,435] 15221.5225051981
  [3,1,436] 14592.5564813033
  [3,1,437] 13963.5904574084
  [3,1,438] 13334.6244335135
  [3,1,439] 12940.9694831851
  [3,1,440] 12320.8498310288
  [3,1,441] 11788.5738165603
  [3,1,442] 11363.1760850487
  [3,1,443] 11513.0746654301
  [3,1,444] 11851.1131827845
  [3,1,445] 12103.0721579615
  [3,1,446] 12259.8918409319
  [3,1,447] 12336.7803434966
  [3,1,448] 12309.5786890017
  [3,1,449] 12203.4992799124
  [3,1,450] 12029.7033389630
  [3,1,451] 11818.1302942400
  [3,1,452] 11653.0817088763
  [3,1,453] 11667.8974934968
  [3,1,454] 11940.6697692864
  [3,1,455] 11940.6697690814
  [3,1,456] 12289.8286689174
  [3,1,457] 12621.8250276703
  [3,1,458] 12965.6662030159
  [3,1,459] 12965.6662028109
  [3,1,460] 13273.9729283785
  [3,1,461] 13475.6763046123
  [3,1,462] 13653.6900476607
  [3,1,463] 13979.7639981173
  [3,1,464] 13979.7639979123
  [3,1,465] 13979.7639977073
  [3,1,466] 13979.7639975023
  [3,1,467] 13979.7639972973
  [3,1,468] 13979.7639970923
  [3,1,469] 13979.7639968873
  [3,1,470] 13979.7639966823
  [3,1,471] 13979.7639964773
  [3,1,472] 13979.7639962723
  [3,1,473] 13979.7639960673
  [3,1,474] 13979.7639958623
  [3,1,475] 13979.7639956573
  [3,1,476] 13979.7639954523
  [3,1,477] 13979.7639952473
  [3,1,478] 13979.7639950423
  [3,1,479] 13979.7639948373
  [3,1,480] 13979.7639946323
  [3,1,481] 13979.7639944273
  [3,1,482] 13979.7639942223
  [3,1,483] 13979.7639940173
  [3,1,484] 14163.7001453621
  [3,1,485] 14209.3823238295
  [3,1,486] 14218.0248296805
  [3,1,487] 14269.8802869174
  [3,1,488] 14436.0492133732
  [3,1,489] 14732.5111223482
  [3,1,490] 14732.5111221432
  [3,1,491] 14732.5111219382
  [3,1,492] 14732.5111217332
  [3,1,493] 14732.5111215282
  [3,1,494] 14732.5111213232
  [3,1,495] 14732.5111211182
  [3,1,496] 14732.5111209132
  [3,1,497] 14732.5111207082
  [3,1,498] 14732.5111205032
  [3,1,499] 14732.5111202982
  [3,1,500] 14732.5111200932
  [3,1,501] 14732.5111198882
  [3,1,502] 14732.5111196832
  [3,1,503] 14732.5111194782
  [3,1,504] 14732.5111192732
  [3,1,505] 14732.5111190682
  [3,1,506] 14732.5111188632
  [3,1,507] 14732.5111186582
  [3,1,508] 15011.2058027442
  [3,1,509] 15112.2282379404
  [3,1,510] 15127.0440225608
  [3,1,511] 15123.3399708730
  [3,1,512] 15169.0221493404
  [3,1,513] 15228.2427619996
  [3,1,514] 15228.2427617946
  [3,1,515] 15228.2427615896
  [3,1,516] 15228.2427613846
  [3,1,517] 15228.2427611796
  [3,1,518] 15228.2427609746
  [3,1,519] 15228.2427607696
  [3,1,520] 15228.2427605646
  [3,1,521] 15228.2427603596
  [3,1,522] 15228.2427601546
  [3,1,523] 15228.2427599496
  [3,1,524] 15228.2427597446
  [3,1,525] 15228.2427595396
  [3,1,526] 15228.2427593346
  [3,1,527] 15228.2427591296
  [3,1,528] 15228.2427589246
  [3,1,529] 15228.2427587196
  [3,1,530] 15228.2427585146
  [3,1,531] 15228.2427583096
  [3,1,532] 15228.2427581046
  [3,1,533] 15228.2427578996
  [3,1,534] 15228.2427576946
  [3,1,535] 15228.2427574896
  [3,1,536] 15228.2427572846
  [3,1,537] 15228.2427570796
  [3,1,538] 15228.2427568746
  [3,1,539] 15228.2427566696
  [3,1,540] 15228.2427564646
  [3,1,541] 15228.2427562596
  [3,1,542] 15228.2427560546
  [3,1,543] 15228.2427558496
  [3,1,544] 15228.2427556446
  [3,1,545] 15228.2427554396
  [3,1,546] 15504.9173797661
  [3,1,547] 15853.1875724663
  [3,1,548] 15853.1875722613
  [3,1,549] 15853.1875720563
  [3,1,550] 15853.1875718513
  [3,1,551] 15853.1875716463
  [3,1,552] 15853.1875714413
  [3,1,553] 15853.1875712363
  [3,1,554] 15853.1875710313
  [3,1,555] 15853.1875708263
  [3,1,556] 16114.1150300233
  [3,1,557] 15999.2919604862
  [3,1,558] 15634.5692821972
  [3,1,559] 15256.9459005632
  [3,1,560] 14982.5281456895
  [3,1,561] 14830.6654035360
  [3,1,562] 14830.6654033310
  [3,1,563] 14830.6654031260
  [3,1,564] 14830.6654029210
  [3,1,565] 14830.6654027160
  [3,1,566] 14830.6654025110
  [3,1,567] 14830.6654023060
  [3,1,568] 15179.8243021420
  [3,1,569] 15179.8243019370
  [3,1,570] 15179.8243017320
  [3,1,571] 15179.8243015270
  [3,1,572] 15179.8243013220
  [3,1,573] 15179.8243011170
  [3,1,574] 15179.8243009120
  [3,1,575] 15179.8243007070
  [3,1,576] 15179.8243005020
  [3,1,577] 15179.8243002970
  [3,1,578] 15179.8243000920
  [3,1,579] 15179.8242998870
  [3,1,580] 15179.8242996820
  [3,1,581] 15482.2086169533
  [3,1,582] 15472.3312864960
  [3,1,583] 15262.4170483477
  [3,1,584] 15013.8007001642
  [3,1,585] 14758.7340003081
  [3,1,586] 15037.9280315404
  [3,1,587] 15037.9280313354
  [3,1,588] 15037.9280311304
  [3,1,589] 15037.9280309254
  [3,1,590] 15037.9280307204
  [3,1,591] 15037.9280305154
  [3,1,592] 15037.9280303104
  [3,1,593] 15037.9280301054
  [3,1,594] 15037.9280299004
  [3,1,595] 15037.9280296954
  [3,1,596] 15037.9280294904
  [3,1,597] 15037.9280292854
  [3,1,598] 15037.9280290804
  [3,1,599] 15037.9280288754
  [3,1,600] 15037.9280286704
  [3,1,601] 15037.9280284654
  [3,1,602] 15340.3123457367
  [3,1,603] 15348.9548515877
  [3,1,604] 15190.6434268195
  [3,1,605] 14967.8284853261
  [3,1,606] 14908.5649247137
  [3,1,607] 15056.9666262805
  [3,1,608] 15323.8164937738
  [3,1,609] 15566.9767280819
  [3,1,610] 15566.9767278769
  [3,1,611] 15566.9767276719
  [3,1,612] 15566.9767274669
  [3,1,613] 15566.9767272619
  [3,1,614] 15566.9767270568
  [3,1,615] 15566.9767268518
  [3,1,616] 15566.9767266468
  [3,1,617] 15566.9767264418
  [3,1,618] 15566.9767262368
  [3,1,619] 15566.9767260318
  [3,1,620] 15566.9767258268
  [3,1,621] 15566.9767256218
  [3,1,622] 15566.9767254168
  [3,1,623] 15566.9767252119
  [3,1,624] 15566.9767250069
  [3,1,625] 15566.9767248019
  [3,1,626] 15566.9767245969
  [3,1,627] 15910.8178999424
  [3,1,628] 16053.2971932129
  [3,1,629] 16092.8060929110
  [3,1,630] 16181.7012227643
  [3,1,631] 16341.9477409237
  [3,1,632] 16567.3407503428
  [3,1,633] 16792.7337597618
  [3,1,634] 16792.7337595568
  [3,1,635] 16792.7337593518
  [3,1,636] 16792.7337591468
  [3,1,637] 16792.7337589418
  [3,1,638] 16792.7337587368
  [3,1,639] 16792.7337585318
  [3,1,640] 16792.7337583268
  [3,1,641] 16792.7337581218
  [3,1,642] 16792.7337579168
  [3,1,643] 16792.7337577118
  [3,1,644] 16792.7337575068
  [3,1,645] 16792.7337573018
  [3,1,646] 16792.7337570968
  [3,1,647] 16792.7337568918
  [3,1,648] 16792.7337566868
  [3,1,649] 16792.7337564818
  [3,1,650] 16792.7337562768
  [3,1,651] 17029.9715822885
  [3,1,652] 17075.6537607560
  [3,1,653] 17004.0436426047
  [3,1,654] 16870.7007367594
  [3,1,655] 16718.8379946059
  [3,1,656] 16579.3218099911
  [3,1,657] 16439.8056253764
  [3,1,658] 16766.0562947299
  [3,1,659] 16766.0562945249
  [3,1,660] 16766.0562943199
  [3,1,661] 16766.0562941149
  [3,1,662] 16766.0562939099
  [3,1,663] 16766.0562937049
  [3,1,664] 16766.0562934999
  [3,1,665] 16766.0562932949
  [3,1,666] 16766.0562930899
  [3,1,667] 16766.0562928849
  [3,1,668] 16766.0562926799
  [3,1,669] 16766.0562924749
  [3,1,670] 16766.0562922699
  [3,1,671] 16766.0562920649
  [3,1,672] 16766.0562918599
  [3,1,673] 16766.0562916549
  [3,1,674] 16766.0562914499
  [3,1,675] 17115.2151912859
  [3,1,676] 17136.2042546758
  [3,1,677] 17101.6338091409
  [3,1,678] 17122.6228725308
  [3,1,679] 17306.5590238755
  [3,1,680] 17502.3399918130
  [3,1,681] 17638.8968767871
  [3,1,682] 17918.0909080194
  [3,1,683] 18267.2498078554
  [3,1,684] 18267.2498076504
  [3,1,685] 18267.2498074454
  [3,1,686] 18267.2498072405
  [3,1,687] 18267.2498070355
  [3,1,688] 18267.2498068305
  [3,1,689] 18267.2498066255
  [3,1,690] 18267.2498064205
  [3,1,691] 18267.2498062155
  [3,1,692] 18267.2498060105
  [3,1,693] 18267.2498058055
  [3,1,694] 18267.2498056005
  [3,1,695] 18267.2498053955
  [3,1,696] 18267.2498051905
  [3,1,697] 18267.2498049855
  [3,1,698] 18267.2498047805
  [3,1,699] 18267.2498045755
  [3,1,700] 18551.8668969578
  [3,1,701] 18492.6033363454
  [3,1,702] 18231.0862848168
  [3,1,703] 18008.2713433234
  [3,1,704] 17849.9599185552
  [3,1,705] 17778.3498004040
  [3,1,706] 17778.3498001990
  [3,1,707] 17778.3497999940
  [3,1,708] 17778.3497997890
  [3,1,709] 17778.3497995840
  [3,1,710] 17778.3497993790
  [3,1,711] 17778.3497991740
  [3,1,712] 17778.3497989690
  [3,1,713] 18003.2754334106
  [3,1,714] 18104.6216594805
  [3,1,715] 18195.3206616243
  [3,1,716] 18408.3706699288
  [3,1,717] 18408.3706697238
  [3,1,718] 18408.3706695188
  [3,1,719] 18408.3706693138
  [3,1,720] 18408.3706691088
  [3,1,721] 18408.3706689038
  [3,1,722] 18408.3706686988
  [3,1,723] 18408.3706684938
  [3,1,724] 18408.3706682888
  [3,1,725] 18408.3706680838
  [3,1,726] 18408.3706678788
  [3,1,727] 18408.3706676738
  [3,1,728] 18565.6037035038
  [3,1,729] 18856.1432041824
  [3,1,730] 19205.3021040184
  [3,1,731] 19554.4610038544
  [3,1,732] 19903.6199036904
  [3,1,733] 20252.7788035264
  [3,1,734] 20601.9377033624
  [3,1,735] 20951.0966031984
  [3,1,736] 21296.7288013120
  [3,1,737] 21645.8877011480
  [3,1,738] 21995.0466009840
  [3,1,739] 22344.2055008200
  [3,1,740] 22693.3644006560
  [3,1,741] 23042.5233004920
  [3,1,742] 23391.6822003280
  [3,1,743] 23740.8411001640
  [3,1,744] 24090.0000000000
  [3,2,0] 24090.0000000000
  [3,2,1] 24089.9999997950
  [3,2,2] 24089.9999995900
  [3,2,3] 24439.1588994260
  [3,2,4] 24503.3609142017
  [3,2,5] 24190.2410492929
  [3,2,6] 23651.2078319254
  [3,2,7] 23286.4851536363
  [3,2,8] 23288.9543807180
  [3,2,9] 23520.2697984333
  [3,2,10] 23520.2697982283
  [3,2,11] 23520.2697980233
  [3,2,12] 23520.2697978183
  [3,2,13] 23520.2697976133
  [3,2,14] 23520.2697974083
  [3,2,15] 23520.2697972033
  [3,2,16] 23520.2697969983
  [3,2,17] 23520.2697967933
  [3,2,18] 23520.2697965883
  [3,2,19] 23869.4286964243
  [3,2,20] 23869.4286962193
  [3,2,21] 24218.5875960553
  [3,2,22] 24567.7464958913
  [3,2,23] 24567.7464956863
  [3,2,24] 24567.7464954813
  [3,2,25] 24567.7464952763
  [3,2,26] 24567.7464950713
  [3,2,27] 24567.7464948663
  [3,2,28] 24567.7464946613
  [3,2,29] 24567.7464944563
  [3,2,30] 24567.7464942513
  [3,2,31] 24799.0619119667
  [3,2,32] 24733.6250725849
  [3,2,33] 24446.3066143662
  [3,2,34] 24392.5140523804
  [3,2,35] 24741.6729522164
  [3,2,36] 24741.6729520114
  [3,2,37] 24741.6729518064
  [3,2,38] 24741.6729516014
  [3,2,39] 25090.8318514374
  [3,2,40] 25439.9907512734
  [3,2,41] 25789.1496511094
  [3,2,42] 25789.1496509044
  [3,2,43] 25789.1496506994
  [3,2,44] 25789.1496504944
  [3,2,45] 25789.1496502894
  [3,2,46] 25789.1496500844
  [3,2,47] 25789.1496498794
  [3,2,48] 25789.1496496744
  [3,2,49] 26138.3085495104
  [3,2,50] 26138.3085493054
  [3,2,51] 26138.3085491004
  [3,2,52] 26138.3085488954
  [3,2,53] 26487.4674487314
  [3,2,54] 26795.7741742990
  [3,2,55] 27062.6240417924
  [3,2,56] 27252.4826014335
  [3,2,57] 27439.8490758403
  [3,2,58] 27439.8490756353
  [3,2,59] 27439.8490754303
  [3,2,60] 27789.0079752663
  [3,2,61] 27789.0079750613
  [3,2,62] 27789.0079748563
  [3,2,63] 27789.0079746513
  [3,2,64] 27789.0079744463
  [3,2,65] 28138.1668742823
  [3,2,66] 28138.1668740773
  [3,2,67] 28138.1668738723
  [3,2,68] 28138.1668736673
  [3,2,69] 28138.1668734623
  [3,2,70] 28138.1668732573
  [3,2,71] 28138.1668730523
  [3,2,72] 28138.1668728473
  [3,2,73] 28138.1668726423
  [3,2,74] 28138.1668724373
  [3,2,75] 28138.1668722323
  [3,2,76] 28487.3257720683
  [3,2,77] 28487.3257718633
  [3,2,78] 28836.4846716993
  [3,2,79] 28836.4846714943
  [3,2,80] 28836.4846712893
  [3,2,81] 29040.4749295645
  [3,2,82] 29040.4749293595
  [3,2,83] 29040.4749291545
  [3,2,84] 29040.4749289495
  [3,2,85] 29040.4749287445
  [3,2,86] 29389.6338285805
  [3,2,87] 29389.6338283755
  [3,2,88] 29738.7927282115
  [3,2,89] 29738.7927280065
  [3,2,90] 29738.7927278015
  [3,2,91] 29738.7927275965
  [3,2,92] 29738.7927273915
  [3,2,93] 29738.7927271865
  [3,2,94] 29738.7927269815
  [3,2,95] 30087.9516268175
  [3,2,96] 30087.9516266125
  [3,2,97] 30087.9516264075
  [3,2,98] 30437.1105262435
  [3,2,99] 30437.1105260385
  [3,2,100] 30437.1105258335
  [3,2,101] 30437.1105256285
  [3,2,102] 30437.1105254235
  [3,2,103] 30786.2694252595
  [3,2,104] 30786.2694250545
  [3,2,105] 30786.2694248495
  [3,2,106] 30786.2694246445
  [3,2,107] 30786.2694244395
  [3,2,108] 30786.2694242345
  [3,2,109] 30786.2694240295
  [3,2,110] 30786.2694238245
  [3,2,111] 30786.2694236195
  [3,2,112] 30786.2694234145
  [3,2,113] 31135.4283232505
  [3,2,114] 31135.4283230455
  [3,2,115] 31484.5872228815
  [3,2,116] 31484.5872226765
  [3,2,117] 31484.5872224715
  [3,2,118] 31484.5872222665
  [3,2,119] 31833.7461221025
  [3,2,120] 31833.7461218975
  [3,2,121] 31833.7461216925
  [3,2,122] 31833.7461214875
  [3,2,123] 32182.9050213235
  [3,2,124] 32182.9050211185
  [3,2,125] 32182.9050209135
  [3,2,126] 32182.9050207085
  [3,2,127] 32532.0639205445
  [3,2,128] 32532.0639203395
  [3,2,129] 32532.0639201345
  [3,2,130] 32532.0639199295
  [3,2,131] 32532.0639197245
  [3,2,132] 32881.2228195605
  [3,2,133] 32881.2228193555
  [3,2,134] 32881.2228191505
  [3,2,135] 32881.2228189455
  [3,2,136] 32881.2228187405
  [3,2,137] 33230.3817185765
  [3,2,138] 33230.3817183715
  [3,2,139] 33230.3817181665
  [3,2,140] 33579.5406180025
  [3,2,141] 33579.5406177975
  [3,2,142] 33579.5406175925
  [3,2,143] 33579.5406173875
  [3,2,144] 33579.5406171825
  [3,2,145] 33579.5406169775
  [3,2,146] 33579.5406167725
  [3,2,147] 33579.5406165675
  [3,2,148] 33579.5406163625
  [3,2,149] 33579.5406161575
  [3,2,150] 33579.5406159525
  [3,2,151] 33846.3904834458
  [3,2,152] 33737.7406926781
  [3,2,153] 33360.1173110440
  [3,2,154] 33360.1173108390
  [3,2,155] 33360.1173106340
  [3,2,156] 33360.1173104290
  [3,2,157] 33709.2762102650
  [3,2,158] 33709.2762100600
  [3,2,159] 33709.2762098550
  [3,2,160] 33709.2762096500
  [3,2,161] 34058.4351094860
  [3,2,162] 34058.4351092810
  [3,2,163] 34058.4351090760
  [3,2,164] 34058.4351088710
  [3,2,165] 34407.5940087070
  [3,2,166] 34407.5940085020
  [3,2,167] 34407.5940082970
  [3,2,168] 34407.5940080920
  [3,2,169] 34756.7529079280
  [3,2,170] 34756.7529077230
  [3,2,171] 34756.7529075180
  [3,2,172] 35105.9118073540
  [3,2,173] 35105.9118071490
  [3,2,174] 35343.1496331607
  [3,2,175] 35364.1386965506
  [3,2,176] 35323.3949722463
  [3,2,177] 35252.9767307479
  [3,2,178] 35252.9767305429
  [3,2,179] 35252.9767303379
  [3,2,180] 35252.9767301329
  [3,2,181] 35602.1356299690
  [3,2,182] 35602.1356297640
  [3,2,183] 35602.1356295590
  [3,2,184] 35602.1356293540
  [3,2,185] 35951.2945291900
  [3,2,186] 35951.2945289850
  [3,2,187] 35951.2945287800
  [3,2,188] 35951.2945285750
  [3,2,189] 35951.2945283700
  [3,2,190] 35951.2945281650
  [3,2,191] 36300.4534280009
  [3,2,192] 36300.4534277959
  [3,2,193] 36300.4534275909
  [3,2,194] 36300.4534273860
  [3,2,195] 36300.4534271810
  [3,2,196] 36649.6123270170
  [3,2,197] 36649.6123268120
  [3,2,198] 36998.7712266480
  [3,2,199] 36998.7712264430
  [3,2,200] 37347.9301262790
  [3,2,201] 37356.5726321300
  [3,2,202] 37356.5726319250
  [3,2,203] 37705.7315317610
  [3,2,204] 37705.7315315560
  [3,2,205] 38054.8904313920
  [3,2,206] 38054.8904311870
  [3,2,207] 38054.8904309820
  [3,2,208] 38054.8904307770
  [3,2,209] 38054.8904305720
  [3,2,210] 38404.0493304080
  [3,2,211] 38404.0493302030
  [3,2,212] 38753.2082300390
  [3,2,213] 38753.2082298340
  [3,2,214] 38753.2082296290
  [3,2,215] 39102.3671294650
  [3,2,216] 39102.3671292600
  [3,2,217] 39309.9929137900
  [3,2,218] 39263.0759107164
  [3,2,219] 39014.4595625329
  [3,2,220] 38662.6375875889
  [3,2,221] 38285.0142059548
  [3,2,222] 37946.0929343559
  [3,2,223] 37645.8737727922
  [3,2,224] 37429.5091829713
  [3,2,225] 37058.3361530097
  [3,2,226] 36664.6812026813
  [3,2,227] 36422.9634638248
  [3,2,228] 36543.3970747013
  [3,2,229] 36869.0048128048
  [3,2,230] 37098.3298176809
  [3,2,231] 37130.1409029417
  [3,2,232] 36959.1237795708
  [3,2,233] 36691.1911986451
  [3,2,234] 36414.4764398583
  [3,2,235] 36209.9919441465
  [3,2,236] 36076.0382545360
  [3,2,237] 36254.0519975844
  [3,2,238] 36254.0519973794
  [3,2,239] 36603.2108972154
  [3,2,240] 36603.2108970104
  [3,2,241] 36603.2108968054
  [3,2,242] 36952.3697966414
  [3,2,243] 37236.9868890237
  [3,2,244] 37338.0093242199
  [3,2,245] 37284.9190423769
  [3,2,246] 37145.4028577622
  [3,2,247] 36993.5401156086
  [3,2,248] 36841.6773734551
  [3,2,249] 36683.3659486869
  [3,2,250] 36802.9182903273
  [3,2,251] 37152.0771901633
  [3,2,252] 37152.0771899583
  [3,2,253] 37501.2360897944
  [3,2,254] 37501.2360895894
  [3,2,255] 37850.3949894254
  [3,2,256] 37850.3949892204
  [3,2,257] 37850.3949890154
  [3,2,258] 37850.3949888104
  [3,2,259] 37850.3949886054
  [3,2,260] 38199.5538884413
  [3,2,261] 38199.5538882363
  [3,2,262] 38548.7127880724
  [3,2,263] 38548.7127878674
  [3,2,264] 38897.8716877034
  [3,2,265] 39247.0305875394
  [3,2,266] 39247.0305873344
  [3,2,267] 39247.0305871294
  [3,2,268] 39596.1894869654
  [3,2,269] 39945.3483868014
  [3,2,270] 39945.3483865964
  [3,2,271] 39945.3483863914
  [3,2,272] 40294.5072862274
  [3,2,273] 40294.5072860224
  [3,2,274] 40643.6661858584
  [3,2,275] 40643.6661856534
  [3,2,276] 40643.6661854484
  [3,2,277] 40992.8250852844
  [3,2,278] 41341.9839851204
  [3,2,279] 41341.9839849154
  [3,2,280] 41341.9839847104
  [3,2,281] 41341.9839845054
  [3,2,282] 41691.1428843414
  [3,2,283] 41691.1428841364
  [3,2,284] 42040.3017839724
  [3,2,285] 42040.3017837674
  [3,2,286] 42389.4606836034
  [3,2,287] 42389.4606833984
  [3,2,288] 42738.6195832344
  [3,2,289] 43087.7784830704
  [3,2,290] 43087.7784828654
  [3,2,291] 43087.7784826604
  [3,2,292] 43087.7784824554
  [3,2,293] 43436.9373822914
  [3,2,294] 43721.5544746737
  [3,2,295] 43976.5595255743
  [3,2,296] 44207.8749432897
  [3,2,297] 44327.8080443956
  [3,2,298] 44327.8080441906
  [3,2,299] 44676.9669440342
  [3,2,300] 45026.1258438703
  [3,2,301] 45026.1258436653
  [3,2,302] 45055.9512757530
  [3,2,303] 44836.2703390475
  [3,2,304] 44509.5197692743
  [3,2,305] 44140.9691732181
  [3,2,306] 43760.5707727991
  [3,2,307] 43529.7745657792
  [3,2,308] 43827.6444128081
  [3,2,309] 43827.6444126031
  [3,2,310] 44176.8033124391
  [3,2,311] 44176.8033122341
  [3,2,312] 44176.8033120291
  [3,2,313] 44425.8859546335
  [3,2,314] 44633.5117391636
  [3,2,315] 44799.6806656194
  [3,2,316] 44814.4964502398
  [3,2,317] 44469.1248269683
  [3,2,318] 43840.1588030734
  [3,2,319] 43211.1927791785
  [3,2,320] 42582.2267552836
  [3,2,321] 41953.2607313887
  [3,2,322] 41324.2947074938
  [3,2,323] 40695.3286835989
  [3,2,324] 40066.3626597040
  [3,2,325] 39437.3966358091
  [3,2,326] 39043.7416854806
  [3,2,327] 38414.7756615857
  [3,2,328] 37785.8096376908
  [3,2,329] 37156.8436137959
  [3,2,330] 36536.8592648779
  [3,2,331] 35907.8932409830
  [3,2,332] 35278.9272170881
  [3,2,333] 34649.9611931932
  [3,2,334] 34256.3062428647
  [3,2,335] 33627.3402189698
  [3,2,336] 32998.3741950749
  [3,2,337] 32369.4081711800
  [3,2,338] 31740.4421472851
  [3,2,339] 31111.4761233902
  [3,2,340] 30482.5100994953
  [3,2,341] 29853.5440756003
  [3,2,342] 29224.5780517054
  [3,2,343] 28595.6120278105
  [3,2,344] 27966.6460039156
  [3,2,345] 27337.6799800207
  [3,2,346] 26929.6171234886
  [3,2,347] 26300.6510995937
  [3,2,348] 26086.4594197591
  [3,2,349] 26071.6637045580
  [3,2,350] 26123.5821791674
  [3,2,351] 26182.9573055767
  [3,2,352] 26149.0606611796
  [3,2,353] 26071.9201626467
  [3,2,354] 26153.2980470727
  [3,2,355] 26440.2316684166
  [3,2,356] 26768.1820945289
  [3,2,357] 26898.8165712068
  [3,2,358] 26734.0547947661
  [3,2,359] 26362.8817648046
  [3,2,360] 25969.2268144761
  [3,2,361] 25457.2224087048
  [3,2,362] 24877.6459739429
  [3,2,363] 24248.6799500480
  [3,2,364] 23619.7139261531
  [3,2,365] 22990.7479022582
  [3,2,366] 22361.7818783633
  [3,2,367] 21732.8158544684
  [3,2,368] 21103.8498305735
  [3,2,369] 20474.8838066786
  [3,2,370] 20081.2288563501
  [3,2,371] 19581.8699973470
  [3,2,372] 19406.2525348269
  [3,2,373] 19568.4063381866
  [3,2,374] 19568.4063379816
  [3,2,375] 19917.5652378176
  [3,2,376] 20266.7241376536
  [3,2,377] 20615.8830374896
  [3,2,378] 20615.8830372846
  [3,2,379] 20965.0419371206
  [3,2,380] 21081.7795652775
  [3,2,381] 21022.5160046650
  [3,2,382] 20944.7326077444
  [3,2,383] 20741.2687212685
  [3,2,384] 20395.8970979971
  [3,2,385] 19863.6210835286
  [3,2,386] 19234.6550596337
  [3,2,387] 18605.6890357388
  [3,2,388] 17976.7230118439
  [3,2,389] 17347.7569879490
  [3,2,390] 16718.7909640541
  [3,2,391] 16089.8249401592
  [3,2,392] 15530.5201140945
  [3,2,393] 15136.8651637660
  [3,2,394] 14743.2102134376
  [3,2,395] 14821.4105680376
  [3,2,396] 15170.5694678736
  [3,2,397] 15170.5694676686
  [3,2,398] 15170.5694674636
  [3,2,399] 15519.7283672996
  [3,2,400] 15867.0021909559
  [3,2,401] 16096.2963862875
  [3,2,402] 16197.3199841080
  [3,2,403] 16213.8172418915
  [3,2,404] 16217.6007447535
  [3,2,405] 16201.5501355269
  [3,2,406] 16296.6185441496
  [3,2,407] 16486.4771037907
  [3,2,408] 16735.5597463951
  [3,2,409] 17026.0992470737
  [3,2,410] 17340.3283809377
  [3,2,411] 17648.6351065053
  [3,2,412] 17921.4073822949
  [3,2,413] 18129.0331668250
  [3,2,414] 18063.5963274431
  [3,2,415] 17718.2247041717
  [3,2,416] 17165.6770810061
  [3,2,417] 16536.7110571112
  [3,2,418] 15907.7450332162
  [3,2,419] 15544.2367026410
  [3,2,420] 15603.1531352901
  [3,2,421] 15742.9955965983
  [3,2,422] 15799.4985850642
  [3,2,423] 15704.6035477383
  [3,2,424] 15394.8709405296
  [3,2,425] 14878.0851570885
  [3,2,426] 14249.1191331936
  [3,2,427] 13620.1531092987
  [3,2,428] 13010.1360989326
  [3,2,429] 12832.4736191469
  [3,2,430] 12992.7201373064
  [3,2,431] 13093.7425725026
  [3,2,432] 12972.7462241961
  [3,2,433] 12614.4738975796
  [3,2,434] 12021.3830570195
  [3,2,435] 11392.4170331246
  [3,2,436] 10763.4510092297
  [3,2,437] 10134.4849853348
  [3,2,438] 9505.5189614399
  [3,2,439] 8876.5529375450
  [3,2,440] 8256.4332853887
  [3,2,441] 7724.1572709202
  [3,2,442] 7330.5023205918
  [3,2,443] 7480.4009009732
  [3,2,444] 7818.4394183276
  [3,2,445] 8070.3983935046
  [3,2,446] 8227.2180764749
  [3,2,447] 8304.1065790397
  [3,2,448] 8276.9049245448
  [3,2,449] 8170.8255154555
  [3,2,450] 7997.0295745061
  [3,2,451] 7785.4565297831
  [3,2,452] 7620.4079444194
  [3,2,453] 7635.2237290398
  [3,2,454] 7907.9960048295
  [3,2,455] 7907.9960046245
  [3,2,456] 8257.1549044605
  [3,2,457] 8589.1512632134
  [3,2,458] 8932.9924385590
  [3,2,459] 8932.9924383540
  [3,2,460] 9241.2991639216
  [3,2,461] 9443.0025401553
  [3,2,462] 9621.0162832038
  [3,2,463] 9947.0902336604
  [3,2,464] 10296.2491334964
  [3,2,465] 10296.2491332914
  [3,2,466] 10296.2491330864
  [3,2,467] 10296.2491328814
  [3,2,468] 10296.2491326764
  [3,2,469] 10296.2491324714
  [3,2,470] 10296.2491322664
  [3,2,471] 10645.4080321024
  [3,2,472] 10645.4080318974
  [3,2,473] 10645.4080316924
  [3,2,474] 10645.4080314874
  [3,2,475] 10645.4080312824
  [3,2,476] 10645.4080310774
  [3,2,477] 10645.4080308724
  [3,2,478] 10645.4080306674
  [3,2,479] 10994.5669305034
  [3,2,480] 10994.5669302984
  [3,2,481] 10994.5669300934
  [3,2,482] 11343.7258299294
  [3,2,483] 11343.7258297244
  [3,2,484] 11527.6619810692
  [3,2,485] 11573.3441595366
  [3,2,486] 11581.9866653876
  [3,2,487] 11633.8421226245
  [3,2,488] 11800.0110490803
  [3,2,489] 12096.4729580553
  [3,2,490] 12096.4729578503
  [3,2,491] 12096.4729576453
  [3,2,492] 12096.4729574402
  [3,2,493] 12096.4729572352
  [3,2,494] 12096.4729570302
  [3,2,495] 12096.4729568252
  [3,2,496] 12096.4729566202
  [3,2,497] 12445.6318564562
  [3,2,498] 12445.6318562512
  [3,2,499] 12445.6318560462
  [3,2,500] 12445.6318558412
  [3,2,501] 12445.6318556362
  [3,2,502] 12794.7907554722
  [3,2,503] 12794.7907552672
  [3,2,504] 12794.7907550622
  [3,2,505] 12794.7907548572
  [3,2,506] 13143.9496546932
  [3,2,507] 13143.9496544882
  [3,2,508] 13422.6443385742
  [3,2,509] 13523.6667737704
  [3,2,510] 13538.4825583909
  [3,2,511] 13534.7785067031
  [3,2,512] 13580.4606851705
  [3,2,513] 13639.6812978297
  [3,2,514] 13639.6812976247
  [3,2,515] 13639.6812974197
  [3,2,516] 13639.6812972147
  [3,2,517] 13639.6812970097
  [3,2,518] 13988.8401968457
  [3,2,519] 13988.8401966407
  [3,2,520] 13988.8401964357
  [3,2,521] 13988.8401962307
  [3,2,522] 14337.9990960667
  [3,2,523] 14337.9990958617
  [3,2,524] 14337.9990956567
  [3,2,525] 14337.9990954517
  [3,2,526] 14337.9990952467
  [3,2,527] 14337.9990950417
  [3,2,528] 14337.9990948367
  [3,2,529] 14337.9990946317
  [3,2,530] 14337.9990944267
  [3,2,531] 14337.9990942217
  [3,2,532] 14337.9990940167
  [3,2,533] 14337.9990938117
  [3,2,534] 14337.9990936067
  [3,2,535] 14337.9990934017
  [3,2,536] 14337.9990931967
  [3,2,537] 14687.1579930327
  [3,2,538] 14687.1579928277
  [3,2,539] 14687.1579926227
  [3,2,540] 14687.1579924177
  [3,2,541] 15036.3168922537
  [3,2,542] 15036.3168920487
  [3,2,543] 15036.3168918437
  [3,2,544] 15036.3168916387
  [3,2,545] 15036.3168914337
  [3,2,546] 15312.9915157602
  [3,2,547] 15661.2617084604
  [3,2,548] 15661.2617082554
  [3,2,549] 15661.2617080504
  [3,2,550] 16010.4206078864
  [3,2,551] 16010.4206076814
  [3,2,552] 16010.4206074764
  [3,2,553] 16010.4206072714
  [3,2,554] 16010.4206070664
  [3,2,555] 16010.4206068614
  [3,2,556] 16271.3480660584
  [3,2,557] 16156.5249965213
  [3,2,558] 15791.8023182323
  [3,2,559] 15414.1789365982
  [3,2,560] 15139.7611817246
  [3,2,561] 14987.8984395711
  [3,2,562] 14987.8984393661
  [3,2,563] 14987.8984391611
  [3,2,564] 14987.8984389561
  [3,2,565] 14987.8984387510
  [3,2,566] 14987.8984385460
  [3,2,567] 15337.0573383821
  [3,2,568] 15337.0573381771
  [3,2,569] 15337.0573379720
  [3,2,570] 15337.0573377670
  [3,2,571] 15337.0573375620
  [3,2,572] 15337.0573373570
  [3,2,573] 15337.0573371520
  [3,2,574] 15686.2162369880
  [3,2,575] 15686.2162367830
  [3,2,576] 15686.2162365780
  [3,2,577] 15686.2162363730
  [3,2,578] 15686.2162361680
  [3,2,579] 16035.3751360040
  [3,2,580] 16035.3751357990
  [3,2,581] 16337.7594530703
  [3,2,582] 16327.8821226131
  [3,2,583] 16117.9678844648
  [3,2,584] 15869.3515362812
  [3,2,585] 15614.2848364252
  [3,2,586] 15893.4788676575
  [3,2,587] 15893.4788674525
  [3,2,588] 15893.4788672475
  [3,2,589] 15893.4788670425
  [3,2,590] 15893.4788668375
  [3,2,591] 15893.4788666325
  [3,2,592] 16242.6377664685
  [3,2,593] 16242.6377662635
  [3,2,594] 16242.6377660585
  [3,2,595] 16242.6377658535
  [3,2,596] 16242.6377656485
  [3,2,597] 16242.6377654435
  [3,2,598] 16242.6377652385
  [3,2,599] 16242.6377650335
  [3,2,600] 16591.7966648695
  [3,2,601] 16591.7966646645
  [3,2,602] 16894.1809819358
  [3,2,603] 16902.8234877868
  [3,2,604] 16744.5120630186
  [3,2,605] 16521.6971215252
  [3,2,606] 16462.4335609127
  [3,2,607] 16610.8352624796
  [3,2,608] 16877.6851299729
  [3,2,609] 17120.8453642809
  [3,2,610] 17120.8453640759
  [3,2,611] 17120.8453638709
  [3,2,612] 17120.8453636659
  [3,2,613] 17120.8453634609
  [3,2,614] 17470.0042632969
  [3,2,615] 17470.0042630919
  [3,2,616] 17470.0042628869
  [3,2,617] 17819.1631627229
  [3,2,618] 17819.1631625179
  [3,2,619] 17819.1631623129
  [3,2,620] 17819.1631621079
  [3,2,621] 17819.1631619029
  [3,2,622] 17819.1631616979
  [3,2,623] 17819.1631614929
  [3,2,624] 17819.1631612879
  [3,2,625] 17819.1631610829
  [3,2,626] 17819.1631608779
  [3,2,627] 18163.0043362235
  [3,2,628] 18305.4836294940
  [3,2,629] 18344.9925291920
  [3,2,630] 18433.8876590453
  [3,2,631] 18594.1341772048
  [3,2,632] 18819.5271866239
  [3,2,633] 19044.9201960429
  [3,2,634] 19044.9201958379
  [3,2,635] 19044.9201956329
  [3,2,636] 19044.9201954279
  [3,2,637] 19044.9201952229
  [3,2,638] 19044.9201950179
  [3,2,639] 19044.9201948129
  [3,2,640] 19044.9201946079
  [3,2,641] 19044.9201944029
  [3,2,642] 19394.0790942389
  [3,2,643] 19394.0790940339
  [3,2,644] 19394.0790938289
  [3,2,645] 19743.2379936649
  [3,2,646] 19743.2379934599
  [3,2,647] 19743.2379932549
  [3,2,648] 19743.2379930499
  [3,2,649] 19743.2379928449
  [3,2,650] 19743.2379926399
  [3,2,651] 19980.4758186516
  [3,2,652] 20026.1579971191
  [3,2,653] 19954.5478789678
  [3,2,654] 19821.2049731225
  [3,2,655] 19669.3422309689
  [3,2,656] 19529.8260463542
  [3,2,657] 19390.3098617395
  [3,2,658] 19716.5605310930
  [3,2,659] 19716.5605308880
  [3,2,660] 19716.5605306830
  [3,2,661] 19716.5605304780
  [3,2,662] 19716.5605302730
  [3,2,663] 19716.5605300680
  [3,2,664] 19716.5605298630
  [3,2,665] 20065.7194296990
  [3,2,666] 20065.7194294940
  [3,2,667] 20065.7194292890
  [3,2,668] 20065.7194290840
  [3,2,669] 20065.7194288790
  [3,2,670] 20065.7194286740
  [3,2,671] 20065.7194284690
  [3,2,672] 20414.8783283050
  [3,2,673] 20414.8783281000
  [3,2,674] 20414.8783278950
  [3,2,675] 20414.8783276900
  [3,2,676] 20435.8673910798
  [3,2,677] 20401.2969455450
  [3,2,678] 20422.2860089349
  [3,2,679] 20606.2221602796
  [3,2,680] 20802.0031282170
  [3,2,681] 20938.5600131912
  [3,2,682] 21217.7540444235
  [3,2,683] 21566.9129442595
  [3,2,684] 21566.9129440545
  [3,2,685] 21566.9129438495
  [3,2,686] 21566.9129436445
  [3,2,687] 21566.9129434395
  [3,2,688] 21566.9129432345
  [3,2,689] 21566.9129430295
  [3,2,690] 21566.9129428245
  [3,2,691] 21566.9129426195
  [3,2,692] 21566.9129424145
  [3,2,693] 21916.0718422505
  [3,2,694] 21916.0718420455
  [3,2,695] 21916.0718418405
  [3,2,696] 21916.0718416355
  [3,2,697] 21916.0718414305
  [3,2,698] 22265.2307412665
  [3,2,699] 22265.2307410615
  [3,2,700] 22549.8478334438
  [3,2,701] 22490.5842728314
  [3,2,702] 22229.0672213028
  [3,2,703] 22006.2522798094
  [3,2,704] 21847.9408550412
  [3,2,705] 21776.3307368899
  [3,2,706] 21776.3307366849
  [3,2,707] 21776.3307364799
  [3,2,708] 21776.3307362749
  [3,2,709] 21776.3307360699
  [3,2,710] 22125.4896359059
  [3,2,711] 22125.4896357009
  [3,2,712] 22125.4896354959
  [3,2,713] 22350.4152699375
  [3,2,714] 22451.7614960074
  [3,2,715] 22542.4604981513
  [3,2,716] 22755.5105064557
  [3,2,717] 22755.5105062507
  [3,2,718] 22755.5105060457
  [3,2,719] 22755.5105058407
  [3,2,720] 23104.6694056767
  [3,2,721] 23104.6694054717
  [3,2,722] 23104.6694052667
  [3,2,723] 23104.6694050617
  [3,2,724] 23104.6694048567
  [3,2,725] 23104.6694046517
  [3,2,726] 23104.6694044467
  [3,2,727] 23104.6694042417
  [3,2,728] 23104.6694040367
  [3,2,729] 23395.2089047154
  [3,2,730] 23395.2089045104
  [3,2,731] 23395.2089043054
  [3,2,732] 23395.2089041004
  [3,2,733] 23395.2089038954
  [3,2,734] 23395.2089036904
  [3,2,735] 23744.3678035264
  [3,2,736] 24090.0000016400
  [3,2,737] 24090.0000014350
  [3,2,738] 24090.0000012300
  [3,2,739] 24090.0000010250
  [3,2,740] 24090.0000008200
  [3,2,741] 24090.0000006150
  [3,2,742] 24090.0000004100
  [3,2,743] 24090.0000002050
  [3,2,744] 24090.0000000000
  [3,3,0] 24090.0000000000
  [3,3,1] 24439.1588998360
  [3,3,2] 24439.1588996310
  [3,3,3] 24439.1588994260
  [3,3,4] 24565.0465055969
  [3,3,5] 24317.4692734172
  [3,3,6] 23841.3362162008
  [3,3,7] 23540.8840512233
  [3,3,8] 23613.4520768379
  [3,3,9] 23917.1226323842
  [3,3,10] 23917.1226321792
  [3,3,11] 23917.1226319742
  [3,3,12] 23917.1226317692
  [3,3,13] 23917.1226315642
  [3,3,14] 24266.2815314002
  [3,3,15] 24266.2815311952
  [3,3,16] 24266.2815309902
  [3,3,17] 24266.2815307852
  [3,3,18] 24266.2815305802
  [3,3,19] 24266.2815303752
  [3,3,20] 24266.2815301702
  [3,3,21] 24615.4404300062
  [3,3,22] 24615.4404298012
  [3,3,23] 24615.4404295962
  [3,3,24] 24615.4404293912
  [3,3,25] 24615.4404291862
  [3,3,26] 24964.5993290222
  [3,3,27] 24964.5993288172
  [3,3,28] 24964.5993286122
  [3,3,29] 24964.5993284072
  [3,3,30] 24964.5993282022
  [3,3,31] 25268.2698837485
  [3,3,32] 25271.3314156765
  [3,3,33] 25050.1916498957
  [3,3,34] 25065.1718944730
  [3,3,35] 25065.1718942680
  [3,3,36] 25065.1718940630
  [3,3,37] 25065.1718938580
  [3,3,38] 25065.1718936530
  [3,3,39] 25065.1718934480
  [3,3,40] 25065.1718932430
  [3,3,41] 25414.3307930790
  [3,3,42] 25414.3307928740
  [3,3,43] 25414.3307926690
  [3,3,44] 25414.3307924640
  [3,3,45] 25763.4896923000
  [3,3,46] 25763.4896920950
  [3,3,47] 25763.4896918900
  [3,3,48] 25763.4896916850
  [3,3,49] 25763.4896914800
  [3,3,50] 25763.4896912750
  [3,3,51] 25763.4896910700
  [3,3,52] 25763.4896908650
  [3,3,53] 26112.6485907010
  [3,3,54] 26461.8074905370
  [3,3,55] 26801.8151780972
  [3,3,56] 27063.0924129606
  [3,3,57] 27321.8212692587
  [3,3,58] 27321.8212690537
  [3,3,59] 27321.8212688487
  [3,3,60] 27670.9801686847
  [3,3,61] 28020.1390685207
  [3,3,62] 28020.1390683157
  [3,3,63] 28369.2979681517
  [3,3,64] 28718.4568679877
  [3,3,65] 28718.4568677827
  [3,3,66] 28718.4568675777
  [3,3,67] 28718.4568673727
  [3,3,68] 28718.4568671677
  [3,3,69] 29067.6157670037
  [3,3,70] 29067.6157667987
  [3,3,71] 29067.6157665937
  [3,3,72] 29067.6157663887
  [3,3,73] 29067.6157661837
  [3,3,74] 29067.6157659787
  [3,3,75] 29067.6157657737
  [3,3,76] 29067.6157655687
  [3,3,77] 29067.6157653637
  [3,3,78] 29416.7746651997
  [3,3,79] 29765.9335650357
  [3,3,80] 29765.9335648307
  [3,3,81] 30041.6617171011
  [3,3,82] 30041.6617168961
  [3,3,83] 30041.6617166911
  [3,3,84] 30041.6617164861
  [3,3,85] 30041.6617162811
  [3,3,86] 30390.8206161171
  [3,3,87] 30390.8206159121
  [3,3,88] 30390.8206157071
  [3,3,89] 30390.8206155021
  [3,3,90] 30390.8206152971
  [3,3,91] 30739.9795151331
  [3,3,92] 30739.9795149281
  [3,3,93] 30739.9795147231
  [3,3,94] 31089.1384145591
  [3,3,95] 31089.1384143541
  [3,3,96] 31089.1384141491
  [3,3,97] 31089.1384139441
  [3,3,98] 31089.1384137391
  [3,3,99] 31438.2973135751
  [3,3,100] 31438.2973133701
  [3,3,101] 31438.2973131651
  [3,3,102] 31438.2973129601
  [3,3,103] 31787.4562127961
  [3,3,104] 31787.4562125911
  [3,3,105] 32136.6151124271
  [3,3,106] 32485.7740122631
  [3,3,107] 32485.7740120581
  [3,3,108] 32485.7740118531
  [3,3,109] 32485.7740116481
  [3,3,110] 32485.7740114431
  [3,3,111] 32485.7740112381
  [3,3,112] 32485.7740110331
  [3,3,113] 32485.7740108281
  [3,3,114] 32485.7740106231
  [3,3,115] 32485.7740104181
  [3,3,116] 32485.7740102131
  [3,3,117] 32485.7740100081
  [3,3,118] 32485.7740098031
  [3,3,119] 32485.7740095981
  [3,3,120] 32485.7740093931
  [3,3,121] 32485.7740091881
  [3,3,122] 32485.7740089831
  [3,3,123] 32834.9329088191
  [3,3,124] 32834.9329086141
  [3,3,125] 32834.9329084091
  [3,3,126] 32834.9329082041
  [3,3,127] 32834.9329079991
  [3,3,128] 32834.9329077941
  [3,3,129] 32834.9329075891
  [3,3,130] 32834.9329073841
  [3,3,131] 33184.0918072201
  [3,3,132] 33184.0918070151
  [3,3,133] 33184.0918068101
  [3,3,134] 33184.0918066051
  [3,3,135] 33184.0918064001
  [3,3,136] 33184.0918061951
  [3,3,137] 33184.0918059901
  [3,3,138] 33184.0918057851
  [3,3,139] 33184.0918055801
  [3,3,140] 33184.0918053751
  [3,3,141] 33533.2507052111
  [3,3,142] 33533.2507050061
  [3,3,143] 33533.2507048011
  [3,3,144] 33533.2507045961
  [3,3,145] 33882.4096044321
  [3,3,146] 33882.4096042271
  [3,3,147] 33882.4096040221
  [3,3,148] 33882.4096038171
  [3,3,149] 33882.4096036121
  [3,3,150] 33882.4096034071
  [3,3,151] 34222.4172909674
  [3,3,152] 34181.2474178221
  [3,3,153] 33867.5765196452
  [3,3,154] 33867.5765194402
  [3,3,155] 33867.5765192352
  [3,3,156] 33867.5765190302
  [3,3,157] 33867.5765188252
  [3,3,158] 34216.7354186613
  [3,3,159] 34216.7354184563
  [3,3,160] 34216.7354182512
  [3,3,161] 34216.7354180462
  [3,3,162] 34216.7354178412
  [3,3,163] 34565.8943176773
  [3,3,164] 34565.8943174723
  [3,3,165] 34565.8943172673
  [3,3,166] 34565.8943170623
  [3,3,167] 34565.8943168573
  [3,3,168] 34915.0532166933
  [3,3,169] 34915.0532164883
  [3,3,170] 34915.0532162833
  [3,3,171] 34915.0532160783
  [3,3,172] 35264.2121159143
  [3,3,173] 35264.2121157093
  [3,3,174] 35573.9388599246
  [3,3,175] 35665.4632019991
  [3,3,176] 35693.7998225404
  [3,3,177] 35691.7625494162
  [3,3,178] 35691.7625492112
  [3,3,179] 35691.7625490062
  [3,3,180] 36040.9214488422
  [3,3,181] 36040.9214486372
  [3,3,182] 36040.9214484322
  [3,3,183] 36040.9214482272
  [3,3,184] 36040.9214480222
  [3,3,185] 36390.0803478582
  [3,3,186] 36390.0803476532
  [3,3,187] 36390.0803474482
  [3,3,188] 36390.0803472432
  [3,3,189] 36739.2392470792
  [3,3,190] 36739.2392468742
  [3,3,191] 36739.2392466692
  [3,3,192] 36739.2392464642
  [3,3,193] 37088.3981463002
  [3,3,194] 37088.3981460952
  [3,3,195] 37088.3981458902
  [3,3,196] 37088.3981456852
  [3,3,197] 37437.5570455212
  [3,3,198] 37437.5570453162
  [3,3,199] 37437.5570451112
  [3,3,200] 37437.5570449062
  [3,3,201] 37516.4438426741
  [3,3,202] 37516.4438424691
  [3,3,203] 37865.6027423051
  [3,3,204] 37865.6027421001
  [3,3,205] 37865.6027418951
  [3,3,206] 38214.7616417311
  [3,3,207] 38214.7616415261
  [3,3,208] 38214.7616413211
  [3,3,209] 38214.7616411161
  [3,3,210] 38563.9205409521
  [3,3,211] 38563.9205407471
  [3,3,212] 38563.9205405421
  [3,3,213] 38563.9205403371
  [3,3,214] 38913.0794401731
  [3,3,215] 38913.0794399681
  [3,3,216] 38913.0794397631
  [3,3,217] 39192.5252406334
  [3,3,218] 39214.5430890214
  [3,3,219] 39033.0595228390
  [3,3,220] 38745.8260910610
  [3,3,221] 38432.1551928841
  [3,3,222] 38158.1404943055
  [3,3,223] 37923.7819953253
  [3,3,224] 37775.1929955735
  [3,3,225] 37468.1314639964
  [3,3,226] 36925.3906829703
  [3,3,227] 36750.9757915493
  [3,3,228] 36941.2598481286
  [3,3,229] 37290.4187479646
  [3,3,230] 37592.0539295412
  [3,3,231] 37694.3746395871
  [3,3,232] 37590.2080717856
  [3,3,233] 37388.9320865228
  [3,3,234] 37178.6574239823
  [3,3,235] 37041.7061785184
  [3,3,236] 36974.6360378896
  [3,3,237] 37223.8008954150
  [3,3,238] 37223.8008952100
  [3,3,239] 37572.9597950460
  [3,3,240] 37572.9597948410
  [3,3,241] 37572.9597946360
  [3,3,242] 37922.1186944720
  [3,3,243] 38271.2775943080
  [3,3,244] 38441.7119991367
  [3,3,245] 38457.4110753713
  [3,3,246] 38384.6473414595
  [3,3,247] 38299.2460632410
  [3,3,248] 38213.8447850224
  [3,3,249] 38122.1247346506
  [3,3,250] 38311.5076151381
  [3,3,251] 38660.6665149741
  [3,3,252] 38660.6665147691
  [3,3,253] 38660.6665145641
  [3,3,254] 38660.6665143591
  [3,3,255] 39009.8254141951
  [3,3,256] 39009.8254139901
  [3,3,257] 39009.8254137851
  [3,3,258] 39009.8254135801
  [3,3,259] 39358.9843134161
  [3,3,260] 39358.9843132111
  [3,3,261] 39358.9843130061
  [3,3,262] 39358.9843128011
  [3,3,263] 39708.1432126371
  [3,3,264] 40057.3021124731
  [3,3,265] 40057.3021122681
  [3,3,266] 40057.3021120631
  [3,3,267] 40406.4610118991
  [3,3,268] 40406.4610116941
  [3,3,269] 40406.4610114891
  [3,3,270] 40755.6199113251
  [3,3,271] 40755.6199111201
  [3,3,272] 41104.7788109561
  [3,3,273] 41104.7788107511
  [3,3,274] 41104.7788105461
  [3,3,275] 41104.7788103411
  [3,3,276] 41453.9377101772
  [3,3,277] 41803.0966100131
  [3,3,278] 41803.0966098081
  [3,3,279] 42152.2555096442
  [3,3,280] 42152.2555094392
  [3,3,281] 42152.2555092341
  [3,3,282] 42501.4144090702
  [3,3,283] 42501.4144088652
  [3,3,284] 42501.4144086602
  [3,3,285] 42501.4144084552
  [3,3,286] 42850.5733082911
  [3,3,287] 43199.7322081272
  [3,3,288] 43199.7322079222
  [3,3,289] 43342.3339607549
  [3,3,290] 43342.3339605499
  [3,3,291] 43691.4928603859
  [3,3,292] 44040.6517602219
  [3,3,293] 44389.8106600579
  [3,3,294] 44738.9695598939
  [3,3,295] 45066.8648701162
  [3,3,296] 45370.5354256625
  [3,3,297] 45560.3076665326
  [3,3,298] 45909.4665663686
  [3,3,299] 46258.6254662046
  [3,3,300] 46258.6254659996
  [3,3,301] 46607.7843658357
  [3,3,302] 46708.1570850817
  [3,3,303] 46556.3193879861
  [3,3,304] 46294.7754249932
  [3,3,305] 45990.4009759107
  [3,3,306] 45673.8866488168
  [3,3,307] 45510.6625282876
  [3,3,308] 45859.8214281236
  [3,3,309] 46208.9803279597
  [3,3,310] 46558.1392277956
  [3,3,311] 46907.2981276316
  [3,3,312] 47256.4570274677
  [3,3,313] 47578.2961490209
  [3,3,314] 47857.7419498913
  [3,3,315] 48094.7944300788
  [3,3,316] 48180.0000000000
  [3,3,317] 47899.3759348217
  [3,3,318] 47263.4669590893
  [3,3,319] 46378.1810454313
  [3,3,320] 45377.4418886005
  [3,3,321] 44369.0058488915
  [3,3,322] 43587.5641034229
  [3,3,323] 42986.5205567242
  [3,3,324] 42285.8240354487
  [3,3,325] 41524.1644297795
  [3,3,326] 40793.8712739066
  [3,3,327] 40087.5089107675
  [3,3,328] 39422.4384187719
  [3,3,329] 38796.5507592260
  [3,3,330] 38237.3735638369
  [3,3,331] 37631.5597351868
  [3,3,332] 36898.5928916541
  [3,3,333] 36073.1154531772
  [3,3,334] 35141.6482422501
  [3,3,335] 34102.4246710283
  [3,3,336] 33024.7166854155
  [3,3,337] 31628.0810852515
  [3,3,338] 30231.4454850875
  [3,3,339] 28834.8098849235
  [3,3,340] 27438.1742847595
  [3,3,341] 26041.5386845955
  [3,3,342] 24644.9030844315
  [3,3,343] 23248.2674842675
  [3,3,344] 21851.6318841035
  [3,3,345] 20454.9962839395
  [3,3,346] 19058.3606837755
  [3,3,347] 18396.5729019767
  [3,3,348] 18250.1124874262
  [3,3,349] 18305.0086662637
  [3,3,350] 18427.0553838470
  [3,3,351] 18556.4173210770
  [3,3,352] 18591.7623952238
  [3,3,353] 18582.8444332235
  [3,3,354] 18733.7917967343
  [3,3,355] 19082.9506965702
  [3,3,356] 19432.1095964063
  [3,3,357] 19632.8249445798
  [3,3,358] 19534.7861220547
  [3,3,359] 19227.7245904775
  [3,3,360] 18813.9787380371
  [3,3,361] 18365.5733273878
  [3,3,362] 17847.8488003206
  [3,3,363] 17211.9398245881
  [3,3,364] 16539.5753752510
  [3,3,365] 15808.8821681463
  [3,3,366] 15070.8978663206
  [3,3,367] 14303.7491856112
  [3,3,368] 13594.9292626693
  [3,3,369] 12915.2737186112
  [3,3,370] 12236.1599255055
  [3,3,371] 11800.7270145973
  [3,3,372] 11692.0539491058
  [3,3,373] 11925.0006091974
  [3,3,374] 12274.1595090334
  [3,3,375] 12623.3184088694
  [3,3,376] 12972.4773087054
  [3,3,377] 13321.6362085414
  [3,3,378] 13670.7951083774
  [3,3,379] 14019.9540082134
  [3,3,380] 14206.4585940862
  [3,3,381] 14215.8388981675
  [3,3,382] 14206.2628857889
  [3,3,383] 14070.3114303438
  [3,3,384] 13789.6873651655
  [3,3,385] 13320.4862195908
  [3,3,386] 12691.8511062552
  [3,3,387] 11931.9935202667
  [3,3,388] 11113.8071765107
  [3,3,389] 10310.2030221965
  [3,3,390] 9572.2187203709
  [3,3,391] 8950.5155186770
  [3,3,392] 8453.5867265352
  [3,3,393] 8046.7727857366
  [3,3,394] 7639.6506238962
  [3,3,395] 7787.4807265726
  [3,3,396] 8136.6396264086
  [3,3,397] 8485.7985262446
  [3,3,398] 8834.9574260806
  [3,3,399] 9184.1163259166
  [3,3,400] 9533.2752257526
  [3,3,401] 9834.8789018326
  [3,3,402] 10005.3144955479
  [3,3,403] 10092.2411680139
  [3,3,404] 10166.1544445904
  [3,3,405] 10219.7661537450
  [3,3,406] 10384.1443699047
  [3,3,407] 10645.4216047681
  [3,3,408] 10967.2607263214
  [3,3,409] 11316.4196261574
  [3,3,410] 11665.5785259934
  [3,3,411] 12014.7374258294
  [3,3,412] 12360.8013020586
  [3,3,413] 12640.2471029290
  [3,3,414] 12643.3086348570
  [3,3,415] 12362.6845696787
  [3,3,416] 11872.6876891787
  [3,3,417] 11278.7121340519
  [3,3,418] 10602.4137283267
  [3,3,419] 10303.2058473244
  [3,3,420] 10432.1177909519
  [3,3,421] 10642.2491215083
  [3,3,422] 10768.7933973434
  [3,3,423] 10741.7024531225
  [3,3,424] 10497.5959817701
  [3,3,425] 10044.2855700385
  [3,3,426] 9437.2027960398
  [3,3,427] 8781.0457890020
  [3,3,428] 8232.0936395643
  [3,3,429] 8121.4172727325
  [3,3,430] 8352.4135642509
  [3,3,431] 8522.8479690796
  [3,3,432] 8469.0405516277
  [3,3,433] 8175.1977532500
  [3,3,434] 7643.6094028993
  [3,3,435] 6912.9161957946
  [3,3,436] 6072.8565678757
  [3,3,437] 5232.7969399569
  [3,3,438] 4465.6482592474
  [3,3,439] 3807.8659993522
  [3,3,440] 3248.5500024343
  [3,3,441] 2779.3488568596
  [3,3,442] 2418.2024917477
  [3,3,443] 2638.6170975088
  [3,3,444] 2987.7759973448
  [3,3,445] 3312.5564245061
  [3,3,446] 3540.0484725809
  [3,3,447] 3686.5916054430
  [3,3,448] 3728.7894586948
  [3,3,449] 3690.2505466287
  [3,3,450] 3583.3618458296
  [3,3,451] 3439.4666493421
  [3,3,452] 3341.1468684556
  [3,3,453] 3426.3524383768
  [3,3,454] 3772.4163146060
  [3,3,455] 3891.8007539069
  [3,3,456] 3978.9734612074
  [3,3,457] 4328.1323610434
  [3,3,458] 4677.2912608794
  [3,3,459] 4677.2912606744
  [3,3,460] 5026.4501605104
  [3,3,461] 5299.8397727118
  [3,3,462] 5549.0046302372
  [3,3,463] 5898.1635300732
  [3,3,464] 6247.3224299092
  [3,3,465] 6247.3224297042
  [3,3,466] 6247.3224294992
  [3,3,467] 6247.3224292942
  [3,3,468] 6247.3224290892
  [3,3,469] 6247.3224288842
  [3,3,470] 6596.4813287202
  [3,3,471] 6596.4813285152
  [3,3,472] 6596.4813283102
  [3,3,473] 6596.4813281052
  [3,3,474] 6945.6402279412
  [3,3,475] 6945.6402277362
  [3,3,476] 6945.6402275312
  [3,3,477] 6945.6402273262
  [3,3,478] 6945.6402271212
  [3,3,479] 7294.7991269572
  [3,3,480] 7294.7991267522
  [3,3,481] 7294.7991265472
  [3,3,482] 7294.7991263422
  [3,3,483] 7294.7991261372
  [3,3,484] 7550.0201723316
  [3,3,485] 7665.9488791394
  [3,3,486] 7744.8356769073
  [3,3,487] 7866.8205723841
  [3,3,488] 8103.8730525715
  [3,3,489] 8453.0319524075
  [3,3,490] 8453.0319522025
  [3,3,491] 8453.0319519975
  [3,3,492] 8453.0319517925
  [3,3,493] 8453.0319515875
  [3,3,494] 8802.1908514235
  [3,3,495] 8802.1908512185
  [3,3,496] 8802.1908510135
  [3,3,497] 8802.1908508085
  [3,3,498] 8802.1908506035
  [3,3,499] 8802.1908503985
  [3,3,500] 8802.1908501935
  [3,3,501] 8802.1908499885
  [3,3,502] 8802.1908497835
  [3,3,503] 8802.1908495785
  [3,3,504] 8802.1908493735
  [3,3,505] 9151.3497492095
  [3,3,506] 9151.3497490045
  [3,3,507] 9500.5086488405
  [3,3,508] 9849.6675486765
  [3,3,509] 10020.1019535052
  [3,3,510] 10105.3075234264
  [3,3,511] 10171.5567768876
  [3,3,512] 10287.4854836954
  [3,3,513] 10416.6958378757
  [3,3,514] 10416.6958376707
  [3,3,515] 10765.8547375067
  [3,3,516] 10765.8547373017
  [3,3,517] 10765.8547370967
  [3,3,518] 10765.8547368917
  [3,3,519] 10765.8547366867
  [3,3,520] 10765.8547364817
  [3,3,521] 11115.0136363177
  [3,3,522] 11115.0136361127
  [3,3,523] 11115.0136359077
  [3,3,524] 11115.0136357027
  [3,3,525] 11115.0136354977
  [3,3,526] 11115.0136352927
  [3,3,527] 11115.0136350877
  [3,3,528] 11115.0136348827
  [3,3,529] 11115.0136346777
  [3,3,530] 11115.0136344727
  [3,3,531] 11115.0136342677
  [3,3,532] 11464.1725341037
  [3,3,533] 11464.1725338987
  [3,3,534] 11464.1725336937
  [3,3,535] 11464.1725334887
  [3,3,536] 11464.1725332837
  [3,3,537] 11464.1725330787
  [3,3,538] 11464.1725328737
  [3,3,539] 11464.1725326687
  [3,3,540] 11464.1725324637
  [3,3,541] 11464.1725322587
  [3,3,542] 11813.3314320947
  [3,3,543] 11813.3314318897
  [3,3,544] 11813.3314316847
  [3,3,545] 12162.4903315207
  [3,3,546] 12511.6492313567
  [3,3,547] 12860.8081311927
  [3,3,548] 12860.8081309877
  [3,3,549] 13209.9670308237
  [3,3,550] 13209.9670306187
  [3,3,551] 13209.9670304137
  [3,3,552] 13209.9670302087
  [3,3,553] 13209.9670300037
  [3,3,554] 13209.9670297987
  [3,3,555] 13209.9670295937
  [3,3,556] 13543.9185284849
  [3,3,557] 13496.4298831864
  [3,3,558] 13195.9777182089
  [3,3,559] 12882.3068200321
  [3,3,560] 12674.3857874507
  [3,3,561] 12588.9845092322
  [3,3,562] 12588.9845090272
  [3,3,563] 12588.9845088222
  [3,3,564] 12588.9845086172
  [3,3,565] 12938.1434084532
  [3,3,566] 12938.1434082482
  [3,3,567] 12938.1434080432
  [3,3,568] 12938.1434078382
  [3,3,569] 12938.1434076332
  [3,3,570] 12938.1434074282
  [3,3,571] 12938.1434072232
  [3,3,572] 12938.1434070182
  [3,3,573] 12938.1434068132
  [3,3,574] 12938.1434066082
  [3,3,575] 12938.1434064032
  [3,3,576] 12938.1434061982
  [3,3,577] 12938.1434059932
  [3,3,578] 12938.1434057882
  [3,3,579] 12938.1434055832
  [3,3,580] 13287.3023054192
  [3,3,581] 13636.4612052552
  [3,3,582] 13696.3916865631
  [3,3,583] 13554.1214589647
  [3,3,584] 13372.6378927822
  [3,3,585] 13184.5449600000
  [3,3,586] 13533.7038598360
  [3,3,587] 13882.8627596720
  [3,3,588] 13882.8627594670
  [3,3,589] 13882.8627592620
  [3,3,590] 13882.8627590570
  [3,3,591] 13882.8627588520
  [3,3,592] 13882.8627586470
  [3,3,593] 13882.8627584420
  [3,3,594] 13882.8627582370
  [3,3,595] 13882.8627580320
  [3,3,596] 13882.8627578270
  [3,3,597] 13882.8627576220
  [3,3,598] 13882.8627574170
  [3,3,599] 13882.8627572120
  [3,3,600] 14232.0216570480
  [3,3,601] 14232.0216568430
  [3,3,602] 14581.1805566790
  [3,3,603] 14660.0673544469
  [3,3,604] 14568.3473040751
  [3,3,605] 14413.3012042914
  [3,3,606] 14422.6815083728
  [3,3,607] 14641.5654225533
  [3,3,608] 14981.5731101135
  [3,3,609] 15297.3560429978
  [3,3,610] 15297.3560427928
  [3,3,611] 15297.3560425878
  [3,3,612] 15297.3560423828
  [3,3,613] 15297.3560421778
  [3,3,614] 15646.5149420138
  [3,3,615] 15646.5149418088
  [3,3,616] 15646.5149416038
  [3,3,617] 15646.5149413988
  [3,3,618] 15646.5149411938
  [3,3,619] 15646.5149409888
  [3,3,620] 15995.6738408248
  [3,3,621] 15995.6738406198
  [3,3,622] 15995.6738404148
  [3,3,623] 15995.6738402098
  [3,3,624] 15995.6738400048
  [3,3,625] 16344.8327398408
  [3,3,626] 16344.8327396358
  [3,3,627] 16693.9916394718
  [3,3,628] 16906.8193649834
  [3,3,629] 17016.6918831221
  [3,3,630] 17175.0139106128
  [3,3,631] 17406.0102021313
  [3,3,632] 17703.6245690086
  [3,3,633] 18001.2389358860
  [3,3,634] 18001.2389356810
  [3,3,635] 18001.2389354760
  [3,3,636] 18001.2389352710
  [3,3,637] 18001.2389350660
  [3,3,638] 18001.2389348610
  [3,3,639] 18350.3978346969
  [3,3,640] 18350.3978344919
  [3,3,641] 18350.3978342869
  [3,3,642] 18350.3978340819
  [3,3,643] 18699.5567339180
  [3,3,644] 18699.5567337130
  [3,3,645] 18699.5567335080
  [3,3,646] 18699.5567333030
  [3,3,647] 18699.5567330980
  [3,3,648] 19048.7156329339
  [3,3,649] 19048.7156327289
  [3,3,650] 19048.7156325239
  [3,3,651] 19358.4423767393
  [3,3,652] 19474.3710835470
  [3,3,653] 19471.1138433217
  [3,3,654] 19404.6688815632
  [3,3,655] 19319.2676033447
  [3,3,656] 19246.5038694328
  [3,3,657] 19173.7401355209
  [3,3,658] 19522.8990353569
  [3,3,659] 19522.8990351519
  [3,3,660] 19522.8990349469
  [3,3,661] 19522.8990347419
  [3,3,662] 19522.8990345369
  [3,3,663] 19522.8990343319
  [3,3,664] 19522.8990341269
  [3,3,665] 19522.8990339219
  [3,3,666] 19522.8990337169
  [3,3,667] 19522.8990335119
  [3,3,668] 19522.8990333069
  [3,3,669] 19522.8990331019
  [3,3,670] 19522.8990328969
  [3,3,671] 19522.8990326919
  [3,3,672] 19872.0579325279
  [3,3,673] 19872.0579323229
  [3,3,674] 19872.0579321179
  [3,3,675] 19872.0579319129
  [3,3,676] 19963.5822739875
  [3,3,677] 19998.2376666821
  [3,3,678] 20089.7620087567
  [3,3,679] 20344.9830549511
  [3,3,680] 20612.3164784835
  [3,3,681] 20819.0880153261
  [3,3,682] 21168.2469151620
  [3,3,683] 21168.2469149570
  [3,3,684] 21168.2469147520
  [3,3,685] 21517.4058145881
  [3,3,686] 21517.4058143831
  [3,3,687] 21517.4058141781
  [3,3,688] 21517.4058139731
  [3,3,689] 21517.4058137681
  [3,3,690] 21517.4058135631
  [3,3,691] 21517.4058133581
  [3,3,692] 21517.4058131531
  [3,3,693] 21517.4058129481
  [3,3,694] 21517.4058127431
  [3,3,695] 21517.4058125381
  [3,3,696] 21517.4058123331
  [3,3,697] 21517.4058121281
  [3,3,698] 21517.4058119231
  [3,3,699] 21517.4058117181
  [3,3,700] 21866.5647115540
  [3,3,701] 21875.9450156354
  [3,3,702] 21681.2427162535
  [3,3,703] 21526.1966164698
  [3,3,704] 21434.4765660980
  [3,3,705] 21431.2193258727
  [3,3,706] 21431.2193256677
  [3,3,707] 21431.2193254627
  [3,3,708] 21431.2193252577
  [3,3,709] 21431.2193250527
  [3,3,710] 21431.2193248477
  [3,3,711] 21431.2193246427
  [3,3,712] 21431.2193244377
  [3,3,713] 21728.3557588759
  [3,3,714] 21899.1212686406
  [3,3,715] 22059.2129539314
  [3,3,716] 22344.2055055350
  [3,3,717] 22693.3644053710
  [3,3,718] 22693.3644051660
  [3,3,719] 22693.3644049610
  [3,3,720] 22693.3644047560
  [3,3,721] 22693.3644045510
  [3,3,722] 22693.3644043460
  [3,3,723] 22693.3644041410
  [3,3,724] 22693.3644039360
  [3,3,725] 22693.3644037310
  [3,3,726] 22693.3644035260
  [3,3,727] 22693.3644033210
  [3,3,728] 22693.3644031160
  [3,3,729] 23042.5233029520
  [3,3,730] 23391.6822027880
  [3,3,731] 23391.6822025830
  [3,3,732] 23391.6822023780
  [3,3,733] 23391.6822021730
  [3,3,734] 23391.6822019680
  [3,3,735] 23391.6822017630
  [3,3,736] 23740.8411015990
  [3,3,737] 23740.8411013940
  [3,3,738] 23740.8411011890
  [3,3,739] 23740.8411009840
  [3,3,740] 23740.8411007790
  [3,3,741] 24090.0000006150
  [3,3,742] 24090.0000004100
  [3,3,743] 24090.0000002050
  [3,3,744] 24090.0000000000
  [9,1,0] 24090.0000000000
  [9,1,1] 24185.8454412919
  [9,1,2] 24281.6908825840
  [9,1,3] 24377.5363238759
  [9,1,4] 24473.3817651679
  [9,1,5] 24569.2272064598
  [9,1,6] 24665.0726477518
  [9,1,7] 24760.9180890437
  [9,1,8] 24856.7635303357
  [9,1,9] 24952.6089716276
  [9,1,10] 25048.4544129195
  [9,1,11] 25144.2998542115
  [9,1,12] 25240.1452955034
  [9,1,13] 25335.9907367954
  [9,1,14] 25431.8361780873
  [9,1,15] 25527.6816193793
  [9,1,16] 25623.5270606712
  [9,1,17] 25719.3725019631
  [9,1,18] 25815.2179432551
  [9,1,19] 25911.0633845470
  [9,1,20] 26006.9088258390
  [9,1,21] 26102.7542671309
  [9,1,22] 26198.5997084229
  [9,1,23] 26294.4451497148
  [9,1,24] 26390.2905910067
  [9,1,25] 26486.1359855182
  [9,1,26] 26581.9814268102
  [9,1,27] 26677.8268681021
  [9,1,28] 26773.6723093941
  [9,1,29] 26869.5177506860
  [9,1,30] 26965.3631919780
  [9,1,31] 27061.2085864895
  [9,1,32] 27157.0540277814
  [9,1,33] 27252.8994690733
  [9,1,34] 27348.7449103653
  [9,1,35] 27444.5903516572
  [9,1,36] 27540.4357461687
  [9,1,37] 27636.2811874607
  [9,1,38] 27732.1266287526
  [9,1,39] 27827.9720700446
  [9,1,40] 27923.8175113365
  [9,1,41] 28019.6629526284
  [9,1,42] 28115.5083939204
  [9,1,43] 28211.3538352123
  [9,1,44] 28307.1992297239
  [9,1,45] 28403.0446710158
  [9,1,46] 28498.8901123077
  [9,1,47] 28594.7355535997
  [9,1,48] 28690.5809948916
  [9,1,49] 28786.4264361836
  [9,1,50] 28882.2718306951
  [9,1,51] 28978.1172719870
  [9,1,52] 29073.9627132790
  [9,1,53] 29169.8081545709
  [9,1,54] 29265.6535490824
  [9,1,55] 29361.4989903744
  [9,1,56] 29457.3444316663
  [9,1,57] 29553.1898729583
  [9,1,58] 29649.0353142502
  [9,1,59] 29744.8807555422
  [9,1,60] 29840.7261500537
  [9,1,61] 29936.5715913456
  [9,1,62] 30032.4170326376
  [9,1,63] 30128.2624739295
  [9,1,64] 30224.1079152215
  [9,1,65] 30319.9533565134
  [9,1,66] 30415.7987510249
  [9,1,67] 30511.6441923168
  [9,1,68] 30607.4896336088
  [9,1,69] 30703.3350749007
  [9,1,70] 30799.1805161927
  [9,1,71] 30895.0259574846
  [9,1,72] 30990.8713519961
  [9,1,73] 31086.7167932881
  [9,1,74] 31182.5622345800
  [9,1,75] 31278.4076758720
  [9,1,76] 31374.2530703835
  [9,1,77] 31470.0985116754
  [9,1,78] 31565.9439529674
  [9,1,79] 31661.7893942593
  [9,1,80] 31757.6348355513
  [9,1,81] 31853.4802768432
  [9,1,82] 31949.3257181352
  [9,1,83] 32045.1711126467
  [9,1,84] 32141.0165539386
  [9,1,85] 32236.8619952306
  [9,1,86] 32332.7074365225
  [9,1,87] 32428.5528778145
  [9,1,88] 32524.3983191064
  [9,1,89] 32620.2437136179
  [9,1,90] 32716.0891549099
  [9,1,91] 32811.9345962018
  [9,1,92] 32907.7800374938
  [9,1,93] 33003.6254787857
  [9,1,94] 33099.4709200776
  [9,1,95] 33195.3163145892
  [9,1,96] 33291.1617558811
  [9,1,97] 33387.0071971730
  [9,1,98] 33482.8526384650
  [9,1,99] 33578.6980797569
  [9,1,100] 33674.5435210489
  [9,1,101] 33770.3889623408
  [9,1,102] 33866.2344036328
  [9,1,103] 33962.0798449247
  [9,1,104] 34057.9252862167
  [9,1,105] 34153.7707275086
  [9,1,106] 34249.6161688006
  [9,1,107] 34345.4615633121
  [9,1,108] 34441.3070046040
  [9,1,109] 34537.1524458959
  [9,1,110] 34632.9978871879
  [9,1,111] 34728.8433284798
  [9,1,112] 34824.6887697718
  [9,1,113] 34920.5342110637
  [9,1,114] 35016.3796523557
  [9,1,115] 35112.2250936476
  [9,1,116] 35208.0705349396
  [9,1,117] 35303.9159762315
  [9,1,118] 35399.7614175235
  [9,1,119] 35495.6068120350
  [9,1,120] 35591.4522533269
  [9,1,121] 35687.2976946189
  [9,1,122] 35783.1431359108
  [9,1,123] 35878.9885772028
  [9,1,124] 35974.8340184947
  [9,1,125] 36070.6794597866
  [9,1,126] 36166.5249010786
  [9,1,127] 36262.3703423705
  [9,1,128] 36358.2157836625
  [9,1,129] 36447.1109135158
  [9,1,130] 36542.9563548077
  [9,1,131] 36638.8017960997
  [9,1,132] 36734.6472373916
  [9,1,133] 36830.4926786836
  [9,1,134] 36926.3381199755
  [9,1,135] 37022.1835612674
  [9,1,136] 37118.0290025594
  [9,1,137] 37213.8744438514
  [9,1,138] 37309.7198851433
  [9,1,139] 37405.5653264352
  [9,1,140] 37501.4107677272
  [9,1,141] 37597.2561622387
  [9,1,142] 37693.1016035306
  [9,1,143] 37788.9470448226
  [9,1,144] 37884.7924393341
  [9,1,145] 37980.6378806260
  [9,1,146] 38076.4833219180
  [9,1,147] 38172.3287632099
  [9,1,148] 38268.1742045019
  [9,1,149] 38364.0196457938
  [9,1,150] 38459.8650870858
  [9,1,151] 38555.7105283777
  [9,1,152] 38651.5559696697
  [9,1,153] 38747.4014109616
  [9,1,154] 38843.2468522535
  [9,1,155] 38939.0922935455
  [9,1,156] 39034.9377348374
  [9,1,157] 39130.7831761294
  [9,1,158] 39226.6286174213
  [9,1,159] 39322.4740587133
  [9,1,160] 39418.3195000052
  [9,1,161] 39514.1649412972
  [9,1,162] 39610.0103825891
  [9,1,163] 39705.8558238811
  [9,1,164] 39801.7012651730
  [9,1,165] 39897.5466596845
  [9,1,166] 39993.3921009765
  [9,1,167] 40089.2375422684
  [9,1,168] 40185.0829835604
  [9,1,169] 40280.9284248523
  [9,1,170] 40376.7738661442
  [9,1,171] 40472.6193074362
  [9,1,172] 40568.4647487281
  [9,1,173] 40664.3101900201
  [9,1,174] 40760.1556313120
  [9,1,175] 40856.0010726040
  [9,1,176] 40951.8465138959
  [9,1,177] 41047.6919551879
  [9,1,178] 41143.5373964798
  [9,1,179] 41239.3828377718
  [9,1,180] 41335.2282322833
  [9,1,181] 41431.0736735752
  [9,1,182] 41526.9191148672
  [9,1,183] 41622.7645561591
  [9,1,184] 41718.6099974510
  [9,1,185] 41814.4554387430
  [9,1,186] 41910.3008800349
  [9,1,187] 42006.1463213269
  [9,1,188] 42101.9917626188
  [9,1,189] 42197.8371571303
  [9,1,190] 42293.6825984223
  [9,1,191] 42389.5280397142
  [9,1,192] 42485.3734810062
  [9,1,193] 42581.2189222981
  [9,1,194] 42677.0643635901
  [9,1,195] 42772.9098048820
  [9,1,196] 42868.7552461739
  [9,1,197] 42964.6006874659
  [9,1,198] 43060.4461287579
  [9,1,199] 43156.2915700498
  [9,1,200] 43252.1370113417
  [9,1,201] 43347.9824526337
  [9,1,202] 43443.8278939256
  [9,1,203] 43539.6733352176
  [9,1,204] 43635.5187297291
  [9,1,205] 43731.3641710210
  [9,1,206] 43827.2096123130
  [9,1,207] 43923.0550536049
  [9,1,208] 44018.9004948969
  [9,1,209] 44114.7459361888
  [9,1,210] 44210.5913774808
  [9,1,211] 44306.4368187727
  [9,1,212] 44402.2822600646
  [9,1,213] 44498.1277013566
  [9,1,214] 44593.9731426485
  [9,1,215] 44689.8185839405
  [9,1,216] 44785.6639784520
  [9,1,217] 44881.5094197439
  [9,1,218] 44977.3548610359
  [9,1,219] 45073.2003023278
  [9,1,220] 45169.0457436198
  [9,1,221] 45264.8911849117
  [9,1,222] 45360.7365794232
  [9,1,223] 45456.5820207152
  [9,1,224] 45552.4274620071
  [9,1,225] 45648.2729032991
  [9,1,226] 45744.1183445910
  [9,1,227] 45839.9637858830
  [9,1,228] 45935.8091803945
  [9,1,229] 46031.6546216864
  [9,1,230] 46127.5000629784
  [9,1,231] 46223.3455042703
  [9,1,232] 46319.1909455623
  [9,1,233] 46415.0363868542
  [9,1,234] 46510.8818281461
  [9,1,235] 46606.7272694381
  [9,1,236] 46702.5727107300
  [9,1,237] 46798.4181520220
  [9,1,238] 46894.2635933139
  [9,1,239] 46990.1090346059
  [9,1,240] 47085.9544758978
  [9,1,241] 47181.7999171898
  [9,1,242] 47277.6453584817
  [9,1,243] 47373.4907997737
  [9,1,244] 47469.3362410656
  [9,1,245] 47565.1816823575
  [9,1,246] 47661.0271236495
  [9,1,247] 47756.8725649414
  [9,1,248] 47852.7180062334
  [9,1,249] 47948.5634475253
  [9,1,250] 48044.4088888173
  [9,1,251] 48140.2543301092
  [9,1,252] 48180.0000000000
  [9,1,253] 48180.0000000000
  [9,1,254] 48180.0000000000
  [9,1,255] 48180.0000000000
  [9,1,256] 48180.0000000000
  [9,1,257] 48180.0000000000
  [9,1,258] 48180.0000000000
  [9,1,259] 48180.0000000000
  [9,1,260] 48180.0000000000
  [9,1,261] 48180.0000000000
  [9,1,262] 48180.0000000000
  [9,1,263] 48180.0000000000
  [9,1,264] 48180.0000000000
  [9,1,265] 48180.0000000000
  [9,1,266] 48180.0000000000
  [9,1,267] 48180.0000000000
  [9,1,268] 48180.0000000000
  [9,1,269] 48180.0000000000
  [9,1,270] 48180.0000000000
  [9,1,271] 48180.0000000000
  [9,1,272] 48180.0000000000
  [9,1,273] 48180.0000000000
  [9,1,274] 48180.0000000000
  [9,1,275] 48180.0000000000
  [9,1,276] 48180.0000000000
  [9,1,277] 48180.0000000000
  [9,1,278] 48180.0000000000
  [9,1,279] 48180.0000000000
  [9,1,280] 48180.0000000000
  [9,1,281] 48180.0000000000
  [9,1,282] 48180.0000000000
  [9,1,283] 48180.0000000000
  [9,1,284] 48180.0000000000
  [9,1,285] 48180.0000000000
  [9,1,286] 48180.0000000000
  [9,1,287] 48180.0000000000
  [9,1,288] 48180.0000000000
  [9,1,289] 48180.0000000000
  [9,1,290] 48180.0000000000
  [9,1,291] 48180.0000000000
  [9,1,292] 48180.0000000000
  [9,1,293] 48180.0000000000
  [9,1,294] 48180.0000000000
  [9,1,295] 48180.0000000000
  [9,1,296] 47988.3091641965
  [9,1,297] 48084.1545587080
  [9,1,298] 48180.0000000000
  [9,1,299] 48180.0000000000
  [9,1,300] 48180.0000000000
  [9,1,301] 47926.6865412509
  [9,1,302] 48022.5319825429
  [9,1,303] 48118.3774238348
  [9,1,304] 48180.0000000000
  [9,1,305] 48180.0000000000
  [9,1,306] 48180.0000000000
  [9,1,307] 48180.0000000000
  [9,1,308] 48049.9317871421
  [9,1,309] 47796.6182816127
  [9,1,310] 47892.4637229046
  [9,1,311] 47988.3091641965
  [9,1,312] 48084.1545587080
  [9,1,313] 48180.0000000000
  [9,1,314] 47926.6865412509
  [9,1,315] 47673.3730825019
  [9,1,316] 47420.0596237528
  [9,1,317] 47166.7461650038
  [9,1,318] 46913.4327062547
  [9,1,319] 46660.1192475057
  [9,1,320] 46406.8057887566
  [9,1,321] 46153.4923300076
  [9,1,322] 45900.1788712585
  [9,1,323] 45996.0243125504
  [9,1,324] 45742.7108538014
  [9,1,325] 45742.7108535964
  [9,1,326] 45742.7108533914
  [9,1,327] 45742.7108531864
  [9,1,328] 45742.7108529814
  [9,1,329] 45742.7108527764
  [9,1,330] 45742.7108525714
  [9,1,331] 45742.7108523664
  [9,1,332] 45742.7108521614
  [9,1,333] 45742.7108519564
  [9,1,334] 45742.7108517514
  [9,1,335] 45742.7108515464
  [9,1,336] 45489.3973927973
  [9,1,337] 45489.3973925923
  [9,1,338] 45489.3973923873
  [9,1,339] 45489.3973921823
  [9,1,340] 45489.3973919773
  [9,1,341] 45489.3973917723
  [9,1,342] 45236.0838862428
  [9,1,343] 45236.0838860378
  [9,1,344] 45236.0838858328
  [9,1,345] 44982.7704270838
  [9,1,346] 44982.7704268788
  [9,1,347] 44729.4569681297
  [9,1,348] 44476.1434626002
  [9,1,349] 44476.1434623952
  [9,1,350] 44476.1434621902
  [9,1,351] 44476.1434619852
  [9,1,352] 44476.1434617802
  [9,1,353] 44476.1434615752
  [9,1,354] 44476.1434613702
  [9,1,355] 44222.8300026212
  [9,1,356] 43969.5165438721
  [9,1,357] 43716.2030383426
  [9,1,358] 43462.8895795936
  [9,1,359] 43420.7577330172
  [9,1,360] 43516.6031743092
  [9,1,361] 43612.4486156011
  [9,1,362] 43708.2940568931
  [9,1,363] 43804.1394981850
  [9,1,364] 43899.9849394770
  [9,1,365] 43995.8303807689
  [9,1,366] 44091.6758220609
  [9,1,367] 44187.5212633528
  [9,1,368] 44283.3667046447
  [9,1,369] 44379.2121459367
  [9,1,370] 44475.0575872286
  [9,1,371] 44570.9030285206
  [9,1,372] 44666.7484698125
  [9,1,373] 44762.5939111045
  [9,1,374] 44858.4393523964
  [9,1,375] 44954.2847936884
  [9,1,376] 45050.1302349803
  [9,1,377] 45145.9756762723
  [9,1,378] 45241.8211175642
  [9,1,379] 45337.6665588561
  [9,1,380] 45433.5120001481
  [9,1,381] 45529.3574414400
  [9,1,382] 45625.2028827320
  [9,1,383] 45721.0483240239
  [9,1,384] 45816.8937653159
  [9,1,385] 45912.7392066078
  [9,1,386] 46008.5846478998
  [9,1,387] 46104.4300891917
  [9,1,388] 46200.2755304836
  [9,1,389] 46296.1209717756
  [9,1,390] 46391.9664130675
  [9,1,391] 46487.8118543595
  [9,1,392] 46583.6572956514
  [9,1,393] 46679.5027369434
  [9,1,394] 46775.3481782353
  [9,1,395] 46871.1936195273
  [9,1,396] 46967.0390608192
  [9,1,397] 47062.8845021112
  [9,1,398] 47158.7299434031
  [9,1,399] 47254.5753846950
  [9,1,400] 47350.4208259870
  [9,1,401] 47446.2662672789
  [9,1,402] 47542.1117085709
  [9,1,403] 47637.9571498628
  [9,1,404] 47733.8025911548
  [9,1,405] 47829.6480324467
  [9,1,406] 47925.4934737387
  [9,1,407] 48021.3389150306
  [9,1,408] 48117.1843095421
  [9,1,409] 48180.0000000000
  [9,1,410] 47926.6865412509
  [9,1,411] 48022.5319825429
  [9,1,412] 47769.2185237938
  [9,1,413] 47515.9050650448
  [9,1,414] 47262.5915595153
  [9,1,415] 47262.5915593103
  [9,1,416] 47262.5915591053
  [9,1,417] 47262.5915589003
  [9,1,418] 47262.5915586953
  [9,1,419] 47262.5915584903
  [9,1,420] 47009.2780529608
  [9,1,421] 47009.2780527558
  [9,1,422] 47009.2780525508
  [9,1,423] 47009.2780523458
  [9,1,424] 47009.2780521408
  [9,1,425] 47009.2780519358
  [9,1,426] 47009.2780517308
  [9,1,427] 47009.2780515258
  [9,1,428] 47009.2780513208
  [9,1,429] 47009.2780511158
  [9,1,430] 47009.2780509108
  [9,1,431] 47009.2780507058
  [9,1,432] 46755.9645451763
  [9,1,433] 46755.9645449713
  [9,1,434] 46755.9645447663
  [9,1,435] 46755.9645445613
  [9,1,436] 46755.9645443563
  [9,1,437] 46755.9645441513
  [9,1,438] 46502.6510386218
  [9,1,439] 46502.6510384168
  [9,1,440] 46502.6510382118
  [9,1,441] 46502.6510380068
  [9,1,442] 46502.6510378018
  [9,1,443] 46502.6510375968
  [9,1,444] 46502.6510373918
  [9,1,445] 46502.6510371868
  [9,1,446] 46502.6510369818
  [9,1,447] 46502.6510367768
  [9,1,448] 46502.6510365718
  [9,1,449] 46502.6510363668
  [9,1,450] 46249.3375308373
  [9,1,451] 46249.3375306323
  [9,1,452] 46249.3375304273
  [9,1,453] 46249.3375302223
  [9,1,454] 46249.3375300173
  [9,1,455] 46249.3375298123
  [9,1,456] 46249.3375296073
  [9,1,457] 46249.3375294023
  [9,1,458] 46249.3375291973
  [9,1,459] 46249.3375289923
  [9,1,460] 46249.3375287873
  [9,1,461] 46249.3375285823
  [9,1,462] 46249.3375283773
  [9,1,463] 46249.3375281723
  [9,1,464] 46598.4964280083
  [9,1,465] 46345.1829692593
  [9,1,466] 46345.1829690543
  [9,1,467] 46345.1829688493
  [9,1,468] 46091.8695101002
  [9,1,469] 46091.8695098952
  [9,1,470] 46091.8695096902
  [9,1,471] 46091.8695094852
  [9,1,472] 46091.8695092802
  [9,1,473] 46091.8695090752
  [9,1,474] 46091.8695088702
  [9,1,475] 46091.8695086652
  [9,1,476] 46091.8695084602
  [9,1,477] 46091.8695082552
  [9,1,478] 46091.8695080502
  [9,1,479] 46091.8695078452
  [9,1,480] 46091.8695076402
  [9,1,481] 46091.8695074352
  [9,1,482] 46091.8695072302
  [9,1,483] 46091.8695070252
  [9,1,484] 46091.8695068202
  [9,1,485] 46091.8695066152
  [9,1,486] 45838.5560478662
  [9,1,487] 45838.5560476611
  [9,1,488] 45838.5560474561
  [9,1,489] 45838.5560472511
  [9,1,490] 45838.5560470461
  [9,1,491] 45838.5560468411
  [9,1,492] 45838.5560466361
  [9,1,493] 45838.5560464311
  [9,1,494] 45838.5560462261
  [9,1,495] 45838.5560460211
  [9,1,496] 45838.5560458161
  [9,1,497] 45838.5560456111
  [9,1,498] 45585.2425868621
  [9,1,499] 45585.2425866571
  [9,1,500] 45585.2425864521
  [9,1,501] 45585.2425862471
  [9,1,502] 45585.2425860421
  [9,1,503] 45585.2425858371
  [9,1,504] 45331.9291270880
  [9,1,505] 45331.9291268830
  [9,1,506] 45331.9291266780
  [9,1,507] 45331.9291264730
  [9,1,508] 45331.9291262680
  [9,1,509] 45331.9291260630
  [9,1,510] 45331.9291258580
  [9,1,511] 45331.9291256530
  [9,1,512] 45331.9291254480
  [9,1,513] 45078.6156666990
  [9,1,514] 45078.6156664940
  [9,1,515] 45078.6156662890
  [9,1,516] 45078.6156660840
  [9,1,517] 45078.6156658790
  [9,1,518] 45078.6156656740
  [9,1,519] 45078.6156654690
  [9,1,520] 45078.6156652640
  [9,1,521] 45078.6156650590
  [9,1,522] 45078.6156648540
  [9,1,523] 45078.6156646490
  [9,1,524] 45078.6156644440
  [9,1,525] 44825.3022056949
  [9,1,526] 44825.3022054899
  [9,1,527] 44825.3022052849
  [9,1,528] 44571.9887465359
  [9,1,529] 44571.9887463309
  [9,1,530] 44571.9887461259
  [9,1,531] 44571.9887459209
  [9,1,532] 44571.9887457159
  [9,1,533] 44571.9887455109
  [9,1,534] 44571.9887453059
  [9,1,535] 44571.9887451009
  [9,1,536] 44571.9887448959
  [9,1,537] 44571.9887446909
  [9,1,538] 44571.9887444859
  [9,1,539] 44571.9887442809
  [9,1,540] 44318.6752855318
  [9,1,541] 44318.6752853268
  [9,1,542] 44318.6752851218
  [9,1,543] 44318.6752849168
  [9,1,544] 44318.6752847118
  [9,1,545] 44318.6752845068
  [9,1,546] 44065.3618257577
  [9,1,547] 44065.3618255527
  [9,1,548] 44065.3618253477
  [9,1,549] 44065.3618251427
  [9,1,550] 44065.3618249377
  [9,1,551] 44065.3618247327
  [9,1,552] 44065.3618245277
  [9,1,553] 44065.3618243227
  [9,1,554] 44065.3618241177
  [9,1,555] 44065.3618239128
  [9,1,556] 44065.3618237078
  [9,1,557] 44065.3618235028
  [9,1,558] 44065.3618232978
  [9,1,559] 44065.3618230928
  [9,1,560] 44065.3618228878
  [9,1,561] 43812.0483641387
  [9,1,562] 43812.0483639337
  [9,1,563] 43812.0483637287
  [9,1,564] 43558.7349049796
  [9,1,565] 43558.7349047746
  [9,1,566] 43558.7349045696
  [9,1,567] 43558.7349043646
  [9,1,568] 43558.7349041596
  [9,1,569] 43558.7349039546
  [9,1,570] 43558.7349037496
  [9,1,571] 43558.7349035446
  [9,1,572] 43558.7349033396
  [9,1,573] 43558.7349031346
  [9,1,574] 43558.7349029296
  [9,1,575] 43558.7349027246
  [9,1,576] 43558.7349025196
  [9,1,577] 43558.7349023146
  [9,1,578] 43558.7349021096
  [9,1,579] 43558.7349019046
  [9,1,580] 43558.7349016996
  [9,1,581] 43558.7349014946
  [9,1,582] 43558.7349012896
  [9,1,583] 43558.7349010846
  [9,1,584] 43558.7349008796
  [9,1,585] 43305.4214421306
  [9,1,586] 43305.4214419256
  [9,1,587] 43305.4214417206
  [9,1,588] 43305.4214415156
  [9,1,589] 43305.4214413106
  [9,1,590] 43305.4214411056
  [9,1,591] 43305.4214409006
  [9,1,592] 43305.4214406956
  [9,1,593] 43305.4214404906
  [9,1,594] 43305.4214402856
  [9,1,595] 43305.4214400806
  [9,1,596] 43305.4214398756
  [9,1,597] 43305.4214396706
  [9,1,598] 43305.4214394656
  [9,1,599] 43305.4214392606
  [9,1,600] 43052.1079805115
  [9,1,601] 43052.1079803065
  [9,1,602] 43052.1079801015
  [9,1,603] 43052.1079798965
  [9,1,604] 43052.1079796915
  [9,1,605] 43052.1079794865
  [9,1,606] 43052.1079792815
  [9,1,607] 43052.1079790765
  [9,1,608] 43052.1079788715
  [9,1,609] 42798.7945201225
  [9,1,610] 42798.7945199175
  [9,1,611] 42798.7945197125
  [9,1,612] 42798.7945195075
  [9,1,613] 42798.7945193025
  [9,1,614] 42798.7945190975
  [9,1,615] 42798.7945188925
  [9,1,616] 42798.7945186875
  [9,1,617] 42798.7945184825
  [9,1,618] 42798.7945182775
  [9,1,619] 42798.7945180725
  [9,1,620] 42798.7945178675
  [9,1,621] 42545.4810591184
  [9,1,622] 42545.4810589134
  [9,1,623] 42545.4810587084
  [9,1,624] 42292.1675999593
  [9,1,625] 42292.1675997543
  [9,1,626] 42292.1675995493
  [9,1,627] 42292.1675993443
  [9,1,628] 42292.1675991393
  [9,1,629] 42292.1675989343
  [9,1,630] 42292.1675987293
  [9,1,631] 42292.1675985243
  [9,1,632] 42292.1675983193
  [9,1,633] 42038.8541395703
  [9,1,634] 42034.2095519677
  [9,1,635] 41780.8960932187
  [9,1,636] 41527.5826344696
  [9,1,637] 41274.2691757205
  [9,1,638] 41020.9557169715
  [9,1,639] 40767.6422582224
  [9,1,640] 40514.3287994734
  [9,1,641] 40261.0153407243
  [9,1,642] 40007.7018819753
  [9,1,643] 39754.3884232262
  [9,1,644] 39501.0749644771
  [9,1,645] 39247.7615057281
  [9,1,646] 38994.4480469790
  [9,1,647] 38741.1345882300
  [9,1,648] 38487.8211294809
  [9,1,649] 38234.5076707319
  [9,1,650] 37981.1942119828
  [9,1,651] 37727.8807532338
  [9,1,652] 37474.5672944847
  [9,1,653] 37221.2538357356
  [9,1,654] 36967.9403769866
  [9,1,655] 36714.6269182375
  [9,1,656] 36461.3134594885
  [9,1,657] 36208.0000007394
  [9,1,658] 35954.6865419904
  [9,1,659] 35701.3730832413
  [9,1,660] 35448.0596244922
  [9,1,661] 35194.7461657433
  [9,1,662] 34941.4327069942
  [9,1,663] 34688.1192482452
  [9,1,664] 34434.8057894961
  [9,1,665] 34181.4923307471
  [9,1,666] 33928.1788719980
  [9,1,667] 33674.8654132490
  [9,1,668] 33421.5519544999
  [9,1,669] 33168.2384957509
  [9,1,670] 32914.9250370018
  [9,1,671] 32661.6115782528
  [9,1,672] 32408.2981195037
  [9,1,673] 32154.9846607546
  [9,1,674] 31901.6712020056
  [9,1,675] 31648.3577432565
  [9,1,676] 31395.0442845075
  [9,1,677] 31141.7308257584
  [9,1,678] 30888.4173670094
  [9,1,679] 30635.1039082603
  [9,1,680] 30381.7904495112
  [9,1,681] 30128.4769907622
  [9,1,682] 29875.1635320131
  [9,1,683] 29621.8500732641
  [9,1,684] 29368.5366145150
  [9,1,685] 29115.2231557660
  [9,1,686] 28861.9096970169
  [9,1,687] 28608.5962382679
  [9,1,688] 28355.2827795188
  [9,1,689] 28101.9693207697
  [9,1,690] 27848.6558620207
  [9,1,691] 27595.3424032716
  [9,1,692] 27342.0289445226
  [9,1,693] 27088.7154857735
  [9,1,694] 26835.4020270245
  [9,1,695] 26582.0885682754
  [9,1,696] 26328.7751095263
  [9,1,697] 26075.4616507773
  [9,1,698] 25822.1481920282
  [9,1,699] 25568.8347332792
  [9,1,700] 25315.5212745301
  [9,1,701] 25062.2078157811
  [9,1,702] 24808.8943570320
  [9,1,703] 24555.5808982830
  [9,1,704] 24302.2674395339
  [9,1,705] 24048.9539807848
  [9,1,706] 23795.6405220358
  [9,1,707] 23542.3270632867
  [9,1,708] 23289.0136045377
  [9,1,709] 23035.7001457886
  [9,1,710] 23131.5455870806
  [9,1,711] 23227.3910283725
  [9,1,712] 23323.2364696645
  [9,1,713] 23419.0819109564
  [9,1,714] 23514.9273522483
  [9,1,715] 23610.7727935403
  [9,1,716] 23706.6182348322
  [9,1,717] 23802.4636761242
  [9,1,718] 23898.3091174161
  [9,1,719] 23994.1545587081
  [9,1,720] 24090.0000000000
  [9,2,0] 24090.0000000000
  [9,2,1] 24433.9784174017
  [9,2,2] 24180.6649586526
  [9,2,3] 23927.3514999036
  [9,2,4] 24276.5103997396
  [9,2,5] 24023.1969409905
  [9,2,6] 23769.8834822415
  [9,2,7] 24119.0423820775
  [9,2,8] 23865.7289233284
  [9,2,9] 23612.4154645794
  [9,2,10] 23612.4154643744
  [9,2,11] 23359.1020056253
  [9,2,12] 23105.7885468763
  [9,2,13] 23105.7885466713
  [9,2,14] 23201.6339879632
  [9,2,15] 23201.6339877582
  [9,2,16] 23201.6339875532
  [9,2,17] 22948.3205288042
  [9,2,18] 23044.1659700961
  [9,2,19] 23044.1659698911
  [9,2,20] 22790.8525111420
  [9,2,21] 22886.6979524340
  [9,2,22] 22633.3844936849
  [9,2,23] 22982.5433935209
  [9,2,24] 23078.3888348129
  [9,2,25] 22825.0753760638
  [9,2,26] 22571.7619173148
  [9,2,27] 22920.9208171508
  [9,2,28] 23016.7662584427
  [9,2,29] 22763.4527996937
  [9,2,30] 22859.2982409856
  [9,2,31] 22859.2982407806
  [9,2,32] 23208.4571406166
  [9,2,33] 22955.1436818676
  [9,2,34] 23050.9891231595
  [9,2,35] 23050.9891229545
  [9,2,36] 22797.6756642055
  [9,2,37] 22544.3622054564
  [9,2,38] 22544.3622052514
  [9,2,39] 22640.2076465433
  [9,2,40] 22386.8941877943
  [9,2,41] 22736.0530876303
  [9,2,42] 22482.7396288812
  [9,2,43] 22578.5850701732
  [9,2,44] 22578.5850699682
  [9,2,45] 22325.2716112191
  [9,2,46] 22421.1170525111
  [9,2,47] 22770.2759523471
  [9,2,48] 22516.9624935980
  [9,2,49] 22263.6490348490
  [9,2,50] 22612.8079346850
  [9,2,51] 22359.4944759359
  [9,2,52] 22106.1810171869
  [9,2,53] 21852.8675584378
  [9,2,54] 22202.0264582738
  [9,2,55] 22297.8718995658
  [9,2,56] 22044.5584408167
  [9,2,57] 22140.4038821087
  [9,2,58] 22489.5627819447
  [9,2,59] 22585.4082232366
  [9,2,60] 22681.2536645286
  [9,2,61] 23030.4125643645
  [9,2,62] 22777.0991056155
  [9,2,63] 22872.9445469074
  [9,2,64] 23222.1034467434
  [9,2,65] 22968.7899879944
  [9,2,66] 23064.6354292863
  [9,2,67] 23413.7943291223
  [9,2,68] 23509.6397704143
  [9,2,69] 23605.4852117062
  [9,2,70] 23605.4852115012
  [9,2,71] 23701.3306527932
  [9,2,72] 23797.1760940851
  [9,2,73] 24146.3349939211
  [9,2,74] 23893.0215351721
  [9,2,75] 23988.8669764640
  [9,2,76] 24338.0258763000
  [9,2,77] 24433.8713175920
  [9,2,78] 24180.5578588429
  [9,2,79] 24276.4033001348
  [9,2,80] 24625.5621999708
  [9,2,81] 24974.7210998068
  [9,2,82] 25070.5665410988
  [9,2,83] 24817.2530823497
  [9,2,84] 24817.2530821447
  [9,2,85] 24913.0985234367
  [9,2,86] 24659.7850646876
  [9,2,87] 24406.4716059386
  [9,2,88] 24406.4716057336
  [9,2,89] 24153.1581469845
  [9,2,90] 24249.0035882765
  [9,2,91] 23995.6901295274
  [9,2,92] 24344.8490293634
  [9,2,93] 24440.6944706554
  [9,2,94] 24536.5399119473
  [9,2,95] 24632.3853532392
  [9,2,96] 24632.3853530342
  [9,2,97] 24632.3853528292
  [9,2,98] 24728.2307941212
  [9,2,99] 24474.9173353721
  [9,2,100] 24474.9173351671
  [9,2,101] 24570.7627764591
  [9,2,102] 24666.6082177510
  [9,2,103] 24762.4536590430
  [9,2,104] 24762.4536588380
  [9,2,105] 24858.2991001299
  [9,2,106] 24954.1445414219
  [9,2,107] 24700.8310826728
  [9,2,108] 25049.9899825088
  [9,2,109] 24796.6765237598
  [9,2,110] 24892.5219650517
  [9,2,111] 24988.3674063437
  [9,2,112] 24988.3674061387
  [9,2,113] 24988.3674059337
  [9,2,114] 25084.2128472256
  [9,2,115] 24830.8993884766
  [9,2,116] 24830.8993882716
  [9,2,117] 24926.7448295635
  [9,2,118] 25022.5902708554
  [9,2,119] 24769.2768121064
  [9,2,120] 25118.4357119424
  [9,2,121] 25214.2811532343
  [9,2,122] 25310.1265945263
  [9,2,123] 25056.8131357772
  [9,2,124] 25405.9720356132
  [9,2,125] 25152.6585768642
  [9,2,126] 24899.3451181151
  [9,2,127] 24646.0316593661
  [9,2,128] 24776.6661360439
  [9,2,129] 24865.5612658972
  [9,2,130] 24865.5612656922
  [9,2,131] 24612.2478069431
  [9,2,132] 24708.0932482351
  [9,2,133] 24708.0932480301
  [9,2,134] 25057.2521478661
  [9,2,135] 25153.0975891580
  [9,2,136] 24899.7841304090
  [9,2,137] 24899.7841302040
  [9,2,138] 24995.6295714959
  [9,2,139] 25091.4750127879
  [9,2,140] 24838.1615540388
  [9,2,141] 24934.0069485503
  [9,2,142] 24680.6934898013
  [9,2,143] 24776.5389310932
  [9,2,144] 24872.3843723852
  [9,2,145] 24872.3843721802
  [9,2,146] 25221.5432720162
  [9,2,147] 24968.2298132671
  [9,2,148] 25064.0752545591
  [9,2,149] 25064.0752543541
  [9,2,150] 25159.9206956460
  [9,2,151] 24906.6072368970
  [9,2,152] 25002.4526781889
  [9,2,153] 25002.4526779839
  [9,2,154] 25098.2981192758
  [9,2,155] 25194.1435605678
  [9,2,156] 24940.8301018187
  [9,2,157] 25289.9890016547
  [9,2,158] 25036.6755429057
  [9,2,159] 25132.5209841976
  [9,2,160] 25228.3664254896
  [9,2,161] 25577.5253253256
  [9,2,162] 25577.5253251206
  [9,2,163] 25673.3707664125
  [9,2,164] 25420.0573076635
  [9,2,165] 25769.2162074995
  [9,2,166] 25515.9027487504
  [9,2,167] 25611.7481900424
  [9,2,168] 25358.4347312933
  [9,2,169] 25707.5936311293
  [9,2,170] 25803.4390724212
  [9,2,171] 25550.1256136722
  [9,2,172] 25645.9710549641
  [9,2,173] 25645.9710547591
  [9,2,174] 25741.8164960511
  [9,2,175] 25488.5030373020
  [9,2,176] 25235.1895785530
  [9,2,177] 25235.1895783480
  [9,2,178] 25584.3484781840
  [9,2,179] 25331.0350194349
  [9,2,180] 25426.8804607269
  [9,2,181] 25426.8804605219
  [9,2,182] 25522.7259018138
  [9,2,183] 25269.4124430648
  [9,2,184] 25365.2578843567
  [9,2,185] 25365.2578841517
  [9,2,186] 25461.1033254437
  [9,2,187] 25207.7898666946
  [9,2,188] 25303.6353079866
  [9,2,189] 25303.6353077816
  [9,2,190] 25399.4807490735
  [9,2,191] 25146.1672903245
  [9,2,192] 25242.0127316164
  [9,2,193] 25242.0127314114
  [9,2,194] 25591.1716312474
  [9,2,195] 25337.8581724983
  [9,2,196] 25433.7036137903
  [9,2,197] 25433.7036135853
  [9,2,198] 25529.5490548772
  [9,2,199] 25276.2355961282
  [9,2,200] 25372.0810374201
  [9,2,201] 25372.0810372151
  [9,2,202] 25118.7675784661
  [9,2,203] 25214.6130197580
  [9,2,204] 24961.2995610090
  [9,2,205] 25310.4584608450
  [9,2,206] 25057.1450020959
  [9,2,207] 25152.9904433879
  [9,2,208] 24899.6769846388
  [9,2,209] 25248.8358844748
  [9,2,210] 25248.8358842698
  [9,2,211] 25344.6813255617
  [9,2,212] 25091.3678668127
  [9,2,213] 25440.5267666487
  [9,2,214] 25187.2133078996
  [9,2,215] 25283.0587491916
  [9,2,216] 25029.7452904425
  [9,2,217] 25378.9041902785
  [9,2,218] 25125.5907315295
  [9,2,219] 25221.4361728214
  [9,2,220] 24968.1227140724
  [9,2,221] 25317.2816139084
  [9,2,222] 25063.9681551593
  [9,2,223] 25159.8135964513
  [9,2,224] 24906.5001377022
  [9,2,225] 25255.6590375382
  [9,2,226] 25255.6590373332
  [9,2,227] 25351.5044786252
  [9,2,228] 25098.1910198761
  [9,2,229] 25447.3499197121
  [9,2,230] 25194.0364609631
  [9,2,231] 25289.8819022550
  [9,2,232] 25036.5684435059
  [9,2,233] 25385.7273433420
  [9,2,234] 25481.5727846339
  [9,2,235] 25228.2593258849
  [9,2,236] 25324.1047671768
  [9,2,237] 25324.1047669718
  [9,2,238] 25419.9502082637
  [9,2,239] 25166.6367495147
  [9,2,240] 25262.4821908066
  [9,2,241] 25262.4821906016
  [9,2,242] 25611.6410904376
  [9,2,243] 25358.3276316886
  [9,2,244] 25454.1730729805
  [9,2,245] 25454.1730727755
  [9,2,246] 25550.0185140675
  [9,2,247] 25296.7050553184
  [9,2,248] 25043.3915965694
  [9,2,249] 25316.1638723590
  [9,2,250] 25412.0093136510
  [9,2,251] 25158.6958549019
  [9,2,252] 25507.8547547379
  [9,2,253] 25254.5412959889
  [9,2,254] 25350.3867372808
  [9,2,255] 25097.0732785317
  [9,2,256] 25446.2321783678
  [9,2,257] 25192.9187196187
  [9,2,258] 25288.7641609107
  [9,2,259] 25035.4507021616
  [9,2,260] 25384.6096019976
  [9,2,261] 25384.6096017926
  [9,2,262] 25480.4550430845
  [9,2,263] 25227.1415843355
  [9,2,264] 25576.3004841715
  [9,2,265] 25322.9870254224
  [9,2,266] 25418.8324667144
  [9,2,267] 25165.5190079653
  [9,2,268] 25514.6779078013
  [9,2,269] 25261.3644490523
  [9,2,270] 25357.2098903442
  [9,2,271] 25103.8964315952
  [9,2,272] 25453.0553314312
  [9,2,273] 25199.7418726821
  [9,2,274] 25295.5873139741
  [9,2,275] 25042.2738552250
  [9,2,276] 25391.4327550610
  [9,2,277] 25391.4327548560
  [9,2,278] 25487.2781961479
  [9,2,279] 25233.9647373989
  [9,2,280] 25583.1236372349
  [9,2,281] 25329.8101784859
  [9,2,282] 25425.6556197778
  [9,2,283] 25172.3421610287
  [9,2,284] 25521.5010608647
  [9,2,285] 25268.1876021157
  [9,2,286] 25364.0330434076
  [9,2,287] 25110.7195846586
  [9,2,288] 25459.8784844946
  [9,2,289] 25206.5650257455
  [9,2,290] 25302.4104670375
  [9,2,291] 25049.0970082884
  [9,2,292] 25398.2559081244
  [9,2,293] 25398.2559079194
  [9,2,294] 25494.1013492114
  [9,2,295] 25240.7878904623
  [9,2,296] 25589.9467902983
  [9,2,297] 25589.9467900933
  [9,2,298] 25685.7922313853
  [9,2,299] 25432.4787726362
  [9,2,300] 25781.6376724722
  [9,2,301] 25528.3242137232
  [9,2,302] 25624.1696550151
  [9,2,303] 25370.8561962660
  [9,2,304] 25720.0150961021
  [9,2,305] 25466.7016373530
  [9,2,306] 25562.5470786449
  [9,2,307] 25309.2336198959
  [9,2,308] 25658.3925197319
  [9,2,309] 25405.0790609828
  [9,2,310] 25500.9245022748
  [9,2,311] 25247.6110435257
  [9,2,312] 25596.7699433617
  [9,2,313] 25596.7699431567
  [9,2,314] 25692.6153844487
  [9,2,315] 25439.3019256996
  [9,2,316] 25788.4608255356
  [9,2,317] 25535.1473667866
  [9,2,318] 25630.9928080785
  [9,2,319] 25377.6793493295
  [9,2,320] 25726.8382491655
  [9,2,321] 25822.6836904574
  [9,2,322] 25569.3702317084
  [9,2,323] 25665.2156730003
  [9,2,324] 25665.2156727953
  [9,2,325] 25761.0611140872
  [9,2,326] 25507.7476553382
  [9,2,327] 25603.5930966301
  [9,2,328] 25603.5930964251
  [9,2,329] 25952.7519962611
  [9,2,330] 25699.4385375121
  [9,2,331] 25795.2839788040
  [9,2,332] 25795.2839785990
  [9,2,333] 25891.1294198910
  [9,2,334] 25637.8159611419
  [9,2,335] 25733.6614024339
  [9,2,336] 25733.6614022289
  [9,2,337] 25829.5068435208
  [9,2,338] 25576.1933847718
  [9,2,339] 25672.0388260637
  [9,2,340] 25672.0388258587
  [9,2,341] 25767.8842671506
  [9,2,342] 25514.5708084016
  [9,2,343] 25610.4162496935
  [9,2,344] 25610.4162494885
  [9,2,345] 25959.5751493246
  [9,2,346] 25706.2616905755
  [9,2,347] 25802.1071318674
  [9,2,348] 25802.1071316624
  [9,2,349] 25897.9525729544
  [9,2,350] 25644.6391142053
  [9,2,351] 25740.4845554973
  [9,2,352] 25740.4845552923
  [9,2,353] 25836.3299965842
  [9,2,354] 25583.0165378352
  [9,2,355] 25678.8619791271
  [9,2,356] 25678.8619789221
  [9,2,357] 25774.7074202141
  [9,2,358] 25521.3939614650
  [9,2,359] 25617.2394027569
  [9,2,360] 25617.2394025519
  [9,2,361] 25966.3983023880
  [9,2,362] 25713.0848436389
  [9,2,363] 25808.9302849309
  [9,2,364] 25808.9302847259
  [9,2,365] 25904.7757260178
  [9,2,366] 25651.4622672687
  [9,2,367] 25747.3077085607
  [9,2,368] 25747.3077083557
  [9,2,369] 25843.1531496476
  [9,2,370] 25589.8396908986
  [9,2,371] 25685.6851321905
  [9,2,372] 25685.6851319855
  [9,2,373] 25781.5305732775
  [9,2,374] 25528.2171145284
  [9,2,375] 25624.0625558204
  [9,2,376] 25624.0625556154
  [9,2,377] 25973.2214554514
  [9,2,378] 25719.9079967023
  [9,2,379] 25815.7534379943
  [9,2,380] 25815.7534377893
  [9,2,381] 25911.5988790812
  [9,2,382] 25658.2854203322
  [9,2,383] 25754.1308616241
  [9,2,384] 25754.1308614191
  [9,2,385] 25849.9763027110
  [9,2,386] 25596.6628439620
  [9,2,387] 25692.5082852539
  [9,2,388] 25692.5082850489
  [9,2,389] 25788.3537263409
  [9,2,390] 25535.0402675918
  [9,2,391] 25630.8857088838
  [9,2,392] 25630.8857086788
  [9,2,393] 25980.0446085148
  [9,2,394] 25726.7311497657
  [9,2,395] 25822.5765910577
  [9,2,396] 25822.5765908527
  [9,2,397] 25918.4220321446
  [9,2,398] 25665.1085733956
  [9,2,399] 25760.9540146875
  [9,2,400] 25760.9540144825
  [9,2,401] 25856.7994557744
  [9,2,402] 25603.4859970254
  [9,2,403] 25699.3314383173
  [9,2,404] 25699.3314381123
  [9,2,405] 25795.1768794043
  [9,2,406] 25541.8634206552
  [9,2,407] 25637.7088619472
  [9,2,408] 25637.7088617422
  [9,2,409] 25986.8677615782
  [9,2,410] 25733.5543028291
  [9,2,411] 25829.3997441211
  [9,2,412] 25829.3997439161
  [9,2,413] 25925.2451852080
  [9,2,414] 25671.9317264590
  [9,2,415] 25767.7771677509
  [9,2,416] 25767.7771675459
  [9,2,417] 25863.6226088378
  [9,2,418] 25610.3091500888
  [9,2,419] 25706.1545913807
  [9,2,420] 25706.1545911757
  [9,2,421] 25802.0000324677
  [9,2,422] 25548.6865737186
  [9,2,423] 25644.5320150106
  [9,2,424] 25644.5320148056
  [9,2,425] 25993.6909146416
  [9,2,426] 25740.3774558925
  [9,2,427] 25836.2228971845
  [9,2,428] 25836.2228969795
  [9,2,429] 25932.0683382714
  [9,2,430] 25678.7548795224
  [9,2,431] 25774.6003208143
  [9,2,432] 25774.6003206093
  [9,2,433] 25870.4457619013
  [9,2,434] 25617.1323031522
  [9,2,435] 25712.9777444441
  [9,2,436] 25712.9777442391
  [9,2,437] 25808.8231855311
  [9,2,438] 25555.5097267820
  [9,2,439] 25651.3551680740
  [9,2,440] 25651.3551678690
  [9,2,441] 26000.5140677050
  [9,2,442] 25747.2006089559
  [9,2,443] 25843.0460502479
  [9,2,444] 25843.0460500429
  [9,2,445] 25938.8914913348
  [9,2,446] 25685.5780325858
  [9,2,447] 25432.2645738367
  [9,2,448] 25781.4234736727
  [9,2,449] 25528.1100149237
  [9,2,450] 25623.9554562156
  [9,2,451] 25370.6419974666
  [9,2,452] 25719.8008973026
  [9,2,453] 25466.4874385535
  [9,2,454] 25562.3328798455
  [9,2,455] 25309.0194210964
  [9,2,456] 25658.1783209324
  [9,2,457] 25658.1783207274
  [9,2,458] 25754.0237620194
  [9,2,459] 25500.7103032703
  [9,2,460] 25849.8692031063
  [9,2,461] 25596.5557443572
  [9,2,462] 25692.4011856492
  [9,2,463] 25439.0877269001
  [9,2,464] 25788.2466267361
  [9,2,465] 25534.9331679871
  [9,2,466] 25630.7786092790
  [9,2,467] 25377.4651505300
  [9,2,468] 25726.6240503660
  [9,2,469] 25473.3105916169
  [9,2,470] 25569.1560329089
  [9,2,471] 25315.8425741598
  [9,2,472] 25665.0014739958
  [9,2,473] 25665.0014737908
  [9,2,474] 25760.8469150828
  [9,2,475] 25507.5334563337
  [9,2,476] 25856.6923561697
  [9,2,477] 25603.3788974207
  [9,2,478] 25699.2243387126
  [9,2,479] 25445.9108799636
  [9,2,480] 25795.0697797995
  [9,2,481] 25541.7563210505
  [9,2,482] 25637.6017623424
  [9,2,483] 25384.2883035934
  [9,2,484] 25733.4472034294
  [9,2,485] 25480.1337446803
  [9,2,486] 25575.9791859723
  [9,2,487] 25322.6657272232
  [9,2,488] 25671.8246270592
  [9,2,489] 25671.8246268542
  [9,2,490] 25767.6700681462
  [9,2,491] 25514.3566093971
  [9,2,492] 25863.5155092331
  [9,2,493] 25610.2020504841
  [9,2,494] 25706.0474917760
  [9,2,495] 25452.7340330270
  [9,2,496] 25801.8929328630
  [9,2,497] 25548.5794741139
  [9,2,498] 25644.4249154059
  [9,2,499] 25391.1114566568
  [9,2,500] 25740.2703564928
  [9,2,501] 25486.9568977438
  [9,2,502] 25582.8023390357
  [9,2,503] 25329.4888802867
  [9,2,504] 25678.6477801227
  [9,2,505] 25678.6477799177
  [9,2,506] 25774.4932212096
  [9,2,507] 25521.1797624605
  [9,2,508] 25870.3386622965
  [9,2,509] 25617.0252035475
  [9,2,510] 25712.8706448394
  [9,2,511] 25459.5571860904
  [9,2,512] 25808.7160859264
  [9,2,513] 25555.4026271773
  [9,2,514] 25651.2480684693
  [9,2,515] 25397.9346097202
  [9,2,516] 25747.0935095562
  [9,2,517] 25493.7800508072
  [9,2,518] 25589.6254920991
  [9,2,519] 25336.3120333501
  [9,2,520] 25685.4709331861
  [9,2,521] 25685.4709329811
  [9,2,522] 25781.3163742730
  [9,2,523] 25528.0029155239
  [9,2,524] 25877.1618153600
  [9,2,525] 25623.8483566109
  [9,2,526] 25719.6937979029
  [9,2,527] 25466.3803391538
  [9,2,528] 25815.5392389898
  [9,2,529] 25562.2257802407
  [9,2,530] 25658.0712215327
  [9,2,531] 25404.7577627836
  [9,2,532] 25753.9166626196
  [9,2,533] 25500.6032038706
  [9,2,534] 25596.4486451625
  [9,2,535] 25343.1351864135
  [9,2,536] 25692.2940862495
  [9,2,537] 25692.2940860445
  [9,2,538] 25788.1395273364
  [9,2,539] 25534.8260685874
  [9,2,540] 25883.9849684234
  [9,2,541] 25630.6715096743
  [9,2,542] 25726.5169509663
  [9,2,543] 25473.2034922172
  [9,2,544] 25822.3623920532
  [9,2,545] 25569.0489333042
  [9,2,546] 25664.8943745961
  [9,2,547] 25411.5809158471
  [9,2,548] 25760.7398156830
  [9,2,549] 25507.4263569340
  [9,2,550] 25603.2717982259
  [9,2,551] 25349.9583394769
  [9,2,552] 25699.1172393129
  [9,2,553] 25699.1172391079
  [9,2,554] 25794.9626803998
  [9,2,555] 25541.6492216508
  [9,2,556] 25890.8081214868
  [9,2,557] 25637.4946627377
  [9,2,558] 25733.3401040297
  [9,2,559] 25480.0266452806
  [9,2,560] 25829.1855451166
  [9,2,561] 25575.8720863676
  [9,2,562] 25671.7175276595
  [9,2,563] 25418.4040689105
  [9,2,564] 25767.5629687465
  [9,2,565] 25514.2495099974
  [9,2,566] 25610.0949512894
  [9,2,567] 25356.7814925403
  [9,2,568] 25705.9403923763
  [9,2,569] 25705.9403921713
  [9,2,570] 25801.7858334633
  [9,2,571] 25548.4723747142
  [9,2,572] 25897.6312745502
  [9,2,573] 25897.6312743452
  [9,2,574] 25993.4767156371
  [9,2,575] 25740.1632568881
  [9,2,576] 26089.3221567241
  [9,2,577] 25836.0086979750
  [9,2,578] 25931.8541392670
  [9,2,579] 25678.5406805179
  [9,2,580] 26027.6995803539
  [9,2,581] 25774.3861216049
  [9,2,582] 25521.0726628558
  [9,2,583] 25267.7592041068
  [9,2,584] 25616.9181039472
  [9,2,585] 25616.9181037422
  [9,2,586] 25712.7635450341
  [9,2,587] 25459.4500862851
  [9,2,588] 25808.6089861211
  [9,2,589] 25555.2955273720
  [9,2,590] 25651.1409686640
  [9,2,591] 25397.8275099149
  [9,2,592] 25746.9864097509
  [9,2,593] 25493.6729510018
  [9,2,594] 25589.5183922938
  [9,2,595] 25336.2049335447
  [9,2,596] 25685.3638333808
  [9,2,597] 25432.0503746317
  [9,2,598] 25527.8958159236
  [9,2,599] 25274.5823571746
  [9,2,600] 25623.7412570106
  [9,2,601] 25623.7412568056
  [9,2,602] 25719.5866980975
  [9,2,603] 25466.2732393485
  [9,2,604] 25815.4321391845
  [9,2,605] 25562.1186804354
  [9,2,606] 25657.9641217274
  [9,2,607] 25404.6506629783
  [9,2,608] 25753.8095628143
  [9,2,609] 25500.4961040653
  [9,2,610] 25596.3415453572
  [9,2,611] 25343.0280866082
  [9,2,612] 25692.1869864442
  [9,2,613] 25438.8735276951
  [9,2,614] 25534.7189689871
  [9,2,615] 25281.4055102380
  [9,2,616] 25630.5644100740
  [9,2,617] 25630.5644098690
  [9,2,618] 25726.4098511609
  [9,2,619] 25473.0963924119
  [9,2,620] 25822.2552922479
  [9,2,621] 25568.9418334988
  [9,2,622] 25664.7872747908
  [9,2,623] 25411.4738160417
  [9,2,624] 25760.6327158777
  [9,2,625] 25507.3192571287
  [9,2,626] 25603.1646984206
  [9,2,627] 25349.8512396716
  [9,2,628] 25699.0101395076
  [9,2,629] 25445.6966807585
  [9,2,630] 25541.5421220505
  [9,2,631] 25288.2286633014
  [9,2,632] 25637.3875631374
  [9,2,633] 25637.3875629324
  [9,2,634] 25733.2330042244
  [9,2,635] 25479.9195454753
  [9,2,636] 25829.0784453113
  [9,2,637] 25575.7649865623
  [9,2,638] 25671.6104278542
  [9,2,639] 25418.2969691052
  [9,2,640] 25767.4558689411
  [9,2,641] 25514.1424101921
  [9,2,642] 25609.9878514840
  [9,2,643] 25356.6743927350
  [9,2,644] 25705.8332925710
  [9,2,645] 25452.5198338219
  [9,2,646] 25548.3652751139
  [9,2,647] 25295.0518163648
  [9,2,648] 25644.2107162008
  [9,2,649] 25644.2107159958
  [9,2,650] 25740.0561572878
  [9,2,651] 25486.7426985387
  [9,2,652] 25835.9015983747
  [9,2,653] 25582.5881396257
  [9,2,654] 25678.4335809176
  [9,2,655] 25425.1201221686
  [9,2,656] 25774.2790220046
  [9,2,657] 25870.1244632965
  [9,2,658] 25965.9699045885
  [9,2,659] 25712.6564458394
  [9,2,660] 26061.8153456754
  [9,2,661] 26157.6607869673
  [9,2,662] 25904.3473282183
  [9,2,663] 26000.1927695102
  [9,2,664] 26000.1927693052
  [9,2,665] 26000.1927691002
  [9,2,666] 25746.8793103512
  [9,2,667] 25493.5658516021
  [9,2,668] 25493.5658513971
  [9,2,669] 25240.2523926481
  [9,2,670] 25336.0978339400
  [9,2,671] 25431.9432752320
  [9,2,672] 25781.1021750680
  [9,2,673] 25876.9476163599
  [9,2,674] 25623.6341576109
  [9,2,675] 25370.3206988618
  [9,2,676] 25719.4795986978
  [9,2,677] 25815.3250399898
  [9,2,678] 25911.1704812817
  [9,2,679] 26007.0159225736
  [9,2,680] 26007.0159223686
  [9,2,681] 26102.8613636606
  [9,2,682] 26198.7068049525
  [9,2,683] 25945.3933462035
  [9,2,684] 25945.3933459985
  [9,2,685] 25692.0798872494
  [9,2,686] 25438.7664285004
  [9,2,687] 25534.6118697923
  [9,2,688] 25883.7707696283
  [9,2,689] 26232.9296694643
  [9,2,690] 25979.6162107153
  [9,2,691] 25726.3027519662
  [9,2,692] 25726.3027517612
  [9,2,693] 25822.1481930532
  [9,2,694] 25568.8347343041
  [9,2,695] 25664.6801755961
  [9,2,696] 25664.6801753911
  [9,2,697] 25760.5256166830
  [9,2,698] 25856.3710579749
  [9,2,699] 25603.0575992259
  [9,2,700] 25952.2164990619
  [9,2,701] 26048.0619403538
  [9,2,702] 26143.9073816458
  [9,2,703] 25890.5939228967
  [9,2,704] 26239.7528227327
  [9,2,705] 25986.4393639837
  [9,2,706] 25733.1259052346
  [9,2,707] 25479.8124464856
  [9,2,708] 25575.6578877775
  [9,2,709] 25671.5033290695
  [9,2,710] 26020.6622289055
  [9,2,711] 25767.3487701564
  [9,2,712] 25514.0353114074
  [9,2,713] 25609.8807526993
  [9,2,714] 25609.8807524943
  [9,2,715] 25356.5672937453
  [9,2,716] 25103.2538349962
  [9,2,717] 24849.9403762472
  [9,2,718] 24596.6269174981
  [9,2,719] 24343.3134587490
  [9,2,720] 24090.0000000000
  [9,3,0] 24090.0000000000
  [9,3,1] 24084.8194705802
  [9,3,2] 24180.6649118722
  [9,3,3] 24276.5103531641
  [9,3,4] 24276.5103529591
  [9,3,5] 24023.1968942101
  [9,3,6] 23769.8834354610
  [9,3,7] 24119.0423352970
  [9,3,8] 24214.8877765890
  [9,3,9] 23961.5743178399
  [9,3,10] 23708.2608590909
  [9,3,11] 23804.1063003828
  [9,3,12] 23804.1063001778
  [9,3,13] 23550.7928414287
  [9,3,14] 23297.4793826797
  [9,3,15] 23297.4793824747
  [9,3,16] 23297.4793822697
  [9,3,17] 23393.3248235616
  [9,3,18] 23140.0113648126
  [9,3,19] 23140.0113646076
  [9,3,20] 22886.6979058585
  [9,3,21] 22982.5433471505
  [9,3,22] 22729.2298884014
  [9,3,23] 23078.3887882374
  [9,3,24] 23078.3887880324
  [9,3,25] 23174.2342293244
  [9,3,26] 22920.9207705753
  [9,3,27] 23270.0796704113
  [9,3,28] 23016.7662116623
  [9,3,29] 22763.4527529132
  [9,3,30] 22510.1392941642
  [9,3,31] 22859.2981940002
  [9,3,32] 22955.1436352921
  [9,3,33] 23050.9890765841
  [9,3,34] 22797.6756178350
  [9,3,35] 23146.8345176710
  [9,3,36] 22893.5210589219
  [9,3,37] 22640.2076001729
  [9,3,38] 22736.0530414648
  [9,3,39] 23085.2119413008
  [9,3,40] 23085.2119410958
  [9,3,41] 22831.8984823468
  [9,3,42] 22578.5850235977
  [9,3,43] 22927.7439234337
  [9,3,44] 22674.4304646847
  [9,3,45] 22421.1170059356
  [9,3,46] 22516.9624472276
  [9,3,47] 22516.9624470226
  [9,3,48] 22263.6489882735
  [9,3,49] 22359.4944295655
  [9,3,50] 22106.1809708164
  [9,3,51] 22455.3398706524
  [9,3,52] 22202.0264119034
  [9,3,53] 22297.8718531953
  [9,3,54] 22393.7172944873
  [9,3,55] 22393.7172942823
  [9,3,56] 22393.7172940773
  [9,3,57] 22489.5627353692
  [9,3,58] 22236.2492766202
  [9,3,59] 22236.2492764152
  [9,3,60] 22332.0947177071
  [9,3,61] 22427.9401589990
  [9,3,62] 22523.7856002910
  [9,3,63] 22872.9445001270
  [9,3,64] 22619.6310413779
  [9,3,65] 22715.4764826699
  [9,3,66] 22811.3219239618
  [9,3,67] 23160.4808237978
  [9,3,68] 23256.3262650898
  [9,3,69] 23352.1717063817
  [9,3,70] 23448.0171476737
  [9,3,71] 23797.1760475097
  [9,3,72] 23797.1760473047
  [9,3,73] 23543.8625885556
  [9,3,74] 23639.7080298475
  [9,3,75] 23639.7080296425
  [9,3,76] 23735.5534709345
  [9,3,77] 23482.2400121854
  [9,3,78] 23228.9265534364
  [9,3,79] 23228.9265532314
  [9,3,80] 23324.7719945233
  [9,3,81] 23071.4585357743
  [9,3,82] 23167.3039770662
  [9,3,83] 23167.3039768612
  [9,3,84] 23263.1494181532
  [9,3,85] 23009.8359594041
  [9,3,86] 23105.6814006961
  [9,3,87] 23105.6814004911
  [9,3,88] 23454.8403003271
  [9,3,89] 23550.6857416190
  [9,3,90] 23297.3722828700
  [9,3,91] 23297.3722826650
  [9,3,92] 23646.5311825009
  [9,3,93] 23393.2177237519
  [9,3,94] 23489.0631650438
  [9,3,95] 23838.2220648799
  [9,3,96] 23584.9086061308
  [9,3,97] 23680.7540474227
  [9,3,98] 23776.5994887147
  [9,3,99] 23776.5994885097
  [9,3,100] 23523.2860297606
  [9,3,101] 23619.1314710526
  [9,3,102] 23714.9769123445
  [9,3,103] 23714.9769121395
  [9,3,104] 23810.8223534315
  [9,3,105] 23906.6677947234
  [9,3,106] 24002.5132360154
  [9,3,107] 24351.6721358514
  [9,3,108] 24700.8310356874
  [9,3,109] 24447.5175769383
  [9,3,110] 24543.3630182303
  [9,3,111] 24543.3630180253
  [9,3,112] 24290.0495592762
  [9,3,113] 24036.7361005271
  [9,3,114] 24132.5815418191
  [9,3,115] 24132.5815416141
  [9,3,116] 23879.2680828650
  [9,3,117] 23975.1135241570
  [9,3,118] 24070.9589654489
  [9,3,119] 24420.1178652849
  [9,3,120] 24515.9633065769
  [9,3,121] 24262.6498478278
  [9,3,122] 24358.4952891198
  [9,3,123] 24707.6541889558
  [9,3,124] 24707.6541887508
  [9,3,125] 24803.4996300427
  [9,3,126] 24550.1861712937
  [9,3,127] 24296.8727125446
  [9,3,128] 24427.5071892225
  [9,3,129] 24516.4023190758
  [9,3,130] 24263.0888603267
  [9,3,131] 24358.9343016186
  [9,3,132] 24454.7797429106
  [9,3,133] 24803.9386427466
  [9,3,134] 24803.9386425416
  [9,3,135] 24550.6251837925
  [9,3,136] 24297.3117250435
  [9,3,137] 24646.4706248795
  [9,3,138] 24393.1571661304
  [9,3,139] 24139.8437073814
  [9,3,140] 23886.5302486323
  [9,3,141] 23886.5302484273
  [9,3,142] 23633.2167896783
  [9,3,143] 23729.0622309702
  [9,3,144] 23475.7487722212
  [9,3,145] 23824.9076720572
  [9,3,146] 23571.5942133081
  [9,3,147] 23667.4396546000
  [9,3,148] 23414.1261958510
  [9,3,149] 23414.1261956460
  [9,3,150] 23763.2850954820
  [9,3,151] 23859.1305367739
  [9,3,152] 23954.9759780659
  [9,3,153] 23954.9759778609
  [9,3,154] 24050.8214191528
  [9,3,155] 23797.5079604038
  [9,3,156] 23893.3534016957
  [9,3,157] 24242.5123015317
  [9,3,158] 23989.1988427827
  [9,3,159] 23735.8853840336
  [9,3,160] 23831.7308253256
  [9,3,161] 23831.7308251206
  [9,3,162] 23927.5762664125
  [9,3,163] 24023.4217077045
  [9,3,164] 24119.2671489964
  [9,3,165] 24119.2671487914
  [9,3,166] 24468.4260486274
  [9,3,167] 24215.1125898784
  [9,3,168] 24310.9580311703
  [9,3,169] 24310.9580309653
  [9,3,170] 24406.8034722572
  [9,3,171] 24153.4900135082
  [9,3,172] 24249.3354548001
  [9,3,173] 24249.3354545951
  [9,3,174] 24345.1808958871
  [9,3,175] 24091.8674371380
  [9,3,176] 24187.7128784300
  [9,3,177] 24536.8717782660
  [9,3,178] 24283.5583195169
  [9,3,179] 24379.4037608089
  [9,3,180] 24126.0903020598
  [9,3,181] 24475.2492018958
  [9,3,182] 24475.2492016908
  [9,3,183] 24571.0946429828
  [9,3,184] 24317.7811842337
  [9,3,185] 24666.9400840697
  [9,3,186] 24413.6266253206
  [9,3,187] 24509.4720666126
  [9,3,188] 24256.1586078635
  [9,3,189] 24605.3175076996
  [9,3,190] 24352.0040489505
  [9,3,191] 24447.8494902424
  [9,3,192] 24194.5360314934
  [9,3,193] 24543.6949313294
  [9,3,194] 24290.3814725803
  [9,3,195] 24386.2269138723
  [9,3,196] 24132.9134551232
  [9,3,197] 24482.0723549592
  [9,3,198] 24482.0723547542
  [9,3,199] 24577.9177960462
  [9,3,200] 24324.6043372971
  [9,3,201] 24324.6043370921
  [9,3,202] 24071.2908783431
  [9,3,203] 24167.1363196350
  [9,3,204] 23913.8228608860
  [9,3,205] 24262.9817607220
  [9,3,206] 24009.6683019729
  [9,3,207] 24105.5137432649
  [9,3,208] 23852.2002845158
  [9,3,209] 24201.3591843518
  [9,3,210] 23948.0457256028
  [9,3,211] 24043.8911668947
  [9,3,212] 23790.5777081456
  [9,3,213] 24139.7366079816
  [9,3,214] 23886.4231492326
  [9,3,215] 23982.2685905245
  [9,3,216] 23728.9551317755
  [9,3,217] 24078.1140316115
  [9,3,218] 24078.1140314065
  [9,3,219] 24173.9594726984
  [9,3,220] 24269.8049139904
  [9,3,221] 24269.8049137854
  [9,3,222] 24618.9638136214
  [9,3,223] 24365.6503548723
  [9,3,224] 24461.4957961643
  [9,3,225] 24461.4957959593
  [9,3,226] 24557.3412372512
  [9,3,227] 24304.0277785022
  [9,3,228] 24399.8732197941
  [9,3,229] 24399.8732195891
  [9,3,230] 24495.7186608811
  [9,3,231] 24242.4052021320
  [9,3,232] 24338.2506434239
  [9,3,233] 24338.2506432189
  [9,3,234] 24434.0960845109
  [9,3,235] 24180.7826257618
  [9,3,236] 24276.6280670538
  [9,3,237] 24276.6280668488
  [9,3,238] 24625.7869666848
  [9,3,239] 24372.4735079357
  [9,3,240] 24468.3189492277
  [9,3,241] 24468.3189490227
  [9,3,242] 24564.1643903146
  [9,3,243] 24310.8509315656
  [9,3,244] 24406.6963728575
  [9,3,245] 24406.6963726525
  [9,3,246] 24502.5418139445
  [9,3,247] 24249.2283551954
  [9,3,248] 24345.0737964874
  [9,3,249] 24617.8460722770
  [9,3,250] 24364.5326135280
  [9,3,251] 24111.2191547789
  [9,3,252] 24460.3780546149
  [9,3,253] 24207.0645958658
  [9,3,254] 24302.9100371578
  [9,3,255] 24049.5965784087
  [9,3,256] 24398.7554782447
  [9,3,257] 24494.6009195367
  [9,3,258] 24241.2874607876
  [9,3,259] 23987.9740020386
  [9,3,260] 24337.1329018746
  [9,3,261] 24337.1329016696
  [9,3,262] 24432.9783429615
  [9,3,263] 24179.6648842125
  [9,3,264] 24528.8237840485
  [9,3,265] 24275.5103252994
  [9,3,266] 24371.3557665914
  [9,3,267] 24118.0423078423
  [9,3,268] 24467.2012076783
  [9,3,269] 24213.8877489292
  [9,3,270] 24309.7331902212
  [9,3,271] 24056.4197314721
  [9,3,272] 24405.5786313081
  [9,3,273] 24501.4240726001
  [9,3,274] 24248.1106138510
  [9,3,275] 24343.9560551430
  [9,3,276] 24343.9560549380
  [9,3,277] 24439.8014962299
  [9,3,278] 24186.4880374809
  [9,3,279] 24282.3334787728
  [9,3,280] 24282.3334785678
  [9,3,281] 24631.4923784038
  [9,3,282] 24378.1789196548
  [9,3,283] 24474.0243609467
  [9,3,284] 24474.0243607417
  [9,3,285] 24569.8698020336
  [9,3,286] 24316.5563432846
  [9,3,287] 24412.4017845765
  [9,3,288] 24412.4017843715
  [9,3,289] 24508.2472256635
  [9,3,290] 24604.0926669554
  [9,3,291] 24350.7792082064
  [9,3,292] 24699.9381080424
  [9,3,293] 24446.6246492933
  [9,3,294] 24542.4700905853
  [9,3,295] 24289.1566318362
  [9,3,296] 24289.1566316312
  [9,3,297] 24035.8431728822
  [9,3,298] 24131.6886141741
  [9,3,299] 23878.3751554251
  [9,3,300] 24227.5340552611
  [9,3,301] 24227.5340550561
  [9,3,302] 24323.3794963480
  [9,3,303] 24070.0660375990
  [9,3,304] 24419.2249374349
  [9,3,305] 24165.9114786859
  [9,3,306] 24261.7569199778
  [9,3,307] 24008.4434612288
  [9,3,308] 24357.6023610648
  [9,3,309] 24104.2889023157
  [9,3,310] 24200.1343436077
  [9,3,311] 23946.8208848586
  [9,3,312] 24295.9797846946
  [9,3,313] 24042.6663259456
  [9,3,314] 24138.5117672375
  [9,3,315] 23885.1983084885
  [9,3,316] 24234.3572083245
  [9,3,317] 23981.0437495754
  [9,3,318] 24076.8891908674
  [9,3,319] 23823.5757321183
  [9,3,320] 24172.7346319543
  [9,3,321] 24172.7346317493
  [9,3,322] 24268.5800730412
  [9,3,323] 24015.2666142922
  [9,3,324] 24364.4255141282
  [9,3,325] 24111.1120553791
  [9,3,326] 24206.9574966711
  [9,3,327] 23953.6440379220
  [9,3,328] 24302.8029377580
  [9,3,329] 24049.4894790090
  [9,3,330] 24145.3349203009
  [9,3,331] 23892.0214615519
  [9,3,332] 24241.1803613879
  [9,3,333] 23987.8669026388
  [9,3,334] 24083.7123439308
  [9,3,335] 23830.3988851817
  [9,3,336] 24179.5577850177
  [9,3,337] 23926.2443262687
  [9,3,338] 24022.0897675606
  [9,3,339] 23768.7763088115
  [9,3,340] 24117.9352086475
  [9,3,341] 24117.9352084425
  [9,3,342] 24213.7806497345
  [9,3,343] 23960.4671909854
  [9,3,344] 24309.6260908214
  [9,3,345] 24309.6260906164
  [9,3,346] 24405.4715319084
  [9,3,347] 24152.1580731593
  [9,3,348] 24501.3169729953
  [9,3,349] 24248.0035142463
  [9,3,350] 24343.8489555382
  [9,3,351] 24090.5354967892
  [9,3,352] 24439.6943966252
  [9,3,353] 24186.3809378761
  [9,3,354] 24282.2263791680
  [9,3,355] 24028.9129204190
  [9,3,356] 24378.0718202550
  [9,3,357] 24378.0718200500
  [9,3,358] 24473.9172613419
  [9,3,359] 24220.6038025929
  [9,3,360] 24569.7627024289
  [9,3,361] 24316.4492436798
  [9,3,362] 24412.2946849718
  [9,3,363] 24158.9812262227
  [9,3,364] 24508.1401260587
  [9,3,365] 24254.8266673097
  [9,3,366] 24350.6721086016
  [9,3,367] 24097.3586498526
  [9,3,368] 24446.5175496886
  [9,3,369] 24193.2040909395
  [9,3,370] 24289.0495322315
  [9,3,371] 24035.7360734824
  [9,3,372] 24384.8949733184
  [9,3,373] 24384.8949731134
  [9,3,374] 24480.7404144054
  [9,3,375] 24227.4269556563
  [9,3,376] 24576.5858554923
  [9,3,377] 24323.2723967432
  [9,3,378] 24419.1178380352
  [9,3,379] 24165.8043792861
  [9,3,380] 24514.9632791221
  [9,3,381] 24261.6498203731
  [9,3,382] 24357.4952616650
  [9,3,383] 24104.1818029160
  [9,3,384] 24453.3407027520
  [9,3,385] 24200.0272440029
  [9,3,386] 24295.8726852949
  [9,3,387] 24042.5592265458
  [9,3,388] 24391.7181263818
  [9,3,389] 24391.7181261768
  [9,3,390] 24487.5635674688
  [9,3,391] 24234.2501087197
  [9,3,392] 24583.4090085557
  [9,3,393] 24330.0955498066
  [9,3,394] 24425.9409910986
  [9,3,395] 24172.6275323495
  [9,3,396] 24521.7864321855
  [9,3,397] 24268.4729734365
  [9,3,398] 24364.3184147284
  [9,3,399] 24111.0049559794
  [9,3,400] 24460.1638558154
  [9,3,401] 24206.8503970663
  [9,3,402] 24302.6958383583
  [9,3,403] 24049.3823796092
  [9,3,404] 24398.5412794452
  [9,3,405] 24145.2278206962
  [9,3,406] 24241.0732619881
  [9,3,407] 23987.7598032390
  [9,3,408] 24336.9187030751
  [9,3,409] 24336.9187028701
  [9,3,410] 24432.7641441620
  [9,3,411] 24179.4506854129
  [9,3,412] 24528.6095852489
  [9,3,413] 24275.2961264999
  [9,3,414] 24371.1415677918
  [9,3,415] 24117.8281090428
  [9,3,416] 24466.9870088788
  [9,3,417] 24213.6735501297
  [9,3,418] 24309.5189914217
  [9,3,419] 24056.2055326726
  [9,3,420] 24405.3644325086
  [9,3,421] 24152.0509737596
  [9,3,422] 24247.8964150515
  [9,3,423] 23994.5829563024
  [9,3,424] 24343.7418561385
  [9,3,425] 24343.7418559335
  [9,3,426] 24439.5872972254
  [9,3,427] 24186.2738384763
  [9,3,428] 24535.4327383123
  [9,3,429] 24282.1192795633
  [9,3,430] 24377.9647208552
  [9,3,431] 24124.6512621062
  [9,3,432] 24473.8101619422
  [9,3,433] 24220.4967031931
  [9,3,434] 24316.3421444851
  [9,3,435] 24063.0286857360
  [9,3,436] 24412.1875855720
  [9,3,437] 24158.8741268230
  [9,3,438] 24254.7195681149
  [9,3,439] 24001.4061093659
  [9,3,440] 24350.5650092019
  [9,3,441] 24350.5650089969
  [9,3,442] 24446.4104502888
  [9,3,443] 24193.0969915398
  [9,3,444] 24542.2558913757
  [9,3,445] 24288.9424326267
  [9,3,446] 24384.7878739186
  [9,3,447] 24131.4744151696
  [9,3,448] 24480.6333150056
  [9,3,449] 24227.3198562565
  [9,3,450] 24323.1652975485
  [9,3,451] 24069.8518387994
  [9,3,452] 24419.0107386354
  [9,3,453] 24165.6972798864
  [9,3,454] 24261.5427211783
  [9,3,455] 24008.2292624293
  [9,3,456] 24357.3881622653
  [9,3,457] 24357.3881620603
  [9,3,458] 24453.2336033522
  [9,3,459] 24199.9201446032
  [9,3,460] 24549.0790444391
  [9,3,461] 24295.7655856901
  [9,3,462] 24391.6110269820
  [9,3,463] 24138.2975682330
  [9,3,464] 24487.4564680690
  [9,3,465] 24234.1430093199
  [9,3,466] 24329.9884506119
  [9,3,467] 24076.6749918628
  [9,3,468] 24425.8338916988
  [9,3,469] 24172.5204329498
  [9,3,470] 24268.3658742417
  [9,3,471] 24015.0524154927
  [9,3,472] 24364.2113153287
  [9,3,473] 24364.2113151237
  [9,3,474] 24460.0567564156
  [9,3,475] 24206.7432976666
  [9,3,476] 24555.9021975025
  [9,3,477] 24302.5887387535
  [9,3,478] 24398.4341800454
  [9,3,479] 24145.1207212964
  [9,3,480] 24494.2796211324
  [9,3,481] 24240.9661623833
  [9,3,482] 24336.8116036753
  [9,3,483] 24083.4981449262
  [9,3,484] 24432.6570447622
  [9,3,485] 24179.3435860132
  [9,3,486] 24275.1890273051
  [9,3,487] 24021.8755685561
  [9,3,488] 24371.0344683921
  [9,3,489] 24466.8799096840
  [9,3,490] 24213.5664509350
  [9,3,491] 24309.4118922269
  [9,3,492] 24309.4118920219
  [9,3,493] 24658.5707918579
  [9,3,494] 24405.2573331088
  [9,3,495] 24501.1027744008
  [9,3,496] 24501.1027741958
  [9,3,497] 24596.9482154877
  [9,3,498] 24343.6347567387
  [9,3,499] 24439.4801980306
  [9,3,500] 24439.4801978256
  [9,3,501] 24535.3256391176
  [9,3,502] 24282.0121803685
  [9,3,503] 24377.8576216605
  [9,3,504] 24377.8576214555
  [9,3,505] 24473.7030627474
  [9,3,506] 24220.3896039984
  [9,3,507] 24316.2350452903
  [9,3,508] 24316.2350450853
  [9,3,509] 24412.0804863773
  [9,3,510] 24158.7670276282
  [9,3,511] 24254.6124689201
  [9,3,512] 24254.6124687151
  [9,3,513] 24603.7713685511
  [9,3,514] 24350.4579098021
  [9,3,515] 24446.3033510940
  [9,3,516] 24446.3033508890
  [9,3,517] 24542.1487921810
  [9,3,518] 24288.8353334319
  [9,3,519] 24384.6807747239
  [9,3,520] 24384.6807745189
  [9,3,521] 24480.5262158108
  [9,3,522] 24227.2127570618
  [9,3,523] 24323.0581983537
  [9,3,524] 24323.0581981487
  [9,3,525] 24418.9036394407
  [9,3,526] 24165.5901806916
  [9,3,527] 24261.4356219835
  [9,3,528] 24261.4356217785
  [9,3,529] 24357.2810630705
  [9,3,530] 24103.9676043214
  [9,3,531] 24199.8130456134
  [9,3,532] 24199.8130454084
  [9,3,533] 24548.9719452444
  [9,3,534] 24295.6584864953
  [9,3,535] 24391.5039277873
  [9,3,536] 24391.5039275823
  [9,3,537] 24740.6628274183
  [9,3,538] 24487.3493686692
  [9,3,539] 24583.1948099612
  [9,3,540] 24583.1948097562
  [9,3,541] 24679.0402510481
  [9,3,542] 24425.7267922991
  [9,3,543] 24521.5722335910
  [9,3,544] 24521.5722333860
  [9,3,545] 24617.4176746779
  [9,3,546] 24364.1042159289
  [9,3,547] 24459.9496572208
  [9,3,548] 24459.9496570158
  [9,3,549] 24555.7950983078
  [9,3,550] 24302.4816395587
  [9,3,551] 24398.3270808507
  [9,3,552] 24398.3270806457
  [9,3,553] 24747.4859804817
  [9,3,554] 24494.1725217326
  [9,3,555] 24590.0179630246
  [9,3,556] 24590.0179628196
  [9,3,557] 24685.8634041115
  [9,3,558] 24432.5499453625
  [9,3,559] 24528.3953866544
  [9,3,560] 24528.3953864494
  [9,3,561] 24624.2408277414
  [9,3,562] 24370.9273689923
  [9,3,563] 24466.7728102842
  [9,3,564] 24466.7728100792
  [9,3,565] 24562.6182513712
  [9,3,566] 24309.3047926221
  [9,3,567] 24405.1502339141
  [9,3,568] 24405.1502337091
  [9,3,569] 24500.9956750010
  [9,3,570] 24247.6822162520
  [9,3,571] 24343.5276575439
  [9,3,572] 24343.5276573389
  [9,3,573] 24692.6865571749
  [9,3,574] 24439.3730984259
  [9,3,575] 24535.2185397178
  [9,3,576] 24535.2185395128
  [9,3,577] 24631.0639808048
  [9,3,578] 24377.7505220557
  [9,3,579] 24473.5959633476
  [9,3,580] 24473.5959631426
  [9,3,581] 24569.4414044346
  [9,3,582] 24316.1279456855
  [9,3,583] 24411.9733869775
  [9,3,584] 24411.9733867725
  [9,3,585] 24507.8188280644
  [9,3,586] 24254.5053693154
  [9,3,587] 24350.3508106073
  [9,3,588] 24350.3508104023
  [9,3,589] 24699.5097102383
  [9,3,590] 24446.1962514893
  [9,3,591] 24542.0416927812
  [9,3,592] 24542.0416925762
  [9,3,593] 24288.7282338272
  [9,3,594] 24384.5736751191
  [9,3,595] 24131.2602163701
  [9,3,596] 24480.4191162061
  [9,3,597] 24227.1056574570
  [9,3,598] 24322.9510987489
  [9,3,599] 24069.6376399999
  [9,3,600] 24418.7965398359
  [9,3,601] 24165.4830810868
  [9,3,602] 24261.3285223788
  [9,3,603] 24008.0150636297
  [9,3,604] 24357.1739634657
  [9,3,605] 24357.1739632607
  [9,3,606] 24453.0194045527
  [9,3,607] 24199.7059458036
  [9,3,608] 24548.8648456396
  [9,3,609] 24295.5513868906
  [9,3,610] 24391.3968281825
  [9,3,611] 24138.0833694335
  [9,3,612] 24487.2422692695
  [9,3,613] 24233.9288105204
  [9,3,614] 24329.7742518123
  [9,3,615] 24076.4607930633
  [9,3,616] 24425.6196928993
  [9,3,617] 24172.3062341502
  [9,3,618] 24268.1516754422
  [9,3,619] 24014.8382166931
  [9,3,620] 24363.9971165291
  [9,3,621] 24363.9971163241
  [9,3,622] 24459.8425576161
  [9,3,623] 24206.5290988670
  [9,3,624] 24555.6879987030
  [9,3,625] 24302.3745399540
  [9,3,626] 24398.2199812459
  [9,3,627] 24144.9065224969
  [9,3,628] 24494.0654223329
  [9,3,629] 24240.7519635838
  [9,3,630] 24336.5974048758
  [9,3,631] 24083.2839461267
  [9,3,632] 24432.4428459627
  [9,3,633] 24179.1293872136
  [9,3,634] 24274.9748285056
  [9,3,635] 24021.6613697565
  [9,3,636] 24370.8202695925
  [9,3,637] 24370.8202693875
  [9,3,638] 24466.6657106795
  [9,3,639] 24213.3522519304
  [9,3,640] 24562.5111517664
  [9,3,641] 24309.1976930174
  [9,3,642] 24405.0431343093
  [9,3,643] 24151.7296755603
  [9,3,644] 24500.8885753963
  [9,3,645] 24247.5751166472
  [9,3,646] 24343.4205579392
  [9,3,647] 24090.1070991901
  [9,3,648] 24439.2659990261
  [9,3,649] 24185.9525402770
  [9,3,650] 24281.7979815690
  [9,3,651] 24028.4845228199
  [9,3,652] 24377.6434226559
  [9,3,653] 24377.6434224509
  [9,3,654] 24473.4888637429
  [9,3,655] 24220.1754049938
  [9,3,656] 24569.3343048298
  [9,3,657] 24316.0208460808
  [9,3,658] 24411.8662873727
  [9,3,659] 24158.5528286237
  [9,3,660] 24507.7117284597
  [9,3,661] 24254.3982697106
  [9,3,662] 24350.2437110026
  [9,3,663] 24096.9302522535
  [9,3,664] 24446.0891520895
  [9,3,665] 24541.9345933815
  [9,3,666] 24288.6211346324
  [9,3,667] 24384.4665759244
  [9,3,668] 24384.4665757194
  [9,3,669] 24384.4665755144
  [9,3,670] 24131.1531167653
  [9,3,671] 24226.9985580572
  [9,3,672] 24226.9985578522
  [9,3,673] 24322.8439991442
  [9,3,674] 24069.5305403951
  [9,3,675] 24165.3759816871
  [9,3,676] 24514.5348815231
  [9,3,677] 24610.3803228150
  [9,3,678] 24706.2257641070
  [9,3,679] 24452.9123053579
  [9,3,680] 24452.9123051529
  [9,3,681] 24548.7577464449
  [9,3,682] 24644.6031877368
  [9,3,683] 24391.2897289878
  [9,3,684] 24740.4486288237
  [9,3,685] 24487.1351700747
  [9,3,686] 24582.9806113666
  [9,3,687] 24329.6671526176
  [9,3,688] 24678.8260524582
  [9,3,689] 24678.8260522532
  [9,3,690] 24425.5125935042
  [9,3,691] 24521.3580347961
  [9,3,692] 24870.5169346321
  [9,3,693] 24966.3623759241
  [9,3,694] 24713.0489171750
  [9,3,695] 24808.8943584670
  [9,3,696] 24808.8943582620
  [9,3,697] 24904.7397995539
  [9,3,698] 25000.5852408458
  [9,3,699] 25096.4306821378
  [9,3,700] 25096.4306819328
  [9,3,701] 24843.1172231837
  [9,3,702] 24589.8037644347
  [9,3,703] 24685.6492057266
  [9,3,704] 25034.8081055626
  [9,3,705] 24781.4946468136
  [9,3,706] 24877.3400881055
  [9,3,707] 25226.4989879415
  [9,3,708] 24973.1855291925
  [9,3,709] 24719.8720704434
  [9,3,710] 25069.0309702794
  [9,3,711] 25164.8764115714
  [9,3,712] 24911.5629528223
  [9,3,713] 24658.2494940733
  [9,3,714] 24658.2494938683
  [9,3,715] 24404.9360351192
  [9,3,716] 24151.6225763702
  [9,3,717] 23898.3091176211
  [9,3,718] 24247.4680174571
  [9,3,719] 24343.3134587490
  [9,3,720] 24090.0000000000
;
