scenario,probability,case,case_name,duration_h,start,direction,F_PHYS_MW,F_RM_MW,retained_ratio,loss_MW,baseline_window_avg_MW,base_p2a_tau_MW,base_h2_prev_kg,base_used_matching_margin_tau_MW,base_available_matching_headroom_tau_MW
1,0.145038167939,1,MONTHLY,1,1,INC,18.2752499258,18.2752499258,1.0000000000,0.0000000000,89.0519520000,89.0519520000,13515.5000000000,5.0328349536,73.2737329536
1,0.145038167939,1,MONTHLY,1,1,DEC,86.6576714997,86.6576714997,1.0000000000,0.0000000000,89.0519520000,89.0519520000,13515.5000000000,5.0328349536,73.2737329536
1,0.145038167939,1,MONTHLY,1,7,INC,18.2752499258,18.2752499258,1.0000000000,0.0000000000,89.0519520000,89.0519520000,12687.5008449402,5.0328349536,114.8234209536
1,0.145038167939,1,MONTHLY,1,7,DEC,86.6576714997,86.6576714997,1.0000000000,0.0000000000,89.0519520000,89.0519520000,12687.5008449402,5.0328349536,114.8234209536
1,0.145038167939,1,MONTHLY,1,13,INC,18.2752499258,18.2752499258,1.0000000000,0.0000000000,89.0519520000,89.0519520000,11859.5016898803,5.0328349536,117.0502499536
1,0.145038167939,1,MONTHLY,1,13,DEC,86.6576714997,86.6576714997,1.0000000000,0.0000000000,89.0519520000,89.0519520000,11859.5016898803,5.0328349536,117.0502499536
1,0.145038167939,1,MONTHLY,1,19,INC,18.2752499258,18.2752499258,1.0000000000,0.0000000000,89.0519520000,89.0519520000,11031.5025348204,5.0328349536,138.6107629536
1,0.145038167939,1,MONTHLY,1,19,DEC,86.6576714997,86.6576714997,1.0000000000,0.0000000000,89.0519520000,89.0519520000,11031.5025348204,5.0328349536,138.6107629536
1,0.145038167939,1,MONTHLY,1,169,INC,21.1791179258,21.1791179258,1.0000000000,0.0000000000,86.1480840000,86.1480840000,12500.6715663026,4.9659717131,22.3891797131
1,0.145038167939,1,MONTHLY,1,169,DEC,83.7538034997,83.7538034997,1.0000000000,0.0000000000,86.1480840000,86.1480840000,12500.6715663026,4.9659717131,22.3891797131
1,0.145038167939,1,MONTHLY,1,175,INC,21.1791179258,21.1791179258,1.0000000000,0.0000000000,86.1480840000,86.1480840000,11408.7385674036,4.9659717131,27.9989087131
1,0.145038167939,1,MONTHLY,1,175,DEC,83.7538034997,83.7538034997,1.0000000000,0.0000000000,86.1480840000,86.1480840000,11408.7385674036,4.9659717131,27.9989087131
1,0.145038167939,1,MONTHLY,1,181,INC,21.1791179258,21.1791179258,1.0000000000,0.0000000000,86.1480840000,86.1480840000,10316.8055685045,4.9659717131,140.4432487131
1,0.145038167939,1,MONTHLY,1,181,DEC,83.7538034997,83.7538034997,1.0000000000,0.0000000000,86.1480840000,86.1480840000,10316.8055685045,4.9659717131,140.4432487131
1,0.145038167939,1,MONTHLY,1,187,INC,21.1791179258,21.1791179258,1.0000000000,0.0000000000,86.1480840000,86.1480840000,9224.8725696054,4.9659717131,39.3284097131
1,0.145038167939,1,MONTHLY,1,187,DEC,83.7538034997,83.7538034997,1.0000000000,0.0000000000,86.1480840000,86.1480840000,9224.8725696054,4.9659717131,39.3284097131
1,0.145038167939,1,MONTHLY,1,337,INC,8.8040335711,8.8040335711,1.0000000000,-0.0000000000,98.5231683547,98.5231683547,1355.4603652969,5.2426430627,23.3581727080
1,0.145038167939,1,MONTHLY,1,337,DEC,15.8102344482,15.8102344482,1.0000000000,-0.0000000000,98.5231683547,98.5231683547,1355.4603652969,5.2426430627,23.3581727080
1,0.145038167939,1,MONTHLY,1,343,INC,1.3829373681,1.3829373681,1.0000000000,-0.0000000000,105.9442645577,105.9442645577,1571.0537076627,5.4065740546,43.0695334969
1,0.145038167939,1,MONTHLY,1,343,DEC,37.2717139078,37.2717139078,1.0000000000,-0.0000000000,105.9442645577,105.9442645577,1571.0537076627,5.4065740546,43.0695334969
1,0.145038167939,1,MONTHLY,1,349,INC,1.3829373681,1.3829373681,1.0000000000,-0.0000000000,105.9442645577,105.9442645577,2218.3404778069,5.4065740546,90.7033904969
1,0.145038167939,1,MONTHLY,1,349,DEC,76.0916035550,76.0916035550,1.0000000000,0.0000000000,105.9442645577,105.9442645577,2218.3404778069,5.4065740546,90.7033904969
1,0.145038167939,1,MONTHLY,1,355,INC,1.3829373681,1.3829373681,1.0000000000,0.0000000000,105.9442645577,105.9442645577,2865.6272479511,5.4065740546,74.6623454969
1,0.145038167939,1,MONTHLY,1,355,DEC,103.5499840574,103.5499840574,1.0000000000,0.0000000000,105.9442645577,105.9442645577,2865.6272479511,5.4065740546,74.6623454969
1,0.145038167939,1,MONTHLY,1,505,INC,1.3829373681,1.3829373681,1.0000000000,-0.0000000000,105.9442645577,105.9442645577,19047.7965015548,5.4065740546,90.1496414969
1,0.145038167939,1,MONTHLY,1,505,DEC,103.5499840574,103.5499840574,1.0000000000,0.0000000000,105.9442645577,105.9442645577,19047.7965015548,5.4065740546,90.1496414969
1,0.145038167939,1,MONTHLY,1,511,INC,1.3829373681,1.3829373681,1.0000000000,-0.0000000000,105.9442645577,105.9442645577,19695.0832716990,5.4065740546,104.1454374969
1,0.145038167939,1,MONTHLY,1,511,DEC,103.5499840574,103.5499840574,1.0000000000,0.0000000000,105.9442645577,105.9442645577,19695.0832716990,5.4065740546,104.1454374969
1,0.145038167939,1,MONTHLY,1,517,INC,1.3829373681,1.3829373681,1.0000000000,-0.0000000000,105.9442645577,105.9442645577,20342.3700418432,5.4065740546,271.1653624969
1,0.145038167939,1,MONTHLY,1,517,DEC,103.5499840574,103.5499840574,1.0000000000,0.0000000000,105.9442645577,105.9442645577,20342.3700418432,5.4065740546,271.1653624969
1,0.145038167939,1,MONTHLY,1,523,INC,1.3829373681,1.3829373681,1.0000000000,-0.0000000000,105.9442645577,105.9442645577,20989.6568119874,5.4065740546,194.6888894969
1,0.145038167939,1,MONTHLY,1,523,DEC,103.5499840574,103.5499840574,1.0000000000,0.0000000000,105.9442645577,105.9442645577,20989.6568119874,5.4065740546,194.6888894969
1,0.145038167939,1,MONTHLY,1,673,INC,0.0000000000,0.0000000000,-1.0000000000,0.0000000000,89.5359300000,89.5359300000,26931.6992660966,4.6681037281,4.6681037281
1,0.145038167939,1,MONTHLY,1,673,DEC,87.1416494997,87.1416494997,1.0000000000,0.0000000000,89.5359300000,89.5359300000,26931.6992660966,4.6681037281,4.6681037281
1,0.145038167939,1,MONTHLY,1,679,INC,104.3343513004,104.3343513307,1.0000000003,-0.0000000303,2.3942805003,2.3942805003,21272.0567381161,2.3942805003,8.0730710000
1,0.145038167939,1,MONTHLY,1,679,DEC,0.0000000000,0.0000000000,-1.0000000000,0.0000000000,2.3942805003,2.3942805003,21272.0567381161,2.3942805003,8.0730710000
1,0.145038167939,1,MONTHLY,1,685,INC,56.8199018007,56.8199018310,1.0000000005,-0.0000000303,49.9087300000,49.9087300000,16439.8737374721,3.7231992050,3.7231992050
1,0.145038167939,1,MONTHLY,1,685,DEC,47.5144494997,47.5144494997,1.0000000000,0.0000000000,49.9087300000,49.9087300000,16439.8737374721,3.7231992050,3.7231992050
1,0.145038167939,1,MONTHLY,1,691,INC,86.8855338007,86.8855338310,1.0000000003,-0.0000000303,19.8430980000,19.8430980000,11920.6641811081,2.9203054324,2.9203054324
1,0.145038167939,1,MONTHLY,1,691,DEC,17.4488174997,17.4488174997,1.0000000000,0.0000000000,19.8430980000,19.8430980000,11920.6641811081,2.9203054324,2.9203054324
1,0.145038167939,1,MONTHLY,4,1,INC,18.2752499258,18.2752499258,1.0000000000,-0.0000000000,89.0519520000,89.0519520000,13515.5000000000,5.0328349536,73.2737329536
1,0.145038167939,1,MONTHLY,4,1,DEC,86.6576714997,86.6576714997,1.0000000000,0.0000000000,89.0519520000,89.0519520000,13515.5000000000,5.0328349536,73.2737329536
1,0.145038167939,1,MONTHLY,4,7,INC,18.2752499258,18.2752499258,1.0000000000,-0.0000000000,89.0519520000,89.0519520000,12687.5008449402,5.0328349536,114.8234209536
1,0.145038167939,1,MONTHLY,4,7,DEC,86.6576714997,86.6576714997,1.0000000000,0.0000000000,89.0519520000,89.0519520000,12687.5008449402,5.0328349536,114.8234209536
1,0.145038167939,1,MONTHLY,4,13,INC,18.2752499258,18.2752499258,1.0000000000,0.0000000000,89.0519520000,89.0519520000,11859.5016898803,5.0328349536,117.0502499536
1,0.145038167939,1,MONTHLY,4,13,DEC,86.6576714997,86.6576714997,1.0000000000,0.0000000000,89.0519520000,89.0519520000,11859.5016898803,5.0328349536,117.0502499536
1,0.145038167939,1,MONTHLY,4,19,INC,18.2752499258,18.2752499258,1.0000000000,0.0000000000,89.0519520000,89.0519520000,11031.5025348204,5.0328349536,138.6107629536
1,0.145038167939,1,MONTHLY,4,19,DEC,86.6576714997,86.6576714997,1.0000000000,0.0000000000,89.0519520000,89.0519520000,11031.5025348204,5.0328349536,138.6107629536
1,0.145038167939,1,MONTHLY,4,169,INC,21.1791179258,21.1791179258,1.0000000000,0.0000000000,86.1480840000,86.1480840000,12500.6715663026,4.9659717131,22.3891797131
1,0.145038167939,1,MONTHLY,4,169,DEC,83.7538034997,83.7538034997,1.0000000000,0.0000000000,86.1480840000,86.1480840000,12500.6715663026,4.9659717131,22.3891797131
1,0.145038167939,1,MONTHLY,4,175,INC,21.1791179258,21.1791179258,1.0000000000,-0.0000000000,86.1480840000,86.1480840000,11408.7385674036,4.9659717131,27.9989087131
1,0.145038167939,1,MONTHLY,4,175,DEC,83.7538034997,83.7538034997,1.0000000000,0.0000000000,86.1480840000,86.1480840000,11408.7385674036,4.9659717131,27.9989087131
1,0.145038167939,1,MONTHLY,4,181,INC,21.1791179258,21.1791179258,1.0000000000,-0.0000000000,86.1480840000,86.1480840000,10316.8055685045,4.9659717131,140.4432487131
1,0.145038167939,1,MONTHLY,4,181,DEC,83.7538034997,83.7538034997,1.0000000000,0.0000000000,86.1480840000,86.1480840000,10316.8055685045,4.9659717131,140.4432487131
1,0.145038167939,1,MONTHLY,4,187,INC,21.1791179258,21.1791179258,1.0000000000,0.0000000000,86.1480840000,86.1480840000,9224.8725696054,4.9659717131,39.3284097131
1,0.145038167939,1,MONTHLY,4,187,DEC,83.7538034997,83.7538034997,1.0000000000,0.0000000000,86.1480840000,86.1480840000,9224.8725696054,4.9659717131,39.3284097131
1,0.145038167939,1,MONTHLY,4,337,INC,7.1437559258,7.1437559258,1.0000000000,0.0000000000,98.8693291774,98.5231683547,1355.4603652969,5.2426430627,23.3581727080
1,0.145038167939,1,MONTHLY,4,337,DEC,15.5462605521,15.5462605521,1.0000000000,0.0000000000,98.8693291774,98.5231683547,1355.4603652969,5.2426430627,23.3581727080
1,0.145038167939,1,MONTHLY,4,343,INC,1.3829373681,1.3829373681,1.0000000000,0.0000000000,105.9442645577,105.9442645577,1571.0537076627,5.4065740546,43.0695334969
1,0.145038167939,1,MONTHLY,4,343,DEC,26.5957429648,26.5957429648,1.0000000000,0.0000000000,105.9442645577,105.9442645577,1571.0537076627,5.4065740546,43.0695334969
1,0.145038167939,1,MONTHLY,4,349,INC,1.3829373681,1.3829373681,1.0000000000,0.0000000000,105.9442645577,105.9442645577,2218.3404778069,5.4065740546,90.7033904969
1,0.145038167939,1,MONTHLY,4,349,DEC,37.0944262667,37.0944262667,1.0000000000,0.0000000000,105.9442645577,105.9442645577,2218.3404778069,5.4065740546,90.7033904969
1,0.145038167939,1,MONTHLY,4,355,INC,1.3829373681,1.3829373681,1.0000000000,-0.0000000000,105.9442645577,105.9442645577,2865.6272479511,5.4065740546,74.6623454969
1,0.145038167939,1,MONTHLY,4,355,DEC,47.3179891809,47.3179891809,1.0000000000,0.0000000000,105.9442645577,105.9442645577,2865.6272479511,5.4065740546,74.6623454969
1,0.145038167939,1,MONTHLY,4,505,INC,1.3829373681,1.3829373681,1.0000000000,0.0000000000,105.9442645577,105.9442645577,19047.7965015548,5.4065740546,90.1496414969
1,0.145038167939,1,MONTHLY,4,505,DEC,103.5499840574,103.5499840574,1.0000000000,0.0000000000,105.9442645577,105.9442645577,19047.7965015548,5.4065740546,90.1496414969
1,0.145038167939,1,MONTHLY,4,511,INC,1.3829373681,1.3829373681,1.0000000000,-0.0000000000,105.9442645577,105.9442645577,19695.0832716990,5.4065740546,104.1454374969
1,0.145038167939,1,MONTHLY,4,511,DEC,103.5499840574,103.5499840574,1.0000000000,0.0000000000,105.9442645577,105.9442645577,19695.0832716990,5.4065740546,104.1454374969
1,0.145038167939,1,MONTHLY,4,517,INC,1.3829373681,1.3829373681,1.0000000000,-0.0000000000,105.9442645577,105.9442645577,20342.3700418432,5.4065740546,271.1653624969
1,0.145038167939,1,MONTHLY,4,517,DEC,103.5499840574,103.5499840574,1.0000000000,0.0000000000,105.9442645577,105.9442645577,20342.3700418432,5.4065740546,271.1653624969
1,0.145038167939,1,MONTHLY,4,523,INC,1.3829373681,1.3829373681,1.0000000000,-0.0000000000,105.9442645577,105.9442645577,20989.6568119874,5.4065740546,194.6888894969
1,0.145038167939,1,MONTHLY,4,523,DEC,103.5499840574,103.5499840574,1.0000000000,0.0000000000,105.9442645577,105.9442645577,20989.6568119874,5.4065740546,194.6888894969
1,0.145038167939,1,MONTHLY,4,673,INC,0.0000000000,0.0000000000,-1.0000000000,0.0000000000,40.5187619901,89.5359300000,26931.6992660966,4.6681037281,4.6681037281
1,0.145038167939,1,MONTHLY,4,673,DEC,0.0000000000,0.0000000000,-1.0000000000,0.0000000000,40.5187619901,89.5359300000,26931.6992660966,4.6681037281,4.6681037281
1,0.145038167939,1,MONTHLY,4,679,INC,58.8524328007,58.8524328007,1.0000000000,0.0000000000,24.8675052401,2.3942805003,21272.0567381161,2.3942805003,8.0730710000
1,0.145038167939,1,MONTHLY,4,679,DEC,0.0000000000,0.0000000000,-1.0000000000,0.0000000000,24.8675052401,2.3942805003,21272.0567381161,2.3942805003,8.0730710000
1,0.145038167939,1,MONTHLY,4,685,INC,56.8199018007,56.8199018007,1.0000000000,0.0000000000,40.1835100000,49.9087300000,16439.8737374721,3.7231992050,3.7231992050
1,0.145038167939,1,MONTHLY,4,685,DEC,26.2280724997,26.2280724997,1.0000000000,0.0000000000,40.1835100000,49.9087300000,16439.8737374721,3.7231992050,3.7231992050
1,0.145038167939,1,MONTHLY,4,691,INC,86.8855338007,86.8855338007,1.0000000000,0.0000000000,6.7564848752,19.8430980000,11920.6641811081,2.9203054324,2.9203054324
1,0.145038167939,1,MONTHLY,4,691,DEC,0.0000000000,0.0000000000,-1.0000000000,0.0000000000,6.7564848752,19.8430980000,11920.6641811081,2.9203054324,2.9203054324
1,0.145038167939,1,MONTHLY,12,1,INC,18.2752499258,18.2752499258,1.0000000000,-0.0000000000,89.0519520000,89.0519520000,13515.5000000000,5.0328349536,73.2737329536
1,0.145038167939,1,MONTHLY,12,1,DEC,67.1988335777,67.1988335777,1.0000000000,0.0000000000,89.0519520000,89.0519520000,13515.5000000000,5.0328349536,73.2737329536
1,0.145038167939,1,MONTHLY,12,7,INC,18.2752499258,18.2752499258,1.0000000000,0.0000000000,89.0519520000,89.0519520000,12687.5008449402,5.0328349536,114.8234209536
1,0.145038167939,1,MONTHLY,12,7,DEC,63.4406758902,63.4406758902,1.0000000000,0.0000000000,89.0519520000,89.0519520000,12687.5008449402,5.0328349536,114.8234209536
1,0.145038167939,1,MONTHLY,12,13,INC,18.2752499258,18.2752499258,1.0000000000,-0.0000000000,89.0519520000,89.0519520000,11859.5016898803,5.0328349536,117.0502499536
1,0.145038167939,1,MONTHLY,12,13,DEC,59.6825182027,59.6825182027,1.0000000000,0.0000000000,89.0519520000,89.0519520000,11859.5016898803,5.0328349536,117.0502499536
1,0.145038167939,1,MONTHLY,12,19,INC,18.2752499258,18.2752499258,1.0000000000,0.0000000000,89.0519520000,89.0519520000,11031.5025348204,5.0328349536,138.6107629536
1,0.145038167939,1,MONTHLY,12,19,DEC,55.7753846235,55.7753846235,1.0000000000,0.0000000000,89.0519520000,89.0519520000,11031.5025348204,5.0328349536,138.6107629536
1,0.145038167939,1,MONTHLY,12,169,INC,21.1791179258,21.1791179258,1.0000000000,0.0000000000,86.1480840000,86.1480840000,12500.6715663026,4.9659717131,22.3891797131
1,0.145038167939,1,MONTHLY,12,169,DEC,59.6888192353,59.6888192353,1.0000000000,0.0000000000,86.1480840000,86.1480840000,12500.6715663026,4.9659717131,22.3891797131
1,0.145038167939,1,MONTHLY,12,175,INC,21.1791179258,21.1791179258,1.0000000000,-0.0000000000,86.1480840000,86.1480840000,11408.7385674036,4.9659717131,27.9989087131
1,0.145038167939,1,MONTHLY,12,175,DEC,54.6763659955,54.6763659955,1.0000000000,0.0000000000,86.1480840000,86.1480840000,11408.7385674036,4.9659717131,27.9989087131
1,0.145038167939,1,MONTHLY,12,181,INC,21.1791179258,21.1791179258,1.0000000000,0.0000000000,84.5348240000,86.1480840000,10316.8055685045,4.9659717131,140.4432487131
1,0.145038167939,1,MONTHLY,12,181,DEC,47.8179956517,47.8179956517,1.0000000000,0.0000000000,84.5348240000,86.1480840000,10316.8055685045,4.9659717131,140.4432487131
1,0.145038167939,1,MONTHLY,12,187,INC,21.1791179258,21.1791179258,1.0000000000,0.0000000000,78.4254555000,86.1480840000,9224.8725696054,4.9659717131,39.3284097131
1,0.145038167939,1,MONTHLY,12,187,DEC,36.4049630706,36.4049630706,1.0000000000,0.0000000000,78.4254555000,86.1480840000,9224.8725696054,4.9659717131,39.3284097131
1,0.145038167939,1,MONTHLY,12,337,INC,1.3829373681,1.3829373681,1.0000000000,0.0000000000,103.4688680511,98.5231683547,1355.4603652969,5.2426430627,23.3581727080
1,0.145038167939,1,MONTHLY,12,337,DEC,15.5462605521,15.5462605521,1.0000000000,0.0000000000,103.4688680511,98.5231683547,1355.4603652969,5.2426430627,23.3581727080
1,0.145038167939,1,MONTHLY,12,343,INC,1.3829373681,1.3829373681,1.0000000000,0.0000000000,105.9442645577,105.9442645577,1571.0537076627,5.4065740546,43.0695334969
1,0.145038167939,1,MONTHLY,12,343,DEC,24.1807056446,24.1807056446,1.0000000000,0.0000000000,105.9442645577,105.9442645577,1571.0537076627,5.4065740546,43.0695334969
1,0.145038167939,1,MONTHLY,12,349,INC,1.3829373681,1.3829373681,1.0000000000,0.0000000000,105.9442645577,105.9442645577,2218.3404778069,5.4065740546,90.7033904969
1,0.145038167939,1,MONTHLY,12,349,DEC,27.7415133669,27.7415133669,1.0000000000,0.0000000000,105.9442645577,105.9442645577,2218.3404778069,5.4065740546,90.7033904969
1,0.145038167939,1,MONTHLY,12,355,INC,1.3829373681,1.3829373681,1.0000000000,-0.0000000000,105.9442645577,105.9442645577,2865.6272479511,5.4065740546,74.6623454969
1,0.145038167939,1,MONTHLY,12,355,DEC,31.3023210892,31.3023210892,1.0000000000,0.0000000000,105.9442645577,105.9442645577,2865.6272479511,5.4065740546,74.6623454969
1,0.145038167939,1,MONTHLY,12,505,INC,1.3829373681,1.3829373681,1.0000000000,-0.0000000000,105.9442645577,105.9442645577,19047.7965015548,5.4065740546,90.1496414969
1,0.145038167939,1,MONTHLY,12,505,DEC,103.5499840574,103.5499840574,1.0000000000,0.0000000000,105.9442645577,105.9442645577,19047.7965015548,5.4065740546,90.1496414969
1,0.145038167939,1,MONTHLY,12,511,INC,1.3829373681,1.3829373681,1.0000000000,-0.0000000000,105.9442645577,105.9442645577,19695.0832716990,5.4065740546,104.1454374969
1,0.145038167939,1,MONTHLY,12,511,DEC,103.5499840574,103.5499840574,1.0000000000,0.0000000000,105.9442645577,105.9442645577,19695.0832716990,5.4065740546,104.1454374969
1,0.145038167939,1,MONTHLY,12,517,INC,1.3829373681,1.3829373681,1.0000000000,-0.0000000000,105.9442645577,105.9442645577,20342.3700418432,5.4065740546,271.1653624969
1,0.145038167939,1,MONTHLY,12,517,DEC,103.5499840574,103.5499840574,1.0000000000,0.0000000000,105.9442645577,105.9442645577,20342.3700418432,5.4065740546,271.1653624969
1,0.145038167939,1,MONTHLY,12,523,INC,1.3829373681,1.3829373681,1.0000000000,-0.0000000000,105.9442645577,105.9442645577,20989.6568119874,5.4065740546,194.6888894969
1,0.145038167939,1,MONTHLY,12,523,DEC,103.5499840574,103.5499840574,1.0000000000,0.0000000000,105.9442645577,105.9442645577,20989.6568119874,5.4065740546,194.6888894969
1,0.145038167939,1,MONTHLY,12,673,INC,0.0000000000,0.0000000000,-1.0000000000,0.0000000000,30.9754757434,89.5359300000,26931.6992660966,4.6681037281,4.6681037281
1,0.145038167939,1,MONTHLY,12,673,DEC,0.0000000000,0.0000000000,-1.0000000000,0.0000000000,30.9754757434,89.5359300000,26931.6992660966,4.6681037281,4.6681037281
1,0.145038167939,1,MONTHLY,12,679,INC,53.3393228007,53.3393228007,1.0000000000,0.0000000000,35.3072100390,2.3942805003,21272.0567381161,2.3942805003,8.0730710000
1,0.145038167939,1,MONTHLY,12,679,DEC,0.0000000000,0.0000000000,-1.0000000000,0.0000000000,35.3072100390,2.3942805003,21272.0567381161,2.3942805003,8.0730710000
1,0.145038167939,1,MONTHLY,12,685,INC,56.8199018007,56.8199018007,1.0000000000,0.0000000000,22.2186526641,49.9087300000,16439.8737374721,3.7231992050,3.7231992050
1,0.145038167939,1,MONTHLY,12,685,DEC,0.0000000000,0.0000000000,-1.0000000000,0.0000000000,22.2186526641,49.9087300000,16439.8737374721,3.7231992050,3.7231992050
1,0.145038167939,1,MONTHLY,12,691,INC,7.1591676982,7.1591676982,1.0000000000,0.0000000000,34.2544117070,19.8430980000,11920.6641811081,2.9203054324,2.9203054324
1,0.145038167939,1,MONTHLY,12,691,DEC,0.0000000000,0.0000000000,-1.0000000000,0.0000000000,34.2544117070,19.8430980000,11920.6641811081,2.9203054324,2.9203054324
1,0.145038167939,1,MONTHLY,24,1,INC,18.2752499258,18.2752499258,1.0000000000,0.0000000000,89.0519520000,89.0519520000,13515.5000000000,5.0328349536,73.2737329536
1,0.145038167939,1,MONTHLY,24,1,DEC,38.2074845144,38.2074845144,1.0000000000,0.0000000000,89.0519520000,89.0519520000,13515.5000000000,5.0328349536,73.2737329536
1,0.145038167939,1,MONTHLY,24,7,INC,18.2752499258,18.2752499258,1.0000000000,0.0000000000,89.0519520000,89.0519520000,12687.5008449402,5.0328349536,114.8234209536
1,0.145038167939,1,MONTHLY,24,7,DEC,36.1268269017,36.1268269017,1.0000000000,0.0000000000,89.0519520000,89.0519520000,12687.5008449402,5.0328349536,114.8234209536
1,0.145038167939,1,MONTHLY,24,13,INC,4.6422427270,4.6422427270,1.0000000000,0.0000000000,92.4602037997,89.0519520000,11859.5016898803,5.0328349536,117.0502499536
1,0.145038167939,1,MONTHLY,24,13,DEC,37.3675970517,37.3675970517,1.0000000000,-0.0000000000,92.4602037997,89.0519520000,11859.5016898803,5.0328349536,117.0502499536
1,0.145038167939,1,MONTHLY,24,19,INC,4.6422427270,4.6422427270,1.0000000000,0.0000000000,95.8684555994,89.0519520000,11031.5025348204,5.0328349536,138.6107629536
1,0.145038167939,1,MONTHLY,24,19,DEC,38.6371940250,38.6371940250,1.0000000000,0.0000000000,95.8684555994,89.0519520000,11031.5025348204,5.0328349536,138.6107629536
1,0.145038167939,1,MONTHLY,24,169,INC,21.1791179258,21.1791179258,1.0000000000,0.0000000000,85.3414540000,86.1480840000,12500.6715663026,4.9659717131,22.3891797131
1,0.145038167939,1,MONTHLY,24,169,DEC,31.9429476863,31.9429476863,1.0000000000,0.0000000000,85.3414540000,86.1480840000,12500.6715663026,4.9659717131,22.3891797131
1,0.145038167939,1,MONTHLY,24,175,INC,21.1791179258,21.1791179258,1.0000000000,0.0000000000,82.2867697500,86.1480840000,11408.7385674036,4.9659717131,27.9989087131
1,0.145038167939,1,MONTHLY,24,175,DEC,26.0755264639,26.0755264639,1.0000000000,0.0000000000,82.2867697500,86.1480840000,11408.7385674036,4.9659717131,27.9989087131
1,0.145038167939,1,MONTHLY,24,181,INC,21.1791179258,21.1791179258,1.0000000000,0.0000000000,79.9249630000,86.1480840000,10316.8055685045,4.9659717131,140.4432487131
1,0.145038167939,1,MONTHLY,24,181,DEC,20.8976145082,20.8976145082,1.0000000000,0.0000000000,79.9249630000,86.1480840000,10316.8055685045,4.9659717131,140.4432487131
1,0.145038167939,1,MONTHLY,24,187,INC,21.1791179258,21.1791179258,1.0000000000,0.0000000000,77.6260675000,86.1480840000,9224.8725696054,4.9659717131,39.3284097131
1,0.145038167939,1,MONTHLY,24,187,DEC,15.8013850135,15.8013850135,1.0000000000,0.0000000000,77.6260675000,86.1480840000,9224.8725696054,4.9659717131,39.3284097131
1,0.145038167939,1,MONTHLY,24,337,INC,1.3829373681,1.3829373681,1.0000000000,0.0000000000,104.7065663044,98.5231683547,1355.4603652969,5.2426430627,23.3581727080
1,0.145038167939,1,MONTHLY,24,337,DEC,15.5462605521,15.5462605521,1.0000000000,0.0000000000,104.7065663044,98.5231683547,1355.4603652969,5.2426430627,23.3581727080
1,0.145038167939,1,MONTHLY,24,343,INC,1.3829373681,1.3829373681,1.0000000000,0.0000000000,105.9442645577,105.9442645577,1571.0537076627,5.4065740546,43.0695334969
1,0.145038167939,1,MONTHLY,24,343,DEC,23.5769463145,23.5769463145,1.0000000000,0.0000000000,105.9442645577,105.9442645577,1571.0537076627,5.4065740546,43.0695334969
1,0.145038167939,1,MONTHLY,24,349,INC,1.3829373681,1.3829373681,1.0000000000,0.0000000000,105.9442645577,105.9442645577,2218.3404778069,5.4065740546,90.7033904969
1,0.145038167939,1,MONTHLY,24,349,DEC,25.3573501757,25.3573501757,1.0000000000,0.0000000000,105.9442645577,105.9442645577,2218.3404778069,5.4065740546,90.7033904969
1,0.145038167939,1,MONTHLY,24,355,INC,1.3829373681,1.3829373681,1.0000000000,0.0000000000,105.9442645577,105.9442645577,2865.6272479511,5.4065740546,74.6623454969
1,0.145038167939,1,MONTHLY,24,355,DEC,27.1377540368,27.1377540368,1.0000000000,0.0000000000,105.9442645577,105.9442645577,2865.6272479511,5.4065740546,74.6623454969
1,0.145038167939,1,MONTHLY,24,505,INC,1.3829373681,1.3829373681,1.0000000000,0.0000000000,105.9442645577,105.9442645577,19047.7965015548,5.4065740546,90.1496414969
1,0.145038167939,1,MONTHLY,24,505,DEC,68.6878900538,68.6878900538,1.0000000000,0.0000000000,105.9442645577,105.9442645577,19047.7965015548,5.4065740546,90.1496414969
1,0.145038167939,1,MONTHLY,24,511,INC,1.3829373681,1.3829373681,1.0000000000,0.0000000000,105.9442645577,105.9442645577,19695.0832716990,5.4065740546,104.1454374969
1,0.145038167939,1,MONTHLY,24,511,DEC,70.2363305787,70.2363305787,1.0000000000,0.0000000000,105.9442645577,105.9442645577,19695.0832716990,5.4065740546,104.1454374969
1,0.145038167939,1,MONTHLY,24,517,INC,1.3829373681,1.3829373681,1.0000000000,-0.0000000000,105.9442645577,105.9442645577,20342.3700418432,5.4065740546,271.1653624969
1,0.145038167939,1,MONTHLY,24,517,DEC,71.7847711036,71.7847711036,1.0000000000,0.0000000000,105.9442645577,105.9442645577,20342.3700418432,5.4065740546,271.1653624969
1,0.145038167939,1,MONTHLY,24,523,INC,1.3829373681,1.3829373681,1.0000000000,0.0000000000,105.9442645577,105.9442645577,20989.6568119874,5.4065740546,194.6888894969
1,0.145038167939,1,MONTHLY,24,523,DEC,73.3332116285,73.3332116285,1.0000000000,0.0000000000,105.9442645577,105.9442645577,20989.6568119874,5.4065740546,194.6888894969
1,0.145038167939,1,MONTHLY,24,673,INC,0.0000000000,0.0000000000,-1.0000000000,0.0000000000,26.5970642038,89.5359300000,26931.6992660966,4.6681037281,4.6681037281
1,0.145038167939,1,MONTHLY,24,673,DEC,0.0000000000,0.0000000000,-1.0000000000,0.0000000000,26.5970642038,89.5359300000,26931.6992660966,4.6681037281,4.6681037281
1,0.145038167939,1,MONTHLY,24,679,INC,7.1591676982,7.1591676982,1.0000000000,0.0000000000,34.7808108730,2.3942805003,21272.0567381161,2.3942805003,8.0730710000
1,0.145038167939,1,MONTHLY,24,679,DEC,0.0000000000,0.0000000000,-1.0000000000,0.0000000000,34.7808108730,2.3942805003,21272.0567381161,2.3942805003,8.0730710000
1,0.145038167939,1,MONTHLY,24,685,INC,0.0000000000,0.0000000000,-1.0000000000,0.0000000000,52.9278813248,49.9087300000,16439.8737374721,3.7231992050,3.7231992050
1,0.145038167939,1,MONTHLY,24,685,DEC,0.0000000000,0.0000000000,-1.0000000000,0.0000000000,52.9278813248,49.9087300000,16439.8737374721,3.7231992050,3.7231992050
1,0.145038167939,1,MONTHLY,24,691,INC,0.0000000000,0.0000000000,-1.0000000000,0.0000000000,70.3185083871,19.8430980000,11920.6641811081,2.9203054324,2.9203054324
1,0.145038167939,1,MONTHLY,24,691,DEC,0.0000000000,0.0000000000,-1.0000000000,0.0000000000,70.3185083871,19.8430980000,11920.6641811081,2.9203054324,2.9203054324
1,0.145038167939,2,HOURLY,1,1,INC,18.2752499258,18.2752499258,1.0000000000,0.0000000000,89.0519520000,89.0519520000,13515.5000000000,5.0328349536,73.2737329536
1,0.145038167939,2,HOURLY,1,1,DEC,86.6576714997,86.6576714997,1.0000000000,0.0000000000,89.0519520000,89.0519520000,13515.5000000000,5.0328349536,73.2737329536
1,0.145038167939,2,HOURLY,1,7,INC,18.2752499258,18.2752499258,1.0000000000,0.0000000000,89.0519520000,89.0519520000,12687.5008449402,5.0328349536,114.8234209536
1,0.145038167939,2,HOURLY,1,7,DEC,86.6576714997,86.6576714997,1.0000000000,0.0000000000,89.0519520000,89.0519520000,12687.5008449402,5.0328349536,114.8234209536
1,0.145038167939,2,HOURLY,1,13,INC,18.2752499258,18.2752499258,1.0000000000,0.0000000000,89.0519520000,89.0519520000,11859.5016898803,5.0328349536,117.0502499536
1,0.145038167939,2,HOURLY,1,13,DEC,86.6576714997,86.6576714997,1.0000000000,0.0000000000,89.0519520000,89.0519520000,11859.5016898803,5.0328349536,117.0502499536
1,0.145038167939,2,HOURLY,1,19,INC,18.2752499258,18.2752499258,1.0000000000,-0.0000000000,89.0519520000,89.0519520000,11031.5025348205,5.0328349536,138.6107629536
1,0.145038167939,2,HOURLY,1,19,DEC,86.6576714997,86.6576714997,1.0000000000,0.0000000000,89.0519520000,89.0519520000,11031.5025348205,5.0328349536,138.6107629536
1,0.145038167939,2,HOURLY,1,169,INC,21.1791179258,21.1791179258,1.0000000000,0.0000000000,86.1480840000,86.1480840000,12500.6715663025,4.9659717131,22.3891797131
1,0.145038167939,2,HOURLY,1,169,DEC,83.7538034997,83.7538034997,1.0000000000,0.0000000000,86.1480840000,86.1480840000,12500.6715663025,4.9659717131,22.3891797131
1,0.145038167939,2,HOURLY,1,175,INC,21.1791179258,21.1791179258,1.0000000000,-0.0000000000,86.1480840000,86.1480840000,11408.7385674035,4.9659717131,27.9989087131
1,0.145038167939,2,HOURLY,1,175,DEC,83.7538034997,83.7538034997,1.0000000000,0.0000000000,86.1480840000,86.1480840000,11408.7385674035,4.9659717131,27.9989087131
1,0.145038167939,2,HOURLY,1,181,INC,21.1791179258,21.1791179258,1.0000000000,0.0000000000,86.1480840000,86.1480840000,10316.8055685045,4.9659717131,140.4432487131
1,0.145038167939,2,HOURLY,1,181,DEC,83.7538034997,83.7538034997,1.0000000000,0.0000000000,86.1480840000,86.1480840000,10316.8055685045,4.9659717131,140.4432487131
1,0.145038167939,2,HOURLY,1,187,INC,21.1791179258,21.1791179258,1.0000000000,0.0000000000,86.1480840000,86.1480840000,9224.8725696054,4.9659717131,39.3284097131
1,0.145038167939,2,HOURLY,1,187,DEC,83.7538034997,83.7538034997,1.0000000000,0.0000000000,86.1480840000,86.1480840000,9224.8725696054,4.9659717131,39.3284097131
1,0.145038167939,2,HOURLY,1,337,INC,8.8040335710,8.8040335710,1.0000000000,0.0000000000,98.5231683548,98.5231683548,1355.4603652968,5.2426430628,23.3581727080
1,0.145038167939,2,HOURLY,1,337,DEC,15.8102344483,15.8102344483,1.0000000000,0.0000000000,98.5231683548,98.5231683548,1355.4603652968,5.2426430628,23.3581727080
1,0.145038167939,2,HOURLY,1,343,INC,1.3829373681,1.3829373681,1.0000000000,0.0000000000,105.9442645577,105.9442645577,1571.0537076626,5.4065740546,43.0695334969
1,0.145038167939,2,HOURLY,1,343,DEC,37.2717139078,37.2717139078,1.0000000000,0.0000000000,105.9442645577,105.9442645577,1571.0537076626,5.4065740546,43.0695334969
1,0.145038167939,2,HOURLY,1,349,INC,1.3829373681,1.3829373681,1.0000000000,-0.0000000000,105.9442645577,105.9442645577,2218.3404778064,5.4065740546,90.7033904969
1,0.145038167939,2,HOURLY,1,349,DEC,76.0916035550,76.0916035550,1.0000000000,0.0000000000,105.9442645577,105.9442645577,2218.3404778064,5.4065740546,90.7033904969
1,0.145038167939,2,HOURLY,1,355,INC,1.3829373681,1.3829373681,1.0000000000,0.0000000000,105.9442645577,105.9442645577,2865.6272479506,5.4065740546,74.6623454969
1,0.145038167939,2,HOURLY,1,355,DEC,103.5499840574,103.5499840574,1.0000000000,0.0000000000,105.9442645577,105.9442645577,2865.6272479506,5.4065740546,74.6623454969
1,0.145038167939,2,HOURLY,1,505,INC,1.3829373681,1.3829373681,1.0000000000,0.0000000000,105.9442645577,105.9442645577,19047.7965015550,5.4065740546,90.1496414969
1,0.145038167939,2,HOURLY,1,505,DEC,103.5499840574,103.5499840574,1.0000000000,0.0000000000,105.9442645577,105.9442645577,19047.7965015550,5.4065740546,90.1496414969
1,0.145038167939,2,HOURLY,1,511,INC,1.3829373681,1.3829373681,1.0000000000,-0.0000000000,105.9442645577,105.9442645577,19695.0832716991,5.4065740546,104.1454374969
1,0.145038167939,2,HOURLY,1,511,DEC,103.5499840574,103.5499840574,1.0000000000,0.0000000000,105.9442645577,105.9442645577,19695.0832716991,5.4065740546,104.1454374969
1,0.145038167939,2,HOURLY,1,517,INC,1.3829373681,1.3829373681,1.0000000000,-0.0000000000,105.9442645577,105.9442645577,20342.3700418433,5.4065740546,271.1653624969
1,0.145038167939,2,HOURLY,1,517,DEC,103.5499840574,103.5499840574,1.0000000000,0.0000000000,105.9442645577,105.9442645577,20342.3700418433,5.4065740546,271.1653624969
1,0.145038167939,2,HOURLY,1,523,INC,1.3829373681,1.3829373681,1.0000000000,-0.0000000000,105.9442645577,105.9442645577,20989.6568119875,5.4065740546,194.6888894969
1,0.145038167939,2,HOURLY,1,523,DEC,103.5499840574,103.5499840574,1.0000000000,0.0000000000,105.9442645577,105.9442645577,20989.6568119875,5.4065740546,194.6888894969
1,0.145038167939,2,HOURLY,1,673,INC,0.0000000000,0.0000000000,-1.0000000000,0.0000000000,89.5359300000,89.5359300000,26931.6992660966,4.6681037281,4.6681037281
1,0.145038167939,2,HOURLY,1,673,DEC,87.1416494997,0.0549400525,0.0006304684,87.0867094472,89.5359300000,89.5359300000,26931.6992660966,4.6681037281,4.6681037281
1,0.145038167939,2,HOURLY,1,679,INC,104.3343513004,0.0000000000,0.0000000000,104.3343513004,2.3942805003,2.3942805003,21017.3685314128,2.3942805003,8.0730710000
1,0.145038167939,2,HOURLY,1,679,DEC,0.0000000000,0.0000000000,-1.0000000000,0.0000000000,2.3942805003,2.3942805003,21017.3685314128,2.3942805003,8.0730710000
1,0.145038167939,2,HOURLY,1,685,INC,53.0004386153,0.0000000000,0.0000000000,53.0004386153,53.7281932157,53.7281932157,16454.3828915987,0.0000000000,0.0000000000
1,0.145038167939,2,HOURLY,1,685,DEC,51.3339127154,0.0481526791,0.0009380286,51.2857600362,53.7281932157,53.7281932157,16454.3828915987,0.0000000000,0.0000000000
1,0.145038167939,2,HOURLY,1,691,INC,83.8813909960,0.0000000000,0.0000000000,83.8813909960,22.8472408350,22.8472408350,12295.4745689918,0.0000000000,0.0000000000
1,0.145038167939,2,HOURLY,1,691,DEC,20.4529603347,0.0434875397,0.0021262223,20.4094727950,22.8472408350,22.8472408350,12295.4745689918,0.0000000000,0.0000000000
1,0.145038167939,2,HOURLY,4,1,INC,18.2752499258,18.2752499258,1.0000000000,0.0000000000,89.0519520000,89.0519520000,13515.5000000000,5.0328349536,73.2737329536
1,0.145038167939,2,HOURLY,4,1,DEC,86.6576714997,86.6576714997,1.0000000000,0.0000000000,89.0519520000,89.0519520000,13515.5000000000,5.0328349536,73.2737329536
1,0.145038167939,2,HOURLY,4,7,INC,18.2752499258,18.2752499258,1.0000000000,-0.0000000000,89.0519520000,89.0519520000,12687.5008449402,5.0328349536,114.8234209536
1,0.145038167939,2,HOURLY,4,7,DEC,86.6576714997,86.6576714997,1.0000000000,0.0000000000,89.0519520000,89.0519520000,12687.5008449402,5.0328349536,114.8234209536
1,0.145038167939,2,HOURLY,4,13,INC,18.2752499258,18.2752499258,1.0000000000,0.0000000000,89.0519520000,89.0519520000,11859.5016898803,5.0328349536,117.0502499536
1,0.145038167939,2,HOURLY,4,13,DEC,86.6576714997,86.6576714997,1.0000000000,0.0000000000,89.0519520000,89.0519520000,11859.5016898803,5.0328349536,117.0502499536
1,0.145038167939,2,HOURLY,4,19,INC,18.2752499258,18.2752499258,1.0000000000,-0.0000000000,89.0519520000,89.0519520000,11031.5025348205,5.0328349536,138.6107629536
1,0.145038167939,2,HOURLY,4,19,DEC,86.6576714997,86.6576714997,1.0000000000,0.0000000000,89.0519520000,89.0519520000,11031.5025348205,5.0328349536,138.6107629536
1,0.145038167939,2,HOURLY,4,169,INC,21.1791179258,15.6887139997,0.7407633337,5.4904039261,86.1480840000,86.1480840000,12500.6715663025,4.9659717131,22.3891797131
1,0.145038167939,2,HOURLY,4,169,DEC,83.7538034997,83.7538034997,1.0000000000,0.0000000000,86.1480840000,86.1480840000,12500.6715663025,4.9659717131,22.3891797131
1,0.145038167939,2,HOURLY,4,175,INC,21.1791179258,21.1791179258,1.0000000000,0.0000000000,86.1480840000,86.1480840000,11408.7385674035,4.9659717131,27.9989087131
1,0.145038167939,2,HOURLY,4,175,DEC,83.7538034997,83.7538034997,1.0000000000,0.0000000000,86.1480840000,86.1480840000,11408.7385674035,4.9659717131,27.9989087131
1,0.145038167939,2,HOURLY,4,181,INC,21.1791179258,21.1791179258,1.0000000000,0.0000000000,86.1480840000,86.1480840000,10316.8055685045,4.9659717131,140.4432487131
1,0.145038167939,2,HOURLY,4,181,DEC,83.7538034997,83.7538034997,1.0000000000,0.0000000000,86.1480840000,86.1480840000,10316.8055685045,4.9659717131,140.4432487131
1,0.145038167939,2,HOURLY,4,187,INC,21.1791179258,5.2955933987,0.2500384302,15.8835245271,86.1480840000,86.1480840000,9224.8725696054,4.9659717131,39.3284097131
1,0.145038167939,2,HOURLY,4,187,DEC,83.7538034997,83.7538034997,1.0000000000,-0.0000000000,86.1480840000,86.1480840000,9224.8725696054,4.9659717131,39.3284097131
1,0.145038167939,2,HOURLY,4,337,INC,7.1437559258,5.5689060190,0.7795487523,1.5748499068,98.8693291774,98.5231683548,1355.4603652968,5.2426430628,23.3581727080
1,0.145038167939,2,HOURLY,4,337,DEC,15.5462605522,15.5462605522,1.0000000000,-0.0000000000,98.8693291774,98.5231683548,1355.4603652968,5.2426430628,23.3581727080
1,0.145038167939,2,HOURLY,4,343,INC,1.3829373681,1.3829373681,1.0000000000,0.0000000000,105.9442645577,105.9442645577,1571.0537076626,5.4065740546,43.0695334969
1,0.145038167939,2,HOURLY,4,343,DEC,26.5957429648,26.5957429648,1.0000000000,0.0000000000,105.9442645577,105.9442645577,1571.0537076626,5.4065740546,43.0695334969
1,0.145038167939,2,HOURLY,4,349,INC,1.3829373681,1.3829373681,1.0000000000,-0.0000000000,105.9442645577,105.9442645577,2218.3404778064,5.4065740546,90.7033904969
1,0.145038167939,2,HOURLY,4,349,DEC,37.0944262667,37.0944262667,1.0000000000,0.0000000000,105.9442645577,105.9442645577,2218.3404778064,5.4065740546,90.7033904969
1,0.145038167939,2,HOURLY,4,355,INC,1.3829373681,1.3829373681,1.0000000000,-0.0000000000,105.9442645577,105.9442645577,2865.6272479506,5.4065740546,74.6623454969
1,0.145038167939,2,HOURLY,4,355,DEC,47.3179891809,47.3179891809,1.0000000000,-0.0000000000,105.9442645577,105.9442645577,2865.6272479506,5.4065740546,74.6623454969
1,0.145038167939,2,HOURLY,4,505,INC,1.3829373681,1.3829373681,1.0000000000,0.0000000000,105.9442645577,105.9442645577,19047.7965015550,5.4065740546,90.1496414969
1,0.145038167939,2,HOURLY,4,505,DEC,103.5499840574,103.5499840574,1.0000000000,0.0000000000,105.9442645577,105.9442645577,19047.7965015550,5.4065740546,90.1496414969
1,0.145038167939,2,HOURLY,4,511,INC,1.3829373681,1.3829373681,1.0000000000,-0.0000000000,105.9442645577,105.9442645577,19695.0832716991,5.4065740546,104.1454374969
1,0.145038167939,2,HOURLY,4,511,DEC,103.5499840574,103.5499840574,1.0000000000,0.0000000000,105.9442645577,105.9442645577,19695.0832716991,5.4065740546,104.1454374969
1,0.145038167939,2,HOURLY,4,517,INC,1.3829373681,1.3829373681,1.0000000000,-0.0000000000,105.9442645577,105.9442645577,20342.3700418433,5.4065740546,271.1653624969
1,0.145038167939,2,HOURLY,4,517,DEC,103.5499840574,103.5499840574,1.0000000000,0.0000000000,105.9442645577,105.9442645577,20342.3700418433,5.4065740546,271.1653624969
1,0.145038167939,2,HOURLY,4,523,INC,1.3829373681,1.3829373681,1.0000000000,0.0000000000,105.9442645577,105.9442645577,20989.6568119875,5.4065740546,194.6888894969
1,0.145038167939,2,HOURLY,4,523,DEC,103.5499840574,103.5499840574,1.0000000000,0.0000000000,105.9442645577,105.9442645577,20989.6568119875,5.4065740546,194.6888894969
1,0.145038167939,2,HOURLY,4,673,INC,0.0000000000,0.0000000000,-1.0000000000,0.0000000000,37.4945320575,89.5359300000,26931.6992660966,4.6681037281,4.6681037281
1,0.145038167939,2,HOURLY,4,673,DEC,0.0000000000,0.0000000000,-1.0000000000,0.0000000000,37.4945320575,89.5359300000,26931.6992660966,4.6681037281,4.6681037281
1,0.145038167939,2,HOURLY,4,679,INC,55.0855210536,0.0000000000,0.0000000000,55.0855210536,26.9096638400,2.3942805003,21017.3685314128,2.3942805003,8.0730710000
1,0.145038167939,2,HOURLY,4,679,DEC,0.0000000000,0.0000000000,-1.0000000000,0.0000000000,26.9096638400,2.3942805003,21017.3685314128,2.3942805003,8.0730710000
1,0.145038167939,2,HOURLY,4,685,INC,53.0004385850,0.0000000000,0.0000000000,53.0004385850,43.7465650053,53.7281932157,16454.3828915987,0.0000000000,0.0000000000
1,0.145038167939,2,HOURLY,4,685,DEC,29.4820403737,0.0117420124,0.0003982768,29.4702983612,43.7465650053,53.7281932157,16454.3828915987,0.0000000000,0.0000000000
1,0.145038167939,2,HOURLY,4,691,INC,83.8813909657,0.0000000000,0.0000000000,83.8813909657,7.5075205840,22.8472408350,12295.4745689918,0.0000000000,0.0000000000
1,0.145038167939,2,HOURLY,4,691,DEC,0.0000000000,0.0000000000,-1.0000000000,0.0000000000,7.5075205840,22.8472408350,12295.4745689918,0.0000000000,0.0000000000
1,0.145038167939,2,HOURLY,12,1,INC,18.2752499258,18.2752499258,1.0000000000,0.0000000000,89.0519520000,89.0519520000,13515.5000000000,5.0328349536,73.2737329536
1,0.145038167939,2,HOURLY,12,1,DEC,67.1988335777,67.1988335777,1.0000000000,0.0000000000,89.0519520000,89.0519520000,13515.5000000000,5.0328349536,73.2737329536
1,0.145038167939,2,HOURLY,12,7,INC,18.2752499258,18.2752499258,1.0000000000,-0.0000000000,89.0519520000,89.0519520000,12687.5008449402,5.0328349536,114.8234209536
1,0.145038167939,2,HOURLY,12,7,DEC,63.4406758902,63.4406758902,1.0000000000,0.0000000000,89.0519520000,89.0519520000,12687.5008449402,5.0328349536,114.8234209536
1,0.145038167939,2,HOURLY,12,13,INC,18.2752499258,18.2752499258,1.0000000000,-0.0000000000,89.0519520000,89.0519520000,11859.5016898803,5.0328349536,117.0502499536
1,0.145038167939,2,HOURLY,12,13,DEC,59.6825182027,59.6825182027,1.0000000000,0.0000000000,89.0519520000,89.0519520000,11859.5016898803,5.0328349536,117.0502499536
1,0.145038167939,2,HOURLY,12,19,INC,18.2752499258,5.3611884275,0.2933578719,12.9140614983,89.0519520000,89.0519520000,11031.5025348205,5.0328349536,138.6107629536
1,0.145038167939,2,HOURLY,12,19,DEC,55.7753846235,55.7753846235,1.0000000000,0.0000000000,89.0519520000,89.0519520000,11031.5025348205,5.0328349536,138.6107629536
1,0.145038167939,2,HOURLY,12,169,INC,21.1791179258,15.6887139997,0.7407633337,5.4904039261,86.1480840000,86.1480840000,12500.6715663025,4.9659717131,22.3891797131
1,0.145038167939,2,HOURLY,12,169,DEC,59.6888192353,59.6888192353,1.0000000000,0.0000000000,86.1480840000,86.1480840000,12500.6715663025,4.9659717131,22.3891797131
1,0.145038167939,2,HOURLY,12,175,INC,21.1791179258,21.1791179258,1.0000000000,-0.0000000000,86.1480840000,86.1480840000,11408.7385674035,4.9659717131,27.9989087131
1,0.145038167939,2,HOURLY,12,175,DEC,54.6763659955,54.6763659955,1.0000000000,0.0000000000,86.1480840000,86.1480840000,11408.7385674035,4.9659717131,27.9989087131
1,0.145038167939,2,HOURLY,12,181,INC,21.1791179258,5.0005055492,0.2361054680,16.1786123766,84.5348240000,86.1480840000,10316.8055685045,4.9659717131,140.4432487131
1,0.145038167939,2,HOURLY,12,181,DEC,47.8179956517,46.5203083275,0.9728619465,1.2976873242,84.5348240000,86.1480840000,10316.8055685045,4.9659717131,140.4432487131
1,0.145038167939,2,HOURLY,12,187,INC,21.1791179258,4.9092534291,0.2317968787,16.2698644967,78.4254555000,86.1480840000,9224.8725696054,4.9659717131,39.3284097131
1,0.145038167939,2,HOURLY,12,187,DEC,36.4049630706,36.1779396629,0.9937639435,0.2270234077,78.4254555000,86.1480840000,9224.8725696054,4.9659717131,39.3284097131
1,0.145038167939,2,HOURLY,12,337,INC,1.3829373681,1.3829373681,1.0000000000,0.0000000000,103.4688680511,98.5231683548,1355.4603652968,5.2426430628,23.3581727080
1,0.145038167939,2,HOURLY,12,337,DEC,15.5462605522,15.5462605522,1.0000000000,-0.0000000000,103.4688680511,98.5231683548,1355.4603652968,5.2426430628,23.3581727080
1,0.145038167939,2,HOURLY,12,343,INC,1.3829373681,1.3829373681,1.0000000000,0.0000000000,105.9442645577,105.9442645577,1571.0537076626,5.4065740546,43.0695334969
1,0.145038167939,2,HOURLY,12,343,DEC,24.1807056446,24.1807056446,1.0000000000,-0.0000000000,105.9442645577,105.9442645577,1571.0537076626,5.4065740546,43.0695334969
1,0.145038167939,2,HOURLY,12,349,INC,1.3829373681,1.3829373681,1.0000000000,-0.0000000000,105.9442645577,105.9442645577,2218.3404778064,5.4065740546,90.7033904969
1,0.145038167939,2,HOURLY,12,349,DEC,27.7415133669,27.7415133669,1.0000000000,0.0000000000,105.9442645577,105.9442645577,2218.3404778064,5.4065740546,90.7033904969
1,0.145038167939,2,HOURLY,12,355,INC,1.3829373681,1.3829373681,1.0000000000,-0.0000000000,105.9442645577,105.9442645577,2865.6272479506,5.4065740546,74.6623454969
1,0.145038167939,2,HOURLY,12,355,DEC,31.3023210892,31.3023210892,1.0000000000,0.0000000000,105.9442645577,105.9442645577,2865.6272479506,5.4065740546,74.6623454969
1,0.145038167939,2,HOURLY,12,505,INC,1.3829373681,1.3829373681,1.0000000000,-0.0000000000,105.9442645577,105.9442645577,19047.7965015550,5.4065740546,90.1496414969
1,0.145038167939,2,HOURLY,12,505,DEC,103.5499840574,87.5850730977,0.8458241099,15.9649109597,105.9442645577,105.9442645577,19047.7965015550,5.4065740546,90.1496414969
1,0.145038167939,2,HOURLY,12,511,INC,1.3829373681,1.3829373681,1.0000000000,-0.0000000000,105.9442645577,105.9442645577,19695.0832716991,5.4065740546,104.1454374969
1,0.145038167939,2,HOURLY,12,511,DEC,103.5499840574,87.5850730977,0.8458241099,15.9649109597,105.9442645577,105.9442645577,19695.0832716991,5.4065740546,104.1454374969
1,0.145038167939,2,HOURLY,12,517,INC,1.3829373681,1.3829373681,1.0000000000,0.0000000000,105.9442645577,105.9442645577,20342.3700418433,5.4065740546,271.1653624969
1,0.145038167939,2,HOURLY,12,517,DEC,103.5499840574,87.5850730977,0.8458241099,15.9649109597,105.9442645577,105.9442645577,20342.3700418433,5.4065740546,271.1653624969
1,0.145038167939,2,HOURLY,12,523,INC,1.3829373681,1.3829373681,1.0000000000,0.0000000000,105.9442645577,105.9442645577,20989.6568119875,5.4065740546,194.6888894969
1,0.145038167939,2,HOURLY,12,523,DEC,103.5499840574,87.5850730977,0.8458241099,15.9649109597,105.9442645577,105.9442645577,20989.6568119875,5.4065740546,194.6888894969
1,0.145038167939,2,HOURLY,12,673,INC,0.0000000000,0.0000000000,-1.0000000000,0.0000000000,31.2966638111,89.5359300000,26931.6992660966,4.6681037281,4.6681037281
1,0.145038167939,2,HOURLY,12,673,DEC,0.0000000000,0.0000000000,-1.0000000000,0.0000000000,31.2966638111,89.5359300000,26931.6992660966,4.6681037281,4.6681037281
1,0.145038167939,2,HOURLY,12,679,INC,49.4298685651,0.0000000000,0.0000000000,49.4298685651,38.3682491273,2.3942805003,21017.3685314128,2.3942805003,8.0730710000
1,0.145038167939,2,HOURLY,12,679,DEC,0.0000000000,0.0000000000,-1.0000000000,0.0000000000,38.3682491273,2.3942805003,21017.3685314128,2.3942805003,8.0730710000
1,0.145038167939,2,HOURLY,12,685,INC,53.0004385850,0.0000000000,0.0000000000,53.0004385850,22.8703630301,53.7281932157,16454.3828915987,0.0000000000,0.0000000000
1,0.145038167939,2,HOURLY,12,685,DEC,0.0000000000,0.0000000000,-1.0000000000,0.0000000000,22.8703630301,53.7281932157,16454.3828915987,0.0000000000,0.0000000000
1,0.145038167939,2,HOURLY,12,691,INC,0.0000000000,0.0000000000,-1.0000000000,0.0000000000,32.8764657863,22.8472408350,12295.4745689918,0.0000000000,0.0000000000
1,0.145038167939,2,HOURLY,12,691,DEC,0.0000000000,0.0000000000,-1.0000000000,0.0000000000,32.8764657863,22.8472408350,12295.4745689918,0.0000000000,0.0000000000
1,0.145038167939,2,HOURLY,24,1,INC,18.2752499258,18.2752499258,1.0000000000,0.0000000000,89.0519520000,89.0519520000,13515.5000000000,5.0328349536,73.2737329536
1,0.145038167939,2,HOURLY,24,1,DEC,38.2074845144,38.2074845144,1.0000000000,0.0000000000,89.0519520000,89.0519520000,13515.5000000000,5.0328349536,73.2737329536
1,0.145038167939,2,HOURLY,24,7,INC,18.2752499258,5.3611884275,0.2933578719,12.9140614983,89.0519520000,89.0519520000,12687.5008449402,5.0328349536,114.8234209536
1,0.145038167939,2,HOURLY,24,7,DEC,36.1268269017,36.1268269017,1.0000000000,-0.0000000000,89.0519520000,89.0519520000,12687.5008449402,5.0328349536,114.8234209536
1,0.145038167939,2,HOURLY,24,13,INC,4.6422427270,4.6422427270,1.0000000000,0.0000000000,92.4602037997,89.0519520000,11859.5016898803,5.0328349536,117.0502499536
1,0.145038167939,2,HOURLY,24,13,DEC,37.3675970517,37.3675970517,1.0000000000,0.0000000000,92.4602037997,89.0519520000,11859.5016898803,5.0328349536,117.0502499536
1,0.145038167939,2,HOURLY,24,19,INC,4.6422427270,4.6422427270,1.0000000000,-0.0000000000,95.8684555994,89.0519520000,11031.5025348205,5.0328349536,138.6107629536
1,0.145038167939,2,HOURLY,24,19,DEC,38.6371940250,38.6371940250,1.0000000000,0.0000000000,95.8684555994,89.0519520000,11031.5025348205,5.0328349536,138.6107629536
1,0.145038167939,2,HOURLY,24,169,INC,21.1791179258,5.0005055492,0.2361054680,16.1786123766,85.3414540000,86.1480840000,12500.6715663025,4.9659717131,22.3891797131
1,0.145038167939,2,HOURLY,24,169,DEC,31.9429476863,31.2597368318,0.9786115276,0.6832108545,85.3414540000,86.1480840000,12500.6715663025,4.9659717131,22.3891797131
1,0.145038167939,2,HOURLY,24,175,INC,21.1791179258,4.9092534291,0.2317968787,16.2698644967,82.2867697500,86.1480840000,11408.7385674035,4.9659717131,27.9989087131
1,0.145038167939,2,HOURLY,24,175,DEC,26.0755264639,25.9545345243,0.9953599426,0.1209919396,82.2867697500,86.1480840000,11408.7385674035,4.9659717131,27.9989087131
1,0.145038167939,2,HOURLY,24,181,INC,21.1791179258,4.9092534291,0.2317968787,16.2698644967,79.9249630000,86.1480840000,10316.8055685045,4.9659717131,140.4432487131
1,0.145038167939,2,HOURLY,24,181,DEC,20.8976145082,20.8976145082,1.0000000000,0.0000000000,79.9249630000,86.1480840000,10316.8055685045,4.9659717131,140.4432487131
1,0.145038167939,2,HOURLY,24,187,INC,21.1791179258,4.9092534291,0.2317968787,16.2698644967,77.6260675000,86.1480840000,9224.8725696054,4.9659717131,39.3284097131
1,0.145038167939,2,HOURLY,24,187,DEC,15.8013850135,15.8013850135,1.0000000000,0.0000000000,77.6260675000,86.1480840000,9224.8725696054,4.9659717131,39.3284097131
1,0.145038167939,2,HOURLY,24,337,INC,1.3829373681,1.3829373681,1.0000000000,0.0000000000,104.7065663044,98.5231683548,1355.4603652968,5.2426430628,23.3581727080
1,0.145038167939,2,HOURLY,24,337,DEC,15.5462605522,15.5462605522,1.0000000000,-0.0000000000,104.7065663044,98.5231683548,1355.4603652968,5.2426430628,23.3581727080
1,0.145038167939,2,HOURLY,24,343,INC,1.3829373681,1.3829373681,1.0000000000,0.0000000000,105.9442645577,105.9442645577,1571.0537076626,5.4065740546,43.0695334969
1,0.145038167939,2,HOURLY,24,343,DEC,23.5769463145,23.5769463145,1.0000000000,0.0000000000,105.9442645577,105.9442645577,1571.0537076626,5.4065740546,43.0695334969
1,0.145038167939,2,HOURLY,24,349,INC,1.3829373681,1.3829373681,1.0000000000,-0.0000000000,105.9442645577,105.9442645577,2218.3404778064,5.4065740546,90.7033904969
1,0.145038167939,2,HOURLY,24,349,DEC,25.3573501756,25.3573501756,1.0000000000,0.0000000000,105.9442645577,105.9442645577,2218.3404778064,5.4065740546,90.7033904969
1,0.145038167939,2,HOURLY,24,355,INC,1.3829373681,1.3829373681,1.0000000000,0.0000000000,105.9442645577,105.9442645577,2865.6272479506,5.4065740546,74.6623454969
1,0.145038167939,2,HOURLY,24,355,DEC,27.1377540368,27.1377540368,1.0000000000,0.0000000000,105.9442645577,105.9442645577,2865.6272479506,5.4065740546,74.6623454969
1,0.145038167939,2,HOURLY,24,505,INC,1.3829373681,1.3829373681,1.0000000000,-0.0000000000,105.9442645577,105.9442645577,19047.7965015550,5.4065740546,90.1496414969
1,0.145038167939,2,HOURLY,24,505,DEC,68.6878900538,54.3142569482,0.7907399238,14.3736331056,105.9442645577,105.9442645577,19047.7965015550,5.4065740546,90.1496414969
1,0.145038167939,2,HOURLY,24,511,INC,1.3829373681,1.3829373681,1.0000000000,0.0000000000,105.9442645577,105.9442645577,19695.0832716991,5.4065740546,104.1454374969
1,0.145038167939,2,HOURLY,24,511,DEC,70.2363305787,54.0581396730,0.7696606475,16.1781909057,105.9442645577,105.9442645577,19695.0832716991,5.4065740546,104.1454374969
1,0.145038167939,2,HOURLY,24,517,INC,1.3829373681,1.3829373681,1.0000000000,-0.0000000000,105.9442645577,105.9442645577,20342.3700418433,5.4065740546,271.1653624969
1,0.145038167939,2,HOURLY,24,517,DEC,71.7847711036,53.8020223977,0.7494907565,17.9827487059,105.9442645577,105.9442645577,20342.3700418433,5.4065740546,271.1653624969
1,0.145038167939,2,HOURLY,24,523,INC,1.3829373681,1.3829373681,1.0000000000,-0.0000000000,105.9442645577,105.9442645577,20989.6568119875,5.4065740546,194.6888894969
1,0.145038167939,2,HOURLY,24,523,DEC,73.3332116285,53.5459051225,0.7301726453,19.7873065060,105.9442645577,105.9442645577,20989.6568119875,5.4065740546,194.6888894969
1,0.145038167939,2,HOURLY,24,673,INC,0.0000000000,0.0000000000,-1.0000000000,0.0000000000,27.0835134206,89.5359300000,26931.6992660966,4.6681037281,4.6681037281
1,0.145038167939,2,HOURLY,24,673,DEC,0.0000000000,0.0000000000,-1.0000000000,0.0000000000,27.0835134206,89.5359300000,26931.6992660966,4.6681037281,4.6681037281
1,0.145038167939,2,HOURLY,24,679,INC,0.0000000000,0.0000000000,-1.0000000000,0.0000000000,35.6223574568,2.3942805003,21017.3685314128,2.3942805003,8.0730710000
1,0.145038167939,2,HOURLY,24,679,DEC,0.0000000000,0.0000000000,-1.0000000000,0.0000000000,35.6223574568,2.3942805003,21017.3685314128,2.3942805003,8.0730710000
1,0.145038167939,2,HOURLY,24,685,INC,0.0000000000,0.0000000000,-1.0000000000,0.0000000000,53.1047955527,53.7281932157,16454.3828915987,0.0000000000,0.0000000000
1,0.145038167939,2,HOURLY,24,685,DEC,0.0000000000,0.0000000000,-1.0000000000,0.0000000000,53.1047955527,53.7281932157,16454.3828915987,0.0000000000,0.0000000000
1,0.145038167939,2,HOURLY,24,691,INC,0.0000000000,0.0000000000,-1.0000000000,0.0000000000,69.6297063117,22.8472408350,12295.4745689918,0.0000000000,0.0000000000
1,0.145038167939,2,HOURLY,24,691,DEC,0.0000000000,0.0000000000,-1.0000000000,0.0000000000,69.6297063117,22.8472408350,12295.4745689918,0.0000000000,0.0000000000
2,0.175572519084,1,MONTHLY,1,1,INC,17.9705823359,17.9705823359,1.0000000000,-0.0000000000,89.3566195899,89.3566195899,13515.5000000000,4.7212994241,80.8851558342
2,0.175572519084,1,MONTHLY,1,1,DEC,86.9623390896,86.9623390896,1.0000000000,0.0000000000,89.3566195899,89.3566195899,13515.5000000000,4.7212994241,80.8851558342
2,0.175572519084,1,MONTHLY,1,7,INC,17.9705823359,17.9705823359,1.0000000000,0.0000000000,89.3566195899,89.3566195899,13886.0096599972,4.7212994241,93.8965688342
2,0.175572519084,1,MONTHLY,1,7,DEC,86.9623390896,86.9623390896,1.0000000000,0.0000000000,89.3566195899,89.3566195899,13886.0096599972,4.7212994241,93.8965688342
2,0.175572519084,1,MONTHLY,1,13,INC,17.9705823359,17.9705823359,1.0000000000,-0.0000000000,89.3566195899,89.3566195899,14256.5193199946,4.7212994241,365.8923818342
2,0.175572519084,1,MONTHLY,1,13,DEC,86.9623390896,86.9623390896,1.0000000000,0.0000000000,89.3566195899,89.3566195899,14256.5193199946,4.7212994241,365.8923818342
2,0.175572519084,1,MONTHLY,1,19,INC,17.9705823359,17.9705823359,1.0000000000,-0.0000000000,89.3566195899,89.3566195899,14627.0289799918,4.7212994241,218.3349078342
2,0.175572519084,1,MONTHLY,1,19,DEC,86.9623390896,86.9623390896,1.0000000000,0.0000000000,89.3566195899,89.3566195899,14627.0289799918,4.7212994241,218.3349078342
2,0.175572519084,1,MONTHLY,1,169,INC,34.7305019258,34.7305019258,1.0000000000,-0.0000000000,72.5967000000,72.5967000000,18298.2121707157,4.3349735837,59.5084655837
2,0.175572519084,1,MONTHLY,1,169,DEC,70.2024194997,70.2024194997,1.0000000000,0.0000000000,72.5967000000,72.5967000000,18298.2121707157,4.3349735837,59.5084655837
2,0.175572519084,1,MONTHLY,1,175,INC,34.7305019258,34.7305019258,1.0000000000,0.0000000000,72.5967000000,72.5967000000,17143.7514082643,4.3349735837,137.1546105837
2,0.175572519084,1,MONTHLY,1,175,DEC,70.2024194997,70.2024194997,1.0000000000,0.0000000000,72.5967000000,72.5967000000,17143.7514082643,4.3349735837,137.1546105837
2,0.175572519084,1,MONTHLY,1,181,INC,34.7305019258,34.7305019258,1.0000000000,0.0000000000,72.5967000000,72.5967000000,15989.2906458129,4.3349735837,229.7819945837
2,0.175572519084,1,MONTHLY,1,181,DEC,70.2024194997,70.2024194997,1.0000000000,0.0000000000,72.5967000000,72.5967000000,15989.2906458129,4.3349735837,229.7819945837
2,0.175572519084,1,MONTHLY,1,187,INC,34.7305019258,34.7305019258,1.0000000000,0.0000000000,72.5967000000,72.5967000000,14834.8298833615,4.3349735837,321.3405635837
2,0.175572519084,1,MONTHLY,1,187,DEC,70.2024194997,70.2024194997,1.0000000000,0.0000000000,72.5967000000,72.5967000000,14834.8298833615,4.3349735837,321.3405635837
2,0.175572519084,1,MONTHLY,1,337,INC,2.9514451705,2.9514451705,1.0000000000,0.0000000000,104.3757567553,104.3757567553,1865.5197183094,5.4643960096,48.7019292543
2,0.175572519084,1,MONTHLY,1,337,DEC,53.9618087765,53.9618087765,1.0000000000,0.0000000000,104.3757567553,104.3757567553,1865.5197183094,5.4643960096,48.7019292543
2,0.175572519084,1,MONTHLY,1,343,INC,2.9514451705,2.9514451705,1.0000000000,0.0000000000,104.3757567553,104.3757567553,2036.8429577460,5.4643960096,70.1283772543
2,0.175572519084,1,MONTHLY,1,343,DEC,64.1310122483,64.1310122483,1.0000000000,0.0000000000,104.3757567553,104.3757567553,2036.8429577460,5.4643960096,70.1283772543
2,0.175572519084,1,MONTHLY,1,349,INC,2.9514451705,2.9514451705,1.0000000000,0.0000000000,104.3757567553,104.3757567553,2208.1661971826,5.4643960096,202.7326972543
2,0.175572519084,1,MONTHLY,1,349,DEC,73.9671662017,73.9671662017,1.0000000000,0.0000000000,104.3757567553,104.3757567553,2208.1661971826,5.4643960096,202.7326972543
2,0.175572519084,1,MONTHLY,1,355,INC,2.9514451705,2.9514451705,1.0000000000,0.0000000000,104.3757567553,104.3757567553,2379.4894366193,5.4643960096,263.1041832543
2,0.175572519084,1,MONTHLY,1,355,DEC,83.3002525121,83.3002525121,1.0000000000,0.0000000000,104.3757567553,104.3757567553,2379.4894366193,5.4643960096,263.1041832543
2,0.175572519084,1,MONTHLY,1,505,INC,2.9514451705,2.9514451705,1.0000000000,-0.0000000000,104.3757567553,104.3757567553,6662.5704225349,5.4643960096,162.9207372543
2,0.175572519084,1,MONTHLY,1,505,DEC,101.9814762550,101.9814762550,1.0000000000,0.0000000000,104.3757567553,104.3757567553,6662.5704225349,5.4643960096,162.9207372543
2,0.175572519084,1,MONTHLY,1,511,INC,2.9514451705,2.9514451705,1.0000000000,-0.0000000000,104.3757567553,104.3757567553,6833.8936619715,5.4643960096,142.5666362543
2,0.175572519084,1,MONTHLY,1,511,DEC,101.9814762550,101.9814762550,1.0000000000,0.0000000000,104.3757567553,104.3757567553,6833.8936619715,5.4643960096,142.5666362543
2,0.175572519084,1,MONTHLY,1,517,INC,2.9514451705,2.9514451705,1.0000000000,-0.0000000000,104.3757567553,104.3757567553,7005.2169014081,5.4643960096,341.0306472543
2,0.175572519084,1,MONTHLY,1,517,DEC,101.9814762550,101.9814762550,1.0000000000,0.0000000000,104.3757567553,104.3757567553,7005.2169014081,5.4643960096,341.0306472543
2,0.175572519084,1,MONTHLY,1,523,INC,2.9514451705,2.9514451705,1.0000000000,-0.0000000000,104.3757567553,104.3757567553,7176.5401408448,5.4643960096,224.8699212543
2,0.175572519084,1,MONTHLY,1,523,DEC,101.9814762550,101.9814762550,1.0000000000,0.0000000000,104.3757567553,104.3757567553,7176.5401408448,5.4643960096,224.8699212543
2,0.175572519084,1,MONTHLY,1,673,INC,2.9514451705,2.9514451705,1.0000000000,0.0000000000,104.3757567553,104.3757567553,11459.6211267605,5.4643960096,239.8732392543
2,0.175572519084,1,MONTHLY,1,673,DEC,101.9814762550,101.9814762550,1.0000000000,0.0000000000,104.3757567553,104.3757567553,11459.6211267605,5.4643960096,239.8732392543
2,0.175572519084,1,MONTHLY,1,679,INC,2.9514451705,2.9514451705,1.0000000000,-0.0000000000,104.3757567553,104.3757567553,11630.9443661971,5.4643960096,179.6020812543
2,0.175572519084,1,MONTHLY,1,679,DEC,101.9814762550,101.9814762550,1.0000000000,0.0000000000,104.3757567553,104.3757567553,11630.9443661971,5.4643960096,179.6020812543
2,0.175572519084,1,MONTHLY,1,685,INC,2.9514451705,2.9514451705,1.0000000000,0.0000000000,104.3757567553,104.3757567553,11802.2676056337,5.4643960096,241.4731932543
2,0.175572519084,1,MONTHLY,1,685,DEC,101.9814762550,101.9814762550,1.0000000000,0.0000000000,104.3757567553,104.3757567553,11802.2676056337,5.4643960096,241.4731932543
2,0.175572519084,1,MONTHLY,1,691,INC,2.9514451705,2.9514451705,1.0000000000,-0.0000000000,104.3757567553,104.3757567553,11973.5908450704,5.4643960096,262.1362272543
2,0.175572519084,1,MONTHLY,1,691,DEC,101.9814762550,101.9814762550,1.0000000000,0.0000000000,104.3757567553,104.3757567553,11973.5908450704,5.4643960096,262.1362272543
2,0.175572519084,1,MONTHLY,4,1,INC,17.9705823359,17.9705823359,1.0000000000,0.0000000000,89.3566195899,89.3566195899,13515.5000000000,4.7212994241,80.8851558342
2,0.175572519084,1,MONTHLY,4,1,DEC,86.9623390896,86.9623390896,1.0000000000,0.0000000000,89.3566195899,89.3566195899,13515.5000000000,4.7212994241,80.8851558342
2,0.175572519084,1,MONTHLY,4,7,INC,17.9705823359,17.9705823359,1.0000000000,-0.0000000000,89.3566195899,89.3566195899,13886.0096599972,4.7212994241,93.8965688342
2,0.175572519084,1,MONTHLY,4,7,DEC,86.9623390896,86.9623390896,1.0000000000,0.0000000000,89.3566195899,89.3566195899,13886.0096599972,4.7212994241,93.8965688342
2,0.175572519084,1,MONTHLY,4,13,INC,17.9705823359,17.9705823359,1.0000000000,-0.0000000000,89.3566195899,89.3566195899,14256.5193199946,4.7212994241,365.8923818342
2,0.175572519084,1,MONTHLY,4,13,DEC,86.9623390896,86.9623390896,1.0000000000,0.0000000000,89.3566195899,89.3566195899,14256.5193199946,4.7212994241,365.8923818342
2,0.175572519084,1,MONTHLY,4,19,INC,17.9705823359,17.9705823359,1.0000000000,-0.0000000000,89.3566195899,89.3566195899,14627.0289799918,4.7212994241,218.3349078342
2,0.175572519084,1,MONTHLY,4,19,DEC,86.9623390896,86.9623390896,1.0000000000,0.0000000000,89.3566195899,89.3566195899,14627.0289799918,4.7212994241,218.3349078342
2,0.175572519084,1,MONTHLY,4,169,INC,34.7305019258,34.7305019258,1.0000000000,0.0000000000,72.5967000000,72.5967000000,18298.2121707157,4.3349735837,59.5084655837
2,0.175572519084,1,MONTHLY,4,169,DEC,70.2024194997,70.2024194997,1.0000000000,0.0000000000,72.5967000000,72.5967000000,18298.2121707157,4.3349735837,59.5084655837
2,0.175572519084,1,MONTHLY,4,175,INC,34.7305019258,34.7305019258,1.0000000000,-0.0000000000,72.5967000000,72.5967000000,17143.7514082643,4.3349735837,137.1546105837
2,0.175572519084,1,MONTHLY,4,175,DEC,70.2024194997,70.2024194997,1.0000000000,0.0000000000,72.5967000000,72.5967000000,17143.7514082643,4.3349735837,137.1546105837
2,0.175572519084,1,MONTHLY,4,181,INC,34.7305019258,34.7305019258,1.0000000000,-0.0000000000,72.5967000000,72.5967000000,15989.2906458129,4.3349735837,229.7819945837
2,0.175572519084,1,MONTHLY,4,181,DEC,70.2024194997,70.2024194997,1.0000000000,0.0000000000,72.5967000000,72.5967000000,15989.2906458129,4.3349735837,229.7819945837
2,0.175572519084,1,MONTHLY,4,187,INC,34.7305019258,34.7305019258,1.0000000000,-0.0000000000,72.5967000000,72.5967000000,14834.8298833615,4.3349735837,321.3405635837
2,0.175572519084,1,MONTHLY,4,187,DEC,70.2024194997,70.2024194997,1.0000000000,0.0000000000,72.5967000000,72.5967000000,14834.8298833615,4.3349735837,321.3405635837
2,0.175572519084,1,MONTHLY,4,337,INC,2.9514451705,2.9514451705,1.0000000000,-0.0000000000,104.3757567553,104.3757567553,1865.5197183094,5.4643960096,48.7019292543
2,0.175572519084,1,MONTHLY,4,337,DEC,29.8869212847,29.8869212847,1.0000000000,0.0000000000,104.3757567553,104.3757567553,1865.5197183094,5.4643960096,48.7019292543
2,0.175572519084,1,MONTHLY,4,343,INC,2.9514451705,2.9514451705,1.0000000000,-0.0000000000,104.3757567553,104.3757567553,2036.8429577460,5.4643960096,70.1283772543
2,0.175572519084,1,MONTHLY,4,343,DEC,32.6592581205,32.6592581205,1.0000000000,0.0000000000,104.3757567553,104.3757567553,2036.8429577460,5.4643960096,70.1283772543
2,0.175572519084,1,MONTHLY,4,349,INC,2.9514451705,2.9514451705,1.0000000000,-0.0000000000,104.3757567553,104.3757567553,2208.1661971826,5.4643960096,202.7326972543
2,0.175572519084,1,MONTHLY,4,349,DEC,35.3652209144,35.3652209144,1.0000000000,0.0000000000,104.3757567553,104.3757567553,2208.1661971826,5.4643960096,202.7326972543
2,0.175572519084,1,MONTHLY,4,355,INC,2.9514451705,2.9514451705,1.0000000000,-0.0000000000,104.3757567553,104.3757567553,2379.4894366193,5.4643960096,263.1041832543
2,0.175572519084,1,MONTHLY,4,355,DEC,38.0711837084,38.0711837084,1.0000000000,0.0000000000,104.3757567553,104.3757567553,2379.4894366193,5.4643960096,263.1041832543
2,0.175572519084,1,MONTHLY,4,505,INC,2.9514451705,2.9514451705,1.0000000000,-0.0000000000,104.3757567553,104.3757567553,6662.5704225349,5.4643960096,162.9207372543
2,0.175572519084,1,MONTHLY,4,505,DEC,86.0165652953,86.0165652953,1.0000000000,0.0000000000,104.3757567553,104.3757567553,6662.5704225349,5.4643960096,162.9207372543
2,0.175572519084,1,MONTHLY,4,511,INC,2.9514451705,2.9514451705,1.0000000000,-0.0000000000,104.3757567553,104.3757567553,6833.8936619715,5.4643960096,142.5666362543
2,0.175572519084,1,MONTHLY,4,511,DEC,86.0165652953,86.0165652953,1.0000000000,0.0000000000,104.3757567553,104.3757567553,6833.8936619715,5.4643960096,142.5666362543
2,0.175572519084,1,MONTHLY,4,517,INC,2.9514451705,2.9514451705,1.0000000000,-0.0000000000,104.3757567553,104.3757567553,7005.2169014081,5.4643960096,341.0306472543
2,0.175572519084,1,MONTHLY,4,517,DEC,101.9814762550,101.9814762550,1.0000000000,0.0000000000,104.3757567553,104.3757567553,7005.2169014081,5.4643960096,341.0306472543
2,0.175572519084,1,MONTHLY,4,523,INC,2.9514451705,2.9514451705,1.0000000000,-0.0000000000,104.3757567553,104.3757567553,7176.5401408448,5.4643960096,224.8699212543
2,0.175572519084,1,MONTHLY,4,523,DEC,101.9814762550,101.9814762550,1.0000000000,0.0000000000,104.3757567553,104.3757567553,7176.5401408448,5.4643960096,224.8699212543
2,0.175572519084,1,MONTHLY,4,673,INC,2.9514451705,2.9514451705,1.0000000000,0.0000000000,104.3757567553,104.3757567553,11459.6211267605,5.4643960096,239.8732392543
2,0.175572519084,1,MONTHLY,4,673,DEC,46.5790306923,46.5790306923,1.0000000000,0.0000000000,104.3757567553,104.3757567553,11459.6211267605,5.4643960096,239.8732392543
2,0.175572519084,1,MONTHLY,4,679,INC,2.9514451705,2.9514451705,1.0000000000,-0.0000000000,104.3757567553,104.3757567553,11630.9443661971,5.4643960096,179.6020812543
2,0.175572519084,1,MONTHLY,4,679,DEC,42.6788002213,42.6788002213,1.0000000000,0.0000000000,104.3757567553,104.3757567553,11630.9443661971,5.4643960096,179.6020812543
2,0.175572519084,1,MONTHLY,4,685,INC,2.9514451705,2.9514451705,1.0000000000,-0.0000000000,104.3757567553,104.3757567553,11802.2676056337,5.4643960096,241.4731932543
2,0.175572519084,1,MONTHLY,4,685,DEC,38.7785697504,38.7785697504,1.0000000000,0.0000000000,104.3757567553,104.3757567553,11802.2676056337,5.4643960096,241.4731932543
2,0.175572519084,1,MONTHLY,4,691,INC,2.9514451705,2.9514451705,1.0000000000,0.0000000000,104.3757567553,104.3757567553,11973.5908450704,5.4643960096,262.1362272543
2,0.175572519084,1,MONTHLY,4,691,DEC,34.8783392794,34.8783392794,1.0000000000,0.0000000000,104.3757567553,104.3757567553,11973.5908450704,5.4643960096,262.1362272543
2,0.175572519084,1,MONTHLY,12,1,INC,17.9705823359,17.9705823359,1.0000000000,-0.0000000000,89.3566195899,89.3566195899,13515.5000000000,4.7212994241,80.8851558342
2,0.175572519084,1,MONTHLY,12,1,DEC,67.5035011676,67.5035011676,1.0000000000,0.0000000000,89.3566195899,89.3566195899,13515.5000000000,4.7212994241,80.8851558342
2,0.175572519084,1,MONTHLY,12,7,INC,17.9705823359,17.9705823359,1.0000000000,-0.0000000000,89.3566195899,89.3566195899,13886.0096599972,4.7212994241,93.8965688342
2,0.175572519084,1,MONTHLY,12,7,DEC,69.1851861288,69.1851861288,1.0000000000,0.0000000000,89.3566195899,89.3566195899,13886.0096599972,4.7212994241,93.8965688342
2,0.175572519084,1,MONTHLY,12,13,INC,17.9705823359,17.9705823359,1.0000000000,0.0000000000,89.3566195899,89.3566195899,14256.5193199946,4.7212994241,365.8923818342
2,0.175572519084,1,MONTHLY,12,13,DEC,70.8668710901,70.8668710901,1.0000000000,0.0000000000,89.3566195899,89.3566195899,14256.5193199946,4.7212994241,365.8923818342
2,0.175572519084,1,MONTHLY,12,19,INC,17.9705823359,17.9705823359,1.0000000000,0.0000000000,89.3566195684,89.3566195899,14627.0289799918,4.7212994241,218.3349078342
2,0.175572519084,1,MONTHLY,12,19,DEC,70.9974281299,70.9974281299,1.0000000000,0.0000000000,89.3566195684,89.3566195899,14627.0289799918,4.7212994241,218.3349078342
2,0.175572519084,1,MONTHLY,12,169,INC,34.7305019258,34.7305019258,1.0000000000,0.0000000000,72.5967000000,72.5967000000,18298.2121707157,4.3349735837,59.5084655837
2,0.175572519084,1,MONTHLY,12,169,DEC,70.2024194997,70.2024194997,1.0000000000,0.0000000000,72.5967000000,72.5967000000,18298.2121707157,4.3349735837,59.5084655837
2,0.175572519084,1,MONTHLY,12,175,INC,34.7305019258,34.7305019258,1.0000000000,-0.0000000000,72.5967000000,72.5967000000,17143.7514082643,4.3349735837,137.1546105837
2,0.175572519084,1,MONTHLY,12,175,DEC,54.2375086926,54.2375086926,1.0000000000,0.0000000000,72.5967000000,72.5967000000,17143.7514082643,4.3349735837,137.1546105837
2,0.175572519084,1,MONTHLY,12,181,INC,34.7305019258,34.7305019258,1.0000000000,-0.0000000000,72.5967000000,72.5967000000,15989.2906458129,4.3349735837,229.7819945837
2,0.175572519084,1,MONTHLY,12,181,DEC,54.2375085400,54.2375085400,1.0000000000,0.0000000000,72.5967000000,72.5967000000,15989.2906458129,4.3349735837,229.7819945837
2,0.175572519084,1,MONTHLY,12,187,INC,34.7305019258,34.7305019258,1.0000000000,-0.0000000000,72.5967000000,72.5967000000,14834.8298833615,4.3349735837,321.3405635837
2,0.175572519084,1,MONTHLY,12,187,DEC,54.2375085400,54.2375085400,1.0000000000,0.0000000000,72.5967000000,72.5967000000,14834.8298833615,4.3349735837,321.3405635837
2,0.175572519084,1,MONTHLY,12,337,INC,2.9514451705,2.9514451705,1.0000000000,-0.0000000000,104.3757567553,104.3757567553,1865.5197183094,5.4643960096,48.7019292543
2,0.175572519084,1,MONTHLY,12,337,DEC,24.2320932163,24.2320932163,1.0000000000,-0.0000000000,104.3757567553,104.3757567553,1865.5197183094,5.4643960096,48.7019292543
2,0.175572519084,1,MONTHLY,12,343,INC,2.9514451705,2.9514451705,1.0000000000,-0.0000000000,104.3757567553,104.3757567553,2036.8429577460,5.4643960096,70.1283772543
2,0.175572519084,1,MONTHLY,12,343,DEC,25.1745643776,25.1745643776,1.0000000000,0.0000000000,104.3757567553,104.3757567553,2036.8429577460,5.4643960096,70.1283772543
2,0.175572519084,1,MONTHLY,12,349,INC,2.9514451705,2.9514451705,1.0000000000,-0.0000000000,104.3757567553,104.3757567553,2208.1661971826,5.4643960096,202.7326972543
2,0.175572519084,1,MONTHLY,12,349,DEC,26.1170355390,26.1170355390,1.0000000000,0.0000000000,104.3757567553,104.3757567553,2208.1661971826,5.4643960096,202.7326972543
2,0.175572519084,1,MONTHLY,12,355,INC,2.9514451705,2.9514451705,1.0000000000,-0.0000000000,104.3757567553,104.3757567553,2379.4894366193,5.4643960096,263.1041832543
2,0.175572519084,1,MONTHLY,12,355,DEC,27.0595067004,27.0595067004,1.0000000000,0.0000000000,104.3757567553,104.3757567553,2379.4894366193,5.4643960096,263.1041832543
2,0.175572519084,1,MONTHLY,12,505,INC,2.9514451705,2.9514451705,1.0000000000,-0.0000000000,104.3757567553,104.3757567553,6662.5704225349,5.4643960096,162.9207372543
2,0.175572519084,1,MONTHLY,12,505,DEC,49.6566659761,49.6566659761,1.0000000000,-0.0000000000,104.3757567553,104.3757567553,6662.5704225349,5.4643960096,162.9207372543
2,0.175572519084,1,MONTHLY,12,511,INC,2.9514451705,2.9514451705,1.0000000000,-0.0000000000,104.3757567553,104.3757567553,6833.8936619715,5.4643960096,142.5666362543
2,0.175572519084,1,MONTHLY,12,511,DEC,50.3079223453,50.3079223453,1.0000000000,0.0000000000,104.3757567553,104.3757567553,6833.8936619715,5.4643960096,142.5666362543
2,0.175572519084,1,MONTHLY,12,517,INC,2.9514451705,2.9514451705,1.0000000000,0.0000000000,104.3757567553,104.3757567553,7005.2169014081,5.4643960096,341.0306472543
2,0.175572519084,1,MONTHLY,12,517,DEC,49.0668832883,49.0668832883,1.0000000000,0.0000000000,104.3757567553,104.3757567553,7005.2169014081,5.4643960096,341.0306472543
2,0.175572519084,1,MONTHLY,12,523,INC,2.9514451705,2.9514451705,1.0000000000,-0.0000000000,104.3757567553,104.3757567553,7176.5401408448,5.4643960096,224.8699212543
2,0.175572519084,1,MONTHLY,12,523,DEC,47.8258442312,47.8258442312,1.0000000000,0.0000000000,104.3757567553,104.3757567553,7176.5401408448,5.4643960096,224.8699212543
2,0.175572519084,1,MONTHLY,12,673,INC,2.9514451705,2.9514451705,1.0000000000,-0.0000000000,104.3757567553,104.3757567553,11459.6211267605,5.4643960096,239.8732392543
2,0.175572519084,1,MONTHLY,12,673,DEC,14.6387666859,14.6387666859,1.0000000000,0.0000000000,104.3757567553,104.3757567553,11459.6211267605,5.4643960096,239.8732392543
2,0.175572519084,1,MONTHLY,12,679,INC,2.9514451705,2.9514451705,1.0000000000,-0.0000000000,104.3757567553,104.3757567553,11630.9443661971,5.4643960096,179.6020812543
2,0.175572519084,1,MONTHLY,12,679,DEC,13.2227966457,13.2227966457,1.0000000000,0.0000000000,104.3757567553,104.3757567553,11630.9443661971,5.4643960096,179.6020812543
2,0.175572519084,1,MONTHLY,12,685,INC,2.9514451705,2.9514451705,1.0000000000,-0.0000000000,104.3757567553,104.3757567553,11802.2676056337,5.4643960096,241.4731932543
2,0.175572519084,1,MONTHLY,12,685,DEC,11.8057819324,11.8057819324,1.0000000000,0.0000000000,104.3757567553,104.3757567553,11802.2676056337,5.4643960096,241.4731932543
2,0.175572519084,1,MONTHLY,12,691,INC,2.9514451705,2.9514451705,1.0000000000,0.0000000000,104.3757567553,104.3757567553,11973.5908450704,5.4643960096,262.1362272543
2,0.175572519084,1,MONTHLY,12,691,DEC,10.3300593472,10.3300593472,1.0000000000,0.0000000000,104.3757567553,104.3757567553,11973.5908450704,5.4643960096,262.1362272543
2,0.175572519084,1,MONTHLY,24,1,INC,17.9705823359,17.9705823359,1.0000000000,-0.0000000000,89.3566195899,89.3566195899,13515.5000000000,4.7212994241,80.8851558342
2,0.175572519084,1,MONTHLY,24,1,DEC,38.5121521043,38.5121521043,1.0000000000,0.0000000000,89.3566195899,89.3566195899,13515.5000000000,4.7212994241,80.8851558342
2,0.175572519084,1,MONTHLY,24,7,INC,17.9705823359,17.9705823359,1.0000000000,0.0000000000,89.3566195791,89.3566195899,13886.0096599972,4.7212994241,93.8965688342
2,0.175572519084,1,MONTHLY,24,7,DEC,39.4431962136,39.4431962136,1.0000000000,0.0000000000,89.3566195791,89.3566195899,13886.0096599972,4.7212994241,93.8965688342
2,0.175572519084,1,MONTHLY,24,13,INC,17.9705823359,17.9705823359,1.0000000000,0.0000000000,89.3566195791,89.3566195899,14256.5193199946,4.7212994241,365.8923818342
2,0.175572519084,1,MONTHLY,24,13,DEC,40.3742403336,40.3742403336,1.0000000000,0.0000000000,89.3566195791,89.3566195899,14256.5193199946,4.7212994241,365.8923818342
2,0.175572519084,1,MONTHLY,24,19,INC,17.9705823359,17.9705823359,1.0000000000,0.0000000000,89.3566195791,89.3566195899,14627.0289799918,4.7212994241,218.3349078342
2,0.175572519084,1,MONTHLY,24,19,DEC,41.3052844536,41.3052844536,1.0000000000,0.0000000000,89.3566195791,89.3566195899,14627.0289799918,4.7212994241,218.3349078342
2,0.175572519084,1,MONTHLY,24,169,INC,34.7305019258,34.7305019258,1.0000000000,0.0000000000,72.5967000000,72.5967000000,18298.2121707157,4.3349735837,59.5084655837
2,0.175572519084,1,MONTHLY,24,169,DEC,33.5471685706,33.5471685706,1.0000000000,0.0000000000,72.5967000000,72.5967000000,18298.2121707157,4.3349735837,59.5084655837
2,0.175572519084,1,MONTHLY,24,175,INC,34.7305019258,34.7305019258,1.0000000000,-0.0000000000,72.5967000000,72.5967000000,17143.7514082643,4.3349735837,137.1546105837
2,0.175572519084,1,MONTHLY,24,175,DEC,30.7854655489,30.7854655489,1.0000000000,0.0000000000,72.5967000000,72.5967000000,17143.7514082643,4.3349735837,137.1546105837
2,0.175572519084,1,MONTHLY,24,181,INC,34.7305019258,34.7305019258,1.0000000000,-0.0000000000,72.5967000000,72.5967000000,15989.2906458129,4.3349735837,229.7819945837
2,0.175572519084,1,MONTHLY,24,181,DEC,27.9685569009,27.9685569009,1.0000000000,0.0000000000,72.5967000000,72.5967000000,15989.2906458129,4.3349735837,229.7819945837
2,0.175572519084,1,MONTHLY,24,187,INC,34.7305019258,34.7305019258,1.0000000000,-0.0000000000,72.5967000000,72.5967000000,14834.8298833615,4.3349735837,321.3405635837
2,0.175572519084,1,MONTHLY,24,187,DEC,25.0675423777,25.0675423777,1.0000000000,0.0000000000,72.5967000000,72.5967000000,14834.8298833615,4.3349735837,321.3405635837
2,0.175572519084,1,MONTHLY,24,337,INC,2.9514451705,2.9514451705,1.0000000000,0.0000000000,104.3757567553,104.3757567553,1865.5197183094,5.4643960096,48.7019292543
2,0.175572519084,1,MONTHLY,24,337,DEC,22.8183861991,22.8183861991,1.0000000000,0.0000000000,104.3757567553,104.3757567553,1865.5197183094,5.4643960096,48.7019292543
2,0.175572519084,1,MONTHLY,24,343,INC,2.9514451705,2.9514451705,1.0000000000,-0.0000000000,104.3757567553,104.3757567553,2036.8429577460,5.4643960096,70.1283772543
2,0.175572519084,1,MONTHLY,24,343,DEC,23.2896217798,23.2896217798,1.0000000000,0.0000000000,104.3757567553,104.3757567553,2036.8429577460,5.4643960096,70.1283772543
2,0.175572519084,1,MONTHLY,24,349,INC,2.9514451705,2.9514451705,1.0000000000,0.0000000000,104.3757567553,104.3757567553,2208.1661971826,5.4643960096,202.7326972543
2,0.175572519084,1,MONTHLY,24,349,DEC,23.7608573605,23.7608573605,1.0000000000,-0.0000000000,104.3757567553,104.3757567553,2208.1661971826,5.4643960096,202.7326972543
2,0.175572519084,1,MONTHLY,24,355,INC,2.9514451705,2.9514451705,1.0000000000,0.0000000000,104.3757567553,104.3757567553,2379.4894366193,5.4643960096,263.1041832543
2,0.175572519084,1,MONTHLY,24,355,DEC,24.2320929412,24.2320929412,1.0000000000,0.0000000000,104.3757567553,104.3757567553,2379.4894366193,5.4643960096,263.1041832543
2,0.175572519084,1,MONTHLY,24,505,INC,2.9514451705,2.9514451705,1.0000000000,-0.0000000000,104.3757567553,104.3757567553,6662.5704225349,5.4643960096,162.9207372543
2,0.175572519084,1,MONTHLY,24,505,DEC,25.5240173914,25.5240173914,1.0000000000,0.0000000000,104.3757567553,104.3757567553,6662.5704225349,5.4643960096,162.9207372543
2,0.175572519084,1,MONTHLY,24,511,INC,2.9514451705,2.9514451705,1.0000000000,0.0000000000,104.3757567553,104.3757567553,6833.8936619715,5.4643960096,142.5666362543
2,0.175572519084,1,MONTHLY,24,511,DEC,24.8448035549,24.8448035549,1.0000000000,-0.0000000000,104.3757567553,104.3757567553,6833.8936619715,5.4643960096,142.5666362543
2,0.175572519084,1,MONTHLY,24,517,INC,2.9514451705,2.9514451705,1.0000000000,-0.0000000000,104.3757567553,104.3757567553,7005.2169014081,5.4643960096,341.0306472543
2,0.175572519084,1,MONTHLY,24,517,DEC,24.1655897183,24.1655897183,1.0000000000,0.0000000000,104.3757567553,104.3757567553,7005.2169014081,5.4643960096,341.0306472543
2,0.175572519084,1,MONTHLY,24,523,INC,2.9514451705,2.9514451705,1.0000000000,-0.0000000000,104.3757567553,104.3757567553,7176.5401408448,5.4643960096,224.8699212543
2,0.175572519084,1,MONTHLY,24,523,DEC,23.4863758818,23.4863758818,1.0000000000,0.0000000000,104.3757567553,104.3757567553,7176.5401408448,5.4643960096,224.8699212543
2,0.175572519084,1,MONTHLY,24,673,INC,2.9514451705,2.9514451705,1.0000000000,-0.0000000000,104.3757567553,104.3757567553,11459.6211267605,5.4643960096,239.8732392543
2,0.175572519084,1,MONTHLY,24,673,DEC,5.9028909662,5.9028909662,1.0000000000,0.0000000000,104.3757567553,104.3757567553,11459.6211267605,5.4643960096,239.8732392543
2,0.175572519084,1,MONTHLY,24,679,INC,2.9514451705,2.9514451705,1.0000000000,-0.0000000000,104.3757567553,104.3757567553,11630.9443661971,5.4643960096,179.6020812543
2,0.175572519084,1,MONTHLY,24,679,DEC,5.1650296736,5.1650296736,1.0000000000,0.0000000000,104.3757567553,104.3757567553,11630.9443661971,5.4643960096,179.6020812543
2,0.175572519084,1,MONTHLY,24,685,INC,2.9514451705,2.9514451705,1.0000000000,-0.0000000000,104.3757567553,104.3757567553,11802.2676056337,5.4643960096,241.4731932543
2,0.175572519084,1,MONTHLY,24,685,DEC,4.4271683810,4.4271683810,1.0000000000,0.0000000000,104.3757567553,104.3757567553,11802.2676056337,5.4643960096,241.4731932543
2,0.175572519084,1,MONTHLY,24,691,INC,2.9514451705,2.9514451705,1.0000000000,-0.0000000000,104.3757567553,104.3757567553,11973.5908450704,5.4643960096,262.1362272543
2,0.175572519084,1,MONTHLY,24,691,DEC,3.6893070883,3.6893070883,1.0000000000,0.0000000000,104.3757567553,104.3757567553,11973.5908450704,5.4643960096,262.1362272543
2,0.175572519084,2,HOURLY,1,1,INC,17.9705823362,17.9705823362,1.0000000000,-0.0000000000,89.3566195896,89.3566195896,13515.5000000000,4.7212994238,80.8851558342
2,0.175572519084,2,HOURLY,1,1,DEC,86.9623390893,86.9623390893,1.0000000000,0.0000000000,89.3566195896,89.3566195896,13515.5000000000,4.7212994238,80.8851558342
2,0.175572519084,2,HOURLY,1,7,INC,17.9705823362,17.9705823362,1.0000000000,0.0000000000,89.3566195896,89.3566195896,13886.0096608674,4.7212994238,93.8965688342
2,0.175572519084,2,HOURLY,1,7,DEC,86.9623390893,86.9623390893,1.0000000000,0.0000000000,89.3566195896,89.3566195896,13886.0096608674,4.7212994238,93.8965688342
2,0.175572519084,2,HOURLY,1,13,INC,17.9705823362,17.9705823362,1.0000000000,0.0000000000,89.3566195896,89.3566195896,14256.5193217348,4.7212994238,365.8923818342
2,0.175572519084,2,HOURLY,1,13,DEC,86.9623390893,86.9623390893,1.0000000000,0.0000000000,89.3566195896,89.3566195896,14256.5193217348,4.7212994238,365.8923818342
2,0.175572519084,2,HOURLY,1,19,INC,17.9705823362,17.9705823362,1.0000000000,0.0000000000,89.3566195896,89.3566195896,14627.0289826022,4.7212994238,218.3349078342
2,0.175572519084,2,HOURLY,1,19,DEC,86.9623390893,86.9623390893,1.0000000000,0.0000000000,89.3566195896,89.3566195896,14627.0289826022,4.7212994238,218.3349078342
2,0.175572519084,2,HOURLY,1,169,INC,34.7305019258,34.7305019258,1.0000000000,0.0000000000,72.5967000000,72.5967000000,18298.2121483889,4.3349735835,59.5084655835
2,0.175572519084,2,HOURLY,1,169,DEC,70.2024194997,70.2024194997,1.0000000000,-0.0000000000,72.5967000000,72.5967000000,18298.2121483889,4.3349735835,59.5084655835
2,0.175572519084,2,HOURLY,1,175,INC,34.7305019258,34.7305019258,1.0000000000,0.0000000000,72.5967000000,72.5967000000,17143.7513868314,4.3349735835,137.1546105835
2,0.175572519084,2,HOURLY,1,175,DEC,70.2024194997,70.2024194997,1.0000000000,0.0000000000,72.5967000000,72.5967000000,17143.7513868314,4.3349735835,137.1546105835
2,0.175572519084,2,HOURLY,1,181,INC,34.7305019258,34.7305019258,1.0000000000,0.0000000000,72.5967000000,72.5967000000,15989.2906252738,4.3349735835,229.7819945835
2,0.175572519084,2,HOURLY,1,181,DEC,70.2024194997,70.2024194997,1.0000000000,-0.0000000000,72.5967000000,72.5967000000,15989.2906252738,4.3349735835,229.7819945835
2,0.175572519084,2,HOURLY,1,187,INC,34.7305019258,34.7305019258,1.0000000000,0.0000000000,72.5967000000,72.5967000000,14834.8298637162,4.3349735835,321.3405635835
2,0.175572519084,2,HOURLY,1,187,DEC,70.2024194997,70.2024194997,1.0000000000,0.0000000000,72.5967000000,72.5967000000,14834.8298637162,4.3349735835,321.3405635835
2,0.175572519084,2,HOURLY,1,337,INC,2.9514451628,2.9514451628,1.0000000000,0.0000000000,104.3757567630,104.3757567630,1865.5197183102,5.4643960100,48.7019292470
2,0.175572519084,2,HOURLY,1,337,DEC,53.9618087843,53.9618087843,1.0000000000,-0.0000000000,104.3757567630,104.3757567630,1865.5197183102,5.4643960100,48.7019292470
2,0.175572519084,2,HOURLY,1,343,INC,2.9514451628,2.9514451628,1.0000000000,0.0000000000,104.3757567630,104.3757567630,2036.8429577468,5.4643960100,70.1283772470
2,0.175572519084,2,HOURLY,1,343,DEC,64.1310122560,64.1310122560,1.0000000000,-0.0000000000,104.3757567630,104.3757567630,2036.8429577468,5.4643960100,70.1283772470
2,0.175572519084,2,HOURLY,1,349,INC,2.9514451628,2.9514451628,1.0000000000,0.0000000000,104.3757567630,104.3757567630,2208.1661971834,5.4643960100,202.7326972470
2,0.175572519084,2,HOURLY,1,349,DEC,73.9671662095,73.9671662095,1.0000000000,0.0000000000,104.3757567630,104.3757567630,2208.1661971834,5.4643960100,202.7326972470
2,0.175572519084,2,HOURLY,1,355,INC,2.9514451628,2.9514451628,1.0000000000,0.0000000000,104.3757567630,104.3757567630,2379.4894366200,5.4643960100,263.1041832470
2,0.175572519084,2,HOURLY,1,355,DEC,83.3002525198,83.3002525198,1.0000000000,0.0000000000,104.3757567630,104.3757567630,2379.4894366200,5.4643960100,263.1041832470
2,0.175572519084,2,HOURLY,1,505,INC,2.9514451628,2.9514451628,1.0000000000,0.0000000000,104.3757567630,104.3757567630,6662.5704225351,5.4643960100,162.9207372470
2,0.175572519084,2,HOURLY,1,505,DEC,101.9814762627,101.9814762627,1.0000000000,0.0000000000,104.3757567630,104.3757567630,6662.5704225351,5.4643960100,162.9207372470
2,0.175572519084,2,HOURLY,1,511,INC,2.9514451628,2.9514451628,1.0000000000,0.0000000000,104.3757567630,104.3757567630,6833.8936619717,5.4643960100,142.5666362470
2,0.175572519084,2,HOURLY,1,511,DEC,101.9814762627,101.9814762627,1.0000000000,0.0000000000,104.3757567630,104.3757567630,6833.8936619717,5.4643960100,142.5666362470
2,0.175572519084,2,HOURLY,1,517,INC,2.9514451628,2.9514451628,1.0000000000,-0.0000000000,104.3757567630,104.3757567630,7005.2169014083,5.4643960100,341.0306472470
2,0.175572519084,2,HOURLY,1,517,DEC,101.9814762627,101.9814762627,1.0000000000,0.0000000000,104.3757567630,104.3757567630,7005.2169014083,5.4643960100,341.0306472470
2,0.175572519084,2,HOURLY,1,523,INC,2.9514451628,2.9514451628,1.0000000000,0.0000000000,104.3757567630,104.3757567630,7176.5401408449,5.4643960100,224.8699212470
2,0.175572519084,2,HOURLY,1,523,DEC,101.9814762627,101.9814762627,1.0000000000,0.0000000000,104.3757567630,104.3757567630,7176.5401408449,5.4643960100,224.8699212470
2,0.175572519084,2,HOURLY,1,673,INC,2.9514451628,2.9514451628,1.0000000000,0.0000000000,104.3757567630,104.3757567630,11459.6211267608,5.4643960100,239.8732392470
2,0.175572519084,2,HOURLY,1,673,DEC,101.9814762627,101.9814762627,1.0000000000,0.0000000000,104.3757567630,104.3757567630,11459.6211267608,5.4643960100,239.8732392470
2,0.175572519084,2,HOURLY,1,679,INC,2.9514451628,2.9514451628,1.0000000000,-0.0000000000,104.3757567630,104.3757567630,11630.9443661974,5.4643960100,179.6020812470
2,0.175572519084,2,HOURLY,1,679,DEC,101.9814762627,101.9814762627,1.0000000000,0.0000000000,104.3757567630,104.3757567630,11630.9443661974,5.4643960100,179.6020812470
2,0.175572519084,2,HOURLY,1,685,INC,2.9514451628,2.9514451628,1.0000000000,0.0000000000,104.3757567630,104.3757567630,11802.2676056340,5.4643960100,241.4731932470
2,0.175572519084,2,HOURLY,1,685,DEC,101.9814762627,101.9814762627,1.0000000000,0.0000000000,104.3757567630,104.3757567630,11802.2676056340,5.4643960100,241.4731932470
2,0.175572519084,2,HOURLY,1,691,INC,2.9514451628,2.9514451628,1.0000000000,0.0000000000,104.3757567630,104.3757567630,11973.5908450706,5.4643960100,262.1362272470
2,0.175572519084,2,HOURLY,1,691,DEC,101.9814762627,101.9814762627,1.0000000000,0.0000000000,104.3757567630,104.3757567630,11973.5908450706,5.4643960100,262.1362272470
2,0.175572519084,2,HOURLY,4,1,INC,17.9705823362,17.9705823362,1.0000000000,0.0000000000,89.3566195896,89.3566195896,13515.5000000000,4.7212994238,80.8851558342
2,0.175572519084,2,HOURLY,4,1,DEC,86.9623390893,86.9623390893,1.0000000000,0.0000000000,89.3566195896,89.3566195896,13515.5000000000,4.7212994238,80.8851558342
2,0.175572519084,2,HOURLY,4,7,INC,17.9705823362,17.9705823362,1.0000000000,0.0000000000,89.3566195896,89.3566195896,13886.0096608674,4.7212994238,93.8965688342
2,0.175572519084,2,HOURLY,4,7,DEC,86.9623390893,86.9623390893,1.0000000000,0.0000000000,89.3566195896,89.3566195896,13886.0096608674,4.7212994238,93.8965688342
2,0.175572519084,2,HOURLY,4,13,INC,17.9705823362,17.9705823362,1.0000000000,0.0000000000,89.3566195896,89.3566195896,14256.5193217348,4.7212994238,365.8923818342
2,0.175572519084,2,HOURLY,4,13,DEC,86.9623390893,86.9623390893,1.0000000000,0.0000000000,89.3566195896,89.3566195896,14256.5193217348,4.7212994238,365.8923818342
2,0.175572519084,2,HOURLY,4,19,INC,17.9705823362,17.9705823362,1.0000000000,0.0000000000,89.3566195896,89.3566195896,14627.0289826022,4.7212994238,218.3349078342
2,0.175572519084,2,HOURLY,4,19,DEC,86.9623390893,86.9623390893,1.0000000000,-0.0000000000,89.3566195896,89.3566195896,14627.0289826022,4.7212994238,218.3349078342
2,0.175572519084,2,HOURLY,4,169,INC,34.7305019258,15.8761518495,0.4571241695,18.8543500763,72.5967000000,72.5967000000,18298.2121483889,4.3349735835,59.5084655835
2,0.175572519084,2,HOURLY,4,169,DEC,70.2024194997,70.2024194997,1.0000000000,0.0000000000,72.5967000000,72.5967000000,18298.2121483889,4.3349735835,59.5084655835
2,0.175572519084,2,HOURLY,4,175,INC,34.7305019258,34.7305019258,1.0000000000,0.0000000000,72.5967000000,72.5967000000,17143.7513868314,4.3349735835,137.1546105835
2,0.175572519084,2,HOURLY,4,175,DEC,70.2024194997,70.2024194997,1.0000000000,0.0000000000,72.5967000000,72.5967000000,17143.7513868314,4.3349735835,137.1546105835
2,0.175572519084,2,HOURLY,4,181,INC,34.7305019258,34.7305019258,1.0000000000,0.0000000000,72.5967000000,72.5967000000,15989.2906252738,4.3349735835,229.7819945835
2,0.175572519084,2,HOURLY,4,181,DEC,70.2024194997,70.2024194997,1.0000000000,0.0000000000,72.5967000000,72.5967000000,15989.2906252738,4.3349735835,229.7819945835
2,0.175572519084,2,HOURLY,4,187,INC,34.7305019258,34.7305019258,1.0000000000,0.0000000000,72.5967000000,72.5967000000,14834.8298637162,4.3349735835,321.3405635835
2,0.175572519084,2,HOURLY,4,187,DEC,70.2024194997,70.2024194997,1.0000000000,0.0000000000,72.5967000000,72.5967000000,14834.8298637162,4.3349735835,321.3405635835
2,0.175572519084,2,HOURLY,4,337,INC,2.9514451628,2.9514451628,1.0000000000,-0.0000000000,104.3757567630,104.3757567630,1865.5197183102,5.4643960100,48.7019292470
2,0.175572519084,2,HOURLY,4,337,DEC,29.8869212924,29.8869212924,1.0000000000,0.0000000000,104.3757567630,104.3757567630,1865.5197183102,5.4643960100,48.7019292470
2,0.175572519084,2,HOURLY,4,343,INC,2.9514451628,2.9514451628,1.0000000000,0.0000000000,104.3757567630,104.3757567630,2036.8429577468,5.4643960100,70.1283772470
2,0.175572519084,2,HOURLY,4,343,DEC,32.6592581282,32.6592581282,1.0000000000,0.0000000000,104.3757567630,104.3757567630,2036.8429577468,5.4643960100,70.1283772470
2,0.175572519084,2,HOURLY,4,349,INC,2.9514451628,2.9514451628,1.0000000000,0.0000000000,104.3757567630,104.3757567630,2208.1661971834,5.4643960100,202.7326972470
2,0.175572519084,2,HOURLY,4,349,DEC,35.3652209221,35.3652209221,1.0000000000,0.0000000000,104.3757567630,104.3757567630,2208.1661971834,5.4643960100,202.7326972470
2,0.175572519084,2,HOURLY,4,355,INC,2.9514451628,2.9514451628,1.0000000000,-0.0000000000,104.3757567630,104.3757567630,2379.4894366200,5.4643960100,263.1041832470
2,0.175572519084,2,HOURLY,4,355,DEC,38.0711837161,38.0711837161,1.0000000000,0.0000000000,104.3757567630,104.3757567630,2379.4894366200,5.4643960100,263.1041832470
2,0.175572519084,2,HOURLY,4,505,INC,2.9514451628,2.9514451628,1.0000000000,-0.0000000000,104.3757567630,104.3757567630,6662.5704225351,5.4643960100,162.9207372470
2,0.175572519084,2,HOURLY,4,505,DEC,86.0165653030,86.0165653030,1.0000000000,0.0000000000,104.3757567630,104.3757567630,6662.5704225351,5.4643960100,162.9207372470
2,0.175572519084,2,HOURLY,4,511,INC,2.9514451628,2.9514451628,1.0000000000,0.0000000000,104.3757567630,104.3757567630,6833.8936619717,5.4643960100,142.5666362470
2,0.175572519084,2,HOURLY,4,511,DEC,86.0165653030,86.0165653030,1.0000000000,0.0000000000,104.3757567630,104.3757567630,6833.8936619717,5.4643960100,142.5666362470
2,0.175572519084,2,HOURLY,4,517,INC,2.9514451628,2.9514451628,1.0000000000,0.0000000000,104.3757567630,104.3757567630,7005.2169014083,5.4643960100,341.0306472470
2,0.175572519084,2,HOURLY,4,517,DEC,101.9814762627,101.9814762627,1.0000000000,0.0000000000,104.3757567630,104.3757567630,7005.2169014083,5.4643960100,341.0306472470
2,0.175572519084,2,HOURLY,4,523,INC,2.9514451628,2.9514451628,1.0000000000,-0.0000000000,104.3757567630,104.3757567630,7176.5401408449,5.4643960100,224.8699212470
2,0.175572519084,2,HOURLY,4,523,DEC,101.9814762627,101.9814762627,1.0000000000,0.0000000000,104.3757567630,104.3757567630,7176.5401408449,5.4643960100,224.8699212470
2,0.175572519084,2,HOURLY,4,673,INC,2.9514451628,2.9514451628,1.0000000000,-0.0000000000,104.3757567630,104.3757567630,11459.6211267608,5.4643960100,239.8732392470
2,0.175572519084,2,HOURLY,4,673,DEC,46.5790305767,46.5790305767,1.0000000000,0.0000000000,104.3757567630,104.3757567630,11459.6211267608,5.4643960100,239.8732392470
2,0.175572519084,2,HOURLY,4,679,INC,2.9514451628,2.9514451628,1.0000000000,0.0000000000,104.3757567630,104.3757567630,11630.9443661974,5.4643960100,179.6020812470
2,0.175572519084,2,HOURLY,4,679,DEC,42.6788001160,42.6788001160,1.0000000000,0.0000000000,104.3757567630,104.3757567630,11630.9443661974,5.4643960100,179.6020812470
2,0.175572519084,2,HOURLY,4,685,INC,2.9514451628,2.9514451628,1.0000000000,0.0000000000,104.3757567630,104.3757567630,11802.2676056340,5.4643960100,241.4731932470
2,0.175572519084,2,HOURLY,4,685,DEC,38.7785696553,38.7785696553,1.0000000000,0.0000000000,104.3757567630,104.3757567630,11802.2676056340,5.4643960100,241.4731932470
2,0.175572519084,2,HOURLY,4,691,INC,2.9514451628,2.9514451628,1.0000000000,0.0000000000,104.3757567630,104.3757567630,11973.5908450706,5.4643960100,262.1362272470
2,0.175572519084,2,HOURLY,4,691,DEC,34.8783391946,34.8783391946,1.0000000000,0.0000000000,104.3757567630,104.3757567630,11973.5908450706,5.4643960100,262.1362272470
2,0.175572519084,2,HOURLY,12,1,INC,17.9705823362,17.9705823362,1.0000000000,0.0000000000,89.3566195896,89.3566195896,13515.5000000000,4.7212994238,80.8851558342
2,0.175572519084,2,HOURLY,12,1,DEC,67.5035011673,67.5035011673,1.0000000000,0.0000000000,89.3566195896,89.3566195896,13515.5000000000,4.7212994238,80.8851558342
2,0.175572519084,2,HOURLY,12,7,INC,17.9705823362,17.9705823362,1.0000000000,-0.0000000000,89.3566195896,89.3566195896,13886.0096608674,4.7212994238,93.8965688342
2,0.175572519084,2,HOURLY,12,7,DEC,69.1851861325,69.1851861325,1.0000000000,0.0000000000,89.3566195896,89.3566195896,13886.0096608674,4.7212994238,93.8965688342
2,0.175572519084,2,HOURLY,12,13,INC,17.9705823362,17.9705823362,1.0000000000,0.0000000000,89.3566195896,89.3566195896,14256.5193217348,4.7212994238,365.8923818342
2,0.175572519084,2,HOURLY,12,13,DEC,70.8668710977,70.8668710977,1.0000000000,0.0000000000,89.3566195896,89.3566195896,14256.5193217348,4.7212994238,365.8923818342
2,0.175572519084,2,HOURLY,12,19,INC,17.9705823362,17.9705823362,1.0000000000,0.0000000000,89.3566195896,89.3566195896,14627.0289826022,4.7212994238,218.3349078342
2,0.175572519084,2,HOURLY,12,19,DEC,70.9974281296,70.9974281296,1.0000000000,-0.0000000000,89.3566195896,89.3566195896,14627.0289826022,4.7212994238,218.3349078342
2,0.175572519084,2,HOURLY,12,169,INC,34.7305019258,15.8761518495,0.4571241695,18.8543500763,72.5967000000,72.5967000000,18298.2121483889,4.3349735835,59.5084655835
2,0.175572519084,2,HOURLY,12,169,DEC,70.2024194997,70.2024194997,1.0000000000,0.0000000000,72.5967000000,72.5967000000,18298.2121483889,4.3349735835,59.5084655835
2,0.175572519084,2,HOURLY,12,175,INC,34.7305019258,34.7305019258,1.0000000000,0.0000000000,72.5967000000,72.5967000000,17143.7513868314,4.3349735835,137.1546105835
2,0.175572519084,2,HOURLY,12,175,DEC,54.2375085400,54.2375085400,1.0000000000,0.0000000000,72.5967000000,72.5967000000,17143.7513868314,4.3349735835,137.1546105835
2,0.175572519084,2,HOURLY,12,181,INC,34.7305019258,34.7305019258,1.0000000000,0.0000000000,72.5967000000,72.5967000000,15989.2906252738,4.3349735835,229.7819945835
2,0.175572519084,2,HOURLY,12,181,DEC,54.2375085400,54.2375085400,1.0000000000,-0.0000000000,72.5967000000,72.5967000000,15989.2906252738,4.3349735835,229.7819945835
2,0.175572519084,2,HOURLY,12,187,INC,34.7305019258,34.7305019258,1.0000000000,0.0000000000,72.5967000000,72.5967000000,14834.8298637162,4.3349735835,321.3405635835
2,0.175572519084,2,HOURLY,12,187,DEC,54.2375085400,54.2375085400,1.0000000000,-0.0000000000,72.5967000000,72.5967000000,14834.8298637162,4.3349735835,321.3405635835
2,0.175572519084,2,HOURLY,12,337,INC,2.9514451628,2.9514451628,1.0000000000,-0.0000000000,104.3757567630,104.3757567630,1865.5197183102,5.4643960100,48.7019292470
2,0.175572519084,2,HOURLY,12,337,DEC,24.2320932240,24.2320932240,1.0000000000,0.0000000000,104.3757567630,104.3757567630,1865.5197183102,5.4643960100,48.7019292470
2,0.175572519084,2,HOURLY,12,343,INC,2.9514451628,2.9514451628,1.0000000000,0.0000000000,104.3757567630,104.3757567630,2036.8429577468,5.4643960100,70.1283772470
2,0.175572519084,2,HOURLY,12,343,DEC,25.1745643853,25.1745643853,1.0000000000,0.0000000000,104.3757567630,104.3757567630,2036.8429577468,5.4643960100,70.1283772470
2,0.175572519084,2,HOURLY,12,349,INC,2.9514451628,2.9514451628,1.0000000000,-0.0000000000,104.3757567630,104.3757567630,2208.1661971834,5.4643960100,202.7326972470
2,0.175572519084,2,HOURLY,12,349,DEC,26.1170355467,26.1170355467,1.0000000000,0.0000000000,104.3757567630,104.3757567630,2208.1661971834,5.4643960100,202.7326972470
2,0.175572519084,2,HOURLY,12,355,INC,2.9514451628,2.9514451628,1.0000000000,-0.0000000000,104.3757567630,104.3757567630,2379.4894366200,5.4643960100,263.1041832470
2,0.175572519084,2,HOURLY,12,355,DEC,27.0595067081,27.0595067081,1.0000000000,0.0000000000,104.3757567630,104.3757567630,2379.4894366200,5.4643960100,263.1041832470
2,0.175572519084,2,HOURLY,12,505,INC,2.9514451628,2.9514451628,1.0000000000,-0.0000000000,104.3757567630,104.3757567630,6662.5704225351,5.4643960100,162.9207372470
2,0.175572519084,2,HOURLY,12,505,DEC,49.6566659838,49.6566659838,1.0000000000,0.0000000000,104.3757567630,104.3757567630,6662.5704225351,5.4643960100,162.9207372470
2,0.175572519084,2,HOURLY,12,511,INC,2.9514451628,2.9514451628,1.0000000000,0.0000000000,104.3757567630,104.3757567630,6833.8936619717,5.4643960100,142.5666362470
2,0.175572519084,2,HOURLY,12,511,DEC,50.3079222257,50.3079222257,1.0000000000,0.0000000000,104.3757567630,104.3757567630,6833.8936619717,5.4643960100,142.5666362470
2,0.175572519084,2,HOURLY,12,517,INC,2.9514451628,2.9514451628,1.0000000000,0.0000000000,104.3757567630,104.3757567630,7005.2169014083,5.4643960100,341.0306472470
2,0.175572519084,2,HOURLY,12,517,DEC,49.0668831719,49.0668831719,1.0000000000,0.0000000000,104.3757567630,104.3757567630,7005.2169014083,5.4643960100,341.0306472470
2,0.175572519084,2,HOURLY,12,523,INC,2.9514451628,2.9514451628,1.0000000000,-0.0000000000,104.3757567630,104.3757567630,7176.5401408449,5.4643960100,224.8699212470
2,0.175572519084,2,HOURLY,12,523,DEC,47.8258441182,47.8258441182,1.0000000000,0.0000000000,104.3757567630,104.3757567630,7176.5401408449,5.4643960100,224.8699212470
2,0.175572519084,2,HOURLY,12,673,INC,2.9514451628,2.9514451628,1.0000000000,0.0000000000,104.3757567630,104.3757567630,11459.6211267608,5.4643960100,239.8732392470
2,0.175572519084,2,HOURLY,12,673,DEC,14.6387666489,14.6387666489,1.0000000000,0.0000000000,104.3757567630,104.3757567630,11459.6211267608,5.4643960100,239.8732392470
2,0.175572519084,2,HOURLY,12,679,INC,2.9514451628,2.9514451628,1.0000000000,0.0000000000,104.3757567630,104.3757567630,11630.9443661974,5.4643960100,179.6020812470
2,0.175572519084,2,HOURLY,12,679,DEC,13.2227966123,13.2227966123,1.0000000000,0.0000000000,104.3757567630,104.3757567630,11630.9443661974,5.4643960100,179.6020812470
2,0.175572519084,2,HOURLY,12,685,INC,2.9514451628,2.9514451628,1.0000000000,0.0000000000,104.3757567630,104.3757567630,11802.2676056340,5.4643960100,241.4731932470
2,0.175572519084,2,HOURLY,12,685,DEC,11.8057819019,11.8057819019,1.0000000000,0.0000000000,104.3757567630,104.3757567630,11802.2676056340,5.4643960100,241.4731932470
2,0.175572519084,2,HOURLY,12,691,INC,2.9514451628,2.9514451628,1.0000000000,-0.0000000000,104.3757567630,104.3757567630,11973.5908450706,5.4643960100,262.1362272470
2,0.175572519084,2,HOURLY,12,691,DEC,10.3300593205,10.3300593205,1.0000000000,0.0000000000,104.3757567630,104.3757567630,11973.5908450706,5.4643960100,262.1362272470
2,0.175572519084,2,HOURLY,24,1,INC,17.9705823362,17.9705823362,1.0000000000,0.0000000000,89.3566195896,89.3566195896,13515.5000000000,4.7212994238,80.8851558342
2,0.175572519084,2,HOURLY,24,1,DEC,38.5121521040,38.5121521040,1.0000000000,-0.0000000000,89.3566195896,89.3566195896,13515.5000000000,4.7212994238,80.8851558342
2,0.175572519084,2,HOURLY,24,7,INC,17.9705823362,17.9705823362,1.0000000000,0.0000000000,89.3566195896,89.3566195896,13886.0096608674,4.7212994238,93.8965688342
2,0.175572519084,2,HOURLY,24,7,DEC,39.4431962262,39.4431962262,1.0000000000,0.0000000000,89.3566195896,89.3566195896,13886.0096608674,4.7212994238,93.8965688342
2,0.175572519084,2,HOURLY,24,13,INC,17.9705823362,17.9705823362,1.0000000000,-0.0000000000,89.3566195896,89.3566195896,14256.5193217348,4.7212994238,365.8923818342
2,0.175572519084,2,HOURLY,24,13,DEC,40.3742403484,40.3742403484,1.0000000000,0.0000000000,89.3566195896,89.3566195896,14256.5193217348,4.7212994238,365.8923818342
2,0.175572519084,2,HOURLY,24,19,INC,17.9705823362,17.9705823362,1.0000000000,0.0000000000,89.3566195896,89.3566195896,14627.0289826022,4.7212994238,218.3349078342
2,0.175572519084,2,HOURLY,24,19,DEC,41.3052844706,41.3052844706,1.0000000000,-0.0000000000,89.3566195896,89.3566195896,14627.0289826022,4.7212994238,218.3349078342
2,0.175572519084,2,HOURLY,24,169,INC,34.7305019258,15.8761518495,0.4571241695,18.8543500763,72.5967000000,72.5967000000,18298.2121483889,4.3349735835,59.5084655835
2,0.175572519084,2,HOURLY,24,169,DEC,33.5471685172,33.5471685172,1.0000000000,-0.0000000000,72.5967000000,72.5967000000,18298.2121483889,4.3349735835,59.5084655835
2,0.175572519084,2,HOURLY,24,175,INC,34.7305019258,34.7305019258,1.0000000000,0.0000000000,72.5967000000,72.5967000000,17143.7513868314,4.3349735835,137.1546105835
2,0.175572519084,2,HOURLY,24,175,DEC,30.7854654977,30.7854654977,1.0000000000,0.0000000000,72.5967000000,72.5967000000,17143.7513868314,4.3349735835,137.1546105835
2,0.175572519084,2,HOURLY,24,181,INC,34.7305019258,34.7305019258,1.0000000000,-0.0000000000,72.5967000000,72.5967000000,15989.2906252738,4.3349735835,229.7819945835
2,0.175572519084,2,HOURLY,24,181,DEC,27.9685568493,27.9685568493,1.0000000000,0.0000000000,72.5967000000,72.5967000000,15989.2906252738,4.3349735835,229.7819945835
2,0.175572519084,2,HOURLY,24,187,INC,34.7305019258,34.7305019258,1.0000000000,0.0000000000,72.5967000000,72.5967000000,14834.8298637162,4.3349735835,321.3405635835
2,0.175572519084,2,HOURLY,24,187,DEC,25.0675423284,25.0675423284,1.0000000000,0.0000000000,72.5967000000,72.5967000000,14834.8298637162,4.3349735835,321.3405635835
2,0.175572519084,2,HOURLY,24,337,INC,2.9514451628,2.9514451628,1.0000000000,0.0000000000,104.3757567630,104.3757567630,1865.5197183102,5.4643960100,48.7019292470
2,0.175572519084,2,HOURLY,24,337,DEC,22.8183862068,22.8183862068,1.0000000000,0.0000000000,104.3757567630,104.3757567630,1865.5197183102,5.4643960100,48.7019292470
2,0.175572519084,2,HOURLY,24,343,INC,2.9514451628,2.9514451628,1.0000000000,-0.0000000000,104.3757567630,104.3757567630,2036.8429577468,5.4643960100,70.1283772470
2,0.175572519084,2,HOURLY,24,343,DEC,23.2896217875,23.2896217875,1.0000000000,0.0000000000,104.3757567630,104.3757567630,2036.8429577468,5.4643960100,70.1283772470
2,0.175572519084,2,HOURLY,24,349,INC,2.9514451628,2.9514451628,1.0000000000,0.0000000000,104.3757567630,104.3757567630,2208.1661971834,5.4643960100,202.7326972470
2,0.175572519084,2,HOURLY,24,349,DEC,23.7608573682,23.7608573682,1.0000000000,0.0000000000,104.3757567630,104.3757567630,2208.1661971834,5.4643960100,202.7326972470
2,0.175572519084,2,HOURLY,24,355,INC,2.9514451628,2.9514451628,1.0000000000,0.0000000000,104.3757567630,104.3757567630,2379.4894366200,5.4643960100,263.1041832470
2,0.175572519084,2,HOURLY,24,355,DEC,24.2320929489,24.2320929489,1.0000000000,0.0000000000,104.3757567630,104.3757567630,2379.4894366200,5.4643960100,263.1041832470
2,0.175572519084,2,HOURLY,24,505,INC,2.9514451628,2.9514451628,1.0000000000,-0.0000000000,104.3757567630,104.3757567630,6662.5704225351,5.4643960100,162.9207372470
2,0.175572519084,2,HOURLY,24,505,DEC,25.5240173277,25.5240173277,1.0000000000,-0.0000000000,104.3757567630,104.3757567630,6662.5704225351,5.4643960100,162.9207372470
2,0.175572519084,2,HOURLY,24,511,INC,2.9514451628,2.9514451628,1.0000000000,0.0000000000,104.3757567630,104.3757567630,6833.8936619717,5.4643960100,142.5666362470
2,0.175572519084,2,HOURLY,24,511,DEC,24.8448034929,24.8448034929,1.0000000000,0.0000000000,104.3757567630,104.3757567630,6833.8936619717,5.4643960100,142.5666362470
2,0.175572519084,2,HOURLY,24,517,INC,2.9514451628,2.9514451628,1.0000000000,-0.0000000000,104.3757567630,104.3757567630,7005.2169014083,5.4643960100,341.0306472470
2,0.175572519084,2,HOURLY,24,517,DEC,24.1655896582,24.1655896582,1.0000000000,0.0000000000,104.3757567630,104.3757567630,7005.2169014083,5.4643960100,341.0306472470
2,0.175572519084,2,HOURLY,24,523,INC,2.9514451628,2.9514451628,1.0000000000,-0.0000000000,104.3757567630,104.3757567630,7176.5401408449,5.4643960100,224.8699212470
2,0.175572519084,2,HOURLY,24,523,DEC,23.4863758234,23.4863758234,1.0000000000,0.0000000000,104.3757567630,104.3757567630,7176.5401408449,5.4643960100,224.8699212470
2,0.175572519084,2,HOURLY,24,673,INC,2.9514451628,2.9514451628,1.0000000000,0.0000000000,104.3757567630,104.3757567630,11459.6211267608,5.4643960100,239.8732392470
2,0.175572519084,2,HOURLY,24,673,DEC,5.9028909510,5.9028909510,1.0000000000,0.0000000000,104.3757567630,104.3757567630,11459.6211267608,5.4643960100,239.8732392470
2,0.175572519084,2,HOURLY,24,679,INC,2.9514451628,2.9514451628,1.0000000000,0.0000000000,104.3757567630,104.3757567630,11630.9443661974,5.4643960100,179.6020812470
2,0.175572519084,2,HOURLY,24,679,DEC,5.1650296602,5.1650296602,1.0000000000,-0.0000000000,104.3757567630,104.3757567630,11630.9443661974,5.4643960100,179.6020812470
2,0.175572519084,2,HOURLY,24,685,INC,2.9514451628,2.9514451628,1.0000000000,0.0000000000,104.3757567630,104.3757567630,11802.2676056340,5.4643960100,241.4731932470
2,0.175572519084,2,HOURLY,24,685,DEC,4.4271683695,4.4271683695,1.0000000000,0.0000000000,104.3757567630,104.3757567630,11802.2676056340,5.4643960100,241.4731932470
2,0.175572519084,2,HOURLY,24,691,INC,2.9514451628,2.9514451628,1.0000000000,0.0000000000,104.3757567630,104.3757567630,11973.5908450706,5.4643960100,262.1362272470
2,0.175572519084,2,HOURLY,24,691,DEC,3.6893070788,3.6893070788,1.0000000000,0.0000000000,104.3757567630,104.3757567630,11973.5908450706,5.4643960100,262.1362272470
3,0.106870229008,1,MONTHLY,1,1,INC,104.8873175009,104.8873175009,1.0000000000,0.0000000000,2.4398844249,2.4398844249,13515.5000000000,2.4398844249,10.1635380000
3,0.106870229008,1,MONTHLY,1,1,DEC,0.0456039246,0.0456039246,1.0000000000,0.0000000000,2.4398844249,2.4398844249,13515.5000000000,2.4398844249,10.1635380000
3,0.106870229008,1,MONTHLY,1,7,INC,75.0658289258,75.0658289258,1.0000000000,0.0000000000,32.2613730000,32.2613730000,4976.0758657572,3.3085586603,3.3085586603
3,0.106870229008,1,MONTHLY,1,7,DEC,29.8670924997,29.8670924997,1.0000000000,0.0000000000,32.2613730000,32.2613730000,4976.0758657572,3.3085586603,3.3085586603
3,0.106870229008,1,MONTHLY,1,13,INC,0.6036939258,0.6036939258,1.0000000000,0.0000000000,106.7235080000,106.7235080000,5179.1259981435,5.0923714965,25.5065284965
3,0.106870229008,1,MONTHLY,1,13,DEC,104.3292274997,104.3292274997,1.0000000000,0.0000000000,106.7235080000,106.7235080000,5179.1259981435,5.0923714965,25.5065284965
3,0.106870229008,1,MONTHLY,1,19,INC,0.6036939258,0.6036939258,1.0000000000,-0.0000000000,106.7235080000,106.7235080000,7110.0455673580,5.0923714965,36.7865714965
3,0.106870229008,1,MONTHLY,1,19,DEC,104.3292274997,104.3292274997,1.0000000000,0.0000000000,106.7235080000,106.7235080000,7110.0455673580,5.0923714965,36.7865714965
3,0.106870229008,1,MONTHLY,1,169,INC,0.2650311931,0.2650311931,1.0000000000,0.0000000000,107.0621707327,107.0621707327,14743.3690635480,5.3814270723,27.0574043396
3,0.106870229008,1,MONTHLY,1,169,DEC,104.6678902324,104.6678902324,1.0000000000,0.0000000000,107.0621707327,107.0621707327,14743.3690635480,5.3814270723,27.0574043396
3,0.106870229008,1,MONTHLY,1,175,INC,0.6384909258,0.6384909258,1.0000000000,-0.0000000000,106.6887110000,106.6887110000,14293.5148129564,5.3731773983,5.3731773983
3,0.106870229008,1,MONTHLY,1,175,DEC,104.2944304997,104.2944304997,1.0000000000,0.0000000000,106.6887110000,106.6887110000,14293.5148129564,5.3731773983,5.3731773983
3,0.106870229008,1,MONTHLY,1,181,INC,0.2650311931,0.2650311931,1.0000000000,-0.0000000000,107.0621707327,107.0621707327,15215.6779574758,5.3814270723,130.0657633396
3,0.106870229008,1,MONTHLY,1,181,DEC,104.6678902324,104.6678902324,1.0000000000,0.0000000000,107.0621707327,107.0621707327,15215.6779574758,5.3814270723,130.0657633396
3,0.106870229008,1,MONTHLY,1,187,INC,0.2650311931,0.2650311931,1.0000000000,-0.0000000000,107.0621707327,107.0621707327,16143.2685191015,5.3814270723,114.6574223396
3,0.106870229008,1,MONTHLY,1,187,DEC,104.6678902324,104.6678902324,1.0000000000,0.0000000000,107.0621707327,107.0621707327,16143.2685191015,5.3814270723,114.6574223396
3,0.106870229008,1,MONTHLY,1,337,INC,31.8266339258,31.8266339258,1.0000000000,0.0000000000,75.5005680000,75.5005680000,19021.4684381882,4.6710128135,4.6710128135
3,0.106870229008,1,MONTHLY,1,337,DEC,73.1062874997,73.1062874997,1.0000000000,-0.0000000000,75.5005680000,75.5005680000,19021.4684381882,4.6710128135,4.6710128135
3,0.106870229008,1,MONTHLY,1,343,INC,22.5962549258,22.5962549258,1.0000000000,0.0000000000,84.7309470000,84.7309470000,15575.5533571129,4.8835476292,4.8835476292
3,0.106870229008,1,MONTHLY,1,343,DEC,82.3366664997,82.3366664997,1.0000000000,0.0000000000,84.7309470000,84.7309470000,15575.5533571129,4.8835476292,4.8835476292
3,0.106870229008,1,MONTHLY,1,349,INC,0.2650311931,0.2650311931,1.0000000000,-0.0000000000,107.0621707327,107.0621707327,16175.5916535747,5.3814270723,29.0678563396
3,0.106870229008,1,MONTHLY,1,349,DEC,104.6678902324,104.6678902324,1.0000000000,0.0000000000,107.0621707327,107.0621707327,16175.5916535747,5.3814270723,29.0678563396
3,0.106870229008,1,MONTHLY,1,355,INC,0.2650311931,0.2650311931,1.0000000000,-0.0000000000,107.0621707327,107.0621707327,17103.1822152003,5.3814270723,45.9325463396
3,0.106870229008,1,MONTHLY,1,355,DEC,104.6678902324,104.6678902324,1.0000000000,0.0000000000,107.0621707327,107.0621707327,17103.1822152003,5.3814270723,45.9325463396
3,0.106870229008,1,MONTHLY,1,505,INC,28.9227659258,28.9227659258,1.0000000000,0.0000000000,78.4044360000,78.4044360000,21553.2519868002,4.7378760539,48.2958960539
3,0.106870229008,1,MONTHLY,1,505,DEC,76.0101554997,76.0101554997,1.0000000000,0.0000000000,78.4044360000,78.4044360000,21553.2519868002,4.7378760539,48.2958960539
3,0.106870229008,1,MONTHLY,1,511,INC,52.3845709258,52.3845709258,1.0000000000,0.0000000000,54.9426310000,54.9426310000,19737.1606999968,4.1752039209,4.1752039209
3,0.106870229008,1,MONTHLY,1,511,DEC,52.5483504997,52.5483504997,1.0000000000,0.0000000000,54.9426310000,54.9426310000,19737.1606999968,4.1752039209,4.1752039209
3,0.106870229008,1,MONTHLY,1,517,INC,0.3680639258,0.3680639258,1.0000000000,-0.0000000000,106.9591380000,106.9591380000,19863.6966263400,5.3791510934,86.2412770934
3,0.106870229008,1,MONTHLY,1,517,DEC,104.5648574997,104.5648574997,1.0000000000,0.0000000000,106.9591380000,106.9591380000,19863.6966263400,5.3791510934,86.2412770934
3,0.106870229008,1,MONTHLY,1,523,INC,0.3680639258,0.3680639258,1.0000000000,-0.0000000000,106.9591380000,106.9591380000,20782.3030608931,5.3791510934,8.2830190934
3,0.106870229008,1,MONTHLY,1,523,DEC,104.5648574997,104.5648574997,1.0000000000,0.0000000000,106.9591380000,106.9591380000,20782.3030608931,5.3791510934,8.2830190934
3,0.106870229008,1,MONTHLY,1,673,INC,104.3349902195,104.3349902195,1.0000000000,0.0000000000,2.3943082781,2.3943082781,20838.2630413665,1.4519340000,1.4519340000
3,0.106870229008,1,MONTHLY,1,673,DEC,0.0000000000,0.0000000000,-1.0000000000,0.0000000000,2.3943082781,2.3943082781,20838.2630413665,1.4519340000,1.4519340000
3,0.106870229008,1,MONTHLY,1,679,INC,104.3348235529,104.3348235529,1.0000000000,0.0000000000,2.3943082781,2.3943082781,12458.3522201111,2.3943082781,14.2430840000
3,0.106870229008,1,MONTHLY,1,679,DEC,0.0000000000,0.0000000000,-1.0000000000,0.0000000000,2.3943082781,2.3943082781,12458.3522201111,2.3943082781,14.2430840000
3,0.106870229008,1,MONTHLY,1,685,INC,6.0875061643,6.0875061643,1.0000000000,0.0000000000,100.6414590000,100.6414590000,10394.0129725102,4.9134504966,4.9134504966
3,0.106870229008,1,MONTHLY,1,685,DEC,62.3357522591,62.3357522591,1.0000000000,-0.0000000000,100.6414590000,100.6414590000,10394.0129725102,4.9134504966,4.9134504966
3,0.106870229008,1,MONTHLY,1,691,INC,6.0873394976,6.0873394976,1.0000000000,0.0000000000,100.6414590000,100.6414590000,11958.0845928401,4.9134504966,66.4046214966
3,0.106870229008,1,MONTHLY,1,691,DEC,29.9963841728,29.9963841728,1.0000000000,-0.0000000000,100.6414590000,100.6414590000,11958.0845928401,4.9134504966,66.4046214966
3,0.106870229008,1,MONTHLY,4,1,INC,104.8873175009,104.8873175009,1.0000000000,0.0000000000,2.4398844249,2.4398844249,13515.5000000000,2.4398844249,10.1635380000
3,0.106870229008,1,MONTHLY,4,1,DEC,0.0456039246,0.0456039246,1.0000000000,0.0000000000,2.4398844249,2.4398844249,13515.5000000000,2.4398844249,10.1635380000
3,0.106870229008,1,MONTHLY,4,7,INC,0.6036939258,0.6036939258,1.0000000000,-0.0000000000,78.7339475000,32.2613730000,4976.0758657572,3.3085586603,3.3085586603
3,0.106870229008,1,MONTHLY,4,7,DEC,29.8670924997,29.8670924997,1.0000000000,0.0000000000,78.7339475000,32.2613730000,4976.0758657572,3.3085586603,3.3085586603
3,0.106870229008,1,MONTHLY,4,13,INC,0.6036939258,0.6036939258,1.0000000000,0.0000000000,106.7235080000,106.7235080000,5179.1259981435,5.0923714965,25.5065284965
3,0.106870229008,1,MONTHLY,4,13,DEC,81.7784311501,81.7784311501,1.0000000000,0.0000000000,106.7235080000,106.7235080000,5179.1259981435,5.0923714965,25.5065284965
3,0.106870229008,1,MONTHLY,4,19,INC,0.6036939258,0.6036939258,1.0000000000,-0.0000000000,106.7235080000,106.7235080000,7110.0455673580,5.0923714965,36.7865714965
3,0.106870229008,1,MONTHLY,4,19,DEC,104.3292274997,104.3292274997,1.0000000000,0.0000000000,106.7235080000,106.7235080000,7110.0455673580,5.0923714965,36.7865714965
3,0.106870229008,1,MONTHLY,4,169,INC,0.2650311931,0.2650311931,1.0000000000,-0.0000000000,102.5338578663,107.0621707327,14743.3690635480,5.3814270723,27.0574043396
3,0.106870229008,1,MONTHLY,4,169,DEC,92.9493854997,92.9493854997,1.0000000000,0.0000000000,102.5338578663,107.0621707327,14743.3690635480,5.3814270723,27.0574043396
3,0.106870229008,1,MONTHLY,4,175,INC,0.2650311931,0.2650311931,1.0000000000,0.0000000000,106.9688057995,106.6887110000,14293.5148129564,5.3731773983,5.3731773983
3,0.106870229008,1,MONTHLY,4,175,DEC,104.2944304997,104.2944304997,1.0000000000,0.0000000000,106.9688057995,106.6887110000,14293.5148129564,5.3731773983,5.3731773983
3,0.106870229008,1,MONTHLY,4,181,INC,0.2650311931,0.2650311931,1.0000000000,-0.0000000000,107.0621707327,107.0621707327,15215.6779574758,5.3814270723,130.0657633396
3,0.106870229008,1,MONTHLY,4,181,DEC,104.6678902324,104.6678902324,1.0000000000,0.0000000000,107.0621707327,107.0621707327,15215.6779574758,5.3814270723,130.0657633396
3,0.106870229008,1,MONTHLY,4,187,INC,0.2650311931,0.2650311931,1.0000000000,-0.0000000000,107.0621707327,107.0621707327,16143.2685191015,5.3814270723,114.6574223396
3,0.106870229008,1,MONTHLY,4,187,DEC,104.6678902324,104.6678902324,1.0000000000,0.0000000000,107.0621707327,107.0621707327,16143.2685191015,5.3814270723,114.6574223396
3,0.106870229008,1,MONTHLY,4,337,INC,31.8266339258,31.8266339258,1.0000000000,0.0000000000,63.7641015000,75.5005680000,19021.4684381882,4.6710128135,4.6710128135
3,0.106870229008,1,MONTHLY,4,337,DEC,53.7471674997,53.7471674997,1.0000000000,0.0000000000,63.7641015000,75.5005680000,19021.4684381882,4.6710128135,4.6710128135
3,0.106870229008,1,MONTHLY,4,343,INC,0.2650311931,0.2650311931,1.0000000000,0.0000000000,101.4793647995,84.7309470000,15575.5533571129,4.8835476292,4.8835476292
3,0.106870229008,1,MONTHLY,4,343,DEC,82.3366664997,82.3366664997,1.0000000000,0.0000000000,101.4793647995,84.7309470000,15575.5533571129,4.8835476292,4.8835476292
3,0.106870229008,1,MONTHLY,4,349,INC,0.2650311931,0.2650311931,1.0000000000,0.0000000000,107.0621707327,107.0621707327,16175.5916535747,5.3814270723,29.0678563396
3,0.106870229008,1,MONTHLY,4,349,DEC,104.6678902324,104.6678902324,1.0000000000,0.0000000000,107.0621707327,107.0621707327,16175.5916535747,5.3814270723,29.0678563396
3,0.106870229008,1,MONTHLY,4,355,INC,0.2650311931,0.2650311931,1.0000000000,-0.0000000000,107.0621707327,107.0621707327,17103.1822152003,5.3814270723,45.9325463396
3,0.106870229008,1,MONTHLY,4,355,DEC,104.6678902324,104.6678902324,1.0000000000,0.0000000000,107.0621707327,107.0621707327,17103.1822152003,5.3814270723,45.9325463396
3,0.106870229008,1,MONTHLY,4,505,INC,28.9227659258,28.9227659258,1.0000000000,0.0000000000,78.4044360000,78.4044360000,21553.2519868002,4.7378760539,48.2958960539
3,0.106870229008,1,MONTHLY,4,505,DEC,76.0101554997,76.0101554997,1.0000000000,0.0000000000,78.4044360000,78.4044360000,21553.2519868002,4.7378760539,48.2958960539
3,0.106870229008,1,MONTHLY,4,511,INC,0.3680639258,0.3680639258,1.0000000000,0.0000000000,93.9550112500,54.9426310000,19737.1606999968,4.1752039209,4.1752039209
3,0.106870229008,1,MONTHLY,4,511,DEC,52.5483504997,52.5483504997,1.0000000000,0.0000000000,93.9550112500,54.9426310000,19737.1606999968,4.1752039209,4.1752039209
3,0.106870229008,1,MONTHLY,4,517,INC,0.3680639258,0.3680639258,1.0000000000,-0.0000000000,106.9591380000,106.9591380000,19863.6966263400,5.3791510934,86.2412770934
3,0.106870229008,1,MONTHLY,4,517,DEC,104.5648574997,104.5648574997,1.0000000000,0.0000000000,106.9591380000,106.9591380000,19863.6966263400,5.3791510934,86.2412770934
3,0.106870229008,1,MONTHLY,4,523,INC,0.3680639258,0.3680639258,1.0000000000,-0.0000000000,100.7884185000,106.9591380000,20782.3030608931,5.3791510934,8.2830190934
3,0.106870229008,1,MONTHLY,4,523,DEC,91.9814294997,91.9814294997,1.0000000000,0.0000000000,100.7884185000,106.9591380000,20782.3030608931,5.3791510934,8.2830190934
3,0.106870229008,1,MONTHLY,4,673,INC,104.3344901969,104.3344901969,1.0000000000,0.0000000000,2.3943082781,2.3943082781,20838.2630413665,1.4519340000,1.4519340000
3,0.106870229008,1,MONTHLY,4,673,DEC,0.0000000000,0.0000000000,-1.0000000000,0.0000000000,2.3943082781,2.3943082781,20838.2630413665,1.4519340000,1.4519340000
3,0.106870229008,1,MONTHLY,4,679,INC,28.2520988310,28.2520988310,1.0000000000,0.0000000000,49.1061113195,2.3943082781,12458.3522201111,2.3943082781,14.2430840000
3,0.106870229008,1,MONTHLY,4,679,DEC,0.0000000000,0.0000000000,-1.0000000000,0.0000000000,49.1061113195,2.3943082781,12458.3522201111,2.3943082781,14.2430840000
3,0.106870229008,1,MONTHLY,4,685,INC,6.0872561416,6.0872561416,1.0000000000,0.0000000000,100.6414590000,100.6414590000,10394.0129725102,4.9134504966,4.9134504966
3,0.106870229008,1,MONTHLY,4,685,DEC,12.2505037059,12.2505037059,1.0000000000,0.0000000000,100.6414590000,100.6414590000,10394.0129725102,4.9134504966,4.9134504966
3,0.106870229008,1,MONTHLY,4,691,INC,6.0872144750,6.0872144750,1.0000000000,0.0000000000,100.6414590000,100.6414590000,11958.0845928401,4.9134504966,66.4046214966
3,0.106870229008,1,MONTHLY,4,691,DEC,3.1581350612,3.1581350612,1.0000000000,0.0000000000,100.6414590000,100.6414590000,11958.0845928401,4.9134504966,66.4046214966
3,0.106870229008,1,MONTHLY,12,1,INC,0.6036939258,0.6036939258,1.0000000000,0.0000000000,45.2518427124,2.4398844249,13515.5000000000,2.4398844249,10.1635380000
3,0.106870229008,1,MONTHLY,12,1,DEC,0.0456039246,0.0456039246,1.0000000000,0.0000000000,45.2518427124,2.4398844249,13515.5000000000,2.4398844249,10.1635380000
3,0.106870229008,1,MONTHLY,12,7,INC,0.6036939258,0.6036939258,1.0000000000,0.0000000000,97.3936545000,32.2613730000,4976.0758657572,3.3085586603,3.3085586603
3,0.106870229008,1,MONTHLY,12,7,DEC,29.8670924997,29.8670924997,1.0000000000,-0.0000000000,97.3936545000,32.2613730000,4976.0758657572,3.3085586603,3.3085586603
3,0.106870229008,1,MONTHLY,12,13,INC,0.6036939258,0.6036939258,1.0000000000,0.0000000000,104.1815636667,106.7235080000,5179.1259981435,5.0923714965,25.5065284965
3,0.106870229008,1,MONTHLY,12,13,DEC,41.7161188683,41.7161188683,1.0000000000,0.0000000000,104.1815636667,106.7235080000,5179.1259981435,5.0923714965,25.5065284965
3,0.106870229008,1,MONTHLY,12,19,INC,0.6036939258,0.6036939258,1.0000000000,0.0000000000,74.7767206667,106.7235080000,7110.0455673580,5.0923714965,36.7865714965
3,0.106870229008,1,MONTHLY,12,19,DEC,19.8750705400,19.8750705400,1.0000000000,0.0000000000,74.7767206667,106.7235080000,7110.0455673580,5.0923714965,36.7865714965
3,0.106870229008,1,MONTHLY,12,169,INC,0.2650311931,0.2650311931,1.0000000000,0.0000000000,99.3155265107,107.0621707327,14743.3690635480,5.3814270723,27.0574043396
3,0.106870229008,1,MONTHLY,12,169,DEC,59.8205614997,59.8205614997,1.0000000000,0.0000000000,99.3155265107,107.0621707327,14743.3690635480,5.3814270723,27.0574043396
3,0.106870229008,1,MONTHLY,12,175,INC,0.2650311931,0.2650311931,1.0000000000,0.0000000000,107.0310490883,106.6887110000,14293.5148129564,5.3731773983,5.3731773983
3,0.106870229008,1,MONTHLY,12,175,DEC,88.3295195400,88.3295195400,1.0000000000,0.0000000000,107.0310490883,106.6887110000,14293.5148129564,5.3731773983,5.3731773983
3,0.106870229008,1,MONTHLY,12,181,INC,0.2650311931,0.2650311931,1.0000000000,-0.0000000000,105.5209876716,107.0621707327,15215.6779574758,5.3814270723,130.0657633396
3,0.106870229008,1,MONTHLY,12,181,DEC,86.1736934997,86.1736934997,1.0000000000,0.0000000000,105.5209876716,107.0621707327,15215.6779574758,5.3814270723,130.0657633396
3,0.106870229008,1,MONTHLY,12,187,INC,0.2650311931,0.2650311931,1.0000000000,-0.0000000000,74.6783434720,107.0621707327,16143.2685191015,5.3814270723,114.6574223396
3,0.106870229008,1,MONTHLY,12,187,DEC,34.3880474997,34.3880474997,1.0000000000,0.0000000000,74.6783434720,107.0621707327,16143.2685191015,5.3814270723,114.6574223396
3,0.106870229008,1,MONTHLY,12,337,INC,0.2650311931,0.2650311931,1.0000000000,-0.0000000000,81.1928080553,75.5005680000,19021.4684381882,4.6710128135,4.6710128135
3,0.106870229008,1,MONTHLY,12,337,DEC,44.5515854997,44.5515854997,1.0000000000,0.0000000000,81.1928080553,75.5005680000,19021.4684381882,4.6710128135,4.6710128135
3,0.106870229008,1,MONTHLY,12,343,INC,0.2650311931,0.2650311931,1.0000000000,0.0000000000,105.2012354216,84.7309470000,15575.5533571129,4.8835476292,4.8835476292
3,0.106870229008,1,MONTHLY,12,343,DEC,82.3366664997,82.3366664997,1.0000000000,0.0000000000,105.2012354216,84.7309470000,15575.5533571129,4.8835476292,4.8835476292
3,0.106870229008,1,MONTHLY,12,349,INC,0.2650311931,0.2650311931,1.0000000000,0.0000000000,107.0621707327,107.0621707327,16175.5916535747,5.3814270723,29.0678563396
3,0.106870229008,1,MONTHLY,12,349,DEC,88.7029792727,88.7029792727,1.0000000000,-0.0000000000,107.0621707327,107.0621707327,16175.5916535747,5.3814270723,29.0678563396
3,0.106870229008,1,MONTHLY,12,355,INC,0.2650311931,0.2650311931,1.0000000000,0.0000000000,93.8378712830,107.0621707327,17103.1822152003,5.3814270723,45.9325463396
3,0.106870229008,1,MONTHLY,12,355,DEC,62.1622024997,62.1622024997,1.0000000000,0.0000000000,93.8378712830,107.0621707327,17103.1822152003,5.3814270723,45.9325463396
3,0.106870229008,1,MONTHLY,12,505,INC,0.3680639258,0.3680639258,1.0000000000,0.0000000000,87.2581275833,78.4044360000,21553.2519868002,4.7378760539,48.2958960539
3,0.106870229008,1,MONTHLY,12,505,DEC,52.5483504997,52.5483504997,1.0000000000,0.0000000000,87.2581275833,78.4044360000,21553.2519868002,4.7378760539,48.2958960539
3,0.106870229008,1,MONTHLY,12,511,INC,0.3680639258,0.3680639258,1.0000000000,0.0000000000,102.6244290833,54.9426310000,19737.1606999968,4.1752039209,4.1752039209
3,0.106870229008,1,MONTHLY,12,511,DEC,52.5483504997,52.5483504997,1.0000000000,0.0000000000,102.6244290833,54.9426310000,19737.1606999968,4.1752039209,4.1752039209
3,0.106870229008,1,MONTHLY,12,517,INC,0.3680639258,0.3680639258,1.0000000000,0.0000000000,100.3851035000,106.9591380000,19863.6966263400,5.3791510934,86.2412770934
3,0.106870229008,1,MONTHLY,12,517,DEC,72.1383314997,72.1383314997,1.0000000000,0.0000000000,100.3851035000,106.9591380000,19863.6966263400,5.3791510934,86.2412770934
3,0.106870229008,1,MONTHLY,12,523,INC,0.3680639258,0.3680639258,1.0000000000,0.0000000000,77.9011884772,106.9591380000,20782.3030608931,5.3791510934,8.2830190934
3,0.106870229008,1,MONTHLY,12,523,DEC,49.8753434997,49.8753434997,1.0000000000,0.0000000000,77.9011884772,106.9591380000,20782.3030608931,5.3791510934,8.2830190934
3,0.106870229008,1,MONTHLY,12,673,INC,16.3875624976,16.3875624976,1.0000000000,0.0000000000,32.4408805789,2.3943082781,20838.2630413665,1.4519340000,1.4519340000
3,0.106870229008,1,MONTHLY,12,673,DEC,0.0000000000,0.0000000000,-1.0000000000,0.0000000000,32.4408805789,2.3943082781,20838.2630413665,1.4519340000,1.4519340000
3,0.106870229008,1,MONTHLY,12,679,INC,6.0872561391,6.0872561391,1.0000000000,0.0000000000,81.5644559398,2.3943082781,12458.3522201111,2.3943082781,14.2430840000
3,0.106870229008,1,MONTHLY,12,679,DEC,0.0000000000,0.0000000000,-1.0000000000,0.0000000000,81.5644559398,2.3943082781,12458.3522201111,2.3943082781,14.2430840000
3,0.106870229008,1,MONTHLY,12,685,INC,0.0000000000,0.0000000000,-1.0000000000,0.0000000000,100.6032912500,100.6414590000,10394.0129725102,4.9134504966,4.9134504966
3,0.106870229008,1,MONTHLY,12,685,DEC,0.0000000000,0.0000000000,-1.0000000000,0.0000000000,100.6032912500,100.6414590000,10394.0129725102,4.9134504966,4.9134504966
3,0.106870229008,1,MONTHLY,24,1,INC,0.6036939258,0.6036939258,1.0000000000,0.0000000000,74.7167031896,2.4398844249,13515.5000000000,2.4398844249,10.1635380000
3,0.106870229008,1,MONTHLY,24,1,DEC,0.0456039246,0.0456039246,1.0000000000,0.0000000000,74.7167031896,2.4398844249,13515.5000000000,2.4398844249,10.1635380000
3,0.106870229008,1,MONTHLY,24,7,INC,0.6036939258,0.6036939258,1.0000000000,0.0000000000,86.0851875833,32.2613730000,4976.0758657572,3.3085586603,3.3085586603
3,0.106870229008,1,MONTHLY,24,7,DEC,11.8599861010,11.8599861010,1.0000000000,0.0000000000,86.0851875833,32.2613730000,4976.0758657572,3.3085586603,3.3085586603
3,0.106870229008,1,MONTHLY,24,13,INC,0.6036939258,0.6036939258,1.0000000000,0.0000000000,83.8012250417,106.7235080000,5179.1259981435,5.0923714965,25.5065284965
3,0.106870229008,1,MONTHLY,24,13,DEC,10.3294774741,10.3294774741,1.0000000000,0.0000000000,83.8012250417,106.7235080000,5179.1259981435,5.0923714965,25.5065284965
3,0.106870229008,1,MONTHLY,24,19,INC,0.6036939258,0.6036939258,1.0000000000,0.0000000000,80.1346942917,106.7235080000,7110.0455673580,5.0923714965,36.7865714965
3,0.106870229008,1,MONTHLY,24,19,DEC,11.9740773914,11.9740773914,1.0000000000,0.0000000000,80.1346942917,106.7235080000,7110.0455673580,5.0923714965,36.7865714965
3,0.106870229008,1,MONTHLY,24,169,INC,0.2650311931,0.2650311931,1.0000000000,0.0000000000,102.4182570912,107.0621707327,14743.3690635480,5.3814270723,27.0574043396
3,0.106870229008,1,MONTHLY,24,169,DEC,54.1217875833,54.1217875833,1.0000000000,0.0000000000,102.4182570912,107.0621707327,14743.3690635480,5.3814270723,27.0574043396
3,0.106870229008,1,MONTHLY,24,175,INC,0.2650311931,0.2650311931,1.0000000000,0.0000000000,90.8546962801,106.6887110000,14293.5148129564,5.3731773983,5.3731773983
3,0.106870229008,1,MONTHLY,24,175,DEC,34.3880474997,34.3880474997,1.0000000000,0.0000000000,90.8546962801,106.6887110000,14293.5148129564,5.3731773983,5.3731773983
3,0.106870229008,1,MONTHLY,24,181,INC,0.2650311931,0.2650311931,1.0000000000,0.0000000000,90.8702571023,107.0621707327,15215.6779574758,5.3814270723,130.0657633396
3,0.106870229008,1,MONTHLY,24,181,DEC,34.3880474997,34.3880474997,1.0000000000,0.0000000000,90.8702571023,107.0621707327,15215.6779574758,5.3814270723,130.0657633396
3,0.106870229008,1,MONTHLY,24,187,INC,0.2650311931,0.2650311931,1.0000000000,0.0000000000,90.8702571023,107.0621707327,16143.2685191015,5.3814270723,114.6574223396
3,0.106870229008,1,MONTHLY,24,187,DEC,34.3880474997,34.3880474997,1.0000000000,0.0000000000,90.8702571023,107.0621707327,16143.2685191015,5.3814270723,114.6574223396
3,0.106870229008,1,MONTHLY,24,337,INC,0.2650311931,0.2650311931,1.0000000000,0.0000000000,94.1274893940,75.5005680000,19021.4684381882,4.6710128135,4.6710128135
3,0.106870229008,1,MONTHLY,24,337,DEC,44.5515854997,44.5515854997,1.0000000000,0.0000000000,94.1274893940,75.5005680000,19021.4684381882,4.6710128135,4.6710128135
3,0.106870229008,1,MONTHLY,24,343,INC,0.2650311931,0.2650311931,1.0000000000,0.0000000000,99.5195533523,84.7309470000,15575.5533571129,4.8835476292,4.8835476292
3,0.106870229008,1,MONTHLY,24,343,DEC,52.4066088625,52.4066088625,1.0000000000,0.0000000000,99.5195533523,84.7309470000,15575.5533571129,4.8835476292,4.8835476292
3,0.106870229008,1,MONTHLY,24,349,INC,0.2650311931,0.2650311931,1.0000000000,0.0000000000,96.6459225747,107.0621707327,16175.5916535747,5.3814270723,29.0678563396
3,0.106870229008,1,MONTHLY,24,349,DEC,50.9248710345,50.9248710345,1.0000000000,0.0000000000,96.6459225747,107.0621707327,16175.5916535747,5.3814270723,29.0678563396
3,0.106870229008,1,MONTHLY,24,355,INC,0.2650311931,0.2650311931,1.0000000000,-0.0000000000,92.9316573915,107.0621707327,17103.1822152003,5.3814270723,45.9325463396
3,0.106870229008,1,MONTHLY,24,355,DEC,49.4427898467,49.4427898467,1.0000000000,0.0000000000,92.9316573915,107.0621707327,17103.1822152003,5.3814270723,45.9325463396
3,0.106870229008,1,MONTHLY,24,505,INC,0.3680639258,0.3680639258,1.0000000000,0.0000000000,93.8216155417,78.4044360000,21553.2519868002,4.7378760539,48.2958960539
3,0.106870229008,1,MONTHLY,24,505,DEC,52.5483504997,52.5483504997,1.0000000000,0.0000000000,93.8216155417,78.4044360000,21553.2519868002,4.7378760539,48.2958960539
3,0.106870229008,1,MONTHLY,24,511,INC,0.3680639258,0.3680639258,1.0000000000,0.0000000000,90.2628087802,54.9426310000,19737.1606999968,4.1752039209,4.1752039209
3,0.106870229008,1,MONTHLY,24,511,DEC,49.8753434997,49.8753434997,1.0000000000,0.0000000000,90.2628087802,54.9426310000,19737.1606999968,4.1752039209,4.1752039209
3,0.106870229008,1,MONTHLY,24,517,INC,0.3680639258,0.3680639258,1.0000000000,0.0000000000,83.9027396701,106.9591380000,19863.6966263400,5.3791510934,86.2412770934
3,0.106870229008,1,MONTHLY,24,517,DEC,46.2318305211,46.2318305211,1.0000000000,0.0000000000,83.9027396701,106.9591380000,19863.6966263400,5.3791510934,86.2412770934
3,0.106870229008,1,MONTHLY,24,523,INC,0.3680639258,0.3680639258,1.0000000000,0.0000000000,72.7604169692,106.9591380000,20782.3030608931,5.3791510934,8.2830190934
3,0.106870229008,1,MONTHLY,24,523,DEC,37.2982785400,37.2982785400,1.0000000000,0.0000000000,72.7604169692,106.9591380000,20782.3030608931,5.3791510934,8.2830190934
3,0.106870229008,1,MONTHLY,24,673,INC,0.0000000000,0.0000000000,-1.0000000000,0.0000000000,66.5220859144,2.3943082781,20838.2630413665,1.4519340000,1.4519340000
3,0.106870229008,1,MONTHLY,24,673,DEC,0.0000000000,0.0000000000,-1.0000000000,0.0000000000,66.5220859144,2.3943082781,20838.2630413665,1.4519340000,1.4519340000
3,0.106870229008,2,HOURLY,1,1,INC,104.8873175009,0.5529662005,0.0052720025,104.3343513004,2.4398844249,2.4398844249,13515.5000000000,2.4398844249,10.1635380000
3,0.106870229008,2,HOURLY,1,1,DEC,0.0456039246,0.0456039246,1.0000000000,0.0000000000,2.4398844249,2.4398844249,13515.5000000000,2.4398844249,10.1635380000
3,0.106870229008,2,HOURLY,1,7,INC,75.0658289258,3.9515007691,0.0526404734,71.1143281567,32.2613730000,32.2613730000,4976.0758657572,3.3085586603,3.3085586603
3,0.106870229008,2,HOURLY,1,7,DEC,29.8670924997,29.8670924997,1.0000000000,0.0000000000,32.2613730000,32.2613730000,4976.0758657572,3.3085586603,3.3085586603
3,0.106870229008,2,HOURLY,1,13,INC,0.6036939258,0.6036939258,1.0000000000,0.0000000000,106.7235080000,106.7235080000,5179.1259981435,5.0923714965,25.5065284965
3,0.106870229008,2,HOURLY,1,13,DEC,104.3292274997,104.3292274997,1.0000000000,0.0000000000,106.7235080000,106.7235080000,5179.1259981435,5.0923714965,25.5065284965
3,0.106870229008,2,HOURLY,1,19,INC,0.6036939258,0.6036939258,1.0000000000,0.0000000000,106.7235080000,106.7235080000,7110.0455673579,5.0923714965,36.7865714965
3,0.106870229008,2,HOURLY,1,19,DEC,104.3292274997,104.3292274997,1.0000000000,0.0000000000,106.7235080000,106.7235080000,7110.0455673579,5.0923714965,36.7865714965
3,0.106870229008,2,HOURLY,1,169,INC,0.2650311931,0.2650311931,1.0000000000,0.0000000000,107.0621707327,107.0621707327,14743.3690635489,5.3814270723,27.0574043396
3,0.106870229008,2,HOURLY,1,169,DEC,104.6678902324,104.6678902324,1.0000000000,0.0000000000,107.0621707327,107.0621707327,14743.3690635489,5.3814270723,27.0574043396
3,0.106870229008,2,HOURLY,1,175,INC,0.6384909258,0.6384909258,1.0000000000,0.0000000000,106.6887110000,106.6887110000,14293.5148129573,5.3731773983,5.3731773983
3,0.106870229008,2,HOURLY,1,175,DEC,104.2944304997,104.2944304997,1.0000000000,0.0000000000,106.6887110000,106.6887110000,14293.5148129573,5.3731773983,5.3731773983
3,0.106870229008,2,HOURLY,1,181,INC,0.2650311931,0.2650311931,1.0000000000,-0.0000000000,107.0621707327,107.0621707327,15215.6779574768,5.3814270723,130.0657633396
3,0.106870229008,2,HOURLY,1,181,DEC,104.6678902324,104.6678902324,1.0000000000,0.0000000000,107.0621707327,107.0621707327,15215.6779574768,5.3814270723,130.0657633396
3,0.106870229008,2,HOURLY,1,187,INC,0.2650311931,0.2650311931,1.0000000000,-0.0000000000,107.0621707327,107.0621707327,16143.2685191025,5.3814270723,114.6574223396
3,0.106870229008,2,HOURLY,1,187,DEC,104.6678902324,104.6678902324,1.0000000000,0.0000000000,107.0621707327,107.0621707327,16143.2685191025,5.3814270723,114.6574223396
3,0.106870229008,2,HOURLY,1,337,INC,31.8266339258,5.0461316093,0.1585505907,26.7805023165,75.5005680000,75.5005680000,19021.4684381903,4.6710128135,4.6710128135
3,0.106870229008,2,HOURLY,1,337,DEC,73.1062874997,73.1062874997,1.0000000000,-0.0000000000,75.5005680000,75.5005680000,19021.4684381903,4.6710128135,4.6710128135
3,0.106870229008,2,HOURLY,1,343,INC,22.5962549258,5.2635819083,0.2329404552,17.3326730175,84.7309470000,84.7309470000,15575.5533571150,4.8835476292,4.8835476292
3,0.106870229008,2,HOURLY,1,343,DEC,82.3366664997,82.3366664997,1.0000000000,0.0000000000,84.7309470000,84.7309470000,15575.5533571150,4.8835476292,4.8835476292
3,0.106870229008,2,HOURLY,1,349,INC,0.2650311931,0.2650311931,1.0000000000,-0.0000000000,107.0621707327,107.0621707327,16175.5916535768,5.3814270723,29.0678563396
3,0.106870229008,2,HOURLY,1,349,DEC,104.6678902324,104.6678902324,1.0000000000,0.0000000000,107.0621707327,107.0621707327,16175.5916535768,5.3814270723,29.0678563396
3,0.106870229008,2,HOURLY,1,355,INC,0.2650311931,0.2650311931,1.0000000000,-0.0000000000,107.0621707327,107.0621707327,17103.1822152025,5.3814270723,45.9325463396
3,0.106870229008,2,HOURLY,1,355,DEC,104.6678902324,104.6678902324,1.0000000000,0.0000000000,107.0621707327,107.0621707327,17103.1822152025,5.3814270723,45.9325463396
3,0.106870229008,2,HOURLY,1,505,INC,28.9227659258,28.9227659258,1.0000000000,-0.0000000000,78.4044360000,78.4044360000,21553.2519868025,4.7378760539,48.2958960539
3,0.106870229008,2,HOURLY,1,505,DEC,76.0101554997,76.0101554997,1.0000000000,-0.0000000000,78.4044360000,78.4044360000,21553.2519868025,4.7378760539,48.2958960539
3,0.106870229008,2,HOURLY,1,511,INC,52.3845709258,4.5467518567,0.0867956304,47.8378190691,54.9426310000,54.9426310000,19737.1606999992,4.1752039209,4.1752039209
3,0.106870229008,2,HOURLY,1,511,DEC,52.5483504997,52.5483504997,1.0000000000,-0.0000000000,54.9426310000,54.9426310000,19737.1606999992,4.1752039209,4.1752039209
3,0.106870229008,2,HOURLY,1,517,INC,0.3680639258,0.3680639258,1.0000000000,0.0000000000,106.9591380000,106.9591380000,19863.6966263424,5.3791510934,86.2412770934
3,0.106870229008,2,HOURLY,1,517,DEC,104.5648574997,104.5648574997,1.0000000000,0.0000000000,106.9591380000,106.9591380000,19863.6966263424,5.3791510934,86.2412770934
3,0.106870229008,2,HOURLY,1,523,INC,0.3680639258,0.3680639258,1.0000000000,0.0000000000,106.9591380000,106.9591380000,20782.3030608956,5.3791510934,8.2830190934
3,0.106870229008,2,HOURLY,1,523,DEC,104.5648574997,104.5648574997,1.0000000000,0.0000000000,106.9591380000,106.9591380000,20782.3030608956,5.3791510934,8.2830190934
3,0.106870229008,2,HOURLY,1,673,INC,104.3349902196,0.0000000000,0.0000000000,104.3349902196,2.3943082781,2.3943082781,20838.2630413665,1.4519340000,1.4519340000
3,0.106870229008,2,HOURLY,1,673,DEC,0.0000000000,0.0000000000,-1.0000000000,0.0000000000,2.3943082781,2.3943082781,20838.2630413665,1.4519340000,1.4519340000
3,0.106870229008,2,HOURLY,1,679,INC,104.3348235529,0.0000000000,0.0000000000,104.3348235529,2.3943082781,2.3943082781,12458.3522201111,2.3943082781,14.2430840000
3,0.106870229008,2,HOURLY,1,679,DEC,0.0000000000,0.0000000000,-1.0000000000,0.0000000000,2.3943082781,2.3943082781,12458.3522201111,2.3943082781,14.2430840000
3,0.106870229008,2,HOURLY,1,685,INC,6.0875061643,5.0247452622,0.8254193304,1.0627609022,100.6414590000,100.6414590000,10394.0129725102,4.9134504966,4.9134504966
3,0.106870229008,2,HOURLY,1,685,DEC,62.3357522580,61.0195273674,0.9788849121,1.3162248906,100.6414590000,100.6414590000,10394.0129725102,4.9134504966,4.9134504966
3,0.106870229008,2,HOURLY,1,691,INC,6.0873394977,6.0873394977,1.0000000000,0.0000000000,100.6414590000,100.6414590000,11958.0845928401,4.9134504966,66.4046214966
3,0.106870229008,2,HOURLY,1,691,DEC,29.9963841715,28.5479905823,0.9517143939,1.4483935893,100.6414590000,100.6414590000,11958.0845928401,4.9134504966,66.4046214966
3,0.106870229008,2,HOURLY,4,1,INC,104.8873175009,0.5529662005,0.0052720025,104.3343513004,2.4398844249,2.4398844249,13515.5000000000,2.4398844249,10.1635380000
3,0.106870229008,2,HOURLY,4,1,DEC,0.0456039246,0.0456039246,1.0000000000,0.0000000000,2.4398844249,2.4398844249,13515.5000000000,2.4398844249,10.1635380000
3,0.106870229008,2,HOURLY,4,7,INC,0.6036939258,0.6036939258,1.0000000000,-0.0000000000,78.7339475000,32.2613730000,4976.0758657572,3.3085586603,3.3085586603
3,0.106870229008,2,HOURLY,4,7,DEC,29.8670924997,29.8670924997,1.0000000000,0.0000000000,78.7339475000,32.2613730000,4976.0758657572,3.3085586603,3.3085586603
3,0.106870229008,2,HOURLY,4,13,INC,0.6036939258,0.6036939258,1.0000000000,-0.0000000000,106.7235080000,106.7235080000,5179.1259981435,5.0923714965,25.5065284965
3,0.106870229008,2,HOURLY,4,13,DEC,81.7784311501,66.7508086989,0.8162397806,15.0276224513,106.7235080000,106.7235080000,5179.1259981435,5.0923714965,25.5065284965
3,0.106870229008,2,HOURLY,4,19,INC,0.6036939258,0.6036939258,1.0000000000,0.0000000000,106.7235080000,106.7235080000,7110.0455673579,5.0923714965,36.7865714965
3,0.106870229008,2,HOURLY,4,19,DEC,104.3292274997,64.3963966401,0.6172421495,39.9328308596,106.7235080000,106.7235080000,7110.0455673579,5.0923714965,36.7865714965
3,0.106870229008,2,HOURLY,4,169,INC,0.2650311931,0.2650311931,1.0000000000,0.0000000000,102.5338578663,107.0621707327,14743.3690635489,5.3814270723,27.0574043396
3,0.106870229008,2,HOURLY,4,169,DEC,92.9493854997,92.9493854997,1.0000000000,0.0000000000,102.5338578663,107.0621707327,14743.3690635489,5.3814270723,27.0574043396
3,0.106870229008,2,HOURLY,4,175,INC,0.2650311931,0.2650311931,1.0000000000,-0.0000000000,106.9688057995,106.6887110000,14293.5148129573,5.3731773983,5.3731773983
3,0.106870229008,2,HOURLY,4,175,DEC,104.2944304997,104.2944304997,1.0000000000,0.0000000000,106.9688057995,106.6887110000,14293.5148129573,5.3731773983,5.3731773983
3,0.106870229008,2,HOURLY,4,181,INC,0.2650311931,0.2650311931,1.0000000000,0.0000000000,107.0621707327,107.0621707327,15215.6779574768,5.3814270723,130.0657633396
3,0.106870229008,2,HOURLY,4,181,DEC,104.6678902324,104.6678902324,1.0000000000,0.0000000000,107.0621707327,107.0621707327,15215.6779574768,5.3814270723,130.0657633396
3,0.106870229008,2,HOURLY,4,187,INC,0.2650311931,0.2650311931,1.0000000000,0.0000000000,107.0621707327,107.0621707327,16143.2685191025,5.3814270723,114.6574223396
3,0.106870229008,2,HOURLY,4,187,DEC,104.6678902324,104.6678902324,1.0000000000,0.0000000000,107.0621707327,107.0621707327,16143.2685191025,5.3814270723,114.6574223396
3,0.106870229008,2,HOURLY,4,337,INC,31.8266339258,4.5763052528,0.1437885409,27.2503286730,63.7641015000,75.5005680000,19021.4684381903,4.6710128135,4.6710128135
3,0.106870229008,2,HOURLY,4,337,DEC,53.7471674997,53.7471674997,1.0000000000,-0.0000000000,63.7641015000,75.5005680000,19021.4684381903,4.6710128135,4.6710128135
3,0.106870229008,2,HOURLY,4,343,INC,0.2650311931,0.2650311931,1.0000000000,-0.0000000000,101.4793647995,84.7309470000,15575.5533571150,4.8835476292,4.8835476292
3,0.106870229008,2,HOURLY,4,343,DEC,82.3366664997,82.3366664997,1.0000000000,0.0000000000,101.4793647995,84.7309470000,15575.5533571150,4.8835476292,4.8835476292
3,0.106870229008,2,HOURLY,4,349,INC,0.2650311931,0.2650311931,1.0000000000,-0.0000000000,107.0621707327,107.0621707327,16175.5916535768,5.3814270723,29.0678563396
3,0.106870229008,2,HOURLY,4,349,DEC,104.6678902324,104.6678902324,1.0000000000,0.0000000000,107.0621707327,107.0621707327,16175.5916535768,5.3814270723,29.0678563396
3,0.106870229008,2,HOURLY,4,355,INC,0.2650311931,0.2650311931,1.0000000000,0.0000000000,107.0621707327,107.0621707327,17103.1822152025,5.3814270723,45.9325463396
3,0.106870229008,2,HOURLY,4,355,DEC,104.6678902324,104.6678902324,1.0000000000,0.0000000000,107.0621707327,107.0621707327,17103.1822152025,5.3814270723,45.9325463396
3,0.106870229008,2,HOURLY,4,505,INC,28.9227659258,14.0290624083,0.4850525861,14.8937035175,78.4044360000,78.4044360000,21553.2519868025,4.7378760539,48.2958960539
3,0.106870229008,2,HOURLY,4,505,DEC,76.0101554997,76.0101554997,1.0000000000,0.0000000000,78.4044360000,78.4044360000,21553.2519868025,4.7378760539,48.2958960539
3,0.106870229008,2,HOURLY,4,511,INC,0.3680639258,0.3680639258,1.0000000000,0.0000000000,93.9550112500,54.9426310000,19737.1606999992,4.1752039209,4.1752039209
3,0.106870229008,2,HOURLY,4,511,DEC,52.5483504997,52.5483504997,1.0000000000,0.0000000000,93.9550112500,54.9426310000,19737.1606999992,4.1752039209,4.1752039209
3,0.106870229008,2,HOURLY,4,517,INC,0.3680639258,0.3680639258,1.0000000000,0.0000000000,106.9591380000,106.9591380000,19863.6966263424,5.3791510934,86.2412770934
3,0.106870229008,2,HOURLY,4,517,DEC,104.5648574997,104.5648574997,1.0000000000,0.0000000000,106.9591380000,106.9591380000,19863.6966263424,5.3791510934,86.2412770934
3,0.106870229008,2,HOURLY,4,523,INC,0.3680639258,0.3680639258,1.0000000000,-0.0000000000,100.7884185000,106.9591380000,20782.3030608956,5.3791510934,8.2830190934
3,0.106870229008,2,HOURLY,4,523,DEC,91.9814294997,91.9814294997,1.0000000000,0.0000000000,100.7884185000,106.9591380000,20782.3030608956,5.3791510934,8.2830190934
3,0.106870229008,2,HOURLY,4,673,INC,104.3344901969,0.0000000000,0.0000000000,104.3344901969,2.3943082781,2.3943082781,20838.2630413665,1.4519340000,1.4519340000
3,0.106870229008,2,HOURLY,4,673,DEC,0.0000000000,0.0000000000,-1.0000000000,0.0000000000,2.3943082781,2.3943082781,20838.2630413665,1.4519340000,1.4519340000
3,0.106870229008,2,HOURLY,4,679,INC,28.2520988310,0.0000000000,0.0000000000,28.2520988310,49.1061113195,2.3943082781,12458.3522201111,2.3943082781,14.2430840000
3,0.106870229008,2,HOURLY,4,679,DEC,0.0000000000,0.0000000000,-1.0000000000,0.0000000000,49.1061113195,2.3943082781,12458.3522201111,2.3943082781,14.2430840000
3,0.106870229008,2,HOURLY,4,685,INC,6.0872561416,5.0247452622,0.8254532330,1.0625108795,100.6414590000,100.6414590000,10394.0129725102,4.9134504966,4.9134504966
3,0.106870229008,2,HOURLY,4,685,DEC,12.2505037056,11.8721533848,0.9691155295,0.3783503208,100.6414590000,100.6414590000,10394.0129725102,4.9134504966,4.9134504966
3,0.106870229008,2,HOURLY,4,691,INC,6.0872144750,6.0872144750,1.0000000000,0.0000000000,100.6414590000,100.6414590000,11958.0845928401,4.9134504966,66.4046214966
3,0.106870229008,2,HOURLY,4,691,DEC,3.1581350608,2.7637579957,0.8751234328,0.3943770652,100.6414590000,100.6414590000,11958.0845928401,4.9134504966,66.4046214966
3,0.106870229008,2,HOURLY,12,1,INC,0.6036939258,0.5529662005,0.9159711186,0.0507277253,45.2518427124,2.4398844249,13515.5000000000,2.4398844249,10.1635380000
3,0.106870229008,2,HOURLY,12,1,DEC,0.0456039246,0.0456039246,1.0000000000,-0.0000000000,45.2518427124,2.4398844249,13515.5000000000,2.4398844249,10.1635380000
3,0.106870229008,2,HOURLY,12,7,INC,0.6036939258,0.6036939258,1.0000000000,0.0000000000,97.3936545000,32.2613730000,4976.0758657572,3.3085586603,3.3085586603
3,0.106870229008,2,HOURLY,12,7,DEC,29.8670924997,22.9981897281,0.7700176952,6.8689027716,97.3936545000,32.2613730000,4976.0758657572,3.3085586603,3.3085586603
3,0.106870229008,2,HOURLY,12,13,INC,0.6036939258,0.6036939258,1.0000000000,-0.0000000000,104.1815636667,106.7235080000,5179.1259981435,5.0923714965,25.5065284965
3,0.106870229008,2,HOURLY,12,13,DEC,41.7161188683,22.6559850451,0.5430990624,19.0601338232,104.1815636667,106.7235080000,5179.1259981435,5.0923714965,25.5065284965
3,0.106870229008,2,HOURLY,12,19,INC,0.6036939258,0.6036939258,1.0000000000,-0.0000000000,74.7767206667,106.7235080000,7110.0455673579,5.0923714965,36.7865714965
3,0.106870229008,2,HOURLY,12,19,DEC,19.8750705400,18.0402548123,0.9076825552,1.8348157277,74.7767206667,106.7235080000,7110.0455673579,5.0923714965,36.7865714965
3,0.106870229008,2,HOURLY,12,169,INC,0.2650311931,0.2650311931,1.0000000000,0.0000000000,99.3155265107,107.0621707327,14743.3690635489,5.3814270723,27.0574043396
3,0.106870229008,2,HOURLY,12,169,DEC,59.8205614997,59.8205614997,1.0000000000,0.0000000000,99.3155265107,107.0621707327,14743.3690635489,5.3814270723,27.0574043396
3,0.106870229008,2,HOURLY,12,175,INC,0.2650311931,0.2650311931,1.0000000000,0.0000000000,107.0310490883,106.6887110000,14293.5148129573,5.3731773983,5.3731773983
3,0.106870229008,2,HOURLY,12,175,DEC,88.3295195400,82.6627881201,0.9358455537,5.6667314199,107.0310490883,106.6887110000,14293.5148129573,5.3731773983,5.3731773983
3,0.106870229008,2,HOURLY,12,181,INC,0.2650311931,0.2650311931,1.0000000000,-0.0000000000,105.5209876716,107.0621707327,15215.6779574768,5.3814270723,130.0657633396
3,0.106870229008,2,HOURLY,12,181,DEC,86.1736934997,75.6748347286,0.8781663134,10.4988587711,105.5209876716,107.0621707327,15215.6779574768,5.3814270723,130.0657633396
3,0.106870229008,2,HOURLY,12,187,INC,0.2650311931,0.2650311931,1.0000000000,0.0000000000,74.6783434720,107.0621707327,16143.2685191025,5.3814270723,114.6574223396
3,0.106870229008,2,HOURLY,12,187,DEC,34.3880474997,34.3880474997,1.0000000000,-0.0000000000,74.6783434720,107.0621707327,16143.2685191025,5.3814270723,114.6574223396
3,0.106870229008,2,HOURLY,12,337,INC,0.2650311931,0.2650311931,1.0000000000,-0.0000000000,81.1928080553,75.5005680000,19021.4684381903,4.6710128135,4.6710128135
3,0.106870229008,2,HOURLY,12,337,DEC,44.5515854997,44.5515854997,1.0000000000,0.0000000000,81.1928080553,75.5005680000,19021.4684381903,4.6710128135,4.6710128135
3,0.106870229008,2,HOURLY,12,343,INC,0.2650311931,0.2650311931,1.0000000000,0.0000000000,105.2012354216,84.7309470000,15575.5533571150,4.8835476292,4.8835476292
3,0.106870229008,2,HOURLY,12,343,DEC,82.3366664997,82.3366664997,1.0000000000,0.0000000000,105.2012354216,84.7309470000,15575.5533571150,4.8835476292,4.8835476292
3,0.106870229008,2,HOURLY,12,349,INC,0.2650311931,0.2650311931,1.0000000000,0.0000000000,107.0621707327,107.0621707327,16175.5916535768,5.3814270723,29.0678563396
3,0.106870229008,2,HOURLY,12,349,DEC,88.7029792727,88.5418579674,0.9981835863,0.1611213053,107.0621707327,107.0621707327,16175.5916535768,5.3814270723,29.0678563396
3,0.106870229008,2,HOURLY,12,355,INC,0.2650311931,0.2650311931,1.0000000000,-0.0000000000,93.8378712830,107.0621707327,17103.1822152025,5.3814270723,45.9325463396
3,0.106870229008,2,HOURLY,12,355,DEC,62.1622024997,62.1622024997,1.0000000000,0.0000000000,93.8378712830,107.0621707327,17103.1822152025,5.3814270723,45.9325463396
3,0.106870229008,2,HOURLY,12,505,INC,0.3680639258,0.3680639258,1.0000000000,0.0000000000,87.2581275833,78.4044360000,21553.2519868025,4.7378760539,48.2958960539
3,0.106870229008,2,HOURLY,12,505,DEC,52.5483504997,38.4953885248,0.7325708259,14.0529619748,87.2581275833,78.4044360000,21553.2519868025,4.7378760539,48.2958960539
3,0.106870229008,2,HOURLY,12,511,INC,0.3680639258,0.3680639258,1.0000000000,0.0000000000,102.6244290833,54.9426310000,19737.1606999992,4.1752039209,4.1752039209
3,0.106870229008,2,HOURLY,12,511,DEC,52.5483504997,40.2025668039,0.7650585874,12.3457836958,102.6244290833,54.9426310000,19737.1606999992,4.1752039209,4.1752039209
3,0.106870229008,2,HOURLY,12,517,INC,0.3680639258,0.3680639258,1.0000000000,0.0000000000,100.3851035000,106.9591380000,19863.6966263424,5.3791510934,86.2412770934
3,0.106870229008,2,HOURLY,12,517,DEC,72.1383314997,39.5147737938,0.5477638999,32.6235577059,100.3851035000,106.9591380000,19863.6966263424,5.3791510934,86.2412770934
3,0.106870229008,2,HOURLY,12,523,INC,0.3680639258,0.3680639258,1.0000000000,-0.0000000000,77.9011884772,106.9591380000,20782.3030608956,5.3791510934,8.2830190934
3,0.106870229008,2,HOURLY,12,523,DEC,49.8753434997,33.9104325400,0.6799037392,15.9649109597,77.9011884772,106.9591380000,20782.3030608956,5.3791510934,8.2830190934
3,0.106870229008,2,HOURLY,12,673,INC,16.3875624977,0.0000000000,0.0000000000,16.3875624977,32.4408805789,2.3943082781,20838.2630413665,1.4519340000,1.4519340000
3,0.106870229008,2,HOURLY,12,673,DEC,0.0000000000,0.0000000000,-1.0000000000,0.0000000000,32.4408805789,2.3943082781,20838.2630413665,1.4519340000,1.4519340000
3,0.106870229008,2,HOURLY,12,679,INC,6.0872561391,0.0000000000,0.0000000000,6.0872561391,81.5644559398,2.3943082781,12458.3522201111,2.3943082781,14.2430840000
3,0.106870229008,2,HOURLY,12,679,DEC,0.0000000000,0.0000000000,-1.0000000000,0.0000000000,81.5644559398,2.3943082781,12458.3522201111,2.3943082781,14.2430840000
3,0.106870229008,2,HOURLY,12,685,INC,0.0000000000,0.0000000000,-1.0000000000,0.0000000000,100.6032912500,100.6414590000,10394.0129725102,4.9134504966,4.9134504966
3,0.106870229008,2,HOURLY,12,685,DEC,0.0000000000,0.0000000000,-1.0000000000,0.0000000000,100.6032912500,100.6414590000,10394.0129725102,4.9134504966,4.9134504966
3,0.106870229008,2,HOURLY,24,1,INC,0.6036939258,0.4110517148,0.6808942367,0.1926422110,74.7167031896,2.4398844249,13515.5000000000,2.4398844249,10.1635380000
3,0.106870229008,2,HOURLY,24,1,DEC,0.0456039246,0.0456039246,1.0000000000,0.0000000000,74.7167031896,2.4398844249,13515.5000000000,2.4398844249,10.1635380000
3,0.106870229008,2,HOURLY,24,7,INC,0.6036939258,0.6007678909,0.9951531152,0.0029260349,86.0851875833,32.2613730000,4976.0758657572,3.3085586603,3.3085586603
3,0.106870229008,2,HOURLY,24,7,DEC,11.8599861010,10.2874865520,0.8674113498,1.5724995490,86.0851875833,32.2613730000,4976.0758657572,3.3085586603,3.3085586603
3,0.106870229008,2,HOURLY,24,13,INC,0.6036939258,0.6036939258,1.0000000000,-0.0000000000,83.8012250417,106.7235080000,5179.1259981435,5.0923714965,25.5065284965
3,0.106870229008,2,HOURLY,24,13,DEC,10.3294774741,10.2816063163,0.9953655780,0.0478711579,83.8012250417,106.7235080000,5179.1259981435,5.0923714965,25.5065284965
3,0.106870229008,2,HOURLY,24,19,INC,0.6036939258,0.6036939258,1.0000000000,-0.0000000000,80.1346942917,106.7235080000,7110.0455673579,5.0923714965,36.7865714965
3,0.106870229008,2,HOURLY,24,19,DEC,11.9740773914,6.5513961020,0.5471315984,5.4226812894,80.1346942917,106.7235080000,7110.0455673579,5.0923714965,36.7865714965
3,0.106870229008,2,HOURLY,24,169,INC,0.2650311931,0.2650311931,1.0000000000,0.0000000000,102.4182570912,107.0621707327,14743.3690635489,5.3814270723,27.0574043396
3,0.106870229008,2,HOURLY,24,169,DEC,54.1217875833,45.5634716377,0.8418693039,8.5583159456,102.4182570912,107.0621707327,14743.3690635489,5.3814270723,27.0574043396
3,0.106870229008,2,HOURLY,24,175,INC,0.2650311931,0.2650311931,1.0000000000,0.0000000000,90.8546962801,106.6887110000,14293.5148129573,5.3731773983,5.3731773983
3,0.106870229008,2,HOURLY,24,175,DEC,34.3880474997,34.3880474997,1.0000000000,-0.0000000000,90.8546962801,106.6887110000,14293.5148129573,5.3731773983,5.3731773983
3,0.106870229008,2,HOURLY,24,181,INC,0.2650311931,0.2650311931,1.0000000000,0.0000000000,90.8702571023,107.0621707327,15215.6779574768,5.3814270723,130.0657633396
3,0.106870229008,2,HOURLY,24,181,DEC,34.3880474997,34.3880474997,1.0000000000,0.0000000000,90.8702571023,107.0621707327,15215.6779574768,5.3814270723,130.0657633396
3,0.106870229008,2,HOURLY,24,187,INC,0.2650311931,0.2650311931,1.0000000000,-0.0000000000,90.8702571023,107.0621707327,16143.2685191025,5.3814270723,114.6574223396
3,0.106870229008,2,HOURLY,24,187,DEC,34.3880474997,34.3880474997,1.0000000000,0.0000000000,90.8702571023,107.0621707327,16143.2685191025,5.3814270723,114.6574223396
3,0.106870229008,2,HOURLY,24,337,INC,0.2650311931,0.2650311931,1.0000000000,0.0000000000,94.1274893940,75.5005680000,19021.4684381903,4.6710128135,4.6710128135
3,0.106870229008,2,HOURLY,24,337,DEC,44.5515854997,44.0816096653,0.9894509740,0.4699758344,94.1274893940,75.5005680000,19021.4684381903,4.6710128135,4.6710128135
3,0.106870229008,2,HOURLY,24,343,INC,0.2650311931,0.2650311931,1.0000000000,-0.0000000000,99.5195533523,84.7309470000,15575.5533571150,4.8835476292,4.8835476292
3,0.106870229008,2,HOURLY,24,343,DEC,52.4066088625,45.3693194134,0.8657175192,7.0372894491,99.5195533523,84.7309470000,15575.5533571150,4.8835476292,4.8835476292
3,0.106870229008,2,HOURLY,24,349,INC,0.2650311931,0.2650311931,1.0000000000,-0.0000000000,96.6459225747,107.0621707327,16175.5916535768,5.3814270723,29.0678563396
3,0.106870229008,2,HOURLY,24,349,DEC,50.9248710345,41.6770144628,0.8184019638,9.2478565717,96.6459225747,107.0621707327,16175.5916535768,5.3814270723,29.0678563396
3,0.106870229008,2,HOURLY,24,355,INC,0.2650311931,0.2650311931,1.0000000000,0.0000000000,92.9316573915,107.0621707327,17103.1822152025,5.3814270723,45.9325463396
3,0.106870229008,2,HOURLY,24,355,DEC,49.4427898468,38.4481272982,0.7776285970,10.9946625486,92.9316573915,107.0621707327,17103.1822152025,5.3814270723,45.9325463396
3,0.106870229008,2,HOURLY,24,505,INC,0.3680639258,0.3680639258,1.0000000000,0.0000000000,93.8216155417,78.4044360000,21553.2519868025,4.7378760539,48.2958960539
3,0.106870229008,2,HOURLY,24,505,DEC,52.5483504997,20.0858144267,0.3822349177,32.4625360730,93.8216155417,78.4044360000,21553.2519868025,4.7378760539,48.2958960539
3,0.106870229008,2,HOURLY,24,511,INC,0.3680639258,0.3680639258,1.0000000000,-0.0000000000,90.2628087802,54.9426310000,19737.1606999992,4.1752039209,4.1752039209
3,0.106870229008,2,HOURLY,24,511,DEC,49.8753434997,18.3168835496,0.3672532812,31.5584599500,90.2628087802,54.9426310000,19737.1606999992,4.1752039209,4.1752039209
3,0.106870229008,2,HOURLY,24,517,INC,0.3680639258,0.3680639258,1.0000000000,-0.0000000000,83.9027396701,106.9591380000,19863.6966263424,5.3791510934,86.2412770934
3,0.106870229008,2,HOURLY,24,517,DEC,46.2318305211,10.9649821001,0.2371738687,35.2668484210,83.9027396701,106.9591380000,19863.6966263424,5.3791510934,86.2412770934
3,0.106870229008,2,HOURLY,24,523,INC,0.3680639258,0.3680639258,1.0000000000,-0.0000000000,72.7604169692,106.9591380000,20782.3030608956,5.3791510934,8.2830190934
3,0.106870229008,2,HOURLY,24,523,DEC,37.2982785400,6.9885092422,0.1873681445,30.3097692978,72.7604169692,106.9591380000,20782.3030608956,5.3791510934,8.2830190934
3,0.106870229008,2,HOURLY,24,673,INC,0.0000000000,0.0000000000,-1.0000000000,0.0000000000,66.5220859144,2.3943082781,20838.2630413665,1.4519340000,1.4519340000
3,0.106870229008,2,HOURLY,24,673,DEC,0.0000000000,0.0000000000,-1.0000000000,0.0000000000,66.5220859144,2.3943082781,20838.2630413665,1.4519340000,1.4519340000
4,0.038167938931,1,MONTHLY,1,1,INC,0.0000000000,0.0000000000,-1.0000000000,0.0000000000,107.3272019258,107.3272019258,13515.5000000000,5.6464582654,47.3844803396
4,0.038167938931,1,MONTHLY,1,1,DEC,104.9329214255,104.9329214255,1.0000000000,0.0000000000,107.3272019258,107.3272019258,13515.5000000000,5.6464582654,47.3844803396
4,0.038167938931,1,MONTHLY,1,7,INC,0.0000000000,0.0000000000,-1.0000000000,0.0000000000,107.3272019258,107.3272019258,13515.4999987700,5.6464582654,76.9458213396
4,0.038167938931,1,MONTHLY,1,7,DEC,104.9329214255,104.9329214255,1.0000000000,0.0000000000,107.3272019258,107.3272019258,13515.4999987700,5.6464582654,76.9458213396
4,0.038167938931,1,MONTHLY,1,13,INC,0.0000000000,0.0000000000,-1.0000000000,0.0000000000,107.3272019258,107.3272019258,13515.4999975400,5.6464582654,126.4518253396
4,0.038167938931,1,MONTHLY,1,13,DEC,104.9329214255,104.9329214255,1.0000000000,0.0000000000,107.3272019258,107.3272019258,13515.4999975400,5.6464582654,126.4518253396
4,0.038167938931,1,MONTHLY,1,19,INC,0.0000000000,0.0000000000,-1.0000000000,0.0000000000,107.3272019258,107.3272019258,13515.4999963100,5.6464582654,51.7402823396
4,0.038167938931,1,MONTHLY,1,19,DEC,104.9329214255,104.9329214255,1.0000000000,0.0000000000,107.3272019258,107.3272019258,13515.4999963100,5.6464582654,51.7402823396
4,0.038167938931,1,MONTHLY,1,169,INC,0.0000000000,0.0000000000,-1.0000000000,0.0000000000,107.3272019258,107.3272019258,9010.9114969614,5.6464582654,81.7469183396
4,0.038167938931,1,MONTHLY,1,169,DEC,104.9329214255,104.9329214255,1.0000000000,0.0000000000,107.3272019258,107.3272019258,9010.9114969614,5.6464582654,81.7469183396
4,0.038167938931,1,MONTHLY,1,175,INC,0.0000000000,0.0000000000,-1.0000000000,0.0000000000,107.3272019258,107.3272019258,9010.9114957314,5.6464582654,42.6452053396
4,0.038167938931,1,MONTHLY,1,175,DEC,104.9329214255,104.9329214255,1.0000000000,0.0000000000,107.3272019258,107.3272019258,9010.9114957314,5.6464582654,42.6452053396
4,0.038167938931,1,MONTHLY,1,181,INC,0.0000000000,0.0000000000,-1.0000000000,0.0000000000,107.3272019258,107.3272019258,9010.9114945014,5.6464582654,142.2830283396
4,0.038167938931,1,MONTHLY,1,181,DEC,104.9329214255,104.9329214255,1.0000000000,0.0000000000,107.3272019258,107.3272019258,9010.9114945014,5.6464582654,142.2830283396
4,0.038167938931,1,MONTHLY,1,187,INC,0.0000000000,0.0000000000,-1.0000000000,0.0000000000,107.3272019258,107.3272019258,9010.9114932714,5.6464582654,63.8397323396
4,0.038167938931,1,MONTHLY,1,187,DEC,104.9329214255,104.9329214255,1.0000000000,0.0000000000,107.3272019258,107.3272019258,9010.9114932714,5.6464582654,63.8397323396
4,0.038167938931,1,MONTHLY,1,337,INC,44.8940399258,44.8940399258,1.0000000000,-0.0000000000,62.4331620000,62.4331620000,14846.4678311350,4.0334072071,4.0334072071
4,0.038167938931,1,MONTHLY,1,337,DEC,60.0388814997,60.0388814997,1.0000000000,0.0000000000,62.4331620000,62.4331620000,14846.4678311350,4.0334072071,4.0334072071
4,0.038167938931,1,MONTHLY,1,343,INC,63.8485623645,63.8485623645,1.0000000000,0.0000000000,43.4786395613,43.4786395613,11408.7659298960,-7.5305413051,-7.5305413051
4,0.038167938931,1,MONTHLY,1,343,DEC,41.0843590610,41.0843590610,1.0000000000,0.0000000000,43.4786395613,43.4786395613,11408.7659298960,-7.5305413051,-7.5305413051
4,0.038167938931,1,MONTHLY,1,349,INC,0.3648397188,0.3648397188,1.0000000000,-0.0000000000,106.9623622070,106.9623622070,11545.1588029578,5.2816185466,37.9002783396
4,0.038167938931,1,MONTHLY,1,349,DEC,104.5680817067,104.5680817067,1.0000000000,0.0000000000,106.9623622070,106.9623622070,11545.1588029578,5.2816185466,37.9002783396
4,0.038167938931,1,MONTHLY,1,355,INC,0.3648397188,0.3648397188,1.0000000000,-0.0000000000,106.9623622070,106.9623622070,12822.0721950308,5.2816185466,33.3491183396
4,0.038167938931,1,MONTHLY,1,355,DEC,104.5680817067,104.5680817067,1.0000000000,0.0000000000,106.9623622070,106.9623622070,12822.0721950308,5.2816185466,33.3491183396
4,0.038167938931,1,MONTHLY,1,505,INC,41.0222159258,41.0222159258,1.0000000000,-0.0000000000,66.3049860000,66.3049860000,8805.9128219811,4.1265595239,4.1265595239
4,0.038167938931,1,MONTHLY,1,505,DEC,63.9107054997,63.9107054997,1.0000000000,0.0000000000,66.3049860000,66.3049860000,8805.9128219811,4.1265595239,4.1265595239
4,0.038167938931,1,MONTHLY,1,511,INC,0.5985701251,0.5985701251,1.0000000000,-0.0000000000,106.7286318007,106.7286318007,7748.8624053116,5.0478881403,5.9662083396
4,0.038167938931,1,MONTHLY,1,511,DEC,104.3343513004,104.3343513004,1.0000000000,0.0000000000,106.7286318007,106.7286318007,7748.8624053116,5.0478881403,5.9662083396
4,0.038167938931,1,MONTHLY,1,517,INC,0.5985701251,0.5985701251,1.0000000000,-0.0000000000,106.7286318007,106.7286318007,9638.4898121946,5.0478881403,81.2475733396
4,0.038167938931,1,MONTHLY,1,517,DEC,104.3343513004,104.3343513004,1.0000000000,0.0000000000,106.7286318007,106.7286318007,9638.4898121946,5.0478881403,81.2475733396
4,0.038167938931,1,MONTHLY,1,523,INC,36.1824359258,36.1824359258,1.0000000000,-0.0000000000,71.1447660000,71.1447660000,10523.6263304704,4.2429999199,4.2429999199
4,0.038167938931,1,MONTHLY,1,523,DEC,68.7504854997,68.7504854997,1.0000000000,0.0000000000,71.1447660000,71.1447660000,10523.6263304704,4.2429999199,4.2429999199
4,0.038167938931,1,MONTHLY,1,673,INC,0.0000000000,0.0000000000,-1.0000000000,0.0000000000,107.3272019258,107.3272019258,11046.2688979734,5.6464582654,39.1568543396
4,0.038167938931,1,MONTHLY,1,673,DEC,104.9329214255,104.9329214255,1.0000000000,0.0000000000,107.3272019258,107.3272019258,11046.2688979734,5.6464582654,39.1568543396
4,0.038167938931,1,MONTHLY,1,679,INC,0.0000000000,0.0000000000,-1.0000000000,0.0000000000,107.3272019258,107.3272019258,11046.2688967434,5.6464582654,26.4826363396
4,0.038167938931,1,MONTHLY,1,679,DEC,104.9329214255,104.9329214255,1.0000000000,0.0000000000,107.3272019258,107.3272019258,11046.2688967434,5.6464582654,26.4826363396
4,0.038167938931,1,MONTHLY,1,685,INC,0.0000000000,0.0000000000,-1.0000000000,0.0000000000,107.3272019258,107.3272019258,11046.2688955134,5.6464582654,93.6020833396
4,0.038167938931,1,MONTHLY,1,685,DEC,104.9329214255,104.9329214255,1.0000000000,0.0000000000,107.3272019258,107.3272019258,11046.2688955134,5.6464582654,93.6020833396
4,0.038167938931,1,MONTHLY,1,691,INC,28.9227659258,28.9227659258,1.0000000000,0.0000000000,78.4044360000,78.4044360000,10642.7200256474,4.4120170488,4.4120170488
4,0.038167938931,1,MONTHLY,1,691,DEC,76.0101554997,76.0101554997,1.0000000000,0.0000000000,78.4044360000,78.4044360000,10642.7200256474,4.4120170488,4.4120170488
4,0.038167938931,1,MONTHLY,4,1,INC,0.0000000000,0.0000000000,-1.0000000000,0.0000000000,107.3272019258,107.3272019258,13515.5000000000,5.6464582654,47.3844803396
4,0.038167938931,1,MONTHLY,4,1,DEC,104.9329214255,104.9329214255,1.0000000000,0.0000000000,107.3272019258,107.3272019258,13515.5000000000,5.6464582654,47.3844803396
4,0.038167938931,1,MONTHLY,4,7,INC,0.0000000000,0.0000000000,-1.0000000000,0.0000000000,107.3272019258,107.3272019258,13515.4999987700,5.6464582654,76.9458213396
4,0.038167938931,1,MONTHLY,4,7,DEC,104.9329214255,104.9329214255,1.0000000000,0.0000000000,107.3272019258,107.3272019258,13515.4999987700,5.6464582654,76.9458213396
4,0.038167938931,1,MONTHLY,4,13,INC,0.0000000000,0.0000000000,-1.0000000000,0.0000000000,107.3272019258,107.3272019258,13515.4999975400,5.6464582654,126.4518253396
4,0.038167938931,1,MONTHLY,4,13,DEC,104.9329214255,104.9329214255,1.0000000000,0.0000000000,107.3272019258,107.3272019258,13515.4999975400,5.6464582654,126.4518253396
4,0.038167938931,1,MONTHLY,4,19,INC,0.0000000000,0.0000000000,-1.0000000000,0.0000000000,107.3272019258,107.3272019258,13515.4999963100,5.6464582654,51.7402823396
4,0.038167938931,1,MONTHLY,4,19,DEC,104.9329214255,104.9329214255,1.0000000000,0.0000000000,107.3272019258,107.3272019258,13515.4999963100,5.6464582654,51.7402823396
4,0.038167938931,1,MONTHLY,4,169,INC,0.0000000000,0.0000000000,-1.0000000000,0.0000000000,107.3272019258,107.3272019258,9010.9114969614,5.6464582654,81.7469183396
4,0.038167938931,1,MONTHLY,4,169,DEC,104.9329214255,104.9329214255,1.0000000000,0.0000000000,107.3272019258,107.3272019258,9010.9114969614,5.6464582654,81.7469183396
4,0.038167938931,1,MONTHLY,4,175,INC,0.0000000000,0.0000000000,-1.0000000000,0.0000000000,107.3272019258,107.3272019258,9010.9114957314,5.6464582654,42.6452053396
4,0.038167938931,1,MONTHLY,4,175,DEC,104.9329214255,104.9329214255,1.0000000000,0.0000000000,107.3272019258,107.3272019258,9010.9114957314,5.6464582654,42.6452053396
4,0.038167938931,1,MONTHLY,4,181,INC,0.0000000000,0.0000000000,-1.0000000000,0.0000000000,107.3272019258,107.3272019258,9010.9114945014,5.6464582654,142.2830283396
4,0.038167938931,1,MONTHLY,4,181,DEC,104.9329214255,104.9329214255,1.0000000000,0.0000000000,107.3272019258,107.3272019258,9010.9114945014,5.6464582654,142.2830283396
4,0.038167938931,1,MONTHLY,4,187,INC,0.0000000000,0.0000000000,-1.0000000000,0.0000000000,107.3272019258,107.3272019258,9010.9114932714,5.6464582654,63.8397323396
4,0.038167938931,1,MONTHLY,4,187,DEC,104.9329214255,104.9329214255,1.0000000000,0.0000000000,107.3272019258,107.3272019258,9010.9114932714,5.6464582654,63.8397323396
4,0.038167938931,1,MONTHLY,4,337,INC,44.8940399258,44.8940399258,1.0000000000,0.0000000000,48.6000987807,62.4331620000,14846.4678311350,4.0334072071,4.0334072071
4,0.038167938931,1,MONTHLY,4,337,DEC,41.0843590610,41.0843590610,1.0000000000,0.0000000000,48.6000987807,62.4331620000,14846.4678311350,4.0334072071,4.0334072071
4,0.038167938931,1,MONTHLY,4,343,INC,0.3648397188,0.3648397188,1.0000000000,0.0000000000,83.6756939938,43.4786395613,11408.7659298960,-7.5305413051,-7.5305413051
4,0.038167938931,1,MONTHLY,4,343,DEC,41.0843590610,41.0843590610,1.0000000000,-0.0000000000,83.6756939938,43.4786395613,11408.7659298960,-7.5305413051,-7.5305413051
4,0.038167938931,1,MONTHLY,4,349,INC,0.3648397188,0.3648397188,1.0000000000,0.0000000000,106.9623622070,106.9623622070,11545.1588029578,5.2816185466,37.9002783396
4,0.038167938931,1,MONTHLY,4,349,DEC,104.5680817067,104.5680817067,1.0000000000,0.0000000000,106.9623622070,106.9623622070,11545.1588029578,5.2816185466,37.9002783396
4,0.038167938931,1,MONTHLY,4,355,INC,0.3648397188,0.3648397188,1.0000000000,-0.0000000000,106.9623622070,106.9623622070,12822.0721950308,5.2816185466,33.3491183396
4,0.038167938931,1,MONTHLY,4,355,DEC,104.5680817067,104.5680817067,1.0000000000,0.0000000000,106.9623622070,106.9623622070,12822.0721950308,5.2816185466,33.3491183396
4,0.038167938931,1,MONTHLY,4,505,INC,41.0222159258,41.0222159258,1.0000000000,0.0000000000,61.8281895000,66.3049860000,8805.9128219811,4.1265595239,4.1265595239
4,0.038167938931,1,MONTHLY,4,505,DEC,56.1670574997,56.1670574997,1.0000000000,0.0000000000,61.8281895000,66.3049860000,8805.9128219811,4.1265595239,4.1265595239
4,0.038167938931,1,MONTHLY,4,511,INC,0.5985701251,0.5985701251,1.0000000000,0.0000000000,103.1965193505,106.7286318007,7748.8624053116,5.0478881403,5.9662083396
4,0.038167938931,1,MONTHLY,4,511,DEC,90.2059014997,90.2059014997,1.0000000000,0.0000000000,103.1965193505,106.7286318007,7748.8624053116,5.0478881403,5.9662083396
4,0.038167938931,1,MONTHLY,4,517,INC,0.5985701251,0.5985701251,1.0000000000,0.0000000000,105.3976036005,106.7286318007,9638.4898121946,5.0478881403,81.2475733396
4,0.038167938931,1,MONTHLY,4,517,DEC,99.0102384997,99.0102384997,1.0000000000,0.0000000000,105.3976036005,106.7286318007,9638.4898121946,5.0478881403,81.2475733396
4,0.038167938931,1,MONTHLY,4,523,INC,31.3426559258,31.3426559258,1.0000000000,0.0000000000,73.5646560000,71.1447660000,10523.6263304704,4.2429999199,4.2429999199
4,0.038167938931,1,MONTHLY,4,523,DEC,68.7504854997,68.7504854997,1.0000000000,0.0000000000,73.5646560000,71.1447660000,10523.6263304704,4.2429999199,4.2429999199
4,0.038167938931,1,MONTHLY,4,673,INC,0.0000000000,0.0000000000,-1.0000000000,0.0000000000,107.3272019258,107.3272019258,11046.2688979734,5.6464582654,39.1568543396
4,0.038167938931,1,MONTHLY,4,673,DEC,57.1236649433,57.1236649433,1.0000000000,0.0000000000,107.3272019258,107.3272019258,11046.2688979734,5.6464582654,39.1568543396
4,0.038167938931,1,MONTHLY,4,679,INC,0.0000000000,0.0000000000,-1.0000000000,0.0000000000,107.3272019258,107.3272019258,11046.2688967434,5.6464582654,26.4826363396
4,0.038167938931,1,MONTHLY,4,679,DEC,57.1236649433,57.1236649433,1.0000000000,0.0000000000,107.3272019258,107.3272019258,11046.2688967434,5.6464582654,26.4826363396
4,0.038167938931,1,MONTHLY,4,685,INC,0.0000000000,0.0000000000,-1.0000000000,0.0000000000,103.0996469443,107.3272019258,11046.2688955134,5.6464582654,93.6020833396
4,0.038167938931,1,MONTHLY,4,685,DEC,52.8219133670,52.8219133670,1.0000000000,0.0000000000,103.0996469443,107.3272019258,11046.2688955134,5.6464582654,93.6020833396
4,0.038167938931,1,MONTHLY,4,691,INC,0.0000000000,0.0000000000,-1.0000000000,0.0000000000,96.8586374629,78.4044360000,10642.7200256474,4.4120170488,4.4120170488
4,0.038167938931,1,MONTHLY,4,691,DEC,23.8285752440,23.8285752440,1.0000000000,0.0000000000,96.8586374629,78.4044360000,10642.7200256474,4.4120170488,4.4120170488
4,0.038167938931,1,MONTHLY,12,1,INC,0.0000000000,0.0000000000,-1.0000000000,0.0000000000,107.3272019258,107.3272019258,13515.5000000000,5.6464582654,47.3844803396
4,0.038167938931,1,MONTHLY,12,1,DEC,85.4740835035,85.4740835035,1.0000000000,0.0000000000,107.3272019258,107.3272019258,13515.5000000000,5.6464582654,47.3844803396
4,0.038167938931,1,MONTHLY,12,7,INC,0.0000000000,0.0000000000,-1.0000000000,0.0000000000,107.3272019258,107.3272019258,13515.4999987700,5.6464582654,76.9458213396
4,0.038167938931,1,MONTHLY,12,7,DEC,85.4740834979,85.4740834979,1.0000000000,0.0000000000,107.3272019258,107.3272019258,13515.4999987700,5.6464582654,76.9458213396
4,0.038167938931,1,MONTHLY,12,13,INC,0.0000000000,0.0000000000,-1.0000000000,0.0000000000,107.3272019258,107.3272019258,13515.4999975400,5.6464582654,126.4518253396
4,0.038167938931,1,MONTHLY,12,13,DEC,85.4740834923,85.4740834923,1.0000000000,0.0000000000,107.3272019258,107.3272019258,13515.4999975400,5.6464582654,126.4518253396
4,0.038167938931,1,MONTHLY,12,19,INC,0.0000000000,0.0000000000,-1.0000000000,0.0000000000,107.3272019258,107.3272019258,13515.4999963100,5.6464582654,51.7402823396
4,0.038167938931,1,MONTHLY,12,19,DEC,85.4740834867,85.4740834867,1.0000000000,0.0000000000,107.3272019258,107.3272019258,13515.4999963100,5.6464582654,51.7402823396
4,0.038167938931,1,MONTHLY,12,169,INC,0.0000000000,0.0000000000,-1.0000000000,0.0000000000,107.3272019258,107.3272019258,9010.9114969614,5.6464582654,81.7469183396
4,0.038167938931,1,MONTHLY,12,169,DEC,64.3833118368,64.3833118368,1.0000000000,0.0000000000,107.3272019258,107.3272019258,9010.9114969614,5.6464582654,81.7469183396
4,0.038167938931,1,MONTHLY,12,175,INC,0.0000000000,0.0000000000,-1.0000000000,0.0000000000,107.3272019258,107.3272019258,9010.9114957314,5.6464582654,42.6452053396
4,0.038167938931,1,MONTHLY,12,175,DEC,64.3833118309,64.3833118309,1.0000000000,-0.0000000000,107.3272019258,107.3272019258,9010.9114957314,5.6464582654,42.6452053396
4,0.038167938931,1,MONTHLY,12,181,INC,0.0000000000,0.0000000000,-1.0000000000,0.0000000000,107.3272019258,107.3272019258,9010.9114945014,5.6464582654,142.2830283396
4,0.038167938931,1,MONTHLY,12,181,DEC,64.3833118250,64.3833118250,1.0000000000,0.0000000000,107.3272019258,107.3272019258,9010.9114945014,5.6464582654,142.2830283396
4,0.038167938931,1,MONTHLY,12,187,INC,0.0000000000,0.0000000000,-1.0000000000,0.0000000000,107.3272019258,107.3272019258,9010.9114932714,5.6464582654,63.8397323396
4,0.038167938931,1,MONTHLY,12,187,DEC,64.3833118191,64.3833118191,1.0000000000,0.0000000000,107.3272019258,107.3272019258,9010.9114932714,5.6464582654,63.8397323396
4,0.038167938931,1,MONTHLY,12,337,INC,0.3648397188,0.3648397188,1.0000000000,0.0000000000,69.1654311792,62.4331620000,14846.4678311350,4.0334072071,4.0334072071
4,0.038167938931,1,MONTHLY,12,337,DEC,41.0843585773,41.0843585773,1.0000000000,0.0000000000,69.1654311792,62.4331620000,14846.4678311350,4.0334072071,4.0334072071
4,0.038167938931,1,MONTHLY,12,343,INC,0.3648397188,0.3648397188,1.0000000000,-0.0000000000,99.2001394693,43.4786395613,11408.7659298960,-7.5305413051,-7.5305413051
4,0.038167938931,1,MONTHLY,12,343,DEC,41.0843590610,41.0843590610,1.0000000000,0.0000000000,99.2001394693,43.4786395613,11408.7659298960,-7.5305413051,-7.5305413051
4,0.038167938931,1,MONTHLY,12,349,INC,0.3648397188,0.3648397188,1.0000000000,0.0000000000,106.9623622070,106.9623622070,11545.1588029578,5.2816185466,37.9002783396
4,0.038167938931,1,MONTHLY,12,349,DEC,76.1433336467,76.1433336467,1.0000000000,0.0000000000,106.9623622070,106.9623622070,11545.1588029578,5.2816185466,37.9002783396
4,0.038167938931,1,MONTHLY,12,355,INC,0.3648397188,0.3648397188,1.0000000000,-0.0000000000,93.9336756035,106.9623622070,12822.0721950308,5.2816185466,33.3491183396
4,0.038167938931,1,MONTHLY,12,355,DEC,57.6189914997,57.6189914997,1.0000000000,0.0000000000,93.9336756035,106.9623622070,12822.0721950308,5.2816185466,33.3491183396
4,0.038167938931,1,MONTHLY,12,505,INC,0.5985701251,0.5985701251,1.0000000000,0.0000000000,88.0819800836,66.3049860000,8805.9128219811,4.1265595239,4.1265595239
4,0.038167938931,1,MONTHLY,12,505,DEC,41.6540805400,41.6540805400,1.0000000000,0.0000000000,88.0819800836,66.3049860000,8805.9128219811,4.1265595239,4.1265595239
4,0.038167938931,1,MONTHLY,12,511,INC,0.5985701251,0.5985701251,1.0000000000,0.0000000000,98.7906119505,106.7286318007,7748.8624053116,5.0478881403,5.9662083396
4,0.038167938931,1,MONTHLY,12,511,DEC,48.9137505400,48.9137505400,1.0000000000,0.0000000000,98.7906119505,106.7286318007,7748.8624053116,5.0478881403,5.9662083396
4,0.038167938931,1,MONTHLY,12,517,INC,0.5985701251,0.5985701251,1.0000000000,-0.0000000000,87.3192730169,106.7286318007,9638.4898121946,5.0478881403,81.2475733396
4,0.038167938931,1,MONTHLY,12,517,DEC,46.8979366354,46.8979366354,1.0000000000,0.0000000000,87.3192730169,106.7286318007,9638.4898121946,5.0478881403,81.2475733396
4,0.038167938931,1,MONTHLY,12,523,INC,0.5985701251,0.5985701251,1.0000000000,0.0000000000,66.2527018060,71.1447660000,10523.6263304704,4.2429999199,4.2429999199
4,0.038167938931,1,MONTHLY,12,523,DEC,25.1194481013,25.1194481013,1.0000000000,0.0000000000,66.2527018060,71.1447660000,10523.6263304704,4.2429999199,4.2429999199
4,0.038167938931,1,MONTHLY,12,673,INC,0.0000000000,0.0000000000,-1.0000000000,0.0000000000,107.3272019258,107.3272019258,11046.2688979734,5.6464582654,39.1568543396
4,0.038167938931,1,MONTHLY,12,673,DEC,20.3764077749,20.3764077749,1.0000000000,0.0000000000,107.3272019258,107.3272019258,11046.2688979734,5.6464582654,39.1568543396
4,0.038167938931,1,MONTHLY,12,679,INC,0.0000000000,0.0000000000,-1.0000000000,0.0000000000,99.0720461943,107.3272019258,11046.2688967434,5.6464582654,26.4826363396
4,0.038167938931,1,MONTHLY,12,679,DEC,11.7659100846,11.7659100846,1.0000000000,0.0000000000,99.0720461943,107.3272019258,11046.2688967434,5.6464582654,26.4826363396
4,0.038167938931,1,MONTHLY,12,685,INC,0.0000000000,0.0000000000,-1.0000000000,0.0000000000,95.5825247067,107.3272019258,11046.2688955134,5.6464582654,93.6020833396
4,0.038167938931,1,MONTHLY,12,685,DEC,8.2734864245,8.2734864245,1.0000000000,0.0000000000,95.5825247067,107.3272019258,11046.2688955134,5.6464582654,93.6020833396
4,0.038167938931,1,MONTHLY,12,691,INC,0.0000000000,0.0000000000,-1.0000000000,0.0000000000,103.8376804382,78.4044360000,10642.7200256474,4.4120170488,4.4120170488
4,0.038167938931,1,MONTHLY,12,691,DEC,8.5727327229,8.5727327229,1.0000000000,0.0000000000,103.8376804382,78.4044360000,10642.7200256474,4.4120170488,4.4120170488
4,0.038167938931,1,MONTHLY,24,1,INC,0.0000000000,0.0000000000,-1.0000000000,0.0000000000,107.3272019258,107.3272019258,13515.5000000000,5.6464582654,47.3844803396
4,0.038167938931,1,MONTHLY,24,1,DEC,56.4827344402,56.4827344402,1.0000000000,0.0000000000,107.3272019258,107.3272019258,13515.5000000000,5.6464582654,47.3844803396
4,0.038167938931,1,MONTHLY,24,7,INC,0.0000000000,0.0000000000,-1.0000000000,0.0000000000,107.3272019258,107.3272019258,13515.4999987700,5.6464582654,76.9458213396
4,0.038167938931,1,MONTHLY,24,7,DEC,56.4827344371,56.4827344371,1.0000000000,0.0000000000,107.3272019258,107.3272019258,13515.4999987700,5.6464582654,76.9458213396
4,0.038167938931,1,MONTHLY,24,13,INC,0.0000000000,0.0000000000,-1.0000000000,0.0000000000,107.3272019258,107.3272019258,13515.4999975400,5.6464582654,126.4518253396
4,0.038167938931,1,MONTHLY,24,13,DEC,56.4827344341,56.4827344341,1.0000000000,0.0000000000,107.3272019258,107.3272019258,13515.4999975400,5.6464582654,126.4518253396
4,0.038167938931,1,MONTHLY,24,19,INC,0.0000000000,0.0000000000,-1.0000000000,0.0000000000,103.8455315601,107.3272019258,13515.4999963100,5.6464582654,51.7402823396
4,0.038167938931,1,MONTHLY,24,19,DEC,52.1118544765,52.1118544765,1.0000000000,0.0000000000,103.8455315601,107.3272019258,13515.4999963100,5.6464582654,51.7402823396
4,0.038167938931,1,MONTHLY,24,169,INC,0.0000000000,0.0000000000,-1.0000000000,0.0000000000,107.3272019258,107.3272019258,9010.9114969614,5.6464582654,81.7469183396
4,0.038167938931,1,MONTHLY,24,169,DEC,44.9494659277,44.9494659277,1.0000000000,0.0000000000,107.3272019258,107.3272019258,9010.9114969614,5.6464582654,81.7469183396
4,0.038167938931,1,MONTHLY,24,175,INC,0.0000000000,0.0000000000,-1.0000000000,0.0000000000,107.3272019258,107.3272019258,9010.9114957314,5.6464582654,42.6452053396
4,0.038167938931,1,MONTHLY,24,175,DEC,44.9494659245,44.9494659245,1.0000000000,0.0000000000,107.3272019258,107.3272019258,9010.9114957314,5.6464582654,42.6452053396
4,0.038167938931,1,MONTHLY,24,181,INC,0.0000000000,0.0000000000,-1.0000000000,0.0000000000,107.3272019258,107.3272019258,9010.9114945014,5.6464582654,142.2830283396
4,0.038167938931,1,MONTHLY,24,181,DEC,44.9494659212,44.9494659212,1.0000000000,0.0000000000,107.3272019258,107.3272019258,9010.9114945014,5.6464582654,142.2830283396
4,0.038167938931,1,MONTHLY,24,187,INC,0.0000000000,0.0000000000,-1.0000000000,0.0000000000,107.3272019258,107.3272019258,9010.9114932714,5.6464582654,63.8397323396
4,0.038167938931,1,MONTHLY,24,187,DEC,44.9494659180,44.9494659180,1.0000000000,0.0000000000,107.3272019258,107.3272019258,9010.9114932714,5.6464582654,63.8397323396
4,0.038167938931,1,MONTHLY,24,337,INC,0.3648397188,0.3648397188,1.0000000000,0.0000000000,88.0638966931,62.4331620000,14846.4678311350,4.0334072071,4.0334072071
4,0.038167938931,1,MONTHLY,24,337,DEC,38.0290199128,38.0290199128,1.0000000000,0.0000000000,88.0638966931,62.4331620000,14846.4678311350,4.0334072071,4.0334072071
4,0.038167938931,1,MONTHLY,24,343,INC,0.3648397188,0.3648397188,1.0000000000,0.0000000000,96.5669075364,43.4786395613,11408.7659298960,-7.5305413051,-7.5305413051
4,0.038167938931,1,MONTHLY,24,343,DEC,39.7587838306,39.7587838306,1.0000000000,0.0000000000,96.5669075364,43.4786395613,11408.7659298960,-7.5305413051,-7.5305413051
4,0.038167938931,1,MONTHLY,24,349,INC,0.3648397188,0.3648397188,1.0000000000,0.0000000000,97.8669601406,106.9623622070,11545.1588029578,5.2816185466,37.9002783396
4,0.038167938931,1,MONTHLY,24,349,DEC,40.8964966457,40.8964966457,1.0000000000,0.0000000000,97.8669601406,106.9623622070,11545.1588029578,5.2816185466,37.9002783396
4,0.038167938931,1,MONTHLY,24,355,INC,0.3648397188,0.3648397188,1.0000000000,0.0000000000,95.1119618473,106.9623622070,12822.0721950308,5.2816185466,33.3491183396
4,0.038167938931,1,MONTHLY,24,355,DEC,41.3541627713,41.3541627713,1.0000000000,0.0000000000,95.1119618473,106.9623622070,12822.0721950308,5.2816185466,33.3491183396
4,0.038167938931,1,MONTHLY,24,505,INC,0.5985701251,0.5985701251,1.0000000000,0.0000000000,87.7006265503,66.3049860000,8805.9128219811,4.1265595239,4.1265595239
4,0.038167938931,1,MONTHLY,24,505,DEC,24.2650585093,24.2650585093,1.0000000000,0.0000000000,87.7006265503,66.3049860000,8805.9128219811,4.1265595239,4.1265595239
4,0.038167938931,1,MONTHLY,24,511,INC,0.5985701251,0.5985701251,1.0000000000,0.0000000000,82.5216568783,106.7286318007,7748.8624053116,5.0478881403,5.9662083396
4,0.038167938931,1,MONTHLY,24,511,DEC,15.9470198743,15.9470198743,1.0000000000,0.0000000000,82.5216568783,106.7286318007,7748.8624053116,5.0478881403,5.9662083396
4,0.038167938931,1,MONTHLY,24,517,INC,0.5985701251,0.5985701251,1.0000000000,-0.0000000000,70.0347973846,106.7286318007,9638.4898121946,5.0478881403,81.2475733396
4,0.038167938931,1,MONTHLY,24,517,DEC,8.4882400180,8.4882400180,1.0000000000,0.0000000000,70.0347973846,106.7286318007,9638.4898121946,5.0478881403,81.2475733396
4,0.038167938931,1,MONTHLY,24,523,INC,0.5985701251,0.5985701251,1.0000000000,0.0000000000,58.8851147530,71.1447660000,10523.6263304704,4.2429999199,4.2429999199
4,0.038167938931,1,MONTHLY,24,523,DEC,0.0000000000,0.0000000000,-1.0000000000,0.0000000000,58.8851147530,71.1447660000,10523.6263304704,4.2429999199,4.2429999199
4,0.038167938931,1,MONTHLY,24,673,INC,0.0000000000,0.0000000000,-1.0000000000,0.0000000000,101.4548633163,107.3272019258,11046.2688979734,5.6464582654,39.1568543396
4,0.038167938931,1,MONTHLY,24,673,DEC,4.3182656567,4.3182656567,1.0000000000,0.0000000000,101.4548633163,107.3272019258,11046.2688979734,5.6464582654,39.1568543396
4,0.038167938931,1,MONTHLY,24,679,INC,0.0000000000,0.0000000000,-1.0000000000,0.0000000000,101.4548633163,107.3272019258,11046.2688967434,5.6464582654,26.4826363396
4,0.038167938931,1,MONTHLY,24,679,DEC,4.3182656567,4.3182656567,1.0000000000,0.0000000000,101.4548633163,107.3272019258,11046.2688967434,5.6464582654,26.4826363396
4,0.038167938931,1,MONTHLY,24,685,INC,0.0000000000,0.0000000000,-1.0000000000,0.0000000000,101.0730790850,107.3272019258,11046.2688955134,5.6464582654,93.6020833396
4,0.038167938931,1,MONTHLY,24,685,DEC,3.9406198848,3.9406198848,1.0000000000,0.0000000000,101.0730790850,107.3272019258,11046.2688955134,5.6464582654,93.6020833396
4,0.038167938931,1,MONTHLY,24,691,INC,0.0000000000,0.0000000000,-1.0000000000,0.0000000000,101.2681697026,78.4044360000,10642.7200256474,4.4120170488,4.4120170488
4,0.038167938931,1,MONTHLY,24,691,DEC,0.0000000000,0.0000000000,-1.0000000000,0.0000000000,101.2681697026,78.4044360000,10642.7200256474,4.4120170488,4.4120170488
4,0.038167938931,2,HOURLY,1,1,INC,0.0000000000,0.0000000000,-1.0000000000,0.0000000000,107.3272019258,107.3272019258,13515.5000000000,5.6464582654,47.3844803396
4,0.038167938931,2,HOURLY,1,1,DEC,104.9329214255,0.6119908790,0.0058322104,104.3209305464,107.3272019258,107.3272019258,13515.5000000000,5.6464582654,47.3844803396
4,0.038167938931,2,HOURLY,1,7,INC,0.0000000000,0.0000000000,-1.0000000000,0.0000000000,107.3272019258,107.3272019258,13515.4999987700,5.6464582654,76.9458213396
4,0.038167938931,2,HOURLY,1,7,DEC,104.9329214255,0.6119908790,0.0058322104,104.3209305465,107.3272019258,107.3272019258,13515.4999987700,5.6464582654,76.9458213396
4,0.038167938931,2,HOURLY,1,13,INC,0.0000000000,0.0000000000,-1.0000000000,0.0000000000,107.3272019258,107.3272019258,13515.4999975400,5.6464582654,126.4518253396
4,0.038167938931,2,HOURLY,1,13,DEC,104.9329214255,0.6119908789,0.0058322104,104.3209305465,107.3272019258,107.3272019258,13515.4999975400,5.6464582654,126.4518253396
4,0.038167938931,2,HOURLY,1,19,INC,0.0000000000,0.0000000000,-1.0000000000,0.0000000000,107.3272019258,107.3272019258,13515.4999963100,5.6464582654,51.7402823396
4,0.038167938931,2,HOURLY,1,19,DEC,104.9329214255,0.6119908790,0.0058322104,104.3209305464,107.3272019258,107.3272019258,13515.4999963100,5.6464582654,51.7402823396
4,0.038167938931,2,HOURLY,1,169,INC,0.0000000000,0.0000000000,-1.0000000000,0.0000000000,107.3272019258,107.3272019258,10107.6994303052,5.6464582654,81.7469183396
4,0.038167938931,2,HOURLY,1,169,DEC,104.9329214255,0.6119908789,0.0058322104,104.3209305465,107.3272019258,107.3272019258,10107.6994303052,5.6464582654,81.7469183396
4,0.038167938931,2,HOURLY,1,175,INC,0.0000000000,0.0000000000,-1.0000000000,0.0000000000,107.3272019258,107.3272019258,10107.6994290752,5.6464582654,42.6452053396
4,0.038167938931,2,HOURLY,1,175,DEC,104.9329214255,0.6119908789,0.0058322104,104.3209305466,107.3272019258,107.3272019258,10107.6994290752,5.6464582654,42.6452053396
4,0.038167938931,2,HOURLY,1,181,INC,0.0000000000,0.0000000000,-1.0000000000,0.0000000000,107.3272019258,107.3272019258,10107.6994278452,5.6464582654,142.2830283396
4,0.038167938931,2,HOURLY,1,181,DEC,104.9329214255,0.6119908789,0.0058322104,104.3209305466,107.3272019258,107.3272019258,10107.6994278452,5.6464582654,142.2830283396
4,0.038167938931,2,HOURLY,1,187,INC,0.0000000000,0.0000000000,-1.0000000000,0.0000000000,107.3272019258,107.3272019258,10107.6994266152,5.6464582654,63.8397323396
4,0.038167938931,2,HOURLY,1,187,DEC,104.9329214255,0.6119908789,0.0058322104,104.3209305466,107.3272019258,107.3272019258,10107.6994266152,5.6464582654,63.8397323396
4,0.038167938931,2,HOURLY,1,337,INC,40.7612006279,0.5985701251,0.0146848011,40.1626305028,66.5660012979,66.5660012979,16762.7294178536,0.0000000000,0.0000000000
4,0.038167938931,2,HOURLY,1,337,DEC,64.1717207976,0.0123223024,0.0001920208,64.1593984952,66.5660012979,66.5660012979,16762.7294178536,0.0000000000,0.0000000000
4,0.038167938931,2,HOURLY,1,343,INC,71.5838959564,0.5985701251,0.0083617987,70.9853258313,35.7433059694,35.7433059694,12397.8203630846,0.0000000000,0.0000000000
4,0.038167938931,2,HOURLY,1,343,DEC,33.3490254691,0.0111978686,0.0003357780,33.3378276005,35.7433059694,35.7433059694,12397.8203630846,0.0000000000,0.0000000000
4,0.038167938931,2,HOURLY,1,349,INC,0.5985701251,0.5985701251,1.0000000000,0.0000000000,106.7286318007,106.7286318007,13012.8571699847,5.0478881403,37.9002783396
4,0.038167938931,2,HOURLY,1,349,DEC,104.3343513004,0.0134207537,0.0001286322,104.3209305466,106.7286318007,106.7286318007,13012.8571699847,5.0478881403,37.9002783396
4,0.038167938931,2,HOURLY,1,355,INC,0.5985701251,0.5985701251,1.0000000000,0.0000000000,106.7286318007,106.7286318007,15107.8105690007,5.0478881403,33.3491183396
4,0.038167938931,2,HOURLY,1,355,DEC,104.3343513004,0.0134207538,0.0001286322,104.3209305465,106.7286318007,106.7286318007,15107.8105690007,5.0478881403,33.3491183396
4,0.038167938931,2,HOURLY,1,505,INC,36.7939279078,0.0000000000,0.0000000000,36.7939279078,70.5332740180,70.5332740180,11859.7228946241,0.0000000000,0.0000000000
4,0.038167938931,2,HOURLY,1,505,DEC,68.1389935177,0.0000000000,0.0000000000,68.1389935177,70.5332740180,70.5332740180,11859.7228946241,0.0000000000,0.0000000000
4,0.038167938931,2,HOURLY,1,511,INC,0.5985701251,0.0000000000,0.0000000000,0.5985701251,106.7286318007,106.7286318007,11134.9671286488,5.0478881403,5.9662083396
4,0.038167938931,2,HOURLY,1,511,DEC,104.3343513004,0.0000000000,0.0000000000,104.3343513004,106.7286318007,106.7286318007,11134.9671286488,5.0478881403,5.9662083396
4,0.038167938931,2,HOURLY,1,517,INC,0.5985701251,0.0000000000,0.0000000000,0.5985701251,106.7286318007,106.7286318007,13094.9735443617,5.0478881403,81.2475733396
4,0.038167938931,2,HOURLY,1,517,DEC,104.3343513004,0.0000000000,0.0000000000,104.3343513004,106.7286318007,106.7286318007,13094.9735443617,5.0478881403,81.2475733396
4,0.038167938931,2,HOURLY,1,523,INC,31.8375330767,0.0000000000,0.0000000000,31.8375330767,75.4896688491,75.4896688491,14187.9718104924,0.0000000000,0.0000000000
4,0.038167938931,2,HOURLY,1,523,DEC,73.0953883488,0.0000000000,0.0000000000,73.0953883488,75.4896688491,75.4896688491,14187.9718104924,0.0000000000,0.0000000000
4,0.038167938931,2,HOURLY,1,673,INC,0.0000000000,0.0000000000,-1.0000000000,0.0000000000,107.3272019258,107.3272019258,10353.3589451190,5.6464582654,39.1568543396
4,0.038167938931,2,HOURLY,1,673,DEC,104.9329214255,0.5985851019,0.0057044547,104.3343363236,107.3272019258,107.3272019258,10353.3589451190,5.6464582654,39.1568543396
4,0.038167938931,2,HOURLY,1,679,INC,0.0000000000,0.0000000000,-1.0000000000,0.0000000000,107.3272019258,107.3272019258,10353.3589438890,5.6464582654,26.4826363396
4,0.038167938931,2,HOURLY,1,679,DEC,104.9329214255,0.5985851019,0.0057044547,104.3343363236,107.3272019258,107.3272019258,10353.3589438890,5.6464582654,26.4826363396
4,0.038167938931,2,HOURLY,1,685,INC,0.0000000000,0.0000000000,-1.0000000000,0.0000000000,107.3272019258,107.3272019258,10353.3589426590,5.6464582654,93.6020833396
4,0.038167938931,2,HOURLY,1,685,DEC,104.9329214255,0.5985851019,0.0057044547,104.3343363236,107.3272019258,107.3272019258,10353.3589426590,5.6464582654,93.6020833396
4,0.038167938931,2,HOURLY,1,691,INC,24.4067653515,0.5985701251,0.0245247626,23.8081952264,82.9204365743,82.9204365743,10153.2838278076,0.0000000000,0.0000000000
4,0.038167938931,2,HOURLY,1,691,DEC,64.5612451143,0.0000000000,0.0000000000,64.5612451143,82.9204365743,82.9204365743,10153.2838278076,0.0000000000,0.0000000000
4,0.038167938931,2,HOURLY,4,1,INC,0.0000000000,0.0000000000,-1.0000000000,0.0000000000,107.3272019258,107.3272019258,13515.5000000000,5.6464582654,47.3844803396
4,0.038167938931,2,HOURLY,4,1,DEC,104.9329214255,0.6019253135,0.0057362866,104.3309961119,107.3272019258,107.3272019258,13515.5000000000,5.6464582654,47.3844803396
4,0.038167938931,2,HOURLY,4,7,INC,0.0000000000,0.0000000000,-1.0000000000,0.0000000000,107.3272019258,107.3272019258,13515.4999987700,5.6464582654,76.9458213396
4,0.038167938931,2,HOURLY,4,7,DEC,104.9329214255,0.6019253135,0.0057362866,104.3309961119,107.3272019258,107.3272019258,13515.4999987700,5.6464582654,76.9458213396
4,0.038167938931,2,HOURLY,4,13,INC,0.0000000000,0.0000000000,-1.0000000000,0.0000000000,107.3272019258,107.3272019258,13515.4999975400,5.6464582654,126.4518253396
4,0.038167938931,2,HOURLY,4,13,DEC,104.9329214255,0.6019253135,0.0057362866,104.3309961119,107.3272019258,107.3272019258,13515.4999975400,5.6464582654,126.4518253396
4,0.038167938931,2,HOURLY,4,19,INC,0.0000000000,0.0000000000,-1.0000000000,0.0000000000,107.3272019258,107.3272019258,13515.4999963100,5.6464582654,51.7402823396
4,0.038167938931,2,HOURLY,4,19,DEC,104.9329214255,0.6019253136,0.0057362866,104.3309961119,107.3272019258,107.3272019258,13515.4999963100,5.6464582654,51.7402823396
4,0.038167938931,2,HOURLY,4,169,INC,0.0000000000,0.0000000000,-1.0000000000,0.0000000000,107.3272019258,107.3272019258,10107.6994303052,5.6464582654,81.7469183396
4,0.038167938931,2,HOURLY,4,169,DEC,104.9329214255,0.6019253135,0.0057362866,104.3309961119,107.3272019258,107.3272019258,10107.6994303052,5.6464582654,81.7469183396
4,0.038167938931,2,HOURLY,4,175,INC,0.0000000000,0.0000000000,-1.0000000000,0.0000000000,107.3272019258,107.3272019258,10107.6994290752,5.6464582654,42.6452053396
4,0.038167938931,2,HOURLY,4,175,DEC,104.9329214255,0.6019253135,0.0057362866,104.3309961119,107.3272019258,107.3272019258,10107.6994290752,5.6464582654,42.6452053396
4,0.038167938931,2,HOURLY,4,181,INC,0.0000000000,0.0000000000,-1.0000000000,0.0000000000,107.3272019258,107.3272019258,10107.6994278452,5.6464582654,142.2830283396
4,0.038167938931,2,HOURLY,4,181,DEC,104.9329214255,0.6019253135,0.0057362866,104.3309961119,107.3272019258,107.3272019258,10107.6994278452,5.6464582654,142.2830283396
4,0.038167938931,2,HOURLY,4,187,INC,0.0000000000,0.0000000000,-1.0000000000,0.0000000000,107.3272019258,107.3272019258,10107.6994266152,5.6464582654,63.8397323396
4,0.038167938931,2,HOURLY,4,187,DEC,104.9329214255,0.6019253135,0.0057362866,104.3309961119,107.3272019258,107.3272019258,10107.6994266152,5.6464582654,63.8397323396
4,0.038167938931,2,HOURLY,4,337,INC,40.7612006279,0.5985701250,0.0146848011,40.1626305029,46.2120241863,66.5660012979,16762.7294178536,0.0000000000,0.0000000000
4,0.038167938931,2,HOURLY,4,337,DEC,28.9154098804,0.0029004564,0.0001003083,28.9125094240,46.2120241863,66.5660012979,16762.7294178536,0.0000000000,0.0000000000
4,0.038167938931,2,HOURLY,4,343,INC,0.5985701251,0.5985701251,1.0000000000,0.0000000000,82.7474846655,35.7433059694,12397.8203630846,0.0000000000,0.0000000000
4,0.038167938931,2,HOURLY,4,343,DEC,33.3490254691,0.0031646233,0.0000948940,33.3458608457,82.7474846655,35.7433059694,12397.8203630846,0.0000000000,0.0000000000
4,0.038167938931,2,HOURLY,4,349,INC,0.5985701251,0.5985701251,1.0000000000,0.0000000000,106.7286318007,106.7286318007,13012.8571699847,5.0478881403,37.9002783396
4,0.038167938931,2,HOURLY,4,349,DEC,104.3343513004,0.0033551884,0.0000321580,104.3309961119,106.7286318007,106.7286318007,13012.8571699847,5.0478881403,37.9002783396
4,0.038167938931,2,HOURLY,4,355,INC,0.5985701251,0.5985701251,1.0000000000,0.0000000000,106.7286318007,106.7286318007,15107.8105690007,5.0478881403,33.3491183396
4,0.038167938931,2,HOURLY,4,355,DEC,104.3343513004,0.0033551884,0.0000321580,104.3309961119,106.7286318007,106.7286318007,15107.8105690007,5.0478881403,33.3491183396
4,0.038167938931,2,HOURLY,4,505,INC,36.7939279078,0.0000000000,0.0000000000,36.7939279078,65.9461149354,70.5332740180,11859.7228946241,0.0000000000,0.0000000000
4,0.038167938931,2,HOURLY,4,505,DEC,60.2044480775,0.0000000000,0.0000000000,60.2044480775,65.9461149354,70.5332740180,11859.7228946241,0.0000000000,0.0000000000
4,0.038167938931,2,HOURLY,4,511,INC,0.5985701251,0.0000000000,0.0000000000,0.5985701251,104.4072115319,106.7286318007,11134.9671286488,5.0478881403,5.9662083396
4,0.038167938931,2,HOURLY,4,511,DEC,95.0486702254,0.0000000000,0.0000000000,95.0486702254,104.4072115319,106.7286318007,11134.9671286488,5.0478881403,5.9662083396
4,0.038167938931,2,HOURLY,4,517,INC,0.5985701251,0.0000000000,0.0000000000,0.5985701251,106.6580157365,106.7286318007,13094.9735443617,5.0478881403,81.2475733396
4,0.038167938931,2,HOURLY,4,517,DEC,104.0518870435,0.0000000000,0.0000000000,104.0518870435,106.6580157365,106.7286318007,13094.9735443617,5.0478881403,81.2475733396
4,0.038167938931,2,HOURLY,4,523,INC,26.8836879266,0.0000000000,0.0000000000,26.8836879266,77.9665914241,75.4896688491,14187.9718104924,0.0000000000,0.0000000000
4,0.038167938931,2,HOURLY,4,523,DEC,73.0953883488,0.0000000000,0.0000000000,73.0953883488,77.9665914241,75.4896688491,14187.9718104924,0.0000000000,0.0000000000
4,0.038167938931,2,HOURLY,4,673,INC,0.0000000000,0.0000000000,-1.0000000000,0.0000000000,107.3272019258,107.3272019258,10353.3589451190,5.6464582654,39.1568543396
4,0.038167938931,2,HOURLY,4,673,DEC,46.5346731780,0.5985738693,0.0128629649,45.9360993087,107.3272019258,107.3272019258,10353.3589451190,5.6464582654,39.1568543396
4,0.038167938931,2,HOURLY,4,679,INC,0.0000000000,0.0000000000,-1.0000000000,0.0000000000,107.3272019258,107.3272019258,10353.3589438890,5.6464582654,26.4826363396
4,0.038167938931,2,HOURLY,4,679,DEC,46.5346731780,0.5985738693,0.0128629649,45.9360993087,107.3272019258,107.3272019258,10353.3589438890,5.6464582654,26.4826363396
4,0.038167938931,2,HOURLY,4,685,INC,0.0000000000,0.0000000000,-1.0000000000,0.0000000000,104.2980101333,107.3272019258,10353.3589426590,5.6464582654,93.6020833396
4,0.038167938931,2,HOURLY,4,685,DEC,43.4353796652,0.0000000000,0.0000000000,43.4353796652,104.2980101333,107.3272019258,10353.3589426590,5.6464582654,93.6020833396
4,0.038167938931,2,HOURLY,4,691,INC,0.0000000000,0.0000000000,-1.0000000000,0.0000000000,99.2083565703,82.9204365743,10153.2838278076,0.0000000000,0.0000000000
4,0.038167938931,2,HOURLY,4,691,DEC,18.2792137874,0.0000000000,0.0000000000,18.2792137874,99.2083565703,82.9204365743,10153.2838278076,0.0000000000,0.0000000000
4,0.038167938931,2,HOURLY,12,1,INC,0.0000000000,0.0000000000,-1.0000000000,0.0000000000,107.3272019258,107.3272019258,13515.5000000000,5.6464582654,47.3844803396
4,0.038167938931,2,HOURLY,12,1,DEC,85.4740835035,0.5996885212,0.0070160275,84.8743949822,107.3272019258,107.3272019258,13515.5000000000,5.6464582654,47.3844803396
4,0.038167938931,2,HOURLY,12,7,INC,0.0000000000,0.0000000000,-1.0000000000,0.0000000000,107.3272019258,107.3272019258,13515.4999987700,5.6464582654,76.9458213396
4,0.038167938931,2,HOURLY,12,7,DEC,85.4740834979,0.5996885212,0.0070160275,84.8743949766,107.3272019258,107.3272019258,13515.4999987700,5.6464582654,76.9458213396
4,0.038167938931,2,HOURLY,12,13,INC,0.0000000000,0.0000000000,-1.0000000000,0.0000000000,107.3272019258,107.3272019258,13515.4999975400,5.6464582654,126.4518253396
4,0.038167938931,2,HOURLY,12,13,DEC,85.4740834923,0.5996885212,0.0070160275,84.8743949711,107.3272019258,107.3272019258,13515.4999975400,5.6464582654,126.4518253396
4,0.038167938931,2,HOURLY,12,19,INC,0.0000000000,0.0000000000,-1.0000000000,0.0000000000,107.3272019258,107.3272019258,13515.4999963100,5.6464582654,51.7402823396
4,0.038167938931,2,HOURLY,12,19,DEC,85.4740834867,0.5996885212,0.0070160275,84.8743949655,107.3272019258,107.3272019258,13515.4999963100,5.6464582654,51.7402823396
4,0.038167938931,2,HOURLY,12,169,INC,0.0000000000,0.0000000000,-1.0000000000,0.0000000000,107.3272019258,107.3272019258,10107.6994303052,5.6464582654,81.7469183396
4,0.038167938931,2,HOURLY,12,169,DEC,69.6307877981,0.5996885212,0.0086124047,69.0310992769,107.3272019258,107.3272019258,10107.6994303052,5.6464582654,81.7469183396
4,0.038167938931,2,HOURLY,12,175,INC,0.0000000000,0.0000000000,-1.0000000000,0.0000000000,107.3272019258,107.3272019258,10107.6994290752,5.6464582654,42.6452053396
4,0.038167938931,2,HOURLY,12,175,DEC,69.6307877922,0.5996885212,0.0086124047,69.0310992710,107.3272019258,107.3272019258,10107.6994290752,5.6464582654,42.6452053396
4,0.038167938931,2,HOURLY,12,181,INC,0.0000000000,0.0000000000,-1.0000000000,0.0000000000,107.3272019258,107.3272019258,10107.6994278452,5.6464582654,142.2830283396
4,0.038167938931,2,HOURLY,12,181,DEC,69.6307877863,0.5996885212,0.0086124047,69.0310992651,107.3272019258,107.3272019258,10107.6994278452,5.6464582654,142.2830283396
4,0.038167938931,2,HOURLY,12,187,INC,0.0000000000,0.0000000000,-1.0000000000,0.0000000000,107.3272019258,107.3272019258,10107.6994266152,5.6464582654,63.8397323396
4,0.038167938931,2,HOURLY,12,187,DEC,69.6307877804,0.5996885212,0.0086124047,69.0310992592,107.3272019258,107.3272019258,10107.6994266152,5.6464582654,63.8397323396
4,0.038167938931,2,HOURLY,12,337,INC,0.5985701251,0.5985701250,0.9999999999,0.0000000001,64.4995030146,66.5660012979,16762.7294178536,0.0000000000,0.0000000000
4,0.038167938931,2,HOURLY,12,337,DEC,17.4657268251,0.0010019458,0.0000573664,17.4647248793,64.4995030146,66.5660012979,16762.7294178536,0.0000000000,0.0000000000
4,0.038167938931,2,HOURLY,12,343,INC,0.5985701251,0.5985701251,1.0000000000,-0.0000000000,98.7349160890,35.7433059694,12397.8203630846,0.0000000000,0.0000000000
4,0.038167938931,2,HOURLY,12,343,DEC,33.3490254691,0.0010963889,0.0000328762,33.3479290801,98.7349160890,35.7433059694,12397.8203630846,0.0000000000,0.0000000000
4,0.038167938931,2,HOURLY,12,349,INC,0.5985701251,0.5985701251,1.0000000000,-0.0000000000,106.7286318007,106.7286318007,13012.8571699847,5.0478881403,37.9002783396
4,0.038167938931,2,HOURLY,12,349,DEC,82.5940967801,0.0011183961,0.0000135409,82.5929783840,106.7286318007,106.7286318007,13012.8571699847,5.0478881403,37.9002783396
4,0.038167938931,2,HOURLY,12,355,INC,0.5985701251,0.5985701250,0.9999999999,0.0000000001,96.1021783493,106.7286318007,15107.8105690007,5.0478881403,33.3491183396
4,0.038167938931,2,HOURLY,12,355,DEC,61.6921753476,0.0011024236,0.0000178697,61.6910729239,96.1021783493,106.7286318007,15107.8105690007,5.0478881403,33.3491183396
4,0.038167938931,2,HOURLY,12,505,INC,0.5985701251,0.0000000000,0.0000000000,0.5985701251,90.2527903584,70.5332740180,11859.7228946241,0.0000000000,0.0000000000
4,0.038167938931,2,HOURLY,12,505,DEC,57.8983684702,0.0000000000,0.0000000000,57.8983684702,90.2527903584,70.5332740180,11859.7228946241,0.0000000000,0.0000000000
4,0.038167938931,2,HOURLY,12,511,INC,0.5985701251,0.0000000000,0.0000000000,0.5985701251,100.3292337292,106.7286318007,11134.9671286488,5.0478881403,5.9662083396
4,0.038167938931,2,HOURLY,12,511,DEC,66.3148656506,0.0000000000,0.0000000000,66.3148656506,100.3292337292,106.7286318007,11134.9671286488,5.0478881403,5.9662083396
4,0.038167938931,2,HOURLY,12,517,INC,0.5985701251,0.0000000000,0.0000000000,0.5985701251,90.3157942755,106.7286318007,13094.9735443617,5.0478881403,81.2475733396
4,0.038167938931,2,HOURLY,12,517,DEC,61.0935535376,0.0000000000,0.0000000000,61.0935535376,90.3157942755,106.7286318007,13094.9735443617,5.0478881403,81.2475733396
4,0.038167938931,2,HOURLY,12,523,INC,0.5985701251,0.0000000000,0.0000000000,0.5985701251,54.8378644684,75.4896688491,14187.9718104924,0.0000000000,0.0000000000
4,0.038167938931,2,HOURLY,12,523,DEC,0.0000000000,0.0000000000,-1.0000000000,0.0000000000,54.8378644684,75.4896688491,14187.9718104924,0.0000000000,0.0000000000
4,0.038167938931,2,HOURLY,12,673,INC,0.0000000000,0.0000000000,-1.0000000000,0.0000000000,107.3272019258,107.3272019258,10353.3589451190,5.6464582654,39.1568543396
4,0.038167938931,2,HOURLY,12,673,DEC,16.5025923222,0.5985713731,0.0362713543,15.9040209491,107.3272019258,107.3272019258,10353.3589451190,5.6464582654,39.1568543396
4,0.038167938931,2,HOURLY,12,679,INC,0.0000000000,0.0000000000,-1.0000000000,0.0000000000,100.1759949997,107.3272019258,10353.3589438890,5.6464582654,26.4826363396
4,0.038167938931,2,HOURLY,12,679,DEC,9.0536936708,0.0000000000,0.0000000000,9.0536936708,100.1759949997,107.3272019258,10353.3589438890,5.6464582654,26.4826363396
4,0.038167938931,2,HOURLY,12,685,INC,0.0000000000,0.0000000000,-1.0000000000,0.0000000000,97.4697132145,107.3272019258,10353.3589426590,5.6464582654,93.6020833396
4,0.038167938931,2,HOURLY,12,685,DEC,6.3521494400,0.0000000000,0.0000000000,6.3521494400,97.4697132145,107.3272019258,10353.3589426590,5.6464582654,93.6020833396
4,0.038167938931,2,HOURLY,12,691,INC,0.0000000000,0.0000000000,-1.0000000000,0.0000000000,104.6209201406,82.9204365743,10153.2838278076,0.0000000000,0.0000000000
4,0.038167938931,2,HOURLY,12,691,DEC,6.5968565173,0.0000000000,0.0000000000,6.5968565173,104.6209201406,82.9204365743,10153.2838278076,0.0000000000,0.0000000000
4,0.038167938931,2,HOURLY,24,1,INC,0.0000000000,0.0000000000,-1.0000000000,0.0000000000,107.3272019258,107.3272019258,13515.5000000000,5.6464582654,47.3844803396
4,0.038167938931,2,HOURLY,24,1,DEC,56.4827344402,0.5991293232,0.0106073003,55.8836051171,107.3272019258,107.3272019258,13515.5000000000,5.6464582654,47.3844803396
4,0.038167938931,2,HOURLY,24,7,INC,0.0000000000,0.0000000000,-1.0000000000,0.0000000000,107.3272019258,107.3272019258,13515.4999987700,5.6464582654,76.9458213396
4,0.038167938931,2,HOURLY,24,7,DEC,56.4827344371,0.5991293232,0.0106073003,55.8836051140,107.3272019258,107.3272019258,13515.4999987700,5.6464582654,76.9458213396
4,0.038167938931,2,HOURLY,24,13,INC,0.0000000000,0.0000000000,-1.0000000000,0.0000000000,107.3272019258,107.3272019258,13515.4999975400,5.6464582654,126.4518253396
4,0.038167938931,2,HOURLY,24,13,DEC,56.4827344341,0.5991293231,0.0106073003,55.8836051109,107.3272019258,107.3272019258,13515.4999975400,5.6464582654,126.4518253396
4,0.038167938931,2,HOURLY,24,19,INC,0.0000000000,0.0000000000,-1.0000000000,0.0000000000,104.4127461613,107.3272019258,13515.4999963100,5.6464582654,51.7402823396
4,0.038167938931,2,HOURLY,24,19,DEC,53.4424745754,0.0043507216,0.0000814094,53.4381238538,104.4127461613,107.3272019258,13515.4999963100,5.6464582654,51.7402823396
4,0.038167938931,2,HOURLY,24,169,INC,0.0000000000,0.0000000000,-1.0000000000,0.0000000000,107.3272019258,107.3272019258,10107.6994303052,5.6464582654,81.7469183396
4,0.038167938931,2,HOURLY,24,169,DEC,47.8366665105,0.5991293231,0.0125244790,47.2375371873,107.3272019258,107.3272019258,10107.6994303052,5.6464582654,81.7469183396
4,0.038167938931,2,HOURLY,24,175,INC,0.0000000000,0.0000000000,-1.0000000000,0.0000000000,107.3272019258,107.3272019258,10107.6994290752,5.6464582654,42.6452053396
4,0.038167938931,2,HOURLY,24,175,DEC,47.8366665073,0.5991293231,0.0125244790,47.2375371841,107.3272019258,107.3272019258,10107.6994290752,5.6464582654,42.6452053396
4,0.038167938931,2,HOURLY,24,181,INC,0.0000000000,0.0000000000,-1.0000000000,0.0000000000,107.3272019258,107.3272019258,10107.6994278452,5.6464582654,142.2830283396
4,0.038167938931,2,HOURLY,24,181,DEC,47.8366665040,0.5991293231,0.0125244790,47.2375371809,107.3272019258,107.3272019258,10107.6994278452,5.6464582654,142.2830283396
4,0.038167938931,2,HOURLY,24,187,INC,0.0000000000,0.0000000000,-1.0000000000,0.0000000000,107.3272019258,107.3272019258,10107.6994266152,5.6464582654,63.8397323396
4,0.038167938931,2,HOURLY,24,187,DEC,47.8366665008,0.5991293231,0.0125244790,47.2375371776,107.3272019258,107.3272019258,10107.6994266152,5.6464582654,63.8397323396
4,0.038167938931,2,HOURLY,24,337,INC,0.5985701251,0.4382572314,0.7321735800,0.1603128937,85.6140674077,66.5660012979,16762.7294178536,0.0000000000,0.0000000000
4,0.038167938931,2,HOURLY,24,337,DEC,17.4657268251,0.0000000000,0.0000000000,17.4657268251,85.6140674077,66.5660012979,16762.7294178536,0.0000000000,0.0000000000
4,0.038167938931,2,HOURLY,24,343,INC,0.5985701251,0.4382572314,0.7321735800,0.1603128937,97.4185472191,35.7433059694,12397.8203630846,0.0000000000,0.0000000000
4,0.038167938931,2,HOURLY,24,343,DEC,33.3490254691,0.0000000000,0.0000000000,33.3490254691,97.4185472191,35.7433059694,12397.8203630846,0.0000000000,0.0000000000
4,0.038167938931,2,HOURLY,24,349,INC,0.5985701251,0.4382572314,0.7321735800,0.1603128937,99.1685789807,106.7286318007,13012.8571699847,5.0478881403,37.9002783396
4,0.038167938931,2,HOURLY,24,349,DEC,45.7272643879,0.0000000000,0.0000000000,45.7272643879,99.1685789807,106.7286318007,13012.8571699847,5.0478881403,37.9002783396
4,0.038167938931,2,HOURLY,24,355,INC,0.5985701251,0.4382572314,0.7321735800,0.1603128938,96.8403164094,106.7286318007,15107.8105690007,5.0478881403,33.3491183396
4,0.038167938931,2,HOURLY,24,355,DEC,48.5235978368,0.0000000000,0.0000000000,48.5235978368,96.8403164094,106.7286318007,15107.8105690007,5.0478881403,33.3491183396
4,0.038167938931,2,HOURLY,24,505,INC,0.5985701251,0.0000000000,0.0000000000,0.5985701251,90.2842923170,70.5332740180,11859.7228946241,0.0000000000,0.0000000000
4,0.038167938931,2,HOURLY,24,505,DEC,34.8297460148,0.0000000000,0.0000000000,34.8297460148,90.2842923170,70.5332740180,11859.7228946241,0.0000000000,0.0000000000
4,0.038167938931,2,HOURLY,24,511,INC,0.5985701251,0.0000000000,0.0000000000,0.5985701251,77.5835490988,106.7286318007,11134.9671286488,5.0478881403,5.9662083396
4,0.038167938931,2,HOURLY,24,511,DEC,0.0000000000,0.0000000000,-1.0000000000,0.0000000000,77.5835490988,106.7286318007,11134.9671286488,5.0478881403,5.9662083396
4,0.038167938931,2,HOURLY,24,517,INC,0.5985701251,0.0000000000,0.0000000000,0.5985701251,63.3410255245,106.7286318007,13094.9735443617,5.0478881403,81.2475733396
4,0.038167938931,2,HOURLY,24,517,DEC,0.0000000000,0.0000000000,-1.0000000000,0.0000000000,63.3410255245,106.7286318007,13094.9735443617,5.0478881403,81.2475733396
4,0.038167938931,2,HOURLY,24,523,INC,0.5985701251,0.0000000000,0.0000000000,0.5985701251,50.9774128838,75.4896688491,14187.9718104924,0.0000000000,0.0000000000
4,0.038167938931,2,HOURLY,24,523,DEC,0.0000000000,0.0000000000,-1.0000000000,0.0000000000,50.9774128838,75.4896688491,14187.9718104924,0.0000000000,0.0000000000
4,0.038167938931,2,HOURLY,24,673,INC,0.0000000000,0.0000000000,-1.0000000000,0.0000000000,102.3984575702,107.3272019258,10353.3589451190,5.6464582654,39.1568543396
4,0.038167938931,2,HOURLY,24,673,DEC,3.3293437928,0.0000000000,0.0000000000,3.3293437928,102.3984575702,107.3272019258,10353.3589451190,5.6464582654,39.1568543396
4,0.038167938931,2,HOURLY,24,679,INC,0.0000000000,0.0000000000,-1.0000000000,0.0000000000,102.3984575702,107.3272019258,10353.3589438890,5.6464582654,26.4826363396
4,0.038167938931,2,HOURLY,24,679,DEC,3.3293437928,0.0000000000,0.0000000000,3.3293437928,102.3984575702,107.3272019258,10353.3589438890,5.6464582654,26.4826363396
4,0.038167938931,2,HOURLY,24,685,INC,0.0000000000,0.0000000000,-1.0000000000,0.0000000000,102.2265092802,107.3272019258,10353.3589426590,5.6464582654,93.6020833396
4,0.038167938931,2,HOURLY,24,685,DEC,3.1589619246,0.0000000000,0.0000000000,3.1589619246,102.2265092802,107.3272019258,10353.3589426590,5.6464582654,93.6020833396
4,0.038167938931,2,HOURLY,24,691,INC,0.0000000000,0.0000000000,-1.0000000000,0.0000000000,102.6438232101,82.9204365743,10153.2838278076,0.0000000000,0.0000000000
4,0.038167938931,2,HOURLY,24,691,DEC,0.0000000000,0.0000000000,-1.0000000000,0.0000000000,102.6438232101,82.9204365743,10153.2838278076,0.0000000000,0.0000000000
5,0.114503816794,1,MONTHLY,1,1,INC,5.5840361861,5.5840361861,1.0000000000,-0.0000000000,101.7431657397,101.7431657397,13515.5000000000,5.3485771543,115.1037974146
5,0.114503816794,1,MONTHLY,1,1,DEC,99.3488852394,99.3488852394,1.0000000000,0.0000000000,101.7431657397,101.7431657397,13515.5000000000,5.3485771543,115.1037974146
5,0.114503816794,1,MONTHLY,1,7,INC,5.5840361861,5.5840361861,1.0000000000,0.0000000000,101.7431657397,101.7431657397,13668.7948960303,5.3485771543,119.5166524146
5,0.114503816794,1,MONTHLY,1,7,DEC,99.3488852394,99.3488852394,1.0000000000,0.0000000000,101.7431657397,101.7431657397,13668.7948960303,5.3485771543,119.5166524146
5,0.114503816794,1,MONTHLY,1,13,INC,5.5840361861,5.5840361861,1.0000000000,-0.0000000000,101.7431657397,101.7431657397,13822.0897920605,5.3485771543,169.8689114146
5,0.114503816794,1,MONTHLY,1,13,DEC,99.3488852394,99.3488852394,1.0000000000,0.0000000000,101.7431657397,101.7431657397,13822.0897920605,5.3485771543,169.8689114146
5,0.114503816794,1,MONTHLY,1,19,INC,5.5840361861,5.5840361861,1.0000000000,-0.0000000000,101.7431657397,101.7431657397,13975.3846880909,5.3485771543,264.6529994146
5,0.114503816794,1,MONTHLY,1,19,DEC,99.3488852394,99.3488852394,1.0000000000,0.0000000000,101.7431657397,101.7431657397,13975.3846880909,5.3485771543,264.6529994146
5,0.114503816794,1,MONTHLY,1,169,INC,5.5840361861,5.5840361861,1.0000000000,-0.0000000000,101.7431657397,101.7431657397,17807.7570888469,5.3485771543,120.9115334146
5,0.114503816794,1,MONTHLY,1,169,DEC,99.3488852394,99.3488852394,1.0000000000,0.0000000000,101.7431657397,101.7431657397,17807.7570888469,5.3485771543,120.9115334146
5,0.114503816794,1,MONTHLY,1,175,INC,5.5840361861,5.5840361861,1.0000000000,-0.0000000000,101.7431657397,101.7431657397,17961.0519848772,5.3485771543,270.3323224146
5,0.114503816794,1,MONTHLY,1,175,DEC,99.3488852394,99.3488852394,1.0000000000,0.0000000000,101.7431657397,101.7431657397,17961.0519848772,5.3485771543,270.3323224146
5,0.114503816794,1,MONTHLY,1,181,INC,5.5840361861,5.5840361861,1.0000000000,0.0000000000,101.7431657397,101.7431657397,18114.3468809073,5.3485771543,373.2652584146
5,0.114503816794,1,MONTHLY,1,181,DEC,99.3488852394,99.3488852394,1.0000000000,0.0000000000,101.7431657397,101.7431657397,18114.3468809073,5.3485771543,373.2652584146
5,0.114503816794,1,MONTHLY,1,187,INC,5.5840361861,5.5840361861,1.0000000000,-0.0000000000,101.7431657397,101.7431657397,18267.6417769375,5.3485771543,280.6242734146
5,0.114503816794,1,MONTHLY,1,187,DEC,99.3488852394,99.3488852394,1.0000000000,0.0000000000,101.7431657397,101.7431657397,18267.6417769375,5.3485771543,280.6242734146
5,0.114503816794,1,MONTHLY,1,337,INC,5.5840361861,5.5840361861,1.0000000000,0.0000000000,101.7431657397,101.7431657397,22100.0141776937,5.3485771543,163.0176194146
5,0.114503816794,1,MONTHLY,1,337,DEC,99.3488852394,99.3488852394,1.0000000000,0.0000000000,101.7431657397,101.7431657397,22100.0141776937,5.3485771543,163.0176194146
5,0.114503816794,1,MONTHLY,1,343,INC,5.5840361861,5.5840361861,1.0000000000,0.0000000000,101.7431657397,101.7431657397,22253.3090737240,5.3485771543,203.3829744146
5,0.114503816794,1,MONTHLY,1,343,DEC,99.3488852394,99.3488852394,1.0000000000,0.0000000000,101.7431657397,101.7431657397,22253.3090737240,5.3485771543,203.3829744146
5,0.114503816794,1,MONTHLY,1,349,INC,5.5840361861,5.5840361861,1.0000000000,0.0000000000,101.7431657397,101.7431657397,22406.6039697543,5.3485771543,244.2450254146
5,0.114503816794,1,MONTHLY,1,349,DEC,99.3488852394,99.3488852394,1.0000000000,0.0000000000,101.7431657397,101.7431657397,22406.6039697543,5.3485771543,244.2450254146
5,0.114503816794,1,MONTHLY,1,355,INC,5.5840361861,5.5840361861,1.0000000000,-0.0000000000,101.7431657397,101.7431657397,22559.8988657845,5.3485771543,283.0441634146
5,0.114503816794,1,MONTHLY,1,355,DEC,99.3488852394,99.3488852394,1.0000000000,0.0000000000,101.7431657397,101.7431657397,22559.8988657845,5.3485771543,283.0441634146
5,0.114503816794,1,MONTHLY,1,505,INC,5.5840361861,5.5840361861,1.0000000000,0.0000000000,101.7431657397,101.7431657397,26392.2712665405,5.3485771543,58.9623494146
5,0.114503816794,1,MONTHLY,1,505,DEC,99.3488852394,99.3488852394,1.0000000000,0.0000000000,101.7431657397,101.7431657397,26392.2712665405,5.3485771543,58.9623494146
5,0.114503816794,1,MONTHLY,1,511,INC,5.5840361861,5.5840361861,1.0000000000,-0.0000000000,101.7431657397,101.7431657397,26545.5661625708,5.3485771543,131.3919534146
5,0.114503816794,1,MONTHLY,1,511,DEC,99.3488852394,99.3488852394,1.0000000000,0.0000000000,101.7431657397,101.7431657397,26545.5661625708,5.3485771543,131.3919534146
5,0.114503816794,1,MONTHLY,1,517,INC,5.5840361861,5.5840361861,1.0000000000,-0.0000000000,101.7431657397,101.7431657397,26698.8610586010,5.3485771543,351.2988394146
5,0.114503816794,1,MONTHLY,1,517,DEC,99.3488852394,99.3488852394,1.0000000000,0.0000000000,101.7431657397,101.7431657397,26698.8610586010,5.3485771543,351.2988394146
5,0.114503816794,1,MONTHLY,1,523,INC,5.5840361861,5.5840361861,1.0000000000,-0.0000000000,101.7431657397,101.7431657397,26852.1559546313,5.3485771543,215.2872434146
5,0.114503816794,1,MONTHLY,1,523,DEC,99.3488852394,99.3488852394,1.0000000000,0.0000000000,101.7431657397,101.7431657397,26852.1559546313,5.3485771543,215.2872434146
5,0.114503816794,1,MONTHLY,1,673,INC,16.6184945890,16.6184945890,1.0000000000,-0.0000000000,90.1101372420,90.1101372420,5765.0185840710,4.6807878869,33.1452606449
5,0.114503816794,1,MONTHLY,1,673,DEC,87.7158567417,87.7158567417,1.0000000000,0.0000000000,90.1101372420,90.1101372420,5765.0185840710,4.6807878869,33.1452606449
5,0.114503816794,1,MONTHLY,1,679,INC,16.6184945890,16.6184945890,1.0000000000,0.0000000000,90.1101372420,90.1101372420,6410.8920353984,4.6807878869,141.8645596449
5,0.114503816794,1,MONTHLY,1,679,DEC,87.7158567417,87.7158567417,1.0000000000,0.0000000000,90.1101372420,90.1101372420,6410.8920353984,4.6807878869,141.8645596449
5,0.114503816794,1,MONTHLY,1,685,INC,16.6184945890,16.6184945890,1.0000000000,0.0000000000,90.1101372420,90.1101372420,7056.7654867259,4.6807878869,160.1795946449
5,0.114503816794,1,MONTHLY,1,685,DEC,87.7158567417,87.7158567417,1.0000000000,0.0000000000,90.1101372420,90.1101372420,7056.7654867259,4.6807878869,160.1795946449
5,0.114503816794,1,MONTHLY,1,691,INC,16.6184945890,16.6184945890,1.0000000000,0.0000000000,90.1101372420,90.1101372420,7702.6389380533,4.6807878869,188.5021986449
5,0.114503816794,1,MONTHLY,1,691,DEC,87.7158567417,87.7158567417,1.0000000000,0.0000000000,90.1101372420,90.1101372420,7702.6389380533,4.6807878869,188.5021986449
5,0.114503816794,1,MONTHLY,4,1,INC,5.5840361861,5.5840361861,1.0000000000,-0.0000000000,101.7431657397,101.7431657397,13515.5000000000,5.3485771543,115.1037974146
5,0.114503816794,1,MONTHLY,4,1,DEC,99.3488852394,99.3488852394,1.0000000000,0.0000000000,101.7431657397,101.7431657397,13515.5000000000,5.3485771543,115.1037974146
5,0.114503816794,1,MONTHLY,4,7,INC,5.5840361861,5.5840361861,1.0000000000,-0.0000000000,101.7431657397,101.7431657397,13668.7948960303,5.3485771543,119.5166524146
5,0.114503816794,1,MONTHLY,4,7,DEC,99.3488852394,99.3488852394,1.0000000000,0.0000000000,101.7431657397,101.7431657397,13668.7948960303,5.3485771543,119.5166524146
5,0.114503816794,1,MONTHLY,4,13,INC,5.5840361861,5.5840361861,1.0000000000,-0.0000000000,101.7431657397,101.7431657397,13822.0897920605,5.3485771543,169.8689114146
5,0.114503816794,1,MONTHLY,4,13,DEC,99.3488852394,99.3488852394,1.0000000000,0.0000000000,101.7431657397,101.7431657397,13822.0897920605,5.3485771543,169.8689114146
5,0.114503816794,1,MONTHLY,4,19,INC,5.5840361861,5.5840361861,1.0000000000,-0.0000000000,101.7431657397,101.7431657397,13975.3846880909,5.3485771543,264.6529994146
5,0.114503816794,1,MONTHLY,4,19,DEC,99.3488852394,99.3488852394,1.0000000000,0.0000000000,101.7431657397,101.7431657397,13975.3846880909,5.3485771543,264.6529994146
5,0.114503816794,1,MONTHLY,4,169,INC,5.5840361861,5.5840361861,1.0000000000,-0.0000000000,101.7431657397,101.7431657397,17807.7570888469,5.3485771543,120.9115334146
5,0.114503816794,1,MONTHLY,4,169,DEC,99.3488852394,99.3488852394,1.0000000000,0.0000000000,101.7431657397,101.7431657397,17807.7570888469,5.3485771543,120.9115334146
5,0.114503816794,1,MONTHLY,4,175,INC,5.5840361861,5.5840361861,1.0000000000,-0.0000000000,101.7431657397,101.7431657397,17961.0519848772,5.3485771543,270.3323224146
5,0.114503816794,1,MONTHLY,4,175,DEC,99.3488852394,99.3488852394,1.0000000000,0.0000000000,101.7431657397,101.7431657397,17961.0519848772,5.3485771543,270.3323224146
5,0.114503816794,1,MONTHLY,4,181,INC,5.5840361861,5.5840361861,1.0000000000,-0.0000000000,101.7431657397,101.7431657397,18114.3468809073,5.3485771543,373.2652584146
5,0.114503816794,1,MONTHLY,4,181,DEC,99.3488852394,99.3488852394,1.0000000000,0.0000000000,101.7431657397,101.7431657397,18114.3468809073,5.3485771543,373.2652584146
5,0.114503816794,1,MONTHLY,4,187,INC,5.5840361861,5.5840361861,1.0000000000,-0.0000000000,101.7431657397,101.7431657397,18267.6417769375,5.3485771543,280.6242734146
5,0.114503816794,1,MONTHLY,4,187,DEC,99.3488852394,99.3488852394,1.0000000000,0.0000000000,101.7431657397,101.7431657397,18267.6417769375,5.3485771543,280.6242734146
5,0.114503816794,1,MONTHLY,4,337,INC,5.5840361861,5.5840361861,1.0000000000,-0.0000000000,101.7431657397,101.7431657397,22100.0141776937,5.3485771543,163.0176194146
5,0.114503816794,1,MONTHLY,4,337,DEC,99.3488852394,99.3488852394,1.0000000000,0.0000000000,101.7431657397,101.7431657397,22100.0141776937,5.3485771543,163.0176194146
5,0.114503816794,1,MONTHLY,4,343,INC,5.5840361861,5.5840361861,1.0000000000,-0.0000000000,101.7431657397,101.7431657397,22253.3090737240,5.3485771543,203.3829744146
5,0.114503816794,1,MONTHLY,4,343,DEC,99.3488852394,99.3488852394,1.0000000000,0.0000000000,101.7431657397,101.7431657397,22253.3090737240,5.3485771543,203.3829744146
5,0.114503816794,1,MONTHLY,4,349,INC,5.5840361861,5.5840361861,1.0000000000,-0.0000000000,101.7431657397,101.7431657397,22406.6039697543,5.3485771543,244.2450254146
5,0.114503816794,1,MONTHLY,4,349,DEC,99.3488852394,99.3488852394,1.0000000000,0.0000000000,101.7431657397,101.7431657397,22406.6039697543,5.3485771543,244.2450254146
5,0.114503816794,1,MONTHLY,4,355,INC,5.5840361861,5.5840361861,1.0000000000,-0.0000000000,101.7431657397,101.7431657397,22559.8988657845,5.3485771543,283.0441634146
5,0.114503816794,1,MONTHLY,4,355,DEC,99.3488852394,99.3488852394,1.0000000000,0.0000000000,101.7431657397,101.7431657397,22559.8988657845,5.3485771543,283.0441634146
5,0.114503816794,1,MONTHLY,4,505,INC,5.5840361861,5.5840361861,1.0000000000,-0.0000000000,101.7431657397,101.7431657397,26392.2712665405,5.3485771543,58.9623494146
5,0.114503816794,1,MONTHLY,4,505,DEC,99.3488852394,99.3488852394,1.0000000000,0.0000000000,101.7431657397,101.7431657397,26392.2712665405,5.3485771543,58.9623494146
5,0.114503816794,1,MONTHLY,4,511,INC,5.5840361861,5.5840361861,1.0000000000,-0.0000000000,101.7431657397,101.7431657397,26545.5661625708,5.3485771543,131.3919534146
5,0.114503816794,1,MONTHLY,4,511,DEC,99.3488852394,99.3488852394,1.0000000000,0.0000000000,101.7431657397,101.7431657397,26545.5661625708,5.3485771543,131.3919534146
5,0.114503816794,1,MONTHLY,4,517,INC,5.5840361861,5.5840361861,1.0000000000,-0.0000000000,101.7431657397,101.7431657397,26698.8610586010,5.3485771543,351.2988394146
5,0.114503816794,1,MONTHLY,4,517,DEC,99.3488852394,99.3488852394,1.0000000000,0.0000000000,101.7431657397,101.7431657397,26698.8610586010,5.3485771543,351.2988394146
5,0.114503816794,1,MONTHLY,4,523,INC,5.5840361861,5.5840361861,1.0000000000,-0.0000000000,101.7431657397,101.7431657397,26852.1559546313,5.3485771543,215.2872434146
5,0.114503816794,1,MONTHLY,4,523,DEC,99.3488852394,99.3488852394,1.0000000000,0.0000000000,101.7431657397,101.7431657397,26852.1559546313,5.3485771543,215.2872434146
5,0.114503816794,1,MONTHLY,4,673,INC,16.6184945587,16.6184945587,1.0000000000,0.0000000000,90.1101372420,90.1101372420,5765.0185840710,4.6807878869,33.1452606449
5,0.114503816794,1,MONTHLY,4,673,DEC,71.7509457820,71.7509457820,1.0000000000,0.0000000000,90.1101372420,90.1101372420,5765.0185840710,4.6807878869,33.1452606449
5,0.114503816794,1,MONTHLY,4,679,INC,16.6184945587,16.6184945587,1.0000000000,0.0000000000,90.1101372420,90.1101372420,6410.8920353984,4.6807878869,141.8645596449
5,0.114503816794,1,MONTHLY,4,679,DEC,71.7509457820,71.7509457820,1.0000000000,0.0000000000,90.1101372420,90.1101372420,6410.8920353984,4.6807878869,141.8645596449
5,0.114503816794,1,MONTHLY,4,685,INC,16.6184945587,16.6184945587,1.0000000000,0.0000000000,90.1101372420,90.1101372420,7056.7654867259,4.6807878869,160.1795946449
5,0.114503816794,1,MONTHLY,4,685,DEC,87.7158567417,87.7158567417,1.0000000000,0.0000000000,90.1101372420,90.1101372420,7056.7654867259,4.6807878869,160.1795946449
5,0.114503816794,1,MONTHLY,4,691,INC,16.6184945587,16.6184945587,1.0000000000,0.0000000000,90.1101372420,90.1101372420,7702.6389380533,4.6807878869,188.5021986449
5,0.114503816794,1,MONTHLY,4,691,DEC,87.7158567417,87.7158567417,1.0000000000,0.0000000000,90.1101372420,90.1101372420,7702.6389380533,4.6807878869,188.5021986449
5,0.114503816794,1,MONTHLY,12,1,INC,5.5840361861,5.5840361861,1.0000000000,0.0000000000,101.7431657397,101.7431657397,13515.5000000000,5.3485771543,115.1037974146
5,0.114503816794,1,MONTHLY,12,1,DEC,79.8900473174,79.8900473174,1.0000000000,0.0000000000,101.7431657397,101.7431657397,13515.5000000000,5.3485771543,115.1037974146
5,0.114503816794,1,MONTHLY,12,7,INC,5.5840361861,5.5840361861,1.0000000000,-0.0000000000,101.7431657397,101.7431657397,13668.7948960303,5.3485771543,119.5166524146
5,0.114503816794,1,MONTHLY,12,7,DEC,80.5858286940,80.5858286940,1.0000000000,0.0000000000,101.7431657397,101.7431657397,13668.7948960303,5.3485771543,119.5166524146
5,0.114503816794,1,MONTHLY,12,13,INC,5.5840361861,5.5840361861,1.0000000000,-0.0000000000,101.7431657397,101.7431657397,13822.0897920605,5.3485771543,169.8689114146
5,0.114503816794,1,MONTHLY,12,13,DEC,81.2816100707,81.2816100707,1.0000000000,0.0000000000,101.7431657397,101.7431657397,13822.0897920605,5.3485771543,169.8689114146
5,0.114503816794,1,MONTHLY,12,19,INC,5.5840361861,5.5840361861,1.0000000000,-0.0000000000,101.7431657397,101.7431657397,13975.3846880909,5.3485771543,264.6529994146
5,0.114503816794,1,MONTHLY,12,19,DEC,81.9773914473,81.9773914473,1.0000000000,0.0000000000,101.7431657397,101.7431657397,13975.3846880909,5.3485771543,264.6529994146
5,0.114503816794,1,MONTHLY,12,169,INC,5.5840361861,5.5840361861,1.0000000000,-0.0000000000,101.7431657397,101.7431657397,17807.7570888469,5.3485771543,120.9115334146
5,0.114503816794,1,MONTHLY,12,169,DEC,83.3839742797,83.3839742797,1.0000000000,0.0000000000,101.7431657397,101.7431657397,17807.7570888469,5.3485771543,120.9115334146
5,0.114503816794,1,MONTHLY,12,175,INC,5.5840361861,5.5840361861,1.0000000000,-0.0000000000,101.7431657397,101.7431657397,17961.0519848772,5.3485771543,270.3323224146
5,0.114503816794,1,MONTHLY,12,175,DEC,83.3839742797,83.3839742797,1.0000000000,0.0000000000,101.7431657397,101.7431657397,17961.0519848772,5.3485771543,270.3323224146
5,0.114503816794,1,MONTHLY,12,181,INC,5.5840361861,5.5840361861,1.0000000000,-0.0000000000,101.7431657397,101.7431657397,18114.3468809073,5.3485771543,373.2652584146
5,0.114503816794,1,MONTHLY,12,181,DEC,99.3488852394,99.3488852394,1.0000000000,0.0000000000,101.7431657397,101.7431657397,18114.3468809073,5.3485771543,373.2652584146
5,0.114503816794,1,MONTHLY,12,187,INC,5.5840361861,5.5840361861,1.0000000000,-0.0000000000,101.7431657397,101.7431657397,18267.6417769375,5.3485771543,280.6242734146
5,0.114503816794,1,MONTHLY,12,187,DEC,99.3488852394,99.3488852394,1.0000000000,0.0000000000,101.7431657397,101.7431657397,18267.6417769375,5.3485771543,280.6242734146
5,0.114503816794,1,MONTHLY,12,337,INC,5.5840361861,5.5840361861,1.0000000000,-0.0000000000,101.7431657397,101.7431657397,22100.0141776937,5.3485771543,163.0176194146
5,0.114503816794,1,MONTHLY,12,337,DEC,99.3488852394,99.3488852394,1.0000000000,0.0000000000,101.7431657397,101.7431657397,22100.0141776937,5.3485771543,163.0176194146
5,0.114503816794,1,MONTHLY,12,343,INC,5.5840361861,5.5840361861,1.0000000000,0.0000000000,101.7431657397,101.7431657397,22253.3090737240,5.3485771543,203.3829744146
5,0.114503816794,1,MONTHLY,12,343,DEC,99.3488852394,99.3488852394,1.0000000000,0.0000000000,101.7431657397,101.7431657397,22253.3090737240,5.3485771543,203.3829744146
5,0.114503816794,1,MONTHLY,12,349,INC,5.5840361861,5.5840361861,1.0000000000,0.0000000000,101.7431657397,101.7431657397,22406.6039697543,5.3485771543,244.2450254146
5,0.114503816794,1,MONTHLY,12,349,DEC,99.3488852394,99.3488852394,1.0000000000,0.0000000000,101.7431657397,101.7431657397,22406.6039697543,5.3485771543,244.2450254146
5,0.114503816794,1,MONTHLY,12,355,INC,5.5840361861,5.5840361861,1.0000000000,-0.0000000000,101.7431657397,101.7431657397,22559.8988657845,5.3485771543,283.0441634146
5,0.114503816794,1,MONTHLY,12,355,DEC,99.3488852394,99.3488852394,1.0000000000,0.0000000000,101.7431657397,101.7431657397,22559.8988657845,5.3485771543,283.0441634146
5,0.114503816794,1,MONTHLY,12,505,INC,5.5840361861,5.5840361861,1.0000000000,0.0000000000,101.7431657397,101.7431657397,26392.2712665405,5.3485771543,58.9623494146
5,0.114503816794,1,MONTHLY,12,505,DEC,99.3488852394,99.3488852394,1.0000000000,0.0000000000,101.7431657397,101.7431657397,26392.2712665405,5.3485771543,58.9623494146
5,0.114503816794,1,MONTHLY,12,511,INC,5.5840361861,5.5840361861,1.0000000000,-0.0000000000,101.7431657397,101.7431657397,26545.5661625708,5.3485771543,131.3919534146
5,0.114503816794,1,MONTHLY,12,511,DEC,99.3488852394,99.3488852394,1.0000000000,0.0000000000,101.7431657397,101.7431657397,26545.5661625708,5.3485771543,131.3919534146
5,0.114503816794,1,MONTHLY,12,517,INC,3.0837277833,3.0837277833,1.0000000000,0.0000000000,101.7431657397,101.7431657397,26698.8610586010,5.3485771543,351.2988394146
5,0.114503816794,1,MONTHLY,12,517,DEC,99.3488852394,99.3488852394,1.0000000000,0.0000000000,101.7431657397,101.7431657397,26698.8610586010,5.3485771543,351.2988394146
5,0.114503816794,1,MONTHLY,12,523,INC,0.0000000000,0.0000000000,-1.0000000000,0.0000000000,93.9949385148,101.7431657397,26852.1559546313,5.3485771543,215.2872434146
5,0.114503816794,1,MONTHLY,12,523,DEC,75.0421994997,75.0421994997,1.0000000000,0.0000000000,93.9949385148,101.7431657397,26852.1559546313,5.3485771543,215.2872434146
5,0.114503816794,1,MONTHLY,12,673,INC,16.6184945587,16.6184945587,1.0000000000,0.0000000000,90.1101372420,90.1101372420,5765.0185840710,4.6807878869,33.1452606449
5,0.114503816794,1,MONTHLY,12,673,DEC,30.8059447654,30.8059447654,1.0000000000,0.0000000000,90.1101372420,90.1101372420,5765.0185840710,4.6807878869,33.1452606449
5,0.114503816794,1,MONTHLY,12,679,INC,16.6184945587,16.6184945587,1.0000000000,0.0000000000,90.1101372420,90.1101372420,6410.8920353984,4.6807878869,141.8645596449
5,0.114503816794,1,MONTHLY,12,679,DEC,34.1261742731,34.1261742731,1.0000000000,0.0000000000,90.1101372420,90.1101372420,6410.8920353984,4.6807878869,141.8645596449
5,0.114503816794,1,MONTHLY,12,685,INC,16.6184945587,16.6184945587,1.0000000000,0.0000000000,90.1101372420,90.1101372420,7056.7654867259,4.6807878869,160.1795946449
5,0.114503816794,1,MONTHLY,12,685,DEC,37.3721715792,37.3721715792,1.0000000000,0.0000000000,90.1101372420,90.1101372420,7056.7654867259,4.6807878869,160.1795946449
5,0.114503816794,1,MONTHLY,12,691,INC,16.6184945587,16.6184945587,1.0000000000,0.0000000000,90.1101372420,90.1101372420,7702.6389380533,4.6807878869,188.5021986449
5,0.114503816794,1,MONTHLY,12,691,DEC,40.6181688853,40.6181688853,1.0000000000,0.0000000000,90.1101372420,90.1101372420,7702.6389380533,4.6807878869,188.5021986449
5,0.114503816794,1,MONTHLY,24,1,INC,5.5840361861,5.5840361861,1.0000000000,-0.0000000000,101.7431657397,101.7431657397,13515.5000000000,5.3485771543,115.1037974146
5,0.114503816794,1,MONTHLY,24,1,DEC,50.8986982541,50.8986982541,1.0000000000,0.0000000000,101.7431657397,101.7431657397,13515.5000000000,5.3485771543,115.1037974146
5,0.114503816794,1,MONTHLY,24,7,INC,5.5840361861,5.5840361861,1.0000000000,-0.0000000000,101.7431657397,101.7431657397,13668.7948960303,5.3485771543,119.5166524146
5,0.114503816794,1,MONTHLY,24,7,DEC,51.2839090246,51.2839090246,1.0000000000,0.0000000000,101.7431657397,101.7431657397,13668.7948960303,5.3485771543,119.5166524146
5,0.114503816794,1,MONTHLY,24,13,INC,5.5840361861,5.5840361861,1.0000000000,-0.0000000000,101.7431657397,101.7431657397,13822.0897920605,5.3485771543,169.8689114146
5,0.114503816794,1,MONTHLY,24,13,DEC,51.6691197950,51.6691197950,1.0000000000,0.0000000000,101.7431657397,101.7431657397,13822.0897920605,5.3485771543,169.8689114146
5,0.114503816794,1,MONTHLY,24,19,INC,5.5840361861,5.5840361861,1.0000000000,-0.0000000000,101.7431657397,101.7431657397,13975.3846880909,5.3485771543,264.6529994146
5,0.114503816794,1,MONTHLY,24,19,DEC,52.0543305654,52.0543305654,1.0000000000,0.0000000000,101.7431657397,101.7431657397,13975.3846880909,5.3485771543,264.6529994146
5,0.114503816794,1,MONTHLY,24,169,INC,5.5840361861,5.5840361861,1.0000000000,-0.0000000000,101.7431657397,101.7431657397,17807.7570888469,5.3485771543,120.9115334146
5,0.114503816794,1,MONTHLY,24,169,DEC,61.5203668198,61.5203668198,1.0000000000,0.0000000000,101.7431657397,101.7431657397,17807.7570888469,5.3485771543,120.9115334146
5,0.114503816794,1,MONTHLY,24,175,INC,5.5840361861,5.5840361861,1.0000000000,0.0000000000,101.7431657397,101.7431657397,17961.0519848772,5.3485771543,270.3323224146
5,0.114503816794,1,MONTHLY,24,175,DEC,61.8870791338,61.8870791338,1.0000000000,0.0000000000,101.7431657397,101.7431657397,17961.0519848772,5.3485771543,270.3323224146
5,0.114503816794,1,MONTHLY,24,181,INC,5.5840361861,5.5840361861,1.0000000000,-0.0000000000,101.7431657397,101.7431657397,18114.3468809073,5.3485771543,373.2652584146
5,0.114503816794,1,MONTHLY,24,181,DEC,62.2537914478,62.2537914478,1.0000000000,0.0000000000,101.7431657397,101.7431657397,18114.3468809073,5.3485771543,373.2652584146
5,0.114503816794,1,MONTHLY,24,187,INC,5.5840361861,5.5840361861,1.0000000000,0.0000000000,101.7431657397,101.7431657397,18267.6417769375,5.3485771543,280.6242734146
5,0.114503816794,1,MONTHLY,24,187,DEC,62.6205037617,62.6205037617,1.0000000000,0.0000000000,101.7431657397,101.7431657397,18267.6417769375,5.3485771543,280.6242734146
5,0.114503816794,1,MONTHLY,24,337,INC,5.5840361861,5.5840361861,1.0000000000,-0.0000000000,101.7431657397,101.7431657397,22100.0141776937,5.3485771543,163.0176194146
5,0.114503816794,1,MONTHLY,24,337,DEC,71.7667995181,71.7667995181,1.0000000000,0.0000000000,101.7431657397,101.7431657397,22100.0141776937,5.3485771543,163.0176194146
5,0.114503816794,1,MONTHLY,24,343,INC,5.5840361861,5.5840361861,1.0000000000,-0.0000000000,101.7431657397,101.7431657397,22253.3090737240,5.3485771543,203.3829744146
5,0.114503816794,1,MONTHLY,24,343,DEC,72.1146902064,72.1146902064,1.0000000000,0.0000000000,101.7431657397,101.7431657397,22253.3090737240,5.3485771543,203.3829744146
5,0.114503816794,1,MONTHLY,24,349,INC,5.5840361861,5.5840361861,1.0000000000,0.0000000000,101.7431657397,101.7431657397,22406.6039697543,5.3485771543,244.2450254146
5,0.114503816794,1,MONTHLY,24,349,DEC,72.4625808947,72.4625808947,1.0000000000,0.0000000000,101.7431657397,101.7431657397,22406.6039697543,5.3485771543,244.2450254146
5,0.114503816794,1,MONTHLY,24,355,INC,5.5840361861,5.5840361861,1.0000000000,0.0000000000,101.7431657397,101.7431657397,22559.8988657845,5.3485771543,283.0441634146
5,0.114503816794,1,MONTHLY,24,355,DEC,72.8104715831,72.8104715831,1.0000000000,0.0000000000,101.7431657397,101.7431657397,22559.8988657845,5.3485771543,283.0441634146
5,0.114503816794,1,MONTHLY,24,505,INC,1.5418638916,1.5418638916,1.0000000000,0.0000000000,101.7431657397,101.7431657397,26392.2712665405,5.3485771543,58.9623494146
5,0.114503816794,1,MONTHLY,24,505,DEC,81.5077387911,81.5077387911,1.0000000000,0.0000000000,101.7431657397,101.7431657397,26392.2712665405,5.3485771543,58.9623494146
5,0.114503816794,1,MONTHLY,24,511,INC,0.0000000000,0.0000000000,-1.0000000000,0.0000000000,97.8690521273,101.7431657397,26545.5661625708,5.3485771543,131.3919534146
5,0.114503816794,1,MONTHLY,24,511,DEC,75.0421994997,75.0421994997,1.0000000000,0.0000000000,97.8690521273,101.7431657397,26545.5661625708,5.3485771543,131.3919534146
5,0.114503816794,1,MONTHLY,24,517,INC,0.0000000000,0.0000000000,-1.0000000000,0.0000000000,91.7923806923,101.7431657397,26698.8610586010,5.3485771543,351.2988394146
5,0.114503816794,1,MONTHLY,24,517,DEC,69.6630340866,69.6630340866,1.0000000000,0.0000000000,91.7923806923,101.7431657397,26698.8610586010,5.3485771543,351.2988394146
5,0.114503816794,1,MONTHLY,24,523,INC,0.0000000000,0.0000000000,-1.0000000000,0.0000000000,85.7157092574,101.7431657397,26852.1559546313,5.3485771543,215.2872434146
5,0.114503816794,1,MONTHLY,24,523,DEC,59.0772885400,59.0772885400,1.0000000000,0.0000000000,85.7157092574,101.7431657397,26852.1559546313,5.3485771543,215.2872434146
5,0.114503816794,1,MONTHLY,24,673,INC,16.6184945587,16.6184945587,1.0000000000,0.0000000000,90.1101372420,90.1101372420,5765.0185840710,4.6807878869,33.1452606449
5,0.114503816794,1,MONTHLY,24,673,DEC,19.1878653087,19.1878653087,1.0000000000,0.0000000000,90.1101372420,90.1101372420,5765.0185840710,4.6807878869,33.1452606449
5,0.114503816794,1,MONTHLY,24,679,INC,16.6184945587,16.6184945587,1.0000000000,0.0000000000,90.1101372420,90.1101372420,6410.8920353984,4.6807878869,141.8645596449
5,0.114503816794,1,MONTHLY,24,679,DEC,20.8880720199,20.8880720199,1.0000000000,0.0000000000,90.1101372420,90.1101372420,6410.8920353984,4.6807878869,141.8645596449
5,0.114503816794,1,MONTHLY,24,685,INC,16.6184945587,16.6184945587,1.0000000000,0.0000000000,90.1101372420,90.1101372420,7056.7654867259,4.6807878869,160.1795946449
5,0.114503816794,1,MONTHLY,24,685,DEC,22.5882787311,22.5882787311,1.0000000000,0.0000000000,90.1101372420,90.1101372420,7056.7654867259,4.6807878869,160.1795946449
5,0.114503816794,1,MONTHLY,24,691,INC,16.6184945587,16.6184945587,1.0000000000,0.0000000000,90.1101372420,90.1101372420,7702.6389380533,4.6807878869,188.5021986449
5,0.114503816794,1,MONTHLY,24,691,DEC,19.8418556799,19.8418556799,1.0000000000,0.0000000000,90.1101372420,90.1101372420,7702.6389380533,4.6807878869,188.5021986449
5,0.114503816794,2,HOURLY,1,1,INC,5.5840361861,5.5840361861,1.0000000000,-0.0000000000,101.7431657397,101.7431657397,13515.5000000000,5.3485771543,115.1037974146
5,0.114503816794,2,HOURLY,1,1,DEC,99.3488852394,99.3488852394,1.0000000000,0.0000000000,101.7431657397,101.7431657397,13515.5000000000,5.3485771543,115.1037974146
5,0.114503816794,2,HOURLY,1,7,INC,5.5840361861,5.5840361861,1.0000000000,0.0000000000,101.7431657397,101.7431657397,13668.7948960302,5.3485771543,119.5166524146
5,0.114503816794,2,HOURLY,1,7,DEC,99.3488852394,99.3488852394,1.0000000000,0.0000000000,101.7431657397,101.7431657397,13668.7948960302,5.3485771543,119.5166524146
5,0.114503816794,2,HOURLY,1,13,INC,5.5840361861,5.5840361861,1.0000000000,0.0000000000,101.7431657397,101.7431657397,13822.0897920605,5.3485771543,169.8689114146
5,0.114503816794,2,HOURLY,1,13,DEC,99.3488852394,99.3488852394,1.0000000000,0.0000000000,101.7431657397,101.7431657397,13822.0897920605,5.3485771543,169.8689114146
5,0.114503816794,2,HOURLY,1,19,INC,5.5840361861,5.5840361861,1.0000000000,0.0000000000,101.7431657397,101.7431657397,13975.3846880907,5.3485771543,264.6529994146
5,0.114503816794,2,HOURLY,1,19,DEC,99.3488852394,99.3488852394,1.0000000000,0.0000000000,101.7431657397,101.7431657397,13975.3846880907,5.3485771543,264.6529994146
5,0.114503816794,2,HOURLY,1,169,INC,5.5840361861,5.5840361861,1.0000000000,0.0000000000,101.7431657397,101.7431657397,17807.7570888461,5.3485771543,120.9115334146
5,0.114503816794,2,HOURLY,1,169,DEC,99.3488852394,99.3488852394,1.0000000000,0.0000000000,101.7431657397,101.7431657397,17807.7570888461,5.3485771543,120.9115334146
5,0.114503816794,2,HOURLY,1,175,INC,5.5840361861,5.5840361861,1.0000000000,0.0000000000,101.7431657397,101.7431657397,17961.0519848763,5.3485771543,270.3323224146
5,0.114503816794,2,HOURLY,1,175,DEC,99.3488852394,99.3488852394,1.0000000000,0.0000000000,101.7431657397,101.7431657397,17961.0519848763,5.3485771543,270.3323224146
5,0.114503816794,2,HOURLY,1,181,INC,5.5840361861,5.5840361861,1.0000000000,0.0000000000,101.7431657397,101.7431657397,18114.3468809054,5.3485771543,373.2652584146
5,0.114503816794,2,HOURLY,1,181,DEC,99.3488852394,99.3488852394,1.0000000000,0.0000000000,101.7431657397,101.7431657397,18114.3468809054,5.3485771543,373.2652584146
5,0.114503816794,2,HOURLY,1,187,INC,5.5840361861,5.5840361861,1.0000000000,0.0000000000,101.7431657397,101.7431657397,18267.6417769356,5.3485771543,280.6242734146
5,0.114503816794,2,HOURLY,1,187,DEC,99.3488852394,99.3488852394,1.0000000000,0.0000000000,101.7431657397,101.7431657397,18267.6417769356,5.3485771543,280.6242734146
5,0.114503816794,2,HOURLY,1,337,INC,5.5840361861,5.5840361861,1.0000000000,0.0000000000,101.7431657397,101.7431657397,22100.0141776943,5.3485771543,163.0176194146
5,0.114503816794,2,HOURLY,1,337,DEC,99.3488852394,99.3488852394,1.0000000000,0.0000000000,101.7431657397,101.7431657397,22100.0141776943,5.3485771543,163.0176194146
5,0.114503816794,2,HOURLY,1,343,INC,5.5840361861,5.5840361861,1.0000000000,-0.0000000000,101.7431657397,101.7431657397,22253.3090737245,5.3485771543,203.3829744146
5,0.114503816794,2,HOURLY,1,343,DEC,99.3488852394,99.3488852394,1.0000000000,0.0000000000,101.7431657397,101.7431657397,22253.3090737245,5.3485771543,203.3829744146
5,0.114503816794,2,HOURLY,1,349,INC,5.5840361861,5.5840361861,1.0000000000,0.0000000000,101.7431657397,101.7431657397,22406.6039697548,5.3485771543,244.2450254146
5,0.114503816794,2,HOURLY,1,349,DEC,99.3488852394,99.3488852394,1.0000000000,0.0000000000,101.7431657397,101.7431657397,22406.6039697548,5.3485771543,244.2450254146
5,0.114503816794,2,HOURLY,1,355,INC,5.5840361861,5.5840361861,1.0000000000,0.0000000000,101.7431657397,101.7431657397,22559.8988657850,5.3485771543,283.0441634146
5,0.114503816794,2,HOURLY,1,355,DEC,99.3488852394,99.3488852394,1.0000000000,0.0000000000,101.7431657397,101.7431657397,22559.8988657850,5.3485771543,283.0441634146
5,0.114503816794,2,HOURLY,1,505,INC,5.5840361861,5.5840361861,1.0000000000,-0.0000000000,101.7431657397,101.7431657397,26392.2712665407,5.3485771543,58.9623494146
5,0.114503816794,2,HOURLY,1,505,DEC,99.3488852394,99.3488852394,1.0000000000,0.0000000000,101.7431657397,101.7431657397,26392.2712665407,5.3485771543,58.9623494146
5,0.114503816794,2,HOURLY,1,511,INC,5.5840361861,5.5840361861,1.0000000000,-0.0000000000,101.7431657397,101.7431657397,26545.5661625710,5.3485771543,131.3919534146
5,0.114503816794,2,HOURLY,1,511,DEC,99.3488852394,99.3488852394,1.0000000000,-0.0000000000,101.7431657397,101.7431657397,26545.5661625710,5.3485771543,131.3919534146
5,0.114503816794,2,HOURLY,1,517,INC,5.5840361861,5.5840361861,1.0000000000,0.0000000000,101.7431657397,101.7431657397,26698.8610586012,5.3485771543,351.2988394146
5,0.114503816794,2,HOURLY,1,517,DEC,99.3488852394,99.3488852394,1.0000000000,0.0000000000,101.7431657397,101.7431657397,26698.8610586012,5.3485771543,351.2988394146
5,0.114503816794,2,HOURLY,1,523,INC,5.5840361861,5.5840361861,1.0000000000,0.0000000000,101.7431657397,101.7431657397,26852.1559546314,5.3485771543,215.2872434146
5,0.114503816794,2,HOURLY,1,523,DEC,99.3488852394,99.3488852394,1.0000000000,-0.0000000000,101.7431657397,101.7431657397,26852.1559546314,5.3485771543,215.2872434146
5,0.114503816794,2,HOURLY,1,673,INC,16.6184945890,16.6184945890,1.0000000000,-0.0000000000,90.1101372420,90.1101372420,5765.0185840709,4.6807878869,33.1452606449
5,0.114503816794,2,HOURLY,1,673,DEC,87.7158567417,87.7158567417,1.0000000000,0.0000000000,90.1101372420,90.1101372420,5765.0185840709,4.6807878869,33.1452606449
5,0.114503816794,2,HOURLY,1,679,INC,16.6184945890,16.6184945890,1.0000000000,0.0000000000,90.1101372420,90.1101372420,6410.8920353983,4.6807878869,141.8645596449
5,0.114503816794,2,HOURLY,1,679,DEC,87.7158567417,87.7158567417,1.0000000000,0.0000000000,90.1101372420,90.1101372420,6410.8920353983,4.6807878869,141.8645596449
5,0.114503816794,2,HOURLY,1,685,INC,16.6184945890,16.6184945890,1.0000000000,0.0000000000,90.1101372420,90.1101372420,7056.7654867257,4.6807878869,160.1795946449
5,0.114503816794,2,HOURLY,1,685,DEC,87.7158567417,87.7158567417,1.0000000000,0.0000000000,90.1101372420,90.1101372420,7056.7654867257,4.6807878869,160.1795946449
5,0.114503816794,2,HOURLY,1,691,INC,16.6184945890,16.6184945890,1.0000000000,0.0000000000,90.1101372420,90.1101372420,7702.6389380532,4.6807878869,188.5021986449
5,0.114503816794,2,HOURLY,1,691,DEC,87.7158567417,87.7158567417,1.0000000000,0.0000000000,90.1101372420,90.1101372420,7702.6389380532,4.6807878869,188.5021986449
5,0.114503816794,2,HOURLY,4,1,INC,5.5840361861,5.5840361861,1.0000000000,0.0000000000,101.7431657397,101.7431657397,13515.5000000000,5.3485771543,115.1037974146
5,0.114503816794,2,HOURLY,4,1,DEC,99.3488852394,99.3488852394,1.0000000000,0.0000000000,101.7431657397,101.7431657397,13515.5000000000,5.3485771543,115.1037974146
5,0.114503816794,2,HOURLY,4,7,INC,5.5840361861,5.5840361861,1.0000000000,-0.0000000000,101.7431657397,101.7431657397,13668.7948960302,5.3485771543,119.5166524146
5,0.114503816794,2,HOURLY,4,7,DEC,99.3488852394,99.3488852394,1.0000000000,0.0000000000,101.7431657397,101.7431657397,13668.7948960302,5.3485771543,119.5166524146
5,0.114503816794,2,HOURLY,4,13,INC,5.5840361861,5.5840361861,1.0000000000,0.0000000000,101.7431657397,101.7431657397,13822.0897920605,5.3485771543,169.8689114146
5,0.114503816794,2,HOURLY,4,13,DEC,99.3488852394,99.3488852394,1.0000000000,0.0000000000,101.7431657397,101.7431657397,13822.0897920605,5.3485771543,169.8689114146
5,0.114503816794,2,HOURLY,4,19,INC,5.5840361861,5.5840361861,1.0000000000,0.0000000000,101.7431657397,101.7431657397,13975.3846880907,5.3485771543,264.6529994146
5,0.114503816794,2,HOURLY,4,19,DEC,99.3488852394,99.3488852394,1.0000000000,0.0000000000,101.7431657397,101.7431657397,13975.3846880907,5.3485771543,264.6529994146
5,0.114503816794,2,HOURLY,4,169,INC,5.5840361861,5.5840361861,1.0000000000,0.0000000000,101.7431657397,101.7431657397,17807.7570888461,5.3485771543,120.9115334146
5,0.114503816794,2,HOURLY,4,169,DEC,99.3488852394,99.3488852394,1.0000000000,0.0000000000,101.7431657397,101.7431657397,17807.7570888461,5.3485771543,120.9115334146
5,0.114503816794,2,HOURLY,4,175,INC,5.5840361861,5.5840361861,1.0000000000,-0.0000000000,101.7431657397,101.7431657397,17961.0519848763,5.3485771543,270.3323224146
5,0.114503816794,2,HOURLY,4,175,DEC,99.3488852394,99.3488852394,1.0000000000,0.0000000000,101.7431657397,101.7431657397,17961.0519848763,5.3485771543,270.3323224146
5,0.114503816794,2,HOURLY,4,181,INC,5.5840361861,5.5840361861,1.0000000000,-0.0000000000,101.7431657397,101.7431657397,18114.3468809054,5.3485771543,373.2652584146
5,0.114503816794,2,HOURLY,4,181,DEC,99.3488852394,99.3488852394,1.0000000000,0.0000000000,101.7431657397,101.7431657397,18114.3468809054,5.3485771543,373.2652584146
5,0.114503816794,2,HOURLY,4,187,INC,5.5840361861,5.5840361861,1.0000000000,-0.0000000000,101.7431657397,101.7431657397,18267.6417769356,5.3485771543,280.6242734146
5,0.114503816794,2,HOURLY,4,187,DEC,99.3488852394,99.3488852394,1.0000000000,0.0000000000,101.7431657397,101.7431657397,18267.6417769356,5.3485771543,280.6242734146
5,0.114503816794,2,HOURLY,4,337,INC,5.5840361861,5.5840361861,1.0000000000,-0.0000000000,101.7431657397,101.7431657397,22100.0141776943,5.3485771543,163.0176194146
5,0.114503816794,2,HOURLY,4,337,DEC,99.3488852394,99.3488852394,1.0000000000,-0.0000000000,101.7431657397,101.7431657397,22100.0141776943,5.3485771543,163.0176194146
5,0.114503816794,2,HOURLY,4,343,INC,5.5840361861,5.5840361861,1.0000000000,-0.0000000000,101.7431657397,101.7431657397,22253.3090737245,5.3485771543,203.3829744146
5,0.114503816794,2,HOURLY,4,343,DEC,99.3488852394,99.3488852394,1.0000000000,0.0000000000,101.7431657397,101.7431657397,22253.3090737245,5.3485771543,203.3829744146
5,0.114503816794,2,HOURLY,4,349,INC,5.5840361861,5.5840361861,1.0000000000,-0.0000000000,101.7431657397,101.7431657397,22406.6039697548,5.3485771543,244.2450254146
5,0.114503816794,2,HOURLY,4,349,DEC,99.3488852394,99.3488852394,1.0000000000,0.0000000000,101.7431657397,101.7431657397,22406.6039697548,5.3485771543,244.2450254146
5,0.114503816794,2,HOURLY,4,355,INC,5.5840361861,5.5840361861,1.0000000000,-0.0000000000,101.7431657397,101.7431657397,22559.8988657850,5.3485771543,283.0441634146
5,0.114503816794,2,HOURLY,4,355,DEC,99.3488852394,99.3488852394,1.0000000000,0.0000000000,101.7431657397,101.7431657397,22559.8988657850,5.3485771543,283.0441634146
5,0.114503816794,2,HOURLY,4,505,INC,5.5840361861,5.5840361861,1.0000000000,0.0000000000,101.7431657397,101.7431657397,26392.2712665407,5.3485771543,58.9623494146
5,0.114503816794,2,HOURLY,4,505,DEC,99.3488852394,99.3488852394,1.0000000000,0.0000000000,101.7431657397,101.7431657397,26392.2712665407,5.3485771543,58.9623494146
5,0.114503816794,2,HOURLY,4,511,INC,5.5840361861,5.5840361861,1.0000000000,0.0000000000,101.7431657397,101.7431657397,26545.5661625710,5.3485771543,131.3919534146
5,0.114503816794,2,HOURLY,4,511,DEC,99.3488852394,99.3488852394,1.0000000000,0.0000000000,101.7431657397,101.7431657397,26545.5661625710,5.3485771543,131.3919534146
5,0.114503816794,2,HOURLY,4,517,INC,5.5840361861,5.5840361861,1.0000000000,-0.0000000000,101.7431657397,101.7431657397,26698.8610586012,5.3485771543,351.2988394146
5,0.114503816794,2,HOURLY,4,517,DEC,99.3488852394,99.3488852394,1.0000000000,0.0000000000,101.7431657397,101.7431657397,26698.8610586012,5.3485771543,351.2988394146
5,0.114503816794,2,HOURLY,4,523,INC,5.5840361861,5.5840361861,1.0000000000,0.0000000000,101.7431657397,101.7431657397,26852.1559546314,5.3485771543,215.2872434146
5,0.114503816794,2,HOURLY,4,523,DEC,99.3488852394,99.3488852394,1.0000000000,0.0000000000,101.7431657397,101.7431657397,26852.1559546314,5.3485771543,215.2872434146
5,0.114503816794,2,HOURLY,4,673,INC,16.6184945587,16.6184945587,1.0000000000,0.0000000000,90.1101372420,90.1101372420,5765.0185840709,4.6807878869,33.1452606449
5,0.114503816794,2,HOURLY,4,673,DEC,71.7509457820,71.7509457820,1.0000000000,-0.0000000000,90.1101372420,90.1101372420,5765.0185840709,4.6807878869,33.1452606449
5,0.114503816794,2,HOURLY,4,679,INC,16.6184945587,16.6184945890,1.0000000018,-0.0000000303,90.1101372420,90.1101372420,6410.8920353983,4.6807878869,141.8645596449
5,0.114503816794,2,HOURLY,4,679,DEC,71.7509457820,71.7509457820,1.0000000000,0.0000000000,90.1101372420,90.1101372420,6410.8920353983,4.6807878869,141.8645596449
5,0.114503816794,2,HOURLY,4,685,INC,16.6184945587,16.6184945587,1.0000000000,0.0000000000,90.1101372420,90.1101372420,7056.7654867257,4.6807878869,160.1795946449
5,0.114503816794,2,HOURLY,4,685,DEC,87.7158567417,87.7158567417,1.0000000000,0.0000000000,90.1101372420,90.1101372420,7056.7654867257,4.6807878869,160.1795946449
5,0.114503816794,2,HOURLY,4,691,INC,16.6184945587,16.6184945890,1.0000000018,-0.0000000303,90.1101372420,90.1101372420,7702.6389380532,4.6807878869,188.5021986449
5,0.114503816794,2,HOURLY,4,691,DEC,87.7158567417,87.7158567417,1.0000000000,0.0000000000,90.1101372420,90.1101372420,7702.6389380532,4.6807878869,188.5021986449
5,0.114503816794,2,HOURLY,12,1,INC,5.5840361861,5.5840361861,1.0000000000,0.0000000000,101.7431657397,101.7431657397,13515.5000000000,5.3485771543,115.1037974146
5,0.114503816794,2,HOURLY,12,1,DEC,79.8900473174,79.8900473174,1.0000000000,0.0000000000,101.7431657397,101.7431657397,13515.5000000000,5.3485771543,115.1037974146
5,0.114503816794,2,HOURLY,12,7,INC,5.5840361861,5.5840361861,1.0000000000,0.0000000000,101.7431657397,101.7431657397,13668.7948960302,5.3485771543,119.5166524146
5,0.114503816794,2,HOURLY,12,7,DEC,80.5858286940,80.5858286940,1.0000000000,-0.0000000000,101.7431657397,101.7431657397,13668.7948960302,5.3485771543,119.5166524146
5,0.114503816794,2,HOURLY,12,13,INC,5.5840361861,5.5840361861,1.0000000000,0.0000000000,101.7431657397,101.7431657397,13822.0897920605,5.3485771543,169.8689114146
5,0.114503816794,2,HOURLY,12,13,DEC,81.2816100707,81.2816100707,1.0000000000,0.0000000000,101.7431657397,101.7431657397,13822.0897920605,5.3485771543,169.8689114146
5,0.114503816794,2,HOURLY,12,19,INC,5.5840361861,5.5840361861,1.0000000000,-0.0000000000,101.7431657397,101.7431657397,13975.3846880907,5.3485771543,264.6529994146
5,0.114503816794,2,HOURLY,12,19,DEC,81.9773914473,81.9773914473,1.0000000000,0.0000000000,101.7431657397,101.7431657397,13975.3846880907,5.3485771543,264.6529994146
5,0.114503816794,2,HOURLY,12,169,INC,5.5840361861,5.5840361861,1.0000000000,0.0000000000,101.7431657397,101.7431657397,17807.7570888461,5.3485771543,120.9115334146
5,0.114503816794,2,HOURLY,12,169,DEC,83.3839742797,83.3839742797,1.0000000000,-0.0000000000,101.7431657397,101.7431657397,17807.7570888461,5.3485771543,120.9115334146
5,0.114503816794,2,HOURLY,12,175,INC,5.5840361861,5.5840361861,1.0000000000,-0.0000000000,101.7431657397,101.7431657397,17961.0519848763,5.3485771543,270.3323224146
5,0.114503816794,2,HOURLY,12,175,DEC,83.3839742797,83.3839742797,1.0000000000,0.0000000000,101.7431657397,101.7431657397,17961.0519848763,5.3485771543,270.3323224146
5,0.114503816794,2,HOURLY,12,181,INC,5.5840361861,5.5840361861,1.0000000000,-0.0000000000,101.7431657397,101.7431657397,18114.3468809054,5.3485771543,373.2652584146
5,0.114503816794,2,HOURLY,12,181,DEC,99.3488852394,99.3488852394,1.0000000000,0.0000000000,101.7431657397,101.7431657397,18114.3468809054,5.3485771543,373.2652584146
5,0.114503816794,2,HOURLY,12,187,INC,5.5840361861,5.5840361861,1.0000000000,0.0000000000,101.7431657397,101.7431657397,18267.6417769356,5.3485771543,280.6242734146
5,0.114503816794,2,HOURLY,12,187,DEC,99.3488852394,99.3488852394,1.0000000000,0.0000000000,101.7431657397,101.7431657397,18267.6417769356,5.3485771543,280.6242734146
5,0.114503816794,2,HOURLY,12,337,INC,5.5840361861,5.5840361861,1.0000000000,-0.0000000000,101.7431657397,101.7431657397,22100.0141776943,5.3485771543,163.0176194146
5,0.114503816794,2,HOURLY,12,337,DEC,99.3488852394,99.3488852394,1.0000000000,0.0000000000,101.7431657397,101.7431657397,22100.0141776943,5.3485771543,163.0176194146
5,0.114503816794,2,HOURLY,12,343,INC,5.5840361861,5.5840361861,1.0000000000,-0.0000000000,101.7431657397,101.7431657397,22253.3090737245,5.3485771543,203.3829744146
5,0.114503816794,2,HOURLY,12,343,DEC,99.3488852394,99.3488852394,1.0000000000,0.0000000000,101.7431657397,101.7431657397,22253.3090737245,5.3485771543,203.3829744146
5,0.114503816794,2,HOURLY,12,349,INC,5.5840361861,5.5840361861,1.0000000000,0.0000000000,101.7431657397,101.7431657397,22406.6039697548,5.3485771543,244.2450254146
5,0.114503816794,2,HOURLY,12,349,DEC,99.3488852394,99.3488852394,1.0000000000,0.0000000000,101.7431657397,101.7431657397,22406.6039697548,5.3485771543,244.2450254146
5,0.114503816794,2,HOURLY,12,355,INC,5.5840361861,5.5840361861,1.0000000000,-0.0000000000,101.7431657397,101.7431657397,22559.8988657850,5.3485771543,283.0441634146
5,0.114503816794,2,HOURLY,12,355,DEC,99.3488852394,99.3488852394,1.0000000000,0.0000000000,101.7431657397,101.7431657397,22559.8988657850,5.3485771543,283.0441634146
5,0.114503816794,2,HOURLY,12,505,INC,5.5840361861,5.5840361861,1.0000000000,-0.0000000000,101.7431657397,101.7431657397,26392.2712665407,5.3485771543,58.9623494146
5,0.114503816794,2,HOURLY,12,505,DEC,99.3488852394,99.3488852394,1.0000000000,0.0000000000,101.7431657397,101.7431657397,26392.2712665407,5.3485771543,58.9623494146
5,0.114503816794,2,HOURLY,12,511,INC,5.5840361861,5.5840361861,1.0000000000,-0.0000000000,101.7431657397,101.7431657397,26545.5661625710,5.3485771543,131.3919534146
5,0.114503816794,2,HOURLY,12,511,DEC,99.3488852394,99.3488852394,1.0000000000,-0.0000000000,101.7431657397,101.7431657397,26545.5661625710,5.3485771543,131.3919534146
5,0.114503816794,2,HOURLY,12,517,INC,3.0837277833,3.0837277833,1.0000000000,0.0000000000,101.7431657397,101.7431657397,26698.8610586012,5.3485771543,351.2988394146
5,0.114503816794,2,HOURLY,12,517,DEC,99.3488852394,99.3488852394,1.0000000000,-0.0000000000,101.7431657397,101.7431657397,26698.8610586012,5.3485771543,351.2988394146
5,0.114503816794,2,HOURLY,12,523,INC,0.0000000000,0.0000000000,-1.0000000000,0.0000000000,93.9949385148,101.7431657397,26852.1559546314,5.3485771543,215.2872434146
5,0.114503816794,2,HOURLY,12,523,DEC,75.0421994997,75.0421994997,1.0000000000,0.0000000000,93.9949385148,101.7431657397,26852.1559546314,5.3485771543,215.2872434146
5,0.114503816794,2,HOURLY,12,673,INC,16.6184945587,16.6184945587,1.0000000000,0.0000000000,90.1101372420,90.1101372420,5765.0185840709,4.6807878869,33.1452606449
5,0.114503816794,2,HOURLY,12,673,DEC,30.8059447654,30.8059447654,1.0000000000,-0.0000000000,90.1101372420,90.1101372420,5765.0185840709,4.6807878869,33.1452606449
5,0.114503816794,2,HOURLY,12,679,INC,16.6184945587,16.6184945587,1.0000000000,0.0000000000,90.1101372420,90.1101372420,6410.8920353983,4.6807878869,141.8645596449
5,0.114503816794,2,HOURLY,12,679,DEC,34.1261742731,34.1261742731,1.0000000000,0.0000000000,90.1101372420,90.1101372420,6410.8920353983,4.6807878869,141.8645596449
5,0.114503816794,2,HOURLY,12,685,INC,16.6184945587,16.6184945587,1.0000000000,0.0000000000,90.1101372420,90.1101372420,7056.7654867257,4.6807878869,160.1795946449
5,0.114503816794,2,HOURLY,12,685,DEC,37.3721715792,37.3721715792,1.0000000000,-0.0000000000,90.1101372420,90.1101372420,7056.7654867257,4.6807878869,160.1795946449
5,0.114503816794,2,HOURLY,12,691,INC,16.6184945587,16.6184945587,1.0000000000,0.0000000000,90.1101372420,90.1101372420,7702.6389380532,4.6807878869,188.5021986449
5,0.114503816794,2,HOURLY,12,691,DEC,40.6181688853,40.6181688853,1.0000000000,-0.0000000000,90.1101372420,90.1101372420,7702.6389380532,4.6807878869,188.5021986449
5,0.114503816794,2,HOURLY,24,1,INC,5.5840361861,5.5840361861,1.0000000000,0.0000000000,101.7431657397,101.7431657397,13515.5000000000,5.3485771543,115.1037974146
5,0.114503816794,2,HOURLY,24,1,DEC,50.8986982541,50.8986982541,1.0000000000,0.0000000000,101.7431657397,101.7431657397,13515.5000000000,5.3485771543,115.1037974146
5,0.114503816794,2,HOURLY,24,7,INC,5.5840361861,5.5840361861,1.0000000000,-0.0000000000,101.7431657397,101.7431657397,13668.7948960302,5.3485771543,119.5166524146
5,0.114503816794,2,HOURLY,24,7,DEC,51.2839090246,51.2839090246,1.0000000000,-0.0000000000,101.7431657397,101.7431657397,13668.7948960302,5.3485771543,119.5166524146
5,0.114503816794,2,HOURLY,24,13,INC,5.5840361861,5.5840361861,1.0000000000,0.0000000000,101.7431657397,101.7431657397,13822.0897920605,5.3485771543,169.8689114146
5,0.114503816794,2,HOURLY,24,13,DEC,51.6691197950,51.6691197950,1.0000000000,0.0000000000,101.7431657397,101.7431657397,13822.0897920605,5.3485771543,169.8689114146
5,0.114503816794,2,HOURLY,24,19,INC,5.5840361861,5.5840361861,1.0000000000,0.0000000000,101.7431657397,101.7431657397,13975.3846880907,5.3485771543,264.6529994146
5,0.114503816794,2,HOURLY,24,19,DEC,52.0543305654,52.0543305654,1.0000000000,0.0000000000,101.7431657397,101.7431657397,13975.3846880907,5.3485771543,264.6529994146
5,0.114503816794,2,HOURLY,24,169,INC,5.5840361861,5.5840361861,1.0000000000,-0.0000000000,101.7431657397,101.7431657397,17807.7570888461,5.3485771543,120.9115334146
5,0.114503816794,2,HOURLY,24,169,DEC,61.5203668198,61.5203668198,1.0000000000,0.0000000000,101.7431657397,101.7431657397,17807.7570888461,5.3485771543,120.9115334146
5,0.114503816794,2,HOURLY,24,175,INC,5.5840361861,5.5840361861,1.0000000000,0.0000000000,101.7431657397,101.7431657397,17961.0519848763,5.3485771543,270.3323224146
5,0.114503816794,2,HOURLY,24,175,DEC,61.8870791338,61.8870791338,1.0000000000,-0.0000000000,101.7431657397,101.7431657397,17961.0519848763,5.3485771543,270.3323224146
5,0.114503816794,2,HOURLY,24,181,INC,5.5840361861,5.5840361861,1.0000000000,-0.0000000000,101.7431657397,101.7431657397,18114.3468809054,5.3485771543,373.2652584146
5,0.114503816794,2,HOURLY,24,181,DEC,62.2537914478,62.2537914478,1.0000000000,0.0000000000,101.7431657397,101.7431657397,18114.3468809054,5.3485771543,373.2652584146
5,0.114503816794,2,HOURLY,24,187,INC,5.5840361861,5.5840361861,1.0000000000,-0.0000000000,101.7431657397,101.7431657397,18267.6417769356,5.3485771543,280.6242734146
5,0.114503816794,2,HOURLY,24,187,DEC,62.6205037617,62.6205037617,1.0000000000,0.0000000000,101.7431657397,101.7431657397,18267.6417769356,5.3485771543,280.6242734146
5,0.114503816794,2,HOURLY,24,337,INC,5.5840361861,5.5840361861,1.0000000000,-0.0000000000,101.7431657397,101.7431657397,22100.0141776943,5.3485771543,163.0176194146
5,0.114503816794,2,HOURLY,24,337,DEC,71.7667995181,71.7667995181,1.0000000000,-0.0000000000,101.7431657397,101.7431657397,22100.0141776943,5.3485771543,163.0176194146
5,0.114503816794,2,HOURLY,24,343,INC,5.5840361861,5.5840361861,1.0000000000,-0.0000000000,101.7431657397,101.7431657397,22253.3090737245,5.3485771543,203.3829744146
5,0.114503816794,2,HOURLY,24,343,DEC,72.1146902064,72.1146902064,1.0000000000,-0.0000000000,101.7431657397,101.7431657397,22253.3090737245,5.3485771543,203.3829744146
5,0.114503816794,2,HOURLY,24,349,INC,5.5840361861,5.5840361861,1.0000000000,-0.0000000000,101.7431657397,101.7431657397,22406.6039697548,5.3485771543,244.2450254146
5,0.114503816794,2,HOURLY,24,349,DEC,72.4625808948,72.4625808948,1.0000000000,0.0000000000,101.7431657397,101.7431657397,22406.6039697548,5.3485771543,244.2450254146
5,0.114503816794,2,HOURLY,24,355,INC,5.5840361861,5.5840361861,1.0000000000,0.0000000000,101.7431657397,101.7431657397,22559.8988657850,5.3485771543,283.0441634146
5,0.114503816794,2,HOURLY,24,355,DEC,72.8104715831,72.8104715831,1.0000000000,-0.0000000000,101.7431657397,101.7431657397,22559.8988657850,5.3485771543,283.0441634146
5,0.114503816794,2,HOURLY,24,505,INC,1.5418638916,1.5418638916,1.0000000000,0.0000000000,101.7431657397,101.7431657397,26392.2712665407,5.3485771543,58.9623494146
5,0.114503816794,2,HOURLY,24,505,DEC,81.5077387911,81.5077387911,1.0000000000,-0.0000000000,101.7431657397,101.7431657397,26392.2712665407,5.3485771543,58.9623494146
5,0.114503816794,2,HOURLY,24,511,INC,0.0000000000,0.0000000000,-1.0000000000,0.0000000000,97.8690521273,101.7431657397,26545.5661625710,5.3485771543,131.3919534146
5,0.114503816794,2,HOURLY,24,511,DEC,75.0421994997,75.0421994997,1.0000000000,0.0000000000,97.8690521273,101.7431657397,26545.5661625710,5.3485771543,131.3919534146
5,0.114503816794,2,HOURLY,24,517,INC,0.0000000000,0.0000000000,-1.0000000000,0.0000000000,91.7923806923,101.7431657397,26698.8610586012,5.3485771543,351.2988394146
5,0.114503816794,2,HOURLY,24,517,DEC,69.6630340866,69.6630340866,1.0000000000,0.0000000000,91.7923806923,101.7431657397,26698.8610586012,5.3485771543,351.2988394146
5,0.114503816794,2,HOURLY,24,523,INC,0.0000000000,0.0000000000,-1.0000000000,0.0000000000,85.7157092574,101.7431657397,26852.1559546314,5.3485771543,215.2872434146
5,0.114503816794,2,HOURLY,24,523,DEC,59.0772885400,59.0772885400,1.0000000000,0.0000000000,85.7157092574,101.7431657397,26852.1559546314,5.3485771543,215.2872434146
5,0.114503816794,2,HOURLY,24,673,INC,16.6184945587,16.6184945587,1.0000000000,0.0000000000,90.1101372420,90.1101372420,5765.0185840709,4.6807878869,33.1452606449
5,0.114503816794,2,HOURLY,24,673,DEC,19.1878653087,19.1878653087,1.0000000000,0.0000000000,90.1101372420,90.1101372420,5765.0185840709,4.6807878869,33.1452606449
5,0.114503816794,2,HOURLY,24,679,INC,16.6184945587,16.6184945587,1.0000000000,0.0000000000,90.1101372420,90.1101372420,6410.8920353983,4.6807878869,141.8645596449
5,0.114503816794,2,HOURLY,24,679,DEC,20.8880720199,20.8880720199,1.0000000000,0.0000000000,90.1101372420,90.1101372420,6410.8920353983,4.6807878869,141.8645596449
5,0.114503816794,2,HOURLY,24,685,INC,16.6184945587,16.6184945587,1.0000000000,0.0000000000,90.1101372420,90.1101372420,7056.7654867257,4.6807878869,160.1795946449
5,0.114503816794,2,HOURLY,24,685,DEC,22.5882787311,22.5882787311,1.0000000000,0.0000000000,90.1101372420,90.1101372420,7056.7654867257,4.6807878869,160.1795946449
5,0.114503816794,2,HOURLY,24,691,INC,16.6184945587,16.6184945587,1.0000000000,-0.0000000000,90.1101372420,90.1101372420,7702.6389380532,4.6807878869,188.5021986449
5,0.114503816794,2,HOURLY,24,691,DEC,19.8418556799,19.8418556799,1.0000000000,-0.0000000000,90.1101372420,90.1101372420,7702.6389380532,4.6807878869,188.5021986449
6,0.076335877863,1,MONTHLY,1,1,INC,17.6961094798,17.6961094798,1.0000000000,-0.0000000000,89.6310924460,89.6310924460,13515.5000000000,4.9957722802,56.6862558342
6,0.076335877863,1,MONTHLY,1,1,DEC,87.2368119457,87.2368119457,1.0000000000,0.0000000000,89.6310924460,89.6310924460,13515.5000000000,4.9957722802,56.6862558342
6,0.076335877863,1,MONTHLY,1,7,INC,17.6961094798,17.6961094798,1.0000000000,-0.0000000000,89.6310924460,89.6310924460,12925.3739398507,4.9957722802,79.8612068342
6,0.076335877863,1,MONTHLY,1,7,DEC,87.2368119457,87.2368119457,1.0000000000,0.0000000000,89.6310924460,89.6310924460,12925.3739398507,4.9957722802,79.8612068342
6,0.076335877863,1,MONTHLY,1,13,INC,17.6961094798,17.6961094798,1.0000000000,-0.0000000000,89.6310924460,89.6310924460,12335.2478797013,4.9957722802,93.2108748342
6,0.076335877863,1,MONTHLY,1,13,DEC,87.2368119457,87.2368119457,1.0000000000,0.0000000000,89.6310924460,89.6310924460,12335.2478797013,4.9957722802,93.2108748342
6,0.076335877863,1,MONTHLY,1,19,INC,17.6961094798,17.6961094798,1.0000000000,-0.0000000000,89.6310924460,89.6310924460,11745.1218195519,4.9957722802,64.4299038342
6,0.076335877863,1,MONTHLY,1,19,DEC,87.2368119457,87.2368119457,1.0000000000,0.0000000000,89.6310924460,89.6310924460,11745.1218195519,4.9957722802,64.4299038342
6,0.076335877863,1,MONTHLY,1,169,INC,0.2656495282,0.2656495282,1.0000000000,-0.0000000000,107.0615523976,107.0615523976,24200.0296974451,5.3808087372,106.4297963396
6,0.076335877863,1,MONTHLY,1,169,DEC,104.6672718973,104.6672718973,1.0000000000,0.0000000000,107.0615523976,107.0615523976,24200.0296974451,5.3808087372,106.4297963396
6,0.076335877863,1,MONTHLY,1,175,INC,0.2656495282,0.2656495282,1.0000000000,-0.0000000000,107.0615523976,107.0615523976,25129.7843885601,5.3808087372,115.1182613396
6,0.076335877863,1,MONTHLY,1,175,DEC,104.6672718973,104.6672718973,1.0000000000,0.0000000000,107.0615523976,107.0615523976,25129.7843885601,5.3808087372,115.1182613396
6,0.076335877863,1,MONTHLY,1,181,INC,0.2656495282,0.2656495282,1.0000000000,0.0000000000,107.0615523976,107.0615523976,26059.5390796751,5.3808087372,50.6855993396
6,0.076335877863,1,MONTHLY,1,181,DEC,104.6672718973,104.6672718973,1.0000000000,0.0000000000,107.0615523976,107.0615523976,26059.5390796751,5.3808087372,50.6855993396
6,0.076335877863,1,MONTHLY,1,187,INC,9.6203233474,9.6203233474,1.0000000000,0.0000000000,97.7068785784,97.7068785784,25966.4694642274,5.1741652823,108.3181567039
6,0.076335877863,1,MONTHLY,1,187,DEC,95.3125980781,95.3125980781,1.0000000000,0.0000000000,97.7068785784,97.7068785784,25966.4694642274,5.1741652823,108.3181567039
6,0.076335877863,1,MONTHLY,1,337,INC,8.5753769258,8.5753769258,1.0000000000,0.0000000000,98.7518250000,98.7518250000,4745.3047408529,4.9266425468,42.1726355468
6,0.076335877863,1,MONTHLY,1,337,DEC,96.3575444997,96.3575444997,1.0000000000,0.0000000000,98.7518250000,98.7518250000,4745.3047408529,4.9266425468,42.1726355468
6,0.076335877863,1,MONTHLY,1,343,INC,8.5753769258,8.5753769258,1.0000000000,0.0000000000,98.7518250000,98.7518250000,5943.1005317421,4.9266425468,4.9266425468
6,0.076335877863,1,MONTHLY,1,343,DEC,96.3575444997,96.3575444997,1.0000000000,0.0000000000,98.7518250000,98.7518250000,5943.1005317421,4.9266425468,4.9266425468
6,0.076335877863,1,MONTHLY,1,349,INC,8.5753769258,8.5753769258,1.0000000000,-0.0000000000,98.7518250000,98.7518250000,7140.8963226313,4.9266425468,103.3327945468
6,0.076335877863,1,MONTHLY,1,349,DEC,96.3575444997,96.3575444997,1.0000000000,0.0000000000,98.7518250000,98.7518250000,7140.8963226313,4.9266425468,103.3327945468
6,0.076335877863,1,MONTHLY,1,355,INC,8.5753769258,8.5753769258,1.0000000000,-0.0000000000,98.7518250000,98.7518250000,8338.6921135205,4.9266425468,107.5096655468
6,0.076335877863,1,MONTHLY,1,355,DEC,96.3575444997,96.3575444997,1.0000000000,0.0000000000,98.7518250000,98.7518250000,8338.6921135205,4.9266425468,107.5096655468
6,0.076335877863,1,MONTHLY,1,505,INC,0.0888255836,0.0888255836,1.0000000000,-0.0000000000,107.2383763422,107.2383763422,1714.2471872257,5.5576326818,58.5159743396
6,0.076335877863,1,MONTHLY,1,505,DEC,42.6987270055,42.6987270055,1.0000000000,0.0000000000,107.2383763422,107.2383763422,1714.2471872257,5.5576326818,58.5159743396
6,0.076335877863,1,MONTHLY,1,511,INC,0.0888255836,0.0888255836,1.0000000000,0.0000000000,107.2383763422,107.2383763422,2025.1304905620,5.5576326818,62.9413703396
6,0.076335877863,1,MONTHLY,1,511,DEC,42.6987270055,42.6987270055,1.0000000000,0.0000000000,107.2383763422,107.2383763422,2025.1304905620,5.5576326818,62.9413703396
6,0.076335877863,1,MONTHLY,1,517,INC,0.0888255836,0.0888255836,1.0000000000,-0.0000000000,107.2383763422,107.2383763422,2336.0137938983,5.5576326818,242.3408873396
6,0.076335877863,1,MONTHLY,1,517,DEC,42.6987270055,42.6987270055,1.0000000000,0.0000000000,107.2383763422,107.2383763422,2336.0137938983,5.5576326818,242.3408873396
6,0.076335877863,1,MONTHLY,1,523,INC,0.0888255836,0.0888255836,1.0000000000,-0.0000000000,107.2383763422,107.2383763422,2646.8970972347,5.5576326818,148.0519043396
6,0.076335877863,1,MONTHLY,1,523,DEC,42.6987270055,42.6987270055,1.0000000000,0.0000000000,107.2383763422,107.2383763422,2646.8970972347,5.5576326818,148.0519043396
6,0.076335877863,1,MONTHLY,1,673,INC,1.4557779258,1.4557779258,1.0000000000,-0.0000000000,105.8714240000,105.8714240000,10260.0544766410,5.5274368930,9.5190188930
6,0.076335877863,1,MONTHLY,1,673,DEC,31.2177513884,31.2177513884,1.0000000000,0.0000000000,105.8714240000,105.8714240000,10260.0544766410,5.5274368930,9.5190188930
6,0.076335877863,1,MONTHLY,1,679,INC,0.0888255836,0.0888255836,1.0000000000,-0.0000000000,107.2383763422,107.2383763422,10095.7836633002,5.5576326818,11.8889333396
6,0.076335877863,1,MONTHLY,1,679,DEC,0.5097595184,0.5097595184,1.0000000000,0.0000000000,107.2383763422,107.2383763422,10095.7836633002,5.5576326818,11.8889333396
6,0.076335877863,1,MONTHLY,1,685,INC,0.0888255836,0.0888255836,1.0000000000,-0.0000000000,107.2383763422,107.2383763422,10406.6669666366,5.5576326818,254.5108143396
6,0.076335877863,1,MONTHLY,1,685,DEC,0.5097595184,0.5097595184,1.0000000000,-0.0000000000,107.2383763422,107.2383763422,10406.6669666366,5.5576326818,254.5108143396
6,0.076335877863,1,MONTHLY,1,691,INC,0.0888255836,0.0888255836,1.0000000000,0.0000000000,107.2383763422,107.2383763422,10717.5502699730,5.5576326818,114.1734443396
6,0.076335877863,1,MONTHLY,1,691,DEC,0.5097595184,0.5097595184,1.0000000000,0.0000000000,107.2383763422,107.2383763422,10717.5502699730,5.5576326818,114.1734443396
6,0.076335877863,1,MONTHLY,4,1,INC,17.6961094798,17.6961094798,1.0000000000,-0.0000000000,89.6310924460,89.6310924460,13515.5000000000,4.9957722802,56.6862558342
6,0.076335877863,1,MONTHLY,4,1,DEC,87.2368119457,87.2368119457,1.0000000000,0.0000000000,89.6310924460,89.6310924460,13515.5000000000,4.9957722802,56.6862558342
6,0.076335877863,1,MONTHLY,4,7,INC,17.6961094798,17.6961094798,1.0000000000,-0.0000000000,89.6310924460,89.6310924460,12925.3739398507,4.9957722802,79.8612068342
6,0.076335877863,1,MONTHLY,4,7,DEC,87.2368119457,87.2368119457,1.0000000000,0.0000000000,89.6310924460,89.6310924460,12925.3739398507,4.9957722802,79.8612068342
6,0.076335877863,1,MONTHLY,4,13,INC,17.6961094798,17.6961094798,1.0000000000,0.0000000000,89.6310924460,89.6310924460,12335.2478797013,4.9957722802,93.2108748342
6,0.076335877863,1,MONTHLY,4,13,DEC,87.2368119457,87.2368119457,1.0000000000,0.0000000000,89.6310924460,89.6310924460,12335.2478797013,4.9957722802,93.2108748342
6,0.076335877863,1,MONTHLY,4,19,INC,17.6961094798,17.6961094798,1.0000000000,-0.0000000000,89.6310924460,89.6310924460,11745.1218195519,4.9957722802,64.4299038342
6,0.076335877863,1,MONTHLY,4,19,DEC,87.2368119457,87.2368119457,1.0000000000,0.0000000000,89.6310924460,89.6310924460,11745.1218195519,4.9957722802,64.4299038342
6,0.076335877863,1,MONTHLY,4,169,INC,0.2656495282,0.2656495282,1.0000000000,0.0000000000,107.0615523976,107.0615523976,24200.0296974451,5.3808087372,106.4297963396
6,0.076335877863,1,MONTHLY,4,169,DEC,104.6672718973,104.6672718973,1.0000000000,0.0000000000,107.0615523976,107.0615523976,24200.0296974451,5.3808087372,106.4297963396
6,0.076335877863,1,MONTHLY,4,175,INC,0.2656495282,0.2656495282,1.0000000000,-0.0000000000,107.0615523976,107.0615523976,25129.7843885601,5.3808087372,115.1182613396
6,0.076335877863,1,MONTHLY,4,175,DEC,104.6672718973,104.6672718973,1.0000000000,0.0000000000,107.0615523976,107.0615523976,25129.7843885601,5.3808087372,115.1182613396
6,0.076335877863,1,MONTHLY,4,181,INC,0.2656495282,0.2656495282,1.0000000000,0.0000000000,98.3594151988,107.0615523976,26059.5390796751,5.3808087372,50.6855993396
6,0.076335877863,1,MONTHLY,4,181,DEC,74.8848184997,74.8848184997,1.0000000000,0.0000000000,98.3594151988,107.0615523976,26059.5390796751,5.3808087372,50.6855993396
6,0.076335877863,1,MONTHLY,4,187,INC,9.6203233474,9.6203233474,1.0000000000,-0.0000000000,97.7068785784,97.7068785784,25966.4694642274,5.1741652823,108.3181567039
6,0.076335877863,1,MONTHLY,4,187,DEC,95.3125980781,95.3125980781,1.0000000000,0.0000000000,97.7068785784,97.7068785784,25966.4694642274,5.1741652823,108.3181567039
6,0.076335877863,1,MONTHLY,4,337,INC,8.5753769258,8.5753769258,1.0000000000,-0.0000000000,98.7518250000,98.7518250000,4745.3047408529,4.9266425468,42.1726355468
6,0.076335877863,1,MONTHLY,4,337,DEC,67.8737359437,67.8737359437,1.0000000000,0.0000000000,98.7518250000,98.7518250000,4745.3047408529,4.9266425468,42.1726355468
6,0.076335877863,1,MONTHLY,4,343,INC,8.5753769258,8.5753769258,1.0000000000,-0.0000000000,98.7518250000,98.7518250000,5943.1005317421,4.9266425468,4.9266425468
6,0.076335877863,1,MONTHLY,4,343,DEC,80.3926335400,80.3926335400,1.0000000000,0.0000000000,98.7518250000,98.7518250000,5943.1005317421,4.9266425468,4.9266425468
6,0.076335877863,1,MONTHLY,4,349,INC,8.5753769258,8.5753769258,1.0000000000,0.0000000000,98.7518250000,98.7518250000,7140.8963226313,4.9266425468,103.3327945468
6,0.076335877863,1,MONTHLY,4,349,DEC,96.3575444997,96.3575444997,1.0000000000,0.0000000000,98.7518250000,98.7518250000,7140.8963226313,4.9266425468,103.3327945468
6,0.076335877863,1,MONTHLY,4,355,INC,8.5753769258,8.5753769258,1.0000000000,-0.0000000000,98.7518250000,98.7518250000,8338.6921135205,4.9266425468,107.5096655468
6,0.076335877863,1,MONTHLY,4,355,DEC,96.3575444997,96.3575444997,1.0000000000,0.0000000000,98.7518250000,98.7518250000,8338.6921135205,4.9266425468,107.5096655468
6,0.076335877863,1,MONTHLY,4,505,INC,0.0888255836,0.0888255836,1.0000000000,0.0000000000,107.2383763422,107.2383763422,1714.2471872257,5.5576326818,58.5159743396
6,0.076335877863,1,MONTHLY,4,505,DEC,11.4174733120,11.4174733120,1.0000000000,0.0000000000,107.2383763422,107.2383763422,1714.2471872257,5.5576326818,58.5159743396
6,0.076335877863,1,MONTHLY,4,511,INC,0.0888255836,0.0888255836,1.0000000000,0.0000000000,107.2383763422,107.2383763422,2025.1304905620,5.5576326818,62.9413703396
6,0.076335877863,1,MONTHLY,4,511,DEC,11.4174733120,11.4174733120,1.0000000000,0.0000000000,107.2383763422,107.2383763422,2025.1304905620,5.5576326818,62.9413703396
6,0.076335877863,1,MONTHLY,4,517,INC,0.0888255836,0.0888255836,1.0000000000,0.0000000000,107.2383763422,107.2383763422,2336.0137938983,5.5576326818,242.3408873396
6,0.076335877863,1,MONTHLY,4,517,DEC,11.4174733120,11.4174733120,1.0000000000,0.0000000000,107.2383763422,107.2383763422,2336.0137938983,5.5576326818,242.3408873396
6,0.076335877863,1,MONTHLY,4,523,INC,0.0888255836,0.0888255836,1.0000000000,-0.0000000000,107.2383763422,107.2383763422,2646.8970972347,5.5576326818,148.0519043396
6,0.076335877863,1,MONTHLY,4,523,DEC,11.4174733120,11.4174733120,1.0000000000,0.0000000000,107.2383763422,107.2383763422,2646.8970972347,5.5576326818,148.0519043396
6,0.076335877863,1,MONTHLY,4,673,INC,1.4557779258,1.4557779258,1.0000000000,-0.0000000000,99.0645560000,105.8714240000,10260.0544766410,5.5274368930,9.5190188930
6,0.076335877863,1,MONTHLY,4,673,DEC,0.5097482857,0.5097482857,1.0000000000,0.0000000000,99.0645560000,105.8714240000,10260.0544766410,5.5274368930,9.5190188930
6,0.076335877863,1,MONTHLY,4,679,INC,0.0888255836,0.0888255836,1.0000000000,-0.0000000000,107.2383763422,107.2383763422,10095.7836633002,5.5576326818,11.8889333396
6,0.076335877863,1,MONTHLY,4,679,DEC,0.5097482857,0.5097482857,1.0000000000,0.0000000000,107.2383763422,107.2383763422,10095.7836633002,5.5576326818,11.8889333396
6,0.076335877863,1,MONTHLY,4,685,INC,0.0888255836,0.0888255836,1.0000000000,-0.0000000000,107.2383763422,107.2383763422,10406.6669666366,5.5576326818,254.5108143396
6,0.076335877863,1,MONTHLY,4,685,DEC,0.5097482857,0.5097482857,1.0000000000,-0.0000000000,107.2383763422,107.2383763422,10406.6669666366,5.5576326818,254.5108143396
6,0.076335877863,1,MONTHLY,4,691,INC,0.0888255836,0.0888255836,1.0000000000,-0.0000000000,107.2383763422,107.2383763422,10717.5502699730,5.5576326818,114.1734443396
6,0.076335877863,1,MONTHLY,4,691,DEC,0.5097482857,0.5097482857,1.0000000000,0.0000000000,107.2383763422,107.2383763422,10717.5502699730,5.5576326818,114.1734443396
6,0.076335877863,1,MONTHLY,12,1,INC,17.6961094798,17.6961094798,1.0000000000,-0.0000000000,89.6310924460,89.6310924460,13515.5000000000,4.9957722802,56.6862558342
6,0.076335877863,1,MONTHLY,12,1,DEC,67.7779740237,67.7779740237,1.0000000000,0.0000000000,89.6310924460,89.6310924460,13515.5000000000,4.9957722802,56.6862558342
6,0.076335877863,1,MONTHLY,12,7,INC,17.6961094798,17.6961094798,1.0000000000,0.0000000000,89.6310924460,89.6310924460,12925.3739398507,4.9957722802,79.8612068342
6,0.076335877863,1,MONTHLY,12,7,DEC,65.0994848296,65.0994848296,1.0000000000,0.0000000000,89.6310924460,89.6310924460,12925.3739398507,4.9957722802,79.8612068342
6,0.076335877863,1,MONTHLY,12,13,INC,17.6961094798,17.6961094798,1.0000000000,0.0000000000,89.6310924460,89.6310924460,12335.2478797013,4.9957722802,93.2108748342
6,0.076335877863,1,MONTHLY,12,13,DEC,62.4209956355,62.4209956355,1.0000000000,0.0000000000,89.6310924460,89.6310924460,12335.2478797013,4.9957722802,93.2108748342
6,0.076335877863,1,MONTHLY,12,19,INC,17.6961094798,17.6961094798,1.0000000000,-0.0000000000,88.5666130383,89.6310924460,11745.1218195519,4.9957722802,64.4299038342
6,0.076335877863,1,MONTHLY,12,19,DEC,58.6521525036,58.6521525036,1.0000000000,0.0000000000,88.5666130383,89.6310924460,11745.1218195519,4.9957722802,64.4299038342
6,0.076335877863,1,MONTHLY,12,169,INC,0.2656495282,0.2656495282,1.0000000000,-0.0000000000,107.0615523976,107.0615523976,24200.0296974451,5.3808087372,106.4297963396
6,0.076335877863,1,MONTHLY,12,169,DEC,104.6672718973,104.6672718973,1.0000000000,0.0000000000,107.0615523976,107.0615523976,24200.0296974451,5.3808087372,106.4297963396
6,0.076335877863,1,MONTHLY,12,175,INC,0.2656495282,0.2656495282,1.0000000000,0.0000000000,101.2681073966,107.0615523976,25129.7843885601,5.3808087372,115.1182613396
6,0.076335877863,1,MONTHLY,12,175,DEC,74.8848184997,74.8848184997,1.0000000000,0.0000000000,101.2681073966,107.0615523976,25129.7843885601,5.3808087372,115.1182613396
6,0.076335877863,1,MONTHLY,12,181,INC,0.2656495282,0.2656495282,1.0000000000,0.0000000000,96.5907704870,107.0615523976,26059.5390796751,5.3808087372,50.6855993396
6,0.076335877863,1,MONTHLY,12,181,DEC,74.8848184997,74.8848184997,1.0000000000,0.0000000000,96.5907704870,107.0615523976,26059.5390796751,5.3808087372,50.6855993396
6,0.076335877863,1,MONTHLY,12,187,INC,9.6203233474,9.6203233474,1.0000000000,-0.0000000000,97.7068785784,97.7068785784,25966.4694642274,5.1741652823,108.3181567039
6,0.076335877863,1,MONTHLY,12,187,DEC,95.3125980781,95.3125980781,1.0000000000,0.0000000000,97.7068785784,97.7068785784,25966.4694642274,5.1741652823,108.3181567039
6,0.076335877863,1,MONTHLY,12,337,INC,8.5753769258,8.5753769258,1.0000000000,0.0000000000,98.7518250000,98.7518250000,4745.3047408529,4.9266425468,42.1726355468
6,0.076335877863,1,MONTHLY,12,337,DEC,34.0790132800,34.0790132800,1.0000000000,0.0000000000,98.7518250000,98.7518250000,4745.3047408529,4.9266425468,42.1726355468
6,0.076335877863,1,MONTHLY,12,343,INC,8.5753769258,8.5753769258,1.0000000000,-0.0000000000,98.7518250000,98.7518250000,5943.1005317421,4.9266425468,4.9266425468
6,0.076335877863,1,MONTHLY,12,343,DEC,40.3852035660,40.3852035660,1.0000000000,0.0000000000,98.7518250000,98.7518250000,5943.1005317421,4.9266425468,4.9266425468
6,0.076335877863,1,MONTHLY,12,349,INC,8.5753769258,8.5753769258,1.0000000000,0.0000000000,98.7518250000,98.7518250000,7140.8963226313,4.9266425468,103.3327945468
6,0.076335877863,1,MONTHLY,12,349,DEC,46.4366797305,46.4366797305,1.0000000000,0.0000000000,98.7518250000,98.7518250000,7140.8963226313,4.9266425468,103.3327945468
6,0.076335877863,1,MONTHLY,12,355,INC,8.5753769258,8.5753769258,1.0000000000,0.0000000000,98.7518250000,98.7518250000,8338.6921135205,4.9266425468,107.5096655468
6,0.076335877863,1,MONTHLY,12,355,DEC,52.4564997161,52.4564997161,1.0000000000,0.0000000000,98.7518250000,98.7518250000,8338.6921135205,4.9266425468,107.5096655468
6,0.076335877863,1,MONTHLY,12,505,INC,0.0888255836,0.0888255836,1.0000000000,-0.0000000000,107.2383763422,107.2383763422,1714.2471872257,5.5576326818,58.5159743396
6,0.076335877863,1,MONTHLY,12,505,DEC,4.1456541316,4.1456541316,1.0000000000,0.0000000000,107.2383763422,107.2383763422,1714.2471872257,5.5576326818,58.5159743396
6,0.076335877863,1,MONTHLY,12,511,INC,0.0888255836,0.0888255836,1.0000000000,-0.0000000000,107.2383763422,107.2383763422,2025.1304905620,5.5576326818,62.9413703396
6,0.076335877863,1,MONTHLY,12,511,DEC,4.1456541316,4.1456541316,1.0000000000,0.0000000000,107.2383763422,107.2383763422,2025.1304905620,5.5576326818,62.9413703396
6,0.076335877863,1,MONTHLY,12,517,INC,0.0888255836,0.0888255836,1.0000000000,-0.0000000000,107.2383763422,107.2383763422,2336.0137938983,5.5576326818,242.3408873396
6,0.076335877863,1,MONTHLY,12,517,DEC,4.1456541316,4.1456541316,1.0000000000,-0.0000000000,107.2383763422,107.2383763422,2336.0137938983,5.5576326818,242.3408873396
6,0.076335877863,1,MONTHLY,12,523,INC,0.0888255836,0.0888255836,1.0000000000,-0.0000000000,107.2383763422,107.2383763422,2646.8970972347,5.5576326818,148.0519043396
6,0.076335877863,1,MONTHLY,12,523,DEC,4.1456541316,4.1456541316,1.0000000000,-0.0000000000,107.2383763422,107.2383763422,2646.8970972347,5.5576326818,148.0519043396
6,0.076335877863,1,MONTHLY,12,673,INC,0.0888255836,0.0888255836,1.0000000000,-0.0000000000,104.5137695615,105.8714240000,10260.0544766410,5.5274368930,9.5190188930
6,0.076335877863,1,MONTHLY,12,673,DEC,0.4441291689,0.4441291689,1.0000000000,0.0000000000,104.5137695615,105.8714240000,10260.0544766410,5.5274368930,9.5190188930
6,0.076335877863,1,MONTHLY,12,679,INC,0.0888255836,0.0888255836,1.0000000000,-0.0000000000,107.2383763422,107.2383763422,10095.7836633002,5.5576326818,11.8889333396
6,0.076335877863,1,MONTHLY,12,679,DEC,0.3997163771,0.3997163771,1.0000000000,0.0000000000,107.2383763422,107.2383763422,10095.7836633002,5.5576326818,11.8889333396
6,0.076335877863,1,MONTHLY,12,685,INC,0.0888255836,0.0888255836,1.0000000000,-0.0000000000,107.2383763422,107.2383763422,10406.6669666366,5.5576326818,254.5108143396
6,0.076335877863,1,MONTHLY,12,685,DEC,0.3553035853,0.3553035853,1.0000000000,0.0000000000,107.2383763422,107.2383763422,10406.6669666366,5.5576326818,254.5108143396
6,0.076335877863,1,MONTHLY,12,691,INC,0.0888255836,0.0888255836,1.0000000000,-0.0000000000,107.2383763422,107.2383763422,10717.5502699730,5.5576326818,114.1734443396
6,0.076335877863,1,MONTHLY,12,691,DEC,0.3108907934,0.3108907934,1.0000000000,0.0000000000,107.2383763422,107.2383763422,10717.5502699730,5.5576326818,114.1734443396
6,0.076335877863,1,MONTHLY,24,1,INC,17.6961094798,17.6961094798,1.0000000000,0.0000000000,89.6310924460,89.6310924460,13515.5000000000,4.9957722802,56.6862558342
6,0.076335877863,1,MONTHLY,24,1,DEC,38.7866249604,38.7866249604,1.0000000000,0.0000000000,89.6310924460,89.6310924460,13515.5000000000,4.9957722802,56.6862558342
6,0.076335877863,1,MONTHLY,24,7,INC,17.6961094798,17.6961094798,1.0000000000,0.0000000000,89.0988527422,89.6310924460,12925.3739398507,4.9957722802,79.8612068342
6,0.076335877863,1,MONTHLY,24,7,DEC,36.7686169142,36.7686169142,1.0000000000,0.0000000000,89.0988527422,89.6310924460,12925.3739398507,4.9957722802,79.8612068342
6,0.076335877863,1,MONTHLY,24,13,INC,17.6961094798,17.6961094798,1.0000000000,0.0000000000,87.7385292140,89.6310924460,12335.2478797013,4.9957722802,93.2108748342
6,0.076335877863,1,MONTHLY,24,13,DEC,33.9270023904,33.9270023904,1.0000000000,0.0000000000,87.7385292140,89.6310924460,12335.2478797013,4.9957722802,93.2108748342
6,0.076335877863,1,MONTHLY,24,19,INC,17.6961094798,17.6961094798,1.0000000000,-0.0000000000,86.7467826025,89.6310924460,11745.1218195519,4.9957722802,64.4299038342
6,0.076335877863,1,MONTHLY,24,19,DEC,31.4437803616,31.4437803616,1.0000000000,0.0000000000,86.7467826025,89.6310924460,11745.1218195519,4.9957722802,64.4299038342
6,0.076335877863,1,MONTHLY,24,169,INC,0.2656495282,0.2656495282,1.0000000000,0.0000000000,101.8261614423,107.0615523976,24200.0296974451,5.3808087372,106.4297963396
6,0.076335877863,1,MONTHLY,24,169,DEC,74.8848184997,74.8848184997,1.0000000000,0.0000000000,101.8261614423,107.0615523976,24200.0296974451,5.3808087372,106.4297963396
6,0.076335877863,1,MONTHLY,24,175,INC,0.2656495282,0.2656495282,1.0000000000,0.0000000000,99.4874929875,107.0615523976,25129.7843885601,5.3808087372,115.1182613396
6,0.076335877863,1,MONTHLY,24,175,DEC,74.8848184997,74.8848184997,1.0000000000,0.0000000000,99.4874929875,107.0615523976,25129.7843885601,5.3808087372,115.1182613396
6,0.076335877863,1,MONTHLY,24,181,INC,0.2656495282,0.2656495282,1.0000000000,0.0000000000,97.1488245327,107.0615523976,26059.5390796751,5.3808087372,50.6855993396
6,0.076335877863,1,MONTHLY,24,181,DEC,74.8848184997,74.8848184997,1.0000000000,0.0000000000,97.1488245327,107.0615523976,26059.5390796751,5.3808087372,50.6855993396
6,0.076335877863,1,MONTHLY,24,187,INC,9.6203233474,9.6203233474,1.0000000000,0.0000000000,97.7068785784,97.7068785784,25966.4694642274,5.1741652823,108.3181567039
6,0.076335877863,1,MONTHLY,24,187,DEC,76.5051279887,76.5051279887,1.0000000000,0.0000000000,97.7068785784,97.7068785784,25966.4694642274,5.1741652823,108.3181567039
6,0.076335877863,1,MONTHLY,24,337,INC,8.5753769258,8.5753769258,1.0000000000,0.0000000000,98.7518250000,98.7518250000,4745.3047408529,4.9266425468,42.1726355468
6,0.076335877863,1,MONTHLY,24,337,DEC,25.1154882266,25.1154882266,1.0000000000,0.0000000000,98.7518250000,98.7518250000,4745.3047408529,4.9266425468,42.1726355468
6,0.076335877863,1,MONTHLY,24,343,INC,8.5753769258,8.5753769258,1.0000000000,0.0000000000,98.7518250000,98.7518250000,5943.1005317421,4.9266425468,4.9266425468
6,0.076335877863,1,MONTHLY,24,343,DEC,28.2983385880,28.2983385880,1.0000000000,0.0000000000,98.7518250000,98.7518250000,5943.1005317421,4.9266425468,4.9266425468
6,0.076335877863,1,MONTHLY,24,349,INC,8.5753769258,8.5753769258,1.0000000000,0.0000000000,98.7518250000,98.7518250000,7140.8963226313,4.9266425468,103.3327945468
6,0.076335877863,1,MONTHLY,24,349,DEC,31.4514337310,31.4514337342,1.0000000001,-0.0000000032,98.7518250000,98.7518250000,7140.8963226313,4.9266425468,103.3327945468
6,0.076335877863,1,MONTHLY,24,355,INC,8.5753769258,8.5753769258,1.0000000000,0.0000000000,98.7518250000,98.7518250000,8338.6921135205,4.9266425468,107.5096655468
6,0.076335877863,1,MONTHLY,24,355,DEC,34.6045288740,34.6045288740,1.0000000000,0.0000000000,98.7518250000,98.7518250000,8338.6921135205,4.9266425468,107.5096655468
6,0.076335877863,1,MONTHLY,24,505,INC,0.0888255836,0.0888255836,1.0000000000,-0.0000000000,107.2383763422,107.2383763422,1714.2471872257,5.5576326818,58.5159743396
6,0.076335877863,1,MONTHLY,24,505,DEC,2.3276993366,2.3276993366,1.0000000000,-0.0000000000,107.2383763422,107.2383763422,1714.2471872257,5.5576326818,58.5159743396
6,0.076335877863,1,MONTHLY,24,511,INC,0.0888255836,0.0888255836,1.0000000000,-0.0000000000,107.2383763422,107.2383763422,2025.1304905620,5.5576326818,62.9413703396
6,0.076335877863,1,MONTHLY,24,511,DEC,2.3276993366,2.3276993366,1.0000000000,-0.0000000000,107.2383763422,107.2383763422,2025.1304905620,5.5576326818,62.9413703396
6,0.076335877863,1,MONTHLY,24,517,INC,0.0888255836,0.0888255836,1.0000000000,0.0000000000,107.2383763422,107.2383763422,2336.0137938983,5.5576326818,242.3408873396
6,0.076335877863,1,MONTHLY,24,517,DEC,2.3276993366,2.3276993366,1.0000000000,0.0000000000,107.2383763422,107.2383763422,2336.0137938983,5.5576326818,242.3408873396
6,0.076335877863,1,MONTHLY,24,523,INC,0.0888255836,0.0888255836,1.0000000000,-0.0000000000,107.2383763422,107.2383763422,2646.8970972347,5.5576326818,148.0519043396
6,0.076335877863,1,MONTHLY,24,523,DEC,2.3276993366,2.3276993366,1.0000000000,0.0000000000,107.2383763422,107.2383763422,2646.8970972347,5.5576326818,148.0519043396
6,0.076335877863,1,MONTHLY,24,673,INC,0.0888255836,0.0888255836,1.0000000000,-0.0000000000,105.8760729518,105.8714240000,10260.0544766410,5.5274368930,9.5190188930
6,0.076335877863,1,MONTHLY,24,673,DEC,0.1776517926,0.1776517926,1.0000000000,0.0000000000,105.8760729518,105.8714240000,10260.0544766410,5.5274368930,9.5190188930
6,0.076335877863,1,MONTHLY,24,679,INC,0.0888255836,0.0888255836,1.0000000000,-0.0000000000,107.2383763422,107.2383763422,10095.7836633002,5.5576326818,11.8889333396
6,0.076335877863,1,MONTHLY,24,679,DEC,0.1554453967,0.1554453967,1.0000000000,0.0000000000,107.2383763422,107.2383763422,10095.7836633002,5.5576326818,11.8889333396
6,0.076335877863,1,MONTHLY,24,685,INC,0.0888255836,0.0888255836,1.0000000000,0.0000000000,107.2383763422,107.2383763422,10406.6669666366,5.5576326818,254.5108143396
6,0.076335877863,1,MONTHLY,24,685,DEC,0.1332390008,0.1332390008,1.0000000000,0.0000000000,107.2383763422,107.2383763422,10406.6669666366,5.5576326818,254.5108143396
6,0.076335877863,1,MONTHLY,24,691,INC,0.0888255836,0.0888255836,1.0000000000,0.0000000000,107.2383763422,107.2383763422,10717.5502699730,5.5576326818,114.1734443396
6,0.076335877863,1,MONTHLY,24,691,DEC,0.1110326049,0.1110326049,1.0000000000,-0.0000000000,107.2383763422,107.2383763422,10717.5502699730,5.5576326818,114.1734443396
6,0.076335877863,2,HOURLY,1,1,INC,17.6961218302,17.6961218302,1.0000000000,0.0000000000,89.6310800956,89.6310800956,13515.5000000000,4.9957599298,56.6862558342
6,0.076335877863,2,HOURLY,1,1,DEC,87.2367995953,87.2367995953,1.0000000000,0.0000000000,89.6310800956,89.6310800956,13515.5000000000,4.9957599298,56.6862558342
6,0.076335877863,2,HOURLY,1,7,INC,17.6961220884,17.6961220884,1.0000000000,0.0000000000,89.6310798374,89.6310798374,12925.4171654067,4.9957598587,79.8612070213
6,0.076335877863,2,HOURLY,1,7,DEC,87.2367993371,87.2367993371,1.0000000000,0.0000000000,89.6310798374,89.6310798374,12925.4171654067,4.9957598587,79.8612070213
6,0.076335877863,2,HOURLY,1,13,INC,17.6961218302,17.6961218302,1.0000000000,0.0000000000,89.6310800956,89.6310800956,12335.3342840329,4.9957599298,93.2108748342
6,0.076335877863,2,HOURLY,1,13,DEC,87.2367995953,87.2367995953,1.0000000000,0.0000000000,89.6310800956,89.6310800956,12335.3342840329,4.9957599298,93.2108748342
6,0.076335877863,2,HOURLY,1,19,INC,17.6961218302,17.6961218302,1.0000000000,0.0000000000,89.6310800956,89.6310800956,11745.2514494395,4.9957599298,64.4299038342
6,0.076335877863,2,HOURLY,1,19,DEC,87.2367995953,87.2367995953,1.0000000000,0.0000000000,89.6310800956,89.6310800956,11745.2514494395,4.9957599298,64.4299038342
6,0.076335877863,2,HOURLY,1,169,INC,0.2656618787,0.2656618787,1.0000000000,0.0000000000,107.0615400471,107.0615400471,24201.2449872248,5.3807963867,106.4297963396
6,0.076335877863,2,HOURLY,1,169,DEC,104.6672595468,104.6672595468,1.0000000000,0.0000000000,107.0615400471,107.0615400471,24201.2449872248,5.3807963867,106.4297963396
6,0.076335877863,2,HOURLY,1,175,INC,0.2656618787,0.2656618787,1.0000000000,0.0000000000,107.0615400471,107.0615400471,25131.0429038958,5.3807963867,115.1182613396
6,0.076335877863,2,HOURLY,1,175,DEC,104.6672595468,104.6672595468,1.0000000000,0.0000000000,107.0615400471,107.0615400471,25131.0429038958,5.3807963867,115.1182613396
6,0.076335877863,2,HOURLY,1,181,INC,0.2656618787,0.2656618787,1.0000000000,-0.0000000000,107.0615400471,107.0615400471,26060.8408205668,5.3807963867,50.6855993396
6,0.076335877863,2,HOURLY,1,181,DEC,104.6672595468,104.6672595468,1.0000000000,0.0000000000,107.0615400471,107.0615400471,26060.8408205668,5.3807963867,50.6855993396
6,0.076335877863,2,HOURLY,1,187,INC,9.6224470236,9.6224470236,1.0000000000,0.0000000000,97.7047549022,97.7047549022,25967.7843008538,5.1741062931,108.3202213909
6,0.076335877863,2,HOURLY,1,187,DEC,95.3104744019,95.3104744019,1.0000000000,0.0000000000,97.7047549022,97.7047549022,25967.7843008538,5.1741062931,108.3202213909
6,0.076335877863,2,HOURLY,1,337,INC,8.5753769258,8.5753769258,1.0000000000,0.0000000000,98.7518250000,98.7518250000,4952.7330965134,4.9066842858,42.1526772858
6,0.076335877863,2,HOURLY,1,337,DEC,96.3575444997,96.3575444997,1.0000000000,0.0000000000,98.7518250000,98.7518250000,4952.7330965134,4.9066842858,42.1526772858
6,0.076335877863,2,HOURLY,1,343,INC,8.5753769258,5.5802973710,0.6507349379,2.9950795548,98.7518250000,98.7518250000,6223.7388952828,4.9066842858,4.9066842858
6,0.076335877863,2,HOURLY,1,343,DEC,96.3575444997,96.3575444997,1.0000000000,-0.0000000000,98.7518250000,98.7518250000,6223.7388952828,4.9066842858,4.9066842858
6,0.076335877863,2,HOURLY,1,349,INC,8.5753769258,8.5753769258,1.0000000000,0.0000000000,98.7518250000,98.7518250000,7494.7446940523,4.9066842858,103.3128362858
6,0.076335877863,2,HOURLY,1,349,DEC,96.3575444997,96.3575444997,1.0000000000,0.0000000000,98.7518250000,98.7518250000,7494.7446940523,4.9066842858,103.3128362858
6,0.076335877863,2,HOURLY,1,355,INC,8.5753769258,8.5753769258,1.0000000000,0.0000000000,98.7518250000,98.7518250000,8765.7504928217,4.9066842858,107.4897072858
6,0.076335877863,2,HOURLY,1,355,DEC,96.3575444997,96.3575444997,1.0000000000,0.0000000000,98.7518250000,98.7518250000,8765.7504928217,4.9066842858,107.4897072858
6,0.076335877863,2,HOURLY,1,505,INC,0.0888255836,0.0888255836,1.0000000000,0.0000000000,107.2383763422,107.2383763422,1714.2471872258,5.5576326818,58.5159743396
6,0.076335877863,2,HOURLY,1,505,DEC,42.6987270055,28.2681665863,0.6620376899,14.4305604192,107.2383763422,107.2383763422,1714.2471872258,5.5576326818,58.5159743396
6,0.076335877863,2,HOURLY,1,511,INC,0.0888255836,0.0888255836,1.0000000000,0.0000000000,107.2383763422,107.2383763422,2025.1304905621,5.5576326818,62.9413703396
6,0.076335877863,2,HOURLY,1,511,DEC,42.6987270055,28.2681665863,0.6620376899,14.4305604192,107.2383763422,107.2383763422,2025.1304905621,5.5576326818,62.9413703396
6,0.076335877863,2,HOURLY,1,517,INC,0.0888255836,0.0888255836,1.0000000000,0.0000000000,107.2383763422,107.2383763422,2336.0137938985,5.5576326818,242.3408873396
6,0.076335877863,2,HOURLY,1,517,DEC,42.6987270055,28.2681665863,0.6620376899,14.4305604192,107.2383763422,107.2383763422,2336.0137938985,5.5576326818,242.3408873396
6,0.076335877863,2,HOURLY,1,523,INC,0.0888255836,0.0888255836,1.0000000000,0.0000000000,107.2383763422,107.2383763422,2646.8970972348,5.5576326818,148.0519043396
6,0.076335877863,2,HOURLY,1,523,DEC,42.6987270055,28.2681665863,0.6620376899,14.4305604192,107.2383763422,107.2383763422,2646.8970972348,5.5576326818,148.0519043396
6,0.076335877863,2,HOURLY,1,673,INC,1.4557779258,1.4557779258,1.0000000000,0.0000000000,105.8714240000,105.8714240000,10260.0544766408,5.5274368930,9.5190188930
6,0.076335877863,2,HOURLY,1,673,DEC,31.2177513884,16.4030861493,0.5254409885,14.8146652391,105.8714240000,105.8714240000,10260.0544766408,5.5274368930,9.5190188930
6,0.076335877863,2,HOURLY,1,679,INC,0.0888255836,0.0888255836,1.0000000000,0.0000000000,107.2383763422,107.2383763422,10095.7836633001,5.5576326818,11.8889333396
6,0.076335877863,2,HOURLY,1,679,DEC,0.5097595184,0.5097595184,1.0000000000,-0.0000000000,107.2383763422,107.2383763422,10095.7836633001,5.5576326818,11.8889333396
6,0.076335877863,2,HOURLY,1,685,INC,0.0888255836,0.0888255836,1.0000000000,0.0000000000,107.2383763422,107.2383763422,10406.6669666364,5.5576326818,254.5108143396
6,0.076335877863,2,HOURLY,1,685,DEC,0.5097595184,0.5097595184,1.0000000000,-0.0000000000,107.2383763422,107.2383763422,10406.6669666364,5.5576326818,254.5108143396
6,0.076335877863,2,HOURLY,1,691,INC,0.0888255836,0.0888255836,1.0000000000,0.0000000000,107.2383763422,107.2383763422,10717.5502699728,5.5576326818,114.1734443396
6,0.076335877863,2,HOURLY,1,691,DEC,0.5097595185,0.5097595185,1.0000000000,-0.0000000000,107.2383763422,107.2383763422,10717.5502699728,5.5576326818,114.1734443396
6,0.076335877863,2,HOURLY,4,1,INC,17.6961218302,17.6961218302,1.0000000000,0.0000000000,89.6310800956,89.6310800956,13515.5000000000,4.9957599298,56.6862558342
6,0.076335877863,2,HOURLY,4,1,DEC,87.2367995953,87.2367995953,1.0000000000,-0.0000000000,89.6310800956,89.6310800956,13515.5000000000,4.9957599298,56.6862558342
6,0.076335877863,2,HOURLY,4,7,INC,17.6961218302,17.6961218302,1.0000000000,0.0000000000,89.6310800310,89.6310798374,12925.4171654067,4.9957598587,79.8612070213
6,0.076335877863,2,HOURLY,4,7,DEC,87.2367993371,87.2367993371,1.0000000000,0.0000000000,89.6310800310,89.6310798374,12925.4171654067,4.9957598587,79.8612070213
6,0.076335877863,2,HOURLY,4,13,INC,17.6961218302,17.6961218302,1.0000000000,-0.0000000000,89.6310800956,89.6310800956,12335.3342840329,4.9957599298,93.2108748342
6,0.076335877863,2,HOURLY,4,13,DEC,87.2367995953,87.2367995953,1.0000000000,0.0000000000,89.6310800956,89.6310800956,12335.3342840329,4.9957599298,93.2108748342
6,0.076335877863,2,HOURLY,4,19,INC,17.6961218302,17.6961218302,1.0000000000,0.0000000000,89.6310800956,89.6310800956,11745.2514494395,4.9957599298,64.4299038342
6,0.076335877863,2,HOURLY,4,19,DEC,87.2367995953,87.2367995953,1.0000000000,0.0000000000,89.6310800956,89.6310800956,11745.2514494395,4.9957599298,64.4299038342
6,0.076335877863,2,HOURLY,4,169,INC,0.2656618787,0.2656618787,1.0000000000,0.0000000000,107.0615400471,107.0615400471,24201.2449872248,5.3807963867,106.4297963396
6,0.076335877863,2,HOURLY,4,169,DEC,104.6672595468,104.6672595468,1.0000000000,0.0000000000,107.0615400471,107.0615400471,24201.2449872248,5.3807963867,106.4297963396
6,0.076335877863,2,HOURLY,4,175,INC,0.2656618787,0.2656618787,1.0000000000,0.0000000000,107.0615400471,107.0615400471,25131.0429038958,5.3807963867,115.1182613396
6,0.076335877863,2,HOURLY,4,175,DEC,104.6672595468,104.6672595468,1.0000000000,0.0000000000,107.0615400471,107.0615400471,25131.0429038958,5.3807963867,115.1182613396
6,0.076335877863,2,HOURLY,4,181,INC,0.2656618787,0.2656618787,1.0000000000,0.0000000000,98.3594090236,107.0615400471,26060.8408205668,5.3807963867,50.6855993396
6,0.076335877863,2,HOURLY,4,181,DEC,74.8848184997,74.8848184997,1.0000000000,0.0000000000,98.3594090236,107.0615400471,26060.8408205668,5.3807963867,50.6855993396
6,0.076335877863,2,HOURLY,4,187,INC,9.6224470236,9.6224470236,1.0000000000,-0.0000000000,97.7047549022,97.7047549022,25967.7843008538,5.1741062931,108.3202213909
6,0.076335877863,2,HOURLY,4,187,DEC,95.3104744019,95.3104744019,1.0000000000,0.0000000000,97.7047549022,97.7047549022,25967.7843008538,5.1741062931,108.3202213909
6,0.076335877863,2,HOURLY,4,337,INC,8.5753769258,8.5753769258,1.0000000000,0.0000000000,98.7518250000,98.7518250000,4952.7330965134,4.9066842858,42.1526772858
6,0.076335877863,2,HOURLY,4,337,DEC,70.7240630346,70.7240630346,1.0000000000,-0.0000000000,98.7518250000,98.7518250000,4952.7330965134,4.9066842858,42.1526772858
6,0.076335877863,2,HOURLY,4,343,INC,8.5753769258,5.5802973710,0.6507349379,2.9950795548,98.7518250000,98.7518250000,6223.7388952828,4.9066842858,4.9066842858
6,0.076335877863,2,HOURLY,4,343,DEC,80.3926335400,80.3926335400,1.0000000000,-0.0000000000,98.7518250000,98.7518250000,6223.7388952828,4.9066842858,4.9066842858
6,0.076335877863,2,HOURLY,4,349,INC,8.5753769258,8.5753769258,1.0000000000,-0.0000000000,98.7518250000,98.7518250000,7494.7446940523,4.9066842858,103.3128362858
6,0.076335877863,2,HOURLY,4,349,DEC,96.3575444997,96.3575444997,1.0000000000,0.0000000000,98.7518250000,98.7518250000,7494.7446940523,4.9066842858,103.3128362858
6,0.076335877863,2,HOURLY,4,355,INC,8.5753769258,8.5753769258,1.0000000000,0.0000000000,98.7518250000,98.7518250000,8765.7504928217,4.9066842858,107.4897072858
6,0.076335877863,2,HOURLY,4,355,DEC,96.3575444997,96.3575444997,1.0000000000,0.0000000000,98.7518250000,98.7518250000,8765.7504928217,4.9066842858,107.4897072858
6,0.076335877863,2,HOURLY,4,505,INC,0.0888255836,0.0888255836,1.0000000000,0.0000000000,107.2383763422,107.2383763422,1714.2471872258,5.5576326818,58.5159743396
6,0.076335877863,2,HOURLY,4,505,DEC,11.4174733120,7.5587227131,0.6620311260,3.8587505989,107.2383763422,107.2383763422,1714.2471872258,5.5576326818,58.5159743396
6,0.076335877863,2,HOURLY,4,511,INC,0.0888255836,0.0888255836,1.0000000000,0.0000000000,107.2383763422,107.2383763422,2025.1304905621,5.5576326818,62.9413703396
6,0.076335877863,2,HOURLY,4,511,DEC,11.4174733120,7.5587227131,0.6620311260,3.8587505989,107.2383763422,107.2383763422,2025.1304905621,5.5576326818,62.9413703396
6,0.076335877863,2,HOURLY,4,517,INC,0.0888255836,0.0888255836,1.0000000000,0.0000000000,107.2383763422,107.2383763422,2336.0137938985,5.5576326818,242.3408873396
6,0.076335877863,2,HOURLY,4,517,DEC,11.4174733120,7.5587227131,0.6620311260,3.8587505989,107.2383763422,107.2383763422,2336.0137938985,5.5576326818,242.3408873396
6,0.076335877863,2,HOURLY,4,523,INC,0.0888255836,0.0888255836,1.0000000000,0.0000000000,107.2383763422,107.2383763422,2646.8970972348,5.5576326818,148.0519043396
6,0.076335877863,2,HOURLY,4,523,DEC,11.4174733120,7.5587227131,0.6620311260,3.8587505989,107.2383763422,107.2383763422,2646.8970972348,5.5576326818,148.0519043396
6,0.076335877863,2,HOURLY,4,673,INC,1.4557779258,1.4557779258,1.0000000000,0.0000000000,99.0645560000,105.8714240000,10260.0544766408,5.5274368930,9.5190188930
6,0.076335877863,2,HOURLY,4,673,DEC,0.5097482857,0.5097482857,1.0000000000,-0.0000000000,99.0645560000,105.8714240000,10260.0544766408,5.5274368930,9.5190188930
6,0.076335877863,2,HOURLY,4,679,INC,0.0888255836,0.0888255836,1.0000000000,0.0000000000,107.2383763422,107.2383763422,10095.7836633001,5.5576326818,11.8889333396
6,0.076335877863,2,HOURLY,4,679,DEC,0.5097482857,0.5097482857,1.0000000000,-0.0000000000,107.2383763422,107.2383763422,10095.7836633001,5.5576326818,11.8889333396
6,0.076335877863,2,HOURLY,4,685,INC,0.0888255836,0.0888255836,1.0000000000,0.0000000000,107.2383763422,107.2383763422,10406.6669666364,5.5576326818,254.5108143396
6,0.076335877863,2,HOURLY,4,685,DEC,0.5097482857,0.5097482857,1.0000000000,0.0000000000,107.2383763422,107.2383763422,10406.6669666364,5.5576326818,254.5108143396
6,0.076335877863,2,HOURLY,4,691,INC,0.0888255836,0.0888255836,1.0000000000,0.0000000000,107.2383763422,107.2383763422,10717.5502699728,5.5576326818,114.1734443396
6,0.076335877863,2,HOURLY,4,691,DEC,0.5097482857,0.5097482857,1.0000000000,-0.0000000000,107.2383763422,107.2383763422,10717.5502699728,5.5576326818,114.1734443396
6,0.076335877863,2,HOURLY,12,1,INC,17.6961218302,17.6961218302,1.0000000000,-0.0000000000,89.6310800741,89.6310800956,13515.5000000000,4.9957599298,56.6862558342
6,0.076335877863,2,HOURLY,12,1,DEC,67.7779616518,67.7779616518,1.0000000000,0.0000000000,89.6310800741,89.6310800956,13515.5000000000,4.9957599298,56.6862558342
6,0.076335877863,2,HOURLY,12,7,INC,17.6961218302,17.6961218302,1.0000000000,0.0000000000,89.6310800741,89.6310798374,12925.4171654067,4.9957598587,79.8612070213
6,0.076335877863,2,HOURLY,12,7,DEC,65.0996686517,65.0996686517,1.0000000000,0.0000000000,89.6310800741,89.6310798374,12925.4171654067,4.9957598587,79.8612070213
6,0.076335877863,2,HOURLY,12,13,INC,17.6961218302,17.6961218302,1.0000000000,-0.0000000000,89.6310800956,89.6310800956,12335.3342840329,4.9957599298,93.2108748342
6,0.076335877863,2,HOURLY,12,13,DEC,62.4213754608,62.4213754608,1.0000000000,0.0000000000,89.6310800956,89.6310800956,12335.3342840329,4.9957599298,93.2108748342
6,0.076335877863,2,HOURLY,12,19,INC,17.6961218302,5.1259772144,0.2896667001,12.5701446158,88.5666027463,89.6310800956,11745.2514494395,4.9957599298,64.4299038342
6,0.076335877863,2,HOURLY,12,19,DEC,58.6527569629,58.5325018078,0.9979497101,0.1202551551,88.5666027463,89.6310800956,11745.2514494395,4.9957599298,64.4299038342
6,0.076335877863,2,HOURLY,12,169,INC,0.2656618787,0.2656618787,1.0000000000,-0.0000000000,107.0615400471,107.0615400471,24201.2449872248,5.3807963867,106.4297963396
6,0.076335877863,2,HOURLY,12,169,DEC,104.6672595468,104.6672595468,1.0000000000,0.0000000000,107.0615400471,107.0615400471,24201.2449872248,5.3807963867,106.4297963396
6,0.076335877863,2,HOURLY,12,175,INC,0.2656618787,0.2656618787,1.0000000000,0.0000000000,101.2679221899,107.0615400471,25131.0429038958,5.3807963867,115.1182613396
6,0.076335877863,2,HOURLY,12,175,DEC,74.8848184997,74.8848184997,1.0000000000,-0.0000000000,101.2679221899,107.0615400471,25131.0429038958,5.3807963867,115.1182613396
6,0.076335877863,2,HOURLY,12,181,INC,0.2656618787,0.2656618787,1.0000000000,-0.0000000000,96.5895296175,107.0615400471,26060.8408205668,5.3807963867,50.6855993396
6,0.076335877863,2,HOURLY,12,181,DEC,74.8848184997,74.8848184997,1.0000000000,0.0000000000,96.5895296175,107.0615400471,26060.8408205668,5.3807963867,50.6855993396
6,0.076335877863,2,HOURLY,12,187,INC,9.6224470236,5.6167746120,0.5837158259,4.0056724117,97.7047549022,97.7047549022,25967.7843008538,5.1741062931,108.3202213909
6,0.076335877863,2,HOURLY,12,187,DEC,95.3104744019,95.3104744019,1.0000000000,0.0000000000,97.7047549022,97.7047549022,25967.7843008538,5.1741062931,108.3202213909
6,0.076335877863,2,HOURLY,12,337,INC,8.5753769258,5.5802973710,0.6507349379,2.9950795548,98.7518250000,98.7518250000,4952.7330965134,4.9066842858,42.1526772858
6,0.076335877863,2,HOURLY,12,337,DEC,35.1710881491,35.1710881491,1.0000000000,0.0000000000,98.7518250000,98.7518250000,4952.7330965134,4.9066842858,42.1526772858
6,0.076335877863,2,HOURLY,12,343,INC,8.5753769258,5.5802973710,0.6507349379,2.9950795548,98.7518250000,98.7518250000,6223.7388952828,4.9066842858,4.9066842858
6,0.076335877863,2,HOURLY,12,343,DEC,41.8272774825,41.8272774825,1.0000000000,-0.0000000000,98.7518250000,98.7518250000,6223.7388952828,4.9066842858,4.9066842858
6,0.076335877863,2,HOURLY,12,349,INC,8.5753769258,8.5753769258,1.0000000000,0.0000000000,98.7518250000,98.7518250000,7494.7446940523,4.9066842858,103.3128362858
6,0.076335877863,2,HOURLY,12,349,DEC,48.2150325301,48.2150325301,1.0000000000,0.0000000000,98.7518250000,98.7518250000,7494.7446940523,4.9066842858,103.3128362858
6,0.076335877863,2,HOURLY,12,355,INC,8.5753769258,8.5753769258,1.0000000000,0.0000000000,98.7518250000,98.7518250000,8765.7504928217,4.9066842858,107.4897072858
6,0.076335877863,2,HOURLY,12,355,DEC,54.6027875777,54.6027875777,1.0000000000,0.0000000000,98.7518250000,98.7518250000,8765.7504928217,4.9066842858,107.4897072858
6,0.076335877863,2,HOURLY,12,505,INC,0.0888255836,0.0888255836,1.0000000000,0.0000000000,107.2383763422,107.2383763422,1714.2471872258,5.5576326818,58.5159743396
6,0.076335877863,2,HOURLY,12,505,DEC,4.1456541316,2.8594039320,0.6897352845,1.2862501996,107.2383763422,107.2383763422,1714.2471872258,5.5576326818,58.5159743396
6,0.076335877863,2,HOURLY,12,511,INC,0.0888255836,0.0888255836,1.0000000000,0.0000000000,107.2383763422,107.2383763422,2025.1304905621,5.5576326818,62.9413703396
6,0.076335877863,2,HOURLY,12,511,DEC,4.1456541316,2.8594039320,0.6897352845,1.2862501996,107.2383763422,107.2383763422,2025.1304905621,5.5576326818,62.9413703396
6,0.076335877863,2,HOURLY,12,517,INC,0.0888255836,0.0888255836,1.0000000000,0.0000000000,107.2383763422,107.2383763422,2336.0137938985,5.5576326818,242.3408873396
6,0.076335877863,2,HOURLY,12,517,DEC,4.1456541316,2.8594039320,0.6897352845,1.2862501996,107.2383763422,107.2383763422,2336.0137938985,5.5576326818,242.3408873396
6,0.076335877863,2,HOURLY,12,523,INC,0.0888255836,0.0888255836,1.0000000000,0.0000000000,107.2383763422,107.2383763422,2646.8970972348,5.5576326818,148.0519043396
6,0.076335877863,2,HOURLY,12,523,DEC,4.1456541316,2.8594039320,0.6897352845,1.2862501996,107.2383763422,107.2383763422,2646.8970972348,5.5576326818,148.0519043396
6,0.076335877863,2,HOURLY,12,673,INC,0.0888255836,0.0888255836,1.0000000000,0.0000000000,104.5137695615,105.8714240000,10260.0544766408,5.5274368930,9.5190188930
6,0.076335877863,2,HOURLY,12,673,DEC,0.4441291689,0.4441291689,1.0000000000,-0.0000000000,104.5137695615,105.8714240000,10260.0544766408,5.5274368930,9.5190188930
6,0.076335877863,2,HOURLY,12,679,INC,0.0888255836,0.0888255836,1.0000000000,0.0000000000,107.2383763422,107.2383763422,10095.7836633001,5.5576326818,11.8889333396
6,0.076335877863,2,HOURLY,12,679,DEC,0.3997163771,0.3997163771,1.0000000000,-0.0000000000,107.2383763422,107.2383763422,10095.7836633001,5.5576326818,11.8889333396
6,0.076335877863,2,HOURLY,12,685,INC,0.0888255836,0.0888255836,1.0000000000,0.0000000000,107.2383763422,107.2383763422,10406.6669666364,5.5576326818,254.5108143396
6,0.076335877863,2,HOURLY,12,685,DEC,0.3553035853,0.3553035853,1.0000000000,-0.0000000000,107.2383763422,107.2383763422,10406.6669666364,5.5576326818,254.5108143396
6,0.076335877863,2,HOURLY,12,691,INC,0.0888255836,0.0888255836,1.0000000000,0.0000000000,107.2383763422,107.2383763422,10717.5502699728,5.5576326818,114.1734443396
6,0.076335877863,2,HOURLY,12,691,DEC,0.3108907934,0.3108907934,1.0000000000,-0.0000000000,107.2383763422,107.2383763422,10717.5502699728,5.5576326818,114.1734443396
6,0.076335877863,2,HOURLY,24,1,INC,17.6961218302,17.6961218302,1.0000000000,0.0000000000,89.6310800848,89.6310800956,13515.5000000000,4.9957599298,56.6862558342
6,0.076335877863,2,HOURLY,24,1,DEC,38.7866125993,38.7866125993,1.0000000000,-0.0000000000,89.6310800848,89.6310800956,13515.5000000000,4.9957599298,56.6862558342
6,0.076335877863,2,HOURLY,24,7,INC,17.6961218302,5.1259772144,0.2896667001,12.5701446158,89.0988414102,89.6310798374,12925.4171654067,4.9957598587,79.8612070213
6,0.076335877863,2,HOURLY,24,7,DEC,36.7687139986,36.7051174906,0.9982703635,0.0635965080,89.0988414102,89.6310798374,12925.4171654067,4.9957598587,79.8612070213
6,0.076335877863,2,HOURLY,24,13,INC,17.6961218302,5.0771873052,0.2869096039,12.6189345250,87.7385209804,89.6310800956,12335.3342840329,4.9957599298,93.2108748342
6,0.076335877863,2,HOURLY,24,13,DEC,33.9272108419,33.9272108419,1.0000000000,0.0000000000,87.7385209804,89.6310800956,12335.3342840329,4.9957599298,93.2108748342
6,0.076335877863,2,HOURLY,24,19,INC,17.6961218302,5.0771873052,0.2869096039,12.6189345250,86.7467774565,89.6310800956,11745.2514494395,4.9957599298,64.4299038342
6,0.076335877863,2,HOURLY,24,19,DEC,31.4441073804,31.4441073804,1.0000000000,0.0000000000,86.7467774565,89.6310800956,11745.2514494395,4.9957599298,64.4299038342
6,0.076335877863,2,HOURLY,24,169,INC,0.2656618787,0.2656618787,1.0000000000,0.0000000000,101.8255348323,107.0615400471,24201.2449872248,5.3807963867,106.4297963396
6,0.076335877863,2,HOURLY,24,169,DEC,74.8848184997,74.8848184997,1.0000000000,0.0000000000,101.8255348323,107.0615400471,24201.2449872248,5.3807963867,106.4297963396
6,0.076335877863,2,HOURLY,24,175,INC,0.2656618787,0.2656618787,1.0000000000,-0.0000000000,99.4863385461,107.0615400471,25131.0429038958,5.3807963867,115.1182613396
6,0.076335877863,2,HOURLY,24,175,DEC,74.8848184997,74.8848184997,1.0000000000,0.0000000000,99.4863385461,107.0615400471,25131.0429038958,5.3807963867,115.1182613396
6,0.076335877863,2,HOURLY,24,181,INC,0.2656618787,0.2656618787,1.0000000000,-0.0000000000,97.1471422598,107.0615400471,26060.8408205668,5.3807963867,50.6855993396
6,0.076335877863,2,HOURLY,24,181,DEC,74.8848184997,74.8848184997,1.0000000000,0.0000000000,97.1471422598,107.0615400471,26060.8408205668,5.3807963867,50.6855993396
6,0.076335877863,2,HOURLY,24,187,INC,9.6224470236,5.6167746120,0.5837158259,4.0056724117,97.7047549022,97.7047549022,25967.7843008538,5.1741062931,108.3202213909
6,0.076335877863,2,HOURLY,24,187,DEC,76.5059882306,76.5059882306,1.0000000000,-0.0000000000,97.7047549022,97.7047549022,25967.7843008538,5.1741062931,108.3202213909
6,0.076335877863,2,HOURLY,24,337,INC,8.5753769258,5.5802973710,0.6507349379,2.9950795548,98.7518250000,98.7518250000,4952.7330965134,4.9066842858,42.1526772858
6,0.076335877863,2,HOURLY,24,337,DEC,25.6860332499,25.6860332499,1.0000000000,0.0000000000,98.7518250000,98.7518250000,4952.7330965134,4.9066842858,42.1526772858
6,0.076335877863,2,HOURLY,24,343,INC,8.5753769258,5.5802973710,0.6507349379,2.9950795548,98.7518250000,98.7518250000,6223.7388952828,4.9066842858,4.9066842858
6,0.076335877863,2,HOURLY,24,343,DEC,29.0370951170,29.0370951170,1.0000000000,-0.0000000000,98.7518250000,98.7518250000,6223.7388952828,4.9066842858,4.9066842858
6,0.076335877863,2,HOURLY,24,349,INC,8.5753769258,8.5753769258,1.0000000000,0.0000000000,98.7518250000,98.7518250000,7494.7446940523,4.9066842858,103.3128362858
6,0.076335877863,2,HOURLY,24,349,DEC,32.3829093546,32.3829093546,1.0000000000,0.0000000000,98.7518250000,98.7518250000,7494.7446940523,4.9066842858,103.3128362858
6,0.076335877863,2,HOURLY,24,355,INC,8.5753769258,8.5753769258,1.0000000000,0.0000000000,98.7518250000,98.7518250000,8765.7504928217,4.9066842858,107.4897072858
6,0.076335877863,2,HOURLY,24,355,DEC,35.7287235921,35.7287235921,1.0000000000,-0.0000000000,98.7518250000,98.7518250000,8765.7504928217,4.9066842858,107.4897072858
6,0.076335877863,2,HOURLY,24,505,INC,0.0888255836,0.0888255836,1.0000000000,0.0000000000,107.2383763422,107.2383763422,1714.2471872258,5.5576326818,58.5159743396
6,0.076335877863,2,HOURLY,24,505,DEC,2.3276993366,1.6845742367,0.7237078304,0.6431250998,107.2383763422,107.2383763422,1714.2471872258,5.5576326818,58.5159743396
6,0.076335877863,2,HOURLY,24,511,INC,0.0888255836,0.0888255836,1.0000000000,0.0000000000,107.2383763422,107.2383763422,2025.1304905621,5.5576326818,62.9413703396
6,0.076335877863,2,HOURLY,24,511,DEC,2.3276993366,1.6845742367,0.7237078304,0.6431250998,107.2383763422,107.2383763422,2025.1304905621,5.5576326818,62.9413703396
6,0.076335877863,2,HOURLY,24,517,INC,0.0888255836,0.0888255836,1.0000000000,0.0000000000,107.2383763422,107.2383763422,2336.0137938985,5.5576326818,242.3408873396
6,0.076335877863,2,HOURLY,24,517,DEC,2.3276993366,1.6845742367,0.7237078304,0.6431250998,107.2383763422,107.2383763422,2336.0137938985,5.5576326818,242.3408873396
6,0.076335877863,2,HOURLY,24,523,INC,0.0888255836,0.0888255836,1.0000000000,0.0000000000,107.2383763422,107.2383763422,2646.8970972348,5.5576326818,148.0519043396
6,0.076335877863,2,HOURLY,24,523,DEC,2.3276993366,1.6845742367,0.7237078304,0.6431250998,107.2383763422,107.2383763422,2646.8970972348,5.5576326818,148.0519043396
6,0.076335877863,2,HOURLY,24,673,INC,0.0888255836,0.0888255836,1.0000000000,0.0000000000,105.8760729518,105.8714240000,10260.0544766408,5.5274368930,9.5190188930
6,0.076335877863,2,HOURLY,24,673,DEC,0.1776517926,0.1776517926,1.0000000000,-0.0000000000,105.8760729518,105.8714240000,10260.0544766408,5.5274368930,9.5190188930
6,0.076335877863,2,HOURLY,24,679,INC,0.0888255836,0.0888255836,1.0000000000,0.0000000000,107.2383763422,107.2383763422,10095.7836633001,5.5576326818,11.8889333396
6,0.076335877863,2,HOURLY,24,679,DEC,0.1554453967,0.1554453967,1.0000000000,-0.0000000000,107.2383763422,107.2383763422,10095.7836633001,5.5576326818,11.8889333396
6,0.076335877863,2,HOURLY,24,685,INC,0.0888255836,0.0888255836,1.0000000000,0.0000000000,107.2383763422,107.2383763422,10406.6669666364,5.5576326818,254.5108143396
6,0.076335877863,2,HOURLY,24,685,DEC,0.1332390008,0.1332390008,1.0000000000,-0.0000000000,107.2383763422,107.2383763422,10406.6669666364,5.5576326818,254.5108143396
6,0.076335877863,2,HOURLY,24,691,INC,0.0888255836,0.0888255836,1.0000000000,0.0000000000,107.2383763422,107.2383763422,10717.5502699728,5.5576326818,114.1734443396
6,0.076335877863,2,HOURLY,24,691,DEC,0.1110326049,0.1110326049,1.0000000000,-0.0000000000,107.2383763422,107.2383763422,10717.5502699728,5.5576326818,114.1734443396
7,0.099236641221,1,MONTHLY,1,1,INC,12.3120700360,12.3120700360,1.0000000000,0.0000000000,95.0151318898,95.0151318898,13515.5000000000,5.0818124391,275.9540485493
7,0.099236641221,1,MONTHLY,1,1,DEC,92.6208513895,92.6208513895,1.0000000000,0.0000000000,95.0151318898,95.0151318898,13515.5000000000,5.0818124391,275.9540485493
7,0.099236641221,1,MONTHLY,1,7,INC,12.3120700360,12.3120700360,1.0000000000,-0.0000000000,95.0151318898,95.0151318898,13515.5000000000,5.0818124391,164.5686315493
7,0.099236641221,1,MONTHLY,1,7,DEC,92.6208513895,92.6208513895,1.0000000000,0.0000000000,95.0151318898,95.0151318898,13515.5000000000,5.0818124391,164.5686315493
7,0.099236641221,1,MONTHLY,1,13,INC,12.3120700360,12.3120700360,1.0000000000,0.0000000000,95.0151318898,95.0151318898,13515.5000000000,5.0818124391,365.6708525493
7,0.099236641221,1,MONTHLY,1,13,DEC,92.6208513895,92.6208513895,1.0000000000,0.0000000000,95.0151318898,95.0151318898,13515.5000000000,5.0818124391,365.6708525493
7,0.099236641221,1,MONTHLY,1,19,INC,12.3120700360,12.3120700360,1.0000000000,-0.0000000000,95.0151318898,95.0151318898,13515.5000000000,5.0818124391,307.4126185493
7,0.099236641221,1,MONTHLY,1,19,DEC,92.6208513895,92.6208513895,1.0000000000,0.0000000000,95.0151318898,95.0151318898,13515.5000000000,5.0818124391,307.4126185493
7,0.099236641221,1,MONTHLY,1,169,INC,12.3120700360,12.3120700360,1.0000000000,-0.0000000000,95.0151318898,95.0151318898,13515.5000000000,5.0818124391,223.2004465493
7,0.099236641221,1,MONTHLY,1,169,DEC,92.6208513895,92.6208513895,1.0000000000,0.0000000000,95.0151318898,95.0151318898,13515.5000000000,5.0818124391,223.2004465493
7,0.099236641221,1,MONTHLY,1,175,INC,12.3120700360,12.3120700360,1.0000000000,-0.0000000000,95.0151318898,95.0151318898,13515.5000000000,5.0818124391,184.4590675493
7,0.099236641221,1,MONTHLY,1,175,DEC,92.6208513895,92.6208513895,1.0000000000,0.0000000000,95.0151318898,95.0151318898,13515.5000000000,5.0818124391,184.4590675493
7,0.099236641221,1,MONTHLY,1,181,INC,12.3120700360,12.3120700360,1.0000000000,-0.0000000000,95.0151318898,95.0151318898,13515.5000000000,5.0818124391,171.7995105493
7,0.099236641221,1,MONTHLY,1,181,DEC,92.6208513895,92.6208513895,1.0000000000,0.0000000000,95.0151318898,95.0151318898,13515.5000000000,5.0818124391,171.7995105493
7,0.099236641221,1,MONTHLY,1,187,INC,12.3120700360,12.3120700360,1.0000000000,-0.0000000000,95.0151318898,95.0151318898,13515.5000000000,5.0818124391,273.0501805493
7,0.099236641221,1,MONTHLY,1,187,DEC,92.6208513895,92.6208513895,1.0000000000,0.0000000000,95.0151318898,95.0151318898,13515.5000000000,5.0818124391,273.0501805493
7,0.099236641221,1,MONTHLY,1,337,INC,12.3120700360,12.3120700360,1.0000000000,-0.0000000000,95.0151318898,95.0151318898,13515.5000000000,5.0818124391,232.3960285493
7,0.099236641221,1,MONTHLY,1,337,DEC,92.6208513895,92.6208513895,1.0000000000,0.0000000000,95.0151318898,95.0151318898,13515.5000000000,5.0818124391,232.3960285493
7,0.099236641221,1,MONTHLY,1,343,INC,12.3120700360,12.3120700360,1.0000000000,0.0000000000,95.0151318898,95.0151318898,13515.5000000000,5.0818124391,184.9266185493
7,0.099236641221,1,MONTHLY,1,343,DEC,92.6208513895,92.6208513895,1.0000000000,0.0000000000,95.0151318898,95.0151318898,13515.5000000000,5.0818124391,184.9266185493
7,0.099236641221,1,MONTHLY,1,349,INC,12.3120700360,12.3120700360,1.0000000000,-0.0000000000,95.0151318898,95.0151318898,13515.5000000000,5.0818124391,383.0467225493
7,0.099236641221,1,MONTHLY,1,349,DEC,92.6208513895,92.6208513895,1.0000000000,0.0000000000,95.0151318898,95.0151318898,13515.5000000000,5.0818124391,383.0467225493
7,0.099236641221,1,MONTHLY,1,355,INC,12.3120700360,12.3120700360,1.0000000000,-0.0000000000,95.0151318898,95.0151318898,13515.5000000000,5.0818124391,295.7971465493
7,0.099236641221,1,MONTHLY,1,355,DEC,92.6208513895,92.6208513895,1.0000000000,0.0000000000,95.0151318898,95.0151318898,13515.5000000000,5.0818124391,295.7971465493
7,0.099236641221,1,MONTHLY,1,505,INC,12.3120700360,12.3120700360,1.0000000000,0.0000000000,95.0151318898,95.0151318898,13515.5000000000,5.0818124391,265.3065325493
7,0.099236641221,1,MONTHLY,1,505,DEC,92.6208513895,92.6208513895,1.0000000000,0.0000000000,95.0151318898,95.0151318898,13515.5000000000,5.0818124391,265.3065325493
7,0.099236641221,1,MONTHLY,1,511,INC,12.3120700360,12.3120700360,1.0000000000,0.0000000000,95.0151318898,95.0151318898,13515.5000000000,5.0818124391,221.2413955493
7,0.099236641221,1,MONTHLY,1,511,DEC,92.6208513895,92.6208513895,1.0000000000,0.0000000000,95.0151318898,95.0151318898,13515.5000000000,5.0818124391,221.2413955493
7,0.099236641221,1,MONTHLY,1,517,INC,12.3120700360,12.3120700360,1.0000000000,0.0000000000,95.0151318898,95.0151318898,13515.5000000000,5.0818124391,460.0629895493
7,0.099236641221,1,MONTHLY,1,517,DEC,92.6208513895,92.6208513895,1.0000000000,0.0000000000,95.0151318898,95.0151318898,13515.5000000000,5.0818124391,460.0629895493
7,0.099236641221,1,MONTHLY,1,523,INC,12.3120700360,12.3120700360,1.0000000000,-0.0000000000,95.0151318898,95.0151318898,13515.5000000000,5.0818124391,352.4225725493
7,0.099236641221,1,MONTHLY,1,523,DEC,92.6208513895,92.6208513895,1.0000000000,0.0000000000,95.0151318898,95.0151318898,13515.5000000000,5.0818124391,352.4225725493
7,0.099236641221,1,MONTHLY,1,673,INC,12.3120700360,12.3120700360,1.0000000000,-0.0000000000,95.0151318898,95.0151318898,13515.5000000000,5.0818124391,295.3131685493
7,0.099236641221,1,MONTHLY,1,673,DEC,92.6208513895,92.6208513895,1.0000000000,0.0000000000,95.0151318898,95.0151318898,13515.5000000000,5.0818124391,295.3131685493
7,0.099236641221,1,MONTHLY,1,679,INC,12.3120700360,12.3120700360,1.0000000000,-0.0000000000,95.0151318898,95.0151318898,13515.5000000000,5.0818124391,249.6724535493
7,0.099236641221,1,MONTHLY,1,679,DEC,92.6208513895,92.6208513895,1.0000000000,0.0000000000,95.0151318898,95.0151318898,13515.5000000000,5.0818124391,249.6724535493
7,0.099236641221,1,MONTHLY,1,685,INC,12.3120700360,12.3120700360,1.0000000000,0.0000000000,95.0151318898,95.0151318898,13515.5000000000,5.0818124391,369.5919575493
7,0.099236641221,1,MONTHLY,1,685,DEC,92.6208513895,92.6208513895,1.0000000000,0.0000000000,95.0151318898,95.0151318898,13515.5000000000,5.0818124391,369.5919575493
7,0.099236641221,1,MONTHLY,1,691,INC,12.3120700360,12.3120700360,1.0000000000,-0.0000000000,95.0151318898,95.0151318898,13515.5000000000,5.0818124391,319.9960465493
7,0.099236641221,1,MONTHLY,1,691,DEC,92.6208513895,92.6208513895,1.0000000000,0.0000000000,95.0151318898,95.0151318898,13515.5000000000,5.0818124391,319.9960465493
7,0.099236641221,1,MONTHLY,4,1,INC,12.3120700360,12.3120700360,1.0000000000,-0.0000000000,95.0151318898,95.0151318898,13515.5000000000,5.0818124391,275.9540485493
7,0.099236641221,1,MONTHLY,4,1,DEC,92.6208513895,92.6208513895,1.0000000000,0.0000000000,95.0151318898,95.0151318898,13515.5000000000,5.0818124391,275.9540485493
7,0.099236641221,1,MONTHLY,4,7,INC,12.3120700360,12.3120700360,1.0000000000,-0.0000000000,95.0151318898,95.0151318898,13515.5000000000,5.0818124391,164.5686315493
7,0.099236641221,1,MONTHLY,4,7,DEC,92.6208513895,92.6208513895,1.0000000000,0.0000000000,95.0151318898,95.0151318898,13515.5000000000,5.0818124391,164.5686315493
7,0.099236641221,1,MONTHLY,4,13,INC,12.3120700360,12.3120700360,1.0000000000,-0.0000000000,95.0151318898,95.0151318898,13515.5000000000,5.0818124391,365.6708525493
7,0.099236641221,1,MONTHLY,4,13,DEC,92.6208513895,92.6208513895,1.0000000000,0.0000000000,95.0151318898,95.0151318898,13515.5000000000,5.0818124391,365.6708525493
7,0.099236641221,1,MONTHLY,4,19,INC,12.3120700360,12.3120700360,1.0000000000,-0.0000000000,95.0151318898,95.0151318898,13515.5000000000,5.0818124391,307.4126185493
7,0.099236641221,1,MONTHLY,4,19,DEC,92.6208513895,92.6208513895,1.0000000000,0.0000000000,95.0151318898,95.0151318898,13515.5000000000,5.0818124391,307.4126185493
7,0.099236641221,1,MONTHLY,4,169,INC,12.3120700360,12.3120700360,1.0000000000,-0.0000000000,95.0151318898,95.0151318898,13515.5000000000,5.0818124391,223.2004465493
7,0.099236641221,1,MONTHLY,4,169,DEC,92.6208513895,92.6208513895,1.0000000000,0.0000000000,95.0151318898,95.0151318898,13515.5000000000,5.0818124391,223.2004465493
7,0.099236641221,1,MONTHLY,4,175,INC,12.3120700360,12.3120700360,1.0000000000,-0.0000000000,95.0151318898,95.0151318898,13515.5000000000,5.0818124391,184.4590675493
7,0.099236641221,1,MONTHLY,4,175,DEC,92.6208513895,92.6208513895,1.0000000000,0.0000000000,95.0151318898,95.0151318898,13515.5000000000,5.0818124391,184.4590675493
7,0.099236641221,1,MONTHLY,4,181,INC,12.3120700360,12.3120700360,1.0000000000,-0.0000000000,95.0151318898,95.0151318898,13515.5000000000,5.0818124391,171.7995105493
7,0.099236641221,1,MONTHLY,4,181,DEC,92.6208513895,92.6208513895,1.0000000000,0.0000000000,95.0151318898,95.0151318898,13515.5000000000,5.0818124391,171.7995105493
7,0.099236641221,1,MONTHLY,4,187,INC,12.3120700360,12.3120700360,1.0000000000,-0.0000000000,95.0151318898,95.0151318898,13515.5000000000,5.0818124391,273.0501805493
7,0.099236641221,1,MONTHLY,4,187,DEC,92.6208513895,92.6208513895,1.0000000000,0.0000000000,95.0151318898,95.0151318898,13515.5000000000,5.0818124391,273.0501805493
7,0.099236641221,1,MONTHLY,4,337,INC,12.3120700360,12.3120700360,1.0000000000,-0.0000000000,95.0151318898,95.0151318898,13515.5000000000,5.0818124391,232.3960285493
7,0.099236641221,1,MONTHLY,4,337,DEC,92.6208513895,92.6208513895,1.0000000000,0.0000000000,95.0151318898,95.0151318898,13515.5000000000,5.0818124391,232.3960285493
7,0.099236641221,1,MONTHLY,4,343,INC,12.3120700360,12.3120700360,1.0000000000,-0.0000000000,95.0151318898,95.0151318898,13515.5000000000,5.0818124391,184.9266185493
7,0.099236641221,1,MONTHLY,4,343,DEC,92.6208513895,92.6208513895,1.0000000000,0.0000000000,95.0151318898,95.0151318898,13515.5000000000,5.0818124391,184.9266185493
7,0.099236641221,1,MONTHLY,4,349,INC,12.3120700360,12.3120700360,1.0000000000,-0.0000000000,95.0151318898,95.0151318898,13515.5000000000,5.0818124391,383.0467225493
7,0.099236641221,1,MONTHLY,4,349,DEC,92.6208513895,92.6208513895,1.0000000000,0.0000000000,95.0151318898,95.0151318898,13515.5000000000,5.0818124391,383.0467225493
7,0.099236641221,1,MONTHLY,4,355,INC,12.3120700360,12.3120700360,1.0000000000,-0.0000000000,95.0151318898,95.0151318898,13515.5000000000,5.0818124391,295.7971465493
7,0.099236641221,1,MONTHLY,4,355,DEC,92.6208513895,92.6208513895,1.0000000000,0.0000000000,95.0151318898,95.0151318898,13515.5000000000,5.0818124391,295.7971465493
7,0.099236641221,1,MONTHLY,4,505,INC,12.3120700360,12.3120700360,1.0000000000,-0.0000000000,95.0151318898,95.0151318898,13515.5000000000,5.0818124391,265.3065325493
7,0.099236641221,1,MONTHLY,4,505,DEC,92.6208513895,92.6208513895,1.0000000000,0.0000000000,95.0151318898,95.0151318898,13515.5000000000,5.0818124391,265.3065325493
7,0.099236641221,1,MONTHLY,4,511,INC,12.3120700360,12.3120700360,1.0000000000,-0.0000000000,95.0151318898,95.0151318898,13515.5000000000,5.0818124391,221.2413955493
7,0.099236641221,1,MONTHLY,4,511,DEC,92.6208513895,92.6208513895,1.0000000000,0.0000000000,95.0151318898,95.0151318898,13515.5000000000,5.0818124391,221.2413955493
7,0.099236641221,1,MONTHLY,4,517,INC,12.3120700360,12.3120700360,1.0000000000,-0.0000000000,95.0151318898,95.0151318898,13515.5000000000,5.0818124391,460.0629895493
7,0.099236641221,1,MONTHLY,4,517,DEC,92.6208513895,92.6208513895,1.0000000000,0.0000000000,95.0151318898,95.0151318898,13515.5000000000,5.0818124391,460.0629895493
7,0.099236641221,1,MONTHLY,4,523,INC,12.3120700360,12.3120700360,1.0000000000,-0.0000000000,95.0151318898,95.0151318898,13515.5000000000,5.0818124391,352.4225725493
7,0.099236641221,1,MONTHLY,4,523,DEC,92.6208513895,92.6208513895,1.0000000000,0.0000000000,95.0151318898,95.0151318898,13515.5000000000,5.0818124391,352.4225725493
7,0.099236641221,1,MONTHLY,4,673,INC,12.3120700360,12.3120700360,1.0000000000,-0.0000000000,95.0151318898,95.0151318898,13515.5000000000,5.0818124391,295.3131685493
7,0.099236641221,1,MONTHLY,4,673,DEC,92.6208513895,92.6208513895,1.0000000000,0.0000000000,95.0151318898,95.0151318898,13515.5000000000,5.0818124391,295.3131685493
7,0.099236641221,1,MONTHLY,4,679,INC,12.3120700360,12.3120700360,1.0000000000,-0.0000000000,95.0151318898,95.0151318898,13515.5000000000,5.0818124391,249.6724535493
7,0.099236641221,1,MONTHLY,4,679,DEC,92.6208513895,92.6208513895,1.0000000000,0.0000000000,95.0151318898,95.0151318898,13515.5000000000,5.0818124391,249.6724535493
7,0.099236641221,1,MONTHLY,4,685,INC,12.3120700360,12.3120700360,1.0000000000,-0.0000000000,95.0151318898,95.0151318898,13515.5000000000,5.0818124391,369.5919575493
7,0.099236641221,1,MONTHLY,4,685,DEC,92.6208513895,92.6208513895,1.0000000000,0.0000000000,95.0151318898,95.0151318898,13515.5000000000,5.0818124391,369.5919575493
7,0.099236641221,1,MONTHLY,4,691,INC,12.3120700360,12.3120700360,1.0000000000,0.0000000000,95.0151318898,95.0151318898,13515.5000000000,5.0818124391,319.9960465493
7,0.099236641221,1,MONTHLY,4,691,DEC,92.6208513895,92.6208513895,1.0000000000,0.0000000000,95.0151318898,95.0151318898,13515.5000000000,5.0818124391,319.9960465493
7,0.099236641221,1,MONTHLY,12,1,INC,12.3120700360,12.3120700360,1.0000000000,-0.0000000000,95.0151318898,95.0151318898,13515.5000000000,5.0818124391,275.9540485493
7,0.099236641221,1,MONTHLY,12,1,DEC,73.1620134675,73.1620134675,1.0000000000,0.0000000000,95.0151318898,95.0151318898,13515.5000000000,5.0818124391,275.9540485493
7,0.099236641221,1,MONTHLY,12,7,INC,12.3120700360,12.3120700360,1.0000000000,-0.0000000000,95.0151318898,95.0151318898,13515.5000000000,5.0818124391,164.5686315493
7,0.099236641221,1,MONTHLY,12,7,DEC,73.1620134675,73.1620134675,1.0000000000,0.0000000000,95.0151318898,95.0151318898,13515.5000000000,5.0818124391,164.5686315493
7,0.099236641221,1,MONTHLY,12,13,INC,12.3120700360,12.3120700360,1.0000000000,-0.0000000000,95.0151318898,95.0151318898,13515.5000000000,5.0818124391,365.6708525493
7,0.099236641221,1,MONTHLY,12,13,DEC,73.1620134675,73.1620134675,1.0000000000,0.0000000000,95.0151318898,95.0151318898,13515.5000000000,5.0818124391,365.6708525493
7,0.099236641221,1,MONTHLY,12,19,INC,12.3120700360,12.3120700360,1.0000000000,-0.0000000000,95.0151318898,95.0151318898,13515.5000000000,5.0818124391,307.4126185493
7,0.099236641221,1,MONTHLY,12,19,DEC,73.1620134675,73.1620134675,1.0000000000,0.0000000000,95.0151318898,95.0151318898,13515.5000000000,5.0818124391,307.4126185493
7,0.099236641221,1,MONTHLY,12,169,INC,12.3120700360,12.3120700360,1.0000000000,-0.0000000000,95.0151318898,95.0151318898,13515.5000000000,5.0818124391,223.2004465493
7,0.099236641221,1,MONTHLY,12,169,DEC,73.1620134675,73.1620134675,1.0000000000,0.0000000000,95.0151318898,95.0151318898,13515.5000000000,5.0818124391,223.2004465493
7,0.099236641221,1,MONTHLY,12,175,INC,12.3120700360,12.3120700360,1.0000000000,-0.0000000000,95.0151318898,95.0151318898,13515.5000000000,5.0818124391,184.4590675493
7,0.099236641221,1,MONTHLY,12,175,DEC,73.1620134675,73.1620134675,1.0000000000,0.0000000000,95.0151318898,95.0151318898,13515.5000000000,5.0818124391,184.4590675493
7,0.099236641221,1,MONTHLY,12,181,INC,12.3120700360,12.3120700360,1.0000000000,-0.0000000000,95.0151318898,95.0151318898,13515.5000000000,5.0818124391,171.7995105493
7,0.099236641221,1,MONTHLY,12,181,DEC,73.1620134675,73.1620134675,1.0000000000,0.0000000000,95.0151318898,95.0151318898,13515.5000000000,5.0818124391,171.7995105493
7,0.099236641221,1,MONTHLY,12,187,INC,12.3120700360,12.3120700360,1.0000000000,-0.0000000000,95.0151318898,95.0151318898,13515.5000000000,5.0818124391,273.0501805493
7,0.099236641221,1,MONTHLY,12,187,DEC,73.1620134675,73.1620134675,1.0000000000,0.0000000000,95.0151318898,95.0151318898,13515.5000000000,5.0818124391,273.0501805493
7,0.099236641221,1,MONTHLY,12,337,INC,12.3120700360,12.3120700360,1.0000000000,-0.0000000000,95.0151318898,95.0151318898,13515.5000000000,5.0818124391,232.3960285493
7,0.099236641221,1,MONTHLY,12,337,DEC,73.1620134675,73.1620134675,1.0000000000,0.0000000000,95.0151318898,95.0151318898,13515.5000000000,5.0818124391,232.3960285493
7,0.099236641221,1,MONTHLY,12,343,INC,12.3120700360,12.3120700360,1.0000000000,-0.0000000000,95.0151318898,95.0151318898,13515.5000000000,5.0818124391,184.9266185493
7,0.099236641221,1,MONTHLY,12,343,DEC,73.1620134675,73.1620134675,1.0000000000,0.0000000000,95.0151318898,95.0151318898,13515.5000000000,5.0818124391,184.9266185493
7,0.099236641221,1,MONTHLY,12,349,INC,12.3120700360,12.3120700360,1.0000000000,-0.0000000000,95.0151318898,95.0151318898,13515.5000000000,5.0818124391,383.0467225493
7,0.099236641221,1,MONTHLY,12,349,DEC,73.1620134675,73.1620134675,1.0000000000,0.0000000000,95.0151318898,95.0151318898,13515.5000000000,5.0818124391,383.0467225493
7,0.099236641221,1,MONTHLY,12,355,INC,12.3120700360,12.3120700360,1.0000000000,-0.0000000000,95.0151318898,95.0151318898,13515.5000000000,5.0818124391,295.7971465493
7,0.099236641221,1,MONTHLY,12,355,DEC,73.1620134675,73.1620134675,1.0000000000,0.0000000000,95.0151318898,95.0151318898,13515.5000000000,5.0818124391,295.7971465493
7,0.099236641221,1,MONTHLY,12,505,INC,12.3120700360,12.3120700360,1.0000000000,-0.0000000000,95.0151318898,95.0151318898,13515.5000000000,5.0818124391,265.3065325493
7,0.099236641221,1,MONTHLY,12,505,DEC,73.1620134675,73.1620134675,1.0000000000,0.0000000000,95.0151318898,95.0151318898,13515.5000000000,5.0818124391,265.3065325493
7,0.099236641221,1,MONTHLY,12,511,INC,12.3120700360,12.3120700360,1.0000000000,-0.0000000000,95.0151318898,95.0151318898,13515.5000000000,5.0818124391,221.2413955493
7,0.099236641221,1,MONTHLY,12,511,DEC,73.1620134675,73.1620134675,1.0000000000,0.0000000000,95.0151318898,95.0151318898,13515.5000000000,5.0818124391,221.2413955493
7,0.099236641221,1,MONTHLY,12,517,INC,12.3120700360,12.3120700360,1.0000000000,-0.0000000000,95.0151318898,95.0151318898,13515.5000000000,5.0818124391,460.0629895493
7,0.099236641221,1,MONTHLY,12,517,DEC,73.1620134675,73.1620134675,1.0000000000,0.0000000000,95.0151318898,95.0151318898,13515.5000000000,5.0818124391,460.0629895493
7,0.099236641221,1,MONTHLY,12,523,INC,12.3120700360,12.3120700360,1.0000000000,-0.0000000000,95.0151318898,95.0151318898,13515.5000000000,5.0818124391,352.4225725493
7,0.099236641221,1,MONTHLY,12,523,DEC,73.1620134675,73.1620134675,1.0000000000,0.0000000000,95.0151318898,95.0151318898,13515.5000000000,5.0818124391,352.4225725493
7,0.099236641221,1,MONTHLY,12,673,INC,12.3120700360,12.3120700360,1.0000000000,-0.0000000000,95.0151318898,95.0151318898,13515.5000000000,5.0818124391,295.3131685493
7,0.099236641221,1,MONTHLY,12,673,DEC,55.5181758298,55.5181758298,1.0000000000,0.0000000000,95.0151318898,95.0151318898,13515.5000000000,5.0818124391,295.3131685493
7,0.099236641221,1,MONTHLY,12,679,INC,12.3120700360,12.3120700360,1.0000000000,-0.0000000000,95.0151318898,95.0151318898,13515.5000000000,5.0818124391,249.6724535493
7,0.099236641221,1,MONTHLY,12,679,DEC,50.4546692070,50.4546692070,1.0000000000,0.0000000000,95.0151318898,95.0151318898,13515.5000000000,5.0818124391,249.6724535493
7,0.099236641221,1,MONTHLY,12,685,INC,12.3120700360,12.3120700360,1.0000000000,-0.0000000000,95.0151318898,95.0151318898,13515.5000000000,5.0818124391,369.5919575493
7,0.099236641221,1,MONTHLY,12,685,DEC,45.1903151206,45.1903151206,1.0000000000,-0.0000000000,95.0151318898,95.0151318898,13515.5000000000,5.0818124391,369.5919575493
7,0.099236641221,1,MONTHLY,12,691,INC,12.3120700360,12.3120700360,1.0000000000,-0.0000000000,95.0151318898,95.0151318898,13515.5000000000,5.0818124391,319.9960465493
7,0.099236641221,1,MONTHLY,12,691,DEC,39.9259610342,39.9259610342,1.0000000000,-0.0000000000,95.0151318898,95.0151318898,13515.5000000000,5.0818124391,319.9960465493
7,0.099236641221,1,MONTHLY,24,1,INC,12.3120700360,12.3120700360,1.0000000000,-0.0000000000,95.0151318898,95.0151318898,13515.5000000000,5.0818124391,275.9540485493
7,0.099236641221,1,MONTHLY,24,1,DEC,44.1706644042,44.1706644042,1.0000000000,0.0000000000,95.0151318898,95.0151318898,13515.5000000000,5.0818124391,275.9540485493
7,0.099236641221,1,MONTHLY,24,7,INC,12.3120700360,12.3120700360,1.0000000000,-0.0000000000,95.0151318898,95.0151318898,13515.5000000000,5.0818124391,164.5686315493
7,0.099236641221,1,MONTHLY,24,7,DEC,44.1706644042,44.1706644042,1.0000000000,0.0000000000,95.0151318898,95.0151318898,13515.5000000000,5.0818124391,164.5686315493
7,0.099236641221,1,MONTHLY,24,13,INC,12.3120700360,12.3120700360,1.0000000000,-0.0000000000,95.0151318898,95.0151318898,13515.5000000000,5.0818124391,365.6708525493
7,0.099236641221,1,MONTHLY,24,13,DEC,44.1706644042,44.1706644042,1.0000000000,0.0000000000,95.0151318898,95.0151318898,13515.5000000000,5.0818124391,365.6708525493
7,0.099236641221,1,MONTHLY,24,19,INC,12.3120700360,12.3120700360,1.0000000000,-0.0000000000,95.0151318898,95.0151318898,13515.5000000000,5.0818124391,307.4126185493
7,0.099236641221,1,MONTHLY,24,19,DEC,44.1706644042,44.1706644042,1.0000000000,0.0000000000,95.0151318898,95.0151318898,13515.5000000000,5.0818124391,307.4126185493
7,0.099236641221,1,MONTHLY,24,169,INC,12.3120700360,12.3120700360,1.0000000000,-0.0000000000,95.0151318898,95.0151318898,13515.5000000000,5.0818124391,223.2004465493
7,0.099236641221,1,MONTHLY,24,169,DEC,44.1706644042,44.1706644042,1.0000000000,0.0000000000,95.0151318898,95.0151318898,13515.5000000000,5.0818124391,223.2004465493
7,0.099236641221,1,MONTHLY,24,175,INC,12.3120700360,12.3120700360,1.0000000000,-0.0000000000,95.0151318898,95.0151318898,13515.5000000000,5.0818124391,184.4590675493
7,0.099236641221,1,MONTHLY,24,175,DEC,44.1706644042,44.1706644042,1.0000000000,0.0000000000,95.0151318898,95.0151318898,13515.5000000000,5.0818124391,184.4590675493
7,0.099236641221,1,MONTHLY,24,181,INC,12.3120700360,12.3120700360,1.0000000000,-0.0000000000,95.0151318898,95.0151318898,13515.5000000000,5.0818124391,171.7995105493
7,0.099236641221,1,MONTHLY,24,181,DEC,44.1706644042,44.1706644042,1.0000000000,0.0000000000,95.0151318898,95.0151318898,13515.5000000000,5.0818124391,171.7995105493
7,0.099236641221,1,MONTHLY,24,187,INC,12.3120700360,12.3120700360,1.0000000000,-0.0000000000,95.0151318898,95.0151318898,13515.5000000000,5.0818124391,273.0501805493
7,0.099236641221,1,MONTHLY,24,187,DEC,44.1706644042,44.1706644042,1.0000000000,0.0000000000,95.0151318898,95.0151318898,13515.5000000000,5.0818124391,273.0501805493
7,0.099236641221,1,MONTHLY,24,337,INC,12.3120700360,12.3120700360,1.0000000000,-0.0000000000,95.0151318898,95.0151318898,13515.5000000000,5.0818124391,232.3960285493
7,0.099236641221,1,MONTHLY,24,337,DEC,44.1706644042,44.1706644042,1.0000000000,0.0000000000,95.0151318898,95.0151318898,13515.5000000000,5.0818124391,232.3960285493
7,0.099236641221,1,MONTHLY,24,343,INC,12.3120700360,12.3120700360,1.0000000000,-0.0000000000,95.0151318898,95.0151318898,13515.5000000000,5.0818124391,184.9266185493
7,0.099236641221,1,MONTHLY,24,343,DEC,44.1706644042,44.1706644042,1.0000000000,0.0000000000,95.0151318898,95.0151318898,13515.5000000000,5.0818124391,184.9266185493
7,0.099236641221,1,MONTHLY,24,349,INC,12.3120700360,12.3120700360,1.0000000000,0.0000000000,95.0151318898,95.0151318898,13515.5000000000,5.0818124391,383.0467225493
7,0.099236641221,1,MONTHLY,24,349,DEC,44.1706644042,44.1706644042,1.0000000000,0.0000000000,95.0151318898,95.0151318898,13515.5000000000,5.0818124391,383.0467225493
7,0.099236641221,1,MONTHLY,24,355,INC,12.3120700360,12.3120700360,1.0000000000,0.0000000000,95.0151318898,95.0151318898,13515.5000000000,5.0818124391,295.7971465493
7,0.099236641221,1,MONTHLY,24,355,DEC,44.1706644042,44.1706644042,1.0000000000,0.0000000000,95.0151318898,95.0151318898,13515.5000000000,5.0818124391,295.7971465493
7,0.099236641221,1,MONTHLY,24,505,INC,12.3120700360,12.3120700360,1.0000000000,-0.0000000000,95.0151318898,95.0151318898,13515.5000000000,5.0818124391,265.3065325493
7,0.099236641221,1,MONTHLY,24,505,DEC,44.1706644042,44.1706644042,1.0000000000,-0.0000000000,95.0151318898,95.0151318898,13515.5000000000,5.0818124391,265.3065325493
7,0.099236641221,1,MONTHLY,24,511,INC,12.3120700360,12.3120700360,1.0000000000,-0.0000000000,95.0151318898,95.0151318898,13515.5000000000,5.0818124391,221.2413955493
7,0.099236641221,1,MONTHLY,24,511,DEC,44.1706644042,44.1706644042,1.0000000000,0.0000000000,95.0151318898,95.0151318898,13515.5000000000,5.0818124391,221.2413955493
7,0.099236641221,1,MONTHLY,24,517,INC,12.3120700360,12.3120700360,1.0000000000,0.0000000000,95.0151318898,95.0151318898,13515.5000000000,5.0818124391,460.0629895493
7,0.099236641221,1,MONTHLY,24,517,DEC,44.1706644042,44.1706644042,1.0000000000,0.0000000000,95.0151318898,95.0151318898,13515.5000000000,5.0818124391,460.0629895493
7,0.099236641221,1,MONTHLY,24,523,INC,12.3120700360,12.3120700360,1.0000000000,-0.0000000000,95.0151318898,95.0151318898,13515.5000000000,5.0818124391,352.4225725493
7,0.099236641221,1,MONTHLY,24,523,DEC,44.1706644042,44.1706644042,1.0000000000,-0.0000000000,95.0151318898,95.0151318898,13515.5000000000,5.0818124391,352.4225725493
7,0.099236641221,1,MONTHLY,24,673,INC,12.3120700360,12.3120700360,1.0000000000,-0.0000000000,95.0151318898,95.0151318898,13515.5000000000,5.0818124391,295.3131685493
7,0.099236641221,1,MONTHLY,24,673,DEC,23.5043529343,23.5043529343,1.0000000000,0.0000000000,95.0151318898,95.0151318898,13515.5000000000,5.0818124391,295.3131685493
7,0.099236641221,1,MONTHLY,24,679,INC,12.3120700360,12.3120700360,1.0000000000,-0.0000000000,95.0151318898,95.0151318898,13515.5000000000,5.0818124391,249.6724535493
7,0.099236641221,1,MONTHLY,24,679,DEC,20.6875108405,20.6875108405,1.0000000000,0.0000000000,95.0151318898,95.0151318898,13515.5000000000,5.0818124391,249.6724535493
7,0.099236641221,1,MONTHLY,24,685,INC,12.3120700360,12.3120700360,1.0000000000,-0.0000000000,95.0151318898,95.0151318898,13515.5000000000,5.0818124391,369.5919575493
7,0.099236641221,1,MONTHLY,24,685,DEC,17.8063588609,17.8063588609,1.0000000000,0.0000000000,95.0151318898,95.0151318898,13515.5000000000,5.0818124391,369.5919575493
7,0.099236641221,1,MONTHLY,24,691,INC,12.3120700360,12.3120700360,1.0000000000,-0.0000000000,95.0151318898,95.0151318898,13515.5000000000,5.0818124391,319.9960465493
7,0.099236641221,1,MONTHLY,24,691,DEC,14.9252068813,14.9252068813,1.0000000000,-0.0000000000,95.0151318898,95.0151318898,13515.5000000000,5.0818124391,319.9960465493
7,0.099236641221,2,HOURLY,1,1,INC,12.3120700360,12.3120700360,1.0000000000,0.0000000000,95.0151318898,95.0151318898,13515.5000000000,5.0818124391,275.9540485493
7,0.099236641221,2,HOURLY,1,1,DEC,92.6208513895,92.6208513895,1.0000000000,0.0000000000,95.0151318898,95.0151318898,13515.5000000000,5.0818124391,275.9540485493
7,0.099236641221,2,HOURLY,1,7,INC,12.3120700360,12.3120700360,1.0000000000,0.0000000000,95.0151318898,95.0151318898,13515.5000000000,5.0818124391,164.5686315493
7,0.099236641221,2,HOURLY,1,7,DEC,92.6208513895,92.6208513895,1.0000000000,0.0000000000,95.0151318898,95.0151318898,13515.5000000000,5.0818124391,164.5686315493
7,0.099236641221,2,HOURLY,1,13,INC,12.3120700360,12.3120700360,1.0000000000,0.0000000000,95.0151318898,95.0151318898,13515.5000000000,5.0818124391,365.6708525493
7,0.099236641221,2,HOURLY,1,13,DEC,92.6208513895,92.6208513895,1.0000000000,0.0000000000,95.0151318898,95.0151318898,13515.5000000000,5.0818124391,365.6708525493
7,0.099236641221,2,HOURLY,1,19,INC,12.3120700360,12.3120700360,1.0000000000,-0.0000000000,95.0151318898,95.0151318898,13515.5000000000,5.0818124391,307.4126185493
7,0.099236641221,2,HOURLY,1,19,DEC,92.6208513895,92.6208513895,1.0000000000,0.0000000000,95.0151318898,95.0151318898,13515.5000000000,5.0818124391,307.4126185493
7,0.099236641221,2,HOURLY,1,169,INC,12.3120700360,12.3120700360,1.0000000000,-0.0000000000,95.0151318898,95.0151318898,13515.5000000000,5.0818124391,223.2004465493
7,0.099236641221,2,HOURLY,1,169,DEC,92.6208513895,92.6208513895,1.0000000000,0.0000000000,95.0151318898,95.0151318898,13515.5000000000,5.0818124391,223.2004465493
7,0.099236641221,2,HOURLY,1,175,INC,12.3120700360,12.3120700360,1.0000000000,0.0000000000,95.0151318898,95.0151318898,13515.5000000000,5.0818124391,184.4590675493
7,0.099236641221,2,HOURLY,1,175,DEC,92.6208513895,92.6208513895,1.0000000000,0.0000000000,95.0151318898,95.0151318898,13515.5000000000,5.0818124391,184.4590675493
7,0.099236641221,2,HOURLY,1,181,INC,12.3120700360,12.3120700360,1.0000000000,-0.0000000000,95.0151318898,95.0151318898,13515.5000000000,5.0818124391,171.7995105493
7,0.099236641221,2,HOURLY,1,181,DEC,92.6208513895,92.6208513895,1.0000000000,0.0000000000,95.0151318898,95.0151318898,13515.5000000000,5.0818124391,171.7995105493
7,0.099236641221,2,HOURLY,1,187,INC,12.3120700360,12.3120700360,1.0000000000,-0.0000000000,95.0151318898,95.0151318898,13515.5000000000,5.0818124391,273.0501805493
7,0.099236641221,2,HOURLY,1,187,DEC,92.6208513895,92.6208513895,1.0000000000,0.0000000000,95.0151318898,95.0151318898,13515.5000000000,5.0818124391,273.0501805493
7,0.099236641221,2,HOURLY,1,337,INC,12.3120700360,12.3120700360,1.0000000000,0.0000000000,95.0151318898,95.0151318898,13515.5000000000,5.0818124391,232.3960285493
7,0.099236641221,2,HOURLY,1,337,DEC,92.6208513895,92.6208513895,1.0000000000,0.0000000000,95.0151318898,95.0151318898,13515.5000000000,5.0818124391,232.3960285493
7,0.099236641221,2,HOURLY,1,343,INC,12.3120700360,12.3120700360,1.0000000000,0.0000000000,95.0151318898,95.0151318898,13515.5000000000,5.0818124391,184.9266185493
7,0.099236641221,2,HOURLY,1,343,DEC,92.6208513895,92.6208513895,1.0000000000,0.0000000000,95.0151318898,95.0151318898,13515.5000000000,5.0818124391,184.9266185493
7,0.099236641221,2,HOURLY,1,349,INC,12.3120700360,12.3120700360,1.0000000000,-0.0000000000,95.0151318898,95.0151318898,13515.5000000000,5.0818124391,383.0467225493
7,0.099236641221,2,HOURLY,1,349,DEC,92.6208513895,92.6208513895,1.0000000000,0.0000000000,95.0151318898,95.0151318898,13515.5000000000,5.0818124391,383.0467225493
7,0.099236641221,2,HOURLY,1,355,INC,12.3120700360,12.3120700360,1.0000000000,0.0000000000,95.0151318898,95.0151318898,13515.5000000000,5.0818124391,295.7971465493
7,0.099236641221,2,HOURLY,1,355,DEC,92.6208513895,92.6208513895,1.0000000000,0.0000000000,95.0151318898,95.0151318898,13515.5000000000,5.0818124391,295.7971465493
7,0.099236641221,2,HOURLY,1,505,INC,12.3120700360,12.3120700360,1.0000000000,0.0000000000,95.0151318898,95.0151318898,13515.5000000000,5.0818124391,265.3065325493
7,0.099236641221,2,HOURLY,1,505,DEC,92.6208513895,92.6208513895,1.0000000000,0.0000000000,95.0151318898,95.0151318898,13515.5000000000,5.0818124391,265.3065325493
7,0.099236641221,2,HOURLY,1,511,INC,12.3120700360,12.3120700360,1.0000000000,0.0000000000,95.0151318898,95.0151318898,13515.5000000000,5.0818124391,221.2413955493
7,0.099236641221,2,HOURLY,1,511,DEC,92.6208513895,92.6208513895,1.0000000000,0.0000000000,95.0151318898,95.0151318898,13515.5000000000,5.0818124391,221.2413955493
7,0.099236641221,2,HOURLY,1,517,INC,12.3120700360,12.3120700360,1.0000000000,0.0000000000,95.0151318898,95.0151318898,13515.5000000000,5.0818124391,460.0629895493
7,0.099236641221,2,HOURLY,1,517,DEC,92.6208513895,92.6208513895,1.0000000000,0.0000000000,95.0151318898,95.0151318898,13515.5000000000,5.0818124391,460.0629895493
7,0.099236641221,2,HOURLY,1,523,INC,12.3120700360,12.3120700360,1.0000000000,0.0000000000,95.0151318898,95.0151318898,13515.5000000000,5.0818124391,352.4225725493
7,0.099236641221,2,HOURLY,1,523,DEC,92.6208513895,92.6208513895,1.0000000000,0.0000000000,95.0151318898,95.0151318898,13515.5000000000,5.0818124391,352.4225725493
7,0.099236641221,2,HOURLY,1,673,INC,12.3120700360,12.3120700360,1.0000000000,-0.0000000000,95.0151318898,95.0151318898,13515.5000000000,5.0818124391,295.3131685493
7,0.099236641221,2,HOURLY,1,673,DEC,92.6208513895,92.6208513895,1.0000000000,0.0000000000,95.0151318898,95.0151318898,13515.5000000000,5.0818124391,295.3131685493
7,0.099236641221,2,HOURLY,1,679,INC,12.3120700360,12.3120700360,1.0000000000,-0.0000000000,95.0151318898,95.0151318898,13515.5000000000,5.0818124391,249.6724535493
7,0.099236641221,2,HOURLY,1,679,DEC,92.6208513895,92.6208513895,1.0000000000,0.0000000000,95.0151318898,95.0151318898,13515.5000000000,5.0818124391,249.6724535493
7,0.099236641221,2,HOURLY,1,685,INC,12.3120700360,12.3120700360,1.0000000000,0.0000000000,95.0151318898,95.0151318898,13515.5000000000,5.0818124391,369.5919575493
7,0.099236641221,2,HOURLY,1,685,DEC,92.6208513895,92.6208513895,1.0000000000,0.0000000000,95.0151318898,95.0151318898,13515.5000000000,5.0818124391,369.5919575493
7,0.099236641221,2,HOURLY,1,691,INC,12.3120700360,12.3120700360,1.0000000000,-0.0000000000,95.0151318898,95.0151318898,13515.5000000000,5.0818124391,319.9960465493
7,0.099236641221,2,HOURLY,1,691,DEC,92.6208513895,92.6208513895,1.0000000000,0.0000000000,95.0151318898,95.0151318898,13515.5000000000,5.0818124391,319.9960465493
7,0.099236641221,2,HOURLY,4,1,INC,12.3120700360,12.3120700360,1.0000000000,-0.0000000000,95.0151318898,95.0151318898,13515.5000000000,5.0818124391,275.9540485493
7,0.099236641221,2,HOURLY,4,1,DEC,92.6208513895,92.6208513895,1.0000000000,0.0000000000,95.0151318898,95.0151318898,13515.5000000000,5.0818124391,275.9540485493
7,0.099236641221,2,HOURLY,4,7,INC,12.3120700360,12.3120700360,1.0000000000,0.0000000000,95.0151318898,95.0151318898,13515.5000000000,5.0818124391,164.5686315493
7,0.099236641221,2,HOURLY,4,7,DEC,92.6208513895,92.6208513895,1.0000000000,0.0000000000,95.0151318898,95.0151318898,13515.5000000000,5.0818124391,164.5686315493
7,0.099236641221,2,HOURLY,4,13,INC,12.3120700360,12.3120700360,1.0000000000,0.0000000000,95.0151318898,95.0151318898,13515.5000000000,5.0818124391,365.6708525493
7,0.099236641221,2,HOURLY,4,13,DEC,92.6208513895,92.6208513895,1.0000000000,0.0000000000,95.0151318898,95.0151318898,13515.5000000000,5.0818124391,365.6708525493
7,0.099236641221,2,HOURLY,4,19,INC,12.3120700360,12.3120700360,1.0000000000,0.0000000000,95.0151318898,95.0151318898,13515.5000000000,5.0818124391,307.4126185493
7,0.099236641221,2,HOURLY,4,19,DEC,92.6208513895,92.6208513895,1.0000000000,0.0000000000,95.0151318898,95.0151318898,13515.5000000000,5.0818124391,307.4126185493
7,0.099236641221,2,HOURLY,4,169,INC,12.3120700360,12.3120700360,1.0000000000,0.0000000000,95.0151318898,95.0151318898,13515.5000000000,5.0818124391,223.2004465493
7,0.099236641221,2,HOURLY,4,169,DEC,92.6208513895,92.6208513895,1.0000000000,0.0000000000,95.0151318898,95.0151318898,13515.5000000000,5.0818124391,223.2004465493
7,0.099236641221,2,HOURLY,4,175,INC,12.3120700360,12.3120700360,1.0000000000,0.0000000000,95.0151318898,95.0151318898,13515.5000000000,5.0818124391,184.4590675493
7,0.099236641221,2,HOURLY,4,175,DEC,92.6208513895,92.6208513895,1.0000000000,0.0000000000,95.0151318898,95.0151318898,13515.5000000000,5.0818124391,184.4590675493
7,0.099236641221,2,HOURLY,4,181,INC,12.3120700360,12.3120700360,1.0000000000,0.0000000000,95.0151318898,95.0151318898,13515.5000000000,5.0818124391,171.7995105493
7,0.099236641221,2,HOURLY,4,181,DEC,92.6208513895,92.6208513895,1.0000000000,0.0000000000,95.0151318898,95.0151318898,13515.5000000000,5.0818124391,171.7995105493
7,0.099236641221,2,HOURLY,4,187,INC,12.3120700360,12.3120700360,1.0000000000,-0.0000000000,95.0151318898,95.0151318898,13515.5000000000,5.0818124391,273.0501805493
7,0.099236641221,2,HOURLY,4,187,DEC,92.6208513895,92.6208513895,1.0000000000,0.0000000000,95.0151318898,95.0151318898,13515.5000000000,5.0818124391,273.0501805493
7,0.099236641221,2,HOURLY,4,337,INC,12.3120700360,12.3120700360,1.0000000000,0.0000000000,95.0151318898,95.0151318898,13515.5000000000,5.0818124391,232.3960285493
7,0.099236641221,2,HOURLY,4,337,DEC,92.6208513895,92.6208513895,1.0000000000,0.0000000000,95.0151318898,95.0151318898,13515.5000000000,5.0818124391,232.3960285493
7,0.099236641221,2,HOURLY,4,343,INC,12.3120700360,12.3120700360,1.0000000000,0.0000000000,95.0151318898,95.0151318898,13515.5000000000,5.0818124391,184.9266185493
7,0.099236641221,2,HOURLY,4,343,DEC,92.6208513895,92.6208513895,1.0000000000,0.0000000000,95.0151318898,95.0151318898,13515.5000000000,5.0818124391,184.9266185493
7,0.099236641221,2,HOURLY,4,349,INC,12.3120700360,12.3120700360,1.0000000000,0.0000000000,95.0151318898,95.0151318898,13515.5000000000,5.0818124391,383.0467225493
7,0.099236641221,2,HOURLY,4,349,DEC,92.6208513895,92.6208513895,1.0000000000,0.0000000000,95.0151318898,95.0151318898,13515.5000000000,5.0818124391,383.0467225493
7,0.099236641221,2,HOURLY,4,355,INC,12.3120700360,12.3120700360,1.0000000000,-0.0000000000,95.0151318898,95.0151318898,13515.5000000000,5.0818124391,295.7971465493
7,0.099236641221,2,HOURLY,4,355,DEC,92.6208513895,92.6208513895,1.0000000000,0.0000000000,95.0151318898,95.0151318898,13515.5000000000,5.0818124391,295.7971465493
7,0.099236641221,2,HOURLY,4,505,INC,12.3120700360,12.3120700360,1.0000000000,-0.0000000000,95.0151318898,95.0151318898,13515.5000000000,5.0818124391,265.3065325493
7,0.099236641221,2,HOURLY,4,505,DEC,92.6208513895,92.6208513895,1.0000000000,0.0000000000,95.0151318898,95.0151318898,13515.5000000000,5.0818124391,265.3065325493
7,0.099236641221,2,HOURLY,4,511,INC,12.3120700360,12.3120700360,1.0000000000,-0.0000000000,95.0151318898,95.0151318898,13515.5000000000,5.0818124391,221.2413955493
7,0.099236641221,2,HOURLY,4,511,DEC,92.6208513895,92.6208513895,1.0000000000,0.0000000000,95.0151318898,95.0151318898,13515.5000000000,5.0818124391,221.2413955493
7,0.099236641221,2,HOURLY,4,517,INC,12.3120700360,12.3120700360,1.0000000000,-0.0000000000,95.0151318898,95.0151318898,13515.5000000000,5.0818124391,460.0629895493
7,0.099236641221,2,HOURLY,4,517,DEC,92.6208513895,92.6208513895,1.0000000000,0.0000000000,95.0151318898,95.0151318898,13515.5000000000,5.0818124391,460.0629895493
7,0.099236641221,2,HOURLY,4,523,INC,12.3120700360,12.3120700360,1.0000000000,-0.0000000000,95.0151318898,95.0151318898,13515.5000000000,5.0818124391,352.4225725493
7,0.099236641221,2,HOURLY,4,523,DEC,92.6208513895,92.6208513895,1.0000000000,0.0000000000,95.0151318898,95.0151318898,13515.5000000000,5.0818124391,352.4225725493
7,0.099236641221,2,HOURLY,4,673,INC,12.3120700360,12.3120700360,1.0000000000,-0.0000000000,95.0151318898,95.0151318898,13515.5000000000,5.0818124391,295.3131685493
7,0.099236641221,2,HOURLY,4,673,DEC,92.6208513895,92.6208513895,1.0000000000,0.0000000000,95.0151318898,95.0151318898,13515.5000000000,5.0818124391,295.3131685493
7,0.099236641221,2,HOURLY,4,679,INC,12.3120700360,12.3120700360,1.0000000000,0.0000000000,95.0151318898,95.0151318898,13515.5000000000,5.0818124391,249.6724535493
7,0.099236641221,2,HOURLY,4,679,DEC,92.6208513895,92.6208513895,1.0000000000,0.0000000000,95.0151318898,95.0151318898,13515.5000000000,5.0818124391,249.6724535493
7,0.099236641221,2,HOURLY,4,685,INC,12.3120700360,12.3120700360,1.0000000000,-0.0000000000,95.0151318898,95.0151318898,13515.5000000000,5.0818124391,369.5919575493
7,0.099236641221,2,HOURLY,4,685,DEC,92.6208513895,92.6208513895,1.0000000000,0.0000000000,95.0151318898,95.0151318898,13515.5000000000,5.0818124391,369.5919575493
7,0.099236641221,2,HOURLY,4,691,INC,12.3120700360,12.3120700360,1.0000000000,0.0000000000,95.0151318898,95.0151318898,13515.5000000000,5.0818124391,319.9960465493
7,0.099236641221,2,HOURLY,4,691,DEC,92.6208513895,92.6208513895,1.0000000000,0.0000000000,95.0151318898,95.0151318898,13515.5000000000,5.0818124391,319.9960465493
7,0.099236641221,2,HOURLY,12,1,INC,12.3120700360,12.3120700360,1.0000000000,-0.0000000000,95.0151318898,95.0151318898,13515.5000000000,5.0818124391,275.9540485493
7,0.099236641221,2,HOURLY,12,1,DEC,73.1620134675,73.1620134675,1.0000000000,0.0000000000,95.0151318898,95.0151318898,13515.5000000000,5.0818124391,275.9540485493
7,0.099236641221,2,HOURLY,12,7,INC,12.3120700360,12.3120700360,1.0000000000,0.0000000000,95.0151318898,95.0151318898,13515.5000000000,5.0818124391,164.5686315493
7,0.099236641221,2,HOURLY,12,7,DEC,73.1620134675,73.1620134675,1.0000000000,0.0000000000,95.0151318898,95.0151318898,13515.5000000000,5.0818124391,164.5686315493
7,0.099236641221,2,HOURLY,12,13,INC,12.3120700360,12.3120700360,1.0000000000,0.0000000000,95.0151318898,95.0151318898,13515.5000000000,5.0818124391,365.6708525493
7,0.099236641221,2,HOURLY,12,13,DEC,73.1620134675,73.1620134675,1.0000000000,0.0000000000,95.0151318898,95.0151318898,13515.5000000000,5.0818124391,365.6708525493
7,0.099236641221,2,HOURLY,12,19,INC,12.3120700360,12.3120700360,1.0000000000,0.0000000000,95.0151318898,95.0151318898,13515.5000000000,5.0818124391,307.4126185493
7,0.099236641221,2,HOURLY,12,19,DEC,73.1620134675,73.1620134675,1.0000000000,0.0000000000,95.0151318898,95.0151318898,13515.5000000000,5.0818124391,307.4126185493
7,0.099236641221,2,HOURLY,12,169,INC,12.3120700360,12.3120700360,1.0000000000,0.0000000000,95.0151318898,95.0151318898,13515.5000000000,5.0818124391,223.2004465493
7,0.099236641221,2,HOURLY,12,169,DEC,73.1620134675,73.1620134675,1.0000000000,0.0000000000,95.0151318898,95.0151318898,13515.5000000000,5.0818124391,223.2004465493
7,0.099236641221,2,HOURLY,12,175,INC,12.3120700360,12.3120700360,1.0000000000,0.0000000000,95.0151318898,95.0151318898,13515.5000000000,5.0818124391,184.4590675493
7,0.099236641221,2,HOURLY,12,175,DEC,73.1620134675,73.1620134675,1.0000000000,0.0000000000,95.0151318898,95.0151318898,13515.5000000000,5.0818124391,184.4590675493
7,0.099236641221,2,HOURLY,12,181,INC,12.3120700360,12.3120700360,1.0000000000,0.0000000000,95.0151318898,95.0151318898,13515.5000000000,5.0818124391,171.7995105493
7,0.099236641221,2,HOURLY,12,181,DEC,73.1620134675,73.1620134675,1.0000000000,0.0000000000,95.0151318898,95.0151318898,13515.5000000000,5.0818124391,171.7995105493
7,0.099236641221,2,HOURLY,12,187,INC,12.3120700360,12.3120700360,1.0000000000,0.0000000000,95.0151318898,95.0151318898,13515.5000000000,5.0818124391,273.0501805493
7,0.099236641221,2,HOURLY,12,187,DEC,73.1620134675,73.1620134675,1.0000000000,0.0000000000,95.0151318898,95.0151318898,13515.5000000000,5.0818124391,273.0501805493
7,0.099236641221,2,HOURLY,12,337,INC,12.3120700360,12.3120700360,1.0000000000,-0.0000000000,95.0151318898,95.0151318898,13515.5000000000,5.0818124391,232.3960285493
7,0.099236641221,2,HOURLY,12,337,DEC,73.1620134675,73.1620134675,1.0000000000,0.0000000000,95.0151318898,95.0151318898,13515.5000000000,5.0818124391,232.3960285493
7,0.099236641221,2,HOURLY,12,343,INC,12.3120700360,12.3120700360,1.0000000000,0.0000000000,95.0151318898,95.0151318898,13515.5000000000,5.0818124391,184.9266185493
7,0.099236641221,2,HOURLY,12,343,DEC,73.1620134675,73.1620134675,1.0000000000,0.0000000000,95.0151318898,95.0151318898,13515.5000000000,5.0818124391,184.9266185493
7,0.099236641221,2,HOURLY,12,349,INC,12.3120700360,12.3120700360,1.0000000000,0.0000000000,95.0151318898,95.0151318898,13515.5000000000,5.0818124391,383.0467225493
7,0.099236641221,2,HOURLY,12,349,DEC,73.1620134675,73.1620134675,1.0000000000,0.0000000000,95.0151318898,95.0151318898,13515.5000000000,5.0818124391,383.0467225493
7,0.099236641221,2,HOURLY,12,355,INC,12.3120700360,12.3120700360,1.0000000000,0.0000000000,95.0151318898,95.0151318898,13515.5000000000,5.0818124391,295.7971465493
7,0.099236641221,2,HOURLY,12,355,DEC,73.1620134675,73.1620134675,1.0000000000,0.0000000000,95.0151318898,95.0151318898,13515.5000000000,5.0818124391,295.7971465493
7,0.099236641221,2,HOURLY,12,505,INC,12.3120700360,12.3120700360,1.0000000000,0.0000000000,95.0151318898,95.0151318898,13515.5000000000,5.0818124391,265.3065325493
7,0.099236641221,2,HOURLY,12,505,DEC,73.1620134675,73.1620134675,1.0000000000,0.0000000000,95.0151318898,95.0151318898,13515.5000000000,5.0818124391,265.3065325493
7,0.099236641221,2,HOURLY,12,511,INC,12.3120700360,12.3120700360,1.0000000000,0.0000000000,95.0151318898,95.0151318898,13515.5000000000,5.0818124391,221.2413955493
7,0.099236641221,2,HOURLY,12,511,DEC,73.1620134675,73.1620134675,1.0000000000,0.0000000000,95.0151318898,95.0151318898,13515.5000000000,5.0818124391,221.2413955493
7,0.099236641221,2,HOURLY,12,517,INC,12.3120700360,12.3120700360,1.0000000000,-0.0000000000,95.0151318898,95.0151318898,13515.5000000000,5.0818124391,460.0629895493
7,0.099236641221,2,HOURLY,12,517,DEC,73.1620134675,73.1620134675,1.0000000000,0.0000000000,95.0151318898,95.0151318898,13515.5000000000,5.0818124391,460.0629895493
7,0.099236641221,2,HOURLY,12,523,INC,12.3120700360,12.3120700360,1.0000000000,-0.0000000000,95.0151318898,95.0151318898,13515.5000000000,5.0818124391,352.4225725493
7,0.099236641221,2,HOURLY,12,523,DEC,73.1620134675,73.1620134675,1.0000000000,0.0000000000,95.0151318898,95.0151318898,13515.5000000000,5.0818124391,352.4225725493
7,0.099236641221,2,HOURLY,12,673,INC,12.3120700360,12.3120700360,1.0000000000,0.0000000000,95.0151318898,95.0151318898,13515.5000000000,5.0818124391,295.3131685493
7,0.099236641221,2,HOURLY,12,673,DEC,55.5181758298,55.5181758298,1.0000000000,0.0000000000,95.0151318898,95.0151318898,13515.5000000000,5.0818124391,295.3131685493
7,0.099236641221,2,HOURLY,12,679,INC,12.3120700360,12.3120700360,1.0000000000,0.0000000000,95.0151318898,95.0151318898,13515.5000000000,5.0818124391,249.6724535493
7,0.099236641221,2,HOURLY,12,679,DEC,50.4546692070,50.4546692070,1.0000000000,0.0000000000,95.0151318898,95.0151318898,13515.5000000000,5.0818124391,249.6724535493
7,0.099236641221,2,HOURLY,12,685,INC,12.3120700360,12.3120700360,1.0000000000,0.0000000000,95.0151318898,95.0151318898,13515.5000000000,5.0818124391,369.5919575493
7,0.099236641221,2,HOURLY,12,685,DEC,45.1903151206,45.1903151206,1.0000000000,-0.0000000000,95.0151318898,95.0151318898,13515.5000000000,5.0818124391,369.5919575493
7,0.099236641221,2,HOURLY,12,691,INC,12.3120700360,12.3120700360,1.0000000000,0.0000000000,95.0151318898,95.0151318898,13515.5000000000,5.0818124391,319.9960465493
7,0.099236641221,2,HOURLY,12,691,DEC,39.9259610342,39.9259610342,1.0000000000,-0.0000000000,95.0151318898,95.0151318898,13515.5000000000,5.0818124391,319.9960465493
7,0.099236641221,2,HOURLY,24,1,INC,12.3120700360,12.3120700360,1.0000000000,0.0000000000,95.0151318898,95.0151318898,13515.5000000000,5.0818124391,275.9540485493
7,0.099236641221,2,HOURLY,24,1,DEC,44.1706644042,44.1706644042,1.0000000000,0.0000000000,95.0151318898,95.0151318898,13515.5000000000,5.0818124391,275.9540485493
7,0.099236641221,2,HOURLY,24,7,INC,12.3120700360,12.3120700360,1.0000000000,0.0000000000,95.0151318898,95.0151318898,13515.5000000000,5.0818124391,164.5686315493
7,0.099236641221,2,HOURLY,24,7,DEC,44.1706644042,44.1706644042,1.0000000000,0.0000000000,95.0151318898,95.0151318898,13515.5000000000,5.0818124391,164.5686315493
7,0.099236641221,2,HOURLY,24,13,INC,12.3120700360,12.3120700360,1.0000000000,0.0000000000,95.0151318898,95.0151318898,13515.5000000000,5.0818124391,365.6708525493
7,0.099236641221,2,HOURLY,24,13,DEC,44.1706644042,44.1706644042,1.0000000000,-0.0000000000,95.0151318898,95.0151318898,13515.5000000000,5.0818124391,365.6708525493
7,0.099236641221,2,HOURLY,24,19,INC,12.3120700360,12.3120700360,1.0000000000,-0.0000000000,95.0151318898,95.0151318898,13515.5000000000,5.0818124391,307.4126185493
7,0.099236641221,2,HOURLY,24,19,DEC,44.1706644042,44.1706644042,1.0000000000,-0.0000000000,95.0151318898,95.0151318898,13515.5000000000,5.0818124391,307.4126185493
7,0.099236641221,2,HOURLY,24,169,INC,12.3120700360,12.3120700360,1.0000000000,0.0000000000,95.0151318898,95.0151318898,13515.5000000000,5.0818124391,223.2004465493
7,0.099236641221,2,HOURLY,24,169,DEC,44.1706644042,44.1706644042,1.0000000000,0.0000000000,95.0151318898,95.0151318898,13515.5000000000,5.0818124391,223.2004465493
7,0.099236641221,2,HOURLY,24,175,INC,12.3120700360,12.3120700360,1.0000000000,0.0000000000,95.0151318898,95.0151318898,13515.5000000000,5.0818124391,184.4590675493
7,0.099236641221,2,HOURLY,24,175,DEC,44.1706644042,44.1706644042,1.0000000000,-0.0000000000,95.0151318898,95.0151318898,13515.5000000000,5.0818124391,184.4590675493
7,0.099236641221,2,HOURLY,24,181,INC,12.3120700360,12.3120700360,1.0000000000,0.0000000000,95.0151318898,95.0151318898,13515.5000000000,5.0818124391,171.7995105493
7,0.099236641221,2,HOURLY,24,181,DEC,44.1706644042,44.1706644042,1.0000000000,0.0000000000,95.0151318898,95.0151318898,13515.5000000000,5.0818124391,171.7995105493
7,0.099236641221,2,HOURLY,24,187,INC,12.3120700360,12.3120700360,1.0000000000,0.0000000000,95.0151318898,95.0151318898,13515.5000000000,5.0818124391,273.0501805493
7,0.099236641221,2,HOURLY,24,187,DEC,44.1706644042,44.1706644042,1.0000000000,0.0000000000,95.0151318898,95.0151318898,13515.5000000000,5.0818124391,273.0501805493
7,0.099236641221,2,HOURLY,24,337,INC,12.3120700360,12.3120700360,1.0000000000,0.0000000000,95.0151318898,95.0151318898,13515.5000000000,5.0818124391,232.3960285493
7,0.099236641221,2,HOURLY,24,337,DEC,44.1706644042,44.1706644042,1.0000000000,0.0000000000,95.0151318898,95.0151318898,13515.5000000000,5.0818124391,232.3960285493
7,0.099236641221,2,HOURLY,24,343,INC,12.3120700360,12.3120700360,1.0000000000,0.0000000000,95.0151318898,95.0151318898,13515.5000000000,5.0818124391,184.9266185493
7,0.099236641221,2,HOURLY,24,343,DEC,44.1706644042,44.1706644042,1.0000000000,0.0000000000,95.0151318898,95.0151318898,13515.5000000000,5.0818124391,184.9266185493
7,0.099236641221,2,HOURLY,24,349,INC,12.3120700360,12.3120700360,1.0000000000,-0.0000000000,95.0151318898,95.0151318898,13515.5000000000,5.0818124391,383.0467225493
7,0.099236641221,2,HOURLY,24,349,DEC,44.1706644042,44.1706644042,1.0000000000,0.0000000000,95.0151318898,95.0151318898,13515.5000000000,5.0818124391,383.0467225493
7,0.099236641221,2,HOURLY,24,355,INC,12.3120700360,12.3120700360,1.0000000000,0.0000000000,95.0151318898,95.0151318898,13515.5000000000,5.0818124391,295.7971465493
7,0.099236641221,2,HOURLY,24,355,DEC,44.1706644042,44.1706644042,1.0000000000,0.0000000000,95.0151318898,95.0151318898,13515.5000000000,5.0818124391,295.7971465493
7,0.099236641221,2,HOURLY,24,505,INC,12.3120700360,12.3120700360,1.0000000000,0.0000000000,95.0151318898,95.0151318898,13515.5000000000,5.0818124391,265.3065325493
7,0.099236641221,2,HOURLY,24,505,DEC,44.1706644042,44.1706644042,1.0000000000,-0.0000000000,95.0151318898,95.0151318898,13515.5000000000,5.0818124391,265.3065325493
7,0.099236641221,2,HOURLY,24,511,INC,12.3120700360,12.3120700360,1.0000000000,0.0000000000,95.0151318898,95.0151318898,13515.5000000000,5.0818124391,221.2413955493
7,0.099236641221,2,HOURLY,24,511,DEC,44.1706644042,44.1706644042,1.0000000000,0.0000000000,95.0151318898,95.0151318898,13515.5000000000,5.0818124391,221.2413955493
7,0.099236641221,2,HOURLY,24,517,INC,12.3120700360,12.3120700360,1.0000000000,0.0000000000,95.0151318898,95.0151318898,13515.5000000000,5.0818124391,460.0629895493
7,0.099236641221,2,HOURLY,24,517,DEC,44.1706644042,44.1706644042,1.0000000000,0.0000000000,95.0151318898,95.0151318898,13515.5000000000,5.0818124391,460.0629895493
7,0.099236641221,2,HOURLY,24,523,INC,12.3120700360,12.3120700360,1.0000000000,0.0000000000,95.0151318898,95.0151318898,13515.5000000000,5.0818124391,352.4225725493
7,0.099236641221,2,HOURLY,24,523,DEC,44.1706644042,44.1706644042,1.0000000000,-0.0000000000,95.0151318898,95.0151318898,13515.5000000000,5.0818124391,352.4225725493
7,0.099236641221,2,HOURLY,24,673,INC,12.3120700360,12.3120700360,1.0000000000,0.0000000000,95.0151318898,95.0151318898,13515.5000000000,5.0818124391,295.3131685493
7,0.099236641221,2,HOURLY,24,673,DEC,23.5043529343,23.5043529343,1.0000000000,0.0000000000,95.0151318898,95.0151318898,13515.5000000000,5.0818124391,295.3131685493
7,0.099236641221,2,HOURLY,24,679,INC,12.3120700360,12.3120700360,1.0000000000,0.0000000000,95.0151318898,95.0151318898,13515.5000000000,5.0818124391,249.6724535493
7,0.099236641221,2,HOURLY,24,679,DEC,20.6875108405,20.6875108405,1.0000000000,0.0000000000,95.0151318898,95.0151318898,13515.5000000000,5.0818124391,249.6724535493
7,0.099236641221,2,HOURLY,24,685,INC,12.3120700360,12.3120700360,1.0000000000,0.0000000000,95.0151318898,95.0151318898,13515.5000000000,5.0818124391,369.5919575493
7,0.099236641221,2,HOURLY,24,685,DEC,17.8063588609,17.8063588609,1.0000000000,0.0000000000,95.0151318898,95.0151318898,13515.5000000000,5.0818124391,369.5919575493
7,0.099236641221,2,HOURLY,24,691,INC,12.3120700360,12.3120700360,1.0000000000,0.0000000000,95.0151318898,95.0151318898,13515.5000000000,5.0818124391,319.9960465493
7,0.099236641221,2,HOURLY,24,691,DEC,14.9252068813,14.9252068813,1.0000000000,-0.0000000000,95.0151318898,95.0151318898,13515.5000000000,5.0818124391,319.9960465493
8,0.099236641221,1,MONTHLY,1,1,INC,8.8158314376,8.8158314376,1.0000000000,-0.0000000000,98.5113704882,98.5113704882,13515.5000000000,5.1590438677,222.6853073795
8,0.099236641221,1,MONTHLY,1,1,DEC,96.1170899879,96.1170899879,1.0000000000,0.0000000000,98.5113704882,98.5113704882,13515.5000000000,5.1590438677,222.6853073795
8,0.099236641221,1,MONTHLY,1,7,INC,8.8158314376,8.8158314376,1.0000000000,0.0000000000,98.5113704882,98.5113704882,13820.3609022542,5.1590438677,215.0914453795
8,0.099236641221,1,MONTHLY,1,7,DEC,96.1170899879,96.1170899879,1.0000000000,0.0000000000,98.5113704882,98.5113704882,13820.3609022542,5.1590438677,215.0914453795
8,0.099236641221,1,MONTHLY,1,13,INC,8.8158314376,8.8158314376,1.0000000000,-0.0000000000,98.5113704882,98.5113704882,14125.2218045093,5.1590438677,212.6302233795
8,0.099236641221,1,MONTHLY,1,13,DEC,96.1170899879,96.1170899879,1.0000000000,0.0000000000,98.5113704882,98.5113704882,14125.2218045093,5.1590438677,212.6302233795
8,0.099236641221,1,MONTHLY,1,19,INC,8.8158314376,8.8158314376,1.0000000000,-0.0000000000,98.5113704882,98.5113704882,14430.0827067654,5.1590438677,310.7693033795
8,0.099236641221,1,MONTHLY,1,19,DEC,96.1170899879,96.1170899879,1.0000000000,0.0000000000,98.5113704882,98.5113704882,14430.0827067654,5.1590438677,310.7693033795
8,0.099236641221,1,MONTHLY,1,169,INC,8.8158314376,8.8158314376,1.0000000000,-0.0000000000,98.5113704882,98.5113704882,22051.6052631633,5.1590438677,173.8035293795
8,0.099236641221,1,MONTHLY,1,169,DEC,96.1170899879,96.1170899879,1.0000000000,0.0000000000,98.5113704882,98.5113704882,22051.6052631633,5.1590438677,173.8035293795
8,0.099236641221,1,MONTHLY,1,175,INC,8.8158314376,8.8158314376,1.0000000000,0.0000000000,98.5113704882,98.5113704882,22356.4661654186,5.1590438677,133.0499323795
8,0.099236641221,1,MONTHLY,1,175,DEC,96.1170899879,96.1170899879,1.0000000000,0.0000000000,98.5113704882,98.5113704882,22356.4661654186,5.1590438677,133.0499323795
8,0.099236641221,1,MONTHLY,1,181,INC,8.8158314376,8.8158314376,1.0000000000,0.0000000000,98.5113704882,98.5113704882,22661.3270676740,5.1590438677,177.3307403795
8,0.099236641221,1,MONTHLY,1,181,DEC,96.1170899879,96.1170899879,1.0000000000,0.0000000000,98.5113704882,98.5113704882,22661.3270676740,5.1590438677,177.3307403795
8,0.099236641221,1,MONTHLY,1,187,INC,8.8158314376,8.8158314376,1.0000000000,0.0000000000,98.5113704882,98.5113704882,22966.1879699293,5.1590438677,260.9195693795
8,0.099236641221,1,MONTHLY,1,187,DEC,96.1170899879,96.1170899879,1.0000000000,0.0000000000,98.5113704882,98.5113704882,22966.1879699293,5.1590438677,260.9195693795
8,0.099236641221,1,MONTHLY,1,337,INC,18.5473583295,18.5473583295,1.0000000000,0.0000000000,88.7798435963,88.7798435963,20053.5032904411,4.9433106612,130.0817430649
8,0.099236641221,1,MONTHLY,1,337,DEC,86.3855630960,86.3855630960,1.0000000000,0.0000000000,88.7798435963,88.7798435963,20053.5032904411,4.9433106612,130.0817430649
8,0.099236641221,1,MONTHLY,1,343,INC,18.5473583295,18.5473583295,1.0000000000,0.0000000000,88.7798435963,88.7798435963,19506.7857458518,4.9433106612,204.0782700649
8,0.099236641221,1,MONTHLY,1,343,DEC,86.3855630960,86.3855630960,1.0000000000,0.0000000000,88.7798435963,88.7798435963,19506.7857458518,4.9433106612,204.0782700649
8,0.099236641221,1,MONTHLY,1,349,INC,18.5473583295,18.5473583295,1.0000000000,0.0000000000,88.7798435963,88.7798435963,18960.0682012625,4.9433106612,216.3981600649
8,0.099236641221,1,MONTHLY,1,349,DEC,86.3855630960,86.3855630960,1.0000000000,0.0000000000,88.7798435963,88.7798435963,18960.0682012625,4.9433106612,216.3981600649
8,0.099236641221,1,MONTHLY,1,355,INC,18.5473583295,18.5473583295,1.0000000000,0.0000000000,88.7798435963,88.7798435963,18413.3506566731,4.9433106612,309.6375810649
8,0.099236641221,1,MONTHLY,1,355,DEC,86.3855630960,86.3855630960,1.0000000000,0.0000000000,88.7798435963,88.7798435963,18413.3506566731,4.9433106612,309.6375810649
8,0.099236641221,1,MONTHLY,1,505,INC,18.5473583295,18.5473583295,1.0000000000,0.0000000000,88.7798435963,88.7798435963,4745.4120419399,4.9433106612,164.4441810649
8,0.099236641221,1,MONTHLY,1,505,DEC,86.3855630960,86.3855630960,1.0000000000,0.0000000000,88.7798435963,88.7798435963,4745.4120419399,4.9433106612,164.4441810649
8,0.099236641221,1,MONTHLY,1,511,INC,18.5473583295,18.5473583295,1.0000000000,0.0000000000,88.7798435963,88.7798435963,4198.6944973506,4.9433106612,188.7948100649
8,0.099236641221,1,MONTHLY,1,511,DEC,86.3855630960,86.3855630960,1.0000000000,0.0000000000,88.7798435963,88.7798435963,4198.6944973506,4.9433106612,188.7948100649
8,0.099236641221,1,MONTHLY,1,517,INC,18.5473583295,18.5473583295,1.0000000000,0.0000000000,88.7798435963,88.7798435963,3651.9769527612,4.9433106612,219.6169670649
8,0.099236641221,1,MONTHLY,1,517,DEC,86.3855630960,86.3855630960,1.0000000000,0.0000000000,88.7798435963,88.7798435963,3651.9769527612,4.9433106612,219.6169670649
8,0.099236641221,1,MONTHLY,1,523,INC,18.5473583295,18.5473583295,1.0000000000,0.0000000000,88.7798435963,88.7798435963,3105.2594081719,4.9433106612,245.2685070649
8,0.099236641221,1,MONTHLY,1,523,DEC,86.3855630960,86.3855630960,1.0000000000,0.0000000000,88.7798435963,88.7798435963,3105.2594081719,4.9433106612,245.2685070649
8,0.099236641221,1,MONTHLY,1,673,INC,7.8120726142,7.8120726142,1.0000000000,-0.0000000000,99.5151293116,99.5151293116,10376.4161290298,5.1812167617,202.3446014501
8,0.099236641221,1,MONTHLY,1,673,DEC,97.1208488113,97.1208488113,1.0000000000,0.0000000000,99.5151293116,99.5151293116,10376.4161290298,5.1812167617,202.3446014501
8,0.099236641221,1,MONTHLY,1,679,INC,7.8120726142,7.8120726142,1.0000000000,-0.0000000000,99.5151293116,99.5151293116,10768.8016129008,5.1812167617,172.9756154501
8,0.099236641221,1,MONTHLY,1,679,DEC,97.1208488113,97.1208488113,1.0000000000,0.0000000000,99.5151293116,99.5151293116,10768.8016129008,5.1812167617,172.9756154501
8,0.099236641221,1,MONTHLY,1,685,INC,7.8120726142,7.8120726142,1.0000000000,-0.0000000000,99.5151293116,99.5151293116,11161.1870967718,5.1812167617,234.8322434501
8,0.099236641221,1,MONTHLY,1,685,DEC,97.1208488113,97.1208488113,1.0000000000,0.0000000000,99.5151293116,99.5151293116,11161.1870967718,5.1812167617,234.8322434501
8,0.099236641221,1,MONTHLY,1,691,INC,7.8120726142,7.8120726142,1.0000000000,-0.0000000000,99.5151293116,99.5151293116,11553.5725806428,5.1812167617,275.9092574501
8,0.099236641221,1,MONTHLY,1,691,DEC,97.1208488113,97.1208488113,1.0000000000,0.0000000000,99.5151293116,99.5151293116,11553.5725806428,5.1812167617,275.9092574501
8,0.099236641221,1,MONTHLY,4,1,INC,8.8158314376,8.8158314376,1.0000000000,-0.0000000000,98.5113704882,98.5113704882,13515.5000000000,5.1590438677,222.6853073795
8,0.099236641221,1,MONTHLY,4,1,DEC,96.1170899879,96.1170899879,1.0000000000,0.0000000000,98.5113704882,98.5113704882,13515.5000000000,5.1590438677,222.6853073795
8,0.099236641221,1,MONTHLY,4,7,INC,8.8158314376,8.8158314376,1.0000000000,-0.0000000000,98.5113704882,98.5113704882,13820.3609022542,5.1590438677,215.0914453795
8,0.099236641221,1,MONTHLY,4,7,DEC,96.1170899879,96.1170899879,1.0000000000,0.0000000000,98.5113704882,98.5113704882,13820.3609022542,5.1590438677,215.0914453795
8,0.099236641221,1,MONTHLY,4,13,INC,8.8158314376,8.8158314376,1.0000000000,-0.0000000000,98.5113704882,98.5113704882,14125.2218045093,5.1590438677,212.6302233795
8,0.099236641221,1,MONTHLY,4,13,DEC,96.1170899879,96.1170899879,1.0000000000,0.0000000000,98.5113704882,98.5113704882,14125.2218045093,5.1590438677,212.6302233795
8,0.099236641221,1,MONTHLY,4,19,INC,8.8158314376,8.8158314376,1.0000000000,-0.0000000000,98.5113704882,98.5113704882,14430.0827067654,5.1590438677,310.7693033795
8,0.099236641221,1,MONTHLY,4,19,DEC,96.1170899879,96.1170899879,1.0000000000,0.0000000000,98.5113704882,98.5113704882,14430.0827067654,5.1590438677,310.7693033795
8,0.099236641221,1,MONTHLY,4,169,INC,8.8158314376,8.8158314376,1.0000000000,-0.0000000000,98.5113704882,98.5113704882,22051.6052631633,5.1590438677,173.8035293795
8,0.099236641221,1,MONTHLY,4,169,DEC,96.1170899879,96.1170899879,1.0000000000,0.0000000000,98.5113704882,98.5113704882,22051.6052631633,5.1590438677,173.8035293795
8,0.099236641221,1,MONTHLY,4,175,INC,8.8158314376,8.8158314376,1.0000000000,-0.0000000000,98.5113704882,98.5113704882,22356.4661654186,5.1590438677,133.0499323795
8,0.099236641221,1,MONTHLY,4,175,DEC,96.1170899879,96.1170899879,1.0000000000,0.0000000000,98.5113704882,98.5113704882,22356.4661654186,5.1590438677,133.0499323795
8,0.099236641221,1,MONTHLY,4,181,INC,8.8158314376,8.8158314376,1.0000000000,-0.0000000000,98.5113704882,98.5113704882,22661.3270676740,5.1590438677,177.3307403795
8,0.099236641221,1,MONTHLY,4,181,DEC,96.1170899879,96.1170899879,1.0000000000,0.0000000000,98.5113704882,98.5113704882,22661.3270676740,5.1590438677,177.3307403795
8,0.099236641221,1,MONTHLY,4,187,INC,8.8158314376,8.8158314376,1.0000000000,-0.0000000000,98.5113704882,98.5113704882,22966.1879699293,5.1590438677,260.9195693795
8,0.099236641221,1,MONTHLY,4,187,DEC,96.1170899879,96.1170899879,1.0000000000,0.0000000000,98.5113704882,98.5113704882,22966.1879699293,5.1590438677,260.9195693795
8,0.099236641221,1,MONTHLY,4,337,INC,18.5473583295,18.5473583295,1.0000000000,-0.0000000000,88.7798435963,88.7798435963,20053.5032904411,4.9433106612,130.0817430649
8,0.099236641221,1,MONTHLY,4,337,DEC,86.3855630960,86.3855630960,1.0000000000,0.0000000000,88.7798435963,88.7798435963,20053.5032904411,4.9433106612,130.0817430649
8,0.099236641221,1,MONTHLY,4,343,INC,18.5473583295,18.5473583295,1.0000000000,0.0000000000,88.7798435963,88.7798435963,19506.7857458518,4.9433106612,204.0782700649
8,0.099236641221,1,MONTHLY,4,343,DEC,86.3855630960,86.3855630960,1.0000000000,0.0000000000,88.7798435963,88.7798435963,19506.7857458518,4.9433106612,204.0782700649
8,0.099236641221,1,MONTHLY,4,349,INC,18.5473583295,18.5473583295,1.0000000000,-0.0000000000,88.7798435963,88.7798435963,18960.0682012625,4.9433106612,216.3981600649
8,0.099236641221,1,MONTHLY,4,349,DEC,86.3855630960,86.3855630960,1.0000000000,0.0000000000,88.7798435963,88.7798435963,18960.0682012625,4.9433106612,216.3981600649
8,0.099236641221,1,MONTHLY,4,355,INC,18.5473583295,18.5473583295,1.0000000000,0.0000000000,88.7798435963,88.7798435963,18413.3506566731,4.9433106612,309.6375810649
8,0.099236641221,1,MONTHLY,4,355,DEC,86.3855630960,86.3855630960,1.0000000000,0.0000000000,88.7798435963,88.7798435963,18413.3506566731,4.9433106612,309.6375810649
8,0.099236641221,1,MONTHLY,4,505,INC,18.5473583295,18.5473583295,1.0000000000,-0.0000000000,88.7798435963,88.7798435963,4745.4120419399,4.9433106612,164.4441810649
8,0.099236641221,1,MONTHLY,4,505,DEC,57.9032946551,57.9032946551,1.0000000000,0.0000000000,88.7798435963,88.7798435963,4745.4120419399,4.9433106612,164.4441810649
8,0.099236641221,1,MONTHLY,4,511,INC,18.5473583295,18.5473583295,1.0000000000,-0.0000000000,88.7798435963,88.7798435963,4198.6944973506,4.9433106612,188.7948100649
8,0.099236641221,1,MONTHLY,4,511,DEC,50.0561427519,50.0561427519,1.0000000000,0.0000000000,88.7798435963,88.7798435963,4198.6944973506,4.9433106612,188.7948100649
8,0.099236641221,1,MONTHLY,4,517,INC,18.5473583295,18.5473583295,1.0000000000,-0.0000000000,88.7798435963,88.7798435963,3651.9769527612,4.9433106612,219.6169670649
8,0.099236641221,1,MONTHLY,4,517,DEC,42.0530022725,42.0530022725,1.0000000000,0.0000000000,88.7798435963,88.7798435963,3651.9769527612,4.9433106612,219.6169670649
8,0.099236641221,1,MONTHLY,4,523,INC,18.5473583295,18.5473583295,1.0000000000,-0.0000000000,88.7798435963,88.7798435963,3105.2594081719,4.9433106612,245.2685070649
8,0.099236641221,1,MONTHLY,4,523,DEC,33.8100082001,33.8100082001,1.0000000000,0.0000000000,88.7798435963,88.7798435963,3105.2594081719,4.9433106612,245.2685070649
8,0.099236641221,1,MONTHLY,4,673,INC,7.8120726142,7.8120726142,1.0000000000,-0.0000000000,99.5151293116,99.5151293116,10376.4161290298,5.1812167617,202.3446014501
8,0.099236641221,1,MONTHLY,4,673,DEC,74.7949735314,74.7949735314,1.0000000000,0.0000000000,99.5151293116,99.5151293116,10376.4161290298,5.1812167617,202.3446014501
8,0.099236641221,1,MONTHLY,4,679,INC,7.8120726142,7.8120726142,1.0000000000,0.0000000000,99.5151293116,99.5151293116,10768.8016129008,5.1812167617,172.9756154501
8,0.099236641221,1,MONTHLY,4,679,DEC,65.6981957921,65.6981957921,1.0000000000,0.0000000000,99.5151293116,99.5151293116,10768.8016129008,5.1812167617,172.9756154501
8,0.099236641221,1,MONTHLY,4,685,INC,7.8120726142,7.8120726142,1.0000000000,-0.0000000000,99.5151293116,99.5151293116,11161.1870967718,5.1812167617,234.8322434501
8,0.099236641221,1,MONTHLY,4,685,DEC,56.2955338040,56.2955338040,1.0000000000,-0.0000000000,99.5151293116,99.5151293116,11161.1870967718,5.1812167617,234.8322434501
8,0.099236641221,1,MONTHLY,4,691,INC,7.8120726142,7.8120726142,1.0000000000,0.0000000000,99.5151293116,99.5151293116,11553.5725806428,5.1812167617,275.9092574501
8,0.099236641221,1,MONTHLY,4,691,DEC,46.4316258404,46.4316258404,1.0000000000,0.0000000000,99.5151293116,99.5151293116,11553.5725806428,5.1812167617,275.9092574501
8,0.099236641221,1,MONTHLY,12,1,INC,8.8158314376,8.8158314376,1.0000000000,0.0000000000,98.5113704882,98.5113704882,13515.5000000000,5.1590438677,222.6853073795
8,0.099236641221,1,MONTHLY,12,1,DEC,76.6582520659,76.6582520659,1.0000000000,0.0000000000,98.5113704882,98.5113704882,13515.5000000000,5.1590438677,222.6853073795
8,0.099236641221,1,MONTHLY,12,7,INC,8.8158314376,8.8158314376,1.0000000000,-0.0000000000,98.5113704882,98.5113704882,13820.3609022542,5.1590438677,215.0914453795
8,0.099236641221,1,MONTHLY,12,7,DEC,78.0419676608,78.0419676608,1.0000000000,0.0000000000,98.5113704882,98.5113704882,13820.3609022542,5.1590438677,215.0914453795
8,0.099236641221,1,MONTHLY,12,13,INC,8.8158314376,8.8158314376,1.0000000000,-0.0000000000,98.5113704882,98.5113704882,14125.2218045093,5.1590438677,212.6302233795
8,0.099236641221,1,MONTHLY,12,13,DEC,79.4256832557,79.4256832557,1.0000000000,0.0000000000,98.5113704882,98.5113704882,14125.2218045093,5.1590438677,212.6302233795
8,0.099236641221,1,MONTHLY,12,19,INC,8.8158314376,8.8158314376,1.0000000000,-0.0000000000,98.5113704882,98.5113704882,14430.0827067654,5.1590438677,310.7693033795
8,0.099236641221,1,MONTHLY,12,19,DEC,80.1521790282,80.1521790282,1.0000000000,0.0000000000,98.5113704882,98.5113704882,14430.0827067654,5.1590438677,310.7693033795
8,0.099236641221,1,MONTHLY,12,169,INC,8.8158314376,8.8158314376,1.0000000000,-0.0000000000,98.5113704882,98.5113704882,22051.6052631633,5.1590438677,173.8035293795
8,0.099236641221,1,MONTHLY,12,169,DEC,96.1170899879,96.1170899879,1.0000000000,0.0000000000,98.5113704882,98.5113704882,22051.6052631633,5.1590438677,173.8035293795
8,0.099236641221,1,MONTHLY,12,175,INC,8.8158314376,8.8158314376,1.0000000000,-0.0000000000,98.5113704882,98.5113704882,22356.4661654186,5.1590438677,133.0499323795
8,0.099236641221,1,MONTHLY,12,175,DEC,96.1170899879,96.1170899879,1.0000000000,0.0000000000,98.5113704882,98.5113704882,22356.4661654186,5.1590438677,133.0499323795
8,0.099236641221,1,MONTHLY,12,181,INC,8.8158314376,8.8158314376,1.0000000000,-0.0000000000,98.5113704882,98.5113704882,22661.3270676740,5.1590438677,177.3307403795
8,0.099236641221,1,MONTHLY,12,181,DEC,96.1170899879,96.1170899879,1.0000000000,0.0000000000,98.5113704882,98.5113704882,22661.3270676740,5.1590438677,177.3307403795
8,0.099236641221,1,MONTHLY,12,187,INC,8.8158314376,8.8158314376,1.0000000000,-0.0000000000,98.5113704882,98.5113704882,22966.1879699293,5.1590438677,260.9195693795
8,0.099236641221,1,MONTHLY,12,187,DEC,96.1170899879,96.1170899879,1.0000000000,0.0000000000,98.5113704882,98.5113704882,22966.1879699293,5.1590438677,260.9195693795
8,0.099236641221,1,MONTHLY,12,337,INC,18.5473583295,18.5473583295,1.0000000000,-0.0000000000,88.7798435963,88.7798435963,20053.5032904411,4.9433106612,130.0817430649
8,0.099236641221,1,MONTHLY,12,337,DEC,86.3855630960,86.3855630960,1.0000000000,0.0000000000,88.7798435963,88.7798435963,20053.5032904411,4.9433106612,130.0817430649
8,0.099236641221,1,MONTHLY,12,343,INC,18.5473583295,18.5473583295,1.0000000000,-0.0000000000,88.7798435963,88.7798435963,19506.7857458518,4.9433106612,204.0782700649
8,0.099236641221,1,MONTHLY,12,343,DEC,86.3855630960,86.3855630960,1.0000000000,0.0000000000,88.7798435963,88.7798435963,19506.7857458518,4.9433106612,204.0782700649
8,0.099236641221,1,MONTHLY,12,349,INC,18.5473583295,18.5473583295,1.0000000000,-0.0000000000,88.7798435963,88.7798435963,18960.0682012625,4.9433106612,216.3981600649
8,0.099236641221,1,MONTHLY,12,349,DEC,86.3855630960,86.3855630960,1.0000000000,0.0000000000,88.7798435963,88.7798435963,18960.0682012625,4.9433106612,216.3981600649
8,0.099236641221,1,MONTHLY,12,355,INC,18.5473583295,18.5473583295,1.0000000000,-0.0000000000,88.7798435963,88.7798435963,18413.3506566731,4.9433106612,309.6375810649
8,0.099236641221,1,MONTHLY,12,355,DEC,86.3855630960,86.3855630960,1.0000000000,0.0000000000,88.7798435963,88.7798435963,18413.3506566731,4.9433106612,309.6375810649
8,0.099236641221,1,MONTHLY,12,505,INC,18.5473583295,18.5473583295,1.0000000000,-0.0000000000,88.7798435963,88.7798435963,4745.4120419399,4.9433106612,164.4441810649
8,0.099236641221,1,MONTHLY,12,505,DEC,24.1075967982,24.1075967982,1.0000000000,0.0000000000,88.7798435963,88.7798435963,4745.4120419399,4.9433106612,164.4441810649
8,0.099236641221,1,MONTHLY,12,511,INC,18.5473583295,18.5473583295,1.0000000000,-0.0000000000,88.7798435963,88.7798435963,4198.6944973506,4.9433106612,188.7948100649
8,0.099236641221,1,MONTHLY,12,511,DEC,21.2292222914,21.2292222914,1.0000000000,0.0000000000,88.7798435963,88.7798435963,4198.6944973506,4.9433106612,188.7948100649
8,0.099236641221,1,MONTHLY,12,517,INC,18.5473583295,18.5473583295,1.0000000000,-0.0000000000,88.7798435963,88.7798435963,3651.9769527612,4.9433106612,219.6169670649
8,0.099236641221,1,MONTHLY,12,517,DEC,18.3508477846,18.3508477846,1.0000000000,0.0000000000,88.7798435963,88.7798435963,3651.9769527612,4.9433106612,219.6169670649
8,0.099236641221,1,MONTHLY,12,523,INC,18.5473583295,18.5473583295,1.0000000000,0.0000000000,85.1725662526,88.7798435963,3105.2594081719,4.9433106612,245.2685070649
8,0.099236641221,1,MONTHLY,12,523,DEC,11.7319651660,11.7319651660,1.0000000000,0.0000000000,85.1725662526,88.7798435963,3105.2594081719,4.9433106612,245.2685070649
8,0.099236641221,1,MONTHLY,12,673,INC,7.8120726142,7.8120726142,1.0000000000,-0.0000000000,99.5151293116,99.5151293116,10376.4161290298,5.1812167617,202.3446014501
8,0.099236641221,1,MONTHLY,12,673,DEC,22.3247648991,22.3247648991,1.0000000000,0.0000000000,99.5151293116,99.5151293116,10376.4161290298,5.1812167617,202.3446014501
8,0.099236641221,1,MONTHLY,12,679,INC,7.8120726142,7.8120726142,1.0000000000,-0.0000000000,99.5151293116,99.5151293116,10768.8016129008,5.1812167617,172.9756154501
8,0.099236641221,1,MONTHLY,12,679,DEC,18.7210239223,18.7210239223,1.0000000000,0.0000000000,99.5151293116,99.5151293116,10768.8016129008,5.1812167617,172.9756154501
8,0.099236641221,1,MONTHLY,12,685,INC,7.8120726142,7.8120726142,1.0000000000,-0.0000000000,99.5151293116,99.5151293116,11161.1870967718,5.1812167617,234.8322434501
8,0.099236641221,1,MONTHLY,12,685,DEC,15.1172829456,15.1172829456,1.0000000000,0.0000000000,99.5151293116,99.5151293116,11161.1870967718,5.1812167617,234.8322434501
8,0.099236641221,1,MONTHLY,12,691,INC,7.8120726142,7.8120726142,1.0000000000,-0.0000000000,99.5151293116,99.5151293116,11553.5725806428,5.1812167617,275.9092574501
8,0.099236641221,1,MONTHLY,12,691,DEC,11.5135419689,11.5135419689,1.0000000000,0.0000000000,99.5151293116,99.5151293116,11553.5725806428,5.1812167617,275.9092574501
8,0.099236641221,1,MONTHLY,24,1,INC,8.8158314376,8.8158314376,1.0000000000,0.0000000000,98.5113704882,98.5113704882,13515.5000000000,5.1590438677,222.6853073795
8,0.099236641221,1,MONTHLY,24,1,DEC,47.6669030026,47.6669030026,1.0000000000,-0.0000000000,98.5113704882,98.5113704882,13515.5000000000,5.1590438677,222.6853073795
8,0.099236641221,1,MONTHLY,24,7,INC,8.8158314376,8.8158314376,1.0000000000,-0.0000000000,98.5113704882,98.5113704882,13820.3609022542,5.1590438677,215.0914453795
8,0.099236641221,1,MONTHLY,24,7,DEC,48.4329800611,48.4329800611,1.0000000000,0.0000000000,98.5113704882,98.5113704882,13820.3609022542,5.1590438677,215.0914453795
8,0.099236641221,1,MONTHLY,24,13,INC,8.8158314376,8.8158314376,1.0000000000,-0.0000000000,98.5113704882,98.5113704882,14125.2218045093,5.1590438677,212.6302233795
8,0.099236641221,1,MONTHLY,24,13,DEC,49.1990571195,49.1990571195,1.0000000000,0.0000000000,98.5113704882,98.5113704882,14125.2218045093,5.1590438677,212.6302233795
8,0.099236641221,1,MONTHLY,24,19,INC,8.8158314376,8.8158314376,1.0000000000,-0.0000000000,98.5113704882,98.5113704882,14430.0827067654,5.1590438677,310.7693033795
8,0.099236641221,1,MONTHLY,24,19,DEC,49.9651341780,49.9651341780,1.0000000000,0.0000000000,98.5113704882,98.5113704882,14430.0827067654,5.1590438677,310.7693033795
8,0.099236641221,1,MONTHLY,24,169,INC,8.8158314376,8.8158314376,1.0000000000,-0.0000000000,98.5113704882,98.5113704882,22051.6052631633,5.1590438677,173.8035293795
8,0.099236641221,1,MONTHLY,24,169,DEC,68.4251440493,68.4251440493,1.0000000000,0.0000000000,98.5113704882,98.5113704882,22051.6052631633,5.1590438677,173.8035293795
8,0.099236641221,1,MONTHLY,24,175,INC,8.8158314376,8.8158314376,1.0000000000,-0.0000000000,98.5113704882,98.5113704882,22356.4661654186,5.1590438677,133.0499323795
8,0.099236641221,1,MONTHLY,24,175,DEC,69.1170018467,69.1170018467,1.0000000000,0.0000000000,98.5113704882,98.5113704882,22356.4661654186,5.1590438677,133.0499323795
8,0.099236641221,1,MONTHLY,24,181,INC,8.8158314376,8.8158314376,1.0000000000,-0.0000000000,98.5113704882,98.5113704882,22661.3270676740,5.1590438677,177.3307403795
8,0.099236641221,1,MONTHLY,24,181,DEC,69.8088596442,69.8088596442,1.0000000000,0.0000000000,98.5113704882,98.5113704882,22661.3270676740,5.1590438677,177.3307403795
8,0.099236641221,1,MONTHLY,24,187,INC,8.8158314376,8.8158314376,1.0000000000,0.0000000000,98.5113704882,98.5113704882,22966.1879699293,5.1590438677,260.9195693795
8,0.099236641221,1,MONTHLY,24,187,DEC,70.5007174416,70.5007174416,1.0000000000,-0.0000000000,98.5113704882,98.5113704882,22966.1879699293,5.1590438677,260.9195693795
8,0.099236641221,1,MONTHLY,24,337,INC,18.5473583295,18.5473583295,1.0000000000,-0.0000000000,88.7798435963,88.7798435963,20053.5032904411,4.9433106612,130.0817430649
8,0.099236641221,1,MONTHLY,24,337,DEC,53.9293226026,53.9293226026,1.0000000000,0.0000000000,88.7798435963,88.7798435963,20053.5032904411,4.9433106612,130.0817430649
8,0.099236641221,1,MONTHLY,24,343,INC,18.5473583295,18.5473583295,1.0000000000,-0.0000000000,88.7798435963,88.7798435963,19506.7857458518,4.9433106612,204.0782700649
8,0.099236641221,1,MONTHLY,24,343,DEC,52.6214639521,52.6214639521,1.0000000000,-0.0000000000,88.7798435963,88.7798435963,19506.7857458518,4.9433106612,204.0782700649
8,0.099236641221,1,MONTHLY,24,349,INC,18.5473583295,18.5473583295,1.0000000000,-0.0000000000,88.7798435963,88.7798435963,18960.0682012625,4.9433106612,216.3981600649
8,0.099236641221,1,MONTHLY,24,349,DEC,51.3136053016,51.3136053016,1.0000000000,-0.0000000000,88.7798435963,88.7798435963,18960.0682012625,4.9433106612,216.3981600649
8,0.099236641221,1,MONTHLY,24,355,INC,18.5473583295,18.5473583295,1.0000000000,0.0000000000,88.7798435963,88.7798435963,18413.3506566731,4.9433106612,309.6375810649
8,0.099236641221,1,MONTHLY,24,355,DEC,50.0057466510,50.0057466510,1.0000000000,0.0000000000,88.7798435963,88.7798435963,18413.3506566731,4.9433106612,309.6375810649
8,0.099236641221,1,MONTHLY,24,505,INC,18.5473583295,18.5473583295,1.0000000000,-0.0000000000,88.7798435963,88.7798435963,4745.4120419399,4.9433106612,164.4441810649
8,0.099236641221,1,MONTHLY,24,505,DEC,15.1438019614,15.1438019614,1.0000000000,0.0000000000,88.7798435963,88.7798435963,4745.4120419399,4.9433106612,164.4441810649
8,0.099236641221,1,MONTHLY,24,511,INC,18.5473583295,18.5473583295,1.0000000000,0.0000000000,86.9762049245,88.7798435963,4198.6944973506,4.9433106612,188.7948100649
8,0.099236641221,1,MONTHLY,24,511,DEC,11.7775787033,11.7775787033,1.0000000000,0.0000000000,86.9762049245,88.7798435963,4198.6944973506,4.9433106612,188.7948100649
8,0.099236641221,1,MONTHLY,24,517,INC,7.8120726142,7.8120726142,1.0000000000,0.0000000000,89.6600263533,88.7798435963,3651.9769527612,4.9433106612,219.6169670649
8,0.099236641221,1,MONTHLY,24,517,DEC,11.7622971187,11.7622971187,1.0000000000,0.0000000000,89.6600263533,88.7798435963,3651.9769527612,4.9433106612,219.6169670649
8,0.099236641221,1,MONTHLY,24,523,INC,7.8120726142,7.8120726142,1.0000000000,0.0000000000,92.3438477821,88.7798435963,3105.2594081719,4.9433106612,245.2685070649
8,0.099236641221,1,MONTHLY,24,523,DEC,11.7319651660,11.7319651660,1.0000000000,0.0000000000,92.3438477821,88.7798435963,3105.2594081719,4.9433106612,245.2685070649
8,0.099236641221,1,MONTHLY,24,673,INC,7.8120726142,7.8120726142,1.0000000000,0.0000000000,99.5151293116,99.5151293116,10376.4161290298,5.1812167617,202.3446014501
8,0.099236641221,1,MONTHLY,24,673,DEC,7.8120732381,7.8120732381,1.0000000000,0.0000000000,99.5151293116,99.5151293116,10376.4161290298,5.1812167617,202.3446014501
8,0.099236641221,1,MONTHLY,24,679,INC,7.7372513498,7.7372513498,1.0000000000,0.0000000000,99.5151293116,99.5151293116,10768.8016129008,5.1812167617,172.9756154501
8,0.099236641221,1,MONTHLY,24,679,DEC,5.8590550858,5.8590550858,1.0000000000,0.0000000000,99.5151293116,99.5151293116,10768.8016129008,5.1812167617,172.9756154501
8,0.099236641221,1,MONTHLY,24,685,INC,7.6624300842,7.6624300842,1.0000000000,0.0000000000,99.5151293116,99.5151293116,11161.1870967718,5.1812167617,234.8322434501
8,0.099236641221,1,MONTHLY,24,685,DEC,3.9060369323,3.9060369323,1.0000000000,0.0000000000,99.5151293116,99.5151293116,11161.1870967718,5.1812167617,234.8322434501
8,0.099236641221,1,MONTHLY,24,691,INC,7.5876088186,7.5876088186,1.0000000000,0.0000000000,99.5151293116,99.5151293116,11553.5725806428,5.1812167617,275.9092574501
8,0.099236641221,1,MONTHLY,24,691,DEC,1.9530187788,1.9530187788,1.0000000000,0.0000000000,99.5151293116,99.5151293116,11553.5725806428,5.1812167617,275.9092574501
8,0.099236641221,2,HOURLY,1,1,INC,8.8158314376,8.8158314376,1.0000000000,0.0000000000,98.5113704882,98.5113704882,13515.5000000000,5.1590438677,222.6853073795
8,0.099236641221,2,HOURLY,1,1,DEC,96.1170899879,96.1170899879,1.0000000000,0.0000000000,98.5113704882,98.5113704882,13515.5000000000,5.1590438677,222.6853073795
8,0.099236641221,2,HOURLY,1,7,INC,8.8158314376,8.8158314376,1.0000000000,0.0000000000,98.5113704882,98.5113704882,13820.3609022553,5.1590438677,215.0914453795
8,0.099236641221,2,HOURLY,1,7,DEC,96.1170899879,96.1170899879,1.0000000000,0.0000000000,98.5113704882,98.5113704882,13820.3609022553,5.1590438677,215.0914453795
8,0.099236641221,2,HOURLY,1,13,INC,8.8158314376,8.8158314376,1.0000000000,0.0000000000,98.5113704882,98.5113704882,14125.2218045110,5.1590438677,212.6302233795
8,0.099236641221,2,HOURLY,1,13,DEC,96.1170899879,96.1170899879,1.0000000000,0.0000000000,98.5113704882,98.5113704882,14125.2218045110,5.1590438677,212.6302233795
8,0.099236641221,2,HOURLY,1,19,INC,8.8158314376,8.8158314376,1.0000000000,0.0000000000,98.5113704882,98.5113704882,14430.0827067666,5.1590438677,310.7693033795
8,0.099236641221,2,HOURLY,1,19,DEC,96.1170899879,96.1170899879,1.0000000000,0.0000000000,98.5113704882,98.5113704882,14430.0827067666,5.1590438677,310.7693033795
8,0.099236641221,2,HOURLY,1,169,INC,8.8158314376,8.8158314376,1.0000000000,0.0000000000,98.5113704882,98.5113704882,22051.6052631578,5.1590438677,173.8035293795
8,0.099236641221,2,HOURLY,1,169,DEC,96.1170899879,96.1170899879,1.0000000000,0.0000000000,98.5113704882,98.5113704882,22051.6052631578,5.1590438677,173.8035293795
8,0.099236641221,2,HOURLY,1,175,INC,8.8158314376,8.8158314376,1.0000000000,0.0000000000,98.5113704882,98.5113704882,22356.4661654134,5.1590438677,133.0499323795
8,0.099236641221,2,HOURLY,1,175,DEC,96.1170899879,96.1170899879,1.0000000000,0.0000000000,98.5113704882,98.5113704882,22356.4661654134,5.1590438677,133.0499323795
8,0.099236641221,2,HOURLY,1,181,INC,8.8158314376,8.8158314376,1.0000000000,0.0000000000,98.5113704882,98.5113704882,22661.3270676690,5.1590438677,177.3307403795
8,0.099236641221,2,HOURLY,1,181,DEC,96.1170899879,96.1170899879,1.0000000000,0.0000000000,98.5113704882,98.5113704882,22661.3270676690,5.1590438677,177.3307403795
8,0.099236641221,2,HOURLY,1,187,INC,8.8158314376,8.8158314376,1.0000000000,0.0000000000,98.5113704882,98.5113704882,22966.1879699247,5.1590438677,260.9195693795
8,0.099236641221,2,HOURLY,1,187,DEC,96.1170899879,96.1170899879,1.0000000000,0.0000000000,98.5113704882,98.5113704882,22966.1879699247,5.1590438677,260.9195693795
8,0.099236641221,2,HOURLY,1,337,INC,18.5473583295,18.5473583295,1.0000000000,-0.0000000000,88.7798435963,88.7798435963,20053.5032904327,4.9433106612,130.0817430649
8,0.099236641221,2,HOURLY,1,337,DEC,86.3855630960,86.3855630960,1.0000000000,0.0000000000,88.7798435963,88.7798435963,20053.5032904327,4.9433106612,130.0817430649
8,0.099236641221,2,HOURLY,1,343,INC,18.5473583295,18.5473583295,1.0000000000,-0.0000000000,88.7798435963,88.7798435963,19506.7857458426,4.9433106612,204.0782700649
8,0.099236641221,2,HOURLY,1,343,DEC,86.3855630960,86.3855630960,1.0000000000,-0.0000000000,88.7798435963,88.7798435963,19506.7857458426,4.9433106612,204.0782700649
8,0.099236641221,2,HOURLY,1,349,INC,18.5473583295,18.5473583295,1.0000000000,-0.0000000000,88.7798435963,88.7798435963,18960.0682012526,4.9433106612,216.3981600649
8,0.099236641221,2,HOURLY,1,349,DEC,86.3855630960,86.3855630960,1.0000000000,0.0000000000,88.7798435963,88.7798435963,18960.0682012526,4.9433106612,216.3981600649
8,0.099236641221,2,HOURLY,1,355,INC,18.5473583295,18.5473583295,1.0000000000,0.0000000000,88.7798435963,88.7798435963,18413.3506566625,4.9433106612,309.6375810649
8,0.099236641221,2,HOURLY,1,355,DEC,86.3855630960,86.3855630960,1.0000000000,0.0000000000,88.7798435963,88.7798435963,18413.3506566625,4.9433106612,309.6375810649
8,0.099236641221,2,HOURLY,1,505,INC,18.5473583295,18.5473583295,1.0000000000,0.0000000000,88.7798435963,88.7798435963,4745.4120419114,4.9433106612,164.4441810649
8,0.099236641221,2,HOURLY,1,505,DEC,86.3855630960,86.3855630960,1.0000000000,-0.0000000000,88.7798435963,88.7798435963,4745.4120419114,4.9433106612,164.4441810649
8,0.099236641221,2,HOURLY,1,511,INC,18.5473583295,18.5473583295,1.0000000000,-0.0000000000,88.7798435963,88.7798435963,4198.6944973214,4.9433106612,188.7948100649
8,0.099236641221,2,HOURLY,1,511,DEC,86.3855630960,86.3855630960,1.0000000000,-0.0000000000,88.7798435963,88.7798435963,4198.6944973214,4.9433106612,188.7948100649
8,0.099236641221,2,HOURLY,1,517,INC,18.5473583295,18.5473583295,1.0000000000,-0.0000000000,88.7798435963,88.7798435963,3651.9769527313,4.9433106612,219.6169670649
8,0.099236641221,2,HOURLY,1,517,DEC,86.3855630960,86.3855630960,1.0000000000,-0.0000000000,88.7798435963,88.7798435963,3651.9769527313,4.9433106612,219.6169670649
8,0.099236641221,2,HOURLY,1,523,INC,18.5473583295,18.5473583295,1.0000000000,0.0000000000,88.7798435963,88.7798435963,3105.2594081413,4.9433106612,245.2685070649
8,0.099236641221,2,HOURLY,1,523,DEC,86.3855630960,86.3855630960,1.0000000000,-0.0000000000,88.7798435963,88.7798435963,3105.2594081413,4.9433106612,245.2685070649
8,0.099236641221,2,HOURLY,1,673,INC,7.8120726142,7.8120726142,1.0000000000,0.0000000000,99.5151293116,99.5151293116,10376.4161290324,5.1812167617,202.3446014501
8,0.099236641221,2,HOURLY,1,673,DEC,97.1208488113,97.1208488113,1.0000000000,0.0000000000,99.5151293116,99.5151293116,10376.4161290324,5.1812167617,202.3446014501
8,0.099236641221,2,HOURLY,1,679,INC,7.8120726142,7.8120726142,1.0000000000,-0.0000000000,99.5151293116,99.5151293116,10768.8016129034,5.1812167617,172.9756154501
8,0.099236641221,2,HOURLY,1,679,DEC,97.1208488113,97.1208488113,1.0000000000,0.0000000000,99.5151293116,99.5151293116,10768.8016129034,5.1812167617,172.9756154501
8,0.099236641221,2,HOURLY,1,685,INC,7.8120726142,7.8120726142,1.0000000000,-0.0000000000,99.5151293116,99.5151293116,11161.1870967743,5.1812167617,234.8322434501
8,0.099236641221,2,HOURLY,1,685,DEC,97.1208488113,97.1208488113,1.0000000000,0.0000000000,99.5151293116,99.5151293116,11161.1870967743,5.1812167617,234.8322434501
8,0.099236641221,2,HOURLY,1,691,INC,7.8120726142,7.8120726142,1.0000000000,-0.0000000000,99.5151293116,99.5151293116,11553.5725806453,5.1812167617,275.9092574501
8,0.099236641221,2,HOURLY,1,691,DEC,97.1208488113,97.1208488113,1.0000000000,0.0000000000,99.5151293116,99.5151293116,11553.5725806453,5.1812167617,275.9092574501
8,0.099236641221,2,HOURLY,4,1,INC,8.8158314376,8.8158314376,1.0000000000,0.0000000000,98.5113704882,98.5113704882,13515.5000000000,5.1590438677,222.6853073795
8,0.099236641221,2,HOURLY,4,1,DEC,96.1170899879,96.1170899879,1.0000000000,0.0000000000,98.5113704882,98.5113704882,13515.5000000000,5.1590438677,222.6853073795
8,0.099236641221,2,HOURLY,4,7,INC,8.8158314376,8.8158314376,1.0000000000,0.0000000000,98.5113704882,98.5113704882,13820.3609022553,5.1590438677,215.0914453795
8,0.099236641221,2,HOURLY,4,7,DEC,96.1170899879,96.1170899879,1.0000000000,0.0000000000,98.5113704882,98.5113704882,13820.3609022553,5.1590438677,215.0914453795
8,0.099236641221,2,HOURLY,4,13,INC,8.8158314376,8.8158314376,1.0000000000,0.0000000000,98.5113704882,98.5113704882,14125.2218045110,5.1590438677,212.6302233795
8,0.099236641221,2,HOURLY,4,13,DEC,96.1170899879,96.1170899879,1.0000000000,0.0000000000,98.5113704882,98.5113704882,14125.2218045110,5.1590438677,212.6302233795
8,0.099236641221,2,HOURLY,4,19,INC,8.8158314376,8.8158314376,1.0000000000,0.0000000000,98.5113704882,98.5113704882,14430.0827067666,5.1590438677,310.7693033795
8,0.099236641221,2,HOURLY,4,19,DEC,96.1170899879,96.1170899879,1.0000000000,0.0000000000,98.5113704882,98.5113704882,14430.0827067666,5.1590438677,310.7693033795
8,0.099236641221,2,HOURLY,4,169,INC,8.8158314376,8.8158314376,1.0000000000,0.0000000000,98.5113704882,98.5113704882,22051.6052631578,5.1590438677,173.8035293795
8,0.099236641221,2,HOURLY,4,169,DEC,96.1170899879,96.1170899879,1.0000000000,0.0000000000,98.5113704882,98.5113704882,22051.6052631578,5.1590438677,173.8035293795
8,0.099236641221,2,HOURLY,4,175,INC,8.8158314376,8.8158314376,1.0000000000,0.0000000000,98.5113704882,98.5113704882,22356.4661654134,5.1590438677,133.0499323795
8,0.099236641221,2,HOURLY,4,175,DEC,96.1170899879,96.1170899879,1.0000000000,0.0000000000,98.5113704882,98.5113704882,22356.4661654134,5.1590438677,133.0499323795
8,0.099236641221,2,HOURLY,4,181,INC,8.8158314376,8.8158314376,1.0000000000,0.0000000000,98.5113704882,98.5113704882,22661.3270676690,5.1590438677,177.3307403795
8,0.099236641221,2,HOURLY,4,181,DEC,96.1170899879,96.1170899879,1.0000000000,0.0000000000,98.5113704882,98.5113704882,22661.3270676690,5.1590438677,177.3307403795
8,0.099236641221,2,HOURLY,4,187,INC,8.8158314376,8.8158314376,1.0000000000,0.0000000000,98.5113704882,98.5113704882,22966.1879699247,5.1590438677,260.9195693795
8,0.099236641221,2,HOURLY,4,187,DEC,96.1170899879,96.1170899879,1.0000000000,0.0000000000,98.5113704882,98.5113704882,22966.1879699247,5.1590438677,260.9195693795
8,0.099236641221,2,HOURLY,4,337,INC,18.5473583295,18.5473583295,1.0000000000,0.0000000000,88.7798435963,88.7798435963,20053.5032904327,4.9433106612,130.0817430649
8,0.099236641221,2,HOURLY,4,337,DEC,86.3855630960,86.3855630960,1.0000000000,0.0000000000,88.7798435963,88.7798435963,20053.5032904327,4.9433106612,130.0817430649
8,0.099236641221,2,HOURLY,4,343,INC,18.5473583295,18.5473583295,1.0000000000,0.0000000000,88.7798435963,88.7798435963,19506.7857458426,4.9433106612,204.0782700649
8,0.099236641221,2,HOURLY,4,343,DEC,86.3855630960,86.3855630960,1.0000000000,0.0000000000,88.7798435963,88.7798435963,19506.7857458426,4.9433106612,204.0782700649
8,0.099236641221,2,HOURLY,4,349,INC,18.5473583295,18.5473583295,1.0000000000,0.0000000000,88.7798435963,88.7798435963,18960.0682012526,4.9433106612,216.3981600649
8,0.099236641221,2,HOURLY,4,349,DEC,86.3855630960,86.3855630960,1.0000000000,0.0000000000,88.7798435963,88.7798435963,18960.0682012526,4.9433106612,216.3981600649
8,0.099236641221,2,HOURLY,4,355,INC,18.5473583295,18.5473583295,1.0000000000,0.0000000000,88.7798435963,88.7798435963,18413.3506566625,4.9433106612,309.6375810649
8,0.099236641221,2,HOURLY,4,355,DEC,86.3855630960,86.3855630960,1.0000000000,-0.0000000000,88.7798435963,88.7798435963,18413.3506566625,4.9433106612,309.6375810649
8,0.099236641221,2,HOURLY,4,505,INC,18.5473583295,18.5473583295,1.0000000000,0.0000000000,88.7798435963,88.7798435963,4745.4120419114,4.9433106612,164.4441810649
8,0.099236641221,2,HOURLY,4,505,DEC,57.9032946547,57.9032946547,1.0000000000,0.0000000000,88.7798435963,88.7798435963,4745.4120419114,4.9433106612,164.4441810649
8,0.099236641221,2,HOURLY,4,511,INC,18.5473583295,18.5473583295,1.0000000000,-0.0000000000,88.7798435963,88.7798435963,4198.6944973214,4.9433106612,188.7948100649
8,0.099236641221,2,HOURLY,4,511,DEC,50.0561427514,50.0561427514,1.0000000000,0.0000000000,88.7798435963,88.7798435963,4198.6944973214,4.9433106612,188.7948100649
8,0.099236641221,2,HOURLY,4,517,INC,18.5473583295,18.5473583295,1.0000000000,0.0000000000,88.7798435963,88.7798435963,3651.9769527313,4.9433106612,219.6169670649
8,0.099236641221,2,HOURLY,4,517,DEC,42.0530022720,42.0530022720,1.0000000000,0.0000000000,88.7798435963,88.7798435963,3651.9769527313,4.9433106612,219.6169670649
8,0.099236641221,2,HOURLY,4,523,INC,18.5473583295,18.5473583295,1.0000000000,0.0000000000,88.7798435963,88.7798435963,3105.2594081413,4.9433106612,245.2685070649
8,0.099236641221,2,HOURLY,4,523,DEC,33.8100081996,33.8100081996,1.0000000000,0.0000000000,88.7798435963,88.7798435963,3105.2594081413,4.9433106612,245.2685070649
8,0.099236641221,2,HOURLY,4,673,INC,7.8120726142,7.8120726142,1.0000000000,-0.0000000000,99.5151293116,99.5151293116,10376.4161290324,5.1812167617,202.3446014501
8,0.099236641221,2,HOURLY,4,673,DEC,74.7949735317,74.7949735317,1.0000000000,0.0000000000,99.5151293116,99.5151293116,10376.4161290324,5.1812167617,202.3446014501
8,0.099236641221,2,HOURLY,4,679,INC,7.8120726142,7.8120726142,1.0000000000,0.0000000000,99.5151293116,99.5151293116,10768.8016129034,5.1812167617,172.9756154501
8,0.099236641221,2,HOURLY,4,679,DEC,65.6981957923,65.6981957923,1.0000000000,0.0000000000,99.5151293116,99.5151293116,10768.8016129034,5.1812167617,172.9756154501
8,0.099236641221,2,HOURLY,4,685,INC,7.8120726142,7.8120726142,1.0000000000,0.0000000000,99.5151293116,99.5151293116,11161.1870967743,5.1812167617,234.8322434501
8,0.099236641221,2,HOURLY,4,685,DEC,56.2955338042,56.2955338042,1.0000000000,0.0000000000,99.5151293116,99.5151293116,11161.1870967743,5.1812167617,234.8322434501
8,0.099236641221,2,HOURLY,4,691,INC,7.8120726142,7.8120726142,1.0000000000,0.0000000000,99.5151293116,99.5151293116,11553.5725806453,5.1812167617,275.9092574501
8,0.099236641221,2,HOURLY,4,691,DEC,46.4316258407,46.4316258407,1.0000000000,0.0000000000,99.5151293116,99.5151293116,11553.5725806453,5.1812167617,275.9092574501
8,0.099236641221,2,HOURLY,12,1,INC,8.8158314376,8.8158314376,1.0000000000,0.0000000000,98.5113704882,98.5113704882,13515.5000000000,5.1590438677,222.6853073795
8,0.099236641221,2,HOURLY,12,1,DEC,76.6582520659,76.6582520659,1.0000000000,0.0000000000,98.5113704882,98.5113704882,13515.5000000000,5.1590438677,222.6853073795
8,0.099236641221,2,HOURLY,12,7,INC,8.8158314376,8.8158314376,1.0000000000,0.0000000000,98.5113704882,98.5113704882,13820.3609022553,5.1590438677,215.0914453795
8,0.099236641221,2,HOURLY,12,7,DEC,78.0419676608,78.0419676608,1.0000000000,0.0000000000,98.5113704882,98.5113704882,13820.3609022553,5.1590438677,215.0914453795
8,0.099236641221,2,HOURLY,12,13,INC,8.8158314376,8.8158314376,1.0000000000,0.0000000000,98.5113704882,98.5113704882,14125.2218045110,5.1590438677,212.6302233795
8,0.099236641221,2,HOURLY,12,13,DEC,79.4256832557,79.4256832557,1.0000000000,0.0000000000,98.5113704882,98.5113704882,14125.2218045110,5.1590438677,212.6302233795
8,0.099236641221,2,HOURLY,12,19,INC,8.8158314376,8.8158314376,1.0000000000,0.0000000000,98.5113704882,98.5113704882,14430.0827067666,5.1590438677,310.7693033795
8,0.099236641221,2,HOURLY,12,19,DEC,80.1521790282,80.1521790282,1.0000000000,-0.0000000000,98.5113704882,98.5113704882,14430.0827067666,5.1590438677,310.7693033795
8,0.099236641221,2,HOURLY,12,169,INC,8.8158314376,8.8158314376,1.0000000000,0.0000000000,98.5113704882,98.5113704882,22051.6052631578,5.1590438677,173.8035293795
8,0.099236641221,2,HOURLY,12,169,DEC,96.1170899879,96.1170899879,1.0000000000,0.0000000000,98.5113704882,98.5113704882,22051.6052631578,5.1590438677,173.8035293795
8,0.099236641221,2,HOURLY,12,175,INC,8.8158314376,8.8158314376,1.0000000000,0.0000000000,98.5113704882,98.5113704882,22356.4661654134,5.1590438677,133.0499323795
8,0.099236641221,2,HOURLY,12,175,DEC,96.1170899879,96.1170899879,1.0000000000,0.0000000000,98.5113704882,98.5113704882,22356.4661654134,5.1590438677,133.0499323795
8,0.099236641221,2,HOURLY,12,181,INC,8.8158314376,8.8158314376,1.0000000000,0.0000000000,98.5113704882,98.5113704882,22661.3270676690,5.1590438677,177.3307403795
8,0.099236641221,2,HOURLY,12,181,DEC,96.1170899879,96.1170899879,1.0000000000,0.0000000000,98.5113704882,98.5113704882,22661.3270676690,5.1590438677,177.3307403795
8,0.099236641221,2,HOURLY,12,187,INC,8.8158314376,8.8158314376,1.0000000000,0.0000000000,98.5113704882,98.5113704882,22966.1879699247,5.1590438677,260.9195693795
8,0.099236641221,2,HOURLY,12,187,DEC,96.1170899879,96.1170899879,1.0000000000,0.0000000000,98.5113704882,98.5113704882,22966.1879699247,5.1590438677,260.9195693795
8,0.099236641221,2,HOURLY,12,337,INC,18.5473583295,18.5473583295,1.0000000000,0.0000000000,88.7798435963,88.7798435963,20053.5032904327,4.9433106612,130.0817430649
8,0.099236641221,2,HOURLY,12,337,DEC,86.3855630960,86.3855630960,1.0000000000,0.0000000000,88.7798435963,88.7798435963,20053.5032904327,4.9433106612,130.0817430649
8,0.099236641221,2,HOURLY,12,343,INC,18.5473583295,18.5473583295,1.0000000000,0.0000000000,88.7798435963,88.7798435963,19506.7857458426,4.9433106612,204.0782700649
8,0.099236641221,2,HOURLY,12,343,DEC,86.3855630960,86.3855630960,1.0000000000,0.0000000000,88.7798435963,88.7798435963,19506.7857458426,4.9433106612,204.0782700649
8,0.099236641221,2,HOURLY,12,349,INC,18.5473583295,18.5473583295,1.0000000000,-0.0000000000,88.7798435963,88.7798435963,18960.0682012526,4.9433106612,216.3981600649
8,0.099236641221,2,HOURLY,12,349,DEC,86.3855630960,86.3855630960,1.0000000000,0.0000000000,88.7798435963,88.7798435963,18960.0682012526,4.9433106612,216.3981600649
8,0.099236641221,2,HOURLY,12,355,INC,18.5473583295,18.5473583295,1.0000000000,0.0000000000,88.7798435963,88.7798435963,18413.3506566625,4.9433106612,309.6375810649
8,0.099236641221,2,HOURLY,12,355,DEC,86.3855630960,86.3855630960,1.0000000000,-0.0000000000,88.7798435963,88.7798435963,18413.3506566625,4.9433106612,309.6375810649
8,0.099236641221,2,HOURLY,12,505,INC,18.5473583295,18.5473583295,1.0000000000,-0.0000000000,88.7798435963,88.7798435963,4745.4120419114,4.9433106612,164.4441810649
8,0.099236641221,2,HOURLY,12,505,DEC,24.1075967981,24.1075967981,1.0000000000,0.0000000000,88.7798435963,88.7798435963,4745.4120419114,4.9433106612,164.4441810649
8,0.099236641221,2,HOURLY,12,511,INC,18.5473583295,18.5473583295,1.0000000000,-0.0000000000,88.7798435963,88.7798435963,4198.6944973214,4.9433106612,188.7948100649
8,0.099236641221,2,HOURLY,12,511,DEC,21.2292222913,21.2292222913,1.0000000000,-0.0000000000,88.7798435963,88.7798435963,4198.6944973214,4.9433106612,188.7948100649
8,0.099236641221,2,HOURLY,12,517,INC,18.5473583295,18.5473583295,1.0000000000,0.0000000000,88.7798435963,88.7798435963,3651.9769527313,4.9433106612,219.6169670649
8,0.099236641221,2,HOURLY,12,517,DEC,18.3508477844,18.3508477844,1.0000000000,0.0000000000,88.7798435963,88.7798435963,3651.9769527313,4.9433106612,219.6169670649
8,0.099236641221,2,HOURLY,12,523,INC,18.5473583295,4.8962232110,0.2639849365,13.6511351185,85.1725662528,88.7798435963,3105.2594081413,4.9433106612,245.2685070649
8,0.099236641221,2,HOURLY,12,523,DEC,11.7319651660,11.7319651660,1.0000000000,0.0000000000,85.1725662528,88.7798435963,3105.2594081413,4.9433106612,245.2685070649
8,0.099236641221,2,HOURLY,12,673,INC,7.8120726142,7.8120726142,1.0000000000,0.0000000000,99.5151293116,99.5151293116,10376.4161290324,5.1812167617,202.3446014501
8,0.099236641221,2,HOURLY,12,673,DEC,22.3247648992,22.3247648992,1.0000000000,0.0000000000,99.5151293116,99.5151293116,10376.4161290324,5.1812167617,202.3446014501
8,0.099236641221,2,HOURLY,12,679,INC,7.8120726142,7.8120726142,1.0000000000,0.0000000000,99.5151293116,99.5151293116,10768.8016129034,5.1812167617,172.9756154501
8,0.099236641221,2,HOURLY,12,679,DEC,18.7210239224,18.7210239224,1.0000000000,0.0000000000,99.5151293116,99.5151293116,10768.8016129034,5.1812167617,172.9756154501
8,0.099236641221,2,HOURLY,12,685,INC,7.8120726142,7.8120726142,1.0000000000,0.0000000000,99.5151293116,99.5151293116,11161.1870967743,5.1812167617,234.8322434501
8,0.099236641221,2,HOURLY,12,685,DEC,15.1172829457,15.1172829457,1.0000000000,0.0000000000,99.5151293116,99.5151293116,11161.1870967743,5.1812167617,234.8322434501
8,0.099236641221,2,HOURLY,12,691,INC,7.8120726142,7.8120726142,1.0000000000,-0.0000000000,99.5151293116,99.5151293116,11553.5725806453,5.1812167617,275.9092574501
8,0.099236641221,2,HOURLY,12,691,DEC,11.5135419690,11.5135419690,1.0000000000,0.0000000000,99.5151293116,99.5151293116,11553.5725806453,5.1812167617,275.9092574501
8,0.099236641221,2,HOURLY,24,1,INC,8.8158314376,8.8158314376,1.0000000000,-0.0000000000,98.5113704882,98.5113704882,13515.5000000000,5.1590438677,222.6853073795
8,0.099236641221,2,HOURLY,24,1,DEC,47.6669030026,47.6669030026,1.0000000000,0.0000000000,98.5113704882,98.5113704882,13515.5000000000,5.1590438677,222.6853073795
8,0.099236641221,2,HOURLY,24,7,INC,8.8158314376,8.8158314376,1.0000000000,0.0000000000,98.5113704882,98.5113704882,13820.3609022553,5.1590438677,215.0914453795
8,0.099236641221,2,HOURLY,24,7,DEC,48.4329800611,48.4329800611,1.0000000000,0.0000000000,98.5113704882,98.5113704882,13820.3609022553,5.1590438677,215.0914453795
8,0.099236641221,2,HOURLY,24,13,INC,8.8158314376,8.8158314376,1.0000000000,0.0000000000,98.5113704882,98.5113704882,14125.2218045110,5.1590438677,212.6302233795
8,0.099236641221,2,HOURLY,24,13,DEC,49.1990571195,49.1990571195,1.0000000000,0.0000000000,98.5113704882,98.5113704882,14125.2218045110,5.1590438677,212.6302233795
8,0.099236641221,2,HOURLY,24,19,INC,8.8158314376,8.8158314376,1.0000000000,0.0000000000,98.5113704882,98.5113704882,14430.0827067666,5.1590438677,310.7693033795
8,0.099236641221,2,HOURLY,24,19,DEC,49.9651341780,49.9651341780,1.0000000000,0.0000000000,98.5113704882,98.5113704882,14430.0827067666,5.1590438677,310.7693033795
8,0.099236641221,2,HOURLY,24,169,INC,8.8158314376,8.8158314376,1.0000000000,0.0000000000,98.5113704882,98.5113704882,22051.6052631578,5.1590438677,173.8035293795
8,0.099236641221,2,HOURLY,24,169,DEC,68.4251440492,68.4251440492,1.0000000000,0.0000000000,98.5113704882,98.5113704882,22051.6052631578,5.1590438677,173.8035293795
8,0.099236641221,2,HOURLY,24,175,INC,8.8158314376,8.8158314376,1.0000000000,0.0000000000,98.5113704882,98.5113704882,22356.4661654134,5.1590438677,133.0499323795
8,0.099236641221,2,HOURLY,24,175,DEC,69.1170018467,69.1170018467,1.0000000000,0.0000000000,98.5113704882,98.5113704882,22356.4661654134,5.1590438677,133.0499323795
8,0.099236641221,2,HOURLY,24,181,INC,8.8158314376,8.8158314376,1.0000000000,0.0000000000,98.5113704882,98.5113704882,22661.3270676690,5.1590438677,177.3307403795
8,0.099236641221,2,HOURLY,24,181,DEC,69.8088596441,69.8088596441,1.0000000000,0.0000000000,98.5113704882,98.5113704882,22661.3270676690,5.1590438677,177.3307403795
8,0.099236641221,2,HOURLY,24,187,INC,8.8158314376,8.8158314376,1.0000000000,0.0000000000,98.5113704882,98.5113704882,22966.1879699247,5.1590438677,260.9195693795
8,0.099236641221,2,HOURLY,24,187,DEC,70.5007174416,70.5007174416,1.0000000000,0.0000000000,98.5113704882,98.5113704882,22966.1879699247,5.1590438677,260.9195693795
8,0.099236641221,2,HOURLY,24,337,INC,18.5473583295,18.5473583295,1.0000000000,0.0000000000,88.7798435963,88.7798435963,20053.5032904327,4.9433106612,130.0817430649
8,0.099236641221,2,HOURLY,24,337,DEC,53.9293226026,53.9293226026,1.0000000000,-0.0000000000,88.7798435963,88.7798435963,20053.5032904327,4.9433106612,130.0817430649
8,0.099236641221,2,HOURLY,24,343,INC,18.5473583295,18.5473583295,1.0000000000,0.0000000000,88.7798435963,88.7798435963,19506.7857458426,4.9433106612,204.0782700649
8,0.099236641221,2,HOURLY,24,343,DEC,52.6214639521,52.6214639521,1.0000000000,-0.0000000000,88.7798435963,88.7798435963,19506.7857458426,4.9433106612,204.0782700649
8,0.099236641221,2,HOURLY,24,349,INC,18.5473583295,18.5473583295,1.0000000000,0.0000000000,88.7798435963,88.7798435963,18960.0682012526,4.9433106612,216.3981600649
8,0.099236641221,2,HOURLY,24,349,DEC,51.3136053016,51.3136053016,1.0000000000,-0.0000000000,88.7798435963,88.7798435963,18960.0682012526,4.9433106612,216.3981600649
8,0.099236641221,2,HOURLY,24,355,INC,18.5473583295,18.5473583295,1.0000000000,0.0000000000,88.7798435963,88.7798435963,18413.3506566625,4.9433106612,309.6375810649
8,0.099236641221,2,HOURLY,24,355,DEC,50.0057466510,50.0057466510,1.0000000000,-0.0000000000,88.7798435963,88.7798435963,18413.3506566625,4.9433106612,309.6375810649
8,0.099236641221,2,HOURLY,24,505,INC,18.5473583295,18.5473583295,1.0000000000,0.0000000000,88.7798435963,88.7798435963,4745.4120419114,4.9433106612,164.4441810649
8,0.099236641221,2,HOURLY,24,505,DEC,15.1438019613,15.1438019613,1.0000000000,0.0000000000,88.7798435963,88.7798435963,4745.4120419114,4.9433106612,164.4441810649
8,0.099236641221,2,HOURLY,24,511,INC,18.5473583295,4.8962232110,0.2639849365,13.6511351185,86.9762049245,88.7798435963,4198.6944973214,4.9433106612,188.7948100649
8,0.099236641221,2,HOURLY,24,511,DEC,11.7775787033,11.7775787033,1.0000000000,0.0000000000,86.9762049245,88.7798435963,4198.6944973214,4.9433106612,188.7948100649
8,0.099236641221,2,HOURLY,24,517,INC,7.8120726142,4.8962232110,0.6267508577,2.9158494032,89.6600263534,88.7798435963,3651.9769527313,4.9433106612,219.6169670649
8,0.099236641221,2,HOURLY,24,517,DEC,11.7622971187,11.7622971187,1.0000000000,0.0000000000,89.6600263534,88.7798435963,3651.9769527313,4.9433106612,219.6169670649
8,0.099236641221,2,HOURLY,24,523,INC,7.8120726142,4.8962232110,0.6267508577,2.9158494032,92.3438477822,88.7798435963,3105.2594081413,4.9433106612,245.2685070649
8,0.099236641221,2,HOURLY,24,523,DEC,11.7319651660,11.7319651660,1.0000000000,0.0000000000,92.3438477822,88.7798435963,3105.2594081413,4.9433106612,245.2685070649
8,0.099236641221,2,HOURLY,24,673,INC,7.8120726142,7.8120726142,1.0000000000,-0.0000000000,99.5151293116,99.5151293116,10376.4161290324,5.1812167617,202.3446014501
8,0.099236641221,2,HOURLY,24,673,DEC,7.8120732382,7.8120732382,1.0000000000,0.0000000000,99.5151293116,99.5151293116,10376.4161290324,5.1812167617,202.3446014501
8,0.099236641221,2,HOURLY,24,679,INC,7.7372513498,7.7372513498,1.0000000000,0.0000000000,99.5151293116,99.5151293116,10768.8016129034,5.1812167617,172.9756154501
8,0.099236641221,2,HOURLY,24,679,DEC,5.8590550859,5.8590550859,1.0000000000,0.0000000000,99.5151293116,99.5151293116,10768.8016129034,5.1812167617,172.9756154501
8,0.099236641221,2,HOURLY,24,685,INC,7.6624300842,7.6624300842,1.0000000000,0.0000000000,99.5151293116,99.5151293116,11161.1870967743,5.1812167617,234.8322434501
8,0.099236641221,2,HOURLY,24,685,DEC,3.9060369324,3.9060369324,1.0000000000,0.0000000000,99.5151293116,99.5151293116,11161.1870967743,5.1812167617,234.8322434501
8,0.099236641221,2,HOURLY,24,691,INC,7.5876088186,7.5876088186,1.0000000000,0.0000000000,99.5151293116,99.5151293116,11553.5725806453,5.1812167617,275.9092574501
8,0.099236641221,2,HOURLY,24,691,DEC,1.9530187788,1.9530187788,1.0000000000,-0.0000000000,99.5151293116,99.5151293116,11553.5725806453,5.1812167617,275.9092574501
9,0.145038167939,1,MONTHLY,1,1,INC,12.3120700360,12.3120700360,1.0000000000,-0.0000000000,95.0151318898,95.0151318898,13515.5000000000,5.0818124391,195.6137005493
9,0.145038167939,1,MONTHLY,1,1,DEC,92.6208513895,92.6208513895,1.0000000000,0.0000000000,95.0151318898,95.0151318898,13515.5000000000,5.0818124391,195.6137005493
9,0.145038167939,1,MONTHLY,1,7,INC,12.3120700360,12.3120700360,1.0000000000,0.0000000000,95.0151318898,95.0151318898,13515.5000000000,5.0818124391,234.0759975493
9,0.145038167939,1,MONTHLY,1,7,DEC,92.6208513895,92.6208513895,1.0000000000,0.0000000000,95.0151318898,95.0151318898,13515.5000000000,5.0818124391,234.0759975493
9,0.145038167939,1,MONTHLY,1,13,INC,12.3120700360,12.3120700360,1.0000000000,0.0000000000,95.0151318898,95.0151318898,13515.5000000016,5.0818124391,375.2287115493
9,0.145038167939,1,MONTHLY,1,13,DEC,92.6208513895,92.6208513895,1.0000000000,0.0000000000,95.0151318898,95.0151318898,13515.5000000016,5.0818124391,375.2287115493
9,0.145038167939,1,MONTHLY,1,19,INC,12.3120700360,12.3120700360,1.0000000000,-0.0000000000,95.0151318898,95.0151318898,13515.5000000024,5.0818124391,323.3838925493
9,0.145038167939,1,MONTHLY,1,19,DEC,92.6208513895,92.6208513895,1.0000000000,0.0000000000,95.0151318898,95.0151318898,13515.5000000024,5.0818124391,323.3838925493
9,0.145038167939,1,MONTHLY,1,169,INC,12.3120700360,12.3120700360,1.0000000000,-0.0000000000,95.0151318898,95.0151318898,13515.5000000223,5.0818124391,257.0789065493
9,0.145038167939,1,MONTHLY,1,169,DEC,92.6208513895,92.6208513895,1.0000000000,0.0000000000,95.0151318898,95.0151318898,13515.5000000223,5.0818124391,257.0789065493
9,0.145038167939,1,MONTHLY,1,175,INC,12.3120700360,12.3120700360,1.0000000000,0.0000000000,95.0151318898,95.0151318898,13515.5000000232,5.0818124391,213.7324945493
9,0.145038167939,1,MONTHLY,1,175,DEC,92.6208513895,92.6208513895,1.0000000000,0.0000000000,95.0151318898,95.0151318898,13515.5000000232,5.0818124391,213.7324945493
9,0.145038167939,1,MONTHLY,1,181,INC,12.3120700360,12.3120700360,1.0000000000,0.0000000000,95.0151318898,95.0151318898,13515.5000000240,5.0818124391,344.8453145493
9,0.145038167939,1,MONTHLY,1,181,DEC,92.6208513895,92.6208513895,1.0000000000,0.0000000000,95.0151318898,95.0151318898,13515.5000000240,5.0818124391,344.8453145493
9,0.145038167939,1,MONTHLY,1,187,INC,12.3120700360,12.3120700360,1.0000000000,0.0000000000,95.0151318898,95.0151318898,13515.5000000247,5.0818124391,299.6689705493
9,0.145038167939,1,MONTHLY,1,187,DEC,92.6208513895,92.6208513895,1.0000000000,0.0000000000,95.0151318898,95.0151318898,13515.5000000247,5.0818124391,299.6689705493
9,0.145038167939,1,MONTHLY,1,337,INC,12.3120700360,12.3120700360,1.0000000000,0.0000000000,95.0151318898,95.0151318898,13515.5000000447,5.0818124391,302.5728385493
9,0.145038167939,1,MONTHLY,1,337,DEC,92.6208513895,92.6208513895,1.0000000000,0.0000000000,95.0151318898,95.0151318898,13515.5000000447,5.0818124391,302.5728385493
9,0.145038167939,1,MONTHLY,1,343,INC,12.3120700360,12.3120700360,1.0000000000,0.0000000000,95.0151318898,95.0151318898,13515.5000000455,5.0818124391,277.8049995493
9,0.145038167939,1,MONTHLY,1,343,DEC,92.6208513895,92.6208513895,1.0000000000,0.0000000000,95.0151318898,95.0151318898,13515.5000000455,5.0818124391,277.8049995493
9,0.145038167939,1,MONTHLY,1,349,INC,12.3120700360,12.3120700360,1.0000000000,-0.0000000000,95.0151318898,95.0151318898,13515.5000000462,5.0818124391,270.4238055493
9,0.145038167939,1,MONTHLY,1,349,DEC,92.6208513895,92.6208513895,1.0000000000,0.0000000000,95.0151318898,95.0151318898,13515.5000000462,5.0818124391,270.4238055493
9,0.145038167939,1,MONTHLY,1,355,INC,12.3120700360,12.3120700360,1.0000000000,-0.0000000000,95.0151318898,95.0151318898,13515.5000000470,5.0818124391,331.6115185493
9,0.145038167939,1,MONTHLY,1,355,DEC,92.6208513895,92.6208513895,1.0000000000,0.0000000000,95.0151318898,95.0151318898,13515.5000000470,5.0818124391,331.6115185493
9,0.145038167939,1,MONTHLY,1,505,INC,12.3120700360,12.3120700360,1.0000000000,-0.0000000000,95.0151318898,95.0151318898,13515.5000000573,5.0818124391,205.2932605493
9,0.145038167939,1,MONTHLY,1,505,DEC,92.6208513895,92.6208513895,1.0000000000,0.0000000000,95.0151318898,95.0151318898,13515.5000000573,5.0818124391,205.2932605493
9,0.145038167939,1,MONTHLY,1,511,INC,12.3120700360,12.3120700360,1.0000000000,-0.0000000000,95.0151318898,95.0151318898,13515.5000000295,5.0818124391,179.5246115493
9,0.145038167939,1,MONTHLY,1,511,DEC,92.6208513895,92.6208513895,1.0000000000,0.0000000000,95.0151318898,95.0151318898,13515.5000000295,5.0818124391,179.5246115493
9,0.145038167939,1,MONTHLY,1,517,INC,12.3120700360,12.3120700360,1.0000000000,-0.0000000000,95.0151318898,95.0151318898,13515.5000000303,5.0818124391,217.1408305493
9,0.145038167939,1,MONTHLY,1,517,DEC,92.6208513895,92.6208513895,1.0000000000,0.0000000000,95.0151318898,95.0151318898,13515.5000000303,5.0818124391,217.1408305493
9,0.145038167939,1,MONTHLY,1,523,INC,12.3120700360,12.3120700360,1.0000000000,-0.0000000000,95.0151318898,95.0151318898,13515.5000000311,5.0818124391,308.3805745493
9,0.145038167939,1,MONTHLY,1,523,DEC,92.6208513895,92.6208513895,1.0000000000,0.0000000000,95.0151318898,95.0151318898,13515.5000000311,5.0818124391,308.3805745493
9,0.145038167939,1,MONTHLY,1,673,INC,12.3120700360,12.3120700360,1.0000000000,-0.0000000000,95.0151318898,95.0151318898,13515.4999999937,5.0818124391,284.1816745493
9,0.145038167939,1,MONTHLY,1,673,DEC,92.6208513895,92.6208513895,1.0000000000,0.0000000000,95.0151318898,95.0151318898,13515.4999999937,5.0818124391,284.1816745493
9,0.145038167939,1,MONTHLY,1,679,INC,12.3120700360,12.3120700360,1.0000000000,-0.0000000000,95.0151318898,95.0151318898,13515.4999999945,5.0818124391,259.0882985493
9,0.145038167939,1,MONTHLY,1,679,DEC,92.6208513895,92.6208513895,1.0000000000,0.0000000000,95.0151318898,95.0151318898,13515.4999999945,5.0818124391,259.0882985493
9,0.145038167939,1,MONTHLY,1,685,INC,12.3120700360,12.3120700360,1.0000000000,-0.0000000000,95.0151318898,95.0151318898,13515.4999999953,5.0818124391,238.5923605493
9,0.145038167939,1,MONTHLY,1,685,DEC,92.6208513895,92.6208513895,1.0000000000,0.0000000000,95.0151318898,95.0151318898,13515.4999999953,5.0818124391,238.5923605493
9,0.145038167939,1,MONTHLY,1,691,INC,12.3120700360,12.3120700360,1.0000000000,-0.0000000000,95.0151318898,95.0151318898,13515.4999999960,5.0818124391,308.8645525493
9,0.145038167939,1,MONTHLY,1,691,DEC,92.6208513895,92.6208513895,1.0000000000,0.0000000000,95.0151318898,95.0151318898,13515.4999999960,5.0818124391,308.8645525493
9,0.145038167939,1,MONTHLY,4,1,INC,12.3120700360,12.3120700360,1.0000000000,-0.0000000000,95.0151318898,95.0151318898,13515.5000000000,5.0818124391,195.6137005493
9,0.145038167939,1,MONTHLY,4,1,DEC,92.6208513895,92.6208513895,1.0000000000,0.0000000000,95.0151318898,95.0151318898,13515.5000000000,5.0818124391,195.6137005493
9,0.145038167939,1,MONTHLY,4,7,INC,12.3120700360,12.3120700360,1.0000000000,-0.0000000000,95.0151318898,95.0151318898,13515.5000000000,5.0818124391,234.0759975493
9,0.145038167939,1,MONTHLY,4,7,DEC,92.6208513895,92.6208513895,1.0000000000,0.0000000000,95.0151318898,95.0151318898,13515.5000000000,5.0818124391,234.0759975493
9,0.145038167939,1,MONTHLY,4,13,INC,12.3120700360,12.3120700360,1.0000000000,-0.0000000000,95.0151318898,95.0151318898,13515.5000000016,5.0818124391,375.2287115493
9,0.145038167939,1,MONTHLY,4,13,DEC,92.6208513895,92.6208513895,1.0000000000,0.0000000000,95.0151318898,95.0151318898,13515.5000000016,5.0818124391,375.2287115493
9,0.145038167939,1,MONTHLY,4,19,INC,12.3120700360,12.3120700360,1.0000000000,-0.0000000000,95.0151318898,95.0151318898,13515.5000000024,5.0818124391,323.3838925493
9,0.145038167939,1,MONTHLY,4,19,DEC,92.6208513895,92.6208513895,1.0000000000,0.0000000000,95.0151318898,95.0151318898,13515.5000000024,5.0818124391,323.3838925493
9,0.145038167939,1,MONTHLY,4,169,INC,12.3120700360,12.3120700360,1.0000000000,-0.0000000000,95.0151318898,95.0151318898,13515.5000000223,5.0818124391,257.0789065493
9,0.145038167939,1,MONTHLY,4,169,DEC,92.6208513895,92.6208513895,1.0000000000,0.0000000000,95.0151318898,95.0151318898,13515.5000000223,5.0818124391,257.0789065493
9,0.145038167939,1,MONTHLY,4,175,INC,12.3120700360,12.3120700360,1.0000000000,-0.0000000000,95.0151318898,95.0151318898,13515.5000000232,5.0818124391,213.7324945493
9,0.145038167939,1,MONTHLY,4,175,DEC,92.6208513895,92.6208513895,1.0000000000,0.0000000000,95.0151318898,95.0151318898,13515.5000000232,5.0818124391,213.7324945493
9,0.145038167939,1,MONTHLY,4,181,INC,12.3120700360,12.3120700360,1.0000000000,-0.0000000000,95.0151318898,95.0151318898,13515.5000000240,5.0818124391,344.8453145493
9,0.145038167939,1,MONTHLY,4,181,DEC,92.6208513895,92.6208513895,1.0000000000,0.0000000000,95.0151318898,95.0151318898,13515.5000000240,5.0818124391,344.8453145493
9,0.145038167939,1,MONTHLY,4,187,INC,12.3120700360,12.3120700360,1.0000000000,-0.0000000000,95.0151318898,95.0151318898,13515.5000000247,5.0818124391,299.6689705493
9,0.145038167939,1,MONTHLY,4,187,DEC,92.6208513895,92.6208513895,1.0000000000,0.0000000000,95.0151318898,95.0151318898,13515.5000000247,5.0818124391,299.6689705493
9,0.145038167939,1,MONTHLY,4,337,INC,12.3120700360,12.3120700360,1.0000000000,-0.0000000000,95.0151318898,95.0151318898,13515.5000000447,5.0818124391,302.5728385493
9,0.145038167939,1,MONTHLY,4,337,DEC,92.6208513895,92.6208513895,1.0000000000,0.0000000000,95.0151318898,95.0151318898,13515.5000000447,5.0818124391,302.5728385493
9,0.145038167939,1,MONTHLY,4,343,INC,12.3120700360,12.3120700360,1.0000000000,-0.0000000000,95.0151318898,95.0151318898,13515.5000000455,5.0818124391,277.8049995493
9,0.145038167939,1,MONTHLY,4,343,DEC,92.6208513895,92.6208513895,1.0000000000,0.0000000000,95.0151318898,95.0151318898,13515.5000000455,5.0818124391,277.8049995493
9,0.145038167939,1,MONTHLY,4,349,INC,12.3120700360,12.3120700360,1.0000000000,-0.0000000000,95.0151318898,95.0151318898,13515.5000000462,5.0818124391,270.4238055493
9,0.145038167939,1,MONTHLY,4,349,DEC,92.6208513895,92.6208513895,1.0000000000,0.0000000000,95.0151318898,95.0151318898,13515.5000000462,5.0818124391,270.4238055493
9,0.145038167939,1,MONTHLY,4,355,INC,12.3120700360,12.3120700360,1.0000000000,-0.0000000000,95.0151318898,95.0151318898,13515.5000000470,5.0818124391,331.6115185493
9,0.145038167939,1,MONTHLY,4,355,DEC,92.6208513895,92.6208513895,1.0000000000,0.0000000000,95.0151318898,95.0151318898,13515.5000000470,5.0818124391,331.6115185493
9,0.145038167939,1,MONTHLY,4,505,INC,12.3120700360,12.3120700360,1.0000000000,-0.0000000000,95.0151318898,95.0151318898,13515.5000000573,5.0818124391,205.2932605493
9,0.145038167939,1,MONTHLY,4,505,DEC,92.6208513894,92.6208513894,1.0000000000,0.0000000000,95.0151318898,95.0151318898,13515.5000000573,5.0818124391,205.2932605493
9,0.145038167939,1,MONTHLY,4,511,INC,12.3120700360,12.3120700360,1.0000000000,-0.0000000000,95.0151318898,95.0151318898,13515.5000000295,5.0818124391,179.5246115493
9,0.145038167939,1,MONTHLY,4,511,DEC,92.6208513895,92.6208513895,1.0000000000,0.0000000000,95.0151318898,95.0151318898,13515.5000000295,5.0818124391,179.5246115493
9,0.145038167939,1,MONTHLY,4,517,INC,12.3120700360,12.3120700360,1.0000000000,-0.0000000000,95.0151318898,95.0151318898,13515.5000000303,5.0818124391,217.1408305493
9,0.145038167939,1,MONTHLY,4,517,DEC,92.6208513895,92.6208513895,1.0000000000,0.0000000000,95.0151318898,95.0151318898,13515.5000000303,5.0818124391,217.1408305493
9,0.145038167939,1,MONTHLY,4,523,INC,12.3120700360,12.3120700360,1.0000000000,-0.0000000000,95.0151318898,95.0151318898,13515.5000000311,5.0818124391,308.3805745493
9,0.145038167939,1,MONTHLY,4,523,DEC,92.6208513895,92.6208513895,1.0000000000,0.0000000000,95.0151318898,95.0151318898,13515.5000000311,5.0818124391,308.3805745493
9,0.145038167939,1,MONTHLY,4,673,INC,12.3120700360,12.3120700360,1.0000000000,-0.0000000000,95.0151318898,95.0151318898,13515.4999999937,5.0818124391,284.1816745493
9,0.145038167939,1,MONTHLY,4,673,DEC,92.6208513895,92.6208513895,1.0000000000,0.0000000000,95.0151318898,95.0151318898,13515.4999999937,5.0818124391,284.1816745493
9,0.145038167939,1,MONTHLY,4,679,INC,12.3120700360,12.3120700360,1.0000000000,-0.0000000000,95.0151318898,95.0151318898,13515.4999999945,5.0818124391,259.0882985493
9,0.145038167939,1,MONTHLY,4,679,DEC,92.6208513895,92.6208513895,1.0000000000,0.0000000000,95.0151318898,95.0151318898,13515.4999999945,5.0818124391,259.0882985493
9,0.145038167939,1,MONTHLY,4,685,INC,12.3120700360,12.3120700360,1.0000000000,-0.0000000000,95.0151318898,95.0151318898,13515.4999999953,5.0818124391,238.5923605493
9,0.145038167939,1,MONTHLY,4,685,DEC,76.6559404298,76.6559404298,1.0000000000,0.0000000000,95.0151318898,95.0151318898,13515.4999999953,5.0818124391,238.5923605493
9,0.145038167939,1,MONTHLY,4,691,INC,12.3120700360,12.3120700360,1.0000000000,0.0000000000,95.0151318898,95.0151318898,13515.4999999960,5.0818124391,308.8645525493
9,0.145038167939,1,MONTHLY,4,691,DEC,70.2494121362,70.2494121362,1.0000000000,0.0000000000,95.0151318898,95.0151318898,13515.4999999960,5.0818124391,308.8645525493
9,0.145038167939,1,MONTHLY,12,1,INC,12.3120700360,12.3120700360,1.0000000000,0.0000000000,95.0151318898,95.0151318898,13515.5000000000,5.0818124391,195.6137005493
9,0.145038167939,1,MONTHLY,12,1,DEC,73.1620134675,73.1620134675,1.0000000000,0.0000000000,95.0151318898,95.0151318898,13515.5000000000,5.0818124391,195.6137005493
9,0.145038167939,1,MONTHLY,12,7,INC,12.3120700360,12.3120700360,1.0000000000,-0.0000000000,95.0151318898,95.0151318898,13515.5000000000,5.0818124391,234.0759975493
9,0.145038167939,1,MONTHLY,12,7,DEC,73.1620134675,73.1620134675,1.0000000000,0.0000000000,95.0151318898,95.0151318898,13515.5000000000,5.0818124391,234.0759975493
9,0.145038167939,1,MONTHLY,12,13,INC,12.3120700360,12.3120700360,1.0000000000,-0.0000000000,95.0151318898,95.0151318898,13515.5000000016,5.0818124391,375.2287115493
9,0.145038167939,1,MONTHLY,12,13,DEC,73.1620134675,73.1620134675,1.0000000000,0.0000000000,95.0151318898,95.0151318898,13515.5000000016,5.0818124391,375.2287115493
9,0.145038167939,1,MONTHLY,12,19,INC,12.3120700360,12.3120700360,1.0000000000,-0.0000000000,95.0151318898,95.0151318898,13515.5000000024,5.0818124391,323.3838925493
9,0.145038167939,1,MONTHLY,12,19,DEC,73.1620134675,73.1620134675,1.0000000000,0.0000000000,95.0151318898,95.0151318898,13515.5000000024,5.0818124391,323.3838925493
9,0.145038167939,1,MONTHLY,12,169,INC,12.3120700360,12.3120700360,1.0000000000,-0.0000000000,95.0151318898,95.0151318898,13515.5000000223,5.0818124391,257.0789065493
9,0.145038167939,1,MONTHLY,12,169,DEC,73.1620134676,73.1620134676,1.0000000000,0.0000000000,95.0151318898,95.0151318898,13515.5000000223,5.0818124391,257.0789065493
9,0.145038167939,1,MONTHLY,12,175,INC,12.3120700360,12.3120700360,1.0000000000,-0.0000000000,95.0151318898,95.0151318898,13515.5000000232,5.0818124391,213.7324945493
9,0.145038167939,1,MONTHLY,12,175,DEC,73.1620134676,73.1620134676,1.0000000000,0.0000000000,95.0151318898,95.0151318898,13515.5000000232,5.0818124391,213.7324945493
9,0.145038167939,1,MONTHLY,12,181,INC,12.3120700360,12.3120700360,1.0000000000,-0.0000000000,95.0151318898,95.0151318898,13515.5000000240,5.0818124391,344.8453145493
9,0.145038167939,1,MONTHLY,12,181,DEC,73.1620134676,73.1620134676,1.0000000000,0.0000000000,95.0151318898,95.0151318898,13515.5000000240,5.0818124391,344.8453145493
9,0.145038167939,1,MONTHLY,12,187,INC,12.3120700360,12.3120700360,1.0000000000,-0.0000000000,95.0151318898,95.0151318898,13515.5000000247,5.0818124391,299.6689705493
9,0.145038167939,1,MONTHLY,12,187,DEC,73.1620134676,73.1620134676,1.0000000000,0.0000000000,95.0151318898,95.0151318898,13515.5000000247,5.0818124391,299.6689705493
9,0.145038167939,1,MONTHLY,12,337,INC,12.3120700360,12.3120700360,1.0000000000,-0.0000000000,95.0151318898,95.0151318898,13515.5000000447,5.0818124391,302.5728385493
9,0.145038167939,1,MONTHLY,12,337,DEC,73.1620134677,73.1620134677,1.0000000000,0.0000000000,95.0151318898,95.0151318898,13515.5000000447,5.0818124391,302.5728385493
9,0.145038167939,1,MONTHLY,12,343,INC,12.3120700360,12.3120700360,1.0000000000,-0.0000000000,95.0151318898,95.0151318898,13515.5000000455,5.0818124391,277.8049995493
9,0.145038167939,1,MONTHLY,12,343,DEC,73.1620134677,73.1620134677,1.0000000000,0.0000000000,95.0151318898,95.0151318898,13515.5000000455,5.0818124391,277.8049995493
9,0.145038167939,1,MONTHLY,12,349,INC,12.3120700360,12.3120700360,1.0000000000,-0.0000000000,95.0151318898,95.0151318898,13515.5000000462,5.0818124391,270.4238055493
9,0.145038167939,1,MONTHLY,12,349,DEC,73.1620134677,73.1620134677,1.0000000000,0.0000000000,95.0151318898,95.0151318898,13515.5000000462,5.0818124391,270.4238055493
9,0.145038167939,1,MONTHLY,12,355,INC,12.3120700360,12.3120700360,1.0000000000,-0.0000000000,95.0151318898,95.0151318898,13515.5000000470,5.0818124391,331.6115185493
9,0.145038167939,1,MONTHLY,12,355,DEC,73.1620134677,73.1620134677,1.0000000000,0.0000000000,95.0151318898,95.0151318898,13515.5000000470,5.0818124391,331.6115185493
9,0.145038167939,1,MONTHLY,12,505,INC,12.3120700360,12.3120700360,1.0000000000,-0.0000000000,95.0151318898,95.0151318898,13515.5000000573,5.0818124391,205.2932605493
9,0.145038167939,1,MONTHLY,12,505,DEC,73.1620134677,73.1620134677,1.0000000000,0.0000000000,95.0151318898,95.0151318898,13515.5000000573,5.0818124391,205.2932605493
9,0.145038167939,1,MONTHLY,12,511,INC,12.3120700360,12.3120700360,1.0000000000,-0.0000000000,95.0151318898,95.0151318898,13515.5000000295,5.0818124391,179.5246115493
9,0.145038167939,1,MONTHLY,12,511,DEC,73.1620134676,73.1620134676,1.0000000000,0.0000000000,95.0151318898,95.0151318898,13515.5000000295,5.0818124391,179.5246115493
9,0.145038167939,1,MONTHLY,12,517,INC,12.3120700360,12.3120700360,1.0000000000,-0.0000000000,95.0151318898,95.0151318898,13515.5000000303,5.0818124391,217.1408305493
9,0.145038167939,1,MONTHLY,12,517,DEC,73.1620134676,73.1620134676,1.0000000000,0.0000000000,95.0151318898,95.0151318898,13515.5000000303,5.0818124391,217.1408305493
9,0.145038167939,1,MONTHLY,12,523,INC,12.3120700360,12.3120700360,1.0000000000,0.0000000000,95.0151318898,95.0151318898,13515.5000000311,5.0818124391,308.3805745493
9,0.145038167939,1,MONTHLY,12,523,DEC,73.1620134676,73.1620134676,1.0000000000,0.0000000000,95.0151318898,95.0151318898,13515.5000000311,5.0818124391,308.3805745493
9,0.145038167939,1,MONTHLY,12,673,INC,12.3120700360,12.3120700360,1.0000000000,-0.0000000000,95.0151318898,95.0151318898,13515.4999999937,5.0818124391,284.1816745493
9,0.145038167939,1,MONTHLY,12,673,DEC,34.5339253819,34.5339253819,1.0000000000,0.0000000000,95.0151318898,95.0151318898,13515.4999999937,5.0818124391,284.1816745493
9,0.145038167939,1,MONTHLY,12,679,INC,12.3120700360,12.3120700360,1.0000000000,-0.0000000000,95.0151318898,95.0151318898,13515.4999999945,5.0818124391,259.0882985493
9,0.145038167939,1,MONTHLY,12,679,DEC,29.0191394446,29.0191394446,1.0000000000,0.0000000000,95.0151318898,95.0151318898,13515.4999999945,5.0818124391,259.0882985493
9,0.145038167939,1,MONTHLY,12,685,INC,12.3120700360,12.3120700360,1.0000000000,-0.0000000000,95.0151318898,95.0151318898,13515.4999999953,5.0818124391,238.5923605493
9,0.145038167939,1,MONTHLY,12,685,DEC,23.5043535073,23.5043535073,1.0000000000,0.0000000000,95.0151318898,95.0151318898,13515.4999999953,5.0818124391,238.5923605493
9,0.145038167939,1,MONTHLY,12,691,INC,12.3120700360,12.3120700360,1.0000000000,-0.0000000000,95.0151318898,95.0151318898,13515.4999999960,5.0818124391,308.8645525493
9,0.145038167939,1,MONTHLY,12,691,DEC,17.8063594596,17.8063594596,1.0000000000,0.0000000000,95.0151318898,95.0151318898,13515.4999999960,5.0818124391,308.8645525493
9,0.145038167939,1,MONTHLY,24,1,INC,12.3120700360,12.3120700360,1.0000000000,-0.0000000000,95.0151318898,95.0151318898,13515.5000000000,5.0818124391,195.6137005493
9,0.145038167939,1,MONTHLY,24,1,DEC,44.1706644042,44.1706644042,1.0000000000,0.0000000000,95.0151318898,95.0151318898,13515.5000000000,5.0818124391,195.6137005493
9,0.145038167939,1,MONTHLY,24,7,INC,12.3120700360,12.3120700360,1.0000000000,0.0000000000,95.0151318898,95.0151318898,13515.5000000000,5.0818124391,234.0759975493
9,0.145038167939,1,MONTHLY,24,7,DEC,44.1706644042,44.1706644042,1.0000000000,0.0000000000,95.0151318898,95.0151318898,13515.5000000000,5.0818124391,234.0759975493
9,0.145038167939,1,MONTHLY,24,13,INC,12.3120700360,12.3120700360,1.0000000000,-0.0000000000,95.0151318898,95.0151318898,13515.5000000016,5.0818124391,375.2287115493
9,0.145038167939,1,MONTHLY,24,13,DEC,44.1706644042,44.1706644042,1.0000000000,0.0000000000,95.0151318898,95.0151318898,13515.5000000016,5.0818124391,375.2287115493
9,0.145038167939,1,MONTHLY,24,19,INC,12.3120700360,12.3120700360,1.0000000000,0.0000000000,95.0151318898,95.0151318898,13515.5000000024,5.0818124391,323.3838925493
9,0.145038167939,1,MONTHLY,24,19,DEC,44.1706644042,44.1706644042,1.0000000000,0.0000000000,95.0151318898,95.0151318898,13515.5000000024,5.0818124391,323.3838925493
9,0.145038167939,1,MONTHLY,24,169,INC,12.3120700360,12.3120700360,1.0000000000,-0.0000000000,95.0151318898,95.0151318898,13515.5000000223,5.0818124391,257.0789065493
9,0.145038167939,1,MONTHLY,24,169,DEC,44.1706644043,44.1706644043,1.0000000000,0.0000000000,95.0151318898,95.0151318898,13515.5000000223,5.0818124391,257.0789065493
9,0.145038167939,1,MONTHLY,24,175,INC,12.3120700360,12.3120700360,1.0000000000,0.0000000000,95.0151318898,95.0151318898,13515.5000000232,5.0818124391,213.7324945493
9,0.145038167939,1,MONTHLY,24,175,DEC,44.1706644043,44.1706644043,1.0000000000,0.0000000000,95.0151318898,95.0151318898,13515.5000000232,5.0818124391,213.7324945493
9,0.145038167939,1,MONTHLY,24,181,INC,12.3120700360,12.3120700360,1.0000000000,-0.0000000000,95.0151318898,95.0151318898,13515.5000000240,5.0818124391,344.8453145493
9,0.145038167939,1,MONTHLY,24,181,DEC,44.1706644043,44.1706644043,1.0000000000,0.0000000000,95.0151318898,95.0151318898,13515.5000000240,5.0818124391,344.8453145493
9,0.145038167939,1,MONTHLY,24,187,INC,12.3120700360,12.3120700360,1.0000000000,-0.0000000000,95.0151318898,95.0151318898,13515.5000000247,5.0818124391,299.6689705493
9,0.145038167939,1,MONTHLY,24,187,DEC,44.1706644043,44.1706644043,1.0000000000,0.0000000000,95.0151318898,95.0151318898,13515.5000000247,5.0818124391,299.6689705493
9,0.145038167939,1,MONTHLY,24,337,INC,12.3120700360,12.3120700360,1.0000000000,-0.0000000000,95.0151318898,95.0151318898,13515.5000000447,5.0818124391,302.5728385493
9,0.145038167939,1,MONTHLY,24,337,DEC,44.1706644044,44.1706644044,1.0000000000,-0.0000000000,95.0151318898,95.0151318898,13515.5000000447,5.0818124391,302.5728385493
9,0.145038167939,1,MONTHLY,24,343,INC,12.3120700360,12.3120700360,1.0000000000,-0.0000000000,95.0151318898,95.0151318898,13515.5000000455,5.0818124391,277.8049995493
9,0.145038167939,1,MONTHLY,24,343,DEC,44.1706644044,44.1706644044,1.0000000000,0.0000000000,95.0151318898,95.0151318898,13515.5000000455,5.0818124391,277.8049995493
9,0.145038167939,1,MONTHLY,24,349,INC,12.3120700360,12.3120700360,1.0000000000,-0.0000000000,95.0151318898,95.0151318898,13515.5000000462,5.0818124391,270.4238055493
9,0.145038167939,1,MONTHLY,24,349,DEC,44.1706644044,44.1706644044,1.0000000000,0.0000000000,95.0151318898,95.0151318898,13515.5000000462,5.0818124391,270.4238055493
9,0.145038167939,1,MONTHLY,24,355,INC,12.3120700360,12.3120700360,1.0000000000,-0.0000000000,95.0151318898,95.0151318898,13515.5000000470,5.0818124391,331.6115185493
9,0.145038167939,1,MONTHLY,24,355,DEC,44.1706644044,44.1706644044,1.0000000000,0.0000000000,95.0151318898,95.0151318898,13515.5000000470,5.0818124391,331.6115185493
9,0.145038167939,1,MONTHLY,24,505,INC,12.3120700360,12.3120700360,1.0000000000,0.0000000000,95.0151318898,95.0151318898,13515.5000000573,5.0818124391,205.2932605493
9,0.145038167939,1,MONTHLY,24,505,DEC,44.1706644044,44.1706644044,1.0000000000,0.0000000000,95.0151318898,95.0151318898,13515.5000000573,5.0818124391,205.2932605493
9,0.145038167939,1,MONTHLY,24,511,INC,12.3120700360,12.3120700360,1.0000000000,0.0000000000,95.0151318898,95.0151318898,13515.5000000295,5.0818124391,179.5246115493
9,0.145038167939,1,MONTHLY,24,511,DEC,44.1706644043,44.1706644043,1.0000000000,0.0000000000,95.0151318898,95.0151318898,13515.5000000295,5.0818124391,179.5246115493
9,0.145038167939,1,MONTHLY,24,517,INC,12.3120700360,12.3120700360,1.0000000000,0.0000000000,95.0151318898,95.0151318898,13515.5000000303,5.0818124391,217.1408305493
9,0.145038167939,1,MONTHLY,24,517,DEC,44.1706644043,44.1706644043,1.0000000000,0.0000000000,95.0151318898,95.0151318898,13515.5000000303,5.0818124391,217.1408305493
9,0.145038167939,1,MONTHLY,24,523,INC,12.3120700360,12.3120700360,1.0000000000,0.0000000000,95.0151318898,95.0151318898,13515.5000000311,5.0818124391,308.3805745493
9,0.145038167939,1,MONTHLY,24,523,DEC,44.1706644043,44.1706644043,1.0000000000,0.0000000000,95.0151318898,95.0151318898,13515.5000000311,5.0818124391,308.3805745493
9,0.145038167939,1,MONTHLY,24,673,INC,12.3120700360,12.3120700360,1.0000000000,0.0000000000,95.0151318898,95.0151318898,13515.4999999937,5.0818124391,284.1816745493
9,0.145038167939,1,MONTHLY,24,673,DEC,12.0440549017,12.0440549017,1.0000000000,0.0000000000,95.0151318898,95.0151318898,13515.4999999937,5.0818124391,284.1816745493
9,0.145038167939,1,MONTHLY,24,679,INC,12.2372487716,12.2372487716,1.0000000000,-0.0000000000,95.0151318898,95.0151318898,13515.4999999945,5.0818124391,259.0882985493
9,0.145038167939,1,MONTHLY,24,679,DEC,9.0880816577,9.0880816577,1.0000000000,0.0000000000,95.0151318898,95.0151318898,13515.4999999945,5.0818124391,259.0882985493
9,0.145038167939,1,MONTHLY,24,685,INC,12.1624275060,12.1624275060,1.0000000000,0.0000000000,95.0151318898,95.0151318898,13515.4999999953,5.0818124391,238.5923605493
9,0.145038167939,1,MONTHLY,24,685,DEC,6.1321084124,6.1321084124,1.0000000000,0.0000000000,95.0151318898,95.0151318898,13515.4999999953,5.0818124391,238.5923605493
9,0.145038167939,1,MONTHLY,24,691,INC,12.0876062404,12.0876062404,1.0000000000,0.0000000000,95.0151318898,95.0151318898,13515.4999999960,5.0818124391,308.8645525493
9,0.145038167939,1,MONTHLY,24,691,DEC,3.0780181343,3.0780181343,1.0000000000,0.0000000000,95.0151318898,95.0151318898,13515.4999999960,5.0818124391,308.8645525493
9,0.145038167939,2,HOURLY,1,1,INC,12.3120700360,12.3120700360,1.0000000000,0.0000000000,95.0151318898,95.0151318898,13515.5000000000,5.0818124392,195.6137005494
9,0.145038167939,2,HOURLY,1,1,DEC,92.6208513895,92.6208513895,1.0000000000,0.0000000000,95.0151318898,95.0151318898,13515.5000000000,5.0818124392,195.6137005494
9,0.145038167939,2,HOURLY,1,7,INC,12.3120700360,12.3120700360,1.0000000000,0.0000000000,95.0151318898,95.0151318898,13515.5000000000,5.0818124392,234.0759975494
9,0.145038167939,2,HOURLY,1,7,DEC,92.6208513895,92.6208513895,1.0000000000,0.0000000000,95.0151318898,95.0151318898,13515.5000000000,5.0818124392,234.0759975494
9,0.145038167939,2,HOURLY,1,13,INC,12.3120700360,12.3120700360,1.0000000000,0.0000000000,95.0151318898,95.0151318898,13515.5000000000,5.0818124392,375.2287115494
9,0.145038167939,2,HOURLY,1,13,DEC,92.6208513895,92.6208513895,1.0000000000,0.0000000000,95.0151318898,95.0151318898,13515.5000000000,5.0818124392,375.2287115494
9,0.145038167939,2,HOURLY,1,19,INC,12.3120700360,12.3120700360,1.0000000000,-0.0000000000,95.0151318898,95.0151318898,13515.5000000000,5.0818124392,323.3838925494
9,0.145038167939,2,HOURLY,1,19,DEC,92.6208513895,92.6208513895,1.0000000000,0.0000000000,95.0151318898,95.0151318898,13515.5000000000,5.0818124392,323.3838925494
9,0.145038167939,2,HOURLY,1,169,INC,12.3120700360,12.3120700360,1.0000000000,-0.0000000000,95.0151318898,95.0151318898,13515.5000000000,5.0818124392,257.0789065494
9,0.145038167939,2,HOURLY,1,169,DEC,92.6208513895,92.6208513895,1.0000000000,0.0000000000,95.0151318898,95.0151318898,13515.5000000000,5.0818124392,257.0789065494
9,0.145038167939,2,HOURLY,1,175,INC,12.3120700360,12.3120700360,1.0000000000,0.0000000000,95.0151318898,95.0151318898,13515.5000000000,5.0818124392,213.7324945494
9,0.145038167939,2,HOURLY,1,175,DEC,92.6208513895,92.6208513895,1.0000000000,0.0000000000,95.0151318898,95.0151318898,13515.5000000000,5.0818124392,213.7324945494
9,0.145038167939,2,HOURLY,1,181,INC,12.3120700360,12.3120700360,1.0000000000,0.0000000000,95.0151318898,95.0151318898,13515.5000000000,5.0818124392,344.8453145494
9,0.145038167939,2,HOURLY,1,181,DEC,92.6208513895,92.6208513895,1.0000000000,0.0000000000,95.0151318898,95.0151318898,13515.5000000000,5.0818124392,344.8453145494
9,0.145038167939,2,HOURLY,1,187,INC,12.3120700360,12.3120700360,1.0000000000,0.0000000000,95.0151318898,95.0151318898,13515.5000000000,5.0818124392,299.6689705494
9,0.145038167939,2,HOURLY,1,187,DEC,92.6208513895,92.6208513895,1.0000000000,0.0000000000,95.0151318898,95.0151318898,13515.5000000000,5.0818124392,299.6689705494
9,0.145038167939,2,HOURLY,1,337,INC,12.3120700360,12.3120700360,1.0000000000,0.0000000000,95.0151318898,95.0151318898,13515.5000000000,5.0818124392,302.5728385494
9,0.145038167939,2,HOURLY,1,337,DEC,92.6208513895,92.6208513895,1.0000000000,0.0000000000,95.0151318898,95.0151318898,13515.5000000000,5.0818124392,302.5728385494
9,0.145038167939,2,HOURLY,1,343,INC,12.3120700360,12.3120700360,1.0000000000,-0.0000000000,95.0151318898,95.0151318898,13515.5000000000,5.0818124392,277.8049995494
9,0.145038167939,2,HOURLY,1,343,DEC,92.6208513895,92.6208513895,1.0000000000,0.0000000000,95.0151318898,95.0151318898,13515.5000000000,5.0818124392,277.8049995494
9,0.145038167939,2,HOURLY,1,349,INC,12.3120700360,12.3120700360,1.0000000000,-0.0000000000,95.0151318898,95.0151318898,13515.5000000000,5.0818124392,270.4238055494
9,0.145038167939,2,HOURLY,1,349,DEC,92.6208513895,92.6208513895,1.0000000000,0.0000000000,95.0151318898,95.0151318898,13515.5000000000,5.0818124392,270.4238055494
9,0.145038167939,2,HOURLY,1,355,INC,12.3120700360,12.3120700360,1.0000000000,-0.0000000000,95.0151318898,95.0151318898,13515.5000000000,5.0818124392,331.6115185494
9,0.145038167939,2,HOURLY,1,355,DEC,92.6208513895,92.6208513895,1.0000000000,0.0000000000,95.0151318898,95.0151318898,13515.5000000000,5.0818124392,331.6115185494
9,0.145038167939,2,HOURLY,1,505,INC,12.3120700360,12.3120700360,1.0000000000,-0.0000000000,95.0151318898,95.0151318898,13515.5000000000,5.0818124392,205.2932605494
9,0.145038167939,2,HOURLY,1,505,DEC,92.6208513895,92.6208513895,1.0000000000,0.0000000000,95.0151318898,95.0151318898,13515.5000000000,5.0818124392,205.2932605494
9,0.145038167939,2,HOURLY,1,511,INC,12.3120700360,12.3120700360,1.0000000000,-0.0000000000,95.0151318898,95.0151318898,13515.5000000000,5.0818124392,179.5246115494
9,0.145038167939,2,HOURLY,1,511,DEC,92.6208513895,92.6208513895,1.0000000000,0.0000000000,95.0151318898,95.0151318898,13515.5000000000,5.0818124392,179.5246115494
9,0.145038167939,2,HOURLY,1,517,INC,12.3120700360,12.3120700360,1.0000000000,-0.0000000000,95.0151318898,95.0151318898,13515.5000000000,5.0818124392,217.1408305494
9,0.145038167939,2,HOURLY,1,517,DEC,92.6208513895,92.6208513895,1.0000000000,0.0000000000,95.0151318898,95.0151318898,13515.5000000000,5.0818124392,217.1408305494
9,0.145038167939,2,HOURLY,1,523,INC,12.3120700360,12.3120700360,1.0000000000,-0.0000000000,95.0151318898,95.0151318898,13515.5000000000,5.0818124392,308.3805745494
9,0.145038167939,2,HOURLY,1,523,DEC,92.6208513895,92.6208513895,1.0000000000,0.0000000000,95.0151318898,95.0151318898,13515.5000000000,5.0818124392,308.3805745494
9,0.145038167939,2,HOURLY,1,673,INC,12.3120700360,12.3120700360,1.0000000000,-0.0000000000,95.0151318898,95.0151318898,13515.5000000000,5.0818124392,284.1816745494
9,0.145038167939,2,HOURLY,1,673,DEC,92.6208513895,92.6208513895,1.0000000000,0.0000000000,95.0151318898,95.0151318898,13515.5000000000,5.0818124392,284.1816745494
9,0.145038167939,2,HOURLY,1,679,INC,12.3120700360,12.3120700360,1.0000000000,-0.0000000000,95.0151318898,95.0151318898,13515.5000000000,5.0818124392,259.0882985494
9,0.145038167939,2,HOURLY,1,679,DEC,92.6208513895,92.6208513895,1.0000000000,0.0000000000,95.0151318898,95.0151318898,13515.5000000000,5.0818124392,259.0882985494
9,0.145038167939,2,HOURLY,1,685,INC,12.3120700360,12.3120700360,1.0000000000,-0.0000000000,95.0151318898,95.0151318898,13515.5000000000,5.0818124392,238.5923605494
9,0.145038167939,2,HOURLY,1,685,DEC,92.6208513895,92.6208513895,1.0000000000,0.0000000000,95.0151318898,95.0151318898,13515.5000000000,5.0818124392,238.5923605494
9,0.145038167939,2,HOURLY,1,691,INC,12.3120700360,12.3120700360,1.0000000000,-0.0000000000,95.0151318898,95.0151318898,13515.5000000000,5.0818124392,308.8645525494
9,0.145038167939,2,HOURLY,1,691,DEC,92.6208513895,92.6208513895,1.0000000000,0.0000000000,95.0151318898,95.0151318898,13515.5000000000,5.0818124392,308.8645525494
9,0.145038167939,2,HOURLY,4,1,INC,12.3120700360,12.3120700360,1.0000000000,-0.0000000000,95.0151318898,95.0151318898,13515.5000000000,5.0818124392,195.6137005494
9,0.145038167939,2,HOURLY,4,1,DEC,92.6208513895,92.6208513895,1.0000000000,0.0000000000,95.0151318898,95.0151318898,13515.5000000000,5.0818124392,195.6137005494
9,0.145038167939,2,HOURLY,4,7,INC,12.3120700360,12.3120700360,1.0000000000,0.0000000000,95.0151318898,95.0151318898,13515.5000000000,5.0818124392,234.0759975494
9,0.145038167939,2,HOURLY,4,7,DEC,92.6208513895,92.6208513895,1.0000000000,0.0000000000,95.0151318898,95.0151318898,13515.5000000000,5.0818124392,234.0759975494
9,0.145038167939,2,HOURLY,4,13,INC,12.3120700360,12.3120700360,1.0000000000,0.0000000000,95.0151318898,95.0151318898,13515.5000000000,5.0818124392,375.2287115494
9,0.145038167939,2,HOURLY,4,13,DEC,92.6208513895,92.6208513895,1.0000000000,0.0000000000,95.0151318898,95.0151318898,13515.5000000000,5.0818124392,375.2287115494
9,0.145038167939,2,HOURLY,4,19,INC,12.3120700360,12.3120700360,1.0000000000,0.0000000000,95.0151318898,95.0151318898,13515.5000000000,5.0818124392,323.3838925494
9,0.145038167939,2,HOURLY,4,19,DEC,92.6208513895,92.6208513895,1.0000000000,0.0000000000,95.0151318898,95.0151318898,13515.5000000000,5.0818124392,323.3838925494
9,0.145038167939,2,HOURLY,4,169,INC,12.3120700360,12.3120700360,1.0000000000,-0.0000000000,95.0151318898,95.0151318898,13515.5000000000,5.0818124392,257.0789065494
9,0.145038167939,2,HOURLY,4,169,DEC,92.6208513895,92.6208513895,1.0000000000,0.0000000000,95.0151318898,95.0151318898,13515.5000000000,5.0818124392,257.0789065494
9,0.145038167939,2,HOURLY,4,175,INC,12.3120700360,12.3120700360,1.0000000000,0.0000000000,95.0151318898,95.0151318898,13515.5000000000,5.0818124392,213.7324945494
9,0.145038167939,2,HOURLY,4,175,DEC,92.6208513895,92.6208513895,1.0000000000,0.0000000000,95.0151318898,95.0151318898,13515.5000000000,5.0818124392,213.7324945494
9,0.145038167939,2,HOURLY,4,181,INC,12.3120700360,12.3120700360,1.0000000000,-0.0000000000,95.0151318898,95.0151318898,13515.5000000000,5.0818124392,344.8453145494
9,0.145038167939,2,HOURLY,4,181,DEC,92.6208513895,92.6208513895,1.0000000000,0.0000000000,95.0151318898,95.0151318898,13515.5000000000,5.0818124392,344.8453145494
9,0.145038167939,2,HOURLY,4,187,INC,12.3120700360,12.3120700360,1.0000000000,-0.0000000000,95.0151318898,95.0151318898,13515.5000000000,5.0818124392,299.6689705494
9,0.145038167939,2,HOURLY,4,187,DEC,92.6208513895,92.6208513895,1.0000000000,0.0000000000,95.0151318898,95.0151318898,13515.5000000000,5.0818124392,299.6689705494
9,0.145038167939,2,HOURLY,4,337,INC,12.3120700360,12.3120700360,1.0000000000,-0.0000000000,95.0151318898,95.0151318898,13515.5000000000,5.0818124392,302.5728385494
9,0.145038167939,2,HOURLY,4,337,DEC,92.6208513895,92.6208513895,1.0000000000,0.0000000000,95.0151318898,95.0151318898,13515.5000000000,5.0818124392,302.5728385494
9,0.145038167939,2,HOURLY,4,343,INC,12.3120700360,12.3120700360,1.0000000000,0.0000000000,95.0151318898,95.0151318898,13515.5000000000,5.0818124392,277.8049995494
9,0.145038167939,2,HOURLY,4,343,DEC,92.6208513895,92.6208513895,1.0000000000,0.0000000000,95.0151318898,95.0151318898,13515.5000000000,5.0818124392,277.8049995494
9,0.145038167939,2,HOURLY,4,349,INC,12.3120700360,12.3120700360,1.0000000000,-0.0000000000,95.0151318898,95.0151318898,13515.5000000000,5.0818124392,270.4238055494
9,0.145038167939,2,HOURLY,4,349,DEC,92.6208513895,92.6208513895,1.0000000000,0.0000000000,95.0151318898,95.0151318898,13515.5000000000,5.0818124392,270.4238055494
9,0.145038167939,2,HOURLY,4,355,INC,12.3120700360,12.3120700360,1.0000000000,-0.0000000000,95.0151318898,95.0151318898,13515.5000000000,5.0818124392,331.6115185494
9,0.145038167939,2,HOURLY,4,355,DEC,92.6208513895,92.6208513895,1.0000000000,0.0000000000,95.0151318898,95.0151318898,13515.5000000000,5.0818124392,331.6115185494
9,0.145038167939,2,HOURLY,4,505,INC,12.3120700360,12.3120700360,1.0000000000,-0.0000000000,95.0151318898,95.0151318898,13515.5000000000,5.0818124392,205.2932605494
9,0.145038167939,2,HOURLY,4,505,DEC,92.6208513895,92.6208513895,1.0000000000,0.0000000000,95.0151318898,95.0151318898,13515.5000000000,5.0818124392,205.2932605494
9,0.145038167939,2,HOURLY,4,511,INC,12.3120700360,12.3120700360,1.0000000000,0.0000000000,95.0151318898,95.0151318898,13515.5000000000,5.0818124392,179.5246115494
9,0.145038167939,2,HOURLY,4,511,DEC,92.6208513895,92.6208513895,1.0000000000,0.0000000000,95.0151318898,95.0151318898,13515.5000000000,5.0818124392,179.5246115494
9,0.145038167939,2,HOURLY,4,517,INC,12.3120700360,12.3120700360,1.0000000000,-0.0000000000,95.0151318898,95.0151318898,13515.5000000000,5.0818124392,217.1408305494
9,0.145038167939,2,HOURLY,4,517,DEC,92.6208513895,92.6208513895,1.0000000000,0.0000000000,95.0151318898,95.0151318898,13515.5000000000,5.0818124392,217.1408305494
9,0.145038167939,2,HOURLY,4,523,INC,12.3120700360,12.3120700360,1.0000000000,-0.0000000000,95.0151318898,95.0151318898,13515.5000000000,5.0818124392,308.3805745494
9,0.145038167939,2,HOURLY,4,523,DEC,92.6208513895,92.6208513895,1.0000000000,0.0000000000,95.0151318898,95.0151318898,13515.5000000000,5.0818124392,308.3805745494
9,0.145038167939,2,HOURLY,4,673,INC,12.3120700360,12.3120700360,1.0000000000,-0.0000000000,95.0151318898,95.0151318898,13515.5000000000,5.0818124392,284.1816745494
9,0.145038167939,2,HOURLY,4,673,DEC,92.6208513895,92.6208513895,1.0000000000,0.0000000000,95.0151318898,95.0151318898,13515.5000000000,5.0818124392,284.1816745494
9,0.145038167939,2,HOURLY,4,679,INC,12.3120700360,12.3120700360,1.0000000000,0.0000000000,95.0151318898,95.0151318898,13515.5000000000,5.0818124392,259.0882985494
9,0.145038167939,2,HOURLY,4,679,DEC,92.6208513895,92.6208513895,1.0000000000,0.0000000000,95.0151318898,95.0151318898,13515.5000000000,5.0818124392,259.0882985494
9,0.145038167939,2,HOURLY,4,685,INC,12.3120700360,12.3120700360,1.0000000000,0.0000000000,95.0151318898,95.0151318898,13515.5000000000,5.0818124392,238.5923605494
9,0.145038167939,2,HOURLY,4,685,DEC,76.6559404298,76.6559404298,1.0000000000,0.0000000000,95.0151318898,95.0151318898,13515.5000000000,5.0818124392,238.5923605494
9,0.145038167939,2,HOURLY,4,691,INC,12.3120700360,12.3120700360,1.0000000000,0.0000000000,95.0151318898,95.0151318898,13515.5000000000,5.0818124392,308.8645525494
9,0.145038167939,2,HOURLY,4,691,DEC,70.2494121363,70.2494121363,1.0000000000,0.0000000000,95.0151318898,95.0151318898,13515.5000000000,5.0818124392,308.8645525494
9,0.145038167939,2,HOURLY,12,1,INC,12.3120700360,12.3120700360,1.0000000000,0.0000000000,95.0151318898,95.0151318898,13515.5000000000,5.0818124392,195.6137005494
9,0.145038167939,2,HOURLY,12,1,DEC,73.1620134675,73.1620134675,1.0000000000,0.0000000000,95.0151318898,95.0151318898,13515.5000000000,5.0818124392,195.6137005494
9,0.145038167939,2,HOURLY,12,7,INC,12.3120700360,12.3120700360,1.0000000000,0.0000000000,95.0151318898,95.0151318898,13515.5000000000,5.0818124392,234.0759975494
9,0.145038167939,2,HOURLY,12,7,DEC,73.1620134675,73.1620134675,1.0000000000,0.0000000000,95.0151318898,95.0151318898,13515.5000000000,5.0818124392,234.0759975494
9,0.145038167939,2,HOURLY,12,13,INC,12.3120700360,12.3120700360,1.0000000000,0.0000000000,95.0151318898,95.0151318898,13515.5000000000,5.0818124392,375.2287115494
9,0.145038167939,2,HOURLY,12,13,DEC,73.1620134675,73.1620134675,1.0000000000,0.0000000000,95.0151318898,95.0151318898,13515.5000000000,5.0818124392,375.2287115494
9,0.145038167939,2,HOURLY,12,19,INC,12.3120700360,12.3120700360,1.0000000000,0.0000000000,95.0151318898,95.0151318898,13515.5000000000,5.0818124392,323.3838925494
9,0.145038167939,2,HOURLY,12,19,DEC,73.1620134675,73.1620134675,1.0000000000,0.0000000000,95.0151318898,95.0151318898,13515.5000000000,5.0818124392,323.3838925494
9,0.145038167939,2,HOURLY,12,169,INC,12.3120700360,12.3120700360,1.0000000000,0.0000000000,95.0151318898,95.0151318898,13515.5000000000,5.0818124392,257.0789065494
9,0.145038167939,2,HOURLY,12,169,DEC,73.1620134675,73.1620134675,1.0000000000,0.0000000000,95.0151318898,95.0151318898,13515.5000000000,5.0818124392,257.0789065494
9,0.145038167939,2,HOURLY,12,175,INC,12.3120700360,12.3120700360,1.0000000000,0.0000000000,95.0151318898,95.0151318898,13515.5000000000,5.0818124392,213.7324945494
9,0.145038167939,2,HOURLY,12,175,DEC,73.1620134675,73.1620134675,1.0000000000,0.0000000000,95.0151318898,95.0151318898,13515.5000000000,5.0818124392,213.7324945494
9,0.145038167939,2,HOURLY,12,181,INC,12.3120700360,12.3120700360,1.0000000000,0.0000000000,95.0151318898,95.0151318898,13515.5000000000,5.0818124392,344.8453145494
9,0.145038167939,2,HOURLY,12,181,DEC,73.1620134675,73.1620134675,1.0000000000,0.0000000000,95.0151318898,95.0151318898,13515.5000000000,5.0818124392,344.8453145494
9,0.145038167939,2,HOURLY,12,187,INC,12.3120700360,12.3120700360,1.0000000000,-0.0000000000,95.0151318898,95.0151318898,13515.5000000000,5.0818124392,299.6689705494
9,0.145038167939,2,HOURLY,12,187,DEC,73.1620134675,73.1620134675,1.0000000000,0.0000000000,95.0151318898,95.0151318898,13515.5000000000,5.0818124392,299.6689705494
9,0.145038167939,2,HOURLY,12,337,INC,12.3120700360,12.3120700360,1.0000000000,0.0000000000,95.0151318898,95.0151318898,13515.5000000000,5.0818124392,302.5728385494
9,0.145038167939,2,HOURLY,12,337,DEC,73.1620134675,73.1620134675,1.0000000000,0.0000000000,95.0151318898,95.0151318898,13515.5000000000,5.0818124392,302.5728385494
9,0.145038167939,2,HOURLY,12,343,INC,12.3120700360,12.3120700360,1.0000000000,0.0000000000,95.0151318898,95.0151318898,13515.5000000000,5.0818124392,277.8049995494
9,0.145038167939,2,HOURLY,12,343,DEC,73.1620134675,73.1620134675,1.0000000000,0.0000000000,95.0151318898,95.0151318898,13515.5000000000,5.0818124392,277.8049995494
9,0.145038167939,2,HOURLY,12,349,INC,12.3120700360,12.3120700360,1.0000000000,0.0000000000,95.0151318898,95.0151318898,13515.5000000000,5.0818124392,270.4238055494
9,0.145038167939,2,HOURLY,12,349,DEC,73.1620134675,73.1620134675,1.0000000000,0.0000000000,95.0151318898,95.0151318898,13515.5000000000,5.0818124392,270.4238055494
9,0.145038167939,2,HOURLY,12,355,INC,12.3120700360,12.3120700360,1.0000000000,-0.0000000000,95.0151318898,95.0151318898,13515.5000000000,5.0818124392,331.6115185494
9,0.145038167939,2,HOURLY,12,355,DEC,73.1620134675,73.1620134675,1.0000000000,0.0000000000,95.0151318898,95.0151318898,13515.5000000000,5.0818124392,331.6115185494
9,0.145038167939,2,HOURLY,12,505,INC,12.3120700360,12.3120700360,1.0000000000,-0.0000000000,95.0151318898,95.0151318898,13515.5000000000,5.0818124392,205.2932605494
9,0.145038167939,2,HOURLY,12,505,DEC,73.1620134675,73.1620134675,1.0000000000,0.0000000000,95.0151318898,95.0151318898,13515.5000000000,5.0818124392,205.2932605494
9,0.145038167939,2,HOURLY,12,511,INC,12.3120700360,12.3120700360,1.0000000000,0.0000000000,95.0151318898,95.0151318898,13515.5000000000,5.0818124392,179.5246115494
9,0.145038167939,2,HOURLY,12,511,DEC,73.1620134675,73.1620134675,1.0000000000,0.0000000000,95.0151318898,95.0151318898,13515.5000000000,5.0818124392,179.5246115494
9,0.145038167939,2,HOURLY,12,517,INC,12.3120700360,12.3120700360,1.0000000000,-0.0000000000,95.0151318898,95.0151318898,13515.5000000000,5.0818124392,217.1408305494
9,0.145038167939,2,HOURLY,12,517,DEC,73.1620134675,73.1620134675,1.0000000000,0.0000000000,95.0151318898,95.0151318898,13515.5000000000,5.0818124392,217.1408305494
9,0.145038167939,2,HOURLY,12,523,INC,12.3120700360,12.3120700360,1.0000000000,0.0000000000,95.0151318898,95.0151318898,13515.5000000000,5.0818124392,308.3805745494
9,0.145038167939,2,HOURLY,12,523,DEC,73.1620134675,73.1620134675,1.0000000000,0.0000000000,95.0151318898,95.0151318898,13515.5000000000,5.0818124392,308.3805745494
9,0.145038167939,2,HOURLY,12,673,INC,12.3120700360,12.3120700360,1.0000000000,0.0000000000,95.0151318898,95.0151318898,13515.5000000000,5.0818124392,284.1816745494
9,0.145038167939,2,HOURLY,12,673,DEC,34.5339253820,34.5339253820,1.0000000000,-0.0000000000,95.0151318898,95.0151318898,13515.5000000000,5.0818124392,284.1816745494
9,0.145038167939,2,HOURLY,12,679,INC,12.3120700360,12.3120700360,1.0000000000,0.0000000000,95.0151318898,95.0151318898,13515.5000000000,5.0818124392,259.0882985494
9,0.145038167939,2,HOURLY,12,679,DEC,29.0191394446,29.0191394446,1.0000000000,0.0000000000,95.0151318898,95.0151318898,13515.5000000000,5.0818124392,259.0882985494
9,0.145038167939,2,HOURLY,12,685,INC,12.3120700360,12.3120700360,1.0000000000,0.0000000000,95.0151318898,95.0151318898,13515.5000000000,5.0818124392,238.5923605494
9,0.145038167939,2,HOURLY,12,685,DEC,23.5043535073,23.5043535073,1.0000000000,0.0000000000,95.0151318898,95.0151318898,13515.5000000000,5.0818124392,238.5923605494
9,0.145038167939,2,HOURLY,12,691,INC,12.3120700360,12.3120700360,1.0000000000,-0.0000000000,95.0151318898,95.0151318898,13515.5000000000,5.0818124392,308.8645525494
9,0.145038167939,2,HOURLY,12,691,DEC,17.8063594596,17.8063594596,1.0000000000,0.0000000000,95.0151318898,95.0151318898,13515.5000000000,5.0818124392,308.8645525494
9,0.145038167939,2,HOURLY,24,1,INC,12.3120700360,12.3120700360,1.0000000000,0.0000000000,95.0151318898,95.0151318898,13515.5000000000,5.0818124392,195.6137005494
9,0.145038167939,2,HOURLY,24,1,DEC,44.1706644042,44.1706644042,1.0000000000,0.0000000000,95.0151318898,95.0151318898,13515.5000000000,5.0818124392,195.6137005494
9,0.145038167939,2,HOURLY,24,7,INC,12.3120700360,12.3120700360,1.0000000000,-0.0000000000,95.0151318898,95.0151318898,13515.5000000000,5.0818124392,234.0759975494
9,0.145038167939,2,HOURLY,24,7,DEC,44.1706644042,44.1706644042,1.0000000000,0.0000000000,95.0151318898,95.0151318898,13515.5000000000,5.0818124392,234.0759975494
9,0.145038167939,2,HOURLY,24,13,INC,12.3120700360,12.3120700360,1.0000000000,0.0000000000,95.0151318898,95.0151318898,13515.5000000000,5.0818124392,375.2287115494
9,0.145038167939,2,HOURLY,24,13,DEC,44.1706644042,44.1706644042,1.0000000000,0.0000000000,95.0151318898,95.0151318898,13515.5000000000,5.0818124392,375.2287115494
9,0.145038167939,2,HOURLY,24,19,INC,12.3120700360,12.3120700360,1.0000000000,0.0000000000,95.0151318898,95.0151318898,13515.5000000000,5.0818124392,323.3838925494
9,0.145038167939,2,HOURLY,24,19,DEC,44.1706644042,44.1706644042,1.0000000000,0.0000000000,95.0151318898,95.0151318898,13515.5000000000,5.0818124392,323.3838925494
9,0.145038167939,2,HOURLY,24,169,INC,12.3120700360,12.3120700360,1.0000000000,-0.0000000000,95.0151318898,95.0151318898,13515.5000000000,5.0818124392,257.0789065494
9,0.145038167939,2,HOURLY,24,169,DEC,44.1706644042,44.1706644042,1.0000000000,0.0000000000,95.0151318898,95.0151318898,13515.5000000000,5.0818124392,257.0789065494
9,0.145038167939,2,HOURLY,24,175,INC,12.3120700360,12.3120700360,1.0000000000,-0.0000000000,95.0151318898,95.0151318898,13515.5000000000,5.0818124392,213.7324945494
9,0.145038167939,2,HOURLY,24,175,DEC,44.1706644042,44.1706644042,1.0000000000,0.0000000000,95.0151318898,95.0151318898,13515.5000000000,5.0818124392,213.7324945494
9,0.145038167939,2,HOURLY,24,181,INC,12.3120700360,12.3120700360,1.0000000000,0.0000000000,95.0151318898,95.0151318898,13515.5000000000,5.0818124392,344.8453145494
9,0.145038167939,2,HOURLY,24,181,DEC,44.1706644042,44.1706644042,1.0000000000,0.0000000000,95.0151318898,95.0151318898,13515.5000000000,5.0818124392,344.8453145494
9,0.145038167939,2,HOURLY,24,187,INC,12.3120700360,12.3120700360,1.0000000000,0.0000000000,95.0151318898,95.0151318898,13515.5000000000,5.0818124392,299.6689705494
9,0.145038167939,2,HOURLY,24,187,DEC,44.1706644042,44.1706644042,1.0000000000,0.0000000000,95.0151318898,95.0151318898,13515.5000000000,5.0818124392,299.6689705494
9,0.145038167939,2,HOURLY,24,337,INC,12.3120700360,12.3120700360,1.0000000000,0.0000000000,95.0151318898,95.0151318898,13515.5000000000,5.0818124392,302.5728385494
9,0.145038167939,2,HOURLY,24,337,DEC,44.1706644042,44.1706644042,1.0000000000,0.0000000000,95.0151318898,95.0151318898,13515.5000000000,5.0818124392,302.5728385494
9,0.145038167939,2,HOURLY,24,343,INC,12.3120700360,12.3120700360,1.0000000000,0.0000000000,95.0151318898,95.0151318898,13515.5000000000,5.0818124392,277.8049995494
9,0.145038167939,2,HOURLY,24,343,DEC,44.1706644042,44.1706644042,1.0000000000,0.0000000000,95.0151318898,95.0151318898,13515.5000000000,5.0818124392,277.8049995494
9,0.145038167939,2,HOURLY,24,349,INC,12.3120700360,12.3120700360,1.0000000000,0.0000000000,95.0151318898,95.0151318898,13515.5000000000,5.0818124392,270.4238055494
9,0.145038167939,2,HOURLY,24,349,DEC,44.1706644042,44.1706644042,1.0000000000,0.0000000000,95.0151318898,95.0151318898,13515.5000000000,5.0818124392,270.4238055494
9,0.145038167939,2,HOURLY,24,355,INC,12.3120700360,12.3120700360,1.0000000000,0.0000000000,95.0151318898,95.0151318898,13515.5000000000,5.0818124392,331.6115185494
9,0.145038167939,2,HOURLY,24,355,DEC,44.1706644042,44.1706644042,1.0000000000,0.0000000000,95.0151318898,95.0151318898,13515.5000000000,5.0818124392,331.6115185494
9,0.145038167939,2,HOURLY,24,505,INC,12.3120700360,12.3120700360,1.0000000000,0.0000000000,95.0151318898,95.0151318898,13515.5000000000,5.0818124392,205.2932605494
9,0.145038167939,2,HOURLY,24,505,DEC,44.1706644042,44.1706644042,1.0000000000,-0.0000000000,95.0151318898,95.0151318898,13515.5000000000,5.0818124392,205.2932605494
9,0.145038167939,2,HOURLY,24,511,INC,12.3120700360,12.3120700360,1.0000000000,0.0000000000,95.0151318898,95.0151318898,13515.5000000000,5.0818124392,179.5246115494
9,0.145038167939,2,HOURLY,24,511,DEC,44.1706644042,44.1706644042,1.0000000000,0.0000000000,95.0151318898,95.0151318898,13515.5000000000,5.0818124392,179.5246115494
9,0.145038167939,2,HOURLY,24,517,INC,12.3120700360,12.3120700360,1.0000000000,0.0000000000,95.0151318898,95.0151318898,13515.5000000000,5.0818124392,217.1408305494
9,0.145038167939,2,HOURLY,24,517,DEC,44.1706644042,44.1706644042,1.0000000000,0.0000000000,95.0151318898,95.0151318898,13515.5000000000,5.0818124392,217.1408305494
9,0.145038167939,2,HOURLY,24,523,INC,12.3120700360,12.3120700360,1.0000000000,0.0000000000,95.0151318898,95.0151318898,13515.5000000000,5.0818124392,308.3805745494
9,0.145038167939,2,HOURLY,24,523,DEC,44.1706644042,44.1706644042,1.0000000000,0.0000000000,95.0151318898,95.0151318898,13515.5000000000,5.0818124392,308.3805745494
9,0.145038167939,2,HOURLY,24,673,INC,12.3120700360,12.3120700360,1.0000000000,0.0000000000,95.0151318898,95.0151318898,13515.5000000000,5.0818124392,284.1816745494
9,0.145038167939,2,HOURLY,24,673,DEC,12.0440549017,12.0440549017,1.0000000000,0.0000000000,95.0151318898,95.0151318898,13515.5000000000,5.0818124392,284.1816745494
9,0.145038167939,2,HOURLY,24,679,INC,12.2372487716,12.2372487716,1.0000000000,0.0000000000,95.0151318898,95.0151318898,13515.5000000000,5.0818124392,259.0882985494
9,0.145038167939,2,HOURLY,24,679,DEC,9.0880816577,9.0880816577,1.0000000000,0.0000000000,95.0151318898,95.0151318898,13515.5000000000,5.0818124392,259.0882985494
9,0.145038167939,2,HOURLY,24,685,INC,12.1624275060,12.1624275060,1.0000000000,0.0000000000,95.0151318898,95.0151318898,13515.5000000000,5.0818124392,238.5923605494
9,0.145038167939,2,HOURLY,24,685,DEC,6.1321084124,6.1321084124,1.0000000000,0.0000000000,95.0151318898,95.0151318898,13515.5000000000,5.0818124392,238.5923605494
9,0.145038167939,2,HOURLY,24,691,INC,12.0876062404,12.0876062404,1.0000000000,0.0000000000,95.0151318898,95.0151318898,13515.5000000000,5.0818124392,308.8645525494
9,0.145038167939,2,HOURLY,24,691,DEC,3.0780181343,3.0780181343,1.0000000000,0.0000000000,95.0151318898,95.0151318898,13515.5000000000,5.0818124392,308.8645525494
